workload,call_id,process,op_index,op_type,engine,instances,host_ns_median,host_ns_min,host_ns_max,gpu_ns_median,cuda_api_ns_median,cuda_api_top,kernel_families,kernels_per_instance
react_tool,plan,adapter_dispatch,,,,3,4706,3873,4876,0,0,,,0
react_tool,plan,token_preprocess_cpu,,,,3,755795,712819,1232406,0,0,,,0
react_tool,plan,host_input_generate,,,,3,111217,107102,113826,0,4728,cudaEventQuery,,0
react_tool,plan,h2d_stage,,,,3,106045,105745,118697,384,37528,cudaMemcpyAsync,memcpy,0
react_tool,plan,weight_init,,,,3,162963,144263,178732,0,2180,cudaEventDestroy,,0
react_tool,plan,mir_operator:prefill_embed,0,prefill_embed,,3,97126,94892,102522,1696,17164,cudaLaunchKernel,other,1
react_tool,plan,inter_operator_dispatch,,,,4461,20385,17019,2596546,0,0,cudaLaunchKernel,concat|copy|elementwise_binary|elementwise_other|gemv,0.32
react_tool,plan,mir_operator:prefill_layer00,1,prefill_layer00,,3,1479259,1374866,1508206,433314,367419,cudaLaunchKernel,attention|concat|copy|elementwise_binary|elementwise_other|elementwise_unary|gemm|memset|reduce,60
react_tool,plan,mir_operator:prefill_layer01,2,prefill_layer01,,3,1313264,1261779,1358090,314210,311076,cudaLaunchKernel,attention|concat|copy|elementwise_binary|elementwise_other|elementwise_unary|gemm|memset|reduce,60
react_tool,plan,mir_operator:prefill_layer02,3,prefill_layer02,,3,1292849,1270240,1336402,314465,310194,cudaLaunchKernel,attention|concat|copy|elementwise_binary|elementwise_other|elementwise_unary|gemm|memset|reduce,60
react_tool,plan,mir_operator:prefill_layer03,4,prefill_layer03,,3,1329258,1322387,1361816,315073,318471,cudaLaunchKernel,attention|concat|copy|elementwise_binary|elementwise_other|elementwise_unary|gemm|memset|reduce,60
react_tool,plan,mir_operator:prefill_layer04,5,prefill_layer04,,3,1294209,1291911,1318520,313633,319057,cudaLaunchKernel,attention|concat|copy|elementwise_binary|elementwise_other|elementwise_unary|gemm|memset|reduce,60
react_tool,plan,mir_operator:prefill_layer05,6,prefill_layer05,ve,3,1321941,1285992,1322258,313633,319527,cudaLaunchKernel,attention|concat|copy|elementwise_binary|elementwise_other|elementwise_unary|gemm|memset|reduce,60
react_tool,plan,mir_operator:prefill_layer06,7,prefill_layer06,ve,3,1274369,1257289,1342648,312768,319122,cudaLaunchKernel,attention|concat|copy|elementwise_binary|elementwise_other|elementwise_unary|gemm|memset|reduce,60
react_tool,plan,mir_operator:prefill_layer07,8,prefill_layer07,ve,3,1269377,1195303,1325214,312673,302875,cudaLaunchKernel,attention|concat|copy|elementwise_binary|elementwise_other|elementwise_unary|gemm|memset|reduce,60
react_tool,plan,mir_operator:prefill_layer08,9,prefill_layer08,,3,1286911,1175155,1314271,315011,309145,cudaLaunchKernel,attention|concat|copy|elementwise_binary|elementwise_other|elementwise_unary|gemm|memset|reduce,60
react_tool,plan,mir_operator:prefill_layer09,10,prefill_layer09,me,3,1324323,1179934,1358745,315969,314931,cudaLaunchKernel,attention|concat|copy|elementwise_binary|elementwise_other|elementwise_unary|gemm|memset|reduce,60
react_tool,plan,mir_operator:prefill_layer10,11,prefill_layer10,me,3,1326288,1177569,1404916,315490,323692,cudaLaunchKernel,attention|concat|copy|elementwise_binary|elementwise_other|elementwise_unary|gemm|memset|reduce,60
react_tool,plan,mir_operator:prefill_layer11,12,prefill_layer11,me,3,1281643,1188036,1323928,313826,306464,cudaLaunchKernel,attention|concat|copy|elementwise_binary|elementwise_other|elementwise_unary|gemm|memset|reduce,60
react_tool,plan,mir_operator:prefill_layer12,13,prefill_layer12,de,3,1285185,1195300,1286584,314721,305180,cudaLaunchKernel,attention|concat|copy|elementwise_binary|elementwise_other|elementwise_unary|gemm|memset|reduce,60
react_tool,plan,mir_operator:prefill_layer13,14,prefill_layer13,de,3,1247824,1193187,1267739,318881,301344,cudaLaunchKernel,attention|concat|copy|elementwise_binary|elementwise_other|elementwise_unary|gemm|memset|reduce,60
react_tool,plan,mir_operator:prefill_layer14,15,prefill_layer14,,3,1208133,1205387,1219640,313570,292135,cudaLaunchKernel,attention|concat|copy|elementwise_binary|elementwise_other|elementwise_unary|gemm|memset|reduce,60
react_tool,plan,mir_operator:prefill_layer15,16,prefill_layer15,,3,1206421,1200536,1219789,314049,292133,cudaLaunchKernel,attention|concat|copy|elementwise_binary|elementwise_other|elementwise_unary|gemm|memset|reduce,60
react_tool,plan,mir_operator:prefill_layer16,17,prefill_layer16,,3,1207061,1200700,1213085,314561,292452,cudaLaunchKernel,attention|concat|copy|elementwise_binary|elementwise_other|elementwise_unary|gemm|memset|reduce,60
react_tool,plan,mir_operator:prefill_layer17,18,prefill_layer17,,3,1233537,1202511,1255773,312640,299439,cudaLaunchKernel,attention|concat|copy|elementwise_binary|elementwise_other|elementwise_unary|gemm|memset|reduce,60
react_tool,plan,mir_operator:prefill_layer18,19,prefill_layer18,,3,1223984,1183011,1268755,314657,296008,cudaLaunchKernel,attention|concat|copy|elementwise_binary|elementwise_other|elementwise_unary|gemm|memset|reduce,60
react_tool,plan,mir_operator:prefill_layer19,20,prefill_layer19,,3,1221874,1178539,1225641,313666,293894,cudaLaunchKernel,attention|concat|copy|elementwise_binary|elementwise_other|elementwise_unary|gemm|memset|reduce,60
react_tool,plan,mir_operator:prefill_layer20,21,prefill_layer20,,3,1180449,1174090,1213399,314947,291227,cudaLaunchKernel,attention|concat|copy|elementwise_binary|elementwise_other|elementwise_unary|gemm|memset|reduce,60
react_tool,plan,mir_operator:prefill_layer21,22,prefill_layer21,,3,1200329,1165598,1204415,315521,290420,cudaLaunchKernel,attention|concat|copy|elementwise_binary|elementwise_other|elementwise_unary|gemm|memset|reduce,60
react_tool,plan,mir_operator:prefill_layer22,23,prefill_layer22,,3,1188398,1175873,1198116,314497,292303,cudaLaunchKernel,attention|concat|copy|elementwise_binary|elementwise_other|elementwise_unary|gemm|memset|reduce,60
react_tool,plan,mir_operator:prefill_layer23,24,prefill_layer23,,3,1181406,1143107,1186259,313441,286923,cudaLaunchKernel,attention|concat|copy|elementwise_binary|elementwise_other|elementwise_unary|gemm|memset|reduce,60
react_tool,plan,mir_operator:prefill_layer24,25,prefill_layer24,,3,1179598,1155266,1182343,314114,286586,cudaLaunchKernel,attention|concat|copy|elementwise_binary|elementwise_other|elementwise_unary|gemm|memset|reduce,60
react_tool,plan,mir_operator:prefill_layer25,26,prefill_layer25,,3,1185654,1165246,1230611,315011,292868,cudaLaunchKernel,attention|concat|copy|elementwise_binary|elementwise_other|elementwise_unary|gemm|memset|reduce,60
react_tool,plan,mir_operator:prefill_layer26,27,prefill_layer26,,3,1171309,1140147,1247192,318529,289337,cudaLaunchKernel,attention|concat|copy|elementwise_binary|elementwise_other|elementwise_unary|gemm|memset|reduce,60
react_tool,plan,mir_operator:prefill_layer27,28,prefill_layer27,,3,1214255,1198729,1215781,428387,295760,cudaLaunchKernel,attention|concat|copy|elementwise_binary|elementwise_other|elementwise_unary|gemm|memset|reduce,60
react_tool,plan,mir_operator:prefill_head,29,prefill_head,,3,248879,231639,259323,825157,50346,cudaLaunchKernel,copy|elementwise_binary|elementwise_unary|gemm|reduce,9
react_tool,plan,mir_operator:prefill_sample,30,prefill_sample,,3,773091,772928,776559,8320,730415,cudaStreamSynchronize,memcpy|memset|reduce,1
react_tool,plan,mir_operator:decode_embed,31,decode_embed,,3,50965,49428,57192,1952,11437,cudaLaunchKernel,other,1
react_tool,plan,mir_operator:decode_layer00,32,decode_layer00,,3,1175370,1166232,1285230,207809,272554,cudaLaunchKernel,attention|concat|copy|elementwise_binary|elementwise_other|elementwise_unary|gemv|reduce,57
react_tool,plan,mir_operator:decode_layer01,33,decode_layer01,,3,1096403,1089982,1239670,203426,264384,cudaLaunchKernel,attention|concat|copy|elementwise_binary|elementwise_other|elementwise_unary|gemv|reduce,57
react_tool,plan,mir_operator:decode_layer02,34,decode_layer02,,3,1089446,1072507,1220321,203746,264633,cudaLaunchKernel,attention|concat|copy|elementwise_binary|elementwise_other|elementwise_unary|gemv|reduce,57
react_tool,plan,mir_operator:decode_layer03,35,decode_layer03,,3,1079622,1054757,1201056,203777,268207,cudaLaunchKernel,attention|concat|copy|elementwise_binary|elementwise_other|elementwise_unary|gemv|reduce,57
react_tool,plan,mir_operator:decode_layer04,36,decode_layer04,,3,1075363,1059722,1196127,203393,259628,cudaLaunchKernel,attention|concat|copy|elementwise_binary|elementwise_other|elementwise_unary|gemv|reduce,57
react_tool,plan,mir_operator:decode_layer05,37,decode_layer05,,3,1113322,1087724,1195737,204448,268041,cudaLaunchKernel,attention|concat|copy|elementwise_binary|elementwise_other|elementwise_unary|gemv|reduce,57
react_tool,plan,mir_operator:decode_layer06,38,decode_layer06,,3,1132456,1122433,1135172,204354,272434,cudaLaunchKernel,attention|concat|copy|elementwise_binary|elementwise_other|elementwise_unary|gemv|reduce,57
react_tool,plan,mir_operator:decode_layer07,39,decode_layer07,,3,1151525,1103374,1247770,206625,274009,cudaLaunchKernel,attention|concat|copy|elementwise_binary|elementwise_other|elementwise_unary|gemv|reduce,57
react_tool,plan,mir_operator:decode_layer08,40,decode_layer08,,3,1181927,1072762,1284244,204482,288743,cudaLaunchKernel,attention|concat|copy|elementwise_binary|elementwise_other|elementwise_unary|gemv|reduce,57
react_tool,plan,mir_operator:decode_layer09,41,decode_layer09,,3,1203340,1062064,1253737,204032,282802,cudaLaunchKernel,attention|concat|copy|elementwise_binary|elementwise_other|elementwise_unary|gemv|reduce,57
react_tool,plan,mir_operator:decode_layer10,42,decode_layer10,,3,1202865,1044624,1228696,204579,281366,cudaLaunchKernel,attention|concat|copy|elementwise_binary|elementwise_other|elementwise_unary|gemv|reduce,57
react_tool,plan,mir_operator:decode_layer11,43,decode_layer11,,3,1231762,1045155,1285726,299393,291720,cudaLaunchKernel,attention|concat|copy|elementwise_binary|elementwise_other|elementwise_unary|gemv|reduce,57
react_tool,plan,mir_operator:decode_layer12,44,decode_layer12,,3,1215030,1040563,1598871,205698,287179,cudaLaunchKernel,attention|concat|copy|elementwise_binary|elementwise_other|elementwise_unary|gemv|reduce,57
react_tool,plan,mir_operator:decode_layer13,45,decode_layer13,,3,1229251,1058545,1246622,203906,297894,cudaLaunchKernel,attention|concat|copy|elementwise_binary|elementwise_other|elementwise_unary|gemv|reduce,57
react_tool,plan,mir_operator:decode_layer14,46,decode_layer14,,3,1200058,1037346,1243875,203328,280522,cudaLaunchKernel,attention|concat|copy|elementwise_binary|elementwise_other|elementwise_unary|gemv|reduce,57
react_tool,plan,mir_operator:decode_layer15,47,decode_layer15,,3,1203825,1038692,1206863,204225,284288,cudaLaunchKernel,attention|concat|copy|elementwise_binary|elementwise_other|elementwise_unary|gemv|reduce,57
react_tool,plan,mir_operator:decode_layer16,48,decode_layer16,,3,1180532,1037178,1201242,204450,280332,cudaLaunchKernel,attention|concat|copy|elementwise_binary|elementwise_other|elementwise_unary|gemv|reduce,57
react_tool,plan,mir_operator:decode_layer17,49,decode_layer17,,3,1166336,1034509,1203911,204097,278155,cudaLaunchKernel,attention|concat|copy|elementwise_binary|elementwise_other|elementwise_unary|gemv|reduce,57
react_tool,plan,mir_operator:decode_layer18,50,decode_layer18,,3,1208402,1046482,1244466,204514,281787,cudaLaunchKernel,attention|concat|copy|elementwise_binary|elementwise_other|elementwise_unary|gemv|reduce,57
react_tool,plan,mir_operator:decode_layer19,51,decode_layer19,,3,1203531,1058318,1223272,203713,283352,cudaLaunchKernel,attention|concat|copy|elementwise_binary|elementwise_other|elementwise_unary|gemv|reduce,57
react_tool,plan,mir_operator:decode_layer20,52,decode_layer20,,3,1195868,1042520,1206309,203777,282586,cudaLaunchKernel,attention|concat|copy|elementwise_binary|elementwise_other|elementwise_unary|gemv|reduce,57
react_tool,plan,mir_operator:decode_layer21,53,decode_layer21,,3,1203386,1046315,1255589,204480,282497,cudaLaunchKernel,attention|concat|copy|elementwise_binary|elementwise_other|elementwise_unary|gemv|reduce,57
react_tool,plan,mir_operator:decode_layer22,54,decode_layer22,,3,1231428,1050087,1236864,203968,287603,cudaLaunchKernel,attention|concat|copy|elementwise_binary|elementwise_other|elementwise_unary|gemv|reduce,57
react_tool,plan,mir_operator:decode_layer23,55,decode_layer23,,3,1211696,1051466,1225712,203393,285564,cudaLaunchKernel,attention|concat|copy|elementwise_binary|elementwise_other|elementwise_unary|gemv|reduce,57
react_tool,plan,mir_operator:decode_layer24,56,decode_layer24,,3,1200683,1097690,1216335,203809,280916,cudaLaunchKernel,attention|concat|copy|elementwise_binary|elementwise_other|elementwise_unary|gemv|reduce,57
react_tool,plan,mir_operator:decode_layer25,57,decode_layer25,,3,1200260,1131069,1220459,203874,283294,cudaLaunchKernel,attention|concat|copy|elementwise_binary|elementwise_other|elementwise_unary|gemv|reduce,57
react_tool,plan,mir_operator:decode_layer26,58,decode_layer26,,3,1160019,1117576,1197758,204417,286225,cudaLaunchKernel,attention|concat|copy|elementwise_binary|elementwise_other|elementwise_unary|gemv|reduce,57
react_tool,plan,mir_operator:decode_layer27,59,decode_layer27,,3,1158041,1128714,1184385,203489,276379,cudaLaunchKernel,attention|concat|copy|elementwise_binary|elementwise_other|elementwise_unary|gemv|reduce,57
react_tool,plan,mir_operator:decode_head,60,decode_head,,3,234549,229326,236654,651620,48268,cudaLaunchKernel,copy|elementwise_binary|elementwise_unary|gemv|reduce,9
react_tool,plan,mir_operator:decode_sample,61,decode_sample,,3,597793,595197,607560,7040,551323,cudaStreamSynchronize,memcpy|memset|reduce,1
react_tool,plan,mir_operator:decode_embed,62,decode_embed,,3,52896,45760,60559,1856,11631,cudaLaunchKernel,other,1
react_tool,plan,mir_operator:decode_layer00,63,decode_layer00,,3,1231626,1155047,1290438,204643,289727,cudaLaunchKernel,attention|concat|copy|elementwise_binary|elementwise_other|elementwise_unary|gemv|reduce,57
react_tool,plan,mir_operator:decode_layer01,64,decode_layer01,,3,1150518,1143595,1280810,203042,277597,cudaLaunchKernel,attention|concat|copy|elementwise_binary|elementwise_other|elementwise_unary|gemv|reduce,57
react_tool,plan,mir_operator:decode_layer02,65,decode_layer02,,3,1196686,1139879,1224389,202880,280131,cudaLaunchKernel,attention|concat|copy|elementwise_binary|elementwise_other|elementwise_unary|gemv|reduce,57
react_tool,plan,mir_operator:decode_layer03,66,decode_layer03,,3,1198120,1104798,1218367,203041,283323,cudaLaunchKernel,attention|concat|copy|elementwise_binary|elementwise_other|elementwise_unary|gemv|reduce,57
react_tool,plan,mir_operator:decode_layer04,67,decode_layer04,,3,1209980,1114412,1221652,202432,284134,cudaLaunchKernel,attention|concat|copy|elementwise_binary|elementwise_other|elementwise_unary|gemv|reduce,57
react_tool,plan,mir_operator:decode_layer05,68,decode_layer05,,3,1189363,1095904,1209793,203681,282878,cudaLaunchKernel,attention|concat|copy|elementwise_binary|elementwise_other|elementwise_unary|gemv|reduce,57
react_tool,plan,mir_operator:decode_layer06,69,decode_layer06,,3,1189550,1114140,1193351,202850,284127,cudaLaunchKernel,attention|concat|copy|elementwise_binary|elementwise_other|elementwise_unary|gemv|reduce,57
react_tool,plan,mir_operator:decode_layer07,70,decode_layer07,,3,1169730,1118695,1217434,202242,279021,cudaLaunchKernel,attention|concat|copy|elementwise_binary|elementwise_other|elementwise_unary|gemv|reduce,57
react_tool,plan,mir_operator:decode_layer08,71,decode_layer08,,3,1190865,1118973,1214599,202274,283743,cudaLaunchKernel,attention|concat|copy|elementwise_binary|elementwise_other|elementwise_unary|gemv|reduce,57
react_tool,plan,mir_operator:decode_layer09,72,decode_layer09,,3,1200853,1192873,1242850,203296,292836,cudaLaunchKernel,attention|concat|copy|elementwise_binary|elementwise_other|elementwise_unary|gemv|reduce,57
react_tool,plan,mir_operator:decode_layer10,73,decode_layer10,,3,1196059,1192944,1211043,202147,282803,cudaLaunchKernel,attention|concat|copy|elementwise_binary|elementwise_other|elementwise_unary|gemv|reduce,57
react_tool,plan,mir_operator:decode_layer11,74,decode_layer11,,3,1202181,1178214,1220886,203074,285532,cudaLaunchKernel,attention|concat|copy|elementwise_binary|elementwise_other|elementwise_unary|gemv|reduce,57
react_tool,plan,mir_operator:decode_layer12,75,decode_layer12,,3,1188836,1158553,1208188,202753,280851,cudaLaunchKernel,attention|concat|copy|elementwise_binary|elementwise_other|elementwise_unary|gemv|reduce,57
react_tool,plan,mir_operator:decode_layer13,76,decode_layer13,,3,1179392,1169837,1209953,203008,283225,cudaLaunchKernel,attention|concat|copy|elementwise_binary|elementwise_other|elementwise_unary|gemv|reduce,57
react_tool,plan,mir_operator:decode_layer14,77,decode_layer14,,3,1169122,1160356,1200337,202592,280213,cudaLaunchKernel,attention|concat|copy|elementwise_binary|elementwise_other|elementwise_unary|gemv|reduce,57
react_tool,plan,mir_operator:decode_layer15,78,decode_layer15,,3,1168143,1127443,1202229,202625,279310,cudaLaunchKernel,attention|concat|copy|elementwise_binary|elementwise_other|elementwise_unary|gemv|reduce,57
react_tool,plan,mir_operator:decode_layer16,79,decode_layer16,,3,1167783,1076058,1231073,202560,281562,cudaLaunchKernel,attention|concat|copy|elementwise_binary|elementwise_other|elementwise_unary|gemv|reduce,57
react_tool,plan,mir_operator:decode_layer17,80,decode_layer17,,3,1161855,1070053,1266290,202850,285363,cudaLaunchKernel,attention|concat|copy|elementwise_binary|elementwise_other|elementwise_unary|gemv|reduce,57
react_tool,plan,mir_operator:decode_layer18,81,decode_layer18,,3,1211684,1063553,1221406,202339,283977,cudaLaunchKernel,attention|concat|copy|elementwise_binary|elementwise_other|elementwise_unary|gemv|reduce,57
react_tool,plan,mir_operator:decode_layer19,82,decode_layer19,,3,1172363,1038423,1212326,202627,278918,cudaLaunchKernel,attention|concat|copy|elementwise_binary|elementwise_other|elementwise_unary|gemv|reduce,57
react_tool,plan,mir_operator:decode_layer20,83,decode_layer20,,3,1112293,1036859,1131955,202785,267145,cudaLaunchKernel,attention|concat|copy|elementwise_binary|elementwise_other|elementwise_unary|gemv|reduce,57
react_tool,plan,mir_operator:decode_layer21,84,decode_layer21,,3,1080334,1044891,1101041,202306,263651,cudaLaunchKernel,attention|concat|copy|elementwise_binary|elementwise_other|elementwise_unary|gemv|reduce,57
react_tool,plan,mir_operator:decode_layer22,85,decode_layer22,,3,1107512,1079447,1164396,202467,270022,cudaLaunchKernel,attention|concat|copy|elementwise_binary|elementwise_other|elementwise_unary|gemv|reduce,57
react_tool,plan,mir_operator:decode_layer23,86,decode_layer23,,3,1115017,1107986,1145802,273474,273469,cudaLaunchKernel,attention|concat|copy|elementwise_binary|elementwise_other|elementwise_unary|gemv|reduce,57
react_tool,plan,mir_operator:decode_layer24,87,decode_layer24,,3,1130133,1118168,1175004,202977,273451,cudaLaunchKernel,attention|concat|copy|elementwise_binary|elementwise_other|elementwise_unary|gemv|reduce,57
react_tool,plan,mir_operator:decode_layer25,88,decode_layer25,,3,1155960,1136854,1175914,203008,276689,cudaLaunchKernel,attention|concat|copy|elementwise_binary|elementwise_other|elementwise_unary|gemv|reduce,57
react_tool,plan,mir_operator:decode_layer26,89,decode_layer26,,3,1125361,1118723,1164160,203778,272387,cudaLaunchKernel,attention|concat|copy|elementwise_binary|elementwise_other|elementwise_unary|gemv|reduce,57
react_tool,plan,mir_operator:decode_layer27,90,decode_layer27,,3,1122434,1095356,1158400,201953,265398,cudaLaunchKernel,attention|concat|copy|elementwise_binary|elementwise_other|elementwise_unary|gemv|reduce,57
react_tool,plan,mir_operator:decode_head,91,decode_head,,3,233097,216448,239631,662436,45053,cudaLaunchKernel,copy|elementwise_binary|elementwise_unary|gemv|reduce,9
react_tool,plan,mir_operator:decode_sample,92,decode_sample,,3,620356,614491,624582,7104,579235,cudaStreamSynchronize,memcpy|memset|reduce,1
react_tool,plan,mir_operator:decode_embed,93,decode_embed,,3,55865,49493,57529,1888,11735,cudaLaunchKernel,other,1
react_tool,plan,mir_operator:decode_layer00,94,decode_layer00,,3,1194201,1187869,1275898,204514,273583,cudaLaunchKernel,attention|concat|copy|elementwise_binary|elementwise_other|elementwise_unary|gemv|reduce,57
react_tool,plan,mir_operator:decode_layer01,95,decode_layer01,,3,1130141,1130113,1209621,202753,269292,cudaLaunchKernel,attention|concat|copy|elementwise_binary|elementwise_other|elementwise_unary|gemv|reduce,57
react_tool,plan,mir_operator:decode_layer02,96,decode_layer02,,3,1169989,1095801,1220872,203297,273100,cudaLaunchKernel,attention|concat|copy|elementwise_binary|elementwise_other|elementwise_unary|gemv|reduce,57
react_tool,plan,mir_operator:decode_layer03,97,decode_layer03,,3,1164490,1087424,1221523,202625,284335,cudaLaunchKernel,attention|concat|copy|elementwise_binary|elementwise_other|elementwise_unary|gemv|reduce,57
react_tool,plan,mir_operator:decode_layer04,98,decode_layer04,,3,1178282,1100282,1213859,202432,280377,cudaLaunchKernel,attention|concat|copy|elementwise_binary|elementwise_other|elementwise_unary|gemv|reduce,57
react_tool,plan,mir_operator:decode_layer05,99,decode_layer05,,3,1158197,1111479,1196976,202177,268450,cudaLaunchKernel,attention|concat|copy|elementwise_binary|elementwise_other|elementwise_unary|gemv|reduce,57
react_tool,plan,mir_operator:decode_layer06,100,decode_layer06,,3,1192571,1069281,1210919,202370,290303,cudaLaunchKernel,attention|concat|copy|elementwise_binary|elementwise_other|elementwise_unary|gemv|reduce,57
react_tool,plan,mir_operator:decode_layer07,101,decode_layer07,,3,1182225,1050221,1195166,203169,281481,cudaLaunchKernel,attention|concat|copy|elementwise_binary|elementwise_other|elementwise_unary|gemv|reduce,57
react_tool,plan,mir_operator:decode_layer08,102,decode_layer08,,3,1164803,1053632,1199372,203042,271610,cudaLaunchKernel,attention|concat|copy|elementwise_binary|elementwise_other|elementwise_unary|gemv|reduce,57
react_tool,plan,mir_operator:decode_layer09,103,decode_layer09,,3,1151553,1059590,1193834,203361,269116,cudaLaunchKernel,attention|concat|copy|elementwise_binary|elementwise_other|elementwise_unary|gemv|reduce,57
react_tool,plan,mir_operator:decode_layer10,104,decode_layer10,,3,1166425,1062533,1202724,202816,273196,cudaLaunchKernel,attention|concat|copy|elementwise_binary|elementwise_other|elementwise_unary|gemv|reduce,57
react_tool,plan,mir_operator:decode_layer11,105,decode_layer11,,3,1172898,1050929,1196389,203073,279692,cudaLaunchKernel,attention|concat|copy|elementwise_binary|elementwise_other|elementwise_unary|gemv|reduce,57
react_tool,plan,mir_operator:decode_layer12,106,decode_layer12,,3,1178849,1053140,1224020,203266,281296,cudaLaunchKernel,attention|concat|copy|elementwise_binary|elementwise_other|elementwise_unary|gemv|reduce,57
react_tool,plan,mir_operator:decode_layer13,107,decode_layer13,,3,1176852,1057305,1202600,202466,280942,cudaLaunchKernel,attention|concat|copy|elementwise_binary|elementwise_other|elementwise_unary|gemv|reduce,57
react_tool,plan,mir_operator:decode_layer14,108,decode_layer14,,3,1198784,1087917,1206201,202977,283851,cudaLaunchKernel,attention|concat|copy|elementwise_binary|elementwise_other|elementwise_unary|gemv|reduce,57
react_tool,plan,mir_operator:decode_layer15,109,decode_layer15,,3,1192960,1064152,1235977,202368,286936,cudaLaunchKernel,attention|concat|copy|elementwise_binary|elementwise_other|elementwise_unary|gemv|reduce,57
react_tool,plan,mir_operator:decode_layer16,110,decode_layer16,,3,1180142,1050386,1203328,202882,279456,cudaLaunchKernel,attention|concat|copy|elementwise_binary|elementwise_other|elementwise_unary|gemv|reduce,57
react_tool,plan,mir_operator:decode_layer17,111,decode_layer17,,3,1174048,1051737,1175858,202593,275067,cudaLaunchKernel,attention|concat|copy|elementwise_binary|elementwise_other|elementwise_unary|gemv|reduce,57
react_tool,plan,mir_operator:decode_layer18,112,decode_layer18,,3,1167217,1064316,1178161,202561,280142,cudaLaunchKernel,attention|concat|copy|elementwise_binary|elementwise_other|elementwise_unary|gemv|reduce,57
react_tool,plan,mir_operator:decode_layer19,113,decode_layer19,,3,1208215,1076695,1210614,203202,283581,cudaLaunchKernel,attention|concat|copy|elementwise_binary|elementwise_other|elementwise_unary|gemv|reduce,57
react_tool,plan,mir_operator:decode_layer20,114,decode_layer20,,3,1197154,1081283,1232664,203299,287931,cudaLaunchKernel,attention|concat|copy|elementwise_binary|elementwise_other|elementwise_unary|gemv|reduce,57
react_tool,plan,mir_operator:decode_layer21,115,decode_layer21,,3,1196962,1078895,1213436,202752,288698,cudaLaunchKernel,attention|concat|copy|elementwise_binary|elementwise_other|elementwise_unary|gemv|reduce,57
react_tool,plan,mir_operator:decode_layer22,116,decode_layer22,,3,1202475,1081573,1213836,202787,287398,cudaLaunchKernel,attention|concat|copy|elementwise_binary|elementwise_other|elementwise_unary|gemv|reduce,57
react_tool,plan,mir_operator:decode_layer23,117,decode_layer23,,3,1208717,1112736,1227407,202752,285734,cudaLaunchKernel,attention|concat|copy|elementwise_binary|elementwise_other|elementwise_unary|gemv|reduce,57
react_tool,plan,mir_operator:decode_layer24,118,decode_layer24,,3,1202985,1064028,1209161,283074,283422,cudaLaunchKernel,attention|concat|copy|elementwise_binary|elementwise_other|elementwise_unary|gemv|reduce,57
react_tool,plan,mir_operator:decode_layer25,119,decode_layer25,,3,1196895,1045904,1226772,202977,283856,cudaLaunchKernel,attention|concat|copy|elementwise_binary|elementwise_other|elementwise_unary|gemv|reduce,57
react_tool,plan,mir_operator:decode_layer26,120,decode_layer26,,3,1198039,1085849,1201368,203233,286360,cudaLaunchKernel,attention|concat|copy|elementwise_binary|elementwise_other|elementwise_unary|gemv|reduce,57
react_tool,plan,mir_operator:decode_layer27,121,decode_layer27,,3,1202429,1084875,1209981,202754,283701,cudaLaunchKernel,attention|concat|copy|elementwise_binary|elementwise_other|elementwise_unary|gemv|reduce,57
react_tool,plan,mir_operator:decode_head,122,decode_head,,3,232562,214628,245075,661443,45293,cudaLaunchKernel,copy|elementwise_binary|elementwise_unary|gemv|reduce,9
react_tool,plan,mir_operator:decode_sample,123,decode_sample,,3,623271,615493,623344,7072,576500,cudaStreamSynchronize,memcpy|memset|reduce,1
react_tool,plan,mir_operator:decode_embed,124,decode_embed,,3,52556,47524,57822,1888,11700,cudaLaunchKernel,other,1
react_tool,plan,mir_operator:decode_layer00,125,decode_layer00,,3,1276024,1123047,1281333,203297,289587,cudaLaunchKernel,attention|concat|copy|elementwise_binary|elementwise_other|elementwise_unary|gemv|reduce,57
react_tool,plan,mir_operator:decode_layer01,126,decode_layer01,,3,1226555,1145886,1256369,203618,278824,cudaLaunchKernel,attention|concat|copy|elementwise_binary|elementwise_other|elementwise_unary|gemv|reduce,57
react_tool,plan,mir_operator:decode_layer02,127,decode_layer02,,3,1197479,1193050,1212643,203488,288927,cudaLaunchKernel,attention|concat|copy|elementwise_binary|elementwise_other|elementwise_unary|gemv|reduce,57
react_tool,plan,mir_operator:decode_layer03,128,decode_layer03,,3,1195625,1183155,1251946,202978,281095,cudaLaunchKernel,attention|concat|copy|elementwise_binary|elementwise_other|elementwise_unary|gemv|reduce,57
react_tool,plan,mir_operator:decode_layer04,129,decode_layer04,,3,1144479,1122698,1213540,201920,274921,cudaLaunchKernel,attention|concat|copy|elementwise_binary|elementwise_other|elementwise_unary|gemv|reduce,57
react_tool,plan,mir_operator:decode_layer05,130,decode_layer05,,3,1108683,1105261,1258275,203490,267256,cudaLaunchKernel,attention|concat|copy|elementwise_binary|elementwise_other|elementwise_unary|gemv|reduce,57
react_tool,plan,mir_operator:decode_layer06,131,decode_layer06,,3,1121696,1107249,1219980,202817,269329,cudaLaunchKernel,attention|concat|copy|elementwise_binary|elementwise_other|elementwise_unary|gemv|reduce,57
react_tool,plan,mir_operator:decode_layer07,132,decode_layer07,,3,1202498,1152196,1252778,202753,284337,cudaLaunchKernel,attention|concat|copy|elementwise_binary|elementwise_other|elementwise_unary|gemv|reduce,57
react_tool,plan,mir_operator:decode_layer08,133,decode_layer08,,3,1204226,1146520,1209791,202819,288745,cudaLaunchKernel,attention|concat|copy|elementwise_binary|elementwise_other|elementwise_unary|gemv|reduce,57
react_tool,plan,mir_operator:decode_layer09,134,decode_layer09,,3,1192160,1172985,1207704,203168,283644,cudaLaunchKernel,attention|concat|copy|elementwise_binary|elementwise_other|elementwise_unary|gemv|reduce,57
react_tool,plan,mir_operator:decode_layer10,135,decode_layer10,,3,1213899,1212712,1229940,202560,286217,cudaLaunchKernel,attention|concat|copy|elementwise_binary|elementwise_other|elementwise_unary|gemv|reduce,57
react_tool,plan,mir_operator:decode_layer11,136,decode_layer11,,3,1205677,1198839,1256509,202787,286991,cudaLaunchKernel,attention|concat|copy|elementwise_binary|elementwise_other|elementwise_unary|gemv|reduce,57
react_tool,plan,mir_operator:decode_layer12,137,decode_layer12,,3,1202646,1195428,1216173,203104,286576,cudaLaunchKernel,attention|concat|copy|elementwise_binary|elementwise_other|elementwise_unary|gemv|reduce,57
react_tool,plan,mir_operator:decode_layer13,138,decode_layer13,,3,1197950,1194692,1209102,202530,285220,cudaLaunchKernel,attention|concat|copy|elementwise_binary|elementwise_other|elementwise_unary|gemv|reduce,57
react_tool,plan,mir_operator:decode_layer14,139,decode_layer14,,3,1213426,1184062,1223346,202625,286042,cudaLaunchKernel,attention|concat|copy|elementwise_binary|elementwise_other|elementwise_unary|gemv|reduce,57
react_tool,plan,mir_operator:decode_layer15,140,decode_layer15,,3,1198118,1130568,1208877,203234,281716,cudaLaunchKernel,attention|concat|copy|elementwise_binary|elementwise_other|elementwise_unary|gemv|reduce,57
react_tool,plan,mir_operator:decode_layer16,141,decode_layer16,,3,1201404,1076076,1210459,202978,283844,cudaLaunchKernel,attention|concat|copy|elementwise_binary|elementwise_other|elementwise_unary|gemv|reduce,57
react_tool,plan,mir_operator:decode_layer17,142,decode_layer17,,3,1201494,1051481,1215165,202528,282188,cudaLaunchKernel,attention|concat|copy|elementwise_binary|elementwise_other|elementwise_unary|gemv|reduce,57
react_tool,plan,mir_operator:decode_layer18,143,decode_layer18,,3,1195553,1058625,1245608,203074,282776,cudaLaunchKernel,attention|concat|copy|elementwise_binary|elementwise_other|elementwise_unary|gemv|reduce,57
react_tool,plan,mir_operator:decode_layer19,144,decode_layer19,,3,1185584,1045411,1224936,202592,272283,cudaLaunchKernel,attention|concat|copy|elementwise_binary|elementwise_other|elementwise_unary|gemv|reduce,57
react_tool,plan,mir_operator:decode_layer20,145,decode_layer20,,3,1113239,1038594,1124922,201728,273246,cudaLaunchKernel,attention|concat|copy|elementwise_binary|elementwise_other|elementwise_unary|gemv|reduce,57
react_tool,plan,mir_operator:decode_layer21,146,decode_layer21,,3,1104233,1037658,1125326,202880,266067,cudaLaunchKernel,attention|concat|copy|elementwise_binary|elementwise_other|elementwise_unary|gemv|reduce,57
react_tool,plan,mir_operator:decode_layer22,147,decode_layer22,,3,1098388,1039803,1174486,204194,270968,cudaLaunchKernel,attention|concat|copy|elementwise_binary|elementwise_other|elementwise_unary|gemv|reduce,57
react_tool,plan,mir_operator:decode_layer23,148,decode_layer23,,3,1138665,1057045,1180448,201985,267223,cudaLaunchKernel,attention|concat|copy|elementwise_binary|elementwise_other|elementwise_unary|gemv|reduce,57
react_tool,plan,mir_operator:decode_layer24,149,decode_layer24,,3,1114607,1076497,1186878,202881,272813,cudaLaunchKernel,attention|concat|copy|elementwise_binary|elementwise_other|elementwise_unary|gemv|reduce,57
react_tool,plan,mir_operator:decode_layer25,150,decode_layer25,,3,1089425,1089301,1168262,203712,261661,cudaLaunchKernel,attention|concat|copy|elementwise_binary|elementwise_other|elementwise_unary|gemv|reduce,57
react_tool,plan,mir_operator:decode_layer26,151,decode_layer26,,3,1108608,1074366,1178086,203810,262069,cudaLaunchKernel,attention|concat|copy|elementwise_binary|elementwise_other|elementwise_unary|gemv|reduce,57
react_tool,plan,mir_operator:decode_layer27,152,decode_layer27,,3,1189666,1069063,1203562,203074,282652,cudaLaunchKernel,attention|concat|copy|elementwise_binary|elementwise_other|elementwise_unary|gemv|reduce,57
react_tool,plan,mir_operator:decode_head,153,decode_head,,3,223130,214612,248928,661316,43712,cudaLaunchKernel,copy|elementwise_binary|elementwise_unary|gemv|reduce,9
react_tool,plan,mir_operator:decode_sample,154,decode_sample,,3,620008,604762,628467,7104,574104,cudaStreamSynchronize,memcpy|memset|reduce,1
react_tool,plan,mir_operator:decode_embed,155,decode_embed,,3,52303,44467,55203,1888,11956,cudaLaunchKernel,other,1
react_tool,plan,mir_operator:decode_layer00,156,decode_layer00,,3,1239335,1141322,1242884,203296,280969,cudaLaunchKernel,attention|concat|copy|elementwise_binary|elementwise_other|elementwise_unary|gemv|reduce,57
react_tool,plan,mir_operator:decode_layer01,157,decode_layer01,,3,1143636,1066689,1184890,203232,273549,cudaLaunchKernel,attention|concat|copy|elementwise_binary|elementwise_other|elementwise_unary|gemv|reduce,57
react_tool,plan,mir_operator:decode_layer02,158,decode_layer02,,3,1169901,1051710,1215452,202849,276870,cudaLaunchKernel,attention|concat|copy|elementwise_binary|elementwise_other|elementwise_unary|gemv|reduce,57
react_tool,plan,mir_operator:decode_layer03,159,decode_layer03,,3,1172807,1038629,1209469,202497,281552,cudaLaunchKernel,attention|concat|copy|elementwise_binary|elementwise_other|elementwise_unary|gemv|reduce,57
react_tool,plan,mir_operator:decode_layer04,160,decode_layer04,,3,1202014,1043837,1219763,202273,283092,cudaLaunchKernel,attention|concat|copy|elementwise_binary|elementwise_other|elementwise_unary|gemv|reduce,57
react_tool,plan,mir_operator:decode_layer05,161,decode_layer05,,3,1207559,1068951,1209813,204002,289730,cudaLaunchKernel,attention|concat|copy|elementwise_binary|elementwise_other|elementwise_unary|gemv|reduce,57
react_tool,plan,mir_operator:decode_layer06,162,decode_layer06,,3,1220749,1078634,1252977,203842,289018,cudaLaunchKernel,attention|concat|copy|elementwise_binary|elementwise_other|elementwise_unary|gemv|reduce,57
react_tool,plan,mir_operator:decode_layer07,163,decode_layer07,,3,1194278,1055428,1225681,203233,280026,cudaLaunchKernel,attention|concat|copy|elementwise_binary|elementwise_other|elementwise_unary|gemv|reduce,57
react_tool,plan,mir_operator:decode_layer08,164,decode_layer08,,3,1185441,1063126,1223648,202274,276721,cudaLaunchKernel,attention|concat|copy|elementwise_binary|elementwise_other|elementwise_unary|gemv|reduce,57
react_tool,plan,mir_operator:decode_layer09,165,decode_layer09,,3,1174104,1051796,1209282,202402,281147,cudaLaunchKernel,attention|concat|copy|elementwise_binary|elementwise_other|elementwise_unary|gemv|reduce,57
react_tool,plan,mir_operator:decode_layer10,166,decode_layer10,,3,1169130,1040833,1207716,201890,275918,cudaLaunchKernel,attention|concat|copy|elementwise_binary|elementwise_other|elementwise_unary|gemv|reduce,57
react_tool,plan,mir_operator:decode_layer11,167,decode_layer11,,3,1160661,1040899,1204596,202433,274848,cudaLaunchKernel,attention|concat|copy|elementwise_binary|elementwise_other|elementwise_unary|gemv|reduce,57
react_tool,plan,mir_operator:decode_layer12,168,decode_layer12,,3,1168178,1033483,1205043,202977,279390,cudaLaunchKernel,attention|concat|copy|elementwise_binary|elementwise_other|elementwise_unary|gemv|reduce,57
react_tool,plan,mir_operator:decode_layer13,169,decode_layer13,,3,1164718,1046281,1195567,203361,275848,cudaLaunchKernel,attention|concat|copy|elementwise_binary|elementwise_other|elementwise_unary|gemv|reduce,57
react_tool,plan,mir_operator:decode_layer14,170,decode_layer14,,3,1145594,1057922,1218382,202368,274756,cudaLaunchKernel,attention|concat|copy|elementwise_binary|elementwise_other|elementwise_unary|gemv|reduce,57
react_tool,plan,mir_operator:decode_layer15,171,decode_layer15,,3,1059473,1045109,1228949,202433,255955,cudaLaunchKernel,attention|concat|copy|elementwise_binary|elementwise_other|elementwise_unary|gemv|reduce,57
react_tool,plan,mir_operator:decode_layer16,172,decode_layer16,,3,1098352,1055767,1203700,201888,264556,cudaLaunchKernel,attention|concat|copy|elementwise_binary|elementwise_other|elementwise_unary|gemv|reduce,57
react_tool,plan,mir_operator:decode_layer17,173,decode_layer17,,3,1150931,1060901,1198002,203073,281652,cudaLaunchKernel,attention|concat|copy|elementwise_binary|elementwise_other|elementwise_unary|gemv|reduce,57
react_tool,plan,mir_operator:decode_layer18,174,decode_layer18,,3,1106070,1055848,1209387,202049,266311,cudaLaunchKernel,attention|concat|copy|elementwise_binary|elementwise_other|elementwise_unary|gemv|reduce,57
react_tool,plan,mir_operator:decode_layer19,175,decode_layer19,,3,1085512,1045700,1196534,202689,262334,cudaLaunchKernel,attention|concat|copy|elementwise_binary|elementwise_other|elementwise_unary|gemv|reduce,57
react_tool,plan,mir_operator:decode_layer20,176,decode_layer20,,3,1079239,1069393,1195817,203393,259778,cudaLaunchKernel,attention|concat|copy|elementwise_binary|elementwise_other|elementwise_unary|gemv|reduce,57
react_tool,plan,mir_operator:decode_layer21,177,decode_layer21,,3,1150449,1091962,1194758,205570,277150,cudaLaunchKernel,attention|concat|copy|elementwise_binary|elementwise_other|elementwise_unary|gemv|reduce,57
react_tool,plan,mir_operator:decode_layer22,178,decode_layer22,,3,1159449,1083064,1213407,201921,277872,cudaLaunchKernel,attention|concat|copy|elementwise_binary|elementwise_other|elementwise_unary|gemv|reduce,57
react_tool,plan,mir_operator:decode_layer23,179,decode_layer23,,3,1168487,1106100,1214727,202434,276175,cudaLaunchKernel,attention|concat|copy|elementwise_binary|elementwise_other|elementwise_unary|gemv|reduce,57
react_tool,plan,mir_operator:decode_layer24,180,decode_layer24,,3,1109436,1081686,1200504,202081,268470,cudaLaunchKernel,attention|concat|copy|elementwise_binary|elementwise_other|elementwise_unary|gemv|reduce,57
react_tool,plan,mir_operator:decode_layer25,181,decode_layer25,,3,1151402,1074461,1194903,202402,270465,cudaLaunchKernel,attention|concat|copy|elementwise_binary|elementwise_other|elementwise_unary|gemv|reduce,57
react_tool,plan,mir_operator:decode_layer26,182,decode_layer26,,3,1166592,1075217,1197055,202976,277647,cudaLaunchKernel,attention|concat|copy|elementwise_binary|elementwise_other|elementwise_unary|gemv|reduce,57
react_tool,plan,mir_operator:decode_layer27,183,decode_layer27,,3,1167354,1075854,1200021,202337,274200,cudaLaunchKernel,attention|concat|copy|elementwise_binary|elementwise_other|elementwise_unary|gemv|reduce,57
react_tool,plan,mir_operator:decode_head,184,decode_head,,3,230320,211618,232524,663875,44608,cudaLaunchKernel,copy|elementwise_binary|elementwise_unary|gemv|reduce,9
react_tool,plan,mir_operator:decode_sample,185,decode_sample,,3,622705,621606,633017,7009,579656,cudaStreamSynchronize,memcpy|memset|reduce,1
react_tool,plan,mir_operator:decode_embed,186,decode_embed,,3,49127,47409,49860,1888,11510,cudaLaunchKernel,other,1
react_tool,plan,mir_operator:decode_layer00,187,decode_layer00,,3,1226820,1099479,1282357,202465,282015,cudaLaunchKernel,attention|concat|copy|elementwise_binary|elementwise_other|elementwise_unary|gemv|reduce,57
react_tool,plan,mir_operator:decode_layer01,188,decode_layer01,,3,1109155,1060124,1249957,201825,264675,cudaLaunchKernel,attention|concat|copy|elementwise_binary|elementwise_other|elementwise_unary|gemv|reduce,57
react_tool,plan,mir_operator:decode_layer02,189,decode_layer02,,3,1133773,1051161,1210557,202560,280619,cudaLaunchKernel,attention|concat|copy|elementwise_binary|elementwise_other|elementwise_unary|gemv|reduce,57
react_tool,plan,mir_operator:decode_layer03,190,decode_layer03,,3,1142704,1082365,1204538,201697,272279,cudaLaunchKernel,attention|concat|copy|elementwise_binary|elementwise_other|elementwise_unary|gemv|reduce,57
react_tool,plan,mir_operator:decode_layer04,191,decode_layer04,,3,1095446,1054796,1209856,201601,262783,cudaLaunchKernel,attention|concat|copy|elementwise_binary|elementwise_other|elementwise_unary|gemv|reduce,57
react_tool,plan,mir_operator:decode_layer05,192,decode_layer05,,3,1128244,1051545,1151561,203777,269133,cudaLaunchKernel,attention|concat|copy|elementwise_binary|elementwise_other|elementwise_unary|gemv|reduce,57
react_tool,plan,mir_operator:decode_layer06,193,decode_layer06,,3,1187170,1052300,1203272,203937,278547,cudaLaunchKernel,attention|concat|copy|elementwise_binary|elementwise_other|elementwise_unary|gemv|reduce,57
react_tool,plan,mir_operator:decode_layer07,194,decode_layer07,,3,1198284,1056857,1199779,306467,281306,cudaLaunchKernel,attention|concat|copy|elementwise_binary|elementwise_other|elementwise_unary|gemv|reduce,57
react_tool,plan,mir_operator:decode_layer08,195,decode_layer08,,3,1195379,1051991,1196008,203712,281057,cudaLaunchKernel,attention|concat|copy|elementwise_binary|elementwise_other|elementwise_unary|gemv|reduce,57
react_tool,plan,mir_operator:decode_layer09,196,decode_layer09,,3,1188741,1043555,1204896,202048,279193,cudaLaunchKernel,attention|concat|copy|elementwise_binary|elementwise_other|elementwise_unary|gemv|reduce,57
react_tool,plan,mir_operator:decode_layer10,197,decode_layer10,,3,1200042,1060358,1225438,201984,283447,cudaLaunchKernel,attention|concat|copy|elementwise_binary|elementwise_other|elementwise_unary|gemv|reduce,57
react_tool,plan,mir_operator:decode_layer11,198,decode_layer11,,3,1193906,1079215,1234132,201314,287429,cudaLaunchKernel,attention|concat|copy|elementwise_binary|elementwise_other|elementwise_unary|gemv|reduce,57
react_tool,plan,mir_operator:decode_layer12,199,decode_layer12,,3,1181140,1096024,1187213,202209,279045,cudaLaunchKernel,attention|concat|copy|elementwise_binary|elementwise_other|elementwise_unary|gemv|reduce,57
react_tool,plan,mir_operator:decode_layer13,200,decode_layer13,,3,1179551,1082109,1198936,202434,281829,cudaLaunchKernel,attention|concat|copy|elementwise_binary|elementwise_other|elementwise_unary|gemv|reduce,57
react_tool,plan,mir_operator:decode_layer14,201,decode_layer14,,3,1178619,1076843,1200656,203137,281745,cudaLaunchKernel,attention|concat|copy|elementwise_binary|elementwise_other|elementwise_unary|gemv|reduce,57
react_tool,plan,mir_operator:decode_layer15,202,decode_layer15,,3,1169132,1070000,1172953,202433,274868,cudaLaunchKernel,attention|concat|copy|elementwise_binary|elementwise_other|elementwise_unary|gemv|reduce,57
react_tool,plan,mir_operator:decode_layer16,203,decode_layer16,,3,1164562,1052183,1171090,202209,277535,cudaLaunchKernel,attention|concat|copy|elementwise_binary|elementwise_other|elementwise_unary|gemv|reduce,57
react_tool,plan,mir_operator:decode_layer17,204,decode_layer17,,3,1167448,1050002,1173013,204546,274959,cudaLaunchKernel,attention|concat|copy|elementwise_binary|elementwise_other|elementwise_unary|gemv|reduce,57
react_tool,plan,mir_operator:decode_layer18,205,decode_layer18,,3,1177514,1049787,1178688,202816,283571,cudaLaunchKernel,attention|concat|copy|elementwise_binary|elementwise_other|elementwise_unary|gemv|reduce,57
react_tool,plan,mir_operator:decode_layer19,206,decode_layer19,,3,1170943,1052632,1221576,202305,274890,cudaLaunchKernel,attention|concat|copy|elementwise_binary|elementwise_other|elementwise_unary|gemv|reduce,57
react_tool,plan,mir_operator:decode_layer20,207,decode_layer20,,3,1205046,1039822,1206163,203105,282617,cudaLaunchKernel,attention|concat|copy|elementwise_binary|elementwise_other|elementwise_unary|gemv|reduce,57
react_tool,plan,mir_operator:decode_layer21,208,decode_layer21,,3,1195821,1042055,1201562,202945,285831,cudaLaunchKernel,attention|concat|copy|elementwise_binary|elementwise_other|elementwise_unary|gemv|reduce,57
react_tool,plan,mir_operator:decode_layer22,209,decode_layer22,,3,1194681,1068053,1197915,204545,283598,cudaLaunchKernel,attention|concat|copy|elementwise_binary|elementwise_other|elementwise_unary|gemv|reduce,57
react_tool,plan,mir_operator:decode_layer23,210,decode_layer23,,3,1176068,1041542,1187022,202818,280206,cudaLaunchKernel,attention|concat|copy|elementwise_binary|elementwise_other|elementwise_unary|gemv|reduce,57
react_tool,plan,mir_operator:decode_layer24,211,decode_layer24,,3,1163635,1048439,1176651,202529,273827,cudaLaunchKernel,attention|concat|copy|elementwise_binary|elementwise_other|elementwise_unary|gemv|reduce,57
react_tool,plan,mir_operator:decode_layer25,212,decode_layer25,,3,1159895,1101165,1168484,202499,277465,cudaLaunchKernel,attention|concat|copy|elementwise_binary|elementwise_other|elementwise_unary|gemv|reduce,57
react_tool,plan,mir_operator:decode_layer26,213,decode_layer26,,3,1160948,1110502,1193253,203169,276152,cudaLaunchKernel,attention|concat|copy|elementwise_binary|elementwise_other|elementwise_unary|gemv|reduce,57
react_tool,plan,mir_operator:decode_layer27,214,decode_layer27,,3,1162472,1099621,1205496,203073,273244,cudaLaunchKernel,attention|concat|copy|elementwise_binary|elementwise_other|elementwise_unary|gemv|reduce,57
react_tool,plan,mir_operator:decode_head,215,decode_head,,3,226440,223782,229267,661188,43889,cudaLaunchKernel,copy|elementwise_binary|elementwise_unary|gemv|reduce,9
react_tool,plan,mir_operator:decode_sample,216,decode_sample,,3,618144,613199,625016,7136,574073,cudaStreamSynchronize,memcpy|memset|reduce,1
react_tool,plan,mir_operator:decode_embed,217,decode_embed,,3,49067,48798,50238,1856,11408,cudaLaunchKernel,other,1
react_tool,plan,mir_operator:decode_layer00,218,decode_layer00,,3,1208004,1124162,1280422,202848,278479,cudaLaunchKernel,attention|concat|copy|elementwise_binary|elementwise_other|elementwise_unary|gemv|reduce,57
react_tool,plan,mir_operator:decode_layer01,219,decode_layer01,,3,1168368,1068747,1244056,202146,279706,cudaLaunchKernel,attention|concat|copy|elementwise_binary|elementwise_other|elementwise_unary|gemv|reduce,57
react_tool,plan,mir_operator:decode_layer02,220,decode_layer02,,3,1161047,1058836,1212004,202176,276639,cudaLaunchKernel,attention|concat|copy|elementwise_binary|elementwise_other|elementwise_unary|gemv|reduce,57
react_tool,plan,mir_operator:decode_layer03,221,decode_layer03,,3,1178637,1088873,1212812,202784,280328,cudaLaunchKernel,attention|concat|copy|elementwise_binary|elementwise_other|elementwise_unary|gemv|reduce,57
react_tool,plan,mir_operator:decode_layer04,222,decode_layer04,,3,1182921,1177779,1202847,201794,283533,cudaLaunchKernel,attention|concat|copy|elementwise_binary|elementwise_other|elementwise_unary|gemv|reduce,57
react_tool,plan,mir_operator:decode_layer05,223,decode_layer05,,3,1212298,1170616,1537550,201825,288264,cudaLaunchKernel,attention|concat|copy|elementwise_binary|elementwise_other|elementwise_unary|gemv|reduce,57
react_tool,plan,mir_operator:decode_layer06,224,decode_layer06,,3,1207378,1179671,1777824,203137,281548,cudaLaunchKernel,attention|concat|copy|elementwise_binary|elementwise_other|elementwise_unary|gemv|reduce,57
react_tool,plan,mir_operator:decode_layer07,225,decode_layer07,,3,1251198,1205768,1295591,202465,295066,cudaLaunchKernel,attention|concat|copy|elementwise_binary|elementwise_other|elementwise_unary|gemv|reduce,57
react_tool,plan,mir_operator:decode_layer08,226,decode_layer08,,3,1220809,1213382,1268386,202401,301805,cudaLaunchKernel,attention|concat|copy|elementwise_binary|elementwise_other|elementwise_unary|gemv|reduce,57
react_tool,plan,mir_operator:decode_layer09,227,decode_layer09,,3,1214551,1211060,1234502,202242,291705,cudaLaunchKernel,attention|concat|copy|elementwise_binary|elementwise_other|elementwise_unary|gemv|reduce,57
react_tool,plan,mir_operator:decode_layer10,228,decode_layer10,,3,1203743,1201938,1207035,201602,286903,cudaLaunchKernel,attention|concat|copy|elementwise_binary|elementwise_other|elementwise_unary|gemv|reduce,57
react_tool,plan,mir_operator:decode_layer11,229,decode_layer11,,3,1195719,1168115,1202283,202016,287224,cudaLaunchKernel,attention|concat|copy|elementwise_binary|elementwise_other|elementwise_unary|gemv|reduce,57
react_tool,plan,mir_operator:decode_layer12,230,decode_layer12,,3,1199186,1123600,1207196,202368,280495,cudaLaunchKernel,attention|concat|copy|elementwise_binary|elementwise_other|elementwise_unary|gemv|reduce,57
react_tool,plan,mir_operator:decode_layer13,231,decode_layer13,,3,1195910,1130009,1205246,201953,286472,cudaLaunchKernel,attention|concat|copy|elementwise_binary|elementwise_other|elementwise_unary|gemv|reduce,57
react_tool,plan,mir_operator:decode_layer14,232,decode_layer14,,3,1204400,1088849,1204590,202049,282191,cudaLaunchKernel,attention|concat|copy|elementwise_binary|elementwise_other|elementwise_unary|gemv|reduce,57
react_tool,plan,mir_operator:decode_layer15,233,decode_layer15,,3,1231303,1192849,1514358,202914,282321,cudaLaunchKernel,attention|concat|copy|elementwise_binary|elementwise_other|elementwise_unary|gemv|reduce,57
react_tool,plan,mir_operator:decode_layer16,234,decode_layer16,,3,1114324,1076911,1164993,203680,254690,cudaLaunchKernel,attention|concat|copy|elementwise_binary|elementwise_other|elementwise_unary|gemv|reduce,57
react_tool,plan,mir_operator:decode_layer17,235,decode_layer17,,3,1096963,1077603,1172487,207168,267745,cudaLaunchKernel,attention|concat|copy|elementwise_binary|elementwise_other|elementwise_unary|gemv|reduce,57
react_tool,plan,mir_operator:decode_layer18,236,decode_layer18,,3,1158900,1086849,1186585,202113,274608,cudaLaunchKernel,attention|concat|copy|elementwise_binary|elementwise_other|elementwise_unary|gemv|reduce,57
react_tool,plan,mir_operator:decode_layer19,237,decode_layer19,,3,1128331,1091833,1212740,202369,268246,cudaLaunchKernel,attention|concat|copy|elementwise_binary|elementwise_other|elementwise_unary|gemv|reduce,57
react_tool,plan,mir_operator:decode_layer20,238,decode_layer20,,3,1106426,1100384,1203470,202240,263072,cudaLaunchKernel,attention|concat|copy|elementwise_binary|elementwise_other|elementwise_unary|gemv|reduce,57
react_tool,plan,mir_operator:decode_layer21,239,decode_layer21,,3,1102797,1094762,1204555,201985,264536,cudaLaunchKernel,attention|concat|copy|elementwise_binary|elementwise_other|elementwise_unary|gemv|reduce,57
react_tool,plan,mir_operator:decode_layer22,240,decode_layer22,,3,1095706,1050855,1196193,202562,268340,cudaLaunchKernel,attention|concat|copy|elementwise_binary|elementwise_other|elementwise_unary|gemv|reduce,57
react_tool,plan,mir_operator:decode_layer23,241,decode_layer23,,3,1073312,1071551,1164549,202465,257379,cudaLaunchKernel,attention|concat|copy|elementwise_binary|elementwise_other|elementwise_unary|gemv|reduce,57
react_tool,plan,mir_operator:decode_layer24,242,decode_layer24,,3,1081554,1070038,1239852,202336,267809,cudaLaunchKernel,attention|concat|copy|elementwise_binary|elementwise_other|elementwise_unary|gemv|reduce,57
react_tool,plan,mir_operator:decode_layer25,243,decode_layer25,,3,1075135,1060001,1201844,203138,262653,cudaLaunchKernel,attention|concat|copy|elementwise_binary|elementwise_other|elementwise_unary|gemv|reduce,57
react_tool,plan,mir_operator:decode_layer26,244,decode_layer26,,3,1094288,1087658,1189663,202721,278645,cudaLaunchKernel,attention|concat|copy|elementwise_binary|elementwise_other|elementwise_unary|gemv|reduce,57
react_tool,plan,mir_operator:decode_layer27,245,decode_layer27,,3,1090645,1041882,1164779,202656,265009,cudaLaunchKernel,attention|concat|copy|elementwise_binary|elementwise_other|elementwise_unary|gemv|reduce,57
react_tool,plan,mir_operator:decode_head,246,decode_head,,3,214448,204978,234716,661380,41407,cudaLaunchKernel,copy|elementwise_binary|elementwise_unary|gemv|reduce,9
react_tool,plan,mir_operator:decode_sample,247,decode_sample,,3,620758,608672,626406,7296,575002,cudaStreamSynchronize,memcpy|memset|reduce,1
react_tool,plan,mir_operator:decode_embed,248,decode_embed,,3,48337,44532,56220,1856,11004,cudaLaunchKernel,other,1
react_tool,plan,mir_operator:decode_layer00,249,decode_layer00,,3,1146927,1127596,1253030,202755,271860,cudaLaunchKernel,attention|concat|copy|elementwise_binary|elementwise_other|elementwise_unary|gemv|reduce,57
react_tool,plan,mir_operator:decode_layer01,250,decode_layer01,,3,1085367,1069503,1185770,202914,262837,cudaLaunchKernel,attention|concat|copy|elementwise_binary|elementwise_other|elementwise_unary|gemv|reduce,57
react_tool,plan,mir_operator:decode_layer02,251,decode_layer02,,3,1062033,1055871,1186929,202339,256463,cudaLaunchKernel,attention|concat|copy|elementwise_binary|elementwise_other|elementwise_unary|gemv|reduce,57
react_tool,plan,mir_operator:decode_layer03,252,decode_layer03,,3,1082089,1056007,1210009,202528,265688,cudaLaunchKernel,attention|concat|copy|elementwise_binary|elementwise_other|elementwise_unary|gemv|reduce,57
react_tool,plan,mir_operator:decode_layer04,253,decode_layer04,,3,1176534,1051253,1184490,202369,275968,cudaLaunchKernel,attention|concat|copy|elementwise_binary|elementwise_other|elementwise_unary|gemv|reduce,57
react_tool,plan,mir_operator:decode_layer05,254,decode_layer05,,3,1156741,1049567,1189297,202273,275555,cudaLaunchKernel,attention|concat|copy|elementwise_binary|elementwise_other|elementwise_unary|gemv|reduce,57
react_tool,plan,mir_operator:decode_layer06,255,decode_layer06,,3,1097471,1049887,1223436,203330,256252,cudaLaunchKernel,attention|concat|copy|elementwise_binary|elementwise_other|elementwise_unary|gemv|reduce,57
react_tool,plan,mir_operator:decode_layer07,256,decode_layer07,,3,1117034,1053273,1220699,202656,262070,cudaLaunchKernel,attention|concat|copy|elementwise_binary|elementwise_other|elementwise_unary|gemv|reduce,57
react_tool,plan,mir_operator:decode_layer08,257,decode_layer08,,3,1106215,1061896,1204651,202081,260962,cudaLaunchKernel,attention|concat|copy|elementwise_binary|elementwise_other|elementwise_unary|gemv|reduce,57
react_tool,plan,mir_operator:decode_layer09,258,decode_layer09,,3,1154270,1100740,1201476,201986,277261,cudaLaunchKernel,attention|concat|copy|elementwise_binary|elementwise_other|elementwise_unary|gemv|reduce,57
react_tool,plan,mir_operator:decode_layer10,259,decode_layer10,,3,1165793,1085875,1197652,201857,276947,cudaLaunchKernel,attention|concat|copy|elementwise_binary|elementwise_other|elementwise_unary|gemv|reduce,57
react_tool,plan,mir_operator:decode_layer11,260,decode_layer11,,3,1147994,1078535,1203455,201536,276948,cudaLaunchKernel,attention|concat|copy|elementwise_binary|elementwise_other|elementwise_unary|gemv|reduce,57
react_tool,plan,mir_operator:decode_layer12,261,decode_layer12,,3,1092941,1065002,1202128,202112,263580,cudaLaunchKernel,attention|concat|copy|elementwise_binary|elementwise_other|elementwise_unary|gemv|reduce,57
react_tool,plan,mir_operator:decode_layer13,262,decode_layer13,,3,1074583,1062115,1191079,202176,260578,cudaLaunchKernel,attention|concat|copy|elementwise_binary|elementwise_other|elementwise_unary|gemv|reduce,57
react_tool,plan,mir_operator:decode_layer14,263,decode_layer14,,3,1066905,1054787,1222705,202209,259201,cudaLaunchKernel,attention|concat|copy|elementwise_binary|elementwise_other|elementwise_unary|gemv|reduce,57
react_tool,plan,mir_operator:decode_layer15,264,decode_layer15,,3,1113891,1038882,1200720,202369,260895,cudaLaunchKernel,attention|concat|copy|elementwise_binary|elementwise_other|elementwise_unary|gemv|reduce,57
react_tool,plan,mir_operator:decode_layer16,265,decode_layer16,,3,1076671,1054359,1192250,206625,254082,cudaLaunchKernel,attention|concat|copy|elementwise_binary|elementwise_other|elementwise_unary|gemv|reduce,57
react_tool,plan,mir_operator:decode_layer17,266,decode_layer17,,3,1089530,1077694,1101130,202592,259508,cudaLaunchKernel,attention|concat|copy|elementwise_binary|elementwise_other|elementwise_unary|gemv|reduce,57
react_tool,plan,mir_operator:decode_layer18,267,decode_layer18,,3,1123576,1105272,1124769,202626,272667,cudaLaunchKernel,attention|concat|copy|elementwise_binary|elementwise_other|elementwise_unary|gemv|reduce,57
react_tool,plan,mir_operator:decode_layer19,268,decode_layer19,,3,1104922,1100560,1124494,201921,264988,cudaLaunchKernel,attention|concat|copy|elementwise_binary|elementwise_other|elementwise_unary|gemv|reduce,57
react_tool,plan,mir_operator:decode_layer20,269,decode_layer20,,3,1117813,1111237,1122433,202336,269688,cudaLaunchKernel,attention|concat|copy|elementwise_binary|elementwise_other|elementwise_unary|gemv|reduce,57
react_tool,plan,mir_operator:decode_layer21,270,decode_layer21,,3,1112788,1106281,1120766,202369,271464,cudaLaunchKernel,attention|concat|copy|elementwise_binary|elementwise_other|elementwise_unary|gemv|reduce,57
react_tool,plan,mir_operator:decode_layer22,271,decode_layer22,,3,1107597,1098873,1112340,202401,265098,cudaLaunchKernel,attention|concat|copy|elementwise_binary|elementwise_other|elementwise_unary|gemv|reduce,57
react_tool,plan,mir_operator:decode_layer23,272,decode_layer23,,3,1102050,1081716,1142551,202082,268925,cudaLaunchKernel,attention|concat|copy|elementwise_binary|elementwise_other|elementwise_unary|gemv|reduce,57
react_tool,plan,mir_operator:decode_layer24,273,decode_layer24,,3,1096486,1079450,1103542,202210,257411,cudaLaunchKernel,attention|concat|copy|elementwise_binary|elementwise_other|elementwise_unary|gemv|reduce,57
react_tool,plan,mir_operator:decode_layer25,274,decode_layer25,,3,1106189,1086479,1131735,202626,266548,cudaLaunchKernel,attention|concat|copy|elementwise_binary|elementwise_other|elementwise_unary|gemv|reduce,57
react_tool,plan,mir_operator:decode_layer26,275,decode_layer26,,3,1081344,1080334,1198589,202785,257789,cudaLaunchKernel,attention|concat|copy|elementwise_binary|elementwise_other|elementwise_unary|gemv|reduce,57
react_tool,plan,mir_operator:decode_layer27,276,decode_layer27,,3,1091424,1070344,1198167,202401,260094,cudaLaunchKernel,attention|concat|copy|elementwise_binary|elementwise_other|elementwise_unary|gemv|reduce,57
react_tool,plan,mir_operator:decode_head,277,decode_head,,3,217514,202078,238764,661187,43368,cudaLaunchKernel,copy|elementwise_binary|elementwise_unary|gemv|reduce,9
react_tool,plan,mir_operator:decode_sample,278,decode_sample,,3,620525,617843,626406,7104,571998,cudaStreamSynchronize,memcpy|memset|reduce,1
react_tool,plan,mir_operator:decode_embed,279,decode_embed,,3,49877,43555,54344,1856,10775,cudaLaunchKernel,other,1
react_tool,plan,mir_operator:decode_layer00,280,decode_layer00,,3,1167832,1129105,1280539,202273,281373,cudaLaunchKernel,attention|concat|copy|elementwise_binary|elementwise_other|elementwise_unary|gemv|reduce,57
react_tool,plan,mir_operator:decode_layer01,281,decode_layer01,,3,1113426,1065041,1218369,202466,261282,cudaLaunchKernel,attention|concat|copy|elementwise_binary|elementwise_other|elementwise_unary|gemv|reduce,57
react_tool,plan,mir_operator:decode_layer02,282,decode_layer02,,3,1103302,1061425,1241376,202273,261658,cudaLaunchKernel,attention|concat|copy|elementwise_binary|elementwise_other|elementwise_unary|gemv|reduce,57
react_tool,plan,mir_operator:decode_layer03,283,decode_layer03,,3,1117737,1052604,1203522,201377,266972,cudaLaunchKernel,attention|concat|copy|elementwise_binary|elementwise_other|elementwise_unary|gemv|reduce,57
react_tool,plan,mir_operator:decode_layer04,284,decode_layer04,,3,1115922,1051704,1204358,202689,268903,cudaLaunchKernel,attention|concat|copy|elementwise_binary|elementwise_other|elementwise_unary|gemv|reduce,57
react_tool,plan,mir_operator:decode_layer05,285,decode_layer05,,3,1124107,1046808,1216369,202722,274435,cudaLaunchKernel,attention|concat|copy|elementwise_binary|elementwise_other|elementwise_unary|gemv|reduce,57
react_tool,plan,mir_operator:decode_layer06,286,decode_layer06,,3,1139144,1058091,1179694,202849,266291,cudaLaunchKernel,attention|concat|copy|elementwise_binary|elementwise_other|elementwise_unary|gemv|reduce,57
react_tool,plan,mir_operator:decode_layer07,287,decode_layer07,,3,1126649,1050585,1192477,202209,270841,cudaLaunchKernel,attention|concat|copy|elementwise_binary|elementwise_other|elementwise_unary|gemv|reduce,57
react_tool,plan,mir_operator:decode_layer08,288,decode_layer08,,3,1101783,1043099,1201974,203009,263339,cudaLaunchKernel,attention|concat|copy|elementwise_binary|elementwise_other|elementwise_unary|gemv|reduce,57
react_tool,plan,mir_operator:decode_layer09,289,decode_layer09,,3,1112137,1058754,1207459,202560,266169,cudaLaunchKernel,attention|concat|copy|elementwise_binary|elementwise_other|elementwise_unary|gemv|reduce,57
react_tool,plan,mir_operator:decode_layer10,290,decode_layer10,,3,1098572,1070383,1200420,201667,268495,cudaLaunchKernel,attention|concat|copy|elementwise_binary|elementwise_other|elementwise_unary|gemv|reduce,57
react_tool,plan,mir_operator:decode_layer11,291,decode_layer11,,3,1127565,1080762,1206877,201568,271017,cudaLaunchKernel,attention|concat|copy|elementwise_binary|elementwise_other|elementwise_unary|gemv|reduce,57
react_tool,plan,mir_operator:decode_layer12,292,decode_layer12,,3,1111713,1070726,1219550,202563,269539,cudaLaunchKernel,attention|concat|copy|elementwise_binary|elementwise_other|elementwise_unary|gemv|reduce,57
react_tool,plan,mir_operator:decode_layer13,293,decode_layer13,,3,1104183,1068248,1221797,202337,261173,cudaLaunchKernel,attention|concat|copy|elementwise_binary|elementwise_other|elementwise_unary|gemv|reduce,57
react_tool,plan,mir_operator:decode_layer14,294,decode_layer14,,3,1126200,1070955,1209137,202464,268508,cudaLaunchKernel,attention|concat|copy|elementwise_binary|elementwise_other|elementwise_unary|gemv|reduce,57
react_tool,plan,mir_operator:decode_layer15,295,decode_layer15,,3,1205347,1081172,1239257,201952,281051,cudaLaunchKernel,attention|concat|copy|elementwise_binary|elementwise_other|elementwise_unary|gemv|reduce,57
react_tool,plan,mir_operator:decode_layer16,296,decode_layer16,,3,1164491,1074064,1218338,209089,279640,cudaLaunchKernel,attention|concat|copy|elementwise_binary|elementwise_other|elementwise_unary|gemv|reduce,57
react_tool,plan,mir_operator:decode_layer17,297,decode_layer17,,3,1159846,1061913,1215447,203267,276284,cudaLaunchKernel,attention|concat|copy|elementwise_binary|elementwise_other|elementwise_unary|gemv|reduce,57
react_tool,plan,mir_operator:decode_layer18,298,decode_layer18,,3,1147118,1071302,1199981,201793,275243,cudaLaunchKernel,attention|concat|copy|elementwise_binary|elementwise_other|elementwise_unary|gemv|reduce,57
react_tool,plan,mir_operator:decode_layer19,299,decode_layer19,,3,1124954,1085896,1210849,201985,266862,cudaLaunchKernel,attention|concat|copy|elementwise_binary|elementwise_other|elementwise_unary|gemv|reduce,57
react_tool,plan,mir_operator:decode_layer20,300,decode_layer20,,3,1110764,1046207,1215522,202017,269369,cudaLaunchKernel,attention|concat|copy|elementwise_binary|elementwise_other|elementwise_unary|gemv|reduce,57
react_tool,plan,mir_operator:decode_layer21,301,decode_layer21,,3,1103770,1047894,1225040,202176,264779,cudaLaunchKernel,attention|concat|copy|elementwise_binary|elementwise_other|elementwise_unary|gemv|reduce,57
react_tool,plan,mir_operator:decode_layer22,302,decode_layer22,,3,1104025,1048168,1226747,202401,262237,cudaLaunchKernel,attention|concat|copy|elementwise_binary|elementwise_other|elementwise_unary|gemv|reduce,57
react_tool,plan,mir_operator:decode_layer23,303,decode_layer23,,3,1101547,1044011,1272531,202272,273269,cudaLaunchKernel,attention|concat|copy|elementwise_binary|elementwise_other|elementwise_unary|gemv|reduce,57
react_tool,plan,mir_operator:decode_layer24,304,decode_layer24,,3,1102759,1041856,1232093,201633,272863,cudaLaunchKernel,attention|concat|copy|elementwise_binary|elementwise_other|elementwise_unary|gemv|reduce,57
react_tool,plan,mir_operator:decode_layer25,305,decode_layer25,,3,1074733,1043166,1208757,202816,261022,cudaLaunchKernel,attention|concat|copy|elementwise_binary|elementwise_other|elementwise_unary|gemv|reduce,57
react_tool,plan,mir_operator:decode_layer26,306,decode_layer26,,3,1079693,1042432,1212418,202948,257985,cudaLaunchKernel,attention|concat|copy|elementwise_binary|elementwise_other|elementwise_unary|gemv|reduce,57
react_tool,plan,mir_operator:decode_layer27,307,decode_layer27,,3,1074255,1049337,1210221,202817,262001,cudaLaunchKernel,attention|concat|copy|elementwise_binary|elementwise_other|elementwise_unary|gemv|reduce,57
react_tool,plan,mir_operator:decode_head,308,decode_head,,3,220273,210901,252426,661252,42915,cudaLaunchKernel,copy|elementwise_binary|elementwise_unary|gemv|reduce,9
react_tool,plan,mir_operator:decode_sample,309,decode_sample,,3,606338,583402,636689,7104,562132,cudaStreamSynchronize,memcpy|memset|reduce,1
react_tool,plan,mir_operator:decode_embed,310,decode_embed,,3,53589,51300,62573,1888,13257,cudaLaunchKernel,other,1
react_tool,plan,mir_operator:decode_layer00,311,decode_layer00,,3,1264789,1128518,1296826,202945,296094,cudaLaunchKernel,attention|concat|copy|elementwise_binary|elementwise_other|elementwise_unary|gemv|reduce,57
react_tool,plan,mir_operator:decode_layer01,312,decode_layer01,,3,1218526,1086252,1285236,201825,294326,cudaLaunchKernel,attention|concat|copy|elementwise_binary|elementwise_other|elementwise_unary|gemv|reduce,57
react_tool,plan,mir_operator:decode_layer02,313,decode_layer02,,3,1223330,1086328,1250950,202208,288515,cudaLaunchKernel,attention|concat|copy|elementwise_binary|elementwise_other|elementwise_unary|gemv|reduce,57
react_tool,plan,mir_operator:decode_layer03,314,decode_layer03,,3,1206846,1085796,1219964,202306,283997,cudaLaunchKernel,attention|concat|copy|elementwise_binary|elementwise_other|elementwise_unary|gemv|reduce,57
react_tool,plan,mir_operator:decode_layer04,315,decode_layer04,,3,1199818,1077723,1207782,202017,282360,cudaLaunchKernel,attention|concat|copy|elementwise_binary|elementwise_other|elementwise_unary|gemv|reduce,57
react_tool,plan,mir_operator:decode_layer05,316,decode_layer05,,3,1195524,1090594,1284778,202306,279152,cudaLaunchKernel,attention|concat|copy|elementwise_binary|elementwise_other|elementwise_unary|gemv|reduce,57
react_tool,plan,mir_operator:decode_layer06,317,decode_layer06,,3,1206711,1077864,1235911,203201,284360,cudaLaunchKernel,attention|concat|copy|elementwise_binary|elementwise_other|elementwise_unary|gemv|reduce,57
react_tool,plan,mir_operator:decode_layer07,318,decode_layer07,,3,1209162,1092024,1238524,201856,276806,cudaLaunchKernel,attention|concat|copy|elementwise_binary|elementwise_other|elementwise_unary|gemv|reduce,57
react_tool,plan,mir_operator:decode_layer08,319,decode_layer08,,3,1202513,1107336,1213713,201986,283520,cudaLaunchKernel,attention|concat|copy|elementwise_binary|elementwise_other|elementwise_unary|gemv|reduce,57
react_tool,plan,mir_operator:decode_layer09,320,decode_layer09,,3,1217287,1093681,1245201,202561,288829,cudaLaunchKernel,attention|concat|copy|elementwise_binary|elementwise_other|elementwise_unary|gemv|reduce,57
react_tool,plan,mir_operator:decode_layer10,321,decode_layer10,,3,1219382,1082300,1249000,201824,284364,cudaLaunchKernel,attention|concat|copy|elementwise_binary|elementwise_other|elementwise_unary|gemv|reduce,57
react_tool,plan,mir_operator:decode_layer11,322,decode_layer11,,3,1204900,1065635,1221031,201890,284994,cudaLaunchKernel,attention|concat|copy|elementwise_binary|elementwise_other|elementwise_unary|gemv|reduce,57
react_tool,plan,mir_operator:decode_layer12,323,decode_layer12,,3,1199912,1052130,1228226,202529,282220,cudaLaunchKernel,attention|concat|copy|elementwise_binary|elementwise_other|elementwise_unary|gemv|reduce,57
react_tool,plan,mir_operator:decode_layer13,324,decode_layer13,,3,1201945,1052603,1226045,202017,284918,cudaLaunchKernel,attention|concat|copy|elementwise_binary|elementwise_other|elementwise_unary|gemv|reduce,57
react_tool,plan,mir_operator:decode_layer14,325,decode_layer14,,3,1177082,1160502,1198724,201987,278085,cudaLaunchKernel,attention|concat|copy|elementwise_binary|elementwise_other|elementwise_unary|gemv|reduce,57
react_tool,plan,mir_operator:decode_layer15,326,decode_layer15,,3,1180000,1090197,1254886,203842,274843,cudaLaunchKernel,attention|concat|copy|elementwise_binary|elementwise_other|elementwise_unary|gemv|reduce,57
react_tool,plan,mir_operator:decode_layer16,327,decode_layer16,,3,1201612,1081677,1229184,202561,284028,cudaLaunchKernel,attention|concat|copy|elementwise_binary|elementwise_other|elementwise_unary|gemv|reduce,57
react_tool,plan,mir_operator:decode_layer17,328,decode_layer17,,3,1194479,1102863,1204095,202722,280069,cudaLaunchKernel,attention|concat|copy|elementwise_binary|elementwise_other|elementwise_unary|gemv|reduce,57
react_tool,plan,mir_operator:decode_layer18,329,decode_layer18,,3,1152127,1100304,1172742,202785,272031,cudaLaunchKernel,attention|concat|copy|elementwise_binary|elementwise_other|elementwise_unary|gemv|reduce,57
react_tool,plan,mir_operator:decode_layer19,330,decode_layer19,,3,1087115,1072808,1179890,203010,260859,cudaLaunchKernel,attention|concat|copy|elementwise_binary|elementwise_other|elementwise_unary|gemv|reduce,57
react_tool,plan,mir_operator:decode_layer20,331,decode_layer20,,3,1104424,1086131,1171870,202081,270576,cudaLaunchKernel,attention|concat|copy|elementwise_binary|elementwise_other|elementwise_unary|gemv|reduce,57
react_tool,plan,mir_operator:decode_layer21,332,decode_layer21,,3,1098322,1081875,1165585,201761,260681,cudaLaunchKernel,attention|concat|copy|elementwise_binary|elementwise_other|elementwise_unary|gemv|reduce,57
react_tool,plan,mir_operator:decode_layer22,333,decode_layer22,,3,1141797,1071213,1189919,202433,274431,cudaLaunchKernel,attention|concat|copy|elementwise_binary|elementwise_other|elementwise_unary|gemv|reduce,57
react_tool,plan,mir_operator:decode_layer23,334,decode_layer23,,3,1143548,1091025,1215943,201698,276196,cudaLaunchKernel,attention|concat|copy|elementwise_binary|elementwise_other|elementwise_unary|gemv|reduce,57
react_tool,plan,mir_operator:decode_layer24,335,decode_layer24,,3,1162407,1080708,1255073,202786,278206,cudaLaunchKernel,attention|concat|copy|elementwise_binary|elementwise_other|elementwise_unary|gemv|reduce,57
react_tool,plan,mir_operator:decode_layer25,336,decode_layer25,,3,1176956,1083554,1210194,202337,282973,cudaLaunchKernel,attention|concat|copy|elementwise_binary|elementwise_other|elementwise_unary|gemv|reduce,57
react_tool,plan,mir_operator:decode_layer26,337,decode_layer26,,3,1189784,1103649,1204003,202176,285123,cudaLaunchKernel,attention|concat|copy|elementwise_binary|elementwise_other|elementwise_unary|gemv|reduce,57
react_tool,plan,mir_operator:decode_layer27,338,decode_layer27,,3,1201442,1154156,1206948,202561,286950,cudaLaunchKernel,attention|concat|copy|elementwise_binary|elementwise_other|elementwise_unary|gemv|reduce,57
react_tool,plan,mir_operator:decode_head,339,decode_head,,3,238787,228802,242896,662084,45808,cudaLaunchKernel,copy|elementwise_binary|elementwise_unary|gemv|reduce,9
react_tool,plan,mir_operator:decode_sample,340,decode_sample,,3,614477,613080,617691,7136,564923,cudaStreamSynchronize,memcpy|memset|reduce,1
react_tool,plan,mir_operator:decode_embed,341,decode_embed,,3,59473,57114,60810,1888,12424,cudaLaunchKernel,other,1
react_tool,plan,mir_operator:decode_layer00,342,decode_layer00,,3,1288911,1273572,1290052,204320,298704,cudaLaunchKernel,attention|concat|copy|elementwise_binary|elementwise_other|elementwise_unary|gemv|reduce,57
react_tool,plan,mir_operator:decode_layer01,343,decode_layer01,,3,1238155,1220201,1244715,202721,288400,cudaLaunchKernel,attention|concat|copy|elementwise_binary|elementwise_other|elementwise_unary|gemv|reduce,57
react_tool,plan,mir_operator:decode_layer02,344,decode_layer02,,3,1226591,1200836,1227279,202434,288836,cudaLaunchKernel,attention|concat|copy|elementwise_binary|elementwise_other|elementwise_unary|gemv|reduce,57
react_tool,plan,mir_operator:decode_layer03,345,decode_layer03,,3,1184205,1179362,1216440,202241,278933,cudaLaunchKernel,attention|concat|copy|elementwise_binary|elementwise_other|elementwise_unary|gemv|reduce,57
react_tool,plan,mir_operator:decode_layer04,346,decode_layer04,,3,1186498,1171555,1211170,203681,273569,cudaLaunchKernel,attention|concat|copy|elementwise_binary|elementwise_other|elementwise_unary|gemv|reduce,57
react_tool,plan,mir_operator:decode_layer05,347,decode_layer05,,3,1200787,1173043,1245811,203425,279901,cudaLaunchKernel,attention|concat|copy|elementwise_binary|elementwise_other|elementwise_unary|gemv|reduce,57
react_tool,plan,mir_operator:decode_layer06,348,decode_layer06,,3,1200198,1194273,1218864,203105,285159,cudaLaunchKernel,attention|concat|copy|elementwise_binary|elementwise_other|elementwise_unary|gemv|reduce,57
react_tool,plan,mir_operator:decode_layer07,349,decode_layer07,,3,1174028,1165217,1213425,202433,276646,cudaLaunchKernel,attention|concat|copy|elementwise_binary|elementwise_other|elementwise_unary|gemv|reduce,57
react_tool,plan,mir_operator:decode_layer08,350,decode_layer08,,3,1161931,1114509,1202396,202817,275907,cudaLaunchKernel,attention|concat|copy|elementwise_binary|elementwise_other|elementwise_unary|gemv|reduce,57
react_tool,plan,mir_operator:decode_layer09,351,decode_layer09,,3,1170994,1101570,1209211,203684,279109,cudaLaunchKernel,attention|concat|copy|elementwise_binary|elementwise_other|elementwise_unary|gemv|reduce,57
react_tool,plan,mir_operator:decode_layer10,352,decode_layer10,,3,1115433,1097153,1222670,202305,270541,cudaLaunchKernel,attention|concat|copy|elementwise_binary|elementwise_other|elementwise_unary|gemv|reduce,57
react_tool,plan,mir_operator:decode_layer11,353,decode_layer11,,3,1129780,1128919,1258405,202977,269568,cudaLaunchKernel,attention|concat|copy|elementwise_binary|elementwise_other|elementwise_unary|gemv|reduce,57
react_tool,plan,mir_operator:decode_layer12,354,decode_layer12,,3,1109878,1088069,1215697,203202,273223,cudaLaunchKernel,attention|concat|copy|elementwise_binary|elementwise_other|elementwise_unary|gemv|reduce,57
react_tool,plan,mir_operator:decode_layer13,355,decode_layer13,,3,1106618,1083077,1229107,203168,272798,cudaLaunchKernel,attention|concat|copy|elementwise_binary|elementwise_other|elementwise_unary|gemv|reduce,57
react_tool,plan,mir_operator:decode_layer14,356,decode_layer14,,3,1096905,1081518,1207626,283170,261781,cudaLaunchKernel,attention|concat|copy|elementwise_binary|elementwise_other|elementwise_unary|gemv|reduce,57
react_tool,plan,mir_operator:decode_layer15,357,decode_layer15,,3,1122640,1075429,1176482,203362,264636,cudaLaunchKernel,attention|concat|copy|elementwise_binary|elementwise_other|elementwise_unary|gemv|reduce,57
react_tool,plan,mir_operator:decode_layer16,358,decode_layer16,,3,1081031,1079066,1175420,202337,259268,cudaLaunchKernel,attention|concat|copy|elementwise_binary|elementwise_other|elementwise_unary|gemv|reduce,57
react_tool,plan,mir_operator:decode_layer17,359,decode_layer17,,3,1074348,1068107,1172899,203297,262962,cudaLaunchKernel,attention|concat|copy|elementwise_binary|elementwise_other|elementwise_unary|gemv|reduce,57
react_tool,plan,mir_operator:decode_layer18,360,decode_layer18,,3,1122063,1095806,1218308,203009,268777,cudaLaunchKernel,attention|concat|copy|elementwise_binary|elementwise_other|elementwise_unary|gemv|reduce,57
react_tool,plan,mir_operator:decode_layer19,361,decode_layer19,,3,1083977,1078942,1209188,203074,264947,cudaLaunchKernel,attention|concat|copy|elementwise_binary|elementwise_other|elementwise_unary|gemv|reduce,57
react_tool,plan,mir_operator:decode_layer20,362,decode_layer20,,3,1103960,1074662,1211743,203041,264571,cudaLaunchKernel,attention|concat|copy|elementwise_binary|elementwise_other|elementwise_unary|gemv|reduce,57
react_tool,plan,mir_operator:decode_layer21,363,decode_layer21,,3,1078648,1050300,1239124,202881,260767,cudaLaunchKernel,attention|concat|copy|elementwise_binary|elementwise_other|elementwise_unary|gemv|reduce,57
react_tool,plan,mir_operator:decode_layer22,364,decode_layer22,,3,1076894,1045408,1216987,202656,256433,cudaLaunchKernel,attention|concat|copy|elementwise_binary|elementwise_other|elementwise_unary|gemv|reduce,57
react_tool,plan,mir_operator:decode_layer23,365,decode_layer23,,3,1093005,1053051,1208551,202273,263218,cudaLaunchKernel,attention|concat|copy|elementwise_binary|elementwise_other|elementwise_unary|gemv|reduce,57
react_tool,plan,mir_operator:decode_layer24,366,decode_layer24,,3,1099993,1061082,1203082,203360,264650,cudaLaunchKernel,attention|concat|copy|elementwise_binary|elementwise_other|elementwise_unary|gemv|reduce,57
react_tool,plan,mir_operator:decode_layer25,367,decode_layer25,,3,1217739,1100100,1321265,203745,288619,cudaLaunchKernel,attention|concat|copy|elementwise_binary|elementwise_other|elementwise_unary|gemv|reduce,57
react_tool,plan,mir_operator:decode_layer26,368,decode_layer26,,3,1202346,1097855,1258644,203777,286422,cudaLaunchKernel,attention|concat|copy|elementwise_binary|elementwise_other|elementwise_unary|gemv|reduce,57
react_tool,plan,mir_operator:decode_layer27,369,decode_layer27,,3,1116151,1098784,1227915,202881,273828,cudaLaunchKernel,attention|concat|copy|elementwise_binary|elementwise_other|elementwise_unary|gemv|reduce,57
react_tool,plan,mir_operator:decode_head,370,decode_head,,3,229079,213267,237191,663076,46545,cudaLaunchKernel,copy|elementwise_binary|elementwise_unary|gemv|reduce,9
react_tool,plan,mir_operator:decode_sample,371,decode_sample,,3,622017,613937,626695,7104,570931,cudaStreamSynchronize,memcpy|memset|reduce,1
react_tool,plan,mir_operator:decode_embed,372,decode_embed,,3,49457,46678,53043,1888,11157,cudaLaunchKernel,other,1
react_tool,plan,mir_operator:decode_layer00,373,decode_layer00,,3,1170490,1149706,1194175,295875,281588,cudaLaunchKernel,attention|concat|copy|elementwise_binary|elementwise_other|elementwise_unary|gemv|reduce,57
react_tool,plan,mir_operator:decode_layer01,374,decode_layer01,,3,1139517,1099011,1193127,203042,278383,cudaLaunchKernel,attention|concat|copy|elementwise_binary|elementwise_other|elementwise_unary|gemv|reduce,57
react_tool,plan,mir_operator:decode_layer02,375,decode_layer02,,3,1173487,1087792,1186402,202913,277980,cudaLaunchKernel,attention|concat|copy|elementwise_binary|elementwise_other|elementwise_unary|gemv|reduce,57
react_tool,plan,mir_operator:decode_layer03,376,decode_layer03,,3,1164707,1146324,1179078,201858,274461,cudaLaunchKernel,attention|concat|copy|elementwise_binary|elementwise_other|elementwise_unary|gemv|reduce,57
react_tool,plan,mir_operator:decode_layer04,377,decode_layer04,,3,1165587,1119132,1193827,202465,276487,cudaLaunchKernel,attention|concat|copy|elementwise_binary|elementwise_other|elementwise_unary|gemv|reduce,57
react_tool,plan,mir_operator:decode_layer05,378,decode_layer05,,3,1175567,1171896,1606881,202625,282759,cudaLaunchKernel,attention|concat|copy|elementwise_binary|elementwise_other|elementwise_unary|gemv|reduce,57
react_tool,plan,mir_operator:decode_layer06,379,decode_layer06,,3,1175478,1111192,1351626,202912,284038,cudaLaunchKernel,attention|concat|copy|elementwise_binary|elementwise_other|elementwise_unary|gemv|reduce,57
react_tool,plan,mir_operator:decode_layer07,380,decode_layer07,,3,1128234,1113353,1237499,202593,275442,cudaLaunchKernel,attention|concat|copy|elementwise_binary|elementwise_other|elementwise_unary|gemv|reduce,57
react_tool,plan,mir_operator:decode_layer08,381,decode_layer08,,3,1151645,1114543,1220127,201953,271183,cudaLaunchKernel,attention|concat|copy|elementwise_binary|elementwise_other|elementwise_unary|gemv|reduce,57
react_tool,plan,mir_operator:decode_layer09,382,decode_layer09,,3,1159682,1154730,1229870,203042,304447,cudaLaunchKernel,attention|concat|copy|elementwise_binary|elementwise_other|elementwise_unary|gemv|reduce,57
react_tool,plan,mir_operator:decode_layer10,383,decode_layer10,,3,1097910,1088246,1216738,202880,261519,cudaLaunchKernel,attention|concat|copy|elementwise_binary|elementwise_other|elementwise_unary|gemv|reduce,57
react_tool,plan,mir_operator:decode_layer11,384,decode_layer11,,3,1081143,1079512,1259140,201507,261070,cudaLaunchKernel,attention|concat|copy|elementwise_binary|elementwise_other|elementwise_unary|gemv|reduce,57
react_tool,plan,mir_operator:decode_layer12,385,decode_layer12,,3,1077776,1076011,1215966,202785,260879,cudaLaunchKernel,attention|concat|copy|elementwise_binary|elementwise_other|elementwise_unary|gemv|reduce,57
react_tool,plan,mir_operator:decode_layer13,386,decode_layer13,,3,1073589,1072162,1169752,203170,262873,cudaLaunchKernel,attention|concat|copy|elementwise_binary|elementwise_other|elementwise_unary|gemv|reduce,57
react_tool,plan,mir_operator:decode_layer14,387,decode_layer14,,3,1072929,1072768,1204266,202785,259722,cudaLaunchKernel,attention|concat|copy|elementwise_binary|elementwise_other|elementwise_unary|gemv|reduce,57
react_tool,plan,mir_operator:decode_layer15,388,decode_layer15,,3,1107649,1065484,1204445,202210,266406,cudaLaunchKernel,attention|concat|copy|elementwise_binary|elementwise_other|elementwise_unary|gemv|reduce,57
react_tool,plan,mir_operator:decode_layer16,389,decode_layer16,,3,1173133,1050880,1207756,202529,276794,cudaLaunchKernel,attention|concat|copy|elementwise_binary|elementwise_other|elementwise_unary|gemv|reduce,57
react_tool,plan,mir_operator:decode_layer17,390,decode_layer17,,3,1201840,1053540,1497145,202592,282322,cudaLaunchKernel,attention|concat|copy|elementwise_binary|elementwise_other|elementwise_unary|gemv|reduce,57
react_tool,plan,mir_operator:decode_layer18,391,decode_layer18,,3,1168518,1071806,1240384,202465,277774,cudaLaunchKernel,attention|concat|copy|elementwise_binary|elementwise_other|elementwise_unary|gemv|reduce,57
react_tool,plan,mir_operator:decode_layer19,392,decode_layer19,,3,1129370,1043802,1235104,201857,269764,cudaLaunchKernel,attention|concat|copy|elementwise_binary|elementwise_other|elementwise_unary|gemv|reduce,57
react_tool,plan,mir_operator:decode_layer20,393,decode_layer20,,3,1097789,1040952,1200858,202080,265427,cudaLaunchKernel,attention|concat|copy|elementwise_binary|elementwise_other|elementwise_unary|gemv|reduce,57
react_tool,plan,mir_operator:decode_layer21,394,decode_layer21,,3,1093150,1042323,1208657,201952,259195,cudaLaunchKernel,attention|concat|copy|elementwise_binary|elementwise_other|elementwise_unary|gemv|reduce,57
react_tool,plan,mir_operator:decode_layer22,395,decode_layer22,,3,1106927,1044930,1206722,203265,263169,cudaLaunchKernel,attention|concat|copy|elementwise_binary|elementwise_other|elementwise_unary|gemv|reduce,57
react_tool,plan,mir_operator:decode_layer23,396,decode_layer23,,3,1182943,1040378,1201160,202433,280607,cudaLaunchKernel,attention|concat|copy|elementwise_binary|elementwise_other|elementwise_unary|gemv|reduce,57
react_tool,plan,mir_operator:decode_layer24,397,decode_layer24,,3,1195432,1036087,1199788,201665,282882,cudaLaunchKernel,attention|concat|copy|elementwise_binary|elementwise_other|elementwise_unary|gemv|reduce,57
react_tool,plan,mir_operator:decode_layer25,398,decode_layer25,,3,1206477,1055754,1216702,202336,283205,cudaLaunchKernel,attention|concat|copy|elementwise_binary|elementwise_other|elementwise_unary|gemv|reduce,57
react_tool,plan,mir_operator:decode_layer26,399,decode_layer26,,3,1172723,1062660,1199260,202402,283029,cudaLaunchKernel,attention|concat|copy|elementwise_binary|elementwise_other|elementwise_unary|gemv|reduce,57
react_tool,plan,mir_operator:decode_layer27,400,decode_layer27,,3,1172504,1100493,1244902,203426,276379,cudaLaunchKernel,attention|concat|copy|elementwise_binary|elementwise_other|elementwise_unary|gemv|reduce,57
react_tool,plan,mir_operator:decode_head,401,decode_head,,3,240862,226382,246560,667012,47084,cudaLaunchKernel,copy|elementwise_binary|elementwise_unary|gemv|reduce,9
react_tool,plan,mir_operator:decode_sample,402,decode_sample,,3,630114,613282,729960,7104,586814,cudaStreamSynchronize,memcpy|memset|reduce,1
react_tool,plan,mir_operator:decode_embed,403,decode_embed,,3,53650,52697,58080,1888,12107,cudaLaunchKernel,other,1
react_tool,plan,mir_operator:decode_layer00,404,decode_layer00,,3,1285244,1172873,1295319,203587,295025,cudaLaunchKernel,attention|concat|copy|elementwise_binary|elementwise_other|elementwise_unary|gemv|reduce,57
react_tool,plan,mir_operator:decode_layer01,405,decode_layer01,,3,1225974,1108407,1234913,202308,287089,cudaLaunchKernel,attention|concat|copy|elementwise_binary|elementwise_other|elementwise_unary|gemv|reduce,57
react_tool,plan,mir_operator:decode_layer02,406,decode_layer02,,3,1213496,1114178,1225223,202721,285399,cudaLaunchKernel,attention|concat|copy|elementwise_binary|elementwise_other|elementwise_unary|gemv|reduce,57
react_tool,plan,mir_operator:decode_layer03,407,decode_layer03,,3,1213658,1112217,1218091,202947,280385,cudaLaunchKernel,attention|concat|copy|elementwise_binary|elementwise_other|elementwise_unary|gemv|reduce,57
react_tool,plan,mir_operator:decode_layer04,408,decode_layer04,,3,1198483,1103100,1255616,202657,278157,cudaLaunchKernel,attention|concat|copy|elementwise_binary|elementwise_other|elementwise_unary|gemv|reduce,57
react_tool,plan,mir_operator:decode_layer05,409,decode_layer05,,3,1200799,1061796,1218400,203042,279998,cudaLaunchKernel,attention|concat|copy|elementwise_binary|elementwise_other|elementwise_unary|gemv|reduce,57
react_tool,plan,mir_operator:decode_layer06,410,decode_layer06,,3,1204969,1035897,1260433,203264,286433,cudaLaunchKernel,attention|concat|copy|elementwise_binary|elementwise_other|elementwise_unary|gemv|reduce,57
react_tool,plan,mir_operator:decode_layer07,411,decode_layer07,,3,1201804,1066277,1213396,202530,285190,cudaLaunchKernel,attention|concat|copy|elementwise_binary|elementwise_other|elementwise_unary|gemv|reduce,57
react_tool,plan,mir_operator:decode_layer08,412,decode_layer08,,3,1172157,1039189,1209618,202561,278879,cudaLaunchKernel,attention|concat|copy|elementwise_binary|elementwise_other|elementwise_unary|gemv|reduce,57
react_tool,plan,mir_operator:decode_layer09,413,decode_layer09,,3,1204292,1037037,1206002,202051,285221,cudaLaunchKernel,attention|concat|copy|elementwise_binary|elementwise_other|elementwise_unary|gemv|reduce,57
react_tool,plan,mir_operator:decode_layer10,414,decode_layer10,,3,1169115,1073708,1195490,202657,277427,cudaLaunchKernel,attention|concat|copy|elementwise_binary|elementwise_other|elementwise_unary|gemv|reduce,57
react_tool,plan,mir_operator:decode_layer11,415,decode_layer11,,3,1185028,1089420,1204532,202370,281972,cudaLaunchKernel,attention|concat|copy|elementwise_binary|elementwise_other|elementwise_unary|gemv|reduce,57
react_tool,plan,mir_operator:decode_layer12,416,decode_layer12,,3,1106719,1084011,1256111,202849,261879,cudaLaunchKernel,attention|concat|copy|elementwise_binary|elementwise_other|elementwise_unary|gemv|reduce,57
react_tool,plan,mir_operator:decode_layer13,417,decode_layer13,,3,1160035,1102598,1171482,202496,274087,cudaLaunchKernel,attention|concat|copy|elementwise_binary|elementwise_other|elementwise_unary|gemv|reduce,57
react_tool,plan,mir_operator:decode_layer14,418,decode_layer14,,3,1200600,1138624,1202079,203234,278103,cudaLaunchKernel,attention|concat|copy|elementwise_binary|elementwise_other|elementwise_unary|gemv|reduce,57
react_tool,plan,mir_operator:decode_layer15,419,decode_layer15,,3,1197399,1098408,1204641,203201,287374,cudaLaunchKernel,attention|concat|copy|elementwise_binary|elementwise_other|elementwise_unary|gemv|reduce,57
react_tool,plan,mir_operator:decode_layer16,420,decode_layer16,,3,1199020,1104380,1220078,202401,281591,cudaLaunchKernel,attention|concat|copy|elementwise_binary|elementwise_other|elementwise_unary|gemv|reduce,57
react_tool,plan,mir_operator:decode_layer17,421,decode_layer17,,3,1197036,1095340,1198400,202497,278144,cudaLaunchKernel,attention|concat|copy|elementwise_binary|elementwise_other|elementwise_unary|gemv|reduce,57
react_tool,plan,mir_operator:decode_layer18,422,decode_layer18,,3,1177514,1063873,1224814,202369,283709,cudaLaunchKernel,attention|concat|copy|elementwise_binary|elementwise_other|elementwise_unary|gemv|reduce,57
react_tool,plan,mir_operator:decode_layer19,423,decode_layer19,,3,1176059,1045600,1201537,202145,279418,cudaLaunchKernel,attention|concat|copy|elementwise_binary|elementwise_other|elementwise_unary|gemv|reduce,57
react_tool,plan,mir_operator:decode_layer20,424,decode_layer20,,3,1202837,1055375,1231236,202721,283721,cudaLaunchKernel,attention|concat|copy|elementwise_binary|elementwise_other|elementwise_unary|gemv|reduce,57
react_tool,plan,mir_operator:decode_layer21,425,decode_layer21,,3,1209445,1074318,1211562,202945,281206,cudaLaunchKernel,attention|concat|copy|elementwise_binary|elementwise_other|elementwise_unary|gemv|reduce,57
react_tool,plan,mir_operator:decode_layer22,426,decode_layer22,,3,1222199,1073134,1230872,202433,288645,cudaLaunchKernel,attention|concat|copy|elementwise_binary|elementwise_other|elementwise_unary|gemv|reduce,57
react_tool,plan,mir_operator:decode_layer23,427,decode_layer23,,3,1205785,1142716,1209313,202020,283277,cudaLaunchKernel,attention|concat|copy|elementwise_binary|elementwise_other|elementwise_unary|gemv|reduce,57
react_tool,plan,mir_operator:decode_layer24,428,decode_layer24,,3,1208738,1121443,1247222,203331,288543,cudaLaunchKernel,attention|concat|copy|elementwise_binary|elementwise_other|elementwise_unary|gemv|reduce,57
react_tool,plan,mir_operator:decode_layer25,429,decode_layer25,,3,1203779,1111534,1206014,202912,287071,cudaLaunchKernel,attention|concat|copy|elementwise_binary|elementwise_other|elementwise_unary|gemv|reduce,57
react_tool,plan,mir_operator:decode_layer26,430,decode_layer26,,3,1203688,1103087,1217398,203427,280389,cudaLaunchKernel,attention|concat|copy|elementwise_binary|elementwise_other|elementwise_unary|gemv|reduce,57
react_tool,plan,mir_operator:decode_layer27,431,decode_layer27,,3,1212400,1111789,1220636,202464,285830,cudaLaunchKernel,attention|concat|copy|elementwise_binary|elementwise_other|elementwise_unary|gemv|reduce,57
react_tool,plan,mir_operator:decode_head,432,decode_head,,3,242575,229776,247778,661476,49369,cudaLaunchKernel,copy|elementwise_binary|elementwise_unary|gemv|reduce,9
react_tool,plan,mir_operator:decode_sample,433,decode_sample,,3,615491,613576,620115,7008,562223,cudaStreamSynchronize,memcpy|memset|reduce,1
react_tool,plan,mir_operator:decode_embed,434,decode_embed,,3,60263,60078,63916,1888,13462,cudaLaunchKernel,other,1
react_tool,plan,mir_operator:decode_layer00,435,decode_layer00,,3,1290224,1174300,1295934,202880,293187,cudaLaunchKernel,attention|concat|copy|elementwise_binary|elementwise_other|elementwise_unary|gemv|reduce,57
react_tool,plan,mir_operator:decode_layer01,436,decode_layer01,,3,1223017,1168825,1228341,202432,284291,cudaLaunchKernel,attention|concat|copy|elementwise_binary|elementwise_other|elementwise_unary|gemv|reduce,57
react_tool,plan,mir_operator:decode_layer02,437,decode_layer02,,3,1204260,1184020,1259992,202497,282456,cudaLaunchKernel,attention|concat|copy|elementwise_binary|elementwise_other|elementwise_unary|gemv|reduce,57
react_tool,plan,mir_operator:decode_layer03,438,decode_layer03,,3,1219755,1110014,1223219,202531,284820,cudaLaunchKernel,attention|concat|copy|elementwise_binary|elementwise_other|elementwise_unary|gemv|reduce,57
react_tool,plan,mir_operator:decode_layer04,439,decode_layer04,,3,1214038,1045316,1219097,201729,281081,cudaLaunchKernel,attention|concat|copy|elementwise_binary|elementwise_other|elementwise_unary|gemv|reduce,57
react_tool,plan,mir_operator:decode_layer05,440,decode_layer05,,3,1197061,1048094,1206768,202370,283870,cudaLaunchKernel,attention|concat|copy|elementwise_binary|elementwise_other|elementwise_unary|gemv|reduce,57
react_tool,plan,mir_operator:decode_layer06,441,decode_layer06,,3,1142080,1044783,1210635,203457,279801,cudaLaunchKernel,attention|concat|copy|elementwise_binary|elementwise_other|elementwise_unary|gemv|reduce,57
react_tool,plan,mir_operator:decode_layer07,442,decode_layer07,,3,1135533,1050693,1197500,202465,278474,cudaLaunchKernel,attention|concat|copy|elementwise_binary|elementwise_other|elementwise_unary|gemv|reduce,57
react_tool,plan,mir_operator:decode_layer08,443,decode_layer08,,3,1135346,1086274,1216753,202560,277533,cudaLaunchKernel,attention|concat|copy|elementwise_binary|elementwise_other|elementwise_unary|gemv|reduce,57
react_tool,plan,mir_operator:decode_layer09,444,decode_layer09,,3,1114582,1050257,1217766,202912,264544,cudaLaunchKernel,attention|concat|copy|elementwise_binary|elementwise_other|elementwise_unary|gemv|reduce,57
react_tool,plan,mir_operator:decode_layer10,445,decode_layer10,,3,1105020,1049488,1204710,202273,269944,cudaLaunchKernel,attention|concat|copy|elementwise_binary|elementwise_other|elementwise_unary|gemv|reduce,57
react_tool,plan,mir_operator:decode_layer11,446,decode_layer11,,3,1083305,1047575,1249579,202432,255941,cudaLaunchKernel,attention|concat|copy|elementwise_binary|elementwise_other|elementwise_unary|gemv|reduce,57
react_tool,plan,mir_operator:decode_layer12,447,decode_layer12,,3,1149652,1096853,1217896,202657,268866,cudaLaunchKernel,attention|concat|copy|elementwise_binary|elementwise_other|elementwise_unary|gemv|reduce,57
react_tool,plan,mir_operator:decode_layer13,448,decode_layer13,,3,1170129,1048468,1208389,202564,273903,cudaLaunchKernel,attention|concat|copy|elementwise_binary|elementwise_other|elementwise_unary|gemv|reduce,57
react_tool,plan,mir_operator:decode_layer14,449,decode_layer14,,3,1189070,1053843,1202597,202337,278329,cudaLaunchKernel,attention|concat|copy|elementwise_binary|elementwise_other|elementwise_unary|gemv|reduce,57
react_tool,plan,mir_operator:decode_layer15,450,decode_layer15,,3,1175251,1043383,1221647,203233,279022,cudaLaunchKernel,attention|concat|copy|elementwise_binary|elementwise_other|elementwise_unary|gemv|reduce,57
react_tool,plan,mir_operator:decode_layer16,451,decode_layer16,,3,1200428,1049637,1202239,202209,281033,cudaLaunchKernel,attention|concat|copy|elementwise_binary|elementwise_other|elementwise_unary|gemv|reduce,57
react_tool,plan,mir_operator:decode_layer17,452,decode_layer17,,3,1173043,1051128,1210994,202689,281152,cudaLaunchKernel,attention|concat|copy|elementwise_binary|elementwise_other|elementwise_unary|gemv|reduce,57
react_tool,plan,mir_operator:decode_layer18,453,decode_layer18,,3,1166396,1049832,1205146,202497,276005,cudaLaunchKernel,attention|concat|copy|elementwise_binary|elementwise_other|elementwise_unary|gemv|reduce,57
react_tool,plan,mir_operator:decode_layer19,454,decode_layer19,,3,1222663,1044919,1247154,202498,291144,cudaLaunchKernel,attention|concat|copy|elementwise_binary|elementwise_other|elementwise_unary|gemv|reduce,57
react_tool,plan,mir_operator:decode_layer20,455,decode_layer20,,3,1179912,1045843,1218700,202273,282502,cudaLaunchKernel,attention|concat|copy|elementwise_binary|elementwise_other|elementwise_unary|gemv|reduce,57
react_tool,plan,mir_operator:decode_layer21,456,decode_layer21,,3,1150053,1074210,1208042,202017,267001,cudaLaunchKernel,attention|concat|copy|elementwise_binary|elementwise_other|elementwise_unary|gemv|reduce,57
react_tool,plan,mir_operator:decode_layer22,457,decode_layer22,,3,1113765,1071526,1225166,201761,260260,cudaLaunchKernel,attention|concat|copy|elementwise_binary|elementwise_other|elementwise_unary|gemv|reduce,57
react_tool,plan,mir_operator:decode_layer23,458,decode_layer23,,3,1094380,1051795,1202116,202240,262842,cudaLaunchKernel,attention|concat|copy|elementwise_binary|elementwise_other|elementwise_unary|gemv|reduce,57
react_tool,plan,mir_operator:decode_layer24,459,decode_layer24,,3,1125187,1123886,1209482,205474,275324,cudaLaunchKernel,attention|concat|copy|elementwise_binary|elementwise_other|elementwise_unary|gemv|reduce,57
react_tool,plan,mir_operator:decode_layer25,460,decode_layer25,,3,1179590,1128700,1182596,202851,276927,cudaLaunchKernel,attention|concat|copy|elementwise_binary|elementwise_other|elementwise_unary|gemv|reduce,57
react_tool,plan,mir_operator:decode_layer26,461,decode_layer26,,3,1163832,1150793,1174548,201953,277573,cudaLaunchKernel,attention|concat|copy|elementwise_binary|elementwise_other|elementwise_unary|gemv|reduce,57
react_tool,plan,mir_operator:decode_layer27,462,decode_layer27,,3,1166986,1161832,1170653,202529,277902,cudaLaunchKernel,attention|concat|copy|elementwise_binary|elementwise_other|elementwise_unary|gemv|reduce,57
react_tool,plan,mir_operator:decode_head,463,decode_head,,3,235984,224651,239354,663556,47764,cudaLaunchKernel,copy|elementwise_binary|elementwise_unary|gemv|reduce,9
react_tool,plan,mir_operator:decode_sample,464,decode_sample,,3,624397,618232,715987,7072,580289,cudaStreamSynchronize,memcpy|memset|reduce,1
react_tool,plan,mir_operator:decode_embed,465,decode_embed,,3,56530,49099,56875,1888,12786,cudaLaunchKernel,other,1
react_tool,plan,mir_operator:decode_layer00,466,decode_layer00,,3,1258924,1249554,1313855,202753,287081,cudaLaunchKernel,attention|concat|copy|elementwise_binary|elementwise_other|elementwise_unary|gemv|reduce,57
react_tool,plan,mir_operator:decode_layer01,467,decode_layer01,,3,1190349,1189955,1239806,201985,278850,cudaLaunchKernel,attention|concat|copy|elementwise_binary|elementwise_other|elementwise_unary|gemv|reduce,57
react_tool,plan,mir_operator:decode_layer02,468,decode_layer02,,3,1220610,1130880,1227703,203299,286425,cudaLaunchKernel,attention|concat|copy|elementwise_binary|elementwise_other|elementwise_unary|gemv|reduce,57
react_tool,plan,mir_operator:decode_layer03,469,decode_layer03,,3,1216883,1107329,1220983,202657,289653,cudaLaunchKernel,attention|concat|copy|elementwise_binary|elementwise_other|elementwise_unary|gemv|reduce,57
react_tool,plan,mir_operator:decode_layer04,470,decode_layer04,,3,1205455,1155893,1211691,202530,285587,cudaLaunchKernel,attention|concat|copy|elementwise_binary|elementwise_other|elementwise_unary|gemv|reduce,57
react_tool,plan,mir_operator:decode_layer05,471,decode_layer05,,3,1210223,1138975,1254238,202560,284005,cudaLaunchKernel,attention|concat|copy|elementwise_binary|elementwise_other|elementwise_unary|gemv|reduce,57
react_tool,plan,mir_operator:decode_layer06,472,decode_layer06,,3,1200486,1097408,1247396,202786,282085,cudaLaunchKernel,attention|concat|copy|elementwise_binary|elementwise_other|elementwise_unary|gemv|reduce,57
react_tool,plan,mir_operator:decode_layer07,473,decode_layer07,,3,1215835,1079668,1223843,202210,285111,cudaLaunchKernel,attention|concat|copy|elementwise_binary|elementwise_other|elementwise_unary|gemv|reduce,57
react_tool,plan,mir_operator:decode_layer08,474,decode_layer08,,3,1204728,1084154,1250227,202017,279050,cudaLaunchKernel,attention|concat|copy|elementwise_binary|elementwise_other|elementwise_unary|gemv|reduce,57
react_tool,plan,mir_operator:decode_layer09,475,decode_layer09,,3,1183428,1080484,1246089,202785,273255,cudaLaunchKernel,attention|concat|copy|elementwise_binary|elementwise_other|elementwise_unary|gemv|reduce,57
react_tool,plan,mir_operator:decode_layer10,476,decode_layer10,,3,1167668,1074174,1213113,202624,276539,cudaLaunchKernel,attention|concat|copy|elementwise_binary|elementwise_other|elementwise_unary|gemv|reduce,57
react_tool,plan,mir_operator:decode_layer11,477,decode_layer11,,3,1131304,1076899,1224005,202562,267323,cudaLaunchKernel,attention|concat|copy|elementwise_binary|elementwise_other|elementwise_unary|gemv|reduce,57
react_tool,plan,mir_operator:decode_layer12,478,decode_layer12,,3,1119999,1068348,1237872,203073,262606,cudaLaunchKernel,attention|concat|copy|elementwise_binary|elementwise_other|elementwise_unary|gemv|reduce,57
react_tool,plan,mir_operator:decode_layer13,479,decode_layer13,,3,1115360,1067268,1204526,202178,266483,cudaLaunchKernel,attention|concat|copy|elementwise_binary|elementwise_other|elementwise_unary|gemv|reduce,57
react_tool,plan,mir_operator:decode_layer14,480,decode_layer14,,3,1059238,1055981,1219648,202817,255280,cudaLaunchKernel,attention|concat|copy|elementwise_binary|elementwise_other|elementwise_unary|gemv|reduce,57
react_tool,plan,mir_operator:decode_layer15,481,decode_layer15,,3,1063489,1048853,1200437,202465,254819,cudaLaunchKernel,attention|concat|copy|elementwise_binary|elementwise_other|elementwise_unary|gemv|reduce,57
react_tool,plan,mir_operator:decode_layer16,482,decode_layer16,,3,1045974,1037331,1217356,203168,252866,cudaLaunchKernel,attention|concat|copy|elementwise_binary|elementwise_other|elementwise_unary|gemv|reduce,57
react_tool,plan,mir_operator:decode_layer17,483,decode_layer17,,3,1045478,1044965,1250637,202466,260227,cudaLaunchKernel,attention|concat|copy|elementwise_binary|elementwise_other|elementwise_unary|gemv|reduce,57
react_tool,plan,mir_operator:decode_layer18,484,decode_layer18,,3,1050380,1041064,1209878,203138,252649,cudaLaunchKernel,attention|concat|copy|elementwise_binary|elementwise_other|elementwise_unary|gemv|reduce,57
react_tool,plan,mir_operator:decode_layer19,485,decode_layer19,,3,1061789,1044169,1206911,202592,261136,cudaLaunchKernel,attention|concat|copy|elementwise_binary|elementwise_other|elementwise_unary|gemv|reduce,57
react_tool,plan,mir_operator:decode_layer20,486,decode_layer20,,3,1118936,1052955,1233880,203264,263728,cudaLaunchKernel,attention|concat|copy|elementwise_binary|elementwise_other|elementwise_unary|gemv|reduce,57
react_tool,plan,mir_operator:decode_layer21,487,decode_layer21,,3,1101324,1045199,1208470,202721,261460,cudaLaunchKernel,attention|concat|copy|elementwise_binary|elementwise_other|elementwise_unary|gemv|reduce,57
react_tool,plan,mir_operator:decode_layer22,488,decode_layer22,,3,1111185,1081736,1225640,202561,271426,cudaLaunchKernel,attention|concat|copy|elementwise_binary|elementwise_other|elementwise_unary|gemv|reduce,57
react_tool,plan,mir_operator:decode_layer23,489,decode_layer23,,3,1122372,1049620,1210553,204834,267648,cudaLaunchKernel,attention|concat|copy|elementwise_binary|elementwise_other|elementwise_unary|gemv|reduce,57
react_tool,plan,mir_operator:decode_layer24,490,decode_layer24,,3,1137969,1057616,1225843,203521,267268,cudaLaunchKernel,attention|concat|copy|elementwise_binary|elementwise_other|elementwise_unary|gemv|reduce,57
react_tool,plan,mir_operator:decode_layer25,491,decode_layer25,,3,1104587,1054465,1259757,202561,259707,cudaLaunchKernel,attention|concat|copy|elementwise_binary|elementwise_other|elementwise_unary|gemv|reduce,57
react_tool,plan,mir_operator:decode_layer26,492,decode_layer26,,3,1104904,1052823,1211412,202528,258607,cudaLaunchKernel,attention|concat|copy|elementwise_binary|elementwise_other|elementwise_unary|gemv|reduce,57
react_tool,plan,mir_operator:decode_layer27,493,decode_layer27,,3,1099247,1044956,1209917,202528,256446,cudaLaunchKernel,attention|concat|copy|elementwise_binary|elementwise_other|elementwise_unary|gemv|reduce,57
react_tool,plan,mir_operator:decode_head,494,decode_head,,3,219494,214464,261304,663332,49167,cudaLaunchKernel,copy|elementwise_binary|elementwise_unary|gemv|reduce,9
react_tool,plan,mir_operator:decode_sample,495,decode_sample,,3,619669,614010,721800,7072,573328,cudaStreamSynchronize,memcpy|memset|reduce,1
react_tool,plan,mir_operator:decode_embed,496,decode_embed,,3,56803,49927,70035,1888,17404,cudaLaunchKernel,other,1
react_tool,plan,mir_operator:decode_layer00,497,decode_layer00,,3,1206760,1141685,1311631,203746,276276,cudaLaunchKernel,attention|concat|copy|elementwise_binary|elementwise_other|elementwise_unary|gemv|reduce,57
react_tool,plan,mir_operator:decode_layer01,498,decode_layer01,,3,1184471,1061559,1245525,202560,274223,cudaLaunchKernel,attention|concat|copy|elementwise_binary|elementwise_other|elementwise_unary|gemv|reduce,57
react_tool,plan,mir_operator:decode_layer02,499,decode_layer02,,3,1221297,1070502,1228736,202977,280911,cudaLaunchKernel,attention|concat|copy|elementwise_binary|elementwise_other|elementwise_unary|gemv|reduce,57
react_tool,plan,mir_operator:decode_layer03,500,decode_layer03,,3,1167494,1091039,1221515,202722,277470,cudaLaunchKernel,attention|concat|copy|elementwise_binary|elementwise_other|elementwise_unary|gemv|reduce,57
react_tool,plan,mir_operator:decode_layer04,501,decode_layer04,,3,1176956,1056723,1233539,202785,279418,cudaLaunchKernel,attention|concat|copy|elementwise_binary|elementwise_other|elementwise_unary|gemv|reduce,57
react_tool,plan,mir_operator:decode_layer05,502,decode_layer05,,3,1174169,1049419,1213696,202434,278656,cudaLaunchKernel,attention|concat|copy|elementwise_binary|elementwise_other|elementwise_unary|gemv|reduce,57
react_tool,plan,mir_operator:decode_layer06,503,decode_layer06,,3,1157751,1074524,1203660,202977,275654,cudaLaunchKernel,attention|concat|copy|elementwise_binary|elementwise_other|elementwise_unary|gemv|reduce,57
react_tool,plan,mir_operator:decode_layer07,504,decode_layer07,,3,1155192,1077254,1218926,203426,276339,cudaLaunchKernel,attention|concat|copy|elementwise_binary|elementwise_other|elementwise_unary|gemv|reduce,57
react_tool,plan,mir_operator:decode_layer08,505,decode_layer08,,3,1174809,1077594,1199697,201857,286314,cudaLaunchKernel,attention|concat|copy|elementwise_binary|elementwise_other|elementwise_unary|gemv|reduce,57
react_tool,plan,mir_operator:decode_layer09,506,decode_layer09,,3,1120185,1099850,1175830,202786,277305,cudaLaunchKernel,attention|concat|copy|elementwise_binary|elementwise_other|elementwise_unary|gemv|reduce,57
react_tool,plan,mir_operator:decode_layer10,507,decode_layer10,,3,1114023,1101829,1173602,202241,263434,cudaLaunchKernel,attention|concat|copy|elementwise_binary|elementwise_other|elementwise_unary|gemv|reduce,57
react_tool,plan,mir_operator:decode_layer11,508,decode_layer11,,3,1095488,1071131,1172300,202464,262860,cudaLaunchKernel,attention|concat|copy|elementwise_binary|elementwise_other|elementwise_unary|gemv|reduce,57
react_tool,plan,mir_operator:decode_layer12,509,decode_layer12,,3,1099784,1078187,1212128,202721,262853,cudaLaunchKernel,attention|concat|copy|elementwise_binary|elementwise_other|elementwise_unary|gemv|reduce,57
react_tool,plan,mir_operator:decode_layer13,510,decode_layer13,,3,1106565,1077405,1170183,203106,265948,cudaLaunchKernel,attention|concat|copy|elementwise_binary|elementwise_other|elementwise_unary|gemv|reduce,57
react_tool,plan,mir_operator:decode_layer14,511,decode_layer14,,3,1172485,1069241,1184840,202912,278443,cudaLaunchKernel,attention|concat|copy|elementwise_binary|elementwise_other|elementwise_unary|gemv|reduce,57
react_tool,plan,mir_operator:decode_layer15,512,decode_layer15,,3,1206320,1082262,1206400,202049,281121,cudaLaunchKernel,attention|concat|copy|elementwise_binary|elementwise_other|elementwise_unary|gemv|reduce,57
react_tool,plan,mir_operator:decode_layer16,513,decode_layer16,,3,1194316,1077466,1208141,202529,284663,cudaLaunchKernel,attention|concat|copy|elementwise_binary|elementwise_other|elementwise_unary|gemv|reduce,57
react_tool,plan,mir_operator:decode_layer17,514,decode_layer17,,3,1201203,1199834,1304515,202914,285464,cudaLaunchKernel,attention|concat|copy|elementwise_binary|elementwise_other|elementwise_unary|gemv|reduce,57
react_tool,plan,mir_operator:decode_layer18,515,decode_layer18,,3,1212810,1209356,1377462,202337,285717,cudaLaunchKernel,attention|concat|copy|elementwise_binary|elementwise_other|elementwise_unary|gemv|reduce,57
react_tool,plan,mir_operator:decode_layer19,516,decode_layer19,,3,1196339,1063509,1234134,202850,277192,cudaLaunchKernel,attention|concat|copy|elementwise_binary|elementwise_other|elementwise_unary|gemv|reduce,57
react_tool,plan,mir_operator:decode_layer20,517,decode_layer20,,3,1201136,1063539,1252368,202689,280550,cudaLaunchKernel,attention|concat|copy|elementwise_binary|elementwise_other|elementwise_unary|gemv|reduce,57
react_tool,plan,mir_operator:decode_layer21,518,decode_layer21,,3,1204269,1084537,1210511,202657,283367,cudaLaunchKernel,attention|concat|copy|elementwise_binary|elementwise_other|elementwise_unary|gemv|reduce,57
react_tool,plan,mir_operator:decode_layer22,519,decode_layer22,,3,1197944,1052209,1208535,202880,284391,cudaLaunchKernel,attention|concat|copy|elementwise_binary|elementwise_other|elementwise_unary|gemv|reduce,57
react_tool,plan,mir_operator:decode_layer23,520,decode_layer23,,3,1194392,1049926,1197963,202273,284035,cudaLaunchKernel,attention|concat|copy|elementwise_binary|elementwise_other|elementwise_unary|gemv|reduce,57
react_tool,plan,mir_operator:decode_layer24,521,decode_layer24,,3,1217704,1050005,1238887,202082,289820,cudaLaunchKernel,attention|concat|copy|elementwise_binary|elementwise_other|elementwise_unary|gemv|reduce,57
react_tool,plan,mir_operator:decode_layer25,522,decode_layer25,,3,1166419,1041947,1200822,202753,276028,cudaLaunchKernel,attention|concat|copy|elementwise_binary|elementwise_other|elementwise_unary|gemv|reduce,57
react_tool,plan,mir_operator:decode_layer26,523,decode_layer26,,3,1205761,1171460,1501956,202592,289624,cudaLaunchKernel,attention|concat|copy|elementwise_binary|elementwise_other|elementwise_unary|gemv|reduce,57
react_tool,plan,mir_operator:decode_layer27,524,decode_layer27,,3,1168692,1128232,1248477,202752,282025,cudaLaunchKernel,attention|concat|copy|elementwise_binary|elementwise_other|elementwise_unary|gemv|reduce,57
react_tool,plan,mir_operator:decode_head,525,decode_head,,3,237605,207825,239100,663652,46158,cudaLaunchKernel,copy|elementwise_binary|elementwise_unary|gemv|reduce,9
react_tool,plan,mir_operator:decode_sample,526,decode_sample,,3,619043,616207,745791,7072,566532,cudaStreamSynchronize,memcpy|memset|reduce,1
react_tool,plan,mir_operator:decode_embed,527,decode_embed,,3,55083,42093,55179,1888,12216,cudaLaunchKernel,other,1
react_tool,plan,mir_operator:decode_layer00,528,decode_layer00,,3,1229803,1128303,1299170,203361,295202,cudaLaunchKernel,attention|concat|copy|elementwise_binary|elementwise_other|elementwise_unary|gemv|reduce,57
react_tool,plan,mir_operator:decode_layer01,529,decode_layer01,,3,1210676,1181384,1224738,202208,283246,cudaLaunchKernel,attention|concat|copy|elementwise_binary|elementwise_other|elementwise_unary|gemv|reduce,57
react_tool,plan,mir_operator:decode_layer02,530,decode_layer02,,3,1215115,1212710,1219937,202339,287215,cudaLaunchKernel,attention|concat|copy|elementwise_binary|elementwise_other|elementwise_unary|gemv|reduce,57
react_tool,plan,mir_operator:decode_layer03,531,decode_layer03,,3,1196447,1171928,1204498,202274,283815,cudaLaunchKernel,attention|concat|copy|elementwise_binary|elementwise_other|elementwise_unary|gemv|reduce,57
react_tool,plan,mir_operator:decode_layer04,532,decode_layer04,,3,1192022,1178030,1192060,203010,280923,cudaLaunchKernel,attention|concat|copy|elementwise_binary|elementwise_other|elementwise_unary|gemv|reduce,57
react_tool,plan,mir_operator:decode_layer05,533,decode_layer05,,3,1186863,1164916,1197424,202466,278588,cudaLaunchKernel,attention|concat|copy|elementwise_binary|elementwise_other|elementwise_unary|gemv|reduce,57
react_tool,plan,mir_operator:decode_layer06,534,decode_layer06,,3,1207368,1196501,1232802,202401,284005,cudaLaunchKernel,attention|concat|copy|elementwise_binary|elementwise_other|elementwise_unary|gemv|reduce,57
react_tool,plan,mir_operator:decode_layer07,535,decode_layer07,,3,1195792,1189577,1253063,202465,280484,cudaLaunchKernel,attention|concat|copy|elementwise_binary|elementwise_other|elementwise_unary|gemv|reduce,57
react_tool,plan,mir_operator:decode_layer08,536,decode_layer08,,3,1215122,1201938,1226500,202177,288668,cudaLaunchKernel,attention|concat|copy|elementwise_binary|elementwise_other|elementwise_unary|gemv|reduce,57
react_tool,plan,mir_operator:decode_layer09,537,decode_layer09,,3,1182722,1159378,1209865,202912,282547,cudaLaunchKernel,attention|concat|copy|elementwise_binary|elementwise_other|elementwise_unary|gemv|reduce,57
react_tool,plan,mir_operator:decode_layer10,538,decode_layer10,,3,1177084,1099793,1200171,202656,274114,cudaLaunchKernel,attention|concat|copy|elementwise_binary|elementwise_other|elementwise_unary|gemv|reduce,57
react_tool,plan,mir_operator:decode_layer11,539,decode_layer11,,3,1194724,1055623,1203207,202466,285993,cudaLaunchKernel,attention|concat|copy|elementwise_binary|elementwise_other|elementwise_unary|gemv|reduce,57
react_tool,plan,mir_operator:decode_layer12,540,decode_layer12,,3,1177972,1081430,1204176,203233,283226,cudaLaunchKernel,attention|concat|copy|elementwise_binary|elementwise_other|elementwise_unary|gemv|reduce,57
react_tool,plan,mir_operator:decode_layer13,541,decode_layer13,,3,1126690,1098628,1209237,202817,271748,cudaLaunchKernel,attention|concat|copy|elementwise_binary|elementwise_other|elementwise_unary|gemv|reduce,57
react_tool,plan,mir_operator:decode_layer14,542,decode_layer14,,3,1191186,1188189,1235035,202467,280900,cudaLaunchKernel,attention|concat|copy|elementwise_binary|elementwise_other|elementwise_unary|gemv|reduce,57
react_tool,plan,mir_operator:decode_layer15,543,decode_layer15,,3,1199001,1193748,1212681,202849,284763,cudaLaunchKernel,attention|concat|copy|elementwise_binary|elementwise_other|elementwise_unary|gemv|reduce,57
react_tool,plan,mir_operator:decode_layer16,544,decode_layer16,,3,1230899,1195896,1248728,202433,291986,cudaLaunchKernel,attention|concat|copy|elementwise_binary|elementwise_other|elementwise_unary|gemv|reduce,57
react_tool,plan,mir_operator:decode_layer17,545,decode_layer17,,3,1202647,1183976,1237910,202976,283020,cudaLaunchKernel,attention|concat|copy|elementwise_binary|elementwise_other|elementwise_unary|gemv|reduce,57
react_tool,plan,mir_operator:decode_layer18,546,decode_layer18,,3,1192867,1110537,1198527,202466,285937,cudaLaunchKernel,attention|concat|copy|elementwise_binary|elementwise_other|elementwise_unary|gemv|reduce,57
react_tool,plan,mir_operator:decode_layer19,547,decode_layer19,,3,1197015,1105034,1204580,203265,279898,cudaLaunchKernel,attention|concat|copy|elementwise_binary|elementwise_other|elementwise_unary|gemv|reduce,57
react_tool,plan,mir_operator:decode_layer20,548,decode_layer20,,3,1192659,1107654,1209191,202784,283934,cudaLaunchKernel,attention|concat|copy|elementwise_binary|elementwise_other|elementwise_unary|gemv|reduce,57
react_tool,plan,mir_operator:decode_layer21,549,decode_layer21,,3,1191026,1081334,1193858,201986,289446,cudaLaunchKernel,attention|concat|copy|elementwise_binary|elementwise_other|elementwise_unary|gemv|reduce,57
react_tool,plan,mir_operator:decode_layer22,550,decode_layer22,,3,1181188,1097260,1200087,202274,279253,cudaLaunchKernel,attention|concat|copy|elementwise_binary|elementwise_other|elementwise_unary|gemv|reduce,57
react_tool,plan,mir_operator:decode_layer23,551,decode_layer23,,3,1153727,1134541,1193822,202275,277382,cudaLaunchKernel,attention|concat|copy|elementwise_binary|elementwise_other|elementwise_unary|gemv|reduce,57
react_tool,plan,mir_operator:decode_layer24,552,decode_layer24,,3,1176381,1159380,1244772,202368,282052,cudaLaunchKernel,attention|concat|copy|elementwise_binary|elementwise_other|elementwise_unary|gemv|reduce,57
react_tool,plan,mir_operator:decode_layer25,553,decode_layer25,,3,1181388,1168920,1210636,202400,275977,cudaLaunchKernel,attention|concat|copy|elementwise_binary|elementwise_other|elementwise_unary|gemv|reduce,57
react_tool,plan,mir_operator:decode_layer26,554,decode_layer26,,3,1200235,1194607,1752708,202305,285066,cudaLaunchKernel,attention|concat|copy|elementwise_binary|elementwise_other|elementwise_unary|gemv|reduce,57
react_tool,plan,mir_operator:decode_layer27,555,decode_layer27,,3,1206509,1173184,1244888,202818,284380,cudaLaunchKernel,attention|concat|copy|elementwise_binary|elementwise_other|elementwise_unary|gemv|reduce,57
react_tool,plan,mir_operator:decode_head,556,decode_head,,3,237515,232210,247113,663812,48218,cudaLaunchKernel,copy|elementwise_binary|elementwise_unary|gemv|reduce,9
react_tool,plan,mir_operator:decode_sample,557,decode_sample,,3,620294,605955,625524,7008,566470,cudaStreamSynchronize,memcpy|memset|reduce,1
react_tool,plan,mir_operator:decode_embed,558,decode_embed,,3,54391,49801,55530,1856,12218,cudaLaunchKernel,other,1
react_tool,plan,mir_operator:decode_layer00,559,decode_layer00,,3,1245431,1243227,1280271,202849,288948,cudaLaunchKernel,attention|concat|copy|elementwise_binary|elementwise_other|elementwise_unary|gemv|reduce,57
react_tool,plan,mir_operator:decode_layer01,560,decode_layer01,,3,1219241,1216219,1227877,203233,288837,cudaLaunchKernel,attention|concat|copy|elementwise_binary|elementwise_other|elementwise_unary|gemv|reduce,57
react_tool,plan,mir_operator:decode_layer02,561,decode_layer02,,3,1188075,1185619,1221952,202785,281081,cudaLaunchKernel,attention|concat|copy|elementwise_binary|elementwise_other|elementwise_unary|gemv|reduce,57
react_tool,plan,mir_operator:decode_layer03,562,decode_layer03,,3,1167178,1092727,1220723,202242,284356,cudaLaunchKernel,attention|concat|copy|elementwise_binary|elementwise_other|elementwise_unary|gemv|reduce,57
react_tool,plan,mir_operator:decode_layer04,563,decode_layer04,,3,1133961,1082459,1180664,202850,271626,cudaLaunchKernel,attention|concat|copy|elementwise_binary|elementwise_other|elementwise_unary|gemv|reduce,57
react_tool,plan,mir_operator:decode_layer05,564,decode_layer05,,3,1171463,1076672,1191708,202880,280792,cudaLaunchKernel,attention|concat|copy|elementwise_binary|elementwise_other|elementwise_unary|gemv|reduce,57
react_tool,plan,mir_operator:decode_layer06,565,decode_layer06,,3,1177585,1071209,1213813,203104,279417,cudaLaunchKernel,attention|concat|copy|elementwise_binary|elementwise_other|elementwise_unary|gemv|reduce,57
react_tool,plan,mir_operator:decode_layer07,566,decode_layer07,,3,1186953,1078552,1196424,203329,280365,cudaLaunchKernel,attention|concat|copy|elementwise_binary|elementwise_other|elementwise_unary|gemv|reduce,57
react_tool,plan,mir_operator:decode_layer08,567,decode_layer08,,3,1180447,1092498,1195945,203105,280871,cudaLaunchKernel,attention|concat|copy|elementwise_binary|elementwise_other|elementwise_unary|gemv|reduce,57
react_tool,plan,mir_operator:decode_layer09,568,decode_layer09,,3,1169551,1105580,1195473,202945,279402,cudaLaunchKernel,attention|concat|copy|elementwise_binary|elementwise_other|elementwise_unary|gemv|reduce,57
react_tool,plan,mir_operator:decode_layer10,569,decode_layer10,,3,1159692,1113184,1206743,202082,270944,cudaLaunchKernel,attention|concat|copy|elementwise_binary|elementwise_other|elementwise_unary|gemv|reduce,57
react_tool,plan,mir_operator:decode_layer11,570,decode_layer11,,3,1207146,1068851,1214322,202977,296089,cudaLaunchKernel,attention|concat|copy|elementwise_binary|elementwise_other|elementwise_unary|gemv|reduce,57
react_tool,plan,mir_operator:decode_layer12,571,decode_layer12,,3,1283307,1192944,1410656,202464,300397,cudaLaunchKernel,attention|concat|copy|elementwise_binary|elementwise_other|elementwise_unary|gemv|reduce,57
react_tool,plan,mir_operator:decode_layer13,572,decode_layer13,,3,1226617,1122733,1342510,202624,293801,cudaLaunchKernel,attention|concat|copy|elementwise_binary|elementwise_other|elementwise_unary|gemv|reduce,57
react_tool,plan,mir_operator:decode_layer14,573,decode_layer14,,3,1138069,1105937,1194033,202402,270723,cudaLaunchKernel,attention|concat|copy|elementwise_binary|elementwise_other|elementwise_unary|gemv|reduce,57
react_tool,plan,mir_operator:decode_layer15,574,decode_layer15,,3,1178243,1097601,1195542,202563,275876,cudaLaunchKernel,attention|concat|copy|elementwise_binary|elementwise_other|elementwise_unary|gemv|reduce,57
react_tool,plan,mir_operator:decode_layer16,575,decode_layer16,,3,1159138,1072101,1210278,203233,273367,cudaLaunchKernel,attention|concat|copy|elementwise_binary|elementwise_other|elementwise_unary|gemv|reduce,57
react_tool,plan,mir_operator:decode_layer17,576,decode_layer17,,3,1161889,1074449,1210189,202594,273963,cudaLaunchKernel,attention|concat|copy|elementwise_binary|elementwise_other|elementwise_unary|gemv|reduce,57
react_tool,plan,mir_operator:decode_layer18,577,decode_layer18,,3,1160415,1077864,1215416,202432,281672,cudaLaunchKernel,attention|concat|copy|elementwise_binary|elementwise_other|elementwise_unary|gemv|reduce,57
react_tool,plan,mir_operator:decode_layer19,578,decode_layer19,,3,1113502,1113233,1244437,203043,269544,cudaLaunchKernel,attention|concat|copy|elementwise_binary|elementwise_other|elementwise_unary|gemv|reduce,57
react_tool,plan,mir_operator:decode_layer20,579,decode_layer20,,3,1098113,1079402,1223174,202880,263214,cudaLaunchKernel,attention|concat|copy|elementwise_binary|elementwise_other|elementwise_unary|gemv|reduce,57
react_tool,plan,mir_operator:decode_layer21,580,decode_layer21,,3,1128307,1073724,1170539,203585,276014,cudaLaunchKernel,attention|concat|copy|elementwise_binary|elementwise_other|elementwise_unary|gemv|reduce,57
react_tool,plan,mir_operator:decode_layer22,581,decode_layer22,,3,1110158,1085916,1177526,202529,263768,cudaLaunchKernel,attention|concat|copy|elementwise_binary|elementwise_other|elementwise_unary|gemv|reduce,57
react_tool,plan,mir_operator:decode_layer23,582,decode_layer23,,3,1089915,1075770,1166435,202208,259590,cudaLaunchKernel,attention|concat|copy|elementwise_binary|elementwise_other|elementwise_unary|gemv|reduce,57
react_tool,plan,mir_operator:decode_layer24,583,decode_layer24,,3,1120717,1082914,1178401,202722,272353,cudaLaunchKernel,attention|concat|copy|elementwise_binary|elementwise_other|elementwise_unary|gemv|reduce,57
react_tool,plan,mir_operator:decode_layer25,584,decode_layer25,,3,1162951,1106819,1173248,203490,271337,cudaLaunchKernel,attention|concat|copy|elementwise_binary|elementwise_other|elementwise_unary|gemv|reduce,57
react_tool,plan,mir_operator:decode_layer26,585,decode_layer26,,3,1165113,1110613,1168033,202721,281293,cudaLaunchKernel,attention|concat|copy|elementwise_binary|elementwise_other|elementwise_unary|gemv|reduce,57
react_tool,plan,mir_operator:decode_layer27,586,decode_layer27,,3,1186909,1093165,1212243,202369,275515,cudaLaunchKernel,attention|concat|copy|elementwise_binary|elementwise_other|elementwise_unary|gemv|reduce,57
react_tool,plan,mir_operator:decode_head,587,decode_head,,3,240503,222485,265079,661476,51951,cudaLaunchKernel,copy|elementwise_binary|elementwise_unary|gemv|reduce,9
react_tool,plan,mir_operator:decode_sample,588,decode_sample,,3,618201,612229,625324,7104,567037,cudaStreamSynchronize,memcpy|memset|reduce,1
react_tool,plan,mir_operator:decode_embed,589,decode_embed,,3,56318,45320,73878,1888,12374,cudaLaunchKernel,other,1
react_tool,plan,mir_operator:decode_layer00,590,decode_layer00,,3,1272350,1173076,1664215,202881,291232,cudaLaunchKernel,attention|concat|copy|elementwise_binary|elementwise_other|elementwise_unary|gemv|reduce,57
react_tool,plan,mir_operator:decode_layer01,591,decode_layer01,,3,1196160,1157911,1243648,201889,278310,cudaLaunchKernel,attention|concat|copy|elementwise_binary|elementwise_other|elementwise_unary|gemv|reduce,57
react_tool,plan,mir_operator:decode_layer02,592,decode_layer02,,3,1190665,1110768,1213905,203168,282189,cudaLaunchKernel,attention|concat|copy|elementwise_binary|elementwise_other|elementwise_unary|gemv|reduce,57
react_tool,plan,mir_operator:decode_layer03,593,decode_layer03,,3,1182799,1118471,1721399,202176,281599,cudaLaunchKernel,attention|concat|copy|elementwise_binary|elementwise_other|elementwise_unary|gemv|reduce,57
react_tool,plan,mir_operator:decode_layer04,594,decode_layer04,,3,1150471,1084374,1177714,202114,270328,cudaLaunchKernel,attention|concat|copy|elementwise_binary|elementwise_other|elementwise_unary|gemv|reduce,57
react_tool,plan,mir_operator:decode_layer05,595,decode_layer05,,3,1128719,1072249,1192736,202848,266358,cudaLaunchKernel,attention|concat|copy|elementwise_binary|elementwise_other|elementwise_unary|gemv|reduce,57
react_tool,plan,mir_operator:decode_layer06,596,decode_layer06,,3,1174141,1099074,1253993,203009,272822,cudaLaunchKernel,attention|concat|copy|elementwise_binary|elementwise_other|elementwise_unary|gemv|reduce,57
react_tool,plan,mir_operator:decode_layer07,597,decode_layer07,,3,1184024,1171746,1232194,202241,299377,cudaLaunchKernel,attention|concat|copy|elementwise_binary|elementwise_other|elementwise_unary|gemv|reduce,57
react_tool,plan,mir_operator:decode_layer08,598,decode_layer08,,3,1185386,1161042,1226139,202848,284829,cudaLaunchKernel,attention|concat|copy|elementwise_binary|elementwise_other|elementwise_unary|gemv|reduce,57
react_tool,plan,mir_operator:decode_layer09,599,decode_layer09,,3,1174500,1157985,1208923,202529,275223,cudaLaunchKernel,attention|concat|copy|elementwise_binary|elementwise_other|elementwise_unary|gemv|reduce,57
react_tool,plan,mir_operator:decode_layer10,600,decode_layer10,,3,1201826,1174389,1226063,202945,282670,cudaLaunchKernel,attention|concat|copy|elementwise_binary|elementwise_other|elementwise_unary|gemv|reduce,57
react_tool,plan,mir_operator:decode_layer11,601,decode_layer11,,3,1194863,1167246,1577482,201794,284204,cudaLaunchKernel,attention|concat|copy|elementwise_binary|elementwise_other|elementwise_unary|gemv|reduce,57
react_tool,plan,mir_operator:decode_layer12,602,decode_layer12,,3,1193711,1138980,1294158,203619,284326,cudaLaunchKernel,attention|concat|copy|elementwise_binary|elementwise_other|elementwise_unary|gemv|reduce,57
react_tool,plan,mir_operator:decode_layer13,603,decode_layer13,,3,1196433,1099751,1224611,202529,281495,cudaLaunchKernel,attention|concat|copy|elementwise_binary|elementwise_other|elementwise_unary|gemv|reduce,57
react_tool,plan,mir_operator:decode_layer14,604,decode_layer14,,3,1197894,1104581,1269378,202818,277348,cudaLaunchKernel,attention|concat|copy|elementwise_binary|elementwise_other|elementwise_unary|gemv|reduce,57
react_tool,plan,mir_operator:decode_layer15,605,decode_layer15,,3,1119722,1097551,1184033,202818,265556,cudaLaunchKernel,attention|concat|copy|elementwise_binary|elementwise_other|elementwise_unary|gemv|reduce,57
react_tool,plan,mir_operator:decode_layer16,606,decode_layer16,,3,1139643,1067440,1175126,203233,274021,cudaLaunchKernel,attention|concat|copy|elementwise_binary|elementwise_other|elementwise_unary|gemv|reduce,57
react_tool,plan,mir_operator:decode_layer17,607,decode_layer17,,3,1166450,1068598,1177040,202978,272618,cudaLaunchKernel,attention|concat|copy|elementwise_binary|elementwise_other|elementwise_unary|gemv|reduce,57
react_tool,plan,mir_operator:decode_layer18,608,decode_layer18,,3,1154477,1102900,1174652,202400,269378,cudaLaunchKernel,attention|concat|copy|elementwise_binary|elementwise_other|elementwise_unary|gemv|reduce,57
react_tool,plan,mir_operator:decode_layer19,609,decode_layer19,,3,1103290,1046663,1181913,202529,262157,cudaLaunchKernel,attention|concat|copy|elementwise_binary|elementwise_other|elementwise_unary|gemv|reduce,57
react_tool,plan,mir_operator:decode_layer20,610,decode_layer20,,3,1112312,1042212,1185742,202913,270137,cudaLaunchKernel,attention|concat|copy|elementwise_binary|elementwise_other|elementwise_unary|gemv|reduce,57
react_tool,plan,mir_operator:decode_layer21,611,decode_layer21,,3,1140701,1061679,1154448,202433,273750,cudaLaunchKernel,attention|concat|copy|elementwise_binary|elementwise_other|elementwise_unary|gemv|reduce,57
react_tool,plan,mir_operator:decode_layer22,612,decode_layer22,,3,1106930,1092002,1112473,202816,270111,cudaLaunchKernel,attention|concat|copy|elementwise_binary|elementwise_other|elementwise_unary|gemv|reduce,57
react_tool,plan,mir_operator:decode_layer23,613,decode_layer23,,3,1095793,1078114,1107402,202372,260997,cudaLaunchKernel,attention|concat|copy|elementwise_binary|elementwise_other|elementwise_unary|gemv|reduce,57
react_tool,plan,mir_operator:decode_layer24,614,decode_layer24,,3,1086375,1070080,1088028,202305,258292,cudaLaunchKernel,attention|concat|copy|elementwise_binary|elementwise_other|elementwise_unary|gemv|reduce,57
react_tool,plan,mir_operator:decode_layer25,615,decode_layer25,,3,1072209,1070087,1086853,202817,257592,cudaLaunchKernel,attention|concat|copy|elementwise_binary|elementwise_other|elementwise_unary|gemv|reduce,57
react_tool,plan,mir_operator:decode_layer26,616,decode_layer26,,3,1077772,1071016,1114443,203553,265729,cudaLaunchKernel,attention|concat|copy|elementwise_binary|elementwise_other|elementwise_unary|gemv|reduce,57
react_tool,plan,mir_operator:decode_layer27,617,decode_layer27,,3,1098495,1097376,1170466,203138,264069,cudaLaunchKernel,attention|concat|copy|elementwise_binary|elementwise_other|elementwise_unary|gemv|reduce,57
react_tool,plan,mir_operator:decode_head,618,decode_head,,3,224984,222439,235405,662980,42529,cudaLaunchKernel,copy|elementwise_binary|elementwise_unary|gemv|reduce,9
react_tool,plan,mir_operator:decode_sample,619,decode_sample,,3,622216,621852,622378,7072,569654,cudaStreamSynchronize,memcpy|memset|reduce,1
react_tool,plan,mir_operator:decode_embed,620,decode_embed,,3,53898,48189,58001,1888,11453,cudaLaunchKernel,other,1
react_tool,plan,mir_operator:decode_layer00,621,decode_layer00,,3,1221499,1134408,1288306,203586,272083,cudaLaunchKernel,attention|concat|copy|elementwise_binary|elementwise_other|elementwise_unary|gemv|reduce,57
react_tool,plan,mir_operator:decode_layer01,622,decode_layer01,,3,1123367,1103851,1222443,202464,272029,cudaLaunchKernel,attention|concat|copy|elementwise_binary|elementwise_other|elementwise_unary|gemv|reduce,57
react_tool,plan,mir_operator:decode_layer02,623,decode_layer02,,3,1134734,1128919,1210720,202401,273988,cudaLaunchKernel,attention|concat|copy|elementwise_binary|elementwise_other|elementwise_unary|gemv|reduce,57
react_tool,plan,mir_operator:decode_layer03,624,decode_layer03,,3,1180322,1088278,1207355,202625,279268,cudaLaunchKernel,attention|concat|copy|elementwise_binary|elementwise_other|elementwise_unary|gemv|reduce,57
react_tool,plan,mir_operator:decode_layer04,625,decode_layer04,,3,1182111,1090760,1210929,202945,285607,cudaLaunchKernel,attention|concat|copy|elementwise_binary|elementwise_other|elementwise_unary|gemv|reduce,57
react_tool,plan,mir_operator:decode_layer05,626,decode_layer05,,3,1200257,1088242,1207052,202625,287340,cudaLaunchKernel,attention|concat|copy|elementwise_binary|elementwise_other|elementwise_unary|gemv|reduce,57
react_tool,plan,mir_operator:decode_layer06,627,decode_layer06,,3,1206748,1081250,1241164,203426,282140,cudaLaunchKernel,attention|concat|copy|elementwise_binary|elementwise_other|elementwise_unary|gemv|reduce,57
react_tool,plan,mir_operator:decode_layer07,628,decode_layer07,,3,1211636,1079448,1230475,202529,286131,cudaLaunchKernel,attention|concat|copy|elementwise_binary|elementwise_other|elementwise_unary|gemv|reduce,57
react_tool,plan,mir_operator:decode_layer08,629,decode_layer08,,3,1212710,1050173,1258462,202370,285865,cudaLaunchKernel,attention|concat|copy|elementwise_binary|elementwise_other|elementwise_unary|gemv|reduce,57
react_tool,plan,mir_operator:decode_layer09,630,decode_layer09,,3,1204271,1047973,1226898,202433,279527,cudaLaunchKernel,attention|concat|copy|elementwise_binary|elementwise_other|elementwise_unary|gemv|reduce,57
react_tool,plan,mir_operator:decode_layer10,631,decode_layer10,,3,1202909,1043467,1208246,202529,294700,cudaLaunchKernel,attention|concat|copy|elementwise_binary|elementwise_other|elementwise_unary|gemv|reduce,57
react_tool,plan,mir_operator:decode_layer11,632,decode_layer11,,3,1203850,1203254,1222408,202624,287009,cudaLaunchKernel,attention|concat|copy|elementwise_binary|elementwise_other|elementwise_unary|gemv|reduce,57
react_tool,plan,mir_operator:decode_layer12,633,decode_layer12,,3,1198413,1056371,1224413,202210,282456,cudaLaunchKernel,attention|concat|copy|elementwise_binary|elementwise_other|elementwise_unary|gemv|reduce,57
react_tool,plan,mir_operator:decode_layer13,634,decode_layer13,,3,1193058,1076154,1212359,202818,279264,cudaLaunchKernel,attention|concat|copy|elementwise_binary|elementwise_other|elementwise_unary|gemv|reduce,57
react_tool,plan,mir_operator:decode_layer14,635,decode_layer14,,3,1168334,1082886,1216233,202306,282096,cudaLaunchKernel,attention|concat|copy|elementwise_binary|elementwise_other|elementwise_unary|gemv|reduce,57
react_tool,plan,mir_operator:decode_layer15,636,decode_layer15,,3,1181248,1090882,1202556,202209,274205,cudaLaunchKernel,attention|concat|copy|elementwise_binary|elementwise_other|elementwise_unary|gemv|reduce,57
react_tool,plan,mir_operator:decode_layer16,637,decode_layer16,,3,1175614,1079537,1206786,202528,278217,cudaLaunchKernel,attention|concat|copy|elementwise_binary|elementwise_other|elementwise_unary|gemv|reduce,57
react_tool,plan,mir_operator:decode_layer17,638,decode_layer17,,3,1175472,1078943,1251428,202592,287289,cudaLaunchKernel,attention|concat|copy|elementwise_binary|elementwise_other|elementwise_unary|gemv|reduce,57
react_tool,plan,mir_operator:decode_layer18,639,decode_layer18,,3,1100895,1052669,1178199,202753,261211,cudaLaunchKernel,attention|concat|copy|elementwise_binary|elementwise_other|elementwise_unary|gemv|reduce,57
react_tool,plan,mir_operator:decode_layer19,640,decode_layer19,,3,1098588,1046393,1172567,202498,263955,cudaLaunchKernel,attention|concat|copy|elementwise_binary|elementwise_other|elementwise_unary|gemv|reduce,57
react_tool,plan,mir_operator:decode_layer20,641,decode_layer20,,3,1099836,1078883,1149872,202433,262790,cudaLaunchKernel,attention|concat|copy|elementwise_binary|elementwise_other|elementwise_unary|gemv|reduce,57
react_tool,plan,mir_operator:decode_layer21,642,decode_layer21,,3,1099216,1078529,1116517,202144,264805,cudaLaunchKernel,attention|concat|copy|elementwise_binary|elementwise_other|elementwise_unary|gemv|reduce,57
react_tool,plan,mir_operator:decode_layer22,643,decode_layer22,,3,1094608,1073663,1127840,201922,260673,cudaLaunchKernel,attention|concat|copy|elementwise_binary|elementwise_other|elementwise_unary|gemv|reduce,57
react_tool,plan,mir_operator:decode_layer23,644,decode_layer23,,3,1119643,1050181,1177770,202626,269325,cudaLaunchKernel,attention|concat|copy|elementwise_binary|elementwise_other|elementwise_unary|gemv|reduce,57
react_tool,plan,mir_operator:decode_layer24,645,decode_layer24,,3,1170871,1064561,1179999,203201,272557,cudaLaunchKernel,attention|concat|copy|elementwise_binary|elementwise_other|elementwise_unary|gemv|reduce,57
react_tool,plan,mir_operator:decode_layer25,646,decode_layer25,,3,1167711,1046501,6252858,202274,276861,cudaLaunchKernel,attention|concat|copy|elementwise_binary|elementwise_other|elementwise_unary|gemv|reduce,57
react_tool,plan,mir_operator:decode_layer26,647,decode_layer26,,3,1154719,1055440,1239829,202465,274925,cudaLaunchKernel,attention|concat|copy|elementwise_binary|elementwise_other|elementwise_unary|gemv|reduce,57
react_tool,plan,mir_operator:decode_layer27,648,decode_layer27,,3,1152625,1045470,1233946,202529,271858,cudaLaunchKernel,attention|concat|copy|elementwise_binary|elementwise_other|elementwise_unary|gemv|reduce,57
react_tool,plan,mir_operator:decode_head,649,decode_head,,3,233475,206212,251361,663684,47019,cudaLaunchKernel,copy|elementwise_binary|elementwise_unary|gemv|reduce,9
react_tool,plan,mir_operator:decode_sample,650,decode_sample,,3,619565,611946,622518,7072,574660,cudaStreamSynchronize,memcpy|memset|reduce,1
react_tool,plan,mir_operator:decode_embed,651,decode_embed,,3,50566,45783,64757,1920,11821,cudaLaunchKernel,other,1
react_tool,plan,mir_operator:decode_layer00,652,decode_layer00,,3,1262915,1162298,1345161,203361,290838,cudaLaunchKernel,attention|concat|copy|elementwise_binary|elementwise_other|elementwise_unary|gemv|reduce,57
react_tool,plan,mir_operator:decode_layer01,653,decode_layer01,,3,1220526,1092913,1234371,202529,286819,cudaLaunchKernel,attention|concat|copy|elementwise_binary|elementwise_other|elementwise_unary|gemv|reduce,57
react_tool,plan,mir_operator:decode_layer02,654,decode_layer02,,3,1187297,1160934,1262954,203136,276373,cudaLaunchKernel,attention|concat|copy|elementwise_binary|elementwise_other|elementwise_unary|gemv|reduce,57
react_tool,plan,mir_operator:decode_layer03,655,decode_layer03,,3,1184658,1167371,1223442,202050,281175,cudaLaunchKernel,attention|concat|copy|elementwise_binary|elementwise_other|elementwise_unary|gemv|reduce,57
react_tool,plan,mir_operator:decode_layer04,656,decode_layer04,,3,1188953,1169495,1210399,202530,280062,cudaLaunchKernel,attention|concat|copy|elementwise_binary|elementwise_other|elementwise_unary|gemv|reduce,57
react_tool,plan,mir_operator:decode_layer05,657,decode_layer05,,3,1210547,1181749,1216610,202819,280957,cudaLaunchKernel,attention|concat|copy|elementwise_binary|elementwise_other|elementwise_unary|gemv|reduce,57
react_tool,plan,mir_operator:decode_layer06,658,decode_layer06,,3,1216653,1157372,1361865,203169,295214,cudaLaunchKernel,attention|concat|copy|elementwise_binary|elementwise_other|elementwise_unary|gemv|reduce,57
react_tool,plan,mir_operator:decode_layer07,659,decode_layer07,,3,1220366,1136519,1225607,202594,291321,cudaLaunchKernel,attention|concat|copy|elementwise_binary|elementwise_other|elementwise_unary|gemv|reduce,57
react_tool,plan,mir_operator:decode_layer08,660,decode_layer08,,3,1210901,1201283,1367157,202177,288939,cudaLaunchKernel,attention|concat|copy|elementwise_binary|elementwise_other|elementwise_unary|gemv|reduce,57
react_tool,plan,mir_operator:decode_layer09,661,decode_layer09,,3,1199703,1162977,1314175,202144,289187,cudaLaunchKernel,attention|concat|copy|elementwise_binary|elementwise_other|elementwise_unary|gemv|reduce,57
react_tool,plan,mir_operator:decode_layer10,662,decode_layer10,,3,1213134,1179526,1218966,202785,289428,cudaLaunchKernel,attention|concat|copy|elementwise_binary|elementwise_other|elementwise_unary|gemv|reduce,57
react_tool,plan,mir_operator:decode_layer11,663,decode_layer11,,3,1184152,1183584,1205519,202336,283082,cudaLaunchKernel,attention|concat|copy|elementwise_binary|elementwise_other|elementwise_unary|gemv|reduce,57
react_tool,plan,mir_operator:decode_layer12,664,decode_layer12,,3,1179229,1172861,1219893,202339,280034,cudaLaunchKernel,attention|concat|copy|elementwise_binary|elementwise_other|elementwise_unary|gemv|reduce,57
react_tool,plan,mir_operator:decode_layer13,665,decode_layer13,,3,1173883,1172650,1206028,202626,277841,cudaLaunchKernel,attention|concat|copy|elementwise_binary|elementwise_other|elementwise_unary|gemv|reduce,57
react_tool,plan,mir_operator:decode_layer14,666,decode_layer14,,3,1199168,1167734,1217468,202497,284691,cudaLaunchKernel,attention|concat|copy|elementwise_binary|elementwise_other|elementwise_unary|gemv|reduce,57
react_tool,plan,mir_operator:decode_layer15,667,decode_layer15,,3,1206931,1161751,1251442,202849,284423,cudaLaunchKernel,attention|concat|copy|elementwise_binary|elementwise_other|elementwise_unary|gemv|reduce,57
react_tool,plan,mir_operator:decode_layer16,668,decode_layer16,,3,1232718,1116042,1269442,202560,284658,cudaLaunchKernel,attention|concat|copy|elementwise_binary|elementwise_other|elementwise_unary|gemv|reduce,57
react_tool,plan,mir_operator:decode_layer17,669,decode_layer17,,3,1214451,1147459,1220446,202464,284129,cudaLaunchKernel,attention|concat|copy|elementwise_binary|elementwise_other|elementwise_unary|gemv|reduce,57
react_tool,plan,mir_operator:decode_layer18,670,decode_layer18,,3,1207363,1164423,1227415,202913,283263,cudaLaunchKernel,attention|concat|copy|elementwise_binary|elementwise_other|elementwise_unary|gemv|reduce,57
react_tool,plan,mir_operator:decode_layer19,671,decode_layer19,,3,1213812,1209889,1217764,202432,286491,cudaLaunchKernel,attention|concat|copy|elementwise_binary|elementwise_other|elementwise_unary|gemv|reduce,57
react_tool,plan,mir_operator:decode_layer20,672,decode_layer20,,3,1207950,1172854,1744279,203107,292256,cudaLaunchKernel,attention|concat|copy|elementwise_binary|elementwise_other|elementwise_unary|gemv|reduce,57
react_tool,plan,mir_operator:decode_layer21,673,decode_layer21,,3,1215956,1186681,1420722,202625,288786,cudaLaunchKernel,attention|concat|copy|elementwise_binary|elementwise_other|elementwise_unary|gemv|reduce,57
react_tool,plan,mir_operator:decode_layer22,674,decode_layer22,,3,1193436,1118283,1228415,202178,276829,cudaLaunchKernel,attention|concat|copy|elementwise_binary|elementwise_other|elementwise_unary|gemv|reduce,57
react_tool,plan,mir_operator:decode_layer23,675,decode_layer23,,3,1187037,1083938,1218186,202081,278652,cudaLaunchKernel,attention|concat|copy|elementwise_binary|elementwise_other|elementwise_unary|gemv|reduce,57
react_tool,plan,mir_operator:decode_layer24,676,decode_layer24,,3,1171652,1116327,1202356,202369,275503,cudaLaunchKernel,attention|concat|copy|elementwise_binary|elementwise_other|elementwise_unary|gemv|reduce,57
react_tool,plan,mir_operator:decode_layer25,677,decode_layer25,,3,1179374,1086029,1191990,203875,275384,cudaLaunchKernel,attention|concat|copy|elementwise_binary|elementwise_other|elementwise_unary|gemv|reduce,57
react_tool,plan,mir_operator:decode_layer26,678,decode_layer26,,3,1171414,1084381,1181797,203042,275520,cudaLaunchKernel,attention|concat|copy|elementwise_binary|elementwise_other|elementwise_unary|gemv|reduce,57
react_tool,plan,mir_operator:decode_layer27,679,decode_layer27,,3,1152473,1090444,1219434,202754,269138,cudaLaunchKernel,attention|concat|copy|elementwise_binary|elementwise_other|elementwise_unary|gemv|reduce,57
react_tool,plan,mir_operator:decode_head,680,decode_head,,3,229555,221101,243544,663140,42617,cudaLaunchKernel,copy|elementwise_binary|elementwise_unary|gemv|reduce,9
react_tool,plan,mir_operator:decode_sample,681,decode_sample,,3,615778,612742,783798,7040,561606,cudaStreamSynchronize,memcpy|memset|reduce,1
react_tool,plan,mir_operator:decode_embed,682,decode_embed,,3,60033,55563,61593,1888,12417,cudaLaunchKernel,other,1
react_tool,plan,mir_operator:decode_layer00,683,decode_layer00,,3,1211328,1198040,1264866,204609,277299,cudaLaunchKernel,attention|concat|copy|elementwise_binary|elementwise_other|elementwise_unary|gemv|reduce,57
react_tool,plan,mir_operator:decode_layer01,684,decode_layer01,,3,1144051,1133852,1197163,202978,273948,cudaLaunchKernel,attention|concat|copy|elementwise_binary|elementwise_other|elementwise_unary|gemv|reduce,57
react_tool,plan,mir_operator:decode_layer02,685,decode_layer02,,3,1138776,1126413,1209619,202496,274558,cudaLaunchKernel,attention|concat|copy|elementwise_binary|elementwise_other|elementwise_unary|gemv|reduce,57
react_tool,plan,mir_operator:decode_layer03,686,decode_layer03,,3,1210765,1115219,1246111,202433,283338,cudaLaunchKernel,attention|concat|copy|elementwise_binary|elementwise_other|elementwise_unary|gemv|reduce,57
react_tool,plan,mir_operator:decode_layer04,687,decode_layer04,,3,1205523,1112414,1223039,202593,279934,cudaLaunchKernel,attention|concat|copy|elementwise_binary|elementwise_other|elementwise_unary|gemv|reduce,57
react_tool,plan,mir_operator:decode_layer05,688,decode_layer05,,3,1213388,1098603,1216377,202656,285663,cudaLaunchKernel,attention|concat|copy|elementwise_binary|elementwise_other|elementwise_unary|gemv|reduce,57
react_tool,plan,mir_operator:decode_layer06,689,decode_layer06,,3,1228584,1079388,1250325,203778,293968,cudaLaunchKernel,attention|concat|copy|elementwise_binary|elementwise_other|elementwise_unary|gemv|reduce,57
react_tool,plan,mir_operator:decode_layer07,690,decode_layer07,,3,1204608,1088056,1215738,202819,276807,cudaLaunchKernel,attention|concat|copy|elementwise_binary|elementwise_other|elementwise_unary|gemv|reduce,57
react_tool,plan,mir_operator:decode_layer08,691,decode_layer08,,3,1210031,1096275,1215578,202306,280640,cudaLaunchKernel,attention|concat|copy|elementwise_binary|elementwise_other|elementwise_unary|gemv|reduce,57
react_tool,plan,mir_operator:decode_layer09,692,decode_layer09,,3,1210825,1092446,1212419,202305,282298,cudaLaunchKernel,attention|concat|copy|elementwise_binary|elementwise_other|elementwise_unary|gemv|reduce,57
react_tool,plan,mir_operator:decode_layer10,693,decode_layer10,,3,1200954,1084338,1219252,202305,283917,cudaLaunchKernel,attention|concat|copy|elementwise_binary|elementwise_other|elementwise_unary|gemv|reduce,57
react_tool,plan,mir_operator:decode_layer11,694,decode_layer11,,3,1119009,1084378,1165619,202209,263117,cudaLaunchKernel,attention|concat|copy|elementwise_binary|elementwise_other|elementwise_unary|gemv|reduce,57
react_tool,plan,mir_operator:decode_layer12,695,decode_layer12,,3,1106854,1102169,1116392,202977,266910,cudaLaunchKernel,attention|concat|copy|elementwise_binary|elementwise_other|elementwise_unary|gemv|reduce,57
react_tool,plan,mir_operator:decode_layer13,696,decode_layer13,,3,1107213,1080943,1120999,202563,272362,cudaLaunchKernel,attention|concat|copy|elementwise_binary|elementwise_other|elementwise_unary|gemv|reduce,57
react_tool,plan,mir_operator:decode_layer14,697,decode_layer14,,3,1103232,1081710,1109665,202212,263062,cudaLaunchKernel,attention|concat|copy|elementwise_binary|elementwise_other|elementwise_unary|gemv|reduce,57
react_tool,plan,mir_operator:decode_layer15,698,decode_layer15,,3,1098284,1084991,1105965,202817,258345,cudaLaunchKernel,attention|concat|copy|elementwise_binary|elementwise_other|elementwise_unary|gemv|reduce,57
react_tool,plan,mir_operator:decode_layer16,699,decode_layer16,,3,1099707,1090817,1188563,202977,265955,cudaLaunchKernel,attention|concat|copy|elementwise_binary|elementwise_other|elementwise_unary|gemv|reduce,57
react_tool,plan,mir_operator:decode_layer17,700,decode_layer17,,3,1110529,1106645,1190926,203137,266429,cudaLaunchKernel,attention|concat|copy|elementwise_binary|elementwise_other|elementwise_unary|gemv|reduce,57
react_tool,plan,mir_operator:decode_layer18,701,decode_layer18,,3,1126242,1105009,1139868,202464,266804,cudaLaunchKernel,attention|concat|copy|elementwise_binary|elementwise_other|elementwise_unary|gemv|reduce,57
react_tool,plan,mir_operator:decode_layer19,702,decode_layer19,,3,1112334,1107215,1118023,202658,266573,cudaLaunchKernel,attention|concat|copy|elementwise_binary|elementwise_other|elementwise_unary|gemv|reduce,57
react_tool,plan,mir_operator:decode_layer20,703,decode_layer20,,3,1128788,1104970,1131743,202913,269166,cudaLaunchKernel,attention|concat|copy|elementwise_binary|elementwise_other|elementwise_unary|gemv|reduce,57
react_tool,plan,mir_operator:decode_layer21,704,decode_layer21,,3,1111165,1098794,1213376,202785,263098,cudaLaunchKernel,attention|concat|copy|elementwise_binary|elementwise_other|elementwise_unary|gemv|reduce,57
react_tool,plan,mir_operator:decode_layer22,705,decode_layer22,,3,1113091,1097597,1192470,203488,262548,cudaLaunchKernel,attention|concat|copy|elementwise_binary|elementwise_other|elementwise_unary|gemv|reduce,57
react_tool,plan,mir_operator:decode_layer23,706,decode_layer23,,3,1191868,1094770,1234057,202241,284922,cudaLaunchKernel,attention|concat|copy|elementwise_binary|elementwise_other|elementwise_unary|gemv|reduce,57
react_tool,plan,mir_operator:decode_layer24,707,decode_layer24,,3,1173117,1122728,1176832,202849,272573,cudaLaunchKernel,attention|concat|copy|elementwise_binary|elementwise_other|elementwise_unary|gemv|reduce,57
react_tool,plan,mir_operator:decode_layer25,708,decode_layer25,,3,1169355,1088587,1169847,202944,275507,cudaLaunchKernel,attention|concat|copy|elementwise_binary|elementwise_other|elementwise_unary|gemv|reduce,57
react_tool,plan,mir_operator:decode_layer26,709,decode_layer26,,3,1171511,1078472,1173479,202946,275368,cudaLaunchKernel,attention|concat|copy|elementwise_binary|elementwise_other|elementwise_unary|gemv|reduce,57
react_tool,plan,mir_operator:decode_layer27,710,decode_layer27,,3,1183832,1093162,1185401,202720,279985,cudaLaunchKernel,attention|concat|copy|elementwise_binary|elementwise_other|elementwise_unary|gemv|reduce,57
react_tool,plan,mir_operator:decode_head,711,decode_head,,3,250686,225495,322186,663268,47709,cudaLaunchKernel,copy|elementwise_binary|elementwise_unary|gemv|reduce,9
react_tool,plan,mir_operator:decode_sample,712,decode_sample,,3,612333,609561,616815,7104,557372,cudaStreamSynchronize,memcpy|memset|reduce,1
react_tool,plan,mir_operator:decode_embed,713,decode_embed,,3,64684,56558,67366,1888,15162,cudaLaunchKernel,other,1
react_tool,plan,mir_operator:decode_layer00,714,decode_layer00,,3,1304760,1267223,1336029,203521,297699,cudaLaunchKernel,attention|concat|copy|elementwise_binary|elementwise_other|elementwise_unary|gemv|reduce,57
react_tool,plan,mir_operator:decode_layer01,715,decode_layer01,,3,1249871,1206245,1255287,202304,294306,cudaLaunchKernel,attention|concat|copy|elementwise_binary|elementwise_other|elementwise_unary|gemv|reduce,57
react_tool,plan,mir_operator:decode_layer02,716,decode_layer02,,3,1222321,1215933,1253987,203329,282358,cudaLaunchKernel,attention|concat|copy|elementwise_binary|elementwise_other|elementwise_unary|gemv|reduce,57
react_tool,plan,mir_operator:decode_layer03,717,decode_layer03,,3,1193455,1164240,1216337,202720,278399,cudaLaunchKernel,attention|concat|copy|elementwise_binary|elementwise_other|elementwise_unary|gemv|reduce,57
react_tool,plan,mir_operator:decode_layer04,718,decode_layer04,,3,1180379,1112269,1180421,202243,277830,cudaLaunchKernel,attention|concat|copy|elementwise_binary|elementwise_other|elementwise_unary|gemv|reduce,57
react_tool,plan,mir_operator:decode_layer05,719,decode_layer05,,3,1196190,1126301,1226552,202914,289133,cudaLaunchKernel,attention|concat|copy|elementwise_binary|elementwise_other|elementwise_unary|gemv|reduce,57
react_tool,plan,mir_operator:decode_layer06,720,decode_layer06,,3,1186797,1123565,1253002,202944,277293,cudaLaunchKernel,attention|concat|copy|elementwise_binary|elementwise_other|elementwise_unary|gemv|reduce,57
react_tool,plan,mir_operator:decode_layer07,721,decode_layer07,,3,1191478,1117030,1296312,202400,282486,cudaLaunchKernel,attention|concat|copy|elementwise_binary|elementwise_other|elementwise_unary|gemv|reduce,57
react_tool,plan,mir_operator:decode_layer08,722,decode_layer08,,3,1169048,1117013,1290433,202306,285055,cudaLaunchKernel,attention|concat|copy|elementwise_binary|elementwise_other|elementwise_unary|gemv|reduce,57
react_tool,plan,mir_operator:decode_layer09,723,decode_layer09,,3,1242899,1102769,1246392,202272,299983,cudaLaunchKernel,attention|concat|copy|elementwise_binary|elementwise_other|elementwise_unary|gemv|reduce,57
react_tool,plan,mir_operator:decode_layer10,724,decode_layer10,,3,1145146,1128594,1196790,202433,274280,cudaLaunchKernel,attention|concat|copy|elementwise_binary|elementwise_other|elementwise_unary|gemv|reduce,57
react_tool,plan,mir_operator:decode_layer11,725,decode_layer11,,3,1201324,1114274,1240961,202625,276971,cudaLaunchKernel,attention|concat|copy|elementwise_binary|elementwise_other|elementwise_unary|gemv|reduce,57
react_tool,plan,mir_operator:decode_layer12,726,decode_layer12,,3,1157430,1116231,1224854,202756,282359,cudaLaunchKernel,attention|concat|copy|elementwise_binary|elementwise_other|elementwise_unary|gemv|reduce,57
react_tool,plan,mir_operator:decode_layer13,727,decode_layer13,,3,1131269,1111222,1159162,202466,275155,cudaLaunchKernel,attention|concat|copy|elementwise_binary|elementwise_other|elementwise_unary|gemv|reduce,57
react_tool,plan,mir_operator:decode_layer14,728,decode_layer14,,3,1154440,1112058,1165445,202593,272967,cudaLaunchKernel,attention|concat|copy|elementwise_binary|elementwise_other|elementwise_unary|gemv|reduce,57
react_tool,plan,mir_operator:decode_layer15,729,decode_layer15,,3,1173848,1113382,1176121,201857,278780,cudaLaunchKernel,attention|concat|copy|elementwise_binary|elementwise_other|elementwise_unary|gemv|reduce,57
react_tool,plan,mir_operator:decode_layer16,730,decode_layer16,,3,1174925,1133566,1199403,202657,278726,cudaLaunchKernel,attention|concat|copy|elementwise_binary|elementwise_other|elementwise_unary|gemv|reduce,57
react_tool,plan,mir_operator:decode_layer17,731,decode_layer17,,3,1180958,1165171,1219803,202401,284300,cudaLaunchKernel,attention|concat|copy|elementwise_binary|elementwise_other|elementwise_unary|gemv|reduce,57
react_tool,plan,mir_operator:decode_layer18,732,decode_layer18,,3,1158264,1151708,1171701,203073,280020,cudaLaunchKernel,attention|concat|copy|elementwise_binary|elementwise_other|elementwise_unary|gemv|reduce,57
react_tool,plan,mir_operator:decode_layer19,733,decode_layer19,,3,1172585,1112901,1176928,202754,279255,cudaLaunchKernel,attention|concat|copy|elementwise_binary|elementwise_other|elementwise_unary|gemv|reduce,57
react_tool,plan,mir_operator:decode_layer20,734,decode_layer20,,3,1140746,1103513,1168975,202624,264109,cudaLaunchKernel,attention|concat|copy|elementwise_binary|elementwise_other|elementwise_unary|gemv|reduce,57
react_tool,plan,mir_operator:decode_layer21,735,decode_layer21,,3,1172019,1107427,1173284,202114,273767,cudaLaunchKernel,attention|concat|copy|elementwise_binary|elementwise_other|elementwise_unary|gemv|reduce,57
react_tool,plan,mir_operator:decode_layer22,736,decode_layer22,,3,1169028,1110804,1188214,202530,281858,cudaLaunchKernel,attention|concat|copy|elementwise_binary|elementwise_other|elementwise_unary|gemv|reduce,57
react_tool,plan,mir_operator:decode_layer23,737,decode_layer23,,3,1183173,1111730,1204105,203073,283398,cudaLaunchKernel,attention|concat|copy|elementwise_binary|elementwise_other|elementwise_unary|gemv|reduce,57
react_tool,plan,mir_operator:decode_layer24,738,decode_layer24,,3,1169848,1115635,1189334,202850,276426,cudaLaunchKernel,attention|concat|copy|elementwise_binary|elementwise_other|elementwise_unary|gemv|reduce,57
react_tool,plan,mir_operator:decode_layer25,739,decode_layer25,,3,1176771,1172977,1200915,202880,284422,cudaLaunchKernel,attention|concat|copy|elementwise_binary|elementwise_other|elementwise_unary|gemv|reduce,57
react_tool,plan,mir_operator:decode_layer26,740,decode_layer26,,3,1206126,1204147,1233276,202946,283347,cudaLaunchKernel,attention|concat|copy|elementwise_binary|elementwise_other|elementwise_unary|gemv|reduce,57
react_tool,plan,mir_operator:decode_layer27,741,decode_layer27,,3,1201479,1181648,1227199,202721,288230,cudaLaunchKernel,attention|concat|copy|elementwise_binary|elementwise_other|elementwise_unary|gemv|reduce,57
react_tool,plan,mir_operator:decode_head,742,decode_head,,3,246974,225531,256661,661572,46918,cudaLaunchKernel,copy|elementwise_binary|elementwise_unary|gemv|reduce,9
react_tool,plan,mir_operator:decode_sample,743,decode_sample,,3,618860,615032,622557,7040,561265,cudaStreamSynchronize,memcpy|memset|reduce,1
react_tool,plan,mir_operator:decode_embed,744,decode_embed,,3,57740,53409,61989,1856,12469,cudaLaunchKernel,other,1
react_tool,plan,mir_operator:decode_layer00,745,decode_layer00,,3,1295115,1251721,1334776,203298,295875,cudaLaunchKernel,attention|concat|copy|elementwise_binary|elementwise_other|elementwise_unary|gemv|reduce,57
react_tool,plan,mir_operator:decode_layer01,746,decode_layer01,,3,1239684,1188469,1243570,202787,286892,cudaLaunchKernel,attention|concat|copy|elementwise_binary|elementwise_other|elementwise_unary|gemv|reduce,57
react_tool,plan,mir_operator:decode_layer02,747,decode_layer02,,3,1222370,1182994,1231724,201825,281658,cudaLaunchKernel,attention|concat|copy|elementwise_binary|elementwise_other|elementwise_unary|gemv|reduce,57
react_tool,plan,mir_operator:decode_layer03,748,decode_layer03,,3,1212429,1170635,1248038,202657,278860,cudaLaunchKernel,attention|concat|copy|elementwise_binary|elementwise_other|elementwise_unary|gemv|reduce,57
react_tool,plan,mir_operator:decode_layer04,749,decode_layer04,,3,1218959,1112896,1224935,202753,281238,cudaLaunchKernel,attention|concat|copy|elementwise_binary|elementwise_other|elementwise_unary|gemv|reduce,57
react_tool,plan,mir_operator:decode_layer05,750,decode_layer05,,3,1212774,1129778,1225291,202690,294297,cudaLaunchKernel,attention|concat|copy|elementwise_binary|elementwise_other|elementwise_unary|gemv|reduce,57
react_tool,plan,mir_operator:decode_layer06,751,decode_layer06,,3,1194676,1122825,1227527,203265,278855,cudaLaunchKernel,attention|concat|copy|elementwise_binary|elementwise_other|elementwise_unary|gemv|reduce,57
react_tool,plan,mir_operator:decode_layer07,752,decode_layer07,,3,1198476,1114372,1212292,202082,279477,cudaLaunchKernel,attention|concat|copy|elementwise_binary|elementwise_other|elementwise_unary|gemv|reduce,57
react_tool,plan,mir_operator:decode_layer08,753,decode_layer08,,3,1198430,1135505,1212211,202176,275543,cudaLaunchKernel,attention|concat|copy|elementwise_binary|elementwise_other|elementwise_unary|gemv|reduce,57
react_tool,plan,mir_operator:decode_layer09,754,decode_layer09,,3,1224042,1115995,1225599,202721,284623,cudaLaunchKernel,attention|concat|copy|elementwise_binary|elementwise_other|elementwise_unary|gemv|reduce,57
react_tool,plan,mir_operator:decode_layer10,755,decode_layer10,,3,1181933,1141911,1195453,202497,286984,cudaLaunchKernel,attention|concat|copy|elementwise_binary|elementwise_other|elementwise_unary|gemv|reduce,57
react_tool,plan,mir_operator:decode_layer11,756,decode_layer11,,3,1206352,1168570,1217992,201923,284271,cudaLaunchKernel,attention|concat|copy|elementwise_binary|elementwise_other|elementwise_unary|gemv|reduce,57
react_tool,plan,mir_operator:decode_layer12,757,decode_layer12,,3,1214700,1205216,1265322,202850,292794,cudaLaunchKernel,attention|concat|copy|elementwise_binary|elementwise_other|elementwise_unary|gemv|reduce,57
react_tool,plan,mir_operator:decode_layer13,758,decode_layer13,,3,1262587,1177836,1421429,202147,295919,cudaLaunchKernel,attention|concat|copy|elementwise_binary|elementwise_other|elementwise_unary|gemv|reduce,57
react_tool,plan,mir_operator:decode_layer14,759,decode_layer14,,3,1199792,1189675,1231862,202209,282956,cudaLaunchKernel,attention|concat|copy|elementwise_binary|elementwise_other|elementwise_unary|gemv|reduce,57
react_tool,plan,mir_operator:decode_layer15,760,decode_layer15,,3,1210616,1210253,1214234,203041,284125,cudaLaunchKernel,attention|concat|copy|elementwise_binary|elementwise_other|elementwise_unary|gemv|reduce,57
react_tool,plan,mir_operator:decode_layer16,761,decode_layer16,,3,1211616,1194151,1217676,202272,279871,cudaLaunchKernel,attention|concat|copy|elementwise_binary|elementwise_other|elementwise_unary|gemv|reduce,57
react_tool,plan,mir_operator:decode_layer17,762,decode_layer17,,3,1207926,1189389,1209222,203137,286957,cudaLaunchKernel,attention|concat|copy|elementwise_binary|elementwise_other|elementwise_unary|gemv|reduce,57
react_tool,plan,mir_operator:decode_layer18,763,decode_layer18,,3,1206031,1169744,1215557,202529,287073,cudaLaunchKernel,attention|concat|copy|elementwise_binary|elementwise_other|elementwise_unary|gemv|reduce,57
react_tool,plan,mir_operator:decode_layer19,764,decode_layer19,,3,1172177,1157365,1226869,203296,277296,cudaLaunchKernel,attention|concat|copy|elementwise_binary|elementwise_other|elementwise_unary|gemv|reduce,57
react_tool,plan,mir_operator:decode_layer20,765,decode_layer20,,3,1169559,1137539,1231090,202465,276481,cudaLaunchKernel,attention|concat|copy|elementwise_binary|elementwise_other|elementwise_unary|gemv|reduce,57
react_tool,plan,mir_operator:decode_layer21,766,decode_layer21,,3,1177207,1154847,1204158,202593,283425,cudaLaunchKernel,attention|concat|copy|elementwise_binary|elementwise_other|elementwise_unary|gemv|reduce,57
react_tool,plan,mir_operator:decode_layer22,767,decode_layer22,,3,1184941,1104050,1221462,202720,275866,cudaLaunchKernel,attention|concat|copy|elementwise_binary|elementwise_other|elementwise_unary|gemv|reduce,57
react_tool,plan,mir_operator:decode_layer23,768,decode_layer23,,3,1138746,1077367,1201053,202465,269665,cudaLaunchKernel,attention|concat|copy|elementwise_binary|elementwise_other|elementwise_unary|gemv|reduce,57
react_tool,plan,mir_operator:decode_layer24,769,decode_layer24,,3,1098200,1068938,1174601,202465,260464,cudaLaunchKernel,attention|concat|copy|elementwise_binary|elementwise_other|elementwise_unary|gemv|reduce,57
react_tool,plan,mir_operator:decode_layer25,770,decode_layer25,,3,1099157,1085788,1182052,202656,258901,cudaLaunchKernel,attention|concat|copy|elementwise_binary|elementwise_other|elementwise_unary|gemv|reduce,57
react_tool,plan,mir_operator:decode_layer26,771,decode_layer26,,3,1113901,1078790,1265691,203424,264474,cudaLaunchKernel,attention|concat|copy|elementwise_binary|elementwise_other|elementwise_unary|gemv|reduce,57
react_tool,plan,mir_operator:decode_layer27,772,decode_layer27,,3,1147552,1073450,1179251,202560,269818,cudaLaunchKernel,attention|concat|copy|elementwise_binary|elementwise_other|elementwise_unary|gemv|reduce,57
react_tool,plan,mir_operator:decode_head,773,decode_head,,3,233695,211759,242254,662307,45315,cudaLaunchKernel,copy|elementwise_binary|elementwise_unary|gemv|reduce,9
react_tool,plan,mir_operator:decode_sample,774,decode_sample,,3,623741,613911,631491,7104,568566,cudaStreamSynchronize,memcpy|memset|reduce,1
react_tool,plan,mir_operator:decode_embed,775,decode_embed,,3,56636,45540,61439,1888,11920,cudaLaunchKernel,other,1
react_tool,plan,mir_operator:decode_layer00,776,decode_layer00,,3,1215304,1105484,1276906,203937,281131,cudaLaunchKernel,attention|concat|copy|elementwise_binary|elementwise_other|elementwise_unary|gemv|reduce,57
react_tool,plan,mir_operator:decode_layer01,777,decode_layer01,,3,1198782,1094858,1218374,202401,281116,cudaLaunchKernel,attention|concat|copy|elementwise_binary|elementwise_other|elementwise_unary|gemv|reduce,57
react_tool,plan,mir_operator:decode_layer02,778,decode_layer02,,3,1192371,1069819,1192660,202529,273188,cudaLaunchKernel,attention|concat|copy|elementwise_binary|elementwise_other|elementwise_unary|gemv|reduce,57
react_tool,plan,mir_operator:decode_layer03,779,decode_layer03,,3,1177189,1051611,1179259,201921,276946,cudaLaunchKernel,attention|concat|copy|elementwise_binary|elementwise_other|elementwise_unary|gemv|reduce,57
react_tool,plan,mir_operator:decode_layer04,780,decode_layer04,,3,1164715,1057439,1183761,203553,275176,cudaLaunchKernel,attention|concat|copy|elementwise_binary|elementwise_other|elementwise_unary|gemv|reduce,57
react_tool,plan,mir_operator:decode_layer05,781,decode_layer05,,3,1105358,1053190,1173375,202401,268663,cudaLaunchKernel,attention|concat|copy|elementwise_binary|elementwise_other|elementwise_unary|gemv|reduce,57
react_tool,plan,mir_operator:decode_layer06,782,decode_layer06,,3,1115487,1048885,1151427,203426,263281,cudaLaunchKernel,attention|concat|copy|elementwise_binary|elementwise_other|elementwise_unary|gemv|reduce,57
react_tool,plan,mir_operator:decode_layer07,783,decode_layer07,,3,1145179,1062384,1170465,202913,264720,cudaLaunchKernel,attention|concat|copy|elementwise_binary|elementwise_other|elementwise_unary|gemv|reduce,57
react_tool,plan,mir_operator:decode_layer08,784,decode_layer08,,3,1115240,1054719,1180446,202081,266131,cudaLaunchKernel,attention|concat|copy|elementwise_binary|elementwise_other|elementwise_unary|gemv|reduce,57
react_tool,plan,mir_operator:decode_layer09,785,decode_layer09,,3,1080508,1078462,1102369,203202,261494,cudaLaunchKernel,attention|concat|copy|elementwise_binary|elementwise_other|elementwise_unary|gemv|reduce,57
react_tool,plan,mir_operator:decode_layer10,786,decode_layer10,,3,1071120,1063065,1102136,202176,257084,cudaLaunchKernel,attention|concat|copy|elementwise_binary|elementwise_other|elementwise_unary|gemv|reduce,57
react_tool,plan,mir_operator:decode_layer11,787,decode_layer11,,3,1051759,1042739,1085119,202626,255358,cudaLaunchKernel,attention|concat|copy|elementwise_binary|elementwise_other|elementwise_unary|gemv|reduce,57
react_tool,plan,mir_operator:decode_layer12,788,decode_layer12,,3,1055818,1047756,1526991,202497,256449,cudaLaunchKernel,attention|concat|copy|elementwise_binary|elementwise_other|elementwise_unary|gemv|reduce,57
react_tool,plan,mir_operator:decode_layer13,789,decode_layer13,,3,1051832,1047172,1522159,202177,257371,cudaLaunchKernel,attention|concat|copy|elementwise_binary|elementwise_other|elementwise_unary|gemv|reduce,57
react_tool,plan,mir_operator:decode_layer14,790,decode_layer14,,3,1079672,1053050,1497523,202817,258040,cudaLaunchKernel,attention|concat|copy|elementwise_binary|elementwise_other|elementwise_unary|gemv|reduce,57
react_tool,plan,mir_operator:decode_layer15,791,decode_layer15,,3,1131026,1062845,1476219,205121,265323,cudaLaunchKernel,attention|concat|copy|elementwise_binary|elementwise_other|elementwise_unary|gemv|reduce,57
react_tool,plan,mir_operator:decode_layer16,792,decode_layer16,,3,1223622,1049622,1296440,203653,289645,cudaLaunchKernel,attention|concat|copy|elementwise_binary|elementwise_other|elementwise_unary|gemv|reduce,57
react_tool,plan,mir_operator:decode_layer17,793,decode_layer17,,3,1210449,1167903,1433952,202273,286073,cudaLaunchKernel,attention|concat|copy|elementwise_binary|elementwise_other|elementwise_unary|gemv|reduce,57
react_tool,plan,mir_operator:decode_layer18,794,decode_layer18,,3,1203882,1203183,1208307,203073,286196,cudaLaunchKernel,attention|concat|copy|elementwise_binary|elementwise_other|elementwise_unary|gemv|reduce,57
react_tool,plan,mir_operator:decode_layer19,795,decode_layer19,,3,1213414,1168040,1261427,202466,286944,cudaLaunchKernel,attention|concat|copy|elementwise_binary|elementwise_other|elementwise_unary|gemv|reduce,57
react_tool,plan,mir_operator:decode_layer20,796,decode_layer20,,3,1181466,1163959,1221353,202401,282357,cudaLaunchKernel,attention|concat|copy|elementwise_binary|elementwise_other|elementwise_unary|gemv|reduce,57
react_tool,plan,mir_operator:decode_layer21,797,decode_layer21,,3,1177353,1171133,1203500,202082,280044,cudaLaunchKernel,attention|concat|copy|elementwise_binary|elementwise_other|elementwise_unary|gemv|reduce,57
react_tool,plan,mir_operator:decode_layer22,798,decode_layer22,,3,1180085,1171254,1217021,202786,281800,cudaLaunchKernel,attention|concat|copy|elementwise_binary|elementwise_other|elementwise_unary|gemv|reduce,57
react_tool,plan,mir_operator:decode_layer23,799,decode_layer23,,3,1169479,1168118,1193737,203457,276233,cudaLaunchKernel,attention|concat|copy|elementwise_binary|elementwise_other|elementwise_unary|gemv|reduce,57
react_tool,plan,mir_operator:decode_layer24,800,decode_layer24,,3,1176259,1172278,1206449,201665,285956,cudaLaunchKernel,attention|concat|copy|elementwise_binary|elementwise_other|elementwise_unary|gemv|reduce,57
react_tool,plan,mir_operator:decode_layer25,801,decode_layer25,,3,1171852,1161482,1195395,202690,281866,cudaLaunchKernel,attention|concat|copy|elementwise_binary|elementwise_other|elementwise_unary|gemv|reduce,57
react_tool,plan,mir_operator:decode_layer26,802,decode_layer26,,3,1143798,1115533,1179865,203264,277222,cudaLaunchKernel,attention|concat|copy|elementwise_binary|elementwise_other|elementwise_unary|gemv|reduce,57
react_tool,plan,mir_operator:decode_layer27,803,decode_layer27,,3,1111456,1074696,1167132,203009,260641,cudaLaunchKernel,attention|concat|copy|elementwise_binary|elementwise_other|elementwise_unary|gemv|reduce,57
react_tool,plan,mir_operator:decode_head,804,decode_head,,3,221321,219387,244860,662596,44621,cudaLaunchKernel,copy|elementwise_binary|elementwise_unary|gemv|reduce,9
react_tool,plan,mir_operator:decode_sample,805,decode_sample,,3,621111,617188,627417,7008,570304,cudaStreamSynchronize,memcpy|memset|reduce,1
react_tool,plan,mir_operator:decode_embed,806,decode_embed,,3,50046,49859,57445,1888,11619,cudaLaunchKernel,other,1
react_tool,plan,mir_operator:decode_layer00,807,decode_layer00,,3,1153344,1148305,1332355,203682,274633,cudaLaunchKernel,attention|concat|copy|elementwise_binary|elementwise_other|elementwise_unary|gemv|reduce,57
react_tool,plan,mir_operator:decode_layer01,808,decode_layer01,,3,1101793,1098751,1228114,202529,264331,cudaLaunchKernel,attention|concat|copy|elementwise_binary|elementwise_other|elementwise_unary|gemv|reduce,57
react_tool,plan,mir_operator:decode_layer02,809,decode_layer02,,3,1106107,1077636,1195105,202753,262591,cudaLaunchKernel,attention|concat|copy|elementwise_binary|elementwise_other|elementwise_unary|gemv|reduce,57
react_tool,plan,mir_operator:decode_layer03,810,decode_layer03,,3,1129576,1108647,1177968,202819,267885,cudaLaunchKernel,attention|concat|copy|elementwise_binary|elementwise_other|elementwise_unary|gemv|reduce,57
react_tool,plan,mir_operator:decode_layer04,811,decode_layer04,,3,1124541,1088381,1215893,202625,271675,cudaLaunchKernel,attention|concat|copy|elementwise_binary|elementwise_other|elementwise_unary|gemv|reduce,57
react_tool,plan,mir_operator:decode_layer05,812,decode_layer05,,3,1116664,1080124,1173887,202977,264072,cudaLaunchKernel,attention|concat|copy|elementwise_binary|elementwise_other|elementwise_unary|gemv|reduce,57
react_tool,plan,mir_operator:decode_layer06,813,decode_layer06,,3,1104358,1084739,1169448,203296,261561,cudaLaunchKernel,attention|concat|copy|elementwise_binary|elementwise_other|elementwise_unary|gemv|reduce,57
react_tool,plan,mir_operator:decode_layer07,814,decode_layer07,,3,1148652,1131746,1194621,202977,272455,cudaLaunchKernel,attention|concat|copy|elementwise_binary|elementwise_other|elementwise_unary|gemv|reduce,57
react_tool,plan,mir_operator:decode_layer08,815,decode_layer08,,3,1107300,1085315,1207234,202498,265246,cudaLaunchKernel,attention|concat|copy|elementwise_binary|elementwise_other|elementwise_unary|gemv|reduce,57
react_tool,plan,mir_operator:decode_layer09,816,decode_layer09,,3,1144932,1081151,1206366,203009,265489,cudaLaunchKernel,attention|concat|copy|elementwise_binary|elementwise_other|elementwise_unary|gemv|reduce,57
react_tool,plan,mir_operator:decode_layer10,817,decode_layer10,,3,1205053,1086725,1225458,202401,281392,cudaLaunchKernel,attention|concat|copy|elementwise_binary|elementwise_other|elementwise_unary|gemv|reduce,57
react_tool,plan,mir_operator:decode_layer11,818,decode_layer11,,3,1216369,1076446,1223494,202304,280445,cudaLaunchKernel,attention|concat|copy|elementwise_binary|elementwise_other|elementwise_unary|gemv|reduce,57
react_tool,plan,mir_operator:decode_layer12,819,decode_layer12,,3,1204005,1107434,1206319,202597,281763,cudaLaunchKernel,attention|concat|copy|elementwise_binary|elementwise_other|elementwise_unary|gemv|reduce,57
react_tool,plan,mir_operator:decode_layer13,820,decode_layer13,,3,1203029,1114051,1209303,202785,278549,cudaLaunchKernel,attention|concat|copy|elementwise_binary|elementwise_other|elementwise_unary|gemv|reduce,57
react_tool,plan,mir_operator:decode_layer14,821,decode_layer14,,3,1197857,1179385,1211961,202208,290527,cudaLaunchKernel,attention|concat|copy|elementwise_binary|elementwise_other|elementwise_unary|gemv|reduce,57
react_tool,plan,mir_operator:decode_layer15,822,decode_layer15,,3,1196997,1196288,1226408,203200,285925,cudaLaunchKernel,attention|concat|copy|elementwise_binary|elementwise_other|elementwise_unary|gemv|reduce,57
react_tool,plan,mir_operator:decode_layer16,823,decode_layer16,,3,1205841,1197994,1222583,202595,282744,cudaLaunchKernel,attention|concat|copy|elementwise_binary|elementwise_other|elementwise_unary|gemv|reduce,57
react_tool,plan,mir_operator:decode_layer17,824,decode_layer17,,3,1205450,1198287,1209863,202337,288305,cudaLaunchKernel,attention|concat|copy|elementwise_binary|elementwise_other|elementwise_unary|gemv|reduce,57
react_tool,plan,mir_operator:decode_layer18,825,decode_layer18,,3,1215213,1201114,1217340,202753,290625,cudaLaunchKernel,attention|concat|copy|elementwise_binary|elementwise_other|elementwise_unary|gemv|reduce,57
react_tool,plan,mir_operator:decode_layer19,826,decode_layer19,,3,1224670,1192172,1228970,202849,286438,cudaLaunchKernel,attention|concat|copy|elementwise_binary|elementwise_other|elementwise_unary|gemv|reduce,57
react_tool,plan,mir_operator:decode_layer20,827,decode_layer20,,3,1205766,1176284,1207224,203073,286217,cudaLaunchKernel,attention|concat|copy|elementwise_binary|elementwise_other|elementwise_unary|gemv|reduce,57
react_tool,plan,mir_operator:decode_layer21,828,decode_layer21,,3,1202046,1166183,1203093,203168,280578,cudaLaunchKernel,attention|concat|copy|elementwise_binary|elementwise_other|elementwise_unary|gemv|reduce,57
react_tool,plan,mir_operator:decode_layer22,829,decode_layer22,,3,1204542,1196637,1205753,202624,279730,cudaLaunchKernel,attention|concat|copy|elementwise_binary|elementwise_other|elementwise_unary|gemv|reduce,57
react_tool,plan,mir_operator:decode_layer23,830,decode_layer23,,3,1201872,1198625,1234517,202402,284650,cudaLaunchKernel,attention|concat|copy|elementwise_binary|elementwise_other|elementwise_unary|gemv|reduce,57
react_tool,plan,mir_operator:decode_layer24,831,decode_layer24,,3,1211669,1195618,1250532,203072,290234,cudaLaunchKernel,attention|concat|copy|elementwise_binary|elementwise_other|elementwise_unary|gemv|reduce,57
react_tool,plan,mir_operator:decode_layer25,832,decode_layer25,,3,1192195,1166950,1207814,201921,284462,cudaLaunchKernel,attention|concat|copy|elementwise_binary|elementwise_other|elementwise_unary|gemv|reduce,57
react_tool,plan,mir_operator:decode_layer26,833,decode_layer26,,3,1203511,1159621,1205962,203073,282198,cudaLaunchKernel,attention|concat|copy|elementwise_binary|elementwise_other|elementwise_unary|gemv|reduce,57
react_tool,plan,mir_operator:decode_layer27,834,decode_layer27,,3,1207406,1180649,1217981,202529,286907,cudaLaunchKernel,attention|concat|copy|elementwise_binary|elementwise_other|elementwise_unary|gemv|reduce,57
react_tool,plan,mir_operator:decode_head,835,decode_head,,3,236442,221747,242986,663075,44282,cudaLaunchKernel,copy|elementwise_binary|elementwise_unary|gemv|reduce,9
react_tool,plan,mir_operator:decode_sample,836,decode_sample,,3,617865,617415,629375,7104,565437,cudaStreamSynchronize,memcpy|memset|reduce,1
react_tool,plan,mir_operator:decode_embed,837,decode_embed,,3,56374,49597,58044,1888,11876,cudaLaunchKernel,other,1
react_tool,plan,mir_operator:decode_layer00,838,decode_layer00,,3,1224810,1218014,1265111,203746,292110,cudaLaunchKernel,attention|concat|copy|elementwise_binary|elementwise_other|elementwise_unary|gemv|reduce,57
react_tool,plan,mir_operator:decode_layer01,839,decode_layer01,,3,1197214,1192245,1225666,202208,283014,cudaLaunchKernel,attention|concat|copy|elementwise_binary|elementwise_other|elementwise_unary|gemv|reduce,57
react_tool,plan,mir_operator:decode_layer02,840,decode_layer02,,3,1176045,1118811,1219623,202819,277487,cudaLaunchKernel,attention|concat|copy|elementwise_binary|elementwise_other|elementwise_unary|gemv|reduce,57
react_tool,plan,mir_operator:decode_layer03,841,decode_layer03,,3,1182164,1161488,1213880,202465,277145,cudaLaunchKernel,attention|concat|copy|elementwise_binary|elementwise_other|elementwise_unary|gemv|reduce,57
react_tool,plan,mir_operator:decode_layer04,842,decode_layer04,,3,1195022,1109496,1205840,203204,281707,cudaLaunchKernel,attention|concat|copy|elementwise_binary|elementwise_other|elementwise_unary|gemv|reduce,57
react_tool,plan,mir_operator:decode_layer05,843,decode_layer05,,3,1200534,1125117,1219678,202720,282497,cudaLaunchKernel,attention|concat|copy|elementwise_binary|elementwise_other|elementwise_unary|gemv|reduce,57
react_tool,plan,mir_operator:decode_layer06,844,decode_layer06,,3,1206431,1110292,1215538,202724,284383,cudaLaunchKernel,attention|concat|copy|elementwise_binary|elementwise_other|elementwise_unary|gemv|reduce,57
react_tool,plan,mir_operator:decode_layer07,845,decode_layer07,,3,1203890,1138264,1207239,202400,283826,cudaLaunchKernel,attention|concat|copy|elementwise_binary|elementwise_other|elementwise_unary|gemv|reduce,57
react_tool,plan,mir_operator:decode_layer08,846,decode_layer08,,3,1211345,1133323,1259989,202560,287964,cudaLaunchKernel,attention|concat|copy|elementwise_binary|elementwise_other|elementwise_unary|gemv|reduce,57
react_tool,plan,mir_operator:decode_layer09,847,decode_layer09,,3,1206864,1105798,1209863,203104,279334,cudaLaunchKernel,attention|concat|copy|elementwise_binary|elementwise_other|elementwise_unary|gemv|reduce,57
react_tool,plan,mir_operator:decode_layer10,848,decode_layer10,,3,1212740,1100651,1236941,202016,284830,cudaLaunchKernel,attention|concat|copy|elementwise_binary|elementwise_other|elementwise_unary|gemv|reduce,57
react_tool,plan,mir_operator:decode_layer11,849,decode_layer11,,3,1230633,1096563,1256138,202368,288906,cudaLaunchKernel,attention|concat|copy|elementwise_binary|elementwise_other|elementwise_unary|gemv|reduce,57
react_tool,plan,mir_operator:decode_layer12,850,decode_layer12,,3,1209720,1097262,1211125,202594,283682,cudaLaunchKernel,attention|concat|copy|elementwise_binary|elementwise_other|elementwise_unary|gemv|reduce,57
react_tool,plan,mir_operator:decode_layer13,851,decode_layer13,,3,1214296,1077691,1225613,202976,290928,cudaLaunchKernel,attention|concat|copy|elementwise_binary|elementwise_other|elementwise_unary|gemv|reduce,57
react_tool,plan,mir_operator:decode_layer14,852,decode_layer14,,3,1205286,1070660,1205801,202784,284846,cudaLaunchKernel,attention|concat|copy|elementwise_binary|elementwise_other|elementwise_unary|gemv|reduce,57
react_tool,plan,mir_operator:decode_layer15,853,decode_layer15,,3,1198029,1072962,1214067,202561,280775,cudaLaunchKernel,attention|concat|copy|elementwise_binary|elementwise_other|elementwise_unary|gemv|reduce,57
react_tool,plan,mir_operator:decode_layer16,854,decode_layer16,,3,1200431,1106140,1202102,202176,281419,cudaLaunchKernel,attention|concat|copy|elementwise_binary|elementwise_other|elementwise_unary|gemv|reduce,57
react_tool,plan,mir_operator:decode_layer17,855,decode_layer17,,3,1197517,1099182,1199857,202465,283453,cudaLaunchKernel,attention|concat|copy|elementwise_binary|elementwise_other|elementwise_unary|gemv|reduce,57
react_tool,plan,mir_operator:decode_layer18,856,decode_layer18,,3,1211117,1100703,1234776,202658,282903,cudaLaunchKernel,attention|concat|copy|elementwise_binary|elementwise_other|elementwise_unary|gemv|reduce,57
react_tool,plan,mir_operator:decode_layer19,857,decode_layer19,,3,1172699,1108449,1249216,202112,273256,cudaLaunchKernel,attention|concat|copy|elementwise_binary|elementwise_other|elementwise_unary|gemv|reduce,57
react_tool,plan,mir_operator:decode_layer20,858,decode_layer20,,3,1165855,1093714,1203936,202466,275704,cudaLaunchKernel,attention|concat|copy|elementwise_binary|elementwise_other|elementwise_unary|gemv|reduce,57
react_tool,plan,mir_operator:decode_layer21,859,decode_layer21,,3,1171258,1094979,1195680,202465,276296,cudaLaunchKernel,attention|concat|copy|elementwise_binary|elementwise_other|elementwise_unary|gemv|reduce,57
react_tool,plan,mir_operator:decode_layer22,860,decode_layer22,,3,1129814,1113575,1199102,202624,268256,cudaLaunchKernel,attention|concat|copy|elementwise_binary|elementwise_other|elementwise_unary|gemv|reduce,57
react_tool,plan,mir_operator:decode_layer23,861,decode_layer23,,3,1212215,1209796,1224840,202179,284522,cudaLaunchKernel,attention|concat|copy|elementwise_binary|elementwise_other|elementwise_unary|gemv|reduce,57
react_tool,plan,mir_operator:decode_layer24,862,decode_layer24,,3,1223170,1202436,1720750,202560,290775,cudaLaunchKernel,attention|concat|copy|elementwise_binary|elementwise_other|elementwise_unary|gemv|reduce,57
react_tool,plan,mir_operator:decode_layer25,863,decode_layer25,,3,1205502,1200387,1243362,202817,292976,cudaLaunchKernel,attention|concat|copy|elementwise_binary|elementwise_other|elementwise_unary|gemv|reduce,57
react_tool,plan,mir_operator:decode_layer26,864,decode_layer26,,3,1208961,1190220,1219012,202850,286222,cudaLaunchKernel,attention|concat|copy|elementwise_binary|elementwise_other|elementwise_unary|gemv|reduce,57
react_tool,plan,mir_operator:decode_layer27,865,decode_layer27,,3,1180975,1119259,1201454,202146,270715,cudaLaunchKernel,attention|concat|copy|elementwise_binary|elementwise_other|elementwise_unary|gemv|reduce,57
react_tool,plan,mir_operator:decode_head,866,decode_head,,3,237473,232693,241801,661379,45801,cudaLaunchKernel,copy|elementwise_binary|elementwise_unary|gemv|reduce,9
react_tool,plan,mir_operator:decode_sample,867,decode_sample,,3,616515,614358,619552,7072,563449,cudaStreamSynchronize,memcpy|memset|reduce,1
react_tool,plan,mir_operator:decode_embed,868,decode_embed,,3,56249,45738,60927,1856,12238,cudaLaunchKernel,other,1
react_tool,plan,mir_operator:decode_layer00,869,decode_layer00,,3,1213779,1121844,1304899,202787,273305,cudaLaunchKernel,attention|concat|copy|elementwise_binary|elementwise_other|elementwise_unary|gemv|reduce,57
react_tool,plan,mir_operator:decode_layer01,870,decode_layer01,,3,1140668,1078446,1231581,202562,269205,cudaLaunchKernel,attention|concat|copy|elementwise_binary|elementwise_other|elementwise_unary|gemv|reduce,57
react_tool,plan,mir_operator:decode_layer02,871,decode_layer02,,3,1160637,1091037,1211849,202785,275218,cudaLaunchKernel,attention|concat|copy|elementwise_binary|elementwise_other|elementwise_unary|gemv|reduce,57
react_tool,plan,mir_operator:decode_layer03,872,decode_layer03,,3,1196607,1075201,1242683,202786,280032,cudaLaunchKernel,attention|concat|copy|elementwise_binary|elementwise_other|elementwise_unary|gemv|reduce,57
react_tool,plan,mir_operator:decode_layer04,873,decode_layer04,,3,1205807,1081925,1226671,202466,286689,cudaLaunchKernel,attention|concat|copy|elementwise_binary|elementwise_other|elementwise_unary|gemv|reduce,57
react_tool,plan,mir_operator:decode_layer05,874,decode_layer05,,3,1216488,1083453,1236424,202752,282615,cudaLaunchKernel,attention|concat|copy|elementwise_binary|elementwise_other|elementwise_unary|gemv|reduce,57
react_tool,plan,mir_operator:decode_layer06,875,decode_layer06,,3,1204724,1081223,1211577,203329,281790,cudaLaunchKernel,attention|concat|copy|elementwise_binary|elementwise_other|elementwise_unary|gemv|reduce,57
react_tool,plan,mir_operator:decode_layer07,876,decode_layer07,,3,1201330,1113585,1227826,202753,286137,cudaLaunchKernel,attention|concat|copy|elementwise_binary|elementwise_other|elementwise_unary|gemv|reduce,57
react_tool,plan,mir_operator:decode_layer08,877,decode_layer08,,3,1228204,1116818,1657368,202498,287642,cudaLaunchKernel,attention|concat|copy|elementwise_binary|elementwise_other|elementwise_unary|gemv|reduce,57
react_tool,plan,mir_operator:decode_layer09,878,decode_layer09,,3,1198939,1169016,1240125,202913,284544,cudaLaunchKernel,attention|concat|copy|elementwise_binary|elementwise_other|elementwise_unary|gemv|reduce,57
react_tool,plan,mir_operator:decode_layer10,879,decode_layer10,,3,1195057,1168614,1199866,202498,284611,cudaLaunchKernel,attention|concat|copy|elementwise_binary|elementwise_other|elementwise_unary|gemv|reduce,57
react_tool,plan,mir_operator:decode_layer11,880,decode_layer11,,3,1216840,1178021,1243588,202496,288838,cudaLaunchKernel,attention|concat|copy|elementwise_binary|elementwise_other|elementwise_unary|gemv|reduce,57
react_tool,plan,mir_operator:decode_layer12,881,decode_layer12,,3,1199346,1183777,1220694,203265,284209,cudaLaunchKernel,attention|concat|copy|elementwise_binary|elementwise_other|elementwise_unary|gemv|reduce,57
react_tool,plan,mir_operator:decode_layer13,882,decode_layer13,,3,1185870,1168899,1243191,202690,282762,cudaLaunchKernel,attention|concat|copy|elementwise_binary|elementwise_other|elementwise_unary|gemv|reduce,57
react_tool,plan,mir_operator:decode_layer14,883,decode_layer14,,3,1190458,1166770,1222034,203169,282502,cudaLaunchKernel,attention|concat|copy|elementwise_binary|elementwise_other|elementwise_unary|gemv|reduce,57
react_tool,plan,mir_operator:decode_layer15,884,decode_layer15,,3,1174360,1138664,1199636,203360,279962,cudaLaunchKernel,attention|concat|copy|elementwise_binary|elementwise_other|elementwise_unary|gemv|reduce,57
react_tool,plan,mir_operator:decode_layer16,885,decode_layer16,,3,1182014,1139605,1210729,202592,283002,cudaLaunchKernel,attention|concat|copy|elementwise_binary|elementwise_other|elementwise_unary|gemv|reduce,57
react_tool,plan,mir_operator:decode_layer17,886,decode_layer17,,3,1170227,1081910,1198651,202850,270938,cudaLaunchKernel,attention|concat|copy|elementwise_binary|elementwise_other|elementwise_unary|gemv|reduce,57
react_tool,plan,mir_operator:decode_layer18,887,decode_layer18,,3,1136357,1110708,1208189,202146,266790,cudaLaunchKernel,attention|concat|copy|elementwise_binary|elementwise_other|elementwise_unary|gemv|reduce,57
react_tool,plan,mir_operator:decode_layer19,888,decode_layer19,,3,1126574,1044570,1236122,202530,273930,cudaLaunchKernel,attention|concat|copy|elementwise_binary|elementwise_other|elementwise_unary|gemv|reduce,57
react_tool,plan,mir_operator:decode_layer20,889,decode_layer20,,3,1123615,1044921,1208733,202657,271722,cudaLaunchKernel,attention|concat|copy|elementwise_binary|elementwise_other|elementwise_unary|gemv|reduce,57
react_tool,plan,mir_operator:decode_layer21,890,decode_layer21,,3,1104720,1042999,1202036,203200,266621,cudaLaunchKernel,attention|concat|copy|elementwise_binary|elementwise_other|elementwise_unary|gemv|reduce,57
react_tool,plan,mir_operator:decode_layer22,891,decode_layer22,,3,1112035,1052384,1195429,202561,268710,cudaLaunchKernel,attention|concat|copy|elementwise_binary|elementwise_other|elementwise_unary|gemv|reduce,57
react_tool,plan,mir_operator:decode_layer23,892,decode_layer23,,3,1135642,1045577,1198710,202850,267563,cudaLaunchKernel,attention|concat|copy|elementwise_binary|elementwise_other|elementwise_unary|gemv|reduce,57
react_tool,plan,mir_operator:decode_layer24,893,decode_layer24,,3,1106103,1054346,1170175,202112,273164,cudaLaunchKernel,attention|concat|copy|elementwise_binary|elementwise_other|elementwise_unary|gemv|reduce,57
react_tool,plan,mir_operator:decode_layer25,894,decode_layer25,,3,1106757,1072916,1164609,202945,262628,cudaLaunchKernel,attention|concat|copy|elementwise_binary|elementwise_other|elementwise_unary|gemv|reduce,57
react_tool,plan,mir_operator:decode_layer26,895,decode_layer26,,3,1095454,1092349,1161343,202976,264588,cudaLaunchKernel,attention|concat|copy|elementwise_binary|elementwise_other|elementwise_unary|gemv|reduce,57
react_tool,plan,mir_operator:decode_layer27,896,decode_layer27,,3,1100553,1047295,1201016,202721,264919,cudaLaunchKernel,attention|concat|copy|elementwise_binary|elementwise_other|elementwise_unary|gemv|reduce,57
react_tool,plan,mir_operator:decode_head,897,decode_head,,3,230187,201007,255072,663587,45723,cudaLaunchKernel,copy|elementwise_binary|elementwise_unary|gemv|reduce,9
react_tool,plan,mir_operator:decode_sample,898,decode_sample,,3,615393,614227,622213,7136,571904,cudaStreamSynchronize,memcpy|memset|reduce,1
react_tool,plan,mir_operator:decode_embed,899,decode_embed,,3,51759,42703,63335,1856,11517,cudaLaunchKernel,other,1
react_tool,plan,mir_operator:decode_layer00,900,decode_layer00,,3,1243029,1179409,1297155,202979,285384,cudaLaunchKernel,attention|concat|copy|elementwise_binary|elementwise_other|elementwise_unary|gemv|reduce,57
react_tool,plan,mir_operator:decode_layer01,901,decode_layer01,,3,1186126,1096392,1241805,204864,281171,cudaLaunchKernel,attention|concat|copy|elementwise_binary|elementwise_other|elementwise_unary|gemv|reduce,57
react_tool,plan,mir_operator:decode_layer02,902,decode_layer02,,3,1108674,1084143,1224800,209378,266344,cudaLaunchKernel,attention|concat|copy|elementwise_binary|elementwise_other|elementwise_unary|gemv|reduce,57
react_tool,plan,mir_operator:decode_layer03,903,decode_layer03,,3,1105694,1077738,1211270,202336,263409,cudaLaunchKernel,attention|concat|copy|elementwise_binary|elementwise_other|elementwise_unary|gemv|reduce,57
react_tool,plan,mir_operator:decode_layer04,904,decode_layer04,,3,1117693,1073089,1211151,202114,267106,cudaLaunchKernel,attention|concat|copy|elementwise_binary|elementwise_other|elementwise_unary|gemv|reduce,57
react_tool,plan,mir_operator:decode_layer05,905,decode_layer05,,3,1111442,1107524,1205334,203040,274049,cudaLaunchKernel,attention|concat|copy|elementwise_binary|elementwise_other|elementwise_unary|gemv|reduce,57
react_tool,plan,mir_operator:decode_layer06,906,decode_layer06,,3,1140605,1100351,1148623,203648,271101,cudaLaunchKernel,attention|concat|copy|elementwise_binary|elementwise_other|elementwise_unary|gemv|reduce,57
react_tool,plan,mir_operator:decode_layer07,907,decode_layer07,,3,1152675,1133123,1191109,202562,283441,cudaLaunchKernel,attention|concat|copy|elementwise_binary|elementwise_other|elementwise_unary|gemv|reduce,57
react_tool,plan,mir_operator:decode_layer08,908,decode_layer08,,3,1095434,1086239,1202765,202433,262039,cudaLaunchKernel,attention|concat|copy|elementwise_binary|elementwise_other|elementwise_unary|gemv|reduce,57
react_tool,plan,mir_operator:decode_layer09,909,decode_layer09,,3,1082172,1073731,1203712,202850,256465,cudaLaunchKernel,attention|concat|copy|elementwise_binary|elementwise_other|elementwise_unary|gemv|reduce,57
react_tool,plan,mir_operator:decode_layer10,910,decode_layer10,,3,1068488,1067629,1205430,202752,257855,cudaLaunchKernel,attention|concat|copy|elementwise_binary|elementwise_other|elementwise_unary|gemv|reduce,57
react_tool,plan,mir_operator:decode_layer11,911,decode_layer11,,3,1069004,1050926,1213213,202497,265860,cudaLaunchKernel,attention|concat|copy|elementwise_binary|elementwise_other|elementwise_unary|gemv|reduce,57
react_tool,plan,mir_operator:decode_layer12,912,decode_layer12,,3,1056467,1054568,1198845,203076,264885,cudaLaunchKernel,attention|concat|copy|elementwise_binary|elementwise_other|elementwise_unary|gemv|reduce,57
react_tool,plan,mir_operator:decode_layer13,913,decode_layer13,,3,1051587,1036340,1215927,202273,258603,cudaLaunchKernel,attention|concat|copy|elementwise_binary|elementwise_other|elementwise_unary|gemv|reduce,57
react_tool,plan,mir_operator:decode_layer14,914,decode_layer14,,3,1071414,1055139,1187923,202594,255883,cudaLaunchKernel,attention|concat|copy|elementwise_binary|elementwise_other|elementwise_unary|gemv|reduce,57
react_tool,plan,mir_operator:decode_layer15,915,decode_layer15,,3,1076820,1052433,1176863,203042,256272,cudaLaunchKernel,attention|concat|copy|elementwise_binary|elementwise_other|elementwise_unary|gemv|reduce,57
react_tool,plan,mir_operator:decode_layer16,916,decode_layer16,,3,1099316,1097741,1169005,202720,272170,cudaLaunchKernel,attention|concat|copy|elementwise_binary|elementwise_other|elementwise_unary|gemv|reduce,57
react_tool,plan,mir_operator:decode_layer17,917,decode_layer17,,3,1166156,1163999,1376336,202402,286989,cudaLaunchKernel,attention|concat|copy|elementwise_binary|elementwise_other|elementwise_unary|gemv|reduce,57
react_tool,plan,mir_operator:decode_layer18,918,decode_layer18,,3,1162516,1159727,1185015,203456,278781,cudaLaunchKernel,attention|concat|copy|elementwise_binary|elementwise_other|elementwise_unary|gemv|reduce,57
react_tool,plan,mir_operator:decode_layer19,919,decode_layer19,,3,1187684,1160557,1209038,202466,279874,cudaLaunchKernel,attention|concat|copy|elementwise_binary|elementwise_other|elementwise_unary|gemv|reduce,57
react_tool,plan,mir_operator:decode_layer20,920,decode_layer20,,3,1171323,1156649,1208511,202752,277954,cudaLaunchKernel,attention|concat|copy|elementwise_binary|elementwise_other|elementwise_unary|gemv|reduce,57
react_tool,plan,mir_operator:decode_layer21,921,decode_layer21,,3,1194986,1121977,1221201,203105,280474,cudaLaunchKernel,attention|concat|copy|elementwise_binary|elementwise_other|elementwise_unary|gemv|reduce,57
react_tool,plan,mir_operator:decode_layer22,922,decode_layer22,,3,1203362,1115784,1225958,203106,277432,cudaLaunchKernel,attention|concat|copy|elementwise_binary|elementwise_other|elementwise_unary|gemv|reduce,57
react_tool,plan,mir_operator:decode_layer23,923,decode_layer23,,3,1195294,1114056,1204798,202177,285137,cudaLaunchKernel,attention|concat|copy|elementwise_binary|elementwise_other|elementwise_unary|gemv|reduce,57
react_tool,plan,mir_operator:decode_layer24,924,decode_layer24,,3,1198963,1128497,1208319,203040,282469,cudaLaunchKernel,attention|concat|copy|elementwise_binary|elementwise_other|elementwise_unary|gemv|reduce,57
react_tool,plan,mir_operator:decode_layer25,925,decode_layer25,,3,1166535,1165615,1225333,203521,276490,cudaLaunchKernel,attention|concat|copy|elementwise_binary|elementwise_other|elementwise_unary|gemv|reduce,57
react_tool,plan,mir_operator:decode_layer26,926,decode_layer26,,3,1166677,1155439,1207844,203072,280766,cudaLaunchKernel,attention|concat|copy|elementwise_binary|elementwise_other|elementwise_unary|gemv|reduce,57
react_tool,plan,mir_operator:decode_layer27,927,decode_layer27,,3,1139855,1104600,1202837,202241,281071,cudaLaunchKernel,attention|concat|copy|elementwise_binary|elementwise_other|elementwise_unary|gemv|reduce,57
react_tool,plan,mir_operator:decode_head,928,decode_head,,3,211031,207780,234295,662179,45148,cudaLaunchKernel,copy|elementwise_binary|elementwise_unary|gemv|reduce,9
react_tool,plan,mir_operator:decode_sample,929,decode_sample,,3,626016,618115,627615,7104,586471,cudaStreamSynchronize,memcpy|memset|reduce,1
react_tool,plan,mir_operator:decode_embed,930,decode_embed,,3,48089,45197,56244,1888,11617,cudaLaunchKernel,other,1
react_tool,plan,mir_operator:decode_layer00,931,decode_layer00,,3,1299373,1179995,1396272,203392,306712,cudaLaunchKernel,attention|concat|copy|elementwise_binary|elementwise_other|elementwise_unary|gemv|reduce,57
react_tool,plan,mir_operator:decode_layer01,932,decode_layer01,,3,1227975,1111637,1601482,203073,286145,cudaLaunchKernel,attention|concat|copy|elementwise_binary|elementwise_other|elementwise_unary|gemv|reduce,57
react_tool,plan,mir_operator:decode_layer02,933,decode_layer02,,3,1205373,1096931,1231346,202977,286395,cudaLaunchKernel,attention|concat|copy|elementwise_binary|elementwise_other|elementwise_unary|gemv|reduce,57
react_tool,plan,mir_operator:decode_layer03,934,decode_layer03,,3,1202529,1072123,1226966,202625,278224,cudaLaunchKernel,attention|concat|copy|elementwise_binary|elementwise_other|elementwise_unary|gemv|reduce,57
react_tool,plan,mir_operator:decode_layer04,935,decode_layer04,,3,1209940,1075429,1226429,202723,286768,cudaLaunchKernel,attention|concat|copy|elementwise_binary|elementwise_other|elementwise_unary|gemv|reduce,57
react_tool,plan,mir_operator:decode_layer05,936,decode_layer05,,3,1209393,1051104,1215002,202785,290899,cudaLaunchKernel,attention|concat|copy|elementwise_binary|elementwise_other|elementwise_unary|gemv|reduce,57
react_tool,plan,mir_operator:decode_layer06,937,decode_layer06,,3,1202220,1072179,1211880,202976,278310,cudaLaunchKernel,attention|concat|copy|elementwise_binary|elementwise_other|elementwise_unary|gemv|reduce,57
react_tool,plan,mir_operator:decode_layer07,938,decode_layer07,,3,1204681,1058413,1207956,202273,282162,cudaLaunchKernel,attention|concat|copy|elementwise_binary|elementwise_other|elementwise_unary|gemv|reduce,57
react_tool,plan,mir_operator:decode_layer08,939,decode_layer08,,3,1202978,1045601,1216172,202753,285253,cudaLaunchKernel,attention|concat|copy|elementwise_binary|elementwise_other|elementwise_unary|gemv|reduce,57
react_tool,plan,mir_operator:decode_layer09,940,decode_layer09,,3,1194455,1041829,1206002,202433,283254,cudaLaunchKernel,attention|concat|copy|elementwise_binary|elementwise_other|elementwise_unary|gemv|reduce,57
react_tool,plan,mir_operator:decode_layer10,941,decode_layer10,,3,1202674,1036586,1210263,202209,281264,cudaLaunchKernel,attention|concat|copy|elementwise_binary|elementwise_other|elementwise_unary|gemv|reduce,57
react_tool,plan,mir_operator:decode_layer11,942,decode_layer11,,3,1203482,1043497,1229285,202144,284310,cudaLaunchKernel,attention|concat|copy|elementwise_binary|elementwise_other|elementwise_unary|gemv|reduce,57
react_tool,plan,mir_operator:decode_layer12,943,decode_layer12,,3,1212068,1050622,1219452,202816,283558,cudaLaunchKernel,attention|concat|copy|elementwise_binary|elementwise_other|elementwise_unary|gemv|reduce,57
react_tool,plan,mir_operator:decode_layer13,944,decode_layer13,,3,1210374,1049653,1215396,202688,286966,cudaLaunchKernel,attention|concat|copy|elementwise_binary|elementwise_other|elementwise_unary|gemv|reduce,57
react_tool,plan,mir_operator:decode_layer14,945,decode_layer14,,3,1189236,1058683,1204842,242658,283995,cudaLaunchKernel,attention|concat|copy|elementwise_binary|elementwise_other|elementwise_unary|gemv|reduce,57
react_tool,plan,mir_operator:decode_layer15,946,decode_layer15,,3,1173903,1033320,1202403,202498,280453,cudaLaunchKernel,attention|concat|copy|elementwise_binary|elementwise_other|elementwise_unary|gemv|reduce,57
react_tool,plan,mir_operator:decode_layer16,947,decode_layer16,,3,1202011,1044518,1202320,201793,285605,cudaLaunchKernel,attention|concat|copy|elementwise_binary|elementwise_other|elementwise_unary|gemv|reduce,57
react_tool,plan,mir_operator:decode_layer17,948,decode_layer17,,3,1165417,1037185,1210834,203137,279850,cudaLaunchKernel,attention|concat|copy|elementwise_binary|elementwise_other|elementwise_unary|gemv|reduce,57
react_tool,plan,mir_operator:decode_layer18,949,decode_layer18,,3,1167258,1041607,1206420,201825,277709,cudaLaunchKernel,attention|concat|copy|elementwise_binary|elementwise_other|elementwise_unary|gemv|reduce,57
react_tool,plan,mir_operator:decode_layer19,950,decode_layer19,,3,1175539,1040197,1203707,202306,277417,cudaLaunchKernel,attention|concat|copy|elementwise_binary|elementwise_other|elementwise_unary|gemv|reduce,57
react_tool,plan,mir_operator:decode_layer20,951,decode_layer20,,3,1195183,1037249,1226567,203169,283524,cudaLaunchKernel,attention|concat|copy|elementwise_binary|elementwise_other|elementwise_unary|gemv|reduce,57
react_tool,plan,mir_operator:decode_layer21,952,decode_layer21,,3,1193789,1035354,1642491,202530,279870,cudaLaunchKernel,attention|concat|copy|elementwise_binary|elementwise_other|elementwise_unary|gemv|reduce,57
react_tool,plan,mir_operator:decode_layer22,953,decode_layer22,,3,1187896,1038178,1200872,202432,281940,cudaLaunchKernel,attention|concat|copy|elementwise_binary|elementwise_other|elementwise_unary|gemv|reduce,57
react_tool,plan,mir_operator:decode_layer23,954,decode_layer23,,3,1182607,1077315,1199453,202977,285166,cudaLaunchKernel,attention|concat|copy|elementwise_binary|elementwise_other|elementwise_unary|gemv|reduce,57
react_tool,plan,mir_operator:decode_layer24,955,decode_layer24,,3,1186929,1034324,1210581,202017,288994,cudaLaunchKernel,attention|concat|copy|elementwise_binary|elementwise_other|elementwise_unary|gemv|reduce,57
react_tool,plan,mir_operator:decode_layer25,956,decode_layer25,,3,1175443,1035195,1210791,203105,274311,cudaLaunchKernel,attention|concat|copy|elementwise_binary|elementwise_other|elementwise_unary|gemv|reduce,57
react_tool,plan,mir_operator:decode_layer26,957,decode_layer26,,3,1174527,1040562,1201199,202689,280517,cudaLaunchKernel,attention|concat|copy|elementwise_binary|elementwise_other|elementwise_unary|gemv|reduce,57
react_tool,plan,mir_operator:decode_layer27,958,decode_layer27,,3,1184105,1037309,1194977,202977,277459,cudaLaunchKernel,attention|concat|copy|elementwise_binary|elementwise_other|elementwise_unary|gemv|reduce,57
react_tool,plan,mir_operator:decode_head,959,decode_head,,3,244422,193267,259380,667364,49105,cudaLaunchKernel,copy|elementwise_binary|elementwise_unary|gemv|reduce,9
react_tool,plan,mir_operator:decode_sample,960,decode_sample,,3,632657,601783,729078,7104,598045,cudaStreamSynchronize,memcpy|memset|reduce,1
react_tool,plan,mir_operator:decode_embed,961,decode_embed,,3,49734,41211,60829,1888,11201,cudaLaunchKernel,other,1
react_tool,plan,mir_operator:decode_layer00,962,decode_layer00,,3,1259481,1121811,1273677,203745,289375,cudaLaunchKernel,attention|concat|copy|elementwise_binary|elementwise_other|elementwise_unary|gemv|reduce,57
react_tool,plan,mir_operator:decode_layer01,963,decode_layer01,,3,1199313,1057927,1200872,202336,279223,cudaLaunchKernel,attention|concat|copy|elementwise_binary|elementwise_other|elementwise_unary|gemv|reduce,57
react_tool,plan,mir_operator:decode_layer02,964,decode_layer02,,3,1181347,1053450,1201154,202592,280318,cudaLaunchKernel,attention|concat|copy|elementwise_binary|elementwise_other|elementwise_unary|gemv|reduce,57
react_tool,plan,mir_operator:decode_layer03,965,decode_layer03,,3,1169179,1085274,1175124,202753,284051,cudaLaunchKernel,attention|concat|copy|elementwise_binary|elementwise_other|elementwise_unary|gemv|reduce,57
react_tool,plan,mir_operator:decode_layer04,966,decode_layer04,,3,1166407,1042664,1189015,202369,280779,cudaLaunchKernel,attention|concat|copy|elementwise_binary|elementwise_other|elementwise_unary|gemv|reduce,57
react_tool,plan,mir_operator:decode_layer05,967,decode_layer05,,3,1160514,1043312,1200245,203458,275668,cudaLaunchKernel,attention|concat|copy|elementwise_binary|elementwise_other|elementwise_unary|gemv|reduce,57
react_tool,plan,mir_operator:decode_layer06,968,decode_layer06,,3,1168392,1044148,1236967,203169,279080,cudaLaunchKernel,attention|concat|copy|elementwise_binary|elementwise_other|elementwise_unary|gemv|reduce,57
react_tool,plan,mir_operator:decode_layer07,969,decode_layer07,,3,1167291,1040071,1210725,202818,278179,cudaLaunchKernel,attention|concat|copy|elementwise_binary|elementwise_other|elementwise_unary|gemv|reduce,57
react_tool,plan,mir_operator:decode_layer08,970,decode_layer08,,3,1116074,1039284,1206724,202914,272067,cudaLaunchKernel,attention|concat|copy|elementwise_binary|elementwise_other|elementwise_unary|gemv|reduce,57
react_tool,plan,mir_operator:decode_layer09,971,decode_layer09,,3,1076901,1044019,1195558,202785,258202,cudaLaunchKernel,attention|concat|copy|elementwise_binary|elementwise_other|elementwise_unary|gemv|reduce,57
react_tool,plan,mir_operator:decode_layer10,972,decode_layer10,,3,1084940,1033274,1202279,202242,257266,cudaLaunchKernel,attention|concat|copy|elementwise_binary|elementwise_other|elementwise_unary|gemv|reduce,57
react_tool,plan,mir_operator:decode_layer11,973,decode_layer11,,3,1084413,1067359,1221498,202144,266692,cudaLaunchKernel,attention|concat|copy|elementwise_binary|elementwise_other|elementwise_unary|gemv|reduce,57
react_tool,plan,mir_operator:decode_layer12,974,decode_layer12,,3,1080995,1078145,1254188,203072,260373,cudaLaunchKernel,attention|concat|copy|elementwise_binary|elementwise_other|elementwise_unary|gemv|reduce,57
react_tool,plan,mir_operator:decode_layer13,975,decode_layer13,,3,1055174,1049441,1201628,202178,263917,cudaLaunchKernel,attention|concat|copy|elementwise_binary|elementwise_other|elementwise_unary|gemv|reduce,57
react_tool,plan,mir_operator:decode_layer14,976,decode_layer14,,3,1089412,1061043,1228884,202945,271663,cudaLaunchKernel,attention|concat|copy|elementwise_binary|elementwise_other|elementwise_unary|gemv|reduce,57
react_tool,plan,mir_operator:decode_layer15,977,decode_layer15,,3,1111807,1082397,1245362,218114,282315,cudaLaunchKernel,attention|concat|copy|elementwise_binary|elementwise_other|elementwise_unary|gemv|reduce,57
react_tool,plan,mir_operator:decode_layer16,978,decode_layer16,,3,1118522,1067341,1207622,202625,268267,cudaLaunchKernel,attention|concat|copy|elementwise_binary|elementwise_other|elementwise_unary|gemv|reduce,57
react_tool,plan,mir_operator:decode_layer17,979,decode_layer17,,3,1157705,1068631,1208766,202689,279432,cudaLaunchKernel,attention|concat|copy|elementwise_binary|elementwise_other|elementwise_unary|gemv|reduce,57
react_tool,plan,mir_operator:decode_layer18,980,decode_layer18,,3,1164720,1073898,1186354,202528,271585,cudaLaunchKernel,attention|concat|copy|elementwise_binary|elementwise_other|elementwise_unary|gemv|reduce,57
react_tool,plan,mir_operator:decode_layer19,981,decode_layer19,,3,1170620,1074135,1179167,202147,274796,cudaLaunchKernel,attention|concat|copy|elementwise_binary|elementwise_other|elementwise_unary|gemv|reduce,57
react_tool,plan,mir_operator:decode_layer20,982,decode_layer20,,3,1114738,1098653,1167612,202753,269331,cudaLaunchKernel,attention|concat|copy|elementwise_binary|elementwise_other|elementwise_unary|gemv|reduce,57
react_tool,plan,mir_operator:decode_layer21,983,decode_layer21,,3,1145291,1112198,1155867,202401,273162,cudaLaunchKernel,attention|concat|copy|elementwise_binary|elementwise_other|elementwise_unary|gemv|reduce,57
react_tool,plan,mir_operator:decode_layer22,984,decode_layer22,,3,1156600,1116899,1211852,203202,271705,cudaLaunchKernel,attention|concat|copy|elementwise_binary|elementwise_other|elementwise_unary|gemv|reduce,57
react_tool,plan,mir_operator:decode_layer23,985,decode_layer23,,3,1126877,1068587,1178083,202721,274268,cudaLaunchKernel,attention|concat|copy|elementwise_binary|elementwise_other|elementwise_unary|gemv|reduce,57
react_tool,plan,mir_operator:decode_layer24,986,decode_layer24,,3,1105106,1064549,1114149,202852,260859,cudaLaunchKernel,attention|concat|copy|elementwise_binary|elementwise_other|elementwise_unary|gemv|reduce,57
react_tool,plan,mir_operator:decode_layer25,987,decode_layer25,,3,1120931,1070709,1171494,203233,271653,cudaLaunchKernel,attention|concat|copy|elementwise_binary|elementwise_other|elementwise_unary|gemv|reduce,57
react_tool,plan,mir_operator:decode_layer26,988,decode_layer26,,3,1083466,1035081,1141641,203009,262268,cudaLaunchKernel,attention|concat|copy|elementwise_binary|elementwise_other|elementwise_unary|gemv|reduce,57
react_tool,plan,mir_operator:decode_layer27,989,decode_layer27,,3,1078750,1068950,1183445,202145,260905,cudaLaunchKernel,attention|concat|copy|elementwise_binary|elementwise_other|elementwise_unary|gemv|reduce,57
react_tool,plan,mir_operator:decode_head,990,decode_head,,3,227248,199464,228184,661220,44014,cudaLaunchKernel,copy|elementwise_binary|elementwise_unary|gemv|reduce,9
react_tool,plan,mir_operator:decode_sample,991,decode_sample,,3,618146,610789,631166,7072,573104,cudaStreamSynchronize,memcpy|memset|reduce,1
react_tool,plan,mir_operator:decode_embed,992,decode_embed,,3,48279,39382,57958,1920,10768,cudaLaunchKernel,other,1
react_tool,plan,mir_operator:decode_layer00,993,decode_layer00,,3,1174634,1121130,1252843,204803,272276,cudaLaunchKernel,attention|concat|copy|elementwise_binary|elementwise_other|elementwise_unary|gemv|reduce,57
react_tool,plan,mir_operator:decode_layer01,994,decode_layer01,,3,1104184,1077638,1238814,205153,259703,cudaLaunchKernel,attention|concat|copy|elementwise_binary|elementwise_other|elementwise_unary|gemv|reduce,57
react_tool,plan,mir_operator:decode_layer02,995,decode_layer02,,3,1136666,1075412,1214398,203008,266790,cudaLaunchKernel,attention|concat|copy|elementwise_binary|elementwise_other|elementwise_unary|gemv|reduce,57
react_tool,plan,mir_operator:decode_layer03,996,decode_layer03,,3,1061425,1042182,1190604,202528,258637,cudaLaunchKernel,attention|concat|copy|elementwise_binary|elementwise_other|elementwise_unary|gemv|reduce,57
react_tool,plan,mir_operator:decode_layer04,997,decode_layer04,,3,1060244,1046941,1172168,202304,255337,cudaLaunchKernel,attention|concat|copy|elementwise_binary|elementwise_other|elementwise_unary|gemv|reduce,57
react_tool,plan,mir_operator:decode_layer05,998,decode_layer05,,3,1057634,1045807,1162289,202273,258040,cudaLaunchKernel,attention|concat|copy|elementwise_binary|elementwise_other|elementwise_unary|gemv|reduce,57
react_tool,plan,mir_operator:decode_layer06,999,decode_layer06,,3,1064573,1039069,1177194,203107,257369,cudaLaunchKernel,attention|concat|copy|elementwise_binary|elementwise_other|elementwise_unary|gemv|reduce,57
react_tool,plan,mir_operator:decode_layer07,1000,decode_layer07,,3,1059788,1043478,1164213,202368,257491,cudaLaunchKernel,attention|concat|copy|elementwise_binary|elementwise_other|elementwise_unary|gemv|reduce,57
react_tool,plan,mir_operator:decode_layer08,1001,decode_layer08,,3,1083925,1058066,1220953,202369,262793,cudaLaunchKernel,attention|concat|copy|elementwise_binary|elementwise_other|elementwise_unary|gemv|reduce,57
react_tool,plan,mir_operator:decode_layer09,1002,decode_layer09,,3,1094823,1056017,1183055,202688,272317,cudaLaunchKernel,attention|concat|copy|elementwise_binary|elementwise_other|elementwise_unary|gemv|reduce,57
react_tool,plan,mir_operator:decode_layer10,1003,decode_layer10,,3,1137220,1059139,1195582,202464,265424,cudaLaunchKernel,attention|concat|copy|elementwise_binary|elementwise_other|elementwise_unary|gemv|reduce,57
react_tool,plan,mir_operator:decode_layer11,1004,decode_layer11,,3,1201531,1083812,1213908,202338,286978,cudaLaunchKernel,attention|concat|copy|elementwise_binary|elementwise_other|elementwise_unary|gemv|reduce,57
react_tool,plan,mir_operator:decode_layer12,1005,decode_layer12,,3,1161548,1064075,1202180,202369,272122,cudaLaunchKernel,attention|concat|copy|elementwise_binary|elementwise_other|elementwise_unary|gemv|reduce,57
react_tool,plan,mir_operator:decode_layer13,1006,decode_layer13,,3,1165802,1082168,1203526,202816,273811,cudaLaunchKernel,attention|concat|copy|elementwise_binary|elementwise_other|elementwise_unary|gemv|reduce,57
react_tool,plan,mir_operator:decode_layer14,1007,decode_layer14,,3,1143663,1078029,1196215,202753,280238,cudaLaunchKernel,attention|concat|copy|elementwise_binary|elementwise_other|elementwise_unary|gemv|reduce,57
react_tool,plan,mir_operator:decode_layer15,1008,decode_layer15,,3,1107728,1081383,1184459,202723,266313,cudaLaunchKernel,attention|concat|copy|elementwise_binary|elementwise_other|elementwise_unary|gemv|reduce,57
react_tool,plan,mir_operator:decode_layer16,1009,decode_layer16,,3,1156469,1092727,1159894,201603,275702,cudaLaunchKernel,attention|concat|copy|elementwise_binary|elementwise_other|elementwise_unary|gemv|reduce,57
react_tool,plan,mir_operator:decode_layer17,1010,decode_layer17,,3,1155088,1098852,1161677,202626,273984,cudaLaunchKernel,attention|concat|copy|elementwise_binary|elementwise_other|elementwise_unary|gemv|reduce,57
react_tool,plan,mir_operator:decode_layer18,1011,decode_layer18,,3,1160972,1105686,1193839,202208,274418,cudaLaunchKernel,attention|concat|copy|elementwise_binary|elementwise_other|elementwise_unary|gemv|reduce,57
react_tool,plan,mir_operator:decode_layer19,1012,decode_layer19,,3,1127259,1126400,1210319,202720,270188,cudaLaunchKernel,attention|concat|copy|elementwise_binary|elementwise_other|elementwise_unary|gemv|reduce,57
react_tool,plan,mir_operator:decode_layer20,1013,decode_layer20,,3,1169277,1098449,1225534,202914,274074,cudaLaunchKernel,attention|concat|copy|elementwise_binary|elementwise_other|elementwise_unary|gemv|reduce,57
react_tool,plan,mir_operator:decode_layer21,1014,decode_layer21,,3,1153817,1105014,1194382,202944,272763,cudaLaunchKernel,attention|concat|copy|elementwise_binary|elementwise_other|elementwise_unary|gemv|reduce,57
react_tool,plan,mir_operator:decode_layer22,1015,decode_layer22,,3,1157108,1083912,1171102,202529,275382,cudaLaunchKernel,attention|concat|copy|elementwise_binary|elementwise_other|elementwise_unary|gemv|reduce,57
react_tool,plan,mir_operator:decode_layer23,1016,decode_layer23,,3,1162642,1065308,1178329,202368,276918,cudaLaunchKernel,attention|concat|copy|elementwise_binary|elementwise_other|elementwise_unary|gemv|reduce,57
react_tool,plan,mir_operator:decode_layer24,1017,decode_layer24,,3,1161648,1060095,1174917,202657,281025,cudaLaunchKernel,attention|concat|copy|elementwise_binary|elementwise_other|elementwise_unary|gemv|reduce,57
react_tool,plan,mir_operator:decode_layer25,1018,decode_layer25,,3,1159624,1048677,1167753,203745,279360,cudaLaunchKernel,attention|concat|copy|elementwise_binary|elementwise_other|elementwise_unary|gemv|reduce,57
react_tool,plan,mir_operator:decode_layer26,1019,decode_layer26,,3,1152073,1072276,1199874,203233,281021,cudaLaunchKernel,attention|concat|copy|elementwise_binary|elementwise_other|elementwise_unary|gemv|reduce,57
react_tool,plan,mir_operator:decode_layer27,1020,decode_layer27,,3,1156456,1111624,1187096,202657,277079,cudaLaunchKernel,attention|concat|copy|elementwise_binary|elementwise_other|elementwise_unary|gemv|reduce,57
react_tool,plan,mir_operator:decode_head,1021,decode_head,,3,228763,224044,255525,661252,46931,cudaLaunchKernel,copy|elementwise_binary|elementwise_unary|gemv|reduce,9
react_tool,plan,mir_operator:decode_sample,1022,decode_sample,,3,617726,614380,622349,7072,576004,cudaStreamSynchronize,memcpy|memset|reduce,1
react_tool,plan,mir_operator:decode_embed,1023,decode_embed,,3,46638,42604,63544,1888,11023,cudaLaunchKernel,other,1
react_tool,plan,mir_operator:decode_layer00,1024,decode_layer00,,3,1235379,1142400,1290180,202912,279498,cudaLaunchKernel,attention|concat|copy|elementwise_binary|elementwise_other|elementwise_unary|gemv|reduce,57
react_tool,plan,mir_operator:decode_layer01,1025,decode_layer01,,3,1211012,1057844,1240684,202464,281903,cudaLaunchKernel,attention|concat|copy|elementwise_binary|elementwise_other|elementwise_unary|gemv|reduce,57
react_tool,plan,mir_operator:decode_layer02,1026,decode_layer02,,3,1202477,1041528,1212442,203010,283802,cudaLaunchKernel,attention|concat|copy|elementwise_binary|elementwise_other|elementwise_unary|gemv|reduce,57
react_tool,plan,mir_operator:decode_layer03,1027,decode_layer03,,3,1202093,1039425,1210459,202113,282464,cudaLaunchKernel,attention|concat|copy|elementwise_binary|elementwise_other|elementwise_unary|gemv|reduce,57
react_tool,plan,mir_operator:decode_layer04,1028,decode_layer04,,3,1194120,1037474,1213207,202498,283466,cudaLaunchKernel,attention|concat|copy|elementwise_binary|elementwise_other|elementwise_unary|gemv|reduce,57
react_tool,plan,mir_operator:decode_layer05,1029,decode_layer05,,3,1192912,1044047,1216988,203905,281224,cudaLaunchKernel,attention|concat|copy|elementwise_binary|elementwise_other|elementwise_unary|gemv|reduce,57
react_tool,plan,mir_operator:decode_layer06,1030,decode_layer06,,3,1201788,1032706,1204244,203201,278853,cudaLaunchKernel,attention|concat|copy|elementwise_binary|elementwise_other|elementwise_unary|gemv|reduce,57
react_tool,plan,mir_operator:decode_layer07,1031,decode_layer07,,3,1200142,1033730,1220515,202017,285544,cudaLaunchKernel,attention|concat|copy|elementwise_binary|elementwise_other|elementwise_unary|gemv|reduce,57
react_tool,plan,mir_operator:decode_layer08,1032,decode_layer08,,3,1198821,1079059,1212176,202466,284229,cudaLaunchKernel,attention|concat|copy|elementwise_binary|elementwise_other|elementwise_unary|gemv|reduce,57
react_tool,plan,mir_operator:decode_layer09,1033,decode_layer09,,3,1201479,1169715,1754015,202626,291286,cudaLaunchKernel,attention|concat|copy|elementwise_binary|elementwise_other|elementwise_unary|gemv|reduce,57
react_tool,plan,mir_operator:decode_layer10,1034,decode_layer10,,3,1163500,1139495,1184072,202304,276911,cudaLaunchKernel,attention|concat|copy|elementwise_binary|elementwise_other|elementwise_unary|gemv|reduce,57
react_tool,plan,mir_operator:decode_layer11,1035,decode_layer11,,3,1154661,1113327,1178300,201923,274046,cudaLaunchKernel,attention|concat|copy|elementwise_binary|elementwise_other|elementwise_unary|gemv|reduce,57
react_tool,plan,mir_operator:decode_layer12,1036,decode_layer12,,3,1158775,1081269,1169628,203009,278005,cudaLaunchKernel,attention|concat|copy|elementwise_binary|elementwise_other|elementwise_unary|gemv|reduce,57
react_tool,plan,mir_operator:decode_layer13,1037,decode_layer13,,3,1113009,1078105,1171767,202594,267785,cudaLaunchKernel,attention|concat|copy|elementwise_binary|elementwise_other|elementwise_unary|gemv|reduce,57
react_tool,plan,mir_operator:decode_layer14,1038,decode_layer14,,3,1162133,1064741,1170495,202915,269666,cudaLaunchKernel,attention|concat|copy|elementwise_binary|elementwise_other|elementwise_unary|gemv|reduce,57
react_tool,plan,mir_operator:decode_layer15,1039,decode_layer15,,3,1157191,1070658,1175245,203073,270397,cudaLaunchKernel,attention|concat|copy|elementwise_binary|elementwise_other|elementwise_unary|gemv|reduce,57
react_tool,plan,mir_operator:decode_layer16,1040,decode_layer16,,3,1165338,1103090,1193224,202080,276515,cudaLaunchKernel,attention|concat|copy|elementwise_binary|elementwise_other|elementwise_unary|gemv|reduce,57
react_tool,plan,mir_operator:decode_layer17,1041,decode_layer17,,3,1156682,1078370,1203446,202625,274944,cudaLaunchKernel,attention|concat|copy|elementwise_binary|elementwise_other|elementwise_unary|gemv|reduce,57
react_tool,plan,mir_operator:decode_layer18,1042,decode_layer18,,3,1147368,1074984,1201233,203042,269309,cudaLaunchKernel,attention|concat|copy|elementwise_binary|elementwise_other|elementwise_unary|gemv|reduce,57
react_tool,plan,mir_operator:decode_layer19,1043,decode_layer19,,3,1165458,1061706,1197406,202594,276000,cudaLaunchKernel,attention|concat|copy|elementwise_binary|elementwise_other|elementwise_unary|gemv|reduce,57
react_tool,plan,mir_operator:decode_layer20,1044,decode_layer20,,3,1183803,1066709,1195786,202882,275505,cudaLaunchKernel,attention|concat|copy|elementwise_binary|elementwise_other|elementwise_unary|gemv|reduce,57
react_tool,plan,mir_operator:decode_layer21,1045,decode_layer21,,3,1152047,1069906,1170574,202241,271487,cudaLaunchKernel,attention|concat|copy|elementwise_binary|elementwise_other|elementwise_unary|gemv|reduce,57
react_tool,plan,mir_operator:decode_layer22,1046,decode_layer22,,3,1110760,1075985,1138097,202944,263205,cudaLaunchKernel,attention|concat|copy|elementwise_binary|elementwise_other|elementwise_unary|gemv|reduce,57
react_tool,plan,mir_operator:decode_layer23,1047,decode_layer23,,3,1096649,1055671,1100771,203011,256292,cudaLaunchKernel,attention|concat|copy|elementwise_binary|elementwise_other|elementwise_unary|gemv|reduce,57
react_tool,plan,mir_operator:decode_layer24,1048,decode_layer24,,3,1096221,1073634,1106971,202592,258768,cudaLaunchKernel,attention|concat|copy|elementwise_binary|elementwise_other|elementwise_unary|gemv|reduce,57
react_tool,plan,mir_operator:decode_layer25,1049,decode_layer25,,3,1081412,1069502,1150585,203458,256860,cudaLaunchKernel,attention|concat|copy|elementwise_binary|elementwise_other|elementwise_unary|gemv|reduce,57
react_tool,plan,mir_operator:decode_layer26,1050,decode_layer26,,3,1105341,1094590,1164266,203553,271026,cudaLaunchKernel,attention|concat|copy|elementwise_binary|elementwise_other|elementwise_unary|gemv|reduce,57
react_tool,plan,mir_operator:decode_layer27,1051,decode_layer27,,3,1120255,1070446,1181260,202657,266581,cudaLaunchKernel,attention|concat|copy|elementwise_binary|elementwise_other|elementwise_unary|gemv|reduce,57
react_tool,plan,mir_operator:decode_head,1052,decode_head,,3,232810,227953,246866,663204,48527,cudaLaunchKernel,copy|elementwise_binary|elementwise_unary|gemv|reduce,9
react_tool,plan,mir_operator:decode_sample,1053,decode_sample,,3,623397,616433,730926,7072,577582,cudaStreamSynchronize,memcpy|memset|reduce,1
react_tool,plan,mir_operator:decode_embed,1054,decode_embed,,3,48768,47538,58602,1888,11572,cudaLaunchKernel,other,1
react_tool,plan,mir_operator:decode_layer00,1055,decode_layer00,,3,1280011,1129084,1300754,203361,294804,cudaLaunchKernel,attention|concat|copy|elementwise_binary|elementwise_other|elementwise_unary|gemv|reduce,57
react_tool,plan,mir_operator:decode_layer01,1056,decode_layer01,,3,1225425,1102159,1234391,203009,286231,cudaLaunchKernel,attention|concat|copy|elementwise_binary|elementwise_other|elementwise_unary|gemv|reduce,57
react_tool,plan,mir_operator:decode_layer02,1057,decode_layer02,,3,1207380,1074179,1219911,202912,283030,cudaLaunchKernel,attention|concat|copy|elementwise_binary|elementwise_other|elementwise_unary|gemv|reduce,57
react_tool,plan,mir_operator:decode_layer03,1058,decode_layer03,,3,1216054,1052278,1217866,202848,285883,cudaLaunchKernel,attention|concat|copy|elementwise_binary|elementwise_other|elementwise_unary|gemv|reduce,57
react_tool,plan,mir_operator:decode_layer04,1059,decode_layer04,,3,1201285,1048987,1225278,202881,282173,cudaLaunchKernel,attention|concat|copy|elementwise_binary|elementwise_other|elementwise_unary|gemv|reduce,57
react_tool,plan,mir_operator:decode_layer05,1060,decode_layer05,,3,1195099,1073444,1202478,203009,277172,cudaLaunchKernel,attention|concat|copy|elementwise_binary|elementwise_other|elementwise_unary|gemv|reduce,57
react_tool,plan,mir_operator:decode_layer06,1061,decode_layer06,,3,1199586,1063248,1207841,202785,284377,cudaLaunchKernel,attention|concat|copy|elementwise_binary|elementwise_other|elementwise_unary|gemv|reduce,57
react_tool,plan,mir_operator:decode_layer07,1062,decode_layer07,,3,1195317,1124712,1205057,202689,283294,cudaLaunchKernel,attention|concat|copy|elementwise_binary|elementwise_other|elementwise_unary|gemv|reduce,57
react_tool,plan,mir_operator:decode_layer08,1063,decode_layer08,,3,1172266,1138073,1214094,203012,281691,cudaLaunchKernel,attention|concat|copy|elementwise_binary|elementwise_other|elementwise_unary|gemv|reduce,57
react_tool,plan,mir_operator:decode_layer09,1064,decode_layer09,,3,1180406,1095354,1185907,202817,277697,cudaLaunchKernel,attention|concat|copy|elementwise_binary|elementwise_other|elementwise_unary|gemv|reduce,57
react_tool,plan,mir_operator:decode_layer10,1065,decode_layer10,,3,1168659,1092598,1206305,201953,276808,cudaLaunchKernel,attention|concat|copy|elementwise_binary|elementwise_other|elementwise_unary|gemv|reduce,57
react_tool,plan,mir_operator:decode_layer11,1066,decode_layer11,,3,1163742,1095756,1206933,202177,281295,cudaLaunchKernel,attention|concat|copy|elementwise_binary|elementwise_other|elementwise_unary|gemv|reduce,57
react_tool,plan,mir_operator:decode_layer12,1067,decode_layer12,,3,1152478,1096407,1215412,203456,271576,cudaLaunchKernel,attention|concat|copy|elementwise_binary|elementwise_other|elementwise_unary|gemv|reduce,57
react_tool,plan,mir_operator:decode_layer13,1068,decode_layer13,,3,1121611,1102835,1201245,202945,264961,cudaLaunchKernel,attention|concat|copy|elementwise_binary|elementwise_other|elementwise_unary|gemv|reduce,57
react_tool,plan,mir_operator:decode_layer14,1069,decode_layer14,,3,1128483,1068041,1243544,202432,261628,cudaLaunchKernel,attention|concat|copy|elementwise_binary|elementwise_other|elementwise_unary|gemv|reduce,57
react_tool,plan,mir_operator:decode_layer15,1070,decode_layer15,,3,1110536,1078938,1208047,202848,260502,cudaLaunchKernel,attention|concat|copy|elementwise_binary|elementwise_other|elementwise_unary|gemv|reduce,57
react_tool,plan,mir_operator:decode_layer16,1071,decode_layer16,,3,1096641,1072213,1208891,202242,266494,cudaLaunchKernel,attention|concat|copy|elementwise_binary|elementwise_other|elementwise_unary|gemv|reduce,57
react_tool,plan,mir_operator:decode_layer17,1072,decode_layer17,,3,1106182,1072539,1213979,202881,265032,cudaLaunchKernel,attention|concat|copy|elementwise_binary|elementwise_other|elementwise_unary|gemv|reduce,57
react_tool,plan,mir_operator:decode_layer18,1073,decode_layer18,,3,1102276,1072689,1212035,202497,261078,cudaLaunchKernel,attention|concat|copy|elementwise_binary|elementwise_other|elementwise_unary|gemv|reduce,57
react_tool,plan,mir_operator:decode_layer19,1074,decode_layer19,,3,1157727,1103207,1203739,202208,273663,cudaLaunchKernel,attention|concat|copy|elementwise_binary|elementwise_other|elementwise_unary|gemv|reduce,57
react_tool,plan,mir_operator:decode_layer20,1075,decode_layer20,,3,1111432,1050839,1210174,202689,265298,cudaLaunchKernel,attention|concat|copy|elementwise_binary|elementwise_other|elementwise_unary|gemv|reduce,57
react_tool,plan,mir_operator:decode_layer21,1076,decode_layer21,,3,1129542,1044312,1232803,202848,267798,cudaLaunchKernel,attention|concat|copy|elementwise_binary|elementwise_other|elementwise_unary|gemv|reduce,57
react_tool,plan,mir_operator:decode_layer22,1077,decode_layer22,,3,1098202,1043999,1242661,205441,266007,cudaLaunchKernel,attention|concat|copy|elementwise_binary|elementwise_other|elementwise_unary|gemv|reduce,57
react_tool,plan,mir_operator:decode_layer23,1078,decode_layer23,,3,1115639,1042178,1204039,202146,266542,cudaLaunchKernel,attention|concat|copy|elementwise_binary|elementwise_other|elementwise_unary|gemv|reduce,57
react_tool,plan,mir_operator:decode_layer24,1079,decode_layer24,,3,1167903,1049891,1239770,202690,272772,cudaLaunchKernel,attention|concat|copy|elementwise_binary|elementwise_other|elementwise_unary|gemv|reduce,57
react_tool,plan,mir_operator:decode_layer25,1080,decode_layer25,,3,1145079,1072623,1220414,202658,273970,cudaLaunchKernel,attention|concat|copy|elementwise_binary|elementwise_other|elementwise_unary|gemv|reduce,57
react_tool,plan,mir_operator:decode_layer26,1081,decode_layer26,,3,1115259,1076928,1179593,202752,271080,cudaLaunchKernel,attention|concat|copy|elementwise_binary|elementwise_other|elementwise_unary|gemv|reduce,57
react_tool,plan,mir_operator:decode_layer27,1082,decode_layer27,,3,1094561,1049369,1287286,203138,265470,cudaLaunchKernel,attention|concat|copy|elementwise_binary|elementwise_other|elementwise_unary|gemv|reduce,57
react_tool,plan,mir_operator:decode_head,1083,decode_head,,3,213126,204862,242488,661828,45034,cudaLaunchKernel,copy|elementwise_binary|elementwise_unary|gemv|reduce,9
react_tool,plan,mir_operator:decode_sample,1084,decode_sample,,3,615945,609488,627498,7104,572755,cudaStreamSynchronize,memcpy|memset|reduce,1
react_tool,plan,mir_operator:decode_embed,1085,decode_embed,,3,45544,45290,58709,1856,10272,cudaLaunchKernel,other,1
react_tool,plan,mir_operator:decode_layer00,1086,decode_layer00,,3,1140549,1139799,1281258,203521,265619,cudaLaunchKernel,attention|concat|copy|elementwise_binary|elementwise_other|elementwise_unary|gemv|reduce,57
react_tool,plan,mir_operator:decode_layer01,1087,decode_layer01,,3,1095692,1074966,1271470,202240,269311,cudaLaunchKernel,attention|concat|copy|elementwise_binary|elementwise_other|elementwise_unary|gemv|reduce,57
react_tool,plan,mir_operator:decode_layer02,1088,decode_layer02,,3,1083638,1073767,1232981,203072,265937,cudaLaunchKernel,attention|concat|copy|elementwise_binary|elementwise_other|elementwise_unary|gemv|reduce,57
react_tool,plan,mir_operator:decode_layer03,1089,decode_layer03,,3,1081583,1046225,1215263,202498,273174,cudaLaunchKernel,attention|concat|copy|elementwise_binary|elementwise_other|elementwise_unary|gemv|reduce,57
react_tool,plan,mir_operator:decode_layer04,1090,decode_layer04,,3,1076823,1051988,1210731,203041,258763,cudaLaunchKernel,attention|concat|copy|elementwise_binary|elementwise_other|elementwise_unary|gemv|reduce,57
react_tool,plan,mir_operator:decode_layer05,1091,decode_layer05,,3,1094109,1088292,1207346,203297,268310,cudaLaunchKernel,attention|concat|copy|elementwise_binary|elementwise_other|elementwise_unary|gemv|reduce,57
react_tool,plan,mir_operator:decode_layer06,1092,decode_layer06,,3,1200459,1068560,1228353,203073,289408,cudaLaunchKernel,attention|concat|copy|elementwise_binary|elementwise_other|elementwise_unary|gemv|reduce,57
react_tool,plan,mir_operator:decode_layer07,1093,decode_layer07,,3,1202299,1078897,1223302,202945,290052,cudaLaunchKernel,attention|concat|copy|elementwise_binary|elementwise_other|elementwise_unary|gemv|reduce,57
react_tool,plan,mir_operator:decode_layer08,1094,decode_layer08,,3,1203889,1100785,1211664,202754,285736,cudaLaunchKernel,attention|concat|copy|elementwise_binary|elementwise_other|elementwise_unary|gemv|reduce,57
react_tool,plan,mir_operator:decode_layer09,1095,decode_layer09,,3,1214272,1090832,1224971,202721,288640,cudaLaunchKernel,attention|concat|copy|elementwise_binary|elementwise_other|elementwise_unary|gemv|reduce,57
react_tool,plan,mir_operator:decode_layer10,1096,decode_layer10,,3,1184765,1102973,1430002,202817,272782,cudaLaunchKernel,attention|concat|copy|elementwise_binary|elementwise_other|elementwise_unary|gemv|reduce,57
react_tool,plan,mir_operator:decode_layer11,1097,decode_layer11,,3,1116258,1092165,1156656,202529,263364,cudaLaunchKernel,attention|concat|copy|elementwise_binary|elementwise_other|elementwise_unary|gemv|reduce,57
react_tool,plan,mir_operator:decode_layer12,1098,decode_layer12,,3,1174171,1107999,1177534,205217,274508,cudaLaunchKernel,attention|concat|copy|elementwise_binary|elementwise_other|elementwise_unary|gemv|reduce,57
react_tool,plan,mir_operator:decode_layer13,1099,decode_layer13,,3,1114761,1106435,1159171,202753,269164,cudaLaunchKernel,attention|concat|copy|elementwise_binary|elementwise_other|elementwise_unary|gemv|reduce,57
react_tool,plan,mir_operator:decode_layer14,1100,decode_layer14,,3,1099865,1067652,1166137,202848,267280,cudaLaunchKernel,attention|concat|copy|elementwise_binary|elementwise_other|elementwise_unary|gemv|reduce,57
react_tool,plan,mir_operator:decode_layer15,1101,decode_layer15,,3,1092774,1038358,1331716,203234,258526,cudaLaunchKernel,attention|concat|copy|elementwise_binary|elementwise_other|elementwise_unary|gemv|reduce,57
react_tool,plan,mir_operator:decode_layer16,1102,decode_layer16,,3,1073175,1040559,1746557,202177,261772,cudaLaunchKernel,attention|concat|copy|elementwise_binary|elementwise_other|elementwise_unary|gemv|reduce,57
react_tool,plan,mir_operator:decode_layer17,1103,decode_layer17,,3,1049459,1042251,1234559,202688,260231,cudaLaunchKernel,attention|concat|copy|elementwise_binary|elementwise_other|elementwise_unary|gemv|reduce,57
react_tool,plan,mir_operator:decode_layer18,1104,decode_layer18,,3,1064169,1033047,1223601,202112,254840,cudaLaunchKernel,attention|concat|copy|elementwise_binary|elementwise_other|elementwise_unary|gemv|reduce,57
react_tool,plan,mir_operator:decode_layer19,1105,decode_layer19,,3,1039864,1033598,1217660,202401,254028,cudaLaunchKernel,attention|concat|copy|elementwise_binary|elementwise_other|elementwise_unary|gemv|reduce,57
react_tool,plan,mir_operator:decode_layer20,1106,decode_layer20,,3,1051860,1050638,1205572,203234,254876,cudaLaunchKernel,attention|concat|copy|elementwise_binary|elementwise_other|elementwise_unary|gemv|reduce,57
react_tool,plan,mir_operator:decode_layer21,1107,decode_layer21,,3,1129593,1092765,1223363,202144,271116,cudaLaunchKernel,attention|concat|copy|elementwise_binary|elementwise_other|elementwise_unary|gemv|reduce,57
react_tool,plan,mir_operator:decode_layer22,1108,decode_layer22,,3,1175181,1154011,1200206,204898,289036,cudaLaunchKernel,attention|concat|copy|elementwise_binary|elementwise_other|elementwise_unary|gemv|reduce,57
react_tool,plan,mir_operator:decode_layer23,1109,decode_layer23,,3,1176537,1161512,1193354,203200,278816,cudaLaunchKernel,attention|concat|copy|elementwise_binary|elementwise_other|elementwise_unary|gemv|reduce,57
react_tool,plan,mir_operator:decode_layer24,1110,decode_layer24,,3,1162613,1109766,1199402,202848,273036,cudaLaunchKernel,attention|concat|copy|elementwise_binary|elementwise_other|elementwise_unary|gemv|reduce,57
react_tool,plan,mir_operator:decode_layer25,1111,decode_layer25,,3,1157549,1083342,1192570,202688,272604,cudaLaunchKernel,attention|concat|copy|elementwise_binary|elementwise_other|elementwise_unary|gemv|reduce,57
react_tool,plan,mir_operator:decode_layer26,1112,decode_layer26,,3,1166609,1080362,1218186,202752,273701,cudaLaunchKernel,attention|concat|copy|elementwise_binary|elementwise_other|elementwise_unary|gemv|reduce,57
react_tool,plan,mir_operator:decode_layer27,1113,decode_layer27,,3,1166958,1047268,1218421,202177,277529,cudaLaunchKernel,attention|concat|copy|elementwise_binary|elementwise_other|elementwise_unary|gemv|reduce,57
react_tool,plan,mir_operator:decode_head,1114,decode_head,,3,225513,216776,232109,661828,48094,cudaLaunchKernel,copy|elementwise_binary|elementwise_unary|gemv|reduce,9
react_tool,plan,mir_operator:decode_sample,1115,decode_sample,,3,621335,621248,621491,7040,582337,cudaStreamSynchronize,memcpy|memset|reduce,1
react_tool,plan,mir_operator:decode_embed,1116,decode_embed,,3,46933,44907,56500,1888,11435,cudaLaunchKernel,other,1
react_tool,plan,mir_operator:decode_layer00,1117,decode_layer00,,3,1233397,1137060,1242086,203522,283953,cudaLaunchKernel,attention|concat|copy|elementwise_binary|elementwise_other|elementwise_unary|gemv|reduce,57
react_tool,plan,mir_operator:decode_layer01,1118,decode_layer01,,3,1188368,1068192,1204044,202818,287220,cudaLaunchKernel,attention|concat|copy|elementwise_binary|elementwise_other|elementwise_unary|gemv|reduce,57
react_tool,plan,mir_operator:decode_layer02,1119,decode_layer02,,3,1185576,1103184,1206474,202562,285439,cudaLaunchKernel,attention|concat|copy|elementwise_binary|elementwise_other|elementwise_unary|gemv|reduce,57
react_tool,plan,mir_operator:decode_layer03,1120,decode_layer03,,3,1147124,1050541,1198413,203265,269630,cudaLaunchKernel,attention|concat|copy|elementwise_binary|elementwise_other|elementwise_unary|gemv|reduce,57
react_tool,plan,mir_operator:decode_layer04,1121,decode_layer04,,3,1101200,1059153,1201329,203072,263031,cudaLaunchKernel,attention|concat|copy|elementwise_binary|elementwise_other|elementwise_unary|gemv|reduce,57
react_tool,plan,mir_operator:decode_layer05,1122,decode_layer05,,3,1112915,1051927,1198879,202209,261857,cudaLaunchKernel,attention|concat|copy|elementwise_binary|elementwise_other|elementwise_unary|gemv|reduce,57
react_tool,plan,mir_operator:decode_layer06,1123,decode_layer06,,3,1126366,1056900,1211328,203136,269791,cudaLaunchKernel,attention|concat|copy|elementwise_binary|elementwise_other|elementwise_unary|gemv|reduce,57
react_tool,plan,mir_operator:decode_layer07,1124,decode_layer07,,3,1093282,1071216,1199592,203009,263196,cudaLaunchKernel,attention|concat|copy|elementwise_binary|elementwise_other|elementwise_unary|gemv|reduce,57
react_tool,plan,mir_operator:decode_layer08,1125,decode_layer08,,3,1083604,1069653,1208255,202945,264171,cudaLaunchKernel,attention|concat|copy|elementwise_binary|elementwise_other|elementwise_unary|gemv|reduce,57
react_tool,plan,mir_operator:decode_layer09,1126,decode_layer09,,3,1074865,1060801,1178125,202720,260716,cudaLaunchKernel,attention|concat|copy|elementwise_binary|elementwise_other|elementwise_unary|gemv|reduce,57
react_tool,plan,mir_operator:decode_layer10,1127,decode_layer10,,3,1132483,1053278,1173984,202080,274843,cudaLaunchKernel,attention|concat|copy|elementwise_binary|elementwise_other|elementwise_unary|gemv|reduce,57
react_tool,plan,mir_operator:decode_layer11,1128,decode_layer11,,3,1168921,1067740,1168994,202531,278867,cudaLaunchKernel,attention|concat|copy|elementwise_binary|elementwise_other|elementwise_unary|gemv|reduce,57
react_tool,plan,mir_operator:decode_layer12,1129,decode_layer12,,3,1171928,1051680,1196620,202530,283095,cudaLaunchKernel,attention|concat|copy|elementwise_binary|elementwise_other|elementwise_unary|gemv|reduce,57
react_tool,plan,mir_operator:decode_layer13,1130,decode_layer13,,3,1154485,1051759,1206565,202688,282603,cudaLaunchKernel,attention|concat|copy|elementwise_binary|elementwise_other|elementwise_unary|gemv|reduce,57
react_tool,plan,mir_operator:decode_layer14,1131,decode_layer14,,3,1161733,1067566,1215773,203330,278528,cudaLaunchKernel,attention|concat|copy|elementwise_binary|elementwise_other|elementwise_unary|gemv|reduce,57
react_tool,plan,mir_operator:decode_layer15,1132,decode_layer15,,3,1159838,1066281,1201770,202465,269925,cudaLaunchKernel,attention|concat|copy|elementwise_binary|elementwise_other|elementwise_unary|gemv|reduce,57
react_tool,plan,mir_operator:decode_layer16,1133,decode_layer16,,3,1177485,1053114,1194811,202368,276124,cudaLaunchKernel,attention|concat|copy|elementwise_binary|elementwise_other|elementwise_unary|gemv|reduce,57
react_tool,plan,mir_operator:decode_layer17,1134,decode_layer17,,3,1155177,1064808,1200683,203266,270866,cudaLaunchKernel,attention|concat|copy|elementwise_binary|elementwise_other|elementwise_unary|gemv|reduce,57
react_tool,plan,mir_operator:decode_layer18,1135,decode_layer18,,3,1158683,1055731,1207982,202657,271892,cudaLaunchKernel,attention|concat|copy|elementwise_binary|elementwise_other|elementwise_unary|gemv|reduce,57
react_tool,plan,mir_operator:decode_layer19,1136,decode_layer19,,3,1161928,1071009,1194612,202145,276431,cudaLaunchKernel,attention|concat|copy|elementwise_binary|elementwise_other|elementwise_unary|gemv|reduce,57
react_tool,plan,mir_operator:decode_layer20,1137,decode_layer20,,3,1162234,1064966,1187998,202529,278787,cudaLaunchKernel,attention|concat|copy|elementwise_binary|elementwise_other|elementwise_unary|gemv|reduce,57
react_tool,plan,mir_operator:decode_layer21,1138,decode_layer21,,3,1165165,1082609,1192134,202784,279504,cudaLaunchKernel,attention|concat|copy|elementwise_binary|elementwise_other|elementwise_unary|gemv|reduce,57
react_tool,plan,mir_operator:decode_layer22,1139,decode_layer22,,3,1159626,1054349,1205614,201986,273818,cudaLaunchKernel,attention|concat|copy|elementwise_binary|elementwise_other|elementwise_unary|gemv|reduce,57
react_tool,plan,mir_operator:decode_layer23,1140,decode_layer23,,3,1196878,1072938,1220602,202784,286202,cudaLaunchKernel,attention|concat|copy|elementwise_binary|elementwise_other|elementwise_unary|gemv|reduce,57
react_tool,plan,mir_operator:decode_layer24,1141,decode_layer24,,3,1183567,1086098,1196155,202211,274980,cudaLaunchKernel,attention|concat|copy|elementwise_binary|elementwise_other|elementwise_unary|gemv|reduce,57
react_tool,plan,mir_operator:decode_layer25,1142,decode_layer25,,3,1196508,1076467,1201723,202817,279928,cudaLaunchKernel,attention|concat|copy|elementwise_binary|elementwise_other|elementwise_unary|gemv|reduce,57
react_tool,plan,mir_operator:decode_layer26,1143,decode_layer26,,3,1199823,1085857,1202551,202784,282203,cudaLaunchKernel,attention|concat|copy|elementwise_binary|elementwise_other|elementwise_unary|gemv|reduce,57
react_tool,plan,mir_operator:decode_layer27,1144,decode_layer27,,3,1201134,1054003,1204221,203233,279347,cudaLaunchKernel,attention|concat|copy|elementwise_binary|elementwise_other|elementwise_unary|gemv|reduce,57
react_tool,plan,mir_operator:decode_head,1145,decode_head,,3,232520,224203,235082,661316,45115,cudaLaunchKernel,copy|elementwise_binary|elementwise_unary|gemv|reduce,9
react_tool,plan,mir_operator:decode_sample,1146,decode_sample,,3,619831,616961,622116,7104,573514,cudaStreamSynchronize,memcpy|memset|reduce,1
react_tool,plan,mir_operator:decode_embed,1147,decode_embed,,3,50348,49964,54843,1888,11617,cudaLaunchKernel,other,1
react_tool,plan,mir_operator:decode_layer00,1148,decode_layer00,,3,1246328,1158988,1271512,204065,286427,cudaLaunchKernel,attention|concat|copy|elementwise_binary|elementwise_other|elementwise_unary|gemv|reduce,57
react_tool,plan,mir_operator:decode_layer01,1149,decode_layer01,,3,1213571,1083616,1230479,202625,294432,cudaLaunchKernel,attention|concat|copy|elementwise_binary|elementwise_other|elementwise_unary|gemv|reduce,57
react_tool,plan,mir_operator:decode_layer02,1150,decode_layer02,,3,1200773,1067040,1227063,202401,282271,cudaLaunchKernel,attention|concat|copy|elementwise_binary|elementwise_other|elementwise_unary|gemv|reduce,57
react_tool,plan,mir_operator:decode_layer03,1151,decode_layer03,,3,1200325,1055849,1209255,202946,279533,cudaLaunchKernel,attention|concat|copy|elementwise_binary|elementwise_other|elementwise_unary|gemv|reduce,57
react_tool,plan,mir_operator:decode_layer04,1152,decode_layer04,,3,1170232,1065065,1202255,202240,284418,cudaLaunchKernel,attention|concat|copy|elementwise_binary|elementwise_other|elementwise_unary|gemv|reduce,57
react_tool,plan,mir_operator:decode_layer05,1153,decode_layer05,,3,1173656,1063386,1207388,203041,279394,cudaLaunchKernel,attention|concat|copy|elementwise_binary|elementwise_other|elementwise_unary|gemv|reduce,57
react_tool,plan,mir_operator:decode_layer06,1154,decode_layer06,,3,1168888,1058426,1210632,204002,274493,cudaLaunchKernel,attention|concat|copy|elementwise_binary|elementwise_other|elementwise_unary|gemv|reduce,57
react_tool,plan,mir_operator:decode_layer07,1155,decode_layer07,,3,1153017,1057396,1203049,202401,270627,cudaLaunchKernel,attention|concat|copy|elementwise_binary|elementwise_other|elementwise_unary|gemv|reduce,57
react_tool,plan,mir_operator:decode_layer08,1156,decode_layer08,,3,1099422,1080656,1209460,202657,261618,cudaLaunchKernel,attention|concat|copy|elementwise_binary|elementwise_other|elementwise_unary|gemv|reduce,57
react_tool,plan,mir_operator:decode_layer09,1157,decode_layer09,,3,1141068,1091468,1218068,203361,272836,cudaLaunchKernel,attention|concat|copy|elementwise_binary|elementwise_other|elementwise_unary|gemv|reduce,57
react_tool,plan,mir_operator:decode_layer10,1158,decode_layer10,,3,1156260,1154480,1249087,203202,285068,cudaLaunchKernel,attention|concat|copy|elementwise_binary|elementwise_other|elementwise_unary|gemv|reduce,57
react_tool,plan,mir_operator:decode_layer11,1159,decode_layer11,,3,1107276,1082009,1193131,203426,267270,cudaLaunchKernel,attention|concat|copy|elementwise_binary|elementwise_other|elementwise_unary|gemv|reduce,57
react_tool,plan,mir_operator:decode_layer12,1160,decode_layer12,,3,1100730,1098360,1167382,203136,271485,cudaLaunchKernel,attention|concat|copy|elementwise_binary|elementwise_other|elementwise_unary|gemv|reduce,57
react_tool,plan,mir_operator:decode_layer13,1161,decode_layer13,,3,1108535,1070666,1169279,202722,267860,cudaLaunchKernel,attention|concat|copy|elementwise_binary|elementwise_other|elementwise_unary|gemv|reduce,57
react_tool,plan,mir_operator:decode_layer14,1162,decode_layer14,,3,1106528,1086900,1177699,202752,264134,cudaLaunchKernel,attention|concat|copy|elementwise_binary|elementwise_other|elementwise_unary|gemv|reduce,57
react_tool,plan,mir_operator:decode_layer15,1163,decode_layer15,,3,1113332,1110973,1140491,203363,270248,cudaLaunchKernel,attention|concat|copy|elementwise_binary|elementwise_other|elementwise_unary|gemv|reduce,57
react_tool,plan,mir_operator:decode_layer16,1164,decode_layer16,,3,1105196,1097442,1114224,202209,263681,cudaLaunchKernel,attention|concat|copy|elementwise_binary|elementwise_other|elementwise_unary|gemv|reduce,57
react_tool,plan,mir_operator:decode_layer17,1165,decode_layer17,,3,1102226,1081483,1136422,202626,265358,cudaLaunchKernel,attention|concat|copy|elementwise_binary|elementwise_other|elementwise_unary|gemv|reduce,57
react_tool,plan,mir_operator:decode_layer18,1166,decode_layer18,,3,1104572,1072363,1127491,202497,264210,cudaLaunchKernel,attention|concat|copy|elementwise_binary|elementwise_other|elementwise_unary|gemv|reduce,57
react_tool,plan,mir_operator:decode_layer19,1167,decode_layer19,,3,1087545,1055488,1115681,202656,256401,cudaLaunchKernel,attention|concat|copy|elementwise_binary|elementwise_other|elementwise_unary|gemv|reduce,57
react_tool,plan,mir_operator:decode_layer20,1168,decode_layer20,,3,1086954,1052339,1103310,205953,259223,cudaLaunchKernel,attention|concat|copy|elementwise_binary|elementwise_other|elementwise_unary|gemv|reduce,57
react_tool,plan,mir_operator:decode_layer21,1169,decode_layer21,,3,1076795,1049290,1156730,202978,262757,cudaLaunchKernel,attention|concat|copy|elementwise_binary|elementwise_other|elementwise_unary|gemv|reduce,57
react_tool,plan,mir_operator:decode_layer22,1170,decode_layer22,,3,1084879,1038302,1199246,202369,266091,cudaLaunchKernel,attention|concat|copy|elementwise_binary|elementwise_other|elementwise_unary|gemv|reduce,57
react_tool,plan,mir_operator:decode_layer23,1171,decode_layer23,,3,1080174,1047152,1192435,202337,268581,cudaLaunchKernel,attention|concat|copy|elementwise_binary|elementwise_other|elementwise_unary|gemv|reduce,57
react_tool,plan,mir_operator:decode_layer24,1172,decode_layer24,,3,1081994,1033428,1193431,202081,270383,cudaLaunchKernel,attention|concat|copy|elementwise_binary|elementwise_other|elementwise_unary|gemv|reduce,57
react_tool,plan,mir_operator:decode_layer25,1173,decode_layer25,,3,1083891,1050681,1203978,202592,264632,cudaLaunchKernel,attention|concat|copy|elementwise_binary|elementwise_other|elementwise_unary|gemv|reduce,57
react_tool,plan,mir_operator:decode_layer26,1174,decode_layer26,,3,1111276,1058752,1208169,202657,261209,cudaLaunchKernel,attention|concat|copy|elementwise_binary|elementwise_other|elementwise_unary|gemv|reduce,57
react_tool,plan,mir_operator:decode_layer27,1175,decode_layer27,,3,1119219,1113509,1240455,202528,289371,cudaLaunchKernel,attention|concat|copy|elementwise_binary|elementwise_other|elementwise_unary|gemv|reduce,57
react_tool,plan,mir_operator:decode_head,1176,decode_head,,3,236222,208252,242601,661572,46534,cudaLaunchKernel,copy|elementwise_binary|elementwise_unary|gemv|reduce,9
react_tool,plan,mir_operator:decode_sample,1177,decode_sample,,3,616962,615118,625376,7040,568136,cudaStreamSynchronize,memcpy|memset|reduce,1
react_tool,plan,mir_operator:decode_embed,1178,decode_embed,,3,51982,45751,54791,1888,10984,cudaLaunchKernel,other,1
react_tool,plan,mir_operator:decode_layer00,1179,decode_layer00,,3,1207356,1185768,1277818,203552,285394,cudaLaunchKernel,attention|concat|copy|elementwise_binary|elementwise_other|elementwise_unary|gemv|reduce,57
react_tool,plan,mir_operator:decode_layer01,1180,decode_layer01,,3,1171993,1165423,1219253,202240,279896,cudaLaunchKernel,attention|concat|copy|elementwise_binary|elementwise_other|elementwise_unary|gemv|reduce,57
react_tool,plan,mir_operator:decode_layer02,1181,decode_layer02,,3,1178730,1116031,1202169,202851,274503,cudaLaunchKernel,attention|concat|copy|elementwise_binary|elementwise_other|elementwise_unary|gemv|reduce,57
react_tool,plan,mir_operator:decode_layer03,1182,decode_layer03,,3,1166238,1102663,1171571,202468,272411,cudaLaunchKernel,attention|concat|copy|elementwise_binary|elementwise_other|elementwise_unary|gemv|reduce,57
react_tool,plan,mir_operator:decode_layer04,1183,decode_layer04,,3,1120147,1099675,1196972,202528,268045,cudaLaunchKernel,attention|concat|copy|elementwise_binary|elementwise_other|elementwise_unary|gemv|reduce,57
react_tool,plan,mir_operator:decode_layer05,1184,decode_layer05,,3,1113144,1103257,1207806,202432,270065,cudaLaunchKernel,attention|concat|copy|elementwise_binary|elementwise_other|elementwise_unary|gemv|reduce,57
react_tool,plan,mir_operator:decode_layer06,1185,decode_layer06,,3,1204452,1108394,1208279,202978,278668,cudaLaunchKernel,attention|concat|copy|elementwise_binary|elementwise_other|elementwise_unary|gemv|reduce,57
react_tool,plan,mir_operator:decode_layer07,1186,decode_layer07,,3,1171979,1093377,1237143,202945,283371,cudaLaunchKernel,attention|concat|copy|elementwise_binary|elementwise_other|elementwise_unary|gemv|reduce,57
react_tool,plan,mir_operator:decode_layer08,1187,decode_layer08,,3,1118705,1070826,1187017,202688,269364,cudaLaunchKernel,attention|concat|copy|elementwise_binary|elementwise_other|elementwise_unary|gemv|reduce,57
react_tool,plan,mir_operator:decode_layer09,1188,decode_layer09,,3,1108095,1074473,1170175,203042,266518,cudaLaunchKernel,attention|concat|copy|elementwise_binary|elementwise_other|elementwise_unary|gemv|reduce,57
react_tool,plan,mir_operator:decode_layer10,1189,decode_layer10,,3,1112552,1069444,1187193,202816,263496,cudaLaunchKernel,attention|concat|copy|elementwise_binary|elementwise_other|elementwise_unary|gemv|reduce,57
react_tool,plan,mir_operator:decode_layer11,1190,decode_layer11,,3,1110017,1070373,1175115,202723,267961,cudaLaunchKernel,attention|concat|copy|elementwise_binary|elementwise_other|elementwise_unary|gemv|reduce,57
react_tool,plan,mir_operator:decode_layer12,1191,decode_layer12,,3,1109816,1074662,1164012,202592,262066,cudaLaunchKernel,attention|concat|copy|elementwise_binary|elementwise_other|elementwise_unary|gemv|reduce,57
react_tool,plan,mir_operator:decode_layer13,1192,decode_layer13,,3,1098576,1061522,1172024,202819,261540,cudaLaunchKernel,attention|concat|copy|elementwise_binary|elementwise_other|elementwise_unary|gemv|reduce,57
react_tool,plan,mir_operator:decode_layer14,1193,decode_layer14,,3,1090747,1048430,1192206,202306,261325,cudaLaunchKernel,attention|concat|copy|elementwise_binary|elementwise_other|elementwise_unary|gemv|reduce,57
react_tool,plan,mir_operator:decode_layer15,1194,decode_layer15,,3,1102429,1039401,1234247,202755,260850,cudaLaunchKernel,attention|concat|copy|elementwise_binary|elementwise_other|elementwise_unary|gemv|reduce,57
react_tool,plan,mir_operator:decode_layer16,1195,decode_layer16,,3,1077574,1060781,1205015,203201,265520,cudaLaunchKernel,attention|concat|copy|elementwise_binary|elementwise_other|elementwise_unary|gemv|reduce,57
react_tool,plan,mir_operator:decode_layer17,1196,decode_layer17,,3,1106171,1080138,1207370,202594,270342,cudaLaunchKernel,attention|concat|copy|elementwise_binary|elementwise_other|elementwise_unary|gemv|reduce,57
react_tool,plan,mir_operator:decode_layer18,1197,decode_layer18,,3,1100559,1082345,1205976,202689,265888,cudaLaunchKernel,attention|concat|copy|elementwise_binary|elementwise_other|elementwise_unary|gemv|reduce,57
react_tool,plan,mir_operator:decode_layer19,1198,decode_layer19,,3,1134993,1072051,1215581,203136,271031,cudaLaunchKernel,attention|concat|copy|elementwise_binary|elementwise_other|elementwise_unary|gemv|reduce,57
react_tool,plan,mir_operator:decode_layer20,1199,decode_layer20,,3,1156462,1066823,1200046,203009,274614,cudaLaunchKernel,attention|concat|copy|elementwise_binary|elementwise_other|elementwise_unary|gemv|reduce,57
react_tool,plan,mir_operator:decode_layer21,1200,decode_layer21,,3,1165479,1044941,1203009,202786,282217,cudaLaunchKernel,attention|concat|copy|elementwise_binary|elementwise_other|elementwise_unary|gemv|reduce,57
react_tool,plan,mir_operator:decode_layer22,1201,decode_layer22,,3,1162489,1044090,1210120,202657,282489,cudaLaunchKernel,attention|concat|copy|elementwise_binary|elementwise_other|elementwise_unary|gemv|reduce,57
react_tool,plan,mir_operator:decode_layer23,1202,decode_layer23,,3,1170069,1051718,1238048,203298,288336,cudaLaunchKernel,attention|concat|copy|elementwise_binary|elementwise_other|elementwise_unary|gemv|reduce,57
react_tool,plan,mir_operator:decode_layer24,1203,decode_layer24,,3,1164987,1082586,1208546,202113,269923,cudaLaunchKernel,attention|concat|copy|elementwise_binary|elementwise_other|elementwise_unary|gemv|reduce,57
react_tool,plan,mir_operator:decode_layer25,1204,decode_layer25,,3,1120334,1069297,1202679,202273,276117,cudaLaunchKernel,attention|concat|copy|elementwise_binary|elementwise_other|elementwise_unary|gemv|reduce,57
react_tool,plan,mir_operator:decode_layer26,1205,decode_layer26,,3,1100428,1050242,1202935,202689,263426,cudaLaunchKernel,attention|concat|copy|elementwise_binary|elementwise_other|elementwise_unary|gemv|reduce,57
react_tool,plan,mir_operator:decode_layer27,1206,decode_layer27,,3,1159869,1072128,1219229,202209,277633,cudaLaunchKernel,attention|concat|copy|elementwise_binary|elementwise_other|elementwise_unary|gemv|reduce,57
react_tool,plan,mir_operator:decode_head,1207,decode_head,,3,227116,209625,245039,661348,46866,cudaLaunchKernel,copy|elementwise_binary|elementwise_unary|gemv|reduce,9
react_tool,plan,mir_operator:decode_sample,1208,decode_sample,,3,614328,611531,616931,7072,567456,cudaStreamSynchronize,memcpy|memset|reduce,1
react_tool,plan,mir_operator:decode_embed,1209,decode_embed,,3,46701,46357,56233,1888,11285,cudaLaunchKernel,other,1
react_tool,plan,mir_operator:decode_layer00,1210,decode_layer00,,3,1281864,1192989,1286394,203362,293584,cudaLaunchKernel,attention|concat|copy|elementwise_binary|elementwise_other|elementwise_unary|gemv|reduce,57
react_tool,plan,mir_operator:decode_layer01,1211,decode_layer01,,3,1211649,1184284,1224288,202435,285926,cudaLaunchKernel,attention|concat|copy|elementwise_binary|elementwise_other|elementwise_unary|gemv|reduce,57
react_tool,plan,mir_operator:decode_layer02,1212,decode_layer02,,3,1176380,1169539,1215670,201760,278557,cudaLaunchKernel,attention|concat|copy|elementwise_binary|elementwise_other|elementwise_unary|gemv|reduce,57
react_tool,plan,mir_operator:decode_layer03,1213,decode_layer03,,3,1210630,1119637,1309829,202688,293637,cudaLaunchKernel,attention|concat|copy|elementwise_binary|elementwise_other|elementwise_unary|gemv|reduce,57
react_tool,plan,mir_operator:decode_layer04,1214,decode_layer04,,3,1194597,1115666,1220220,201825,280643,cudaLaunchKernel,attention|concat|copy|elementwise_binary|elementwise_other|elementwise_unary|gemv|reduce,57
react_tool,plan,mir_operator:decode_layer05,1215,decode_layer05,,3,1195282,1106428,1199399,202817,283791,cudaLaunchKernel,attention|concat|copy|elementwise_binary|elementwise_other|elementwise_unary|gemv|reduce,57
react_tool,plan,mir_operator:decode_layer06,1216,decode_layer06,,3,1194253,1109716,1195795,202752,278300,cudaLaunchKernel,attention|concat|copy|elementwise_binary|elementwise_other|elementwise_unary|gemv|reduce,57
react_tool,plan,mir_operator:decode_layer07,1217,decode_layer07,,3,1125584,1121636,1211854,202305,267153,cudaLaunchKernel,attention|concat|copy|elementwise_binary|elementwise_other|elementwise_unary|gemv|reduce,57
react_tool,plan,mir_operator:decode_layer08,1218,decode_layer08,,3,1113964,1070382,1202423,202881,263899,cudaLaunchKernel,attention|concat|copy|elementwise_binary|elementwise_other|elementwise_unary|gemv|reduce,57
react_tool,plan,mir_operator:decode_layer09,1219,decode_layer09,,3,1108991,1044444,1192748,202689,262993,cudaLaunchKernel,attention|concat|copy|elementwise_binary|elementwise_other|elementwise_unary|gemv|reduce,57
react_tool,plan,mir_operator:decode_layer10,1220,decode_layer10,,3,1115464,1083558,1196566,202913,268804,cudaLaunchKernel,attention|concat|copy|elementwise_binary|elementwise_other|elementwise_unary|gemv|reduce,57
react_tool,plan,mir_operator:decode_layer11,1221,decode_layer11,,3,1119134,1101771,1209423,202179,269657,cudaLaunchKernel,attention|concat|copy|elementwise_binary|elementwise_other|elementwise_unary|gemv|reduce,57
react_tool,plan,mir_operator:decode_layer12,1222,decode_layer12,,3,1119667,1095988,1204295,202882,266475,cudaLaunchKernel,attention|concat|copy|elementwise_binary|elementwise_other|elementwise_unary|gemv|reduce,57
react_tool,plan,mir_operator:decode_layer13,1223,decode_layer13,,3,1108005,1091311,1174908,202624,273853,cudaLaunchKernel,attention|concat|copy|elementwise_binary|elementwise_other|elementwise_unary|gemv|reduce,57
react_tool,plan,mir_operator:decode_layer14,1224,decode_layer14,,3,1105470,1092818,1197771,202752,267576,cudaLaunchKernel,attention|concat|copy|elementwise_binary|elementwise_other|elementwise_unary|gemv|reduce,57
react_tool,plan,mir_operator:decode_layer15,1225,decode_layer15,,3,1112247,1081891,1191077,202368,263767,cudaLaunchKernel,attention|concat|copy|elementwise_binary|elementwise_other|elementwise_unary|gemv|reduce,57
react_tool,plan,mir_operator:decode_layer16,1226,decode_layer16,,3,1104359,1063516,1206380,201792,260087,cudaLaunchKernel,attention|concat|copy|elementwise_binary|elementwise_other|elementwise_unary|gemv|reduce,57
react_tool,plan,mir_operator:decode_layer17,1227,decode_layer17,,3,1111234,1067651,1193491,203744,262233,cudaLaunchKernel,attention|concat|copy|elementwise_binary|elementwise_other|elementwise_unary|gemv|reduce,57
react_tool,plan,mir_operator:decode_layer18,1228,decode_layer18,,3,1102169,1081746,1195399,202913,264553,cudaLaunchKernel,attention|concat|copy|elementwise_binary|elementwise_other|elementwise_unary|gemv|reduce,57
react_tool,plan,mir_operator:decode_layer19,1229,decode_layer19,,3,1160995,1053649,1201325,202177,275486,cudaLaunchKernel,attention|concat|copy|elementwise_binary|elementwise_other|elementwise_unary|gemv|reduce,57
react_tool,plan,mir_operator:decode_layer20,1230,decode_layer20,,3,1140738,1048048,1234935,203362,272475,cudaLaunchKernel,attention|concat|copy|elementwise_binary|elementwise_other|elementwise_unary|gemv|reduce,57
react_tool,plan,mir_operator:decode_layer21,1231,decode_layer21,,3,1102032,1067436,1198221,202755,267894,cudaLaunchKernel,attention|concat|copy|elementwise_binary|elementwise_other|elementwise_unary|gemv|reduce,57
react_tool,plan,mir_operator:decode_layer22,1232,decode_layer22,,3,1067115,1066296,1193569,202720,262790,cudaLaunchKernel,attention|concat|copy|elementwise_binary|elementwise_other|elementwise_unary|gemv|reduce,57
react_tool,plan,mir_operator:decode_layer23,1233,decode_layer23,,3,1071488,1048163,1192392,202720,256335,cudaLaunchKernel,attention|concat|copy|elementwise_binary|elementwise_other|elementwise_unary|gemv|reduce,57
react_tool,plan,mir_operator:decode_layer24,1234,decode_layer24,,3,1116134,1043068,1197001,201633,262332,cudaLaunchKernel,attention|concat|copy|elementwise_binary|elementwise_other|elementwise_unary|gemv|reduce,57
react_tool,plan,mir_operator:decode_layer25,1235,decode_layer25,,3,1196955,1048509,1197636,201504,283895,cudaLaunchKernel,attention|concat|copy|elementwise_binary|elementwise_other|elementwise_unary|gemv|reduce,57
react_tool,plan,mir_operator:decode_layer26,1236,decode_layer26,,3,1196345,1051016,1199339,202593,281941,cudaLaunchKernel,attention|concat|copy|elementwise_binary|elementwise_other|elementwise_unary|gemv|reduce,57
react_tool,plan,mir_operator:decode_layer27,1237,decode_layer27,,3,1189439,1049150,1195395,202240,278202,cudaLaunchKernel,attention|concat|copy|elementwise_binary|elementwise_other|elementwise_unary|gemv|reduce,57
react_tool,plan,mir_operator:decode_head,1238,decode_head,,3,224065,203733,228928,663395,45450,cudaLaunchKernel,copy|elementwise_binary|elementwise_unary|gemv|reduce,9
react_tool,plan,mir_operator:decode_sample,1239,decode_sample,,3,625834,624512,737655,7072,584811,cudaStreamSynchronize,memcpy|memset|reduce,1
react_tool,plan,mir_operator:decode_embed,1240,decode_embed,,3,48416,44832,52829,1888,13067,cudaLaunchKernel,other,1
react_tool,plan,mir_operator:decode_layer00,1241,decode_layer00,,3,1250453,1098730,1286260,203392,292847,cudaLaunchKernel,attention|concat|copy|elementwise_binary|elementwise_other|elementwise_unary|gemv|reduce,57
react_tool,plan,mir_operator:decode_layer01,1242,decode_layer01,,3,1194220,1062410,1226848,202434,285118,cudaLaunchKernel,attention|concat|copy|elementwise_binary|elementwise_other|elementwise_unary|gemv|reduce,57
react_tool,plan,mir_operator:decode_layer02,1243,decode_layer02,,3,1176070,1075203,1208032,202434,276830,cudaLaunchKernel,attention|concat|copy|elementwise_binary|elementwise_other|elementwise_unary|gemv|reduce,57
react_tool,plan,mir_operator:decode_layer03,1244,decode_layer03,,3,1189837,1066690,1202884,202529,279143,cudaLaunchKernel,attention|concat|copy|elementwise_binary|elementwise_other|elementwise_unary|gemv|reduce,57
react_tool,plan,mir_operator:decode_layer04,1245,decode_layer04,,3,1105200,1081394,1106408,202561,268194,cudaLaunchKernel,attention|concat|copy|elementwise_binary|elementwise_other|elementwise_unary|gemv|reduce,57
react_tool,plan,mir_operator:decode_layer05,1246,decode_layer05,,3,1105595,1074868,1113628,202977,262200,cudaLaunchKernel,attention|concat|copy|elementwise_binary|elementwise_other|elementwise_unary|gemv|reduce,57
react_tool,plan,mir_operator:decode_layer06,1247,decode_layer06,,3,1091034,1074174,1147613,203457,262321,cudaLaunchKernel,attention|concat|copy|elementwise_binary|elementwise_other|elementwise_unary|gemv|reduce,57
react_tool,plan,mir_operator:decode_layer07,1248,decode_layer07,,3,1079786,1048876,1226979,202658,258458,cudaLaunchKernel,attention|concat|copy|elementwise_binary|elementwise_other|elementwise_unary|gemv|reduce,57
react_tool,plan,mir_operator:decode_layer08,1249,decode_layer08,,3,1112670,1068986,1180057,202753,272666,cudaLaunchKernel,attention|concat|copy|elementwise_binary|elementwise_other|elementwise_unary|gemv|reduce,57
react_tool,plan,mir_operator:decode_layer09,1250,decode_layer09,,3,1099046,1086277,1186705,203040,269205,cudaLaunchKernel,attention|concat|copy|elementwise_binary|elementwise_other|elementwise_unary|gemv|reduce,57
react_tool,plan,mir_operator:decode_layer10,1251,decode_layer10,,3,1107323,1078934,1173841,202432,263285,cudaLaunchKernel,attention|concat|copy|elementwise_binary|elementwise_other|elementwise_unary|gemv|reduce,57
react_tool,plan,mir_operator:decode_layer11,1252,decode_layer11,,3,1105065,1085992,1165983,202337,266441,cudaLaunchKernel,attention|concat|copy|elementwise_binary|elementwise_other|elementwise_unary|gemv|reduce,57
react_tool,plan,mir_operator:decode_layer12,1253,decode_layer12,,3,1105772,1077566,1203868,202977,261169,cudaLaunchKernel,attention|concat|copy|elementwise_binary|elementwise_other|elementwise_unary|gemv|reduce,57
react_tool,plan,mir_operator:decode_layer13,1254,decode_layer13,,3,1096390,1059894,1209615,202627,259499,cudaLaunchKernel,attention|concat|copy|elementwise_binary|elementwise_other|elementwise_unary|gemv|reduce,57
react_tool,plan,mir_operator:decode_layer14,1255,decode_layer14,,3,1104225,1047055,1216520,203042,258973,cudaLaunchKernel,attention|concat|copy|elementwise_binary|elementwise_other|elementwise_unary|gemv|reduce,57
react_tool,plan,mir_operator:decode_layer15,1256,decode_layer15,,3,1092859,1046338,1236693,203138,259907,cudaLaunchKernel,attention|concat|copy|elementwise_binary|elementwise_other|elementwise_unary|gemv|reduce,57
react_tool,plan,mir_operator:decode_layer16,1257,decode_layer16,,3,1105536,1042913,1210726,202530,273251,cudaLaunchKernel,attention|concat|copy|elementwise_binary|elementwise_other|elementwise_unary|gemv|reduce,57
react_tool,plan,mir_operator:decode_layer17,1258,decode_layer17,,3,1105248,1043733,1201716,202369,272451,cudaLaunchKernel,attention|concat|copy|elementwise_binary|elementwise_other|elementwise_unary|gemv|reduce,57
react_tool,plan,mir_operator:decode_layer18,1259,decode_layer18,,3,1205467,1065579,1216886,202050,281319,cudaLaunchKernel,attention|concat|copy|elementwise_binary|elementwise_other|elementwise_unary|gemv|reduce,57
react_tool,plan,mir_operator:decode_layer19,1260,decode_layer19,,3,1199559,1050692,1237598,202081,282208,cudaLaunchKernel,attention|concat|copy|elementwise_binary|elementwise_other|elementwise_unary|gemv|reduce,57
react_tool,plan,mir_operator:decode_layer20,1261,decode_layer20,,3,1177063,1076401,1218359,276224,280199,cudaLaunchKernel,attention|concat|copy|elementwise_binary|elementwise_other|elementwise_unary|gemv|reduce,57
react_tool,plan,mir_operator:decode_layer21,1262,decode_layer21,,3,1178574,1175683,1202447,202946,285880,cudaLaunchKernel,attention|concat|copy|elementwise_binary|elementwise_other|elementwise_unary|gemv|reduce,57
react_tool,plan,mir_operator:decode_layer22,1263,decode_layer22,,3,1181576,1167345,1211712,202337,278652,cudaLaunchKernel,attention|concat|copy|elementwise_binary|elementwise_other|elementwise_unary|gemv|reduce,57
react_tool,plan,mir_operator:decode_layer23,1264,decode_layer23,,3,1197010,1165469,1221700,202402,282319,cudaLaunchKernel,attention|concat|copy|elementwise_binary|elementwise_other|elementwise_unary|gemv|reduce,57
react_tool,plan,mir_operator:decode_layer24,1265,decode_layer24,,3,1195519,1167323,1217044,202977,281205,cudaLaunchKernel,attention|concat|copy|elementwise_binary|elementwise_other|elementwise_unary|gemv|reduce,57
react_tool,plan,mir_operator:decode_layer25,1266,decode_layer25,,3,1163644,1162694,1201141,202848,279461,cudaLaunchKernel,attention|concat|copy|elementwise_binary|elementwise_other|elementwise_unary|gemv|reduce,57
react_tool,plan,mir_operator:decode_layer26,1267,decode_layer26,,3,1195163,1172503,1207283,202112,280870,cudaLaunchKernel,attention|concat|copy|elementwise_binary|elementwise_other|elementwise_unary|gemv|reduce,57
react_tool,plan,mir_operator:decode_layer27,1268,decode_layer27,,3,1175135,1172042,1206751,203233,280884,cudaLaunchKernel,attention|concat|copy|elementwise_binary|elementwise_other|elementwise_unary|gemv|reduce,57
react_tool,plan,mir_operator:decode_head,1269,decode_head,,3,224352,211861,227164,661540,44968,cudaLaunchKernel,copy|elementwise_binary|elementwise_unary|gemv|reduce,9
react_tool,plan,mir_operator:decode_sample,1270,decode_sample,,3,621261,620026,802604,7136,584053,cudaStreamSynchronize,memcpy|memset|reduce,1
react_tool,plan,mir_operator:decode_embed,1271,decode_embed,,3,47009,42747,50458,1888,11291,cudaLaunchKernel,other,1
react_tool,plan,mir_operator:decode_layer00,1272,decode_layer00,,3,1244513,1140597,1274698,203457,285373,cudaLaunchKernel,attention|concat|copy|elementwise_binary|elementwise_other|elementwise_unary|gemv|reduce,57
react_tool,plan,mir_operator:decode_layer01,1273,decode_layer01,,3,1199410,1092848,1328106,201251,280546,cudaLaunchKernel,attention|concat|copy|elementwise_binary|elementwise_other|elementwise_unary|gemv|reduce,57
react_tool,plan,mir_operator:decode_layer02,1274,decode_layer02,,3,1210971,1186236,1708430,202784,324574,cudaLaunchKernel,attention|concat|copy|elementwise_binary|elementwise_other|elementwise_unary|gemv|reduce,57
react_tool,plan,mir_operator:decode_layer03,1275,decode_layer03,,3,1152681,1095787,1235429,202624,277844,cudaLaunchKernel,attention|concat|copy|elementwise_binary|elementwise_other|elementwise_unary|gemv|reduce,57
react_tool,plan,mir_operator:decode_layer04,1276,decode_layer04,,3,1111367,1084809,1207758,202208,268181,cudaLaunchKernel,attention|concat|copy|elementwise_binary|elementwise_other|elementwise_unary|gemv|reduce,57
react_tool,plan,mir_operator:decode_layer05,1277,decode_layer05,,3,1089541,1062796,1249705,203425,273551,cudaLaunchKernel,attention|concat|copy|elementwise_binary|elementwise_other|elementwise_unary|gemv|reduce,57
react_tool,plan,mir_operator:decode_layer06,1278,decode_layer06,,3,1079300,1062065,1209232,202752,260418,cudaLaunchKernel,attention|concat|copy|elementwise_binary|elementwise_other|elementwise_unary|gemv|reduce,57
react_tool,plan,mir_operator:decode_layer07,1279,decode_layer07,,3,1085467,1054935,1202914,202369,261506,cudaLaunchKernel,attention|concat|copy|elementwise_binary|elementwise_other|elementwise_unary|gemv|reduce,57
react_tool,plan,mir_operator:decode_layer08,1280,decode_layer08,,3,1070351,1061357,1196133,202784,266423,cudaLaunchKernel,attention|concat|copy|elementwise_binary|elementwise_other|elementwise_unary|gemv|reduce,57
react_tool,plan,mir_operator:decode_layer09,1281,decode_layer09,,3,1077723,1052365,1151805,202688,261382,cudaLaunchKernel,attention|concat|copy|elementwise_binary|elementwise_other|elementwise_unary|gemv|reduce,57
react_tool,plan,mir_operator:decode_layer10,1282,decode_layer10,,3,1098606,1046366,1116897,202754,264854,cudaLaunchKernel,attention|concat|copy|elementwise_binary|elementwise_other|elementwise_unary|gemv|reduce,57
react_tool,plan,mir_operator:decode_layer11,1283,decode_layer11,,3,1097691,1073575,1121053,201856,271083,cudaLaunchKernel,attention|concat|copy|elementwise_binary|elementwise_other|elementwise_unary|gemv|reduce,57
react_tool,plan,mir_operator:decode_layer12,1284,decode_layer12,,3,1103106,1100021,1196654,203584,273260,cudaLaunchKernel,attention|concat|copy|elementwise_binary|elementwise_other|elementwise_unary|gemv|reduce,57
react_tool,plan,mir_operator:decode_layer13,1285,decode_layer13,,3,1145122,1106465,1231191,202882,262187,cudaLaunchKernel,attention|concat|copy|elementwise_binary|elementwise_other|elementwise_unary|gemv|reduce,57
react_tool,plan,mir_operator:decode_layer14,1286,decode_layer14,,3,1145517,1100414,1212644,202658,274468,cudaLaunchKernel,attention|concat|copy|elementwise_binary|elementwise_other|elementwise_unary|gemv|reduce,57
react_tool,plan,mir_operator:decode_layer15,1287,decode_layer15,,3,1108918,1097377,1219022,202817,267417,cudaLaunchKernel,attention|concat|copy|elementwise_binary|elementwise_other|elementwise_unary|gemv|reduce,57
react_tool,plan,mir_operator:decode_layer16,1288,decode_layer16,,3,1130180,1105013,1199706,202977,273940,cudaLaunchKernel,attention|concat|copy|elementwise_binary|elementwise_other|elementwise_unary|gemv|reduce,57
react_tool,plan,mir_operator:decode_layer17,1289,decode_layer17,,3,1150872,1100344,1205592,202818,269680,cudaLaunchKernel,attention|concat|copy|elementwise_binary|elementwise_other|elementwise_unary|gemv|reduce,57
react_tool,plan,mir_operator:decode_layer18,1290,decode_layer18,,3,1172603,1117035,1204163,202145,282219,cudaLaunchKernel,attention|concat|copy|elementwise_binary|elementwise_other|elementwise_unary|gemv|reduce,57
react_tool,plan,mir_operator:decode_layer19,1291,decode_layer19,,3,1167503,1052987,1223755,202531,282025,cudaLaunchKernel,attention|concat|copy|elementwise_binary|elementwise_other|elementwise_unary|gemv|reduce,57
react_tool,plan,mir_operator:decode_layer20,1292,decode_layer20,,3,1134039,1061032,1192347,203392,270273,cudaLaunchKernel,attention|concat|copy|elementwise_binary|elementwise_other|elementwise_unary|gemv|reduce,57
react_tool,plan,mir_operator:decode_layer21,1293,decode_layer21,,3,1117962,1064287,1138426,204608,269850,cudaLaunchKernel,attention|concat|copy|elementwise_binary|elementwise_other|elementwise_unary|gemv|reduce,57
react_tool,plan,mir_operator:decode_layer22,1294,decode_layer22,,3,1104400,1073083,1139909,202466,264841,cudaLaunchKernel,attention|concat|copy|elementwise_binary|elementwise_other|elementwise_unary|gemv|reduce,57
react_tool,plan,mir_operator:decode_layer23,1295,decode_layer23,,3,1094542,1066524,1110653,202178,261814,cudaLaunchKernel,attention|concat|copy|elementwise_binary|elementwise_other|elementwise_unary|gemv|reduce,57
react_tool,plan,mir_operator:decode_layer24,1296,decode_layer24,,3,1096223,1062439,1101520,202467,263067,cudaLaunchKernel,attention|concat|copy|elementwise_binary|elementwise_other|elementwise_unary|gemv|reduce,57
react_tool,plan,mir_operator:decode_layer25,1297,decode_layer25,,3,1088289,1085538,1107413,203138,263774,cudaLaunchKernel,attention|concat|copy|elementwise_binary|elementwise_other|elementwise_unary|gemv|reduce,57
react_tool,plan,mir_operator:decode_layer26,1298,decode_layer26,,3,1081245,1065819,1095408,203200,258864,cudaLaunchKernel,attention|concat|copy|elementwise_binary|elementwise_other|elementwise_unary|gemv|reduce,57
react_tool,plan,mir_operator:decode_layer27,1299,decode_layer27,,3,1083391,1075433,1084469,202241,259759,cudaLaunchKernel,attention|concat|copy|elementwise_binary|elementwise_other|elementwise_unary|gemv|reduce,57
react_tool,plan,mir_operator:decode_head,1300,decode_head,,3,211851,210419,224172,661380,43783,cudaLaunchKernel,copy|elementwise_binary|elementwise_unary|gemv|reduce,9
react_tool,plan,mir_operator:decode_sample,1301,decode_sample,,3,619151,615850,623673,7104,577114,cudaStreamSynchronize,memcpy|memset|reduce,1
react_tool,plan,mir_operator:decode_embed,1302,decode_embed,,3,45786,44412,47849,1888,11005,cudaLaunchKernel,other,1
react_tool,plan,mir_operator:decode_layer00,1303,decode_layer00,,3,1209053,1168087,1281779,202912,280311,cudaLaunchKernel,attention|concat|copy|elementwise_binary|elementwise_other|elementwise_unary|gemv|reduce,57
react_tool,plan,mir_operator:decode_layer01,1304,decode_layer01,,3,1147295,1111480,1215976,202592,274974,cudaLaunchKernel,attention|concat|copy|elementwise_binary|elementwise_other|elementwise_unary|gemv|reduce,57
react_tool,plan,mir_operator:decode_layer02,1305,decode_layer02,,3,1126302,1096989,1882824,202144,266559,cudaLaunchKernel,attention|concat|copy|elementwise_binary|elementwise_other|elementwise_unary|gemv|reduce,57
react_tool,plan,mir_operator:decode_layer03,1306,decode_layer03,,3,1139631,1097886,1208977,202114,278057,cudaLaunchKernel,attention|concat|copy|elementwise_binary|elementwise_other|elementwise_unary|gemv|reduce,57
react_tool,plan,mir_operator:decode_layer04,1307,decode_layer04,,3,1111972,1108867,1252579,277922,267867,cudaLaunchKernel,attention|concat|copy|elementwise_binary|elementwise_other|elementwise_unary|gemv|reduce,57
react_tool,plan,mir_operator:decode_layer05,1308,decode_layer05,,3,1102193,1086573,1203544,202208,265281,cudaLaunchKernel,attention|concat|copy|elementwise_binary|elementwise_other|elementwise_unary|gemv|reduce,57
react_tool,plan,mir_operator:decode_layer06,1309,decode_layer06,,3,1075050,1072688,1144851,203618,259383,cudaLaunchKernel,attention|concat|copy|elementwise_binary|elementwise_other|elementwise_unary|gemv|reduce,57
react_tool,plan,mir_operator:decode_layer07,1310,decode_layer07,,3,1075657,1075073,1100611,203330,263277,cudaLaunchKernel,attention|concat|copy|elementwise_binary|elementwise_other|elementwise_unary|gemv|reduce,57
react_tool,plan,mir_operator:decode_layer08,1311,decode_layer08,,3,1060888,1060611,1110184,202561,258475,cudaLaunchKernel,attention|concat|copy|elementwise_binary|elementwise_other|elementwise_unary|gemv|reduce,57
react_tool,plan,mir_operator:decode_layer09,1312,decode_layer09,,3,1086083,1053011,1132305,202882,263167,cudaLaunchKernel,attention|concat|copy|elementwise_binary|elementwise_other|elementwise_unary|gemv|reduce,57
react_tool,plan,mir_operator:decode_layer10,1313,decode_layer10,,3,1101389,1089097,1104808,202370,268928,cudaLaunchKernel,attention|concat|copy|elementwise_binary|elementwise_other|elementwise_unary|gemv|reduce,57
react_tool,plan,mir_operator:decode_layer11,1314,decode_layer11,,3,1098431,1039569,1144938,202691,261524,cudaLaunchKernel,attention|concat|copy|elementwise_binary|elementwise_other|elementwise_unary|gemv|reduce,57
react_tool,plan,mir_operator:decode_layer12,1315,decode_layer12,,3,1109559,1047609,1185411,203073,266390,cudaLaunchKernel,attention|concat|copy|elementwise_binary|elementwise_other|elementwise_unary|gemv|reduce,57
react_tool,plan,mir_operator:decode_layer13,1316,decode_layer13,,3,1099113,1041201,1166170,202850,264058,cudaLaunchKernel,attention|concat|copy|elementwise_binary|elementwise_other|elementwise_unary|gemv|reduce,57
react_tool,plan,mir_operator:decode_layer14,1317,decode_layer14,,3,1092407,1053138,1158436,203042,266309,cudaLaunchKernel,attention|concat|copy|elementwise_binary|elementwise_other|elementwise_unary|gemv|reduce,57
react_tool,plan,mir_operator:decode_layer15,1318,decode_layer15,,3,1079713,1046985,1165545,202369,259254,cudaLaunchKernel,attention|concat|copy|elementwise_binary|elementwise_other|elementwise_unary|gemv|reduce,57
react_tool,plan,mir_operator:decode_layer16,1319,decode_layer16,,3,1087403,1044763,1171709,202944,262888,cudaLaunchKernel,attention|concat|copy|elementwise_binary|elementwise_other|elementwise_unary|gemv|reduce,57
react_tool,plan,mir_operator:decode_layer17,1320,decode_layer17,,3,1078919,1046050,1172294,203299,262029,cudaLaunchKernel,attention|concat|copy|elementwise_binary|elementwise_other|elementwise_unary|gemv|reduce,57
react_tool,plan,mir_operator:decode_layer18,1321,decode_layer18,,3,1075830,1040520,1163017,202369,263629,cudaLaunchKernel,attention|concat|copy|elementwise_binary|elementwise_other|elementwise_unary|gemv|reduce,57
react_tool,plan,mir_operator:decode_layer19,1322,decode_layer19,,3,1071895,1041576,1160747,202113,260019,cudaLaunchKernel,attention|concat|copy|elementwise_binary|elementwise_other|elementwise_unary|gemv|reduce,57
react_tool,plan,mir_operator:decode_layer20,1323,decode_layer20,,3,1143362,1054294,1201927,202976,273219,cudaLaunchKernel,attention|concat|copy|elementwise_binary|elementwise_other|elementwise_unary|gemv|reduce,57
react_tool,plan,mir_operator:decode_layer21,1324,decode_layer21,,3,1160300,1047723,1238520,203042,284433,cudaLaunchKernel,attention|concat|copy|elementwise_binary|elementwise_other|elementwise_unary|gemv|reduce,57
react_tool,plan,mir_operator:decode_layer22,1325,decode_layer22,,3,1166262,1092382,1208616,202753,282428,cudaLaunchKernel,attention|concat|copy|elementwise_binary|elementwise_other|elementwise_unary|gemv|reduce,57
react_tool,plan,mir_operator:decode_layer23,1326,decode_layer23,,3,1192952,1170601,1197548,203297,281943,cudaLaunchKernel,attention|concat|copy|elementwise_binary|elementwise_other|elementwise_unary|gemv|reduce,57
react_tool,plan,mir_operator:decode_layer24,1327,decode_layer24,,3,1190887,1165005,1193748,202241,283133,cudaLaunchKernel,attention|concat|copy|elementwise_binary|elementwise_other|elementwise_unary|gemv|reduce,57
react_tool,plan,mir_operator:decode_layer25,1328,decode_layer25,,3,1190396,1139342,1192047,202402,283772,cudaLaunchKernel,attention|concat|copy|elementwise_binary|elementwise_other|elementwise_unary|gemv|reduce,57
react_tool,plan,mir_operator:decode_layer26,1329,decode_layer26,,3,1206624,1091654,1221646,202402,282800,cudaLaunchKernel,attention|concat|copy|elementwise_binary|elementwise_other|elementwise_unary|gemv|reduce,57
react_tool,plan,mir_operator:decode_layer27,1330,decode_layer27,,3,1200780,1056247,1207748,202689,282303,cudaLaunchKernel,attention|concat|copy|elementwise_binary|elementwise_other|elementwise_unary|gemv|reduce,57
react_tool,plan,mir_operator:decode_head,1331,decode_head,,3,226064,199336,228799,661252,46008,cudaLaunchKernel,copy|elementwise_binary|elementwise_unary|gemv|reduce,9
react_tool,plan,mir_operator:decode_sample,1332,decode_sample,,3,619684,618992,624975,7072,578500,cudaStreamSynchronize,memcpy|memset|reduce,1
react_tool,plan,mir_operator:decode_embed,1333,decode_embed,,3,45433,41976,49659,1920,11523,cudaLaunchKernel,other,1
react_tool,plan,mir_operator:decode_layer00,1334,decode_layer00,,3,1273362,1117790,1275545,202978,290076,cudaLaunchKernel,attention|concat|copy|elementwise_binary|elementwise_other|elementwise_unary|gemv|reduce,57
react_tool,plan,mir_operator:decode_layer01,1335,decode_layer01,,3,1125247,1060892,1201956,202592,269830,cudaLaunchKernel,attention|concat|copy|elementwise_binary|elementwise_other|elementwise_unary|gemv|reduce,57
react_tool,plan,mir_operator:decode_layer02,1336,decode_layer02,,3,1103768,1053380,1119338,202529,263165,cudaLaunchKernel,attention|concat|copy|elementwise_binary|elementwise_other|elementwise_unary|gemv|reduce,57
react_tool,plan,mir_operator:decode_layer03,1337,decode_layer03,,3,1103815,1049817,1105880,202656,267351,cudaLaunchKernel,attention|concat|copy|elementwise_binary|elementwise_other|elementwise_unary|gemv|reduce,57
react_tool,plan,mir_operator:decode_layer04,1338,decode_layer04,,3,1075427,1046596,1104615,202401,260601,cudaLaunchKernel,attention|concat|copy|elementwise_binary|elementwise_other|elementwise_unary|gemv|reduce,57
react_tool,plan,mir_operator:decode_layer05,1339,decode_layer05,,3,1067899,1049124,1118070,202914,260434,cudaLaunchKernel,attention|concat|copy|elementwise_binary|elementwise_other|elementwise_unary|gemv|reduce,57
react_tool,plan,mir_operator:decode_layer06,1340,decode_layer06,,3,1069245,1041764,1122799,202433,265268,cudaLaunchKernel,attention|concat|copy|elementwise_binary|elementwise_other|elementwise_unary|gemv|reduce,57
react_tool,plan,mir_operator:decode_layer07,1341,decode_layer07,,3,1076610,1057088,1122729,202752,258809,cudaLaunchKernel,attention|concat|copy|elementwise_binary|elementwise_other|elementwise_unary|gemv|reduce,57
react_tool,plan,mir_operator:decode_layer08,1342,decode_layer08,,3,1110371,1106370,1126205,202850,270278,cudaLaunchKernel,attention|concat|copy|elementwise_binary|elementwise_other|elementwise_unary|gemv|reduce,57
react_tool,plan,mir_operator:decode_layer09,1343,decode_layer09,,3,1102610,1060891,1200112,202624,262262,cudaLaunchKernel,attention|concat|copy|elementwise_binary|elementwise_other|elementwise_unary|gemv|reduce,57
react_tool,plan,mir_operator:decode_layer10,1344,decode_layer10,,3,1103724,1056883,1167800,202465,262565,cudaLaunchKernel,attention|concat|copy|elementwise_binary|elementwise_other|elementwise_unary|gemv|reduce,57
react_tool,plan,mir_operator:decode_layer11,1345,decode_layer11,,3,1102161,1056081,1172155,201664,264717,cudaLaunchKernel,attention|concat|copy|elementwise_binary|elementwise_other|elementwise_unary|gemv|reduce,57
react_tool,plan,mir_operator:decode_layer12,1346,decode_layer12,,3,1102992,1060787,1163257,204192,263879,cudaLaunchKernel,attention|concat|copy|elementwise_binary|elementwise_other|elementwise_unary|gemv|reduce,57
react_tool,plan,mir_operator:decode_layer13,1347,decode_layer13,,3,1159350,1054468,1200176,203041,280176,cudaLaunchKernel,attention|concat|copy|elementwise_binary|elementwise_other|elementwise_unary|gemv|reduce,57
react_tool,plan,mir_operator:decode_layer14,1348,decode_layer14,,3,1196269,1049616,1218748,202945,291309,cudaLaunchKernel,attention|concat|copy|elementwise_binary|elementwise_other|elementwise_unary|gemv|reduce,57
react_tool,plan,mir_operator:decode_layer15,1349,decode_layer15,,3,1212299,1054108,1243086,202241,292323,cudaLaunchKernel,attention|concat|copy|elementwise_binary|elementwise_other|elementwise_unary|gemv|reduce,57
react_tool,plan,mir_operator:decode_layer16,1350,decode_layer16,,3,1191955,1042492,1195058,202274,281017,cudaLaunchKernel,attention|concat|copy|elementwise_binary|elementwise_other|elementwise_unary|gemv|reduce,57
react_tool,plan,mir_operator:decode_layer17,1351,decode_layer17,,3,1181188,1046878,1221190,202690,281200,cudaLaunchKernel,attention|concat|copy|elementwise_binary|elementwise_other|elementwise_unary|gemv|reduce,57
react_tool,plan,mir_operator:decode_layer18,1352,decode_layer18,,3,1197109,1062921,1235261,274721,281695,cudaLaunchKernel,attention|concat|copy|elementwise_binary|elementwise_other|elementwise_unary|gemv|reduce,57
react_tool,plan,mir_operator:decode_layer19,1353,decode_layer19,,3,1199965,1047061,1206365,202465,289356,cudaLaunchKernel,attention|concat|copy|elementwise_binary|elementwise_other|elementwise_unary|gemv|reduce,57
react_tool,plan,mir_operator:decode_layer20,1354,decode_layer20,,3,1192033,1048046,1204440,202305,282550,cudaLaunchKernel,attention|concat|copy|elementwise_binary|elementwise_other|elementwise_unary|gemv|reduce,57
react_tool,plan,mir_operator:decode_layer21,1355,decode_layer21,,3,1158988,1048487,1195497,202785,276772,cudaLaunchKernel,attention|concat|copy|elementwise_binary|elementwise_other|elementwise_unary|gemv|reduce,57
react_tool,plan,mir_operator:decode_layer22,1356,decode_layer22,,3,1152103,1045044,1218833,202529,279669,cudaLaunchKernel,attention|concat|copy|elementwise_binary|elementwise_other|elementwise_unary|gemv|reduce,57
react_tool,plan,mir_operator:decode_layer23,1357,decode_layer23,,3,1174653,1061429,1196521,202752,281979,cudaLaunchKernel,attention|concat|copy|elementwise_binary|elementwise_other|elementwise_unary|gemv|reduce,57
react_tool,plan,mir_operator:decode_layer24,1358,decode_layer24,,3,1141877,1073354,1153532,203233,274678,cudaLaunchKernel,attention|concat|copy|elementwise_binary|elementwise_other|elementwise_unary|gemv|reduce,57
react_tool,plan,mir_operator:decode_layer25,1359,decode_layer25,,3,1122290,1111477,1165307,202689,277654,cudaLaunchKernel,attention|concat|copy|elementwise_binary|elementwise_other|elementwise_unary|gemv|reduce,57
react_tool,plan,mir_operator:decode_layer26,1360,decode_layer26,,3,1139938,1129030,1213884,202753,270924,cudaLaunchKernel,attention|concat|copy|elementwise_binary|elementwise_other|elementwise_unary|gemv|reduce,57
react_tool,plan,mir_operator:decode_layer27,1361,decode_layer27,,3,1196315,1119365,1214462,203105,287291,cudaLaunchKernel,attention|concat|copy|elementwise_binary|elementwise_other|elementwise_unary|gemv|reduce,57
react_tool,plan,mir_operator:decode_head,1362,decode_head,,3,227846,226082,228578,664196,46194,cudaLaunchKernel,copy|elementwise_binary|elementwise_unary|gemv|reduce,9
react_tool,plan,mir_operator:decode_sample,1363,decode_sample,,3,625953,621282,713068,7072,582444,cudaStreamSynchronize,memcpy|memset|reduce,1
react_tool,plan,mir_operator:decode_embed,1364,decode_embed,,3,48879,45086,59369,1856,11722,cudaLaunchKernel,other,1
react_tool,plan,mir_operator:decode_layer00,1365,decode_layer00,,3,1284981,1232369,1813962,203297,308365,cudaLaunchKernel,attention|concat|copy|elementwise_binary|elementwise_other|elementwise_unary|gemv|reduce,57
react_tool,plan,mir_operator:decode_layer01,1366,decode_layer01,,3,1227351,1189516,1229579,201473,289832,cudaLaunchKernel,attention|concat|copy|elementwise_binary|elementwise_other|elementwise_unary|gemv|reduce,57
react_tool,plan,mir_operator:decode_layer02,1367,decode_layer02,,3,1219632,1186096,1254805,202497,292226,cudaLaunchKernel,attention|concat|copy|elementwise_binary|elementwise_other|elementwise_unary|gemv|reduce,57
react_tool,plan,mir_operator:decode_layer03,1368,decode_layer03,,3,1216585,1216567,1225271,201697,294935,cudaLaunchKernel,attention|concat|copy|elementwise_binary|elementwise_other|elementwise_unary|gemv|reduce,57
react_tool,plan,mir_operator:decode_layer04,1369,decode_layer04,,3,1199910,1186523,1254866,202721,282172,cudaLaunchKernel,attention|concat|copy|elementwise_binary|elementwise_other|elementwise_unary|gemv|reduce,57
react_tool,plan,mir_operator:decode_layer05,1370,decode_layer05,,3,1203095,1198846,1223962,202081,286229,cudaLaunchKernel,attention|concat|copy|elementwise_binary|elementwise_other|elementwise_unary|gemv|reduce,57
react_tool,plan,mir_operator:decode_layer06,1371,decode_layer06,,3,1211869,1198259,1255560,203169,283264,cudaLaunchKernel,attention|concat|copy|elementwise_binary|elementwise_other|elementwise_unary|gemv|reduce,57
react_tool,plan,mir_operator:decode_layer07,1372,decode_layer07,,3,1198996,1177251,1227479,201569,286691,cudaLaunchKernel,attention|concat|copy|elementwise_binary|elementwise_other|elementwise_unary|gemv|reduce,57
react_tool,plan,mir_operator:decode_layer08,1373,decode_layer08,,3,1200415,1167046,1207985,202817,275851,cudaLaunchKernel,attention|concat|copy|elementwise_binary|elementwise_other|elementwise_unary|gemv|reduce,57
react_tool,plan,mir_operator:decode_layer09,1374,decode_layer09,,3,1197405,1133496,1218265,202817,289952,cudaLaunchKernel,attention|concat|copy|elementwise_binary|elementwise_other|elementwise_unary|gemv|reduce,57
react_tool,plan,mir_operator:decode_layer10,1375,decode_layer10,,3,1203351,1152097,1247164,202145,289025,cudaLaunchKernel,attention|concat|copy|elementwise_binary|elementwise_other|elementwise_unary|gemv|reduce,57
react_tool,plan,mir_operator:decode_layer11,1376,decode_layer11,,3,1194184,1126255,1200537,202401,284811,cudaLaunchKernel,attention|concat|copy|elementwise_binary|elementwise_other|elementwise_unary|gemv|reduce,57
react_tool,plan,mir_operator:decode_layer12,1377,decode_layer12,,3,1217207,1157535,1253476,202626,292794,cudaLaunchKernel,attention|concat|copy|elementwise_binary|elementwise_other|elementwise_unary|gemv|reduce,57
react_tool,plan,mir_operator:decode_layer13,1378,decode_layer13,,3,1205391,1200927,1205987,203137,283877,cudaLaunchKernel,attention|concat|copy|elementwise_binary|elementwise_other|elementwise_unary|gemv|reduce,57
react_tool,plan,mir_operator:decode_layer14,1379,decode_layer14,,3,1202129,1118697,1249854,202688,283224,cudaLaunchKernel,attention|concat|copy|elementwise_binary|elementwise_other|elementwise_unary|gemv|reduce,57
react_tool,plan,mir_operator:decode_layer15,1380,decode_layer15,,3,1128423,1084890,1198358,203298,265405,cudaLaunchKernel,attention|concat|copy|elementwise_binary|elementwise_other|elementwise_unary|gemv|reduce,57
react_tool,plan,mir_operator:decode_layer16,1381,decode_layer16,,3,1104683,1094377,1208563,202465,261439,cudaLaunchKernel,attention|concat|copy|elementwise_binary|elementwise_other|elementwise_unary|gemv|reduce,57
react_tool,plan,mir_operator:decode_layer17,1382,decode_layer17,,3,1173734,1082725,1196434,202721,269755,cudaLaunchKernel,attention|concat|copy|elementwise_binary|elementwise_other|elementwise_unary|gemv|reduce,57
react_tool,plan,mir_operator:decode_layer18,1383,decode_layer18,,3,1201314,1099274,1244203,201953,293791,cudaLaunchKernel,attention|concat|copy|elementwise_binary|elementwise_other|elementwise_unary|gemv|reduce,57
react_tool,plan,mir_operator:decode_layer19,1384,decode_layer19,,3,1203552,1081624,1211530,203074,284882,cudaLaunchKernel,attention|concat|copy|elementwise_binary|elementwise_other|elementwise_unary|gemv|reduce,57
react_tool,plan,mir_operator:decode_layer20,1385,decode_layer20,,3,1174551,1119265,1181869,202690,281140,cudaLaunchKernel,attention|concat|copy|elementwise_binary|elementwise_other|elementwise_unary|gemv|reduce,57
react_tool,plan,mir_operator:decode_layer21,1386,decode_layer21,,3,1171049,1105606,1179495,201760,272060,cudaLaunchKernel,attention|concat|copy|elementwise_binary|elementwise_other|elementwise_unary|gemv|reduce,57
react_tool,plan,mir_operator:decode_layer22,1387,decode_layer22,,3,1158067,1133208,1171035,202306,272888,cudaLaunchKernel,attention|concat|copy|elementwise_binary|elementwise_other|elementwise_unary|gemv|reduce,57
react_tool,plan,mir_operator:decode_layer23,1388,decode_layer23,,3,1169596,1109976,1187624,201921,276449,cudaLaunchKernel,attention|concat|copy|elementwise_binary|elementwise_other|elementwise_unary|gemv|reduce,57
react_tool,plan,mir_operator:decode_layer24,1389,decode_layer24,,3,1160146,1099488,1210640,202721,275609,cudaLaunchKernel,attention|concat|copy|elementwise_binary|elementwise_other|elementwise_unary|gemv|reduce,57
react_tool,plan,mir_operator:decode_layer25,1390,decode_layer25,,3,1123126,1105310,1203541,203201,272731,cudaLaunchKernel,attention|concat|copy|elementwise_binary|elementwise_other|elementwise_unary|gemv|reduce,57
react_tool,plan,mir_operator:decode_layer26,1391,decode_layer26,,3,1111537,1084833,1232617,203747,265261,cudaLaunchKernel,attention|concat|copy|elementwise_binary|elementwise_other|elementwise_unary|gemv|reduce,57
react_tool,plan,mir_operator:decode_layer27,1392,decode_layer27,,3,1111742,1101545,1210693,202432,267554,cudaLaunchKernel,attention|concat|copy|elementwise_binary|elementwise_other|elementwise_unary|gemv|reduce,57
react_tool,plan,mir_operator:decode_head,1393,decode_head,,3,219534,206892,247415,661379,42509,cudaLaunchKernel,copy|elementwise_binary|elementwise_unary|gemv|reduce,9
react_tool,plan,mir_operator:decode_sample,1394,decode_sample,,3,622422,615362,645018,7072,584597,cudaStreamSynchronize,memcpy|memset|reduce,1
react_tool,plan,mir_operator:decode_embed,1395,decode_embed,,3,51922,41609,60024,1856,10980,cudaLaunchKernel,other,1
react_tool,plan,mir_operator:decode_layer00,1396,decode_layer00,,3,1168970,1130715,1323450,203585,275576,cudaLaunchKernel,attention|concat|copy|elementwise_binary|elementwise_other|elementwise_unary|gemv|reduce,57
react_tool,plan,mir_operator:decode_layer01,1397,decode_layer01,,3,1107246,1106522,1232419,202624,275789,cudaLaunchKernel,attention|concat|copy|elementwise_binary|elementwise_other|elementwise_unary|gemv|reduce,57
react_tool,plan,mir_operator:decode_layer02,1398,decode_layer02,,3,1146419,1104466,1202352,202817,275197,cudaLaunchKernel,attention|concat|copy|elementwise_binary|elementwise_other|elementwise_unary|gemv|reduce,57
react_tool,plan,mir_operator:decode_layer03,1399,decode_layer03,,3,1131984,1087619,1187153,201697,269755,cudaLaunchKernel,attention|concat|copy|elementwise_binary|elementwise_other|elementwise_unary|gemv|reduce,57
react_tool,plan,mir_operator:decode_layer04,1400,decode_layer04,,3,1099548,1077121,1182316,202690,265498,cudaLaunchKernel,attention|concat|copy|elementwise_binary|elementwise_other|elementwise_unary|gemv|reduce,57
react_tool,plan,mir_operator:decode_layer05,1401,decode_layer05,,3,1185404,1055923,1376554,203072,279592,cudaLaunchKernel,attention|concat|copy|elementwise_binary|elementwise_other|elementwise_unary|gemv|reduce,57
react_tool,plan,mir_operator:decode_layer06,1402,decode_layer06,,3,1148529,1041872,1377509,202337,267332,cudaLaunchKernel,attention|concat|copy|elementwise_binary|elementwise_other|elementwise_unary|gemv|reduce,57
react_tool,plan,mir_operator:decode_layer07,1403,decode_layer07,,3,1084117,1046611,1225387,202465,262752,cudaLaunchKernel,attention|concat|copy|elementwise_binary|elementwise_other|elementwise_unary|gemv|reduce,57
react_tool,plan,mir_operator:decode_layer08,1404,decode_layer08,,3,1075483,1046869,1349554,202049,254665,cudaLaunchKernel,attention|concat|copy|elementwise_binary|elementwise_other|elementwise_unary|gemv|reduce,57
react_tool,plan,mir_operator:decode_layer09,1405,decode_layer09,,3,1274550,1087000,1303014,202434,295744,cudaLaunchKernel,attention|concat|copy|elementwise_binary|elementwise_other|elementwise_unary|gemv|reduce,57
react_tool,plan,mir_operator:decode_layer10,1406,decode_layer10,,3,1377408,1073437,1777901,202272,292529,cudaLaunchKernel,attention|concat|copy|elementwise_binary|elementwise_other|elementwise_unary|gemv|reduce,57
react_tool,plan,mir_operator:decode_layer11,1407,decode_layer11,,3,1112577,1107622,1290314,242305,271086,cudaLaunchKernel,attention|concat|copy|elementwise_binary|elementwise_other|elementwise_unary|gemv|reduce,57
react_tool,plan,mir_operator:decode_layer12,1408,decode_layer12,,3,1086838,1085463,1230462,204096,267677,cudaLaunchKernel,attention|concat|copy|elementwise_binary|elementwise_other|elementwise_unary|gemv|reduce,57
react_tool,plan,mir_operator:decode_layer13,1409,decode_layer13,,3,1082260,1076789,1269486,202433,262530,cudaLaunchKernel,attention|concat|copy|elementwise_binary|elementwise_other|elementwise_unary|gemv|reduce,57
react_tool,plan,mir_operator:decode_layer14,1410,decode_layer14,,3,1165576,1117039,1266467,203296,283145,cudaLaunchKernel,attention|concat|copy|elementwise_binary|elementwise_other|elementwise_unary|gemv|reduce,57
react_tool,plan,mir_operator:decode_layer15,1411,decode_layer15,,3,1192820,1121263,1226576,202656,290489,cudaLaunchKernel,attention|concat|copy|elementwise_binary|elementwise_other|elementwise_unary|gemv|reduce,57
react_tool,plan,mir_operator:decode_layer16,1412,decode_layer16,,3,1202354,1102346,1219304,202817,288496,cudaLaunchKernel,attention|concat|copy|elementwise_binary|elementwise_other|elementwise_unary|gemv|reduce,57
react_tool,plan,mir_operator:decode_layer17,1413,decode_layer17,,3,1208385,1069464,1233896,203456,287813,cudaLaunchKernel,attention|concat|copy|elementwise_binary|elementwise_other|elementwise_unary|gemv|reduce,57
react_tool,plan,mir_operator:decode_layer18,1414,decode_layer18,,3,1156525,1103321,1467080,202337,286242,cudaLaunchKernel,attention|concat|copy|elementwise_binary|elementwise_other|elementwise_unary|gemv|reduce,57
react_tool,plan,mir_operator:decode_layer19,1415,decode_layer19,,3,1182026,1155526,1595393,202752,287648,cudaLaunchKernel,attention|concat|copy|elementwise_binary|elementwise_other|elementwise_unary|gemv|reduce,57
react_tool,plan,mir_operator:decode_layer20,1416,decode_layer20,,3,1200244,1190549,1209831,202593,283646,cudaLaunchKernel,attention|concat|copy|elementwise_binary|elementwise_other|elementwise_unary|gemv|reduce,57
react_tool,plan,mir_operator:decode_layer21,1417,decode_layer21,,3,1190161,1175863,1191846,202593,281369,cudaLaunchKernel,attention|concat|copy|elementwise_binary|elementwise_other|elementwise_unary|gemv|reduce,57
react_tool,plan,mir_operator:decode_layer22,1418,decode_layer22,,3,1191227,1188659,1228494,208418,286612,cudaLaunchKernel,attention|concat|copy|elementwise_binary|elementwise_other|elementwise_unary|gemv|reduce,57
react_tool,plan,mir_operator:decode_layer23,1419,decode_layer23,,3,1221198,1190453,1239865,202881,287631,cudaLaunchKernel,attention|concat|copy|elementwise_binary|elementwise_other|elementwise_unary|gemv|reduce,57
react_tool,plan,mir_operator:decode_layer24,1420,decode_layer24,,3,1192389,1178713,1207215,202241,282239,cudaLaunchKernel,attention|concat|copy|elementwise_binary|elementwise_other|elementwise_unary|gemv|reduce,57
react_tool,plan,mir_operator:decode_layer25,1421,decode_layer25,,3,1195718,1164710,1199875,202688,281261,cudaLaunchKernel,attention|concat|copy|elementwise_binary|elementwise_other|elementwise_unary|gemv|reduce,57
react_tool,plan,mir_operator:decode_layer26,1422,decode_layer26,,3,1158515,1158386,1193714,203648,279576,cudaLaunchKernel,attention|concat|copy|elementwise_binary|elementwise_other|elementwise_unary|gemv|reduce,57
react_tool,plan,mir_operator:decode_layer27,1423,decode_layer27,,3,1160828,1113208,1179706,202848,284513,cudaLaunchKernel,attention|concat|copy|elementwise_binary|elementwise_other|elementwise_unary|gemv|reduce,57
react_tool,plan,mir_operator:decode_head,1424,decode_head,,3,227759,218525,247227,663460,44894,cudaLaunchKernel,copy|elementwise_binary|elementwise_unary|gemv|reduce,9
react_tool,plan,mir_operator:decode_sample,1425,decode_sample,,3,625514,610448,631693,7072,586513,cudaStreamSynchronize,memcpy|memset|reduce,1
react_tool,plan,mir_operator:decode_embed,1426,decode_embed,,3,46441,46375,62193,1888,11796,cudaLaunchKernel,other,1
react_tool,plan,mir_operator:decode_layer00,1427,decode_layer00,,3,1233676,1212652,1250106,202689,287014,cudaLaunchKernel,attention|concat|copy|elementwise_binary|elementwise_other|elementwise_unary|gemv|reduce,57
react_tool,plan,mir_operator:decode_layer01,1428,decode_layer01,,3,1146643,1142340,1177423,202817,271095,cudaLaunchKernel,attention|concat|copy|elementwise_binary|elementwise_other|elementwise_unary|gemv|reduce,57
react_tool,plan,mir_operator:decode_layer02,1429,decode_layer02,,3,1129556,1124434,1211825,203106,265941,cudaLaunchKernel,attention|concat|copy|elementwise_binary|elementwise_other|elementwise_unary|gemv|reduce,57
react_tool,plan,mir_operator:decode_layer03,1430,decode_layer03,,3,1118216,1097573,1206636,202400,268278,cudaLaunchKernel,attention|concat|copy|elementwise_binary|elementwise_other|elementwise_unary|gemv|reduce,57
react_tool,plan,mir_operator:decode_layer04,1431,decode_layer04,,3,1144365,1096207,1199344,202113,281290,cudaLaunchKernel,attention|concat|copy|elementwise_binary|elementwise_other|elementwise_unary|gemv|reduce,57
react_tool,plan,mir_operator:decode_layer05,1432,decode_layer05,,3,1193691,1102726,1219570,202368,280527,cudaLaunchKernel,attention|concat|copy|elementwise_binary|elementwise_other|elementwise_unary|gemv|reduce,57
react_tool,plan,mir_operator:decode_layer06,1433,decode_layer06,,3,1189688,1115162,1193522,203744,280303,cudaLaunchKernel,attention|concat|copy|elementwise_binary|elementwise_other|elementwise_unary|gemv|reduce,57
react_tool,plan,mir_operator:decode_layer07,1434,decode_layer07,,3,1165923,1098738,1195076,201954,279386,cudaLaunchKernel,attention|concat|copy|elementwise_binary|elementwise_other|elementwise_unary|gemv|reduce,57
react_tool,plan,mir_operator:decode_layer08,1435,decode_layer08,,3,1145439,1126873,1206337,203267,279014,cudaLaunchKernel,attention|concat|copy|elementwise_binary|elementwise_other|elementwise_unary|gemv|reduce,57
react_tool,plan,mir_operator:decode_layer09,1436,decode_layer09,,3,1161555,1098513,1202779,202018,282724,cudaLaunchKernel,attention|concat|copy|elementwise_binary|elementwise_other|elementwise_unary|gemv|reduce,57
react_tool,plan,mir_operator:decode_layer10,1437,decode_layer10,,3,1114122,1105444,1223069,202978,265874,cudaLaunchKernel,attention|concat|copy|elementwise_binary|elementwise_other|elementwise_unary|gemv|reduce,57
react_tool,plan,mir_operator:decode_layer11,1438,decode_layer11,,3,1172950,1082822,1228980,203009,279500,cudaLaunchKernel,attention|concat|copy|elementwise_binary|elementwise_other|elementwise_unary|gemv|reduce,57
react_tool,plan,mir_operator:decode_layer12,1439,decode_layer12,,3,1168717,1051902,1224107,202722,283904,cudaLaunchKernel,attention|concat|copy|elementwise_binary|elementwise_other|elementwise_unary|gemv|reduce,57
react_tool,plan,mir_operator:decode_layer13,1440,decode_layer13,,3,1201320,1035047,1234558,202752,289252,cudaLaunchKernel,attention|concat|copy|elementwise_binary|elementwise_other|elementwise_unary|gemv|reduce,57
react_tool,plan,mir_operator:decode_layer14,1441,decode_layer14,,3,1194233,1041784,1209105,202786,280414,cudaLaunchKernel,attention|concat|copy|elementwise_binary|elementwise_other|elementwise_unary|gemv|reduce,57
react_tool,plan,mir_operator:decode_layer15,1442,decode_layer15,,3,1123214,1068040,1206610,203009,266087,cudaLaunchKernel,attention|concat|copy|elementwise_binary|elementwise_other|elementwise_unary|gemv|reduce,57
react_tool,plan,mir_operator:decode_layer16,1443,decode_layer16,,3,1096594,1069974,1206396,202945,269484,cudaLaunchKernel,attention|concat|copy|elementwise_binary|elementwise_other|elementwise_unary|gemv|reduce,57
react_tool,plan,mir_operator:decode_layer17,1444,decode_layer17,,3,1150829,1098664,1240094,202880,268919,cudaLaunchKernel,attention|concat|copy|elementwise_binary|elementwise_other|elementwise_unary|gemv|reduce,57
react_tool,plan,mir_operator:decode_layer18,1445,decode_layer18,,3,1136017,1063393,1225157,203394,273653,cudaLaunchKernel,attention|concat|copy|elementwise_binary|elementwise_other|elementwise_unary|gemv|reduce,57
react_tool,plan,mir_operator:decode_layer19,1446,decode_layer19,,3,1128699,1064804,1210429,202722,271251,cudaLaunchKernel,attention|concat|copy|elementwise_binary|elementwise_other|elementwise_unary|gemv|reduce,57
react_tool,plan,mir_operator:decode_layer20,1447,decode_layer20,,3,1146209,1093673,1212192,202754,282546,cudaLaunchKernel,attention|concat|copy|elementwise_binary|elementwise_other|elementwise_unary|gemv|reduce,57
react_tool,plan,mir_operator:decode_layer21,1448,decode_layer21,,3,1196202,1076671,1233155,202498,292181,cudaLaunchKernel,attention|concat|copy|elementwise_binary|elementwise_other|elementwise_unary|gemv|reduce,57
react_tool,plan,mir_operator:decode_layer22,1449,decode_layer22,,3,1178451,1076105,1193340,203297,285877,cudaLaunchKernel,attention|concat|copy|elementwise_binary|elementwise_other|elementwise_unary|gemv|reduce,57
react_tool,plan,mir_operator:decode_layer23,1450,decode_layer23,,3,1205716,1096547,1208047,202080,280804,cudaLaunchKernel,attention|concat|copy|elementwise_binary|elementwise_other|elementwise_unary|gemv|reduce,57
react_tool,plan,mir_operator:decode_layer24,1451,decode_layer24,,3,1203081,1102423,1225056,202625,280450,cudaLaunchKernel,attention|concat|copy|elementwise_binary|elementwise_other|elementwise_unary|gemv|reduce,57
react_tool,plan,mir_operator:decode_layer25,1452,decode_layer25,,3,1205282,1102026,1244186,202466,290642,cudaLaunchKernel,attention|concat|copy|elementwise_binary|elementwise_other|elementwise_unary|gemv|reduce,57
react_tool,plan,mir_operator:decode_layer26,1453,decode_layer26,,3,1194064,1113424,1302506,203299,276718,cudaLaunchKernel,attention|concat|copy|elementwise_binary|elementwise_other|elementwise_unary|gemv|reduce,57
react_tool,plan,mir_operator:decode_layer27,1454,decode_layer27,,3,1245105,1072848,1297547,202689,289155,cudaLaunchKernel,attention|concat|copy|elementwise_binary|elementwise_other|elementwise_unary|gemv|reduce,57
react_tool,plan,mir_operator:decode_head,1455,decode_head,,3,240168,199077,276336,661539,46554,cudaLaunchKernel,copy|elementwise_binary|elementwise_unary|gemv|reduce,9
react_tool,plan,mir_operator:decode_sample,1456,decode_sample,,3,630871,595067,732834,7136,596547,cudaStreamSynchronize,memcpy|memset|reduce,1
react_tool,plan,mir_operator:decode_embed,1457,decode_embed,,3,51994,43388,64554,1888,12840,cudaLaunchKernel,other,1
react_tool,plan,mir_operator:decode_layer00,1458,decode_layer00,,3,1262022,1129929,1544586,203586,301612,cudaLaunchKernel,attention|concat|copy|elementwise_binary|elementwise_other|elementwise_unary|gemv|reduce,57
react_tool,plan,mir_operator:decode_layer01,1459,decode_layer01,,3,1199370,1057800,1246340,202210,282862,cudaLaunchKernel,attention|concat|copy|elementwise_binary|elementwise_other|elementwise_unary|gemv|reduce,57
react_tool,plan,mir_operator:decode_layer02,1460,decode_layer02,,3,1204534,1049520,1246759,203105,286109,cudaLaunchKernel,attention|concat|copy|elementwise_binary|elementwise_other|elementwise_unary|gemv|reduce,57
react_tool,plan,mir_operator:decode_layer03,1461,decode_layer03,,3,1196137,1042890,1248190,202240,282147,cudaLaunchKernel,attention|concat|copy|elementwise_binary|elementwise_other|elementwise_unary|gemv|reduce,57
react_tool,plan,mir_operator:decode_layer04,1462,decode_layer04,,3,1200710,1051269,1258616,202371,287151,cudaLaunchKernel,attention|concat|copy|elementwise_binary|elementwise_other|elementwise_unary|gemv|reduce,57
react_tool,plan,mir_operator:decode_layer05,1463,decode_layer05,,3,1196947,1049802,1214683,202433,285045,cudaLaunchKernel,attention|concat|copy|elementwise_binary|elementwise_other|elementwise_unary|gemv|reduce,57
react_tool,plan,mir_operator:decode_layer06,1464,decode_layer06,,3,1222835,1086272,1235900,203394,284589,cudaLaunchKernel,attention|concat|copy|elementwise_binary|elementwise_other|elementwise_unary|gemv|reduce,57
react_tool,plan,mir_operator:decode_layer07,1465,decode_layer07,,3,1161160,1060202,1229917,202881,271520,cudaLaunchKernel,attention|concat|copy|elementwise_binary|elementwise_other|elementwise_unary|gemv|reduce,57
react_tool,plan,mir_operator:decode_layer08,1466,decode_layer08,,3,1163323,1052290,1241483,202305,272968,cudaLaunchKernel,attention|concat|copy|elementwise_binary|elementwise_other|elementwise_unary|gemv|reduce,57
react_tool,plan,mir_operator:decode_layer09,1467,decode_layer09,,3,1111391,1052813,1194034,202786,266996,cudaLaunchKernel,attention|concat|copy|elementwise_binary|elementwise_other|elementwise_unary|gemv|reduce,57
react_tool,plan,mir_operator:decode_layer10,1468,decode_layer10,,3,1102850,1039830,1210555,201825,262328,cudaLaunchKernel,attention|concat|copy|elementwise_binary|elementwise_other|elementwise_unary|gemv|reduce,57
react_tool,plan,mir_operator:decode_layer11,1469,decode_layer11,,3,1095996,1039072,1382612,202401,263649,cudaLaunchKernel,attention|concat|copy|elementwise_binary|elementwise_other|elementwise_unary|gemv|reduce,57
react_tool,plan,mir_operator:decode_layer12,1470,decode_layer12,,3,1096330,1064233,1379757,277120,261983,cudaLaunchKernel,attention|concat|copy|elementwise_binary|elementwise_other|elementwise_unary|gemv|reduce,57
react_tool,plan,mir_operator:decode_layer13,1471,decode_layer13,,3,1155593,1099731,1236001,202593,272325,cudaLaunchKernel,attention|concat|copy|elementwise_binary|elementwise_other|elementwise_unary|gemv|reduce,57
react_tool,plan,mir_operator:decode_layer14,1472,decode_layer14,,3,1160257,1080917,1311953,202881,279845,cudaLaunchKernel,attention|concat|copy|elementwise_binary|elementwise_other|elementwise_unary|gemv|reduce,57
react_tool,plan,mir_operator:decode_layer15,1473,decode_layer15,,3,1195550,1128555,1222185,202051,285168,cudaLaunchKernel,attention|concat|copy|elementwise_binary|elementwise_other|elementwise_unary|gemv|reduce,57
react_tool,plan,mir_operator:decode_layer16,1474,decode_layer16,,3,1174164,1099615,1211526,203328,282433,cudaLaunchKernel,attention|concat|copy|elementwise_binary|elementwise_other|elementwise_unary|gemv|reduce,57
react_tool,plan,mir_operator:decode_layer17,1475,decode_layer17,,3,1175040,1090678,1220408,203136,282942,cudaLaunchKernel,attention|concat|copy|elementwise_binary|elementwise_other|elementwise_unary|gemv|reduce,57
react_tool,plan,mir_operator:decode_layer18,1476,decode_layer18,,3,1200521,1106740,1205444,203234,280750,cudaLaunchKernel,attention|concat|copy|elementwise_binary|elementwise_other|elementwise_unary|gemv|reduce,57
react_tool,plan,mir_operator:decode_layer19,1477,decode_layer19,,3,1209707,1105933,1310878,202689,279541,cudaLaunchKernel,attention|concat|copy|elementwise_binary|elementwise_other|elementwise_unary|gemv|reduce,57
react_tool,plan,mir_operator:decode_layer20,1478,decode_layer20,,3,1223252,1108371,1391035,202529,281895,cudaLaunchKernel,attention|concat|copy|elementwise_binary|elementwise_other|elementwise_unary|gemv|reduce,57
react_tool,plan,mir_operator:decode_layer21,1479,decode_layer21,,3,1205180,1094097,1212152,202625,283599,cudaLaunchKernel,attention|concat|copy|elementwise_binary|elementwise_other|elementwise_unary|gemv|reduce,57
react_tool,plan,mir_operator:decode_layer22,1480,decode_layer22,,3,1218251,1100623,1218350,203138,281528,cudaLaunchKernel,attention|concat|copy|elementwise_binary|elementwise_other|elementwise_unary|gemv|reduce,57
react_tool,plan,mir_operator:decode_layer23,1481,decode_layer23,,3,1223233,1170620,1232687,202370,286608,cudaLaunchKernel,attention|concat|copy|elementwise_binary|elementwise_other|elementwise_unary|gemv|reduce,57
react_tool,plan,mir_operator:decode_layer24,1482,decode_layer24,,3,1198044,1186966,1215607,202304,290557,cudaLaunchKernel,attention|concat|copy|elementwise_binary|elementwise_other|elementwise_unary|gemv|reduce,57
react_tool,plan,mir_operator:decode_layer25,1483,decode_layer25,,3,1201597,1176023,1207846,202785,285733,cudaLaunchKernel,attention|concat|copy|elementwise_binary|elementwise_other|elementwise_unary|gemv|reduce,57
react_tool,plan,mir_operator:decode_layer26,1484,decode_layer26,,3,1203927,1167555,1212254,203296,282704,cudaLaunchKernel,attention|concat|copy|elementwise_binary|elementwise_other|elementwise_unary|gemv|reduce,57
react_tool,plan,mir_operator:decode_layer27,1485,decode_layer27,,3,1205607,1166382,1215082,202817,284956,cudaLaunchKernel,attention|concat|copy|elementwise_binary|elementwise_other|elementwise_unary|gemv|reduce,57
react_tool,plan,mir_operator:decode_head,1486,decode_head,,3,227999,226642,252293,663012,45723,cudaLaunchKernel,copy|elementwise_binary|elementwise_unary|gemv|reduce,9
react_tool,plan,mir_operator:decode_sample,1487,decode_sample,,3,617294,606255,619890,7072,570828,cudaStreamSynchronize,memcpy|memset|reduce,1
react_tool,plan,pre_d2h_alloc,,,,3,249403,212565,320371,736,25663,cudaMemcpyAsync,memcpy,0
react_tool,plan,d2h_stage,,,,3,136357,129275,139958,864,35570,cudaEventRecordWithFlags,memcpy,0
react_tool,plan,checksum_complete,,,,3,48317,46765,48827,0,3071,cudaEventDestroy,,0
react_tool,lookup,agent_tool_execute_cpu,,,,3,281698,259454,283262,0,0,,,0
react_tool,answer,adapter_dispatch,,,,3,3635,3405,4284,0,0,,,0
react_tool,answer,token_preprocess_cpu,,,,3,1158220,1156757,1172582,0,0,,,0
react_tool,answer,host_input_generate,,,,3,135349,134824,135389,0,6375,cudaEventQuery,,0
react_tool,answer,h2d_stage,,,,3,136077,128550,147256,416,44143,cudaEventRecordWithFlags,memcpy,0
react_tool,answer,weight_init,,,,3,194504,175984,230878,0,3143,cudaEventDestroy,,0
react_tool,answer,mir_operator:prefill_embed,0,prefill_embed,,3,101540,93204,108635,1792,17538,cudaLaunchKernel,other,1
react_tool,answer,inter_operator_dispatch,,,,5949,20386,17016,2626478,0,0,cudaLaunchKernel,concat|copy|elementwise_binary|elementwise_other|gemv,0.32
react_tool,answer,mir_operator:prefill_layer00,1,prefill_layer00,,3,1745217,1725869,1781362,368994,411036,cudaLaunchKernel,attention|concat|copy|elementwise_binary|elementwise_other|elementwise_unary|gemm|reduce,59
react_tool,answer,mir_operator:prefill_layer01,2,prefill_layer01,,3,1614658,1612756,1619857,344577,378051,cudaLaunchKernel,attention|concat|copy|elementwise_binary|elementwise_other|elementwise_unary|gemm|reduce,59
react_tool,answer,mir_operator:prefill_layer02,3,prefill_layer02,,3,1345208,1329839,1350281,344482,310159,cudaLaunchKernel,attention|concat|copy|elementwise_binary|elementwise_other|elementwise_unary|gemm|reduce,59
react_tool,answer,mir_operator:prefill_layer03,4,prefill_layer03,,3,1311318,1295911,1314117,342371,304407,cudaLaunchKernel,attention|concat|copy|elementwise_binary|elementwise_other|elementwise_unary|gemm|reduce,59
react_tool,answer,mir_operator:prefill_layer04,5,prefill_layer04,,3,1282529,1280562,1294917,345316,304886,cudaLaunchKernel,attention|concat|copy|elementwise_binary|elementwise_other|elementwise_unary|gemm|reduce,59
react_tool,answer,mir_operator:prefill_layer05,6,prefill_layer05,ve,3,1170779,1127635,1274829,342723,277700,cudaLaunchKernel,attention|concat|copy|elementwise_binary|elementwise_other|elementwise_unary|gemm|reduce,59
react_tool,answer,mir_operator:prefill_layer06,7,prefill_layer06,ve,3,1176957,1114494,1255952,352418,282382,cudaLaunchKernel,attention|concat|copy|elementwise_binary|elementwise_other|elementwise_unary|gemm|reduce,59
react_tool,answer,mir_operator:prefill_layer07,8,prefill_layer07,ve,3,1175289,1124935,1199836,358849,284032,cudaLaunchKernel,attention|concat|copy|elementwise_binary|elementwise_other|elementwise_unary|gemm|reduce,59
react_tool,answer,mir_operator:prefill_layer08,9,prefill_layer08,,3,1191682,1159448,1262827,343970,287845,cudaLaunchKernel,attention|concat|copy|elementwise_binary|elementwise_other|elementwise_unary|gemm|reduce,59
react_tool,answer,mir_operator:prefill_layer09,10,prefill_layer09,me,3,1183343,1129160,1264460,343969,289806,cudaLaunchKernel,attention|concat|copy|elementwise_binary|elementwise_other|elementwise_unary|gemm|reduce,59
react_tool,answer,mir_operator:prefill_layer10,11,prefill_layer10,me,3,1209372,1121032,1253066,346145,285403,cudaLaunchKernel,attention|concat|copy|elementwise_binary|elementwise_other|elementwise_unary|gemm|reduce,59
react_tool,answer,mir_operator:prefill_layer11,12,prefill_layer11,me,3,1218047,1212693,1294418,342915,291286,cudaLaunchKernel,attention|concat|copy|elementwise_binary|elementwise_other|elementwise_unary|gemm|reduce,59
react_tool,answer,mir_operator:prefill_layer12,13,prefill_layer12,de,3,1254692,1253645,1280184,346500,296563,cudaLaunchKernel,attention|concat|copy|elementwise_binary|elementwise_other|elementwise_unary|gemm|reduce,59
react_tool,answer,mir_operator:prefill_layer13,14,prefill_layer13,de,3,1245358,1242979,1280185,344419,294514,cudaLaunchKernel,attention|concat|copy|elementwise_binary|elementwise_other|elementwise_unary|gemm|reduce,59
react_tool,answer,mir_operator:prefill_layer14,15,prefill_layer14,,3,1242974,1209083,1277150,344034,294546,cudaLaunchKernel,attention|concat|copy|elementwise_binary|elementwise_other|elementwise_unary|gemm|reduce,59
react_tool,answer,mir_operator:prefill_layer15,16,prefill_layer15,,3,1270936,1260556,1361621,343362,294828,cudaLaunchKernel,attention|concat|copy|elementwise_binary|elementwise_other|elementwise_unary|gemm|reduce,59
react_tool,answer,mir_operator:prefill_layer16,17,prefill_layer16,,3,1270212,1189809,1316451,344449,297334,cudaLaunchKernel,attention|concat|copy|elementwise_binary|elementwise_other|elementwise_unary|gemm|reduce,59
react_tool,answer,mir_operator:prefill_layer17,18,prefill_layer17,,3,1216965,1183036,1291214,345793,287456,cudaLaunchKernel,attention|concat|copy|elementwise_binary|elementwise_other|elementwise_unary|gemm|reduce,59
react_tool,answer,mir_operator:prefill_layer18,19,prefill_layer18,,3,1268111,1202132,1270137,346625,284673,cudaLaunchKernel,attention|concat|copy|elementwise_binary|elementwise_other|elementwise_unary|gemm|reduce,59
react_tool,answer,mir_operator:prefill_layer19,20,prefill_layer19,,3,1219526,1186504,1265310,344353,285397,cudaLaunchKernel,attention|concat|copy|elementwise_binary|elementwise_other|elementwise_unary|gemm|reduce,59
react_tool,answer,mir_operator:prefill_layer20,21,prefill_layer20,,3,1244236,1168912,1276414,345506,291513,cudaLaunchKernel,attention|concat|copy|elementwise_binary|elementwise_other|elementwise_unary|gemm|reduce,59
react_tool,answer,mir_operator:prefill_layer21,22,prefill_layer21,,3,1243009,1159641,1286650,343810,296724,cudaLaunchKernel,attention|concat|copy|elementwise_binary|elementwise_other|elementwise_unary|gemm|reduce,59
react_tool,answer,mir_operator:prefill_layer22,23,prefill_layer22,,3,1254992,1164092,1302857,344611,292968,cudaLaunchKernel,attention|concat|copy|elementwise_binary|elementwise_other|elementwise_unary|gemm|reduce,59
react_tool,answer,mir_operator:prefill_layer23,24,prefill_layer23,,3,1186844,1150127,1330485,343330,282642,cudaLaunchKernel,attention|concat|copy|elementwise_binary|elementwise_other|elementwise_unary|gemm|reduce,59
react_tool,answer,mir_operator:prefill_layer24,25,prefill_layer24,,3,1267129,1183621,1306887,344161,299138,cudaLaunchKernel,attention|concat|copy|elementwise_binary|elementwise_other|elementwise_unary|gemm|reduce,59
react_tool,answer,mir_operator:prefill_layer25,26,prefill_layer25,,3,1245302,1182882,1307902,343363,288099,cudaLaunchKernel,attention|concat|copy|elementwise_binary|elementwise_other|elementwise_unary|gemm|reduce,59
react_tool,answer,mir_operator:prefill_layer26,27,prefill_layer26,,3,1242863,1234749,1315107,343297,292265,cudaLaunchKernel,attention|concat|copy|elementwise_binary|elementwise_other|elementwise_unary|gemm|reduce,59
react_tool,answer,mir_operator:prefill_layer27,28,prefill_layer27,,3,1234075,1205221,1291090,344321,297351,cudaLaunchKernel,attention|concat|copy|elementwise_binary|elementwise_other|elementwise_unary|gemm|reduce,59
react_tool,answer,mir_operator:prefill_head,29,prefill_head,,3,240711,239307,268029,1044486,48953,cudaLaunchKernel,copy|elementwise_binary|elementwise_unary|gemm|reduce,9
react_tool,answer,mir_operator:prefill_sample,30,prefill_sample,,3,992844,977212,1000163,8352,948406,cudaStreamSynchronize,memcpy|memset|reduce,1
react_tool,answer,mir_operator:decode_embed,31,decode_embed,,3,53108,48841,64043,1952,12405,cudaLaunchKernel,other,1
react_tool,answer,mir_operator:decode_layer00,32,decode_layer00,,3,1293629,1236704,1335391,208673,290694,cudaLaunchKernel,attention|concat|copy|elementwise_binary|elementwise_other|elementwise_unary|gemv|reduce,57
react_tool,answer,mir_operator:decode_layer01,33,decode_layer01,,3,1226205,1181160,1250619,205698,289358,cudaLaunchKernel,attention|concat|copy|elementwise_binary|elementwise_other|elementwise_unary|gemv|reduce,57
react_tool,answer,mir_operator:decode_layer02,34,decode_layer02,,3,1196345,1180294,1232267,204961,284638,cudaLaunchKernel,attention|concat|copy|elementwise_binary|elementwise_other|elementwise_unary|gemv|reduce,57
react_tool,answer,mir_operator:decode_layer03,35,decode_layer03,,3,1174582,1173485,1223304,204865,283580,cudaLaunchKernel,attention|concat|copy|elementwise_binary|elementwise_other|elementwise_unary|gemv|reduce,57
react_tool,answer,mir_operator:decode_layer04,36,decode_layer04,,3,1170975,1109967,1248515,205250,285638,cudaLaunchKernel,attention|concat|copy|elementwise_binary|elementwise_other|elementwise_unary|gemv|reduce,57
react_tool,answer,mir_operator:decode_layer05,37,decode_layer05,,3,1214795,1107933,1228796,204673,287990,cudaLaunchKernel,attention|concat|copy|elementwise_binary|elementwise_other|elementwise_unary|gemv|reduce,57
react_tool,answer,mir_operator:decode_layer06,38,decode_layer06,,3,1175616,1098719,1218154,204964,275878,cudaLaunchKernel,attention|concat|copy|elementwise_binary|elementwise_other|elementwise_unary|gemv|reduce,57
react_tool,answer,mir_operator:decode_layer07,39,decode_layer07,,3,1167690,1076942,1220119,203745,274074,cudaLaunchKernel,attention|concat|copy|elementwise_binary|elementwise_other|elementwise_unary|gemv|reduce,57
react_tool,answer,mir_operator:decode_layer08,40,decode_layer08,,3,1167734,1075324,1198716,205060,277793,cudaLaunchKernel,attention|concat|copy|elementwise_binary|elementwise_other|elementwise_unary|gemv|reduce,57
react_tool,answer,mir_operator:decode_layer09,41,decode_layer09,,3,1177004,1080984,1179202,204610,273312,cudaLaunchKernel,attention|concat|copy|elementwise_binary|elementwise_other|elementwise_unary|gemv|reduce,57
react_tool,answer,mir_operator:decode_layer10,42,decode_layer10,,3,1181806,1074364,1200311,204449,274987,cudaLaunchKernel,attention|concat|copy|elementwise_binary|elementwise_other|elementwise_unary|gemv|reduce,57
react_tool,answer,mir_operator:decode_layer11,43,decode_layer11,,3,1161734,1074432,1221592,204384,278525,cudaLaunchKernel,attention|concat|copy|elementwise_binary|elementwise_other|elementwise_unary|gemv|reduce,57
react_tool,answer,mir_operator:decode_layer12,44,decode_layer12,,3,1160212,1091129,1204150,204064,270078,cudaLaunchKernel,attention|concat|copy|elementwise_binary|elementwise_other|elementwise_unary|gemv|reduce,57
react_tool,answer,mir_operator:decode_layer13,45,decode_layer13,,3,1173828,1143799,1193876,204514,284789,cudaLaunchKernel,attention|concat|copy|elementwise_binary|elementwise_other|elementwise_unary|gemv|reduce,57
react_tool,answer,mir_operator:decode_layer14,46,decode_layer14,,3,1179840,1079592,1195060,205059,279993,cudaLaunchKernel,attention|concat|copy|elementwise_binary|elementwise_other|elementwise_unary|gemv|reduce,57
react_tool,answer,mir_operator:decode_layer15,47,decode_layer15,,3,1174199,1084888,1194423,204448,278012,cudaLaunchKernel,attention|concat|copy|elementwise_binary|elementwise_other|elementwise_unary|gemv|reduce,57
react_tool,answer,mir_operator:decode_layer16,48,decode_layer16,,3,1163683,1128403,1176468,204066,276582,cudaLaunchKernel,attention|concat|copy|elementwise_binary|elementwise_other|elementwise_unary|gemv|reduce,57
react_tool,answer,mir_operator:decode_layer17,49,decode_layer17,,3,1156342,1130816,1168293,204064,277641,cudaLaunchKernel,attention|concat|copy|elementwise_binary|elementwise_other|elementwise_unary|gemv|reduce,57
react_tool,answer,mir_operator:decode_layer18,50,decode_layer18,,3,1167925,1096809,1212983,204932,276027,cudaLaunchKernel,attention|concat|copy|elementwise_binary|elementwise_other|elementwise_unary|gemv|reduce,57
react_tool,answer,mir_operator:decode_layer19,51,decode_layer19,,3,1180760,1097413,1203972,203809,283284,cudaLaunchKernel,attention|concat|copy|elementwise_binary|elementwise_other|elementwise_unary|gemv|reduce,57
react_tool,answer,mir_operator:decode_layer20,52,decode_layer20,,3,1172508,1111634,1211814,203744,284440,cudaLaunchKernel,attention|concat|copy|elementwise_binary|elementwise_other|elementwise_unary|gemv|reduce,57
react_tool,answer,mir_operator:decode_layer21,53,decode_layer21,,3,1194427,1099204,1227775,203968,285021,cudaLaunchKernel,attention|concat|copy|elementwise_binary|elementwise_other|elementwise_unary|gemv|reduce,57
react_tool,answer,mir_operator:decode_layer22,54,decode_layer22,,3,1197079,1067434,1222352,204225,283648,cudaLaunchKernel,attention|concat|copy|elementwise_binary|elementwise_other|elementwise_unary|gemv|reduce,57
react_tool,answer,mir_operator:decode_layer23,55,decode_layer23,,3,1202007,1065671,1222789,204002,287537,cudaLaunchKernel,attention|concat|copy|elementwise_binary|elementwise_other|elementwise_unary|gemv|reduce,57
react_tool,answer,mir_operator:decode_layer24,56,decode_layer24,,3,1209733,1067441,1211495,204161,288694,cudaLaunchKernel,attention|concat|copy|elementwise_binary|elementwise_other|elementwise_unary|gemv|reduce,57
react_tool,answer,mir_operator:decode_layer25,57,decode_layer25,,3,1163259,1044493,1212801,203648,271922,cudaLaunchKernel,attention|concat|copy|elementwise_binary|elementwise_other|elementwise_unary|gemv|reduce,57
react_tool,answer,mir_operator:decode_layer26,58,decode_layer26,,3,1158064,1041608,1202688,204065,272751,cudaLaunchKernel,attention|concat|copy|elementwise_binary|elementwise_other|elementwise_unary|gemv|reduce,57
react_tool,answer,mir_operator:decode_layer27,59,decode_layer27,,3,1151079,1034766,1205460,203616,272689,cudaLaunchKernel,attention|concat|copy|elementwise_binary|elementwise_other|elementwise_unary|gemv|reduce,57
react_tool,answer,mir_operator:decode_head,60,decode_head,,3,219107,201283,229869,653636,42573,cudaLaunchKernel,copy|elementwise_binary|elementwise_unary|gemv|reduce,9
react_tool,answer,mir_operator:decode_sample,61,decode_sample,,3,609981,607593,620636,7232,566064,cudaStreamSynchronize,memcpy|memset|reduce,1
react_tool,answer,mir_operator:decode_embed,62,decode_embed,,3,49993,40114,55537,1888,11799,cudaLaunchKernel,other,1
react_tool,answer,mir_operator:decode_layer00,63,decode_layer00,,3,1214253,1081622,1226708,204418,281697,cudaLaunchKernel,attention|concat|copy|elementwise_binary|elementwise_other|elementwise_unary|gemv|reduce,57
react_tool,answer,mir_operator:decode_layer01,64,decode_layer01,,3,1198925,1051722,1221717,202340,281237,cudaLaunchKernel,attention|concat|copy|elementwise_binary|elementwise_other|elementwise_unary|gemv|reduce,57
react_tool,answer,mir_operator:decode_layer02,65,decode_layer02,,3,1174565,1044863,1214970,202850,278266,cudaLaunchKernel,attention|concat|copy|elementwise_binary|elementwise_other|elementwise_unary|gemv|reduce,57
react_tool,answer,mir_operator:decode_layer03,66,decode_layer03,,3,1167175,1045154,1207468,203328,278791,cudaLaunchKernel,attention|concat|copy|elementwise_binary|elementwise_other|elementwise_unary|gemv|reduce,57
react_tool,answer,mir_operator:decode_layer04,67,decode_layer04,,3,1207558,1042148,1211055,205026,283453,cudaLaunchKernel,attention|concat|copy|elementwise_binary|elementwise_other|elementwise_unary|gemv|reduce,57
react_tool,answer,mir_operator:decode_layer05,68,decode_layer05,,3,1222518,1144077,1521744,203809,292415,cudaLaunchKernel,attention|concat|copy|elementwise_binary|elementwise_other|elementwise_unary|gemv|reduce,57
react_tool,answer,mir_operator:decode_layer06,69,decode_layer06,,3,1204373,1150661,1376338,203554,284984,cudaLaunchKernel,attention|concat|copy|elementwise_binary|elementwise_other|elementwise_unary|gemv|reduce,57
react_tool,answer,mir_operator:decode_layer07,70,decode_layer07,,3,1218703,1156030,1224432,202497,282321,cudaLaunchKernel,attention|concat|copy|elementwise_binary|elementwise_other|elementwise_unary|gemv|reduce,57
react_tool,answer,mir_operator:decode_layer08,71,decode_layer08,,3,1214033,1172714,1228419,203265,279252,cudaLaunchKernel,attention|concat|copy|elementwise_binary|elementwise_other|elementwise_unary|gemv|reduce,57
react_tool,answer,mir_operator:decode_layer09,72,decode_layer09,,3,1175368,1145470,1203689,203425,279409,cudaLaunchKernel,attention|concat|copy|elementwise_binary|elementwise_other|elementwise_unary|gemv|reduce,57
react_tool,answer,mir_operator:decode_layer10,73,decode_layer10,,3,1177769,1047696,1202557,202241,278615,cudaLaunchKernel,attention|concat|copy|elementwise_binary|elementwise_other|elementwise_unary|gemv|reduce,57
react_tool,answer,mir_operator:decode_layer11,74,decode_layer11,,3,1164711,1065211,1195344,202432,281329,cudaLaunchKernel,attention|concat|copy|elementwise_binary|elementwise_other|elementwise_unary|gemv|reduce,57
react_tool,answer,mir_operator:decode_layer12,75,decode_layer12,,3,1192157,1105819,1193417,203616,282476,cudaLaunchKernel,attention|concat|copy|elementwise_binary|elementwise_other|elementwise_unary|gemv|reduce,57
react_tool,answer,mir_operator:decode_layer13,76,decode_layer13,,3,1191071,1164574,1201426,203936,281210,cudaLaunchKernel,attention|concat|copy|elementwise_binary|elementwise_other|elementwise_unary|gemv|reduce,57
react_tool,answer,mir_operator:decode_layer14,77,decode_layer14,,3,1194105,1170127,1231993,202880,286176,cudaLaunchKernel,attention|concat|copy|elementwise_binary|elementwise_other|elementwise_unary|gemv|reduce,57
react_tool,answer,mir_operator:decode_layer15,78,decode_layer15,,3,1199553,1168135,1222516,203904,286077,cudaLaunchKernel,attention|concat|copy|elementwise_binary|elementwise_other|elementwise_unary|gemv|reduce,57
react_tool,answer,mir_operator:decode_layer16,79,decode_layer16,,3,1210259,1192732,1235616,202625,295024,cudaLaunchKernel,attention|concat|copy|elementwise_binary|elementwise_other|elementwise_unary|gemv|reduce,57
react_tool,answer,mir_operator:decode_layer17,80,decode_layer17,,3,1205516,1152448,1212739,203008,286531,cudaLaunchKernel,attention|concat|copy|elementwise_binary|elementwise_other|elementwise_unary|gemv|reduce,57
react_tool,answer,mir_operator:decode_layer18,81,decode_layer18,,3,1200211,1103917,1204588,203202,283853,cudaLaunchKernel,attention|concat|copy|elementwise_binary|elementwise_other|elementwise_unary|gemv|reduce,57
react_tool,answer,mir_operator:decode_layer19,82,decode_layer19,,3,1196673,1104118,1215259,203553,294342,cudaLaunchKernel,attention|concat|copy|elementwise_binary|elementwise_other|elementwise_unary|gemv|reduce,57
react_tool,answer,mir_operator:decode_layer20,83,decode_layer20,,3,1197498,1112328,1206994,202914,282868,cudaLaunchKernel,attention|concat|copy|elementwise_binary|elementwise_other|elementwise_unary|gemv|reduce,57
react_tool,answer,mir_operator:decode_layer21,84,decode_layer21,,3,1202625,1080009,1213070,202688,285424,cudaLaunchKernel,attention|concat|copy|elementwise_binary|elementwise_other|elementwise_unary|gemv|reduce,57
react_tool,answer,mir_operator:decode_layer22,85,decode_layer22,,3,1179462,1082222,1200265,202561,290563,cudaLaunchKernel,attention|concat|copy|elementwise_binary|elementwise_other|elementwise_unary|gemv|reduce,57
react_tool,answer,mir_operator:decode_layer23,86,decode_layer23,,3,1174037,1047762,1203730,203456,283507,cudaLaunchKernel,attention|concat|copy|elementwise_binary|elementwise_other|elementwise_unary|gemv|reduce,57
react_tool,answer,mir_operator:decode_layer24,87,decode_layer24,,3,1177468,1062594,1231385,203330,277220,cudaLaunchKernel,attention|concat|copy|elementwise_binary|elementwise_other|elementwise_unary|gemv|reduce,57
react_tool,answer,mir_operator:decode_layer25,88,decode_layer25,,3,1176113,1049239,1207800,202625,274145,cudaLaunchKernel,attention|concat|copy|elementwise_binary|elementwise_other|elementwise_unary|gemv|reduce,57
react_tool,answer,mir_operator:decode_layer26,89,decode_layer26,,3,1167120,1069259,1167253,203393,274203,cudaLaunchKernel,attention|concat|copy|elementwise_binary|elementwise_other|elementwise_unary|gemv|reduce,57
react_tool,answer,mir_operator:decode_layer27,90,decode_layer27,,3,1072231,1072079,1150109,201633,261168,cudaLaunchKernel,attention|concat|copy|elementwise_binary|elementwise_other|elementwise_unary|gemv|reduce,57
react_tool,answer,mir_operator:decode_head,91,decode_head,,3,203871,200922,237061,663652,41446,cudaLaunchKernel,copy|elementwise_binary|elementwise_unary|gemv|reduce,9
react_tool,answer,mir_operator:decode_sample,92,decode_sample,,3,624261,607228,635415,7136,574639,cudaStreamSynchronize,memcpy|memset|reduce,1
react_tool,answer,mir_operator:decode_embed,93,decode_embed,,3,49350,45154,62267,1920,10756,cudaLaunchKernel,other,1
react_tool,answer,mir_operator:decode_layer00,94,decode_layer00,,3,1154767,1144888,1259848,203392,275445,cudaLaunchKernel,attention|concat|copy|elementwise_binary|elementwise_other|elementwise_unary|gemv|reduce,57
react_tool,answer,mir_operator:decode_layer01,95,decode_layer01,,3,1112409,1097255,1213310,202593,268242,cudaLaunchKernel,attention|concat|copy|elementwise_binary|elementwise_other|elementwise_unary|gemv|reduce,57
react_tool,answer,mir_operator:decode_layer02,96,decode_layer02,,3,1122404,1087798,1199870,203969,265490,cudaLaunchKernel,attention|concat|copy|elementwise_binary|elementwise_other|elementwise_unary|gemv|reduce,57
react_tool,answer,mir_operator:decode_layer03,97,decode_layer03,,3,1120976,1083930,1179048,203041,269383,cudaLaunchKernel,attention|concat|copy|elementwise_binary|elementwise_other|elementwise_unary|gemv|reduce,57
react_tool,answer,mir_operator:decode_layer04,98,decode_layer04,,3,1195162,1085833,1206326,203681,287375,cudaLaunchKernel,attention|concat|copy|elementwise_binary|elementwise_other|elementwise_unary|gemv|reduce,57
react_tool,answer,mir_operator:decode_layer05,99,decode_layer05,,3,1173609,1094035,1207918,202081,287252,cudaLaunchKernel,attention|concat|copy|elementwise_binary|elementwise_other|elementwise_unary|gemv|reduce,57
react_tool,answer,mir_operator:decode_layer06,100,decode_layer06,,3,1131140,1082634,1221278,203203,270213,cudaLaunchKernel,attention|concat|copy|elementwise_binary|elementwise_other|elementwise_unary|gemv|reduce,57
react_tool,answer,mir_operator:decode_layer07,101,decode_layer07,,3,1105000,1070446,1226836,202560,266153,cudaLaunchKernel,attention|concat|copy|elementwise_binary|elementwise_other|elementwise_unary|gemv|reduce,57
react_tool,answer,mir_operator:decode_layer08,102,decode_layer08,,3,1184006,1071975,1405749,202821,277607,cudaLaunchKernel,attention|concat|copy|elementwise_binary|elementwise_other|elementwise_unary|gemv|reduce,57
react_tool,answer,mir_operator:decode_layer09,103,decode_layer09,,3,1168230,1074051,1366333,203104,276963,cudaLaunchKernel,attention|concat|copy|elementwise_binary|elementwise_other|elementwise_unary|gemv|reduce,57
react_tool,answer,mir_operator:decode_layer10,104,decode_layer10,,3,1082693,1074693,1220799,203137,262396,cudaLaunchKernel,attention|concat|copy|elementwise_binary|elementwise_other|elementwise_unary|gemv|reduce,57
react_tool,answer,mir_operator:decode_layer11,105,decode_layer11,,3,1082730,1075849,1204161,201922,256471,cudaLaunchKernel,attention|concat|copy|elementwise_binary|elementwise_other|elementwise_unary|gemv|reduce,57
react_tool,answer,mir_operator:decode_layer12,106,decode_layer12,,3,1118488,1093710,1197428,202593,265264,cudaLaunchKernel,attention|concat|copy|elementwise_binary|elementwise_other|elementwise_unary|gemv|reduce,57
react_tool,answer,mir_operator:decode_layer13,107,decode_layer13,,3,1152300,1086840,1172483,203010,278413,cudaLaunchKernel,attention|concat|copy|elementwise_binary|elementwise_other|elementwise_unary|gemv|reduce,57
react_tool,answer,mir_operator:decode_layer14,108,decode_layer14,,3,1121959,1077024,1193438,203008,277418,cudaLaunchKernel,attention|concat|copy|elementwise_binary|elementwise_other|elementwise_unary|gemv|reduce,57
react_tool,answer,mir_operator:decode_layer15,109,decode_layer15,,3,1197989,1106258,1203348,202852,274336,cudaLaunchKernel,attention|concat|copy|elementwise_binary|elementwise_other|elementwise_unary|gemv|reduce,57
react_tool,answer,mir_operator:decode_layer16,110,decode_layer16,,3,1176478,1094155,1196276,202976,275699,cudaLaunchKernel,attention|concat|copy|elementwise_binary|elementwise_other|elementwise_unary|gemv|reduce,57
react_tool,answer,mir_operator:decode_layer17,111,decode_layer17,,3,1174959,1059979,1190879,203681,273216,cudaLaunchKernel,attention|concat|copy|elementwise_binary|elementwise_other|elementwise_unary|gemv|reduce,57
react_tool,answer,mir_operator:decode_layer18,112,decode_layer18,,3,1167186,1049738,1197616,202785,272661,cudaLaunchKernel,attention|concat|copy|elementwise_binary|elementwise_other|elementwise_unary|gemv|reduce,57
react_tool,answer,mir_operator:decode_layer19,113,decode_layer19,,3,1209624,1052388,1711124,202817,279355,cudaLaunchKernel,attention|concat|copy|elementwise_binary|elementwise_other|elementwise_unary|gemv|reduce,57
react_tool,answer,mir_operator:decode_layer20,114,decode_layer20,,3,1167165,1046332,1304395,203362,273732,cudaLaunchKernel,attention|concat|copy|elementwise_binary|elementwise_other|elementwise_unary|gemv|reduce,57
react_tool,answer,mir_operator:decode_layer21,115,decode_layer21,,3,1079300,1052132,1257088,202691,259072,cudaLaunchKernel,attention|concat|copy|elementwise_binary|elementwise_other|elementwise_unary|gemv|reduce,57
react_tool,answer,mir_operator:decode_layer22,116,decode_layer22,,3,1145779,1102232,1219844,202881,271959,cudaLaunchKernel,attention|concat|copy|elementwise_binary|elementwise_other|elementwise_unary|gemv|reduce,57
react_tool,answer,mir_operator:decode_layer23,117,decode_layer23,,3,1112811,1080826,1210056,203042,267047,cudaLaunchKernel,attention|concat|copy|elementwise_binary|elementwise_other|elementwise_unary|gemv|reduce,57
react_tool,answer,mir_operator:decode_layer24,118,decode_layer24,,3,1082797,1063480,1216475,203041,267279,cudaLaunchKernel,attention|concat|copy|elementwise_binary|elementwise_other|elementwise_unary|gemv|reduce,57
react_tool,answer,mir_operator:decode_layer25,119,decode_layer25,,3,1074872,1069536,1235290,202881,261639,cudaLaunchKernel,attention|concat|copy|elementwise_binary|elementwise_other|elementwise_unary|gemv|reduce,57
react_tool,answer,mir_operator:decode_layer26,120,decode_layer26,,3,1080999,1070465,1213424,203041,259760,cudaLaunchKernel,attention|concat|copy|elementwise_binary|elementwise_other|elementwise_unary|gemv|reduce,57
react_tool,answer,mir_operator:decode_layer27,121,decode_layer27,,3,1112992,1102562,1228627,202977,275759,cudaLaunchKernel,attention|concat|copy|elementwise_binary|elementwise_other|elementwise_unary|gemv|reduce,57
react_tool,answer,mir_operator:decode_head,122,decode_head,,3,223716,213765,258230,663299,45495,cudaLaunchKernel,copy|elementwise_binary|elementwise_unary|gemv|reduce,9
react_tool,answer,mir_operator:decode_sample,123,decode_sample,,3,617557,614150,626755,7072,581040,cudaStreamSynchronize,memcpy|memset|reduce,1
react_tool,answer,mir_operator:decode_embed,124,decode_embed,,3,48664,42103,69912,1888,12600,cudaLaunchKernel,other,1
react_tool,answer,mir_operator:decode_layer00,125,decode_layer00,,3,1252302,1189885,1272091,203009,293804,cudaLaunchKernel,attention|concat|copy|elementwise_binary|elementwise_other|elementwise_unary|gemv|reduce,57
react_tool,answer,mir_operator:decode_layer01,126,decode_layer01,,3,1232733,1122588,1240829,203235,285380,cudaLaunchKernel,attention|concat|copy|elementwise_binary|elementwise_other|elementwise_unary|gemv|reduce,57
react_tool,answer,mir_operator:decode_layer02,127,decode_layer02,,3,1223319,1175301,1227289,202818,283206,cudaLaunchKernel,attention|concat|copy|elementwise_binary|elementwise_other|elementwise_unary|gemv|reduce,57
react_tool,answer,mir_operator:decode_layer03,128,decode_layer03,,3,1205759,1191447,1214390,203138,282699,cudaLaunchKernel,attention|concat|copy|elementwise_binary|elementwise_other|elementwise_unary|gemv|reduce,57
react_tool,answer,mir_operator:decode_layer04,129,decode_layer04,,3,1212258,1197324,1239708,203202,286705,cudaLaunchKernel,attention|concat|copy|elementwise_binary|elementwise_other|elementwise_unary|gemv|reduce,57
react_tool,answer,mir_operator:decode_layer05,130,decode_layer05,,3,1208132,1207336,1261371,202753,293067,cudaLaunchKernel,attention|concat|copy|elementwise_binary|elementwise_other|elementwise_unary|gemv|reduce,57
react_tool,answer,mir_operator:decode_layer06,131,decode_layer06,,3,1199061,1195969,1209263,203202,284860,cudaLaunchKernel,attention|concat|copy|elementwise_binary|elementwise_other|elementwise_unary|gemv|reduce,57
react_tool,answer,mir_operator:decode_layer07,132,decode_layer07,,3,1198497,1193691,1207034,204643,293567,cudaLaunchKernel,attention|concat|copy|elementwise_binary|elementwise_other|elementwise_unary|gemv|reduce,57
react_tool,answer,mir_operator:decode_layer08,133,decode_layer08,,3,1264244,1173627,1313721,202944,298268,cudaLaunchKernel,attention|concat|copy|elementwise_binary|elementwise_other|elementwise_unary|gemv|reduce,57
react_tool,answer,mir_operator:decode_layer09,134,decode_layer09,,3,1210104,1195894,1226899,203137,289686,cudaLaunchKernel,attention|concat|copy|elementwise_binary|elementwise_other|elementwise_unary|gemv|reduce,57
react_tool,answer,mir_operator:decode_layer10,135,decode_layer10,,3,1200685,1180681,1211228,203553,283984,cudaLaunchKernel,attention|concat|copy|elementwise_binary|elementwise_other|elementwise_unary|gemv|reduce,57
react_tool,answer,mir_operator:decode_layer11,136,decode_layer11,,3,1210077,1106020,1227862,202977,283624,cudaLaunchKernel,attention|concat|copy|elementwise_binary|elementwise_other|elementwise_unary|gemv|reduce,57
react_tool,answer,mir_operator:decode_layer12,137,decode_layer12,,3,1206578,1112583,1266751,202561,283370,cudaLaunchKernel,attention|concat|copy|elementwise_binary|elementwise_other|elementwise_unary|gemv|reduce,57
react_tool,answer,mir_operator:decode_layer13,138,decode_layer13,,3,1214078,1089618,1219725,203104,284638,cudaLaunchKernel,attention|concat|copy|elementwise_binary|elementwise_other|elementwise_unary|gemv|reduce,57
react_tool,answer,mir_operator:decode_layer14,139,decode_layer14,,3,1196142,1105920,1205629,202307,284971,cudaLaunchKernel,attention|concat|copy|elementwise_binary|elementwise_other|elementwise_unary|gemv|reduce,57
react_tool,answer,mir_operator:decode_layer15,140,decode_layer15,,3,1165219,1096879,1202135,203617,276172,cudaLaunchKernel,attention|concat|copy|elementwise_binary|elementwise_other|elementwise_unary|gemv|reduce,57
react_tool,answer,mir_operator:decode_layer16,141,decode_layer16,,3,1120187,1107285,1167296,202721,269732,cudaLaunchKernel,attention|concat|copy|elementwise_binary|elementwise_other|elementwise_unary|gemv|reduce,57
react_tool,answer,mir_operator:decode_layer17,142,decode_layer17,,3,1168825,1090705,1189360,202946,279471,cudaLaunchKernel,attention|concat|copy|elementwise_binary|elementwise_other|elementwise_unary|gemv|reduce,57
react_tool,answer,mir_operator:decode_layer18,143,decode_layer18,,3,1112735,1112120,1222241,202241,266964,cudaLaunchKernel,attention|concat|copy|elementwise_binary|elementwise_other|elementwise_unary|gemv|reduce,57
react_tool,answer,mir_operator:decode_layer19,144,decode_layer19,,3,1112631,1072110,1199853,203520,266621,cudaLaunchKernel,attention|concat|copy|elementwise_binary|elementwise_other|elementwise_unary|gemv|reduce,57
react_tool,answer,mir_operator:decode_layer20,145,decode_layer20,,3,1075777,1070440,1228547,202241,261491,cudaLaunchKernel,attention|concat|copy|elementwise_binary|elementwise_other|elementwise_unary|gemv|reduce,57
react_tool,answer,mir_operator:decode_layer21,146,decode_layer21,,3,1074054,1073851,1251611,202401,265365,cudaLaunchKernel,attention|concat|copy|elementwise_binary|elementwise_other|elementwise_unary|gemv|reduce,57
react_tool,answer,mir_operator:decode_layer22,147,decode_layer22,,3,1082029,1075054,1214718,203072,261039,cudaLaunchKernel,attention|concat|copy|elementwise_binary|elementwise_other|elementwise_unary|gemv|reduce,57
react_tool,answer,mir_operator:decode_layer23,148,decode_layer23,,3,1078834,1075292,1209416,202978,268503,cudaLaunchKernel,attention|concat|copy|elementwise_binary|elementwise_other|elementwise_unary|gemv|reduce,57
react_tool,answer,mir_operator:decode_layer24,149,decode_layer24,,3,1087335,1072759,1313190,203202,262440,cudaLaunchKernel,attention|concat|copy|elementwise_binary|elementwise_other|elementwise_unary|gemv|reduce,57
react_tool,answer,mir_operator:decode_layer25,150,decode_layer25,,3,1091014,1045429,2392812,203073,267658,cudaLaunchKernel,attention|concat|copy|elementwise_binary|elementwise_other|elementwise_unary|gemv|reduce,57
react_tool,answer,mir_operator:decode_layer26,151,decode_layer26,,3,1106000,1044797,1236916,203170,261214,cudaLaunchKernel,attention|concat|copy|elementwise_binary|elementwise_other|elementwise_unary|gemv|reduce,57
react_tool,answer,mir_operator:decode_layer27,152,decode_layer27,,3,1105737,1059802,1208440,203009,259735,cudaLaunchKernel,attention|concat|copy|elementwise_binary|elementwise_other|elementwise_unary|gemv|reduce,57
react_tool,answer,mir_operator:decode_head,153,decode_head,,3,227787,209917,256709,663556,50505,cudaLaunchKernel,copy|elementwise_binary|elementwise_unary|gemv|reduce,9
react_tool,answer,mir_operator:decode_sample,154,decode_sample,,3,625277,600193,632959,7104,585448,cudaStreamSynchronize,memcpy|memset|reduce,1
react_tool,answer,mir_operator:decode_embed,155,decode_embed,,3,48417,44560,61658,1888,12184,cudaLaunchKernel,other,1
react_tool,answer,mir_operator:decode_layer00,156,decode_layer00,,3,1296063,1149655,1331090,204001,290828,cudaLaunchKernel,attention|concat|copy|elementwise_binary|elementwise_other|elementwise_unary|gemv|reduce,57
react_tool,answer,mir_operator:decode_layer01,157,decode_layer01,,3,1225385,1062038,1521115,202497,281340,cudaLaunchKernel,attention|concat|copy|elementwise_binary|elementwise_other|elementwise_unary|gemv|reduce,57
react_tool,answer,mir_operator:decode_layer02,158,decode_layer02,,3,1229175,1068877,1334683,202371,297764,cudaLaunchKernel,attention|concat|copy|elementwise_binary|elementwise_other|elementwise_unary|gemv|reduce,57
react_tool,answer,mir_operator:decode_layer03,159,decode_layer03,,3,1214663,1083614,1224995,202849,279702,cudaLaunchKernel,attention|concat|copy|elementwise_binary|elementwise_other|elementwise_unary|gemv|reduce,57
react_tool,answer,mir_operator:decode_layer04,160,decode_layer04,,3,1314816,1220923,1394973,202113,294441,cudaLaunchKernel,attention|concat|copy|elementwise_binary|elementwise_other|elementwise_unary|gemv|reduce,57
react_tool,answer,mir_operator:decode_layer05,161,decode_layer05,,3,1216422,1207118,1229659,202561,287777,cudaLaunchKernel,attention|concat|copy|elementwise_binary|elementwise_other|elementwise_unary|gemv|reduce,57
react_tool,answer,mir_operator:decode_layer06,162,decode_layer06,,3,1224109,1197625,1236366,204674,293592,cudaLaunchKernel,attention|concat|copy|elementwise_binary|elementwise_other|elementwise_unary|gemv|reduce,57
react_tool,answer,mir_operator:decode_layer07,163,decode_layer07,,3,1221318,1209052,1266043,202434,290699,cudaLaunchKernel,attention|concat|copy|elementwise_binary|elementwise_other|elementwise_unary|gemv|reduce,57
react_tool,answer,mir_operator:decode_layer08,164,decode_layer08,,3,1212729,1206263,1221282,202273,287438,cudaLaunchKernel,attention|concat|copy|elementwise_binary|elementwise_other|elementwise_unary|gemv|reduce,57
react_tool,answer,mir_operator:decode_layer09,165,decode_layer09,,3,1212949,1202932,1213230,203137,284346,cudaLaunchKernel,attention|concat|copy|elementwise_binary|elementwise_other|elementwise_unary|gemv|reduce,57
react_tool,answer,mir_operator:decode_layer10,166,decode_layer10,,3,1185875,1154442,1203120,203106,278408,cudaLaunchKernel,attention|concat|copy|elementwise_binary|elementwise_other|elementwise_unary|gemv|reduce,57
react_tool,answer,mir_operator:decode_layer11,167,decode_layer11,,3,1195184,1109016,1207938,203008,275218,cudaLaunchKernel,attention|concat|copy|elementwise_binary|elementwise_other|elementwise_unary|gemv|reduce,57
react_tool,answer,mir_operator:decode_layer12,168,decode_layer12,,3,1171747,1125181,1192743,203297,280668,cudaLaunchKernel,attention|concat|copy|elementwise_binary|elementwise_other|elementwise_unary|gemv|reduce,57
react_tool,answer,mir_operator:decode_layer13,169,decode_layer13,,3,1103298,1099741,1173055,202209,264391,cudaLaunchKernel,attention|concat|copy|elementwise_binary|elementwise_other|elementwise_unary|gemv|reduce,57
react_tool,answer,mir_operator:decode_layer14,170,decode_layer14,,3,1107571,1099554,1113589,202464,269281,cudaLaunchKernel,attention|concat|copy|elementwise_binary|elementwise_other|elementwise_unary|gemv|reduce,57
react_tool,answer,mir_operator:decode_layer15,171,decode_layer15,,3,1124974,1105244,1132171,202464,269028,cudaLaunchKernel,attention|concat|copy|elementwise_binary|elementwise_other|elementwise_unary|gemv|reduce,57
react_tool,answer,mir_operator:decode_layer16,172,decode_layer16,,3,1097031,1077153,1148620,202468,262665,cudaLaunchKernel,attention|concat|copy|elementwise_binary|elementwise_other|elementwise_unary|gemv|reduce,57
react_tool,answer,mir_operator:decode_layer17,173,decode_layer17,,3,1105176,1087363,1177196,203266,261638,cudaLaunchKernel,attention|concat|copy|elementwise_binary|elementwise_other|elementwise_unary|gemv|reduce,57
react_tool,answer,mir_operator:decode_layer18,174,decode_layer18,,3,1083575,1067949,1188412,203202,265749,cudaLaunchKernel,attention|concat|copy|elementwise_binary|elementwise_other|elementwise_unary|gemv|reduce,57
react_tool,answer,mir_operator:decode_layer19,175,decode_layer19,,3,1067181,1063790,1176774,202368,254922,cudaLaunchKernel,attention|concat|copy|elementwise_binary|elementwise_other|elementwise_unary|gemv|reduce,57
react_tool,answer,mir_operator:decode_layer20,176,decode_layer20,,3,1070940,1056546,1213346,203265,261885,cudaLaunchKernel,attention|concat|copy|elementwise_binary|elementwise_other|elementwise_unary|gemv|reduce,57
react_tool,answer,mir_operator:decode_layer21,177,decode_layer21,,3,1049174,1041823,1233154,203683,261608,cudaLaunchKernel,attention|concat|copy|elementwise_binary|elementwise_other|elementwise_unary|gemv|reduce,57
react_tool,answer,mir_operator:decode_layer22,178,decode_layer22,,3,1050253,1041252,1213893,201955,257719,cudaLaunchKernel,attention|concat|copy|elementwise_binary|elementwise_other|elementwise_unary|gemv|reduce,57
react_tool,answer,mir_operator:decode_layer23,179,decode_layer23,,3,1048081,1044731,1210768,203106,262957,cudaLaunchKernel,attention|concat|copy|elementwise_binary|elementwise_other|elementwise_unary|gemv|reduce,57
react_tool,answer,mir_operator:decode_layer24,180,decode_layer24,,3,1072453,1067911,1226436,202626,263308,cudaLaunchKernel,attention|concat|copy|elementwise_binary|elementwise_other|elementwise_unary|gemv|reduce,57
react_tool,answer,mir_operator:decode_layer25,181,decode_layer25,,3,1048321,1047890,1206744,202306,261779,cudaLaunchKernel,attention|concat|copy|elementwise_binary|elementwise_other|elementwise_unary|gemv|reduce,57
react_tool,answer,mir_operator:decode_layer26,182,decode_layer26,,3,1054531,1047212,1224049,203106,251477,cudaLaunchKernel,attention|concat|copy|elementwise_binary|elementwise_other|elementwise_unary|gemv|reduce,57
react_tool,answer,mir_operator:decode_layer27,183,decode_layer27,,3,1074152,1042472,1221425,203521,258965,cudaLaunchKernel,attention|concat|copy|elementwise_binary|elementwise_other|elementwise_unary|gemv|reduce,57
react_tool,answer,mir_operator:decode_head,184,decode_head,,3,205296,201473,246478,662884,43528,cudaLaunchKernel,copy|elementwise_binary|elementwise_unary|gemv|reduce,9
react_tool,answer,mir_operator:decode_sample,185,decode_sample,,3,627364,602013,630823,7104,588838,cudaStreamSynchronize,memcpy|memset|reduce,1
react_tool,answer,mir_operator:decode_embed,186,decode_embed,,3,47213,42700,59923,1888,12337,cudaLaunchKernel,other,1
react_tool,answer,mir_operator:decode_layer00,187,decode_layer00,,3,1149592,1143650,1285275,203201,265371,cudaLaunchKernel,attention|concat|copy|elementwise_binary|elementwise_other|elementwise_unary|gemv|reduce,57
react_tool,answer,mir_operator:decode_layer01,188,decode_layer01,,3,1101142,1088728,1219713,202689,270368,cudaLaunchKernel,attention|concat|copy|elementwise_binary|elementwise_other|elementwise_unary|gemv|reduce,57
react_tool,answer,mir_operator:decode_layer02,189,decode_layer02,,3,1086100,1082080,1144039,203009,262890,cudaLaunchKernel,attention|concat|copy|elementwise_binary|elementwise_other|elementwise_unary|gemv|reduce,57
react_tool,answer,mir_operator:decode_layer03,190,decode_layer03,,3,1097559,1096052,1102395,203872,264744,cudaLaunchKernel,attention|concat|copy|elementwise_binary|elementwise_other|elementwise_unary|gemv|reduce,57
react_tool,answer,mir_operator:decode_layer04,191,decode_layer04,,3,1158628,1066195,1188026,203585,280346,cudaLaunchKernel,attention|concat|copy|elementwise_binary|elementwise_other|elementwise_unary|gemv|reduce,57
react_tool,answer,mir_operator:decode_layer05,192,decode_layer05,,3,1110330,1081654,1220100,203425,268950,cudaLaunchKernel,attention|concat|copy|elementwise_binary|elementwise_other|elementwise_unary|gemv|reduce,57
react_tool,answer,mir_operator:decode_layer06,193,decode_layer06,,3,1157456,1066268,1205097,203521,269322,cudaLaunchKernel,attention|concat|copy|elementwise_binary|elementwise_other|elementwise_unary|gemv|reduce,57
react_tool,answer,mir_operator:decode_layer07,194,decode_layer07,,3,1199007,1060841,1217793,202625,285719,cudaLaunchKernel,attention|concat|copy|elementwise_binary|elementwise_other|elementwise_unary|gemv|reduce,57
react_tool,answer,mir_operator:decode_layer08,195,decode_layer08,,3,1202814,1072178,1203030,202242,279038,cudaLaunchKernel,attention|concat|copy|elementwise_binary|elementwise_other|elementwise_unary|gemv|reduce,57
react_tool,answer,mir_operator:decode_layer09,196,decode_layer09,,3,1207076,1055500,1211558,202305,279446,cudaLaunchKernel,attention|concat|copy|elementwise_binary|elementwise_other|elementwise_unary|gemv|reduce,57
react_tool,answer,mir_operator:decode_layer10,197,decode_layer10,,3,1198696,1066335,1201189,201889,281456,cudaLaunchKernel,attention|concat|copy|elementwise_binary|elementwise_other|elementwise_unary|gemv|reduce,57
react_tool,answer,mir_operator:decode_layer11,198,decode_layer11,,3,1211959,1081349,1214043,202689,288610,cudaLaunchKernel,attention|concat|copy|elementwise_binary|elementwise_other|elementwise_unary|gemv|reduce,57
react_tool,answer,mir_operator:decode_layer12,199,decode_layer12,,3,1217834,1088623,1227909,203617,285724,cudaLaunchKernel,attention|concat|copy|elementwise_binary|elementwise_other|elementwise_unary|gemv|reduce,57
react_tool,answer,mir_operator:decode_layer13,200,decode_layer13,,3,1203630,1088171,1203732,202881,281686,cudaLaunchKernel,attention|concat|copy|elementwise_binary|elementwise_other|elementwise_unary|gemv|reduce,57
react_tool,answer,mir_operator:decode_layer14,201,decode_layer14,,3,1209656,1083311,1214534,203201,286945,cudaLaunchKernel,attention|concat|copy|elementwise_binary|elementwise_other|elementwise_unary|gemv|reduce,57
react_tool,answer,mir_operator:decode_layer15,202,decode_layer15,,3,1209050,1055807,1214754,203105,284303,cudaLaunchKernel,attention|concat|copy|elementwise_binary|elementwise_other|elementwise_unary|gemv|reduce,57
react_tool,answer,mir_operator:decode_layer16,203,decode_layer16,,3,1217077,1081457,1233443,204769,282607,cudaLaunchKernel,attention|concat|copy|elementwise_binary|elementwise_other|elementwise_unary|gemv|reduce,57
react_tool,answer,mir_operator:decode_layer17,204,decode_layer17,,3,1184982,1090735,1199690,208482,277740,cudaLaunchKernel,attention|concat|copy|elementwise_binary|elementwise_other|elementwise_unary|gemv|reduce,57
react_tool,answer,mir_operator:decode_layer18,205,decode_layer18,,3,1199136,1131442,1201319,202690,279214,cudaLaunchKernel,attention|concat|copy|elementwise_binary|elementwise_other|elementwise_unary|gemv|reduce,57
react_tool,answer,mir_operator:decode_layer19,206,decode_layer19,,3,1202220,1093002,1211107,203073,287495,cudaLaunchKernel,attention|concat|copy|elementwise_binary|elementwise_other|elementwise_unary|gemv|reduce,57
react_tool,answer,mir_operator:decode_layer20,207,decode_layer20,,3,1215689,1081286,1240028,202819,289033,cudaLaunchKernel,attention|concat|copy|elementwise_binary|elementwise_other|elementwise_unary|gemv|reduce,57
react_tool,answer,mir_operator:decode_layer21,208,decode_layer21,,3,1199378,1084179,1215115,203488,284892,cudaLaunchKernel,attention|concat|copy|elementwise_binary|elementwise_other|elementwise_unary|gemv|reduce,57
react_tool,answer,mir_operator:decode_layer22,209,decode_layer22,,3,1195050,1098224,1209154,202818,284643,cudaLaunchKernel,attention|concat|copy|elementwise_binary|elementwise_other|elementwise_unary|gemv|reduce,57
react_tool,answer,mir_operator:decode_layer23,210,decode_layer23,,3,1136866,1093622,1210317,203329,274839,cudaLaunchKernel,attention|concat|copy|elementwise_binary|elementwise_other|elementwise_unary|gemv|reduce,57
react_tool,answer,mir_operator:decode_layer24,211,decode_layer24,,3,1099610,1074129,1196486,203264,265192,cudaLaunchKernel,attention|concat|copy|elementwise_binary|elementwise_other|elementwise_unary|gemv|reduce,57
react_tool,answer,mir_operator:decode_layer25,212,decode_layer25,,3,1107846,1045306,1169895,202850,275220,cudaLaunchKernel,attention|concat|copy|elementwise_binary|elementwise_other|elementwise_unary|gemv|reduce,57
react_tool,answer,mir_operator:decode_layer26,213,decode_layer26,,3,1138081,1048988,1148027,202242,270496,cudaLaunchKernel,attention|concat|copy|elementwise_binary|elementwise_other|elementwise_unary|gemv|reduce,57
react_tool,answer,mir_operator:decode_layer27,214,decode_layer27,,3,1141031,1072944,1160478,202882,266263,cudaLaunchKernel,attention|concat|copy|elementwise_binary|elementwise_other|elementwise_unary|gemv|reduce,57
react_tool,answer,mir_operator:decode_head,215,decode_head,,3,215468,211478,235706,661540,43038,cudaLaunchKernel,copy|elementwise_binary|elementwise_unary|gemv|reduce,9
react_tool,answer,mir_operator:decode_sample,216,decode_sample,,3,621992,610843,624191,7104,579247,cudaStreamSynchronize,memcpy|memset|reduce,1
react_tool,answer,mir_operator:decode_embed,217,decode_embed,,3,49548,47098,58482,1888,11982,cudaLaunchKernel,other,1
react_tool,answer,mir_operator:decode_layer00,218,decode_layer00,,3,1223616,1156507,1252418,204032,283553,cudaLaunchKernel,attention|concat|copy|elementwise_binary|elementwise_other|elementwise_unary|gemv|reduce,57
react_tool,answer,mir_operator:decode_layer01,219,decode_layer01,,3,1185323,1170471,1240825,203587,286516,cudaLaunchKernel,attention|concat|copy|elementwise_binary|elementwise_other|elementwise_unary|gemv|reduce,57
react_tool,answer,mir_operator:decode_layer02,220,decode_layer02,,3,1188997,1143777,1234090,202595,277905,cudaLaunchKernel,attention|concat|copy|elementwise_binary|elementwise_other|elementwise_unary|gemv|reduce,57
react_tool,answer,mir_operator:decode_layer03,221,decode_layer03,,3,1173119,1172054,1177795,203808,281510,cudaLaunchKernel,attention|concat|copy|elementwise_binary|elementwise_other|elementwise_unary|gemv|reduce,57
react_tool,answer,mir_operator:decode_layer04,222,decode_layer04,,3,1172383,1162708,1192090,204481,289145,cudaLaunchKernel,attention|concat|copy|elementwise_binary|elementwise_other|elementwise_unary|gemv|reduce,57
react_tool,answer,mir_operator:decode_layer05,223,decode_layer05,,3,1180197,1166560,1205390,203619,280758,cudaLaunchKernel,attention|concat|copy|elementwise_binary|elementwise_other|elementwise_unary|gemv|reduce,57
react_tool,answer,mir_operator:decode_layer06,224,decode_layer06,,3,1171295,1155397,1206841,203072,276167,cudaLaunchKernel,attention|concat|copy|elementwise_binary|elementwise_other|elementwise_unary|gemv|reduce,57
react_tool,answer,mir_operator:decode_layer07,225,decode_layer07,,3,1171511,1098893,1188987,203072,276295,cudaLaunchKernel,attention|concat|copy|elementwise_binary|elementwise_other|elementwise_unary|gemv|reduce,57
react_tool,answer,mir_operator:decode_layer08,226,decode_layer08,,3,1169666,1075179,1221218,203712,280946,cudaLaunchKernel,attention|concat|copy|elementwise_binary|elementwise_other|elementwise_unary|gemv|reduce,57
react_tool,answer,mir_operator:decode_layer09,227,decode_layer09,,3,1121383,1051419,1191030,202881,263328,cudaLaunchKernel,attention|concat|copy|elementwise_binary|elementwise_other|elementwise_unary|gemv|reduce,57
react_tool,answer,mir_operator:decode_layer10,228,decode_layer10,,3,1129343,1047946,1165361,202146,272515,cudaLaunchKernel,attention|concat|copy|elementwise_binary|elementwise_other|elementwise_unary|gemv|reduce,57
react_tool,answer,mir_operator:decode_layer11,229,decode_layer11,,3,1161060,1048942,1168931,201826,272521,cudaLaunchKernel,attention|concat|copy|elementwise_binary|elementwise_other|elementwise_unary|gemv|reduce,57
react_tool,answer,mir_operator:decode_layer12,230,decode_layer12,,3,1111991,1041803,1134198,203072,267837,cudaLaunchKernel,attention|concat|copy|elementwise_binary|elementwise_other|elementwise_unary|gemv|reduce,57
react_tool,answer,mir_operator:decode_layer13,231,decode_layer13,,3,1087459,1046190,1129495,202881,270420,cudaLaunchKernel,attention|concat|copy|elementwise_binary|elementwise_other|elementwise_unary|gemv|reduce,57
react_tool,answer,mir_operator:decode_layer14,232,decode_layer14,,3,1080789,1074017,1114965,203745,272446,cudaLaunchKernel,attention|concat|copy|elementwise_binary|elementwise_other|elementwise_unary|gemv|reduce,57
react_tool,answer,mir_operator:decode_layer15,233,decode_layer15,,3,1092004,1088954,1227267,203969,275622,cudaLaunchKernel,attention|concat|copy|elementwise_binary|elementwise_other|elementwise_unary|gemv|reduce,57
react_tool,answer,mir_operator:decode_layer16,234,decode_layer16,,3,1074189,1071775,1173612,203234,260652,cudaLaunchKernel,attention|concat|copy|elementwise_binary|elementwise_other|elementwise_unary|gemv|reduce,57
react_tool,answer,mir_operator:decode_layer17,235,decode_layer17,,3,1074167,1050237,1171692,286113,260194,cudaLaunchKernel,attention|concat|copy|elementwise_binary|elementwise_other|elementwise_unary|gemv|reduce,57
react_tool,answer,mir_operator:decode_layer18,236,decode_layer18,,3,1126460,1054686,1178165,202338,265338,cudaLaunchKernel,attention|concat|copy|elementwise_binary|elementwise_other|elementwise_unary|gemv|reduce,57
react_tool,answer,mir_operator:decode_layer19,237,decode_layer19,,3,1100634,1052123,1189425,202784,262661,cudaLaunchKernel,attention|concat|copy|elementwise_binary|elementwise_other|elementwise_unary|gemv|reduce,57
react_tool,answer,mir_operator:decode_layer20,238,decode_layer20,,3,1098539,1071138,1211785,203616,266746,cudaLaunchKernel,attention|concat|copy|elementwise_binary|elementwise_other|elementwise_unary|gemv|reduce,57
react_tool,answer,mir_operator:decode_layer21,239,decode_layer21,,3,1119260,1082284,1198297,202402,267513,cudaLaunchKernel,attention|concat|copy|elementwise_binary|elementwise_other|elementwise_unary|gemv|reduce,57
react_tool,answer,mir_operator:decode_layer22,240,decode_layer22,,3,1110953,1096581,1207200,202338,265432,cudaLaunchKernel,attention|concat|copy|elementwise_binary|elementwise_other|elementwise_unary|gemv|reduce,57
react_tool,answer,mir_operator:decode_layer23,241,decode_layer23,,3,1099641,1072869,1225346,203104,262274,cudaLaunchKernel,attention|concat|copy|elementwise_binary|elementwise_other|elementwise_unary|gemv|reduce,57
react_tool,answer,mir_operator:decode_layer24,242,decode_layer24,,3,1100120,1045506,1211180,202625,260685,cudaLaunchKernel,attention|concat|copy|elementwise_binary|elementwise_other|elementwise_unary|gemv|reduce,57
react_tool,answer,mir_operator:decode_layer25,243,decode_layer25,,3,1146628,1051142,1203713,202816,268409,cudaLaunchKernel,attention|concat|copy|elementwise_binary|elementwise_other|elementwise_unary|gemv|reduce,57
react_tool,answer,mir_operator:decode_layer26,244,decode_layer26,,3,1200945,1047319,1212784,202689,281894,cudaLaunchKernel,attention|concat|copy|elementwise_binary|elementwise_other|elementwise_unary|gemv|reduce,57
react_tool,answer,mir_operator:decode_layer27,245,decode_layer27,,3,1203070,1067766,1203427,202338,281788,cudaLaunchKernel,attention|concat|copy|elementwise_binary|elementwise_other|elementwise_unary|gemv|reduce,57
react_tool,answer,mir_operator:decode_head,246,decode_head,,3,241759,196295,247017,661732,49042,cudaLaunchKernel,copy|elementwise_binary|elementwise_unary|gemv|reduce,9
react_tool,answer,mir_operator:decode_sample,247,decode_sample,,3,616424,610754,633622,7264,572596,cudaStreamSynchronize,memcpy|memset|reduce,1
react_tool,answer,mir_operator:decode_embed,248,decode_embed,,3,54155,43405,58968,1856,12224,cudaLaunchKernel,other,1
react_tool,answer,mir_operator:decode_layer00,249,decode_layer00,,3,1182182,1120606,1243127,203073,269111,cudaLaunchKernel,attention|concat|copy|elementwise_binary|elementwise_other|elementwise_unary|gemv|reduce,57
react_tool,answer,mir_operator:decode_layer01,250,decode_layer01,,3,1102909,1062477,1210564,202368,261206,cudaLaunchKernel,attention|concat|copy|elementwise_binary|elementwise_other|elementwise_unary|gemv|reduce,57
react_tool,answer,mir_operator:decode_layer02,251,decode_layer02,,3,1116887,1071627,1220137,202562,261848,cudaLaunchKernel,attention|concat|copy|elementwise_binary|elementwise_other|elementwise_unary|gemv|reduce,57
react_tool,answer,mir_operator:decode_layer03,252,decode_layer03,,3,1172602,1091453,1209870,201697,283671,cudaLaunchKernel,attention|concat|copy|elementwise_binary|elementwise_other|elementwise_unary|gemv|reduce,57
react_tool,answer,mir_operator:decode_layer04,253,decode_layer04,,3,1167843,1103308,1225165,202177,276177,cudaLaunchKernel,attention|concat|copy|elementwise_binary|elementwise_other|elementwise_unary|gemv|reduce,57
react_tool,answer,mir_operator:decode_layer05,254,decode_layer05,,3,1115911,1086787,1161283,203489,270650,cudaLaunchKernel,attention|concat|copy|elementwise_binary|elementwise_other|elementwise_unary|gemv|reduce,57
react_tool,answer,mir_operator:decode_layer06,255,decode_layer06,,3,1152405,1083274,1211787,202625,279533,cudaLaunchKernel,attention|concat|copy|elementwise_binary|elementwise_other|elementwise_unary|gemv|reduce,57
react_tool,answer,mir_operator:decode_layer07,256,decode_layer07,,3,1171232,1108199,1186364,202369,282142,cudaLaunchKernel,attention|concat|copy|elementwise_binary|elementwise_other|elementwise_unary|gemv|reduce,57
react_tool,answer,mir_operator:decode_layer08,257,decode_layer08,,3,1173894,1153700,1194136,202307,271446,cudaLaunchKernel,attention|concat|copy|elementwise_binary|elementwise_other|elementwise_unary|gemv|reduce,57
react_tool,answer,mir_operator:decode_layer09,258,decode_layer09,,3,1163307,1158087,1164660,202530,276135,cudaLaunchKernel,attention|concat|copy|elementwise_binary|elementwise_other|elementwise_unary|gemv|reduce,57
react_tool,answer,mir_operator:decode_layer10,259,decode_layer10,,3,1165387,1127710,1179067,203394,279777,cudaLaunchKernel,attention|concat|copy|elementwise_binary|elementwise_other|elementwise_unary|gemv|reduce,57
react_tool,answer,mir_operator:decode_layer11,260,decode_layer11,,3,1127978,1098524,1193584,202498,268616,cudaLaunchKernel,attention|concat|copy|elementwise_binary|elementwise_other|elementwise_unary|gemv|reduce,57
react_tool,answer,mir_operator:decode_layer12,261,decode_layer12,,3,1103653,1101201,1169585,202305,265225,cudaLaunchKernel,attention|concat|copy|elementwise_binary|elementwise_other|elementwise_unary|gemv|reduce,57
react_tool,answer,mir_operator:decode_layer13,262,decode_layer13,,3,1135479,1087464,1155420,202082,275354,cudaLaunchKernel,attention|concat|copy|elementwise_binary|elementwise_other|elementwise_unary|gemv|reduce,57
react_tool,answer,mir_operator:decode_layer14,263,decode_layer14,,3,1106477,1073852,1161589,202016,269990,cudaLaunchKernel,attention|concat|copy|elementwise_binary|elementwise_other|elementwise_unary|gemv|reduce,57
react_tool,answer,mir_operator:decode_layer15,264,decode_layer15,,3,1074466,1073775,1162676,202306,257083,cudaLaunchKernel,attention|concat|copy|elementwise_binary|elementwise_other|elementwise_unary|gemv|reduce,57
react_tool,answer,mir_operator:decode_layer16,265,decode_layer16,,3,1054215,1052305,1172130,202337,256490,cudaLaunchKernel,attention|concat|copy|elementwise_binary|elementwise_other|elementwise_unary|gemv|reduce,57
react_tool,answer,mir_operator:decode_layer17,266,decode_layer17,,3,1044999,1036114,1159496,207266,250757,cudaLaunchKernel,attention|concat|copy|elementwise_binary|elementwise_other|elementwise_unary|gemv|reduce,57
react_tool,answer,mir_operator:decode_layer18,267,decode_layer18,,3,1050238,1045567,1471492,230850,256681,cudaLaunchKernel,attention|concat|copy|elementwise_binary|elementwise_other|elementwise_unary|gemv|reduce,57
react_tool,answer,mir_operator:decode_layer19,268,decode_layer19,,3,1043699,1040193,1235760,202947,254892,cudaLaunchKernel,attention|concat|copy|elementwise_binary|elementwise_other|elementwise_unary|gemv|reduce,57
react_tool,answer,mir_operator:decode_layer20,269,decode_layer20,,3,1056609,1045031,1204379,202401,253261,cudaLaunchKernel,attention|concat|copy|elementwise_binary|elementwise_other|elementwise_unary|gemv|reduce,57
react_tool,answer,mir_operator:decode_layer21,270,decode_layer21,,3,1041374,1035963,1206647,202209,258128,cudaLaunchKernel,attention|concat|copy|elementwise_binary|elementwise_other|elementwise_unary|gemv|reduce,57
react_tool,answer,mir_operator:decode_layer22,271,decode_layer22,,3,1064159,1047051,1201237,202530,257998,cudaLaunchKernel,attention|concat|copy|elementwise_binary|elementwise_other|elementwise_unary|gemv|reduce,57
react_tool,answer,mir_operator:decode_layer23,272,decode_layer23,,3,1053084,1041326,1197914,201952,253358,cudaLaunchKernel,attention|concat|copy|elementwise_binary|elementwise_other|elementwise_unary|gemv|reduce,57
react_tool,answer,mir_operator:decode_layer24,273,decode_layer24,,3,1046778,1045671,1212359,202817,254596,cudaLaunchKernel,attention|concat|copy|elementwise_binary|elementwise_other|elementwise_unary|gemv|reduce,57
react_tool,answer,mir_operator:decode_layer25,274,decode_layer25,,3,1089510,1062505,1199477,202146,265652,cudaLaunchKernel,attention|concat|copy|elementwise_binary|elementwise_other|elementwise_unary|gemv|reduce,57
react_tool,answer,mir_operator:decode_layer26,275,decode_layer26,,3,1102591,1035270,1201439,202498,262646,cudaLaunchKernel,attention|concat|copy|elementwise_binary|elementwise_other|elementwise_unary|gemv|reduce,57
react_tool,answer,mir_operator:decode_layer27,276,decode_layer27,,3,1097969,1045080,1227055,203969,263136,cudaLaunchKernel,attention|concat|copy|elementwise_binary|elementwise_other|elementwise_unary|gemv|reduce,57
react_tool,answer,mir_operator:decode_head,277,decode_head,,3,213160,212389,250356,661796,45134,cudaLaunchKernel,copy|elementwise_binary|elementwise_unary|gemv|reduce,9
react_tool,answer,mir_operator:decode_sample,278,decode_sample,,3,620354,616115,626825,7104,582080,cudaStreamSynchronize,memcpy|memset|reduce,1
react_tool,answer,mir_operator:decode_embed,279,decode_embed,,3,43964,40663,66846,1888,10740,cudaLaunchKernel,other,1
react_tool,answer,mir_operator:decode_layer00,280,decode_layer00,,3,1141992,1112050,1252894,202785,272627,cudaLaunchKernel,attention|concat|copy|elementwise_binary|elementwise_other|elementwise_unary|gemv|reduce,57
react_tool,answer,mir_operator:decode_layer01,281,decode_layer01,,3,1084425,1055719,1199161,201986,260427,cudaLaunchKernel,attention|concat|copy|elementwise_binary|elementwise_other|elementwise_unary|gemv|reduce,57
react_tool,answer,mir_operator:decode_layer02,282,decode_layer02,,3,1112523,1049217,1192684,202081,276555,cudaLaunchKernel,attention|concat|copy|elementwise_binary|elementwise_other|elementwise_unary|gemv|reduce,57
react_tool,answer,mir_operator:decode_layer03,283,decode_layer03,,3,1075273,1060564,1178029,261344,269455,cudaLaunchKernel,attention|concat|copy|elementwise_binary|elementwise_other|elementwise_unary|gemv|reduce,57
react_tool,answer,mir_operator:decode_layer04,284,decode_layer04,,3,1046402,1037686,1147916,202337,260840,cudaLaunchKernel,attention|concat|copy|elementwise_binary|elementwise_other|elementwise_unary|gemv|reduce,57
react_tool,answer,mir_operator:decode_layer05,285,decode_layer05,,3,1069954,1045019,1125728,202498,258169,cudaLaunchKernel,attention|concat|copy|elementwise_binary|elementwise_other|elementwise_unary|gemv|reduce,57
react_tool,answer,mir_operator:decode_layer06,286,decode_layer06,,3,1042749,1042545,1205208,203201,261050,cudaLaunchKernel,attention|concat|copy|elementwise_binary|elementwise_other|elementwise_unary|gemv|reduce,57
react_tool,answer,mir_operator:decode_layer07,287,decode_layer07,,3,1067782,1047536,1189909,202433,258540,cudaLaunchKernel,attention|concat|copy|elementwise_binary|elementwise_other|elementwise_unary|gemv|reduce,57
react_tool,answer,mir_operator:decode_layer08,288,decode_layer08,,3,1047244,1042557,1174684,202720,256207,cudaLaunchKernel,attention|concat|copy|elementwise_binary|elementwise_other|elementwise_unary|gemv|reduce,57
react_tool,answer,mir_operator:decode_layer09,289,decode_layer09,,3,1072972,1033191,1169244,201793,256026,cudaLaunchKernel,attention|concat|copy|elementwise_binary|elementwise_other|elementwise_unary|gemv|reduce,57
react_tool,answer,mir_operator:decode_layer10,290,decode_layer10,,3,1065018,1043492,1204269,201857,256610,cudaLaunchKernel,attention|concat|copy|elementwise_binary|elementwise_other|elementwise_unary|gemv|reduce,57
react_tool,answer,mir_operator:decode_layer11,291,decode_layer11,,3,1067222,1055959,1214285,203426,260719,cudaLaunchKernel,attention|concat|copy|elementwise_binary|elementwise_other|elementwise_unary|gemv|reduce,57
react_tool,answer,mir_operator:decode_layer12,292,decode_layer12,,3,1064878,1049351,1197402,202018,264678,cudaLaunchKernel,attention|concat|copy|elementwise_binary|elementwise_other|elementwise_unary|gemv|reduce,57
react_tool,answer,mir_operator:decode_layer13,293,decode_layer13,,3,1065529,1041696,1204488,202112,260330,cudaLaunchKernel,attention|concat|copy|elementwise_binary|elementwise_other|elementwise_unary|gemv|reduce,57
react_tool,answer,mir_operator:decode_layer14,294,decode_layer14,,3,1079426,1035571,1215082,202177,261852,cudaLaunchKernel,attention|concat|copy|elementwise_binary|elementwise_other|elementwise_unary|gemv|reduce,57
react_tool,answer,mir_operator:decode_layer15,295,decode_layer15,,3,1066181,1049192,1197305,203072,260411,cudaLaunchKernel,attention|concat|copy|elementwise_binary|elementwise_other|elementwise_unary|gemv|reduce,57
react_tool,answer,mir_operator:decode_layer16,296,decode_layer16,,3,1071969,1046671,1172353,202562,261086,cudaLaunchKernel,attention|concat|copy|elementwise_binary|elementwise_other|elementwise_unary|gemv|reduce,57
react_tool,answer,mir_operator:decode_layer17,297,decode_layer17,,3,1049272,1029668,1169993,201601,255021,cudaLaunchKernel,attention|concat|copy|elementwise_binary|elementwise_other|elementwise_unary|gemv|reduce,57
react_tool,answer,mir_operator:decode_layer18,298,decode_layer18,,3,1056955,1042296,1169505,290371,255895,cudaLaunchKernel,attention|concat|copy|elementwise_binary|elementwise_other|elementwise_unary|gemv|reduce,57
react_tool,answer,mir_operator:decode_layer19,299,decode_layer19,,3,1073150,1038939,1154163,202946,264372,cudaLaunchKernel,attention|concat|copy|elementwise_binary|elementwise_other|elementwise_unary|gemv|reduce,57
react_tool,answer,mir_operator:decode_layer20,300,decode_layer20,,3,1083272,1046695,1098325,202179,265142,cudaLaunchKernel,attention|concat|copy|elementwise_binary|elementwise_other|elementwise_unary|gemv|reduce,57
react_tool,answer,mir_operator:decode_layer21,301,decode_layer21,,3,1082590,1045743,1125738,201601,263076,cudaLaunchKernel,attention|concat|copy|elementwise_binary|elementwise_other|elementwise_unary|gemv|reduce,57
react_tool,answer,mir_operator:decode_layer22,302,decode_layer22,,3,1072501,1050578,1118019,201986,268085,cudaLaunchKernel,attention|concat|copy|elementwise_binary|elementwise_other|elementwise_unary|gemv|reduce,57
react_tool,answer,mir_operator:decode_layer23,303,decode_layer23,,3,1069054,1068623,1133676,202370,263831,cudaLaunchKernel,attention|concat|copy|elementwise_binary|elementwise_other|elementwise_unary|gemv|reduce,57
react_tool,answer,mir_operator:decode_layer24,304,decode_layer24,,3,1075918,1055486,1194984,201761,261159,cudaLaunchKernel,attention|concat|copy|elementwise_binary|elementwise_other|elementwise_unary|gemv|reduce,57
react_tool,answer,mir_operator:decode_layer25,305,decode_layer25,,3,1069694,1041091,1194434,201570,266759,cudaLaunchKernel,attention|concat|copy|elementwise_binary|elementwise_other|elementwise_unary|gemv|reduce,57
react_tool,answer,mir_operator:decode_layer26,306,decode_layer26,,3,1074961,1054781,1196291,202850,258905,cudaLaunchKernel,attention|concat|copy|elementwise_binary|elementwise_other|elementwise_unary|gemv|reduce,57
react_tool,answer,mir_operator:decode_layer27,307,decode_layer27,,3,1071283,1064054,1205235,202179,267272,cudaLaunchKernel,attention|concat|copy|elementwise_binary|elementwise_other|elementwise_unary|gemv|reduce,57
react_tool,answer,mir_operator:decode_head,308,decode_head,,3,210499,200743,227659,662180,43616,cudaLaunchKernel,copy|elementwise_binary|elementwise_unary|gemv|reduce,9
react_tool,answer,mir_operator:decode_sample,309,decode_sample,,3,610010,609588,613887,7072,567627,cudaStreamSynchronize,memcpy|memset|reduce,1
react_tool,answer,mir_operator:decode_embed,310,decode_embed,,3,45863,40737,49783,1888,10771,cudaLaunchKernel,other,1
react_tool,answer,mir_operator:decode_layer00,311,decode_layer00,,3,1183543,1097934,1278209,202946,270458,cudaLaunchKernel,attention|concat|copy|elementwise_binary|elementwise_other|elementwise_unary|gemv|reduce,57
react_tool,answer,mir_operator:decode_layer01,312,decode_layer01,,3,1148798,1130585,1226350,202017,275551,cudaLaunchKernel,attention|concat|copy|elementwise_binary|elementwise_other|elementwise_unary|gemv|reduce,57
react_tool,answer,mir_operator:decode_layer02,313,decode_layer02,,3,1176493,1122261,1218769,201860,280291,cudaLaunchKernel,attention|concat|copy|elementwise_binary|elementwise_other|elementwise_unary|gemv|reduce,57
react_tool,answer,mir_operator:decode_layer03,314,decode_layer03,,3,1207676,1147711,1228190,201504,285899,cudaLaunchKernel,attention|concat|copy|elementwise_binary|elementwise_other|elementwise_unary|gemv|reduce,57
react_tool,answer,mir_operator:decode_layer04,315,decode_layer04,,3,1198522,1121638,1206521,202241,280589,cudaLaunchKernel,attention|concat|copy|elementwise_binary|elementwise_other|elementwise_unary|gemv|reduce,57
react_tool,answer,mir_operator:decode_layer05,316,decode_layer05,,3,1192203,1105020,1196677,201985,278303,cudaLaunchKernel,attention|concat|copy|elementwise_binary|elementwise_other|elementwise_unary|gemv|reduce,57
react_tool,answer,mir_operator:decode_layer06,317,decode_layer06,,3,1202156,1098217,1207865,202465,279920,cudaLaunchKernel,attention|concat|copy|elementwise_binary|elementwise_other|elementwise_unary|gemv|reduce,57
react_tool,answer,mir_operator:decode_layer07,318,decode_layer07,,3,1206320,1106247,1213009,202593,282232,cudaLaunchKernel,attention|concat|copy|elementwise_binary|elementwise_other|elementwise_unary|gemv|reduce,57
react_tool,answer,mir_operator:decode_layer08,319,decode_layer08,,3,1184747,1098393,1191399,202368,280336,cudaLaunchKernel,attention|concat|copy|elementwise_binary|elementwise_other|elementwise_unary|gemv|reduce,57
react_tool,answer,mir_operator:decode_layer09,320,decode_layer09,,3,1160523,1101650,1197042,202688,269974,cudaLaunchKernel,attention|concat|copy|elementwise_binary|elementwise_other|elementwise_unary|gemv|reduce,57
react_tool,answer,mir_operator:decode_layer10,321,decode_layer10,,3,1173181,1091210,1191334,201762,281739,cudaLaunchKernel,attention|concat|copy|elementwise_binary|elementwise_other|elementwise_unary|gemv|reduce,57
react_tool,answer,mir_operator:decode_layer11,322,decode_layer11,,3,1163968,1120235,1257451,202497,285635,cudaLaunchKernel,attention|concat|copy|elementwise_binary|elementwise_other|elementwise_unary|gemv|reduce,57
react_tool,answer,mir_operator:decode_layer12,323,decode_layer12,,3,1180878,1102915,1189759,202209,277712,cudaLaunchKernel,attention|concat|copy|elementwise_binary|elementwise_other|elementwise_unary|gemv|reduce,57
react_tool,answer,mir_operator:decode_layer13,324,decode_layer13,,3,1168349,1095867,1173589,202593,278066,cudaLaunchKernel,attention|concat|copy|elementwise_binary|elementwise_other|elementwise_unary|gemv|reduce,57
react_tool,answer,mir_operator:decode_layer14,325,decode_layer14,,3,1158830,1092477,1169670,202209,272065,cudaLaunchKernel,attention|concat|copy|elementwise_binary|elementwise_other|elementwise_unary|gemv|reduce,57
react_tool,answer,mir_operator:decode_layer15,326,decode_layer15,,3,1170080,1078637,1187985,202369,279803,cudaLaunchKernel,attention|concat|copy|elementwise_binary|elementwise_other|elementwise_unary|gemv|reduce,57
react_tool,answer,mir_operator:decode_layer16,327,decode_layer16,,3,1165794,1084131,1166234,202145,275851,cudaLaunchKernel,attention|concat|copy|elementwise_binary|elementwise_other|elementwise_unary|gemv|reduce,57
react_tool,answer,mir_operator:decode_layer17,328,decode_layer17,,3,1167184,1101932,1187198,201730,272010,cudaLaunchKernel,attention|concat|copy|elementwise_binary|elementwise_other|elementwise_unary|gemv|reduce,57
react_tool,answer,mir_operator:decode_layer18,329,decode_layer18,,3,1170463,1145158,1170887,202498,280276,cudaLaunchKernel,attention|concat|copy|elementwise_binary|elementwise_other|elementwise_unary|gemv|reduce,57
react_tool,answer,mir_operator:decode_layer19,330,decode_layer19,,3,1177426,1141155,1187266,202208,282317,cudaLaunchKernel,attention|concat|copy|elementwise_binary|elementwise_other|elementwise_unary|gemv|reduce,57
react_tool,answer,mir_operator:decode_layer20,331,decode_layer20,,3,1197723,1180004,1383727,202304,291695,cudaLaunchKernel,attention|concat|copy|elementwise_binary|elementwise_other|elementwise_unary|gemv|reduce,57
react_tool,answer,mir_operator:decode_layer21,332,decode_layer21,,3,1195079,1162032,1396242,202144,292208,cudaLaunchKernel,attention|concat|copy|elementwise_binary|elementwise_other|elementwise_unary|gemv|reduce,57
react_tool,answer,mir_operator:decode_layer22,333,decode_layer22,,3,1202248,1174147,1209133,201952,284773,cudaLaunchKernel,attention|concat|copy|elementwise_binary|elementwise_other|elementwise_unary|gemv|reduce,57
react_tool,answer,mir_operator:decode_layer23,334,decode_layer23,,3,1166879,1156010,1199452,202177,275683,cudaLaunchKernel,attention|concat|copy|elementwise_binary|elementwise_other|elementwise_unary|gemv|reduce,57
react_tool,answer,mir_operator:decode_layer24,335,decode_layer24,,3,1160314,1131261,1202345,202081,276383,cudaLaunchKernel,attention|concat|copy|elementwise_binary|elementwise_other|elementwise_unary|gemv|reduce,57
react_tool,answer,mir_operator:decode_layer25,336,decode_layer25,,3,1140036,1091462,1214879,203008,272916,cudaLaunchKernel,attention|concat|copy|elementwise_binary|elementwise_other|elementwise_unary|gemv|reduce,57
react_tool,answer,mir_operator:decode_layer26,337,decode_layer26,,3,1208870,1094653,1234956,201988,281738,cudaLaunchKernel,attention|concat|copy|elementwise_binary|elementwise_other|elementwise_unary|gemv|reduce,57
react_tool,answer,mir_operator:decode_layer27,338,decode_layer27,,3,1199471,1091527,1217591,201825,283611,cudaLaunchKernel,attention|concat|copy|elementwise_binary|elementwise_other|elementwise_unary|gemv|reduce,57
react_tool,answer,mir_operator:decode_head,339,decode_head,,3,235694,217660,242925,661412,48757,cudaLaunchKernel,copy|elementwise_binary|elementwise_unary|gemv|reduce,9
react_tool,answer,mir_operator:decode_sample,340,decode_sample,,3,614074,612688,632032,7072,568310,cudaStreamSynchronize,memcpy|memset|reduce,1
react_tool,answer,mir_operator:decode_embed,341,decode_embed,,3,50366,41150,54840,1888,11566,cudaLaunchKernel,other,1
react_tool,answer,mir_operator:decode_layer00,342,decode_layer00,,3,1273894,1177692,1298498,203650,292392,cudaLaunchKernel,attention|concat|copy|elementwise_binary|elementwise_other|elementwise_unary|gemv|reduce,57
react_tool,answer,mir_operator:decode_layer01,343,decode_layer01,,3,1192341,1111159,1232550,202722,291384,cudaLaunchKernel,attention|concat|copy|elementwise_binary|elementwise_other|elementwise_unary|gemv|reduce,57
react_tool,answer,mir_operator:decode_layer02,344,decode_layer02,,3,1176351,1133069,1215214,202690,276279,cudaLaunchKernel,attention|concat|copy|elementwise_binary|elementwise_other|elementwise_unary|gemv|reduce,57
react_tool,answer,mir_operator:decode_layer03,345,decode_layer03,,3,1174535,1157944,1222069,202467,285077,cudaLaunchKernel,attention|concat|copy|elementwise_binary|elementwise_other|elementwise_unary|gemv|reduce,57
react_tool,answer,mir_operator:decode_layer04,346,decode_layer04,,3,1192481,1150541,1226143,202145,291416,cudaLaunchKernel,attention|concat|copy|elementwise_binary|elementwise_other|elementwise_unary|gemv|reduce,57
react_tool,answer,mir_operator:decode_layer05,347,decode_layer05,,3,1160830,1098610,1194631,202049,278387,cudaLaunchKernel,attention|concat|copy|elementwise_binary|elementwise_other|elementwise_unary|gemv|reduce,57
react_tool,answer,mir_operator:decode_layer06,348,decode_layer06,,3,1162204,1116075,1162491,202594,269351,cudaLaunchKernel,attention|concat|copy|elementwise_binary|elementwise_other|elementwise_unary|gemv|reduce,57
react_tool,answer,mir_operator:decode_layer07,349,decode_layer07,,3,1159235,1129783,1172414,202209,274582,cudaLaunchKernel,attention|concat|copy|elementwise_binary|elementwise_other|elementwise_unary|gemv|reduce,57
react_tool,answer,mir_operator:decode_layer08,350,decode_layer08,,3,1179012,1113558,1221654,202466,274484,cudaLaunchKernel,attention|concat|copy|elementwise_binary|elementwise_other|elementwise_unary|gemv|reduce,57
react_tool,answer,mir_operator:decode_layer09,351,decode_layer09,,3,1205542,1118111,1256335,202049,286959,cudaLaunchKernel,attention|concat|copy|elementwise_binary|elementwise_other|elementwise_unary|gemv|reduce,57
react_tool,answer,mir_operator:decode_layer10,352,decode_layer10,,3,1205460,1101625,1604318,201440,288491,cudaLaunchKernel,attention|concat|copy|elementwise_binary|elementwise_other|elementwise_unary|gemv|reduce,57
react_tool,answer,mir_operator:decode_layer11,353,decode_layer11,,3,1209428,1108028,1777733,202433,294033,cudaLaunchKernel,attention|concat|copy|elementwise_binary|elementwise_other|elementwise_unary|gemv|reduce,57
react_tool,answer,mir_operator:decode_layer12,354,decode_layer12,,3,1164041,1121847,1218071,202721,279108,cudaLaunchKernel,attention|concat|copy|elementwise_binary|elementwise_other|elementwise_unary|gemv|reduce,57
react_tool,answer,mir_operator:decode_layer13,355,decode_layer13,,3,1170540,1161260,1226663,202625,289647,cudaLaunchKernel,attention|concat|copy|elementwise_binary|elementwise_other|elementwise_unary|gemv|reduce,57
react_tool,answer,mir_operator:decode_layer14,356,decode_layer14,,3,1193398,1139338,1202750,203136,290488,cudaLaunchKernel,attention|concat|copy|elementwise_binary|elementwise_other|elementwise_unary|gemv|reduce,57
react_tool,answer,mir_operator:decode_layer15,357,decode_layer15,,3,1205963,1144741,1234438,202402,279893,cudaLaunchKernel,attention|concat|copy|elementwise_binary|elementwise_other|elementwise_unary|gemv|reduce,57
react_tool,answer,mir_operator:decode_layer16,358,decode_layer16,,3,1174093,1139582,1200807,296866,283285,cudaLaunchKernel,attention|concat|copy|elementwise_binary|elementwise_other|elementwise_unary|gemv|reduce,57
react_tool,answer,mir_operator:decode_layer17,359,decode_layer17,,3,1183868,1117001,1200092,202531,280994,cudaLaunchKernel,attention|concat|copy|elementwise_binary|elementwise_other|elementwise_unary|gemv|reduce,57
react_tool,answer,mir_operator:decode_layer18,360,decode_layer18,,3,1143775,1104977,1198448,202880,274757,cudaLaunchKernel,attention|concat|copy|elementwise_binary|elementwise_other|elementwise_unary|gemv|reduce,57
react_tool,answer,mir_operator:decode_layer19,361,decode_layer19,,3,1164466,1109766,1199240,202304,286522,cudaLaunchKernel,attention|concat|copy|elementwise_binary|elementwise_other|elementwise_unary|gemv|reduce,57
react_tool,answer,mir_operator:decode_layer20,362,decode_layer20,,3,1159337,1116499,1195927,202881,283049,cudaLaunchKernel,attention|concat|copy|elementwise_binary|elementwise_other|elementwise_unary|gemv|reduce,57
react_tool,answer,mir_operator:decode_layer21,363,decode_layer21,,3,1181832,1109490,1204548,202785,281529,cudaLaunchKernel,attention|concat|copy|elementwise_binary|elementwise_other|elementwise_unary|gemv|reduce,57
react_tool,answer,mir_operator:decode_layer22,364,decode_layer22,,3,1146587,1140607,1194890,201763,275843,cudaLaunchKernel,attention|concat|copy|elementwise_binary|elementwise_other|elementwise_unary|gemv|reduce,57
react_tool,answer,mir_operator:decode_layer23,365,decode_layer23,,3,1164066,1158494,1213249,202080,279511,cudaLaunchKernel,attention|concat|copy|elementwise_binary|elementwise_other|elementwise_unary|gemv|reduce,57
react_tool,answer,mir_operator:decode_layer24,366,decode_layer24,,3,1164997,1148395,1217758,202338,276522,cudaLaunchKernel,attention|concat|copy|elementwise_binary|elementwise_other|elementwise_unary|gemv|reduce,57
react_tool,answer,mir_operator:decode_layer25,367,decode_layer25,,3,1153295,1132408,1170146,201731,279576,cudaLaunchKernel,attention|concat|copy|elementwise_binary|elementwise_other|elementwise_unary|gemv|reduce,57
react_tool,answer,mir_operator:decode_layer26,368,decode_layer26,,3,1163044,1115935,1183368,204288,278591,cudaLaunchKernel,attention|concat|copy|elementwise_binary|elementwise_other|elementwise_unary|gemv|reduce,57
react_tool,answer,mir_operator:decode_layer27,369,decode_layer27,,3,1136934,1110087,1186730,202305,271595,cudaLaunchKernel,attention|concat|copy|elementwise_binary|elementwise_other|elementwise_unary|gemv|reduce,57
react_tool,answer,mir_operator:decode_head,370,decode_head,,3,234214,217518,245835,662212,46394,cudaLaunchKernel,copy|elementwise_binary|elementwise_unary|gemv|reduce,9
react_tool,answer,mir_operator:decode_sample,371,decode_sample,,3,616568,615867,620776,7040,568424,cudaStreamSynchronize,memcpy|memset|reduce,1
react_tool,answer,mir_operator:decode_embed,372,decode_embed,,3,52479,51188,61433,1888,12059,cudaLaunchKernel,other,1
react_tool,answer,mir_operator:decode_layer00,373,decode_layer00,,3,1288527,1171633,1295512,202432,297600,cudaLaunchKernel,attention|concat|copy|elementwise_binary|elementwise_other|elementwise_unary|gemv|reduce,57
react_tool,answer,mir_operator:decode_layer01,374,decode_layer01,,3,1192371,1092850,1234324,226913,278636,cudaLaunchKernel,attention|concat|copy|elementwise_binary|elementwise_other|elementwise_unary|gemv|reduce,57
react_tool,answer,mir_operator:decode_layer02,375,decode_layer02,,3,1124444,1084755,1178669,202945,262356,cudaLaunchKernel,attention|concat|copy|elementwise_binary|elementwise_other|elementwise_unary|gemv|reduce,57
react_tool,answer,mir_operator:decode_layer03,376,decode_layer03,,3,1143949,1108248,1148344,202850,267625,cudaLaunchKernel,attention|concat|copy|elementwise_binary|elementwise_other|elementwise_unary|gemv|reduce,57
react_tool,answer,mir_operator:decode_layer04,377,decode_layer04,,3,1105085,1098428,1146484,202274,263352,cudaLaunchKernel,attention|concat|copy|elementwise_binary|elementwise_other|elementwise_unary|gemv|reduce,57
react_tool,answer,mir_operator:decode_layer05,378,decode_layer05,,3,1119345,1075533,1123915,202530,264151,cudaLaunchKernel,attention|concat|copy|elementwise_binary|elementwise_other|elementwise_unary|gemv|reduce,57
react_tool,answer,mir_operator:decode_layer06,379,decode_layer06,,3,1101671,1078743,1118119,202754,261705,cudaLaunchKernel,attention|concat|copy|elementwise_binary|elementwise_other|elementwise_unary|gemv|reduce,57
react_tool,answer,mir_operator:decode_layer07,380,decode_layer07,,3,1110740,1061374,1110847,201794,261771,cudaLaunchKernel,attention|concat|copy|elementwise_binary|elementwise_other|elementwise_unary|gemv|reduce,57
react_tool,answer,mir_operator:decode_layer08,381,decode_layer08,,3,1098883,1060280,1109459,202753,264105,cudaLaunchKernel,attention|concat|copy|elementwise_binary|elementwise_other|elementwise_unary|gemv|reduce,57
react_tool,answer,mir_operator:decode_layer09,382,decode_layer09,,3,1091651,1051704,1120380,202690,259640,cudaLaunchKernel,attention|concat|copy|elementwise_binary|elementwise_other|elementwise_unary|gemv|reduce,57
react_tool,answer,mir_operator:decode_layer10,383,decode_layer10,,3,1081336,1046034,1105619,202851,256279,cudaLaunchKernel,attention|concat|copy|elementwise_binary|elementwise_other|elementwise_unary|gemv|reduce,57
react_tool,answer,mir_operator:decode_layer11,384,decode_layer11,,3,1081076,1044399,1094888,203073,261200,cudaLaunchKernel,attention|concat|copy|elementwise_binary|elementwise_other|elementwise_unary|gemv|reduce,57
react_tool,answer,mir_operator:decode_layer12,385,decode_layer12,,3,1113611,1069178,1136185,202562,262918,cudaLaunchKernel,attention|concat|copy|elementwise_binary|elementwise_other|elementwise_unary|gemv|reduce,57
react_tool,answer,mir_operator:decode_layer13,386,decode_layer13,,3,1081680,1050928,1089295,202274,264355,cudaLaunchKernel,attention|concat|copy|elementwise_binary|elementwise_other|elementwise_unary|gemv|reduce,57
react_tool,answer,mir_operator:decode_layer14,387,decode_layer14,,3,1074585,1048403,1081319,202177,258250,cudaLaunchKernel,attention|concat|copy|elementwise_binary|elementwise_other|elementwise_unary|gemv|reduce,57
react_tool,answer,mir_operator:decode_layer15,388,decode_layer15,,3,1080159,1044720,1085971,207361,257161,cudaLaunchKernel,attention|concat|copy|elementwise_binary|elementwise_other|elementwise_unary|gemv|reduce,57
react_tool,answer,mir_operator:decode_layer16,389,decode_layer16,,3,1082532,1037773,1155602,204673,260510,cudaLaunchKernel,attention|concat|copy|elementwise_binary|elementwise_other|elementwise_unary|gemv|reduce,57
react_tool,answer,mir_operator:decode_layer17,390,decode_layer17,,3,1074512,1047282,1165998,201985,258711,cudaLaunchKernel,attention|concat|copy|elementwise_binary|elementwise_other|elementwise_unary|gemv|reduce,57
react_tool,answer,mir_operator:decode_layer18,391,decode_layer18,,3,1070861,1056307,1180244,202049,263804,cudaLaunchKernel,attention|concat|copy|elementwise_binary|elementwise_other|elementwise_unary|gemv|reduce,57
react_tool,answer,mir_operator:decode_layer19,392,decode_layer19,,3,1077822,1070249,1164772,202593,261121,cudaLaunchKernel,attention|concat|copy|elementwise_binary|elementwise_other|elementwise_unary|gemv|reduce,57
react_tool,answer,mir_operator:decode_layer20,393,decode_layer20,,3,1082967,1069383,1160802,202657,258156,cudaLaunchKernel,attention|concat|copy|elementwise_binary|elementwise_other|elementwise_unary|gemv|reduce,57
react_tool,answer,mir_operator:decode_layer21,394,decode_layer21,,3,1135206,1090237,1172454,202784,265711,cudaLaunchKernel,attention|concat|copy|elementwise_binary|elementwise_other|elementwise_unary|gemv|reduce,57
react_tool,answer,mir_operator:decode_layer22,395,decode_layer22,,3,1113688,1073216,1163935,202786,267807,cudaLaunchKernel,attention|concat|copy|elementwise_binary|elementwise_other|elementwise_unary|gemv|reduce,57
react_tool,answer,mir_operator:decode_layer23,396,decode_layer23,,3,1156832,1128439,1191021,201952,270118,cudaLaunchKernel,attention|concat|copy|elementwise_binary|elementwise_other|elementwise_unary|gemv|reduce,57
react_tool,answer,mir_operator:decode_layer24,397,decode_layer24,,3,1172510,1098374,1200875,202177,280659,cudaLaunchKernel,attention|concat|copy|elementwise_binary|elementwise_other|elementwise_unary|gemv|reduce,57
react_tool,answer,mir_operator:decode_layer25,398,decode_layer25,,3,1115351,1097662,1196135,202498,265660,cudaLaunchKernel,attention|concat|copy|elementwise_binary|elementwise_other|elementwise_unary|gemv|reduce,57
react_tool,answer,mir_operator:decode_layer26,399,decode_layer26,,3,1138392,1101490,1231307,202722,279079,cudaLaunchKernel,attention|concat|copy|elementwise_binary|elementwise_other|elementwise_unary|gemv|reduce,57
react_tool,answer,mir_operator:decode_layer27,400,decode_layer27,,3,1127844,1102801,1201105,202177,270388,cudaLaunchKernel,attention|concat|copy|elementwise_binary|elementwise_other|elementwise_unary|gemv|reduce,57
react_tool,answer,mir_operator:decode_head,401,decode_head,,3,234942,225290,279369,662179,46870,cudaLaunchKernel,copy|elementwise_binary|elementwise_unary|gemv|reduce,9
react_tool,answer,mir_operator:decode_sample,402,decode_sample,,3,621685,602388,695903,7136,574384,cudaStreamSynchronize,memcpy|memset|reduce,1
react_tool,answer,mir_operator:decode_embed,403,decode_embed,,3,49834,43267,66761,1920,11254,cudaLaunchKernel,other,1
react_tool,answer,mir_operator:decode_layer00,404,decode_layer00,,3,1253276,1151848,1253722,204737,285286,cudaLaunchKernel,attention|concat|copy|elementwise_binary|elementwise_other|elementwise_unary|gemv|reduce,57
react_tool,answer,mir_operator:decode_layer01,405,decode_layer01,,3,1172782,1101461,1230616,201856,279928,cudaLaunchKernel,attention|concat|copy|elementwise_binary|elementwise_other|elementwise_unary|gemv|reduce,57
react_tool,answer,mir_operator:decode_layer02,406,decode_layer02,,3,1182871,1073531,1212533,202371,277169,cudaLaunchKernel,attention|concat|copy|elementwise_binary|elementwise_other|elementwise_unary|gemv|reduce,57
react_tool,answer,mir_operator:decode_layer03,407,decode_layer03,,3,1184242,1047713,1209267,202145,275031,cudaLaunchKernel,attention|concat|copy|elementwise_binary|elementwise_other|elementwise_unary|gemv|reduce,57
react_tool,answer,mir_operator:decode_layer04,408,decode_layer04,,3,1212828,1041747,1215941,202884,286391,cudaLaunchKernel,attention|concat|copy|elementwise_binary|elementwise_other|elementwise_unary|gemv|reduce,57
react_tool,answer,mir_operator:decode_layer05,409,decode_layer05,,3,1210852,1047131,1232182,201794,282284,cudaLaunchKernel,attention|concat|copy|elementwise_binary|elementwise_other|elementwise_unary|gemv|reduce,57
react_tool,answer,mir_operator:decode_layer06,410,decode_layer06,,3,1188423,1058964,1228682,202432,282218,cudaLaunchKernel,attention|concat|copy|elementwise_binary|elementwise_other|elementwise_unary|gemv|reduce,57
react_tool,answer,mir_operator:decode_layer07,411,decode_layer07,,3,1163853,1041117,1194819,201792,278401,cudaLaunchKernel,attention|concat|copy|elementwise_binary|elementwise_other|elementwise_unary|gemv|reduce,57
react_tool,answer,mir_operator:decode_layer08,412,decode_layer08,,3,1150830,1045679,1171273,202146,274847,cudaLaunchKernel,attention|concat|copy|elementwise_binary|elementwise_other|elementwise_unary|gemv|reduce,57
react_tool,answer,mir_operator:decode_layer09,413,decode_layer09,,3,1104649,1040078,1179984,203041,263332,cudaLaunchKernel,attention|concat|copy|elementwise_binary|elementwise_other|elementwise_unary|gemv|reduce,57
react_tool,answer,mir_operator:decode_layer10,414,decode_layer10,,3,1111194,1080791,1164003,202947,267551,cudaLaunchKernel,attention|concat|copy|elementwise_binary|elementwise_other|elementwise_unary|gemv|reduce,57
react_tool,answer,mir_operator:decode_layer11,415,decode_layer11,,3,1101120,1046005,1110744,201505,259077,cudaLaunchKernel,attention|concat|copy|elementwise_binary|elementwise_other|elementwise_unary|gemv|reduce,57
react_tool,answer,mir_operator:decode_layer12,416,decode_layer12,,3,1141943,1044643,1159219,202944,270052,cudaLaunchKernel,attention|concat|copy|elementwise_binary|elementwise_other|elementwise_unary|gemv|reduce,57
react_tool,answer,mir_operator:decode_layer13,417,decode_layer13,,3,1119745,1040817,1177345,201953,267611,cudaLaunchKernel,attention|concat|copy|elementwise_binary|elementwise_other|elementwise_unary|gemv|reduce,57
react_tool,answer,mir_operator:decode_layer14,418,decode_layer14,,3,1106659,1037807,1167761,201857,261645,cudaLaunchKernel,attention|concat|copy|elementwise_binary|elementwise_other|elementwise_unary|gemv|reduce,57
react_tool,answer,mir_operator:decode_layer15,419,decode_layer15,,3,1095439,1039344,1253254,202306,269908,cudaLaunchKernel,attention|concat|copy|elementwise_binary|elementwise_other|elementwise_unary|gemv|reduce,57
react_tool,answer,mir_operator:decode_layer16,420,decode_layer16,,3,1077456,1039221,1202599,201952,260861,cudaLaunchKernel,attention|concat|copy|elementwise_binary|elementwise_other|elementwise_unary|gemv|reduce,57
react_tool,answer,mir_operator:decode_layer17,421,decode_layer17,,3,1106149,1068490,1232661,201827,271033,cudaLaunchKernel,attention|concat|copy|elementwise_binary|elementwise_other|elementwise_unary|gemv|reduce,57
react_tool,answer,mir_operator:decode_layer18,422,decode_layer18,,3,1187815,1071336,1216486,203072,282464,cudaLaunchKernel,attention|concat|copy|elementwise_binary|elementwise_other|elementwise_unary|gemv|reduce,57
react_tool,answer,mir_operator:decode_layer19,423,decode_layer19,,3,1209500,1099735,1224511,202561,286005,cudaLaunchKernel,attention|concat|copy|elementwise_binary|elementwise_other|elementwise_unary|gemv|reduce,57
react_tool,answer,mir_operator:decode_layer20,424,decode_layer20,,3,1196673,1107090,1211678,201824,278609,cudaLaunchKernel,attention|concat|copy|elementwise_binary|elementwise_other|elementwise_unary|gemv|reduce,57
react_tool,answer,mir_operator:decode_layer21,425,decode_layer21,,3,1186495,1121988,1197501,202626,285604,cudaLaunchKernel,attention|concat|copy|elementwise_binary|elementwise_other|elementwise_unary|gemv|reduce,57
react_tool,answer,mir_operator:decode_layer22,426,decode_layer22,,3,1212035,1191089,1522970,202114,290790,cudaLaunchKernel,attention|concat|copy|elementwise_binary|elementwise_other|elementwise_unary|gemv|reduce,57
react_tool,answer,mir_operator:decode_layer23,427,decode_layer23,,3,1220495,1208967,1750283,202305,282529,cudaLaunchKernel,attention|concat|copy|elementwise_binary|elementwise_other|elementwise_unary|gemv|reduce,57
react_tool,answer,mir_operator:decode_layer24,428,decode_layer24,,3,1196590,1186983,1751108,202432,282916,cudaLaunchKernel,attention|concat|copy|elementwise_binary|elementwise_other|elementwise_unary|gemv|reduce,57
react_tool,answer,mir_operator:decode_layer25,429,decode_layer25,,3,1207433,1158288,1768407,202753,282613,cudaLaunchKernel,attention|concat|copy|elementwise_binary|elementwise_other|elementwise_unary|gemv|reduce,57
react_tool,answer,mir_operator:decode_layer26,430,decode_layer26,,3,1197533,1091642,1790254,202401,283625,cudaLaunchKernel,attention|concat|copy|elementwise_binary|elementwise_other|elementwise_unary|gemv|reduce,57
react_tool,answer,mir_operator:decode_layer27,431,decode_layer27,,3,1214556,1108757,1779208,201761,295134,cudaLaunchKernel,attention|concat|copy|elementwise_binary|elementwise_other|elementwise_unary|gemv|reduce,57
react_tool,answer,mir_operator:decode_head,432,decode_head,,3,233285,228375,357564,664164,47263,cudaLaunchKernel,copy|elementwise_binary|elementwise_unary|gemv|reduce,9
react_tool,answer,mir_operator:decode_sample,433,decode_sample,,3,671850,574443,732869,7072,623743,cudaStreamSynchronize,memcpy|memset|reduce,1
react_tool,answer,mir_operator:decode_embed,434,decode_embed,,3,54893,50924,92946,1888,12223,cudaLaunchKernel,other,1
react_tool,answer,mir_operator:decode_layer00,435,decode_layer00,,3,1283327,1232103,1496951,202561,295939,cudaLaunchKernel,attention|concat|copy|elementwise_binary|elementwise_other|elementwise_unary|gemv|reduce,57
react_tool,answer,mir_operator:decode_layer01,436,decode_layer01,,3,1206358,1180063,1222611,203489,286168,cudaLaunchKernel,attention|concat|copy|elementwise_binary|elementwise_other|elementwise_unary|gemv|reduce,57
react_tool,answer,mir_operator:decode_layer02,437,decode_layer02,,3,1164923,1117075,1174820,202272,268029,cudaLaunchKernel,attention|concat|copy|elementwise_binary|elementwise_other|elementwise_unary|gemv|reduce,57
react_tool,answer,mir_operator:decode_layer03,438,decode_layer03,,3,1152023,1104320,1170048,201987,269833,cudaLaunchKernel,attention|concat|copy|elementwise_binary|elementwise_other|elementwise_unary|gemv|reduce,57
react_tool,answer,mir_operator:decode_layer04,439,decode_layer04,,3,1163307,1090779,1166415,202051,275574,cudaLaunchKernel,attention|concat|copy|elementwise_binary|elementwise_other|elementwise_unary|gemv|reduce,57
react_tool,answer,mir_operator:decode_layer05,440,decode_layer05,,3,1165150,1106894,1197189,203746,276718,cudaLaunchKernel,attention|concat|copy|elementwise_binary|elementwise_other|elementwise_unary|gemv|reduce,57
react_tool,answer,mir_operator:decode_layer06,441,decode_layer06,,3,1175236,1102685,1195130,202242,278115,cudaLaunchKernel,attention|concat|copy|elementwise_binary|elementwise_other|elementwise_unary|gemv|reduce,57
react_tool,answer,mir_operator:decode_layer07,442,decode_layer07,,3,1113115,1112600,1226955,202465,274742,cudaLaunchKernel,attention|concat|copy|elementwise_binary|elementwise_other|elementwise_unary|gemv|reduce,57
react_tool,answer,mir_operator:decode_layer08,443,decode_layer08,,3,1126395,1106168,1196735,202018,272432,cudaLaunchKernel,attention|concat|copy|elementwise_binary|elementwise_other|elementwise_unary|gemv|reduce,57
react_tool,answer,mir_operator:decode_layer09,444,decode_layer09,,3,1112880,1106694,1195948,202113,269493,cudaLaunchKernel,attention|concat|copy|elementwise_binary|elementwise_other|elementwise_unary|gemv|reduce,57
react_tool,answer,mir_operator:decode_layer10,445,decode_layer10,,3,1122511,1116283,1217932,202272,273763,cudaLaunchKernel,attention|concat|copy|elementwise_binary|elementwise_other|elementwise_unary|gemv|reduce,57
react_tool,answer,mir_operator:decode_layer11,446,decode_layer11,,3,1102087,1097693,1215254,202179,259670,cudaLaunchKernel,attention|concat|copy|elementwise_binary|elementwise_other|elementwise_unary|gemv|reduce,57
react_tool,answer,mir_operator:decode_layer12,447,decode_layer12,,3,1103617,1091013,1209108,202273,267182,cudaLaunchKernel,attention|concat|copy|elementwise_binary|elementwise_other|elementwise_unary|gemv|reduce,57
react_tool,answer,mir_operator:decode_layer13,448,decode_layer13,,3,1116311,1103276,1200923,202402,274392,cudaLaunchKernel,attention|concat|copy|elementwise_binary|elementwise_other|elementwise_unary|gemv|reduce,57
react_tool,answer,mir_operator:decode_layer14,449,decode_layer14,,3,1182243,1132121,1199186,203073,277295,cudaLaunchKernel,attention|concat|copy|elementwise_binary|elementwise_other|elementwise_unary|gemv|reduce,57
react_tool,answer,mir_operator:decode_layer15,450,decode_layer15,,3,1169300,1130309,1226356,202049,278811,cudaLaunchKernel,attention|concat|copy|elementwise_binary|elementwise_other|elementwise_unary|gemv|reduce,57
react_tool,answer,mir_operator:decode_layer16,451,decode_layer16,,3,1195706,1094982,1218810,201793,281695,cudaLaunchKernel,attention|concat|copy|elementwise_binary|elementwise_other|elementwise_unary|gemv|reduce,57
react_tool,answer,mir_operator:decode_layer17,452,decode_layer17,,3,1202092,1087535,1202224,202082,283306,cudaLaunchKernel,attention|concat|copy|elementwise_binary|elementwise_other|elementwise_unary|gemv|reduce,57
react_tool,answer,mir_operator:decode_layer18,453,decode_layer18,,3,1193425,1107858,1234274,201952,284568,cudaLaunchKernel,attention|concat|copy|elementwise_binary|elementwise_other|elementwise_unary|gemv|reduce,57
react_tool,answer,mir_operator:decode_layer19,454,decode_layer19,,3,1200545,1081682,1200845,201924,288057,cudaLaunchKernel,attention|concat|copy|elementwise_binary|elementwise_other|elementwise_unary|gemv|reduce,57
react_tool,answer,mir_operator:decode_layer20,455,decode_layer20,,3,1196396,1084879,1204317,202113,278519,cudaLaunchKernel,attention|concat|copy|elementwise_binary|elementwise_other|elementwise_unary|gemv|reduce,57
react_tool,answer,mir_operator:decode_layer21,456,decode_layer21,,3,1195355,1098910,1196084,202081,279092,cudaLaunchKernel,attention|concat|copy|elementwise_binary|elementwise_other|elementwise_unary|gemv|reduce,57
react_tool,answer,mir_operator:decode_layer22,457,decode_layer22,,3,1186262,1095262,1207347,202400,278111,cudaLaunchKernel,attention|concat|copy|elementwise_binary|elementwise_other|elementwise_unary|gemv|reduce,57
react_tool,answer,mir_operator:decode_layer23,458,decode_layer23,,3,1180279,1060631,1216594,202242,285520,cudaLaunchKernel,attention|concat|copy|elementwise_binary|elementwise_other|elementwise_unary|gemv|reduce,57
react_tool,answer,mir_operator:decode_layer24,459,decode_layer24,,3,1115121,1063411,1195671,202304,267111,cudaLaunchKernel,attention|concat|copy|elementwise_binary|elementwise_other|elementwise_unary|gemv|reduce,57
react_tool,answer,mir_operator:decode_layer25,460,decode_layer25,,3,1105698,1065064,1176096,202690,268785,cudaLaunchKernel,attention|concat|copy|elementwise_binary|elementwise_other|elementwise_unary|gemv|reduce,57
react_tool,answer,mir_operator:decode_layer26,461,decode_layer26,,3,1104460,1070707,1118270,202465,266989,cudaLaunchKernel,attention|concat|copy|elementwise_binary|elementwise_other|elementwise_unary|gemv|reduce,57
react_tool,answer,mir_operator:decode_layer27,462,decode_layer27,,3,1099090,1060794,1099230,202625,270776,cudaLaunchKernel,attention|concat|copy|elementwise_binary|elementwise_other|elementwise_unary|gemv|reduce,57
react_tool,answer,mir_operator:decode_head,463,decode_head,,3,212850,210181,225259,662212,43101,cudaLaunchKernel,copy|elementwise_binary|elementwise_unary|gemv|reduce,9
react_tool,answer,mir_operator:decode_sample,464,decode_sample,,3,619900,617519,664661,7104,578159,cudaStreamSynchronize,memcpy|memset|reduce,1
react_tool,answer,mir_operator:decode_embed,465,decode_embed,,3,49275,44358,57496,1888,10978,cudaLaunchKernel,other,1
react_tool,answer,mir_operator:decode_layer00,466,decode_layer00,,3,1150613,1127155,1160905,202336,272650,cudaLaunchKernel,attention|concat|copy|elementwise_binary|elementwise_other|elementwise_unary|gemv|reduce,57
react_tool,answer,mir_operator:decode_layer01,467,decode_layer01,,3,1098542,1083726,1098962,201730,257764,cudaLaunchKernel,attention|concat|copy|elementwise_binary|elementwise_other|elementwise_unary|gemv|reduce,57
react_tool,answer,mir_operator:decode_layer02,468,decode_layer02,,3,1108854,1070431,1116047,202945,258096,cudaLaunchKernel,attention|concat|copy|elementwise_binary|elementwise_other|elementwise_unary|gemv|reduce,57
react_tool,answer,mir_operator:decode_layer03,469,decode_layer03,,3,1108955,1081142,1135794,203072,263131,cudaLaunchKernel,attention|concat|copy|elementwise_binary|elementwise_other|elementwise_unary|gemv|reduce,57
react_tool,answer,mir_operator:decode_layer04,470,decode_layer04,,3,1105204,1079578,1106244,201762,262663,cudaLaunchKernel,attention|concat|copy|elementwise_binary|elementwise_other|elementwise_unary|gemv|reduce,57
react_tool,answer,mir_operator:decode_layer05,471,decode_layer05,,3,1074969,1070582,1110819,202114,257939,cudaLaunchKernel,attention|concat|copy|elementwise_binary|elementwise_other|elementwise_unary|gemv|reduce,57
react_tool,answer,mir_operator:decode_layer06,472,decode_layer06,,3,1075541,1070484,1104196,202723,258857,cudaLaunchKernel,attention|concat|copy|elementwise_binary|elementwise_other|elementwise_unary|gemv|reduce,57
react_tool,answer,mir_operator:decode_layer07,473,decode_layer07,,3,1073201,1068393,1086304,203937,259222,cudaLaunchKernel,attention|concat|copy|elementwise_binary|elementwise_other|elementwise_unary|gemv|reduce,57
react_tool,answer,mir_operator:decode_layer08,474,decode_layer08,,3,1086514,1048015,1098981,202337,263635,cudaLaunchKernel,attention|concat|copy|elementwise_binary|elementwise_other|elementwise_unary|gemv|reduce,57
react_tool,answer,mir_operator:decode_layer09,475,decode_layer09,,3,1075619,1064605,1134967,202370,257902,cudaLaunchKernel,attention|concat|copy|elementwise_binary|elementwise_other|elementwise_unary|gemv|reduce,57
react_tool,answer,mir_operator:decode_layer10,476,decode_layer10,,3,1073471,1063473,1116253,201569,261923,cudaLaunchKernel,attention|concat|copy|elementwise_binary|elementwise_other|elementwise_unary|gemv|reduce,57
react_tool,answer,mir_operator:decode_layer11,477,decode_layer11,,3,1066469,1055798,1096847,202081,257858,cudaLaunchKernel,attention|concat|copy|elementwise_binary|elementwise_other|elementwise_unary|gemv|reduce,57
react_tool,answer,mir_operator:decode_layer12,478,decode_layer12,,3,1081422,1063749,1099775,252866,256560,cudaLaunchKernel,attention|concat|copy|elementwise_binary|elementwise_other|elementwise_unary|gemv|reduce,57
react_tool,answer,mir_operator:decode_layer13,479,decode_layer13,,3,1073949,1071772,1094281,201665,255775,cudaLaunchKernel,attention|concat|copy|elementwise_binary|elementwise_other|elementwise_unary|gemv|reduce,57
react_tool,answer,mir_operator:decode_layer14,480,decode_layer14,,3,1086254,1076473,1127729,201730,261385,cudaLaunchKernel,attention|concat|copy|elementwise_binary|elementwise_other|elementwise_unary|gemv|reduce,57
react_tool,answer,mir_operator:decode_layer15,481,decode_layer15,,3,1089661,1067998,1126117,202497,267476,cudaLaunchKernel,attention|concat|copy|elementwise_binary|elementwise_other|elementwise_unary|gemv|reduce,57
react_tool,answer,mir_operator:decode_layer16,482,decode_layer16,,3,1090629,1080344,1191038,202754,272601,cudaLaunchKernel,attention|concat|copy|elementwise_binary|elementwise_other|elementwise_unary|gemv|reduce,57
react_tool,answer,mir_operator:decode_layer17,483,decode_layer17,,3,1099023,1055410,1182220,202178,264235,cudaLaunchKernel,attention|concat|copy|elementwise_binary|elementwise_other|elementwise_unary|gemv|reduce,57
react_tool,answer,mir_operator:decode_layer18,484,decode_layer18,,3,1117792,1045687,1170263,202498,268844,cudaLaunchKernel,attention|concat|copy|elementwise_binary|elementwise_other|elementwise_unary|gemv|reduce,57
react_tool,answer,mir_operator:decode_layer19,485,decode_layer19,,3,1107378,1040124,1176238,201952,274853,cudaLaunchKernel,attention|concat|copy|elementwise_binary|elementwise_other|elementwise_unary|gemv|reduce,57
react_tool,answer,mir_operator:decode_layer20,486,decode_layer20,,3,1080144,1043357,1176471,202337,262236,cudaLaunchKernel,attention|concat|copy|elementwise_binary|elementwise_other|elementwise_unary|gemv|reduce,57
react_tool,answer,mir_operator:decode_layer21,487,decode_layer21,,3,1090252,1056215,1179214,201889,265603,cudaLaunchKernel,attention|concat|copy|elementwise_binary|elementwise_other|elementwise_unary|gemv|reduce,57
react_tool,answer,mir_operator:decode_layer22,488,decode_layer22,,3,1066257,1041051,1175959,202561,254549,cudaLaunchKernel,attention|concat|copy|elementwise_binary|elementwise_other|elementwise_unary|gemv|reduce,57
react_tool,answer,mir_operator:decode_layer23,489,decode_layer23,,3,1068669,1045888,1157053,202273,260450,cudaLaunchKernel,attention|concat|copy|elementwise_binary|elementwise_other|elementwise_unary|gemv|reduce,57
react_tool,answer,mir_operator:decode_layer24,490,decode_layer24,,3,1067216,1048412,1174286,202721,257156,cudaLaunchKernel,attention|concat|copy|elementwise_binary|elementwise_other|elementwise_unary|gemv|reduce,57
react_tool,answer,mir_operator:decode_layer25,491,decode_layer25,,3,1096533,1047974,1171606,201825,266793,cudaLaunchKernel,attention|concat|copy|elementwise_binary|elementwise_other|elementwise_unary|gemv|reduce,57
react_tool,answer,mir_operator:decode_layer26,492,decode_layer26,,3,1083501,1044298,1206626,202914,259855,cudaLaunchKernel,attention|concat|copy|elementwise_binary|elementwise_other|elementwise_unary|gemv|reduce,57
react_tool,answer,mir_operator:decode_layer27,493,decode_layer27,,3,1101767,1049152,1171393,281985,265902,cudaLaunchKernel,attention|concat|copy|elementwise_binary|elementwise_other|elementwise_unary|gemv|reduce,57
react_tool,answer,mir_operator:decode_head,494,decode_head,,3,209659,197567,233610,662404,42686,cudaLaunchKernel,copy|elementwise_binary|elementwise_unary|gemv|reduce,9
react_tool,answer,mir_operator:decode_sample,495,decode_sample,,3,618238,615898,631098,7040,578471,cudaStreamSynchronize,memcpy|memset|reduce,1
react_tool,answer,mir_operator:decode_embed,496,decode_embed,,3,46290,41387,55629,1888,11911,cudaLaunchKernel,other,1
react_tool,answer,mir_operator:decode_layer00,497,decode_layer00,,3,1175888,1108186,1230496,202465,273327,cudaLaunchKernel,attention|concat|copy|elementwise_binary|elementwise_other|elementwise_unary|gemv|reduce,57
react_tool,answer,mir_operator:decode_layer01,498,decode_layer01,,3,1115748,1083319,1125441,202370,264299,cudaLaunchKernel,attention|concat|copy|elementwise_binary|elementwise_other|elementwise_unary|gemv|reduce,57
react_tool,answer,mir_operator:decode_layer02,499,decode_layer02,,3,1115494,1050956,1182923,201633,261362,cudaLaunchKernel,attention|concat|copy|elementwise_binary|elementwise_other|elementwise_unary|gemv|reduce,57
react_tool,answer,mir_operator:decode_layer03,500,decode_layer03,,3,1099301,1055229,1112419,202592,259752,cudaLaunchKernel,attention|concat|copy|elementwise_binary|elementwise_other|elementwise_unary|gemv|reduce,57
react_tool,answer,mir_operator:decode_layer04,501,decode_layer04,,3,1103808,1049366,1114921,202400,265427,cudaLaunchKernel,attention|concat|copy|elementwise_binary|elementwise_other|elementwise_unary|gemv|reduce,57
react_tool,answer,mir_operator:decode_layer05,502,decode_layer05,,3,1099967,1048264,1108933,201984,267251,cudaLaunchKernel,attention|concat|copy|elementwise_binary|elementwise_other|elementwise_unary|gemv|reduce,57
react_tool,answer,mir_operator:decode_layer06,503,decode_layer06,,3,1096601,1040682,1109551,202306,262460,cudaLaunchKernel,attention|concat|copy|elementwise_binary|elementwise_other|elementwise_unary|gemv|reduce,57
react_tool,answer,mir_operator:decode_layer07,504,decode_layer07,,3,1074937,1048068,1115643,202497,262028,cudaLaunchKernel,attention|concat|copy|elementwise_binary|elementwise_other|elementwise_unary|gemv|reduce,57
react_tool,answer,mir_operator:decode_layer08,505,decode_layer08,,3,1045929,1041311,1104152,202977,253538,cudaLaunchKernel,attention|concat|copy|elementwise_binary|elementwise_other|elementwise_unary|gemv|reduce,57
react_tool,answer,mir_operator:decode_layer09,506,decode_layer09,,3,1103308,1042192,1120248,202338,261625,cudaLaunchKernel,attention|concat|copy|elementwise_binary|elementwise_other|elementwise_unary|gemv|reduce,57
react_tool,answer,mir_operator:decode_layer10,507,decode_layer10,,3,1082257,1045201,1110529,201506,261044,cudaLaunchKernel,attention|concat|copy|elementwise_binary|elementwise_other|elementwise_unary|gemv|reduce,57
react_tool,answer,mir_operator:decode_layer11,508,decode_layer11,,3,1049511,1047858,1099443,202080,259406,cudaLaunchKernel,attention|concat|copy|elementwise_binary|elementwise_other|elementwise_unary|gemv|reduce,57
react_tool,answer,mir_operator:decode_layer12,509,decode_layer12,,3,1050249,1044942,1106092,202145,255034,cudaLaunchKernel,attention|concat|copy|elementwise_binary|elementwise_other|elementwise_unary|gemv|reduce,57
react_tool,answer,mir_operator:decode_layer13,510,decode_layer13,,3,1062520,1042816,1111946,201890,263774,cudaLaunchKernel,attention|concat|copy|elementwise_binary|elementwise_other|elementwise_unary|gemv|reduce,57
react_tool,answer,mir_operator:decode_layer14,511,decode_layer14,,3,1057412,1044090,1095156,201954,258776,cudaLaunchKernel,attention|concat|copy|elementwise_binary|elementwise_other|elementwise_unary|gemv|reduce,57
react_tool,answer,mir_operator:decode_layer15,512,decode_layer15,,3,1038612,1034242,1062431,202625,257176,cudaLaunchKernel,attention|concat|copy|elementwise_binary|elementwise_other|elementwise_unary|gemv|reduce,57
react_tool,answer,mir_operator:decode_layer16,513,decode_layer16,,3,1054686,1052681,1055459,202209,259690,cudaLaunchKernel,attention|concat|copy|elementwise_binary|elementwise_other|elementwise_unary|gemv|reduce,57
react_tool,answer,mir_operator:decode_layer17,514,decode_layer17,,3,1054850,1051033,1087102,203072,256965,cudaLaunchKernel,attention|concat|copy|elementwise_binary|elementwise_other|elementwise_unary|gemv|reduce,57
react_tool,answer,mir_operator:decode_layer18,515,decode_layer18,,3,1069398,1044747,1160612,201921,257155,cudaLaunchKernel,attention|concat|copy|elementwise_binary|elementwise_other|elementwise_unary|gemv|reduce,57
react_tool,answer,mir_operator:decode_layer19,516,decode_layer19,,3,1081272,1039485,1194341,202084,262718,cudaLaunchKernel,attention|concat|copy|elementwise_binary|elementwise_other|elementwise_unary|gemv|reduce,57
react_tool,answer,mir_operator:decode_layer20,517,decode_layer20,,3,1095717,1057058,1199165,201953,258601,cudaLaunchKernel,attention|concat|copy|elementwise_binary|elementwise_other|elementwise_unary|gemv|reduce,57
react_tool,answer,mir_operator:decode_layer21,518,decode_layer21,,3,1106424,1046548,1200733,202561,274890,cudaLaunchKernel,attention|concat|copy|elementwise_binary|elementwise_other|elementwise_unary|gemv|reduce,57
react_tool,answer,mir_operator:decode_layer22,519,decode_layer22,,3,1110312,1068626,1208423,202114,275419,cudaLaunchKernel,attention|concat|copy|elementwise_binary|elementwise_other|elementwise_unary|gemv|reduce,57
react_tool,answer,mir_operator:decode_layer23,520,decode_layer23,,3,1195990,1183784,1207337,202240,286247,cudaLaunchKernel,attention|concat|copy|elementwise_binary|elementwise_other|elementwise_unary|gemv|reduce,57
react_tool,answer,mir_operator:decode_layer24,521,decode_layer24,,3,1214444,1204861,1221838,201953,288692,cudaLaunchKernel,attention|concat|copy|elementwise_binary|elementwise_other|elementwise_unary|gemv|reduce,57
react_tool,answer,mir_operator:decode_layer25,522,decode_layer25,,3,1203297,1196041,1215870,205344,289022,cudaLaunchKernel,attention|concat|copy|elementwise_binary|elementwise_other|elementwise_unary|gemv|reduce,57
react_tool,answer,mir_operator:decode_layer26,523,decode_layer26,,3,1195742,1195475,1199722,203041,281128,cudaLaunchKernel,attention|concat|copy|elementwise_binary|elementwise_other|elementwise_unary|gemv|reduce,57
react_tool,answer,mir_operator:decode_layer27,524,decode_layer27,,3,1199217,1191055,1200589,202112,283111,cudaLaunchKernel,attention|concat|copy|elementwise_binary|elementwise_other|elementwise_unary|gemv|reduce,57
react_tool,answer,mir_operator:decode_head,525,decode_head,,3,233270,227028,242789,662244,46197,cudaLaunchKernel,copy|elementwise_binary|elementwise_unary|gemv|reduce,9
react_tool,answer,mir_operator:decode_sample,526,decode_sample,,3,619801,619714,623939,7072,573902,cudaStreamSynchronize,memcpy|memset|reduce,1
react_tool,answer,mir_operator:decode_embed,527,decode_embed,,3,50382,46868,50732,1888,11999,cudaLaunchKernel,other,1
react_tool,answer,mir_operator:decode_layer00,528,decode_layer00,,3,1258987,1237388,1279569,202881,291631,cudaLaunchKernel,attention|concat|copy|elementwise_binary|elementwise_other|elementwise_unary|gemv|reduce,57
react_tool,answer,mir_operator:decode_layer01,529,decode_layer01,,3,1217177,1204384,1219489,202178,288954,cudaLaunchKernel,attention|concat|copy|elementwise_binary|elementwise_other|elementwise_unary|gemv|reduce,57
react_tool,answer,mir_operator:decode_layer02,530,decode_layer02,,3,1177758,1167239,1210273,202881,275930,cudaLaunchKernel,attention|concat|copy|elementwise_binary|elementwise_other|elementwise_unary|gemv|reduce,57
react_tool,answer,mir_operator:decode_layer03,531,decode_layer03,,3,1200443,1115535,1210927,201857,282890,cudaLaunchKernel,attention|concat|copy|elementwise_binary|elementwise_other|elementwise_unary|gemv|reduce,57
react_tool,answer,mir_operator:decode_layer04,532,decode_layer04,,3,1199051,1138277,1200849,201697,281585,cudaLaunchKernel,attention|concat|copy|elementwise_binary|elementwise_other|elementwise_unary|gemv|reduce,57
react_tool,answer,mir_operator:decode_layer05,533,decode_layer05,,3,1199328,1182968,1208515,202368,289621,cudaLaunchKernel,attention|concat|copy|elementwise_binary|elementwise_other|elementwise_unary|gemv|reduce,57
react_tool,answer,mir_operator:decode_layer06,534,decode_layer06,,3,1180891,1172518,1209297,202337,285479,cudaLaunchKernel,attention|concat|copy|elementwise_binary|elementwise_other|elementwise_unary|gemv|reduce,57
react_tool,answer,mir_operator:decode_layer07,535,decode_layer07,,3,1166297,1140646,1226591,201569,280212,cudaLaunchKernel,attention|concat|copy|elementwise_binary|elementwise_other|elementwise_unary|gemv|reduce,57
react_tool,answer,mir_operator:decode_layer08,536,decode_layer08,,3,1122056,1097948,1201885,202432,270882,cudaLaunchKernel,attention|concat|copy|elementwise_binary|elementwise_other|elementwise_unary|gemv|reduce,57
react_tool,answer,mir_operator:decode_layer09,537,decode_layer09,,3,1167002,1129581,1209118,202113,274826,cudaLaunchKernel,attention|concat|copy|elementwise_binary|elementwise_other|elementwise_unary|gemv|reduce,57
react_tool,answer,mir_operator:decode_layer10,538,decode_layer10,,3,1206399,1170305,1213655,202240,284100,cudaLaunchKernel,attention|concat|copy|elementwise_binary|elementwise_other|elementwise_unary|gemv|reduce,57
react_tool,answer,mir_operator:decode_layer11,539,decode_layer11,,3,1197239,1151631,1218197,201825,283509,cudaLaunchKernel,attention|concat|copy|elementwise_binary|elementwise_other|elementwise_unary|gemv|reduce,57
react_tool,answer,mir_operator:decode_layer12,540,decode_layer12,,3,1207974,1108837,1212179,202849,285166,cudaLaunchKernel,attention|concat|copy|elementwise_binary|elementwise_other|elementwise_unary|gemv|reduce,57
react_tool,answer,mir_operator:decode_layer13,541,decode_layer13,,3,1195549,1099862,1209877,201697,284227,cudaLaunchKernel,attention|concat|copy|elementwise_binary|elementwise_other|elementwise_unary|gemv|reduce,57
react_tool,answer,mir_operator:decode_layer14,542,decode_layer14,,3,1197510,1117549,1201640,202337,282196,cudaLaunchKernel,attention|concat|copy|elementwise_binary|elementwise_other|elementwise_unary|gemv|reduce,57
react_tool,answer,mir_operator:decode_layer15,543,decode_layer15,,3,1193052,1093979,1230889,202464,280143,cudaLaunchKernel,attention|concat|copy|elementwise_binary|elementwise_other|elementwise_unary|gemv|reduce,57
react_tool,answer,mir_operator:decode_layer16,544,decode_layer16,,3,1196041,1076269,1206714,201953,285050,cudaLaunchKernel,attention|concat|copy|elementwise_binary|elementwise_other|elementwise_unary|gemv|reduce,57
react_tool,answer,mir_operator:decode_layer17,545,decode_layer17,,3,1196121,1084029,1204952,202048,280951,cudaLaunchKernel,attention|concat|copy|elementwise_binary|elementwise_other|elementwise_unary|gemv|reduce,57
react_tool,answer,mir_operator:decode_layer18,546,decode_layer18,,3,1196225,1073632,1214342,201923,286490,cudaLaunchKernel,attention|concat|copy|elementwise_binary|elementwise_other|elementwise_unary|gemv|reduce,57
react_tool,answer,mir_operator:decode_layer19,547,decode_layer19,,3,1184488,1073309,1203890,201984,284589,cudaLaunchKernel,attention|concat|copy|elementwise_binary|elementwise_other|elementwise_unary|gemv|reduce,57
react_tool,answer,mir_operator:decode_layer20,548,decode_layer20,,3,1123719,1044626,1196318,201888,265150,cudaLaunchKernel,attention|concat|copy|elementwise_binary|elementwise_other|elementwise_unary|gemv|reduce,57
react_tool,answer,mir_operator:decode_layer21,549,decode_layer21,,3,1162209,1046062,1200946,201731,271879,cudaLaunchKernel,attention|concat|copy|elementwise_binary|elementwise_other|elementwise_unary|gemv|reduce,57
react_tool,answer,mir_operator:decode_layer22,550,decode_layer22,,3,1165259,1055552,1195871,201986,278024,cudaLaunchKernel,attention|concat|copy|elementwise_binary|elementwise_other|elementwise_unary|gemv|reduce,57
react_tool,answer,mir_operator:decode_layer23,551,decode_layer23,,3,1199285,1055652,1215009,203360,283792,cudaLaunchKernel,attention|concat|copy|elementwise_binary|elementwise_other|elementwise_unary|gemv|reduce,57
react_tool,answer,mir_operator:decode_layer24,552,decode_layer24,,3,1161213,1073059,1196319,202209,275984,cudaLaunchKernel,attention|concat|copy|elementwise_binary|elementwise_other|elementwise_unary|gemv|reduce,57
react_tool,answer,mir_operator:decode_layer25,553,decode_layer25,,3,1105021,1093665,1164685,201986,267310,cudaLaunchKernel,attention|concat|copy|elementwise_binary|elementwise_other|elementwise_unary|gemv|reduce,57
react_tool,answer,mir_operator:decode_layer26,554,decode_layer26,,3,1113570,1051647,1177155,268256,266924,cudaLaunchKernel,attention|concat|copy|elementwise_binary|elementwise_other|elementwise_unary|gemv|reduce,57
react_tool,answer,mir_operator:decode_layer27,555,decode_layer27,,3,1121534,1046778,1146040,202848,265075,cudaLaunchKernel,attention|concat|copy|elementwise_binary|elementwise_other|elementwise_unary|gemv|reduce,57
react_tool,answer,mir_operator:decode_head,556,decode_head,,3,223538,200834,234228,662531,44362,cudaLaunchKernel,copy|elementwise_binary|elementwise_unary|gemv|reduce,9
react_tool,answer,mir_operator:decode_sample,557,decode_sample,,3,622704,622523,630245,7264,575371,cudaStreamSynchronize,memcpy|memset|reduce,1
react_tool,answer,mir_operator:decode_embed,558,decode_embed,,3,47553,41586,51583,1856,10955,cudaLaunchKernel,other,1
react_tool,answer,mir_operator:decode_layer00,559,decode_layer00,,3,1165568,1130648,1232363,202626,269772,cudaLaunchKernel,attention|concat|copy|elementwise_binary|elementwise_other|elementwise_unary|gemv|reduce,57
react_tool,answer,mir_operator:decode_layer01,560,decode_layer01,,3,1107891,1065235,1219744,202496,261525,cudaLaunchKernel,attention|concat|copy|elementwise_binary|elementwise_other|elementwise_unary|gemv|reduce,57
react_tool,answer,mir_operator:decode_layer02,561,decode_layer02,,3,1083116,1057838,1215333,202434,255572,cudaLaunchKernel,attention|concat|copy|elementwise_binary|elementwise_other|elementwise_unary|gemv|reduce,57
react_tool,answer,mir_operator:decode_layer03,562,decode_layer03,,3,1087020,1066708,1247220,202850,267458,cudaLaunchKernel,attention|concat|copy|elementwise_binary|elementwise_other|elementwise_unary|gemv|reduce,57
react_tool,answer,mir_operator:decode_layer04,563,decode_layer04,,3,1072457,1069008,1203219,202400,259793,cudaLaunchKernel,attention|concat|copy|elementwise_binary|elementwise_other|elementwise_unary|gemv|reduce,57
react_tool,answer,mir_operator:decode_layer05,564,decode_layer05,,3,1091249,1057655,1206247,202081,262184,cudaLaunchKernel,attention|concat|copy|elementwise_binary|elementwise_other|elementwise_unary|gemv|reduce,57
react_tool,answer,mir_operator:decode_layer06,565,decode_layer06,,3,1135157,1048924,1202296,203171,273698,cudaLaunchKernel,attention|concat|copy|elementwise_binary|elementwise_other|elementwise_unary|gemv|reduce,57
react_tool,answer,mir_operator:decode_layer07,566,decode_layer07,,3,1152192,1044024,1219109,203680,275007,cudaLaunchKernel,attention|concat|copy|elementwise_binary|elementwise_other|elementwise_unary|gemv|reduce,57
react_tool,answer,mir_operator:decode_layer08,567,decode_layer08,,3,1204797,1045822,1211362,202112,280207,cudaLaunchKernel,attention|concat|copy|elementwise_binary|elementwise_other|elementwise_unary|gemv|reduce,57
react_tool,answer,mir_operator:decode_layer09,568,decode_layer09,,3,1175602,1038676,1205329,202464,276996,cudaLaunchKernel,attention|concat|copy|elementwise_binary|elementwise_other|elementwise_unary|gemv|reduce,57
react_tool,answer,mir_operator:decode_layer10,569,decode_layer10,,3,1123513,1045514,1198290,202753,272667,cudaLaunchKernel,attention|concat|copy|elementwise_binary|elementwise_other|elementwise_unary|gemv|reduce,57
react_tool,answer,mir_operator:decode_layer11,570,decode_layer11,,3,1089650,1047420,1187431,203107,264874,cudaLaunchKernel,attention|concat|copy|elementwise_binary|elementwise_other|elementwise_unary|gemv|reduce,57
react_tool,answer,mir_operator:decode_layer12,571,decode_layer12,,3,1099727,1045797,1183116,202241,262223,cudaLaunchKernel,attention|concat|copy|elementwise_binary|elementwise_other|elementwise_unary|gemv|reduce,57
react_tool,answer,mir_operator:decode_layer13,572,decode_layer13,,3,1093052,1043132,1166257,201794,262735,cudaLaunchKernel,attention|concat|copy|elementwise_binary|elementwise_other|elementwise_unary|gemv|reduce,57
react_tool,answer,mir_operator:decode_layer14,573,decode_layer14,,3,1097440,1048353,1166180,202401,262829,cudaLaunchKernel,attention|concat|copy|elementwise_binary|elementwise_other|elementwise_unary|gemv|reduce,57
react_tool,answer,mir_operator:decode_layer15,574,decode_layer15,,3,1132457,1045696,1148768,202338,270948,cudaLaunchKernel,attention|concat|copy|elementwise_binary|elementwise_other|elementwise_unary|gemv|reduce,57
react_tool,answer,mir_operator:decode_layer16,575,decode_layer16,,3,1093428,1047144,1114498,201824,261032,cudaLaunchKernel,attention|concat|copy|elementwise_binary|elementwise_other|elementwise_unary|gemv|reduce,57
react_tool,answer,mir_operator:decode_layer17,576,decode_layer17,,3,1063466,1045519,1158547,201921,254329,cudaLaunchKernel,attention|concat|copy|elementwise_binary|elementwise_other|elementwise_unary|gemv|reduce,57
react_tool,answer,mir_operator:decode_layer18,577,decode_layer18,,3,1110964,1054503,1183160,202048,264030,cudaLaunchKernel,attention|concat|copy|elementwise_binary|elementwise_other|elementwise_unary|gemv|reduce,57
react_tool,answer,mir_operator:decode_layer19,578,decode_layer19,,3,1062548,1045006,1104676,202306,254528,cudaLaunchKernel,attention|concat|copy|elementwise_binary|elementwise_other|elementwise_unary|gemv|reduce,57
react_tool,answer,mir_operator:decode_layer20,579,decode_layer20,,3,1081147,1038326,1125875,202946,262110,cudaLaunchKernel,attention|concat|copy|elementwise_binary|elementwise_other|elementwise_unary|gemv|reduce,57
react_tool,answer,mir_operator:decode_layer21,580,decode_layer21,,3,1066027,1047895,1131204,202401,262413,cudaLaunchKernel,attention|concat|copy|elementwise_binary|elementwise_other|elementwise_unary|gemv|reduce,57
react_tool,answer,mir_operator:decode_layer22,581,decode_layer22,,3,1097678,1053732,1102572,201760,262387,cudaLaunchKernel,attention|concat|copy|elementwise_binary|elementwise_other|elementwise_unary|gemv|reduce,57
react_tool,answer,mir_operator:decode_layer23,582,decode_layer23,,3,1099091,1044246,1108077,202657,262907,cudaLaunchKernel,attention|concat|copy|elementwise_binary|elementwise_other|elementwise_unary|gemv|reduce,57
react_tool,answer,mir_operator:decode_layer24,583,decode_layer24,,3,1107955,1044441,1118943,202304,267159,cudaLaunchKernel,attention|concat|copy|elementwise_binary|elementwise_other|elementwise_unary|gemv|reduce,57
react_tool,answer,mir_operator:decode_layer25,584,decode_layer25,,3,1114917,1043369,1117954,202050,266234,cudaLaunchKernel,attention|concat|copy|elementwise_binary|elementwise_other|elementwise_unary|gemv|reduce,57
react_tool,answer,mir_operator:decode_layer26,585,decode_layer26,,3,1096234,1049645,1098455,202816,261874,cudaLaunchKernel,attention|concat|copy|elementwise_binary|elementwise_other|elementwise_unary|gemv|reduce,57
react_tool,answer,mir_operator:decode_layer27,586,decode_layer27,,3,1095896,1044265,1099738,202594,263243,cudaLaunchKernel,attention|concat|copy|elementwise_binary|elementwise_other|elementwise_unary|gemv|reduce,57
react_tool,answer,mir_operator:decode_head,587,decode_head,,3,226602,195509,227336,662308,43182,cudaLaunchKernel,copy|elementwise_binary|elementwise_unary|gemv|reduce,9
react_tool,answer,mir_operator:decode_sample,588,decode_sample,,3,623167,622813,631377,7072,579755,cudaStreamSynchronize,memcpy|memset|reduce,1
react_tool,answer,mir_operator:decode_embed,589,decode_embed,,3,45441,39664,58489,1888,10636,cudaLaunchKernel,other,1
react_tool,answer,mir_operator:decode_layer00,590,decode_layer00,,3,1139875,1105315,1214119,202657,263575,cudaLaunchKernel,attention|concat|copy|elementwise_binary|elementwise_other|elementwise_unary|gemv|reduce,57
react_tool,answer,mir_operator:decode_layer01,591,decode_layer01,,3,1083174,1063121,1190385,202402,256827,cudaLaunchKernel,attention|concat|copy|elementwise_binary|elementwise_other|elementwise_unary|gemv|reduce,57
react_tool,answer,mir_operator:decode_layer02,592,decode_layer02,,3,1053598,1050509,1176651,202528,254587,cudaLaunchKernel,attention|concat|copy|elementwise_binary|elementwise_other|elementwise_unary|gemv|reduce,57
react_tool,answer,mir_operator:decode_layer03,593,decode_layer03,,3,1052558,1052117,1178916,201824,255832,cudaLaunchKernel,attention|concat|copy|elementwise_binary|elementwise_other|elementwise_unary|gemv|reduce,57
react_tool,answer,mir_operator:decode_layer04,594,decode_layer04,,3,1075738,1046068,1165645,202497,259039,cudaLaunchKernel,attention|concat|copy|elementwise_binary|elementwise_other|elementwise_unary|gemv|reduce,57
react_tool,answer,mir_operator:decode_layer05,595,decode_layer05,,3,1070291,1046718,1139300,203010,261602,cudaLaunchKernel,attention|concat|copy|elementwise_binary|elementwise_other|elementwise_unary|gemv|reduce,57
react_tool,answer,mir_operator:decode_layer06,596,decode_layer06,,3,1050045,1047082,1110702,202946,261427,cudaLaunchKernel,attention|concat|copy|elementwise_binary|elementwise_other|elementwise_unary|gemv|reduce,57
react_tool,answer,mir_operator:decode_layer07,597,decode_layer07,,3,1064958,1042092,1130992,202050,258147,cudaLaunchKernel,attention|concat|copy|elementwise_binary|elementwise_other|elementwise_unary|gemv|reduce,57
react_tool,answer,mir_operator:decode_layer08,598,decode_layer08,,3,1100352,1046049,1139858,202402,260413,cudaLaunchKernel,attention|concat|copy|elementwise_binary|elementwise_other|elementwise_unary|gemv|reduce,57
react_tool,answer,mir_operator:decode_layer09,599,decode_layer09,,3,1093223,1047294,1163396,202337,263169,cudaLaunchKernel,attention|concat|copy|elementwise_binary|elementwise_other|elementwise_unary|gemv|reduce,57
react_tool,answer,mir_operator:decode_layer10,600,decode_layer10,,3,1075887,1052652,1180656,202017,255037,cudaLaunchKernel,attention|concat|copy|elementwise_binary|elementwise_other|elementwise_unary|gemv|reduce,57
react_tool,answer,mir_operator:decode_layer11,601,decode_layer11,,3,1071920,1070163,1156345,201601,262797,cudaLaunchKernel,attention|concat|copy|elementwise_binary|elementwise_other|elementwise_unary|gemv|reduce,57
react_tool,answer,mir_operator:decode_layer12,602,decode_layer12,,3,1101603,1075449,1101978,203937,272085,cudaLaunchKernel,attention|concat|copy|elementwise_binary|elementwise_other|elementwise_unary|gemv|reduce,57
react_tool,answer,mir_operator:decode_layer13,603,decode_layer13,,3,1107094,1082151,1200741,202496,268370,cudaLaunchKernel,attention|concat|copy|elementwise_binary|elementwise_other|elementwise_unary|gemv|reduce,57
react_tool,answer,mir_operator:decode_layer14,604,decode_layer14,,3,1117163,1093452,1223746,202208,276789,cudaLaunchKernel,attention|concat|copy|elementwise_binary|elementwise_other|elementwise_unary|gemv|reduce,57
react_tool,answer,mir_operator:decode_layer15,605,decode_layer15,,3,1159000,1102584,1207574,202080,285693,cudaLaunchKernel,attention|concat|copy|elementwise_binary|elementwise_other|elementwise_unary|gemv|reduce,57
react_tool,answer,mir_operator:decode_layer16,606,decode_layer16,,3,1169928,1130842,1201181,201954,281290,cudaLaunchKernel,attention|concat|copy|elementwise_binary|elementwise_other|elementwise_unary|gemv|reduce,57
react_tool,answer,mir_operator:decode_layer17,607,decode_layer17,,3,1124886,1104486,1202977,202080,270181,cudaLaunchKernel,attention|concat|copy|elementwise_binary|elementwise_other|elementwise_unary|gemv|reduce,57
react_tool,answer,mir_operator:decode_layer18,608,decode_layer18,,3,1106954,1095119,1204856,201825,274542,cudaLaunchKernel,attention|concat|copy|elementwise_binary|elementwise_other|elementwise_unary|gemv|reduce,57
react_tool,answer,mir_operator:decode_layer19,609,decode_layer19,,3,1101884,1096038,1204268,201890,262431,cudaLaunchKernel,attention|concat|copy|elementwise_binary|elementwise_other|elementwise_unary|gemv|reduce,57
react_tool,answer,mir_operator:decode_layer20,610,decode_layer20,,3,1127931,1097009,1202295,202273,274494,cudaLaunchKernel,attention|concat|copy|elementwise_binary|elementwise_other|elementwise_unary|gemv|reduce,57
react_tool,answer,mir_operator:decode_layer21,611,decode_layer21,,3,1116657,1092886,1217593,203107,265459,cudaLaunchKernel,attention|concat|copy|elementwise_binary|elementwise_other|elementwise_unary|gemv|reduce,57
react_tool,answer,mir_operator:decode_layer22,612,decode_layer22,,3,1096485,1096074,1225465,202436,263954,cudaLaunchKernel,attention|concat|copy|elementwise_binary|elementwise_other|elementwise_unary|gemv|reduce,57
react_tool,answer,mir_operator:decode_layer23,613,decode_layer23,,3,1101917,1088346,1204386,202528,267041,cudaLaunchKernel,attention|concat|copy|elementwise_binary|elementwise_other|elementwise_unary|gemv|reduce,57
react_tool,answer,mir_operator:decode_layer24,614,decode_layer24,,3,1103292,1074115,1211737,202081,275394,cudaLaunchKernel,attention|concat|copy|elementwise_binary|elementwise_other|elementwise_unary|gemv|reduce,57
react_tool,answer,mir_operator:decode_layer25,615,decode_layer25,,3,1196406,1094083,1210462,202051,285761,cudaLaunchKernel,attention|concat|copy|elementwise_binary|elementwise_other|elementwise_unary|gemv|reduce,57
react_tool,answer,mir_operator:decode_layer26,616,decode_layer26,,3,1197101,1085952,1199190,202528,280608,cudaLaunchKernel,attention|concat|copy|elementwise_binary|elementwise_other|elementwise_unary|gemv|reduce,57
react_tool,answer,mir_operator:decode_layer27,617,decode_layer27,,3,1203186,1074906,1224484,201793,288738,cudaLaunchKernel,attention|concat|copy|elementwise_binary|elementwise_other|elementwise_unary|gemv|reduce,57
react_tool,answer,mir_operator:decode_head,618,decode_head,,3,225218,203182,256279,661444,45176,cudaLaunchKernel,copy|elementwise_binary|elementwise_unary|gemv|reduce,9
react_tool,answer,mir_operator:decode_sample,619,decode_sample,,3,613649,612381,624889,7040,571592,cudaStreamSynchronize,memcpy|memset|reduce,1
react_tool,answer,mir_operator:decode_embed,620,decode_embed,,3,47981,47455,61130,1856,11706,cudaLaunchKernel,other,1
react_tool,answer,mir_operator:decode_layer00,621,decode_layer00,,3,1293277,1160040,1316540,202624,294331,cudaLaunchKernel,attention|concat|copy|elementwise_binary|elementwise_other|elementwise_unary|gemv|reduce,57
react_tool,answer,mir_operator:decode_layer01,622,decode_layer01,,3,1219213,1091393,1267071,201921,288638,cudaLaunchKernel,attention|concat|copy|elementwise_binary|elementwise_other|elementwise_unary|gemv|reduce,57
react_tool,answer,mir_operator:decode_layer02,623,decode_layer02,,3,1210500,1084360,1218841,202018,284479,cudaLaunchKernel,attention|concat|copy|elementwise_binary|elementwise_other|elementwise_unary|gemv|reduce,57
react_tool,answer,mir_operator:decode_layer03,624,decode_layer03,,3,1209720,1079705,1216331,201986,286314,cudaLaunchKernel,attention|concat|copy|elementwise_binary|elementwise_other|elementwise_unary|gemv|reduce,57
react_tool,answer,mir_operator:decode_layer04,625,decode_layer04,,3,1167468,1097154,1230391,202752,278985,cudaLaunchKernel,attention|concat|copy|elementwise_binary|elementwise_other|elementwise_unary|gemv|reduce,57
react_tool,answer,mir_operator:decode_layer05,626,decode_layer05,,3,1165897,1164743,1231014,203073,279852,cudaLaunchKernel,attention|concat|copy|elementwise_binary|elementwise_other|elementwise_unary|gemv|reduce,57
react_tool,answer,mir_operator:decode_layer06,627,decode_layer06,,3,1197327,1160558,1227072,202690,283945,cudaLaunchKernel,attention|concat|copy|elementwise_binary|elementwise_other|elementwise_unary|gemv|reduce,57
react_tool,answer,mir_operator:decode_layer07,628,decode_layer07,,3,1205289,1162370,1211789,202209,288025,cudaLaunchKernel,attention|concat|copy|elementwise_binary|elementwise_other|elementwise_unary|gemv|reduce,57
react_tool,answer,mir_operator:decode_layer08,629,decode_layer08,,3,1205880,1134317,1239625,202080,284968,cudaLaunchKernel,attention|concat|copy|elementwise_binary|elementwise_other|elementwise_unary|gemv|reduce,57
react_tool,answer,mir_operator:decode_layer09,630,decode_layer09,,3,1223152,1099410,1226099,202177,282310,cudaLaunchKernel,attention|concat|copy|elementwise_binary|elementwise_other|elementwise_unary|gemv|reduce,57
react_tool,answer,mir_operator:decode_layer10,631,decode_layer10,,3,1180220,1121875,1219598,201697,276198,cudaLaunchKernel,attention|concat|copy|elementwise_binary|elementwise_other|elementwise_unary|gemv|reduce,57
react_tool,answer,mir_operator:decode_layer11,632,decode_layer11,,3,1167113,1158847,1204191,201955,281568,cudaLaunchKernel,attention|concat|copy|elementwise_binary|elementwise_other|elementwise_unary|gemv|reduce,57
react_tool,answer,mir_operator:decode_layer12,633,decode_layer12,,3,1175630,1168195,1195828,202208,280602,cudaLaunchKernel,attention|concat|copy|elementwise_binary|elementwise_other|elementwise_unary|gemv|reduce,57
react_tool,answer,mir_operator:decode_layer13,634,decode_layer13,,3,1179240,1161974,1222366,202432,288224,cudaLaunchKernel,attention|concat|copy|elementwise_binary|elementwise_other|elementwise_unary|gemv|reduce,57
react_tool,answer,mir_operator:decode_layer14,635,decode_layer14,,3,1210460,1167544,1219793,202947,283663,cudaLaunchKernel,attention|concat|copy|elementwise_binary|elementwise_other|elementwise_unary|gemv|reduce,57
react_tool,answer,mir_operator:decode_layer15,636,decode_layer15,,3,1196526,1169216,1217695,202145,283417,cudaLaunchKernel,attention|concat|copy|elementwise_binary|elementwise_other|elementwise_unary|gemv|reduce,57
react_tool,answer,mir_operator:decode_layer16,637,decode_layer16,,3,1203707,1186082,1239185,201633,289414,cudaLaunchKernel,attention|concat|copy|elementwise_binary|elementwise_other|elementwise_unary|gemv|reduce,57
react_tool,answer,mir_operator:decode_layer17,638,decode_layer17,,3,1200474,1193130,1232536,202339,283307,cudaLaunchKernel,attention|concat|copy|elementwise_binary|elementwise_other|elementwise_unary|gemv|reduce,57
react_tool,answer,mir_operator:decode_layer18,639,decode_layer18,,3,1204583,1197862,1218785,201728,283362,cudaLaunchKernel,attention|concat|copy|elementwise_binary|elementwise_other|elementwise_unary|gemv|reduce,57
react_tool,answer,mir_operator:decode_layer19,640,decode_layer19,,3,1205192,1173613,1217843,202817,281279,cudaLaunchKernel,attention|concat|copy|elementwise_binary|elementwise_other|elementwise_unary|gemv|reduce,57
react_tool,answer,mir_operator:decode_layer20,641,decode_layer20,,3,1179390,1158345,1204295,202754,281166,cudaLaunchKernel,attention|concat|copy|elementwise_binary|elementwise_other|elementwise_unary|gemv|reduce,57
react_tool,answer,mir_operator:decode_layer21,642,decode_layer21,,3,1200491,1156476,1223657,202081,282244,cudaLaunchKernel,attention|concat|copy|elementwise_binary|elementwise_other|elementwise_unary|gemv|reduce,57
react_tool,answer,mir_operator:decode_layer22,643,decode_layer22,,3,1167501,1154150,1226519,201698,287970,cudaLaunchKernel,attention|concat|copy|elementwise_binary|elementwise_other|elementwise_unary|gemv|reduce,57
react_tool,answer,mir_operator:decode_layer23,644,decode_layer23,,3,1161918,1110657,1225656,267554,280269,cudaLaunchKernel,attention|concat|copy|elementwise_binary|elementwise_other|elementwise_unary|gemv|reduce,57
react_tool,answer,mir_operator:decode_layer24,645,decode_layer24,,3,1133842,1112216,1202462,203042,271286,cudaLaunchKernel,attention|concat|copy|elementwise_binary|elementwise_other|elementwise_unary|gemv|reduce,57
react_tool,answer,mir_operator:decode_layer25,646,decode_layer25,,3,1201808,1115000,1234167,202465,264838,cudaLaunchKernel,attention|concat|copy|elementwise_binary|elementwise_other|elementwise_unary|gemv|reduce,57
react_tool,answer,mir_operator:decode_layer26,647,decode_layer26,,3,1123799,1088221,1205105,202304,270868,cudaLaunchKernel,attention|concat|copy|elementwise_binary|elementwise_other|elementwise_unary|gemv|reduce,57
react_tool,answer,mir_operator:decode_layer27,648,decode_layer27,,3,1091499,1067788,1214329,202017,257618,cudaLaunchKernel,attention|concat|copy|elementwise_binary|elementwise_other|elementwise_unary|gemv|reduce,57
react_tool,answer,mir_operator:decode_head,649,decode_head,,3,232044,202966,240467,661219,44375,cudaLaunchKernel,copy|elementwise_binary|elementwise_unary|gemv|reduce,9
react_tool,answer,mir_operator:decode_sample,650,decode_sample,,3,618348,597750,626814,7104,549351,cudaStreamSynchronize,memcpy|memset|reduce,1
react_tool,answer,mir_operator:decode_embed,651,decode_embed,,3,56965,41509,57544,1856,11461,cudaLaunchKernel,other,1
react_tool,answer,mir_operator:decode_layer00,652,decode_layer00,,3,1164140,1150005,1306306,202464,276417,cudaLaunchKernel,attention|concat|copy|elementwise_binary|elementwise_other|elementwise_unary|gemv|reduce,57
react_tool,answer,mir_operator:decode_layer01,653,decode_layer01,,3,1128165,1115075,1224557,202273,275245,cudaLaunchKernel,attention|concat|copy|elementwise_binary|elementwise_other|elementwise_unary|gemv|reduce,57
react_tool,answer,mir_operator:decode_layer02,654,decode_layer02,,3,1128452,1108065,1212671,201729,274994,cudaLaunchKernel,attention|concat|copy|elementwise_binary|elementwise_other|elementwise_unary|gemv|reduce,57
react_tool,answer,mir_operator:decode_layer03,655,decode_layer03,,3,1167442,1118442,1205880,201730,273316,cudaLaunchKernel,attention|concat|copy|elementwise_binary|elementwise_other|elementwise_unary|gemv|reduce,57
react_tool,answer,mir_operator:decode_layer04,656,decode_layer04,,3,1200171,1109854,1228089,202112,291432,cudaLaunchKernel,attention|concat|copy|elementwise_binary|elementwise_other|elementwise_unary|gemv|reduce,57
react_tool,answer,mir_operator:decode_layer05,657,decode_layer05,,3,1215613,1106839,1219894,202338,282888,cudaLaunchKernel,attention|concat|copy|elementwise_binary|elementwise_other|elementwise_unary|gemv|reduce,57
react_tool,answer,mir_operator:decode_layer06,658,decode_layer06,,3,1203153,1105187,1203539,203265,281230,cudaLaunchKernel,attention|concat|copy|elementwise_binary|elementwise_other|elementwise_unary|gemv|reduce,57
react_tool,answer,mir_operator:decode_layer07,659,decode_layer07,,3,1213244,1105778,1215635,202657,290179,cudaLaunchKernel,attention|concat|copy|elementwise_binary|elementwise_other|elementwise_unary|gemv|reduce,57
react_tool,answer,mir_operator:decode_layer08,660,decode_layer08,,3,1189218,1108187,1216121,202368,279966,cudaLaunchKernel,attention|concat|copy|elementwise_binary|elementwise_other|elementwise_unary|gemv|reduce,57
react_tool,answer,mir_operator:decode_layer09,661,decode_layer09,,3,1198476,1085891,1208960,202081,279078,cudaLaunchKernel,attention|concat|copy|elementwise_binary|elementwise_other|elementwise_unary|gemv|reduce,57
react_tool,answer,mir_operator:decode_layer10,662,decode_layer10,,3,1174600,1100860,1210472,203424,276329,cudaLaunchKernel,attention|concat|copy|elementwise_binary|elementwise_other|elementwise_unary|gemv|reduce,57
react_tool,answer,mir_operator:decode_layer11,663,decode_layer11,,3,1177029,1078862,1211439,202114,276472,cudaLaunchKernel,attention|concat|copy|elementwise_binary|elementwise_other|elementwise_unary|gemv|reduce,57
react_tool,answer,mir_operator:decode_layer12,664,decode_layer12,,3,1169170,1075626,1225381,202594,274179,cudaLaunchKernel,attention|concat|copy|elementwise_binary|elementwise_other|elementwise_unary|gemv|reduce,57
react_tool,answer,mir_operator:decode_layer13,665,decode_layer13,,3,1181943,1053658,1239622,201697,287450,cudaLaunchKernel,attention|concat|copy|elementwise_binary|elementwise_other|elementwise_unary|gemv|reduce,57
react_tool,answer,mir_operator:decode_layer14,666,decode_layer14,,3,1175296,1066028,1177346,202816,276126,cudaLaunchKernel,attention|concat|copy|elementwise_binary|elementwise_other|elementwise_unary|gemv|reduce,57
react_tool,answer,mir_operator:decode_layer15,667,decode_layer15,,3,1166577,1065059,1181661,202946,275881,cudaLaunchKernel,attention|concat|copy|elementwise_binary|elementwise_other|elementwise_unary|gemv|reduce,57
react_tool,answer,mir_operator:decode_layer16,668,decode_layer16,,3,1176712,1064071,1181256,201472,273968,cudaLaunchKernel,attention|concat|copy|elementwise_binary|elementwise_other|elementwise_unary|gemv|reduce,57
react_tool,answer,mir_operator:decode_layer17,669,decode_layer17,,3,1127497,1061476,1192352,201952,260943,cudaLaunchKernel,attention|concat|copy|elementwise_binary|elementwise_other|elementwise_unary|gemv|reduce,57
react_tool,answer,mir_operator:decode_layer18,670,decode_layer18,,3,1170186,1120303,1176578,202593,271516,cudaLaunchKernel,attention|concat|copy|elementwise_binary|elementwise_other|elementwise_unary|gemv|reduce,57
react_tool,answer,mir_operator:decode_layer19,671,decode_layer19,,3,1179256,1099035,1206933,201984,284986,cudaLaunchKernel,attention|concat|copy|elementwise_binary|elementwise_other|elementwise_unary|gemv|reduce,57
react_tool,answer,mir_operator:decode_layer20,672,decode_layer20,,3,1205927,1076552,1222454,202177,286301,cudaLaunchKernel,attention|concat|copy|elementwise_binary|elementwise_other|elementwise_unary|gemv|reduce,57
react_tool,answer,mir_operator:decode_layer21,673,decode_layer21,,3,1195297,1074466,1222101,202018,284835,cudaLaunchKernel,attention|concat|copy|elementwise_binary|elementwise_other|elementwise_unary|gemv|reduce,57
react_tool,answer,mir_operator:decode_layer22,674,decode_layer22,,3,1088708,1068858,1211685,201729,261548,cudaLaunchKernel,attention|concat|copy|elementwise_binary|elementwise_other|elementwise_unary|gemv|reduce,57
react_tool,answer,mir_operator:decode_layer23,675,decode_layer23,,3,1111492,1077537,1220420,202178,264763,cudaLaunchKernel,attention|concat|copy|elementwise_binary|elementwise_other|elementwise_unary|gemv|reduce,57
react_tool,answer,mir_operator:decode_layer24,676,decode_layer24,,3,1113336,1042530,1206996,202593,272109,cudaLaunchKernel,attention|concat|copy|elementwise_binary|elementwise_other|elementwise_unary|gemv|reduce,57
react_tool,answer,mir_operator:decode_layer25,677,decode_layer25,,3,1118154,1045291,1245552,202082,271609,cudaLaunchKernel,attention|concat|copy|elementwise_binary|elementwise_other|elementwise_unary|gemv|reduce,57
react_tool,answer,mir_operator:decode_layer26,678,decode_layer26,,3,1165444,1041306,1198905,202656,275125,cudaLaunchKernel,attention|concat|copy|elementwise_binary|elementwise_other|elementwise_unary|gemv|reduce,57
react_tool,answer,mir_operator:decode_layer27,679,decode_layer27,,3,1171086,1040827,1202630,201825,270946,cudaLaunchKernel,attention|concat|copy|elementwise_binary|elementwise_other|elementwise_unary|gemv|reduce,57
react_tool,answer,mir_operator:decode_head,680,decode_head,,3,237000,195609,257310,663492,47745,cudaLaunchKernel,copy|elementwise_binary|elementwise_unary|gemv|reduce,9
react_tool,answer,mir_operator:decode_sample,681,decode_sample,,3,622899,609312,630402,7072,572294,cudaStreamSynchronize,memcpy|memset|reduce,1
react_tool,answer,mir_operator:decode_embed,682,decode_embed,,3,55095,39609,60260,1856,12314,cudaLaunchKernel,other,1
react_tool,answer,mir_operator:decode_layer00,683,decode_layer00,,3,1271215,1117951,1289656,203009,291910,cudaLaunchKernel,attention|concat|copy|elementwise_binary|elementwise_other|elementwise_unary|gemv|reduce,57
react_tool,answer,mir_operator:decode_layer01,684,decode_layer01,,3,1151728,1058609,1280397,202562,273835,cudaLaunchKernel,attention|concat|copy|elementwise_binary|elementwise_other|elementwise_unary|gemv|reduce,57
react_tool,answer,mir_operator:decode_layer02,685,decode_layer02,,3,1219676,1046449,1504123,201857,283754,cudaLaunchKernel,attention|concat|copy|elementwise_binary|elementwise_other|elementwise_unary|gemv|reduce,57
react_tool,answer,mir_operator:decode_layer03,686,decode_layer03,,3,1119672,1048533,1224589,201568,284914,cudaLaunchKernel,attention|concat|copy|elementwise_binary|elementwise_other|elementwise_unary|gemv|reduce,57
react_tool,answer,mir_operator:decode_layer04,687,decode_layer04,,3,1141678,1045143,1242309,201826,285202,cudaLaunchKernel,attention|concat|copy|elementwise_binary|elementwise_other|elementwise_unary|gemv|reduce,57
react_tool,answer,mir_operator:decode_layer05,688,decode_layer05,,3,1116516,1061526,1217168,244065,264577,cudaLaunchKernel,attention|concat|copy|elementwise_binary|elementwise_other|elementwise_unary|gemv|reduce,57
react_tool,answer,mir_operator:decode_layer06,689,decode_layer06,,3,1096972,1092381,1168915,205409,270734,cudaLaunchKernel,attention|concat|copy|elementwise_binary|elementwise_other|elementwise_unary|gemv|reduce,57
react_tool,answer,mir_operator:decode_layer07,690,decode_layer07,,3,1096825,1068338,1180382,202242,259968,cudaLaunchKernel,attention|concat|copy|elementwise_binary|elementwise_other|elementwise_unary|gemv|reduce,57
react_tool,answer,mir_operator:decode_layer08,691,decode_layer08,,3,1132803,1112177,1167503,202433,267134,cudaLaunchKernel,attention|concat|copy|elementwise_binary|elementwise_other|elementwise_unary|gemv|reduce,57
react_tool,answer,mir_operator:decode_layer09,692,decode_layer09,,3,1164294,1124237,1174570,202114,274724,cudaLaunchKernel,attention|concat|copy|elementwise_binary|elementwise_other|elementwise_unary|gemv|reduce,57
react_tool,answer,mir_operator:decode_layer10,693,decode_layer10,,3,1170303,1104997,1181241,202145,275945,cudaLaunchKernel,attention|concat|copy|elementwise_binary|elementwise_other|elementwise_unary|gemv|reduce,57
react_tool,answer,mir_operator:decode_layer11,694,decode_layer11,,3,1166531,1155666,1169201,202626,273216,cudaLaunchKernel,attention|concat|copy|elementwise_binary|elementwise_other|elementwise_unary|gemv|reduce,57
react_tool,answer,mir_operator:decode_layer12,695,decode_layer12,,3,1215477,1174089,1220470,202305,285321,cudaLaunchKernel,attention|concat|copy|elementwise_binary|elementwise_other|elementwise_unary|gemv|reduce,57
react_tool,answer,mir_operator:decode_layer13,696,decode_layer13,,3,1167397,1164781,1456242,201953,287725,cudaLaunchKernel,attention|concat|copy|elementwise_binary|elementwise_other|elementwise_unary|gemv|reduce,57
react_tool,answer,mir_operator:decode_layer14,697,decode_layer14,,3,1162530,1161207,1519791,201856,275355,cudaLaunchKernel,attention|concat|copy|elementwise_binary|elementwise_other|elementwise_unary|gemv|reduce,57
react_tool,answer,mir_operator:decode_layer15,698,decode_layer15,,3,1174498,1160669,1539187,202884,279163,cudaLaunchKernel,attention|concat|copy|elementwise_binary|elementwise_other|elementwise_unary|gemv|reduce,57
react_tool,answer,mir_operator:decode_layer16,699,decode_layer16,,3,1178936,1159992,1211998,202562,282953,cudaLaunchKernel,attention|concat|copy|elementwise_binary|elementwise_other|elementwise_unary|gemv|reduce,57
react_tool,answer,mir_operator:decode_layer17,700,decode_layer17,,3,1178942,1159687,1205106,202976,275943,cudaLaunchKernel,attention|concat|copy|elementwise_binary|elementwise_other|elementwise_unary|gemv|reduce,57
react_tool,answer,mir_operator:decode_layer18,701,decode_layer18,,3,1179799,1166717,1228100,202593,276150,cudaLaunchKernel,attention|concat|copy|elementwise_binary|elementwise_other|elementwise_unary|gemv|reduce,57
react_tool,answer,mir_operator:decode_layer19,702,decode_layer19,,3,1197276,1119066,1546964,305730,284423,cudaLaunchKernel,attention|concat|copy|elementwise_binary|elementwise_other|elementwise_unary|gemv|reduce,57
react_tool,answer,mir_operator:decode_layer20,703,decode_layer20,,3,1208868,1131957,1241289,205059,287487,cudaLaunchKernel,attention|concat|copy|elementwise_binary|elementwise_other|elementwise_unary|gemv|reduce,57
react_tool,answer,mir_operator:decode_layer21,704,decode_layer21,,3,1205316,1143367,1213958,202113,279655,cudaLaunchKernel,attention|concat|copy|elementwise_binary|elementwise_other|elementwise_unary|gemv|reduce,57
react_tool,answer,mir_operator:decode_layer22,705,decode_layer22,,3,1186788,1109931,1197766,202977,273838,cudaLaunchKernel,attention|concat|copy|elementwise_binary|elementwise_other|elementwise_unary|gemv|reduce,57
react_tool,answer,mir_operator:decode_layer23,706,decode_layer23,,3,1176754,1097583,1194202,202083,268628,cudaLaunchKernel,attention|concat|copy|elementwise_binary|elementwise_other|elementwise_unary|gemv|reduce,57
react_tool,answer,mir_operator:decode_layer24,707,decode_layer24,,3,1157562,1096953,1213729,201664,270689,cudaLaunchKernel,attention|concat|copy|elementwise_binary|elementwise_other|elementwise_unary|gemv|reduce,57
react_tool,answer,mir_operator:decode_layer25,708,decode_layer25,,3,1159386,1094689,1206313,203267,268672,cudaLaunchKernel,attention|concat|copy|elementwise_binary|elementwise_other|elementwise_unary|gemv|reduce,57
react_tool,answer,mir_operator:decode_layer26,709,decode_layer26,,3,1161400,1146902,1184442,202145,273230,cudaLaunchKernel,attention|concat|copy|elementwise_binary|elementwise_other|elementwise_unary|gemv|reduce,57
react_tool,answer,mir_operator:decode_layer27,710,decode_layer27,,3,1162260,1139964,1164363,202016,273492,cudaLaunchKernel,attention|concat|copy|elementwise_binary|elementwise_other|elementwise_unary|gemv|reduce,57
react_tool,answer,mir_operator:decode_head,711,decode_head,,3,233644,230742,272384,661795,49727,cudaLaunchKernel,copy|elementwise_binary|elementwise_unary|gemv|reduce,9
react_tool,answer,mir_operator:decode_sample,712,decode_sample,,3,617149,613954,619293,7104,566002,cudaStreamSynchronize,memcpy|memset|reduce,1
react_tool,answer,mir_operator:decode_embed,713,decode_embed,,3,55442,50171,58063,1888,13176,cudaLaunchKernel,other,1
react_tool,answer,mir_operator:decode_layer00,714,decode_layer00,,3,1264413,1155328,1296665,202530,293138,cudaLaunchKernel,attention|concat|copy|elementwise_binary|elementwise_other|elementwise_unary|gemv|reduce,57
react_tool,answer,mir_operator:decode_layer01,715,decode_layer01,,3,1188260,1160018,1196377,202400,276573,cudaLaunchKernel,attention|concat|copy|elementwise_binary|elementwise_other|elementwise_unary|gemv|reduce,57
react_tool,answer,mir_operator:decode_layer02,716,decode_layer02,,3,1177809,1136517,1208209,201922,278217,cudaLaunchKernel,attention|concat|copy|elementwise_binary|elementwise_other|elementwise_unary|gemv|reduce,57
react_tool,answer,mir_operator:decode_layer03,717,decode_layer03,,3,1170413,1102387,1219556,201921,284712,cudaLaunchKernel,attention|concat|copy|elementwise_binary|elementwise_other|elementwise_unary|gemv|reduce,57
react_tool,answer,mir_operator:decode_layer04,718,decode_layer04,,3,1171588,1092585,1232736,201569,283008,cudaLaunchKernel,attention|concat|copy|elementwise_binary|elementwise_other|elementwise_unary|gemv|reduce,57
react_tool,answer,mir_operator:decode_layer05,719,decode_layer05,,3,1169728,1098240,1209158,202178,279171,cudaLaunchKernel,attention|concat|copy|elementwise_binary|elementwise_other|elementwise_unary|gemv|reduce,57
react_tool,answer,mir_operator:decode_layer06,720,decode_layer06,,3,1205181,1096809,1217470,202690,293061,cudaLaunchKernel,attention|concat|copy|elementwise_binary|elementwise_other|elementwise_unary|gemv|reduce,57
react_tool,answer,mir_operator:decode_layer07,721,decode_layer07,,3,1205278,1108165,1212595,202336,281624,cudaLaunchKernel,attention|concat|copy|elementwise_binary|elementwise_other|elementwise_unary|gemv|reduce,57
react_tool,answer,mir_operator:decode_layer08,722,decode_layer08,,3,1216531,1093908,1235708,202401,281659,cudaLaunchKernel,attention|concat|copy|elementwise_binary|elementwise_other|elementwise_unary|gemv|reduce,57
react_tool,answer,mir_operator:decode_layer09,723,decode_layer09,,3,1205577,1120247,1208667,202912,283091,cudaLaunchKernel,attention|concat|copy|elementwise_binary|elementwise_other|elementwise_unary|gemv|reduce,57
react_tool,answer,mir_operator:decode_layer10,724,decode_layer10,,3,1209256,1105269,1209345,202210,280108,cudaLaunchKernel,attention|concat|copy|elementwise_binary|elementwise_other|elementwise_unary|gemv|reduce,57
react_tool,answer,mir_operator:decode_layer11,725,decode_layer11,,3,1207843,1096407,1275942,201409,277975,cudaLaunchKernel,attention|concat|copy|elementwise_binary|elementwise_other|elementwise_unary|gemv|reduce,57
react_tool,answer,mir_operator:decode_layer12,726,decode_layer12,,3,1219412,1093072,1390487,202817,283149,cudaLaunchKernel,attention|concat|copy|elementwise_binary|elementwise_other|elementwise_unary|gemv|reduce,57
react_tool,answer,mir_operator:decode_layer13,727,decode_layer13,,3,1209971,1083829,1212053,201857,284701,cudaLaunchKernel,attention|concat|copy|elementwise_binary|elementwise_other|elementwise_unary|gemv|reduce,57
react_tool,answer,mir_operator:decode_layer14,728,decode_layer14,,3,1176966,1111829,1229756,203073,284268,cudaLaunchKernel,attention|concat|copy|elementwise_binary|elementwise_other|elementwise_unary|gemv|reduce,57
react_tool,answer,mir_operator:decode_layer15,729,decode_layer15,,3,1173292,1050572,1212217,201889,279892,cudaLaunchKernel,attention|concat|copy|elementwise_binary|elementwise_other|elementwise_unary|gemv|reduce,57
react_tool,answer,mir_operator:decode_layer16,730,decode_layer16,,3,1169559,1036074,1242654,202369,283561,cudaLaunchKernel,attention|concat|copy|elementwise_binary|elementwise_other|elementwise_unary|gemv|reduce,57
react_tool,answer,mir_operator:decode_layer17,731,decode_layer17,,3,1196831,1034684,1198828,202688,279939,cudaLaunchKernel,attention|concat|copy|elementwise_binary|elementwise_other|elementwise_unary|gemv|reduce,57
react_tool,answer,mir_operator:decode_layer18,732,decode_layer18,,3,1171391,1083601,1217734,207586,276321,cudaLaunchKernel,attention|concat|copy|elementwise_binary|elementwise_other|elementwise_unary|gemv|reduce,57
react_tool,answer,mir_operator:decode_layer19,733,decode_layer19,,3,1202139,1079861,1215406,202658,282987,cudaLaunchKernel,attention|concat|copy|elementwise_binary|elementwise_other|elementwise_unary|gemv|reduce,57
react_tool,answer,mir_operator:decode_layer20,734,decode_layer20,,3,1198262,1100245,1204866,202337,283569,cudaLaunchKernel,attention|concat|copy|elementwise_binary|elementwise_other|elementwise_unary|gemv|reduce,57
react_tool,answer,mir_operator:decode_layer21,735,decode_layer21,,3,1197004,1107421,1228014,202049,277432,cudaLaunchKernel,attention|concat|copy|elementwise_binary|elementwise_other|elementwise_unary|gemv|reduce,57
react_tool,answer,mir_operator:decode_layer22,736,decode_layer22,,3,1159465,1103579,1213503,202401,278255,cudaLaunchKernel,attention|concat|copy|elementwise_binary|elementwise_other|elementwise_unary|gemv|reduce,57
react_tool,answer,mir_operator:decode_layer23,737,decode_layer23,,3,1170733,1098086,1205801,202336,280071,cudaLaunchKernel,attention|concat|copy|elementwise_binary|elementwise_other|elementwise_unary|gemv|reduce,57
react_tool,answer,mir_operator:decode_layer24,738,decode_layer24,,3,1202750,1095490,1405576,201952,286608,cudaLaunchKernel,attention|concat|copy|elementwise_binary|elementwise_other|elementwise_unary|gemv|reduce,57
react_tool,answer,mir_operator:decode_layer25,739,decode_layer25,,3,1202012,1095586,1248757,201920,285081,cudaLaunchKernel,attention|concat|copy|elementwise_binary|elementwise_other|elementwise_unary|gemv|reduce,57
react_tool,answer,mir_operator:decode_layer26,740,decode_layer26,,3,1211292,1093681,1226383,202978,278897,cudaLaunchKernel,attention|concat|copy|elementwise_binary|elementwise_other|elementwise_unary|gemv|reduce,57
react_tool,answer,mir_operator:decode_layer27,741,decode_layer27,,3,1203418,1109835,1220356,202082,277946,cudaLaunchKernel,attention|concat|copy|elementwise_binary|elementwise_other|elementwise_unary|gemv|reduce,57
react_tool,answer,mir_operator:decode_head,742,decode_head,,3,243823,223770,253716,661700,48616,cudaLaunchKernel,copy|elementwise_binary|elementwise_unary|gemv|reduce,9
react_tool,answer,mir_operator:decode_sample,743,decode_sample,,3,611779,608750,620830,7040,551692,cudaStreamSynchronize,memcpy|memset|reduce,1
react_tool,answer,mir_operator:decode_embed,744,decode_embed,,3,56994,43001,62264,1888,12750,cudaLaunchKernel,other,1
react_tool,answer,mir_operator:decode_layer00,745,decode_layer00,,3,1301791,1120893,1329390,202881,292379,cudaLaunchKernel,attention|concat|copy|elementwise_binary|elementwise_other|elementwise_unary|gemv|reduce,57
react_tool,answer,mir_operator:decode_layer01,746,decode_layer01,,3,1228368,1062813,1232935,202657,286287,cudaLaunchKernel,attention|concat|copy|elementwise_binary|elementwise_other|elementwise_unary|gemv|reduce,57
react_tool,answer,mir_operator:decode_layer02,747,decode_layer02,,3,1222698,1047354,1234785,202689,283636,cudaLaunchKernel,attention|concat|copy|elementwise_binary|elementwise_other|elementwise_unary|gemv|reduce,57
react_tool,answer,mir_operator:decode_layer03,748,decode_layer03,,3,1191877,1042478,1219312,202625,284782,cudaLaunchKernel,attention|concat|copy|elementwise_binary|elementwise_other|elementwise_unary|gemv|reduce,57
react_tool,answer,mir_operator:decode_layer04,749,decode_layer04,,3,1188374,1043997,1209270,202785,274940,cudaLaunchKernel,attention|concat|copy|elementwise_binary|elementwise_other|elementwise_unary|gemv|reduce,57
react_tool,answer,mir_operator:decode_layer05,750,decode_layer05,,3,1117151,1051658,1210539,201792,263556,cudaLaunchKernel,attention|concat|copy|elementwise_binary|elementwise_other|elementwise_unary|gemv|reduce,57
react_tool,answer,mir_operator:decode_layer06,751,decode_layer06,,3,1130479,1044468,1208752,202690,269198,cudaLaunchKernel,attention|concat|copy|elementwise_binary|elementwise_other|elementwise_unary|gemv|reduce,57
react_tool,answer,mir_operator:decode_layer07,752,decode_layer07,,3,1217267,1061401,1229841,201955,288398,cudaLaunchKernel,attention|concat|copy|elementwise_binary|elementwise_other|elementwise_unary|gemv|reduce,57
react_tool,answer,mir_operator:decode_layer08,753,decode_layer08,,3,1205486,1070728,1247422,201664,277441,cudaLaunchKernel,attention|concat|copy|elementwise_binary|elementwise_other|elementwise_unary|gemv|reduce,57
react_tool,answer,mir_operator:decode_layer09,754,decode_layer09,,3,1200341,1058069,1213040,203073,278872,cudaLaunchKernel,attention|concat|copy|elementwise_binary|elementwise_other|elementwise_unary|gemv|reduce,57
react_tool,answer,mir_operator:decode_layer10,755,decode_layer10,,3,1188832,1044548,1190832,202241,280016,cudaLaunchKernel,attention|concat|copy|elementwise_binary|elementwise_other|elementwise_unary|gemv|reduce,57
react_tool,answer,mir_operator:decode_layer11,756,decode_layer11,,3,1219544,1050488,2204344,202081,279282,cudaLaunchKernel,attention|concat|copy|elementwise_binary|elementwise_other|elementwise_unary|gemv|reduce,57
react_tool,answer,mir_operator:decode_layer12,757,decode_layer12,,3,1226068,1045278,1366230,202048,281415,cudaLaunchKernel,attention|concat|copy|elementwise_binary|elementwise_other|elementwise_unary|gemv|reduce,57
react_tool,answer,mir_operator:decode_layer13,758,decode_layer13,,3,1202923,1042814,1227352,202785,278515,cudaLaunchKernel,attention|concat|copy|elementwise_binary|elementwise_other|elementwise_unary|gemv|reduce,57
react_tool,answer,mir_operator:decode_layer14,759,decode_layer14,,3,1199637,1042768,1206907,201859,282917,cudaLaunchKernel,attention|concat|copy|elementwise_binary|elementwise_other|elementwise_unary|gemv|reduce,57
react_tool,answer,mir_operator:decode_layer15,760,decode_layer15,,3,1205300,1046105,1233290,202624,286136,cudaLaunchKernel,attention|concat|copy|elementwise_binary|elementwise_other|elementwise_unary|gemv|reduce,57
react_tool,answer,mir_operator:decode_layer16,761,decode_layer16,,3,1230645,1047772,1761239,202241,293084,cudaLaunchKernel,attention|concat|copy|elementwise_binary|elementwise_other|elementwise_unary|gemv|reduce,57
react_tool,answer,mir_operator:decode_layer17,762,decode_layer17,,3,1143076,1062589,1215045,202880,263063,cudaLaunchKernel,attention|concat|copy|elementwise_binary|elementwise_other|elementwise_unary|gemv|reduce,57
react_tool,answer,mir_operator:decode_layer18,763,decode_layer18,,3,1111718,1042807,1227751,202434,261630,cudaLaunchKernel,attention|concat|copy|elementwise_binary|elementwise_other|elementwise_unary|gemv|reduce,57
react_tool,answer,mir_operator:decode_layer19,764,decode_layer19,,3,1090293,1086432,1214231,202881,261749,cudaLaunchKernel,attention|concat|copy|elementwise_binary|elementwise_other|elementwise_unary|gemv|reduce,57
react_tool,answer,mir_operator:decode_layer20,765,decode_layer20,,3,1081015,1048841,1218446,202400,266506,cudaLaunchKernel,attention|concat|copy|elementwise_binary|elementwise_other|elementwise_unary|gemv|reduce,57
react_tool,answer,mir_operator:decode_layer21,766,decode_layer21,,3,1114448,1043547,1203577,201728,261813,cudaLaunchKernel,attention|concat|copy|elementwise_binary|elementwise_other|elementwise_unary|gemv|reduce,57
react_tool,answer,mir_operator:decode_layer22,767,decode_layer22,,3,1093091,1043684,1199899,201858,255053,cudaLaunchKernel,attention|concat|copy|elementwise_binary|elementwise_other|elementwise_unary|gemv|reduce,57
react_tool,answer,mir_operator:decode_layer23,768,decode_layer23,,3,1068684,1046739,1235990,202371,253975,cudaLaunchKernel,attention|concat|copy|elementwise_binary|elementwise_other|elementwise_unary|gemv|reduce,57
react_tool,answer,mir_operator:decode_layer24,769,decode_layer24,,3,1096217,1045396,1173217,202274,262755,cudaLaunchKernel,attention|concat|copy|elementwise_binary|elementwise_other|elementwise_unary|gemv|reduce,57
react_tool,answer,mir_operator:decode_layer25,770,decode_layer25,,3,1078382,1045136,1191281,201890,256590,cudaLaunchKernel,attention|concat|copy|elementwise_binary|elementwise_other|elementwise_unary|gemv|reduce,57
react_tool,answer,mir_operator:decode_layer26,771,decode_layer26,,3,1088747,1084278,1207628,202082,267720,cudaLaunchKernel,attention|concat|copy|elementwise_binary|elementwise_other|elementwise_unary|gemv|reduce,57
react_tool,answer,mir_operator:decode_layer27,772,decode_layer27,,3,1085882,1077395,1214570,202531,263718,cudaLaunchKernel,attention|concat|copy|elementwise_binary|elementwise_other|elementwise_unary|gemv|reduce,57
react_tool,answer,mir_operator:decode_head,773,decode_head,,3,234037,206745,237403,661188,47689,cudaLaunchKernel,copy|elementwise_binary|elementwise_unary|gemv|reduce,9
react_tool,answer,mir_operator:decode_sample,774,decode_sample,,3,618848,615496,769092,7104,579744,cudaStreamSynchronize,memcpy|memset|reduce,1
react_tool,answer,mir_operator:decode_embed,775,decode_embed,,3,56541,40758,58771,1888,12526,cudaLaunchKernel,other,1
react_tool,answer,mir_operator:decode_layer00,776,decode_layer00,,3,1184845,1142112,1305888,202913,274805,cudaLaunchKernel,attention|concat|copy|elementwise_binary|elementwise_other|elementwise_unary|gemv|reduce,57
react_tool,answer,mir_operator:decode_layer01,777,decode_layer01,,3,1126089,1075739,1228484,202147,264533,cudaLaunchKernel,attention|concat|copy|elementwise_binary|elementwise_other|elementwise_unary|gemv|reduce,57
react_tool,answer,mir_operator:decode_layer02,778,decode_layer02,,3,1114285,1057361,1221406,202337,266436,cudaLaunchKernel,attention|concat|copy|elementwise_binary|elementwise_other|elementwise_unary|gemv|reduce,57
react_tool,answer,mir_operator:decode_layer03,779,decode_layer03,,3,1071573,1047278,1168104,202178,253166,cudaLaunchKernel,attention|concat|copy|elementwise_binary|elementwise_other|elementwise_unary|gemv|reduce,57
react_tool,answer,mir_operator:decode_layer04,780,decode_layer04,,3,1075585,1042475,1134552,201889,261876,cudaLaunchKernel,attention|concat|copy|elementwise_binary|elementwise_other|elementwise_unary|gemv|reduce,57
react_tool,answer,mir_operator:decode_layer05,781,decode_layer05,,3,1092437,1074633,1115874,202626,256040,cudaLaunchKernel,attention|concat|copy|elementwise_binary|elementwise_other|elementwise_unary|gemv|reduce,57
react_tool,answer,mir_operator:decode_layer06,782,decode_layer06,,3,1127956,1112204,1151299,202689,265226,cudaLaunchKernel,attention|concat|copy|elementwise_binary|elementwise_other|elementwise_unary|gemv|reduce,57
react_tool,answer,mir_operator:decode_layer07,783,decode_layer07,,3,1115691,1104190,1221414,201697,273597,cudaLaunchKernel,attention|concat|copy|elementwise_binary|elementwise_other|elementwise_unary|gemv|reduce,57
react_tool,answer,mir_operator:decode_layer08,784,decode_layer08,,3,1146463,1099898,1221663,202082,277573,cudaLaunchKernel,attention|concat|copy|elementwise_binary|elementwise_other|elementwise_unary|gemv|reduce,57
react_tool,answer,mir_operator:decode_layer09,785,decode_layer09,,3,1110001,1104257,1205149,202017,265969,cudaLaunchKernel,attention|concat|copy|elementwise_binary|elementwise_other|elementwise_unary|gemv|reduce,57
react_tool,answer,mir_operator:decode_layer10,786,decode_layer10,,3,1105225,1099903,1211862,202210,265087,cudaLaunchKernel,attention|concat|copy|elementwise_binary|elementwise_other|elementwise_unary|gemv|reduce,57
react_tool,answer,mir_operator:decode_layer11,787,decode_layer11,,3,1109937,1086606,1193421,201409,272159,cudaLaunchKernel,attention|concat|copy|elementwise_binary|elementwise_other|elementwise_unary|gemv|reduce,57
react_tool,answer,mir_operator:decode_layer12,788,decode_layer12,,3,1096822,1090702,1196820,202529,260652,cudaLaunchKernel,attention|concat|copy|elementwise_binary|elementwise_other|elementwise_unary|gemv|reduce,57
react_tool,answer,mir_operator:decode_layer13,789,decode_layer13,,3,1099427,1091686,1198370,201824,262115,cudaLaunchKernel,attention|concat|copy|elementwise_binary|elementwise_other|elementwise_unary|gemv|reduce,57
react_tool,answer,mir_operator:decode_layer14,790,decode_layer14,,3,1120715,1081504,1203849,202625,261577,cudaLaunchKernel,attention|concat|copy|elementwise_binary|elementwise_other|elementwise_unary|gemv|reduce,57
react_tool,answer,mir_operator:decode_layer15,791,decode_layer15,,3,1128139,1083419,1153268,202050,272936,cudaLaunchKernel,attention|concat|copy|elementwise_binary|elementwise_other|elementwise_unary|gemv|reduce,57
react_tool,answer,mir_operator:decode_layer16,792,decode_layer16,,3,1090459,1067942,1100653,201888,259747,cudaLaunchKernel,attention|concat|copy|elementwise_binary|elementwise_other|elementwise_unary|gemv|reduce,57
react_tool,answer,mir_operator:decode_layer17,793,decode_layer17,,3,1082750,1069210,1135261,201825,267300,cudaLaunchKernel,attention|concat|copy|elementwise_binary|elementwise_other|elementwise_unary|gemv|reduce,57
react_tool,answer,mir_operator:decode_layer18,794,decode_layer18,,3,1094083,1088677,1105118,202690,263684,cudaLaunchKernel,attention|concat|copy|elementwise_binary|elementwise_other|elementwise_unary|gemv|reduce,57
react_tool,answer,mir_operator:decode_layer19,795,decode_layer19,,3,1135943,1105322,1327332,202274,272121,cudaLaunchKernel,attention|concat|copy|elementwise_binary|elementwise_other|elementwise_unary|gemv|reduce,57
react_tool,answer,mir_operator:decode_layer20,796,decode_layer20,,3,1125678,1096610,1146974,201666,266988,cudaLaunchKernel,attention|concat|copy|elementwise_binary|elementwise_other|elementwise_unary|gemv|reduce,57
react_tool,answer,mir_operator:decode_layer21,797,decode_layer21,,3,1107893,1091169,1180389,202402,264165,cudaLaunchKernel,attention|concat|copy|elementwise_binary|elementwise_other|elementwise_unary|gemv|reduce,57
react_tool,answer,mir_operator:decode_layer22,798,decode_layer22,,3,1112413,1075721,1185555,202050,268936,cudaLaunchKernel,attention|concat|copy|elementwise_binary|elementwise_other|elementwise_unary|gemv|reduce,57
react_tool,answer,mir_operator:decode_layer23,799,decode_layer23,,3,1104542,1067186,1172774,201953,266912,cudaLaunchKernel,attention|concat|copy|elementwise_binary|elementwise_other|elementwise_unary|gemv|reduce,57
react_tool,answer,mir_operator:decode_layer24,800,decode_layer24,,3,1115568,1102674,1205799,202401,274761,cudaLaunchKernel,attention|concat|copy|elementwise_binary|elementwise_other|elementwise_unary|gemv|reduce,57
react_tool,answer,mir_operator:decode_layer25,801,decode_layer25,,3,1145902,1129488,1208450,202306,269732,cudaLaunchKernel,attention|concat|copy|elementwise_binary|elementwise_other|elementwise_unary|gemv|reduce,57
react_tool,answer,mir_operator:decode_layer26,802,decode_layer26,,3,1204816,1190271,1251265,202498,283454,cudaLaunchKernel,attention|concat|copy|elementwise_binary|elementwise_other|elementwise_unary|gemv|reduce,57
react_tool,answer,mir_operator:decode_layer27,803,decode_layer27,,3,1214098,1209567,1227378,202308,288362,cudaLaunchKernel,attention|concat|copy|elementwise_binary|elementwise_other|elementwise_unary|gemv|reduce,57
react_tool,answer,mir_operator:decode_head,804,decode_head,,3,229215,225576,256519,661348,46682,cudaLaunchKernel,copy|elementwise_binary|elementwise_unary|gemv|reduce,9
react_tool,answer,mir_operator:decode_sample,805,decode_sample,,3,617624,607738,619343,7104,568133,cudaStreamSynchronize,memcpy|memset|reduce,1
react_tool,answer,mir_operator:decode_embed,806,decode_embed,,3,50652,45054,60158,1856,11327,cudaLaunchKernel,other,1
react_tool,answer,mir_operator:decode_layer00,807,decode_layer00,,3,1260970,1244736,1278726,202241,290106,cudaLaunchKernel,attention|concat|copy|elementwise_binary|elementwise_other|elementwise_unary|gemv|reduce,57
react_tool,answer,mir_operator:decode_layer01,808,decode_layer01,,3,1226967,1220037,1232835,202210,286267,cudaLaunchKernel,attention|concat|copy|elementwise_binary|elementwise_other|elementwise_unary|gemv|reduce,57
react_tool,answer,mir_operator:decode_layer02,809,decode_layer02,,3,1215212,1207216,1217306,202016,285390,cudaLaunchKernel,attention|concat|copy|elementwise_binary|elementwise_other|elementwise_unary|gemv|reduce,57
react_tool,answer,mir_operator:decode_layer03,810,decode_layer03,,3,1211644,1175646,1222466,201984,285718,cudaLaunchKernel,attention|concat|copy|elementwise_binary|elementwise_other|elementwise_unary|gemv|reduce,57
react_tool,answer,mir_operator:decode_layer04,811,decode_layer04,,3,1208964,1193292,1209062,202147,286388,cudaLaunchKernel,attention|concat|copy|elementwise_binary|elementwise_other|elementwise_unary|gemv|reduce,57
react_tool,answer,mir_operator:decode_layer05,812,decode_layer05,,3,1208823,1207061,1214397,201890,277670,cudaLaunchKernel,attention|concat|copy|elementwise_binary|elementwise_other|elementwise_unary|gemv|reduce,57
react_tool,answer,mir_operator:decode_layer06,813,decode_layer06,,3,1199727,1195987,1202801,202721,282129,cudaLaunchKernel,attention|concat|copy|elementwise_binary|elementwise_other|elementwise_unary|gemv|reduce,57
react_tool,answer,mir_operator:decode_layer07,814,decode_layer07,,3,1205825,1172806,1212274,201857,285526,cudaLaunchKernel,attention|concat|copy|elementwise_binary|elementwise_other|elementwise_unary|gemv|reduce,57
react_tool,answer,mir_operator:decode_layer08,815,decode_layer08,,3,1195781,1181468,1204252,206689,285072,cudaLaunchKernel,attention|concat|copy|elementwise_binary|elementwise_other|elementwise_unary|gemv|reduce,57
react_tool,answer,mir_operator:decode_layer09,816,decode_layer09,,3,1224013,1181993,1230693,202432,285762,cudaLaunchKernel,attention|concat|copy|elementwise_binary|elementwise_other|elementwise_unary|gemv|reduce,57
react_tool,answer,mir_operator:decode_layer10,817,decode_layer10,,3,1198256,1173773,1202018,202368,283970,cudaLaunchKernel,attention|concat|copy|elementwise_binary|elementwise_other|elementwise_unary|gemv|reduce,57
react_tool,answer,mir_operator:decode_layer11,818,decode_layer11,,3,1216228,1195870,1222400,202177,287354,cudaLaunchKernel,attention|concat|copy|elementwise_binary|elementwise_other|elementwise_unary|gemv|reduce,57
react_tool,answer,mir_operator:decode_layer12,819,decode_layer12,,3,1210557,1210130,1215941,202561,285773,cudaLaunchKernel,attention|concat|copy|elementwise_binary|elementwise_other|elementwise_unary|gemv|reduce,57
react_tool,answer,mir_operator:decode_layer13,820,decode_layer13,,3,1212945,1204685,1218833,201760,283088,cudaLaunchKernel,attention|concat|copy|elementwise_binary|elementwise_other|elementwise_unary|gemv|reduce,57
react_tool,answer,mir_operator:decode_layer14,821,decode_layer14,,3,1222059,1202479,1478774,201282,288983,cudaLaunchKernel,attention|concat|copy|elementwise_binary|elementwise_other|elementwise_unary|gemv|reduce,57
react_tool,answer,mir_operator:decode_layer15,822,decode_layer15,,3,1222223,1200111,1281553,203681,294441,cudaLaunchKernel,attention|concat|copy|elementwise_binary|elementwise_other|elementwise_unary|gemv|reduce,57
react_tool,answer,mir_operator:decode_layer16,823,decode_layer16,,3,1207499,1199354,1219897,201633,286668,cudaLaunchKernel,attention|concat|copy|elementwise_binary|elementwise_other|elementwise_unary|gemv|reduce,57
react_tool,answer,mir_operator:decode_layer17,824,decode_layer17,,3,1208437,1189610,1222728,202146,282666,cudaLaunchKernel,attention|concat|copy|elementwise_binary|elementwise_other|elementwise_unary|gemv|reduce,57
react_tool,answer,mir_operator:decode_layer18,825,decode_layer18,,3,1203500,1196186,1208876,202176,280990,cudaLaunchKernel,attention|concat|copy|elementwise_binary|elementwise_other|elementwise_unary|gemv|reduce,57
react_tool,answer,mir_operator:decode_layer19,826,decode_layer19,,3,1202135,1194433,1205274,202148,291163,cudaLaunchKernel,attention|concat|copy|elementwise_binary|elementwise_other|elementwise_unary|gemv|reduce,57
react_tool,answer,mir_operator:decode_layer20,827,decode_layer20,,3,1191756,1171858,1209496,203360,282548,cudaLaunchKernel,attention|concat|copy|elementwise_binary|elementwise_other|elementwise_unary|gemv|reduce,57
react_tool,answer,mir_operator:decode_layer21,828,decode_layer21,,3,1198850,1197197,1205713,201248,281090,cudaLaunchKernel,attention|concat|copy|elementwise_binary|elementwise_other|elementwise_unary|gemv|reduce,57
react_tool,answer,mir_operator:decode_layer22,829,decode_layer22,,3,1205492,1186268,1206047,202336,279449,cudaLaunchKernel,attention|concat|copy|elementwise_binary|elementwise_other|elementwise_unary|gemv|reduce,57
react_tool,answer,mir_operator:decode_layer23,830,decode_layer23,,3,1116303,1114803,1199486,202016,268304,cudaLaunchKernel,attention|concat|copy|elementwise_binary|elementwise_other|elementwise_unary|gemv|reduce,57
react_tool,answer,mir_operator:decode_layer24,831,decode_layer24,,3,1108841,1108568,1199449,202210,267686,cudaLaunchKernel,attention|concat|copy|elementwise_binary|elementwise_other|elementwise_unary|gemv|reduce,57
react_tool,answer,mir_operator:decode_layer25,832,decode_layer25,,3,1142272,1109935,1193515,202240,268480,cudaLaunchKernel,attention|concat|copy|elementwise_binary|elementwise_other|elementwise_unary|gemv|reduce,57
react_tool,answer,mir_operator:decode_layer26,833,decode_layer26,,3,1188924,1109876,1195445,202946,278221,cudaLaunchKernel,attention|concat|copy|elementwise_binary|elementwise_other|elementwise_unary|gemv|reduce,57
react_tool,answer,mir_operator:decode_layer27,834,decode_layer27,,3,1170974,1105631,1205285,202305,280600,cudaLaunchKernel,attention|concat|copy|elementwise_binary|elementwise_other|elementwise_unary|gemv|reduce,57
react_tool,answer,mir_operator:decode_head,835,decode_head,,3,238658,237225,240828,661860,48746,cudaLaunchKernel,copy|elementwise_binary|elementwise_unary|gemv|reduce,9
react_tool,answer,mir_operator:decode_sample,836,decode_sample,,3,610179,602571,619539,7104,557147,cudaStreamSynchronize,memcpy|memset|reduce,1
react_tool,answer,mir_operator:decode_embed,837,decode_embed,,3,54947,52108,56726,1888,12212,cudaLaunchKernel,other,1
react_tool,answer,mir_operator:decode_layer00,838,decode_layer00,,3,1274690,1178148,1286737,202785,285029,cudaLaunchKernel,attention|concat|copy|elementwise_binary|elementwise_other|elementwise_unary|gemv|reduce,57
react_tool,answer,mir_operator:decode_layer01,839,decode_layer01,,3,1224970,1126540,1244455,201857,290270,cudaLaunchKernel,attention|concat|copy|elementwise_binary|elementwise_other|elementwise_unary|gemv|reduce,57
react_tool,answer,mir_operator:decode_layer02,840,decode_layer02,,3,1220765,1165284,1251874,202369,292751,cudaLaunchKernel,attention|concat|copy|elementwise_binary|elementwise_other|elementwise_unary|gemv|reduce,57
react_tool,answer,mir_operator:decode_layer03,841,decode_layer03,,3,1205112,1157579,1258204,201280,294638,cudaLaunchKernel,attention|concat|copy|elementwise_binary|elementwise_other|elementwise_unary|gemv|reduce,57
react_tool,answer,mir_operator:decode_layer04,842,decode_layer04,,3,1176772,1104864,1400775,202018,279302,cudaLaunchKernel,attention|concat|copy|elementwise_binary|elementwise_other|elementwise_unary|gemv|reduce,57
react_tool,answer,mir_operator:decode_layer05,843,decode_layer05,,3,1181055,1114269,1216123,201825,284937,cudaLaunchKernel,attention|concat|copy|elementwise_binary|elementwise_other|elementwise_unary|gemv|reduce,57
react_tool,answer,mir_operator:decode_layer06,844,decode_layer06,,3,1194150,1108278,1215081,202818,279378,cudaLaunchKernel,attention|concat|copy|elementwise_binary|elementwise_other|elementwise_unary|gemv|reduce,57
react_tool,answer,mir_operator:decode_layer07,845,decode_layer07,,3,1129372,1122676,1229382,202562,278020,cudaLaunchKernel,attention|concat|copy|elementwise_binary|elementwise_other|elementwise_unary|gemv|reduce,57
react_tool,answer,mir_operator:decode_layer08,846,decode_layer08,,3,1112917,1097633,1213734,203297,265067,cudaLaunchKernel,attention|concat|copy|elementwise_binary|elementwise_other|elementwise_unary|gemv|reduce,57
react_tool,answer,mir_operator:decode_layer09,847,decode_layer09,,3,1134826,1117375,1215554,204930,275117,cudaLaunchKernel,attention|concat|copy|elementwise_binary|elementwise_other|elementwise_unary|gemv|reduce,57
react_tool,answer,mir_operator:decode_layer10,848,decode_layer10,,3,1132268,1099378,1210759,201954,266884,cudaLaunchKernel,attention|concat|copy|elementwise_binary|elementwise_other|elementwise_unary|gemv|reduce,57
react_tool,answer,mir_operator:decode_layer11,849,decode_layer11,,3,1140770,1094386,1214799,201762,267871,cudaLaunchKernel,attention|concat|copy|elementwise_binary|elementwise_other|elementwise_unary|gemv|reduce,57
react_tool,answer,mir_operator:decode_layer12,850,decode_layer12,,3,1215249,1071468,1215913,202595,283837,cudaLaunchKernel,attention|concat|copy|elementwise_binary|elementwise_other|elementwise_unary|gemv|reduce,57
react_tool,answer,mir_operator:decode_layer13,851,decode_layer13,,3,1208345,1085833,1209520,203074,283991,cudaLaunchKernel,attention|concat|copy|elementwise_binary|elementwise_other|elementwise_unary|gemv|reduce,57
react_tool,answer,mir_operator:decode_layer14,852,decode_layer14,,3,1170584,1065553,1209953,202114,281292,cudaLaunchKernel,attention|concat|copy|elementwise_binary|elementwise_other|elementwise_unary|gemv|reduce,57
react_tool,answer,mir_operator:decode_layer15,853,decode_layer15,,3,1169568,1102228,1209014,201664,272911,cudaLaunchKernel,attention|concat|copy|elementwise_binary|elementwise_other|elementwise_unary|gemv|reduce,57
react_tool,answer,mir_operator:decode_layer16,854,decode_layer16,,3,1255761,1124204,1324985,202530,292009,cudaLaunchKernel,attention|concat|copy|elementwise_binary|elementwise_other|elementwise_unary|gemv|reduce,57
react_tool,answer,mir_operator:decode_layer17,855,decode_layer17,,3,1383468,1152546,1414732,202051,319630,cudaLaunchKernel,attention|concat|copy|elementwise_binary|elementwise_other|elementwise_unary|gemv|reduce,57
react_tool,answer,mir_operator:decode_layer18,856,decode_layer18,,3,1224585,1100968,1244047,202369,287877,cudaLaunchKernel,attention|concat|copy|elementwise_binary|elementwise_other|elementwise_unary|gemv|reduce,57
react_tool,answer,mir_operator:decode_layer19,857,decode_layer19,,3,1226963,1071750,1227405,201729,284798,cudaLaunchKernel,attention|concat|copy|elementwise_binary|elementwise_other|elementwise_unary|gemv|reduce,57
react_tool,answer,mir_operator:decode_layer20,858,decode_layer20,,3,1212676,1071744,1217346,203168,280978,cudaLaunchKernel,attention|concat|copy|elementwise_binary|elementwise_other|elementwise_unary|gemv|reduce,57
react_tool,answer,mir_operator:decode_layer21,859,decode_layer21,,3,1199412,1065433,1217523,202722,286092,cudaLaunchKernel,attention|concat|copy|elementwise_binary|elementwise_other|elementwise_unary|gemv|reduce,57
react_tool,answer,mir_operator:decode_layer22,860,decode_layer22,,3,1191387,1069222,1204851,265856,281125,cudaLaunchKernel,attention|concat|copy|elementwise_binary|elementwise_other|elementwise_unary|gemv|reduce,57
react_tool,answer,mir_operator:decode_layer23,861,decode_layer23,,3,1151710,1073929,1220320,202913,276677,cudaLaunchKernel,attention|concat|copy|elementwise_binary|elementwise_other|elementwise_unary|gemv|reduce,57
react_tool,answer,mir_operator:decode_layer24,862,decode_layer24,,3,1095641,1084616,1170957,201888,264496,cudaLaunchKernel,attention|concat|copy|elementwise_binary|elementwise_other|elementwise_unary|gemv|reduce,57
react_tool,answer,mir_operator:decode_layer25,863,decode_layer25,,3,1136538,1106872,1169586,202594,276277,cudaLaunchKernel,attention|concat|copy|elementwise_binary|elementwise_other|elementwise_unary|gemv|reduce,57
react_tool,answer,mir_operator:decode_layer26,864,decode_layer26,,3,1109162,1091366,1188885,202752,276798,cudaLaunchKernel,attention|concat|copy|elementwise_binary|elementwise_other|elementwise_unary|gemv|reduce,57
react_tool,answer,mir_operator:decode_layer27,865,decode_layer27,,3,1102069,1092660,1179759,202402,266386,cudaLaunchKernel,attention|concat|copy|elementwise_binary|elementwise_other|elementwise_unary|gemv|reduce,57
react_tool,answer,mir_operator:decode_head,866,decode_head,,3,221636,214443,246362,661156,46288,cudaLaunchKernel,copy|elementwise_binary|elementwise_unary|gemv|reduce,9
react_tool,answer,mir_operator:decode_sample,867,decode_sample,,3,612498,610031,622526,7040,559424,cudaStreamSynchronize,memcpy|memset|reduce,1
react_tool,answer,mir_operator:decode_embed,868,decode_embed,,3,54824,48071,55008,1888,11919,cudaLaunchKernel,other,1
react_tool,answer,mir_operator:decode_layer00,869,decode_layer00,,3,1194622,1164616,1251407,203042,271201,cudaLaunchKernel,attention|concat|copy|elementwise_binary|elementwise_other|elementwise_unary|gemv|reduce,57
react_tool,answer,mir_operator:decode_layer01,870,decode_layer01,,3,1183309,1103871,1199118,202272,274327,cudaLaunchKernel,attention|concat|copy|elementwise_binary|elementwise_other|elementwise_unary|gemv|reduce,57
react_tool,answer,mir_operator:decode_layer02,871,decode_layer02,,3,1180288,1102073,1222765,201793,275483,cudaLaunchKernel,attention|concat|copy|elementwise_binary|elementwise_other|elementwise_unary|gemv|reduce,57
react_tool,answer,mir_operator:decode_layer03,872,decode_layer03,,3,1215369,1082886,1215814,202656,285987,cudaLaunchKernel,attention|concat|copy|elementwise_binary|elementwise_other|elementwise_unary|gemv|reduce,57
react_tool,answer,mir_operator:decode_layer04,873,decode_layer04,,3,1215782,1100550,1524984,201698,288747,cudaLaunchKernel,attention|concat|copy|elementwise_binary|elementwise_other|elementwise_unary|gemv|reduce,57
react_tool,answer,mir_operator:decode_layer05,874,decode_layer05,,3,1205080,1125984,1262940,201794,277400,cudaLaunchKernel,attention|concat|copy|elementwise_binary|elementwise_other|elementwise_unary|gemv|reduce,57
react_tool,answer,mir_operator:decode_layer06,875,decode_layer06,,3,1217808,1105125,1231012,202369,287119,cudaLaunchKernel,attention|concat|copy|elementwise_binary|elementwise_other|elementwise_unary|gemv|reduce,57
react_tool,answer,mir_operator:decode_layer07,876,decode_layer07,,3,1211523,1099783,1224005,283298,283522,cudaLaunchKernel,attention|concat|copy|elementwise_binary|elementwise_other|elementwise_unary|gemv|reduce,57
react_tool,answer,mir_operator:decode_layer08,877,decode_layer08,,3,1217421,1137058,1218783,204321,281450,cudaLaunchKernel,attention|concat|copy|elementwise_binary|elementwise_other|elementwise_unary|gemv|reduce,57
react_tool,answer,mir_operator:decode_layer09,878,decode_layer09,,3,1172932,1171920,1183813,202305,279687,cudaLaunchKernel,attention|concat|copy|elementwise_binary|elementwise_other|elementwise_unary|gemv|reduce,57
react_tool,answer,mir_operator:decode_layer10,879,decode_layer10,,3,1162601,1161662,1180666,201858,272724,cudaLaunchKernel,attention|concat|copy|elementwise_binary|elementwise_other|elementwise_unary|gemv|reduce,57
react_tool,answer,mir_operator:decode_layer11,880,decode_layer11,,3,1171555,1103680,1172203,202530,273860,cudaLaunchKernel,attention|concat|copy|elementwise_binary|elementwise_other|elementwise_unary|gemv|reduce,57
react_tool,answer,mir_operator:decode_layer12,881,decode_layer12,,3,1157534,1113782,1188159,202114,281961,cudaLaunchKernel,attention|concat|copy|elementwise_binary|elementwise_other|elementwise_unary|gemv|reduce,57
react_tool,answer,mir_operator:decode_layer13,882,decode_layer13,,3,1126329,1101526,1137788,202497,266508,cudaLaunchKernel,attention|concat|copy|elementwise_binary|elementwise_other|elementwise_unary|gemv|reduce,57
react_tool,answer,mir_operator:decode_layer14,883,decode_layer14,,3,1108554,1101237,1130227,203072,262108,cudaLaunchKernel,attention|concat|copy|elementwise_binary|elementwise_other|elementwise_unary|gemv|reduce,57
react_tool,answer,mir_operator:decode_layer15,884,decode_layer15,,3,1110232,1070852,1114688,202434,259772,cudaLaunchKernel,attention|concat|copy|elementwise_binary|elementwise_other|elementwise_unary|gemv|reduce,57
react_tool,answer,mir_operator:decode_layer16,885,decode_layer16,,3,1109292,1080346,1110294,202081,264147,cudaLaunchKernel,attention|concat|copy|elementwise_binary|elementwise_other|elementwise_unary|gemv|reduce,57
react_tool,answer,mir_operator:decode_layer17,886,decode_layer17,,3,1107834,1044388,1153199,203396,258732,cudaLaunchKernel,attention|concat|copy|elementwise_binary|elementwise_other|elementwise_unary|gemv|reduce,57
react_tool,answer,mir_operator:decode_layer18,887,decode_layer18,,3,1108093,1044036,1108867,202690,262901,cudaLaunchKernel,attention|concat|copy|elementwise_binary|elementwise_other|elementwise_unary|gemv|reduce,57
react_tool,answer,mir_operator:decode_layer19,888,decode_layer19,,3,1108201,1037977,1109065,202368,263909,cudaLaunchKernel,attention|concat|copy|elementwise_binary|elementwise_other|elementwise_unary|gemv|reduce,57
react_tool,answer,mir_operator:decode_layer20,889,decode_layer20,,3,1090975,1043945,1105849,201760,259570,cudaLaunchKernel,attention|concat|copy|elementwise_binary|elementwise_other|elementwise_unary|gemv|reduce,57
react_tool,answer,mir_operator:decode_layer21,890,decode_layer21,,3,1086027,1042248,1140492,202816,261051,cudaLaunchKernel,attention|concat|copy|elementwise_binary|elementwise_other|elementwise_unary|gemv|reduce,57
react_tool,answer,mir_operator:decode_layer22,891,decode_layer22,,3,1088519,1056139,1139171,206273,261466,cudaLaunchKernel,attention|concat|copy|elementwise_binary|elementwise_other|elementwise_unary|gemv|reduce,57
react_tool,answer,mir_operator:decode_layer23,892,decode_layer23,,3,1095455,1078947,1125364,202337,264239,cudaLaunchKernel,attention|concat|copy|elementwise_binary|elementwise_other|elementwise_unary|gemv|reduce,57
react_tool,answer,mir_operator:decode_layer24,893,decode_layer24,,3,1113146,1107167,1198144,201794,270939,cudaLaunchKernel,attention|concat|copy|elementwise_binary|elementwise_other|elementwise_unary|gemv|reduce,57
react_tool,answer,mir_operator:decode_layer25,894,decode_layer25,,3,1193505,1109374,1211652,201697,284392,cudaLaunchKernel,attention|concat|copy|elementwise_binary|elementwise_other|elementwise_unary|gemv|reduce,57
react_tool,answer,mir_operator:decode_layer26,895,decode_layer26,,3,1198858,1109749,1218083,202561,285225,cudaLaunchKernel,attention|concat|copy|elementwise_binary|elementwise_other|elementwise_unary|gemv|reduce,57
react_tool,answer,mir_operator:decode_layer27,896,decode_layer27,,3,1194564,1152037,1206021,202177,282421,cudaLaunchKernel,attention|concat|copy|elementwise_binary|elementwise_other|elementwise_unary|gemv|reduce,57
react_tool,answer,mir_operator:decode_head,897,decode_head,,3,241811,228824,243262,661157,47547,cudaLaunchKernel,copy|elementwise_binary|elementwise_unary|gemv|reduce,9
react_tool,answer,mir_operator:decode_sample,898,decode_sample,,3,620814,598791,623863,7424,575002,cudaStreamSynchronize,memcpy|memset|reduce,1
react_tool,answer,mir_operator:decode_embed,899,decode_embed,,3,53203,48442,58263,1856,11725,cudaLaunchKernel,other,1
react_tool,answer,mir_operator:decode_layer00,900,decode_layer00,,3,1289451,1248485,1378517,203233,295600,cudaLaunchKernel,attention|concat|copy|elementwise_binary|elementwise_other|elementwise_unary|gemv|reduce,57
react_tool,answer,mir_operator:decode_layer01,901,decode_layer01,,3,1248608,1236529,1436872,202434,298288,cudaLaunchKernel,attention|concat|copy|elementwise_binary|elementwise_other|elementwise_unary|gemv|reduce,57
react_tool,answer,mir_operator:decode_layer02,902,decode_layer02,,3,1244988,1230221,1246386,202658,294688,cudaLaunchKernel,attention|concat|copy|elementwise_binary|elementwise_other|elementwise_unary|gemv|reduce,57
react_tool,answer,mir_operator:decode_layer03,903,decode_layer03,,3,1211471,1204024,1213999,202272,288750,cudaLaunchKernel,attention|concat|copy|elementwise_binary|elementwise_other|elementwise_unary|gemv|reduce,57
react_tool,answer,mir_operator:decode_layer04,904,decode_layer04,,3,1204532,1172678,1211807,203008,293620,cudaLaunchKernel,attention|concat|copy|elementwise_binary|elementwise_other|elementwise_unary|gemv|reduce,57
react_tool,answer,mir_operator:decode_layer05,905,decode_layer05,,3,1191600,1188420,1223505,202242,280275,cudaLaunchKernel,attention|concat|copy|elementwise_binary|elementwise_other|elementwise_unary|gemv|reduce,57
react_tool,answer,mir_operator:decode_layer06,906,decode_layer06,,3,1180910,1173355,1206625,203073,287069,cudaLaunchKernel,attention|concat|copy|elementwise_binary|elementwise_other|elementwise_unary|gemv|reduce,57
react_tool,answer,mir_operator:decode_layer07,907,decode_layer07,,3,1174389,1174370,1224340,201569,281056,cudaLaunchKernel,attention|concat|copy|elementwise_binary|elementwise_other|elementwise_unary|gemv|reduce,57
react_tool,answer,mir_operator:decode_layer08,908,decode_layer08,,3,1176830,1134946,1204321,202337,272529,cudaLaunchKernel,attention|concat|copy|elementwise_binary|elementwise_other|elementwise_unary|gemv|reduce,57
react_tool,answer,mir_operator:decode_layer09,909,decode_layer09,,3,1171471,1103687,1212452,202817,285011,cudaLaunchKernel,attention|concat|copy|elementwise_binary|elementwise_other|elementwise_unary|gemv|reduce,57
react_tool,answer,mir_operator:decode_layer10,910,decode_layer10,,3,1173450,1141711,1224086,202721,279866,cudaLaunchKernel,attention|concat|copy|elementwise_binary|elementwise_other|elementwise_unary|gemv|reduce,57
react_tool,answer,mir_operator:decode_layer11,911,decode_layer11,,3,1182623,1168925,1212901,201569,279872,cudaLaunchKernel,attention|concat|copy|elementwise_binary|elementwise_other|elementwise_unary|gemv|reduce,57
react_tool,answer,mir_operator:decode_layer12,912,decode_layer12,,3,1180642,1167721,1196232,202176,280846,cudaLaunchKernel,attention|concat|copy|elementwise_binary|elementwise_other|elementwise_unary|gemv|reduce,57
react_tool,answer,mir_operator:decode_layer13,913,decode_layer13,,3,1204092,1174003,1207565,201441,287032,cudaLaunchKernel,attention|concat|copy|elementwise_binary|elementwise_other|elementwise_unary|gemv|reduce,57
react_tool,answer,mir_operator:decode_layer14,914,decode_layer14,,3,1174026,1168790,1210210,202018,278425,cudaLaunchKernel,attention|concat|copy|elementwise_binary|elementwise_other|elementwise_unary|gemv|reduce,57
react_tool,answer,mir_operator:decode_layer15,915,decode_layer15,,3,1174544,1164093,1218781,202625,277634,cudaLaunchKernel,attention|concat|copy|elementwise_binary|elementwise_other|elementwise_unary|gemv|reduce,57
react_tool,answer,mir_operator:decode_layer16,916,decode_layer16,,3,1175195,1169399,1207064,201986,279710,cudaLaunchKernel,attention|concat|copy|elementwise_binary|elementwise_other|elementwise_unary|gemv|reduce,57
react_tool,answer,mir_operator:decode_layer17,917,decode_layer17,,3,1182444,1157794,1236881,202177,286808,cudaLaunchKernel,attention|concat|copy|elementwise_binary|elementwise_other|elementwise_unary|gemv|reduce,57
react_tool,answer,mir_operator:decode_layer18,918,decode_layer18,,3,1207698,1173283,1219809,202306,282255,cudaLaunchKernel,attention|concat|copy|elementwise_binary|elementwise_other|elementwise_unary|gemv|reduce,57
react_tool,answer,mir_operator:decode_layer19,919,decode_layer19,,3,1172215,1162327,1195266,202818,279788,cudaLaunchKernel,attention|concat|copy|elementwise_binary|elementwise_other|elementwise_unary|gemv|reduce,57
react_tool,answer,mir_operator:decode_layer20,920,decode_layer20,,3,1136810,1111829,1179234,250082,265725,cudaLaunchKernel,attention|concat|copy|elementwise_binary|elementwise_other|elementwise_unary|gemv|reduce,57
react_tool,answer,mir_operator:decode_layer21,921,decode_layer21,,3,1160949,1106618,1179284,202020,277105,cudaLaunchKernel,attention|concat|copy|elementwise_binary|elementwise_other|elementwise_unary|gemv|reduce,57
react_tool,answer,mir_operator:decode_layer22,922,decode_layer22,,3,1164573,1105341,1743772,201955,277731,cudaLaunchKernel,attention|concat|copy|elementwise_binary|elementwise_other|elementwise_unary|gemv|reduce,57
react_tool,answer,mir_operator:decode_layer23,923,decode_layer23,,3,1170296,1110081,1257746,202720,279706,cudaLaunchKernel,attention|concat|copy|elementwise_binary|elementwise_other|elementwise_unary|gemv|reduce,57
react_tool,answer,mir_operator:decode_layer24,924,decode_layer24,,3,1172440,1085187,1262382,202464,279407,cudaLaunchKernel,attention|concat|copy|elementwise_binary|elementwise_other|elementwise_unary|gemv|reduce,57
react_tool,answer,mir_operator:decode_layer25,925,decode_layer25,,3,1179442,1070468,1251460,202562,277758,cudaLaunchKernel,attention|concat|copy|elementwise_binary|elementwise_other|elementwise_unary|gemv|reduce,57
react_tool,answer,mir_operator:decode_layer26,926,decode_layer26,,3,1165872,1068684,1239802,202656,270876,cudaLaunchKernel,attention|concat|copy|elementwise_binary|elementwise_other|elementwise_unary|gemv|reduce,57
react_tool,answer,mir_operator:decode_layer27,927,decode_layer27,,3,1195810,1095568,1211461,201697,280983,cudaLaunchKernel,attention|concat|copy|elementwise_binary|elementwise_other|elementwise_unary|gemv|reduce,57
react_tool,answer,mir_operator:decode_head,928,decode_head,,3,224719,205929,256878,661317,44731,cudaLaunchKernel,copy|elementwise_binary|elementwise_unary|gemv|reduce,9
react_tool,answer,mir_operator:decode_sample,929,decode_sample,,3,620957,617697,622705,7040,569794,cudaStreamSynchronize,memcpy|memset|reduce,1
react_tool,answer,mir_operator:decode_embed,930,decode_embed,,3,52400,46014,63857,1856,12122,cudaLaunchKernel,other,1
react_tool,answer,mir_operator:decode_layer00,931,decode_layer00,,3,1252850,1125087,1299971,202468,283021,cudaLaunchKernel,attention|concat|copy|elementwise_binary|elementwise_other|elementwise_unary|gemv|reduce,57
react_tool,answer,mir_operator:decode_layer01,932,decode_layer01,,3,1202595,1119960,1253270,202273,280079,cudaLaunchKernel,attention|concat|copy|elementwise_binary|elementwise_other|elementwise_unary|gemv|reduce,57
react_tool,answer,mir_operator:decode_layer02,933,decode_layer02,,3,1217663,1192000,1223249,202722,285272,cudaLaunchKernel,attention|concat|copy|elementwise_binary|elementwise_other|elementwise_unary|gemv|reduce,57
react_tool,answer,mir_operator:decode_layer03,934,decode_layer03,,3,1216825,1172110,1234982,202785,286998,cudaLaunchKernel,attention|concat|copy|elementwise_binary|elementwise_other|elementwise_unary|gemv|reduce,57
react_tool,answer,mir_operator:decode_layer04,935,decode_layer04,,3,1211276,1183053,1214557,202080,286144,cudaLaunchKernel,attention|concat|copy|elementwise_binary|elementwise_other|elementwise_unary|gemv|reduce,57
react_tool,answer,mir_operator:decode_layer05,936,decode_layer05,,3,1219050,1174891,1222622,268832,288320,cudaLaunchKernel,attention|concat|copy|elementwise_binary|elementwise_other|elementwise_unary|gemv|reduce,57
react_tool,answer,mir_operator:decode_layer06,937,decode_layer06,,3,1225541,1216396,1244706,202945,291638,cudaLaunchKernel,attention|concat|copy|elementwise_binary|elementwise_other|elementwise_unary|gemv|reduce,57
react_tool,answer,mir_operator:decode_layer07,938,decode_layer07,,3,1205494,1170694,1226359,202849,279545,cudaLaunchKernel,attention|concat|copy|elementwise_binary|elementwise_other|elementwise_unary|gemv|reduce,57
react_tool,answer,mir_operator:decode_layer08,939,decode_layer08,,3,1211999,1173999,1239787,202530,284232,cudaLaunchKernel,attention|concat|copy|elementwise_binary|elementwise_other|elementwise_unary|gemv|reduce,57
react_tool,answer,mir_operator:decode_layer09,940,decode_layer09,,3,1204446,1177306,1213689,201570,285277,cudaLaunchKernel,attention|concat|copy|elementwise_binary|elementwise_other|elementwise_unary|gemv|reduce,57
react_tool,answer,mir_operator:decode_layer10,941,decode_layer10,,3,1175130,1158657,1205114,201985,280227,cudaLaunchKernel,attention|concat|copy|elementwise_binary|elementwise_other|elementwise_unary|gemv|reduce,57
react_tool,answer,mir_operator:decode_layer11,942,decode_layer11,,3,1167882,1163010,1211029,202435,273291,cudaLaunchKernel,attention|concat|copy|elementwise_binary|elementwise_other|elementwise_unary|gemv|reduce,57
react_tool,answer,mir_operator:decode_layer12,943,decode_layer12,,3,1185633,1159797,1207936,202272,286077,cudaLaunchKernel,attention|concat|copy|elementwise_binary|elementwise_other|elementwise_unary|gemv|reduce,57
react_tool,answer,mir_operator:decode_layer13,944,decode_layer13,,3,1163922,1152773,1197466,201921,276031,cudaLaunchKernel,attention|concat|copy|elementwise_binary|elementwise_other|elementwise_unary|gemv|reduce,57
react_tool,answer,mir_operator:decode_layer14,945,decode_layer14,,3,1185914,1133172,1192819,202464,284658,cudaLaunchKernel,attention|concat|copy|elementwise_binary|elementwise_other|elementwise_unary|gemv|reduce,57
react_tool,answer,mir_operator:decode_layer15,946,decode_layer15,,3,1167527,1121993,1232185,202560,276515,cudaLaunchKernel,attention|concat|copy|elementwise_binary|elementwise_other|elementwise_unary|gemv|reduce,57
react_tool,answer,mir_operator:decode_layer16,947,decode_layer16,,3,1189023,1175635,1190908,210657,283215,cudaLaunchKernel,attention|concat|copy|elementwise_binary|elementwise_other|elementwise_unary|gemv|reduce,57
react_tool,answer,mir_operator:decode_layer17,948,decode_layer17,,3,1173128,1162388,1210039,201857,277360,cudaLaunchKernel,attention|concat|copy|elementwise_binary|elementwise_other|elementwise_unary|gemv|reduce,57
react_tool,answer,mir_operator:decode_layer18,949,decode_layer18,,3,1177059,1124928,1216703,203105,274063,cudaLaunchKernel,attention|concat|copy|elementwise_binary|elementwise_other|elementwise_unary|gemv|reduce,57
react_tool,answer,mir_operator:decode_layer19,950,decode_layer19,,3,1177769,1100100,1244186,202722,280444,cudaLaunchKernel,attention|concat|copy|elementwise_binary|elementwise_other|elementwise_unary|gemv|reduce,57
react_tool,answer,mir_operator:decode_layer20,951,decode_layer20,,3,1166202,1076301,1222161,203074,271690,cudaLaunchKernel,attention|concat|copy|elementwise_binary|elementwise_other|elementwise_unary|gemv|reduce,57
react_tool,answer,mir_operator:decode_layer21,952,decode_layer21,,3,1160532,1082035,1217021,201793,272924,cudaLaunchKernel,attention|concat|copy|elementwise_binary|elementwise_other|elementwise_unary|gemv|reduce,57
react_tool,answer,mir_operator:decode_layer22,953,decode_layer22,,3,1172850,1081271,1208027,202563,280802,cudaLaunchKernel,attention|concat|copy|elementwise_binary|elementwise_other|elementwise_unary|gemv|reduce,57
react_tool,answer,mir_operator:decode_layer23,954,decode_layer23,,3,1209717,1129790,1224914,202209,285927,cudaLaunchKernel,attention|concat|copy|elementwise_binary|elementwise_other|elementwise_unary|gemv|reduce,57
react_tool,answer,mir_operator:decode_layer24,955,decode_layer24,,3,1195450,1103240,1215501,203042,276722,cudaLaunchKernel,attention|concat|copy|elementwise_binary|elementwise_other|elementwise_unary|gemv|reduce,57
react_tool,answer,mir_operator:decode_layer25,956,decode_layer25,,3,1182284,1081010,1256615,202177,278308,cudaLaunchKernel,attention|concat|copy|elementwise_binary|elementwise_other|elementwise_unary|gemv|reduce,57
react_tool,answer,mir_operator:decode_layer26,957,decode_layer26,,3,1168486,1168170,1207337,202754,281329,cudaLaunchKernel,attention|concat|copy|elementwise_binary|elementwise_other|elementwise_unary|gemv|reduce,57
react_tool,answer,mir_operator:decode_layer27,958,decode_layer27,,3,1206866,1161072,1211591,202177,282711,cudaLaunchKernel,attention|concat|copy|elementwise_binary|elementwise_other|elementwise_unary|gemv|reduce,57
react_tool,answer,mir_operator:decode_head,959,decode_head,,3,231679,231576,250948,661283,45915,cudaLaunchKernel,copy|elementwise_binary|elementwise_unary|gemv|reduce,9
react_tool,answer,mir_operator:decode_sample,960,decode_sample,,3,619036,604817,623088,7136,563477,cudaStreamSynchronize,memcpy|memset|reduce,1
react_tool,answer,mir_operator:decode_embed,961,decode_embed,,3,52785,50341,61779,1920,11680,cudaLaunchKernel,other,1
react_tool,answer,mir_operator:decode_layer00,962,decode_layer00,,3,1272695,1238694,1308973,203521,291113,cudaLaunchKernel,attention|concat|copy|elementwise_binary|elementwise_other|elementwise_unary|gemv|reduce,57
react_tool,answer,mir_operator:decode_layer01,963,decode_layer01,,3,1222416,1145558,1236902,201536,289234,cudaLaunchKernel,attention|concat|copy|elementwise_binary|elementwise_other|elementwise_unary|gemv|reduce,57
react_tool,answer,mir_operator:decode_layer02,964,decode_layer02,,3,1234229,1156356,1234796,202561,287074,cudaLaunchKernel,attention|concat|copy|elementwise_binary|elementwise_other|elementwise_unary|gemv|reduce,57
react_tool,answer,mir_operator:decode_layer03,965,decode_layer03,,3,1214898,1110853,1242170,202626,286615,cudaLaunchKernel,attention|concat|copy|elementwise_binary|elementwise_other|elementwise_unary|gemv|reduce,57
react_tool,answer,mir_operator:decode_layer04,966,decode_layer04,,3,1200179,1124187,1217151,202240,277309,cudaLaunchKernel,attention|concat|copy|elementwise_binary|elementwise_other|elementwise_unary|gemv|reduce,57
react_tool,answer,mir_operator:decode_layer05,967,decode_layer05,,3,1183115,1108054,1195207,203104,276030,cudaLaunchKernel,attention|concat|copy|elementwise_binary|elementwise_other|elementwise_unary|gemv|reduce,57
react_tool,answer,mir_operator:decode_layer06,968,decode_layer06,,3,1146339,1115717,1176230,203008,269447,cudaLaunchKernel,attention|concat|copy|elementwise_binary|elementwise_other|elementwise_unary|gemv|reduce,57
react_tool,answer,mir_operator:decode_layer07,969,decode_layer07,,3,1175869,1108115,1180646,201792,278970,cudaLaunchKernel,attention|concat|copy|elementwise_binary|elementwise_other|elementwise_unary|gemv|reduce,57
react_tool,answer,mir_operator:decode_layer08,970,decode_layer08,,3,1174736,1106593,1218776,201954,282518,cudaLaunchKernel,attention|concat|copy|elementwise_binary|elementwise_other|elementwise_unary|gemv|reduce,57
react_tool,answer,mir_operator:decode_layer09,971,decode_layer09,,3,1170133,1098805,1185516,202016,276843,cudaLaunchKernel,attention|concat|copy|elementwise_binary|elementwise_other|elementwise_unary|gemv|reduce,57
react_tool,answer,mir_operator:decode_layer10,972,decode_layer10,,3,1138810,1098049,1194479,202209,278406,cudaLaunchKernel,attention|concat|copy|elementwise_binary|elementwise_other|elementwise_unary|gemv|reduce,57
react_tool,answer,mir_operator:decode_layer11,973,decode_layer11,,3,1192222,1145089,1209029,201857,281797,cudaLaunchKernel,attention|concat|copy|elementwise_binary|elementwise_other|elementwise_unary|gemv|reduce,57
react_tool,answer,mir_operator:decode_layer12,974,decode_layer12,,3,1179650,1111502,1717728,202944,282958,cudaLaunchKernel,attention|concat|copy|elementwise_binary|elementwise_other|elementwise_unary|gemv|reduce,57
react_tool,answer,mir_operator:decode_layer13,975,decode_layer13,,3,1101717,1097202,1220164,202497,266300,cudaLaunchKernel,attention|concat|copy|elementwise_binary|elementwise_other|elementwise_unary|gemv|reduce,57
react_tool,answer,mir_operator:decode_layer14,976,decode_layer14,,3,1107122,1091906,1176454,202784,268526,cudaLaunchKernel,attention|concat|copy|elementwise_binary|elementwise_other|elementwise_unary|gemv|reduce,57
react_tool,answer,mir_operator:decode_layer15,977,decode_layer15,,3,1087540,1087518,1208140,202208,266254,cudaLaunchKernel,attention|concat|copy|elementwise_binary|elementwise_other|elementwise_unary|gemv|reduce,57
react_tool,answer,mir_operator:decode_layer16,978,decode_layer16,,3,1075626,1062545,1168575,202464,261491,cudaLaunchKernel,attention|concat|copy|elementwise_binary|elementwise_other|elementwise_unary|gemv|reduce,57
react_tool,answer,mir_operator:decode_layer17,979,decode_layer17,,3,1074517,1069102,1206822,203169,255696,cudaLaunchKernel,attention|concat|copy|elementwise_binary|elementwise_other|elementwise_unary|gemv|reduce,57
react_tool,answer,mir_operator:decode_layer18,980,decode_layer18,,3,1072292,1061161,1282471,201985,259028,cudaLaunchKernel,attention|concat|copy|elementwise_binary|elementwise_other|elementwise_unary|gemv|reduce,57
react_tool,answer,mir_operator:decode_layer19,981,decode_layer19,,3,1098149,1078035,1399278,203264,265549,cudaLaunchKernel,attention|concat|copy|elementwise_binary|elementwise_other|elementwise_unary|gemv|reduce,57
react_tool,answer,mir_operator:decode_layer20,982,decode_layer20,,3,1163064,1070722,1205380,202528,272206,cudaLaunchKernel,attention|concat|copy|elementwise_binary|elementwise_other|elementwise_unary|gemv|reduce,57
react_tool,answer,mir_operator:decode_layer21,983,decode_layer21,,3,1170010,1045862,1222885,202945,277461,cudaLaunchKernel,attention|concat|copy|elementwise_binary|elementwise_other|elementwise_unary|gemv|reduce,57
react_tool,answer,mir_operator:decode_layer22,984,decode_layer22,,3,1157243,1039829,1208034,202880,273932,cudaLaunchKernel,attention|concat|copy|elementwise_binary|elementwise_other|elementwise_unary|gemv|reduce,57
react_tool,answer,mir_operator:decode_layer23,985,decode_layer23,,3,1161245,1050533,1209123,202337,282807,cudaLaunchKernel,attention|concat|copy|elementwise_binary|elementwise_other|elementwise_unary|gemv|reduce,57
react_tool,answer,mir_operator:decode_layer24,986,decode_layer24,,3,1160046,1040747,1180029,202272,273308,cudaLaunchKernel,attention|concat|copy|elementwise_binary|elementwise_other|elementwise_unary|gemv|reduce,57
react_tool,answer,mir_operator:decode_layer25,987,decode_layer25,,3,1155170,1043346,1196605,203650,274369,cudaLaunchKernel,attention|concat|copy|elementwise_binary|elementwise_other|elementwise_unary|gemv|reduce,57
react_tool,answer,mir_operator:decode_layer26,988,decode_layer26,,3,1203146,1043380,1205473,202593,283338,cudaLaunchKernel,attention|concat|copy|elementwise_binary|elementwise_other|elementwise_unary|gemv|reduce,57
react_tool,answer,mir_operator:decode_layer27,989,decode_layer27,,3,1177642,1050020,1193146,202147,281001,cudaLaunchKernel,attention|concat|copy|elementwise_binary|elementwise_other|elementwise_unary|gemv|reduce,57
react_tool,answer,mir_operator:decode_head,990,decode_head,,3,232487,200442,241665,663204,46085,cudaLaunchKernel,copy|elementwise_binary|elementwise_unary|gemv|reduce,9
react_tool,answer,mir_operator:decode_sample,991,decode_sample,,3,623255,615421,630145,7136,580650,cudaStreamSynchronize,memcpy|memset|reduce,1
react_tool,answer,mir_operator:decode_embed,992,decode_embed,,3,49749,46412,60054,1856,12353,cudaLaunchKernel,other,1
react_tool,answer,mir_operator:decode_layer00,993,decode_layer00,,3,1186649,1158414,1230862,202624,275010,cudaLaunchKernel,attention|concat|copy|elementwise_binary|elementwise_other|elementwise_unary|gemv|reduce,57
react_tool,answer,mir_operator:decode_layer01,994,decode_layer01,,3,1115482,1102336,1154521,203138,262107,cudaLaunchKernel,attention|concat|copy|elementwise_binary|elementwise_other|elementwise_unary|gemv|reduce,57
react_tool,answer,mir_operator:decode_layer02,995,decode_layer02,,3,1095720,1084265,1109814,201601,261959,cudaLaunchKernel,attention|concat|copy|elementwise_binary|elementwise_other|elementwise_unary|gemv|reduce,57
react_tool,answer,mir_operator:decode_layer03,996,decode_layer03,,3,1079682,1074542,1105593,202433,259191,cudaLaunchKernel,attention|concat|copy|elementwise_binary|elementwise_other|elementwise_unary|gemv|reduce,57
react_tool,answer,mir_operator:decode_layer04,997,decode_layer04,,3,1101018,1076686,1118742,202592,269394,cudaLaunchKernel,attention|concat|copy|elementwise_binary|elementwise_other|elementwise_unary|gemv|reduce,57
react_tool,answer,mir_operator:decode_layer05,998,decode_layer05,,3,1087917,1053036,1111245,201986,256341,cudaLaunchKernel,attention|concat|copy|elementwise_binary|elementwise_other|elementwise_unary|gemv|reduce,57
react_tool,answer,mir_operator:decode_layer06,999,decode_layer06,,3,1056300,1037607,1106249,202721,253952,cudaLaunchKernel,attention|concat|copy|elementwise_binary|elementwise_other|elementwise_unary|gemv|reduce,57
react_tool,answer,mir_operator:decode_layer07,1000,decode_layer07,,3,1057017,1034857,1110894,202657,255044,cudaLaunchKernel,attention|concat|copy|elementwise_binary|elementwise_other|elementwise_unary|gemv|reduce,57
react_tool,answer,mir_operator:decode_layer08,1001,decode_layer08,,3,1073361,1054235,1134732,202946,260027,cudaLaunchKernel,attention|concat|copy|elementwise_binary|elementwise_other|elementwise_unary|gemv|reduce,57
react_tool,answer,mir_operator:decode_layer09,1002,decode_layer09,,3,1115288,1046150,1132562,202497,268304,cudaLaunchKernel,attention|concat|copy|elementwise_binary|elementwise_other|elementwise_unary|gemv|reduce,57
react_tool,answer,mir_operator:decode_layer10,1003,decode_layer10,,3,1077660,1043660,1221318,201888,269561,cudaLaunchKernel,attention|concat|copy|elementwise_binary|elementwise_other|elementwise_unary|gemv|reduce,57
react_tool,answer,mir_operator:decode_layer11,1004,decode_layer11,,3,1119686,1037108,1218434,202210,269756,cudaLaunchKernel,attention|concat|copy|elementwise_binary|elementwise_other|elementwise_unary|gemv|reduce,57
react_tool,answer,mir_operator:decode_layer12,1005,decode_layer12,,3,1168818,1041890,1228988,202050,284960,cudaLaunchKernel,attention|concat|copy|elementwise_binary|elementwise_other|elementwise_unary|gemv|reduce,57
react_tool,answer,mir_operator:decode_layer13,1006,decode_layer13,,3,1161993,1051872,1244980,202916,277742,cudaLaunchKernel,attention|concat|copy|elementwise_binary|elementwise_other|elementwise_unary|gemv|reduce,57
react_tool,answer,mir_operator:decode_layer14,1007,decode_layer14,,3,1194898,1034955,1212711,202466,284877,cudaLaunchKernel,attention|concat|copy|elementwise_binary|elementwise_other|elementwise_unary|gemv|reduce,57
react_tool,answer,mir_operator:decode_layer15,1008,decode_layer15,,3,1203712,1043627,1214799,202625,282811,cudaLaunchKernel,attention|concat|copy|elementwise_binary|elementwise_other|elementwise_unary|gemv|reduce,57
react_tool,answer,mir_operator:decode_layer16,1009,decode_layer16,,3,1224114,1034476,1246323,201922,287962,cudaLaunchKernel,attention|concat|copy|elementwise_binary|elementwise_other|elementwise_unary|gemv|reduce,57
react_tool,answer,mir_operator:decode_layer17,1010,decode_layer17,,3,1210395,1052822,1226735,202915,283226,cudaLaunchKernel,attention|concat|copy|elementwise_binary|elementwise_other|elementwise_unary|gemv|reduce,57
react_tool,answer,mir_operator:decode_layer18,1011,decode_layer18,,3,1202309,1060537,1220092,202305,289834,cudaLaunchKernel,attention|concat|copy|elementwise_binary|elementwise_other|elementwise_unary|gemv|reduce,57
react_tool,answer,mir_operator:decode_layer19,1012,decode_layer19,,3,1211684,1092234,1225623,203265,288719,cudaLaunchKernel,attention|concat|copy|elementwise_binary|elementwise_other|elementwise_unary|gemv|reduce,57
react_tool,answer,mir_operator:decode_layer20,1013,decode_layer20,,3,1193908,1189684,1215223,203300,286654,cudaLaunchKernel,attention|concat|copy|elementwise_binary|elementwise_other|elementwise_unary|gemv|reduce,57
react_tool,answer,mir_operator:decode_layer21,1014,decode_layer21,,3,1192481,1189503,1242697,202339,284507,cudaLaunchKernel,attention|concat|copy|elementwise_binary|elementwise_other|elementwise_unary|gemv|reduce,57
react_tool,answer,mir_operator:decode_layer22,1015,decode_layer22,,3,1205994,1197953,1213839,202753,282815,cudaLaunchKernel,attention|concat|copy|elementwise_binary|elementwise_other|elementwise_unary|gemv|reduce,57
react_tool,answer,mir_operator:decode_layer23,1016,decode_layer23,,3,1204393,1197381,1217580,202752,287397,cudaLaunchKernel,attention|concat|copy|elementwise_binary|elementwise_other|elementwise_unary|gemv|reduce,57
react_tool,answer,mir_operator:decode_layer24,1017,decode_layer24,,3,1205428,1197007,1228218,202435,289785,cudaLaunchKernel,attention|concat|copy|elementwise_binary|elementwise_other|elementwise_unary|gemv|reduce,57
react_tool,answer,mir_operator:decode_layer25,1018,decode_layer25,,3,1226761,1185775,1228914,202306,288388,cudaLaunchKernel,attention|concat|copy|elementwise_binary|elementwise_other|elementwise_unary|gemv|reduce,57
react_tool,answer,mir_operator:decode_layer26,1019,decode_layer26,,3,1210738,1206014,1243964,203328,296312,cudaLaunchKernel,attention|concat|copy|elementwise_binary|elementwise_other|elementwise_unary|gemv|reduce,57
react_tool,answer,mir_operator:decode_layer27,1020,decode_layer27,,3,1208980,1194654,1214463,202592,291957,cudaLaunchKernel,attention|concat|copy|elementwise_binary|elementwise_other|elementwise_unary|gemv|reduce,57
react_tool,answer,mir_operator:decode_head,1021,decode_head,,3,249730,228328,259404,661411,47016,cudaLaunchKernel,copy|elementwise_binary|elementwise_unary|gemv|reduce,9
react_tool,answer,mir_operator:decode_sample,1022,decode_sample,,3,615264,614658,623051,7168,563695,cudaStreamSynchronize,memcpy|memset|reduce,1
react_tool,answer,mir_operator:decode_embed,1023,decode_embed,,3,58357,48031,61037,1888,13184,cudaLaunchKernel,other,1
react_tool,answer,mir_operator:decode_layer00,1024,decode_layer00,,3,1289058,1273791,1291288,203361,301767,cudaLaunchKernel,attention|concat|copy|elementwise_binary|elementwise_other|elementwise_unary|gemv|reduce,57
react_tool,answer,mir_operator:decode_layer01,1025,decode_layer01,,3,1220116,1204660,1247360,202273,289958,cudaLaunchKernel,attention|concat|copy|elementwise_binary|elementwise_other|elementwise_unary|gemv|reduce,57
react_tool,answer,mir_operator:decode_layer02,1026,decode_layer02,,3,1195065,1192554,1207671,202083,286862,cudaLaunchKernel,attention|concat|copy|elementwise_binary|elementwise_other|elementwise_unary|gemv|reduce,57
react_tool,answer,mir_operator:decode_layer03,1027,decode_layer03,,3,1224883,1206030,1849492,203681,295370,cudaLaunchKernel,attention|concat|copy|elementwise_binary|elementwise_other|elementwise_unary|gemv|reduce,57
react_tool,answer,mir_operator:decode_layer04,1028,decode_layer04,,3,1196726,1167067,1230702,202913,283746,cudaLaunchKernel,attention|concat|copy|elementwise_binary|elementwise_other|elementwise_unary|gemv|reduce,57
react_tool,answer,mir_operator:decode_layer05,1029,decode_layer05,,3,1194309,1190563,1224811,202722,282862,cudaLaunchKernel,attention|concat|copy|elementwise_binary|elementwise_other|elementwise_unary|gemv|reduce,57
react_tool,answer,mir_operator:decode_layer06,1030,decode_layer06,,3,1210628,1194392,1212776,203073,286624,cudaLaunchKernel,attention|concat|copy|elementwise_binary|elementwise_other|elementwise_unary|gemv|reduce,57
react_tool,answer,mir_operator:decode_layer07,1031,decode_layer07,,3,1191535,1169562,1212840,202018,284542,cudaLaunchKernel,attention|concat|copy|elementwise_binary|elementwise_other|elementwise_unary|gemv|reduce,57
react_tool,answer,mir_operator:decode_layer08,1032,decode_layer08,,3,1205522,1114102,1207666,202241,284932,cudaLaunchKernel,attention|concat|copy|elementwise_binary|elementwise_other|elementwise_unary|gemv|reduce,57
react_tool,answer,mir_operator:decode_layer09,1033,decode_layer09,,3,1197687,1138746,1212306,203073,288400,cudaLaunchKernel,attention|concat|copy|elementwise_binary|elementwise_other|elementwise_unary|gemv|reduce,57
react_tool,answer,mir_operator:decode_layer10,1034,decode_layer10,,3,1221494,1103731,1231655,201730,287738,cudaLaunchKernel,attention|concat|copy|elementwise_binary|elementwise_other|elementwise_unary|gemv|reduce,57
react_tool,answer,mir_operator:decode_layer11,1035,decode_layer11,,3,1194710,1143054,1215542,202432,286284,cudaLaunchKernel,attention|concat|copy|elementwise_binary|elementwise_other|elementwise_unary|gemv|reduce,57
react_tool,answer,mir_operator:decode_layer12,1036,decode_layer12,,3,1181081,1142515,1202941,202561,278056,cudaLaunchKernel,attention|concat|copy|elementwise_binary|elementwise_other|elementwise_unary|gemv|reduce,57
react_tool,answer,mir_operator:decode_layer13,1037,decode_layer13,,3,1183522,1174855,1251044,202307,287406,cudaLaunchKernel,attention|concat|copy|elementwise_binary|elementwise_other|elementwise_unary|gemv|reduce,57
react_tool,answer,mir_operator:decode_layer14,1038,decode_layer14,,3,1181909,1181378,1182263,202784,282383,cudaLaunchKernel,attention|concat|copy|elementwise_binary|elementwise_other|elementwise_unary|gemv|reduce,57
react_tool,answer,mir_operator:decode_layer15,1039,decode_layer15,,3,1168074,1112607,1224342,202945,287091,cudaLaunchKernel,attention|concat|copy|elementwise_binary|elementwise_other|elementwise_unary|gemv|reduce,57
react_tool,answer,mir_operator:decode_layer16,1040,decode_layer16,,3,1182745,1146977,1317446,202208,278212,cudaLaunchKernel,attention|concat|copy|elementwise_binary|elementwise_other|elementwise_unary|gemv|reduce,57
react_tool,answer,mir_operator:decode_layer17,1041,decode_layer17,,3,1215364,1141017,1243148,202721,289528,cudaLaunchKernel,attention|concat|copy|elementwise_binary|elementwise_other|elementwise_unary|gemv|reduce,57
react_tool,answer,mir_operator:decode_layer18,1042,decode_layer18,,3,1183991,1165578,1200331,203393,280921,cudaLaunchKernel,attention|concat|copy|elementwise_binary|elementwise_other|elementwise_unary|gemv|reduce,57
react_tool,answer,mir_operator:decode_layer19,1043,decode_layer19,,3,1169046,1115139,1188598,203392,277011,cudaLaunchKernel,attention|concat|copy|elementwise_binary|elementwise_other|elementwise_unary|gemv|reduce,57
react_tool,answer,mir_operator:decode_layer20,1044,decode_layer20,,3,1161342,1095017,1215219,203008,277968,cudaLaunchKernel,attention|concat|copy|elementwise_binary|elementwise_other|elementwise_unary|gemv|reduce,57
react_tool,answer,mir_operator:decode_layer21,1045,decode_layer21,,3,1202536,1082709,1207771,203168,283727,cudaLaunchKernel,attention|concat|copy|elementwise_binary|elementwise_other|elementwise_unary|gemv|reduce,57
react_tool,answer,mir_operator:decode_layer22,1046,decode_layer22,,3,1170131,1101106,1208867,203681,286857,cudaLaunchKernel,attention|concat|copy|elementwise_binary|elementwise_other|elementwise_unary|gemv|reduce,57
react_tool,answer,mir_operator:decode_layer23,1047,decode_layer23,,3,1156952,1107097,1208043,202528,276713,cudaLaunchKernel,attention|concat|copy|elementwise_binary|elementwise_other|elementwise_unary|gemv|reduce,57
react_tool,answer,mir_operator:decode_layer24,1048,decode_layer24,,3,1114076,1109835,1524827,203168,274753,cudaLaunchKernel,attention|concat|copy|elementwise_binary|elementwise_other|elementwise_unary|gemv|reduce,57
react_tool,answer,mir_operator:decode_layer25,1049,decode_layer25,,3,1127810,1063850,1233811,202050,269283,cudaLaunchKernel,attention|concat|copy|elementwise_binary|elementwise_other|elementwise_unary|gemv|reduce,57
react_tool,answer,mir_operator:decode_layer26,1050,decode_layer26,,3,1109463,1046163,1227022,203937,272223,cudaLaunchKernel,attention|concat|copy|elementwise_binary|elementwise_other|elementwise_unary|gemv|reduce,57
react_tool,answer,mir_operator:decode_layer27,1051,decode_layer27,,3,1115306,1044237,1238754,202592,277147,cudaLaunchKernel,attention|concat|copy|elementwise_binary|elementwise_other|elementwise_unary|gemv|reduce,57
react_tool,answer,mir_operator:decode_head,1052,decode_head,,3,224457,203391,246453,665732,43717,cudaLaunchKernel,copy|elementwise_binary|elementwise_unary|gemv|reduce,9
react_tool,answer,mir_operator:decode_sample,1053,decode_sample,,3,613744,606795,721215,7104,568734,cudaStreamSynchronize,memcpy|memset|reduce,1
react_tool,answer,mir_operator:decode_embed,1054,decode_embed,,3,57353,43204,65527,1856,12286,cudaLaunchKernel,other,1
react_tool,answer,mir_operator:decode_layer00,1055,decode_layer00,,3,1191318,1113093,1311511,203713,283203,cudaLaunchKernel,attention|concat|copy|elementwise_binary|elementwise_other|elementwise_unary|gemv|reduce,57
react_tool,answer,mir_operator:decode_layer01,1056,decode_layer01,,3,1137658,1119672,1238971,202852,269854,cudaLaunchKernel,attention|concat|copy|elementwise_binary|elementwise_other|elementwise_unary|gemv|reduce,57
react_tool,answer,mir_operator:decode_layer02,1057,decode_layer02,,3,1107283,1080911,1228864,202721,271985,cudaLaunchKernel,attention|concat|copy|elementwise_binary|elementwise_other|elementwise_unary|gemv|reduce,57
react_tool,answer,mir_operator:decode_layer03,1058,decode_layer03,,3,1099901,1062689,1231742,202753,265784,cudaLaunchKernel,attention|concat|copy|elementwise_binary|elementwise_other|elementwise_unary|gemv|reduce,57
react_tool,answer,mir_operator:decode_layer04,1059,decode_layer04,,3,1098473,1079562,1217199,202689,263774,cudaLaunchKernel,attention|concat|copy|elementwise_binary|elementwise_other|elementwise_unary|gemv|reduce,57
react_tool,answer,mir_operator:decode_layer05,1060,decode_layer05,,3,1108895,1071988,1213070,202723,267766,cudaLaunchKernel,attention|concat|copy|elementwise_binary|elementwise_other|elementwise_unary|gemv|reduce,57
react_tool,answer,mir_operator:decode_layer06,1061,decode_layer06,,3,1109503,1054128,1235357,203585,264280,cudaLaunchKernel,attention|concat|copy|elementwise_binary|elementwise_other|elementwise_unary|gemv|reduce,57
react_tool,answer,mir_operator:decode_layer07,1062,decode_layer07,,3,1094607,1060547,1227416,202594,257554,cudaLaunchKernel,attention|concat|copy|elementwise_binary|elementwise_other|elementwise_unary|gemv|reduce,57
react_tool,answer,mir_operator:decode_layer08,1063,decode_layer08,,3,1109350,1049691,1176298,202081,263843,cudaLaunchKernel,attention|concat|copy|elementwise_binary|elementwise_other|elementwise_unary|gemv|reduce,57
react_tool,answer,mir_operator:decode_layer09,1064,decode_layer09,,3,1091639,1049941,1175216,203361,267636,cudaLaunchKernel,attention|concat|copy|elementwise_binary|elementwise_other|elementwise_unary|gemv|reduce,57
react_tool,answer,mir_operator:decode_layer10,1065,decode_layer10,,3,1108224,1068910,1170706,202562,270860,cudaLaunchKernel,attention|concat|copy|elementwise_binary|elementwise_other|elementwise_unary|gemv|reduce,57
react_tool,answer,mir_operator:decode_layer11,1066,decode_layer11,,3,1172921,1041297,1178018,202338,272961,cudaLaunchKernel,attention|concat|copy|elementwise_binary|elementwise_other|elementwise_unary|gemv|reduce,57
react_tool,answer,mir_operator:decode_layer12,1067,decode_layer12,,3,1151727,1043754,1210446,202656,271449,cudaLaunchKernel,attention|concat|copy|elementwise_binary|elementwise_other|elementwise_unary|gemv|reduce,57
react_tool,answer,mir_operator:decode_layer13,1068,decode_layer13,,3,1109345,1038984,1214284,202241,271052,cudaLaunchKernel,attention|concat|copy|elementwise_binary|elementwise_other|elementwise_unary|gemv|reduce,57
react_tool,answer,mir_operator:decode_layer14,1069,decode_layer14,,3,1104277,1052970,1204110,202850,266911,cudaLaunchKernel,attention|concat|copy|elementwise_binary|elementwise_other|elementwise_unary|gemv|reduce,57
react_tool,answer,mir_operator:decode_layer15,1070,decode_layer15,,3,1118624,1047699,1204034,202721,265787,cudaLaunchKernel,attention|concat|copy|elementwise_binary|elementwise_other|elementwise_unary|gemv|reduce,57
react_tool,answer,mir_operator:decode_layer16,1071,decode_layer16,,3,1115123,1089164,1207831,202850,260903,cudaLaunchKernel,attention|concat|copy|elementwise_binary|elementwise_other|elementwise_unary|gemv|reduce,57
react_tool,answer,mir_operator:decode_layer17,1072,decode_layer17,,3,1127126,1118863,1207821,203138,270160,cudaLaunchKernel,attention|concat|copy|elementwise_binary|elementwise_other|elementwise_unary|gemv|reduce,57
react_tool,answer,mir_operator:decode_layer18,1073,decode_layer18,,3,1206516,1177356,1639486,202657,289642,cudaLaunchKernel,attention|concat|copy|elementwise_binary|elementwise_other|elementwise_unary|gemv|reduce,57
react_tool,answer,mir_operator:decode_layer19,1074,decode_layer19,,3,1184707,1146133,1270976,202497,286695,cudaLaunchKernel,attention|concat|copy|elementwise_binary|elementwise_other|elementwise_unary|gemv|reduce,57
react_tool,answer,mir_operator:decode_layer20,1075,decode_layer20,,3,1176636,1100972,1205799,202690,285111,cudaLaunchKernel,attention|concat|copy|elementwise_binary|elementwise_other|elementwise_unary|gemv|reduce,57
react_tool,answer,mir_operator:decode_layer21,1076,decode_layer21,,3,1145836,1112099,1204141,203490,272476,cudaLaunchKernel,attention|concat|copy|elementwise_binary|elementwise_other|elementwise_unary|gemv|reduce,57
react_tool,answer,mir_operator:decode_layer22,1077,decode_layer22,,3,1127749,1117358,1190365,202594,272114,cudaLaunchKernel,attention|concat|copy|elementwise_binary|elementwise_other|elementwise_unary|gemv|reduce,57
react_tool,answer,mir_operator:decode_layer23,1078,decode_layer23,,3,1101105,1098529,1200390,202433,270798,cudaLaunchKernel,attention|concat|copy|elementwise_binary|elementwise_other|elementwise_unary|gemv|reduce,57
react_tool,answer,mir_operator:decode_layer24,1079,decode_layer24,,3,1150614,1069435,1204510,202561,268741,cudaLaunchKernel,attention|concat|copy|elementwise_binary|elementwise_other|elementwise_unary|gemv|reduce,57
react_tool,answer,mir_operator:decode_layer25,1080,decode_layer25,,3,1196008,1068251,1203370,202370,280140,cudaLaunchKernel,attention|concat|copy|elementwise_binary|elementwise_other|elementwise_unary|gemv|reduce,57
react_tool,answer,mir_operator:decode_layer26,1081,decode_layer26,,3,1190138,1047779,1197800,202721,276376,cudaLaunchKernel,attention|concat|copy|elementwise_binary|elementwise_other|elementwise_unary|gemv|reduce,57
react_tool,answer,mir_operator:decode_layer27,1082,decode_layer27,,3,1201189,1049050,1244015,202912,284401,cudaLaunchKernel,attention|concat|copy|elementwise_binary|elementwise_other|elementwise_unary|gemv|reduce,57
react_tool,answer,mir_operator:decode_head,1083,decode_head,,3,227221,197734,240128,663172,44748,cudaLaunchKernel,copy|elementwise_binary|elementwise_unary|gemv|reduce,9
react_tool,answer,mir_operator:decode_sample,1084,decode_sample,,3,624644,615044,625337,7104,586065,cudaStreamSynchronize,memcpy|memset|reduce,1
react_tool,answer,mir_operator:decode_embed,1085,decode_embed,,3,48497,43810,55166,1856,12580,cudaLaunchKernel,other,1
react_tool,answer,mir_operator:decode_layer00,1086,decode_layer00,,3,1147744,1132554,1297916,203457,272636,cudaLaunchKernel,attention|concat|copy|elementwise_binary|elementwise_other|elementwise_unary|gemv|reduce,57
react_tool,answer,mir_operator:decode_layer01,1087,decode_layer01,,3,1113927,1066154,1206676,202304,268718,cudaLaunchKernel,attention|concat|copy|elementwise_binary|elementwise_other|elementwise_unary|gemv|reduce,57
react_tool,answer,mir_operator:decode_layer02,1088,decode_layer02,,3,1114973,1083731,1191783,203170,266268,cudaLaunchKernel,attention|concat|copy|elementwise_binary|elementwise_other|elementwise_unary|gemv|reduce,57
react_tool,answer,mir_operator:decode_layer03,1089,decode_layer03,,3,1094843,1084289,1246727,202722,263370,cudaLaunchKernel,attention|concat|copy|elementwise_binary|elementwise_other|elementwise_unary|gemv|reduce,57
react_tool,answer,mir_operator:decode_layer04,1090,decode_layer04,,3,1084001,1069659,1207914,203041,261777,cudaLaunchKernel,attention|concat|copy|elementwise_binary|elementwise_other|elementwise_unary|gemv|reduce,57
react_tool,answer,mir_operator:decode_layer05,1091,decode_layer05,,3,1078163,1077368,1207011,202561,267675,cudaLaunchKernel,attention|concat|copy|elementwise_binary|elementwise_other|elementwise_unary|gemv|reduce,57
react_tool,answer,mir_operator:decode_layer06,1092,decode_layer06,,3,1112394,1056769,1206809,203298,271853,cudaLaunchKernel,attention|concat|copy|elementwise_binary|elementwise_other|elementwise_unary|gemv|reduce,57
react_tool,answer,mir_operator:decode_layer07,1093,decode_layer07,,3,1177981,1046153,1204237,202304,271328,cudaLaunchKernel,attention|concat|copy|elementwise_binary|elementwise_other|elementwise_unary|gemv|reduce,57
react_tool,answer,mir_operator:decode_layer08,1094,decode_layer08,,3,1200077,1041247,1203958,202433,278953,cudaLaunchKernel,attention|concat|copy|elementwise_binary|elementwise_other|elementwise_unary|gemv|reduce,57
react_tool,answer,mir_operator:decode_layer09,1095,decode_layer09,,3,1187989,1053953,1192246,202401,283458,cudaLaunchKernel,attention|concat|copy|elementwise_binary|elementwise_other|elementwise_unary|gemv|reduce,57
react_tool,answer,mir_operator:decode_layer10,1096,decode_layer10,,3,1207738,1045611,1215494,203169,290670,cudaLaunchKernel,attention|concat|copy|elementwise_binary|elementwise_other|elementwise_unary|gemv|reduce,57
react_tool,answer,mir_operator:decode_layer11,1097,decode_layer11,,3,1193775,1066229,1242813,202082,282099,cudaLaunchKernel,attention|concat|copy|elementwise_binary|elementwise_other|elementwise_unary|gemv|reduce,57
react_tool,answer,mir_operator:decode_layer12,1098,decode_layer12,,3,1196707,1054000,1201807,202529,280812,cudaLaunchKernel,attention|concat|copy|elementwise_binary|elementwise_other|elementwise_unary|gemv|reduce,57
react_tool,answer,mir_operator:decode_layer13,1099,decode_layer13,,3,1185354,1045304,1208173,202464,288002,cudaLaunchKernel,attention|concat|copy|elementwise_binary|elementwise_other|elementwise_unary|gemv|reduce,57
react_tool,answer,mir_operator:decode_layer14,1100,decode_layer14,,3,1198275,1048658,1200785,202435,277866,cudaLaunchKernel,attention|concat|copy|elementwise_binary|elementwise_other|elementwise_unary|gemv|reduce,57
react_tool,answer,mir_operator:decode_layer15,1101,decode_layer15,,3,1248148,1045970,1261254,202784,287166,cudaLaunchKernel,attention|concat|copy|elementwise_binary|elementwise_other|elementwise_unary|gemv|reduce,57
react_tool,answer,mir_operator:decode_layer16,1102,decode_layer16,,3,1214722,1053323,1217661,202530,281604,cudaLaunchKernel,attention|concat|copy|elementwise_binary|elementwise_other|elementwise_unary|gemv|reduce,57
react_tool,answer,mir_operator:decode_layer17,1103,decode_layer17,,3,1207069,1039433,1228464,202913,280026,cudaLaunchKernel,attention|concat|copy|elementwise_binary|elementwise_other|elementwise_unary|gemv|reduce,57
react_tool,answer,mir_operator:decode_layer18,1104,decode_layer18,,3,1203601,1044625,1205283,202433,286771,cudaLaunchKernel,attention|concat|copy|elementwise_binary|elementwise_other|elementwise_unary|gemv|reduce,57
react_tool,answer,mir_operator:decode_layer19,1105,decode_layer19,,3,1202323,1044756,1218046,202368,291427,cudaLaunchKernel,attention|concat|copy|elementwise_binary|elementwise_other|elementwise_unary|gemv|reduce,57
react_tool,answer,mir_operator:decode_layer20,1106,decode_layer20,,3,1169879,1083000,1200124,202818,280775,cudaLaunchKernel,attention|concat|copy|elementwise_binary|elementwise_other|elementwise_unary|gemv|reduce,57
react_tool,answer,mir_operator:decode_layer21,1107,decode_layer21,,3,1170881,1049772,1201755,202081,278152,cudaLaunchKernel,attention|concat|copy|elementwise_binary|elementwise_other|elementwise_unary|gemv|reduce,57
react_tool,answer,mir_operator:decode_layer22,1108,decode_layer22,,3,1195576,1049577,1275797,207777,282579,cudaLaunchKernel,attention|concat|copy|elementwise_binary|elementwise_other|elementwise_unary|gemv|reduce,57
react_tool,answer,mir_operator:decode_layer23,1109,decode_layer23,,3,1175424,1047707,1256769,202817,272968,cudaLaunchKernel,attention|concat|copy|elementwise_binary|elementwise_other|elementwise_unary|gemv|reduce,57
react_tool,answer,mir_operator:decode_layer24,1110,decode_layer24,,3,1177836,1047135,1197003,202113,274721,cudaLaunchKernel,attention|concat|copy|elementwise_binary|elementwise_other|elementwise_unary|gemv|reduce,57
react_tool,answer,mir_operator:decode_layer25,1111,decode_layer25,,3,1174952,1056467,1199613,202912,278607,cudaLaunchKernel,attention|concat|copy|elementwise_binary|elementwise_other|elementwise_unary|gemv|reduce,57
react_tool,answer,mir_operator:decode_layer26,1112,decode_layer26,,3,1171334,1048457,1190787,201987,275197,cudaLaunchKernel,attention|concat|copy|elementwise_binary|elementwise_other|elementwise_unary|gemv|reduce,57
react_tool,answer,mir_operator:decode_layer27,1113,decode_layer27,,3,1194945,1044647,1195859,202881,289140,cudaLaunchKernel,attention|concat|copy|elementwise_binary|elementwise_other|elementwise_unary|gemv|reduce,57
react_tool,answer,mir_operator:decode_head,1114,decode_head,,3,231121,197635,245192,662660,44319,cudaLaunchKernel,copy|elementwise_binary|elementwise_unary|gemv|reduce,9
react_tool,answer,mir_operator:decode_sample,1115,decode_sample,,3,617285,616141,633912,7008,572403,cudaStreamSynchronize,memcpy|memset|reduce,1
react_tool,answer,mir_operator:decode_embed,1116,decode_embed,,3,49069,39403,52145,1856,11409,cudaLaunchKernel,other,1
react_tool,answer,mir_operator:decode_layer00,1117,decode_layer00,,3,1178893,1158970,1256042,202913,282304,cudaLaunchKernel,attention|concat|copy|elementwise_binary|elementwise_other|elementwise_unary|gemv|reduce,57
react_tool,answer,mir_operator:decode_layer01,1118,decode_layer01,,3,1174427,1072251,1191923,203009,277802,cudaLaunchKernel,attention|concat|copy|elementwise_binary|elementwise_other|elementwise_unary|gemv|reduce,57
react_tool,answer,mir_operator:decode_layer02,1119,decode_layer02,,3,1186909,1084350,1222937,201634,283616,cudaLaunchKernel,attention|concat|copy|elementwise_binary|elementwise_other|elementwise_unary|gemv|reduce,57
react_tool,answer,mir_operator:decode_layer03,1120,decode_layer03,,3,1192293,1176253,1222769,202433,280563,cudaLaunchKernel,attention|concat|copy|elementwise_binary|elementwise_other|elementwise_unary|gemv|reduce,57
react_tool,answer,mir_operator:decode_layer04,1121,decode_layer04,,3,1163087,1161548,1170464,202305,277053,cudaLaunchKernel,attention|concat|copy|elementwise_binary|elementwise_other|elementwise_unary|gemv|reduce,57
react_tool,answer,mir_operator:decode_layer05,1122,decode_layer05,,3,1164673,1111177,1164991,203362,275643,cudaLaunchKernel,attention|concat|copy|elementwise_binary|elementwise_other|elementwise_unary|gemv|reduce,57
react_tool,answer,mir_operator:decode_layer06,1123,decode_layer06,,3,1170410,1116133,1190641,202785,276597,cudaLaunchKernel,attention|concat|copy|elementwise_binary|elementwise_other|elementwise_unary|gemv|reduce,57
react_tool,answer,mir_operator:decode_layer07,1124,decode_layer07,,3,1169134,1111762,1177395,202594,282394,cudaLaunchKernel,attention|concat|copy|elementwise_binary|elementwise_other|elementwise_unary|gemv|reduce,57
react_tool,answer,mir_operator:decode_layer08,1125,decode_layer08,,3,1175257,1098974,1197358,202625,279755,cudaLaunchKernel,attention|concat|copy|elementwise_binary|elementwise_other|elementwise_unary|gemv|reduce,57
react_tool,answer,mir_operator:decode_layer09,1126,decode_layer09,,3,1187830,1092187,1188903,202049,279628,cudaLaunchKernel,attention|concat|copy|elementwise_binary|elementwise_other|elementwise_unary|gemv|reduce,57
react_tool,answer,mir_operator:decode_layer10,1127,decode_layer10,,3,1166818,1098522,1181820,202403,277282,cudaLaunchKernel,attention|concat|copy|elementwise_binary|elementwise_other|elementwise_unary|gemv|reduce,57
react_tool,answer,mir_operator:decode_layer11,1128,decode_layer11,,3,1148343,1102145,1196883,203010,276617,cudaLaunchKernel,attention|concat|copy|elementwise_binary|elementwise_other|elementwise_unary|gemv|reduce,57
react_tool,answer,mir_operator:decode_layer12,1129,decode_layer12,,3,1132719,1099620,1195429,202562,271422,cudaLaunchKernel,attention|concat|copy|elementwise_binary|elementwise_other|elementwise_unary|gemv|reduce,57
react_tool,answer,mir_operator:decode_layer13,1130,decode_layer13,,3,1157337,1156835,1204892,202433,275460,cudaLaunchKernel,attention|concat|copy|elementwise_binary|elementwise_other|elementwise_unary|gemv|reduce,57
react_tool,answer,mir_operator:decode_layer14,1131,decode_layer14,,3,1174590,1170707,1193104,201761,277949,cudaLaunchKernel,attention|concat|copy|elementwise_binary|elementwise_other|elementwise_unary|gemv|reduce,57
react_tool,answer,mir_operator:decode_layer15,1132,decode_layer15,,3,1187260,1136452,1188694,202752,286647,cudaLaunchKernel,attention|concat|copy|elementwise_binary|elementwise_other|elementwise_unary|gemv|reduce,57
react_tool,answer,mir_operator:decode_layer16,1133,decode_layer16,,3,1166293,1098768,1210793,202562,276347,cudaLaunchKernel,attention|concat|copy|elementwise_binary|elementwise_other|elementwise_unary|gemv|reduce,57
react_tool,answer,mir_operator:decode_layer17,1134,decode_layer17,,3,1179435,1090832,1254276,202369,289527,cudaLaunchKernel,attention|concat|copy|elementwise_binary|elementwise_other|elementwise_unary|gemv|reduce,57
react_tool,answer,mir_operator:decode_layer18,1135,decode_layer18,,3,1179064,1099654,1206525,202401,282026,cudaLaunchKernel,attention|concat|copy|elementwise_binary|elementwise_other|elementwise_unary|gemv|reduce,57
react_tool,answer,mir_operator:decode_layer19,1136,decode_layer19,,3,1203718,1124307,1207628,202434,282084,cudaLaunchKernel,attention|concat|copy|elementwise_binary|elementwise_other|elementwise_unary|gemv|reduce,57
react_tool,answer,mir_operator:decode_layer20,1137,decode_layer20,,3,1184007,1075924,1204851,202530,278923,cudaLaunchKernel,attention|concat|copy|elementwise_binary|elementwise_other|elementwise_unary|gemv|reduce,57
react_tool,answer,mir_operator:decode_layer21,1138,decode_layer21,,3,1166055,1072841,1207641,202403,274371,cudaLaunchKernel,attention|concat|copy|elementwise_binary|elementwise_other|elementwise_unary|gemv|reduce,57
react_tool,answer,mir_operator:decode_layer22,1139,decode_layer22,,3,1177798,1047454,1212889,202594,286881,cudaLaunchKernel,attention|concat|copy|elementwise_binary|elementwise_other|elementwise_unary|gemv|reduce,57
react_tool,answer,mir_operator:decode_layer23,1140,decode_layer23,,3,1168390,1052213,1231452,202848,278744,cudaLaunchKernel,attention|concat|copy|elementwise_binary|elementwise_other|elementwise_unary|gemv|reduce,57
react_tool,answer,mir_operator:decode_layer24,1141,decode_layer24,,3,1118480,1048746,1223481,202240,269642,cudaLaunchKernel,attention|concat|copy|elementwise_binary|elementwise_other|elementwise_unary|gemv|reduce,57
react_tool,answer,mir_operator:decode_layer25,1142,decode_layer25,,3,1180435,1071381,1200082,202465,281580,cudaLaunchKernel,attention|concat|copy|elementwise_binary|elementwise_other|elementwise_unary|gemv|reduce,57
react_tool,answer,mir_operator:decode_layer26,1143,decode_layer26,,3,1172902,1070366,1186578,202562,281698,cudaLaunchKernel,attention|concat|copy|elementwise_binary|elementwise_other|elementwise_unary|gemv|reduce,57
react_tool,answer,mir_operator:decode_layer27,1144,decode_layer27,,3,1167855,1072842,1177798,201953,284973,cudaLaunchKernel,attention|concat|copy|elementwise_binary|elementwise_other|elementwise_unary|gemv|reduce,57
react_tool,answer,mir_operator:decode_head,1145,decode_head,,3,227795,202348,236900,663044,45348,cudaLaunchKernel,copy|elementwise_binary|elementwise_unary|gemv|reduce,9
react_tool,answer,mir_operator:decode_sample,1146,decode_sample,,3,627456,617271,632603,7104,581743,cudaStreamSynchronize,memcpy|memset|reduce,1
react_tool,answer,mir_operator:decode_embed,1147,decode_embed,,3,48124,44312,52522,1856,11068,cudaLaunchKernel,other,1
react_tool,answer,mir_operator:decode_layer00,1148,decode_layer00,,3,1193647,1147981,1250345,203522,282195,cudaLaunchKernel,attention|concat|copy|elementwise_binary|elementwise_other|elementwise_unary|gemv|reduce,57
react_tool,answer,mir_operator:decode_layer01,1149,decode_layer01,,3,1147867,1108862,1188107,202240,271192,cudaLaunchKernel,attention|concat|copy|elementwise_binary|elementwise_other|elementwise_unary|gemv|reduce,57
react_tool,answer,mir_operator:decode_layer02,1150,decode_layer02,,3,1198457,1081392,1217313,202850,278488,cudaLaunchKernel,attention|concat|copy|elementwise_binary|elementwise_other|elementwise_unary|gemv|reduce,57
react_tool,answer,mir_operator:decode_layer03,1151,decode_layer03,,3,1147774,1067662,1200788,202497,272701,cudaLaunchKernel,attention|concat|copy|elementwise_binary|elementwise_other|elementwise_unary|gemv|reduce,57
react_tool,answer,mir_operator:decode_layer04,1152,decode_layer04,,3,1106815,1040336,1246418,202784,264040,cudaLaunchKernel,attention|concat|copy|elementwise_binary|elementwise_other|elementwise_unary|gemv|reduce,57
react_tool,answer,mir_operator:decode_layer05,1153,decode_layer05,,3,1104236,1057046,1240170,203042,262918,cudaLaunchKernel,attention|concat|copy|elementwise_binary|elementwise_other|elementwise_unary|gemv|reduce,57
react_tool,answer,mir_operator:decode_layer06,1154,decode_layer06,,3,1105462,1047822,1332162,203298,269196,cudaLaunchKernel,attention|concat|copy|elementwise_binary|elementwise_other|elementwise_unary|gemv|reduce,57
react_tool,answer,mir_operator:decode_layer07,1155,decode_layer07,,3,1123505,1047040,1606717,202914,271993,cudaLaunchKernel,attention|concat|copy|elementwise_binary|elementwise_other|elementwise_unary|gemv|reduce,57
react_tool,answer,mir_operator:decode_layer08,1156,decode_layer08,,3,1107971,1075013,1232546,203072,273584,cudaLaunchKernel,attention|concat|copy|elementwise_binary|elementwise_other|elementwise_unary|gemv|reduce,57
react_tool,answer,mir_operator:decode_layer09,1157,decode_layer09,,3,1132561,1051159,1211424,202882,281319,cudaLaunchKernel,attention|concat|copy|elementwise_binary|elementwise_other|elementwise_unary|gemv|reduce,57
react_tool,answer,mir_operator:decode_layer10,1158,decode_layer10,,3,1105305,1049227,1206196,202337,274146,cudaLaunchKernel,attention|concat|copy|elementwise_binary|elementwise_other|elementwise_unary|gemv|reduce,57
react_tool,answer,mir_operator:decode_layer11,1159,decode_layer11,,3,1125888,1040264,1218373,202657,268659,cudaLaunchKernel,attention|concat|copy|elementwise_binary|elementwise_other|elementwise_unary|gemv|reduce,57
react_tool,answer,mir_operator:decode_layer12,1160,decode_layer12,,3,1131338,1066481,1260275,203008,270871,cudaLaunchKernel,attention|concat|copy|elementwise_binary|elementwise_other|elementwise_unary|gemv|reduce,57
react_tool,answer,mir_operator:decode_layer13,1161,decode_layer13,,3,1107479,1059153,1209274,202305,271826,cudaLaunchKernel,attention|concat|copy|elementwise_binary|elementwise_other|elementwise_unary|gemv|reduce,57
react_tool,answer,mir_operator:decode_layer14,1162,decode_layer14,,3,1200787,1096647,1761675,203265,292150,cudaLaunchKernel,attention|concat|copy|elementwise_binary|elementwise_other|elementwise_unary|gemv|reduce,57
react_tool,answer,mir_operator:decode_layer15,1163,decode_layer15,,3,1167274,1107886,1198197,203200,289273,cudaLaunchKernel,attention|concat|copy|elementwise_binary|elementwise_other|elementwise_unary|gemv|reduce,57
react_tool,answer,mir_operator:decode_layer16,1164,decode_layer16,,3,1202251,1176499,1209774,203170,289101,cudaLaunchKernel,attention|concat|copy|elementwise_binary|elementwise_other|elementwise_unary|gemv|reduce,57
react_tool,answer,mir_operator:decode_layer17,1165,decode_layer17,,3,1186445,1150892,1279567,202464,280108,cudaLaunchKernel,attention|concat|copy|elementwise_binary|elementwise_other|elementwise_unary|gemv|reduce,57
react_tool,answer,mir_operator:decode_layer18,1166,decode_layer18,,3,1145998,1102110,1239023,202690,271087,cudaLaunchKernel,attention|concat|copy|elementwise_binary|elementwise_other|elementwise_unary|gemv|reduce,57
react_tool,answer,mir_operator:decode_layer19,1167,decode_layer19,,3,1131367,1107262,1216861,203456,268870,cudaLaunchKernel,attention|concat|copy|elementwise_binary|elementwise_other|elementwise_unary|gemv|reduce,57
react_tool,answer,mir_operator:decode_layer20,1168,decode_layer20,,3,1134800,1123021,1215315,205633,269036,cudaLaunchKernel,attention|concat|copy|elementwise_binary|elementwise_other|elementwise_unary|gemv|reduce,57
react_tool,answer,mir_operator:decode_layer21,1169,decode_layer21,,3,1171936,1099461,1204294,202177,273291,cudaLaunchKernel,attention|concat|copy|elementwise_binary|elementwise_other|elementwise_unary|gemv|reduce,57
react_tool,answer,mir_operator:decode_layer22,1170,decode_layer22,,3,1184799,1094783,1201924,202530,281037,cudaLaunchKernel,attention|concat|copy|elementwise_binary|elementwise_other|elementwise_unary|gemv|reduce,57
react_tool,answer,mir_operator:decode_layer23,1171,decode_layer23,,3,1154902,1107701,1206293,201985,280393,cudaLaunchKernel,attention|concat|copy|elementwise_binary|elementwise_other|elementwise_unary|gemv|reduce,57
react_tool,answer,mir_operator:decode_layer24,1172,decode_layer24,,3,1172633,1117687,1187170,203299,272699,cudaLaunchKernel,attention|concat|copy|elementwise_binary|elementwise_other|elementwise_unary|gemv|reduce,57
react_tool,answer,mir_operator:decode_layer25,1173,decode_layer25,,3,1146824,1101639,1172340,203041,266681,cudaLaunchKernel,attention|concat|copy|elementwise_binary|elementwise_other|elementwise_unary|gemv|reduce,57
react_tool,answer,mir_operator:decode_layer26,1174,decode_layer26,,3,1104220,1101707,1161699,202497,270888,cudaLaunchKernel,attention|concat|copy|elementwise_binary|elementwise_other|elementwise_unary|gemv|reduce,57
react_tool,answer,mir_operator:decode_layer27,1175,decode_layer27,,3,1106066,1093502,1181548,202432,274272,cudaLaunchKernel,attention|concat|copy|elementwise_binary|elementwise_other|elementwise_unary|gemv|reduce,57
react_tool,answer,mir_operator:decode_head,1176,decode_head,,3,222619,212462,230817,662179,45172,cudaLaunchKernel,copy|elementwise_binary|elementwise_unary|gemv|reduce,9
react_tool,answer,mir_operator:decode_sample,1177,decode_sample,,3,619207,618105,624820,7040,568534,cudaStreamSynchronize,memcpy|memset|reduce,1
react_tool,answer,mir_operator:decode_embed,1178,decode_embed,,3,54387,45255,56396,1888,11514,cudaLaunchKernel,other,1
react_tool,answer,mir_operator:decode_layer00,1179,decode_layer00,,3,1185138,1178881,1306933,202690,287263,cudaLaunchKernel,attention|concat|copy|elementwise_binary|elementwise_other|elementwise_unary|gemv|reduce,57
react_tool,answer,mir_operator:decode_layer01,1180,decode_layer01,,3,1137236,1137026,1238871,202049,281114,cudaLaunchKernel,attention|concat|copy|elementwise_binary|elementwise_other|elementwise_unary|gemv|reduce,57
react_tool,answer,mir_operator:decode_layer02,1181,decode_layer02,,3,1134048,1111086,1219265,202018,276072,cudaLaunchKernel,attention|concat|copy|elementwise_binary|elementwise_other|elementwise_unary|gemv|reduce,57
react_tool,answer,mir_operator:decode_layer03,1182,decode_layer03,,3,1165706,1106498,1209504,202625,281834,cudaLaunchKernel,attention|concat|copy|elementwise_binary|elementwise_other|elementwise_unary|gemv|reduce,57
react_tool,answer,mir_operator:decode_layer04,1183,decode_layer04,,3,1144738,1109625,1212856,202946,268082,cudaLaunchKernel,attention|concat|copy|elementwise_binary|elementwise_other|elementwise_unary|gemv|reduce,57
react_tool,answer,mir_operator:decode_layer05,1184,decode_layer05,,3,1145992,1143637,1221760,202818,272409,cudaLaunchKernel,attention|concat|copy|elementwise_binary|elementwise_other|elementwise_unary|gemv|reduce,57
react_tool,answer,mir_operator:decode_layer06,1185,decode_layer06,,3,1111764,1111280,1209949,203137,268592,cudaLaunchKernel,attention|concat|copy|elementwise_binary|elementwise_other|elementwise_unary|gemv|reduce,57
react_tool,answer,mir_operator:decode_layer07,1186,decode_layer07,,3,1113305,1110492,1228279,203104,272019,cudaLaunchKernel,attention|concat|copy|elementwise_binary|elementwise_other|elementwise_unary|gemv|reduce,57
react_tool,answer,mir_operator:decode_layer08,1187,decode_layer08,,3,1141560,1110988,1242528,202624,272338,cudaLaunchKernel,attention|concat|copy|elementwise_binary|elementwise_other|elementwise_unary|gemv|reduce,57
react_tool,answer,mir_operator:decode_layer09,1188,decode_layer09,,3,1110794,1101713,1222100,202626,269233,cudaLaunchKernel,attention|concat|copy|elementwise_binary|elementwise_other|elementwise_unary|gemv|reduce,57
react_tool,answer,mir_operator:decode_layer10,1189,decode_layer10,,3,1132777,1098497,1195615,202113,263833,cudaLaunchKernel,attention|concat|copy|elementwise_binary|elementwise_other|elementwise_unary|gemv|reduce,57
react_tool,answer,mir_operator:decode_layer11,1190,decode_layer11,,3,1102967,1099415,1201271,202372,265077,cudaLaunchKernel,attention|concat|copy|elementwise_binary|elementwise_other|elementwise_unary|gemv|reduce,57
react_tool,answer,mir_operator:decode_layer12,1191,decode_layer12,,3,1112757,1092831,1175118,202466,272219,cudaLaunchKernel,attention|concat|copy|elementwise_binary|elementwise_other|elementwise_unary|gemv|reduce,57
react_tool,answer,mir_operator:decode_layer13,1192,decode_layer13,,3,1129619,1108091,1185531,202336,266720,cudaLaunchKernel,attention|concat|copy|elementwise_binary|elementwise_other|elementwise_unary|gemv|reduce,57
react_tool,answer,mir_operator:decode_layer14,1193,decode_layer14,,3,1105876,1100340,1116374,201888,266675,cudaLaunchKernel,attention|concat|copy|elementwise_binary|elementwise_other|elementwise_unary|gemv|reduce,57
react_tool,answer,mir_operator:decode_layer15,1194,decode_layer15,,3,1101794,1074387,1126675,202498,272162,cudaLaunchKernel,attention|concat|copy|elementwise_binary|elementwise_other|elementwise_unary|gemv|reduce,57
react_tool,answer,mir_operator:decode_layer16,1195,decode_layer16,,3,1085872,1082336,1133435,202243,261288,cudaLaunchKernel,attention|concat|copy|elementwise_binary|elementwise_other|elementwise_unary|gemv|reduce,57
react_tool,answer,mir_operator:decode_layer17,1196,decode_layer17,,3,1077981,1072761,1113665,202497,262584,cudaLaunchKernel,attention|concat|copy|elementwise_binary|elementwise_other|elementwise_unary|gemv|reduce,57
react_tool,answer,mir_operator:decode_layer18,1197,decode_layer18,,3,1081639,1051359,1115386,202528,258094,cudaLaunchKernel,attention|concat|copy|elementwise_binary|elementwise_other|elementwise_unary|gemv|reduce,57
react_tool,answer,mir_operator:decode_layer19,1198,decode_layer19,,3,1053263,1041041,1114760,202912,254623,cudaLaunchKernel,attention|concat|copy|elementwise_binary|elementwise_other|elementwise_unary|gemv|reduce,57
react_tool,answer,mir_operator:decode_layer20,1199,decode_layer20,,3,1044745,1041987,1110298,203138,253021,cudaLaunchKernel,attention|concat|copy|elementwise_binary|elementwise_other|elementwise_unary|gemv|reduce,57
react_tool,answer,mir_operator:decode_layer21,1200,decode_layer21,,3,1043917,1036562,1115836,202177,252021,cudaLaunchKernel,attention|concat|copy|elementwise_binary|elementwise_other|elementwise_unary|gemv|reduce,57
react_tool,answer,mir_operator:decode_layer22,1201,decode_layer22,,3,1074015,1066986,1103423,202466,261980,cudaLaunchKernel,attention|concat|copy|elementwise_binary|elementwise_other|elementwise_unary|gemv|reduce,57
react_tool,answer,mir_operator:decode_layer23,1202,decode_layer23,,3,1092859,1065529,1113639,202145,264562,cudaLaunchKernel,attention|concat|copy|elementwise_binary|elementwise_other|elementwise_unary|gemv|reduce,57
react_tool,answer,mir_operator:decode_layer24,1203,decode_layer24,,3,1179194,1048207,1184357,202689,284197,cudaLaunchKernel,attention|concat|copy|elementwise_binary|elementwise_other|elementwise_unary|gemv|reduce,57
react_tool,answer,mir_operator:decode_layer25,1204,decode_layer25,,3,1150346,1039431,1199356,202433,274300,cudaLaunchKernel,attention|concat|copy|elementwise_binary|elementwise_other|elementwise_unary|gemv|reduce,57
react_tool,answer,mir_operator:decode_layer26,1205,decode_layer26,,3,1164678,1074860,1181379,203169,272308,cudaLaunchKernel,attention|concat|copy|elementwise_binary|elementwise_other|elementwise_unary|gemv|reduce,57
react_tool,answer,mir_operator:decode_layer27,1206,decode_layer27,,3,1161096,1077576,1226892,202529,278126,cudaLaunchKernel,attention|concat|copy|elementwise_binary|elementwise_other|elementwise_unary|gemv|reduce,57
react_tool,answer,mir_operator:decode_head,1207,decode_head,,3,224776,213116,236923,663268,45087,cudaLaunchKernel,copy|elementwise_binary|elementwise_unary|gemv|reduce,9
react_tool,answer,mir_operator:decode_sample,1208,decode_sample,,3,619398,615826,622869,7072,569751,cudaStreamSynchronize,memcpy|memset|reduce,1
react_tool,answer,mir_operator:decode_embed,1209,decode_embed,,3,53844,44374,54352,1856,11625,cudaLaunchKernel,other,1
react_tool,answer,mir_operator:decode_layer00,1210,decode_layer00,,3,1247706,1130013,1259281,203681,286850,cudaLaunchKernel,attention|concat|copy|elementwise_binary|elementwise_other|elementwise_unary|gemv|reduce,57
react_tool,answer,mir_operator:decode_layer01,1211,decode_layer01,,3,1182629,1072363,1319135,202625,277499,cudaLaunchKernel,attention|concat|copy|elementwise_binary|elementwise_other|elementwise_unary|gemv|reduce,57
react_tool,answer,mir_operator:decode_layer02,1212,decode_layer02,,3,1209246,1110571,1212877,202433,281245,cudaLaunchKernel,attention|concat|copy|elementwise_binary|elementwise_other|elementwise_unary|gemv|reduce,57
react_tool,answer,mir_operator:decode_layer03,1213,decode_layer03,,3,1211845,1068002,1221688,202432,282419,cudaLaunchKernel,attention|concat|copy|elementwise_binary|elementwise_other|elementwise_unary|gemv|reduce,57
react_tool,answer,mir_operator:decode_layer04,1214,decode_layer04,,3,1213471,1051408,1251032,203169,286036,cudaLaunchKernel,attention|concat|copy|elementwise_binary|elementwise_other|elementwise_unary|gemv|reduce,57
react_tool,answer,mir_operator:decode_layer05,1215,decode_layer05,,3,1213690,1053163,1223784,203202,283029,cudaLaunchKernel,attention|concat|copy|elementwise_binary|elementwise_other|elementwise_unary|gemv|reduce,57
react_tool,answer,mir_operator:decode_layer06,1216,decode_layer06,,3,1203345,1045950,1209994,202752,286282,cudaLaunchKernel,attention|concat|copy|elementwise_binary|elementwise_other|elementwise_unary|gemv|reduce,57
react_tool,answer,mir_operator:decode_layer07,1217,decode_layer07,,3,1208565,1047512,1217371,202624,285688,cudaLaunchKernel,attention|concat|copy|elementwise_binary|elementwise_other|elementwise_unary|gemv|reduce,57
react_tool,answer,mir_operator:decode_layer08,1218,decode_layer08,,3,1214872,1045378,1214894,203106,285755,cudaLaunchKernel,attention|concat|copy|elementwise_binary|elementwise_other|elementwise_unary|gemv|reduce,57
react_tool,answer,mir_operator:decode_layer09,1219,decode_layer09,,3,1205887,1050040,1317174,203073,280714,cudaLaunchKernel,attention|concat|copy|elementwise_binary|elementwise_other|elementwise_unary|gemv|reduce,57
react_tool,answer,mir_operator:decode_layer10,1220,decode_layer10,,3,1212128,1049455,1567741,202050,284208,cudaLaunchKernel,attention|concat|copy|elementwise_binary|elementwise_other|elementwise_unary|gemv|reduce,57
react_tool,answer,mir_operator:decode_layer11,1221,decode_layer11,,3,1236756,1068949,1239386,203491,288409,cudaLaunchKernel,attention|concat|copy|elementwise_binary|elementwise_other|elementwise_unary|gemv|reduce,57
react_tool,answer,mir_operator:decode_layer12,1222,decode_layer12,,3,1185040,1076713,1248077,202976,277331,cudaLaunchKernel,attention|concat|copy|elementwise_binary|elementwise_other|elementwise_unary|gemv|reduce,57
react_tool,answer,mir_operator:decode_layer13,1223,decode_layer13,,3,1203426,1072773,1213393,202304,283180,cudaLaunchKernel,attention|concat|copy|elementwise_binary|elementwise_other|elementwise_unary|gemv|reduce,57
react_tool,answer,mir_operator:decode_layer14,1224,decode_layer14,,3,1185430,1102612,1214035,202561,282613,cudaLaunchKernel,attention|concat|copy|elementwise_binary|elementwise_other|elementwise_unary|gemv|reduce,57
react_tool,answer,mir_operator:decode_layer15,1225,decode_layer15,,3,1141110,1075643,1208952,203232,281310,cudaLaunchKernel,attention|concat|copy|elementwise_binary|elementwise_other|elementwise_unary|gemv|reduce,57
react_tool,answer,mir_operator:decode_layer16,1226,decode_layer16,,3,1126289,1086505,1198340,202016,271508,cudaLaunchKernel,attention|concat|copy|elementwise_binary|elementwise_other|elementwise_unary|gemv|reduce,57
react_tool,answer,mir_operator:decode_layer17,1227,decode_layer17,,3,1174111,1079559,1206578,202691,274283,cudaLaunchKernel,attention|concat|copy|elementwise_binary|elementwise_other|elementwise_unary|gemv|reduce,57
react_tool,answer,mir_operator:decode_layer18,1228,decode_layer18,,3,1180819,1077606,1209938,202944,279071,cudaLaunchKernel,attention|concat|copy|elementwise_binary|elementwise_other|elementwise_unary|gemv|reduce,57
react_tool,answer,mir_operator:decode_layer19,1229,decode_layer19,,3,1178987,1067758,1198672,202689,282675,cudaLaunchKernel,attention|concat|copy|elementwise_binary|elementwise_other|elementwise_unary|gemv|reduce,57
react_tool,answer,mir_operator:decode_layer20,1230,decode_layer20,,3,1190726,1112391,1228976,202017,277564,cudaLaunchKernel,attention|concat|copy|elementwise_binary|elementwise_other|elementwise_unary|gemv|reduce,57
react_tool,answer,mir_operator:decode_layer21,1231,decode_layer21,,3,1207376,1184533,1212622,202113,291348,cudaLaunchKernel,attention|concat|copy|elementwise_binary|elementwise_other|elementwise_unary|gemv|reduce,57
react_tool,answer,mir_operator:decode_layer22,1232,decode_layer22,,3,1189129,1171189,1210061,202336,282687,cudaLaunchKernel,attention|concat|copy|elementwise_binary|elementwise_other|elementwise_unary|gemv|reduce,57
react_tool,answer,mir_operator:decode_layer23,1233,decode_layer23,,3,1174274,1167151,1202361,202145,284247,cudaLaunchKernel,attention|concat|copy|elementwise_binary|elementwise_other|elementwise_unary|gemv|reduce,57
react_tool,answer,mir_operator:decode_layer24,1234,decode_layer24,,3,1181803,1180799,1187069,202083,282703,cudaLaunchKernel,attention|concat|copy|elementwise_binary|elementwise_other|elementwise_unary|gemv|reduce,57
react_tool,answer,mir_operator:decode_layer25,1235,decode_layer25,,3,1174206,1174070,1174343,204161,279781,cudaLaunchKernel,attention|concat|copy|elementwise_binary|elementwise_other|elementwise_unary|gemv|reduce,57
react_tool,answer,mir_operator:decode_layer26,1236,decode_layer26,,3,1193353,1135895,1194689,202979,285206,cudaLaunchKernel,attention|concat|copy|elementwise_binary|elementwise_other|elementwise_unary|gemv|reduce,57
react_tool,answer,mir_operator:decode_layer27,1237,decode_layer27,,3,1202026,1173888,1208322,202497,286436,cudaLaunchKernel,attention|concat|copy|elementwise_binary|elementwise_other|elementwise_unary|gemv|reduce,57
react_tool,answer,mir_operator:decode_head,1238,decode_head,,3,240110,235767,241496,662340,45773,cudaLaunchKernel,copy|elementwise_binary|elementwise_unary|gemv|reduce,9
react_tool,answer,mir_operator:decode_sample,1239,decode_sample,,3,612899,610891,613053,7040,555785,cudaStreamSynchronize,memcpy|memset|reduce,1
react_tool,answer,mir_operator:decode_embed,1240,decode_embed,,3,57880,53334,59190,1888,12953,cudaLaunchKernel,other,1
react_tool,answer,mir_operator:decode_layer00,1241,decode_layer00,,3,1227747,1217006,1291567,202784,286997,cudaLaunchKernel,attention|concat|copy|elementwise_binary|elementwise_other|elementwise_unary|gemv|reduce,57
react_tool,answer,mir_operator:decode_layer01,1242,decode_layer01,,3,1133290,1127551,1227846,202115,280433,cudaLaunchKernel,attention|concat|copy|elementwise_binary|elementwise_other|elementwise_unary|gemv|reduce,57
react_tool,answer,mir_operator:decode_layer02,1243,decode_layer02,,3,1127621,1123614,1211794,202434,272640,cudaLaunchKernel,attention|concat|copy|elementwise_binary|elementwise_other|elementwise_unary|gemv|reduce,57
react_tool,answer,mir_operator:decode_layer03,1244,decode_layer03,,3,1118530,1076272,1205685,201730,268337,cudaLaunchKernel,attention|concat|copy|elementwise_binary|elementwise_other|elementwise_unary|gemv|reduce,57
react_tool,answer,mir_operator:decode_layer04,1245,decode_layer04,,3,1223076,1213420,1629380,202273,285857,cudaLaunchKernel,attention|concat|copy|elementwise_binary|elementwise_other|elementwise_unary|gemv|reduce,57
react_tool,answer,mir_operator:decode_layer05,1246,decode_layer05,,3,1213697,1103120,1215662,202112,283754,cudaLaunchKernel,attention|concat|copy|elementwise_binary|elementwise_other|elementwise_unary|gemv|reduce,57
react_tool,answer,mir_operator:decode_layer06,1247,decode_layer06,,3,1212020,1164735,1226423,202658,295847,cudaLaunchKernel,attention|concat|copy|elementwise_binary|elementwise_other|elementwise_unary|gemv|reduce,57
react_tool,answer,mir_operator:decode_layer07,1248,decode_layer07,,3,1212137,1102098,1241306,201921,290376,cudaLaunchKernel,attention|concat|copy|elementwise_binary|elementwise_other|elementwise_unary|gemv|reduce,57
react_tool,answer,mir_operator:decode_layer08,1249,decode_layer08,,3,1233826,1089133,1243283,202146,287116,cudaLaunchKernel,attention|concat|copy|elementwise_binary|elementwise_other|elementwise_unary|gemv|reduce,57
react_tool,answer,mir_operator:decode_layer09,1250,decode_layer09,,3,1221493,1106301,1235645,203393,285053,cudaLaunchKernel,attention|concat|copy|elementwise_binary|elementwise_other|elementwise_unary|gemv|reduce,57
react_tool,answer,mir_operator:decode_layer10,1251,decode_layer10,,3,1210246,1096027,1229821,202912,283345,cudaLaunchKernel,attention|concat|copy|elementwise_binary|elementwise_other|elementwise_unary|gemv|reduce,57
react_tool,answer,mir_operator:decode_layer11,1252,decode_layer11,,3,1196453,1156441,1213509,202722,280415,cudaLaunchKernel,attention|concat|copy|elementwise_binary|elementwise_other|elementwise_unary|gemv|reduce,57
react_tool,answer,mir_operator:decode_layer12,1253,decode_layer12,,3,1200638,1180439,1202515,202754,291523,cudaLaunchKernel,attention|concat|copy|elementwise_binary|elementwise_other|elementwise_unary|gemv|reduce,57
react_tool,answer,mir_operator:decode_layer13,1254,decode_layer13,,3,1183905,1176095,1211270,202209,282565,cudaLaunchKernel,attention|concat|copy|elementwise_binary|elementwise_other|elementwise_unary|gemv|reduce,57
react_tool,answer,mir_operator:decode_layer14,1255,decode_layer14,,3,1196172,1128362,1221483,202339,291838,cudaLaunchKernel,attention|concat|copy|elementwise_binary|elementwise_other|elementwise_unary|gemv|reduce,57
react_tool,answer,mir_operator:decode_layer15,1256,decode_layer15,,3,1198288,1142454,1234435,203457,286308,cudaLaunchKernel,attention|concat|copy|elementwise_binary|elementwise_other|elementwise_unary|gemv|reduce,57
react_tool,answer,mir_operator:decode_layer16,1257,decode_layer16,,3,1191745,1131842,1215998,202881,280750,cudaLaunchKernel,attention|concat|copy|elementwise_binary|elementwise_other|elementwise_unary|gemv|reduce,57
react_tool,answer,mir_operator:decode_layer17,1258,decode_layer17,,3,1165739,1111162,1203438,202242,282956,cudaLaunchKernel,attention|concat|copy|elementwise_binary|elementwise_other|elementwise_unary|gemv|reduce,57
react_tool,answer,mir_operator:decode_layer18,1259,decode_layer18,,3,1152249,1091337,1214857,202753,280394,cudaLaunchKernel,attention|concat|copy|elementwise_binary|elementwise_other|elementwise_unary|gemv|reduce,57
react_tool,answer,mir_operator:decode_layer19,1260,decode_layer19,,3,1121717,1107651,1203674,203169,264113,cudaLaunchKernel,attention|concat|copy|elementwise_binary|elementwise_other|elementwise_unary|gemv|reduce,57
react_tool,answer,mir_operator:decode_layer20,1261,decode_layer20,,3,1109325,1083643,1215219,202210,267287,cudaLaunchKernel,attention|concat|copy|elementwise_binary|elementwise_other|elementwise_unary|gemv|reduce,57
react_tool,answer,mir_operator:decode_layer21,1262,decode_layer21,,3,1161372,1119193,1219173,202114,273336,cudaLaunchKernel,attention|concat|copy|elementwise_binary|elementwise_other|elementwise_unary|gemv|reduce,57
react_tool,answer,mir_operator:decode_layer22,1263,decode_layer22,,3,1146188,1098094,1186538,202336,270682,cudaLaunchKernel,attention|concat|copy|elementwise_binary|elementwise_other|elementwise_unary|gemv|reduce,57
react_tool,answer,mir_operator:decode_layer23,1264,decode_layer23,,3,1148989,1092557,1173044,202753,274101,cudaLaunchKernel,attention|concat|copy|elementwise_binary|elementwise_other|elementwise_unary|gemv|reduce,57
react_tool,answer,mir_operator:decode_layer24,1265,decode_layer24,,3,1109657,1100389,1200924,203296,265443,cudaLaunchKernel,attention|concat|copy|elementwise_binary|elementwise_other|elementwise_unary|gemv|reduce,57
react_tool,answer,mir_operator:decode_layer25,1266,decode_layer25,,3,1125052,1078708,1195830,202498,265585,cudaLaunchKernel,attention|concat|copy|elementwise_binary|elementwise_other|elementwise_unary|gemv|reduce,57
react_tool,answer,mir_operator:decode_layer26,1267,decode_layer26,,3,1122914,1095942,1178052,202211,272244,cudaLaunchKernel,attention|concat|copy|elementwise_binary|elementwise_other|elementwise_unary|gemv|reduce,57
react_tool,answer,mir_operator:decode_layer27,1268,decode_layer27,,3,1100584,1090562,1182281,201824,262343,cudaLaunchKernel,attention|concat|copy|elementwise_binary|elementwise_other|elementwise_unary|gemv|reduce,57
react_tool,answer,mir_operator:decode_head,1269,decode_head,,3,225116,215491,243458,663236,43226,cudaLaunchKernel,copy|elementwise_binary|elementwise_unary|gemv|reduce,9
react_tool,answer,mir_operator:decode_sample,1270,decode_sample,,3,615888,606980,620851,7200,550657,cudaStreamSynchronize,memcpy|memset|reduce,1
react_tool,answer,mir_operator:decode_embed,1271,decode_embed,,3,58485,49075,59688,1888,12766,cudaLaunchKernel,other,1
react_tool,answer,mir_operator:decode_layer00,1272,decode_layer00,,3,1208646,1171900,1307965,202624,286543,cudaLaunchKernel,attention|concat|copy|elementwise_binary|elementwise_other|elementwise_unary|gemv|reduce,57
react_tool,answer,mir_operator:decode_layer01,1273,decode_layer01,,3,1185439,1128327,1235012,202497,274728,cudaLaunchKernel,attention|concat|copy|elementwise_binary|elementwise_other|elementwise_unary|gemv|reduce,57
react_tool,answer,mir_operator:decode_layer02,1274,decode_layer02,,3,1142466,1117177,1166234,202273,272554,cudaLaunchKernel,attention|concat|copy|elementwise_binary|elementwise_other|elementwise_unary|gemv|reduce,57
react_tool,answer,mir_operator:decode_layer03,1275,decode_layer03,,3,1128877,1123898,1169409,202113,268140,cudaLaunchKernel,attention|concat|copy|elementwise_binary|elementwise_other|elementwise_unary|gemv|reduce,57
react_tool,answer,mir_operator:decode_layer04,1276,decode_layer04,,3,1119714,1111636,1196421,203201,267711,cudaLaunchKernel,attention|concat|copy|elementwise_binary|elementwise_other|elementwise_unary|gemv|reduce,57
react_tool,answer,mir_operator:decode_layer05,1277,decode_layer05,,3,1092872,1084581,1184625,201922,267548,cudaLaunchKernel,attention|concat|copy|elementwise_binary|elementwise_other|elementwise_unary|gemv|reduce,57
react_tool,answer,mir_operator:decode_layer06,1278,decode_layer06,,3,1107778,1071928,1185336,202817,262658,cudaLaunchKernel,attention|concat|copy|elementwise_binary|elementwise_other|elementwise_unary|gemv|reduce,57
react_tool,answer,mir_operator:decode_layer07,1279,decode_layer07,,3,1063152,1063132,1172440,202370,258222,cudaLaunchKernel,attention|concat|copy|elementwise_binary|elementwise_other|elementwise_unary|gemv|reduce,57
react_tool,answer,mir_operator:decode_layer08,1280,decode_layer08,,3,1061723,1052851,1166756,201793,259192,cudaLaunchKernel,attention|concat|copy|elementwise_binary|elementwise_other|elementwise_unary|gemv|reduce,57
react_tool,answer,mir_operator:decode_layer09,1281,decode_layer09,,3,1060311,1053426,1165738,203202,258385,cudaLaunchKernel,attention|concat|copy|elementwise_binary|elementwise_other|elementwise_unary|gemv|reduce,57
react_tool,answer,mir_operator:decode_layer10,1282,decode_layer10,,3,1053570,1048209,1165009,202657,264076,cudaLaunchKernel,attention|concat|copy|elementwise_binary|elementwise_other|elementwise_unary|gemv|reduce,57
react_tool,answer,mir_operator:decode_layer11,1283,decode_layer11,,3,1093736,1049349,1178030,202050,265198,cudaLaunchKernel,attention|concat|copy|elementwise_binary|elementwise_other|elementwise_unary|gemv|reduce,57
react_tool,answer,mir_operator:decode_layer12,1284,decode_layer12,,3,1075024,1061039,1115661,202562,262292,cudaLaunchKernel,attention|concat|copy|elementwise_binary|elementwise_other|elementwise_unary|gemv|reduce,57
react_tool,answer,mir_operator:decode_layer13,1285,decode_layer13,,3,1072824,1059009,1190913,202273,259567,cudaLaunchKernel,attention|concat|copy|elementwise_binary|elementwise_other|elementwise_unary|gemv|reduce,57
react_tool,answer,mir_operator:decode_layer14,1286,decode_layer14,,3,1064170,1051533,1163225,202850,261932,cudaLaunchKernel,attention|concat|copy|elementwise_binary|elementwise_other|elementwise_unary|gemv|reduce,57
react_tool,answer,mir_operator:decode_layer15,1287,decode_layer15,,3,1069727,1056371,1195892,203104,258003,cudaLaunchKernel,attention|concat|copy|elementwise_binary|elementwise_other|elementwise_unary|gemv|reduce,57
react_tool,answer,mir_operator:decode_layer16,1288,decode_layer16,,3,1097200,1079367,1197610,202626,262280,cudaLaunchKernel,attention|concat|copy|elementwise_binary|elementwise_other|elementwise_unary|gemv|reduce,57
react_tool,answer,mir_operator:decode_layer17,1289,decode_layer17,,3,1182736,1093139,1187514,203105,276489,cudaLaunchKernel,attention|concat|copy|elementwise_binary|elementwise_other|elementwise_unary|gemv|reduce,57
react_tool,answer,mir_operator:decode_layer18,1290,decode_layer18,,3,1175240,1108127,1191482,202656,272355,cudaLaunchKernel,attention|concat|copy|elementwise_binary|elementwise_other|elementwise_unary|gemv|reduce,57
react_tool,answer,mir_operator:decode_layer19,1291,decode_layer19,,3,1197885,1108103,1208481,202658,282085,cudaLaunchKernel,attention|concat|copy|elementwise_binary|elementwise_other|elementwise_unary|gemv|reduce,57
react_tool,answer,mir_operator:decode_layer20,1292,decode_layer20,,3,1199998,1140457,1214847,202753,281222,cudaLaunchKernel,attention|concat|copy|elementwise_binary|elementwise_other|elementwise_unary|gemv|reduce,57
react_tool,answer,mir_operator:decode_layer21,1293,decode_layer21,,3,1208220,1116244,1252051,201954,283403,cudaLaunchKernel,attention|concat|copy|elementwise_binary|elementwise_other|elementwise_unary|gemv|reduce,57
react_tool,answer,mir_operator:decode_layer22,1294,decode_layer22,,3,1199592,1089845,1221950,202368,282364,cudaLaunchKernel,attention|concat|copy|elementwise_binary|elementwise_other|elementwise_unary|gemv|reduce,57
react_tool,answer,mir_operator:decode_layer23,1295,decode_layer23,,3,1198792,1116789,1220409,202018,285391,cudaLaunchKernel,attention|concat|copy|elementwise_binary|elementwise_other|elementwise_unary|gemv|reduce,57
react_tool,answer,mir_operator:decode_layer24,1296,decode_layer24,,3,1172372,1088117,1204240,203009,276903,cudaLaunchKernel,attention|concat|copy|elementwise_binary|elementwise_other|elementwise_unary|gemv|reduce,57
react_tool,answer,mir_operator:decode_layer25,1297,decode_layer25,,3,1160620,1075720,1197542,201923,271567,cudaLaunchKernel,attention|concat|copy|elementwise_binary|elementwise_other|elementwise_unary|gemv|reduce,57
react_tool,answer,mir_operator:decode_layer26,1298,decode_layer26,,3,1175937,1100156,1199837,202818,281437,cudaLaunchKernel,attention|concat|copy|elementwise_binary|elementwise_other|elementwise_unary|gemv|reduce,57
react_tool,answer,mir_operator:decode_layer27,1299,decode_layer27,,3,1102294,1078768,1192907,202946,261527,cudaLaunchKernel,attention|concat|copy|elementwise_binary|elementwise_other|elementwise_unary|gemv|reduce,57
react_tool,answer,mir_operator:decode_head,1300,decode_head,,3,236168,210450,360143,662180,45172,cudaLaunchKernel,copy|elementwise_binary|elementwise_unary|gemv|reduce,9
react_tool,answer,mir_operator:decode_sample,1301,decode_sample,,3,618414,613507,620161,7072,569132,cudaStreamSynchronize,memcpy|memset|reduce,1
react_tool,answer,mir_operator:decode_embed,1302,decode_embed,,3,48310,48209,53948,1888,11678,cudaLaunchKernel,other,1
react_tool,answer,mir_operator:decode_layer00,1303,decode_layer00,,3,1208533,1183747,1313146,203042,282357,cudaLaunchKernel,attention|concat|copy|elementwise_binary|elementwise_other|elementwise_unary|gemv|reduce,57
react_tool,answer,mir_operator:decode_layer01,1304,decode_layer01,,3,1123333,1093962,1221262,202114,265764,cudaLaunchKernel,attention|concat|copy|elementwise_binary|elementwise_other|elementwise_unary|gemv|reduce,57
react_tool,answer,mir_operator:decode_layer02,1305,decode_layer02,,3,1094713,1093500,1214782,201984,263101,cudaLaunchKernel,attention|concat|copy|elementwise_binary|elementwise_other|elementwise_unary|gemv|reduce,57
react_tool,answer,mir_operator:decode_layer03,1306,decode_layer03,,3,1095158,1063779,1153128,202883,268397,cudaLaunchKernel,attention|concat|copy|elementwise_binary|elementwise_other|elementwise_unary|gemv|reduce,57
react_tool,answer,mir_operator:decode_layer04,1307,decode_layer04,,3,1100690,1051740,1113185,202946,259779,cudaLaunchKernel,attention|concat|copy|elementwise_binary|elementwise_other|elementwise_unary|gemv|reduce,57
react_tool,answer,mir_operator:decode_layer05,1308,decode_layer05,,3,1063054,1050525,1112235,202656,255798,cudaLaunchKernel,attention|concat|copy|elementwise_binary|elementwise_other|elementwise_unary|gemv|reduce,57
react_tool,answer,mir_operator:decode_layer06,1309,decode_layer06,,3,1053514,1048390,1164298,202913,253419,cudaLaunchKernel,attention|concat|copy|elementwise_binary|elementwise_other|elementwise_unary|gemv|reduce,57
react_tool,answer,mir_operator:decode_layer07,1310,decode_layer07,,3,1062805,1050048,1187416,202114,256060,cudaLaunchKernel,attention|concat|copy|elementwise_binary|elementwise_other|elementwise_unary|gemv|reduce,57
react_tool,answer,mir_operator:decode_layer08,1311,decode_layer08,,3,1081058,1047377,1196932,203201,257879,cudaLaunchKernel,attention|concat|copy|elementwise_binary|elementwise_other|elementwise_unary|gemv|reduce,57
react_tool,answer,mir_operator:decode_layer09,1312,decode_layer09,,3,1125187,1092282,1157497,203106,275755,cudaLaunchKernel,attention|concat|copy|elementwise_binary|elementwise_other|elementwise_unary|gemv|reduce,57
react_tool,answer,mir_operator:decode_layer10,1313,decode_layer10,,3,1171274,1055951,1202146,202464,283202,cudaLaunchKernel,attention|concat|copy|elementwise_binary|elementwise_other|elementwise_unary|gemv|reduce,57
react_tool,answer,mir_operator:decode_layer11,1314,decode_layer11,,3,1205058,1050965,1212556,203041,278571,cudaLaunchKernel,attention|concat|copy|elementwise_binary|elementwise_other|elementwise_unary|gemv|reduce,57
react_tool,answer,mir_operator:decode_layer12,1315,decode_layer12,,3,1198950,1069103,1210350,202530,285128,cudaLaunchKernel,attention|concat|copy|elementwise_binary|elementwise_other|elementwise_unary|gemv|reduce,57
react_tool,answer,mir_operator:decode_layer13,1316,decode_layer13,,3,1202718,1082409,1207900,202914,282381,cudaLaunchKernel,attention|concat|copy|elementwise_binary|elementwise_other|elementwise_unary|gemv|reduce,57
react_tool,answer,mir_operator:decode_layer14,1317,decode_layer14,,3,1212169,1111174,1217962,202339,286647,cudaLaunchKernel,attention|concat|copy|elementwise_binary|elementwise_other|elementwise_unary|gemv|reduce,57
react_tool,answer,mir_operator:decode_layer15,1318,decode_layer15,,3,1209797,1166982,1224615,203394,281903,cudaLaunchKernel,attention|concat|copy|elementwise_binary|elementwise_other|elementwise_unary|gemv|reduce,57
react_tool,answer,mir_operator:decode_layer16,1319,decode_layer16,,3,1198056,1163785,1204970,202368,283832,cudaLaunchKernel,attention|concat|copy|elementwise_binary|elementwise_other|elementwise_unary|gemv|reduce,57
react_tool,answer,mir_operator:decode_layer17,1320,decode_layer17,,3,1232438,1171690,1232881,202560,290666,cudaLaunchKernel,attention|concat|copy|elementwise_binary|elementwise_other|elementwise_unary|gemv|reduce,57
react_tool,answer,mir_operator:decode_layer18,1321,decode_layer18,,3,1209457,1187389,1236160,202978,285833,cudaLaunchKernel,attention|concat|copy|elementwise_binary|elementwise_other|elementwise_unary|gemv|reduce,57
react_tool,answer,mir_operator:decode_layer19,1322,decode_layer19,,3,1171010,1150214,1206447,202914,283965,cudaLaunchKernel,attention|concat|copy|elementwise_binary|elementwise_other|elementwise_unary|gemv|reduce,57
react_tool,answer,mir_operator:decode_layer20,1323,decode_layer20,,3,1172264,1097502,1203239,202433,277638,cudaLaunchKernel,attention|concat|copy|elementwise_binary|elementwise_other|elementwise_unary|gemv|reduce,57
react_tool,answer,mir_operator:decode_layer21,1324,decode_layer21,,3,1163121,1101685,1205546,202113,273409,cudaLaunchKernel,attention|concat|copy|elementwise_binary|elementwise_other|elementwise_unary|gemv|reduce,57
react_tool,answer,mir_operator:decode_layer22,1325,decode_layer22,,3,1154889,1098680,1214398,204545,285238,cudaLaunchKernel,attention|concat|copy|elementwise_binary|elementwise_other|elementwise_unary|gemv|reduce,57
react_tool,answer,mir_operator:decode_layer23,1326,decode_layer23,,3,1115487,1102283,1214593,202080,270378,cudaLaunchKernel,attention|concat|copy|elementwise_binary|elementwise_other|elementwise_unary|gemv|reduce,57
react_tool,answer,mir_operator:decode_layer24,1327,decode_layer24,,3,1122117,1085191,1207344,203041,265763,cudaLaunchKernel,attention|concat|copy|elementwise_binary|elementwise_other|elementwise_unary|gemv|reduce,57
react_tool,answer,mir_operator:decode_layer25,1328,decode_layer25,,3,1125467,1075317,1220584,202881,267519,cudaLaunchKernel,attention|concat|copy|elementwise_binary|elementwise_other|elementwise_unary|gemv|reduce,57
react_tool,answer,mir_operator:decode_layer26,1329,decode_layer26,,3,1116022,1079659,1241870,203425,265952,cudaLaunchKernel,attention|concat|copy|elementwise_binary|elementwise_other|elementwise_unary|gemv|reduce,57
react_tool,answer,mir_operator:decode_layer27,1330,decode_layer27,,3,1160670,1111299,1225035,202401,283237,cudaLaunchKernel,attention|concat|copy|elementwise_binary|elementwise_other|elementwise_unary|gemv|reduce,57
react_tool,answer,mir_operator:decode_head,1331,decode_head,,3,228887,211715,247815,663204,44733,cudaLaunchKernel,copy|elementwise_binary|elementwise_unary|gemv|reduce,9
react_tool,answer,mir_operator:decode_sample,1332,decode_sample,,3,619704,611084,623476,7104,571622,cudaStreamSynchronize,memcpy|memset|reduce,1
react_tool,answer,mir_operator:decode_embed,1333,decode_embed,,3,51273,45494,59814,1856,12244,cudaLaunchKernel,other,1
react_tool,answer,mir_operator:decode_layer00,1334,decode_layer00,,3,1290981,1180436,1310138,203521,298535,cudaLaunchKernel,attention|concat|copy|elementwise_binary|elementwise_other|elementwise_unary|gemv|reduce,57
react_tool,answer,mir_operator:decode_layer01,1335,decode_layer01,,3,1222935,1126499,1235662,201728,284419,cudaLaunchKernel,attention|concat|copy|elementwise_binary|elementwise_other|elementwise_unary|gemv|reduce,57
react_tool,answer,mir_operator:decode_layer02,1336,decode_layer02,,3,1218128,1115401,1235107,202562,284057,cudaLaunchKernel,attention|concat|copy|elementwise_binary|elementwise_other|elementwise_unary|gemv|reduce,57
react_tool,answer,mir_operator:decode_layer03,1337,decode_layer03,,3,1215777,1109017,1240085,202050,287919,cudaLaunchKernel,attention|concat|copy|elementwise_binary|elementwise_other|elementwise_unary|gemv|reduce,57
react_tool,answer,mir_operator:decode_layer04,1338,decode_layer04,,3,1232655,1107223,1270245,202817,295401,cudaLaunchKernel,attention|concat|copy|elementwise_binary|elementwise_other|elementwise_unary|gemv|reduce,57
react_tool,answer,mir_operator:decode_layer05,1339,decode_layer05,,3,1203413,1097372,1235688,202433,286026,cudaLaunchKernel,attention|concat|copy|elementwise_binary|elementwise_other|elementwise_unary|gemv|reduce,57
react_tool,answer,mir_operator:decode_layer06,1340,decode_layer06,,3,1204793,1181957,1230390,203267,286283,cudaLaunchKernel,attention|concat|copy|elementwise_binary|elementwise_other|elementwise_unary|gemv|reduce,57
react_tool,answer,mir_operator:decode_layer07,1341,decode_layer07,,3,1197208,1179778,1216406,202850,282295,cudaLaunchKernel,attention|concat|copy|elementwise_binary|elementwise_other|elementwise_unary|gemv|reduce,57
react_tool,answer,mir_operator:decode_layer08,1342,decode_layer08,,3,1210586,1169722,1220073,202722,287285,cudaLaunchKernel,attention|concat|copy|elementwise_binary|elementwise_other|elementwise_unary|gemv|reduce,57
react_tool,answer,mir_operator:decode_layer09,1343,decode_layer09,,3,1204281,1169594,1211506,202848,282692,cudaLaunchKernel,attention|concat|copy|elementwise_binary|elementwise_other|elementwise_unary|gemv|reduce,57
react_tool,answer,mir_operator:decode_layer10,1344,decode_layer10,,3,1201875,1166173,1218775,202336,284801,cudaLaunchKernel,attention|concat|copy|elementwise_binary|elementwise_other|elementwise_unary|gemv|reduce,57
react_tool,answer,mir_operator:decode_layer11,1345,decode_layer11,,3,1207106,1176406,1222868,202338,283444,cudaLaunchKernel,attention|concat|copy|elementwise_binary|elementwise_other|elementwise_unary|gemv|reduce,57
react_tool,answer,mir_operator:decode_layer12,1346,decode_layer12,,3,1197065,1160292,1251562,202784,289835,cudaLaunchKernel,attention|concat|copy|elementwise_binary|elementwise_other|elementwise_unary|gemv|reduce,57
react_tool,answer,mir_operator:decode_layer13,1347,decode_layer13,,3,1179051,1176595,1242100,202337,277076,cudaLaunchKernel,attention|concat|copy|elementwise_binary|elementwise_other|elementwise_unary|gemv|reduce,57
react_tool,answer,mir_operator:decode_layer14,1348,decode_layer14,,3,1191413,1107389,1199014,202433,279549,cudaLaunchKernel,attention|concat|copy|elementwise_binary|elementwise_other|elementwise_unary|gemv|reduce,57
react_tool,answer,mir_operator:decode_layer15,1349,decode_layer15,,3,1204527,1071274,1227112,203585,281630,cudaLaunchKernel,attention|concat|copy|elementwise_binary|elementwise_other|elementwise_unary|gemv|reduce,57
react_tool,answer,mir_operator:decode_layer16,1350,decode_layer16,,3,1205962,1070856,1210039,202625,288326,cudaLaunchKernel,attention|concat|copy|elementwise_binary|elementwise_other|elementwise_unary|gemv|reduce,57
react_tool,answer,mir_operator:decode_layer17,1351,decode_layer17,,3,1200462,1061589,1217253,202241,283040,cudaLaunchKernel,attention|concat|copy|elementwise_binary|elementwise_other|elementwise_unary|gemv|reduce,57
react_tool,answer,mir_operator:decode_layer18,1352,decode_layer18,,3,1202409,1045561,1226460,202691,284697,cudaLaunchKernel,attention|concat|copy|elementwise_binary|elementwise_other|elementwise_unary|gemv|reduce,57
react_tool,answer,mir_operator:decode_layer19,1353,decode_layer19,,3,1204083,1049102,1207451,202178,291671,cudaLaunchKernel,attention|concat|copy|elementwise_binary|elementwise_other|elementwise_unary|gemv|reduce,57
react_tool,answer,mir_operator:decode_layer20,1354,decode_layer20,,3,1210934,1088497,1233249,202561,280034,cudaLaunchKernel,attention|concat|copy|elementwise_binary|elementwise_other|elementwise_unary|gemv|reduce,57
react_tool,answer,mir_operator:decode_layer21,1355,decode_layer21,,3,1184893,1087283,1200746,202785,276255,cudaLaunchKernel,attention|concat|copy|elementwise_binary|elementwise_other|elementwise_unary|gemv|reduce,57
react_tool,answer,mir_operator:decode_layer22,1356,decode_layer22,,3,1142970,1130396,1145716,202017,272138,cudaLaunchKernel,attention|concat|copy|elementwise_binary|elementwise_other|elementwise_unary|gemv|reduce,57
react_tool,answer,mir_operator:decode_layer23,1357,decode_layer23,,3,1108262,1106375,1200373,202498,264648,cudaLaunchKernel,attention|concat|copy|elementwise_binary|elementwise_other|elementwise_unary|gemv|reduce,57
react_tool,answer,mir_operator:decode_layer24,1358,decode_layer24,,3,1159312,1098470,1188370,203265,282815,cudaLaunchKernel,attention|concat|copy|elementwise_binary|elementwise_other|elementwise_unary|gemv|reduce,57
react_tool,answer,mir_operator:decode_layer25,1359,decode_layer25,,3,1179049,1096600,1205898,203201,284312,cudaLaunchKernel,attention|concat|copy|elementwise_binary|elementwise_other|elementwise_unary|gemv|reduce,57
react_tool,answer,mir_operator:decode_layer26,1360,decode_layer26,,3,1171344,1139536,1223025,202818,286617,cudaLaunchKernel,attention|concat|copy|elementwise_binary|elementwise_other|elementwise_unary|gemv|reduce,57
react_tool,answer,mir_operator:decode_layer27,1361,decode_layer27,,3,1104549,1074505,1166423,203074,263826,cudaLaunchKernel,attention|concat|copy|elementwise_binary|elementwise_other|elementwise_unary|gemv|reduce,57
react_tool,answer,mir_operator:decode_head,1362,decode_head,,3,224000,206402,232951,662787,44031,cudaLaunchKernel,copy|elementwise_binary|elementwise_unary|gemv|reduce,9
react_tool,answer,mir_operator:decode_sample,1363,decode_sample,,3,613736,608540,628650,7009,564326,cudaStreamSynchronize,memcpy|memset|reduce,1
react_tool,answer,mir_operator:decode_embed,1364,decode_embed,,3,48596,43658,64191,1888,11725,cudaLaunchKernel,other,1
react_tool,answer,mir_operator:decode_layer00,1365,decode_layer00,,3,1157722,1146149,1283409,202881,270916,cudaLaunchKernel,attention|concat|copy|elementwise_binary|elementwise_other|elementwise_unary|gemv|reduce,57
react_tool,answer,mir_operator:decode_layer01,1366,decode_layer01,,3,1091340,1083385,1193031,203169,264405,cudaLaunchKernel,attention|concat|copy|elementwise_binary|elementwise_other|elementwise_unary|gemv|reduce,57
react_tool,answer,mir_operator:decode_layer02,1367,decode_layer02,,3,1090789,1064429,1226979,202945,257030,cudaLaunchKernel,attention|concat|copy|elementwise_binary|elementwise_other|elementwise_unary|gemv|reduce,57
react_tool,answer,mir_operator:decode_layer03,1368,decode_layer03,,3,1086414,1049598,1212496,202209,256181,cudaLaunchKernel,attention|concat|copy|elementwise_binary|elementwise_other|elementwise_unary|gemv|reduce,57
react_tool,answer,mir_operator:decode_layer04,1369,decode_layer04,,3,1068334,1049384,1226721,203264,262095,cudaLaunchKernel,attention|concat|copy|elementwise_binary|elementwise_other|elementwise_unary|gemv|reduce,57
react_tool,answer,mir_operator:decode_layer05,1370,decode_layer05,,3,1053221,1051128,1221355,202688,264306,cudaLaunchKernel,attention|concat|copy|elementwise_binary|elementwise_other|elementwise_unary|gemv|reduce,57
react_tool,answer,mir_operator:decode_layer06,1371,decode_layer06,,3,1048494,1047118,1176460,202947,260118,cudaLaunchKernel,attention|concat|copy|elementwise_binary|elementwise_other|elementwise_unary|gemv|reduce,57
react_tool,answer,mir_operator:decode_layer07,1372,decode_layer07,,3,1065922,1038530,1198431,202529,257373,cudaLaunchKernel,attention|concat|copy|elementwise_binary|elementwise_other|elementwise_unary|gemv|reduce,57
react_tool,answer,mir_operator:decode_layer08,1373,decode_layer08,,3,1089307,1047002,1220459,202561,262779,cudaLaunchKernel,attention|concat|copy|elementwise_binary|elementwise_other|elementwise_unary|gemv|reduce,57
react_tool,answer,mir_operator:decode_layer09,1374,decode_layer09,,3,1075722,1070891,1177587,202658,260053,cudaLaunchKernel,attention|concat|copy|elementwise_binary|elementwise_other|elementwise_unary|gemv|reduce,57
react_tool,answer,mir_operator:decode_layer10,1375,decode_layer10,,3,1071754,1056923,1195648,202403,260888,cudaLaunchKernel,attention|concat|copy|elementwise_binary|elementwise_other|elementwise_unary|gemv|reduce,57
react_tool,answer,mir_operator:decode_layer11,1376,decode_layer11,,3,1095700,1063998,1182363,203362,261480,cudaLaunchKernel,attention|concat|copy|elementwise_binary|elementwise_other|elementwise_unary|gemv|reduce,57
react_tool,answer,mir_operator:decode_layer12,1377,decode_layer12,,3,1099864,1042439,1614447,203201,261673,cudaLaunchKernel,attention|concat|copy|elementwise_binary|elementwise_other|elementwise_unary|gemv|reduce,57
react_tool,answer,mir_operator:decode_layer13,1378,decode_layer13,,3,1072165,1055304,1208642,202210,257297,cudaLaunchKernel,attention|concat|copy|elementwise_binary|elementwise_other|elementwise_unary|gemv|reduce,57
react_tool,answer,mir_operator:decode_layer14,1379,decode_layer14,,3,1068982,1039409,1183036,202752,256802,cudaLaunchKernel,attention|concat|copy|elementwise_binary|elementwise_other|elementwise_unary|gemv|reduce,57
react_tool,answer,mir_operator:decode_layer15,1380,decode_layer15,,3,1061582,1037770,1249347,203074,257503,cudaLaunchKernel,attention|concat|copy|elementwise_binary|elementwise_other|elementwise_unary|gemv|reduce,57
react_tool,answer,mir_operator:decode_layer16,1381,decode_layer16,,3,1045626,1033728,1232514,203489,253223,cudaLaunchKernel,attention|concat|copy|elementwise_binary|elementwise_other|elementwise_unary|gemv|reduce,57
react_tool,answer,mir_operator:decode_layer17,1382,decode_layer17,,3,1045336,1040803,1280256,203554,261566,cudaLaunchKernel,attention|concat|copy|elementwise_binary|elementwise_other|elementwise_unary|gemv|reduce,57
react_tool,answer,mir_operator:decode_layer18,1383,decode_layer18,,3,1051260,1050123,1216068,203329,251602,cudaLaunchKernel,attention|concat|copy|elementwise_binary|elementwise_other|elementwise_unary|gemv|reduce,57
react_tool,answer,mir_operator:decode_layer19,1384,decode_layer19,,3,1045674,1041472,1204502,202466,256479,cudaLaunchKernel,attention|concat|copy|elementwise_binary|elementwise_other|elementwise_unary|gemv|reduce,57
react_tool,answer,mir_operator:decode_layer20,1385,decode_layer20,,3,1058443,1045900,1185408,203265,258268,cudaLaunchKernel,attention|concat|copy|elementwise_binary|elementwise_other|elementwise_unary|gemv|reduce,57
react_tool,answer,mir_operator:decode_layer21,1386,decode_layer21,,3,1078726,1043737,1179743,202146,266933,cudaLaunchKernel,attention|concat|copy|elementwise_binary|elementwise_other|elementwise_unary|gemv|reduce,57
react_tool,answer,mir_operator:decode_layer22,1387,decode_layer22,,3,1070563,1041446,1183913,202945,257568,cudaLaunchKernel,attention|concat|copy|elementwise_binary|elementwise_other|elementwise_unary|gemv|reduce,57
react_tool,answer,mir_operator:decode_layer23,1388,decode_layer23,,3,1051763,1046024,1155605,202529,259747,cudaLaunchKernel,attention|concat|copy|elementwise_binary|elementwise_other|elementwise_unary|gemv|reduce,57
react_tool,answer,mir_operator:decode_layer24,1389,decode_layer24,,3,1065792,1044455,1154817,202785,257273,cudaLaunchKernel,attention|concat|copy|elementwise_binary|elementwise_other|elementwise_unary|gemv|reduce,57
react_tool,answer,mir_operator:decode_layer25,1390,decode_layer25,,3,1069730,1036347,1119539,202369,260659,cudaLaunchKernel,attention|concat|copy|elementwise_binary|elementwise_other|elementwise_unary|gemv|reduce,57
react_tool,answer,mir_operator:decode_layer26,1391,decode_layer26,,3,1068909,1039775,1117398,202851,260719,cudaLaunchKernel,attention|concat|copy|elementwise_binary|elementwise_other|elementwise_unary|gemv|reduce,57
react_tool,answer,mir_operator:decode_layer27,1392,decode_layer27,,3,1087331,1037057,1113769,202465,264077,cudaLaunchKernel,attention|concat|copy|elementwise_binary|elementwise_other|elementwise_unary|gemv|reduce,57
react_tool,answer,mir_operator:decode_head,1393,decode_head,,3,216576,202152,219687,661444,44994,cudaLaunchKernel,copy|elementwise_binary|elementwise_unary|gemv|reduce,9
react_tool,answer,mir_operator:decode_sample,1394,decode_sample,,3,623959,620676,637728,7072,584414,cudaStreamSynchronize,memcpy|memset|reduce,1
react_tool,answer,mir_operator:decode_embed,1395,decode_embed,,3,44790,41860,53452,1888,10997,cudaLaunchKernel,other,1
react_tool,answer,mir_operator:decode_layer00,1396,decode_layer00,,3,1188963,1138486,1258816,202915,277979,cudaLaunchKernel,attention|concat|copy|elementwise_binary|elementwise_other|elementwise_unary|gemv|reduce,57
react_tool,answer,mir_operator:decode_layer01,1397,decode_layer01,,3,1134280,1063938,1208333,202593,270885,cudaLaunchKernel,attention|concat|copy|elementwise_binary|elementwise_other|elementwise_unary|gemv|reduce,57
react_tool,answer,mir_operator:decode_layer02,1398,decode_layer02,,3,1175134,1051665,1195756,202370,275772,cudaLaunchKernel,attention|concat|copy|elementwise_binary|elementwise_other|elementwise_unary|gemv|reduce,57
react_tool,answer,mir_operator:decode_layer03,1399,decode_layer03,,3,1163660,1052800,1214854,202306,273957,cudaLaunchKernel,attention|concat|copy|elementwise_binary|elementwise_other|elementwise_unary|gemv|reduce,57
react_tool,answer,mir_operator:decode_layer04,1400,decode_layer04,,3,1166943,1041687,1210017,202946,276472,cudaLaunchKernel,attention|concat|copy|elementwise_binary|elementwise_other|elementwise_unary|gemv|reduce,57
react_tool,answer,mir_operator:decode_layer05,1401,decode_layer05,,3,1179111,1042418,1197453,201985,276842,cudaLaunchKernel,attention|concat|copy|elementwise_binary|elementwise_other|elementwise_unary|gemv|reduce,57
react_tool,answer,mir_operator:decode_layer06,1402,decode_layer06,,3,1209136,1049689,1211914,202689,291447,cudaLaunchKernel,attention|concat|copy|elementwise_binary|elementwise_other|elementwise_unary|gemv|reduce,57
react_tool,answer,mir_operator:decode_layer07,1403,decode_layer07,,3,1206016,1044774,1210185,202209,283220,cudaLaunchKernel,attention|concat|copy|elementwise_binary|elementwise_other|elementwise_unary|gemv|reduce,57
react_tool,answer,mir_operator:decode_layer08,1404,decode_layer08,,3,1201575,1072699,1223278,202080,285065,cudaLaunchKernel,attention|concat|copy|elementwise_binary|elementwise_other|elementwise_unary|gemv|reduce,57
react_tool,answer,mir_operator:decode_layer09,1405,decode_layer09,,3,1208850,1077887,1238388,202754,293787,cudaLaunchKernel,attention|concat|copy|elementwise_binary|elementwise_other|elementwise_unary|gemv|reduce,57
react_tool,answer,mir_operator:decode_layer10,1406,decode_layer10,,3,1191634,1148095,1199429,202274,278250,cudaLaunchKernel,attention|concat|copy|elementwise_binary|elementwise_other|elementwise_unary|gemv|reduce,57
react_tool,answer,mir_operator:decode_layer11,1407,decode_layer11,,3,1205562,1204623,1217763,202656,291675,cudaLaunchKernel,attention|concat|copy|elementwise_binary|elementwise_other|elementwise_unary|gemv|reduce,57
react_tool,answer,mir_operator:decode_layer12,1408,decode_layer12,,3,1208374,1199241,1214102,202305,285879,cudaLaunchKernel,attention|concat|copy|elementwise_binary|elementwise_other|elementwise_unary|gemv|reduce,57
react_tool,answer,mir_operator:decode_layer13,1409,decode_layer13,,3,1204066,1195548,1211552,202273,288330,cudaLaunchKernel,attention|concat|copy|elementwise_binary|elementwise_other|elementwise_unary|gemv|reduce,57
react_tool,answer,mir_operator:decode_layer14,1410,decode_layer14,,3,1194285,1190358,1200245,202210,288134,cudaLaunchKernel,attention|concat|copy|elementwise_binary|elementwise_other|elementwise_unary|gemv|reduce,57
react_tool,answer,mir_operator:decode_layer15,1411,decode_layer15,,3,1192351,1173168,1198157,203040,290776,cudaLaunchKernel,attention|concat|copy|elementwise_binary|elementwise_other|elementwise_unary|gemv|reduce,57
react_tool,answer,mir_operator:decode_layer16,1412,decode_layer16,,3,1168759,1162004,1218020,202496,276250,cudaLaunchKernel,attention|concat|copy|elementwise_binary|elementwise_other|elementwise_unary|gemv|reduce,57
react_tool,answer,mir_operator:decode_layer17,1413,decode_layer17,,3,1179858,1135021,1208179,203169,280785,cudaLaunchKernel,attention|concat|copy|elementwise_binary|elementwise_other|elementwise_unary|gemv|reduce,57
react_tool,answer,mir_operator:decode_layer18,1414,decode_layer18,,3,1194234,1097668,1219712,203459,280407,cudaLaunchKernel,attention|concat|copy|elementwise_binary|elementwise_other|elementwise_unary|gemv|reduce,57
react_tool,answer,mir_operator:decode_layer19,1415,decode_layer19,,3,1198477,1105478,1202898,203233,292420,cudaLaunchKernel,attention|concat|copy|elementwise_binary|elementwise_other|elementwise_unary|gemv|reduce,57
react_tool,answer,mir_operator:decode_layer20,1416,decode_layer20,,3,1206721,1171848,1213096,202688,292839,cudaLaunchKernel,attention|concat|copy|elementwise_binary|elementwise_other|elementwise_unary|gemv|reduce,57
react_tool,answer,mir_operator:decode_layer21,1417,decode_layer21,,3,1207541,1102021,1210351,202241,287463,cudaLaunchKernel,attention|concat|copy|elementwise_binary|elementwise_other|elementwise_unary|gemv|reduce,57
react_tool,answer,mir_operator:decode_layer22,1418,decode_layer22,,3,1193958,1069927,1207892,202689,282093,cudaLaunchKernel,attention|concat|copy|elementwise_binary|elementwise_other|elementwise_unary|gemv|reduce,57
react_tool,answer,mir_operator:decode_layer23,1419,decode_layer23,,3,1180500,1066443,1198660,201793,278502,cudaLaunchKernel,attention|concat|copy|elementwise_binary|elementwise_other|elementwise_unary|gemv|reduce,57
react_tool,answer,mir_operator:decode_layer24,1420,decode_layer24,,3,1195067,1047399,1205512,202721,277135,cudaLaunchKernel,attention|concat|copy|elementwise_binary|elementwise_other|elementwise_unary|gemv|reduce,57
react_tool,answer,mir_operator:decode_layer25,1421,decode_layer25,,3,1203786,1038753,1223099,202658,289519,cudaLaunchKernel,attention|concat|copy|elementwise_binary|elementwise_other|elementwise_unary|gemv|reduce,57
react_tool,answer,mir_operator:decode_layer26,1422,decode_layer26,,3,1206693,1070084,1215927,202944,280498,cudaLaunchKernel,attention|concat|copy|elementwise_binary|elementwise_other|elementwise_unary|gemv|reduce,57
react_tool,answer,mir_operator:decode_layer27,1423,decode_layer27,,3,1168181,1066110,1232159,202624,274955,cudaLaunchKernel,attention|concat|copy|elementwise_binary|elementwise_other|elementwise_unary|gemv|reduce,57
react_tool,answer,mir_operator:decode_head,1424,decode_head,,3,220870,205972,240832,662499,44552,cudaLaunchKernel,copy|elementwise_binary|elementwise_unary|gemv|reduce,9
react_tool,answer,mir_operator:decode_sample,1425,decode_sample,,3,622978,614615,625404,7040,576039,cudaStreamSynchronize,memcpy|memset|reduce,1
react_tool,answer,mir_operator:decode_embed,1426,decode_embed,,3,45026,43935,56801,1856,10833,cudaLaunchKernel,other,1
react_tool,answer,mir_operator:decode_layer00,1427,decode_layer00,,3,1217978,1158176,1280300,202688,282683,cudaLaunchKernel,attention|concat|copy|elementwise_binary|elementwise_other|elementwise_unary|gemv|reduce,57
react_tool,answer,mir_operator:decode_layer01,1428,decode_layer01,,3,1177453,1092587,1226833,202753,278350,cudaLaunchKernel,attention|concat|copy|elementwise_binary|elementwise_other|elementwise_unary|gemv|reduce,57
react_tool,answer,mir_operator:decode_layer02,1429,decode_layer02,,3,1147553,1087131,1206297,202561,279770,cudaLaunchKernel,attention|concat|copy|elementwise_binary|elementwise_other|elementwise_unary|gemv|reduce,57
react_tool,answer,mir_operator:decode_layer03,1430,decode_layer03,,3,1170060,1071288,1202448,202561,280013,cudaLaunchKernel,attention|concat|copy|elementwise_binary|elementwise_other|elementwise_unary|gemv|reduce,57
react_tool,answer,mir_operator:decode_layer04,1431,decode_layer04,,3,1191275,1073180,1210465,202688,281309,cudaLaunchKernel,attention|concat|copy|elementwise_binary|elementwise_other|elementwise_unary|gemv|reduce,57
react_tool,answer,mir_operator:decode_layer05,1432,decode_layer05,,3,1171025,1057829,1182248,202755,274436,cudaLaunchKernel,attention|concat|copy|elementwise_binary|elementwise_other|elementwise_unary|gemv|reduce,57
react_tool,answer,mir_operator:decode_layer06,1433,decode_layer06,,3,1164435,1101499,1191657,202947,273697,cudaLaunchKernel,attention|concat|copy|elementwise_binary|elementwise_other|elementwise_unary|gemv|reduce,57
react_tool,answer,mir_operator:decode_layer07,1434,decode_layer07,,3,1165719,1069705,1196264,202529,274589,cudaLaunchKernel,attention|concat|copy|elementwise_binary|elementwise_other|elementwise_unary|gemv|reduce,57
react_tool,answer,mir_operator:decode_layer08,1435,decode_layer08,,3,1162964,1062462,1174368,202050,270146,cudaLaunchKernel,attention|concat|copy|elementwise_binary|elementwise_other|elementwise_unary|gemv|reduce,57
react_tool,answer,mir_operator:decode_layer09,1436,decode_layer09,,3,1152452,1149163,1166069,202915,271258,cudaLaunchKernel,attention|concat|copy|elementwise_binary|elementwise_other|elementwise_unary|gemv|reduce,57
react_tool,answer,mir_operator:decode_layer10,1437,decode_layer10,,3,1126034,1110175,1171477,202688,270187,cudaLaunchKernel,attention|concat|copy|elementwise_binary|elementwise_other|elementwise_unary|gemv|reduce,57
react_tool,answer,mir_operator:decode_layer11,1438,decode_layer11,,3,1163469,1095336,1174756,202404,275524,cudaLaunchKernel,attention|concat|copy|elementwise_binary|elementwise_other|elementwise_unary|gemv|reduce,57
react_tool,answer,mir_operator:decode_layer12,1439,decode_layer12,,3,1187427,1168125,1245986,202626,276936,cudaLaunchKernel,attention|concat|copy|elementwise_binary|elementwise_other|elementwise_unary|gemv|reduce,57
react_tool,answer,mir_operator:decode_layer13,1440,decode_layer13,,3,1189546,1164172,1214671,202465,278232,cudaLaunchKernel,attention|concat|copy|elementwise_binary|elementwise_other|elementwise_unary|gemv|reduce,57
react_tool,answer,mir_operator:decode_layer14,1441,decode_layer14,,3,1175472,1167685,1225314,202304,284159,cudaLaunchKernel,attention|concat|copy|elementwise_binary|elementwise_other|elementwise_unary|gemv|reduce,57
react_tool,answer,mir_operator:decode_layer15,1442,decode_layer15,,3,1202663,1107012,1229486,203074,277807,cudaLaunchKernel,attention|concat|copy|elementwise_binary|elementwise_other|elementwise_unary|gemv|reduce,57
react_tool,answer,mir_operator:decode_layer16,1443,decode_layer16,,3,1169818,1078768,1214460,202337,275311,cudaLaunchKernel,attention|concat|copy|elementwise_binary|elementwise_other|elementwise_unary|gemv|reduce,57
react_tool,answer,mir_operator:decode_layer17,1444,decode_layer17,,3,1203918,1111579,1213264,246017,288200,cudaLaunchKernel,attention|concat|copy|elementwise_binary|elementwise_other|elementwise_unary|gemv|reduce,57
react_tool,answer,mir_operator:decode_layer18,1445,decode_layer18,,3,1196651,1098869,1198310,203360,278960,cudaLaunchKernel,attention|concat|copy|elementwise_binary|elementwise_other|elementwise_unary|gemv|reduce,57
react_tool,answer,mir_operator:decode_layer19,1446,decode_layer19,,3,1196269,1089467,1209841,203489,280527,cudaLaunchKernel,attention|concat|copy|elementwise_binary|elementwise_other|elementwise_unary|gemv|reduce,57
react_tool,answer,mir_operator:decode_layer20,1447,decode_layer20,,3,1193480,1088458,1200029,202625,277586,cudaLaunchKernel,attention|concat|copy|elementwise_binary|elementwise_other|elementwise_unary|gemv|reduce,57
react_tool,answer,mir_operator:decode_layer21,1448,decode_layer21,,3,1114452,1098317,1202779,202369,278566,cudaLaunchKernel,attention|concat|copy|elementwise_binary|elementwise_other|elementwise_unary|gemv|reduce,57
react_tool,answer,mir_operator:decode_layer22,1449,decode_layer22,,3,1102508,1071535,1195599,202688,267042,cudaLaunchKernel,attention|concat|copy|elementwise_binary|elementwise_other|elementwise_unary|gemv|reduce,57
react_tool,answer,mir_operator:decode_layer23,1450,decode_layer23,,3,1118638,1105663,1224338,202689,266479,cudaLaunchKernel,attention|concat|copy|elementwise_binary|elementwise_other|elementwise_unary|gemv|reduce,57
react_tool,answer,mir_operator:decode_layer24,1451,decode_layer24,,3,1106307,1100277,1217340,203106,266568,cudaLaunchKernel,attention|concat|copy|elementwise_binary|elementwise_other|elementwise_unary|gemv|reduce,57
react_tool,answer,mir_operator:decode_layer25,1452,decode_layer25,,3,1163473,1116369,1198545,202594,285599,cudaLaunchKernel,attention|concat|copy|elementwise_binary|elementwise_other|elementwise_unary|gemv|reduce,57
react_tool,answer,mir_operator:decode_layer26,1453,decode_layer26,,3,1178875,1106169,1194603,202945,275062,cudaLaunchKernel,attention|concat|copy|elementwise_binary|elementwise_other|elementwise_unary|gemv|reduce,57
react_tool,answer,mir_operator:decode_layer27,1454,decode_layer27,,3,1109756,1092149,1196427,203649,263921,cudaLaunchKernel,attention|concat|copy|elementwise_binary|elementwise_other|elementwise_unary|gemv|reduce,57
react_tool,answer,mir_operator:decode_head,1455,decode_head,,3,228136,207228,236746,663428,45381,cudaLaunchKernel,copy|elementwise_binary|elementwise_unary|gemv|reduce,9
react_tool,answer,mir_operator:decode_sample,1456,decode_sample,,3,621437,612755,628686,7104,577890,cudaStreamSynchronize,memcpy|memset|reduce,1
react_tool,answer,mir_operator:decode_embed,1457,decode_embed,,3,47940,45883,49014,1888,10746,cudaLaunchKernel,other,1
react_tool,answer,mir_operator:decode_layer00,1458,decode_layer00,,3,1139275,1122322,1260208,203489,272168,cudaLaunchKernel,attention|concat|copy|elementwise_binary|elementwise_other|elementwise_unary|gemv|reduce,57
react_tool,answer,mir_operator:decode_layer01,1459,decode_layer01,,3,1095262,1089388,1192427,203105,264215,cudaLaunchKernel,attention|concat|copy|elementwise_binary|elementwise_other|elementwise_unary|gemv|reduce,57
react_tool,answer,mir_operator:decode_layer02,1460,decode_layer02,,3,1111601,1101682,1196145,296642,263083,cudaLaunchKernel,attention|concat|copy|elementwise_binary|elementwise_other|elementwise_unary|gemv|reduce,57
react_tool,answer,mir_operator:decode_layer03,1461,decode_layer03,,3,1153226,1104712,1172784,202497,274204,cudaLaunchKernel,attention|concat|copy|elementwise_binary|elementwise_other|elementwise_unary|gemv|reduce,57
react_tool,answer,mir_operator:decode_layer04,1462,decode_layer04,,3,1192775,1075236,1200638,202464,286857,cudaLaunchKernel,attention|concat|copy|elementwise_binary|elementwise_other|elementwise_unary|gemv|reduce,57
react_tool,answer,mir_operator:decode_layer05,1463,decode_layer05,,3,1174929,1081971,1218170,202657,277522,cudaLaunchKernel,attention|concat|copy|elementwise_binary|elementwise_other|elementwise_unary|gemv|reduce,57
react_tool,answer,mir_operator:decode_layer06,1464,decode_layer06,,3,1174217,1076843,1206867,203265,276519,cudaLaunchKernel,attention|concat|copy|elementwise_binary|elementwise_other|elementwise_unary|gemv|reduce,57
react_tool,answer,mir_operator:decode_layer07,1465,decode_layer07,,3,1142920,1071690,1199188,203137,275297,cudaLaunchKernel,attention|concat|copy|elementwise_binary|elementwise_other|elementwise_unary|gemv|reduce,57
react_tool,answer,mir_operator:decode_layer08,1466,decode_layer08,,3,1164875,1072752,1204385,202528,277061,cudaLaunchKernel,attention|concat|copy|elementwise_binary|elementwise_other|elementwise_unary|gemv|reduce,57
react_tool,answer,mir_operator:decode_layer09,1467,decode_layer09,,3,1186112,1048981,1189609,202625,277588,cudaLaunchKernel,attention|concat|copy|elementwise_binary|elementwise_other|elementwise_unary|gemv|reduce,57
react_tool,answer,mir_operator:decode_layer10,1468,decode_layer10,,3,1155288,1054998,1200250,201761,278530,cudaLaunchKernel,attention|concat|copy|elementwise_binary|elementwise_other|elementwise_unary|gemv|reduce,57
react_tool,answer,mir_operator:decode_layer11,1469,decode_layer11,,3,1099497,1059641,1226095,201922,263184,cudaLaunchKernel,attention|concat|copy|elementwise_binary|elementwise_other|elementwise_unary|gemv|reduce,57
react_tool,answer,mir_operator:decode_layer12,1470,decode_layer12,,3,1132043,1077086,1150927,202913,273641,cudaLaunchKernel,attention|concat|copy|elementwise_binary|elementwise_other|elementwise_unary|gemv|reduce,57
react_tool,answer,mir_operator:decode_layer13,1471,decode_layer13,,3,1087715,1079622,1156600,202592,270052,cudaLaunchKernel,attention|concat|copy|elementwise_binary|elementwise_other|elementwise_unary|gemv|reduce,57
react_tool,answer,mir_operator:decode_layer14,1472,decode_layer14,,3,1068751,1050199,1162005,202208,257968,cudaLaunchKernel,attention|concat|copy|elementwise_binary|elementwise_other|elementwise_unary|gemv|reduce,57
react_tool,answer,mir_operator:decode_layer15,1473,decode_layer15,,3,1075222,1040567,1165412,202753,258837,cudaLaunchKernel,attention|concat|copy|elementwise_binary|elementwise_other|elementwise_unary|gemv|reduce,57
react_tool,answer,mir_operator:decode_layer16,1474,decode_layer16,,3,1074529,1036797,1161730,202976,255400,cudaLaunchKernel,attention|concat|copy|elementwise_binary|elementwise_other|elementwise_unary|gemv|reduce,57
react_tool,answer,mir_operator:decode_layer17,1475,decode_layer17,,3,1049500,1044211,1176057,260386,255577,cudaLaunchKernel,attention|concat|copy|elementwise_binary|elementwise_other|elementwise_unary|gemv|reduce,57
react_tool,answer,mir_operator:decode_layer18,1476,decode_layer18,,3,1049007,1041718,1108451,202785,259757,cudaLaunchKernel,attention|concat|copy|elementwise_binary|elementwise_other|elementwise_unary|gemv|reduce,57
react_tool,answer,mir_operator:decode_layer19,1477,decode_layer19,,3,1043975,1043546,1157145,202947,259339,cudaLaunchKernel,attention|concat|copy|elementwise_binary|elementwise_other|elementwise_unary|gemv|reduce,57
react_tool,answer,mir_operator:decode_layer20,1478,decode_layer20,,3,1072531,1053117,1167357,202721,261157,cudaLaunchKernel,attention|concat|copy|elementwise_binary|elementwise_other|elementwise_unary|gemv|reduce,57
react_tool,answer,mir_operator:decode_layer21,1479,decode_layer21,,3,1091739,1042547,1124616,202627,255878,cudaLaunchKernel,attention|concat|copy|elementwise_binary|elementwise_other|elementwise_unary|gemv|reduce,57
react_tool,answer,mir_operator:decode_layer22,1480,decode_layer22,,3,1051737,1048735,1099467,203393,260851,cudaLaunchKernel,attention|concat|copy|elementwise_binary|elementwise_other|elementwise_unary|gemv|reduce,57
react_tool,answer,mir_operator:decode_layer23,1481,decode_layer23,,3,1049204,1041394,1101374,203042,257160,cudaLaunchKernel,attention|concat|copy|elementwise_binary|elementwise_other|elementwise_unary|gemv|reduce,57
react_tool,answer,mir_operator:decode_layer24,1482,decode_layer24,,3,1055105,1045665,1098808,202978,260907,cudaLaunchKernel,attention|concat|copy|elementwise_binary|elementwise_other|elementwise_unary|gemv|reduce,57
react_tool,answer,mir_operator:decode_layer25,1483,decode_layer25,,3,1059512,1049222,1097524,206080,257433,cudaLaunchKernel,attention|concat|copy|elementwise_binary|elementwise_other|elementwise_unary|gemv|reduce,57
react_tool,answer,mir_operator:decode_layer26,1484,decode_layer26,,3,1076057,1044341,1121501,203106,265438,cudaLaunchKernel,attention|concat|copy|elementwise_binary|elementwise_other|elementwise_unary|gemv|reduce,57
react_tool,answer,mir_operator:decode_layer27,1485,decode_layer27,,3,1062028,1041305,1102200,202721,260500,cudaLaunchKernel,attention|concat|copy|elementwise_binary|elementwise_other|elementwise_unary|gemv|reduce,57
react_tool,answer,mir_operator:decode_head,1486,decode_head,,3,202037,199025,228594,662372,42398,cudaLaunchKernel,copy|elementwise_binary|elementwise_unary|gemv|reduce,9
react_tool,answer,mir_operator:decode_sample,1487,decode_sample,,3,622822,615888,626993,7040,584238,cudaStreamSynchronize,memcpy|memset|reduce,1
react_tool,answer,mir_operator:decode_embed,1488,decode_embed,,3,42565,40494,43012,1856,9593,cudaLaunchKernel,other,1
react_tool,answer,mir_operator:decode_layer00,1489,decode_layer00,,3,1151547,1081255,1155758,203489,267960,cudaLaunchKernel,attention|concat|copy|elementwise_binary|elementwise_other|elementwise_unary|gemv|reduce,57
react_tool,answer,mir_operator:decode_layer01,1490,decode_layer01,,3,1062717,1057419,1160489,203136,258168,cudaLaunchKernel,attention|concat|copy|elementwise_binary|elementwise_other|elementwise_unary|gemv|reduce,57
react_tool,answer,mir_operator:decode_layer02,1491,decode_layer02,,3,1054932,1043359,1104641,203105,257626,cudaLaunchKernel,attention|concat|copy|elementwise_binary|elementwise_other|elementwise_unary|gemv|reduce,57
react_tool,answer,mir_operator:decode_layer03,1492,decode_layer03,,3,1046413,1045574,1082021,202625,255881,cudaLaunchKernel,attention|concat|copy|elementwise_binary|elementwise_other|elementwise_unary|gemv|reduce,57
react_tool,answer,mir_operator:decode_layer04,1493,decode_layer04,,3,1067157,1057650,1115356,202113,263640,cudaLaunchKernel,attention|concat|copy|elementwise_binary|elementwise_other|elementwise_unary|gemv|reduce,57
react_tool,answer,mir_operator:decode_layer05,1494,decode_layer05,,3,1053733,1049564,1724769,202944,264627,cudaLaunchKernel,attention|concat|copy|elementwise_binary|elementwise_other|elementwise_unary|gemv|reduce,57
react_tool,answer,mir_operator:decode_layer06,1495,decode_layer06,,3,1053407,1046279,1250918,202625,258235,cudaLaunchKernel,attention|concat|copy|elementwise_binary|elementwise_other|elementwise_unary|gemv|reduce,57
react_tool,answer,mir_operator:decode_layer07,1496,decode_layer07,,3,1056092,1053280,1266738,203073,260172,cudaLaunchKernel,attention|concat|copy|elementwise_binary|elementwise_other|elementwise_unary|gemv|reduce,57
react_tool,answer,mir_operator:decode_layer08,1497,decode_layer08,,3,1063139,1054064,1241031,201825,257141,cudaLaunchKernel,attention|concat|copy|elementwise_binary|elementwise_other|elementwise_unary|gemv|reduce,57
react_tool,answer,mir_operator:decode_layer09,1498,decode_layer09,,3,1076555,1039488,1206997,202049,263306,cudaLaunchKernel,attention|concat|copy|elementwise_binary|elementwise_other|elementwise_unary|gemv|reduce,57
react_tool,answer,mir_operator:decode_layer10,1499,decode_layer10,,3,1084175,1067200,1195031,202146,267064,cudaLaunchKernel,attention|concat|copy|elementwise_binary|elementwise_other|elementwise_unary|gemv|reduce,57
react_tool,answer,mir_operator:decode_layer11,1500,decode_layer11,,3,1068741,1055709,1209550,202498,259329,cudaLaunchKernel,attention|concat|copy|elementwise_binary|elementwise_other|elementwise_unary|gemv|reduce,57
react_tool,answer,mir_operator:decode_layer12,1501,decode_layer12,,3,1074996,1041222,1203519,202688,263935,cudaLaunchKernel,attention|concat|copy|elementwise_binary|elementwise_other|elementwise_unary|gemv|reduce,57
react_tool,answer,mir_operator:decode_layer13,1502,decode_layer13,,3,1074895,1043855,1195883,203139,262042,cudaLaunchKernel,attention|concat|copy|elementwise_binary|elementwise_other|elementwise_unary|gemv|reduce,57
react_tool,answer,mir_operator:decode_layer14,1503,decode_layer14,,3,1100285,1043069,1225197,204960,271501,cudaLaunchKernel,attention|concat|copy|elementwise_binary|elementwise_other|elementwise_unary|gemv|reduce,57
react_tool,answer,mir_operator:decode_layer15,1504,decode_layer15,,3,1071787,1036368,1230551,203008,261589,cudaLaunchKernel,attention|concat|copy|elementwise_binary|elementwise_other|elementwise_unary|gemv|reduce,57
react_tool,answer,mir_operator:decode_layer16,1505,decode_layer16,,3,1068363,1043755,1228151,202050,262853,cudaLaunchKernel,attention|concat|copy|elementwise_binary|elementwise_other|elementwise_unary|gemv|reduce,57
react_tool,answer,mir_operator:decode_layer17,1506,decode_layer17,,3,1079702,1045607,1206791,202689,260492,cudaLaunchKernel,attention|concat|copy|elementwise_binary|elementwise_other|elementwise_unary|gemv|reduce,57
react_tool,answer,mir_operator:decode_layer18,1507,decode_layer18,,3,1052771,1039180,1217388,202401,253190,cudaLaunchKernel,attention|concat|copy|elementwise_binary|elementwise_other|elementwise_unary|gemv|reduce,57
react_tool,answer,mir_operator:decode_layer19,1508,decode_layer19,,3,1086237,1055826,1205565,202112,261952,cudaLaunchKernel,attention|concat|copy|elementwise_binary|elementwise_other|elementwise_unary|gemv|reduce,57
react_tool,answer,mir_operator:decode_layer20,1509,decode_layer20,,3,1062091,1043703,1240888,202465,256039,cudaLaunchKernel,attention|concat|copy|elementwise_binary|elementwise_other|elementwise_unary|gemv|reduce,57
react_tool,answer,mir_operator:decode_layer21,1510,decode_layer21,,3,1057421,1055391,1206192,202881,256898,cudaLaunchKernel,attention|concat|copy|elementwise_binary|elementwise_other|elementwise_unary|gemv|reduce,57
react_tool,answer,mir_operator:decode_layer22,1511,decode_layer22,,3,1049944,1044066,1191266,202690,258136,cudaLaunchKernel,attention|concat|copy|elementwise_binary|elementwise_other|elementwise_unary|gemv|reduce,57
react_tool,answer,mir_operator:decode_layer23,1512,decode_layer23,,3,1058962,1046654,1221469,203586,255250,cudaLaunchKernel,attention|concat|copy|elementwise_binary|elementwise_other|elementwise_unary|gemv|reduce,57
react_tool,answer,mir_operator:decode_layer24,1513,decode_layer24,,3,1171739,1044969,1193676,202274,277519,cudaLaunchKernel,attention|concat|copy|elementwise_binary|elementwise_other|elementwise_unary|gemv|reduce,57
react_tool,answer,mir_operator:decode_layer25,1514,decode_layer25,,3,1180954,1047723,1200968,202850,274831,cudaLaunchKernel,attention|concat|copy|elementwise_binary|elementwise_other|elementwise_unary|gemv|reduce,57
react_tool,answer,mir_operator:decode_layer26,1515,decode_layer26,,3,1168457,1044026,1192772,202209,271888,cudaLaunchKernel,attention|concat|copy|elementwise_binary|elementwise_other|elementwise_unary|gemv|reduce,57
react_tool,answer,mir_operator:decode_layer27,1516,decode_layer27,,3,1170356,1047698,1190417,202497,284960,cudaLaunchKernel,attention|concat|copy|elementwise_binary|elementwise_other|elementwise_unary|gemv|reduce,57
react_tool,answer,mir_operator:decode_head,1517,decode_head,,3,231341,198734,243236,661572,44576,cudaLaunchKernel,copy|elementwise_binary|elementwise_unary|gemv|reduce,9
react_tool,answer,mir_operator:decode_sample,1518,decode_sample,,3,623741,613892,628020,7072,584893,cudaStreamSynchronize,memcpy|memset|reduce,1
react_tool,answer,mir_operator:decode_embed,1519,decode_embed,,3,48434,42249,63414,1888,12620,cudaLaunchKernel,other,1
react_tool,answer,mir_operator:decode_layer00,1520,decode_layer00,,3,1260686,1115307,1278148,202720,290657,cudaLaunchKernel,attention|concat|copy|elementwise_binary|elementwise_other|elementwise_unary|gemv|reduce,57
react_tool,answer,mir_operator:decode_layer01,1521,decode_layer01,,3,1226411,1072278,1231233,202626,289949,cudaLaunchKernel,attention|concat|copy|elementwise_binary|elementwise_other|elementwise_unary|gemv|reduce,57
react_tool,answer,mir_operator:decode_layer02,1522,decode_layer02,,3,1203403,1053509,1223977,202977,278521,cudaLaunchKernel,attention|concat|copy|elementwise_binary|elementwise_other|elementwise_unary|gemv|reduce,57
react_tool,answer,mir_operator:decode_layer03,1523,decode_layer03,,3,1181243,1050740,1188697,201825,278533,cudaLaunchKernel,attention|concat|copy|elementwise_binary|elementwise_other|elementwise_unary|gemv|reduce,57
react_tool,answer,mir_operator:decode_layer04,1524,decode_layer04,,3,1142458,1047969,1192035,202625,276747,cudaLaunchKernel,attention|concat|copy|elementwise_binary|elementwise_other|elementwise_unary|gemv|reduce,57
react_tool,answer,mir_operator:decode_layer05,1525,decode_layer05,,3,1116152,1064318,1167497,202434,259115,cudaLaunchKernel,attention|concat|copy|elementwise_binary|elementwise_other|elementwise_unary|gemv|reduce,57
react_tool,answer,mir_operator:decode_layer06,1526,decode_layer06,,3,1118319,1084811,1209911,202369,263962,cudaLaunchKernel,attention|concat|copy|elementwise_binary|elementwise_other|elementwise_unary|gemv|reduce,57
react_tool,answer,mir_operator:decode_layer07,1527,decode_layer07,,3,1155370,1121441,1227129,202468,272666,cudaLaunchKernel,attention|concat|copy|elementwise_binary|elementwise_other|elementwise_unary|gemv|reduce,57
react_tool,answer,mir_operator:decode_layer08,1528,decode_layer08,,3,1220447,1119647,1225793,202273,280370,cudaLaunchKernel,attention|concat|copy|elementwise_binary|elementwise_other|elementwise_unary|gemv|reduce,57
react_tool,answer,mir_operator:decode_layer09,1529,decode_layer09,,3,1198787,1167372,1206255,202400,285194,cudaLaunchKernel,attention|concat|copy|elementwise_binary|elementwise_other|elementwise_unary|gemv|reduce,57
react_tool,answer,mir_operator:decode_layer10,1530,decode_layer10,,3,1197433,1128679,1222770,201953,279586,cudaLaunchKernel,attention|concat|copy|elementwise_binary|elementwise_other|elementwise_unary|gemv|reduce,57
react_tool,answer,mir_operator:decode_layer11,1531,decode_layer11,,3,1195413,1079243,1201510,202049,277631,cudaLaunchKernel,attention|concat|copy|elementwise_binary|elementwise_other|elementwise_unary|gemv|reduce,57
react_tool,answer,mir_operator:decode_layer12,1532,decode_layer12,,3,1188394,1063650,1198108,202305,282277,cudaLaunchKernel,attention|concat|copy|elementwise_binary|elementwise_other|elementwise_unary|gemv|reduce,57
react_tool,answer,mir_operator:decode_layer13,1533,decode_layer13,,3,1161516,1114738,1195373,201826,273350,cudaLaunchKernel,attention|concat|copy|elementwise_binary|elementwise_other|elementwise_unary|gemv|reduce,57
react_tool,answer,mir_operator:decode_layer14,1534,decode_layer14,,3,1160252,1119072,1198241,203456,273277,cudaLaunchKernel,attention|concat|copy|elementwise_binary|elementwise_other|elementwise_unary|gemv|reduce,57
react_tool,answer,mir_operator:decode_layer15,1535,decode_layer15,,3,1193140,1137225,1220398,202688,283657,cudaLaunchKernel,attention|concat|copy|elementwise_binary|elementwise_other|elementwise_unary|gemv|reduce,57
react_tool,answer,mir_operator:decode_layer16,1536,decode_layer16,,3,1222113,1216498,1238243,202144,289024,cudaLaunchKernel,attention|concat|copy|elementwise_binary|elementwise_other|elementwise_unary|gemv|reduce,57
react_tool,answer,mir_operator:decode_layer17,1537,decode_layer17,,3,1197238,1196638,1214987,202720,286192,cudaLaunchKernel,attention|concat|copy|elementwise_binary|elementwise_other|elementwise_unary|gemv|reduce,57
react_tool,answer,mir_operator:decode_layer18,1538,decode_layer18,,3,1211210,1195540,1229711,202786,283521,cudaLaunchKernel,attention|concat|copy|elementwise_binary|elementwise_other|elementwise_unary|gemv|reduce,57
react_tool,answer,mir_operator:decode_layer19,1539,decode_layer19,,3,1199251,1199009,1245003,202433,282723,cudaLaunchKernel,attention|concat|copy|elementwise_binary|elementwise_other|elementwise_unary|gemv|reduce,57
react_tool,answer,mir_operator:decode_layer20,1540,decode_layer20,,3,1200573,1192901,1221581,202818,283436,cudaLaunchKernel,attention|concat|copy|elementwise_binary|elementwise_other|elementwise_unary|gemv|reduce,57
react_tool,answer,mir_operator:decode_layer21,1541,decode_layer21,,3,1200036,1192707,1202402,202433,281432,cudaLaunchKernel,attention|concat|copy|elementwise_binary|elementwise_other|elementwise_unary|gemv|reduce,57
react_tool,answer,mir_operator:decode_layer22,1542,decode_layer22,,3,1207333,1202150,1208444,202529,282997,cudaLaunchKernel,attention|concat|copy|elementwise_binary|elementwise_other|elementwise_unary|gemv|reduce,57
react_tool,answer,mir_operator:decode_layer23,1543,decode_layer23,,3,1211532,1202331,1215718,202529,286441,cudaLaunchKernel,attention|concat|copy|elementwise_binary|elementwise_other|elementwise_unary|gemv|reduce,57
react_tool,answer,mir_operator:decode_layer24,1544,decode_layer24,,3,1190251,1170907,1243603,203233,285247,cudaLaunchKernel,attention|concat|copy|elementwise_binary|elementwise_other|elementwise_unary|gemv|reduce,57
react_tool,answer,mir_operator:decode_layer25,1545,decode_layer25,,3,1173476,1105483,1211031,202433,280671,cudaLaunchKernel,attention|concat|copy|elementwise_binary|elementwise_other|elementwise_unary|gemv|reduce,57
react_tool,answer,mir_operator:decode_layer26,1546,decode_layer26,,3,1165247,1107804,1231003,202595,277250,cudaLaunchKernel,attention|concat|copy|elementwise_binary|elementwise_other|elementwise_unary|gemv|reduce,57
react_tool,answer,mir_operator:decode_layer27,1547,decode_layer27,,3,1165543,1113766,1240777,201985,285085,cudaLaunchKernel,attention|concat|copy|elementwise_binary|elementwise_other|elementwise_unary|gemv|reduce,57
react_tool,answer,mir_operator:decode_head,1548,decode_head,,3,231837,225170,257900,662884,46244,cudaLaunchKernel,copy|elementwise_binary|elementwise_unary|gemv|reduce,9
react_tool,answer,mir_operator:decode_sample,1549,decode_sample,,3,611692,609161,618166,7104,565742,cudaStreamSynchronize,memcpy|memset|reduce,1
react_tool,answer,mir_operator:decode_embed,1550,decode_embed,,3,46627,45500,67686,1888,11144,cudaLaunchKernel,other,1
react_tool,answer,mir_operator:decode_layer00,1551,decode_layer00,,3,1244888,1188695,1247219,203266,290991,cudaLaunchKernel,attention|concat|copy|elementwise_binary|elementwise_other|elementwise_unary|gemv|reduce,57
react_tool,answer,mir_operator:decode_layer01,1552,decode_layer01,,3,1211096,1133575,1223185,201697,286563,cudaLaunchKernel,attention|concat|copy|elementwise_binary|elementwise_other|elementwise_unary|gemv|reduce,57
react_tool,answer,mir_operator:decode_layer02,1553,decode_layer02,,3,1185704,1107179,1225080,202625,280248,cudaLaunchKernel,attention|concat|copy|elementwise_binary|elementwise_other|elementwise_unary|gemv|reduce,57
react_tool,answer,mir_operator:decode_layer03,1554,decode_layer03,,3,1174391,1170411,1234715,202880,275534,cudaLaunchKernel,attention|concat|copy|elementwise_binary|elementwise_other|elementwise_unary|gemv|reduce,57
react_tool,answer,mir_operator:decode_layer04,1555,decode_layer04,,3,1186372,1168406,1207268,202657,275907,cudaLaunchKernel,attention|concat|copy|elementwise_binary|elementwise_other|elementwise_unary|gemv|reduce,57
react_tool,answer,mir_operator:decode_layer05,1556,decode_layer05,,3,1170565,1166028,1199152,202305,279430,cudaLaunchKernel,attention|concat|copy|elementwise_binary|elementwise_other|elementwise_unary|gemv|reduce,57
react_tool,answer,mir_operator:decode_layer06,1557,decode_layer06,,3,1162709,1131668,1198346,204737,275610,cudaLaunchKernel,attention|concat|copy|elementwise_binary|elementwise_other|elementwise_unary|gemv|reduce,57
react_tool,answer,mir_operator:decode_layer07,1558,decode_layer07,,3,1216038,1157781,1218780,202690,286540,cudaLaunchKernel,attention|concat|copy|elementwise_binary|elementwise_other|elementwise_unary|gemv|reduce,57
react_tool,answer,mir_operator:decode_layer08,1559,decode_layer08,,3,1121435,1118494,1181181,202849,276198,cudaLaunchKernel,attention|concat|copy|elementwise_binary|elementwise_other|elementwise_unary|gemv|reduce,57
react_tool,answer,mir_operator:decode_layer09,1560,decode_layer09,,3,1118595,1112199,1146872,202401,269101,cudaLaunchKernel,attention|concat|copy|elementwise_binary|elementwise_other|elementwise_unary|gemv|reduce,57
react_tool,answer,mir_operator:decode_layer10,1561,decode_layer10,,3,1089922,1075780,1101535,202593,262341,cudaLaunchKernel,attention|concat|copy|elementwise_binary|elementwise_other|elementwise_unary|gemv|reduce,57
react_tool,answer,mir_operator:decode_layer11,1562,decode_layer11,,3,1101650,1092637,1101839,201890,267129,cudaLaunchKernel,attention|concat|copy|elementwise_binary|elementwise_other|elementwise_unary|gemv|reduce,57
react_tool,answer,mir_operator:decode_layer12,1563,decode_layer12,,3,1114917,1077801,1151032,202496,266524,cudaLaunchKernel,attention|concat|copy|elementwise_binary|elementwise_other|elementwise_unary|gemv|reduce,57
react_tool,answer,mir_operator:decode_layer13,1564,decode_layer13,,3,1094476,1073296,1109562,202754,261982,cudaLaunchKernel,attention|concat|copy|elementwise_binary|elementwise_other|elementwise_unary|gemv|reduce,57
react_tool,answer,mir_operator:decode_layer14,1565,decode_layer14,,3,1104653,1076874,1127886,202560,262481,cudaLaunchKernel,attention|concat|copy|elementwise_binary|elementwise_other|elementwise_unary|gemv|reduce,57
react_tool,answer,mir_operator:decode_layer15,1566,decode_layer15,,3,1103563,1068911,1166288,202593,263235,cudaLaunchKernel,attention|concat|copy|elementwise_binary|elementwise_other|elementwise_unary|gemv|reduce,57
react_tool,answer,mir_operator:decode_layer16,1567,decode_layer16,,3,1096408,1085132,1166810,203072,268740,cudaLaunchKernel,attention|concat|copy|elementwise_binary|elementwise_other|elementwise_unary|gemv|reduce,57
react_tool,answer,mir_operator:decode_layer17,1568,decode_layer17,,3,1097979,1086141,1127438,202848,261766,cudaLaunchKernel,attention|concat|copy|elementwise_binary|elementwise_other|elementwise_unary|gemv|reduce,57
react_tool,answer,mir_operator:decode_layer18,1569,decode_layer18,,3,1089065,1087871,1105880,202178,262820,cudaLaunchKernel,attention|concat|copy|elementwise_binary|elementwise_other|elementwise_unary|gemv|reduce,57
react_tool,answer,mir_operator:decode_layer19,1570,decode_layer19,,3,1112465,1084572,1124213,202082,267256,cudaLaunchKernel,attention|concat|copy|elementwise_binary|elementwise_other|elementwise_unary|gemv|reduce,57
react_tool,answer,mir_operator:decode_layer20,1571,decode_layer20,,3,1097092,1073564,1171273,202529,263813,cudaLaunchKernel,attention|concat|copy|elementwise_binary|elementwise_other|elementwise_unary|gemv|reduce,57
react_tool,answer,mir_operator:decode_layer21,1572,decode_layer21,,3,1099086,1096208,1165439,202497,270699,cudaLaunchKernel,attention|concat|copy|elementwise_binary|elementwise_other|elementwise_unary|gemv|reduce,57
react_tool,answer,mir_operator:decode_layer22,1573,decode_layer22,,3,1098207,1094530,1100652,202881,261668,cudaLaunchKernel,attention|concat|copy|elementwise_binary|elementwise_other|elementwise_unary|gemv|reduce,57
react_tool,answer,mir_operator:decode_layer23,1574,decode_layer23,,3,1082825,1077839,1100563,202113,266517,cudaLaunchKernel,attention|concat|copy|elementwise_binary|elementwise_other|elementwise_unary|gemv|reduce,57
react_tool,answer,mir_operator:decode_layer24,1575,decode_layer24,,3,1077056,1075953,1101498,202049,258016,cudaLaunchKernel,attention|concat|copy|elementwise_binary|elementwise_other|elementwise_unary|gemv|reduce,57
react_tool,answer,mir_operator:decode_layer25,1576,decode_layer25,,3,1073912,1053349,1103160,203107,257431,cudaLaunchKernel,attention|concat|copy|elementwise_binary|elementwise_other|elementwise_unary|gemv|reduce,57
react_tool,answer,mir_operator:decode_layer26,1577,decode_layer26,,3,1070750,1060199,1109789,294275,258772,cudaLaunchKernel,attention|concat|copy|elementwise_binary|elementwise_other|elementwise_unary|gemv|reduce,57
react_tool,answer,mir_operator:decode_layer27,1578,decode_layer27,,3,1058084,1037999,1098107,202850,261004,cudaLaunchKernel,attention|concat|copy|elementwise_binary|elementwise_other|elementwise_unary|gemv|reduce,57
react_tool,answer,mir_operator:decode_head,1579,decode_head,,3,209194,201089,218075,663460,41849,cudaLaunchKernel,copy|elementwise_binary|elementwise_unary|gemv|reduce,9
react_tool,answer,mir_operator:decode_sample,1580,decode_sample,,3,625294,617296,654425,7200,585276,cudaStreamSynchronize,memcpy|memset|reduce,1
react_tool,answer,mir_operator:decode_embed,1581,decode_embed,,3,44003,43523,54862,1888,10524,cudaLaunchKernel,other,1
react_tool,answer,mir_operator:decode_layer00,1582,decode_layer00,,3,1157697,1127267,1250656,203362,267606,cudaLaunchKernel,attention|concat|copy|elementwise_binary|elementwise_other|elementwise_unary|gemv|reduce,57
react_tool,answer,mir_operator:decode_layer01,1583,decode_layer01,,3,1122893,1070582,1196470,202209,268718,cudaLaunchKernel,attention|concat|copy|elementwise_binary|elementwise_other|elementwise_unary|gemv|reduce,57
react_tool,answer,mir_operator:decode_layer02,1584,decode_layer02,,3,1078533,1078478,1105836,202433,262352,cudaLaunchKernel,attention|concat|copy|elementwise_binary|elementwise_other|elementwise_unary|gemv|reduce,57
react_tool,answer,mir_operator:decode_layer03,1585,decode_layer03,,3,1107681,1105778,1293911,202433,265970,cudaLaunchKernel,attention|concat|copy|elementwise_binary|elementwise_other|elementwise_unary|gemv|reduce,57
react_tool,answer,mir_operator:decode_layer04,1586,decode_layer04,,3,1134936,1094825,1673398,203201,270371,cudaLaunchKernel,attention|concat|copy|elementwise_binary|elementwise_other|elementwise_unary|gemv|reduce,57
react_tool,answer,mir_operator:decode_layer05,1587,decode_layer05,,3,1170751,1102733,1218020,202529,278229,cudaLaunchKernel,attention|concat|copy|elementwise_binary|elementwise_other|elementwise_unary|gemv|reduce,57
react_tool,answer,mir_operator:decode_layer06,1588,decode_layer06,,3,1163314,1080350,1226688,202977,283609,cudaLaunchKernel,attention|concat|copy|elementwise_binary|elementwise_other|elementwise_unary|gemv|reduce,57
react_tool,answer,mir_operator:decode_layer07,1589,decode_layer07,,3,1151606,1096921,1237907,202530,276078,cudaLaunchKernel,attention|concat|copy|elementwise_binary|elementwise_other|elementwise_unary|gemv|reduce,57
react_tool,answer,mir_operator:decode_layer08,1590,decode_layer08,,3,1104202,1090556,1264368,202691,271728,cudaLaunchKernel,attention|concat|copy|elementwise_binary|elementwise_other|elementwise_unary|gemv|reduce,57
react_tool,answer,mir_operator:decode_layer09,1591,decode_layer09,,3,1095274,1079023,1159498,202883,262442,cudaLaunchKernel,attention|concat|copy|elementwise_binary|elementwise_other|elementwise_unary|gemv|reduce,57
react_tool,answer,mir_operator:decode_layer10,1592,decode_layer10,,3,1076942,1045217,1082480,202496,256465,cudaLaunchKernel,attention|concat|copy|elementwise_binary|elementwise_other|elementwise_unary|gemv|reduce,57
react_tool,answer,mir_operator:decode_layer11,1593,decode_layer11,,3,1053667,1039467,1077327,202754,255046,cudaLaunchKernel,attention|concat|copy|elementwise_binary|elementwise_other|elementwise_unary|gemv|reduce,57
react_tool,answer,mir_operator:decode_layer12,1594,decode_layer12,,3,1046775,1046642,1051376,202497,254348,cudaLaunchKernel,attention|concat|copy|elementwise_binary|elementwise_other|elementwise_unary|gemv|reduce,57
react_tool,answer,mir_operator:decode_layer13,1595,decode_layer13,,3,1055211,1041683,1062588,202721,253308,cudaLaunchKernel,attention|concat|copy|elementwise_binary|elementwise_other|elementwise_unary|gemv|reduce,57
react_tool,answer,mir_operator:decode_layer14,1596,decode_layer14,,3,1050402,1046179,1068242,202593,262251,cudaLaunchKernel,attention|concat|copy|elementwise_binary|elementwise_other|elementwise_unary|gemv|reduce,57
react_tool,answer,mir_operator:decode_layer15,1597,decode_layer15,,3,1056526,1038382,1087977,202720,256647,cudaLaunchKernel,attention|concat|copy|elementwise_binary|elementwise_other|elementwise_unary|gemv|reduce,57
react_tool,answer,mir_operator:decode_layer16,1598,decode_layer16,,3,1049889,1044406,1065166,202624,253013,cudaLaunchKernel,attention|concat|copy|elementwise_binary|elementwise_other|elementwise_unary|gemv|reduce,57
react_tool,answer,mir_operator:decode_layer17,1599,decode_layer17,,3,1066545,1043496,1077451,203170,256032,cudaLaunchKernel,attention|concat|copy|elementwise_binary|elementwise_other|elementwise_unary|gemv|reduce,57
react_tool,answer,mir_operator:decode_layer18,1600,decode_layer18,,3,1069609,1066688,1077254,202946,257152,cudaLaunchKernel,attention|concat|copy|elementwise_binary|elementwise_other|elementwise_unary|gemv|reduce,57
react_tool,answer,mir_operator:decode_layer19,1601,decode_layer19,,3,1057733,1054026,1133573,202784,251331,cudaLaunchKernel,attention|concat|copy|elementwise_binary|elementwise_other|elementwise_unary|gemv|reduce,57
react_tool,answer,mir_operator:decode_layer20,1602,decode_layer20,,3,1053184,1045426,1161490,202369,254811,cudaLaunchKernel,attention|concat|copy|elementwise_binary|elementwise_other|elementwise_unary|gemv|reduce,57
react_tool,answer,mir_operator:decode_layer21,1603,decode_layer21,,3,1065957,1046897,1172320,202433,252548,cudaLaunchKernel,attention|concat|copy|elementwise_binary|elementwise_other|elementwise_unary|gemv|reduce,57
react_tool,answer,mir_operator:decode_layer22,1604,decode_layer22,,3,1151200,1137842,1171699,202369,273074,cudaLaunchKernel,attention|concat|copy|elementwise_binary|elementwise_other|elementwise_unary|gemv|reduce,57
react_tool,answer,mir_operator:decode_layer23,1605,decode_layer23,,3,1186466,1183312,1197333,202880,284961,cudaLaunchKernel,attention|concat|copy|elementwise_binary|elementwise_other|elementwise_unary|gemv|reduce,57
react_tool,answer,mir_operator:decode_layer24,1606,decode_layer24,,3,1185302,1174541,1200755,202624,280049,cudaLaunchKernel,attention|concat|copy|elementwise_binary|elementwise_other|elementwise_unary|gemv|reduce,57
react_tool,answer,mir_operator:decode_layer25,1607,decode_layer25,,3,1201872,1161161,1208248,202753,286535,cudaLaunchKernel,attention|concat|copy|elementwise_binary|elementwise_other|elementwise_unary|gemv|reduce,57
react_tool,answer,mir_operator:decode_layer26,1608,decode_layer26,,3,1202748,1172066,1232912,203425,287995,cudaLaunchKernel,attention|concat|copy|elementwise_binary|elementwise_other|elementwise_unary|gemv|reduce,57
react_tool,answer,mir_operator:decode_layer27,1609,decode_layer27,,3,1222580,1172043,1245769,203521,289118,cudaLaunchKernel,attention|concat|copy|elementwise_binary|elementwise_other|elementwise_unary|gemv|reduce,57
react_tool,answer,mir_operator:decode_head,1610,decode_head,,3,227983,213961,240911,663045,45385,cudaLaunchKernel,copy|elementwise_binary|elementwise_unary|gemv|reduce,9
react_tool,answer,mir_operator:decode_sample,1611,decode_sample,,3,616223,613999,638811,7136,575355,cudaStreamSynchronize,memcpy|memset|reduce,1
react_tool,answer,mir_operator:decode_embed,1612,decode_embed,,3,49891,41641,60026,1856,11999,cudaLaunchKernel,other,1
react_tool,answer,mir_operator:decode_layer00,1613,decode_layer00,,3,1252363,1248078,1282750,203488,293550,cudaLaunchKernel,attention|concat|copy|elementwise_binary|elementwise_other|elementwise_unary|gemv|reduce,57
react_tool,answer,mir_operator:decode_layer01,1614,decode_layer01,,3,1193510,1179554,1375287,203074,280029,cudaLaunchKernel,attention|concat|copy|elementwise_binary|elementwise_other|elementwise_unary|gemv|reduce,57
react_tool,answer,mir_operator:decode_layer02,1615,decode_layer02,,3,1199716,1052757,1203365,202564,283938,cudaLaunchKernel,attention|concat|copy|elementwise_binary|elementwise_other|elementwise_unary|gemv|reduce,57
react_tool,answer,mir_operator:decode_layer03,1616,decode_layer03,,3,1205987,1051584,1220823,202465,286308,cudaLaunchKernel,attention|concat|copy|elementwise_binary|elementwise_other|elementwise_unary|gemv|reduce,57
react_tool,answer,mir_operator:decode_layer04,1617,decode_layer04,,3,1196160,1064282,1215103,202720,279011,cudaLaunchKernel,attention|concat|copy|elementwise_binary|elementwise_other|elementwise_unary|gemv|reduce,57
react_tool,answer,mir_operator:decode_layer05,1618,decode_layer05,,3,1185606,1049660,1207854,202467,272281,cudaLaunchKernel,attention|concat|copy|elementwise_binary|elementwise_other|elementwise_unary|gemv|reduce,57
react_tool,answer,mir_operator:decode_layer06,1619,decode_layer06,,3,1187570,1043433,1240450,202688,276231,cudaLaunchKernel,attention|concat|copy|elementwise_binary|elementwise_other|elementwise_unary|gemv|reduce,57
react_tool,answer,mir_operator:decode_layer07,1620,decode_layer07,,3,1185735,1068860,1216483,202785,282143,cudaLaunchKernel,attention|concat|copy|elementwise_binary|elementwise_other|elementwise_unary|gemv|reduce,57
react_tool,answer,mir_operator:decode_layer08,1621,decode_layer08,,3,1196111,1046321,1219488,202659,280768,cudaLaunchKernel,attention|concat|copy|elementwise_binary|elementwise_other|elementwise_unary|gemv|reduce,57
react_tool,answer,mir_operator:decode_layer09,1622,decode_layer09,,3,1197213,1039992,1209253,202784,280724,cudaLaunchKernel,attention|concat|copy|elementwise_binary|elementwise_other|elementwise_unary|gemv|reduce,57
react_tool,answer,mir_operator:decode_layer10,1623,decode_layer10,,3,1197442,1048940,1201256,202785,283134,cudaLaunchKernel,attention|concat|copy|elementwise_binary|elementwise_other|elementwise_unary|gemv|reduce,57
react_tool,answer,mir_operator:decode_layer11,1624,decode_layer11,,3,1171986,1042431,1195022,202050,279906,cudaLaunchKernel,attention|concat|copy|elementwise_binary|elementwise_other|elementwise_unary|gemv|reduce,57
react_tool,answer,mir_operator:decode_layer12,1625,decode_layer12,,3,1117456,1045213,1458648,203200,264618,cudaLaunchKernel,attention|concat|copy|elementwise_binary|elementwise_other|elementwise_unary|gemv|reduce,57
react_tool,answer,mir_operator:decode_layer13,1626,decode_layer13,,3,1157201,1150104,1253188,202595,276587,cudaLaunchKernel,attention|concat|copy|elementwise_binary|elementwise_other|elementwise_unary|gemv|reduce,57
react_tool,answer,mir_operator:decode_layer14,1627,decode_layer14,,3,1202873,1184477,1238512,203042,293797,cudaLaunchKernel,attention|concat|copy|elementwise_binary|elementwise_other|elementwise_unary|gemv|reduce,57
react_tool,answer,mir_operator:decode_layer15,1628,decode_layer15,,3,1199461,1174223,1232087,203424,282097,cudaLaunchKernel,attention|concat|copy|elementwise_binary|elementwise_other|elementwise_unary|gemv|reduce,57
react_tool,answer,mir_operator:decode_layer16,1629,decode_layer16,,3,1221080,1217201,1222937,202434,287120,cudaLaunchKernel,attention|concat|copy|elementwise_binary|elementwise_other|elementwise_unary|gemv|reduce,57
react_tool,answer,mir_operator:decode_layer17,1630,decode_layer17,,3,1201564,1187308,1215267,202625,283394,cudaLaunchKernel,attention|concat|copy|elementwise_binary|elementwise_other|elementwise_unary|gemv|reduce,57
react_tool,answer,mir_operator:decode_layer18,1631,decode_layer18,,3,1197567,1173310,1210157,202849,282029,cudaLaunchKernel,attention|concat|copy|elementwise_binary|elementwise_other|elementwise_unary|gemv|reduce,57
react_tool,answer,mir_operator:decode_layer19,1632,decode_layer19,,3,1203895,1186340,1215372,202625,280410,cudaLaunchKernel,attention|concat|copy|elementwise_binary|elementwise_other|elementwise_unary|gemv|reduce,57
react_tool,answer,mir_operator:decode_layer20,1633,decode_layer20,,3,1201263,1170761,1218556,202625,283206,cudaLaunchKernel,attention|concat|copy|elementwise_binary|elementwise_other|elementwise_unary|gemv|reduce,57
react_tool,answer,mir_operator:decode_layer21,1634,decode_layer21,,3,1186632,1152077,1206178,202402,278936,cudaLaunchKernel,attention|concat|copy|elementwise_binary|elementwise_other|elementwise_unary|gemv|reduce,57
react_tool,answer,mir_operator:decode_layer22,1635,decode_layer22,,3,1176678,1118335,1237900,202403,281877,cudaLaunchKernel,attention|concat|copy|elementwise_binary|elementwise_other|elementwise_unary|gemv|reduce,57
react_tool,answer,mir_operator:decode_layer23,1636,decode_layer23,,3,1205730,1125412,1207543,201890,284640,cudaLaunchKernel,attention|concat|copy|elementwise_binary|elementwise_other|elementwise_unary|gemv|reduce,57
react_tool,answer,mir_operator:decode_layer24,1637,decode_layer24,,3,1219964,1109672,1231964,202401,287692,cudaLaunchKernel,attention|concat|copy|elementwise_binary|elementwise_other|elementwise_unary|gemv|reduce,57
react_tool,answer,mir_operator:decode_layer25,1638,decode_layer25,,3,1202258,1090043,1219628,202369,282886,cudaLaunchKernel,attention|concat|copy|elementwise_binary|elementwise_other|elementwise_unary|gemv|reduce,57
react_tool,answer,mir_operator:decode_layer26,1639,decode_layer26,,3,1206031,1080641,1207497,202496,286395,cudaLaunchKernel,attention|concat|copy|elementwise_binary|elementwise_other|elementwise_unary|gemv|reduce,57
react_tool,answer,mir_operator:decode_layer27,1640,decode_layer27,,3,1198444,1075566,5794580,202945,285404,cudaLaunchKernel,attention|concat|copy|elementwise_binary|elementwise_other|elementwise_unary|gemv|reduce,57
react_tool,answer,mir_operator:decode_head,1641,decode_head,,3,247226,216052,249870,661732,45360,cudaLaunchKernel,copy|elementwise_binary|elementwise_unary|gemv|reduce,9
react_tool,answer,mir_operator:decode_sample,1642,decode_sample,,3,613652,610981,616202,7104,560317,cudaStreamSynchronize,memcpy|memset|reduce,1
react_tool,answer,mir_operator:decode_embed,1643,decode_embed,,3,57847,53877,64635,1888,12388,cudaLaunchKernel,other,1
react_tool,answer,mir_operator:decode_layer00,1644,decode_layer00,,3,1266047,1145646,1292264,202881,296439,cudaLaunchKernel,attention|concat|copy|elementwise_binary|elementwise_other|elementwise_unary|gemv|reduce,57
react_tool,answer,mir_operator:decode_layer01,1645,decode_layer01,,3,1236440,1120899,1243201,202178,283676,cudaLaunchKernel,attention|concat|copy|elementwise_binary|elementwise_other|elementwise_unary|gemv|reduce,57
react_tool,answer,mir_operator:decode_layer02,1646,decode_layer02,,3,1218472,1114434,1225109,202368,283037,cudaLaunchKernel,attention|concat|copy|elementwise_binary|elementwise_other|elementwise_unary|gemv|reduce,57
react_tool,answer,mir_operator:decode_layer03,1647,decode_layer03,,3,1224050,1101656,1240540,202625,284830,cudaLaunchKernel,attention|concat|copy|elementwise_binary|elementwise_other|elementwise_unary|gemv|reduce,57
react_tool,answer,mir_operator:decode_layer04,1648,decode_layer04,,3,1205501,1112242,1215241,202915,290777,cudaLaunchKernel,attention|concat|copy|elementwise_binary|elementwise_other|elementwise_unary|gemv|reduce,57
react_tool,answer,mir_operator:decode_layer05,1649,decode_layer05,,3,1188879,1138789,1293470,203139,275871,cudaLaunchKernel,attention|concat|copy|elementwise_binary|elementwise_other|elementwise_unary|gemv|reduce,57
react_tool,answer,mir_operator:decode_layer06,1650,decode_layer06,,3,1182130,1106774,1226183,202753,277275,cudaLaunchKernel,attention|concat|copy|elementwise_binary|elementwise_other|elementwise_unary|gemv|reduce,57
react_tool,answer,mir_operator:decode_layer07,1651,decode_layer07,,3,1169714,1108242,1222145,202849,273905,cudaLaunchKernel,attention|concat|copy|elementwise_binary|elementwise_other|elementwise_unary|gemv|reduce,57
react_tool,answer,mir_operator:decode_layer08,1652,decode_layer08,,3,1162039,1123634,1210651,202370,276863,cudaLaunchKernel,attention|concat|copy|elementwise_binary|elementwise_other|elementwise_unary|gemv|reduce,57
react_tool,answer,mir_operator:decode_layer09,1653,decode_layer09,,3,1157954,1123684,1214225,202819,277759,cudaLaunchKernel,attention|concat|copy|elementwise_binary|elementwise_other|elementwise_unary|gemv|reduce,57
react_tool,answer,mir_operator:decode_layer10,1654,decode_layer10,,3,1185989,1111612,1202288,202689,278629,cudaLaunchKernel,attention|concat|copy|elementwise_binary|elementwise_other|elementwise_unary|gemv|reduce,57
react_tool,answer,mir_operator:decode_layer11,1655,decode_layer11,,3,1191710,1130661,1215007,202466,278946,cudaLaunchKernel,attention|concat|copy|elementwise_binary|elementwise_other|elementwise_unary|gemv|reduce,57
react_tool,answer,mir_operator:decode_layer12,1656,decode_layer12,,3,1185928,1119085,1207029,203136,273568,cudaLaunchKernel,attention|concat|copy|elementwise_binary|elementwise_other|elementwise_unary|gemv|reduce,57
react_tool,answer,mir_operator:decode_layer13,1657,decode_layer13,,3,1176128,1105865,1249446,202945,274749,cudaLaunchKernel,attention|concat|copy|elementwise_binary|elementwise_other|elementwise_unary|gemv|reduce,57
react_tool,answer,mir_operator:decode_layer14,1658,decode_layer14,,3,1163654,1106876,1212522,202627,269243,cudaLaunchKernel,attention|concat|copy|elementwise_binary|elementwise_other|elementwise_unary|gemv|reduce,57
react_tool,answer,mir_operator:decode_layer15,1659,decode_layer15,,3,1162882,1105370,1228990,202496,277737,cudaLaunchKernel,attention|concat|copy|elementwise_binary|elementwise_other|elementwise_unary|gemv|reduce,57
react_tool,answer,mir_operator:decode_layer16,1660,decode_layer16,,3,1166285,1105322,1216905,201986,277803,cudaLaunchKernel,attention|concat|copy|elementwise_binary|elementwise_other|elementwise_unary|gemv|reduce,57
react_tool,answer,mir_operator:decode_layer17,1661,decode_layer17,,3,1172869,1107831,1212016,202273,284699,cudaLaunchKernel,attention|concat|copy|elementwise_binary|elementwise_other|elementwise_unary|gemv|reduce,57
react_tool,answer,mir_operator:decode_layer18,1662,decode_layer18,,3,1159531,1106048,1211562,201987,283894,cudaLaunchKernel,attention|concat|copy|elementwise_binary|elementwise_other|elementwise_unary|gemv|reduce,57
react_tool,answer,mir_operator:decode_layer19,1663,decode_layer19,,3,1103852,1087380,1216363,202817,267441,cudaLaunchKernel,attention|concat|copy|elementwise_binary|elementwise_other|elementwise_unary|gemv|reduce,57
react_tool,answer,mir_operator:decode_layer20,1664,decode_layer20,,3,1112908,1072956,1215245,202144,272116,cudaLaunchKernel,attention|concat|copy|elementwise_binary|elementwise_other|elementwise_unary|gemv|reduce,57
react_tool,answer,mir_operator:decode_layer21,1665,decode_layer21,,3,1165918,1044839,1267942,201986,280306,cudaLaunchKernel,attention|concat|copy|elementwise_binary|elementwise_other|elementwise_unary|gemv|reduce,57
react_tool,answer,mir_operator:decode_layer22,1666,decode_layer22,,3,1161993,1048481,1233515,201953,279109,cudaLaunchKernel,attention|concat|copy|elementwise_binary|elementwise_other|elementwise_unary|gemv|reduce,57
react_tool,answer,mir_operator:decode_layer23,1667,decode_layer23,,3,1169173,1054157,1234717,202564,283451,cudaLaunchKernel,attention|concat|copy|elementwise_binary|elementwise_other|elementwise_unary|gemv|reduce,57
react_tool,answer,mir_operator:decode_layer24,1668,decode_layer24,,3,1189188,1056115,1208816,202209,279586,cudaLaunchKernel,attention|concat|copy|elementwise_binary|elementwise_other|elementwise_unary|gemv|reduce,57
react_tool,answer,mir_operator:decode_layer25,1669,decode_layer25,,3,1203728,1072638,1212320,202529,281182,cudaLaunchKernel,attention|concat|copy|elementwise_binary|elementwise_other|elementwise_unary|gemv|reduce,57
react_tool,answer,mir_operator:decode_layer26,1670,decode_layer26,,3,1208671,1071232,1209077,202400,280096,cudaLaunchKernel,attention|concat|copy|elementwise_binary|elementwise_other|elementwise_unary|gemv|reduce,57
react_tool,answer,mir_operator:decode_layer27,1671,decode_layer27,,3,1199478,1099507,1229063,203040,281218,cudaLaunchKernel,attention|concat|copy|elementwise_binary|elementwise_other|elementwise_unary|gemv|reduce,57
react_tool,answer,mir_operator:decode_head,1672,decode_head,,3,232095,223650,245293,662660,45315,cudaLaunchKernel,copy|elementwise_binary|elementwise_unary|gemv|reduce,9
react_tool,answer,mir_operator:decode_sample,1673,decode_sample,,3,606422,604848,619895,7072,554279,cudaStreamSynchronize,memcpy|memset|reduce,1
react_tool,answer,mir_operator:decode_embed,1674,decode_embed,,3,53289,52034,79743,1888,12596,cudaLaunchKernel,other,1
react_tool,answer,mir_operator:decode_layer00,1675,decode_layer00,,3,1289393,1253134,1356214,203010,299324,cudaLaunchKernel,attention|concat|copy|elementwise_binary|elementwise_other|elementwise_unary|gemv|reduce,57
react_tool,answer,mir_operator:decode_layer01,1676,decode_layer01,,3,1233391,1206275,1239996,203009,296340,cudaLaunchKernel,attention|concat|copy|elementwise_binary|elementwise_other|elementwise_unary|gemv|reduce,57
react_tool,answer,mir_operator:decode_layer02,1677,decode_layer02,,3,1220055,1169696,1223714,203042,282999,cudaLaunchKernel,attention|concat|copy|elementwise_binary|elementwise_other|elementwise_unary|gemv|reduce,57
react_tool,answer,mir_operator:decode_layer03,1678,decode_layer03,,3,1208533,1173186,1209950,202529,281260,cudaLaunchKernel,attention|concat|copy|elementwise_binary|elementwise_other|elementwise_unary|gemv|reduce,57
react_tool,answer,mir_operator:decode_layer04,1679,decode_layer04,,3,1219375,1106027,1221234,202177,282724,cudaLaunchKernel,attention|concat|copy|elementwise_binary|elementwise_other|elementwise_unary|gemv|reduce,57
react_tool,answer,mir_operator:decode_layer05,1680,decode_layer05,,3,1220749,1133672,1231718,202945,286494,cudaLaunchKernel,attention|concat|copy|elementwise_binary|elementwise_other|elementwise_unary|gemv|reduce,57
react_tool,answer,mir_operator:decode_layer06,1681,decode_layer06,,3,1206865,1086538,1231734,203010,288819,cudaLaunchKernel,attention|concat|copy|elementwise_binary|elementwise_other|elementwise_unary|gemv|reduce,57
react_tool,answer,mir_operator:decode_layer07,1682,decode_layer07,,3,1125066,1071999,1205612,202787,269760,cudaLaunchKernel,attention|concat|copy|elementwise_binary|elementwise_other|elementwise_unary|gemv|reduce,57
react_tool,answer,mir_operator:decode_layer08,1683,decode_layer08,,3,1103056,1082563,1205624,202848,264561,cudaLaunchKernel,attention|concat|copy|elementwise_binary|elementwise_other|elementwise_unary|gemv|reduce,57
react_tool,answer,mir_operator:decode_layer09,1684,decode_layer09,,3,1100844,1080368,1145991,203169,267026,cudaLaunchKernel,attention|concat|copy|elementwise_binary|elementwise_other|elementwise_unary|gemv|reduce,57
react_tool,answer,mir_operator:decode_layer10,1685,decode_layer10,,3,1116346,1077434,1162565,202274,271483,cudaLaunchKernel,attention|concat|copy|elementwise_binary|elementwise_other|elementwise_unary|gemv|reduce,57
react_tool,answer,mir_operator:decode_layer11,1686,decode_layer11,,3,1102808,1079804,1195389,202210,264075,cudaLaunchKernel,attention|concat|copy|elementwise_binary|elementwise_other|elementwise_unary|gemv|reduce,57
react_tool,answer,mir_operator:decode_layer12,1687,decode_layer12,,3,1111968,1108238,1201120,203169,267170,cudaLaunchKernel,attention|concat|copy|elementwise_binary|elementwise_other|elementwise_unary|gemv|reduce,57
react_tool,answer,mir_operator:decode_layer13,1688,decode_layer13,,3,1086611,1079838,1207412,202722,257594,cudaLaunchKernel,attention|concat|copy|elementwise_binary|elementwise_other|elementwise_unary|gemv|reduce,57
react_tool,answer,mir_operator:decode_layer14,1689,decode_layer14,,3,1072647,1069069,1189459,202433,256896,cudaLaunchKernel,attention|concat|copy|elementwise_binary|elementwise_other|elementwise_unary|gemv|reduce,57
react_tool,answer,mir_operator:decode_layer15,1690,decode_layer15,,3,1091445,1063267,1202619,202785,272406,cudaLaunchKernel,attention|concat|copy|elementwise_binary|elementwise_other|elementwise_unary|gemv|reduce,57
react_tool,answer,mir_operator:decode_layer16,1691,decode_layer16,,3,1142132,1066438,1239208,201920,271315,cudaLaunchKernel,attention|concat|copy|elementwise_binary|elementwise_other|elementwise_unary|gemv|reduce,57
react_tool,answer,mir_operator:decode_layer17,1692,decode_layer17,,3,1201789,1088597,1212389,202848,286273,cudaLaunchKernel,attention|concat|copy|elementwise_binary|elementwise_other|elementwise_unary|gemv|reduce,57
react_tool,answer,mir_operator:decode_layer18,1693,decode_layer18,,3,1200183,1085881,1210634,202304,280050,cudaLaunchKernel,attention|concat|copy|elementwise_binary|elementwise_other|elementwise_unary|gemv|reduce,57
react_tool,answer,mir_operator:decode_layer19,1694,decode_layer19,,3,1201597,1083703,1202757,202817,283141,cudaLaunchKernel,attention|concat|copy|elementwise_binary|elementwise_other|elementwise_unary|gemv|reduce,57
react_tool,answer,mir_operator:decode_layer20,1695,decode_layer20,,3,1206591,1151142,1220092,213858,280828,cudaLaunchKernel,attention|concat|copy|elementwise_binary|elementwise_other|elementwise_unary|gemv|reduce,57
react_tool,answer,mir_operator:decode_layer21,1696,decode_layer21,,3,1179412,1142460,1206998,202881,278583,cudaLaunchKernel,attention|concat|copy|elementwise_binary|elementwise_other|elementwise_unary|gemv|reduce,57
react_tool,answer,mir_operator:decode_layer22,1697,decode_layer22,,3,1174149,1093356,1214550,203104,284058,cudaLaunchKernel,attention|concat|copy|elementwise_binary|elementwise_other|elementwise_unary|gemv|reduce,57
react_tool,answer,mir_operator:decode_layer23,1698,decode_layer23,,3,1189414,1096223,1208918,201985,280445,cudaLaunchKernel,attention|concat|copy|elementwise_binary|elementwise_other|elementwise_unary|gemv|reduce,57
react_tool,answer,mir_operator:decode_layer24,1699,decode_layer24,,3,1180083,1109711,1226837,202883,290564,cudaLaunchKernel,attention|concat|copy|elementwise_binary|elementwise_other|elementwise_unary|gemv|reduce,57
react_tool,answer,mir_operator:decode_layer25,1700,decode_layer25,,3,1184676,1104831,1337089,202465,281032,cudaLaunchKernel,attention|concat|copy|elementwise_binary|elementwise_other|elementwise_unary|gemv|reduce,57
react_tool,answer,mir_operator:decode_layer26,1701,decode_layer26,,3,1202216,1097778,1212568,202528,287396,cudaLaunchKernel,attention|concat|copy|elementwise_binary|elementwise_other|elementwise_unary|gemv|reduce,57
react_tool,answer,mir_operator:decode_layer27,1702,decode_layer27,,3,1206485,1099761,1207911,203233,286649,cudaLaunchKernel,attention|concat|copy|elementwise_binary|elementwise_other|elementwise_unary|gemv|reduce,57
react_tool,answer,mir_operator:decode_head,1703,decode_head,,3,239702,224221,241573,663299,45751,cudaLaunchKernel,copy|elementwise_binary|elementwise_unary|gemv|reduce,9
react_tool,answer,mir_operator:decode_sample,1704,decode_sample,,3,621999,616821,622569,7072,578752,cudaStreamSynchronize,memcpy|memset|reduce,1
react_tool,answer,mir_operator:decode_embed,1705,decode_embed,,3,58063,48013,58557,1856,11993,cudaLaunchKernel,other,1
react_tool,answer,mir_operator:decode_layer00,1706,decode_layer00,,3,1279901,1176908,1285953,203616,289883,cudaLaunchKernel,attention|concat|copy|elementwise_binary|elementwise_other|elementwise_unary|gemv|reduce,57
react_tool,answer,mir_operator:decode_layer01,1707,decode_layer01,,3,1225401,1116956,1227202,202018,281376,cudaLaunchKernel,attention|concat|copy|elementwise_binary|elementwise_other|elementwise_unary|gemv|reduce,57
react_tool,answer,mir_operator:decode_layer02,1708,decode_layer02,,3,1228997,1078458,1237159,202050,287262,cudaLaunchKernel,attention|concat|copy|elementwise_binary|elementwise_other|elementwise_unary|gemv|reduce,57
react_tool,answer,mir_operator:decode_layer03,1709,decode_layer03,,3,1207851,1078530,1270918,201856,282643,cudaLaunchKernel,attention|concat|copy|elementwise_binary|elementwise_other|elementwise_unary|gemv|reduce,57
react_tool,answer,mir_operator:decode_layer04,1710,decode_layer04,,3,1215495,1077985,1226394,202880,282655,cudaLaunchKernel,attention|concat|copy|elementwise_binary|elementwise_other|elementwise_unary|gemv|reduce,57
react_tool,answer,mir_operator:decode_layer05,1711,decode_layer05,,3,1121699,1090707,1221887,202946,276821,cudaLaunchKernel,attention|concat|copy|elementwise_binary|elementwise_other|elementwise_unary|gemv|reduce,57
react_tool,answer,mir_operator:decode_layer06,1712,decode_layer06,,3,1130724,1090812,1217524,203105,264879,cudaLaunchKernel,attention|concat|copy|elementwise_binary|elementwise_other|elementwise_unary|gemv|reduce,57
react_tool,answer,mir_operator:decode_layer07,1713,decode_layer07,,3,1080401,1055689,1227399,202497,265417,cudaLaunchKernel,attention|concat|copy|elementwise_binary|elementwise_other|elementwise_unary|gemv|reduce,57
react_tool,answer,mir_operator:decode_layer08,1714,decode_layer08,,3,1074291,1051389,1207437,201921,258317,cudaLaunchKernel,attention|concat|copy|elementwise_binary|elementwise_other|elementwise_unary|gemv|reduce,57
react_tool,answer,mir_operator:decode_layer09,1715,decode_layer09,,3,1105679,1080226,1206273,202850,271493,cudaLaunchKernel,attention|concat|copy|elementwise_binary|elementwise_other|elementwise_unary|gemv|reduce,57
react_tool,answer,mir_operator:decode_layer10,1716,decode_layer10,,3,1095668,1067583,1196586,202784,260532,cudaLaunchKernel,attention|concat|copy|elementwise_binary|elementwise_other|elementwise_unary|gemv|reduce,57
react_tool,answer,mir_operator:decode_layer11,1717,decode_layer11,,3,1160049,1120923,1260128,203106,285947,cudaLaunchKernel,attention|concat|copy|elementwise_binary|elementwise_other|elementwise_unary|gemv|reduce,57
react_tool,answer,mir_operator:decode_layer12,1718,decode_layer12,,3,1200851,1101013,1209100,203043,281661,cudaLaunchKernel,attention|concat|copy|elementwise_binary|elementwise_other|elementwise_unary|gemv|reduce,57
react_tool,answer,mir_operator:decode_layer13,1719,decode_layer13,,3,1187553,1124985,1204250,202786,275933,cudaLaunchKernel,attention|concat|copy|elementwise_binary|elementwise_other|elementwise_unary|gemv|reduce,57
react_tool,answer,mir_operator:decode_layer14,1720,decode_layer14,,3,1211453,1136912,1215768,203266,285945,cudaLaunchKernel,attention|concat|copy|elementwise_binary|elementwise_other|elementwise_unary|gemv|reduce,57
react_tool,answer,mir_operator:decode_layer15,1721,decode_layer15,,3,1192811,1120264,1223110,203200,278719,cudaLaunchKernel,attention|concat|copy|elementwise_binary|elementwise_other|elementwise_unary|gemv|reduce,57
react_tool,answer,mir_operator:decode_layer16,1722,decode_layer16,,3,1203085,1155239,1208896,202689,280607,cudaLaunchKernel,attention|concat|copy|elementwise_binary|elementwise_other|elementwise_unary|gemv|reduce,57
react_tool,answer,mir_operator:decode_layer17,1723,decode_layer17,,3,1193526,1168877,1202186,202018,279577,cudaLaunchKernel,attention|concat|copy|elementwise_binary|elementwise_other|elementwise_unary|gemv|reduce,57
react_tool,answer,mir_operator:decode_layer18,1724,decode_layer18,,3,1195201,1163227,1209128,202978,278741,cudaLaunchKernel,attention|concat|copy|elementwise_binary|elementwise_other|elementwise_unary|gemv|reduce,57
react_tool,answer,mir_operator:decode_layer19,1725,decode_layer19,,3,1190007,1167423,1249527,202241,283714,cudaLaunchKernel,attention|concat|copy|elementwise_binary|elementwise_other|elementwise_unary|gemv|reduce,57
react_tool,answer,mir_operator:decode_layer20,1726,decode_layer20,,3,1172047,1124027,1214102,204002,280576,cudaLaunchKernel,attention|concat|copy|elementwise_binary|elementwise_other|elementwise_unary|gemv|reduce,57
react_tool,answer,mir_operator:decode_layer21,1727,decode_layer21,,3,1207581,1170743,1530146,202272,281073,cudaLaunchKernel,attention|concat|copy|elementwise_binary|elementwise_other|elementwise_unary|gemv|reduce,57
react_tool,answer,mir_operator:decode_layer22,1728,decode_layer22,,3,1191346,1157979,1207170,202883,275638,cudaLaunchKernel,attention|concat|copy|elementwise_binary|elementwise_other|elementwise_unary|gemv|reduce,57
react_tool,answer,mir_operator:decode_layer23,1729,decode_layer23,,3,1206847,1174819,1231686,202913,285001,cudaLaunchKernel,attention|concat|copy|elementwise_binary|elementwise_other|elementwise_unary|gemv|reduce,57
react_tool,answer,mir_operator:decode_layer24,1730,decode_layer24,,3,1194219,1174535,1212408,203105,278517,cudaLaunchKernel,attention|concat|copy|elementwise_binary|elementwise_other|elementwise_unary|gemv|reduce,57
react_tool,answer,mir_operator:decode_layer25,1731,decode_layer25,,3,1205089,1168519,1906030,202881,282242,cudaLaunchKernel,attention|concat|copy|elementwise_binary|elementwise_other|elementwise_unary|gemv|reduce,57
react_tool,answer,mir_operator:decode_layer26,1732,decode_layer26,,3,1235223,1215826,2219084,202752,285922,cudaLaunchKernel,attention|concat|copy|elementwise_binary|elementwise_other|elementwise_unary|gemv|reduce,57
react_tool,answer,mir_operator:decode_layer27,1733,decode_layer27,,3,1212765,1172632,1240057,201889,289289,cudaLaunchKernel,attention|concat|copy|elementwise_binary|elementwise_other|elementwise_unary|gemv|reduce,57
react_tool,answer,mir_operator:decode_head,1734,decode_head,,3,232222,229657,243919,662340,46898,cudaLaunchKernel,copy|elementwise_binary|elementwise_unary|gemv|reduce,9
react_tool,answer,mir_operator:decode_sample,1735,decode_sample,,3,615798,599608,618991,7104,570820,cudaStreamSynchronize,memcpy|memset|reduce,1
react_tool,answer,mir_operator:decode_embed,1736,decode_embed,,3,53402,49493,58723,1888,11884,cudaLaunchKernel,other,1
react_tool,answer,mir_operator:decode_layer00,1737,decode_layer00,,3,1294269,1272725,1331616,203360,297324,cudaLaunchKernel,attention|concat|copy|elementwise_binary|elementwise_other|elementwise_unary|gemv|reduce,57
react_tool,answer,mir_operator:decode_layer01,1738,decode_layer01,,3,1231018,1184251,1384110,201794,289880,cudaLaunchKernel,attention|concat|copy|elementwise_binary|elementwise_other|elementwise_unary|gemv|reduce,57
react_tool,answer,mir_operator:decode_layer02,1739,decode_layer02,,3,1219573,1180997,1238192,202403,287500,cudaLaunchKernel,attention|concat|copy|elementwise_binary|elementwise_other|elementwise_unary|gemv|reduce,57
react_tool,answer,mir_operator:decode_layer03,1740,decode_layer03,,3,1212888,1212323,1217477,205025,281288,cudaLaunchKernel,attention|concat|copy|elementwise_binary|elementwise_other|elementwise_unary|gemv|reduce,57
react_tool,answer,mir_operator:decode_layer04,1741,decode_layer04,,3,1206312,1203643,1232024,202657,283069,cudaLaunchKernel,attention|concat|copy|elementwise_binary|elementwise_other|elementwise_unary|gemv|reduce,57
react_tool,answer,mir_operator:decode_layer05,1742,decode_layer05,,3,1198975,1196568,1253426,202496,286485,cudaLaunchKernel,attention|concat|copy|elementwise_binary|elementwise_other|elementwise_unary|gemv|reduce,57
react_tool,answer,mir_operator:decode_layer06,1743,decode_layer06,,3,1197782,1193450,1209550,202818,285644,cudaLaunchKernel,attention|concat|copy|elementwise_binary|elementwise_other|elementwise_unary|gemv|reduce,57
react_tool,answer,mir_operator:decode_layer07,1744,decode_layer07,,3,1201565,1198200,1229014,202466,284225,cudaLaunchKernel,attention|concat|copy|elementwise_binary|elementwise_other|elementwise_unary|gemv|reduce,57
react_tool,answer,mir_operator:decode_layer08,1745,decode_layer08,,3,1210517,1193084,1221902,203393,286493,cudaLaunchKernel,attention|concat|copy|elementwise_binary|elementwise_other|elementwise_unary|gemv|reduce,57
react_tool,answer,mir_operator:decode_layer09,1746,decode_layer09,,3,1219166,1196133,1484329,202691,288652,cudaLaunchKernel,attention|concat|copy|elementwise_binary|elementwise_other|elementwise_unary|gemv|reduce,57
react_tool,answer,mir_operator:decode_layer10,1747,decode_layer10,,3,1223778,1199969,1395846,202657,291993,cudaLaunchKernel,attention|concat|copy|elementwise_binary|elementwise_other|elementwise_unary|gemv|reduce,57
react_tool,answer,mir_operator:decode_layer11,1748,decode_layer11,,3,1196974,1176379,1207173,202562,285633,cudaLaunchKernel,attention|concat|copy|elementwise_binary|elementwise_other|elementwise_unary|gemv|reduce,57
react_tool,answer,mir_operator:decode_layer12,1749,decode_layer12,,3,1188670,1170386,1209029,202336,283796,cudaLaunchKernel,attention|concat|copy|elementwise_binary|elementwise_other|elementwise_unary|gemv|reduce,57
react_tool,answer,mir_operator:decode_layer13,1750,decode_layer13,,3,1191951,1168354,1214925,204641,276877,cudaLaunchKernel,attention|concat|copy|elementwise_binary|elementwise_other|elementwise_unary|gemv|reduce,57
react_tool,answer,mir_operator:decode_layer14,1751,decode_layer14,,3,1192177,1181261,1200858,202018,282091,cudaLaunchKernel,attention|concat|copy|elementwise_binary|elementwise_other|elementwise_unary|gemv|reduce,57
react_tool,answer,mir_operator:decode_layer15,1752,decode_layer15,,3,1205406,1203958,1476907,203042,290326,cudaLaunchKernel,attention|concat|copy|elementwise_binary|elementwise_other|elementwise_unary|gemv|reduce,57
react_tool,answer,mir_operator:decode_layer16,1753,decode_layer16,,3,1224973,1198779,1444915,202273,292649,cudaLaunchKernel,attention|concat|copy|elementwise_binary|elementwise_other|elementwise_unary|gemv|reduce,57
react_tool,answer,mir_operator:decode_layer17,1754,decode_layer17,,3,1200683,1189027,1221370,202690,284839,cudaLaunchKernel,attention|concat|copy|elementwise_binary|elementwise_other|elementwise_unary|gemv|reduce,57
react_tool,answer,mir_operator:decode_layer18,1755,decode_layer18,,3,1217814,1199666,1226335,202176,288995,cudaLaunchKernel,attention|concat|copy|elementwise_binary|elementwise_other|elementwise_unary|gemv|reduce,57
react_tool,answer,mir_operator:decode_layer19,1756,decode_layer19,,3,1200270,1178854,1218873,202369,280152,cudaLaunchKernel,attention|concat|copy|elementwise_binary|elementwise_other|elementwise_unary|gemv|reduce,57
react_tool,answer,mir_operator:decode_layer20,1757,decode_layer20,,3,1203001,1199348,1209650,202242,284053,cudaLaunchKernel,attention|concat|copy|elementwise_binary|elementwise_other|elementwise_unary|gemv|reduce,57
react_tool,answer,mir_operator:decode_layer21,1758,decode_layer21,,3,1214464,1196197,1215927,202561,284880,cudaLaunchKernel,attention|concat|copy|elementwise_binary|elementwise_other|elementwise_unary|gemv|reduce,57
react_tool,answer,mir_operator:decode_layer22,1759,decode_layer22,,3,1201983,1167788,1207511,201953,285989,cudaLaunchKernel,attention|concat|copy|elementwise_binary|elementwise_other|elementwise_unary|gemv|reduce,57
react_tool,answer,mir_operator:decode_layer23,1760,decode_layer23,,3,1197948,1163116,1259628,203265,284825,cudaLaunchKernel,attention|concat|copy|elementwise_binary|elementwise_other|elementwise_unary|gemv|reduce,57
react_tool,answer,mir_operator:decode_layer24,1761,decode_layer24,,3,1173660,1156507,1234416,202977,278380,cudaLaunchKernel,attention|concat|copy|elementwise_binary|elementwise_other|elementwise_unary|gemv|reduce,57
react_tool,answer,mir_operator:decode_layer25,1762,decode_layer25,,3,1128952,1110135,1220186,202882,277444,cudaLaunchKernel,attention|concat|copy|elementwise_binary|elementwise_other|elementwise_unary|gemv|reduce,57
react_tool,answer,mir_operator:decode_layer26,1763,decode_layer26,,3,1105635,1093827,1208257,202369,261842,cudaLaunchKernel,attention|concat|copy|elementwise_binary|elementwise_other|elementwise_unary|gemv|reduce,57
react_tool,answer,mir_operator:decode_layer27,1764,decode_layer27,,3,1085880,1076280,1204362,202594,266875,cudaLaunchKernel,attention|concat|copy|elementwise_binary|elementwise_other|elementwise_unary|gemv|reduce,57
react_tool,answer,mir_operator:decode_head,1765,decode_head,,3,220852,210367,247630,661765,44259,cudaLaunchKernel,copy|elementwise_binary|elementwise_unary|gemv|reduce,9
react_tool,answer,mir_operator:decode_sample,1766,decode_sample,,3,619107,605273,626608,7104,557989,cudaStreamSynchronize,memcpy|memset|reduce,1
react_tool,answer,mir_operator:decode_embed,1767,decode_embed,,3,52762,46110,60147,1920,10971,cudaLaunchKernel,other,1
react_tool,answer,mir_operator:decode_layer00,1768,decode_layer00,,3,1190282,1088502,1315203,202720,268305,cudaLaunchKernel,attention|concat|copy|elementwise_binary|elementwise_other|elementwise_unary|gemv|reduce,57
react_tool,answer,mir_operator:decode_layer01,1769,decode_layer01,,3,1105311,1053943,1264360,202691,266786,cudaLaunchKernel,attention|concat|copy|elementwise_binary|elementwise_other|elementwise_unary|gemv|reduce,57
react_tool,answer,mir_operator:decode_layer02,1770,decode_layer02,,3,1106532,1095177,1238073,203361,264445,cudaLaunchKernel,attention|concat|copy|elementwise_binary|elementwise_other|elementwise_unary|gemv|reduce,57
react_tool,answer,mir_operator:decode_layer03,1771,decode_layer03,,3,1182765,1115363,1186123,202050,277573,cudaLaunchKernel,attention|concat|copy|elementwise_binary|elementwise_other|elementwise_unary|gemv|reduce,57
react_tool,answer,mir_operator:decode_layer04,1772,decode_layer04,,3,1181568,1083848,1184604,202466,280101,cudaLaunchKernel,attention|concat|copy|elementwise_binary|elementwise_other|elementwise_unary|gemv|reduce,57
react_tool,answer,mir_operator:decode_layer05,1773,decode_layer05,,3,1177294,1109161,1182148,202658,275904,cudaLaunchKernel,attention|concat|copy|elementwise_binary|elementwise_other|elementwise_unary|gemv|reduce,57
react_tool,answer,mir_operator:decode_layer06,1774,decode_layer06,,3,1173515,1125855,1190739,203746,275043,cudaLaunchKernel,attention|concat|copy|elementwise_binary|elementwise_other|elementwise_unary|gemv|reduce,57
react_tool,answer,mir_operator:decode_layer07,1775,decode_layer07,,3,1172759,1108061,1174099,202529,275207,cudaLaunchKernel,attention|concat|copy|elementwise_binary|elementwise_other|elementwise_unary|gemv|reduce,57
react_tool,answer,mir_operator:decode_layer08,1776,decode_layer08,,3,1153939,1144675,1222534,202337,272519,cudaLaunchKernel,attention|concat|copy|elementwise_binary|elementwise_other|elementwise_unary|gemv|reduce,57
react_tool,answer,mir_operator:decode_layer09,1777,decode_layer09,,3,1113016,1099916,1256667,202368,263933,cudaLaunchKernel,attention|concat|copy|elementwise_binary|elementwise_other|elementwise_unary|gemv|reduce,57
react_tool,answer,mir_operator:decode_layer10,1778,decode_layer10,,3,1132952,1099747,1211733,202817,265289,cudaLaunchKernel,attention|concat|copy|elementwise_binary|elementwise_other|elementwise_unary|gemv|reduce,57
react_tool,answer,mir_operator:decode_layer11,1779,decode_layer11,,3,1124521,1076809,1180336,202339,264686,cudaLaunchKernel,attention|concat|copy|elementwise_binary|elementwise_other|elementwise_unary|gemv|reduce,57
react_tool,answer,mir_operator:decode_layer12,1780,decode_layer12,,3,1128090,1079534,1128730,203044,266621,cudaLaunchKernel,attention|concat|copy|elementwise_binary|elementwise_other|elementwise_unary|gemv|reduce,57
react_tool,answer,mir_operator:decode_layer13,1781,decode_layer13,,3,1111030,1064926,1178664,202080,266737,cudaLaunchKernel,attention|concat|copy|elementwise_binary|elementwise_other|elementwise_unary|gemv|reduce,57
react_tool,answer,mir_operator:decode_layer14,1782,decode_layer14,,3,1113069,1063537,1161925,202498,272901,cudaLaunchKernel,attention|concat|copy|elementwise_binary|elementwise_other|elementwise_unary|gemv|reduce,57
react_tool,answer,mir_operator:decode_layer15,1783,decode_layer15,,3,1175660,1116600,1177670,202497,280853,cudaLaunchKernel,attention|concat|copy|elementwise_binary|elementwise_other|elementwise_unary|gemv|reduce,57
react_tool,answer,mir_operator:decode_layer16,1784,decode_layer16,,3,1142835,1096105,1143816,202306,269170,cudaLaunchKernel,attention|concat|copy|elementwise_binary|elementwise_other|elementwise_unary|gemv|reduce,57
react_tool,answer,mir_operator:decode_layer17,1785,decode_layer17,,3,1168894,1122697,1211937,202528,278550,cudaLaunchKernel,attention|concat|copy|elementwise_binary|elementwise_other|elementwise_unary|gemv|reduce,57
react_tool,answer,mir_operator:decode_layer18,1786,decode_layer18,,3,1161470,1111603,1200153,202560,274298,cudaLaunchKernel,attention|concat|copy|elementwise_binary|elementwise_other|elementwise_unary|gemv|reduce,57
react_tool,answer,mir_operator:decode_layer19,1787,decode_layer19,,3,1188474,1087789,1224988,202368,275793,cudaLaunchKernel,attention|concat|copy|elementwise_binary|elementwise_other|elementwise_unary|gemv|reduce,57
react_tool,answer,mir_operator:decode_layer20,1788,decode_layer20,,3,1183653,1080770,1386793,202529,280963,cudaLaunchKernel,attention|concat|copy|elementwise_binary|elementwise_other|elementwise_unary|gemv|reduce,57
react_tool,answer,mir_operator:decode_layer21,1789,decode_layer21,,3,1189516,1154206,1486987,203297,286816,cudaLaunchKernel,attention|concat|copy|elementwise_binary|elementwise_other|elementwise_unary|gemv|reduce,57
react_tool,answer,mir_operator:decode_layer22,1790,decode_layer22,,3,1216861,1134480,1507506,202337,300003,cudaLaunchKernel,attention|concat|copy|elementwise_binary|elementwise_other|elementwise_unary|gemv|reduce,57
react_tool,answer,mir_operator:decode_layer23,1791,decode_layer23,,3,1207839,1102821,1349798,202305,284441,cudaLaunchKernel,attention|concat|copy|elementwise_binary|elementwise_other|elementwise_unary|gemv|reduce,57
react_tool,answer,mir_operator:decode_layer24,1792,decode_layer24,,3,1208960,1116763,1311393,203457,279699,cudaLaunchKernel,attention|concat|copy|elementwise_binary|elementwise_other|elementwise_unary|gemv|reduce,57
react_tool,answer,mir_operator:decode_layer25,1793,decode_layer25,,3,1201468,1111759,1234507,203746,284220,cudaLaunchKernel,attention|concat|copy|elementwise_binary|elementwise_other|elementwise_unary|gemv|reduce,57
react_tool,answer,mir_operator:decode_layer26,1794,decode_layer26,,3,1226264,1101618,1232315,202433,286805,cudaLaunchKernel,attention|concat|copy|elementwise_binary|elementwise_other|elementwise_unary|gemv|reduce,57
react_tool,answer,mir_operator:decode_layer27,1795,decode_layer27,,3,1219930,1091838,1279618,202561,285860,cudaLaunchKernel,attention|concat|copy|elementwise_binary|elementwise_other|elementwise_unary|gemv|reduce,57
react_tool,answer,mir_operator:decode_head,1796,decode_head,,3,253116,211476,258375,663140,49465,cudaLaunchKernel,copy|elementwise_binary|elementwise_unary|gemv|reduce,9
react_tool,answer,mir_operator:decode_sample,1797,decode_sample,,3,613556,613437,624676,7136,560091,cudaStreamSynchronize,memcpy|memset|reduce,1
react_tool,answer,mir_operator:decode_embed,1798,decode_embed,,3,57792,45899,60401,1856,12289,cudaLaunchKernel,other,1
react_tool,answer,mir_operator:decode_layer00,1799,decode_layer00,,3,1295429,1159327,1300284,202816,290727,cudaLaunchKernel,attention|concat|copy|elementwise_binary|elementwise_other|elementwise_unary|gemv|reduce,57
react_tool,answer,mir_operator:decode_layer01,1800,decode_layer01,,3,1227453,1097104,1237146,202242,282446,cudaLaunchKernel,attention|concat|copy|elementwise_binary|elementwise_other|elementwise_unary|gemv|reduce,57
react_tool,answer,mir_operator:decode_layer02,1801,decode_layer02,,3,1219348,1082242,1233928,202242,281547,cudaLaunchKernel,attention|concat|copy|elementwise_binary|elementwise_other|elementwise_unary|gemv|reduce,57
react_tool,answer,mir_operator:decode_layer03,1802,decode_layer03,,3,1204056,1044266,1246160,202273,284874,cudaLaunchKernel,attention|concat|copy|elementwise_binary|elementwise_other|elementwise_unary|gemv|reduce,57
react_tool,answer,mir_operator:decode_layer04,1803,decode_layer04,,3,1221927,1064500,1228996,202433,296306,cudaLaunchKernel,attention|concat|copy|elementwise_binary|elementwise_other|elementwise_unary|gemv|reduce,57
react_tool,answer,mir_operator:decode_layer05,1804,decode_layer05,,3,1215867,1047459,1230280,209536,285574,cudaLaunchKernel,attention|concat|copy|elementwise_binary|elementwise_other|elementwise_unary|gemv|reduce,57
react_tool,answer,mir_operator:decode_layer06,1805,decode_layer06,,3,1228318,1051679,1230139,202241,287538,cudaLaunchKernel,attention|concat|copy|elementwise_binary|elementwise_other|elementwise_unary|gemv|reduce,57
react_tool,answer,mir_operator:decode_layer07,1806,decode_layer07,,3,1223844,1128196,1242738,202659,291649,cudaLaunchKernel,attention|concat|copy|elementwise_binary|elementwise_other|elementwise_unary|gemv|reduce,57
react_tool,answer,mir_operator:decode_layer08,1807,decode_layer08,,3,1220746,1165599,1244622,202402,282913,cudaLaunchKernel,attention|concat|copy|elementwise_binary|elementwise_other|elementwise_unary|gemv|reduce,57
react_tool,answer,mir_operator:decode_layer09,1808,decode_layer09,,3,1207143,1178312,1210438,202145,281093,cudaLaunchKernel,attention|concat|copy|elementwise_binary|elementwise_other|elementwise_unary|gemv|reduce,57
react_tool,answer,mir_operator:decode_layer10,1809,decode_layer10,,3,1201802,1162274,1210059,202721,281458,cudaLaunchKernel,attention|concat|copy|elementwise_binary|elementwise_other|elementwise_unary|gemv|reduce,57
react_tool,answer,mir_operator:decode_layer11,1810,decode_layer11,,3,1205539,1156228,1267353,202305,278690,cudaLaunchKernel,attention|concat|copy|elementwise_binary|elementwise_other|elementwise_unary|gemv|reduce,57
react_tool,answer,mir_operator:decode_layer12,1811,decode_layer12,,3,1193307,1162898,1224422,202528,282237,cudaLaunchKernel,attention|concat|copy|elementwise_binary|elementwise_other|elementwise_unary|gemv|reduce,57
react_tool,answer,mir_operator:decode_layer13,1812,decode_layer13,,3,1227221,1225828,1536549,202529,291436,cudaLaunchKernel,attention|concat|copy|elementwise_binary|elementwise_other|elementwise_unary|gemv|reduce,57
react_tool,answer,mir_operator:decode_layer14,1813,decode_layer14,,3,1222060,1203379,1237822,202145,284024,cudaLaunchKernel,attention|concat|copy|elementwise_binary|elementwise_other|elementwise_unary|gemv|reduce,57
react_tool,answer,mir_operator:decode_layer15,1814,decode_layer15,,3,1214453,1206114,1217481,203265,283854,cudaLaunchKernel,attention|concat|copy|elementwise_binary|elementwise_other|elementwise_unary|gemv|reduce,57
react_tool,answer,mir_operator:decode_layer16,1815,decode_layer16,,3,1214351,1203053,1215774,202721,287596,cudaLaunchKernel,attention|concat|copy|elementwise_binary|elementwise_other|elementwise_unary|gemv|reduce,57
react_tool,answer,mir_operator:decode_layer17,1816,decode_layer17,,3,1213663,1204297,1214430,202946,292636,cudaLaunchKernel,attention|concat|copy|elementwise_binary|elementwise_other|elementwise_unary|gemv|reduce,57
react_tool,answer,mir_operator:decode_layer18,1817,decode_layer18,,3,1215592,1214717,1239459,202786,286189,cudaLaunchKernel,attention|concat|copy|elementwise_binary|elementwise_other|elementwise_unary|gemv|reduce,57
react_tool,answer,mir_operator:decode_layer19,1818,decode_layer19,,3,1214899,1146281,1229472,202498,283153,cudaLaunchKernel,attention|concat|copy|elementwise_binary|elementwise_other|elementwise_unary|gemv|reduce,57
react_tool,answer,mir_operator:decode_layer20,1819,decode_layer20,,3,1210054,1105721,1223479,202369,285061,cudaLaunchKernel,attention|concat|copy|elementwise_binary|elementwise_other|elementwise_unary|gemv|reduce,57
react_tool,answer,mir_operator:decode_layer21,1820,decode_layer21,,3,1229120,1086843,1234485,202369,286422,cudaLaunchKernel,attention|concat|copy|elementwise_binary|elementwise_other|elementwise_unary|gemv|reduce,57
react_tool,answer,mir_operator:decode_layer22,1821,decode_layer22,,3,1206458,1085873,1240301,202594,279498,cudaLaunchKernel,attention|concat|copy|elementwise_binary|elementwise_other|elementwise_unary|gemv|reduce,57
react_tool,answer,mir_operator:decode_layer23,1822,decode_layer23,,3,1203480,1081549,1227054,202145,280291,cudaLaunchKernel,attention|concat|copy|elementwise_binary|elementwise_other|elementwise_unary|gemv|reduce,57
react_tool,answer,mir_operator:decode_layer24,1823,decode_layer24,,3,1206161,1143376,1239207,201984,287531,cudaLaunchKernel,attention|concat|copy|elementwise_binary|elementwise_other|elementwise_unary|gemv|reduce,57
react_tool,answer,mir_operator:decode_layer25,1824,decode_layer25,,3,1193781,1188965,1215232,202529,282273,cudaLaunchKernel,attention|concat|copy|elementwise_binary|elementwise_other|elementwise_unary|gemv|reduce,57
react_tool,answer,mir_operator:decode_layer26,1825,decode_layer26,,3,1200047,1181111,1204191,202913,280233,cudaLaunchKernel,attention|concat|copy|elementwise_binary|elementwise_other|elementwise_unary|gemv|reduce,57
react_tool,answer,mir_operator:decode_layer27,1826,decode_layer27,,3,1209522,1168137,1232195,202656,286110,cudaLaunchKernel,attention|concat|copy|elementwise_binary|elementwise_other|elementwise_unary|gemv|reduce,57
react_tool,answer,mir_operator:decode_head,1827,decode_head,,3,247999,242695,248375,662948,44950,cudaLaunchKernel,copy|elementwise_binary|elementwise_unary|gemv|reduce,9
react_tool,answer,mir_operator:decode_sample,1828,decode_sample,,3,613763,610050,616435,7136,549911,cudaStreamSynchronize,memcpy|memset|reduce,1
react_tool,answer,mir_operator:decode_embed,1829,decode_embed,,3,60246,59774,62329,1856,12621,cudaLaunchKernel,other,1
react_tool,answer,mir_operator:decode_layer00,1830,decode_layer00,,3,1275778,1222225,1316725,202913,298098,cudaLaunchKernel,attention|concat|copy|elementwise_binary|elementwise_other|elementwise_unary|gemv|reduce,57
react_tool,answer,mir_operator:decode_layer01,1831,decode_layer01,,3,1219227,1124156,1263638,202433,281188,cudaLaunchKernel,attention|concat|copy|elementwise_binary|elementwise_other|elementwise_unary|gemv|reduce,57
react_tool,answer,mir_operator:decode_layer02,1832,decode_layer02,,3,1224920,1134175,1270752,203137,284295,cudaLaunchKernel,attention|concat|copy|elementwise_binary|elementwise_other|elementwise_unary|gemv|reduce,57
react_tool,answer,mir_operator:decode_layer03,1833,decode_layer03,,3,1218822,1099893,1228889,202720,284545,cudaLaunchKernel,attention|concat|copy|elementwise_binary|elementwise_other|elementwise_unary|gemv|reduce,57
react_tool,answer,mir_operator:decode_layer04,1834,decode_layer04,,3,1220355,1072526,1226167,202017,283053,cudaLaunchKernel,attention|concat|copy|elementwise_binary|elementwise_other|elementwise_unary|gemv|reduce,57
react_tool,answer,mir_operator:decode_layer05,1835,decode_layer05,,3,1213590,1076064,1220250,202625,283192,cudaLaunchKernel,attention|concat|copy|elementwise_binary|elementwise_other|elementwise_unary|gemv|reduce,57
react_tool,answer,mir_operator:decode_layer06,1836,decode_layer06,,3,1231177,1084212,1269645,203136,292645,cudaLaunchKernel,attention|concat|copy|elementwise_binary|elementwise_other|elementwise_unary|gemv|reduce,57
react_tool,answer,mir_operator:decode_layer07,1837,decode_layer07,,3,1213448,1094163,1247296,202209,287126,cudaLaunchKernel,attention|concat|copy|elementwise_binary|elementwise_other|elementwise_unary|gemv|reduce,57
react_tool,answer,mir_operator:decode_layer08,1838,decode_layer08,,3,1208341,1116756,1287499,203168,283721,cudaLaunchKernel,attention|concat|copy|elementwise_binary|elementwise_other|elementwise_unary|gemv|reduce,57
react_tool,answer,mir_operator:decode_layer09,1839,decode_layer09,,3,1208763,1091648,1304224,203043,289362,cudaLaunchKernel,attention|concat|copy|elementwise_binary|elementwise_other|elementwise_unary|gemv|reduce,57
react_tool,answer,mir_operator:decode_layer10,1840,decode_layer10,,3,1151244,1084234,1296408,202497,269410,cudaLaunchKernel,attention|concat|copy|elementwise_binary|elementwise_other|elementwise_unary|gemv|reduce,57
react_tool,answer,mir_operator:decode_layer11,1841,decode_layer11,,3,1118699,1088782,1271087,203009,264333,cudaLaunchKernel,attention|concat|copy|elementwise_binary|elementwise_other|elementwise_unary|gemv|reduce,57
react_tool,answer,mir_operator:decode_layer12,1842,decode_layer12,,3,1176234,1078315,1258057,202850,280644,cudaLaunchKernel,attention|concat|copy|elementwise_binary|elementwise_other|elementwise_unary|gemv|reduce,57
react_tool,answer,mir_operator:decode_layer13,1843,decode_layer13,,3,1179081,1087226,1280564,202785,289518,cudaLaunchKernel,attention|concat|copy|elementwise_binary|elementwise_other|elementwise_unary|gemv|reduce,57
react_tool,answer,mir_operator:decode_layer14,1844,decode_layer14,,3,1174550,1070175,1295422,202369,282036,cudaLaunchKernel,attention|concat|copy|elementwise_binary|elementwise_other|elementwise_unary|gemv|reduce,57
react_tool,answer,mir_operator:decode_layer15,1845,decode_layer15,,3,1188505,1082564,1298458,202848,283336,cudaLaunchKernel,attention|concat|copy|elementwise_binary|elementwise_other|elementwise_unary|gemv|reduce,57
react_tool,answer,mir_operator:decode_layer16,1846,decode_layer16,,3,1225981,1117760,1315611,202720,290576,cudaLaunchKernel,attention|concat|copy|elementwise_binary|elementwise_other|elementwise_unary|gemv|reduce,57
react_tool,answer,mir_operator:decode_layer17,1847,decode_layer17,,3,1215595,1105272,1283950,203169,281339,cudaLaunchKernel,attention|concat|copy|elementwise_binary|elementwise_other|elementwise_unary|gemv|reduce,57
react_tool,answer,mir_operator:decode_layer18,1848,decode_layer18,,3,1237921,1071654,1274078,202660,289740,cudaLaunchKernel,attention|concat|copy|elementwise_binary|elementwise_other|elementwise_unary|gemv|reduce,57
react_tool,answer,mir_operator:decode_layer19,1849,decode_layer19,,3,1213387,1085605,1290559,202946,291327,cudaLaunchKernel,attention|concat|copy|elementwise_binary|elementwise_other|elementwise_unary|gemv|reduce,57
react_tool,answer,mir_operator:decode_layer20,1850,decode_layer20,,3,1229356,1090383,1240630,202849,289151,cudaLaunchKernel,attention|concat|copy|elementwise_binary|elementwise_other|elementwise_unary|gemv|reduce,57
react_tool,answer,mir_operator:decode_layer21,1851,decode_layer21,,3,1214422,1082020,1232200,202787,292748,cudaLaunchKernel,attention|concat|copy|elementwise_binary|elementwise_other|elementwise_unary|gemv|reduce,57
react_tool,answer,mir_operator:decode_layer22,1852,decode_layer22,,3,1202769,1077657,1284164,202561,284642,cudaLaunchKernel,attention|concat|copy|elementwise_binary|elementwise_other|elementwise_unary|gemv|reduce,57
react_tool,answer,mir_operator:decode_layer23,1853,decode_layer23,,3,1218816,1074274,1279557,202561,286680,cudaLaunchKernel,attention|concat|copy|elementwise_binary|elementwise_other|elementwise_unary|gemv|reduce,57
react_tool,answer,mir_operator:decode_layer24,1854,decode_layer24,,3,1175939,1106357,1221031,202848,285432,cudaLaunchKernel,attention|concat|copy|elementwise_binary|elementwise_other|elementwise_unary|gemv|reduce,57
react_tool,answer,mir_operator:decode_layer25,1855,decode_layer25,,3,1133476,1127990,1219781,202914,277173,cudaLaunchKernel,attention|concat|copy|elementwise_binary|elementwise_other|elementwise_unary|gemv|reduce,57
react_tool,answer,mir_operator:decode_layer26,1856,decode_layer26,,3,1136975,1124525,1202323,203362,274391,cudaLaunchKernel,attention|concat|copy|elementwise_binary|elementwise_other|elementwise_unary|gemv|reduce,57
react_tool,answer,mir_operator:decode_layer27,1857,decode_layer27,,3,1136304,1100521,1218252,202338,268425,cudaLaunchKernel,attention|concat|copy|elementwise_binary|elementwise_other|elementwise_unary|gemv|reduce,57
react_tool,answer,mir_operator:decode_head,1858,decode_head,,3,235915,232408,245822,662532,47017,cudaLaunchKernel,copy|elementwise_binary|elementwise_unary|gemv|reduce,9
react_tool,answer,mir_operator:decode_sample,1859,decode_sample,,3,607103,605358,609485,7072,550037,cudaStreamSynchronize,memcpy|memset|reduce,1
react_tool,answer,mir_operator:decode_embed,1860,decode_embed,,3,58145,54412,60160,1856,12451,cudaLaunchKernel,other,1
react_tool,answer,mir_operator:decode_layer00,1861,decode_layer00,,3,1322113,1157440,1334472,203425,303771,cudaLaunchKernel,attention|concat|copy|elementwise_binary|elementwise_other|elementwise_unary|gemv|reduce,57
react_tool,answer,mir_operator:decode_layer01,1862,decode_layer01,,3,1205839,1104917,1425595,203041,284919,cudaLaunchKernel,attention|concat|copy|elementwise_binary|elementwise_other|elementwise_unary|gemv|reduce,57
react_tool,answer,mir_operator:decode_layer02,1863,decode_layer02,,3,1215833,1087025,1228410,202241,278778,cudaLaunchKernel,attention|concat|copy|elementwise_binary|elementwise_other|elementwise_unary|gemv|reduce,57
react_tool,answer,mir_operator:decode_layer03,1864,decode_layer03,,3,1213284,1085185,1230141,202881,281323,cudaLaunchKernel,attention|concat|copy|elementwise_binary|elementwise_other|elementwise_unary|gemv|reduce,57
react_tool,answer,mir_operator:decode_layer04,1865,decode_layer04,,3,1225326,1108452,1262434,202369,291671,cudaLaunchKernel,attention|concat|copy|elementwise_binary|elementwise_other|elementwise_unary|gemv|reduce,57
react_tool,answer,mir_operator:decode_layer05,1866,decode_layer05,,3,1200476,1112245,1203346,202722,281802,cudaLaunchKernel,attention|concat|copy|elementwise_binary|elementwise_other|elementwise_unary|gemv|reduce,57
react_tool,answer,mir_operator:decode_layer06,1867,decode_layer06,,3,1169554,1098197,1200251,203265,278127,cudaLaunchKernel,attention|concat|copy|elementwise_binary|elementwise_other|elementwise_unary|gemv|reduce,57
react_tool,answer,mir_operator:decode_layer07,1868,decode_layer07,,3,1130258,1081702,1202312,201793,262606,cudaLaunchKernel,attention|concat|copy|elementwise_binary|elementwise_other|elementwise_unary|gemv|reduce,57
react_tool,answer,mir_operator:decode_layer08,1869,decode_layer08,,3,1119075,1083809,1258621,202080,267227,cudaLaunchKernel,attention|concat|copy|elementwise_binary|elementwise_other|elementwise_unary|gemv|reduce,57
react_tool,answer,mir_operator:decode_layer09,1870,decode_layer09,,3,1113409,1091685,1226143,202593,265129,cudaLaunchKernel,attention|concat|copy|elementwise_binary|elementwise_other|elementwise_unary|gemv|reduce,57
react_tool,answer,mir_operator:decode_layer10,1871,decode_layer10,,3,1109297,1082531,1207032,202115,270903,cudaLaunchKernel,attention|concat|copy|elementwise_binary|elementwise_other|elementwise_unary|gemv|reduce,57
react_tool,answer,mir_operator:decode_layer11,1872,decode_layer11,,3,1093784,1082619,1204347,202368,266812,cudaLaunchKernel,attention|concat|copy|elementwise_binary|elementwise_other|elementwise_unary|gemv|reduce,57
react_tool,answer,mir_operator:decode_layer12,1873,decode_layer12,,3,1130177,1095378,1185904,202561,275387,cudaLaunchKernel,attention|concat|copy|elementwise_binary|elementwise_other|elementwise_unary|gemv|reduce,57
react_tool,answer,mir_operator:decode_layer13,1874,decode_layer13,,3,1188847,1131587,1207674,203104,277984,cudaLaunchKernel,attention|concat|copy|elementwise_binary|elementwise_other|elementwise_unary|gemv|reduce,57
react_tool,answer,mir_operator:decode_layer14,1875,decode_layer14,,3,1174081,1116264,1200961,202978,286370,cudaLaunchKernel,attention|concat|copy|elementwise_binary|elementwise_other|elementwise_unary|gemv|reduce,57
react_tool,answer,mir_operator:decode_layer15,1876,decode_layer15,,3,1133731,1128217,1174142,202755,269371,cudaLaunchKernel,attention|concat|copy|elementwise_binary|elementwise_other|elementwise_unary|gemv|reduce,57
react_tool,answer,mir_operator:decode_layer16,1877,decode_layer16,,3,1117834,1112437,1175300,202819,266288,cudaLaunchKernel,attention|concat|copy|elementwise_binary|elementwise_other|elementwise_unary|gemv|reduce,57
react_tool,answer,mir_operator:decode_layer17,1878,decode_layer17,,3,1176696,1112091,1185261,202272,275674,cudaLaunchKernel,attention|concat|copy|elementwise_binary|elementwise_other|elementwise_unary|gemv|reduce,57
react_tool,answer,mir_operator:decode_layer18,1879,decode_layer18,,3,1128435,1106988,1174996,202625,270572,cudaLaunchKernel,attention|concat|copy|elementwise_binary|elementwise_other|elementwise_unary|gemv|reduce,57
react_tool,answer,mir_operator:decode_layer19,1880,decode_layer19,,3,1116058,1088507,1172386,202369,270259,cudaLaunchKernel,attention|concat|copy|elementwise_binary|elementwise_other|elementwise_unary|gemv|reduce,57
react_tool,answer,mir_operator:decode_layer20,1881,decode_layer20,,3,1149780,1114457,1174822,203169,274123,cudaLaunchKernel,attention|concat|copy|elementwise_binary|elementwise_other|elementwise_unary|gemv|reduce,57
react_tool,answer,mir_operator:decode_layer21,1882,decode_layer21,,3,1109789,1095148,1210642,202721,268478,cudaLaunchKernel,attention|concat|copy|elementwise_binary|elementwise_other|elementwise_unary|gemv|reduce,57
react_tool,answer,mir_operator:decode_layer22,1883,decode_layer22,,3,1112554,1088076,1186509,203073,264053,cudaLaunchKernel,attention|concat|copy|elementwise_binary|elementwise_other|elementwise_unary|gemv|reduce,57
react_tool,answer,mir_operator:decode_layer23,1884,decode_layer23,,3,1110123,1097531,1170493,204771,265012,cudaLaunchKernel,attention|concat|copy|elementwise_binary|elementwise_other|elementwise_unary|gemv|reduce,57
react_tool,answer,mir_operator:decode_layer24,1885,decode_layer24,,3,1105759,1079481,1170934,202307,264674,cudaLaunchKernel,attention|concat|copy|elementwise_binary|elementwise_other|elementwise_unary|gemv|reduce,57
react_tool,answer,mir_operator:decode_layer25,1886,decode_layer25,,3,1121392,1082557,1177619,203042,265596,cudaLaunchKernel,attention|concat|copy|elementwise_binary|elementwise_other|elementwise_unary|gemv|reduce,57
react_tool,answer,mir_operator:decode_layer26,1887,decode_layer26,,3,1139707,1108254,1185409,202627,277151,cudaLaunchKernel,attention|concat|copy|elementwise_binary|elementwise_other|elementwise_unary|gemv|reduce,57
react_tool,answer,mir_operator:decode_layer27,1888,decode_layer27,,3,1154825,1072804,1169869,202658,271797,cudaLaunchKernel,attention|concat|copy|elementwise_binary|elementwise_other|elementwise_unary|gemv|reduce,57
react_tool,answer,mir_operator:decode_head,1889,decode_head,,3,235989,212380,240770,662371,46145,cudaLaunchKernel,copy|elementwise_binary|elementwise_unary|gemv|reduce,9
react_tool,answer,mir_operator:decode_sample,1890,decode_sample,,3,620207,611746,691037,7168,573902,cudaStreamSynchronize,memcpy|memset|reduce,1
react_tool,answer,mir_operator:decode_embed,1891,decode_embed,,3,57918,51581,59523,1856,12141,cudaLaunchKernel,other,1
react_tool,answer,mir_operator:decode_layer00,1892,decode_layer00,,3,1299265,1143933,1305527,203072,296576,cudaLaunchKernel,attention|concat|copy|elementwise_binary|elementwise_other|elementwise_unary|gemv|reduce,57
react_tool,answer,mir_operator:decode_layer01,1893,decode_layer01,,3,1218779,1214012,1234462,202497,282120,cudaLaunchKernel,attention|concat|copy|elementwise_binary|elementwise_other|elementwise_unary|gemv|reduce,57
react_tool,answer,mir_operator:decode_layer02,1894,decode_layer02,,3,1203385,1136872,1220565,202945,282363,cudaLaunchKernel,attention|concat|copy|elementwise_binary|elementwise_other|elementwise_unary|gemv|reduce,57
react_tool,answer,mir_operator:decode_layer03,1895,decode_layer03,,3,1194690,1161483,1221223,203266,282202,cudaLaunchKernel,attention|concat|copy|elementwise_binary|elementwise_other|elementwise_unary|gemv|reduce,57
react_tool,answer,mir_operator:decode_layer04,1896,decode_layer04,,3,1195231,1117244,1265074,202272,286104,cudaLaunchKernel,attention|concat|copy|elementwise_binary|elementwise_other|elementwise_unary|gemv|reduce,57
react_tool,answer,mir_operator:decode_layer05,1897,decode_layer05,,3,1177976,1119136,1227577,202753,272378,cudaLaunchKernel,attention|concat|copy|elementwise_binary|elementwise_other|elementwise_unary|gemv|reduce,57
react_tool,answer,mir_operator:decode_layer06,1898,decode_layer06,,3,1177142,1113636,1218895,202691,274607,cudaLaunchKernel,attention|concat|copy|elementwise_binary|elementwise_other|elementwise_unary|gemv|reduce,57
react_tool,answer,mir_operator:decode_layer07,1899,decode_layer07,,3,1166673,1112817,1220547,202240,281440,cudaLaunchKernel,attention|concat|copy|elementwise_binary|elementwise_other|elementwise_unary|gemv|reduce,57
react_tool,answer,mir_operator:decode_layer08,1900,decode_layer08,,3,1196240,1159293,1209368,203521,283024,cudaLaunchKernel,attention|concat|copy|elementwise_binary|elementwise_other|elementwise_unary|gemv|reduce,57
react_tool,answer,mir_operator:decode_layer09,1901,decode_layer09,,3,1217716,1215157,1225993,203104,280208,cudaLaunchKernel,attention|concat|copy|elementwise_binary|elementwise_other|elementwise_unary|gemv|reduce,57
react_tool,answer,mir_operator:decode_layer10,1902,decode_layer10,,3,1207312,1202471,1211194,202176,279214,cudaLaunchKernel,attention|concat|copy|elementwise_binary|elementwise_other|elementwise_unary|gemv|reduce,57
react_tool,answer,mir_operator:decode_layer11,1903,decode_layer11,,3,1206608,1196469,1240256,202785,283531,cudaLaunchKernel,attention|concat|copy|elementwise_binary|elementwise_other|elementwise_unary|gemv|reduce,57
react_tool,answer,mir_operator:decode_layer12,1904,decode_layer12,,3,1214784,1189259,1265070,203392,287846,cudaLaunchKernel,attention|concat|copy|elementwise_binary|elementwise_other|elementwise_unary|gemv|reduce,57
react_tool,answer,mir_operator:decode_layer13,1905,decode_layer13,,3,1218699,1172886,1222804,202913,282539,cudaLaunchKernel,attention|concat|copy|elementwise_binary|elementwise_other|elementwise_unary|gemv|reduce,57
react_tool,answer,mir_operator:decode_layer14,1906,decode_layer14,,3,1207871,1173293,1213863,202848,284287,cudaLaunchKernel,attention|concat|copy|elementwise_binary|elementwise_other|elementwise_unary|gemv|reduce,57
react_tool,answer,mir_operator:decode_layer15,1907,decode_layer15,,3,1223680,1174025,1249140,202752,287514,cudaLaunchKernel,attention|concat|copy|elementwise_binary|elementwise_other|elementwise_unary|gemv|reduce,57
react_tool,answer,mir_operator:decode_layer16,1908,decode_layer16,,3,1205498,1171105,1257490,202944,284049,cudaLaunchKernel,attention|concat|copy|elementwise_binary|elementwise_other|elementwise_unary|gemv|reduce,57
react_tool,answer,mir_operator:decode_layer17,1909,decode_layer17,,3,1218088,1212425,1298122,202596,288671,cudaLaunchKernel,attention|concat|copy|elementwise_binary|elementwise_other|elementwise_unary|gemv|reduce,57
react_tool,answer,mir_operator:decode_layer18,1910,decode_layer18,,3,1212553,1206055,1226177,202562,284946,cudaLaunchKernel,attention|concat|copy|elementwise_binary|elementwise_other|elementwise_unary|gemv|reduce,57
react_tool,answer,mir_operator:decode_layer19,1911,decode_layer19,,3,1193666,1154837,1203798,202625,278397,cudaLaunchKernel,attention|concat|copy|elementwise_binary|elementwise_other|elementwise_unary|gemv|reduce,57
react_tool,answer,mir_operator:decode_layer20,1912,decode_layer20,,3,1169860,1102199,1258746,202051,276535,cudaLaunchKernel,attention|concat|copy|elementwise_binary|elementwise_other|elementwise_unary|gemv|reduce,57
react_tool,answer,mir_operator:decode_layer21,1913,decode_layer21,,3,1172958,1112872,1218121,203072,277852,cudaLaunchKernel,attention|concat|copy|elementwise_binary|elementwise_other|elementwise_unary|gemv|reduce,57
react_tool,answer,mir_operator:decode_layer22,1914,decode_layer22,,3,1186719,1153242,1203777,202433,277400,cudaLaunchKernel,attention|concat|copy|elementwise_binary|elementwise_other|elementwise_unary|gemv|reduce,57
react_tool,answer,mir_operator:decode_layer23,1915,decode_layer23,,3,1177686,1106522,1179718,202689,281200,cudaLaunchKernel,attention|concat|copy|elementwise_binary|elementwise_other|elementwise_unary|gemv|reduce,57
react_tool,answer,mir_operator:decode_layer24,1916,decode_layer24,,3,1169998,1105772,1177181,203234,270113,cudaLaunchKernel,attention|concat|copy|elementwise_binary|elementwise_other|elementwise_unary|gemv|reduce,57
react_tool,answer,mir_operator:decode_layer25,1917,decode_layer25,,3,1175147,1117311,1202043,202498,274184,cudaLaunchKernel,attention|concat|copy|elementwise_binary|elementwise_other|elementwise_unary|gemv|reduce,57
react_tool,answer,mir_operator:decode_layer26,1918,decode_layer26,,3,1171546,1112032,1191236,202784,277539,cudaLaunchKernel,attention|concat|copy|elementwise_binary|elementwise_other|elementwise_unary|gemv|reduce,57
react_tool,answer,mir_operator:decode_layer27,1919,decode_layer27,,3,1150660,1106857,1176652,202209,269769,cudaLaunchKernel,attention|concat|copy|elementwise_binary|elementwise_other|elementwise_unary|gemv|reduce,57
react_tool,answer,mir_operator:decode_head,1920,decode_head,,3,232430,228974,236418,663492,44733,cudaLaunchKernel,copy|elementwise_binary|elementwise_unary|gemv|reduce,9
react_tool,answer,mir_operator:decode_sample,1921,decode_sample,,3,621596,619579,624826,7072,567674,cudaStreamSynchronize,memcpy|memset|reduce,1
react_tool,answer,mir_operator:decode_embed,1922,decode_embed,,3,53018,52831,56042,1888,11268,cudaLaunchKernel,other,1
react_tool,answer,mir_operator:decode_layer00,1923,decode_layer00,,3,1198796,1172053,1266680,203489,290671,cudaLaunchKernel,attention|concat|copy|elementwise_binary|elementwise_other|elementwise_unary|gemv|reduce,57
react_tool,answer,mir_operator:decode_layer01,1924,decode_layer01,,3,1126785,1118972,1197881,202658,269495,cudaLaunchKernel,attention|concat|copy|elementwise_binary|elementwise_other|elementwise_unary|gemv|reduce,57
react_tool,answer,mir_operator:decode_layer02,1925,decode_layer02,,3,1190293,1128638,1223864,202337,275744,cudaLaunchKernel,attention|concat|copy|elementwise_binary|elementwise_other|elementwise_unary|gemv|reduce,57
react_tool,answer,mir_operator:decode_layer03,1926,decode_layer03,,3,1205710,1132973,1214347,202721,282582,cudaLaunchKernel,attention|concat|copy|elementwise_binary|elementwise_other|elementwise_unary|gemv|reduce,57
react_tool,answer,mir_operator:decode_layer04,1927,decode_layer04,,3,1210719,1177669,1267122,202690,285554,cudaLaunchKernel,attention|concat|copy|elementwise_binary|elementwise_other|elementwise_unary|gemv|reduce,57
react_tool,answer,mir_operator:decode_layer05,1928,decode_layer05,,3,1216677,1173172,1218084,203168,280868,cudaLaunchKernel,attention|concat|copy|elementwise_binary|elementwise_other|elementwise_unary|gemv|reduce,57
react_tool,answer,mir_operator:decode_layer06,1929,decode_layer06,,3,1207012,1195101,1241848,203106,285822,cudaLaunchKernel,attention|concat|copy|elementwise_binary|elementwise_other|elementwise_unary|gemv|reduce,57
react_tool,answer,mir_operator:decode_layer07,1930,decode_layer07,,3,1208289,1206892,1273831,202305,287647,cudaLaunchKernel,attention|concat|copy|elementwise_binary|elementwise_other|elementwise_unary|gemv|reduce,57
react_tool,answer,mir_operator:decode_layer08,1931,decode_layer08,,3,1208594,1185382,1251886,202273,292744,cudaLaunchKernel,attention|concat|copy|elementwise_binary|elementwise_other|elementwise_unary|gemv|reduce,57
react_tool,answer,mir_operator:decode_layer09,1932,decode_layer09,,3,1210264,1173404,1214459,203137,282744,cudaLaunchKernel,attention|concat|copy|elementwise_binary|elementwise_other|elementwise_unary|gemv|reduce,57
react_tool,answer,mir_operator:decode_layer10,1933,decode_layer10,,3,1171854,1170157,1207265,203296,280640,cudaLaunchKernel,attention|concat|copy|elementwise_binary|elementwise_other|elementwise_unary|gemv|reduce,57
react_tool,answer,mir_operator:decode_layer11,1934,decode_layer11,,3,1191222,1161644,1205615,202147,281210,cudaLaunchKernel,attention|concat|copy|elementwise_binary|elementwise_other|elementwise_unary|gemv|reduce,57
react_tool,answer,mir_operator:decode_layer12,1935,decode_layer12,,3,1215494,1200834,1219483,202657,292969,cudaLaunchKernel,attention|concat|copy|elementwise_binary|elementwise_other|elementwise_unary|gemv|reduce,57
react_tool,answer,mir_operator:decode_layer13,1936,decode_layer13,,3,1215377,1170087,1435188,202977,285858,cudaLaunchKernel,attention|concat|copy|elementwise_binary|elementwise_other|elementwise_unary|gemv|reduce,57
react_tool,answer,mir_operator:decode_layer14,1937,decode_layer14,,3,1191775,1150582,1247126,202497,281144,cudaLaunchKernel,attention|concat|copy|elementwise_binary|elementwise_other|elementwise_unary|gemv|reduce,57
react_tool,answer,mir_operator:decode_layer15,1938,decode_layer15,,3,1201076,1114111,1858863,203456,285472,cudaLaunchKernel,attention|concat|copy|elementwise_binary|elementwise_other|elementwise_unary|gemv|reduce,57
react_tool,answer,mir_operator:decode_layer16,1939,decode_layer16,,3,1228918,1104747,1233776,202211,288800,cudaLaunchKernel,attention|concat|copy|elementwise_binary|elementwise_other|elementwise_unary|gemv|reduce,57
react_tool,answer,mir_operator:decode_layer17,1940,decode_layer17,,3,1212470,1111272,1222434,202787,280378,cudaLaunchKernel,attention|concat|copy|elementwise_binary|elementwise_other|elementwise_unary|gemv|reduce,57
react_tool,answer,mir_operator:decode_layer18,1941,decode_layer18,,3,1200232,1158012,1209489,202656,278152,cudaLaunchKernel,attention|concat|copy|elementwise_binary|elementwise_other|elementwise_unary|gemv|reduce,57
react_tool,answer,mir_operator:decode_layer19,1942,decode_layer19,,3,1219605,1201665,1240681,202784,288763,cudaLaunchKernel,attention|concat|copy|elementwise_binary|elementwise_other|elementwise_unary|gemv|reduce,57
react_tool,answer,mir_operator:decode_layer20,1943,decode_layer20,,3,1201457,1132189,1206839,203265,282904,cudaLaunchKernel,attention|concat|copy|elementwise_binary|elementwise_other|elementwise_unary|gemv|reduce,57
react_tool,answer,mir_operator:decode_layer21,1944,decode_layer21,,3,1206093,1145657,1242856,202912,285333,cudaLaunchKernel,attention|concat|copy|elementwise_binary|elementwise_other|elementwise_unary|gemv|reduce,57
react_tool,answer,mir_operator:decode_layer22,1945,decode_layer22,,3,1170921,1121426,1199110,202848,276626,cudaLaunchKernel,attention|concat|copy|elementwise_binary|elementwise_other|elementwise_unary|gemv|reduce,57
react_tool,answer,mir_operator:decode_layer23,1946,decode_layer23,,3,1197576,1113215,1394619,203010,279586,cudaLaunchKernel,attention|concat|copy|elementwise_binary|elementwise_other|elementwise_unary|gemv|reduce,57
react_tool,answer,mir_operator:decode_layer24,1947,decode_layer24,,3,1203832,1180560,1248427,203297,285421,cudaLaunchKernel,attention|concat|copy|elementwise_binary|elementwise_other|elementwise_unary|gemv|reduce,57
react_tool,answer,mir_operator:decode_layer25,1948,decode_layer25,,3,1219673,1201419,1225490,202625,287352,cudaLaunchKernel,attention|concat|copy|elementwise_binary|elementwise_other|elementwise_unary|gemv|reduce,57
react_tool,answer,mir_operator:decode_layer26,1949,decode_layer26,,3,1209453,1209153,1213164,202369,289634,cudaLaunchKernel,attention|concat|copy|elementwise_binary|elementwise_other|elementwise_unary|gemv|reduce,57
react_tool,answer,mir_operator:decode_layer27,1950,decode_layer27,,3,1219886,1215654,1224346,202305,289426,cudaLaunchKernel,attention|concat|copy|elementwise_binary|elementwise_other|elementwise_unary|gemv|reduce,57
react_tool,answer,mir_operator:decode_head,1951,decode_head,,3,248637,245808,272017,663268,49214,cudaLaunchKernel,copy|elementwise_binary|elementwise_unary|gemv|reduce,9
react_tool,answer,mir_operator:decode_sample,1952,decode_sample,,3,613024,606772,621045,7104,561012,cudaStreamSynchronize,memcpy|memset|reduce,1
react_tool,answer,mir_operator:decode_embed,1953,decode_embed,,3,58777,53326,72715,1888,12645,cudaLaunchKernel,other,1
react_tool,answer,mir_operator:decode_layer00,1954,decode_layer00,,3,1312248,1307484,1319440,203137,300844,cudaLaunchKernel,attention|concat|copy|elementwise_binary|elementwise_other|elementwise_unary|gemv|reduce,57
react_tool,answer,mir_operator:decode_layer01,1955,decode_layer01,,3,1231184,1201809,1301199,202338,291244,cudaLaunchKernel,attention|concat|copy|elementwise_binary|elementwise_other|elementwise_unary|gemv|reduce,57
react_tool,answer,mir_operator:decode_layer02,1956,decode_layer02,,3,1218737,1145253,1251585,203107,284772,cudaLaunchKernel,attention|concat|copy|elementwise_binary|elementwise_other|elementwise_unary|gemv|reduce,57
react_tool,answer,mir_operator:decode_layer03,1957,decode_layer03,,3,1232811,1095123,1247439,204545,291500,cudaLaunchKernel,attention|concat|copy|elementwise_binary|elementwise_other|elementwise_unary|gemv|reduce,57
react_tool,answer,mir_operator:decode_layer04,1958,decode_layer04,,3,1211440,1105480,1229813,202785,284694,cudaLaunchKernel,attention|concat|copy|elementwise_binary|elementwise_other|elementwise_unary|gemv|reduce,57
react_tool,answer,mir_operator:decode_layer05,1959,decode_layer05,,3,1183904,1105758,1184699,203328,275851,cudaLaunchKernel,attention|concat|copy|elementwise_binary|elementwise_other|elementwise_unary|gemv|reduce,57
react_tool,answer,mir_operator:decode_layer06,1960,decode_layer06,,3,1169902,1108862,1210807,203361,285540,cudaLaunchKernel,attention|concat|copy|elementwise_binary|elementwise_other|elementwise_unary|gemv|reduce,57
react_tool,answer,mir_operator:decode_layer07,1961,decode_layer07,,3,1202905,1110990,1209643,203137,279526,cudaLaunchKernel,attention|concat|copy|elementwise_binary|elementwise_other|elementwise_unary|gemv|reduce,57
react_tool,answer,mir_operator:decode_layer08,1962,decode_layer08,,3,1213565,1132869,1234151,202049,284071,cudaLaunchKernel,attention|concat|copy|elementwise_binary|elementwise_other|elementwise_unary|gemv|reduce,57
react_tool,answer,mir_operator:decode_layer09,1963,decode_layer09,,3,1183071,1147501,1248836,203232,280841,cudaLaunchKernel,attention|concat|copy|elementwise_binary|elementwise_other|elementwise_unary|gemv|reduce,57
react_tool,answer,mir_operator:decode_layer10,1964,decode_layer10,,3,1178157,1176704,1212395,202338,282411,cudaLaunchKernel,attention|concat|copy|elementwise_binary|elementwise_other|elementwise_unary|gemv|reduce,57
react_tool,answer,mir_operator:decode_layer11,1965,decode_layer11,,3,1174309,1137782,1206609,202784,278617,cudaLaunchKernel,attention|concat|copy|elementwise_binary|elementwise_other|elementwise_unary|gemv|reduce,57
react_tool,answer,mir_operator:decode_layer12,1966,decode_layer12,,3,1132510,1106546,1216940,203489,267512,cudaLaunchKernel,attention|concat|copy|elementwise_binary|elementwise_other|elementwise_unary|gemv|reduce,57
react_tool,answer,mir_operator:decode_layer13,1967,decode_layer13,,3,1115286,1101726,1224059,202464,268090,cudaLaunchKernel,attention|concat|copy|elementwise_binary|elementwise_other|elementwise_unary|gemv|reduce,57
react_tool,answer,mir_operator:decode_layer14,1968,decode_layer14,,3,1109304,1107452,1208490,203296,265777,cudaLaunchKernel,attention|concat|copy|elementwise_binary|elementwise_other|elementwise_unary|gemv|reduce,57
react_tool,answer,mir_operator:decode_layer15,1969,decode_layer15,,3,1110608,1109136,1205072,203330,269103,cudaLaunchKernel,attention|concat|copy|elementwise_binary|elementwise_other|elementwise_unary|gemv|reduce,57
react_tool,answer,mir_operator:decode_layer16,1970,decode_layer16,,3,1164049,1122846,1230177,202817,272862,cudaLaunchKernel,attention|concat|copy|elementwise_binary|elementwise_other|elementwise_unary|gemv|reduce,57
react_tool,answer,mir_operator:decode_layer17,1971,decode_layer17,,3,1254822,1110845,1840935,254434,283545,cudaLaunchKernel,attention|concat|copy|elementwise_binary|elementwise_other|elementwise_unary|gemv|reduce,57
react_tool,answer,mir_operator:decode_layer18,1972,decode_layer18,,3,1217615,1086456,1285509,202915,288180,cudaLaunchKernel,attention|concat|copy|elementwise_binary|elementwise_other|elementwise_unary|gemv|reduce,57
react_tool,answer,mir_operator:decode_layer19,1973,decode_layer19,,3,1209865,1080638,1290525,202305,292895,cudaLaunchKernel,attention|concat|copy|elementwise_binary|elementwise_other|elementwise_unary|gemv|reduce,57
react_tool,answer,mir_operator:decode_layer20,1974,decode_layer20,,3,1204797,1069304,1254337,203360,282742,cudaLaunchKernel,attention|concat|copy|elementwise_binary|elementwise_other|elementwise_unary|gemv|reduce,57
react_tool,answer,mir_operator:decode_layer21,1975,decode_layer21,,3,1225169,1073428,1518691,203297,290442,cudaLaunchKernel,attention|concat|copy|elementwise_binary|elementwise_other|elementwise_unary|gemv|reduce,57
react_tool,answer,mir_operator:decode_layer22,1976,decode_layer22,,3,1220240,1056411,1347432,202626,288307,cudaLaunchKernel,attention|concat|copy|elementwise_binary|elementwise_other|elementwise_unary|gemv|reduce,57
react_tool,answer,mir_operator:decode_layer23,1977,decode_layer23,,3,1216180,1048508,1224261,202657,284452,cudaLaunchKernel,attention|concat|copy|elementwise_binary|elementwise_other|elementwise_unary|gemv|reduce,57
react_tool,answer,mir_operator:decode_layer24,1978,decode_layer24,,3,1224345,1041220,1229010,203425,285370,cudaLaunchKernel,attention|concat|copy|elementwise_binary|elementwise_other|elementwise_unary|gemv|reduce,57
react_tool,answer,mir_operator:decode_layer25,1979,decode_layer25,,3,1219133,1043808,1279937,203232,282685,cudaLaunchKernel,attention|concat|copy|elementwise_binary|elementwise_other|elementwise_unary|gemv|reduce,57
react_tool,answer,mir_operator:decode_layer26,1980,decode_layer26,,3,1216808,1139958,1230544,203298,280896,cudaLaunchKernel,attention|concat|copy|elementwise_binary|elementwise_other|elementwise_unary|gemv|reduce,57
react_tool,answer,mir_operator:decode_layer27,1981,decode_layer27,,3,1218603,1155340,1243398,203329,282375,cudaLaunchKernel,attention|concat|copy|elementwise_binary|elementwise_other|elementwise_unary|gemv|reduce,57
react_tool,answer,mir_operator:decode_head,1982,decode_head,,3,243930,233655,247974,662531,45609,cudaLaunchKernel,copy|elementwise_binary|elementwise_unary|gemv|reduce,9
react_tool,answer,mir_operator:decode_sample,1983,decode_sample,,3,611601,608639,621487,7168,550629,cudaStreamSynchronize,memcpy|memset|reduce,1
react_tool,answer,pre_d2h_alloc,,,,3,308288,265612,2959685,736,25954,cudaMemcpyAsync,memcpy,0
react_tool,answer,d2h_stage,,,,3,139415,129192,146052,864,39030,cudaEventRecordWithFlags,memcpy,0
react_tool,answer,checksum_complete,,,,3,50670,49659,51760,0,3249,cudaEventDestroy,,0
react_tool,,dag_schedule_gap,,,,9,73142,16182,848349,0,0,,,0
react_tool,,iteration_tail_sync,,,,3,118010,110430,118253,0,13672,cudaDeviceSynchronize,,0
