workload,phase,iteration,call_id,op_index,op_type,engine,attribution_basis,nvtx_cpu_ns,nvtx_start,gpu_work_ns,kernel_ns,memcpy_memset_ns,kernel_count,memcpy_memset_count,launch_to_gpu_start_ns,gpu_span_ns,kernel_families,kernel_names
planner_debate_L,measured,0,planner-seed,,call_overhead,,gap_before_operator,,,1085242,38878,1046364,2,1,28123,1287828,elementwise_binary|memcpy|rng_init,"memcpy_Host-to-Device|void at::native::<unnamed>::distribution_elementwise_grid_stride_kernel<float, (|void at::native::vectorized_elementwise_kernel<(int)8, at::native::BUnaryFunctor"
planner_debate_L,measured,0,critic-a,,call_overhead,,gap_before_operator,,,2511499,52094,2459405,2,2,19903,120949027,elementwise_binary|memcpy|rng_init,"memcpy_Device-to-Host|memcpy_Host-to-Device|void at::native::<unnamed>::distribution_elementwise_grid_stride_kernel<float, (|void at::native::vectorized_elementwise_kernel<(int)8, at::native::BUnaryFunctor"
planner_debate_L,measured,0,critic-b,,call_overhead,,gap_before_operator,,,3389325,53214,3336111,2,2,20686,121190682,elementwise_binary|memcpy|rng_init,"memcpy_Device-to-Host|memcpy_Host-to-Device|void at::native::<unnamed>::distribution_elementwise_grid_stride_kernel<float, (|void at::native::vectorized_elementwise_kernel<(int)8, at::native::BUnaryFunctor"
planner_debate_L,measured,0,critic-merge,,call_overhead,,gap_before_operator,,,2872352,53919,2818433,2,2,21518,121524528,elementwise_binary|memcpy|rng_init,"memcpy_Device-to-Host|memcpy_Host-to-Device|void at::native::<unnamed>::distribution_elementwise_grid_stride_kernel<float, (|void at::native::vectorized_elementwise_kernel<(int)8, at::native::BUnaryFunctor"
planner_debate_L,measured,0,planner-final,,call_overhead,,gap_before_operator,,,3666469,40031,3626438,2,3,20790,181817975,elementwise_binary|memcpy|rng_init,"memcpy_Device-to-Host|memcpy_Host-to-Device|void at::native::<unnamed>::distribution_elementwise_grid_stride_kernel<float, (|void at::native::vectorized_elementwise_kernel<(int)8, at::native::BUnaryFunctor"
planner_debate_L,measured,0,planner-seed,6,RMSNormOp,ve,nvtx_operator_range,9806013,6501859790,9544603,9544603,0,224,0,9151,9689208,copy|elementwise_binary|elementwise_unary|reduce,"void at::native::unrolled_elementwise_kernel<at::native::direct_copy_kernel_cuda|void at::native::vectorized_elementwise_kernel<(int)4, void at::native::<unnamed|void at::native::reduce_kernel<(int)512, (int)1, at::native::ReduceOp<float, at:|void at::native::vectorized_elementwise_kernel<(int)4, at::native::CUDAFunctorOn|void at::native::vectorized_elementwise_kernel<(int)4, at::native::rsqrt_kernel_|void at::native::elementwise_kernel<(int)128, (int)2, void at::native::gpu_kerne|void at::native::vectorized_elementwise_kernel<(int)8, at::native::float16_copy_"
planner_debate_L,measured,0,planner-seed,7,AddOp,ve,nvtx_operator_range,604493,6511683207,431730,431730,0,32,0,11936,496783,elementwise_binary,"void at::native::vectorized_elementwise_kernel<(int)8, at::native::CUDAFunctorOn"
planner_debate_L,measured,0,planner-seed,8,RMSNormOp,ve,nvtx_operator_range,9228628,6512296483,9005296,9005296,0,224,0,8188,9147978,copy|elementwise_binary|elementwise_unary|reduce,"void at::native::unrolled_elementwise_kernel<at::native::direct_copy_kernel_cuda|void at::native::vectorized_elementwise_kernel<(int)4, void at::native::<unnamed|void at::native::reduce_kernel<(int)512, (int)1, at::native::ReduceOp<float, at:|void at::native::vectorized_elementwise_kernel<(int)4, at::native::CUDAFunctorOn|void at::native::vectorized_elementwise_kernel<(int)4, at::native::rsqrt_kernel_|void at::native::elementwise_kernel<(int)128, (int)2, void at::native::gpu_kerne|void at::native::vectorized_elementwise_kernel<(int)8, at::native::float16_copy_"
planner_debate_L,measured,0,planner-seed,10,LinearOp,me,nvtx_operator_range,20150631,6521537485,19861279,19861279,0,32,0,135583,19881119,gemm,void cutlass::Kernel2<cutlass_80_tensorop_f16_s16816gemm_relu_f16_64x64_32x6_nn_
planner_debate_L,measured,0,planner-seed,11,LinearOp,me,nvtx_operator_range,20156089,6541696816,20063450,20063450,0,32,0,7261,20083960,gemm,void cutlass::Kernel2<cutlass_80_tensorop_f16_s16816gemm_relu_f16_64x64_32x6_nn_
planner_debate_L,measured,0,planner-seed,12,LinearOp,me,nvtx_operator_range,20923421,6561867377,20828673,20828673,0,32,0,7647,20850335,gemm,void cutlass::Kernel2<cutlass_80_tensorop_f16_s16816gemm_relu_f16_64x64_32x6_nn_
planner_debate_L,measured,0,planner-seed,13,ViewOp,de,nvtx_operator_range,150221,6582805022,0,0,0,0,0,,,,
planner_debate_L,measured,0,planner-seed,14,TransposeOp,de,nvtx_operator_range,5872010,6582962292,5755100,5755100,0,32,0,10057,5776700,copy,"void at::native::elementwise_kernel<(int)128, (int)4, void at::native::gpu_kerne"
planner_debate_L,measured,0,critic-a,6,RMSNormOp,ve,nvtx_operator_range,16534708,6709824649,16255675,16255675,0,224,0,10138,16399221,copy|elementwise_binary|elementwise_unary|reduce,"void at::native::unrolled_elementwise_kernel<at::native::direct_copy_kernel_cuda|void at::native::vectorized_elementwise_kernel<(int)4, void at::native::<unnamed|void at::native::reduce_kernel<(int)512, (int)1, at::native::ReduceOp<float, at:|void at::native::vectorized_elementwise_kernel<(int)4, at::native::CUDAFunctorOn|void at::native::vectorized_elementwise_kernel<(int)4, at::native::rsqrt_kernel_|void at::native::elementwise_kernel<(int)128, (int)2, void at::native::gpu_kerne|void at::native::vectorized_elementwise_kernel<(int)8, at::native::float16_copy_"
planner_debate_L,measured,0,critic-a,7,AddOp,ve,nvtx_operator_range,778489,6726379472,643177,643177,0,32,0,16281,663241,elementwise_binary,"void at::native::vectorized_elementwise_kernel<(int)8, at::native::CUDAFunctorOn"
planner_debate_L,measured,0,critic-a,8,RMSNormOp,ve,nvtx_operator_range,15993613,6727165740,15774185,15774185,0,224,0,9177,15916134,copy|elementwise_binary|elementwise_unary|reduce,"void at::native::unrolled_elementwise_kernel<at::native::direct_copy_kernel_cuda|void at::native::vectorized_elementwise_kernel<(int)4, void at::native::<unnamed|void at::native::reduce_kernel<(int)512, (int)1, at::native::ReduceOp<float, at:|void at::native::vectorized_elementwise_kernel<(int)4, at::native::CUDAFunctorOn|void at::native::vectorized_elementwise_kernel<(int)4, at::native::rsqrt_kernel_|void at::native::elementwise_kernel<(int)128, (int)2, void at::native::gpu_kerne|void at::native::vectorized_elementwise_kernel<(int)8, at::native::float16_copy_"
planner_debate_L,measured,0,critic-a,10,LinearOp,me,nvtx_operator_range,26334945,6743169007,26125418,26086060,39358,32,32,22124,26195337,gemm|memset,memset|ampere_fp16_s1688gemm_fp16_128x128_ldg8_f2f_stages_32x1_nn
planner_debate_L,measured,0,critic-a,11,LinearOp,me,nvtx_operator_range,26682712,6769519058,26542846,26499999,42847,32,32,6791,26608156,gemm|memset,memset|ampere_fp16_s1688gemm_fp16_128x128_ldg8_f2f_stages_32x1_nn
planner_debate_L,measured,0,critic-a,12,LinearOp,me,nvtx_operator_range,27031236,6796215022,26873971,26833236,40735,32,32,6236,26934864,gemm|memset,memset|ampere_fp16_s1688gemm_fp16_128x128_ldg8_f2f_stages_32x1_nn
planner_debate_L,measured,0,critic-a,13,ViewOp,de,nvtx_operator_range,204753,6823412102,0,0,0,0,0,,,,
planner_debate_L,measured,0,critic-a,14,TransposeOp,de,nvtx_operator_range,7314199,6823622818,7167406,7167406,0,32,0,17218,7188205,copy,"void at::native::elementwise_kernel<(int)128, (int)4, void at::native::gpu_kerne"
planner_debate_L,measured,0,critic-b,6,RMSNormOp,ve,nvtx_operator_range,16080551,6952179305,15806281,15806281,0,224,0,10944,15949412,copy|elementwise_binary|elementwise_unary|reduce,"void at::native::unrolled_elementwise_kernel<at::native::direct_copy_kernel_cuda|void at::native::vectorized_elementwise_kernel<(int)4, void at::native::<unnamed|void at::native::reduce_kernel<(int)512, (int)1, at::native::ReduceOp<float, at:|void at::native::vectorized_elementwise_kernel<(int)4, at::native::CUDAFunctorOn|void at::native::vectorized_elementwise_kernel<(int)4, at::native::rsqrt_kernel_|void at::native::elementwise_kernel<(int)128, (int)2, void at::native::gpu_kerne|void at::native::vectorized_elementwise_kernel<(int)8, at::native::float16_copy_"
planner_debate_L,measured,0,critic-b,7,AddOp,ve,nvtx_operator_range,878770,6968275902,781957,781957,0,32,0,9461,801637,elementwise_binary,"void at::native::vectorized_elementwise_kernel<(int)8, at::native::CUDAFunctorOn"
planner_debate_L,measured,0,critic-b,8,RMSNormOp,ve,nvtx_operator_range,16152545,6969161923,15865833,15865833,0,224,0,86286,16007555,copy|elementwise_binary|elementwise_unary|reduce,"void at::native::unrolled_elementwise_kernel<at::native::direct_copy_kernel_cuda|void at::native::vectorized_elementwise_kernel<(int)4, void at::native::<unnamed|void at::native::reduce_kernel<(int)512, (int)1, at::native::ReduceOp<float, at:|void at::native::vectorized_elementwise_kernel<(int)4, at::native::CUDAFunctorOn|void at::native::vectorized_elementwise_kernel<(int)4, at::native::rsqrt_kernel_|void at::native::elementwise_kernel<(int)128, (int)2, void at::native::gpu_kerne|void at::native::vectorized_elementwise_kernel<(int)8, at::native::float16_copy_"
planner_debate_L,measured,0,critic-b,10,LinearOp,me,nvtx_operator_range,25994923,6985324005,25736729,25694458,42271,32,32,29250,25796855,gemm|memset,memset|ampere_fp16_s1688gemm_fp16_128x128_ldg8_f2f_stages_32x1_nn
planner_debate_L,measured,0,critic-b,11,LinearOp,me,nvtx_operator_range,26429912,7011355232,26188968,26147528,41440,32,32,13419,26266055,gemm|memset,memset|ampere_fp16_s1688gemm_fp16_128x128_ldg8_f2f_stages_32x1_nn
planner_debate_L,measured,0,critic-b,12,LinearOp,me,nvtx_operator_range,26040530,7037802546,25904692,25867093,37599,32,32,7153,25963985,gemm|memset,memset|ampere_fp16_s1688gemm_fp16_128x128_ldg8_f2f_stages_32x1_nn
planner_debate_L,measured,0,critic-b,13,ViewOp,de,nvtx_operator_range,166922,7063862839,0,0,0,0,0,,,,
planner_debate_L,measured,0,critic-b,14,TransposeOp,de,nvtx_operator_range,7496768,7064038190,7353546,7353546,0,32,0,14268,7373671,copy,"void at::native::elementwise_kernel<(int)128, (int)4, void at::native::gpu_kerne"
planner_debate_L,measured,0,critic-merge,6,RMSNormOp,ve,nvtx_operator_range,16506530,7193109149,16211294,16211294,0,224,0,10318,16355831,copy|elementwise_binary|elementwise_unary|reduce,"void at::native::unrolled_elementwise_kernel<at::native::direct_copy_kernel_cuda|void at::native::vectorized_elementwise_kernel<(int)4, void at::native::<unnamed|void at::native::reduce_kernel<(int)512, (int)1, at::native::ReduceOp<float, at:|void at::native::vectorized_elementwise_kernel<(int)4, at::native::CUDAFunctorOn|void at::native::vectorized_elementwise_kernel<(int)4, at::native::rsqrt_kernel_|void at::native::elementwise_kernel<(int)128, (int)2, void at::native::gpu_kerne|void at::native::vectorized_elementwise_kernel<(int)8, at::native::float16_copy_"
planner_debate_L,measured,0,critic-merge,7,AddOp,ve,nvtx_operator_range,764294,7209639719,644362,644362,0,32,0,12603,664330,elementwise_binary,"void at::native::vectorized_elementwise_kernel<(int)8, at::native::CUDAFunctorOn"
planner_debate_L,measured,0,critic-merge,8,RMSNormOp,ve,nvtx_operator_range,16454060,7210412806,16231386,16231386,0,224,0,8264,16374998,copy|elementwise_binary|elementwise_unary|reduce,"void at::native::unrolled_elementwise_kernel<at::native::direct_copy_kernel_cuda|void at::native::vectorized_elementwise_kernel<(int)4, void at::native::<unnamed|void at::native::reduce_kernel<(int)512, (int)1, at::native::ReduceOp<float, at:|void at::native::vectorized_elementwise_kernel<(int)4, at::native::CUDAFunctorOn|void at::native::vectorized_elementwise_kernel<(int)4, at::native::rsqrt_kernel_|void at::native::elementwise_kernel<(int)128, (int)2, void at::native::gpu_kerne|void at::native::vectorized_elementwise_kernel<(int)8, at::native::float16_copy_"
planner_debate_L,measured,0,critic-merge,10,LinearOp,me,nvtx_operator_range,26375400,7226884053,26109101,26067056,42045,32,32,22464,26182922,gemm|memset,memset|ampere_fp16_s1688gemm_fp16_128x128_ldg8_f2f_stages_32x1_nn
planner_debate_L,measured,0,critic-merge,11,LinearOp,me,nvtx_operator_range,26816380,7253281754,26626683,26587422,39261,32,32,10801,26691832,gemm|memset,memset|ampere_fp16_s1688gemm_fp16_128x128_ldg8_f2f_stages_32x1_nn
planner_debate_L,measured,0,critic-merge,12,LinearOp,me,nvtx_operator_range,27482004,7280123009,27282757,27243238,39519,32,32,10656,27350402,gemm|memset,memset|ampere_fp16_s1688gemm_fp16_128x128_ldg8_f2f_stages_32x1_nn
planner_debate_L,measured,0,critic-merge,13,ViewOp,de,nvtx_operator_range,181109,7307629778,0,0,0,0,0,,,,
planner_debate_L,measured,0,critic-merge,14,TransposeOp,de,nvtx_operator_range,7275314,7307816557,7130350,7130350,0,32,0,14568,7151310,copy,"void at::native::elementwise_kernel<(int)128, (int)4, void at::native::gpu_kerne"
planner_debate_L,measured,0,planner-final,6,RMSNormOp,ve,nvtx_operator_range,9444988,7409270454,9158759,9158759,0,224,0,9933,9301797,copy|elementwise_binary|elementwise_unary|reduce,"void at::native::unrolled_elementwise_kernel<at::native::direct_copy_kernel_cuda|void at::native::vectorized_elementwise_kernel<(int)4, void at::native::<unnamed|void at::native::reduce_kernel<(int)512, (int)1, at::native::ReduceOp<float, at:|void at::native::vectorized_elementwise_kernel<(int)4, at::native::CUDAFunctorOn|void at::native::vectorized_elementwise_kernel<(int)4, at::native::rsqrt_kernel_|void at::native::elementwise_kernel<(int)128, (int)2, void at::native::gpu_kerne|void at::native::vectorized_elementwise_kernel<(int)8, at::native::float16_copy_"
planner_debate_L,measured,0,planner-final,7,AddOp,ve,nvtx_operator_range,662624,7418733549,444177,444177,0,32,0,128623,463600,elementwise_binary,"void at::native::vectorized_elementwise_kernel<(int)8, at::native::CUDAFunctorOn"
planner_debate_L,measured,0,planner-final,8,RMSNormOp,ve,nvtx_operator_range,9187620,7419403881,8973648,8973648,0,224,0,7275,9115499,copy|elementwise_binary|elementwise_unary|reduce,"void at::native::unrolled_elementwise_kernel<at::native::direct_copy_kernel_cuda|void at::native::vectorized_elementwise_kernel<(int)4, void at::native::<unnamed|void at::native::reduce_kernel<(int)512, (int)1, at::native::ReduceOp<float, at:|void at::native::vectorized_elementwise_kernel<(int)4, at::native::CUDAFunctorOn|void at::native::vectorized_elementwise_kernel<(int)4, at::native::rsqrt_kernel_|void at::native::elementwise_kernel<(int)128, (int)2, void at::native::gpu_kerne|void at::native::vectorized_elementwise_kernel<(int)8, at::native::float16_copy_"
planner_debate_L,measured,0,planner-final,10,LinearOp,me,nvtx_operator_range,20064434,7428602511,19867263,19867263,0,32,0,11656,19886847,gemm,void cutlass::Kernel2<cutlass_80_tensorop_f16_s16816gemm_relu_f16_64x64_32x6_nn_
planner_debate_L,measured,0,planner-final,11,LinearOp,me,nvtx_operator_range,20081154,7448676294,19984539,19984539,0,32,0,7703,20005147,gemm,void cutlass::Kernel2<cutlass_80_tensorop_f16_s16816gemm_relu_f16_64x64_32x6_nn_
planner_debate_L,measured,0,planner-final,12,LinearOp,me,nvtx_operator_range,20919956,7468776475,20755936,20755936,0,32,0,41112,20777504,gemm,void cutlass::Kernel2<cutlass_80_tensorop_f16_s16816gemm_relu_f16_64x64_32x6_nn_
planner_debate_L,measured,0,planner-final,13,ViewOp,de,nvtx_operator_range,167822,7489711548,0,0,0,0,0,,,,
planner_debate_L,measured,0,planner-final,14,TransposeOp,de,nvtx_operator_range,5892015,7489884718,5736798,5736798,0,32,0,12672,5758269,copy,"void at::native::elementwise_kernel<(int)128, (int)4, void at::native::gpu_kerne"
planner_debate_L,measured,1,planner-seed,,call_overhead,,gap_before_operator,,,1127257,39134,1088123,2,1,24875,1533100,elementwise_binary|memcpy|rng_init,"memcpy_Host-to-Device|void at::native::<unnamed>::distribution_elementwise_grid_stride_kernel<float, (|void at::native::vectorized_elementwise_kernel<(int)8, at::native::BUnaryFunctor"
planner_debate_L,measured,1,critic-a,,call_overhead,,gap_before_operator,,,2604968,53246,2551722,2,2,20373,121768551,elementwise_binary|memcpy|rng_init,"memcpy_Device-to-Host|memcpy_Host-to-Device|void at::native::<unnamed>::distribution_elementwise_grid_stride_kernel<float, (|void at::native::vectorized_elementwise_kernel<(int)8, at::native::BUnaryFunctor"
planner_debate_L,measured,1,critic-b,,call_overhead,,gap_before_operator,,,2841024,53662,2787362,2,2,20106,119066999,elementwise_binary|memcpy|rng_init,"memcpy_Device-to-Host|memcpy_Host-to-Device|void at::native::<unnamed>::distribution_elementwise_grid_stride_kernel<float, (|void at::native::vectorized_elementwise_kernel<(int)8, at::native::BUnaryFunctor"
planner_debate_L,measured,1,critic-merge,,call_overhead,,gap_before_operator,,,2875360,52894,2822466,2,2,18851,118833376,elementwise_binary|memcpy|rng_init,"memcpy_Device-to-Host|memcpy_Host-to-Device|void at::native::<unnamed>::distribution_elementwise_grid_stride_kernel<float, (|void at::native::vectorized_elementwise_kernel<(int)8, at::native::BUnaryFunctor"
planner_debate_L,measured,1,planner-final,,call_overhead,,gap_before_operator,,,3694531,40446,3654085,2,3,29520,177631012,elementwise_binary|memcpy|rng_init,"memcpy_Device-to-Host|memcpy_Host-to-Device|void at::native::<unnamed>::distribution_elementwise_grid_stride_kernel<float, (|void at::native::vectorized_elementwise_kernel<(int)8, at::native::BUnaryFunctor"
planner_debate_L,measured,1,planner-seed,6,RMSNormOp,ve,nvtx_operator_range,9478206,7592088096,9135500,9135500,0,224,0,14892,9277318,copy|elementwise_binary|elementwise_unary|reduce,"void at::native::unrolled_elementwise_kernel<at::native::direct_copy_kernel_cuda|void at::native::vectorized_elementwise_kernel<(int)4, void at::native::<unnamed|void at::native::reduce_kernel<(int)512, (int)1, at::native::ReduceOp<float, at:|void at::native::vectorized_elementwise_kernel<(int)4, at::native::CUDAFunctorOn|void at::native::vectorized_elementwise_kernel<(int)4, at::native::rsqrt_kernel_|void at::native::elementwise_kernel<(int)128, (int)2, void at::native::gpu_kerne|void at::native::vectorized_elementwise_kernel<(int)8, at::native::float16_copy_"
planner_debate_L,measured,1,planner-seed,7,AddOp,ve,nvtx_operator_range,611112,7601608042,443600,443600,0,32,0,55357,463664,elementwise_binary,"void at::native::vectorized_elementwise_kernel<(int)8, at::native::CUDAFunctorOn"
planner_debate_L,measured,1,planner-seed,8,RMSNormOp,ve,nvtx_operator_range,9208799,7602239301,8968946,8968946,0,224,0,9285,9110956,copy|elementwise_binary|elementwise_unary|reduce,"void at::native::unrolled_elementwise_kernel<at::native::direct_copy_kernel_cuda|void at::native::vectorized_elementwise_kernel<(int)4, void at::native::<unnamed|void at::native::reduce_kernel<(int)512, (int)1, at::native::ReduceOp<float, at:|void at::native::vectorized_elementwise_kernel<(int)4, at::native::CUDAFunctorOn|void at::native::vectorized_elementwise_kernel<(int)4, at::native::rsqrt_kernel_|void at::native::elementwise_kernel<(int)128, (int)2, void at::native::gpu_kerne|void at::native::vectorized_elementwise_kernel<(int)8, at::native::float16_copy_"
planner_debate_L,measured,1,planner-seed,10,LinearOp,me,nvtx_operator_range,20077935,7611464979,19876960,19876960,0,32,0,11613,19897023,gemm,void cutlass::Kernel2<cutlass_80_tensorop_f16_s16816gemm_relu_f16_64x64_32x6_nn_
planner_debate_L,measured,1,planner-seed,11,LinearOp,me,nvtx_operator_range,20462926,7631572849,20352977,20352977,0,32,0,8908,20373742,gemm,void cutlass::Kernel2<cutlass_80_tensorop_f16_s16816gemm_relu_f16_64x64_32x6_nn_
planner_debate_L,measured,1,planner-seed,12,LinearOp,me,nvtx_operator_range,20559172,7652053477,20436396,20436396,0,32,0,8175,20457356,gemm,void cutlass::Kernel2<cutlass_80_tensorop_f16_s16816gemm_relu_f16_64x64_32x6_nn_
planner_debate_L,measured,1,planner-seed,13,ViewOp,de,nvtx_operator_range,183924,7672630150,0,0,0,0,0,,,,
planner_debate_L,measured,1,planner-seed,14,TransposeOp,de,nvtx_operator_range,5807595,7672820159,5651104,5651104,0,32,0,12201,5672512,copy,"void at::native::elementwise_kernel<(int)128, (int)4, void at::native::gpu_kerne"
planner_debate_L,measured,1,critic-a,6,RMSNormOp,ve,nvtx_operator_range,16141693,7800437394,15840520,15840520,0,224,0,11151,15981892,copy|elementwise_binary|elementwise_unary|reduce,"void at::native::unrolled_elementwise_kernel<at::native::direct_copy_kernel_cuda|void at::native::vectorized_elementwise_kernel<(int)4, void at::native::<unnamed|void at::native::reduce_kernel<(int)512, (int)1, at::native::ReduceOp<float, at:|void at::native::vectorized_elementwise_kernel<(int)4, at::native::CUDAFunctorOn|void at::native::vectorized_elementwise_kernel<(int)4, at::native::rsqrt_kernel_|void at::native::elementwise_kernel<(int)128, (int)2, void at::native::gpu_kerne|void at::native::vectorized_elementwise_kernel<(int)8, at::native::float16_copy_"
planner_debate_L,measured,1,critic-a,7,AddOp,ve,nvtx_operator_range,787476,7816603027,643147,643147,0,32,0,19819,663081,elementwise_binary,"void at::native::vectorized_elementwise_kernel<(int)8, at::native::CUDAFunctorOn"
planner_debate_L,measured,1,critic-a,8,RMSNormOp,ve,nvtx_operator_range,16037078,7817400201,15808687,15808687,0,224,0,9465,15952519,copy|elementwise_binary|elementwise_unary|reduce,"void at::native::unrolled_elementwise_kernel<at::native::direct_copy_kernel_cuda|void at::native::vectorized_elementwise_kernel<(int)4, void at::native::<unnamed|void at::native::reduce_kernel<(int)512, (int)1, at::native::ReduceOp<float, at:|void at::native::vectorized_elementwise_kernel<(int)4, at::native::CUDAFunctorOn|void at::native::vectorized_elementwise_kernel<(int)4, at::native::rsqrt_kernel_|void at::native::elementwise_kernel<(int)128, (int)2, void at::native::gpu_kerne|void at::native::vectorized_elementwise_kernel<(int)8, at::native::float16_copy_"
planner_debate_L,measured,1,critic-a,10,LinearOp,me,nvtx_operator_range,25980305,7833447692,25779261,25738816,40445,32,32,16617,25852154,gemm|memset,memset|ampere_fp16_s1688gemm_fp16_128x128_ldg8_f2f_stages_32x1_nn
planner_debate_L,measured,1,critic-a,11,LinearOp,me,nvtx_operator_range,25840785,7859448344,25675040,25636769,38271,32,32,8219,25736734,gemm|memset,memset|ampere_fp16_s1688gemm_fp16_128x128_ldg8_f2f_stages_32x1_nn
planner_debate_L,measured,1,critic-a,12,LinearOp,me,nvtx_operator_range,26467063,7885305637,26225838,26187344,38494,32,32,53022,26275883,gemm|memset,memset|ampere_fp16_s1688gemm_fp16_128x128_ldg8_f2f_stages_32x1_nn
planner_debate_L,measured,1,critic-a,13,ViewOp,de,nvtx_operator_range,191476,7911798972,0,0,0,0,0,,,,
planner_debate_L,measured,1,critic-a,14,TransposeOp,de,nvtx_operator_range,7386494,7911996447,7237486,7237486,0,32,0,23427,7258508,copy,"void at::native::elementwise_kernel<(int)128, (int)4, void at::native::gpu_kerne"
planner_debate_L,measured,1,critic-b,6,RMSNormOp,ve,nvtx_operator_range,16414542,8038489380,16131299,16131299,0,224,0,26138,16274396,copy|elementwise_binary|elementwise_unary|reduce,"void at::native::unrolled_elementwise_kernel<at::native::direct_copy_kernel_cuda|void at::native::vectorized_elementwise_kernel<(int)4, void at::native::<unnamed|void at::native::reduce_kernel<(int)512, (int)1, at::native::ReduceOp<float, at:|void at::native::vectorized_elementwise_kernel<(int)4, at::native::CUDAFunctorOn|void at::native::vectorized_elementwise_kernel<(int)4, at::native::rsqrt_kernel_|void at::native::elementwise_kernel<(int)128, (int)2, void at::native::gpu_kerne|void at::native::vectorized_elementwise_kernel<(int)8, at::native::float16_copy_"
planner_debate_L,measured,1,critic-b,7,AddOp,ve,nvtx_operator_range,742267,8054918272,644170,644170,0,32,0,10700,663689,elementwise_binary,"void at::native::vectorized_elementwise_kernel<(int)8, at::native::CUDAFunctorOn"
planner_debate_L,measured,1,critic-b,8,RMSNormOp,ve,nvtx_operator_range,16368154,8055678321,16140614,16140614,0,224,0,8085,16283452,copy|elementwise_binary|elementwise_unary|reduce,"void at::native::unrolled_elementwise_kernel<at::native::direct_copy_kernel_cuda|void at::native::vectorized_elementwise_kernel<(int)4, void at::native::<unnamed|void at::native::reduce_kernel<(int)512, (int)1, at::native::ReduceOp<float, at:|void at::native::vectorized_elementwise_kernel<(int)4, at::native::CUDAFunctorOn|void at::native::vectorized_elementwise_kernel<(int)4, at::native::rsqrt_kernel_|void at::native::elementwise_kernel<(int)128, (int)2, void at::native::gpu_kerne|void at::native::vectorized_elementwise_kernel<(int)8, at::native::float16_copy_"
planner_debate_L,measured,1,critic-b,10,LinearOp,me,nvtx_operator_range,26096409,8072065642,25799450,25760891,38559,32,32,23947,25881657,gemm|memset,memset|ampere_fp16_s1688gemm_fp16_128x128_ldg8_f2f_stages_32x1_nn
planner_debate_L,measured,1,critic-b,11,LinearOp,me,nvtx_operator_range,27091649,8098186896,26893848,26851833,42015,32,32,9307,26963796,gemm|memset,memset|ampere_fp16_s1688gemm_fp16_128x128_ldg8_f2f_stages_32x1_nn
planner_debate_L,measured,1,critic-b,12,LinearOp,me,nvtx_operator_range,27330925,8125292319,27154768,27110801,43967,32,32,8437,27224907,gemm|memset,memset|ampere_fp16_s1688gemm_fp16_128x128_ldg8_f2f_stages_32x1_nn
planner_debate_L,measured,1,critic-b,13,ViewOp,de,nvtx_operator_range,182056,8152653110,0,0,0,0,0,,,,
planner_debate_L,measured,1,critic-b,14,TransposeOp,de,nvtx_operator_range,7318922,8152855694,7172654,7172654,0,32,0,14340,7193550,copy,"void at::native::elementwise_kernel<(int)128, (int)4, void at::native::gpu_kerne"
planner_debate_L,measured,1,critic-merge,6,RMSNormOp,ve,nvtx_operator_range,16443362,8279042440,16181829,16181829,0,224,0,9579,16325466,copy|elementwise_binary|elementwise_unary|reduce,"void at::native::unrolled_elementwise_kernel<at::native::direct_copy_kernel_cuda|void at::native::vectorized_elementwise_kernel<(int)4, void at::native::<unnamed|void at::native::reduce_kernel<(int)512, (int)1, at::native::ReduceOp<float, at:|void at::native::vectorized_elementwise_kernel<(int)4, at::native::CUDAFunctorOn|void at::native::vectorized_elementwise_kernel<(int)4, at::native::rsqrt_kernel_|void at::native::elementwise_kernel<(int)128, (int)2, void at::native::gpu_kerne|void at::native::vectorized_elementwise_kernel<(int)8, at::native::float16_copy_"
planner_debate_L,measured,1,critic-merge,7,AddOp,ve,nvtx_operator_range,771379,8295508287,640201,640201,0,32,0,14631,659945,elementwise_binary,"void at::native::vectorized_elementwise_kernel<(int)8, at::native::CUDAFunctorOn"
planner_debate_L,measured,1,critic-merge,8,RMSNormOp,ve,nvtx_operator_range,16258805,8296289086,16033219,16033219,0,224,0,8583,16175328,copy|elementwise_binary|elementwise_unary|reduce,"void at::native::unrolled_elementwise_kernel<at::native::direct_copy_kernel_cuda|void at::native::vectorized_elementwise_kernel<(int)4, void at::native::<unnamed|void at::native::reduce_kernel<(int)512, (int)1, at::native::ReduceOp<float, at:|void at::native::vectorized_elementwise_kernel<(int)4, at::native::CUDAFunctorOn|void at::native::vectorized_elementwise_kernel<(int)4, at::native::rsqrt_kernel_|void at::native::elementwise_kernel<(int)128, (int)2, void at::native::gpu_kerne|void at::native::vectorized_elementwise_kernel<(int)8, at::native::float16_copy_"
planner_debate_L,measured,1,critic-merge,10,LinearOp,me,nvtx_operator_range,26401527,8312558772,26179565,26141998,37567,32,32,16974,26249356,gemm|memset,memset|ampere_fp16_s1688gemm_fp16_128x128_ldg8_f2f_stages_32x1_nn
planner_debate_L,measured,1,critic-merge,11,LinearOp,me,nvtx_operator_range,26379958,8338984037,26217677,26178128,39549,32,32,8543,26279403,gemm|memset,memset|ampere_fp16_s1688gemm_fp16_128x128_ldg8_f2f_stages_32x1_nn
planner_debate_L,measured,1,critic-merge,12,LinearOp,me,nvtx_operator_range,26466759,8365376648,26333128,26294248,38880,32,32,6420,26393063,gemm|memset,memset|ampere_fp16_s1688gemm_fp16_128x128_ldg8_f2f_stages_32x1_nn
planner_debate_L,measured,1,critic-merge,13,ViewOp,de,nvtx_operator_range,158542,8391859471,0,0,0,0,0,,,,
planner_debate_L,measured,1,critic-merge,14,TransposeOp,de,nvtx_operator_range,7317309,8392023386,7178766,7178766,0,32,0,12969,7200142,copy,"void at::native::elementwise_kernel<(int)128, (int)4, void at::native::gpu_kerne"
planner_debate_L,measured,1,planner-final,6,RMSNormOp,ve,nvtx_operator_range,9343556,8489169793,9051759,9051759,0,224,0,10934,9194954,copy|elementwise_binary|elementwise_unary|reduce,"void at::native::unrolled_elementwise_kernel<at::native::direct_copy_kernel_cuda|void at::native::vectorized_elementwise_kernel<(int)4, void at::native::<unnamed|void at::native::reduce_kernel<(int)512, (int)1, at::native::ReduceOp<float, at:|void at::native::vectorized_elementwise_kernel<(int)4, at::native::CUDAFunctorOn|void at::native::vectorized_elementwise_kernel<(int)4, at::native::rsqrt_kernel_|void at::native::elementwise_kernel<(int)128, (int)2, void at::native::gpu_kerne|void at::native::vectorized_elementwise_kernel<(int)8, at::native::float16_copy_"
planner_debate_L,measured,1,planner-final,7,AddOp,ve,nvtx_operator_range,583151,8498526273,432176,432176,0,32,0,11394,488816,elementwise_binary,"void at::native::vectorized_elementwise_kernel<(int)8, at::native::CUDAFunctorOn"
planner_debate_L,measured,1,planner-final,8,RMSNormOp,ve,nvtx_operator_range,9745060,8499116872,9531777,9531777,0,224,0,7780,9673946,copy|elementwise_binary|elementwise_unary|reduce,"void at::native::unrolled_elementwise_kernel<at::native::direct_copy_kernel_cuda|void at::native::vectorized_elementwise_kernel<(int)4, void at::native::<unnamed|void at::native::reduce_kernel<(int)512, (int)1, at::native::ReduceOp<float, at:|void at::native::vectorized_elementwise_kernel<(int)4, at::native::CUDAFunctorOn|void at::native::vectorized_elementwise_kernel<(int)4, at::native::rsqrt_kernel_|void at::native::elementwise_kernel<(int)128, (int)2, void at::native::gpu_kerne|void at::native::vectorized_elementwise_kernel<(int)8, at::native::float16_copy_"
planner_debate_L,measured,1,planner-final,10,LinearOp,me,nvtx_operator_range,20063041,8508871138,19911650,19911650,0,32,0,9659,19931233,gemm,void cutlass::Kernel2<cutlass_80_tensorop_f16_s16816gemm_relu_f16_64x64_32x6_nn_
planner_debate_L,measured,1,planner-final,11,LinearOp,me,nvtx_operator_range,20235585,8528942989,20131769,20131769,0,32,0,7935,20151865,gemm,void cutlass::Kernel2<cutlass_80_tensorop_f16_s16816gemm_relu_f16_64x64_32x6_nn_
planner_debate_L,measured,1,planner-final,12,LinearOp,me,nvtx_operator_range,20355812,8549201159,20212471,20212471,0,32,0,11061,20233623,gemm,void cutlass::Kernel2<cutlass_80_tensorop_f16_s16816gemm_relu_f16_64x64_32x6_nn_
planner_debate_L,measured,1,planner-final,13,ViewOp,de,nvtx_operator_range,149166,8569568077,0,0,0,0,0,,,,
planner_debate_L,measured,1,planner-final,14,TransposeOp,de,nvtx_operator_range,6181211,8569722101,6055284,6055284,0,32,0,12085,6076563,copy,"void at::native::elementwise_kernel<(int)128, (int)4, void at::native::gpu_kerne"
planner_debate_L,measured,2,planner-seed,,call_overhead,,gap_before_operator,,,1672168,39327,1632841,2,1,33277,1932607,elementwise_binary|memcpy|rng_init,"memcpy_Host-to-Device|void at::native::<unnamed>::distribution_elementwise_grid_stride_kernel<float, (|void at::native::vectorized_elementwise_kernel<(int)8, at::native::BUnaryFunctor"
planner_debate_L,measured,2,critic-a,,call_overhead,,gap_before_operator,,,2566890,52734,2514156,2,2,22787,116357107,elementwise_binary|memcpy|rng_init,"memcpy_Device-to-Host|memcpy_Host-to-Device|void at::native::<unnamed>::distribution_elementwise_grid_stride_kernel<float, (|void at::native::vectorized_elementwise_kernel<(int)8, at::native::BUnaryFunctor"
planner_debate_L,measured,2,critic-b,,call_overhead,,gap_before_operator,,,2947069,53630,2893439,2,2,26339,117663847,elementwise_binary|memcpy|rng_init,"memcpy_Device-to-Host|memcpy_Host-to-Device|void at::native::<unnamed>::distribution_elementwise_grid_stride_kernel<float, (|void at::native::vectorized_elementwise_kernel<(int)8, at::native::BUnaryFunctor"
planner_debate_L,measured,2,critic-merge,,call_overhead,,gap_before_operator,,,2899389,53054,2846335,2,2,20171,123381478,elementwise_binary|memcpy|rng_init,"memcpy_Device-to-Host|memcpy_Host-to-Device|void at::native::<unnamed>::distribution_elementwise_grid_stride_kernel<float, (|void at::native::vectorized_elementwise_kernel<(int)8, at::native::BUnaryFunctor"
planner_debate_L,measured,2,planner-final,,call_overhead,,gap_before_operator,,,3695012,39967,3655045,2,3,24110,180831512,elementwise_binary|memcpy|rng_init,"memcpy_Device-to-Host|memcpy_Host-to-Device|void at::native::<unnamed>::distribution_elementwise_grid_stride_kernel<float, (|void at::native::vectorized_elementwise_kernel<(int)8, at::native::BUnaryFunctor"
planner_debate_L,measured,2,planner-seed,6,RMSNormOp,ve,nvtx_operator_range,9299808,8669411060,9010223,9010223,0,224,0,17421,9151628,copy|elementwise_binary|elementwise_unary|reduce,"void at::native::unrolled_elementwise_kernel<at::native::direct_copy_kernel_cuda|void at::native::vectorized_elementwise_kernel<(int)4, void at::native::<unnamed|void at::native::reduce_kernel<(int)512, (int)1, at::native::ReduceOp<float, at:|void at::native::vectorized_elementwise_kernel<(int)4, at::native::CUDAFunctorOn|void at::native::vectorized_elementwise_kernel<(int)4, at::native::rsqrt_kernel_|void at::native::elementwise_kernel<(int)128, (int)2, void at::native::gpu_kerne|void at::native::vectorized_elementwise_kernel<(int)8, at::native::float16_copy_"
planner_debate_L,measured,2,planner-seed,7,AddOp,ve,nvtx_operator_range,588827,8678730257,432309,432309,0,32,0,13327,487984,elementwise_binary,"void at::native::vectorized_elementwise_kernel<(int)8, at::native::CUDAFunctorOn"
planner_debate_L,measured,2,planner-seed,8,RMSNormOp,ve,nvtx_operator_range,9271260,8679339631,9050446,9050446,0,224,0,8525,9192235,copy|elementwise_binary|elementwise_unary|reduce,"void at::native::unrolled_elementwise_kernel<at::native::direct_copy_kernel_cuda|void at::native::vectorized_elementwise_kernel<(int)4, void at::native::<unnamed|void at::native::reduce_kernel<(int)512, (int)1, at::native::ReduceOp<float, at:|void at::native::vectorized_elementwise_kernel<(int)4, at::native::CUDAFunctorOn|void at::native::vectorized_elementwise_kernel<(int)4, at::native::rsqrt_kernel_|void at::native::elementwise_kernel<(int)128, (int)2, void at::native::gpu_kerne|void at::native::vectorized_elementwise_kernel<(int)8, at::native::float16_copy_"
planner_debate_L,measured,2,planner-seed,10,LinearOp,me,nvtx_operator_range,20090275,8688622718,19890403,19890403,0,32,0,10858,19910082,gemm,void cutlass::Kernel2<cutlass_80_tensorop_f16_s16816gemm_relu_f16_64x64_32x6_nn_
planner_debate_L,measured,2,planner-seed,11,LinearOp,me,nvtx_operator_range,20194075,8708731303,20049086,20049086,0,32,0,11868,20069916,gemm,void cutlass::Kernel2<cutlass_80_tensorop_f16_s16816gemm_relu_f16_64x64_32x6_nn_
planner_debate_L,measured,2,planner-seed,12,LinearOp,me,nvtx_operator_range,20561387,8728935005,20462415,20462415,0,32,0,7190,20484046,gemm,void cutlass::Kernel2<cutlass_80_tensorop_f16_s16816gemm_relu_f16_64x64_32x6_nn_
planner_debate_L,measured,2,planner-seed,13,ViewOp,de,nvtx_operator_range,168599,8749520654,0,0,0,0,0,,,,
planner_debate_L,measured,2,planner-seed,14,TransposeOp,de,nvtx_operator_range,6370152,8749710771,6216206,6216206,0,32,0,15496,6237902,copy,"void at::native::elementwise_kernel<(int)128, (int)4, void at::native::gpu_kerne"
planner_debate_L,measured,2,critic-a,6,RMSNormOp,ve,nvtx_operator_range,16449190,8872491877,16179742,16179742,0,224,0,9258,16323291,copy|elementwise_binary|elementwise_unary|reduce,"void at::native::unrolled_elementwise_kernel<at::native::direct_copy_kernel_cuda|void at::native::vectorized_elementwise_kernel<(int)4, void at::native::<unnamed|void at::native::reduce_kernel<(int)512, (int)1, at::native::ReduceOp<float, at:|void at::native::vectorized_elementwise_kernel<(int)4, at::native::CUDAFunctorOn|void at::native::vectorized_elementwise_kernel<(int)4, at::native::rsqrt_kernel_|void at::native::elementwise_kernel<(int)128, (int)2, void at::native::gpu_kerne|void at::native::vectorized_elementwise_kernel<(int)8, at::native::float16_copy_"
planner_debate_L,measured,2,critic-a,7,AddOp,ve,nvtx_operator_range,746871,8888955476,648458,648458,0,32,0,10141,668169,elementwise_binary,"void at::native::vectorized_elementwise_kernel<(int)8, at::native::CUDAFunctorOn"
planner_debate_L,measured,2,critic-a,8,RMSNormOp,ve,nvtx_operator_range,16204946,8889709902,15837641,15837641,0,224,0,8684,16130209,copy|elementwise_binary|elementwise_unary|reduce,"void at::native::unrolled_elementwise_kernel<at::native::direct_copy_kernel_cuda|void at::native::vectorized_elementwise_kernel<(int)4, void at::native::<unnamed|void at::native::reduce_kernel<(int)512, (int)1, at::native::ReduceOp<float, at:|void at::native::vectorized_elementwise_kernel<(int)4, at::native::CUDAFunctorOn|void at::native::vectorized_elementwise_kernel<(int)4, at::native::rsqrt_kernel_|void at::native::elementwise_kernel<(int)128, (int)2, void at::native::gpu_kerne|void at::native::vectorized_elementwise_kernel<(int)8, at::native::float16_copy_"
planner_debate_L,measured,2,critic-a,10,LinearOp,me,nvtx_operator_range,25672678,8905925670,25453894,25414887,39007,32,32,26203,25526372,gemm|memset,memset|ampere_fp16_s1688gemm_fp16_128x128_ldg8_f2f_stages_32x1_nn
planner_debate_L,measured,2,critic-a,11,LinearOp,me,nvtx_operator_range,27044756,8931632203,26861942,26821849,40093,32,32,11722,26930102,gemm|memset,memset|ampere_fp16_s1688gemm_fp16_128x128_ldg8_f2f_stages_32x1_nn
planner_debate_L,measured,2,critic-a,12,LinearOp,me,nvtx_operator_range,27098276,8958693527,26957812,26917332,40480,32,32,7154,27018995,gemm|memset,memset|ampere_fp16_s1688gemm_fp16_128x128_ldg8_f2f_stages_32x1_nn
planner_debate_L,measured,2,critic-a,13,ViewOp,de,nvtx_operator_range,160098,8985804703,0,0,0,0,0,,,,
planner_debate_L,measured,2,critic-a,14,TransposeOp,de,nvtx_operator_range,7317958,8985971014,7167086,7167086,0,32,0,12015,7188302,copy,"void at::native::elementwise_kernel<(int)128, (int)4, void at::native::gpu_kerne"
planner_debate_L,measured,2,critic-b,6,RMSNormOp,ve,nvtx_operator_range,16509478,9111008741,16242331,16242331,0,224,0,9896,16385689,copy|elementwise_binary|elementwise_unary|reduce,"void at::native::unrolled_elementwise_kernel<at::native::direct_copy_kernel_cuda|void at::native::vectorized_elementwise_kernel<(int)4, void at::native::<unnamed|void at::native::reduce_kernel<(int)512, (int)1, at::native::ReduceOp<float, at:|void at::native::vectorized_elementwise_kernel<(int)4, at::native::CUDAFunctorOn|void at::native::vectorized_elementwise_kernel<(int)4, at::native::rsqrt_kernel_|void at::native::elementwise_kernel<(int)128, (int)2, void at::native::gpu_kerne|void at::native::vectorized_elementwise_kernel<(int)8, at::native::float16_copy_"
planner_debate_L,measured,2,critic-b,7,AddOp,ve,nvtx_operator_range,764409,9127550364,638892,638892,0,32,0,15966,658730,elementwise_binary,"void at::native::vectorized_elementwise_kernel<(int)8, at::native::CUDAFunctorOn"
planner_debate_L,measured,2,critic-b,8,RMSNormOp,ve,nvtx_operator_range,16258630,9128322060,16032099,16032099,0,224,0,7792,16176928,copy|elementwise_binary|elementwise_unary|reduce,"void at::native::unrolled_elementwise_kernel<at::native::direct_copy_kernel_cuda|void at::native::vectorized_elementwise_kernel<(int)4, void at::native::<unnamed|void at::native::reduce_kernel<(int)512, (int)1, at::native::ReduceOp<float, at:|void at::native::vectorized_elementwise_kernel<(int)4, at::native::CUDAFunctorOn|void at::native::vectorized_elementwise_kernel<(int)4, at::native::rsqrt_kernel_|void at::native::elementwise_kernel<(int)128, (int)2, void at::native::gpu_kerne|void at::native::vectorized_elementwise_kernel<(int)8, at::native::float16_copy_"
planner_debate_L,measured,2,critic-b,10,LinearOp,me,nvtx_operator_range,26340531,9144594605,26150897,26112562,38335,32,32,16455,26217101,gemm|memset,memset|ampere_fp16_s1688gemm_fp16_128x128_ldg8_f2f_stages_32x1_nn
planner_debate_L,measured,2,critic-b,11,LinearOp,me,nvtx_operator_range,26835549,9170950637,26704477,26665181,39296,32,32,6070,26765242,gemm|memset,memset|ampere_fp16_s1688gemm_fp16_128x128_ldg8_f2f_stages_32x1_nn
planner_debate_L,measured,2,critic-b,12,LinearOp,me,nvtx_operator_range,27137451,9197797608,26975762,26936082,39680,32,32,6764,27037842,gemm|memset,memset|ampere_fp16_s1688gemm_fp16_128x128_ldg8_f2f_stages_32x1_nn
planner_debate_L,measured,2,critic-b,13,ViewOp,de,nvtx_operator_range,190116,9224955512,0,0,0,0,0,,,,
planner_debate_L,measured,2,critic-b,14,TransposeOp,de,nvtx_operator_range,7306211,9225151184,7167567,7167567,0,32,0,14379,7188750,copy,"void at::native::elementwise_kernel<(int)128, (int)4, void at::native::gpu_kerne"
planner_debate_L,measured,2,critic-merge,6,RMSNormOp,ve,nvtx_operator_range,16119058,9355885718,15840489,15840489,0,224,0,9912,15985094,copy|elementwise_binary|elementwise_unary|reduce,"void at::native::unrolled_elementwise_kernel<at::native::direct_copy_kernel_cuda|void at::native::vectorized_elementwise_kernel<(int)4, void at::native::<unnamed|void at::native::reduce_kernel<(int)512, (int)1, at::native::ReduceOp<float, at:|void at::native::vectorized_elementwise_kernel<(int)4, at::native::CUDAFunctorOn|void at::native::vectorized_elementwise_kernel<(int)4, at::native::rsqrt_kernel_|void at::native::elementwise_kernel<(int)128, (int)2, void at::native::gpu_kerne|void at::native::vectorized_elementwise_kernel<(int)8, at::native::float16_copy_"
planner_debate_L,measured,2,critic-merge,7,AddOp,ve,nvtx_operator_range,737088,9372018971,642793,642793,0,32,0,8920,662601,elementwise_binary,"void at::native::vectorized_elementwise_kernel<(int)8, at::native::CUDAFunctorOn"
planner_debate_L,measured,2,critic-merge,8,RMSNormOp,ve,nvtx_operator_range,16369844,9372765750,16151359,16151359,0,224,0,7924,16296923,copy|elementwise_binary|elementwise_unary|reduce,"void at::native::unrolled_elementwise_kernel<at::native::direct_copy_kernel_cuda|void at::native::vectorized_elementwise_kernel<(int)4, void at::native::<unnamed|void at::native::reduce_kernel<(int)512, (int)1, at::native::ReduceOp<float, at:|void at::native::vectorized_elementwise_kernel<(int)4, at::native::CUDAFunctorOn|void at::native::vectorized_elementwise_kernel<(int)4, at::native::rsqrt_kernel_|void at::native::elementwise_kernel<(int)128, (int)2, void at::native::gpu_kerne|void at::native::vectorized_elementwise_kernel<(int)8, at::native::float16_copy_"
planner_debate_L,measured,2,critic-merge,10,LinearOp,me,nvtx_operator_range,26053582,9389147807,25788763,25749692,39071,32,32,18374,25865082,gemm|memset,memset|ampere_fp16_s1688gemm_fp16_128x128_ldg8_f2f_stages_32x1_nn
planner_debate_L,measured,2,critic-merge,11,LinearOp,me,nvtx_operator_range,26204068,9415232887,25874394,25832859,41535,32,32,137974,25927159,gemm|memset,memset|ampere_fp16_s1688gemm_fp16_128x128_ldg8_f2f_stages_32x1_nn
planner_debate_L,measured,2,critic-merge,12,LinearOp,me,nvtx_operator_range,27176953,9441456721,27014290,26974066,40224,32,32,7210,27077488,gemm|memset,memset|ampere_fp16_s1688gemm_fp16_128x128_ldg8_f2f_stages_32x1_nn
planner_debate_L,measured,2,critic-merge,13,ViewOp,de,nvtx_operator_range,193530,9468664287,0,0,0,0,0,,,,
planner_debate_L,measured,2,critic-merge,14,TransposeOp,de,nvtx_operator_range,7922479,9468865416,7766810,7766810,0,32,0,20300,7788250,copy,"void at::native::elementwise_kernel<(int)128, (int)4, void at::native::gpu_kerne"
planner_debate_L,measured,2,planner-final,6,RMSNormOp,ve,nvtx_operator_range,9289734,9569939473,9016269,9016269,0,224,0,10790,9158539,copy|elementwise_binary|elementwise_unary|reduce,"void at::native::unrolled_elementwise_kernel<at::native::direct_copy_kernel_cuda|void at::native::vectorized_elementwise_kernel<(int)4, void at::native::<unnamed|void at::native::reduce_kernel<(int)512, (int)1, at::native::ReduceOp<float, at:|void at::native::vectorized_elementwise_kernel<(int)4, at::native::CUDAFunctorOn|void at::native::vectorized_elementwise_kernel<(int)4, at::native::rsqrt_kernel_|void at::native::elementwise_kernel<(int)128, (int)2, void at::native::gpu_kerne|void at::native::vectorized_elementwise_kernel<(int)8, at::native::float16_copy_"
planner_debate_L,measured,2,planner-final,7,AddOp,ve,nvtx_operator_range,531253,9579242697,431474,431474,0,32,0,8498,454961,elementwise_binary,"void at::native::vectorized_elementwise_kernel<(int)8, at::native::CUDAFunctorOn"
planner_debate_L,measured,2,planner-final,8,RMSNormOp,ve,nvtx_operator_range,9731872,9579780791,9524414,9524414,0,224,0,7053,9666682,copy|elementwise_binary|elementwise_unary|reduce,"void at::native::unrolled_elementwise_kernel<at::native::direct_copy_kernel_cuda|void at::native::vectorized_elementwise_kernel<(int)4, void at::native::<unnamed|void at::native::reduce_kernel<(int)512, (int)1, at::native::ReduceOp<float, at:|void at::native::vectorized_elementwise_kernel<(int)4, at::native::CUDAFunctorOn|void at::native::vectorized_elementwise_kernel<(int)4, at::native::rsqrt_kernel_|void at::native::elementwise_kernel<(int)128, (int)2, void at::native::gpu_kerne|void at::native::vectorized_elementwise_kernel<(int)8, at::native::float16_copy_"
planner_debate_L,measured,2,planner-final,10,LinearOp,me,nvtx_operator_range,20115205,9589522089,19916387,19916387,0,32,0,11375,19936385,gemm,void cutlass::Kernel2<cutlass_80_tensorop_f16_s16816gemm_relu_f16_64x64_32x6_nn_
planner_debate_L,measured,2,planner-final,11,LinearOp,me,nvtx_operator_range,20118526,9609656017,19937665,19937665,0,32,0,14766,19957728,gemm,void cutlass::Kernel2<cutlass_80_tensorop_f16_s16816gemm_relu_f16_64x64_32x6_nn_
planner_debate_L,measured,2,planner-final,12,LinearOp,me,nvtx_operator_range,20208387,9629794738,20071836,20071836,0,32,0,10736,20091931,gemm,void cutlass::Kernel2<cutlass_80_tensorop_f16_s16816gemm_relu_f16_64x64_32x6_nn_
planner_debate_L,measured,2,planner-final,13,ViewOp,de,nvtx_operator_range,152516,9650028942,0,0,0,0,0,,,,
planner_debate_L,measured,2,planner-final,14,TransposeOp,de,nvtx_operator_range,6280931,9650188853,6149074,6149074,0,32,0,12030,6170257,copy,"void at::native::elementwise_kernel<(int)128, (int)4, void at::native::gpu_kerne"
planner_debate_L,measured,3,planner-seed,,call_overhead,,gap_before_operator,,,1105883,39199,1066684,2,1,24269,1301332,elementwise_binary|memcpy|rng_init,"memcpy_Host-to-Device|void at::native::<unnamed>::distribution_elementwise_grid_stride_kernel<float, (|void at::native::vectorized_elementwise_kernel<(int)8, at::native::BUnaryFunctor"
planner_debate_L,measured,3,critic-a,,call_overhead,,gap_before_operator,,,2539402,52510,2486892,2,2,19534,118456833,elementwise_binary|memcpy|rng_init,"memcpy_Device-to-Host|memcpy_Host-to-Device|void at::native::<unnamed>::distribution_elementwise_grid_stride_kernel<float, (|void at::native::vectorized_elementwise_kernel<(int)8, at::native::BUnaryFunctor"
planner_debate_L,measured,3,critic-b,,call_overhead,,gap_before_operator,,,2964061,53950,2910111,2,2,24391,122170788,elementwise_binary|memcpy|rng_init,"memcpy_Device-to-Host|memcpy_Host-to-Device|void at::native::<unnamed>::distribution_elementwise_grid_stride_kernel<float, (|void at::native::vectorized_elementwise_kernel<(int)8, at::native::BUnaryFunctor"
planner_debate_L,measured,3,critic-merge,,call_overhead,,gap_before_operator,,,2915454,53022,2862432,2,2,21083,120733588,elementwise_binary|memcpy|rng_init,"memcpy_Device-to-Host|memcpy_Host-to-Device|void at::native::<unnamed>::distribution_elementwise_grid_stride_kernel<float, (|void at::native::vectorized_elementwise_kernel<(int)8, at::native::BUnaryFunctor"
planner_debate_L,measured,3,planner-final,,call_overhead,,gap_before_operator,,,3738081,39774,3698307,2,3,30053,182374436,elementwise_binary|memcpy|rng_init,"memcpy_Device-to-Host|memcpy_Host-to-Device|void at::native::<unnamed>::distribution_elementwise_grid_stride_kernel<float, (|void at::native::vectorized_elementwise_kernel<(int)8, at::native::BUnaryFunctor"
planner_debate_L,measured,3,planner-seed,6,RMSNormOp,ve,nvtx_operator_range,9336307,9760683047,9067663,9067663,0,224,0,11026,9210250,copy|elementwise_binary|elementwise_unary|reduce,"void at::native::unrolled_elementwise_kernel<at::native::direct_copy_kernel_cuda|void at::native::vectorized_elementwise_kernel<(int)4, void at::native::<unnamed|void at::native::reduce_kernel<(int)512, (int)1, at::native::ReduceOp<float, at:|void at::native::vectorized_elementwise_kernel<(int)4, at::native::CUDAFunctorOn|void at::native::vectorized_elementwise_kernel<(int)4, at::native::rsqrt_kernel_|void at::native::elementwise_kernel<(int)128, (int)2, void at::native::gpu_kerne|void at::native::vectorized_elementwise_kernel<(int)8, at::native::float16_copy_"
planner_debate_L,measured,3,planner-seed,7,AddOp,ve,nvtx_operator_range,541878,9770034208,431408,431408,0,32,0,10033,460976,elementwise_binary,"void at::native::vectorized_elementwise_kernel<(int)8, at::native::CUDAFunctorOn"
planner_debate_L,measured,3,planner-seed,8,RMSNormOp,ve,nvtx_operator_range,9187807,9770599016,8974576,8974576,0,224,0,7705,9117037,copy|elementwise_binary|elementwise_unary|reduce,"void at::native::unrolled_elementwise_kernel<at::native::direct_copy_kernel_cuda|void at::native::vectorized_elementwise_kernel<(int)4, void at::native::<unnamed|void at::native::reduce_kernel<(int)512, (int)1, at::native::ReduceOp<float, at:|void at::native::vectorized_elementwise_kernel<(int)4, at::native::CUDAFunctorOn|void at::native::vectorized_elementwise_kernel<(int)4, at::native::rsqrt_kernel_|void at::native::elementwise_kernel<(int)128, (int)2, void at::native::gpu_kerne|void at::native::vectorized_elementwise_kernel<(int)8, at::native::float16_copy_"
planner_debate_L,measured,3,planner-seed,10,LinearOp,me,nvtx_operator_range,20077907,9779797396,19918625,19918625,0,32,0,9366,19938465,gemm,void cutlass::Kernel2<cutlass_80_tensorop_f16_s16816gemm_relu_f16_64x64_32x6_nn_
planner_debate_L,measured,3,planner-seed,11,LinearOp,me,nvtx_operator_range,20117565,9799887991,19999232,19999232,0,32,0,7705,20019262,gemm,void cutlass::Kernel2<cutlass_80_tensorop_f16_s16816gemm_relu_f16_64x64_32x6_nn_
planner_debate_L,measured,3,planner-seed,12,LinearOp,me,nvtx_operator_range,20133210,9820023021,19986402,19986402,0,32,0,11985,20006626,gemm,void cutlass::Kernel2<cutlass_80_tensorop_f16_s16816gemm_relu_f16_64x64_32x6_nn_
planner_debate_L,measured,3,planner-seed,13,ViewOp,de,nvtx_operator_range,160761,9840169919,0,0,0,0,0,,,,
planner_debate_L,measured,3,planner-seed,14,TransposeOp,de,nvtx_operator_range,5433535,9840350463,5301486,5301486,0,32,0,13693,5321166,copy,"void at::native::elementwise_kernel<(int)128, (int)4, void at::native::gpu_kerne"
planner_debate_L,measured,3,critic-a,6,RMSNormOp,ve,nvtx_operator_range,16532079,9964282898,16261471,16261471,0,224,0,10357,16405498,copy|elementwise_binary|elementwise_unary|reduce,"void at::native::unrolled_elementwise_kernel<at::native::direct_copy_kernel_cuda|void at::native::vectorized_elementwise_kernel<(int)4, void at::native::<unnamed|void at::native::reduce_kernel<(int)512, (int)1, at::native::ReduceOp<float, at:|void at::native::vectorized_elementwise_kernel<(int)4, at::native::CUDAFunctorOn|void at::native::vectorized_elementwise_kernel<(int)4, at::native::rsqrt_kernel_|void at::native::elementwise_kernel<(int)128, (int)2, void at::native::gpu_kerne|void at::native::vectorized_elementwise_kernel<(int)8, at::native::float16_copy_"
planner_debate_L,measured,3,critic-a,7,AddOp,ve,nvtx_operator_range,754983,9980832132,647178,647178,0,32,0,11383,667210,elementwise_binary,"void at::native::vectorized_elementwise_kernel<(int)8, at::native::CUDAFunctorOn"
planner_debate_L,measured,3,critic-a,8,RMSNormOp,ve,nvtx_operator_range,16102496,9981595615,15799086,15799086,0,224,0,7447,15942282,copy|elementwise_binary|elementwise_unary|reduce,"void at::native::unrolled_elementwise_kernel<at::native::direct_copy_kernel_cuda|void at::native::vectorized_elementwise_kernel<(int)4, void at::native::<unnamed|void at::native::reduce_kernel<(int)512, (int)1, at::native::ReduceOp<float, at:|void at::native::vectorized_elementwise_kernel<(int)4, at::native::CUDAFunctorOn|void at::native::vectorized_elementwise_kernel<(int)4, at::native::rsqrt_kernel_|void at::native::elementwise_kernel<(int)128, (int)2, void at::native::gpu_kerne|void at::native::vectorized_elementwise_kernel<(int)8, at::native::float16_copy_"
planner_debate_L,measured,3,critic-a,10,LinearOp,me,nvtx_operator_range,26162386,9997724352,25850687,25813087,37600,32,32,21200,25938620,gemm|memset,memset|ampere_fp16_s1688gemm_fp16_128x128_ldg8_f2f_stages_32x1_nn
planner_debate_L,measured,3,critic-a,11,LinearOp,me,nvtx_operator_range,26110867,10023913706,25916442,25878717,37725,32,32,13669,25979194,gemm|memset,memset|ampere_fp16_s1688gemm_fp16_128x128_ldg8_f2f_stages_32x1_nn
planner_debate_L,measured,3,critic-a,12,LinearOp,me,nvtx_operator_range,26354456,10050042060,26204051,26163987,40064,32,32,6784,26269424,gemm|memset,memset|ampere_fp16_s1688gemm_fp16_128x128_ldg8_f2f_stages_32x1_nn
planner_debate_L,measured,3,critic-a,13,ViewOp,de,nvtx_operator_range,207640,10076423683,0,0,0,0,0,,,,
planner_debate_L,measured,3,critic-a,14,TransposeOp,de,nvtx_operator_range,7408752,10076642213,7263404,7263404,0,32,0,16468,7284844,copy,"void at::native::elementwise_kernel<(int)128, (int)4, void at::native::gpu_kerne"
planner_debate_L,measured,3,critic-b,6,RMSNormOp,ve,nvtx_operator_range,16087121,10206276518,15810284,15810284,0,224,0,9129,15953482,copy|elementwise_binary|elementwise_unary|reduce,"void at::native::unrolled_elementwise_kernel<at::native::direct_copy_kernel_cuda|void at::native::vectorized_elementwise_kernel<(int)4, void at::native::<unnamed|void at::native::reduce_kernel<(int)512, (int)1, at::native::ReduceOp<float, at:|void at::native::vectorized_elementwise_kernel<(int)4, at::native::CUDAFunctorOn|void at::native::vectorized_elementwise_kernel<(int)4, at::native::rsqrt_kernel_|void at::native::elementwise_kernel<(int)128, (int)2, void at::native::gpu_kerne|void at::native::vectorized_elementwise_kernel<(int)8, at::native::float16_copy_"
planner_debate_L,measured,3,critic-b,7,AddOp,ve,nvtx_operator_range,788838,10222386051,643755,643755,0,32,0,16005,663434,elementwise_binary,"void at::native::vectorized_elementwise_kernel<(int)8, at::native::CUDAFunctorOn"
planner_debate_L,measured,3,critic-b,8,RMSNormOp,ve,nvtx_operator_range,16343732,10223183720,16120453,16120453,0,224,0,7912,16263103,copy|elementwise_binary|elementwise_unary|reduce,"void at::native::unrolled_elementwise_kernel<at::native::direct_copy_kernel_cuda|void at::native::vectorized_elementwise_kernel<(int)4, void at::native::<unnamed|void at::native::reduce_kernel<(int)512, (int)1, at::native::ReduceOp<float, at:|void at::native::vectorized_elementwise_kernel<(int)4, at::native::CUDAFunctorOn|void at::native::vectorized_elementwise_kernel<(int)4, at::native::rsqrt_kernel_|void at::native::elementwise_kernel<(int)128, (int)2, void at::native::gpu_kerne|void at::native::vectorized_elementwise_kernel<(int)8, at::native::float16_copy_"
planner_debate_L,measured,3,critic-b,10,LinearOp,me,nvtx_operator_range,26039930,10239538894,25773601,25730434,43167,32,32,17029,25845694,gemm|memset,memset|ampere_fp16_s1688gemm_fp16_128x128_ldg8_f2f_stages_32x1_nn
planner_debate_L,measured,3,critic-b,11,LinearOp,me,nvtx_operator_range,27013784,10265604280,26733121,26690690,42431,32,32,18062,26815710,gemm|memset,memset|ampere_fp16_s1688gemm_fp16_128x128_ldg8_f2f_stages_32x1_nn
planner_debate_L,measured,3,critic-b,12,LinearOp,me,nvtx_operator_range,27025701,10292635698,26840893,26799775,41118,32,32,12243,26907675,gemm|memset,memset|ampere_fp16_s1688gemm_fp16_128x128_ldg8_f2f_stages_32x1_nn
planner_debate_L,measured,3,critic-b,13,ViewOp,de,nvtx_operator_range,171299,10319677936,0,0,0,0,0,,,,
planner_debate_L,measured,3,critic-b,14,TransposeOp,de,nvtx_operator_range,7405745,10319854818,7214831,7214831,0,32,0,14377,7236174,copy,"void at::native::elementwise_kernel<(int)128, (int)4, void at::native::gpu_kerne"
planner_debate_L,measured,3,critic-merge,6,RMSNormOp,ve,nvtx_operator_range,16119323,10448097256,15831503,15831503,0,224,0,10759,15974153,copy|elementwise_binary|elementwise_unary|reduce,"void at::native::unrolled_elementwise_kernel<at::native::direct_copy_kernel_cuda|void at::native::vectorized_elementwise_kernel<(int)4, void at::native::<unnamed|void at::native::reduce_kernel<(int)512, (int)1, at::native::ReduceOp<float, at:|void at::native::vectorized_elementwise_kernel<(int)4, at::native::CUDAFunctorOn|void at::native::vectorized_elementwise_kernel<(int)4, at::native::rsqrt_kernel_|void at::native::elementwise_kernel<(int)128, (int)2, void at::native::gpu_kerne|void at::native::vectorized_elementwise_kernel<(int)8, at::native::float16_copy_"
planner_debate_L,measured,3,critic-merge,7,AddOp,ve,nvtx_operator_range,792417,10464239776,650410,650410,0,32,0,21319,670250,elementwise_binary,"void at::native::vectorized_elementwise_kernel<(int)8, at::native::CUDAFunctorOn"
planner_debate_L,measured,3,critic-merge,8,RMSNormOp,ve,nvtx_operator_range,16495806,10465043105,16259235,16259235,0,224,0,8033,16402939,copy|elementwise_binary|elementwise_unary|reduce,"void at::native::unrolled_elementwise_kernel<at::native::direct_copy_kernel_cuda|void at::native::vectorized_elementwise_kernel<(int)4, void at::native::<unnamed|void at::native::reduce_kernel<(int)512, (int)1, at::native::ReduceOp<float, at:|void at::native::vectorized_elementwise_kernel<(int)4, at::native::CUDAFunctorOn|void at::native::vectorized_elementwise_kernel<(int)4, at::native::rsqrt_kernel_|void at::native::elementwise_kernel<(int)128, (int)2, void at::native::gpu_kerne|void at::native::vectorized_elementwise_kernel<(int)8, at::native::float16_copy_"
planner_debate_L,measured,3,critic-merge,10,LinearOp,me,nvtx_operator_range,26086147,10481554687,25842910,25804479,38431,32,32,17131,25912604,gemm|memset,memset|ampere_fp16_s1688gemm_fp16_128x128_ldg8_f2f_stages_32x1_nn
planner_debate_L,measured,3,critic-merge,11,LinearOp,me,nvtx_operator_range,26122167,10507670400,25905435,25867708,37727,32,32,12776,25974842,gemm|memset,memset|ampere_fp16_s1688gemm_fp16_128x128_ldg8_f2f_stages_32x1_nn
planner_debate_L,measured,3,critic-merge,12,LinearOp,me,nvtx_operator_range,25769710,10533811778,25618790,25581128,37662,32,32,6803,25681060,gemm|memset,memset|ampere_fp16_s1688gemm_fp16_128x128_ldg8_f2f_stages_32x1_nn
planner_debate_L,measured,3,critic-merge,13,ViewOp,de,nvtx_operator_range,166908,10559602536,0,0,0,0,0,,,,
planner_debate_L,measured,3,critic-merge,14,TransposeOp,de,nvtx_operator_range,6872023,10559774907,6735806,6735806,0,32,0,13953,6755358,copy,"void at::native::elementwise_kernel<(int)128, (int)4, void at::native::gpu_kerne"
planner_debate_L,measured,3,planner-final,6,RMSNormOp,ve,nvtx_operator_range,9311235,10660968516,9033746,9033746,0,224,0,10860,9176525,copy|elementwise_binary|elementwise_unary|reduce,"void at::native::unrolled_elementwise_kernel<at::native::direct_copy_kernel_cuda|void at::native::vectorized_elementwise_kernel<(int)4, void at::native::<unnamed|void at::native::reduce_kernel<(int)512, (int)1, at::native::ReduceOp<float, at:|void at::native::vectorized_elementwise_kernel<(int)4, at::native::CUDAFunctorOn|void at::native::vectorized_elementwise_kernel<(int)4, at::native::rsqrt_kernel_|void at::native::elementwise_kernel<(int)128, (int)2, void at::native::gpu_kerne|void at::native::vectorized_elementwise_kernel<(int)8, at::native::float16_copy_"
planner_debate_L,measured,3,planner-final,7,AddOp,ve,nvtx_operator_range,589669,10670305373,432723,432723,0,32,0,11115,495247,elementwise_binary,"void at::native::vectorized_elementwise_kernel<(int)8, at::native::CUDAFunctorOn"
planner_debate_L,measured,3,planner-final,8,RMSNormOp,ve,nvtx_operator_range,9745054,10670903861,9527460,9527460,0,224,0,7675,9670525,copy|elementwise_binary|elementwise_unary|reduce,"void at::native::unrolled_elementwise_kernel<at::native::direct_copy_kernel_cuda|void at::native::vectorized_elementwise_kernel<(int)4, void at::native::<unnamed|void at::native::reduce_kernel<(int)512, (int)1, at::native::ReduceOp<float, at:|void at::native::vectorized_elementwise_kernel<(int)4, at::native::CUDAFunctorOn|void at::native::vectorized_elementwise_kernel<(int)4, at::native::rsqrt_kernel_|void at::native::elementwise_kernel<(int)128, (int)2, void at::native::gpu_kerne|void at::native::vectorized_elementwise_kernel<(int)8, at::native::float16_copy_"
planner_debate_L,measured,3,planner-final,10,LinearOp,me,nvtx_operator_range,20093970,10680660641,19900197,19900197,0,32,0,11292,19920389,gemm,void cutlass::Kernel2<cutlass_80_tensorop_f16_s16816gemm_relu_f16_64x64_32x6_nn_
planner_debate_L,measured,3,planner-final,11,LinearOp,me,nvtx_operator_range,20292760,10700768511,20143261,20143261,0,32,0,11618,20163197,gemm,void cutlass::Kernel2<cutlass_80_tensorop_f16_s16816gemm_relu_f16_64x64_32x6_nn_
planner_debate_L,measured,3,planner-final,12,LinearOp,me,nvtx_operator_range,20790344,10721075740,20692618,20692618,0,32,0,7689,20714378,gemm,void cutlass::Kernel2<cutlass_80_tensorop_f16_s16816gemm_relu_f16_64x64_32x6_nn_
planner_debate_L,measured,3,planner-final,13,ViewOp,de,nvtx_operator_range,171151,10741883704,0,0,0,0,0,,,,
planner_debate_L,measured,3,planner-final,14,TransposeOp,de,nvtx_operator_range,5827270,10742060128,5699427,5699427,0,32,0,12213,5720673,copy,"void at::native::elementwise_kernel<(int)128, (int)4, void at::native::gpu_kerne"
planner_debate_L,measured,4,planner-seed,,call_overhead,,gap_before_operator,,,1080603,39070,1041533,2,1,24064,1271093,elementwise_binary|memcpy|rng_init,"memcpy_Host-to-Device|void at::native::<unnamed>::distribution_elementwise_grid_stride_kernel<float, (|void at::native::vectorized_elementwise_kernel<(int)8, at::native::BUnaryFunctor"
planner_debate_L,measured,4,critic-a,,call_overhead,,gap_before_operator,,,2573002,52990,2520012,2,2,21813,122330111,elementwise_binary|memcpy|rng_init,"memcpy_Device-to-Host|memcpy_Host-to-Device|void at::native::<unnamed>::distribution_elementwise_grid_stride_kernel<float, (|void at::native::vectorized_elementwise_kernel<(int)8, at::native::BUnaryFunctor"
planner_debate_L,measured,4,critic-b,,call_overhead,,gap_before_operator,,,2887423,53534,2833889,2,2,21749,117969745,elementwise_binary|memcpy|rng_init,"memcpy_Device-to-Host|memcpy_Host-to-Device|void at::native::<unnamed>::distribution_elementwise_grid_stride_kernel<float, (|void at::native::vectorized_elementwise_kernel<(int)8, at::native::BUnaryFunctor"
planner_debate_L,measured,4,critic-merge,,call_overhead,,gap_before_operator,,,2888863,53214,2835649,2,2,15971,115301386,elementwise_binary|memcpy|rng_init,"memcpy_Device-to-Host|memcpy_Host-to-Device|void at::native::<unnamed>::distribution_elementwise_grid_stride_kernel<float, (|void at::native::vectorized_elementwise_kernel<(int)8, at::native::BUnaryFunctor"
planner_debate_L,measured,4,planner-final,,call_overhead,,gap_before_operator,,,3645991,40032,3605959,2,3,17809,177881115,elementwise_binary|memcpy|rng_init,"memcpy_Device-to-Host|memcpy_Host-to-Device|void at::native::<unnamed>::distribution_elementwise_grid_stride_kernel<float, (|void at::native::vectorized_elementwise_kernel<(int)8, at::native::BUnaryFunctor"
planner_debate_L,measured,4,planner-seed,6,RMSNormOp,ve,nvtx_operator_range,9357565,10840682458,9080208,9080208,0,224,0,10483,9223020,copy|elementwise_binary|elementwise_unary|reduce,"void at::native::unrolled_elementwise_kernel<at::native::direct_copy_kernel_cuda|void at::native::vectorized_elementwise_kernel<(int)4, void at::native::<unnamed|void at::native::reduce_kernel<(int)512, (int)1, at::native::ReduceOp<float, at:|void at::native::vectorized_elementwise_kernel<(int)4, at::native::CUDAFunctorOn|void at::native::vectorized_elementwise_kernel<(int)4, at::native::rsqrt_kernel_|void at::native::elementwise_kernel<(int)128, (int)2, void at::native::gpu_kerne|void at::native::vectorized_elementwise_kernel<(int)8, at::native::float16_copy_"
planner_debate_L,measured,4,planner-seed,7,AddOp,ve,nvtx_operator_range,584539,10850054364,432115,432115,0,32,0,9584,501392,elementwise_binary,"void at::native::vectorized_elementwise_kernel<(int)8, at::native::CUDAFunctorOn"
planner_debate_L,measured,4,planner-seed,8,RMSNormOp,ve,nvtx_operator_range,9206685,10850646581,8975571,8975571,0,224,0,7970,9119471,copy|elementwise_binary|elementwise_unary|reduce,"void at::native::unrolled_elementwise_kernel<at::native::direct_copy_kernel_cuda|void at::native::vectorized_elementwise_kernel<(int)4, void at::native::<unnamed|void at::native::reduce_kernel<(int)512, (int)1, at::native::ReduceOp<float, at:|void at::native::vectorized_elementwise_kernel<(int)4, at::native::CUDAFunctorOn|void at::native::vectorized_elementwise_kernel<(int)4, at::native::rsqrt_kernel_|void at::native::elementwise_kernel<(int)128, (int)2, void at::native::gpu_kerne|void at::native::vectorized_elementwise_kernel<(int)8, at::native::float16_copy_"
planner_debate_L,measured,4,planner-seed,10,LinearOp,me,nvtx_operator_range,20072755,10859865426,19905509,19905509,0,32,0,10581,19925668,gemm,void cutlass::Kernel2<cutlass_80_tensorop_f16_s16816gemm_relu_f16_64x64_32x6_nn_
planner_debate_L,measured,4,planner-seed,11,LinearOp,me,nvtx_operator_range,19927177,10879953275,19808297,19808297,0,32,0,8152,19828360,gemm,void cutlass::Kernel2<cutlass_80_tensorop_f16_s16816gemm_relu_f16_64x64_32x6_nn_
planner_debate_L,measured,4,planner-seed,12,LinearOp,me,nvtx_operator_range,21218997,10899902115,21079998,21079998,0,32,0,11561,21101598,gemm,void cutlass::Kernel2<cutlass_80_tensorop_f16_s16816gemm_relu_f16_64x64_32x6_nn_
planner_debate_L,measured,4,planner-seed,13,ViewOp,de,nvtx_operator_range,219874,10921138403,0,0,0,0,0,,,,
planner_debate_L,measured,4,planner-seed,14,TransposeOp,de,nvtx_operator_range,5845338,10921367801,5684514,5684514,0,32,0,13885,5705473,copy,"void at::native::elementwise_kernel<(int)128, (int)4, void at::native::gpu_kerne"
planner_debate_L,measured,4,critic-a,6,RMSNormOp,ve,nvtx_operator_range,16602684,11049591628,16313887,16313887,0,224,0,11561,16458584,copy|elementwise_binary|elementwise_unary|reduce,"void at::native::unrolled_elementwise_kernel<at::native::direct_copy_kernel_cuda|void at::native::vectorized_elementwise_kernel<(int)4, void at::native::<unnamed|void at::native::reduce_kernel<(int)512, (int)1, at::native::ReduceOp<float, at:|void at::native::vectorized_elementwise_kernel<(int)4, at::native::CUDAFunctorOn|void at::native::vectorized_elementwise_kernel<(int)4, at::native::rsqrt_kernel_|void at::native::elementwise_kernel<(int)128, (int)2, void at::native::gpu_kerne|void at::native::vectorized_elementwise_kernel<(int)8, at::native::float16_copy_"
planner_debate_L,measured,4,critic-a,7,AddOp,ve,nvtx_operator_range,757574,11066211026,655882,655882,0,32,0,9730,676361,elementwise_binary,"void at::native::vectorized_elementwise_kernel<(int)8, at::native::CUDAFunctorOn"
planner_debate_L,measured,4,critic-a,8,RMSNormOp,ve,nvtx_operator_range,16002028,11066977026,15783604,15783604,0,224,0,7362,15929802,copy|elementwise_binary|elementwise_unary|reduce,"void at::native::unrolled_elementwise_kernel<at::native::direct_copy_kernel_cuda|void at::native::vectorized_elementwise_kernel<(int)4, void at::native::<unnamed|void at::native::reduce_kernel<(int)512, (int)1, at::native::ReduceOp<float, at:|void at::native::vectorized_elementwise_kernel<(int)4, at::native::CUDAFunctorOn|void at::native::vectorized_elementwise_kernel<(int)4, at::native::rsqrt_kernel_|void at::native::elementwise_kernel<(int)128, (int)2, void at::native::gpu_kerne|void at::native::vectorized_elementwise_kernel<(int)8, at::native::float16_copy_"
planner_debate_L,measured,4,critic-a,10,LinearOp,me,nvtx_operator_range,26291723,11082991374,26085177,26046202,38975,32,32,17154,26157236,gemm|memset,memset|ampere_fp16_s1688gemm_fp16_128x128_ldg8_f2f_stages_32x1_nn
planner_debate_L,measured,4,critic-a,11,LinearOp,me,nvtx_operator_range,27223320,11109298622,27033110,26993559,39551,32,32,8490,27097588,gemm|memset,memset|ampere_fp16_s1688gemm_fp16_128x128_ldg8_f2f_stages_32x1_nn
planner_debate_L,measured,4,critic-a,12,LinearOp,me,nvtx_operator_range,27029756,11136537187,26865756,26824062,41694,32,32,8388,26934618,gemm|memset,memset|ampere_fp16_s1688gemm_fp16_128x128_ldg8_f2f_stages_32x1_nn
planner_debate_L,measured,4,critic-a,13,ViewOp,de,nvtx_operator_range,156893,11163580501,0,0,0,0,0,,,,
planner_debate_L,measured,4,critic-a,14,TransposeOp,de,nvtx_operator_range,7322761,11163742955,7208910,7208910,0,32,0,10976,7230286,copy,"void at::native::elementwise_kernel<(int)128, (int)4, void at::native::gpu_kerne"
planner_debate_L,measured,4,critic-b,6,RMSNormOp,ve,nvtx_operator_range,16131396,11289064862,15837967,15837967,0,224,0,10485,15981417,copy|elementwise_binary|elementwise_unary|reduce,"void at::native::unrolled_elementwise_kernel<at::native::direct_copy_kernel_cuda|void at::native::vectorized_elementwise_kernel<(int)4, void at::native::<unnamed|void at::native::reduce_kernel<(int)512, (int)1, at::native::ReduceOp<float, at:|void at::native::vectorized_elementwise_kernel<(int)4, at::native::CUDAFunctorOn|void at::native::vectorized_elementwise_kernel<(int)4, at::native::rsqrt_kernel_|void at::native::elementwise_kernel<(int)128, (int)2, void at::native::gpu_kerne|void at::native::vectorized_elementwise_kernel<(int)8, at::native::float16_copy_"
planner_debate_L,measured,4,critic-b,7,AddOp,ve,nvtx_operator_range,780555,11305211794,646060,646060,0,32,0,14046,666026,elementwise_binary,"void at::native::vectorized_elementwise_kernel<(int)8, at::native::CUDAFunctorOn"
planner_debate_L,measured,4,critic-b,8,RMSNormOp,ve,nvtx_operator_range,16024126,11306002627,15805422,15805422,0,224,0,8427,15949002,copy|elementwise_binary|elementwise_unary|reduce,"void at::native::unrolled_elementwise_kernel<at::native::direct_copy_kernel_cuda|void at::native::vectorized_elementwise_kernel<(int)4, void at::native::<unnamed|void at::native::reduce_kernel<(int)512, (int)1, at::native::ReduceOp<float, at:|void at::native::vectorized_elementwise_kernel<(int)4, at::native::CUDAFunctorOn|void at::native::vectorized_elementwise_kernel<(int)4, at::native::rsqrt_kernel_|void at::native::elementwise_kernel<(int)128, (int)2, void at::native::gpu_kerne|void at::native::vectorized_elementwise_kernel<(int)8, at::native::float16_copy_"
planner_debate_L,measured,4,critic-b,10,LinearOp,me,nvtx_operator_range,26001355,11322038654,25804158,25764416,39742,32,32,16131,25877534,gemm|memset,memset|ampere_fp16_s1688gemm_fp16_128x128_ldg8_f2f_stages_32x1_nn
planner_debate_L,measured,4,critic-b,11,LinearOp,me,nvtx_operator_range,26051674,11348052488,25916412,25878621,37791,32,32,7239,25975258,gemm|memset,memset|ampere_fp16_s1688gemm_fp16_128x128_ldg8_f2f_stages_32x1_nn
planner_debate_L,measured,4,critic-b,12,LinearOp,me,nvtx_operator_range,26086593,11374113243,25952571,25914619,37952,32,32,6072,26013753,gemm|memset,memset|ampere_fp16_s1688gemm_fp16_128x128_ldg8_f2f_stages_32x1_nn
planner_debate_L,measured,4,critic-b,13,ViewOp,de,nvtx_operator_range,160593,11400216160,0,0,0,0,0,,,,
planner_debate_L,measured,4,critic-b,14,TransposeOp,de,nvtx_operator_range,6922728,11400392001,6807868,6807868,0,32,0,12267,6827963,copy,"void at::native::elementwise_kernel<(int)128, (int)4, void at::native::gpu_kerne"
planner_debate_L,measured,4,critic-merge,6,RMSNormOp,ve,nvtx_operator_range,16097681,11522632857,15843115,15843115,0,224,0,9656,15986216,copy|elementwise_binary|elementwise_unary|reduce,"void at::native::unrolled_elementwise_kernel<at::native::direct_copy_kernel_cuda|void at::native::vectorized_elementwise_kernel<(int)4, void at::native::<unnamed|void at::native::reduce_kernel<(int)512, (int)1, at::native::ReduceOp<float, at:|void at::native::vectorized_elementwise_kernel<(int)4, at::native::CUDAFunctorOn|void at::native::vectorized_elementwise_kernel<(int)4, at::native::rsqrt_kernel_|void at::native::elementwise_kernel<(int)128, (int)2, void at::native::gpu_kerne|void at::native::vectorized_elementwise_kernel<(int)8, at::native::float16_copy_"
planner_debate_L,measured,4,critic-merge,7,AddOp,ve,nvtx_operator_range,738148,11538741543,644938,644938,0,32,0,9667,664746,elementwise_binary,"void at::native::vectorized_elementwise_kernel<(int)8, at::native::CUDAFunctorOn"
planner_debate_L,measured,4,critic-merge,8,RMSNormOp,ve,nvtx_operator_range,16340466,11539487383,16125924,16125924,0,224,0,8489,16268767,copy|elementwise_binary|elementwise_unary|reduce,"void at::native::unrolled_elementwise_kernel<at::native::direct_copy_kernel_cuda|void at::native::vectorized_elementwise_kernel<(int)4, void at::native::<unnamed|void at::native::reduce_kernel<(int)512, (int)1, at::native::ReduceOp<float, at:|void at::native::vectorized_elementwise_kernel<(int)4, at::native::CUDAFunctorOn|void at::native::vectorized_elementwise_kernel<(int)4, at::native::rsqrt_kernel_|void at::native::elementwise_kernel<(int)128, (int)2, void at::native::gpu_kerne|void at::native::vectorized_elementwise_kernel<(int)8, at::native::float16_copy_"
planner_debate_L,measured,4,critic-merge,10,LinearOp,me,nvtx_operator_range,25653279,11555839254,25470410,25431210,39200,32,32,14575,25537449,gemm|memset,memset|ampere_fp16_s1688gemm_fp16_128x128_ldg8_f2f_stages_32x1_nn
planner_debate_L,measured,4,critic-merge,11,LinearOp,me,nvtx_operator_range,26957853,11581515767,26804734,26765376,39358,32,32,7720,26867324,gemm|memset,memset|ampere_fp16_s1688gemm_fp16_128x128_ldg8_f2f_stages_32x1_nn
planner_debate_L,measured,4,critic-merge,12,LinearOp,me,nvtx_operator_range,27365506,11608485378,27221840,27179219,42621,32,32,6945,27292653,gemm|memset,memset|ampere_fp16_s1688gemm_fp16_128x128_ldg8_f2f_stages_32x1_nn
planner_debate_L,measured,4,critic-merge,13,ViewOp,de,nvtx_operator_range,147942,11635862886,0,0,0,0,0,,,,
planner_debate_L,measured,4,critic-merge,14,TransposeOp,de,nvtx_operator_range,7320713,11636015986,7212206,7212206,0,32,0,10385,7233614,copy,"void at::native::elementwise_kernel<(int)128, (int)4, void at::native::gpu_kerne"
planner_debate_L,measured,4,planner-final,6,RMSNormOp,ve,nvtx_operator_range,9270447,11734910097,9012373,9012373,0,224,0,10214,9154766,copy|elementwise_binary|elementwise_unary|reduce,"void at::native::unrolled_elementwise_kernel<at::native::direct_copy_kernel_cuda|void at::native::vectorized_elementwise_kernel<(int)4, void at::native::<unnamed|void at::native::reduce_kernel<(int)512, (int)1, at::native::ReduceOp<float, at:|void at::native::vectorized_elementwise_kernel<(int)4, at::native::CUDAFunctorOn|void at::native::vectorized_elementwise_kernel<(int)4, at::native::rsqrt_kernel_|void at::native::elementwise_kernel<(int)128, (int)2, void at::native::gpu_kerne|void at::native::vectorized_elementwise_kernel<(int)8, at::native::float16_copy_"
planner_debate_L,measured,4,planner-final,7,AddOp,ve,nvtx_operator_range,542554,11744202752,431792,431792,0,32,0,9687,456272,elementwise_binary,"void at::native::vectorized_elementwise_kernel<(int)8, at::native::CUDAFunctorOn"
planner_debate_L,measured,4,planner-final,8,RMSNormOp,ve,nvtx_operator_range,9754048,11744755737,9541570,9541570,0,224,0,7744,9683612,copy|elementwise_binary|elementwise_unary|reduce,"void at::native::unrolled_elementwise_kernel<at::native::direct_copy_kernel_cuda|void at::native::vectorized_elementwise_kernel<(int)4, void at::native::<unnamed|void at::native::reduce_kernel<(int)512, (int)1, at::native::ReduceOp<float, at:|void at::native::vectorized_elementwise_kernel<(int)4, at::native::CUDAFunctorOn|void at::native::vectorized_elementwise_kernel<(int)4, at::native::rsqrt_kernel_|void at::native::elementwise_kernel<(int)128, (int)2, void at::native::gpu_kerne|void at::native::vectorized_elementwise_kernel<(int)8, at::native::float16_copy_"
planner_debate_L,measured,4,planner-final,10,LinearOp,me,nvtx_operator_range,19766831,11754519912,19613359,19613359,0,32,0,10125,19633390,gemm,void cutlass::Kernel2<cutlass_80_tensorop_f16_s16816gemm_relu_f16_64x64_32x6_nn_
planner_debate_L,measured,4,planner-final,11,LinearOp,me,nvtx_operator_range,20025777,11774295157,19935524,19935524,0,32,0,7267,19955044,gemm,void cutlass::Kernel2<cutlass_80_tensorop_f16_s16816gemm_relu_f16_64x64_32x6_nn_
planner_debate_L,measured,4,planner-final,12,LinearOp,me,nvtx_operator_range,20137933,11794333542,20022656,20022656,0,32,0,8542,20042784,gemm,void cutlass::Kernel2<cutlass_80_tensorop_f16_s16816gemm_relu_f16_64x64_32x6_nn_
planner_debate_L,measured,4,planner-final,13,ViewOp,de,nvtx_operator_range,167044,11814485543,0,0,0,0,0,,,,
planner_debate_L,measured,4,planner-final,14,TransposeOp,de,nvtx_operator_range,5433801,11814657906,5319087,5319087,0,32,0,12562,5339054,copy,"void at::native::elementwise_kernel<(int)128, (int)4, void at::native::gpu_kerne"
planner_debate_L,measured,5,planner-seed,,call_overhead,,gap_before_operator,,,1093467,38878,1054589,2,1,22882,1286325,elementwise_binary|memcpy|rng_init,"memcpy_Host-to-Device|void at::native::<unnamed>::distribution_elementwise_grid_stride_kernel<float, (|void at::native::vectorized_elementwise_kernel<(int)8, at::native::BUnaryFunctor"
planner_debate_L,measured,5,critic-a,,call_overhead,,gap_before_operator,,,2541995,52254,2489741,2,2,22237,117623792,elementwise_binary|memcpy|rng_init,"memcpy_Device-to-Host|memcpy_Host-to-Device|void at::native::<unnamed>::distribution_elementwise_grid_stride_kernel<float, (|void at::native::vectorized_elementwise_kernel<(int)8, at::native::BUnaryFunctor"
planner_debate_L,measured,5,critic-b,,call_overhead,,gap_before_operator,,,2896415,53086,2843329,2,2,24070,118991139,elementwise_binary|memcpy|rng_init,"memcpy_Device-to-Host|memcpy_Host-to-Device|void at::native::<unnamed>::distribution_elementwise_grid_stride_kernel<float, (|void at::native::vectorized_elementwise_kernel<(int)8, at::native::BUnaryFunctor"
planner_debate_L,measured,5,critic-merge,,call_overhead,,gap_before_operator,,,2858113,53790,2804323,2,2,19044,121365747,elementwise_binary|memcpy|rng_init,"memcpy_Device-to-Host|memcpy_Host-to-Device|void at::native::<unnamed>::distribution_elementwise_grid_stride_kernel<float, (|void at::native::vectorized_elementwise_kernel<(int)8, at::native::BUnaryFunctor"
planner_debate_L,measured,5,planner-final,,call_overhead,,gap_before_operator,,,3743844,40191,3703653,2,3,21851,180771896,elementwise_binary|memcpy|rng_init,"memcpy_Device-to-Host|memcpy_Host-to-Device|void at::native::<unnamed>::distribution_elementwise_grid_stride_kernel<float, (|void at::native::vectorized_elementwise_kernel<(int)8, at::native::BUnaryFunctor"
planner_debate_L,measured,5,planner-seed,6,RMSNormOp,ve,nvtx_operator_range,9673637,11911677976,9391912,9391912,0,224,0,9939,9534914,copy|elementwise_binary|elementwise_unary|reduce,"void at::native::unrolled_elementwise_kernel<at::native::direct_copy_kernel_cuda|void at::native::vectorized_elementwise_kernel<(int)4, void at::native::<unnamed|void at::native::reduce_kernel<(int)512, (int)1, at::native::ReduceOp<float, at:|void at::native::vectorized_elementwise_kernel<(int)4, at::native::CUDAFunctorOn|void at::native::vectorized_elementwise_kernel<(int)4, at::native::rsqrt_kernel_|void at::native::elementwise_kernel<(int)128, (int)2, void at::native::gpu_kerne|void at::native::vectorized_elementwise_kernel<(int)8, at::native::float16_copy_"
planner_debate_L,measured,5,planner-seed,7,AddOp,ve,nvtx_operator_range,823177,11921367126,432787,432787,0,32,0,12301,693769,elementwise_binary,"void at::native::vectorized_elementwise_kernel<(int)8, at::native::CUDAFunctorOn"
planner_debate_L,measured,5,planner-seed,8,RMSNormOp,ve,nvtx_operator_range,9270274,11922200589,8996085,8996085,0,224,0,10728,9138000,copy|elementwise_binary|elementwise_unary|reduce,"void at::native::unrolled_elementwise_kernel<at::native::direct_copy_kernel_cuda|void at::native::vectorized_elementwise_kernel<(int)4, void at::native::<unnamed|void at::native::reduce_kernel<(int)512, (int)1, at::native::ReduceOp<float, at:|void at::native::vectorized_elementwise_kernel<(int)4, at::native::CUDAFunctorOn|void at::native::vectorized_elementwise_kernel<(int)4, at::native::rsqrt_kernel_|void at::native::elementwise_kernel<(int)128, (int)2, void at::native::gpu_kerne|void at::native::vectorized_elementwise_kernel<(int)8, at::native::float16_copy_"
planner_debate_L,measured,5,planner-seed,10,LinearOp,me,nvtx_operator_range,20438979,11931486116,20271100,20271100,0,32,0,10980,20290908,gemm,void cutlass::Kernel2<cutlass_80_tensorop_f16_s16816gemm_relu_f16_64x64_32x6_nn_
planner_debate_L,measured,5,planner-seed,11,LinearOp,me,nvtx_operator_range,20238104,11951937868,20142016,20142016,0,32,0,7772,20162400,gemm,void cutlass::Kernel2<cutlass_80_tensorop_f16_s16816gemm_relu_f16_64x64_32x6_nn_
planner_debate_L,measured,5,planner-seed,12,LinearOp,me,nvtx_operator_range,20968271,11972194014,20815690,20815690,0,32,0,9501,20837226,gemm,void cutlass::Kernel2<cutlass_80_tensorop_f16_s16816gemm_relu_f16_64x64_32x6_nn_
planner_debate_L,measured,5,planner-seed,13,ViewOp,de,nvtx_operator_range,184500,11993183346,0,0,0,0,0,,,,
planner_debate_L,measured,5,planner-seed,14,TransposeOp,de,nvtx_operator_range,5946006,11993375715,5780707,5780707,0,32,0,17142,5802239,copy,"void at::native::elementwise_kernel<(int)128, (int)4, void at::native::gpu_kerne"
planner_debate_L,measured,5,critic-a,6,RMSNormOp,ve,nvtx_operator_range,16601692,12117002851,16318945,16318945,0,224,0,10715,16462236,copy|elementwise_binary|elementwise_unary|reduce,"void at::native::unrolled_elementwise_kernel<at::native::direct_copy_kernel_cuda|void at::native::vectorized_elementwise_kernel<(int)4, void at::native::<unnamed|void at::native::reduce_kernel<(int)512, (int)1, at::native::ReduceOp<float, at:|void at::native::vectorized_elementwise_kernel<(int)4, at::native::CUDAFunctorOn|void at::native::vectorized_elementwise_kernel<(int)4, at::native::rsqrt_kernel_|void at::native::elementwise_kernel<(int)128, (int)2, void at::native::gpu_kerne|void at::native::vectorized_elementwise_kernel<(int)8, at::native::float16_copy_"
planner_debate_L,measured,5,critic-a,7,AddOp,ve,nvtx_operator_range,750538,12133626302,644362,644362,0,32,0,12217,663946,elementwise_binary,"void at::native::vectorized_elementwise_kernel<(int)8, at::native::CUDAFunctorOn"
planner_debate_L,measured,5,critic-a,8,RMSNormOp,ve,nvtx_operator_range,16002380,12134386074,15780018,15780018,0,224,0,7566,15923853,copy|elementwise_binary|elementwise_unary|reduce,"void at::native::unrolled_elementwise_kernel<at::native::direct_copy_kernel_cuda|void at::native::vectorized_elementwise_kernel<(int)4, void at::native::<unnamed|void at::native::reduce_kernel<(int)512, (int)1, at::native::ReduceOp<float, at:|void at::native::vectorized_elementwise_kernel<(int)4, at::native::CUDAFunctorOn|void at::native::vectorized_elementwise_kernel<(int)4, at::native::rsqrt_kernel_|void at::native::elementwise_kernel<(int)128, (int)2, void at::native::gpu_kerne|void at::native::vectorized_elementwise_kernel<(int)8, at::native::float16_copy_"
planner_debate_L,measured,5,critic-a,10,LinearOp,me,nvtx_operator_range,26370544,12150404111,26170104,26132314,37790,32,32,18012,26240534,gemm|memset,memset|ampere_fp16_s1688gemm_fp16_128x128_ldg8_f2f_stages_32x1_nn
planner_debate_L,measured,5,critic-a,11,LinearOp,me,nvtx_operator_range,26503685,12176794851,26328369,26289905,38464,32,32,8991,26390768,gemm|memset,memset|ampere_fp16_s1688gemm_fp16_128x128_ldg8_f2f_stages_32x1_nn
planner_debate_L,measured,5,critic-a,12,LinearOp,me,nvtx_operator_range,26145443,12203320394,25970877,25932286,38591,32,32,9388,26035740,gemm|memset,memset|ampere_fp16_s1688gemm_fp16_128x128_ldg8_f2f_stages_32x1_nn
planner_debate_L,measured,5,critic-a,13,ViewOp,de,nvtx_operator_range,159564,12229488646,0,0,0,0,0,,,,
planner_debate_L,measured,5,critic-a,14,TransposeOp,de,nvtx_operator_range,7605803,12229656297,7472071,7472071,0,32,0,12644,7492742,copy,"void at::native::elementwise_kernel<(int)128, (int)4, void at::native::gpu_kerne"
planner_debate_L,measured,5,critic-b,6,RMSNormOp,ve,nvtx_operator_range,16268941,12356295110,15846388,15846388,0,224,0,11087,16137542,copy|elementwise_binary|elementwise_unary|reduce,"void at::native::unrolled_elementwise_kernel<at::native::direct_copy_kernel_cuda|void at::native::vectorized_elementwise_kernel<(int)4, void at::native::<unnamed|void at::native::reduce_kernel<(int)512, (int)1, at::native::ReduceOp<float, at:|void at::native::vectorized_elementwise_kernel<(int)4, at::native::CUDAFunctorOn|void at::native::vectorized_elementwise_kernel<(int)4, at::native::rsqrt_kernel_|void at::native::elementwise_kernel<(int)128, (int)2, void at::native::gpu_kerne|void at::native::vectorized_elementwise_kernel<(int)8, at::native::float16_copy_"
planner_debate_L,measured,5,critic-b,7,AddOp,ve,nvtx_operator_range,741091,12372576861,642793,642793,0,32,0,9965,662537,elementwise_binary,"void at::native::vectorized_elementwise_kernel<(int)8, at::native::CUDAFunctorOn"
planner_debate_L,measured,5,critic-b,8,RMSNormOp,ve,nvtx_operator_range,16430324,12373336782,16211174,16211174,0,224,0,8213,16355232,copy|elementwise_binary|elementwise_unary|reduce,"void at::native::unrolled_elementwise_kernel<at::native::direct_copy_kernel_cuda|void at::native::vectorized_elementwise_kernel<(int)4, void at::native::<unnamed|void at::native::reduce_kernel<(int)512, (int)1, at::native::ReduceOp<float, at:|void at::native::vectorized_elementwise_kernel<(int)4, at::native::CUDAFunctorOn|void at::native::vectorized_elementwise_kernel<(int)4, at::native::rsqrt_kernel_|void at::native::elementwise_kernel<(int)128, (int)2, void at::native::gpu_kerne|void at::native::vectorized_elementwise_kernel<(int)8, at::native::float16_copy_"
planner_debate_L,measured,5,critic-b,10,LinearOp,me,nvtx_operator_range,25693219,12389778364,25475023,25435634,39389,32,32,16486,25544013,gemm|memset,memset|ampere_fp16_s1688gemm_fp16_128x128_ldg8_f2f_stages_32x1_nn
planner_debate_L,measured,5,critic-b,11,LinearOp,me,nvtx_operator_range,26103505,12415499544,25915136,25875970,39166,32,32,11576,25981598,gemm|memset,memset|ampere_fp16_s1688gemm_fp16_128x128_ldg8_f2f_stages_32x1_nn
planner_debate_L,measured,5,critic-b,12,LinearOp,me,nvtx_operator_range,27194043,12441617935,27052059,27010685,41374,32,32,9985,27113145,gemm|memset,memset|ampere_fp16_s1688gemm_fp16_128x128_ldg8_f2f_stages_32x1_nn
planner_debate_L,measured,5,critic-b,13,ViewOp,de,nvtx_operator_range,173016,12468842782,0,0,0,0,0,,,,
planner_debate_L,measured,5,critic-b,14,TransposeOp,de,nvtx_operator_range,7369965,12469033990,7234192,7234192,0,32,0,13582,7255471,copy,"void at::native::elementwise_kernel<(int)128, (int)4, void at::native::gpu_kerne"
planner_debate_L,measured,5,critic-merge,6,RMSNormOp,ve,nvtx_operator_range,16442058,12597797336,16167845,16167845,0,224,0,9913,16310880,copy|elementwise_binary|elementwise_unary|reduce,"void at::native::unrolled_elementwise_kernel<at::native::direct_copy_kernel_cuda|void at::native::vectorized_elementwise_kernel<(int)4, void at::native::<unnamed|void at::native::reduce_kernel<(int)512, (int)1, at::native::ReduceOp<float, at:|void at::native::vectorized_elementwise_kernel<(int)4, at::native::CUDAFunctorOn|void at::native::vectorized_elementwise_kernel<(int)4, at::native::rsqrt_kernel_|void at::native::elementwise_kernel<(int)128, (int)2, void at::native::gpu_kerne|void at::native::vectorized_elementwise_kernel<(int)8, at::native::float16_copy_"
planner_debate_L,measured,5,critic-merge,7,AddOp,ve,nvtx_operator_range,753094,12614260350,646218,646218,0,32,0,12509,666314,elementwise_binary,"void at::native::vectorized_elementwise_kernel<(int)8, at::native::CUDAFunctorOn"
planner_debate_L,measured,5,critic-merge,8,RMSNormOp,ve,nvtx_operator_range,15987043,12615021316,15773556,15773556,0,224,0,7500,15917006,copy|elementwise_binary|elementwise_unary|reduce,"void at::native::unrolled_elementwise_kernel<at::native::direct_copy_kernel_cuda|void at::native::vectorized_elementwise_kernel<(int)4, void at::native::<unnamed|void at::native::reduce_kernel<(int)512, (int)1, at::native::ReduceOp<float, at:|void at::native::vectorized_elementwise_kernel<(int)4, at::native::CUDAFunctorOn|void at::native::vectorized_elementwise_kernel<(int)4, at::native::rsqrt_kernel_|void at::native::elementwise_kernel<(int)128, (int)2, void at::native::gpu_kerne|void at::native::vectorized_elementwise_kernel<(int)8, at::native::float16_copy_"
planner_debate_L,measured,5,critic-merge,10,LinearOp,me,nvtx_operator_range,26038356,12631018245,25844836,25806918,37918,32,32,16689,25912481,gemm|memset,memset|ampere_fp16_s1688gemm_fp16_128x128_ldg8_f2f_stages_32x1_nn
planner_debate_L,measured,5,critic-merge,11,LinearOp,me,nvtx_operator_range,26337155,12657079416,26094107,26055483,38624,32,32,7946,26160632,gemm|memset,memset|ampere_fp16_s1688gemm_fp16_128x128_ldg8_f2f_stages_32x1_nn
planner_debate_L,measured,5,critic-merge,12,LinearOp,me,nvtx_operator_range,27586292,12683451351,27302099,27262068,40031,32,32,19963,27392144,gemm|memset,memset|ampere_fp16_s1688gemm_fp16_128x128_ldg8_f2f_stages_32x1_nn
planner_debate_L,measured,5,critic-merge,13,ViewOp,de,nvtx_operator_range,171902,12711060391,0,0,0,0,0,,,,
planner_debate_L,measured,5,critic-merge,14,TransposeOp,de,nvtx_operator_range,7366572,12711237965,7216974,7216974,0,32,0,13647,7238094,copy,"void at::native::elementwise_kernel<(int)128, (int)4, void at::native::gpu_kerne"
planner_debate_L,measured,5,planner-final,6,RMSNormOp,ve,nvtx_operator_range,9760326,12811689462,9484935,9484935,0,224,0,10100,9629055,copy|elementwise_binary|elementwise_unary|reduce,"void at::native::unrolled_elementwise_kernel<at::native::direct_copy_kernel_cuda|void at::native::vectorized_elementwise_kernel<(int)4, void at::native::<unnamed|void at::native::reduce_kernel<(int)512, (int)1, at::native::ReduceOp<float, at:|void at::native::vectorized_elementwise_kernel<(int)4, at::native::CUDAFunctorOn|void at::native::vectorized_elementwise_kernel<(int)4, at::native::rsqrt_kernel_|void at::native::elementwise_kernel<(int)128, (int)2, void at::native::gpu_kerne|void at::native::vectorized_elementwise_kernel<(int)8, at::native::float16_copy_"
planner_debate_L,measured,5,planner-final,7,AddOp,ve,nvtx_operator_range,538892,12821462462,431857,431857,0,32,0,9278,455473,elementwise_binary,"void at::native::vectorized_elementwise_kernel<(int)8, at::native::CUDAFunctorOn"
planner_debate_L,measured,5,planner-final,8,RMSNormOp,ve,nvtx_operator_range,9212360,12822008691,9005814,9005814,0,224,0,7430,9147184,copy|elementwise_binary|elementwise_unary|reduce,"void at::native::unrolled_elementwise_kernel<at::native::direct_copy_kernel_cuda|void at::native::vectorized_elementwise_kernel<(int)4, void at::native::<unnamed|void at::native::reduce_kernel<(int)512, (int)1, at::native::ReduceOp<float, at:|void at::native::vectorized_elementwise_kernel<(int)4, at::native::CUDAFunctorOn|void at::native::vectorized_elementwise_kernel<(int)4, at::native::rsqrt_kernel_|void at::native::elementwise_kernel<(int)128, (int)2, void at::native::gpu_kerne|void at::native::vectorized_elementwise_kernel<(int)8, at::native::float16_copy_"
planner_debate_L,measured,5,planner-final,10,LinearOp,me,nvtx_operator_range,19789684,12831231429,19637777,19637777,0,32,0,9583,19657585,gemm,void cutlass::Kernel2<cutlass_80_tensorop_f16_s16816gemm_relu_f16_64x64_32x6_nn_
planner_debate_L,measured,5,planner-final,11,LinearOp,me,nvtx_operator_range,20321113,12851029363,20228926,20228926,0,32,0,6808,20249566,gemm,void cutlass::Kernel2<cutlass_80_tensorop_f16_s16816gemm_relu_f16_64x64_32x6_nn_
planner_debate_L,measured,5,planner-final,12,LinearOp,me,nvtx_operator_range,20789084,12871372076,20666030,20666030,0,32,0,7878,20691950,gemm,void cutlass::Kernel2<cutlass_80_tensorop_f16_s16816gemm_relu_f16_64x64_32x6_nn_
planner_debate_L,measured,5,planner-final,13,ViewOp,de,nvtx_operator_range,164065,12892175465,0,0,0,0,0,,,,
planner_debate_L,measured,5,planner-final,14,TransposeOp,de,nvtx_operator_range,5867294,12892356135,5723936,5723936,0,32,0,12884,5745376,copy,"void at::native::elementwise_kernel<(int)128, (int)4, void at::native::gpu_kerne"
planner_debate_L,measured,6,planner-seed,,call_overhead,,gap_before_operator,,,1154681,39006,1115675,2,1,24022,1404817,elementwise_binary|memcpy|rng_init,"memcpy_Host-to-Device|void at::native::<unnamed>::distribution_elementwise_grid_stride_kernel<float, (|void at::native::vectorized_elementwise_kernel<(int)8, at::native::BUnaryFunctor"
planner_debate_L,measured,6,critic-a,,call_overhead,,gap_before_operator,,,2549739,53470,2496269,2,2,18724,113156006,elementwise_binary|memcpy|rng_init,"memcpy_Device-to-Host|memcpy_Host-to-Device|void at::native::<unnamed>::distribution_elementwise_grid_stride_kernel<float, (|void at::native::vectorized_elementwise_kernel<(int)8, at::native::BUnaryFunctor"
planner_debate_L,measured,6,critic-b,,call_overhead,,gap_before_operator,,,2875936,53662,2822274,2,2,18429,114530072,elementwise_binary|memcpy|rng_init,"memcpy_Device-to-Host|memcpy_Host-to-Device|void at::native::<unnamed>::distribution_elementwise_grid_stride_kernel<float, (|void at::native::vectorized_elementwise_kernel<(int)8, at::native::BUnaryFunctor"
planner_debate_L,measured,6,critic-merge,,call_overhead,,gap_before_operator,,,2880065,54846,2825219,2,2,20824,117660848,elementwise_binary|memcpy|rng_init,"memcpy_Device-to-Host|memcpy_Host-to-Device|void at::native::<unnamed>::distribution_elementwise_grid_stride_kernel<float, (|void at::native::vectorized_elementwise_kernel<(int)8, at::native::BUnaryFunctor"
planner_debate_L,measured,6,planner-final,,call_overhead,,gap_before_operator,,,3676999,40127,3636872,2,3,18314,175184561,elementwise_binary|memcpy|rng_init,"memcpy_Device-to-Host|memcpy_Host-to-Device|void at::native::<unnamed>::distribution_elementwise_grid_stride_kernel<float, (|void at::native::vectorized_elementwise_kernel<(int)8, at::native::BUnaryFunctor"
planner_debate_L,measured,6,planner-seed,6,RMSNormOp,ve,nvtx_operator_range,9356187,12991436692,9057681,9057681,0,224,0,11892,9200430,copy|elementwise_binary|elementwise_unary|reduce,"void at::native::unrolled_elementwise_kernel<at::native::direct_copy_kernel_cuda|void at::native::vectorized_elementwise_kernel<(int)4, void at::native::<unnamed|void at::native::reduce_kernel<(int)512, (int)1, at::native::ReduceOp<float, at:|void at::native::vectorized_elementwise_kernel<(int)4, at::native::CUDAFunctorOn|void at::native::vectorized_elementwise_kernel<(int)4, at::native::rsqrt_kernel_|void at::native::elementwise_kernel<(int)128, (int)2, void at::native::gpu_kerne|void at::native::vectorized_elementwise_kernel<(int)8, at::native::float16_copy_"
planner_debate_L,measured,6,planner-seed,7,AddOp,ve,nvtx_operator_range,601589,13000810394,431603,431603,0,32,0,9905,506255,elementwise_binary,"void at::native::vectorized_elementwise_kernel<(int)8, at::native::CUDAFunctorOn"
planner_debate_L,measured,6,planner-seed,8,RMSNormOp,ve,nvtx_operator_range,9202843,13001420051,8987955,8987955,0,224,0,7599,9129904,copy|elementwise_binary|elementwise_unary|reduce,"void at::native::unrolled_elementwise_kernel<at::native::direct_copy_kernel_cuda|void at::native::vectorized_elementwise_kernel<(int)4, void at::native::<unnamed|void at::native::reduce_kernel<(int)512, (int)1, at::native::ReduceOp<float, at:|void at::native::vectorized_elementwise_kernel<(int)4, at::native::CUDAFunctorOn|void at::native::vectorized_elementwise_kernel<(int)4, at::native::rsqrt_kernel_|void at::native::elementwise_kernel<(int)128, (int)2, void at::native::gpu_kerne|void at::native::vectorized_elementwise_kernel<(int)8, at::native::float16_copy_"
planner_debate_L,measured,6,planner-seed,10,LinearOp,me,nvtx_operator_range,20050762,13010632891,19896681,19896681,0,32,0,10339,19916712,gemm,void cutlass::Kernel2<cutlass_80_tensorop_f16_s16816gemm_relu_f16_64x64_32x6_nn_
planner_debate_L,measured,6,planner-seed,11,LinearOp,me,nvtx_operator_range,20065897,13030691864,19979590,19979590,0,32,0,7143,19999813,gemm,void cutlass::Kernel2<cutlass_80_tensorop_f16_s16816gemm_relu_f16_64x64_32x6_nn_
planner_debate_L,measured,6,planner-seed,12,LinearOp,me,nvtx_operator_range,19793178,13050773507,19708686,19708686,0,32,0,7063,19728782,gemm,void cutlass::Kernel2<cutlass_80_tensorop_f16_s16816gemm_relu_f16_64x64_32x6_nn_
planner_debate_L,measured,6,planner-seed,13,ViewOp,de,nvtx_operator_range,138749,13070579279,0,0,0,0,0,,,,
planner_debate_L,measured,6,planner-seed,14,TransposeOp,de,nvtx_operator_range,5420797,13070724078,5317295,5317295,0,32,0,9856,5336782,copy,"void at::native::elementwise_kernel<(int)128, (int)4, void at::native::gpu_kerne"
planner_debate_L,measured,6,critic-a,6,RMSNormOp,ve,nvtx_operator_range,16099679,13189330518,15844528,15844528,0,224,0,10005,15987563,copy|elementwise_binary|elementwise_unary|reduce,"void at::native::unrolled_elementwise_kernel<at::native::direct_copy_kernel_cuda|void at::native::vectorized_elementwise_kernel<(int)4, void at::native::<unnamed|void at::native::reduce_kernel<(int)512, (int)1, at::native::ReduceOp<float, at:|void at::native::vectorized_elementwise_kernel<(int)4, at::native::CUDAFunctorOn|void at::native::vectorized_elementwise_kernel<(int)4, at::native::rsqrt_kernel_|void at::native::elementwise_kernel<(int)128, (int)2, void at::native::gpu_kerne|void at::native::vectorized_elementwise_kernel<(int)8, at::native::float16_copy_"
planner_debate_L,measured,6,critic-a,7,AddOp,ve,nvtx_operator_range,758558,13205443020,644941,644941,0,32,0,12411,665098,elementwise_binary,"void at::native::vectorized_elementwise_kernel<(int)8, at::native::CUDAFunctorOn"
planner_debate_L,measured,6,critic-a,8,RMSNormOp,ve,nvtx_operator_range,16031205,13206211996,15806126,15806126,0,224,0,8362,15948812,copy|elementwise_binary|elementwise_unary|reduce,"void at::native::unrolled_elementwise_kernel<at::native::direct_copy_kernel_cuda|void at::native::vectorized_elementwise_kernel<(int)4, void at::native::<unnamed|void at::native::reduce_kernel<(int)512, (int)1, at::native::ReduceOp<float, at:|void at::native::vectorized_elementwise_kernel<(int)4, at::native::CUDAFunctorOn|void at::native::vectorized_elementwise_kernel<(int)4, at::native::rsqrt_kernel_|void at::native::elementwise_kernel<(int)128, (int)2, void at::native::gpu_kerne|void at::native::vectorized_elementwise_kernel<(int)8, at::native::float16_copy_"
planner_debate_L,measured,6,critic-a,10,LinearOp,me,nvtx_operator_range,25654265,13222259204,25470832,25432722,38110,32,32,15745,25537709,gemm|memset,memset|ampere_fp16_s1688gemm_fp16_128x128_ldg8_f2f_stages_32x1_nn
planner_debate_L,measured,6,critic-a,11,LinearOp,me,nvtx_operator_range,26361332,13247924250,26238773,26200696,38077,32,32,6249,26296788,gemm|memset,memset|ampere_fp16_s1688gemm_fp16_128x128_ldg8_f2f_stages_32x1_nn
planner_debate_L,measured,6,critic-a,12,LinearOp,me,nvtx_operator_range,26703961,13274304895,26577709,26537201,40508,32,32,6282,26637577,gemm|memset,memset|ampere_fp16_s1688gemm_fp16_128x128_ldg8_f2f_stages_32x1_nn
planner_debate_L,measured,6,critic-a,13,ViewOp,de,nvtx_operator_range,146437,13301020334,0,0,0,0,0,,,,
planner_debate_L,measured,6,critic-a,14,TransposeOp,de,nvtx_operator_range,7781226,13301172152,7669472,7669472,0,32,0,11320,7690784,copy,"void at::native::elementwise_kernel<(int)128, (int)4, void at::native::gpu_kerne"
planner_debate_L,measured,6,critic-b,6,RMSNormOp,ve,nvtx_operator_range,16458804,13423507601,16211937,16211937,0,224,0,10015,16354463,copy|elementwise_binary|elementwise_unary|reduce,"void at::native::unrolled_elementwise_kernel<at::native::direct_copy_kernel_cuda|void at::native::vectorized_elementwise_kernel<(int)4, void at::native::<unnamed|void at::native::reduce_kernel<(int)512, (int)1, at::native::ReduceOp<float, at:|void at::native::vectorized_elementwise_kernel<(int)4, at::native::CUDAFunctorOn|void at::native::vectorized_elementwise_kernel<(int)4, at::native::rsqrt_kernel_|void at::native::elementwise_kernel<(int)128, (int)2, void at::native::gpu_kerne|void at::native::vectorized_elementwise_kernel<(int)8, at::native::float16_copy_"
planner_debate_L,measured,6,critic-b,7,AddOp,ve,nvtx_operator_range,733602,13439978062,644745,644745,0,32,0,8980,664361,elementwise_binary,"void at::native::vectorized_elementwise_kernel<(int)8, at::native::CUDAFunctorOn"
planner_debate_L,measured,6,critic-b,8,RMSNormOp,ve,nvtx_operator_range,16468409,13440719447,16245153,16245153,0,224,0,8250,16386910,copy|elementwise_binary|elementwise_unary|reduce,"void at::native::unrolled_elementwise_kernel<at::native::direct_copy_kernel_cuda|void at::native::vectorized_elementwise_kernel<(int)4, void at::native::<unnamed|void at::native::reduce_kernel<(int)512, (int)1, at::native::ReduceOp<float, at:|void at::native::vectorized_elementwise_kernel<(int)4, at::native::CUDAFunctorOn|void at::native::vectorized_elementwise_kernel<(int)4, at::native::rsqrt_kernel_|void at::native::elementwise_kernel<(int)128, (int)2, void at::native::gpu_kerne|void at::native::vectorized_elementwise_kernel<(int)8, at::native::float16_copy_"
planner_debate_L,measured,6,critic-b,10,LinearOp,me,nvtx_operator_range,26337265,13457197001,26138841,26094400,44441,32,32,15865,26217015,gemm|memset,memset|ampere_fp16_s1688gemm_fp16_128x128_ldg8_f2f_stages_32x1_nn
planner_debate_L,measured,6,critic-b,11,LinearOp,me,nvtx_operator_range,26709447,13483546427,26570986,26532364,38622,32,32,8800,26630313,gemm|memset,memset|ampere_fp16_s1688gemm_fp16_128x128_ldg8_f2f_stages_32x1_nn
planner_debate_L,measured,6,critic-b,12,LinearOp,me,nvtx_operator_range,27768337,13510267034,27595019,27552620,42399,32,32,8392,27663782,gemm|memset,memset|ampere_fp16_s1688gemm_fp16_128x128_ldg8_f2f_stages_32x1_nn
planner_debate_L,measured,6,critic-b,13,ViewOp,de,nvtx_operator_range,163119,13538059145,0,0,0,0,0,,,,
planner_debate_L,measured,6,critic-b,14,TransposeOp,de,nvtx_operator_range,7371310,13538227773,7213168,7213168,0,32,0,14006,7234255,copy,"void at::native::elementwise_kernel<(int)128, (int)4, void at::native::gpu_kerne"
planner_debate_L,measured,6,critic-merge,6,RMSNormOp,ve,nvtx_operator_range,16088088,13663301583,15834642,15834642,0,224,0,9300,15981100,copy|elementwise_binary|elementwise_unary|reduce,"void at::native::unrolled_elementwise_kernel<at::native::direct_copy_kernel_cuda|void at::native::vectorized_elementwise_kernel<(int)4, void at::native::<unnamed|void at::native::reduce_kernel<(int)512, (int)1, at::native::ReduceOp<float, at:|void at::native::vectorized_elementwise_kernel<(int)4, at::native::CUDAFunctorOn|void at::native::vectorized_elementwise_kernel<(int)4, at::native::rsqrt_kernel_|void at::native::elementwise_kernel<(int)128, (int)2, void at::native::gpu_kerne|void at::native::vectorized_elementwise_kernel<(int)8, at::native::float16_copy_"
planner_debate_L,measured,6,critic-merge,7,AddOp,ve,nvtx_operator_range,753688,13679410955,657513,657513,0,32,0,10599,677097,elementwise_binary,"void at::native::vectorized_elementwise_kernel<(int)8, at::native::CUDAFunctorOn"
planner_debate_L,measured,6,critic-merge,8,RMSNormOp,ve,nvtx_operator_range,16016889,13680171727,15809714,15809714,0,224,0,7190,15953261,copy|elementwise_binary|elementwise_unary|reduce,"void at::native::unrolled_elementwise_kernel<at::native::direct_copy_kernel_cuda|void at::native::vectorized_elementwise_kernel<(int)4, void at::native::<unnamed|void at::native::reduce_kernel<(int)512, (int)1, at::native::ReduceOp<float, at:|void at::native::vectorized_elementwise_kernel<(int)4, at::native::CUDAFunctorOn|void at::native::vectorized_elementwise_kernel<(int)4, at::native::rsqrt_kernel_|void at::native::elementwise_kernel<(int)128, (int)2, void at::native::gpu_kerne|void at::native::vectorized_elementwise_kernel<(int)8, at::native::float16_copy_"
planner_debate_L,measured,6,critic-merge,10,LinearOp,me,nvtx_operator_range,26378194,13696198372,26172600,26130042,42558,32,32,17434,26244086,gemm|memset,memset|ampere_fp16_s1688gemm_fp16_128x128_ldg8_f2f_stages_32x1_nn
planner_debate_L,measured,6,critic-merge,11,LinearOp,me,nvtx_operator_range,25768622,13722596191,25578860,25539821,39039,32,32,10418,25643209,gemm|memset,memset|ampere_fp16_s1688gemm_fp16_128x128_ldg8_f2f_stages_32x1_nn
planner_debate_L,measured,6,critic-merge,12,LinearOp,me,nvtx_operator_range,26106387,13748386029,25972668,25931741,40927,32,32,6029,26033820,gemm|memset,memset|ampere_fp16_s1688gemm_fp16_128x128_ldg8_f2f_stages_32x1_nn
planner_debate_L,measured,6,critic-merge,13,ViewOp,de,nvtx_operator_range,153235,13774509404,0,0,0,0,0,,,,
planner_debate_L,measured,6,critic-merge,14,TransposeOp,de,nvtx_operator_range,6878676,13774668193,6750751,6750751,0,32,0,11511,6770590,copy,"void at::native::elementwise_kernel<(int)128, (int)4, void at::native::gpu_kerne"
planner_debate_L,measured,6,planner-final,6,RMSNormOp,ve,nvtx_operator_range,9252578,13868783785,9016566,9016566,0,224,0,8455,9158352,copy|elementwise_binary|elementwise_unary|reduce,"void at::native::unrolled_elementwise_kernel<at::native::direct_copy_kernel_cuda|void at::native::vectorized_elementwise_kernel<(int)4, void at::native::<unnamed|void at::native::reduce_kernel<(int)512, (int)1, at::native::ReduceOp<float, at:|void at::native::vectorized_elementwise_kernel<(int)4, at::native::CUDAFunctorOn|void at::native::vectorized_elementwise_kernel<(int)4, at::native::rsqrt_kernel_|void at::native::elementwise_kernel<(int)128, (int)2, void at::native::gpu_kerne|void at::native::vectorized_elementwise_kernel<(int)8, at::native::float16_copy_"
planner_debate_L,measured,6,planner-final,7,AddOp,ve,nvtx_operator_range,538690,13878047103,431889,431889,0,32,0,9679,455857,elementwise_binary,"void at::native::vectorized_elementwise_kernel<(int)8, at::native::CUDAFunctorOn"
planner_debate_L,measured,6,planner-final,8,RMSNormOp,ve,nvtx_operator_range,9760611,13878592581,9551138,9551138,0,224,0,7368,9693311,copy|elementwise_binary|elementwise_unary|reduce,"void at::native::unrolled_elementwise_kernel<at::native::direct_copy_kernel_cuda|void at::native::vectorized_elementwise_kernel<(int)4, void at::native::<unnamed|void at::native::reduce_kernel<(int)512, (int)1, at::native::ReduceOp<float, at:|void at::native::vectorized_elementwise_kernel<(int)4, at::native::CUDAFunctorOn|void at::native::vectorized_elementwise_kernel<(int)4, at::native::rsqrt_kernel_|void at::native::elementwise_kernel<(int)128, (int)2, void at::native::gpu_kerne|void at::native::vectorized_elementwise_kernel<(int)8, at::native::float16_copy_"
planner_debate_L,measured,6,planner-final,10,LinearOp,me,nvtx_operator_range,19792528,13888363952,19646807,19646807,0,32,0,9318,19667157,gemm,void cutlass::Kernel2<cutlass_80_tensorop_f16_s16816gemm_relu_f16_64x64_32x6_nn_
planner_debate_L,measured,6,planner-final,11,LinearOp,me,nvtx_operator_range,20184298,13908164391,20083527,20083527,0,32,0,8443,20103943,gemm,void cutlass::Kernel2<cutlass_80_tensorop_f16_s16816gemm_relu_f16_64x64_32x6_nn_
planner_debate_L,measured,6,planner-final,12,LinearOp,me,nvtx_operator_range,20840767,13928359994,20729778,20729778,0,32,0,9040,20750897,gemm,void cutlass::Kernel2<cutlass_80_tensorop_f16_s16816gemm_relu_f16_64x64_32x6_nn_
planner_debate_L,measured,6,planner-final,13,ViewOp,de,nvtx_operator_range,146485,13949210437,0,0,0,0,0,,,,
planner_debate_L,measured,6,planner-final,14,TransposeOp,de,nvtx_operator_range,6274792,13949371557,6161587,6161587,0,32,0,10569,6182803,copy,"void at::native::elementwise_kernel<(int)128, (int)4, void at::native::gpu_kerne"
planner_debate_L,measured,7,planner-seed,,call_overhead,,gap_before_operator,,,1089692,39839,1049853,2,1,21143,1270134,elementwise_binary|memcpy|rng_init,"memcpy_Host-to-Device|void at::native::<unnamed>::distribution_elementwise_grid_stride_kernel<float, (|void at::native::vectorized_elementwise_kernel<(int)8, at::native::BUnaryFunctor"
planner_debate_L,measured,7,critic-a,,call_overhead,,gap_before_operator,,,2679848,54078,2625770,2,2,22258,118298068,elementwise_binary|memcpy|rng_init,"memcpy_Device-to-Host|memcpy_Host-to-Device|void at::native::<unnamed>::distribution_elementwise_grid_stride_kernel<float, (|void at::native::vectorized_elementwise_kernel<(int)8, at::native::BUnaryFunctor"
planner_debate_L,measured,7,critic-b,,call_overhead,,gap_before_operator,,,2848385,53982,2794403,2,2,19590,115492912,elementwise_binary|memcpy|rng_init,"memcpy_Device-to-Host|memcpy_Host-to-Device|void at::native::<unnamed>::distribution_elementwise_grid_stride_kernel<float, (|void at::native::vectorized_elementwise_kernel<(int)8, at::native::BUnaryFunctor"
planner_debate_L,measured,7,critic-merge,,call_overhead,,gap_before_operator,,,2913151,53726,2859425,2,2,19815,123330029,elementwise_binary|memcpy|rng_init,"memcpy_Device-to-Host|memcpy_Host-to-Device|void at::native::<unnamed>::distribution_elementwise_grid_stride_kernel<float, (|void at::native::vectorized_elementwise_kernel<(int)8, at::native::BUnaryFunctor"
planner_debate_L,measured,7,planner-final,,call_overhead,,gap_before_operator,,,4115544,39647,4075897,2,3,18626,181555526,elementwise_binary|memcpy|rng_init,"memcpy_Device-to-Host|memcpy_Host-to-Device|void at::native::<unnamed>::distribution_elementwise_grid_stride_kernel<float, (|void at::native::vectorized_elementwise_kernel<(int)8, at::native::BUnaryFunctor"
planner_debate_L,measured,7,planner-seed,6,RMSNormOp,ve,nvtx_operator_range,9765687,14046968391,9518371,9518371,0,224,0,9117,9662752,copy|elementwise_binary|elementwise_unary|reduce,"void at::native::unrolled_elementwise_kernel<at::native::direct_copy_kernel_cuda|void at::native::vectorized_elementwise_kernel<(int)4, void at::native::<unnamed|void at::native::reduce_kernel<(int)512, (int)1, at::native::ReduceOp<float, at:|void at::native::vectorized_elementwise_kernel<(int)4, at::native::CUDAFunctorOn|void at::native::vectorized_elementwise_kernel<(int)4, at::native::rsqrt_kernel_|void at::native::elementwise_kernel<(int)128, (int)2, void at::native::gpu_kerne|void at::native::vectorized_elementwise_kernel<(int)8, at::native::float16_copy_"
planner_debate_L,measured,7,planner-seed,7,AddOp,ve,nvtx_operator_range,566542,14056750275,431313,431313,0,32,0,9224,483376,elementwise_binary,"void at::native::vectorized_elementwise_kernel<(int)8, at::native::CUDAFunctorOn"
planner_debate_L,measured,7,planner-seed,8,RMSNormOp,ve,nvtx_operator_range,9238699,14057324088,9030771,9030771,0,224,0,7052,9172560,copy|elementwise_binary|elementwise_unary|reduce,"void at::native::unrolled_elementwise_kernel<at::native::direct_copy_kernel_cuda|void at::native::vectorized_elementwise_kernel<(int)4, void at::native::<unnamed|void at::native::reduce_kernel<(int)512, (int)1, at::native::ReduceOp<float, at:|void at::native::vectorized_elementwise_kernel<(int)4, at::native::CUDAFunctorOn|void at::native::vectorized_elementwise_kernel<(int)4, at::native::rsqrt_kernel_|void at::native::elementwise_kernel<(int)128, (int)2, void at::native::gpu_kerne|void at::native::vectorized_elementwise_kernel<(int)8, at::native::float16_copy_"
planner_debate_L,measured,7,planner-seed,10,LinearOp,me,nvtx_operator_range,20057889,14066584528,19906477,19906477,0,32,0,10568,19926380,gemm,void cutlass::Kernel2<cutlass_80_tensorop_f16_s16816gemm_relu_f16_64x64_32x6_nn_
planner_debate_L,measured,7,planner-seed,11,LinearOp,me,nvtx_operator_range,20056610,14086650636,19954860,19954860,0,32,0,7284,19974571,gemm,void cutlass::Kernel2<cutlass_80_tensorop_f16_s16816gemm_relu_f16_64x64_32x6_nn_
planner_debate_L,measured,7,planner-seed,12,LinearOp,me,nvtx_operator_range,20187207,14106721454,20047881,20047881,0,32,0,9916,20068136,gemm,void cutlass::Kernel2<cutlass_80_tensorop_f16_s16816gemm_relu_f16_64x64_32x6_nn_
planner_debate_L,measured,7,planner-seed,13,ViewOp,de,nvtx_operator_range,165745,14126928533,0,0,0,0,0,,,,
planner_debate_L,measured,7,planner-seed,14,TransposeOp,de,nvtx_operator_range,5907280,14127099921,5772224,5772224,0,32,0,14412,5793952,copy,"void at::native::elementwise_kernel<(int)128, (int)4, void at::native::gpu_kerne"
planner_debate_L,measured,7,critic-a,6,RMSNormOp,ve,nvtx_operator_range,16550083,14251357759,16266086,16266086,0,224,0,10566,16410432,copy|elementwise_binary|elementwise_unary|reduce,"void at::native::unrolled_elementwise_kernel<at::native::direct_copy_kernel_cuda|void at::native::vectorized_elementwise_kernel<(int)4, void at::native::<unnamed|void at::native::reduce_kernel<(int)512, (int)1, at::native::ReduceOp<float, at:|void at::native::vectorized_elementwise_kernel<(int)4, at::native::CUDAFunctorOn|void at::native::vectorized_elementwise_kernel<(int)4, at::native::rsqrt_kernel_|void at::native::elementwise_kernel<(int)128, (int)2, void at::native::gpu_kerne|void at::native::vectorized_elementwise_kernel<(int)8, at::native::float16_copy_"
planner_debate_L,measured,7,critic-a,7,AddOp,ve,nvtx_operator_range,819249,14267928932,666090,666090,0,32,0,30697,686217,elementwise_binary,"void at::native::vectorized_elementwise_kernel<(int)8, at::native::CUDAFunctorOn"
planner_debate_L,measured,7,critic-a,8,RMSNormOp,ve,nvtx_operator_range,16077182,14268756456,15857364,15857364,0,224,0,8349,16001583,copy|elementwise_binary|elementwise_unary|reduce,"void at::native::unrolled_elementwise_kernel<at::native::direct_copy_kernel_cuda|void at::native::vectorized_elementwise_kernel<(int)4, void at::native::<unnamed|void at::native::reduce_kernel<(int)512, (int)1, at::native::ReduceOp<float, at:|void at::native::vectorized_elementwise_kernel<(int)4, at::native::CUDAFunctorOn|void at::native::vectorized_elementwise_kernel<(int)4, at::native::rsqrt_kernel_|void at::native::elementwise_kernel<(int)128, (int)2, void at::native::gpu_kerne|void at::native::vectorized_elementwise_kernel<(int)8, at::native::float16_copy_"
planner_debate_L,measured,7,critic-a,10,LinearOp,me,nvtx_operator_range,25943348,14284846290,25741163,25703820,37343,32,32,22779,25805098,gemm|memset,memset|ampere_fp16_s1688gemm_fp16_128x128_ldg8_f2f_stages_32x1_nn
planner_debate_L,measured,7,critic-a,11,LinearOp,me,nvtx_operator_range,26109217,14310806221,25927301,25890151,37150,32,32,9256,25992036,gemm|memset,memset|ampere_fp16_s1688gemm_fp16_128x128_ldg8_f2f_stages_32x1_nn
planner_debate_L,measured,7,critic-a,12,LinearOp,me,nvtx_operator_range,27060561,14336935742,26892998,26852230,40768,32,32,8955,26963268,gemm|memset,memset|ampere_fp16_s1688gemm_fp16_128x128_ldg8_f2f_stages_32x1_nn
planner_debate_L,measured,7,critic-a,13,ViewOp,de,nvtx_operator_range,185520,14364016465,0,0,0,0,0,,,,
planner_debate_L,measured,7,critic-a,14,TransposeOp,de,nvtx_operator_range,7876480,14364207975,7736288,7736288,0,32,0,13315,7757407,copy,"void at::native::elementwise_kernel<(int)128, (int)4, void at::native::gpu_kerne"
planner_debate_L,measured,7,critic-b,6,RMSNormOp,ve,nvtx_operator_range,16480659,14487605471,16205961,16205961,0,224,0,10847,16350179,copy|elementwise_binary|elementwise_unary|reduce,"void at::native::unrolled_elementwise_kernel<at::native::direct_copy_kernel_cuda|void at::native::vectorized_elementwise_kernel<(int)4, void at::native::<unnamed|void at::native::reduce_kernel<(int)512, (int)1, at::native::ReduceOp<float, at:|void at::native::vectorized_elementwise_kernel<(int)4, at::native::CUDAFunctorOn|void at::native::vectorized_elementwise_kernel<(int)4, at::native::rsqrt_kernel_|void at::native::elementwise_kernel<(int)128, (int)2, void at::native::gpu_kerne|void at::native::vectorized_elementwise_kernel<(int)8, at::native::float16_copy_"
planner_debate_L,measured,7,critic-b,7,AddOp,ve,nvtx_operator_range,747163,14504104481,641644,641644,0,32,0,11869,661418,elementwise_binary,"void at::native::vectorized_elementwise_kernel<(int)8, at::native::CUDAFunctorOn"
planner_debate_L,measured,7,critic-b,8,RMSNormOp,ve,nvtx_operator_range,16118608,14504858777,15894802,15894802,0,224,0,7820,16037677,copy|elementwise_binary|elementwise_unary|reduce,"void at::native::unrolled_elementwise_kernel<at::native::direct_copy_kernel_cuda|void at::native::vectorized_elementwise_kernel<(int)4, void at::native::<unnamed|void at::native::reduce_kernel<(int)512, (int)1, at::native::ReduceOp<float, at:|void at::native::vectorized_elementwise_kernel<(int)4, at::native::CUDAFunctorOn|void at::native::vectorized_elementwise_kernel<(int)4, at::native::rsqrt_kernel_|void at::native::elementwise_kernel<(int)128, (int)2, void at::native::gpu_kerne|void at::native::vectorized_elementwise_kernel<(int)8, at::native::float16_copy_"
planner_debate_L,measured,7,critic-b,10,LinearOp,me,nvtx_operator_range,26013169,14520992222,25793737,25753578,40159,32,32,17299,25873383,gemm|memset,memset|ampere_fp16_s1688gemm_fp16_128x128_ldg8_f2f_stages_32x1_nn
planner_debate_L,measured,7,critic-b,11,LinearOp,me,nvtx_operator_range,27050752,14547033710,26886596,26845064,41532,32,32,7801,26953603,gemm|memset,memset|ampere_fp16_s1688gemm_fp16_128x128_ldg8_f2f_stages_32x1_nn
planner_debate_L,measured,7,critic-b,12,LinearOp,me,nvtx_operator_range,27077582,14574096824,26929059,26888483,40576,32,32,5864,26991298,gemm|memset,memset|ampere_fp16_s1688gemm_fp16_128x128_ldg8_f2f_stages_32x1_nn
planner_debate_L,measured,7,critic-b,13,ViewOp,de,nvtx_operator_range,186037,14601198153,0,0,0,0,0,,,,
planner_debate_L,measured,7,critic-b,14,TransposeOp,de,nvtx_operator_range,7267407,14601390573,7116821,7116821,0,32,0,16571,7138036,copy,"void at::native::elementwise_kernel<(int)128, (int)4, void at::native::gpu_kerne"
planner_debate_L,measured,7,critic-merge,6,RMSNormOp,ve,nvtx_operator_range,16532847,14732030464,16268678,16268678,0,224,0,9947,16413280,copy|elementwise_binary|elementwise_unary|reduce,"void at::native::unrolled_elementwise_kernel<at::native::direct_copy_kernel_cuda|void at::native::vectorized_elementwise_kernel<(int)4, void at::native::<unnamed|void at::native::reduce_kernel<(int)512, (int)1, at::native::ReduceOp<float, at:|void at::native::vectorized_elementwise_kernel<(int)4, at::native::CUDAFunctorOn|void at::native::vectorized_elementwise_kernel<(int)4, at::native::rsqrt_kernel_|void at::native::elementwise_kernel<(int)128, (int)2, void at::native::gpu_kerne|void at::native::vectorized_elementwise_kernel<(int)8, at::native::float16_copy_"
planner_debate_L,measured,7,critic-merge,7,AddOp,ve,nvtx_operator_range,829892,14748579594,644778,644778,0,32,0,97635,664618,elementwise_binary,"void at::native::vectorized_elementwise_kernel<(int)8, at::native::CUDAFunctorOn"
planner_debate_L,measured,7,critic-merge,8,RMSNormOp,ve,nvtx_operator_range,16002334,14749416771,15790231,15790231,0,224,0,7603,15933809,copy|elementwise_binary|elementwise_unary|reduce,"void at::native::unrolled_elementwise_kernel<at::native::direct_copy_kernel_cuda|void at::native::vectorized_elementwise_kernel<(int)4, void at::native::<unnamed|void at::native::reduce_kernel<(int)512, (int)1, at::native::ReduceOp<float, at:|void at::native::vectorized_elementwise_kernel<(int)4, at::native::CUDAFunctorOn|void at::native::vectorized_elementwise_kernel<(int)4, at::native::rsqrt_kernel_|void at::native::elementwise_kernel<(int)128, (int)2, void at::native::gpu_kerne|void at::native::vectorized_elementwise_kernel<(int)8, at::native::float16_copy_"
planner_debate_L,measured,7,critic-merge,10,LinearOp,me,nvtx_operator_range,26497847,14765430432,26303095,26264890,38205,32,32,16506,26372439,gemm|memset,memset|ampere_fp16_s1688gemm_fp16_128x128_ldg8_f2f_stages_32x1_nn
planner_debate_L,measured,7,critic-merge,11,LinearOp,me,nvtx_operator_range,26423329,14791953503,26004579,25960165,44414,32,32,9160,26289433,gemm|memset,memset|ampere_fp16_s1688gemm_fp16_128x128_ldg8_f2f_stages_32x1_nn
planner_debate_L,measured,7,critic-merge,12,LinearOp,me,nvtx_operator_range,26870650,14818394206,26681742,26642512,39230,32,32,11406,26751274,gemm|memset,memset|ampere_fp16_s1688gemm_fp16_128x128_ldg8_f2f_stages_32x1_nn
planner_debate_L,measured,7,critic-merge,13,ViewOp,de,nvtx_operator_range,156605,14845280234,0,0,0,0,0,,,,
planner_debate_L,measured,7,critic-merge,14,TransposeOp,de,nvtx_operator_range,7343032,14845442863,7215569,7215569,0,32,0,11410,7236976,copy,"void at::native::elementwise_kernel<(int)128, (int)4, void at::native::gpu_kerne"
planner_debate_L,measured,7,planner-final,6,RMSNormOp,ve,nvtx_operator_range,9696887,14947442728,9431592,9431592,0,224,0,9934,9572963,copy|elementwise_binary|elementwise_unary|reduce,"void at::native::unrolled_elementwise_kernel<at::native::direct_copy_kernel_cuda|void at::native::vectorized_elementwise_kernel<(int)4, void at::native::<unnamed|void at::native::reduce_kernel<(int)512, (int)1, at::native::ReduceOp<float, at:|void at::native::vectorized_elementwise_kernel<(int)4, at::native::CUDAFunctorOn|void at::native::vectorized_elementwise_kernel<(int)4, at::native::rsqrt_kernel_|void at::native::elementwise_kernel<(int)128, (int)2, void at::native::gpu_kerne|void at::native::vectorized_elementwise_kernel<(int)8, at::native::float16_copy_"
planner_debate_L,measured,7,planner-final,7,AddOp,ve,nvtx_operator_range,567908,14957153177,431600,431600,0,32,0,9117,486096,elementwise_binary,"void at::native::vectorized_elementwise_kernel<(int)8, at::native::CUDAFunctorOn"
planner_debate_L,measured,7,planner-final,8,RMSNormOp,ve,nvtx_operator_range,9209167,14957728342,8994968,8994968,0,224,0,7155,9138833,copy|elementwise_binary|elementwise_unary|reduce,"void at::native::unrolled_elementwise_kernel<at::native::direct_copy_kernel_cuda|void at::native::vectorized_elementwise_kernel<(int)4, void at::native::<unnamed|void at::native::reduce_kernel<(int)512, (int)1, at::native::ReduceOp<float, at:|void at::native::vectorized_elementwise_kernel<(int)4, at::native::CUDAFunctorOn|void at::native::vectorized_elementwise_kernel<(int)4, at::native::rsqrt_kernel_|void at::native::elementwise_kernel<(int)128, (int)2, void at::native::gpu_kerne|void at::native::vectorized_elementwise_kernel<(int)8, at::native::float16_copy_"
planner_debate_L,measured,7,planner-final,10,LinearOp,me,nvtx_operator_range,20159765,14966949386,20000521,20000521,0,32,0,9721,20020649,gemm,void cutlass::Kernel2<cutlass_80_tensorop_f16_s16816gemm_relu_f16_64x64_32x6_nn_
planner_debate_L,measured,7,planner-final,11,LinearOp,me,nvtx_operator_range,20118952,14987120877,19933899,19933899,0,32,0,60188,19954155,gemm,void cutlass::Kernel2<cutlass_80_tensorop_f16_s16816gemm_relu_f16_64x64_32x6_nn_
planner_debate_L,measured,7,planner-final,12,LinearOp,me,nvtx_operator_range,20154808,15007266809,19980651,19980651,0,32,0,14369,20000682,gemm,void cutlass::Kernel2<cutlass_80_tensorop_f16_s16816gemm_relu_f16_64x64_32x6_nn_
planner_debate_L,measured,7,planner-final,13,ViewOp,de,nvtx_operator_range,155285,15027431848,0,0,0,0,0,,,,
planner_debate_L,measured,7,planner-final,14,TransposeOp,de,nvtx_operator_range,5447748,15027592726,5318672,5318672,0,32,0,12074,5338608,copy,"void at::native::elementwise_kernel<(int)128, (int)4, void at::native::gpu_kerne"
planner_debate_L,warmup,0,planner-seed,,call_overhead,,gap_before_operator,,,1148345,44511,1103834,2,1,26303,20609123,elementwise_binary|memcpy|rng_init,"memcpy_Host-to-Device|void at::native::<unnamed>::distribution_elementwise_grid_stride_kernel<float, (|void at::native::vectorized_elementwise_kernel<(int)8, at::native::BUnaryFunctor"
planner_debate_L,warmup,0,critic-a,,call_overhead,,gap_before_operator,,,2502378,55902,2446476,2,2,38729,149566783,elementwise_binary|memcpy|rng_init,"memcpy_Device-to-Host|memcpy_Host-to-Device|void at::native::<unnamed>::distribution_elementwise_grid_stride_kernel<float, (|void at::native::vectorized_elementwise_kernel<(int)8, at::native::BUnaryFunctor"
planner_debate_L,warmup,0,critic-b,,call_overhead,,gap_before_operator,,,3197075,55231,3141844,2,2,23999,150188426,elementwise_binary|memcpy|rng_init,"memcpy_Device-to-Host|memcpy_Host-to-Device|void at::native::<unnamed>::distribution_elementwise_grid_stride_kernel<float, (|void at::native::vectorized_elementwise_kernel<(int)8, at::native::BUnaryFunctor"
planner_debate_L,warmup,0,critic-merge,,call_overhead,,gap_before_operator,,,2998458,53982,2944476,2,2,20309,152669173,elementwise_binary|memcpy|rng_init,"memcpy_Device-to-Host|memcpy_Host-to-Device|void at::native::<unnamed>::distribution_elementwise_grid_stride_kernel<float, (|void at::native::vectorized_elementwise_kernel<(int)8, at::native::BUnaryFunctor"
planner_debate_L,warmup,0,planner-final,,call_overhead,,gap_before_operator,,,3825088,39679,3785409,2,3,20066,204266338,elementwise_binary|memcpy|rng_init,"memcpy_Device-to-Host|memcpy_Host-to-Device|void at::native::<unnamed>::distribution_elementwise_grid_stride_kernel<float, (|void at::native::vectorized_elementwise_kernel<(int)8, at::native::BUnaryFunctor"
planner_debate_L,warmup,0,planner-seed,6,RMSNormOp,ve,nvtx_operator_range,151791983,2568079648,9516129,9516129,0,224,0,18222557,133001747,copy|elementwise_binary|elementwise_unary|reduce,"void at::native::unrolled_elementwise_kernel<at::native::direct_copy_kernel_cuda|void at::native::vectorized_elementwise_kernel<(int)4, void at::native::<unnamed|void at::native::reduce_kernel<(int)512, (int)1, at::native::ReduceOp<float, at:|void at::native::vectorized_elementwise_kernel<(int)4, at::native::CUDAFunctorOn|void at::native::vectorized_elementwise_kernel<(int)4, at::native::rsqrt_kernel_|void at::native::elementwise_kernel<(int)128, (int)2, void at::native::gpu_kerne|void at::native::vectorized_elementwise_kernel<(int)8, at::native::float16_copy_"
planner_debate_L,warmup,0,planner-seed,7,AddOp,ve,nvtx_operator_range,869543,2719898666,478833,478833,0,32,0,51885,612523,elementwise_binary,"void at::native::vectorized_elementwise_kernel<(int)8, at::native::CUDAFunctorOn"
planner_debate_L,warmup,0,planner-seed,8,RMSNormOp,ve,nvtx_operator_range,9301620,2720782612,9045904,9045904,0,224,0,9557,9201127,copy|elementwise_binary|elementwise_unary|reduce,"void at::native::unrolled_elementwise_kernel<at::native::direct_copy_kernel_cuda|void at::native::vectorized_elementwise_kernel<(int)4, void at::native::<unnamed|void at::native::reduce_kernel<(int)512, (int)1, at::native::ReduceOp<float, at:|void at::native::vectorized_elementwise_kernel<(int)4, at::native::CUDAFunctorOn|void at::native::vectorized_elementwise_kernel<(int)4, at::native::rsqrt_kernel_|void at::native::elementwise_kernel<(int)128, (int)2, void at::native::gpu_kerne|void at::native::vectorized_elementwise_kernel<(int)8, at::native::float16_copy_"
planner_debate_L,warmup,0,planner-seed,10,LinearOp,me,nvtx_operator_range,249680719,2730098877,20553764,20553764,0,32,0,29966,20575236,gemm,void cutlass::Kernel2<cutlass_80_tensorop_f16_s16816gemm_relu_f16_64x64_32x6_nn_
planner_debate_L,warmup,0,planner-seed,11,LinearOp,me,nvtx_operator_range,20783445,2979818732,20575939,20575939,0,32,0,13719,20597411,gemm,void cutlass::Kernel2<cutlass_80_tensorop_f16_s16816gemm_relu_f16_64x64_32x6_nn_
planner_debate_L,warmup,0,planner-seed,12,LinearOp,me,nvtx_operator_range,21122628,3000637215,20922712,20922712,0,32,0,15261,20944248,gemm,void cutlass::Kernel2<cutlass_80_tensorop_f16_s16816gemm_relu_f16_64x64_32x6_nn_
planner_debate_L,warmup,0,planner-seed,13,ViewOp,de,nvtx_operator_range,283731,3021799901,0,0,0,0,0,,,,
planner_debate_L,warmup,0,planner-seed,14,TransposeOp,de,nvtx_operator_range,6084911,3022101043,5745149,5745149,0,32,0,122874,5766684,copy,"void at::native::elementwise_kernel<(int)128, (int)4, void at::native::gpu_kerne"
planner_debate_L,warmup,0,critic-a,6,RMSNormOp,ve,nvtx_operator_range,16443084,3193488773,15808358,15808358,0,224,0,18791,16001664,copy|elementwise_binary|elementwise_unary|reduce,"void at::native::unrolled_elementwise_kernel<at::native::direct_copy_kernel_cuda|void at::native::vectorized_elementwise_kernel<(int)4, void at::native::<unnamed|void at::native::reduce_kernel<(int)512, (int)1, at::native::ReduceOp<float, at:|void at::native::vectorized_elementwise_kernel<(int)4, at::native::CUDAFunctorOn|void at::native::vectorized_elementwise_kernel<(int)4, at::native::rsqrt_kernel_|void at::native::elementwise_kernel<(int)128, (int)2, void at::native::gpu_kerne|void at::native::vectorized_elementwise_kernel<(int)8, at::native::float16_copy_"
planner_debate_L,warmup,0,critic-a,7,AddOp,ve,nvtx_operator_range,806457,3209960062,658761,658761,0,32,0,16022,680360,elementwise_binary,"void at::native::vectorized_elementwise_kernel<(int)8, at::native::CUDAFunctorOn"
planner_debate_L,warmup,0,critic-a,8,RMSNormOp,ve,nvtx_operator_range,16127321,3210777336,15872867,15872867,0,224,0,9508,16028383,copy|elementwise_binary|elementwise_unary|reduce,"void at::native::unrolled_elementwise_kernel<at::native::direct_copy_kernel_cuda|void at::native::vectorized_elementwise_kernel<(int)4, void at::native::<unnamed|void at::native::reduce_kernel<(int)512, (int)1, at::native::ReduceOp<float, at:|void at::native::vectorized_elementwise_kernel<(int)4, at::native::CUDAFunctorOn|void at::native::vectorized_elementwise_kernel<(int)4, at::native::rsqrt_kernel_|void at::native::elementwise_kernel<(int)128, (int)2, void at::native::gpu_kerne|void at::native::vectorized_elementwise_kernel<(int)8, at::native::float16_copy_"
planner_debate_L,warmup,0,critic-a,10,LinearOp,me,nvtx_operator_range,27959989,3226922728,27564854,27521463,43391,32,32,16562,27659699,gemm|memset,memset|ampere_fp16_s1688gemm_fp16_128x128_ldg8_f2f_stages_32x1_nn
planner_debate_L,warmup,0,critic-a,11,LinearOp,me,nvtx_operator_range,27427932,3254914921,27196676,27157413,39263,32,32,10723,27267168,gemm|memset,memset|ampere_fp16_s1688gemm_fp16_128x128_ldg8_f2f_stages_32x1_nn
planner_debate_L,warmup,0,critic-a,12,LinearOp,me,nvtx_operator_range,27785272,3282370173,27530393,27486650,43743,32,32,18670,27603253,gemm|memset,memset|ampere_fp16_s1688gemm_fp16_128x128_ldg8_f2f_stages_32x1_nn
planner_debate_L,warmup,0,critic-a,13,ViewOp,de,nvtx_operator_range,219777,3310187503,0,0,0,0,0,,,,
planner_debate_L,warmup,0,critic-a,14,TransposeOp,de,nvtx_operator_range,7425132,3310414244,7263146,7263146,0,32,0,17119,7284585,copy,"void at::native::elementwise_kernel<(int)128, (int)4, void at::native::gpu_kerne"
planner_debate_L,warmup,0,critic-b,6,RMSNormOp,ve,nvtx_operator_range,16575030,3468089345,16281304,16281304,0,224,0,10746,16439697,copy|elementwise_binary|elementwise_unary|reduce,"void at::native::unrolled_elementwise_kernel<at::native::direct_copy_kernel_cuda|void at::native::vectorized_elementwise_kernel<(int)4, void at::native::<unnamed|void at::native::reduce_kernel<(int)512, (int)1, at::native::ReduceOp<float, at:|void at::native::vectorized_elementwise_kernel<(int)4, at::native::CUDAFunctorOn|void at::native::vectorized_elementwise_kernel<(int)4, at::native::rsqrt_kernel_|void at::native::elementwise_kernel<(int)128, (int)2, void at::native::gpu_kerne|void at::native::vectorized_elementwise_kernel<(int)8, at::native::float16_copy_"
planner_debate_L,warmup,0,critic-b,7,AddOp,ve,nvtx_operator_range,813888,3484680642,675112,675112,0,32,0,14132,696840,elementwise_binary,"void at::native::vectorized_elementwise_kernel<(int)8, at::native::CUDAFunctorOn"
planner_debate_L,warmup,0,critic-b,8,RMSNormOp,ve,nvtx_operator_range,16108475,3485504631,15864802,15864802,0,224,0,9380,16020991,copy|elementwise_binary|elementwise_unary|reduce,"void at::native::unrolled_elementwise_kernel<at::native::direct_copy_kernel_cuda|void at::native::vectorized_elementwise_kernel<(int)4, void at::native::<unnamed|void at::native::reduce_kernel<(int)512, (int)1, at::native::ReduceOp<float, at:|void at::native::vectorized_elementwise_kernel<(int)4, at::native::CUDAFunctorOn|void at::native::vectorized_elementwise_kernel<(int)4, at::native::rsqrt_kernel_|void at::native::elementwise_kernel<(int)128, (int)2, void at::native::gpu_kerne|void at::native::vectorized_elementwise_kernel<(int)8, at::native::float16_copy_"
planner_debate_L,warmup,0,critic-b,10,LinearOp,me,nvtx_operator_range,28165975,3501624944,27930695,27890024,40671,32,32,19307,28010727,gemm|memset,memset|ampere_fp16_s1688gemm_fp16_128x128_ldg8_f2f_stages_32x1_nn
planner_debate_L,warmup,0,critic-b,11,LinearOp,me,nvtx_operator_range,27814601,3529808584,27592628,27552054,40574,32,32,10137,27661426,gemm|memset,memset|ampere_fp16_s1688gemm_fp16_128x128_ldg8_f2f_stages_32x1_nn
planner_debate_L,warmup,0,critic-b,12,LinearOp,me,nvtx_operator_range,27807962,3557636921,27585332,27542294,43038,32,32,13090,27662803,gemm|memset,memset|ampere_fp16_s1688gemm_fp16_128x128_ldg8_f2f_stages_32x1_nn
planner_debate_L,warmup,0,critic-b,13,ViewOp,de,nvtx_operator_range,199178,3585463686,0,0,0,0,0,,,,
planner_debate_L,warmup,0,critic-b,14,TransposeOp,de,nvtx_operator_range,7405482,3585670013,7264552,7264552,0,32,0,15482,7286376,copy,"void at::native::elementwise_kernel<(int)128, (int)4, void at::native::gpu_kerne"
planner_debate_L,warmup,0,critic-merge,6,RMSNormOp,ve,nvtx_operator_range,16327704,3745805018,16062910,16062910,0,224,0,10960,16205881,copy|elementwise_binary|elementwise_unary|reduce,"void at::native::unrolled_elementwise_kernel<at::native::direct_copy_kernel_cuda|void at::native::vectorized_elementwise_kernel<(int)4, void at::native::<unnamed|void at::native::reduce_kernel<(int)512, (int)1, at::native::ReduceOp<float, at:|void at::native::vectorized_elementwise_kernel<(int)4, at::native::CUDAFunctorOn|void at::native::vectorized_elementwise_kernel<(int)4, at::native::rsqrt_kernel_|void at::native::elementwise_kernel<(int)128, (int)2, void at::native::gpu_kerne|void at::native::vectorized_elementwise_kernel<(int)8, at::native::float16_copy_"
planner_debate_L,warmup,0,critic-merge,7,AddOp,ve,nvtx_operator_range,751730,3762148190,640810,640810,0,32,0,11358,660809,elementwise_binary,"void at::native::vectorized_elementwise_kernel<(int)8, at::native::CUDAFunctorOn"
planner_debate_L,warmup,0,critic-merge,8,RMSNormOp,ve,nvtx_operator_range,16058460,3762908480,15809830,15809830,0,224,0,8508,15952353,copy|elementwise_binary|elementwise_unary|reduce,"void at::native::unrolled_elementwise_kernel<at::native::direct_copy_kernel_cuda|void at::native::vectorized_elementwise_kernel<(int)4, void at::native::<unnamed|void at::native::reduce_kernel<(int)512, (int)1, at::native::ReduceOp<float, at:|void at::native::vectorized_elementwise_kernel<(int)4, at::native::CUDAFunctorOn|void at::native::vectorized_elementwise_kernel<(int)4, at::native::rsqrt_kernel_|void at::native::elementwise_kernel<(int)128, (int)2, void at::native::gpu_kerne|void at::native::vectorized_elementwise_kernel<(int)8, at::native::float16_copy_"
planner_debate_L,warmup,0,critic-merge,10,LinearOp,me,nvtx_operator_range,25957289,3778982538,25711478,25673943,37535,32,32,18451,25787571,gemm|memset,memset|ampere_fp16_s1688gemm_fp16_128x128_ldg8_f2f_stages_32x1_nn
planner_debate_L,warmup,0,critic-merge,11,LinearOp,me,nvtx_operator_range,25947774,3804958671,25753816,25715450,38366,32,32,9036,25818803,gemm|memset,memset|ampere_fp16_s1688gemm_fp16_128x128_ldg8_f2f_stages_32x1_nn
planner_debate_L,warmup,0,critic-merge,12,LinearOp,me,nvtx_operator_range,26427515,3830921682,26215523,26176869,38654,32,32,13301,26285954,gemm|memset,memset|ampere_fp16_s1688gemm_fp16_128x128_ldg8_f2f_stages_32x1_nn
planner_debate_L,warmup,0,critic-merge,13,ViewOp,de,nvtx_operator_range,211334,3857372011,0,0,0,0,0,,,,
planner_debate_L,warmup,0,critic-merge,14,TransposeOp,de,nvtx_operator_range,7335687,3857590656,7183212,7183212,0,32,0,14864,7205036,copy,"void at::native::elementwise_kernel<(int)128, (int)4, void at::native::gpu_kerne"
planner_debate_L,warmup,0,planner-final,6,RMSNormOp,ve,nvtx_operator_range,9766570,3981179968,9454556,9454556,0,224,0,11728,9596154,copy|elementwise_binary|elementwise_unary|reduce,"void at::native::unrolled_elementwise_kernel<at::native::direct_copy_kernel_cuda|void at::native::vectorized_elementwise_kernel<(int)4, void at::native::<unnamed|void at::native::reduce_kernel<(int)512, (int)1, at::native::ReduceOp<float, at:|void at::native::vectorized_elementwise_kernel<(int)4, at::native::CUDAFunctorOn|void at::native::vectorized_elementwise_kernel<(int)4, at::native::rsqrt_kernel_|void at::native::elementwise_kernel<(int)128, (int)2, void at::native::gpu_kerne|void at::native::vectorized_elementwise_kernel<(int)8, at::native::float16_copy_"
planner_debate_L,warmup,0,planner-final,7,AddOp,ve,nvtx_operator_range,750450,3990965876,430577,430577,0,32,0,15657,602156,elementwise_binary,"void at::native::vectorized_elementwise_kernel<(int)8, at::native::CUDAFunctorOn"
planner_debate_L,warmup,0,planner-final,8,RMSNormOp,ve,nvtx_operator_range,9231863,3991726434,8998927,8998927,0,224,0,9366,9140745,copy|elementwise_binary|elementwise_unary|reduce,"void at::native::unrolled_elementwise_kernel<at::native::direct_copy_kernel_cuda|void at::native::vectorized_elementwise_kernel<(int)4, void at::native::<unnamed|void at::native::reduce_kernel<(int)512, (int)1, at::native::ReduceOp<float, at:|void at::native::vectorized_elementwise_kernel<(int)4, at::native::CUDAFunctorOn|void at::native::vectorized_elementwise_kernel<(int)4, at::native::rsqrt_kernel_|void at::native::elementwise_kernel<(int)128, (int)2, void at::native::gpu_kerne|void at::native::vectorized_elementwise_kernel<(int)8, at::native::float16_copy_"
planner_debate_L,warmup,0,planner-final,10,LinearOp,me,nvtx_operator_range,20109508,4000970604,19910011,19910011,0,32,0,12725,19930267,gemm,void cutlass::Kernel2<cutlass_80_tensorop_f16_s16816gemm_relu_f16_64x64_32x6_nn_
planner_debate_L,warmup,0,planner-final,11,LinearOp,me,nvtx_operator_range,20174569,4021092810,20017368,20017368,0,32,0,12327,20037815,gemm,void cutlass::Kernel2<cutlass_80_tensorop_f16_s16816gemm_relu_f16_64x64_32x6_nn_
planner_debate_L,warmup,0,planner-final,12,LinearOp,me,nvtx_operator_range,20653587,4041284227,20524294,20524294,0,32,0,9534,20546022,gemm,void cutlass::Kernel2<cutlass_80_tensorop_f16_s16816gemm_relu_f16_64x64_32x6_nn_
planner_debate_L,warmup,0,planner-final,13,ViewOp,de,nvtx_operator_range,190943,4061949264,0,0,0,0,0,,,,
planner_debate_L,warmup,0,planner-final,14,TransposeOp,de,nvtx_operator_range,5870639,4062147009,5735613,5735613,0,32,0,11883,5757564,copy,"void at::native::elementwise_kernel<(int)128, (int)4, void at::native::gpu_kerne"
planner_debate_L,warmup,1,planner-seed,,call_overhead,,gap_before_operator,,,1147609,38847,1108762,2,1,25195,1359378,elementwise_binary|memcpy|rng_init,"memcpy_Host-to-Device|void at::native::<unnamed>::distribution_elementwise_grid_stride_kernel<float, (|void at::native::vectorized_elementwise_kernel<(int)8, at::native::BUnaryFunctor"
planner_debate_L,warmup,1,critic-a,,call_overhead,,gap_before_operator,,,2729763,52798,2676965,2,2,22590,149237744,elementwise_binary|memcpy|rng_init,"memcpy_Device-to-Host|memcpy_Host-to-Device|void at::native::<unnamed>::distribution_elementwise_grid_stride_kernel<float, (|void at::native::vectorized_elementwise_kernel<(int)8, at::native::BUnaryFunctor"
planner_debate_L,warmup,1,critic-b,,call_overhead,,gap_before_operator,,,2998843,53182,2945661,2,2,21555,149255279,elementwise_binary|memcpy|rng_init,"memcpy_Device-to-Host|memcpy_Host-to-Device|void at::native::<unnamed>::distribution_elementwise_grid_stride_kernel<float, (|void at::native::vectorized_elementwise_kernel<(int)8, at::native::BUnaryFunctor"
planner_debate_L,warmup,1,critic-merge,,call_overhead,,gap_before_operator,,,2997210,52958,2944252,2,2,30246,151627551,elementwise_binary|memcpy|rng_init,"memcpy_Device-to-Host|memcpy_Host-to-Device|void at::native::<unnamed>::distribution_elementwise_grid_stride_kernel<float, (|void at::native::vectorized_elementwise_kernel<(int)8, at::native::BUnaryFunctor"
planner_debate_L,warmup,1,planner-final,,call_overhead,,gap_before_operator,,,3980474,39487,3940987,2,3,21343,204971274,elementwise_binary|memcpy|rng_init,"memcpy_Device-to-Host|memcpy_Host-to-Device|void at::native::<unnamed>::distribution_elementwise_grid_stride_kernel<float, (|void at::native::vectorized_elementwise_kernel<(int)8, at::native::BUnaryFunctor"
planner_debate_L,warmup,1,planner-seed,6,RMSNormOp,ve,nvtx_operator_range,9289415,4184464106,9010421,9010421,0,224,0,12049,9152425,copy|elementwise_binary|elementwise_unary|reduce,"void at::native::unrolled_elementwise_kernel<at::native::direct_copy_kernel_cuda|void at::native::vectorized_elementwise_kernel<(int)4, void at::native::<unnamed|void at::native::reduce_kernel<(int)512, (int)1, at::native::ReduceOp<float, at:|void at::native::vectorized_elementwise_kernel<(int)4, at::native::CUDAFunctorOn|void at::native::vectorized_elementwise_kernel<(int)4, at::native::rsqrt_kernel_|void at::native::elementwise_kernel<(int)128, (int)2, void at::native::gpu_kerne|void at::native::vectorized_elementwise_kernel<(int)8, at::native::float16_copy_"
planner_debate_L,warmup,1,planner-seed,7,AddOp,ve,nvtx_operator_range,704065,4193768740,431409,431409,0,32,0,10256,601707,elementwise_binary,"void at::native::vectorized_elementwise_kernel<(int)8, at::native::CUDAFunctorOn"
planner_debate_L,warmup,1,planner-seed,8,RMSNormOp,ve,nvtx_operator_range,9218715,4194481623,8995691,8995691,0,224,0,9194,9137129,copy|elementwise_binary|elementwise_unary|reduce,"void at::native::unrolled_elementwise_kernel<at::native::direct_copy_kernel_cuda|void at::native::vectorized_elementwise_kernel<(int)4, void at::native::<unnamed|void at::native::reduce_kernel<(int)512, (int)1, at::native::ReduceOp<float, at:|void at::native::vectorized_elementwise_kernel<(int)4, at::native::CUDAFunctorOn|void at::native::vectorized_elementwise_kernel<(int)4, at::native::rsqrt_kernel_|void at::native::elementwise_kernel<(int)128, (int)2, void at::native::gpu_kerne|void at::native::vectorized_elementwise_kernel<(int)8, at::native::float16_copy_"
planner_debate_L,warmup,1,planner-seed,10,LinearOp,me,nvtx_operator_range,20127628,4203712343,19917722,19917722,0,32,0,10774,19937754,gemm,void cutlass::Kernel2<cutlass_80_tensorop_f16_s16816gemm_relu_f16_64x64_32x6_nn_
planner_debate_L,warmup,1,planner-seed,11,LinearOp,me,nvtx_operator_range,19789989,4223858554,19590406,19590406,0,32,0,16909,19610406,gemm,void cutlass::Kernel2<cutlass_80_tensorop_f16_s16816gemm_relu_f16_64x64_32x6_nn_
planner_debate_L,warmup,1,planner-seed,12,LinearOp,me,nvtx_operator_range,20103292,4243672829,19958329,19958329,0,32,0,10016,19978073,gemm,void cutlass::Kernel2<cutlass_80_tensorop_f16_s16816gemm_relu_f16_64x64_32x6_nn_
planner_debate_L,warmup,1,planner-seed,13,ViewOp,de,nvtx_operator_range,193021,4263792688,0,0,0,0,0,,,,
planner_debate_L,warmup,1,planner-seed,14,TransposeOp,de,nvtx_operator_range,5442561,4263993133,5288523,5288523,0,32,0,13523,5307915,copy,"void at::native::elementwise_kernel<(int)128, (int)4, void at::native::gpu_kerne"
planner_debate_L,warmup,1,critic-a,6,RMSNormOp,ve,nvtx_operator_range,16185249,4418740191,15883014,15883014,0,224,0,12192,16025663,copy|elementwise_binary|elementwise_unary|reduce,"void at::native::unrolled_elementwise_kernel<at::native::direct_copy_kernel_cuda|void at::native::vectorized_elementwise_kernel<(int)4, void at::native::<unnamed|void at::native::reduce_kernel<(int)512, (int)1, at::native::ReduceOp<float, at:|void at::native::vectorized_elementwise_kernel<(int)4, at::native::CUDAFunctorOn|void at::native::vectorized_elementwise_kernel<(int)4, at::native::rsqrt_kernel_|void at::native::elementwise_kernel<(int)128, (int)2, void at::native::gpu_kerne|void at::native::vectorized_elementwise_kernel<(int)8, at::native::float16_copy_"
planner_debate_L,warmup,1,critic-a,7,AddOp,ve,nvtx_operator_range,787011,4434943794,655593,655593,0,32,0,32165,675625,elementwise_binary,"void at::native::vectorized_elementwise_kernel<(int)8, at::native::CUDAFunctorOn"
planner_debate_L,warmup,1,critic-a,8,RMSNormOp,ve,nvtx_operator_range,16128260,4435740429,15878147,15878147,0,224,0,9268,16020448,copy|elementwise_binary|elementwise_unary|reduce,"void at::native::unrolled_elementwise_kernel<at::native::direct_copy_kernel_cuda|void at::native::vectorized_elementwise_kernel<(int)4, void at::native::<unnamed|void at::native::reduce_kernel<(int)512, (int)1, at::native::ReduceOp<float, at:|void at::native::vectorized_elementwise_kernel<(int)4, at::native::CUDAFunctorOn|void at::native::vectorized_elementwise_kernel<(int)4, at::native::rsqrt_kernel_|void at::native::elementwise_kernel<(int)128, (int)2, void at::native::gpu_kerne|void at::native::vectorized_elementwise_kernel<(int)8, at::native::float16_copy_"
planner_debate_L,warmup,1,critic-a,10,LinearOp,me,nvtx_operator_range,25983666,4451882408,25730836,25691796,39040,32,32,18092,25807155,gemm|memset,memset|ampere_fp16_s1688gemm_fp16_128x128_ldg8_f2f_stages_32x1_nn
planner_debate_L,warmup,1,critic-a,11,LinearOp,me,nvtx_operator_range,27277595,4477896285,27067339,27027436,39903,32,32,9932,27134950,gemm|memset,memset|ampere_fp16_s1688gemm_fp16_128x128_ldg8_f2f_stages_32x1_nn
planner_debate_L,warmup,1,critic-a,12,LinearOp,me,nvtx_operator_range,26946841,4505192937,26738419,26698547,39872,32,32,12809,26806897,gemm|memset,memset|ampere_fp16_s1688gemm_fp16_128x128_ldg8_f2f_stages_32x1_nn
planner_debate_L,warmup,1,critic-a,13,ViewOp,de,nvtx_operator_range,220736,4532166161,0,0,0,0,0,,,,
planner_debate_L,warmup,1,critic-a,14,TransposeOp,de,nvtx_operator_range,7737645,4532393827,7573726,7573726,0,32,0,16757,7594558,copy,"void at::native::elementwise_kernel<(int)128, (int)4, void at::native::gpu_kerne"
planner_debate_L,warmup,1,critic-b,6,RMSNormOp,ve,nvtx_operator_range,16619283,4689455176,16294102,16294102,0,224,0,11206,16438290,copy|elementwise_binary|elementwise_unary|reduce,"void at::native::unrolled_elementwise_kernel<at::native::direct_copy_kernel_cuda|void at::native::vectorized_elementwise_kernel<(int)4, void at::native::<unnamed|void at::native::reduce_kernel<(int)512, (int)1, at::native::ReduceOp<float, at:|void at::native::vectorized_elementwise_kernel<(int)4, at::native::CUDAFunctorOn|void at::native::vectorized_elementwise_kernel<(int)4, at::native::rsqrt_kernel_|void at::native::elementwise_kernel<(int)128, (int)2, void at::native::gpu_kerne|void at::native::vectorized_elementwise_kernel<(int)8, at::native::float16_copy_"
planner_debate_L,warmup,1,critic-b,7,AddOp,ve,nvtx_operator_range,981331,4706099986,638473,638473,0,32,0,24746,764646,elementwise_binary,"void at::native::vectorized_elementwise_kernel<(int)8, at::native::CUDAFunctorOn"
planner_debate_L,warmup,1,critic-b,8,RMSNormOp,ve,nvtx_operator_range,16067826,4707096407,15791208,15791208,0,224,0,13951,15933474,copy|elementwise_binary|elementwise_unary|reduce,"void at::native::unrolled_elementwise_kernel<at::native::direct_copy_kernel_cuda|void at::native::vectorized_elementwise_kernel<(int)4, void at::native::<unnamed|void at::native::reduce_kernel<(int)512, (int)1, at::native::ReduceOp<float, at:|void at::native::vectorized_elementwise_kernel<(int)4, at::native::CUDAFunctorOn|void at::native::vectorized_elementwise_kernel<(int)4, at::native::rsqrt_kernel_|void at::native::elementwise_kernel<(int)128, (int)2, void at::native::gpu_kerne|void at::native::vectorized_elementwise_kernel<(int)8, at::native::float16_copy_"
planner_debate_L,warmup,1,critic-b,10,LinearOp,me,nvtx_operator_range,25981889,4723178680,25743099,25704608,38491,32,32,21202,25814067,gemm|memset,memset|ampere_fp16_s1688gemm_fp16_128x128_ldg8_f2f_stages_32x1_nn
planner_debate_L,warmup,1,critic-b,11,LinearOp,me,nvtx_operator_range,27039270,4749189922,26844241,26805395,38846,32,32,9435,26909966,gemm|memset,memset|ampere_fp16_s1688gemm_fp16_128x128_ldg8_f2f_stages_32x1_nn
planner_debate_L,warmup,1,critic-b,12,LinearOp,me,nvtx_operator_range,26676876,4776244985,26476890,26437309,39581,32,32,8491,26539930,gemm|memset,memset|ampere_fp16_s1688gemm_fp16_128x128_ldg8_f2f_stages_32x1_nn
planner_debate_L,warmup,1,critic-b,13,ViewOp,de,nvtx_operator_range,228245,4802953520,0,0,0,0,0,,,,
planner_debate_L,warmup,1,critic-b,14,TransposeOp,de,nvtx_operator_range,7664022,4803189010,7484258,7484258,0,32,0,21345,7506017,copy,"void at::native::elementwise_kernel<(int)128, (int)4, void at::native::gpu_kerne"
planner_debate_L,warmup,1,critic-merge,6,RMSNormOp,ve,nvtx_operator_range,16357094,4962564199,16060955,16060955,0,224,0,11546,16203929,copy|elementwise_binary|elementwise_unary|reduce,"void at::native::unrolled_elementwise_kernel<at::native::direct_copy_kernel_cuda|void at::native::vectorized_elementwise_kernel<(int)4, void at::native::<unnamed|void at::native::reduce_kernel<(int)512, (int)1, at::native::ReduceOp<float, at:|void at::native::vectorized_elementwise_kernel<(int)4, at::native::CUDAFunctorOn|void at::native::vectorized_elementwise_kernel<(int)4, at::native::rsqrt_kernel_|void at::native::elementwise_kernel<(int)128, (int)2, void at::native::gpu_kerne|void at::native::vectorized_elementwise_kernel<(int)8, at::native::float16_copy_"
planner_debate_L,warmup,1,critic-merge,7,AddOp,ve,nvtx_operator_range,757611,4978942308,642921,642921,0,32,0,11536,662857,elementwise_binary,"void at::native::vectorized_elementwise_kernel<(int)8, at::native::CUDAFunctorOn"
planner_debate_L,warmup,1,critic-merge,8,RMSNormOp,ve,nvtx_operator_range,16312091,4979711278,16048348,16048348,0,224,0,9872,16191770,copy|elementwise_binary|elementwise_unary|reduce,"void at::native::unrolled_elementwise_kernel<at::native::direct_copy_kernel_cuda|void at::native::vectorized_elementwise_kernel<(int)4, void at::native::<unnamed|void at::native::reduce_kernel<(int)512, (int)1, at::native::ReduceOp<float, at:|void at::native::vectorized_elementwise_kernel<(int)4, at::native::CUDAFunctorOn|void at::native::vectorized_elementwise_kernel<(int)4, at::native::rsqrt_kernel_|void at::native::elementwise_kernel<(int)128, (int)2, void at::native::gpu_kerne|void at::native::vectorized_elementwise_kernel<(int)8, at::native::float16_copy_"
planner_debate_L,warmup,1,critic-merge,10,LinearOp,me,nvtx_operator_range,26394673,4996045655,26117127,26078250,38877,32,32,20923,26194853,gemm|memset,memset|ampere_fp16_s1688gemm_fp16_128x128_ldg8_f2f_stages_32x1_nn
planner_debate_L,warmup,1,critic-merge,11,LinearOp,me,nvtx_operator_range,26517989,5022474398,26292258,26251300,40958,32,32,13171,26363008,gemm|memset,memset|ampere_fp16_s1688gemm_fp16_128x128_ldg8_f2f_stages_32x1_nn
planner_debate_L,warmup,1,critic-merge,12,LinearOp,me,nvtx_operator_range,27063384,5049009241,26905164,26862351,42813,32,32,7824,26972011,gemm|memset,memset|ampere_fp16_s1688gemm_fp16_128x128_ldg8_f2f_stages_32x1_nn
planner_debate_L,warmup,1,critic-merge,13,ViewOp,de,nvtx_operator_range,215527,5076097540,0,0,0,0,0,,,,
planner_debate_L,warmup,1,critic-merge,14,TransposeOp,de,nvtx_operator_range,7297020,5076321047,7130796,7130796,0,32,0,15347,7151788,copy,"void at::native::elementwise_kernel<(int)128, (int)4, void at::native::gpu_kerne"
planner_debate_L,warmup,1,planner-final,6,RMSNormOp,ve,nvtx_operator_range,9800188,5200130235,9523003,9523003,0,224,0,10044,9668055,copy|elementwise_binary|elementwise_unary|reduce,"void at::native::unrolled_elementwise_kernel<at::native::direct_copy_kernel_cuda|void at::native::vectorized_elementwise_kernel<(int)4, void at::native::<unnamed|void at::native::reduce_kernel<(int)512, (int)1, at::native::ReduceOp<float, at:|void at::native::vectorized_elementwise_kernel<(int)4, at::native::CUDAFunctorOn|void at::native::vectorized_elementwise_kernel<(int)4, at::native::rsqrt_kernel_|void at::native::elementwise_kernel<(int)128, (int)2, void at::native::gpu_kerne|void at::native::vectorized_elementwise_kernel<(int)8, at::native::float16_copy_"
planner_debate_L,warmup,1,planner-final,7,AddOp,ve,nvtx_operator_range,704474,5209946059,431569,431569,0,32,0,12806,587948,elementwise_binary,"void at::native::vectorized_elementwise_kernel<(int)8, at::native::CUDAFunctorOn"
planner_debate_L,warmup,1,planner-final,8,RMSNormOp,ve,nvtx_operator_range,9500238,5210659808,9273317,9273317,0,224,0,8969,9416896,copy|elementwise_binary|elementwise_unary|reduce,"void at::native::unrolled_elementwise_kernel<at::native::direct_copy_kernel_cuda|void at::native::vectorized_elementwise_kernel<(int)4, void at::native::<unnamed|void at::native::reduce_kernel<(int)512, (int)1, at::native::ReduceOp<float, at:|void at::native::vectorized_elementwise_kernel<(int)4, at::native::CUDAFunctorOn|void at::native::vectorized_elementwise_kernel<(int)4, at::native::rsqrt_kernel_|void at::native::elementwise_kernel<(int)128, (int)2, void at::native::gpu_kerne|void at::native::vectorized_elementwise_kernel<(int)8, at::native::float16_copy_"
planner_debate_L,warmup,1,planner-final,10,LinearOp,me,nvtx_operator_range,19758945,5220171691,19576070,19576070,0,32,0,11597,19596134,gemm,void cutlass::Kernel2<cutlass_80_tensorop_f16_s16816gemm_relu_f16_64x64_32x6_nn_
planner_debate_L,warmup,1,planner-final,11,LinearOp,me,nvtx_operator_range,20343649,5239940406,20235218,20235218,0,32,0,8614,20257616,gemm,void cutlass::Kernel2<cutlass_80_tensorop_f16_s16816gemm_relu_f16_64x64_32x6_nn_
planner_debate_L,warmup,1,planner-final,12,LinearOp,me,nvtx_operator_range,20622314,5260298524,20514856,20514856,0,32,0,8244,20536582,gemm,void cutlass::Kernel2<cutlass_80_tensorop_f16_s16816gemm_relu_f16_64x64_32x6_nn_
planner_debate_L,warmup,1,planner-final,13,ViewOp,de,nvtx_operator_range,183518,5280933548,0,0,0,0,0,,,,
planner_debate_L,warmup,1,planner-final,14,TransposeOp,de,nvtx_operator_range,6350344,5281123785,6216877,6216877,0,32,0,11414,6238700,copy,"void at::native::elementwise_kernel<(int)128, (int)4, void at::native::gpu_kerne"
planner_debate_L,warmup,2,planner-seed,,call_overhead,,gap_before_operator,,,1157337,39135,1118202,2,1,23640,1348818,elementwise_binary|memcpy|rng_init,"memcpy_Host-to-Device|void at::native::<unnamed>::distribution_elementwise_grid_stride_kernel<float, (|void at::native::vectorized_elementwise_kernel<(int)8, at::native::BUnaryFunctor"
planner_debate_L,warmup,2,critic-a,,call_overhead,,gap_before_operator,,,2566025,52670,2513355,2,2,19423,143672621,elementwise_binary|memcpy|rng_init,"memcpy_Device-to-Host|memcpy_Host-to-Device|void at::native::<unnamed>::distribution_elementwise_grid_stride_kernel<float, (|void at::native::vectorized_elementwise_kernel<(int)8, at::native::BUnaryFunctor"
planner_debate_L,warmup,2,critic-b,,call_overhead,,gap_before_operator,,,2959835,52830,2907005,2,2,18405,117637066,elementwise_binary|memcpy|rng_init,"memcpy_Device-to-Host|memcpy_Host-to-Device|void at::native::<unnamed>::distribution_elementwise_grid_stride_kernel<float, (|void at::native::vectorized_elementwise_kernel<(int)8, at::native::BUnaryFunctor"
planner_debate_L,warmup,2,critic-merge,,call_overhead,,gap_before_operator,,,2862687,53086,2809601,2,2,19585,123022396,elementwise_binary|memcpy|rng_init,"memcpy_Device-to-Host|memcpy_Host-to-Device|void at::native::<unnamed>::distribution_elementwise_grid_stride_kernel<float, (|void at::native::vectorized_elementwise_kernel<(int)8, at::native::BUnaryFunctor"
planner_debate_L,warmup,2,planner-final,,call_overhead,,gap_before_operator,,,3600710,39998,3560712,2,3,17097,176651142,elementwise_binary|memcpy|rng_init,"memcpy_Device-to-Host|memcpy_Host-to-Device|void at::native::<unnamed>::distribution_elementwise_grid_stride_kernel<float, (|void at::native::vectorized_elementwise_kernel<(int)8, at::native::BUnaryFunctor"
planner_debate_L,warmup,2,planner-seed,6,RMSNormOp,ve,nvtx_operator_range,9694777,5402894828,9431519,9431519,0,224,0,11018,9574907,copy|elementwise_binary|elementwise_unary|reduce,"void at::native::unrolled_elementwise_kernel<at::native::direct_copy_kernel_cuda|void at::native::vectorized_elementwise_kernel<(int)4, void at::native::<unnamed|void at::native::reduce_kernel<(int)512, (int)1, at::native::ReduceOp<float, at:|void at::native::vectorized_elementwise_kernel<(int)4, at::native::CUDAFunctorOn|void at::native::vectorized_elementwise_kernel<(int)4, at::native::rsqrt_kernel_|void at::native::elementwise_kernel<(int)128, (int)2, void at::native::gpu_kerne|void at::native::vectorized_elementwise_kernel<(int)8, at::native::float16_copy_"
planner_debate_L,warmup,2,planner-seed,7,AddOp,ve,nvtx_operator_range,706804,5412603531,431633,431633,0,32,0,11970,593996,elementwise_binary,"void at::native::vectorized_elementwise_kernel<(int)8, at::native::CUDAFunctorOn"
planner_debate_L,warmup,2,planner-seed,8,RMSNormOp,ve,nvtx_operator_range,9751906,5413319775,9525849,9525849,0,224,0,9007,9668791,copy|elementwise_binary|elementwise_unary|reduce,"void at::native::unrolled_elementwise_kernel<at::native::direct_copy_kernel_cuda|void at::native::vectorized_elementwise_kernel<(int)4, void at::native::<unnamed|void at::native::reduce_kernel<(int)512, (int)1, at::native::ReduceOp<float, at:|void at::native::vectorized_elementwise_kernel<(int)4, at::native::CUDAFunctorOn|void at::native::vectorized_elementwise_kernel<(int)4, at::native::rsqrt_kernel_|void at::native::elementwise_kernel<(int)128, (int)2, void at::native::gpu_kerne|void at::native::vectorized_elementwise_kernel<(int)8, at::native::float16_copy_"
planner_debate_L,warmup,2,planner-seed,10,LinearOp,me,nvtx_operator_range,20060048,5423083619,19886492,19886492,0,32,0,11878,19906268,gemm,void cutlass::Kernel2<cutlass_80_tensorop_f16_s16816gemm_relu_f16_64x64_32x6_nn_
planner_debate_L,warmup,2,planner-seed,11,LinearOp,me,nvtx_operator_range,20072158,5443153790,19967099,19967099,0,32,0,8177,19987161,gemm,void cutlass::Kernel2<cutlass_80_tensorop_f16_s16816gemm_relu_f16_64x64_32x6_nn_
planner_debate_L,warmup,2,planner-seed,12,LinearOp,me,nvtx_operator_range,20934140,5463239911,20799229,20799229,0,32,0,8722,20821148,gemm,void cutlass::Kernel2<cutlass_80_tensorop_f16_s16816gemm_relu_f16_64x64_32x6_nn_
planner_debate_L,warmup,2,planner-seed,13,ViewOp,de,nvtx_operator_range,202619,5484187395,0,0,0,0,0,,,,
planner_debate_L,warmup,2,planner-seed,14,TransposeOp,de,nvtx_operator_range,6333195,5484397394,6194412,6194412,0,32,0,16640,6215532,copy,"void at::native::elementwise_kernel<(int)128, (int)4, void at::native::gpu_kerne"
planner_debate_L,warmup,2,critic-a,6,RMSNormOp,ve,nvtx_operator_range,16560076,5634445337,16298675,16298675,0,224,0,9090,16440497,copy|elementwise_binary|elementwise_unary|reduce,"void at::native::unrolled_elementwise_kernel<at::native::direct_copy_kernel_cuda|void at::native::vectorized_elementwise_kernel<(int)4, void at::native::<unnamed|void at::native::reduce_kernel<(int)512, (int)1, at::native::ReduceOp<float, at:|void at::native::vectorized_elementwise_kernel<(int)4, at::native::CUDAFunctorOn|void at::native::vectorized_elementwise_kernel<(int)4, at::native::rsqrt_kernel_|void at::native::elementwise_kernel<(int)128, (int)2, void at::native::gpu_kerne|void at::native::vectorized_elementwise_kernel<(int)8, at::native::float16_copy_"
planner_debate_L,warmup,2,critic-a,7,AddOp,ve,nvtx_operator_range,747530,5651026139,645707,645707,0,32,0,11243,665674,elementwise_binary,"void at::native::vectorized_elementwise_kernel<(int)8, at::native::CUDAFunctorOn"
planner_debate_L,warmup,2,critic-a,8,RMSNormOp,ve,nvtx_operator_range,16462137,5651781056,16244665,16244665,0,224,0,9880,16387571,copy|elementwise_binary|elementwise_unary|reduce,"void at::native::unrolled_elementwise_kernel<at::native::direct_copy_kernel_cuda|void at::native::vectorized_elementwise_kernel<(int)4, void at::native::<unnamed|void at::native::reduce_kernel<(int)512, (int)1, at::native::ReduceOp<float, at:|void at::native::vectorized_elementwise_kernel<(int)4, at::native::CUDAFunctorOn|void at::native::vectorized_elementwise_kernel<(int)4, at::native::rsqrt_kernel_|void at::native::elementwise_kernel<(int)128, (int)2, void at::native::gpu_kerne|void at::native::vectorized_elementwise_kernel<(int)8, at::native::float16_copy_"
planner_debate_L,warmup,2,critic-a,10,LinearOp,me,nvtx_operator_range,26282110,5668259122,26068169,26029737,38432,32,32,17602,26137672,gemm|memset,memset|ampere_fp16_s1688gemm_fp16_128x128_ldg8_f2f_stages_32x1_nn
planner_debate_L,warmup,2,critic-a,11,LinearOp,me,nvtx_operator_range,26387685,5694560355,26187781,26147559,40222,32,32,9459,26260803,gemm|memset,memset|ampere_fp16_s1688gemm_fp16_128x128_ldg8_f2f_stages_32x1_nn
planner_debate_L,warmup,2,critic-a,12,LinearOp,me,nvtx_operator_range,26904057,5720967331,26735092,26694516,40576,32,32,8473,26806289,gemm|memset,memset|ampere_fp16_s1688gemm_fp16_128x128_ldg8_f2f_stages_32x1_nn
planner_debate_L,warmup,2,critic-a,13,ViewOp,de,nvtx_operator_range,149234,5747889331,0,0,0,0,0,,,,
planner_debate_L,warmup,2,critic-a,14,TransposeOp,de,nvtx_operator_range,7827268,5748044363,7692282,7692282,0,32,0,11269,7713690,copy,"void at::native::elementwise_kernel<(int)128, (int)4, void at::native::gpu_kerne"
planner_debate_L,warmup,2,critic-b,6,RMSNormOp,ve,nvtx_operator_range,16419193,5873543243,16164474,16164474,0,224,0,10296,16306872,copy|elementwise_binary|elementwise_unary|reduce,"void at::native::unrolled_elementwise_kernel<at::native::direct_copy_kernel_cuda|void at::native::vectorized_elementwise_kernel<(int)4, void at::native::<unnamed|void at::native::reduce_kernel<(int)512, (int)1, at::native::ReduceOp<float, at:|void at::native::vectorized_elementwise_kernel<(int)4, at::native::CUDAFunctorOn|void at::native::vectorized_elementwise_kernel<(int)4, at::native::rsqrt_kernel_|void at::native::elementwise_kernel<(int)128, (int)2, void at::native::gpu_kerne|void at::native::vectorized_elementwise_kernel<(int)8, at::native::float16_copy_"
planner_debate_L,warmup,2,critic-b,7,AddOp,ve,nvtx_operator_range,731757,5889976971,638473,638473,0,32,0,9272,658089,elementwise_binary,"void at::native::vectorized_elementwise_kernel<(int)8, at::native::CUDAFunctorOn"
planner_debate_L,warmup,2,critic-b,8,RMSNormOp,ve,nvtx_operator_range,15992869,5890715979,15779083,15779083,0,224,0,7234,15921509,copy|elementwise_binary|elementwise_unary|reduce,"void at::native::unrolled_elementwise_kernel<at::native::direct_copy_kernel_cuda|void at::native::vectorized_elementwise_kernel<(int)4, void at::native::<unnamed|void at::native::reduce_kernel<(int)512, (int)1, at::native::ReduceOp<float, at:|void at::native::vectorized_elementwise_kernel<(int)4, at::native::CUDAFunctorOn|void at::native::vectorized_elementwise_kernel<(int)4, at::native::rsqrt_kernel_|void at::native::elementwise_kernel<(int)128, (int)2, void at::native::gpu_kerne|void at::native::vectorized_elementwise_kernel<(int)8, at::native::float16_copy_"
planner_debate_L,warmup,2,critic-b,10,LinearOp,me,nvtx_operator_range,25637260,5906719514,25427236,25387910,39326,32,32,16603,25495649,gemm|memset,memset|ampere_fp16_s1688gemm_fp16_128x128_ldg8_f2f_stages_32x1_nn
planner_debate_L,warmup,2,critic-b,11,LinearOp,me,nvtx_operator_range,27013094,5932372512,26838102,26793943,44159,32,32,9795,26907569,gemm|memset,memset|ampere_fp16_s1688gemm_fp16_128x128_ldg8_f2f_stages_32x1_nn
planner_debate_L,warmup,2,critic-b,12,LinearOp,me,nvtx_operator_range,27266277,5959395745,27140907,27101294,39613,32,32,7090,27201831,gemm|memset,memset|ampere_fp16_s1688gemm_fp16_128x128_ldg8_f2f_stages_32x1_nn
planner_debate_L,warmup,2,critic-b,13,ViewOp,de,nvtx_operator_range,173211,5986674601,0,0,0,0,0,,,,
planner_debate_L,warmup,2,critic-b,14,TransposeOp,de,nvtx_operator_range,7304265,5986853461,7165006,7165006,0,32,0,10382,7185997,copy,"void at::native::elementwise_kernel<(int)128, (int)4, void at::native::gpu_kerne"
planner_debate_L,warmup,2,critic-merge,6,RMSNormOp,ve,nvtx_operator_range,16451464,6117237842,16182619,16182619,0,224,0,9412,16326104,copy|elementwise_binary|elementwise_unary|reduce,"void at::native::unrolled_elementwise_kernel<at::native::direct_copy_kernel_cuda|void at::native::vectorized_elementwise_kernel<(int)4, void at::native::<unnamed|void at::native::reduce_kernel<(int)512, (int)1, at::native::ReduceOp<float, at:|void at::native::vectorized_elementwise_kernel<(int)4, at::native::CUDAFunctorOn|void at::native::vectorized_elementwise_kernel<(int)4, at::native::rsqrt_kernel_|void at::native::elementwise_kernel<(int)128, (int)2, void at::native::gpu_kerne|void at::native::vectorized_elementwise_kernel<(int)8, at::native::float16_copy_"
planner_debate_L,warmup,2,critic-merge,7,AddOp,ve,nvtx_operator_range,735995,6133702917,642122,642122,0,32,0,9211,661674,elementwise_binary,"void at::native::vectorized_elementwise_kernel<(int)8, at::native::CUDAFunctorOn"
planner_debate_L,warmup,2,critic-merge,8,RMSNormOp,ve,nvtx_operator_range,16344759,6134446842,16133886,16133886,0,224,0,7549,16276026,copy|elementwise_binary|elementwise_unary|reduce,"void at::native::unrolled_elementwise_kernel<at::native::direct_copy_kernel_cuda|void at::native::vectorized_elementwise_kernel<(int)4, void at::native::<unnamed|void at::native::reduce_kernel<(int)512, (int)1, at::native::ReduceOp<float, at:|void at::native::vectorized_elementwise_kernel<(int)4, at::native::CUDAFunctorOn|void at::native::vectorized_elementwise_kernel<(int)4, at::native::rsqrt_kernel_|void at::native::elementwise_kernel<(int)128, (int)2, void at::native::gpu_kerne|void at::native::vectorized_elementwise_kernel<(int)8, at::native::float16_copy_"
planner_debate_L,warmup,2,critic-merge,10,LinearOp,me,nvtx_operator_range,26020117,6150801029,25805111,25767096,38015,32,32,17746,25872245,gemm|memset,memset|ampere_fp16_s1688gemm_fp16_128x128_ldg8_f2f_stages_32x1_nn
planner_debate_L,warmup,2,critic-merge,11,LinearOp,me,nvtx_operator_range,25691653,6176837808,25512703,25474592,38111,32,32,10777,25578783,gemm|memset,memset|ampere_fp16_s1688gemm_fp16_128x128_ldg8_f2f_stages_32x1_nn
planner_debate_L,warmup,2,critic-merge,12,LinearOp,me,nvtx_operator_range,26392392,6202537552,26269863,26232392,37471,32,32,6749,26328229,gemm|memset,memset|ampere_fp16_s1688gemm_fp16_128x128_ldg8_f2f_stages_32x1_nn
planner_debate_L,warmup,2,critic-merge,13,ViewOp,de,nvtx_operator_range,142773,6228941543,0,0,0,0,0,,,,
planner_debate_L,warmup,2,critic-merge,14,TransposeOp,de,nvtx_operator_range,7291561,6229089518,7176204,7176204,0,32,0,11711,7197388,copy,"void at::native::elementwise_kernel<(int)128, (int)4, void at::native::gpu_kerne"
planner_debate_L,warmup,2,planner-final,6,RMSNormOp,ve,nvtx_operator_range,9301009,6325708165,9054636,9054636,0,224,0,9375,9196936,copy|elementwise_binary|elementwise_unary|reduce,"void at::native::unrolled_elementwise_kernel<at::native::direct_copy_kernel_cuda|void at::native::vectorized_elementwise_kernel<(int)4, void at::native::<unnamed|void at::native::reduce_kernel<(int)512, (int)1, at::native::ReduceOp<float, at:|void at::native::vectorized_elementwise_kernel<(int)4, at::native::CUDAFunctorOn|void at::native::vectorized_elementwise_kernel<(int)4, at::native::rsqrt_kernel_|void at::native::elementwise_kernel<(int)128, (int)2, void at::native::gpu_kerne|void at::native::vectorized_elementwise_kernel<(int)8, at::native::float16_copy_"
planner_debate_L,warmup,2,planner-final,7,AddOp,ve,nvtx_operator_range,535362,6335022100,431858,431858,0,32,0,8946,460657,elementwise_binary,"void at::native::vectorized_elementwise_kernel<(int)8, at::native::CUDAFunctorOn"
planner_debate_L,warmup,2,planner-final,8,RMSNormOp,ve,nvtx_operator_range,9590729,6335564661,9381252,9381252,0,224,0,7228,9526590,copy|elementwise_binary|elementwise_unary|reduce,"void at::native::unrolled_elementwise_kernel<at::native::direct_copy_kernel_cuda|void at::native::vectorized_elementwise_kernel<(int)4, void at::native::<unnamed|void at::native::reduce_kernel<(int)512, (int)1, at::native::ReduceOp<float, at:|void at::native::vectorized_elementwise_kernel<(int)4, at::native::CUDAFunctorOn|void at::native::vectorized_elementwise_kernel<(int)4, at::native::rsqrt_kernel_|void at::native::elementwise_kernel<(int)128, (int)2, void at::native::gpu_kerne|void at::native::vectorized_elementwise_kernel<(int)8, at::native::float16_copy_"
planner_debate_L,warmup,2,planner-final,10,LinearOp,me,nvtx_operator_range,19752818,6345164830,19595914,19595914,0,32,0,9756,19616008,gemm,void cutlass::Kernel2<cutlass_80_tensorop_f16_s16816gemm_relu_f16_64x64_32x6_nn_
planner_debate_L,warmup,2,planner-final,11,LinearOp,me,nvtx_operator_range,19999506,6364926140,19908832,19908832,0,32,0,7104,19929534,gemm,void cutlass::Kernel2<cutlass_80_tensorop_f16_s16816gemm_relu_f16_64x64_32x6_nn_
planner_debate_L,warmup,2,planner-final,12,LinearOp,me,nvtx_operator_range,20962518,6384939130,20870365,20870365,0,32,0,7373,20892125,gemm,void cutlass::Kernel2<cutlass_80_tensorop_f16_s16816gemm_relu_f16_64x64_32x6_nn_
planner_debate_L,warmup,2,planner-final,13,ViewOp,de,nvtx_operator_range,150337,6405912041,0,0,0,0,0,,,,
planner_debate_L,warmup,2,planner-final,14,TransposeOp,de,nvtx_operator_range,5861001,6406067810,5734302,5734302,0,32,0,10591,5756125,copy,"void at::native::elementwise_kernel<(int)128, (int)4, void at::native::gpu_kerne"
