make: Entering directory '/root/chipyard/sims/verilator'
Running with RISCV=/root/chipyard/esp-tools-install
mkdir -p /root/chipyard/sims/verilator/generated-src/chipyard.TestHarness.MLXCycleRocketConfig
cp -f /root/chipyard/generators/rocket-chip/src/main/resources/vsrc/EICG_wrapper.v /root/chipyard/generators/chipyard/src/main/resources/csrc/emulator.cc /root/chipyard/generators/rocket-chip/src/main/resources/csrc/verilator.h /root/chipyard/generators/testchipip/src/main/resources/testchipip/csrc/SimSerial.cc /root/chipyard/generators/testchipip/src/main/resources/testchipip/csrc/testchip_tsi.cc /root/chipyard/generators/testchipip/src/main/resources/testchipip/csrc/testchip_tsi.h /root/chipyard/generators/testchipip/src/main/resources/testchipip/csrc/SimDRAM.cc /root/chipyard/generators/testchipip/src/main/resources/testchipip/csrc/mm.h /root/chipyard/generators/testchipip/src/main/resources/testchipip/csrc/mm.cc /root/chipyard/generators/testchipip/src/main/resources/testchipip/csrc/mm_dramsim2.h /root/chipyard/generators/testchipip/src/main/resources/testchipip/csrc/mm_dramsim2.cc /root/chipyard/generators/rocket-chip/src/main/resources/csrc/SimDTM.cc /root/chipyard/generators/rocket-chip/src/main/resources/csrc/SimJTAG.cc /root/chipyard/generators/rocket-chip/src/main/resources/csrc/remote_bitbang.h /root/chipyard/generators/rocket-chip/src/main/resources/csrc/remote_bitbang.cc /root/chipyard/sims/verilator/generated-src/chipyard.TestHarness.MLXCycleRocketConfig
cp -f /root/chipyard/generators/testchipip/src/main/resources/testchipip/bootrom/bootrom.rv64.img /root/chipyard/sims/verilator/generated-src/chipyard.TestHarness.MLXCycleRocketConfig/bootrom.rv64.img
cp -f /root/chipyard/generators/testchipip/src/main/resources/testchipip/bootrom/bootrom.rv32.img /root/chipyard/sims/verilator/generated-src/chipyard.TestHarness.MLXCycleRocketConfig/bootrom.rv32.img
echo "/root/chipyard/sims/verilator/generated-src/chipyard.TestHarness.MLXCycleRocketConfig/EICG_wrapper.v" >> /root/chipyard/sims/verilator/generated-src/chipyard.TestHarness.MLXCycleRocketConfig/sim_files.f;   echo "/root/chipyard/sims/verilator/generated-src/chipyard.TestHarness.MLXCycleRocketConfig/emulator.cc" >> /root/chipyard/sims/verilator/generated-src/chipyard.TestHarness.MLXCycleRocketConfig/sim_files.f;   echo "-FI /root/chipyard/sims/verilator/generated-src/chipyard.TestHarness.MLXCycleRocketConfig/verilator.h" >> /root/chipyard/sims/verilator/generated-src/chipyard.TestHarness.MLXCycleRocketConfig/sim_files.f;   echo "/root/chipyard/sims/verilator/generated-src/chipyard.TestHarness.MLXCycleRocketConfig/SimSerial.cc" >> /root/chipyard/sims/verilator/generated-src/chipyard.TestHarness.MLXCycleRocketConfig/sim_files.f;   echo "/root/chipyard/sims/verilator/generated-src/chipyard.TestHarness.MLXCycleRocketConfig/testchip_tsi.cc" >> /root/chipyard/sims/verilator/generated-src/chipyard.TestHarness.MLXCycleRocketConfig/sim_files.f;   echo "-FI /root/chipyard/sims/verilator/generated-src/chipyard.TestHarness.MLXCycleRocketConfig/testchip_tsi.h" >> /root/chipyard/sims/verilator/generated-src/chipyard.TestHarness.MLXCycleRocketConfig/sim_files.f;   echo "/root/chipyard/sims/verilator/generated-src/chipyard.TestHarness.MLXCycleRocketConfig/SimDRAM.cc" >> /root/chipyard/sims/verilator/generated-src/chipyard.TestHarness.MLXCycleRocketConfig/sim_files.f;   echo "-FI /root/chipyard/sims/verilator/generated-src/chipyard.TestHarness.MLXCycleRocketConfig/mm.h" >> /root/chipyard/sims/verilator/generated-src/chipyard.TestHarness.MLXCycleRocketConfig/sim_files.f;   echo "/root/chipyard/sims/verilator/generated-src/chipyard.TestHarness.MLXCycleRocketConfig/mm.cc" >> /root/chipyard/sims/verilator/generated-src/chipyard.TestHarness.MLXCycleRocketConfig/sim_files.f;   echo "-FI /root/chipyard/sims/verilator/generated-src/chipyard.TestHarness.MLXCycleRocketConfig/mm_dramsim2.h" >> /root/chipyard/sims/verilator/generated-src/chipyard.TestHarness.MLXCycleRocketConfig/sim_files.f;   echo "/root/chipyard/sims/verilator/generated-src/chipyard.TestHarness.MLXCycleRocketConfig/mm_dramsim2.cc" >> /root/chipyard/sims/verilator/generated-src/chipyard.TestHarness.MLXCycleRocketConfig/sim_files.f;   echo "/root/chipyard/sims/verilator/generated-src/chipyard.TestHarness.MLXCycleRocketConfig/SimDTM.cc" >> /root/chipyard/sims/verilator/generated-src/chipyard.TestHarness.MLXCycleRocketConfig/sim_files.f;   echo "/root/chipyard/sims/verilator/generated-src/chipyard.TestHarness.MLXCycleRocketConfig/SimJTAG.cc" >> /root/chipyard/sims/verilator/generated-src/chipyard.TestHarness.MLXCycleRocketConfig/sim_files.f;   echo "-FI /root/chipyard/sims/verilator/generated-src/chipyard.TestHarness.MLXCycleRocketConfig/remote_bitbang.h" >> /root/chipyard/sims/verilator/generated-src/chipyard.TestHarness.MLXCycleRocketConfig/sim_files.f;   echo "/root/chipyard/sims/verilator/generated-src/chipyard.TestHarness.MLXCycleRocketConfig/remote_bitbang.cc" >> /root/chipyard/sims/verilator/generated-src/chipyard.TestHarness.MLXCycleRocketConfig/sim_files.f;
mkdir -p /root/chipyard/sims/verilator/generated-src/chipyard.TestHarness.MLXCycleRocketConfig
cd /root/chipyard && java -Xmx8G -Xss8M -XX:MaxPermSize=256M -Djava.io.tmpdir=/root/chipyard/.java_tmp -jar /root/chipyard/generators/rocket-chip/sbt-launch.jar -Dsbt.sourcemode=true -Dsbt.workspace=/root/chipyard/tools  ";project chipyard; runMain chipyard.Generator  --target-dir /root/chipyard/sims/verilator/generated-src/chipyard.TestHarness.MLXCycleRocketConfig --name chipyard.TestHarness.MLXCycleRocketConfig --top-module chipyard.TestHarness --legacy-configs chipyard:MLXCycleRocketConfig"
OpenJDK 64-Bit Server VM warning: Ignoring option MaxPermSize; support was removed in 8.0
[info] welcome to sbt 1.4.9 (Ubuntu Java 11.0.11)
[info] loading settings for project chipyard-build from plugins.sbt ...
[info] loading project definition from /root/chipyard/project
[info] loading settings for project chipyardRoot from build.sbt ...
[info] loading settings for project hardfloat from build.sbt ...
[info] loading settings for project rocketConfig from build.sbt ...
[info] loading settings for project firrtl_interpreter from build.sbt ...
[info] loading settings for project treadle from build.sbt ...
[info] loading settings for project chisel_testers from build.sbt ...
[info] loading settings for project testchipip from build.sbt ...
[info] loading settings for project icenet from build.sbt ...
[info] loading settings for project hwacha from build.sbt ...
[info] loading settings for project boom from build.sbt ...
[info] loading settings for project cva6 from build.sbt ...
[info] loading settings for project sodor from build.sbt ...
[info] loading settings for project gemmini from build.sbt ...
[info] loading settings for project mdf from build.sbt ...
[info] loading settings for project barstoolsMacros from build.sbt ...
[info] loading settings for project sim-build from plugins.sbt ...
[info] loading project definition from /root/chipyard/sims/firesim/sim/project
[info] loading settings for project firesim from build.sbt ...
[info] loading settings for project targetutils from build.sbt ...
[info] loading settings for project midas from build.sbt ...
[info] loading settings for project chisel3-build from plugins.sbt ...
[info] loading project definition from /root/chipyard/tools/chisel3/project
[info] loading settings for project chisel from build.sbt ...
[info] loading settings for project firrtl-build from plugins.sbt ...
[info] loading project definition from /root/chipyard/tools/firrtl/project
[info] loading settings for project firrtl from build.sbt ...
[info] resolving key references (55373 settings) ...
[info] set current project to chipyardRoot (in build file:/root/chipyard/)
[info] set current project to chipyard (in build file:/root/chipyard/)
[info] compiling 1 Scala source to /root/chipyard/generators/chipyard/target/scala-2.12/classes ...
[warn] there were 31 feature warnings; re-run with -feature for details
[warn] one warning found
[info] done compiling
[info] running chipyard.Generator --target-dir /root/chipyard/sims/verilator/generated-src/chipyard.TestHarness.MLXCycleRocketConfig --name chipyard.TestHarness.MLXCycleRocketConfig --top-module chipyard.TestHarness --legacy-configs chipyard:MLXCycleRocketConfig
Elaborating design...
L2 InclusiveCache Client Map:
	0 <= serial-tl
	1 <= Core 0 DCache
	2 <= Core 0 ICache

Interrupt map (2 harts 1 interrupts):
  [1, 1] => uart_0

<stdout>: Warning (simple_bus_reg): Node /soc/subsystem_mbus_clock missing or empty reg/ranges property
<stdout>: Warning (simple_bus_reg): Node /soc/subsystem_pbus_clock missing or empty reg/ranges property
Clock subsystem_pbus_0: using diplomatically specified frequency of 100.0.
Clock subsystem_mbus_0: using diplomatically specified frequency of 100.0.
/dts-v1/;

/ {
	#address-cells = <1>;
	#size-cells = <1>;
	compatible = "freechips,rocketchip-unknown-dev";
	model = "freechips,rocketchip-unknown";
	L24: aliases {
		serial0 = &L19;
	};
	L23: cpus {
		#address-cells = <1>;
		#size-cells = <0>;
		L6: cpu@0 {
			clock-frequency = <0>;
			compatible = "sifive,rocket0", "riscv";
			d-cache-block-size = <64>;
			d-cache-sets = <64>;
			d-cache-size = <16384>;
			d-tlb-sets = <1>;
			d-tlb-size = <32>;
			device_type = "cpu";
			hardware-exec-breakpoint-count = <1>;
			i-cache-block-size = <64>;
			i-cache-sets = <64>;
			i-cache-size = <16384>;
			i-tlb-sets = <1>;
			i-tlb-size = <32>;
			mmu-type = "riscv,sv39";
			next-level-cache = <&L3>;
			reg = <0x0>;
			riscv,isa = "rv64imafdc";
			riscv,pmpgranularity = <4>;
			riscv,pmpregions = <8>;
			status = "okay";
			timebase-frequency = <1000000>;
			tlb-split;
			L4: interrupt-controller {
				#interrupt-cells = <1>;
				compatible = "riscv,cpu-intc";
				interrupt-controller;
			};
		};
	};
	L25: htif {
		compatible = "ucb,htif0";
	};
	L13: memory@80000000 {
		device_type = "memory";
		reg = <0x80000000 0x10000000>;
	};
	L22: soc {
		#address-cells = <1>;
		#size-cells = <1>;
		compatible = "freechips,rocketchip-unknown-soc", "simple-bus";
		ranges;
		L16: boot-address-reg@4000 {
			reg = <0x4000 0x1000>;
			reg-names = "control";
		};
		L3: cache-controller@2010000 {
			cache-block-size = <64>;
			cache-level = <2>;
			cache-sets = <1024>;
			cache-size = <524288>;
			cache-unified;
			compatible = "sifive,inclusivecache0", "cache";
			next-level-cache = <&L13 &L17 &L18>;
			reg = <0x2010000 0x1000>;
			reg-names = "control";
			sifive,mshr-count = <7>;
		};
		L8: clint@2000000 {
			compatible = "riscv,clint0";
			interrupts-extended = <&L4 3 &L4 7>;
			reg = <0x2000000 0x10000>;
			reg-names = "control";
		};
		L9: debug-controller@0 {
			compatible = "sifive,debug-013", "riscv,debug-013";
			debug-attach = "jtag";
			interrupts-extended = <&L4 65535>;
			reg = <0x0 0x1000>;
			reg-names = "control";
		};
		L1: error-device@3000 {
			compatible = "sifive,error0";
			reg = <0x3000 0x1000>;
		};
		L7: interrupt-controller@c000000 {
			#interrupt-cells = <1>;
			compatible = "riscv,plic0";
			interrupt-controller;
			interrupts-extended = <&L4 11 &L4 9>;
			reg = <0xc000000 0x4000000>;
			reg-names = "control";
			riscv,max-priority = <1>;
			riscv,ndev = <1>;
		};
		L17: lbwif-ram@10000000 {
			reg = <0x10000000 0x1000>;
		};
		L18: lbwif-rom@20000 {
			reg = <0x20000 0x10000>;
		};
		L15: rom@10000 {
			compatible = "sifive,rom0";
			reg = <0x10000 0x10000>;
			reg-names = "mem";
		};
		L19: serial@54000000 {
			clocks = <&L0>;
			compatible = "sifive,uart0";
			interrupt-parent = <&L7>;
			interrupts = <1>;
			reg = <0x54000000 0x1000>;
			reg-names = "control";
		};
		L2: subsystem_mbus_clock {
			#clock-cells = <0>;
			clock-frequency = <100000000>;
			clock-output-names = "subsystem_mbus_clock";
			compatible = "fixed-clock";
		};
		L0: subsystem_pbus_clock {
			#clock-cells = <0>;
			clock-frequency = <100000000>;
			clock-output-names = "subsystem_pbus_clock";
			compatible = "fixed-clock";
		};
		L20: tile-reset-ctrl@100000 {
			reg = <0x100000 0x1000>;
			reg-names = "control";
		};
	};
};

Generated Address Map
	       0 -     1000 ARWX  debug-controller@0
	    3000 -     4000 ARWX  error-device@3000
	    4000 -     5000 ARW   boot-address-reg@4000
	   10000 -    20000  R X  rom@10000
	   20000 -    30000  R XC lbwif-rom@20000
	  100000 -   101000 ARW   tile-reset-ctrl@100000
	 2000000 -  2010000 ARW   clint@2000000
	 2010000 -  2011000 ARW   cache-controller@2010000
	 c000000 - 10000000 ARW   interrupt-controller@c000000
	10000000 - 10001000 ARWXC lbwif-ram@10000000
	54000000 - 54001000 ARW   serial@54000000
	80000000 - 90000000 ARWXC memory@80000000


buildTopClockGenerator Frequency Summary
  Input Reference Frequency: 100.0 MHz
  Output clock implicit_clock, requested: 100.0 MHz, actual: 100.0 MHz (division of 1)
  Output clock subsystem_sbus_0, requested: 100.0 MHz, actual: 100.0 MHz (division of 1)
  Output clock subsystem_sbus_1, requested: 100.0 MHz, actual: 100.0 MHz (division of 1)
  Output clock subsystem_pbus_0, requested: 100.0 MHz, actual: 100.0 MHz (division of 1)
  Output clock subsystem_fbus_0, requested: 100.0 MHz, actual: 100.0 MHz (division of 1)
  Output clock subsystem_mbus_0, requested: 100.0 MHz, actual: 100.0 MHz (division of 1)
  Output clock subsystem_cbus_0, requested: 100.0 MHz, actual: 100.0 MHz (division of 1)

harnessDividerOnlyClockGenerator Frequency Summary
  Input Reference Frequency: 100.0 MHz
  Output clock buildtop_reference_clock, requested: 100.0 MHz, actual: 100.0 MHz (division of 1)
[[34mdeprecated[0m] class freechips.rocketchip.util.CrossingIO (2 calls): Unable to automatically infer cloneType on class freechips.rocketchip.util.CrossingIO: constructor has parameters (gen) that are not both immutable and accessible. Either make all parameters immutable and accessible (vals) so cloneType can be inferred, or define a custom cloneType method.
[[33mwarn[0m] [33mThere were 1 deprecated function(s) used. These may stop compiling in a future release - you are encouraged to fix these issues.[0m
[[33mwarn[0m] Line numbers for deprecations reported by Chisel may be inaccurate; enable scalac compiler deprecation warnings via either of the following methods:
[[33mwarn[0m]   In the sbt interactive console, enter:
[[33mwarn[0m]     set scalacOptions in ThisBuild ++= Seq("-unchecked", "-deprecation")
[[33mwarn[0m]   or, in your build.sbt, add the line:
[[33mwarn[0m]     scalacOptions := Seq("-unchecked", "-deprecation")
Done elaborating.
[success] Total time: 47 s, completed Aug 27, 2026, 7:48:21 AM
cd /root/chipyard && java -Xmx8G -Xss8M -XX:MaxPermSize=256M -Djava.io.tmpdir=/root/chipyard/.java_tmp -jar /root/chipyard/generators/rocket-chip/sbt-launch.jar -Dsbt.sourcemode=true -Dsbt.workspace=/root/chipyard/tools  ";project tapeout; runMain barstools.tapeout.transforms.GenerateTopAndHarness -o /root/chipyard/sims/verilator/generated-src/chipyard.TestHarness.MLXCycleRocketConfig/chipyard.TestHarness.MLXCycleRocketConfig.top.v -tho /root/chipyard/sims/verilator/generated-src/chipyard.TestHarness.MLXCycleRocketConfig/chipyard.TestHarness.MLXCycleRocketConfig.harness.v -i /root/chipyard/sims/verilator/generated-src/chipyard.TestHarness.MLXCycleRocketConfig/chipyard.TestHarness.MLXCycleRocketConfig.fir --syn-top ChipTop --harness-top TestHarness -faf /root/chipyard/sims/verilator/generated-src/chipyard.TestHarness.MLXCycleRocketConfig/chipyard.TestHarness.MLXCycleRocketConfig.anno.json -tsaof /root/chipyard/sims/verilator/generated-src/chipyard.TestHarness.MLXCycleRocketConfig/chipyard.TestHarness.MLXCycleRocketConfig.top.anno.json -tdf /root/chipyard/sims/verilator/generated-src/chipyard.TestHarness.MLXCycleRocketConfig/firrtl_black_box_resource_files.top.f -tsf /root/chipyard/sims/verilator/generated-src/chipyard.TestHarness.MLXCycleRocketConfig/chipyard.TestHarness.MLXCycleRocketConfig.top.fir -thaof /root/chipyard/sims/verilator/generated-src/chipyard.TestHarness.MLXCycleRocketConfig/chipyard.TestHarness.MLXCycleRocketConfig.harness.anno.json -hdf /root/chipyard/sims/verilator/generated-src/chipyard.TestHarness.MLXCycleRocketConfig/firrtl_black_box_resource_files.harness.f -thf /root/chipyard/sims/verilator/generated-src/chipyard.TestHarness.MLXCycleRocketConfig/chipyard.TestHarness.MLXCycleRocketConfig.harness.fir --infer-rw --repl-seq-mem -c:TestHarness:-o:/root/chipyard/sims/verilator/generated-src/chipyard.TestHarness.MLXCycleRocketConfig/chipyard.TestHarness.MLXCycleRocketConfig.top.mems.conf -thconf /root/chipyard/sims/verilator/generated-src/chipyard.TestHarness.MLXCycleRocketConfig/chipyard.TestHarness.MLXCycleRocketConfig.harness.mems.conf -td /root/chipyard/sims/verilator/generated-src/chipyard.TestHarness.MLXCycleRocketConfig -ll error" && touch /root/chipyard/sims/verilator/generated-src/chipyard.TestHarness.MLXCycleRocketConfig/firrtl_black_box_resource_files.top.f /root/chipyard/sims/verilator/generated-src/chipyard.TestHarness.MLXCycleRocketConfig/firrtl_black_box_resource_files.harness.f
OpenJDK 64-Bit Server VM warning: Ignoring option MaxPermSize; support was removed in 8.0
[info] welcome to sbt 1.4.9 (Ubuntu Java 11.0.11)
[info] loading settings for project chipyard-build from plugins.sbt ...
[info] loading project definition from /root/chipyard/project
[info] loading settings for project chipyardRoot from build.sbt ...
[info] loading settings for project hardfloat from build.sbt ...
[info] loading settings for project rocketConfig from build.sbt ...
[info] loading settings for project firrtl_interpreter from build.sbt ...
[info] loading settings for project treadle from build.sbt ...
[info] loading settings for project chisel_testers from build.sbt ...
[info] loading settings for project testchipip from build.sbt ...
[info] loading settings for project icenet from build.sbt ...
[info] loading settings for project hwacha from build.sbt ...
[info] loading settings for project boom from build.sbt ...
[info] loading settings for project cva6 from build.sbt ...
[info] loading settings for project sodor from build.sbt ...
[info] loading settings for project gemmini from build.sbt ...
[info] loading settings for project mdf from build.sbt ...
[info] loading settings for project barstoolsMacros from build.sbt ...
[info] loading settings for project sim-build from plugins.sbt ...
[info] loading project definition from /root/chipyard/sims/firesim/sim/project
[info] loading settings for project firesim from build.sbt ...
[info] loading settings for project targetutils from build.sbt ...
[info] loading settings for project midas from build.sbt ...
[info] loading settings for project chisel3-build from plugins.sbt ...
[info] loading project definition from /root/chipyard/tools/chisel3/project
[info] loading settings for project chisel from build.sbt ...
[info] loading settings for project firrtl-build from plugins.sbt ...
[info] loading project definition from /root/chipyard/tools/firrtl/project
[info] loading settings for project firrtl from build.sbt ...
[info] resolving key references (55373 settings) ...
[info] set current project to chipyardRoot (in build file:/root/chipyard/)
[info] set current project to tapeout (in build file:/root/chipyard/)
[info] running barstools.tapeout.transforms.GenerateTopAndHarness -o /root/chipyard/sims/verilator/generated-src/chipyard.TestHarness.MLXCycleRocketConfig/chipyard.TestHarness.MLXCycleRocketConfig.top.v -tho /root/chipyard/sims/verilator/generated-src/chipyard.TestHarness.MLXCycleRocketConfig/chipyard.TestHarness.MLXCycleRocketConfig.harness.v -i /root/chipyard/sims/verilator/generated-src/chipyard.TestHarness.MLXCycleRocketConfig/chipyard.TestHarness.MLXCycleRocketConfig.fir --syn-top ChipTop --harness-top TestHarness -faf /root/chipyard/sims/verilator/generated-src/chipyard.TestHarness.MLXCycleRocketConfig/chipyard.TestHarness.MLXCycleRocketConfig.anno.json -tsaof /root/chipyard/sims/verilator/generated-src/chipyard.TestHarness.MLXCycleRocketConfig/chipyard.TestHarness.MLXCycleRocketConfig.top.anno.json -tdf /root/chipyard/sims/verilator/generated-src/chipyard.TestHarness.MLXCycleRocketConfig/firrtl_black_box_resource_files.top.f -tsf /root/chipyard/sims/verilator/generated-src/chipyard.TestHarness.MLXCycleRocketConfig/chipyard.TestHarness.MLXCycleRocketConfig.top.fir -thaof /root/chipyard/sims/verilator/generated-src/chipyard.TestHarness.MLXCycleRocketConfig/chipyard.TestHarness.MLXCycleRocketConfig.harness.anno.json -hdf /root/chipyard/sims/verilator/generated-src/chipyard.TestHarness.MLXCycleRocketConfig/firrtl_black_box_resource_files.harness.f -thf /root/chipyard/sims/verilator/generated-src/chipyard.TestHarness.MLXCycleRocketConfig/chipyard.TestHarness.MLXCycleRocketConfig.harness.fir --infer-rw --repl-seq-mem -c:TestHarness:-o:/root/chipyard/sims/verilator/generated-src/chipyard.TestHarness.MLXCycleRocketConfig/chipyard.TestHarness.MLXCycleRocketConfig.top.mems.conf -thconf /root/chipyard/sims/verilator/generated-src/chipyard.TestHarness.MLXCycleRocketConfig/chipyard.TestHarness.MLXCycleRocketConfig.harness.mems.conf -td /root/chipyard/sims/verilator/generated-src/chipyard.TestHarness.MLXCycleRocketConfig -ll error
[success] Total time: 94 s (01:34), completed Aug 27, 2026, 7:50:16 AM
cd /root/chipyard && java -Xmx8G -Xss8M -XX:MaxPermSize=256M -Djava.io.tmpdir=/root/chipyard/.java_tmp -jar /root/chipyard/generators/rocket-chip/sbt-launch.jar -Dsbt.sourcemode=true -Dsbt.workspace=/root/chipyard/tools  ";project barstoolsMacros; runMain barstools.macros.MacroCompiler -n /root/chipyard/sims/verilator/generated-src/chipyard.TestHarness.MLXCycleRocketConfig/chipyard.TestHarness.MLXCycleRocketConfig.top.mems.conf -v /root/chipyard/sims/verilator/generated-src/chipyard.TestHarness.MLXCycleRocketConfig/chipyard.TestHarness.MLXCycleRocketConfig.top.mems.v -f /root/chipyard/sims/verilator/generated-src/chipyard.TestHarness.MLXCycleRocketConfig/chipyard.TestHarness.MLXCycleRocketConfig.top.mems.fir --mode synflops"
awk '{print ;}' /root/chipyard/sims/verilator/generated-src/chipyard.TestHarness.MLXCycleRocketConfig/sim_files.f /root/chipyard/sims/verilator/generated-src/chipyard.TestHarness.MLXCycleRocketConfig/firrtl_black_box_resource_files.top.f /root/chipyard/sims/verilator/generated-src/chipyard.TestHarness.MLXCycleRocketConfig/firrtl_black_box_resource_files.harness.f | sort -u | grep -v '.*\.\(svh\|h\)$' > /root/chipyard/sims/verilator/generated-src/chipyard.TestHarness.MLXCycleRocketConfig/sim_files.common.f
OpenJDK 64-Bit Server VM warning: Ignoring option MaxPermSize; support was removed in 8.0
[info] welcome to sbt 1.4.9 (Ubuntu Java 11.0.11)
[info] loading settings for project chipyard-build from plugins.sbt ...
[info] loading project definition from /root/chipyard/project
[info] loading settings for project chipyardRoot from build.sbt ...
[info] loading settings for project hardfloat from build.sbt ...
[info] loading settings for project rocketConfig from build.sbt ...
[info] loading settings for project firrtl_interpreter from build.sbt ...
[info] loading settings for project treadle from build.sbt ...
[info] loading settings for project chisel_testers from build.sbt ...
[info] loading settings for project testchipip from build.sbt ...
[info] loading settings for project icenet from build.sbt ...
[info] loading settings for project hwacha from build.sbt ...
[info] loading settings for project boom from build.sbt ...
[info] loading settings for project cva6 from build.sbt ...
[info] loading settings for project sodor from build.sbt ...
[info] loading settings for project gemmini from build.sbt ...
[info] loading settings for project mdf from build.sbt ...
[info] loading settings for project barstoolsMacros from build.sbt ...
[info] loading settings for project sim-build from plugins.sbt ...
[info] loading project definition from /root/chipyard/sims/firesim/sim/project
[info] loading settings for project firesim from build.sbt ...
[info] loading settings for project targetutils from build.sbt ...
[info] loading settings for project midas from build.sbt ...
[info] loading settings for project chisel3-build from plugins.sbt ...
[info] loading project definition from /root/chipyard/tools/chisel3/project
[info] loading settings for project chisel from build.sbt ...
[info] loading settings for project firrtl-build from plugins.sbt ...
[info] loading project definition from /root/chipyard/tools/firrtl/project
[info] loading settings for project firrtl from build.sbt ...
[info] resolving key references (55373 settings) ...
[info] set current project to chipyardRoot (in build file:/root/chipyard/)
[info] set current project to barstoolsMacros (in build file:/root/chipyard/)
[info] running barstools.macros.MacroCompiler -n /root/chipyard/sims/verilator/generated-src/chipyard.TestHarness.MLXCycleRocketConfig/chipyard.TestHarness.MLXCycleRocketConfig.top.mems.conf -v /root/chipyard/sims/verilator/generated-src/chipyard.TestHarness.MLXCycleRocketConfig/chipyard.TestHarness.MLXCycleRocketConfig.top.mems.v -f /root/chipyard/sims/verilator/generated-src/chipyard.TestHarness.MLXCycleRocketConfig/chipyard.TestHarness.MLXCycleRocketConfig.top.mems.fir --mode synflops
[success] Total time: 7 s, completed Aug 27, 2026, 7:50:42 AM
cd /root/chipyard && java -Xmx8G -Xss8M -XX:MaxPermSize=256M -Djava.io.tmpdir=/root/chipyard/.java_tmp -jar /root/chipyard/generators/rocket-chip/sbt-launch.jar -Dsbt.sourcemode=true -Dsbt.workspace=/root/chipyard/tools  ";project barstoolsMacros; runMain barstools.macros.MacroCompiler  -n /root/chipyard/sims/verilator/generated-src/chipyard.TestHarness.MLXCycleRocketConfig/chipyard.TestHarness.MLXCycleRocketConfig.harness.mems.conf -v /root/chipyard/sims/verilator/generated-src/chipyard.TestHarness.MLXCycleRocketConfig/chipyard.TestHarness.MLXCycleRocketConfig.harness.mems.v -f /root/chipyard/sims/verilator/generated-src/chipyard.TestHarness.MLXCycleRocketConfig/chipyard.TestHarness.MLXCycleRocketConfig.harness.mems.fir --mode synflops"
OpenJDK 64-Bit Server VM warning: Ignoring option MaxPermSize; support was removed in 8.0
[info] welcome to sbt 1.4.9 (Ubuntu Java 11.0.11)
[info] loading settings for project chipyard-build from plugins.sbt ...
[info] loading project definition from /root/chipyard/project
[info] loading settings for project chipyardRoot from build.sbt ...
[info] loading settings for project hardfloat from build.sbt ...
[info] loading settings for project rocketConfig from build.sbt ...
[info] loading settings for project firrtl_interpreter from build.sbt ...
[info] loading settings for project treadle from build.sbt ...
[info] loading settings for project chisel_testers from build.sbt ...
[info] loading settings for project testchipip from build.sbt ...
[info] loading settings for project icenet from build.sbt ...
[info] loading settings for project hwacha from build.sbt ...
[info] loading settings for project boom from build.sbt ...
[info] loading settings for project cva6 from build.sbt ...
[info] loading settings for project sodor from build.sbt ...
[info] loading settings for project gemmini from build.sbt ...
[info] loading settings for project mdf from build.sbt ...
[info] loading settings for project barstoolsMacros from build.sbt ...
[info] loading settings for project sim-build from plugins.sbt ...
[info] loading project definition from /root/chipyard/sims/firesim/sim/project
[info] loading settings for project firesim from build.sbt ...
[info] loading settings for project targetutils from build.sbt ...
[info] loading settings for project midas from build.sbt ...
[info] loading settings for project chisel3-build from plugins.sbt ...
[info] loading project definition from /root/chipyard/tools/chisel3/project
[info] loading settings for project chisel from build.sbt ...
[info] loading settings for project firrtl-build from plugins.sbt ...
[info] loading project definition from /root/chipyard/tools/firrtl/project
[info] loading settings for project firrtl from build.sbt ...
[info] resolving key references (55373 settings) ...
[info] set current project to chipyardRoot (in build file:/root/chipyard/)
[info] set current project to barstoolsMacros (in build file:/root/chipyard/)
[info] running barstools.macros.MacroCompiler -n /root/chipyard/sims/verilator/generated-src/chipyard.TestHarness.MLXCycleRocketConfig/chipyard.TestHarness.MLXCycleRocketConfig.harness.mems.conf -v /root/chipyard/sims/verilator/generated-src/chipyard.TestHarness.MLXCycleRocketConfig/chipyard.TestHarness.MLXCycleRocketConfig.harness.mems.v -f /root/chipyard/sims/verilator/generated-src/chipyard.TestHarness.MLXCycleRocketConfig/chipyard.TestHarness.MLXCycleRocketConfig.harness.mems.fir --mode synflops
[success] Total time: 7 s, completed Aug 27, 2026, 7:51:12 AM
rm -rf /root/chipyard/sims/verilator/generated-src/chipyard.TestHarness.MLXCycleRocketConfig/chipyard.TestHarness.MLXCycleRocketConfig
mkdir -p /root/chipyard/sims/verilator/generated-src/chipyard.TestHarness.MLXCycleRocketConfig/chipyard.TestHarness.MLXCycleRocketConfig
verilator --cc --exe -CFLAGS " -O3 -std=c++11 -I/root/chipyard/esp-tools-install/include -I/root/chipyard/tools/DRAMSim2 -I/root/chipyard/sims/verilator/generated-src/chipyard.TestHarness.MLXCycleRocketConfig    -D__STDC_FORMAT_MACROS -DTEST_HARNESS=VTestHarness -DVERILATOR -include /root/chipyard/sims/verilator/generated-src/chipyard.TestHarness.MLXCycleRocketConfig/chipyard.TestHarness.MLXCycleRocketConfig.plusArgs -include /root/chipyard/sims/verilator/generated-src/chipyard.TestHarness.MLXCycleRocketConfig/verilator.h" -LDFLAGS " -L/root/chipyard/esp-tools-install/lib -Wl,-rpath,/root/chipyard/esp-tools-install/lib -L/root/chipyard/sims/verilator -L/root/chipyard/tools/DRAMSim2 -lfesvr -ldramsim "   --threads 1 --threads-dpi all -O3 --x-assign fast --x-initial fast --output-split 10000 --output-split-cfuncs 100 --assert -Wno-fatal --timescale 1ns/1ps --max-num-width 1048576 +define+PRINTF_COND=\$c\(\"verbose\",\"\&\&\"\,\"done_reset\"\) +define+STOP_COND=\$c\(\"done_reset\"\) --top-module TestHarness --vpi -f /root/chipyard/sims/verilator/generated-src/chipyard.TestHarness.MLXCycleRocketConfig/sim_files.common.f /root/chipyard/sims/verilator/generated-src/chipyard.TestHarness.MLXCycleRocketConfig/chipyard.TestHarness.MLXCycleRocketConfig.top.v /root/chipyard/sims/verilator/generated-src/chipyard.TestHarness.MLXCycleRocketConfig/chipyard.TestHarness.MLXCycleRocketConfig.harness.v /root/chipyard/sims/verilator/generated-src/chipyard.TestHarness.MLXCycleRocketConfig/chipyard.TestHarness.MLXCycleRocketConfig.top.mems.v /root/chipyard/sims/verilator/generated-src/chipyard.TestHarness.MLXCycleRocketConfig/chipyard.TestHarness.MLXCycleRocketConfig.harness.mems.v  -o /root/chipyard/sims/verilator/simulator-chipyard-MLXCycleRocketConfig -Mdir /root/chipyard/sims/verilator/generated-src/chipyard.TestHarness.MLXCycleRocketConfig/chipyard.TestHarness.MLXCycleRocketConfig -CFLAGS "-include /root/chipyard/sims/verilator/generated-src/chipyard.TestHarness.MLXCycleRocketConfig/chipyard.TestHarness.MLXCycleRocketConfig/VTestHarness.h"
%Warning-WIDTH: /root/chipyard/sims/verilator/generated-src/chipyard.TestHarness.MLXCycleRocketConfig/mlx_cycle_model.sv:160:23: Operator ADD expects 32 bits on the LHS, but LHS's VARREF 'source' generates 4 bits.
                                                                                                                               : ... In instance TestHarness.chiptop.system.tile_prci_domain.tile_reset_domain.tile.mlx.box.controller.GENERATE_CYCLE_BACKEND.backend
  160 |       target = source + dx + 4 * dy;
      |                       ^
                ... Use "/* verilator lint_off WIDTH */" and lint_on around source to disable this message.
%Warning-WIDTH: /root/chipyard/sims/verilator/generated-src/chipyard.TestHarness.MLXCycleRocketConfig/mlx_cycle_model.sv:160:23: Operator ADD expects 32 bits on the RHS, but RHS's VARREF 'dx' generates 5 bits.
                                                                                                                               : ... In instance TestHarness.chiptop.system.tile_prci_domain.tile_reset_domain.tile.mlx.box.controller.GENERATE_CYCLE_BACKEND.backend
  160 |       target = source + dx + 4 * dy;
      |                       ^
%Warning-WIDTH: /root/chipyard/sims/verilator/generated-src/chipyard.TestHarness.MLXCycleRocketConfig/mlx_rocc_controller.sv:187:61: Operator ADD expects 32 or 11 bits on the RHS, but RHS's VARREF 'dma_beat_q' generates 3 bits.
                                                                                                                                   : ... In instance TestHarness.chiptop.system.tile_prci_domain.tile_reset_domain.tile.mlx.box.controller
  187 |   wire [10:0] dma_linear_beat = dma_vector_q * VECTOR_BEATS + dma_beat_q;
      |                                                             ^
%Warning-WIDTH: /root/chipyard/sims/verilator/generated-src/chipyard.TestHarness.MLXCycleRocketConfig/mlx_rocc_controller.sv:188:58: Operator SHIFTL expects 40 bits on the LHS, but LHS's VARREF 'dma_linear_beat' generates 11 bits.
                                                                                                                                   : ... In instance TestHarness.chiptop.system.tile_prci_domain.tile_reset_domain.tile.mlx.box.controller
  188 |   wire [ADDR_BITS-1:0] dma_byte_offset = dma_linear_beat << 3;
      |                                                          ^~
touch /root/chipyard/sims/verilator/generated-src/chipyard.TestHarness.MLXCycleRocketConfig/chipyard.TestHarness.MLXCycleRocketConfig/VTestHarness.mk
make VM_PARALLEL_BUILDS=1 -C /root/chipyard/sims/verilator/generated-src/chipyard.TestHarness.MLXCycleRocketConfig/chipyard.TestHarness.MLXCycleRocketConfig -f VTestHarness.mk
make[1]: Entering directory '/root/chipyard/sims/verilator/generated-src/chipyard.TestHarness.MLXCycleRocketConfig/chipyard.TestHarness.MLXCycleRocketConfig'
g++  -I.  -MMD -I/usr/local/share/verilator/include -I/usr/local/share/verilator/include/vltstd -DVM_COVERAGE=0 -DVM_SC=0 -DVM_TRACE=0 -faligned-new -Wno-bool-operation -Wno-sign-compare -Wno-uninitialized -Wno-unused-but-set-variable -Wno-unused-parameter -Wno-unused-variable -Wno-shadow     -O3 -std=c++11 -I/root/chipyard/esp-tools-install/include -I/root/chipyard/tools/DRAMSim2 -I/root/chipyard/sims/verilator/generated-src/chipyard.TestHarness.MLXCycleRocketConfig    -D__STDC_FORMAT_MACROS -DTEST_HARNESS=VTestHarness -DVERILATOR -include /root/chipyard/sims/verilator/generated-src/chipyard.TestHarness.MLXCycleRocketConfig/chipyard.TestHarness.MLXCycleRocketConfig.plusArgs -include /root/chipyard/sims/verilator/generated-src/chipyard.TestHarness.MLXCycleRocketConfig/verilator.h -include /root/chipyard/sims/verilator/generated-src/chipyard.TestHarness.MLXCycleRocketConfig/chipyard.TestHarness.MLXCycleRocketConfig/VTestHarness.h  -DVL_THREADED -std=gnu++14  -c -o SimDRAM.o /root/chipyard/sims/verilator/generated-src/chipyard.TestHarness.MLXCycleRocketConfig/SimDRAM.cc
g++  -I.  -MMD -I/usr/local/share/verilator/include -I/usr/local/share/verilator/include/vltstd -DVM_COVERAGE=0 -DVM_SC=0 -DVM_TRACE=0 -faligned-new -Wno-bool-operation -Wno-sign-compare -Wno-uninitialized -Wno-unused-but-set-variable -Wno-unused-parameter -Wno-unused-variable -Wno-shadow     -O3 -std=c++11 -I/root/chipyard/esp-tools-install/include -I/root/chipyard/tools/DRAMSim2 -I/root/chipyard/sims/verilator/generated-src/chipyard.TestHarness.MLXCycleRocketConfig    -D__STDC_FORMAT_MACROS -DTEST_HARNESS=VTestHarness -DVERILATOR -include /root/chipyard/sims/verilator/generated-src/chipyard.TestHarness.MLXCycleRocketConfig/chipyard.TestHarness.MLXCycleRocketConfig.plusArgs -include /root/chipyard/sims/verilator/generated-src/chipyard.TestHarness.MLXCycleRocketConfig/verilator.h -include /root/chipyard/sims/verilator/generated-src/chipyard.TestHarness.MLXCycleRocketConfig/chipyard.TestHarness.MLXCycleRocketConfig/VTestHarness.h  -DVL_THREADED -std=gnu++14  -c -o SimDTM.o /root/chipyard/sims/verilator/generated-src/chipyard.TestHarness.MLXCycleRocketConfig/SimDTM.cc
g++  -I.  -MMD -I/usr/local/share/verilator/include -I/usr/local/share/verilator/include/vltstd -DVM_COVERAGE=0 -DVM_SC=0 -DVM_TRACE=0 -faligned-new -Wno-bool-operation -Wno-sign-compare -Wno-uninitialized -Wno-unused-but-set-variable -Wno-unused-parameter -Wno-unused-variable -Wno-shadow     -O3 -std=c++11 -I/root/chipyard/esp-tools-install/include -I/root/chipyard/tools/DRAMSim2 -I/root/chipyard/sims/verilator/generated-src/chipyard.TestHarness.MLXCycleRocketConfig    -D__STDC_FORMAT_MACROS -DTEST_HARNESS=VTestHarness -DVERILATOR -include /root/chipyard/sims/verilator/generated-src/chipyard.TestHarness.MLXCycleRocketConfig/chipyard.TestHarness.MLXCycleRocketConfig.plusArgs -include /root/chipyard/sims/verilator/generated-src/chipyard.TestHarness.MLXCycleRocketConfig/verilator.h -include /root/chipyard/sims/verilator/generated-src/chipyard.TestHarness.MLXCycleRocketConfig/chipyard.TestHarness.MLXCycleRocketConfig/VTestHarness.h  -DVL_THREADED -std=gnu++14  -c -o SimJTAG.o /root/chipyard/sims/verilator/generated-src/chipyard.TestHarness.MLXCycleRocketConfig/SimJTAG.cc
g++  -I.  -MMD -I/usr/local/share/verilator/include -I/usr/local/share/verilator/include/vltstd -DVM_COVERAGE=0 -DVM_SC=0 -DVM_TRACE=0 -faligned-new -Wno-bool-operation -Wno-sign-compare -Wno-uninitialized -Wno-unused-but-set-variable -Wno-unused-parameter -Wno-unused-variable -Wno-shadow     -O3 -std=c++11 -I/root/chipyard/esp-tools-install/include -I/root/chipyard/tools/DRAMSim2 -I/root/chipyard/sims/verilator/generated-src/chipyard.TestHarness.MLXCycleRocketConfig    -D__STDC_FORMAT_MACROS -DTEST_HARNESS=VTestHarness -DVERILATOR -include /root/chipyard/sims/verilator/generated-src/chipyard.TestHarness.MLXCycleRocketConfig/chipyard.TestHarness.MLXCycleRocketConfig.plusArgs -include /root/chipyard/sims/verilator/generated-src/chipyard.TestHarness.MLXCycleRocketConfig/verilator.h -include /root/chipyard/sims/verilator/generated-src/chipyard.TestHarness.MLXCycleRocketConfig/chipyard.TestHarness.MLXCycleRocketConfig/VTestHarness.h  -DVL_THREADED -std=gnu++14  -c -o SimSerial.o /root/chipyard/sims/verilator/generated-src/chipyard.TestHarness.MLXCycleRocketConfig/SimSerial.cc
In file included from /usr/local/share/verilator/include/verilated.h:27,
                 from /usr/local/share/verilator/include/verilated_vcd_c.h:23,
                 from /root/chipyard/sims/verilator/generated-src/chipyard.TestHarness.MLXCycleRocketConfig/verilator.h:4,
                 from <command-line>:
/usr/local/share/verilator/include/verilatedos.h:252: warning: "__STDC_FORMAT_MACROS" redefined
  252 | #define __STDC_FORMAT_MACROS
      | 
<command-line>: note: this is the location of the previous definition
In file included from /usr/local/share/verilator/include/verilated.h:27,
                 from /usr/local/share/verilator/include/verilated_vcd_c.h:23,
                 from /root/chipyard/sims/verilator/generated-src/chipyard.TestHarness.MLXCycleRocketConfig/verilator.h:4,
                 from <command-line>:
/usr/local/share/verilator/include/verilatedos.h:252: warning: "__STDC_FORMAT_MACROS" redefined
  252 | #define __STDC_FORMAT_MACROS
      | 
<command-line>: note: this is the location of the previous definition
In file included from /usr/local/share/verilator/include/verilated.h:27,
                 from /usr/local/share/verilator/include/verilated_vcd_c.h:23,
                 from /root/chipyard/sims/verilator/generated-src/chipyard.TestHarness.MLXCycleRocketConfig/verilator.h:4,
                 from <command-line>:
/usr/local/share/verilator/include/verilatedos.h:252: warning: "__STDC_FORMAT_MACROS" redefined
  252 | #define __STDC_FORMAT_MACROS
      | 
<command-line>: note: this is the location of the previous definition
In file included from /usr/local/share/verilator/include/verilated.h:27,
                 from /usr/local/share/verilator/include/verilated_vcd_c.h:23,
                 from /root/chipyard/sims/verilator/generated-src/chipyard.TestHarness.MLXCycleRocketConfig/verilator.h:4,
                 from <command-line>:
/usr/local/share/verilator/include/verilatedos.h:252: warning: "__STDC_FORMAT_MACROS" redefined
  252 | #define __STDC_FORMAT_MACROS
      | 
<command-line>: note: this is the location of the previous definition
g++  -I.  -MMD -I/usr/local/share/verilator/include -I/usr/local/share/verilator/include/vltstd -DVM_COVERAGE=0 -DVM_SC=0 -DVM_TRACE=0 -faligned-new -Wno-bool-operation -Wno-sign-compare -Wno-uninitialized -Wno-unused-but-set-variable -Wno-unused-parameter -Wno-unused-variable -Wno-shadow     -O3 -std=c++11 -I/root/chipyard/esp-tools-install/include -I/root/chipyard/tools/DRAMSim2 -I/root/chipyard/sims/verilator/generated-src/chipyard.TestHarness.MLXCycleRocketConfig    -D__STDC_FORMAT_MACROS -DTEST_HARNESS=VTestHarness -DVERILATOR -include /root/chipyard/sims/verilator/generated-src/chipyard.TestHarness.MLXCycleRocketConfig/chipyard.TestHarness.MLXCycleRocketConfig.plusArgs -include /root/chipyard/sims/verilator/generated-src/chipyard.TestHarness.MLXCycleRocketConfig/verilator.h -include /root/chipyard/sims/verilator/generated-src/chipyard.TestHarness.MLXCycleRocketConfig/chipyard.TestHarness.MLXCycleRocketConfig/VTestHarness.h  -DVL_THREADED -std=gnu++14  -c -o SimUART.o /root/chipyard/sims/verilator/generated-src/chipyard.TestHarness.MLXCycleRocketConfig/SimUART.cc
In file included from /usr/local/share/verilator/include/verilated.h:27,
                 from /usr/local/share/verilator/include/verilated_vcd_c.h:23,
                 from /root/chipyard/sims/verilator/generated-src/chipyard.TestHarness.MLXCycleRocketConfig/verilator.h:4,
                 from <command-line>:
/usr/local/share/verilator/include/verilatedos.h:252: warning: "__STDC_FORMAT_MACROS" redefined
  252 | #define __STDC_FORMAT_MACROS
      | 
<command-line>: note: this is the location of the previous definition
g++  -I.  -MMD -I/usr/local/share/verilator/include -I/usr/local/share/verilator/include/vltstd -DVM_COVERAGE=0 -DVM_SC=0 -DVM_TRACE=0 -faligned-new -Wno-bool-operation -Wno-sign-compare -Wno-uninitialized -Wno-unused-but-set-variable -Wno-unused-parameter -Wno-unused-variable -Wno-shadow     -O3 -std=c++11 -I/root/chipyard/esp-tools-install/include -I/root/chipyard/tools/DRAMSim2 -I/root/chipyard/sims/verilator/generated-src/chipyard.TestHarness.MLXCycleRocketConfig    -D__STDC_FORMAT_MACROS -DTEST_HARNESS=VTestHarness -DVERILATOR -include /root/chipyard/sims/verilator/generated-src/chipyard.TestHarness.MLXCycleRocketConfig/chipyard.TestHarness.MLXCycleRocketConfig.plusArgs -include /root/chipyard/sims/verilator/generated-src/chipyard.TestHarness.MLXCycleRocketConfig/verilator.h -include /root/chipyard/sims/verilator/generated-src/chipyard.TestHarness.MLXCycleRocketConfig/chipyard.TestHarness.MLXCycleRocketConfig/VTestHarness.h  -DVL_THREADED -std=gnu++14  -c -o emulator.o /root/chipyard/sims/verilator/generated-src/chipyard.TestHarness.MLXCycleRocketConfig/emulator.cc
In file included from /usr/local/share/verilator/include/verilated.h:27,
                 from /usr/local/share/verilator/include/verilated_vcd_c.h:23,
                 from /root/chipyard/sims/verilator/generated-src/chipyard.TestHarness.MLXCycleRocketConfig/verilator.h:4,
                 from <command-line>:
/usr/local/share/verilator/include/verilatedos.h:252: warning: "__STDC_FORMAT_MACROS" redefined
  252 | #define __STDC_FORMAT_MACROS
      | 
<command-line>: note: this is the location of the previous definition
g++  -I.  -MMD -I/usr/local/share/verilator/include -I/usr/local/share/verilator/include/vltstd -DVM_COVERAGE=0 -DVM_SC=0 -DVM_TRACE=0 -faligned-new -Wno-bool-operation -Wno-sign-compare -Wno-uninitialized -Wno-unused-but-set-variable -Wno-unused-parameter -Wno-unused-variable -Wno-shadow     -O3 -std=c++11 -I/root/chipyard/esp-tools-install/include -I/root/chipyard/tools/DRAMSim2 -I/root/chipyard/sims/verilator/generated-src/chipyard.TestHarness.MLXCycleRocketConfig    -D__STDC_FORMAT_MACROS -DTEST_HARNESS=VTestHarness -DVERILATOR -include /root/chipyard/sims/verilator/generated-src/chipyard.TestHarness.MLXCycleRocketConfig/chipyard.TestHarness.MLXCycleRocketConfig.plusArgs -include /root/chipyard/sims/verilator/generated-src/chipyard.TestHarness.MLXCycleRocketConfig/verilator.h -include /root/chipyard/sims/verilator/generated-src/chipyard.TestHarness.MLXCycleRocketConfig/chipyard.TestHarness.MLXCycleRocketConfig/VTestHarness.h  -DVL_THREADED -std=gnu++14  -c -o mm.o /root/chipyard/sims/verilator/generated-src/chipyard.TestHarness.MLXCycleRocketConfig/mm.cc
In file included from /usr/local/share/verilator/include/verilated.h:27,
                 from /usr/local/share/verilator/include/verilated_vcd_c.h:23,
                 from /root/chipyard/sims/verilator/generated-src/chipyard.TestHarness.MLXCycleRocketConfig/verilator.h:4,
                 from <command-line>:
/usr/local/share/verilator/include/verilatedos.h:252: warning: "__STDC_FORMAT_MACROS" redefined
  252 | #define __STDC_FORMAT_MACROS
      | 
<command-line>: note: this is the location of the previous definition
g++  -I.  -MMD -I/usr/local/share/verilator/include -I/usr/local/share/verilator/include/vltstd -DVM_COVERAGE=0 -DVM_SC=0 -DVM_TRACE=0 -faligned-new -Wno-bool-operation -Wno-sign-compare -Wno-uninitialized -Wno-unused-but-set-variable -Wno-unused-parameter -Wno-unused-variable -Wno-shadow     -O3 -std=c++11 -I/root/chipyard/esp-tools-install/include -I/root/chipyard/tools/DRAMSim2 -I/root/chipyard/sims/verilator/generated-src/chipyard.TestHarness.MLXCycleRocketConfig    -D__STDC_FORMAT_MACROS -DTEST_HARNESS=VTestHarness -DVERILATOR -include /root/chipyard/sims/verilator/generated-src/chipyard.TestHarness.MLXCycleRocketConfig/chipyard.TestHarness.MLXCycleRocketConfig.plusArgs -include /root/chipyard/sims/verilator/generated-src/chipyard.TestHarness.MLXCycleRocketConfig/verilator.h -include /root/chipyard/sims/verilator/generated-src/chipyard.TestHarness.MLXCycleRocketConfig/chipyard.TestHarness.MLXCycleRocketConfig/VTestHarness.h  -DVL_THREADED -std=gnu++14  -c -o mm_dramsim2.o /root/chipyard/sims/verilator/generated-src/chipyard.TestHarness.MLXCycleRocketConfig/mm_dramsim2.cc
In file included from /usr/local/share/verilator/include/verilated.h:27,
                 from /usr/local/share/verilator/include/verilated_vcd_c.h:23,
                 from /root/chipyard/sims/verilator/generated-src/chipyard.TestHarness.MLXCycleRocketConfig/verilator.h:4,
                 from <command-line>:
/usr/local/share/verilator/include/verilatedos.h:252: warning: "__STDC_FORMAT_MACROS" redefined
  252 | #define __STDC_FORMAT_MACROS
      | 
<command-line>: note: this is the location of the previous definition
g++  -I.  -MMD -I/usr/local/share/verilator/include -I/usr/local/share/verilator/include/vltstd -DVM_COVERAGE=0 -DVM_SC=0 -DVM_TRACE=0 -faligned-new -Wno-bool-operation -Wno-sign-compare -Wno-uninitialized -Wno-unused-but-set-variable -Wno-unused-parameter -Wno-unused-variable -Wno-shadow     -O3 -std=c++11 -I/root/chipyard/esp-tools-install/include -I/root/chipyard/tools/DRAMSim2 -I/root/chipyard/sims/verilator/generated-src/chipyard.TestHarness.MLXCycleRocketConfig    -D__STDC_FORMAT_MACROS -DTEST_HARNESS=VTestHarness -DVERILATOR -include /root/chipyard/sims/verilator/generated-src/chipyard.TestHarness.MLXCycleRocketConfig/chipyard.TestHarness.MLXCycleRocketConfig.plusArgs -include /root/chipyard/sims/verilator/generated-src/chipyard.TestHarness.MLXCycleRocketConfig/verilator.h -include /root/chipyard/sims/verilator/generated-src/chipyard.TestHarness.MLXCycleRocketConfig/chipyard.TestHarness.MLXCycleRocketConfig/VTestHarness.h  -DVL_THREADED -std=gnu++14  -c -o remote_bitbang.o /root/chipyard/sims/verilator/generated-src/chipyard.TestHarness.MLXCycleRocketConfig/remote_bitbang.cc
In file included from /usr/local/share/verilator/include/verilated.h:27,
                 from /usr/local/share/verilator/include/verilated_vcd_c.h:23,
                 from /root/chipyard/sims/verilator/generated-src/chipyard.TestHarness.MLXCycleRocketConfig/verilator.h:4,
                 from <command-line>:
/usr/local/share/verilator/include/verilatedos.h:252: warning: "__STDC_FORMAT_MACROS" redefined
  252 | #define __STDC_FORMAT_MACROS
      | 
<command-line>: note: this is the location of the previous definition
g++  -I.  -MMD -I/usr/local/share/verilator/include -I/usr/local/share/verilator/include/vltstd -DVM_COVERAGE=0 -DVM_SC=0 -DVM_TRACE=0 -faligned-new -Wno-bool-operation -Wno-sign-compare -Wno-uninitialized -Wno-unused-but-set-variable -Wno-unused-parameter -Wno-unused-variable -Wno-shadow     -O3 -std=c++11 -I/root/chipyard/esp-tools-install/include -I/root/chipyard/tools/DRAMSim2 -I/root/chipyard/sims/verilator/generated-src/chipyard.TestHarness.MLXCycleRocketConfig    -D__STDC_FORMAT_MACROS -DTEST_HARNESS=VTestHarness -DVERILATOR -include /root/chipyard/sims/verilator/generated-src/chipyard.TestHarness.MLXCycleRocketConfig/chipyard.TestHarness.MLXCycleRocketConfig.plusArgs -include /root/chipyard/sims/verilator/generated-src/chipyard.TestHarness.MLXCycleRocketConfig/verilator.h -include /root/chipyard/sims/verilator/generated-src/chipyard.TestHarness.MLXCycleRocketConfig/chipyard.TestHarness.MLXCycleRocketConfig/VTestHarness.h  -DVL_THREADED -std=gnu++14  -c -o testchip_tsi.o /root/chipyard/sims/verilator/generated-src/chipyard.TestHarness.MLXCycleRocketConfig/testchip_tsi.cc
In file included from /usr/local/share/verilator/include/verilated.h:27,
                 from /usr/local/share/verilator/include/verilated_vcd_c.h:23,
                 from /root/chipyard/sims/verilator/generated-src/chipyard.TestHarness.MLXCycleRocketConfig/verilator.h:4,
                 from <command-line>:
/usr/local/share/verilator/include/verilatedos.h:252: warning: "__STDC_FORMAT_MACROS" redefined
  252 | #define __STDC_FORMAT_MACROS
      | 
<command-line>: note: this is the location of the previous definition
g++  -I.  -MMD -I/usr/local/share/verilator/include -I/usr/local/share/verilator/include/vltstd -DVM_COVERAGE=0 -DVM_SC=0 -DVM_TRACE=0 -faligned-new -Wno-bool-operation -Wno-sign-compare -Wno-uninitialized -Wno-unused-but-set-variable -Wno-unused-parameter -Wno-unused-variable -Wno-shadow     -O3 -std=c++11 -I/root/chipyard/esp-tools-install/include -I/root/chipyard/tools/DRAMSim2 -I/root/chipyard/sims/verilator/generated-src/chipyard.TestHarness.MLXCycleRocketConfig    -D__STDC_FORMAT_MACROS -DTEST_HARNESS=VTestHarness -DVERILATOR -include /root/chipyard/sims/verilator/generated-src/chipyard.TestHarness.MLXCycleRocketConfig/chipyard.TestHarness.MLXCycleRocketConfig.plusArgs -include /root/chipyard/sims/verilator/generated-src/chipyard.TestHarness.MLXCycleRocketConfig/verilator.h -include /root/chipyard/sims/verilator/generated-src/chipyard.TestHarness.MLXCycleRocketConfig/chipyard.TestHarness.MLXCycleRocketConfig/VTestHarness.h  -DVL_THREADED -std=gnu++14  -c -o uart.o /root/chipyard/sims/verilator/generated-src/chipyard.TestHarness.MLXCycleRocketConfig/uart.cc
In file included from /usr/local/share/verilator/include/verilated.h:27,
                 from /usr/local/share/verilator/include/verilated_vcd_c.h:23,
                 from /root/chipyard/sims/verilator/generated-src/chipyard.TestHarness.MLXCycleRocketConfig/verilator.h:4,
                 from <command-line>:
/usr/local/share/verilator/include/verilatedos.h:252: warning: "__STDC_FORMAT_MACROS" redefined
  252 | #define __STDC_FORMAT_MACROS
      | 
<command-line>: note: this is the location of the previous definition
/root/chipyard/sims/verilator/generated-src/chipyard.TestHarness.MLXCycleRocketConfig/uart.cc:7: warning: "_XOPEN_SOURCE" redefined
    7 | #define _XOPEN_SOURCE
      | 
In file included from /usr/include/inttypes.h:25,
                 from /usr/local/share/verilator/include/verilatedos.h:305,
                 from /usr/local/share/verilator/include/verilated.h:27,
                 from /usr/local/share/verilator/include/verilated_vcd_c.h:23,
                 from /root/chipyard/sims/verilator/generated-src/chipyard.TestHarness.MLXCycleRocketConfig/verilator.h:4,
                 from <command-line>:
/usr/include/features.h:207: note: this is the location of the previous definition
  207 | # define _XOPEN_SOURCE 700
      | 
g++  -I.  -MMD -I/usr/local/share/verilator/include -I/usr/local/share/verilator/include/vltstd -DVM_COVERAGE=0 -DVM_SC=0 -DVM_TRACE=0 -faligned-new -Wno-bool-operation -Wno-sign-compare -Wno-uninitialized -Wno-unused-but-set-variable -Wno-unused-parameter -Wno-unused-variable -Wno-shadow     -O3 -std=c++11 -I/root/chipyard/esp-tools-install/include -I/root/chipyard/tools/DRAMSim2 -I/root/chipyard/sims/verilator/generated-src/chipyard.TestHarness.MLXCycleRocketConfig    -D__STDC_FORMAT_MACROS -DTEST_HARNESS=VTestHarness -DVERILATOR -include /root/chipyard/sims/verilator/generated-src/chipyard.TestHarness.MLXCycleRocketConfig/chipyard.TestHarness.MLXCycleRocketConfig.plusArgs -include /root/chipyard/sims/verilator/generated-src/chipyard.TestHarness.MLXCycleRocketConfig/verilator.h -include /root/chipyard/sims/verilator/generated-src/chipyard.TestHarness.MLXCycleRocketConfig/chipyard.TestHarness.MLXCycleRocketConfig/VTestHarness.h  -DVL_THREADED -std=gnu++14  -c -o verilated.o /usr/local/share/verilator/include/verilated.cpp
In file included from /usr/local/share/verilator/include/verilated.h:27,
                 from /usr/local/share/verilator/include/verilated_vcd_c.h:23,
                 from /root/chipyard/sims/verilator/generated-src/chipyard.TestHarness.MLXCycleRocketConfig/verilator.h:4,
                 from <command-line>:
/usr/local/share/verilator/include/verilatedos.h:252: warning: "__STDC_FORMAT_MACROS" redefined
  252 | #define __STDC_FORMAT_MACROS
      | 
<command-line>: note: this is the location of the previous definition
g++  -I.  -MMD -I/usr/local/share/verilator/include -I/usr/local/share/verilator/include/vltstd -DVM_COVERAGE=0 -DVM_SC=0 -DVM_TRACE=0 -faligned-new -Wno-bool-operation -Wno-sign-compare -Wno-uninitialized -Wno-unused-but-set-variable -Wno-unused-parameter -Wno-unused-variable -Wno-shadow     -O3 -std=c++11 -I/root/chipyard/esp-tools-install/include -I/root/chipyard/tools/DRAMSim2 -I/root/chipyard/sims/verilator/generated-src/chipyard.TestHarness.MLXCycleRocketConfig    -D__STDC_FORMAT_MACROS -DTEST_HARNESS=VTestHarness -DVERILATOR -include /root/chipyard/sims/verilator/generated-src/chipyard.TestHarness.MLXCycleRocketConfig/chipyard.TestHarness.MLXCycleRocketConfig.plusArgs -include /root/chipyard/sims/verilator/generated-src/chipyard.TestHarness.MLXCycleRocketConfig/verilator.h -include /root/chipyard/sims/verilator/generated-src/chipyard.TestHarness.MLXCycleRocketConfig/chipyard.TestHarness.MLXCycleRocketConfig/VTestHarness.h  -DVL_THREADED -std=gnu++14  -c -o verilated_dpi.o /usr/local/share/verilator/include/verilated_dpi.cpp
In file included from /usr/local/share/verilator/include/verilated.h:27,
                 from /usr/local/share/verilator/include/verilated_vcd_c.h:23,
                 from /root/chipyard/sims/verilator/generated-src/chipyard.TestHarness.MLXCycleRocketConfig/verilator.h:4,
                 from <command-line>:
/usr/local/share/verilator/include/verilatedos.h:252: warning: "__STDC_FORMAT_MACROS" redefined
  252 | #define __STDC_FORMAT_MACROS
      | 
<command-line>: note: this is the location of the previous definition
g++  -I.  -MMD -I/usr/local/share/verilator/include -I/usr/local/share/verilator/include/vltstd -DVM_COVERAGE=0 -DVM_SC=0 -DVM_TRACE=0 -faligned-new -Wno-bool-operation -Wno-sign-compare -Wno-uninitialized -Wno-unused-but-set-variable -Wno-unused-parameter -Wno-unused-variable -Wno-shadow     -O3 -std=c++11 -I/root/chipyard/esp-tools-install/include -I/root/chipyard/tools/DRAMSim2 -I/root/chipyard/sims/verilator/generated-src/chipyard.TestHarness.MLXCycleRocketConfig    -D__STDC_FORMAT_MACROS -DTEST_HARNESS=VTestHarness -DVERILATOR -include /root/chipyard/sims/verilator/generated-src/chipyard.TestHarness.MLXCycleRocketConfig/chipyard.TestHarness.MLXCycleRocketConfig.plusArgs -include /root/chipyard/sims/verilator/generated-src/chipyard.TestHarness.MLXCycleRocketConfig/verilator.h -include /root/chipyard/sims/verilator/generated-src/chipyard.TestHarness.MLXCycleRocketConfig/chipyard.TestHarness.MLXCycleRocketConfig/VTestHarness.h  -DVL_THREADED -std=gnu++14  -c -o verilated_vpi.o /usr/local/share/verilator/include/verilated_vpi.cpp
In file included from /usr/local/share/verilator/include/verilated.h:27,
                 from /usr/local/share/verilator/include/verilated_vcd_c.h:23,
                 from /root/chipyard/sims/verilator/generated-src/chipyard.TestHarness.MLXCycleRocketConfig/verilator.h:4,
                 from <command-line>:
/usr/local/share/verilator/include/verilatedos.h:252: warning: "__STDC_FORMAT_MACROS" redefined
  252 | #define __STDC_FORMAT_MACROS
      | 
<command-line>: note: this is the location of the previous definition
g++  -I.  -MMD -I/usr/local/share/verilator/include -I/usr/local/share/verilator/include/vltstd -DVM_COVERAGE=0 -DVM_SC=0 -DVM_TRACE=0 -faligned-new -Wno-bool-operation -Wno-sign-compare -Wno-uninitialized -Wno-unused-but-set-variable -Wno-unused-parameter -Wno-unused-variable -Wno-shadow     -O3 -std=c++11 -I/root/chipyard/esp-tools-install/include -I/root/chipyard/tools/DRAMSim2 -I/root/chipyard/sims/verilator/generated-src/chipyard.TestHarness.MLXCycleRocketConfig    -D__STDC_FORMAT_MACROS -DTEST_HARNESS=VTestHarness -DVERILATOR -include /root/chipyard/sims/verilator/generated-src/chipyard.TestHarness.MLXCycleRocketConfig/chipyard.TestHarness.MLXCycleRocketConfig.plusArgs -include /root/chipyard/sims/verilator/generated-src/chipyard.TestHarness.MLXCycleRocketConfig/verilator.h -include /root/chipyard/sims/verilator/generated-src/chipyard.TestHarness.MLXCycleRocketConfig/chipyard.TestHarness.MLXCycleRocketConfig/VTestHarness.h  -DVL_THREADED -std=gnu++14  -c -o VTestHarness.o VTestHarness.cpp
In file included from /usr/local/share/verilator/include/verilated.h:27,
                 from /usr/local/share/verilator/include/verilated_vcd_c.h:23,
                 from /root/chipyard/sims/verilator/generated-src/chipyard.TestHarness.MLXCycleRocketConfig/verilator.h:4,
                 from <command-line>:
/usr/local/share/verilator/include/verilatedos.h:252: warning: "__STDC_FORMAT_MACROS" redefined
  252 | #define __STDC_FORMAT_MACROS
      | 
<command-line>: note: this is the location of the previous definition
g++  -I.  -MMD -I/usr/local/share/verilator/include -I/usr/local/share/verilator/include/vltstd -DVM_COVERAGE=0 -DVM_SC=0 -DVM_TRACE=0 -faligned-new -Wno-bool-operation -Wno-sign-compare -Wno-uninitialized -Wno-unused-but-set-variable -Wno-unused-parameter -Wno-unused-variable -Wno-shadow     -O3 -std=c++11 -I/root/chipyard/esp-tools-install/include -I/root/chipyard/tools/DRAMSim2 -I/root/chipyard/sims/verilator/generated-src/chipyard.TestHarness.MLXCycleRocketConfig    -D__STDC_FORMAT_MACROS -DTEST_HARNESS=VTestHarness -DVERILATOR -include /root/chipyard/sims/verilator/generated-src/chipyard.TestHarness.MLXCycleRocketConfig/chipyard.TestHarness.MLXCycleRocketConfig.plusArgs -include /root/chipyard/sims/verilator/generated-src/chipyard.TestHarness.MLXCycleRocketConfig/verilator.h -include /root/chipyard/sims/verilator/generated-src/chipyard.TestHarness.MLXCycleRocketConfig/chipyard.TestHarness.MLXCycleRocketConfig/VTestHarness.h  -DVL_THREADED -std=gnu++14  -c -o VTestHarness__1.o VTestHarness__1.cpp
In file included from /usr/local/share/verilator/include/verilated.h:27,
                 from /usr/local/share/verilator/include/verilated_vcd_c.h:23,
                 from /root/chipyard/sims/verilator/generated-src/chipyard.TestHarness.MLXCycleRocketConfig/verilator.h:4,
                 from <command-line>:
/usr/local/share/verilator/include/verilatedos.h:252: warning: "__STDC_FORMAT_MACROS" redefined
  252 | #define __STDC_FORMAT_MACROS
      | 
<command-line>: note: this is the location of the previous definition
g++  -I.  -MMD -I/usr/local/share/verilator/include -I/usr/local/share/verilator/include/vltstd -DVM_COVERAGE=0 -DVM_SC=0 -DVM_TRACE=0 -faligned-new -Wno-bool-operation -Wno-sign-compare -Wno-uninitialized -Wno-unused-but-set-variable -Wno-unused-parameter -Wno-unused-variable -Wno-shadow     -O3 -std=c++11 -I/root/chipyard/esp-tools-install/include -I/root/chipyard/tools/DRAMSim2 -I/root/chipyard/sims/verilator/generated-src/chipyard.TestHarness.MLXCycleRocketConfig    -D__STDC_FORMAT_MACROS -DTEST_HARNESS=VTestHarness -DVERILATOR -include /root/chipyard/sims/verilator/generated-src/chipyard.TestHarness.MLXCycleRocketConfig/chipyard.TestHarness.MLXCycleRocketConfig.plusArgs -include /root/chipyard/sims/verilator/generated-src/chipyard.TestHarness.MLXCycleRocketConfig/verilator.h -include /root/chipyard/sims/verilator/generated-src/chipyard.TestHarness.MLXCycleRocketConfig/chipyard.TestHarness.MLXCycleRocketConfig/VTestHarness.h  -DVL_THREADED -std=gnu++14  -c -o VTestHarness__2.o VTestHarness__2.cpp
In file included from /usr/local/share/verilator/include/verilated.h:27,
                 from /usr/local/share/verilator/include/verilated_vcd_c.h:23,
                 from /root/chipyard/sims/verilator/generated-src/chipyard.TestHarness.MLXCycleRocketConfig/verilator.h:4,
                 from <command-line>:
/usr/local/share/verilator/include/verilatedos.h:252: warning: "__STDC_FORMAT_MACROS" redefined
  252 | #define __STDC_FORMAT_MACROS
      | 
<command-line>: note: this is the location of the previous definition
g++  -I.  -MMD -I/usr/local/share/verilator/include -I/usr/local/share/verilator/include/vltstd -DVM_COVERAGE=0 -DVM_SC=0 -DVM_TRACE=0 -faligned-new -Wno-bool-operation -Wno-sign-compare -Wno-uninitialized -Wno-unused-but-set-variable -Wno-unused-parameter -Wno-unused-variable -Wno-shadow     -O3 -std=c++11 -I/root/chipyard/esp-tools-install/include -I/root/chipyard/tools/DRAMSim2 -I/root/chipyard/sims/verilator/generated-src/chipyard.TestHarness.MLXCycleRocketConfig    -D__STDC_FORMAT_MACROS -DTEST_HARNESS=VTestHarness -DVERILATOR -include /root/chipyard/sims/verilator/generated-src/chipyard.TestHarness.MLXCycleRocketConfig/chipyard.TestHarness.MLXCycleRocketConfig.plusArgs -include /root/chipyard/sims/verilator/generated-src/chipyard.TestHarness.MLXCycleRocketConfig/verilator.h -include /root/chipyard/sims/verilator/generated-src/chipyard.TestHarness.MLXCycleRocketConfig/chipyard.TestHarness.MLXCycleRocketConfig/VTestHarness.h  -DVL_THREADED -std=gnu++14  -c -o VTestHarness__3.o VTestHarness__3.cpp
In file included from /usr/local/share/verilator/include/verilated.h:27,
                 from /usr/local/share/verilator/include/verilated_vcd_c.h:23,
                 from /root/chipyard/sims/verilator/generated-src/chipyard.TestHarness.MLXCycleRocketConfig/verilator.h:4,
                 from <command-line>:
/usr/local/share/verilator/include/verilatedos.h:252: warning: "__STDC_FORMAT_MACROS" redefined
  252 | #define __STDC_FORMAT_MACROS
      | 
<command-line>: note: this is the location of the previous definition
g++  -I.  -MMD -I/usr/local/share/verilator/include -I/usr/local/share/verilator/include/vltstd -DVM_COVERAGE=0 -DVM_SC=0 -DVM_TRACE=0 -faligned-new -Wno-bool-operation -Wno-sign-compare -Wno-uninitialized -Wno-unused-but-set-variable -Wno-unused-parameter -Wno-unused-variable -Wno-shadow     -O3 -std=c++11 -I/root/chipyard/esp-tools-install/include -I/root/chipyard/tools/DRAMSim2 -I/root/chipyard/sims/verilator/generated-src/chipyard.TestHarness.MLXCycleRocketConfig    -D__STDC_FORMAT_MACROS -DTEST_HARNESS=VTestHarness -DVERILATOR -include /root/chipyard/sims/verilator/generated-src/chipyard.TestHarness.MLXCycleRocketConfig/chipyard.TestHarness.MLXCycleRocketConfig.plusArgs -include /root/chipyard/sims/verilator/generated-src/chipyard.TestHarness.MLXCycleRocketConfig/verilator.h -include /root/chipyard/sims/verilator/generated-src/chipyard.TestHarness.MLXCycleRocketConfig/chipyard.TestHarness.MLXCycleRocketConfig/VTestHarness.h  -DVL_THREADED -std=gnu++14  -c -o VTestHarness__4.o VTestHarness__4.cpp
In file included from /usr/local/share/verilator/include/verilated.h:27,
                 from /usr/local/share/verilator/include/verilated_vcd_c.h:23,
                 from /root/chipyard/sims/verilator/generated-src/chipyard.TestHarness.MLXCycleRocketConfig/verilator.h:4,
                 from <command-line>:
/usr/local/share/verilator/include/verilatedos.h:252: warning: "__STDC_FORMAT_MACROS" redefined
  252 | #define __STDC_FORMAT_MACROS
      | 
<command-line>: note: this is the location of the previous definition
g++  -I.  -MMD -I/usr/local/share/verilator/include -I/usr/local/share/verilator/include/vltstd -DVM_COVERAGE=0 -DVM_SC=0 -DVM_TRACE=0 -faligned-new -Wno-bool-operation -Wno-sign-compare -Wno-uninitialized -Wno-unused-but-set-variable -Wno-unused-parameter -Wno-unused-variable -Wno-shadow     -O3 -std=c++11 -I/root/chipyard/esp-tools-install/include -I/root/chipyard/tools/DRAMSim2 -I/root/chipyard/sims/verilator/generated-src/chipyard.TestHarness.MLXCycleRocketConfig    -D__STDC_FORMAT_MACROS -DTEST_HARNESS=VTestHarness -DVERILATOR -include /root/chipyard/sims/verilator/generated-src/chipyard.TestHarness.MLXCycleRocketConfig/chipyard.TestHarness.MLXCycleRocketConfig.plusArgs -include /root/chipyard/sims/verilator/generated-src/chipyard.TestHarness.MLXCycleRocketConfig/verilator.h -include /root/chipyard/sims/verilator/generated-src/chipyard.TestHarness.MLXCycleRocketConfig/chipyard.TestHarness.MLXCycleRocketConfig/VTestHarness.h  -DVL_THREADED -std=gnu++14  -c -o VTestHarness__5.o VTestHarness__5.cpp
In file included from /usr/local/share/verilator/include/verilated.h:27,
                 from /usr/local/share/verilator/include/verilated_vcd_c.h:23,
                 from /root/chipyard/sims/verilator/generated-src/chipyard.TestHarness.MLXCycleRocketConfig/verilator.h:4,
                 from <command-line>:
/usr/local/share/verilator/include/verilatedos.h:252: warning: "__STDC_FORMAT_MACROS" redefined
  252 | #define __STDC_FORMAT_MACROS
      | 
<command-line>: note: this is the location of the previous definition
g++  -I.  -MMD -I/usr/local/share/verilator/include -I/usr/local/share/verilator/include/vltstd -DVM_COVERAGE=0 -DVM_SC=0 -DVM_TRACE=0 -faligned-new -Wno-bool-operation -Wno-sign-compare -Wno-uninitialized -Wno-unused-but-set-variable -Wno-unused-parameter -Wno-unused-variable -Wno-shadow     -O3 -std=c++11 -I/root/chipyard/esp-tools-install/include -I/root/chipyard/tools/DRAMSim2 -I/root/chipyard/sims/verilator/generated-src/chipyard.TestHarness.MLXCycleRocketConfig    -D__STDC_FORMAT_MACROS -DTEST_HARNESS=VTestHarness -DVERILATOR -include /root/chipyard/sims/verilator/generated-src/chipyard.TestHarness.MLXCycleRocketConfig/chipyard.TestHarness.MLXCycleRocketConfig.plusArgs -include /root/chipyard/sims/verilator/generated-src/chipyard.TestHarness.MLXCycleRocketConfig/verilator.h -include /root/chipyard/sims/verilator/generated-src/chipyard.TestHarness.MLXCycleRocketConfig/chipyard.TestHarness.MLXCycleRocketConfig/VTestHarness.h  -DVL_THREADED -std=gnu++14  -c -o VTestHarness__6.o VTestHarness__6.cpp
In file included from /usr/local/share/verilator/include/verilated.h:27,
                 from /usr/local/share/verilator/include/verilated_vcd_c.h:23,
                 from /root/chipyard/sims/verilator/generated-src/chipyard.TestHarness.MLXCycleRocketConfig/verilator.h:4,
                 from <command-line>:
/usr/local/share/verilator/include/verilatedos.h:252: warning: "__STDC_FORMAT_MACROS" redefined
  252 | #define __STDC_FORMAT_MACROS
      | 
<command-line>: note: this is the location of the previous definition
g++  -I.  -MMD -I/usr/local/share/verilator/include -I/usr/local/share/verilator/include/vltstd -DVM_COVERAGE=0 -DVM_SC=0 -DVM_TRACE=0 -faligned-new -Wno-bool-operation -Wno-sign-compare -Wno-uninitialized -Wno-unused-but-set-variable -Wno-unused-parameter -Wno-unused-variable -Wno-shadow     -O3 -std=c++11 -I/root/chipyard/esp-tools-install/include -I/root/chipyard/tools/DRAMSim2 -I/root/chipyard/sims/verilator/generated-src/chipyard.TestHarness.MLXCycleRocketConfig    -D__STDC_FORMAT_MACROS -DTEST_HARNESS=VTestHarness -DVERILATOR -include /root/chipyard/sims/verilator/generated-src/chipyard.TestHarness.MLXCycleRocketConfig/chipyard.TestHarness.MLXCycleRocketConfig.plusArgs -include /root/chipyard/sims/verilator/generated-src/chipyard.TestHarness.MLXCycleRocketConfig/verilator.h -include /root/chipyard/sims/verilator/generated-src/chipyard.TestHarness.MLXCycleRocketConfig/chipyard.TestHarness.MLXCycleRocketConfig/VTestHarness.h  -DVL_THREADED -std=gnu++14  -c -o VTestHarness__7.o VTestHarness__7.cpp
In file included from /usr/local/share/verilator/include/verilated.h:27,
                 from /usr/local/share/verilator/include/verilated_vcd_c.h:23,
                 from /root/chipyard/sims/verilator/generated-src/chipyard.TestHarness.MLXCycleRocketConfig/verilator.h:4,
                 from <command-line>:
/usr/local/share/verilator/include/verilatedos.h:252: warning: "__STDC_FORMAT_MACROS" redefined
  252 | #define __STDC_FORMAT_MACROS
      | 
<command-line>: note: this is the location of the previous definition
g++  -I.  -MMD -I/usr/local/share/verilator/include -I/usr/local/share/verilator/include/vltstd -DVM_COVERAGE=0 -DVM_SC=0 -DVM_TRACE=0 -faligned-new -Wno-bool-operation -Wno-sign-compare -Wno-uninitialized -Wno-unused-but-set-variable -Wno-unused-parameter -Wno-unused-variable -Wno-shadow     -O3 -std=c++11 -I/root/chipyard/esp-tools-install/include -I/root/chipyard/tools/DRAMSim2 -I/root/chipyard/sims/verilator/generated-src/chipyard.TestHarness.MLXCycleRocketConfig    -D__STDC_FORMAT_MACROS -DTEST_HARNESS=VTestHarness -DVERILATOR -include /root/chipyard/sims/verilator/generated-src/chipyard.TestHarness.MLXCycleRocketConfig/chipyard.TestHarness.MLXCycleRocketConfig.plusArgs -include /root/chipyard/sims/verilator/generated-src/chipyard.TestHarness.MLXCycleRocketConfig/verilator.h -include /root/chipyard/sims/verilator/generated-src/chipyard.TestHarness.MLXCycleRocketConfig/chipyard.TestHarness.MLXCycleRocketConfig/VTestHarness.h  -DVL_THREADED -std=gnu++14  -c -o VTestHarness__8.o VTestHarness__8.cpp
In file included from /usr/local/share/verilator/include/verilated.h:27,
                 from /usr/local/share/verilator/include/verilated_vcd_c.h:23,
                 from /root/chipyard/sims/verilator/generated-src/chipyard.TestHarness.MLXCycleRocketConfig/verilator.h:4,
                 from <command-line>:
/usr/local/share/verilator/include/verilatedos.h:252: warning: "__STDC_FORMAT_MACROS" redefined
  252 | #define __STDC_FORMAT_MACROS
      | 
<command-line>: note: this is the location of the previous definition
g++  -I.  -MMD -I/usr/local/share/verilator/include -I/usr/local/share/verilator/include/vltstd -DVM_COVERAGE=0 -DVM_SC=0 -DVM_TRACE=0 -faligned-new -Wno-bool-operation -Wno-sign-compare -Wno-uninitialized -Wno-unused-but-set-variable -Wno-unused-parameter -Wno-unused-variable -Wno-shadow     -O3 -std=c++11 -I/root/chipyard/esp-tools-install/include -I/root/chipyard/tools/DRAMSim2 -I/root/chipyard/sims/verilator/generated-src/chipyard.TestHarness.MLXCycleRocketConfig    -D__STDC_FORMAT_MACROS -DTEST_HARNESS=VTestHarness -DVERILATOR -include /root/chipyard/sims/verilator/generated-src/chipyard.TestHarness.MLXCycleRocketConfig/chipyard.TestHarness.MLXCycleRocketConfig.plusArgs -include /root/chipyard/sims/verilator/generated-src/chipyard.TestHarness.MLXCycleRocketConfig/verilator.h -include /root/chipyard/sims/verilator/generated-src/chipyard.TestHarness.MLXCycleRocketConfig/chipyard.TestHarness.MLXCycleRocketConfig/VTestHarness.h  -DVL_THREADED -std=gnu++14  -c -o VTestHarness__9.o VTestHarness__9.cpp
In file included from /usr/local/share/verilator/include/verilated.h:27,
                 from /usr/local/share/verilator/include/verilated_vcd_c.h:23,
                 from /root/chipyard/sims/verilator/generated-src/chipyard.TestHarness.MLXCycleRocketConfig/verilator.h:4,
                 from <command-line>:
/usr/local/share/verilator/include/verilatedos.h:252: warning: "__STDC_FORMAT_MACROS" redefined
  252 | #define __STDC_FORMAT_MACROS
      | 
<command-line>: note: this is the location of the previous definition
g++  -I.  -MMD -I/usr/local/share/verilator/include -I/usr/local/share/verilator/include/vltstd -DVM_COVERAGE=0 -DVM_SC=0 -DVM_TRACE=0 -faligned-new -Wno-bool-operation -Wno-sign-compare -Wno-uninitialized -Wno-unused-but-set-variable -Wno-unused-parameter -Wno-unused-variable -Wno-shadow     -O3 -std=c++11 -I/root/chipyard/esp-tools-install/include -I/root/chipyard/tools/DRAMSim2 -I/root/chipyard/sims/verilator/generated-src/chipyard.TestHarness.MLXCycleRocketConfig    -D__STDC_FORMAT_MACROS -DTEST_HARNESS=VTestHarness -DVERILATOR -include /root/chipyard/sims/verilator/generated-src/chipyard.TestHarness.MLXCycleRocketConfig/chipyard.TestHarness.MLXCycleRocketConfig.plusArgs -include /root/chipyard/sims/verilator/generated-src/chipyard.TestHarness.MLXCycleRocketConfig/verilator.h -include /root/chipyard/sims/verilator/generated-src/chipyard.TestHarness.MLXCycleRocketConfig/chipyard.TestHarness.MLXCycleRocketConfig/VTestHarness.h  -DVL_THREADED -std=gnu++14  -c -o VTestHarness__10.o VTestHarness__10.cpp
In file included from /usr/local/share/verilator/include/verilated.h:27,
                 from /usr/local/share/verilator/include/verilated_vcd_c.h:23,
                 from /root/chipyard/sims/verilator/generated-src/chipyard.TestHarness.MLXCycleRocketConfig/verilator.h:4,
                 from <command-line>:
/usr/local/share/verilator/include/verilatedos.h:252: warning: "__STDC_FORMAT_MACROS" redefined
  252 | #define __STDC_FORMAT_MACROS
      | 
<command-line>: note: this is the location of the previous definition
g++  -I.  -MMD -I/usr/local/share/verilator/include -I/usr/local/share/verilator/include/vltstd -DVM_COVERAGE=0 -DVM_SC=0 -DVM_TRACE=0 -faligned-new -Wno-bool-operation -Wno-sign-compare -Wno-uninitialized -Wno-unused-but-set-variable -Wno-unused-parameter -Wno-unused-variable -Wno-shadow     -O3 -std=c++11 -I/root/chipyard/esp-tools-install/include -I/root/chipyard/tools/DRAMSim2 -I/root/chipyard/sims/verilator/generated-src/chipyard.TestHarness.MLXCycleRocketConfig    -D__STDC_FORMAT_MACROS -DTEST_HARNESS=VTestHarness -DVERILATOR -include /root/chipyard/sims/verilator/generated-src/chipyard.TestHarness.MLXCycleRocketConfig/chipyard.TestHarness.MLXCycleRocketConfig.plusArgs -include /root/chipyard/sims/verilator/generated-src/chipyard.TestHarness.MLXCycleRocketConfig/verilator.h -include /root/chipyard/sims/verilator/generated-src/chipyard.TestHarness.MLXCycleRocketConfig/chipyard.TestHarness.MLXCycleRocketConfig/VTestHarness.h  -DVL_THREADED -std=gnu++14  -c -o VTestHarness__11.o VTestHarness__11.cpp
In file included from /usr/local/share/verilator/include/verilated.h:27,
                 from /usr/local/share/verilator/include/verilated_vcd_c.h:23,
                 from /root/chipyard/sims/verilator/generated-src/chipyard.TestHarness.MLXCycleRocketConfig/verilator.h:4,
                 from <command-line>:
/usr/local/share/verilator/include/verilatedos.h:252: warning: "__STDC_FORMAT_MACROS" redefined
  252 | #define __STDC_FORMAT_MACROS
      | 
<command-line>: note: this is the location of the previous definition
g++  -I.  -MMD -I/usr/local/share/verilator/include -I/usr/local/share/verilator/include/vltstd -DVM_COVERAGE=0 -DVM_SC=0 -DVM_TRACE=0 -faligned-new -Wno-bool-operation -Wno-sign-compare -Wno-uninitialized -Wno-unused-but-set-variable -Wno-unused-parameter -Wno-unused-variable -Wno-shadow     -O3 -std=c++11 -I/root/chipyard/esp-tools-install/include -I/root/chipyard/tools/DRAMSim2 -I/root/chipyard/sims/verilator/generated-src/chipyard.TestHarness.MLXCycleRocketConfig    -D__STDC_FORMAT_MACROS -DTEST_HARNESS=VTestHarness -DVERILATOR -include /root/chipyard/sims/verilator/generated-src/chipyard.TestHarness.MLXCycleRocketConfig/chipyard.TestHarness.MLXCycleRocketConfig.plusArgs -include /root/chipyard/sims/verilator/generated-src/chipyard.TestHarness.MLXCycleRocketConfig/verilator.h -include /root/chipyard/sims/verilator/generated-src/chipyard.TestHarness.MLXCycleRocketConfig/chipyard.TestHarness.MLXCycleRocketConfig/VTestHarness.h  -DVL_THREADED -std=gnu++14  -c -o VTestHarness__12.o VTestHarness__12.cpp
In file included from /usr/local/share/verilator/include/verilated.h:27,
                 from /usr/local/share/verilator/include/verilated_vcd_c.h:23,
                 from /root/chipyard/sims/verilator/generated-src/chipyard.TestHarness.MLXCycleRocketConfig/verilator.h:4,
                 from <command-line>:
/usr/local/share/verilator/include/verilatedos.h:252: warning: "__STDC_FORMAT_MACROS" redefined
  252 | #define __STDC_FORMAT_MACROS
      | 
<command-line>: note: this is the location of the previous definition
g++  -I.  -MMD -I/usr/local/share/verilator/include -I/usr/local/share/verilator/include/vltstd -DVM_COVERAGE=0 -DVM_SC=0 -DVM_TRACE=0 -faligned-new -Wno-bool-operation -Wno-sign-compare -Wno-uninitialized -Wno-unused-but-set-variable -Wno-unused-parameter -Wno-unused-variable -Wno-shadow     -O3 -std=c++11 -I/root/chipyard/esp-tools-install/include -I/root/chipyard/tools/DRAMSim2 -I/root/chipyard/sims/verilator/generated-src/chipyard.TestHarness.MLXCycleRocketConfig    -D__STDC_FORMAT_MACROS -DTEST_HARNESS=VTestHarness -DVERILATOR -include /root/chipyard/sims/verilator/generated-src/chipyard.TestHarness.MLXCycleRocketConfig/chipyard.TestHarness.MLXCycleRocketConfig.plusArgs -include /root/chipyard/sims/verilator/generated-src/chipyard.TestHarness.MLXCycleRocketConfig/verilator.h -include /root/chipyard/sims/verilator/generated-src/chipyard.TestHarness.MLXCycleRocketConfig/chipyard.TestHarness.MLXCycleRocketConfig/VTestHarness.h  -DVL_THREADED -std=gnu++14  -c -o VTestHarness__13.o VTestHarness__13.cpp
In file included from /usr/local/share/verilator/include/verilated.h:27,
                 from /usr/local/share/verilator/include/verilated_vcd_c.h:23,
                 from /root/chipyard/sims/verilator/generated-src/chipyard.TestHarness.MLXCycleRocketConfig/verilator.h:4,
                 from <command-line>:
/usr/local/share/verilator/include/verilatedos.h:252: warning: "__STDC_FORMAT_MACROS" redefined
  252 | #define __STDC_FORMAT_MACROS
      | 
<command-line>: note: this is the location of the previous definition
g++  -I.  -MMD -I/usr/local/share/verilator/include -I/usr/local/share/verilator/include/vltstd -DVM_COVERAGE=0 -DVM_SC=0 -DVM_TRACE=0 -faligned-new -Wno-bool-operation -Wno-sign-compare -Wno-uninitialized -Wno-unused-but-set-variable -Wno-unused-parameter -Wno-unused-variable -Wno-shadow     -O3 -std=c++11 -I/root/chipyard/esp-tools-install/include -I/root/chipyard/tools/DRAMSim2 -I/root/chipyard/sims/verilator/generated-src/chipyard.TestHarness.MLXCycleRocketConfig    -D__STDC_FORMAT_MACROS -DTEST_HARNESS=VTestHarness -DVERILATOR -include /root/chipyard/sims/verilator/generated-src/chipyard.TestHarness.MLXCycleRocketConfig/chipyard.TestHarness.MLXCycleRocketConfig.plusArgs -include /root/chipyard/sims/verilator/generated-src/chipyard.TestHarness.MLXCycleRocketConfig/verilator.h -include /root/chipyard/sims/verilator/generated-src/chipyard.TestHarness.MLXCycleRocketConfig/chipyard.TestHarness.MLXCycleRocketConfig/VTestHarness.h  -DVL_THREADED -std=gnu++14  -c -o VTestHarness__14.o VTestHarness__14.cpp
In file included from /usr/local/share/verilator/include/verilated.h:27,
                 from /usr/local/share/verilator/include/verilated_vcd_c.h:23,
                 from /root/chipyard/sims/verilator/generated-src/chipyard.TestHarness.MLXCycleRocketConfig/verilator.h:4,
                 from <command-line>:
/usr/local/share/verilator/include/verilatedos.h:252: warning: "__STDC_FORMAT_MACROS" redefined
  252 | #define __STDC_FORMAT_MACROS
      | 
<command-line>: note: this is the location of the previous definition
g++  -I.  -MMD -I/usr/local/share/verilator/include -I/usr/local/share/verilator/include/vltstd -DVM_COVERAGE=0 -DVM_SC=0 -DVM_TRACE=0 -faligned-new -Wno-bool-operation -Wno-sign-compare -Wno-uninitialized -Wno-unused-but-set-variable -Wno-unused-parameter -Wno-unused-variable -Wno-shadow     -O3 -std=c++11 -I/root/chipyard/esp-tools-install/include -I/root/chipyard/tools/DRAMSim2 -I/root/chipyard/sims/verilator/generated-src/chipyard.TestHarness.MLXCycleRocketConfig    -D__STDC_FORMAT_MACROS -DTEST_HARNESS=VTestHarness -DVERILATOR -include /root/chipyard/sims/verilator/generated-src/chipyard.TestHarness.MLXCycleRocketConfig/chipyard.TestHarness.MLXCycleRocketConfig.plusArgs -include /root/chipyard/sims/verilator/generated-src/chipyard.TestHarness.MLXCycleRocketConfig/verilator.h -include /root/chipyard/sims/verilator/generated-src/chipyard.TestHarness.MLXCycleRocketConfig/chipyard.TestHarness.MLXCycleRocketConfig/VTestHarness.h  -DVL_THREADED -std=gnu++14  -c -o VTestHarness__15.o VTestHarness__15.cpp
In file included from /usr/local/share/verilator/include/verilated.h:27,
                 from /usr/local/share/verilator/include/verilated_vcd_c.h:23,
                 from /root/chipyard/sims/verilator/generated-src/chipyard.TestHarness.MLXCycleRocketConfig/verilator.h:4,
                 from <command-line>:
/usr/local/share/verilator/include/verilatedos.h:252: warning: "__STDC_FORMAT_MACROS" redefined
  252 | #define __STDC_FORMAT_MACROS
      | 
<command-line>: note: this is the location of the previous definition
g++  -I.  -MMD -I/usr/local/share/verilator/include -I/usr/local/share/verilator/include/vltstd -DVM_COVERAGE=0 -DVM_SC=0 -DVM_TRACE=0 -faligned-new -Wno-bool-operation -Wno-sign-compare -Wno-uninitialized -Wno-unused-but-set-variable -Wno-unused-parameter -Wno-unused-variable -Wno-shadow     -O3 -std=c++11 -I/root/chipyard/esp-tools-install/include -I/root/chipyard/tools/DRAMSim2 -I/root/chipyard/sims/verilator/generated-src/chipyard.TestHarness.MLXCycleRocketConfig    -D__STDC_FORMAT_MACROS -DTEST_HARNESS=VTestHarness -DVERILATOR -include /root/chipyard/sims/verilator/generated-src/chipyard.TestHarness.MLXCycleRocketConfig/chipyard.TestHarness.MLXCycleRocketConfig.plusArgs -include /root/chipyard/sims/verilator/generated-src/chipyard.TestHarness.MLXCycleRocketConfig/verilator.h -include /root/chipyard/sims/verilator/generated-src/chipyard.TestHarness.MLXCycleRocketConfig/chipyard.TestHarness.MLXCycleRocketConfig/VTestHarness.h  -DVL_THREADED -std=gnu++14  -c -o VTestHarness__16.o VTestHarness__16.cpp
In file included from /usr/local/share/verilator/include/verilated.h:27,
                 from /usr/local/share/verilator/include/verilated_vcd_c.h:23,
                 from /root/chipyard/sims/verilator/generated-src/chipyard.TestHarness.MLXCycleRocketConfig/verilator.h:4,
                 from <command-line>:
/usr/local/share/verilator/include/verilatedos.h:252: warning: "__STDC_FORMAT_MACROS" redefined
  252 | #define __STDC_FORMAT_MACROS
      | 
<command-line>: note: this is the location of the previous definition
g++  -I.  -MMD -I/usr/local/share/verilator/include -I/usr/local/share/verilator/include/vltstd -DVM_COVERAGE=0 -DVM_SC=0 -DVM_TRACE=0 -faligned-new -Wno-bool-operation -Wno-sign-compare -Wno-uninitialized -Wno-unused-but-set-variable -Wno-unused-parameter -Wno-unused-variable -Wno-shadow     -O3 -std=c++11 -I/root/chipyard/esp-tools-install/include -I/root/chipyard/tools/DRAMSim2 -I/root/chipyard/sims/verilator/generated-src/chipyard.TestHarness.MLXCycleRocketConfig    -D__STDC_FORMAT_MACROS -DTEST_HARNESS=VTestHarness -DVERILATOR -include /root/chipyard/sims/verilator/generated-src/chipyard.TestHarness.MLXCycleRocketConfig/chipyard.TestHarness.MLXCycleRocketConfig.plusArgs -include /root/chipyard/sims/verilator/generated-src/chipyard.TestHarness.MLXCycleRocketConfig/verilator.h -include /root/chipyard/sims/verilator/generated-src/chipyard.TestHarness.MLXCycleRocketConfig/chipyard.TestHarness.MLXCycleRocketConfig/VTestHarness.h  -DVL_THREADED -std=gnu++14  -c -o VTestHarness__17.o VTestHarness__17.cpp
In file included from /usr/local/share/verilator/include/verilated.h:27,
                 from /usr/local/share/verilator/include/verilated_vcd_c.h:23,
                 from /root/chipyard/sims/verilator/generated-src/chipyard.TestHarness.MLXCycleRocketConfig/verilator.h:4,
                 from <command-line>:
/usr/local/share/verilator/include/verilatedos.h:252: warning: "__STDC_FORMAT_MACROS" redefined
  252 | #define __STDC_FORMAT_MACROS
      | 
<command-line>: note: this is the location of the previous definition
g++  -I.  -MMD -I/usr/local/share/verilator/include -I/usr/local/share/verilator/include/vltstd -DVM_COVERAGE=0 -DVM_SC=0 -DVM_TRACE=0 -faligned-new -Wno-bool-operation -Wno-sign-compare -Wno-uninitialized -Wno-unused-but-set-variable -Wno-unused-parameter -Wno-unused-variable -Wno-shadow     -O3 -std=c++11 -I/root/chipyard/esp-tools-install/include -I/root/chipyard/tools/DRAMSim2 -I/root/chipyard/sims/verilator/generated-src/chipyard.TestHarness.MLXCycleRocketConfig    -D__STDC_FORMAT_MACROS -DTEST_HARNESS=VTestHarness -DVERILATOR -include /root/chipyard/sims/verilator/generated-src/chipyard.TestHarness.MLXCycleRocketConfig/chipyard.TestHarness.MLXCycleRocketConfig.plusArgs -include /root/chipyard/sims/verilator/generated-src/chipyard.TestHarness.MLXCycleRocketConfig/verilator.h -include /root/chipyard/sims/verilator/generated-src/chipyard.TestHarness.MLXCycleRocketConfig/chipyard.TestHarness.MLXCycleRocketConfig/VTestHarness.h  -DVL_THREADED -std=gnu++14  -c -o VTestHarness__18.o VTestHarness__18.cpp
In file included from /usr/local/share/verilator/include/verilated.h:27,
                 from /usr/local/share/verilator/include/verilated_vcd_c.h:23,
                 from /root/chipyard/sims/verilator/generated-src/chipyard.TestHarness.MLXCycleRocketConfig/verilator.h:4,
                 from <command-line>:
/usr/local/share/verilator/include/verilatedos.h:252: warning: "__STDC_FORMAT_MACROS" redefined
  252 | #define __STDC_FORMAT_MACROS
      | 
<command-line>: note: this is the location of the previous definition
g++  -I.  -MMD -I/usr/local/share/verilator/include -I/usr/local/share/verilator/include/vltstd -DVM_COVERAGE=0 -DVM_SC=0 -DVM_TRACE=0 -faligned-new -Wno-bool-operation -Wno-sign-compare -Wno-uninitialized -Wno-unused-but-set-variable -Wno-unused-parameter -Wno-unused-variable -Wno-shadow     -O3 -std=c++11 -I/root/chipyard/esp-tools-install/include -I/root/chipyard/tools/DRAMSim2 -I/root/chipyard/sims/verilator/generated-src/chipyard.TestHarness.MLXCycleRocketConfig    -D__STDC_FORMAT_MACROS -DTEST_HARNESS=VTestHarness -DVERILATOR -include /root/chipyard/sims/verilator/generated-src/chipyard.TestHarness.MLXCycleRocketConfig/chipyard.TestHarness.MLXCycleRocketConfig.plusArgs -include /root/chipyard/sims/verilator/generated-src/chipyard.TestHarness.MLXCycleRocketConfig/verilator.h -include /root/chipyard/sims/verilator/generated-src/chipyard.TestHarness.MLXCycleRocketConfig/chipyard.TestHarness.MLXCycleRocketConfig/VTestHarness.h  -DVL_THREADED -std=gnu++14  -c -o VTestHarness__19.o VTestHarness__19.cpp
In file included from /usr/local/share/verilator/include/verilated.h:27,
                 from /usr/local/share/verilator/include/verilated_vcd_c.h:23,
                 from /root/chipyard/sims/verilator/generated-src/chipyard.TestHarness.MLXCycleRocketConfig/verilator.h:4,
                 from <command-line>:
/usr/local/share/verilator/include/verilatedos.h:252: warning: "__STDC_FORMAT_MACROS" redefined
  252 | #define __STDC_FORMAT_MACROS
      | 
<command-line>: note: this is the location of the previous definition
g++  -I.  -MMD -I/usr/local/share/verilator/include -I/usr/local/share/verilator/include/vltstd -DVM_COVERAGE=0 -DVM_SC=0 -DVM_TRACE=0 -faligned-new -Wno-bool-operation -Wno-sign-compare -Wno-uninitialized -Wno-unused-but-set-variable -Wno-unused-parameter -Wno-unused-variable -Wno-shadow     -O3 -std=c++11 -I/root/chipyard/esp-tools-install/include -I/root/chipyard/tools/DRAMSim2 -I/root/chipyard/sims/verilator/generated-src/chipyard.TestHarness.MLXCycleRocketConfig    -D__STDC_FORMAT_MACROS -DTEST_HARNESS=VTestHarness -DVERILATOR -include /root/chipyard/sims/verilator/generated-src/chipyard.TestHarness.MLXCycleRocketConfig/chipyard.TestHarness.MLXCycleRocketConfig.plusArgs -include /root/chipyard/sims/verilator/generated-src/chipyard.TestHarness.MLXCycleRocketConfig/verilator.h -include /root/chipyard/sims/verilator/generated-src/chipyard.TestHarness.MLXCycleRocketConfig/chipyard.TestHarness.MLXCycleRocketConfig/VTestHarness.h  -DVL_THREADED -std=gnu++14  -c -o VTestHarness__20.o VTestHarness__20.cpp
In file included from /usr/local/share/verilator/include/verilated.h:27,
                 from /usr/local/share/verilator/include/verilated_vcd_c.h:23,
                 from /root/chipyard/sims/verilator/generated-src/chipyard.TestHarness.MLXCycleRocketConfig/verilator.h:4,
                 from <command-line>:
/usr/local/share/verilator/include/verilatedos.h:252: warning: "__STDC_FORMAT_MACROS" redefined
  252 | #define __STDC_FORMAT_MACROS
      | 
<command-line>: note: this is the location of the previous definition
g++  -I.  -MMD -I/usr/local/share/verilator/include -I/usr/local/share/verilator/include/vltstd -DVM_COVERAGE=0 -DVM_SC=0 -DVM_TRACE=0 -faligned-new -Wno-bool-operation -Wno-sign-compare -Wno-uninitialized -Wno-unused-but-set-variable -Wno-unused-parameter -Wno-unused-variable -Wno-shadow     -O3 -std=c++11 -I/root/chipyard/esp-tools-install/include -I/root/chipyard/tools/DRAMSim2 -I/root/chipyard/sims/verilator/generated-src/chipyard.TestHarness.MLXCycleRocketConfig    -D__STDC_FORMAT_MACROS -DTEST_HARNESS=VTestHarness -DVERILATOR -include /root/chipyard/sims/verilator/generated-src/chipyard.TestHarness.MLXCycleRocketConfig/chipyard.TestHarness.MLXCycleRocketConfig.plusArgs -include /root/chipyard/sims/verilator/generated-src/chipyard.TestHarness.MLXCycleRocketConfig/verilator.h -include /root/chipyard/sims/verilator/generated-src/chipyard.TestHarness.MLXCycleRocketConfig/chipyard.TestHarness.MLXCycleRocketConfig/VTestHarness.h  -DVL_THREADED -std=gnu++14  -c -o VTestHarness__21.o VTestHarness__21.cpp
In file included from /usr/local/share/verilator/include/verilated.h:27,
                 from /usr/local/share/verilator/include/verilated_vcd_c.h:23,
                 from /root/chipyard/sims/verilator/generated-src/chipyard.TestHarness.MLXCycleRocketConfig/verilator.h:4,
                 from <command-line>:
/usr/local/share/verilator/include/verilatedos.h:252: warning: "__STDC_FORMAT_MACROS" redefined
  252 | #define __STDC_FORMAT_MACROS
      | 
<command-line>: note: this is the location of the previous definition
g++  -I.  -MMD -I/usr/local/share/verilator/include -I/usr/local/share/verilator/include/vltstd -DVM_COVERAGE=0 -DVM_SC=0 -DVM_TRACE=0 -faligned-new -Wno-bool-operation -Wno-sign-compare -Wno-uninitialized -Wno-unused-but-set-variable -Wno-unused-parameter -Wno-unused-variable -Wno-shadow     -O3 -std=c++11 -I/root/chipyard/esp-tools-install/include -I/root/chipyard/tools/DRAMSim2 -I/root/chipyard/sims/verilator/generated-src/chipyard.TestHarness.MLXCycleRocketConfig    -D__STDC_FORMAT_MACROS -DTEST_HARNESS=VTestHarness -DVERILATOR -include /root/chipyard/sims/verilator/generated-src/chipyard.TestHarness.MLXCycleRocketConfig/chipyard.TestHarness.MLXCycleRocketConfig.plusArgs -include /root/chipyard/sims/verilator/generated-src/chipyard.TestHarness.MLXCycleRocketConfig/verilator.h -include /root/chipyard/sims/verilator/generated-src/chipyard.TestHarness.MLXCycleRocketConfig/chipyard.TestHarness.MLXCycleRocketConfig/VTestHarness.h  -DVL_THREADED -std=gnu++14  -c -o VTestHarness__22.o VTestHarness__22.cpp
In file included from /usr/local/share/verilator/include/verilated.h:27,
                 from /usr/local/share/verilator/include/verilated_vcd_c.h:23,
                 from /root/chipyard/sims/verilator/generated-src/chipyard.TestHarness.MLXCycleRocketConfig/verilator.h:4,
                 from <command-line>:
/usr/local/share/verilator/include/verilatedos.h:252: warning: "__STDC_FORMAT_MACROS" redefined
  252 | #define __STDC_FORMAT_MACROS
      | 
<command-line>: note: this is the location of the previous definition
g++  -I.  -MMD -I/usr/local/share/verilator/include -I/usr/local/share/verilator/include/vltstd -DVM_COVERAGE=0 -DVM_SC=0 -DVM_TRACE=0 -faligned-new -Wno-bool-operation -Wno-sign-compare -Wno-uninitialized -Wno-unused-but-set-variable -Wno-unused-parameter -Wno-unused-variable -Wno-shadow     -O3 -std=c++11 -I/root/chipyard/esp-tools-install/include -I/root/chipyard/tools/DRAMSim2 -I/root/chipyard/sims/verilator/generated-src/chipyard.TestHarness.MLXCycleRocketConfig    -D__STDC_FORMAT_MACROS -DTEST_HARNESS=VTestHarness -DVERILATOR -include /root/chipyard/sims/verilator/generated-src/chipyard.TestHarness.MLXCycleRocketConfig/chipyard.TestHarness.MLXCycleRocketConfig.plusArgs -include /root/chipyard/sims/verilator/generated-src/chipyard.TestHarness.MLXCycleRocketConfig/verilator.h -include /root/chipyard/sims/verilator/generated-src/chipyard.TestHarness.MLXCycleRocketConfig/chipyard.TestHarness.MLXCycleRocketConfig/VTestHarness.h  -DVL_THREADED -std=gnu++14  -c -o VTestHarness__23.o VTestHarness__23.cpp
In file included from /usr/local/share/verilator/include/verilated.h:27,
                 from /usr/local/share/verilator/include/verilated_vcd_c.h:23,
                 from /root/chipyard/sims/verilator/generated-src/chipyard.TestHarness.MLXCycleRocketConfig/verilator.h:4,
                 from <command-line>:
/usr/local/share/verilator/include/verilatedos.h:252: warning: "__STDC_FORMAT_MACROS" redefined
  252 | #define __STDC_FORMAT_MACROS
      | 
<command-line>: note: this is the location of the previous definition
g++  -I.  -MMD -I/usr/local/share/verilator/include -I/usr/local/share/verilator/include/vltstd -DVM_COVERAGE=0 -DVM_SC=0 -DVM_TRACE=0 -faligned-new -Wno-bool-operation -Wno-sign-compare -Wno-uninitialized -Wno-unused-but-set-variable -Wno-unused-parameter -Wno-unused-variable -Wno-shadow     -O3 -std=c++11 -I/root/chipyard/esp-tools-install/include -I/root/chipyard/tools/DRAMSim2 -I/root/chipyard/sims/verilator/generated-src/chipyard.TestHarness.MLXCycleRocketConfig    -D__STDC_FORMAT_MACROS -DTEST_HARNESS=VTestHarness -DVERILATOR -include /root/chipyard/sims/verilator/generated-src/chipyard.TestHarness.MLXCycleRocketConfig/chipyard.TestHarness.MLXCycleRocketConfig.plusArgs -include /root/chipyard/sims/verilator/generated-src/chipyard.TestHarness.MLXCycleRocketConfig/verilator.h -include /root/chipyard/sims/verilator/generated-src/chipyard.TestHarness.MLXCycleRocketConfig/chipyard.TestHarness.MLXCycleRocketConfig/VTestHarness.h  -DVL_THREADED -std=gnu++14  -c -o VTestHarness__24.o VTestHarness__24.cpp
In file included from /usr/local/share/verilator/include/verilated.h:27,
                 from /usr/local/share/verilator/include/verilated_vcd_c.h:23,
                 from /root/chipyard/sims/verilator/generated-src/chipyard.TestHarness.MLXCycleRocketConfig/verilator.h:4,
                 from <command-line>:
/usr/local/share/verilator/include/verilatedos.h:252: warning: "__STDC_FORMAT_MACROS" redefined
  252 | #define __STDC_FORMAT_MACROS
      | 
<command-line>: note: this is the location of the previous definition
g++  -I.  -MMD -I/usr/local/share/verilator/include -I/usr/local/share/verilator/include/vltstd -DVM_COVERAGE=0 -DVM_SC=0 -DVM_TRACE=0 -faligned-new -Wno-bool-operation -Wno-sign-compare -Wno-uninitialized -Wno-unused-but-set-variable -Wno-unused-parameter -Wno-unused-variable -Wno-shadow     -O3 -std=c++11 -I/root/chipyard/esp-tools-install/include -I/root/chipyard/tools/DRAMSim2 -I/root/chipyard/sims/verilator/generated-src/chipyard.TestHarness.MLXCycleRocketConfig    -D__STDC_FORMAT_MACROS -DTEST_HARNESS=VTestHarness -DVERILATOR -include /root/chipyard/sims/verilator/generated-src/chipyard.TestHarness.MLXCycleRocketConfig/chipyard.TestHarness.MLXCycleRocketConfig.plusArgs -include /root/chipyard/sims/verilator/generated-src/chipyard.TestHarness.MLXCycleRocketConfig/verilator.h -include /root/chipyard/sims/verilator/generated-src/chipyard.TestHarness.MLXCycleRocketConfig/chipyard.TestHarness.MLXCycleRocketConfig/VTestHarness.h  -DVL_THREADED -std=gnu++14  -c -o VTestHarness__25.o VTestHarness__25.cpp
In file included from /usr/local/share/verilator/include/verilated.h:27,
                 from /usr/local/share/verilator/include/verilated_vcd_c.h:23,
                 from /root/chipyard/sims/verilator/generated-src/chipyard.TestHarness.MLXCycleRocketConfig/verilator.h:4,
                 from <command-line>:
/usr/local/share/verilator/include/verilatedos.h:252: warning: "__STDC_FORMAT_MACROS" redefined
  252 | #define __STDC_FORMAT_MACROS
      | 
<command-line>: note: this is the location of the previous definition
g++  -I.  -MMD -I/usr/local/share/verilator/include -I/usr/local/share/verilator/include/vltstd -DVM_COVERAGE=0 -DVM_SC=0 -DVM_TRACE=0 -faligned-new -Wno-bool-operation -Wno-sign-compare -Wno-uninitialized -Wno-unused-but-set-variable -Wno-unused-parameter -Wno-unused-variable -Wno-shadow     -O3 -std=c++11 -I/root/chipyard/esp-tools-install/include -I/root/chipyard/tools/DRAMSim2 -I/root/chipyard/sims/verilator/generated-src/chipyard.TestHarness.MLXCycleRocketConfig    -D__STDC_FORMAT_MACROS -DTEST_HARNESS=VTestHarness -DVERILATOR -include /root/chipyard/sims/verilator/generated-src/chipyard.TestHarness.MLXCycleRocketConfig/chipyard.TestHarness.MLXCycleRocketConfig.plusArgs -include /root/chipyard/sims/verilator/generated-src/chipyard.TestHarness.MLXCycleRocketConfig/verilator.h -include /root/chipyard/sims/verilator/generated-src/chipyard.TestHarness.MLXCycleRocketConfig/chipyard.TestHarness.MLXCycleRocketConfig/VTestHarness.h  -DVL_THREADED -std=gnu++14  -c -o VTestHarness__26.o VTestHarness__26.cpp
In file included from /usr/local/share/verilator/include/verilated.h:27,
                 from /usr/local/share/verilator/include/verilated_vcd_c.h:23,
                 from /root/chipyard/sims/verilator/generated-src/chipyard.TestHarness.MLXCycleRocketConfig/verilator.h:4,
                 from <command-line>:
/usr/local/share/verilator/include/verilatedos.h:252: warning: "__STDC_FORMAT_MACROS" redefined
  252 | #define __STDC_FORMAT_MACROS
      | 
<command-line>: note: this is the location of the previous definition
g++  -I.  -MMD -I/usr/local/share/verilator/include -I/usr/local/share/verilator/include/vltstd -DVM_COVERAGE=0 -DVM_SC=0 -DVM_TRACE=0 -faligned-new -Wno-bool-operation -Wno-sign-compare -Wno-uninitialized -Wno-unused-but-set-variable -Wno-unused-parameter -Wno-unused-variable -Wno-shadow     -O3 -std=c++11 -I/root/chipyard/esp-tools-install/include -I/root/chipyard/tools/DRAMSim2 -I/root/chipyard/sims/verilator/generated-src/chipyard.TestHarness.MLXCycleRocketConfig    -D__STDC_FORMAT_MACROS -DTEST_HARNESS=VTestHarness -DVERILATOR -include /root/chipyard/sims/verilator/generated-src/chipyard.TestHarness.MLXCycleRocketConfig/chipyard.TestHarness.MLXCycleRocketConfig.plusArgs -include /root/chipyard/sims/verilator/generated-src/chipyard.TestHarness.MLXCycleRocketConfig/verilator.h -include /root/chipyard/sims/verilator/generated-src/chipyard.TestHarness.MLXCycleRocketConfig/chipyard.TestHarness.MLXCycleRocketConfig/VTestHarness.h  -DVL_THREADED -std=gnu++14  -c -o VTestHarness__27.o VTestHarness__27.cpp
In file included from /usr/local/share/verilator/include/verilated.h:27,
                 from /usr/local/share/verilator/include/verilated_vcd_c.h:23,
                 from /root/chipyard/sims/verilator/generated-src/chipyard.TestHarness.MLXCycleRocketConfig/verilator.h:4,
                 from <command-line>:
/usr/local/share/verilator/include/verilatedos.h:252: warning: "__STDC_FORMAT_MACROS" redefined
  252 | #define __STDC_FORMAT_MACROS
      | 
<command-line>: note: this is the location of the previous definition
g++  -I.  -MMD -I/usr/local/share/verilator/include -I/usr/local/share/verilator/include/vltstd -DVM_COVERAGE=0 -DVM_SC=0 -DVM_TRACE=0 -faligned-new -Wno-bool-operation -Wno-sign-compare -Wno-uninitialized -Wno-unused-but-set-variable -Wno-unused-parameter -Wno-unused-variable -Wno-shadow     -O3 -std=c++11 -I/root/chipyard/esp-tools-install/include -I/root/chipyard/tools/DRAMSim2 -I/root/chipyard/sims/verilator/generated-src/chipyard.TestHarness.MLXCycleRocketConfig    -D__STDC_FORMAT_MACROS -DTEST_HARNESS=VTestHarness -DVERILATOR -include /root/chipyard/sims/verilator/generated-src/chipyard.TestHarness.MLXCycleRocketConfig/chipyard.TestHarness.MLXCycleRocketConfig.plusArgs -include /root/chipyard/sims/verilator/generated-src/chipyard.TestHarness.MLXCycleRocketConfig/verilator.h -include /root/chipyard/sims/verilator/generated-src/chipyard.TestHarness.MLXCycleRocketConfig/chipyard.TestHarness.MLXCycleRocketConfig/VTestHarness.h  -DVL_THREADED -std=gnu++14  -c -o VTestHarness__28.o VTestHarness__28.cpp
In file included from /usr/local/share/verilator/include/verilated.h:27,
                 from /usr/local/share/verilator/include/verilated_vcd_c.h:23,
                 from /root/chipyard/sims/verilator/generated-src/chipyard.TestHarness.MLXCycleRocketConfig/verilator.h:4,
                 from <command-line>:
/usr/local/share/verilator/include/verilatedos.h:252: warning: "__STDC_FORMAT_MACROS" redefined
  252 | #define __STDC_FORMAT_MACROS
      | 
<command-line>: note: this is the location of the previous definition
g++  -I.  -MMD -I/usr/local/share/verilator/include -I/usr/local/share/verilator/include/vltstd -DVM_COVERAGE=0 -DVM_SC=0 -DVM_TRACE=0 -faligned-new -Wno-bool-operation -Wno-sign-compare -Wno-uninitialized -Wno-unused-but-set-variable -Wno-unused-parameter -Wno-unused-variable -Wno-shadow     -O3 -std=c++11 -I/root/chipyard/esp-tools-install/include -I/root/chipyard/tools/DRAMSim2 -I/root/chipyard/sims/verilator/generated-src/chipyard.TestHarness.MLXCycleRocketConfig    -D__STDC_FORMAT_MACROS -DTEST_HARNESS=VTestHarness -DVERILATOR -include /root/chipyard/sims/verilator/generated-src/chipyard.TestHarness.MLXCycleRocketConfig/chipyard.TestHarness.MLXCycleRocketConfig.plusArgs -include /root/chipyard/sims/verilator/generated-src/chipyard.TestHarness.MLXCycleRocketConfig/verilator.h -include /root/chipyard/sims/verilator/generated-src/chipyard.TestHarness.MLXCycleRocketConfig/chipyard.TestHarness.MLXCycleRocketConfig/VTestHarness.h  -DVL_THREADED -std=gnu++14  -c -o VTestHarness__29.o VTestHarness__29.cpp
In file included from /usr/local/share/verilator/include/verilated.h:27,
                 from /usr/local/share/verilator/include/verilated_vcd_c.h:23,
                 from /root/chipyard/sims/verilator/generated-src/chipyard.TestHarness.MLXCycleRocketConfig/verilator.h:4,
                 from <command-line>:
/usr/local/share/verilator/include/verilatedos.h:252: warning: "__STDC_FORMAT_MACROS" redefined
  252 | #define __STDC_FORMAT_MACROS
      | 
<command-line>: note: this is the location of the previous definition
g++  -I.  -MMD -I/usr/local/share/verilator/include -I/usr/local/share/verilator/include/vltstd -DVM_COVERAGE=0 -DVM_SC=0 -DVM_TRACE=0 -faligned-new -Wno-bool-operation -Wno-sign-compare -Wno-uninitialized -Wno-unused-but-set-variable -Wno-unused-parameter -Wno-unused-variable -Wno-shadow     -O3 -std=c++11 -I/root/chipyard/esp-tools-install/include -I/root/chipyard/tools/DRAMSim2 -I/root/chipyard/sims/verilator/generated-src/chipyard.TestHarness.MLXCycleRocketConfig    -D__STDC_FORMAT_MACROS -DTEST_HARNESS=VTestHarness -DVERILATOR -include /root/chipyard/sims/verilator/generated-src/chipyard.TestHarness.MLXCycleRocketConfig/chipyard.TestHarness.MLXCycleRocketConfig.plusArgs -include /root/chipyard/sims/verilator/generated-src/chipyard.TestHarness.MLXCycleRocketConfig/verilator.h -include /root/chipyard/sims/verilator/generated-src/chipyard.TestHarness.MLXCycleRocketConfig/chipyard.TestHarness.MLXCycleRocketConfig/VTestHarness.h  -DVL_THREADED -std=gnu++14  -c -o VTestHarness__30.o VTestHarness__30.cpp
In file included from /usr/local/share/verilator/include/verilated.h:27,
                 from /usr/local/share/verilator/include/verilated_vcd_c.h:23,
                 from /root/chipyard/sims/verilator/generated-src/chipyard.TestHarness.MLXCycleRocketConfig/verilator.h:4,
                 from <command-line>:
/usr/local/share/verilator/include/verilatedos.h:252: warning: "__STDC_FORMAT_MACROS" redefined
  252 | #define __STDC_FORMAT_MACROS
      | 
<command-line>: note: this is the location of the previous definition
g++  -I.  -MMD -I/usr/local/share/verilator/include -I/usr/local/share/verilator/include/vltstd -DVM_COVERAGE=0 -DVM_SC=0 -DVM_TRACE=0 -faligned-new -Wno-bool-operation -Wno-sign-compare -Wno-uninitialized -Wno-unused-but-set-variable -Wno-unused-parameter -Wno-unused-variable -Wno-shadow     -O3 -std=c++11 -I/root/chipyard/esp-tools-install/include -I/root/chipyard/tools/DRAMSim2 -I/root/chipyard/sims/verilator/generated-src/chipyard.TestHarness.MLXCycleRocketConfig    -D__STDC_FORMAT_MACROS -DTEST_HARNESS=VTestHarness -DVERILATOR -include /root/chipyard/sims/verilator/generated-src/chipyard.TestHarness.MLXCycleRocketConfig/chipyard.TestHarness.MLXCycleRocketConfig.plusArgs -include /root/chipyard/sims/verilator/generated-src/chipyard.TestHarness.MLXCycleRocketConfig/verilator.h -include /root/chipyard/sims/verilator/generated-src/chipyard.TestHarness.MLXCycleRocketConfig/chipyard.TestHarness.MLXCycleRocketConfig/VTestHarness.h  -DVL_THREADED -std=gnu++14  -c -o VTestHarness__31.o VTestHarness__31.cpp
In file included from /usr/local/share/verilator/include/verilated.h:27,
                 from /usr/local/share/verilator/include/verilated_vcd_c.h:23,
                 from /root/chipyard/sims/verilator/generated-src/chipyard.TestHarness.MLXCycleRocketConfig/verilator.h:4,
                 from <command-line>:
/usr/local/share/verilator/include/verilatedos.h:252: warning: "__STDC_FORMAT_MACROS" redefined
  252 | #define __STDC_FORMAT_MACROS
      | 
<command-line>: note: this is the location of the previous definition
g++  -I.  -MMD -I/usr/local/share/verilator/include -I/usr/local/share/verilator/include/vltstd -DVM_COVERAGE=0 -DVM_SC=0 -DVM_TRACE=0 -faligned-new -Wno-bool-operation -Wno-sign-compare -Wno-uninitialized -Wno-unused-but-set-variable -Wno-unused-parameter -Wno-unused-variable -Wno-shadow     -O3 -std=c++11 -I/root/chipyard/esp-tools-install/include -I/root/chipyard/tools/DRAMSim2 -I/root/chipyard/sims/verilator/generated-src/chipyard.TestHarness.MLXCycleRocketConfig    -D__STDC_FORMAT_MACROS -DTEST_HARNESS=VTestHarness -DVERILATOR -include /root/chipyard/sims/verilator/generated-src/chipyard.TestHarness.MLXCycleRocketConfig/chipyard.TestHarness.MLXCycleRocketConfig.plusArgs -include /root/chipyard/sims/verilator/generated-src/chipyard.TestHarness.MLXCycleRocketConfig/verilator.h -include /root/chipyard/sims/verilator/generated-src/chipyard.TestHarness.MLXCycleRocketConfig/chipyard.TestHarness.MLXCycleRocketConfig/VTestHarness.h  -DVL_THREADED -std=gnu++14  -c -o VTestHarness__32.o VTestHarness__32.cpp
In file included from /usr/local/share/verilator/include/verilated.h:27,
                 from /usr/local/share/verilator/include/verilated_vcd_c.h:23,
                 from /root/chipyard/sims/verilator/generated-src/chipyard.TestHarness.MLXCycleRocketConfig/verilator.h:4,
                 from <command-line>:
/usr/local/share/verilator/include/verilatedos.h:252: warning: "__STDC_FORMAT_MACROS" redefined
  252 | #define __STDC_FORMAT_MACROS
      | 
<command-line>: note: this is the location of the previous definition
g++  -I.  -MMD -I/usr/local/share/verilator/include -I/usr/local/share/verilator/include/vltstd -DVM_COVERAGE=0 -DVM_SC=0 -DVM_TRACE=0 -faligned-new -Wno-bool-operation -Wno-sign-compare -Wno-uninitialized -Wno-unused-but-set-variable -Wno-unused-parameter -Wno-unused-variable -Wno-shadow     -O3 -std=c++11 -I/root/chipyard/esp-tools-install/include -I/root/chipyard/tools/DRAMSim2 -I/root/chipyard/sims/verilator/generated-src/chipyard.TestHarness.MLXCycleRocketConfig    -D__STDC_FORMAT_MACROS -DTEST_HARNESS=VTestHarness -DVERILATOR -include /root/chipyard/sims/verilator/generated-src/chipyard.TestHarness.MLXCycleRocketConfig/chipyard.TestHarness.MLXCycleRocketConfig.plusArgs -include /root/chipyard/sims/verilator/generated-src/chipyard.TestHarness.MLXCycleRocketConfig/verilator.h -include /root/chipyard/sims/verilator/generated-src/chipyard.TestHarness.MLXCycleRocketConfig/chipyard.TestHarness.MLXCycleRocketConfig/VTestHarness.h  -DVL_THREADED -std=gnu++14  -c -o VTestHarness__33.o VTestHarness__33.cpp
In file included from /usr/local/share/verilator/include/verilated.h:27,
                 from /usr/local/share/verilator/include/verilated_vcd_c.h:23,
                 from /root/chipyard/sims/verilator/generated-src/chipyard.TestHarness.MLXCycleRocketConfig/verilator.h:4,
                 from <command-line>:
/usr/local/share/verilator/include/verilatedos.h:252: warning: "__STDC_FORMAT_MACROS" redefined
  252 | #define __STDC_FORMAT_MACROS
      | 
<command-line>: note: this is the location of the previous definition
g++  -I.  -MMD -I/usr/local/share/verilator/include -I/usr/local/share/verilator/include/vltstd -DVM_COVERAGE=0 -DVM_SC=0 -DVM_TRACE=0 -faligned-new -Wno-bool-operation -Wno-sign-compare -Wno-uninitialized -Wno-unused-but-set-variable -Wno-unused-parameter -Wno-unused-variable -Wno-shadow     -O3 -std=c++11 -I/root/chipyard/esp-tools-install/include -I/root/chipyard/tools/DRAMSim2 -I/root/chipyard/sims/verilator/generated-src/chipyard.TestHarness.MLXCycleRocketConfig    -D__STDC_FORMAT_MACROS -DTEST_HARNESS=VTestHarness -DVERILATOR -include /root/chipyard/sims/verilator/generated-src/chipyard.TestHarness.MLXCycleRocketConfig/chipyard.TestHarness.MLXCycleRocketConfig.plusArgs -include /root/chipyard/sims/verilator/generated-src/chipyard.TestHarness.MLXCycleRocketConfig/verilator.h -include /root/chipyard/sims/verilator/generated-src/chipyard.TestHarness.MLXCycleRocketConfig/chipyard.TestHarness.MLXCycleRocketConfig/VTestHarness.h  -DVL_THREADED -std=gnu++14  -c -o VTestHarness__34.o VTestHarness__34.cpp
In file included from /usr/local/share/verilator/include/verilated.h:27,
                 from /usr/local/share/verilator/include/verilated_vcd_c.h:23,
                 from /root/chipyard/sims/verilator/generated-src/chipyard.TestHarness.MLXCycleRocketConfig/verilator.h:4,
                 from <command-line>:
/usr/local/share/verilator/include/verilatedos.h:252: warning: "__STDC_FORMAT_MACROS" redefined
  252 | #define __STDC_FORMAT_MACROS
      | 
<command-line>: note: this is the location of the previous definition
g++  -I.  -MMD -I/usr/local/share/verilator/include -I/usr/local/share/verilator/include/vltstd -DVM_COVERAGE=0 -DVM_SC=0 -DVM_TRACE=0 -faligned-new -Wno-bool-operation -Wno-sign-compare -Wno-uninitialized -Wno-unused-but-set-variable -Wno-unused-parameter -Wno-unused-variable -Wno-shadow     -O3 -std=c++11 -I/root/chipyard/esp-tools-install/include -I/root/chipyard/tools/DRAMSim2 -I/root/chipyard/sims/verilator/generated-src/chipyard.TestHarness.MLXCycleRocketConfig    -D__STDC_FORMAT_MACROS -DTEST_HARNESS=VTestHarness -DVERILATOR -include /root/chipyard/sims/verilator/generated-src/chipyard.TestHarness.MLXCycleRocketConfig/chipyard.TestHarness.MLXCycleRocketConfig.plusArgs -include /root/chipyard/sims/verilator/generated-src/chipyard.TestHarness.MLXCycleRocketConfig/verilator.h -include /root/chipyard/sims/verilator/generated-src/chipyard.TestHarness.MLXCycleRocketConfig/chipyard.TestHarness.MLXCycleRocketConfig/VTestHarness.h  -DVL_THREADED -std=gnu++14  -c -o VTestHarness__35.o VTestHarness__35.cpp
In file included from /usr/local/share/verilator/include/verilated.h:27,
                 from /usr/local/share/verilator/include/verilated_vcd_c.h:23,
                 from /root/chipyard/sims/verilator/generated-src/chipyard.TestHarness.MLXCycleRocketConfig/verilator.h:4,
                 from <command-line>:
/usr/local/share/verilator/include/verilatedos.h:252: warning: "__STDC_FORMAT_MACROS" redefined
  252 | #define __STDC_FORMAT_MACROS
      | 
<command-line>: note: this is the location of the previous definition
g++  -I.  -MMD -I/usr/local/share/verilator/include -I/usr/local/share/verilator/include/vltstd -DVM_COVERAGE=0 -DVM_SC=0 -DVM_TRACE=0 -faligned-new -Wno-bool-operation -Wno-sign-compare -Wno-uninitialized -Wno-unused-but-set-variable -Wno-unused-parameter -Wno-unused-variable -Wno-shadow     -O3 -std=c++11 -I/root/chipyard/esp-tools-install/include -I/root/chipyard/tools/DRAMSim2 -I/root/chipyard/sims/verilator/generated-src/chipyard.TestHarness.MLXCycleRocketConfig    -D__STDC_FORMAT_MACROS -DTEST_HARNESS=VTestHarness -DVERILATOR -include /root/chipyard/sims/verilator/generated-src/chipyard.TestHarness.MLXCycleRocketConfig/chipyard.TestHarness.MLXCycleRocketConfig.plusArgs -include /root/chipyard/sims/verilator/generated-src/chipyard.TestHarness.MLXCycleRocketConfig/verilator.h -include /root/chipyard/sims/verilator/generated-src/chipyard.TestHarness.MLXCycleRocketConfig/chipyard.TestHarness.MLXCycleRocketConfig/VTestHarness.h  -DVL_THREADED -std=gnu++14  -c -o VTestHarness__36.o VTestHarness__36.cpp
In file included from /usr/local/share/verilator/include/verilated.h:27,
                 from /usr/local/share/verilator/include/verilated_vcd_c.h:23,
                 from /root/chipyard/sims/verilator/generated-src/chipyard.TestHarness.MLXCycleRocketConfig/verilator.h:4,
                 from <command-line>:
/usr/local/share/verilator/include/verilatedos.h:252: warning: "__STDC_FORMAT_MACROS" redefined
  252 | #define __STDC_FORMAT_MACROS
      | 
<command-line>: note: this is the location of the previous definition
g++  -I.  -MMD -I/usr/local/share/verilator/include -I/usr/local/share/verilator/include/vltstd -DVM_COVERAGE=0 -DVM_SC=0 -DVM_TRACE=0 -faligned-new -Wno-bool-operation -Wno-sign-compare -Wno-uninitialized -Wno-unused-but-set-variable -Wno-unused-parameter -Wno-unused-variable -Wno-shadow     -O3 -std=c++11 -I/root/chipyard/esp-tools-install/include -I/root/chipyard/tools/DRAMSim2 -I/root/chipyard/sims/verilator/generated-src/chipyard.TestHarness.MLXCycleRocketConfig    -D__STDC_FORMAT_MACROS -DTEST_HARNESS=VTestHarness -DVERILATOR -include /root/chipyard/sims/verilator/generated-src/chipyard.TestHarness.MLXCycleRocketConfig/chipyard.TestHarness.MLXCycleRocketConfig.plusArgs -include /root/chipyard/sims/verilator/generated-src/chipyard.TestHarness.MLXCycleRocketConfig/verilator.h -include /root/chipyard/sims/verilator/generated-src/chipyard.TestHarness.MLXCycleRocketConfig/chipyard.TestHarness.MLXCycleRocketConfig/VTestHarness.h  -DVL_THREADED -std=gnu++14  -c -o VTestHarness__37.o VTestHarness__37.cpp
In file included from /usr/local/share/verilator/include/verilated.h:27,
                 from /usr/local/share/verilator/include/verilated_vcd_c.h:23,
                 from /root/chipyard/sims/verilator/generated-src/chipyard.TestHarness.MLXCycleRocketConfig/verilator.h:4,
                 from <command-line>:
/usr/local/share/verilator/include/verilatedos.h:252: warning: "__STDC_FORMAT_MACROS" redefined
  252 | #define __STDC_FORMAT_MACROS
      | 
<command-line>: note: this is the location of the previous definition
g++  -I.  -MMD -I/usr/local/share/verilator/include -I/usr/local/share/verilator/include/vltstd -DVM_COVERAGE=0 -DVM_SC=0 -DVM_TRACE=0 -faligned-new -Wno-bool-operation -Wno-sign-compare -Wno-uninitialized -Wno-unused-but-set-variable -Wno-unused-parameter -Wno-unused-variable -Wno-shadow     -O3 -std=c++11 -I/root/chipyard/esp-tools-install/include -I/root/chipyard/tools/DRAMSim2 -I/root/chipyard/sims/verilator/generated-src/chipyard.TestHarness.MLXCycleRocketConfig    -D__STDC_FORMAT_MACROS -DTEST_HARNESS=VTestHarness -DVERILATOR -include /root/chipyard/sims/verilator/generated-src/chipyard.TestHarness.MLXCycleRocketConfig/chipyard.TestHarness.MLXCycleRocketConfig.plusArgs -include /root/chipyard/sims/verilator/generated-src/chipyard.TestHarness.MLXCycleRocketConfig/verilator.h -include /root/chipyard/sims/verilator/generated-src/chipyard.TestHarness.MLXCycleRocketConfig/chipyard.TestHarness.MLXCycleRocketConfig/VTestHarness.h  -DVL_THREADED -std=gnu++14  -c -o VTestHarness__38.o VTestHarness__38.cpp
In file included from /usr/local/share/verilator/include/verilated.h:27,
                 from /usr/local/share/verilator/include/verilated_vcd_c.h:23,
                 from /root/chipyard/sims/verilator/generated-src/chipyard.TestHarness.MLXCycleRocketConfig/verilator.h:4,
                 from <command-line>:
/usr/local/share/verilator/include/verilatedos.h:252: warning: "__STDC_FORMAT_MACROS" redefined
  252 | #define __STDC_FORMAT_MACROS
      | 
<command-line>: note: this is the location of the previous definition
g++  -I.  -MMD -I/usr/local/share/verilator/include -I/usr/local/share/verilator/include/vltstd -DVM_COVERAGE=0 -DVM_SC=0 -DVM_TRACE=0 -faligned-new -Wno-bool-operation -Wno-sign-compare -Wno-uninitialized -Wno-unused-but-set-variable -Wno-unused-parameter -Wno-unused-variable -Wno-shadow     -O3 -std=c++11 -I/root/chipyard/esp-tools-install/include -I/root/chipyard/tools/DRAMSim2 -I/root/chipyard/sims/verilator/generated-src/chipyard.TestHarness.MLXCycleRocketConfig    -D__STDC_FORMAT_MACROS -DTEST_HARNESS=VTestHarness -DVERILATOR -include /root/chipyard/sims/verilator/generated-src/chipyard.TestHarness.MLXCycleRocketConfig/chipyard.TestHarness.MLXCycleRocketConfig.plusArgs -include /root/chipyard/sims/verilator/generated-src/chipyard.TestHarness.MLXCycleRocketConfig/verilator.h -include /root/chipyard/sims/verilator/generated-src/chipyard.TestHarness.MLXCycleRocketConfig/chipyard.TestHarness.MLXCycleRocketConfig/VTestHarness.h  -DVL_THREADED -std=gnu++14  -c -o VTestHarness__39.o VTestHarness__39.cpp
In file included from /usr/local/share/verilator/include/verilated.h:27,
                 from /usr/local/share/verilator/include/verilated_vcd_c.h:23,
                 from /root/chipyard/sims/verilator/generated-src/chipyard.TestHarness.MLXCycleRocketConfig/verilator.h:4,
                 from <command-line>:
/usr/local/share/verilator/include/verilatedos.h:252: warning: "__STDC_FORMAT_MACROS" redefined
  252 | #define __STDC_FORMAT_MACROS
      | 
<command-line>: note: this is the location of the previous definition
g++  -I.  -MMD -I/usr/local/share/verilator/include -I/usr/local/share/verilator/include/vltstd -DVM_COVERAGE=0 -DVM_SC=0 -DVM_TRACE=0 -faligned-new -Wno-bool-operation -Wno-sign-compare -Wno-uninitialized -Wno-unused-but-set-variable -Wno-unused-parameter -Wno-unused-variable -Wno-shadow     -O3 -std=c++11 -I/root/chipyard/esp-tools-install/include -I/root/chipyard/tools/DRAMSim2 -I/root/chipyard/sims/verilator/generated-src/chipyard.TestHarness.MLXCycleRocketConfig    -D__STDC_FORMAT_MACROS -DTEST_HARNESS=VTestHarness -DVERILATOR -include /root/chipyard/sims/verilator/generated-src/chipyard.TestHarness.MLXCycleRocketConfig/chipyard.TestHarness.MLXCycleRocketConfig.plusArgs -include /root/chipyard/sims/verilator/generated-src/chipyard.TestHarness.MLXCycleRocketConfig/verilator.h -include /root/chipyard/sims/verilator/generated-src/chipyard.TestHarness.MLXCycleRocketConfig/chipyard.TestHarness.MLXCycleRocketConfig/VTestHarness.h  -DVL_THREADED -std=gnu++14  -c -o VTestHarness__40.o VTestHarness__40.cpp
In file included from /usr/local/share/verilator/include/verilated.h:27,
                 from /usr/local/share/verilator/include/verilated_vcd_c.h:23,
                 from /root/chipyard/sims/verilator/generated-src/chipyard.TestHarness.MLXCycleRocketConfig/verilator.h:4,
                 from <command-line>:
/usr/local/share/verilator/include/verilatedos.h:252: warning: "__STDC_FORMAT_MACROS" redefined
  252 | #define __STDC_FORMAT_MACROS
      | 
<command-line>: note: this is the location of the previous definition
g++  -I.  -MMD -I/usr/local/share/verilator/include -I/usr/local/share/verilator/include/vltstd -DVM_COVERAGE=0 -DVM_SC=0 -DVM_TRACE=0 -faligned-new -Wno-bool-operation -Wno-sign-compare -Wno-uninitialized -Wno-unused-but-set-variable -Wno-unused-parameter -Wno-unused-variable -Wno-shadow     -O3 -std=c++11 -I/root/chipyard/esp-tools-install/include -I/root/chipyard/tools/DRAMSim2 -I/root/chipyard/sims/verilator/generated-src/chipyard.TestHarness.MLXCycleRocketConfig    -D__STDC_FORMAT_MACROS -DTEST_HARNESS=VTestHarness -DVERILATOR -include /root/chipyard/sims/verilator/generated-src/chipyard.TestHarness.MLXCycleRocketConfig/chipyard.TestHarness.MLXCycleRocketConfig.plusArgs -include /root/chipyard/sims/verilator/generated-src/chipyard.TestHarness.MLXCycleRocketConfig/verilator.h -include /root/chipyard/sims/verilator/generated-src/chipyard.TestHarness.MLXCycleRocketConfig/chipyard.TestHarness.MLXCycleRocketConfig/VTestHarness.h  -DVL_THREADED -std=gnu++14  -c -o VTestHarness__41.o VTestHarness__41.cpp
In file included from /usr/local/share/verilator/include/verilated.h:27,
                 from /usr/local/share/verilator/include/verilated_vcd_c.h:23,
                 from /root/chipyard/sims/verilator/generated-src/chipyard.TestHarness.MLXCycleRocketConfig/verilator.h:4,
                 from <command-line>:
/usr/local/share/verilator/include/verilatedos.h:252: warning: "__STDC_FORMAT_MACROS" redefined
  252 | #define __STDC_FORMAT_MACROS
      | 
<command-line>: note: this is the location of the previous definition
g++  -I.  -MMD -I/usr/local/share/verilator/include -I/usr/local/share/verilator/include/vltstd -DVM_COVERAGE=0 -DVM_SC=0 -DVM_TRACE=0 -faligned-new -Wno-bool-operation -Wno-sign-compare -Wno-uninitialized -Wno-unused-but-set-variable -Wno-unused-parameter -Wno-unused-variable -Wno-shadow     -O3 -std=c++11 -I/root/chipyard/esp-tools-install/include -I/root/chipyard/tools/DRAMSim2 -I/root/chipyard/sims/verilator/generated-src/chipyard.TestHarness.MLXCycleRocketConfig    -D__STDC_FORMAT_MACROS -DTEST_HARNESS=VTestHarness -DVERILATOR -include /root/chipyard/sims/verilator/generated-src/chipyard.TestHarness.MLXCycleRocketConfig/chipyard.TestHarness.MLXCycleRocketConfig.plusArgs -include /root/chipyard/sims/verilator/generated-src/chipyard.TestHarness.MLXCycleRocketConfig/verilator.h -include /root/chipyard/sims/verilator/generated-src/chipyard.TestHarness.MLXCycleRocketConfig/chipyard.TestHarness.MLXCycleRocketConfig/VTestHarness.h  -DVL_THREADED -std=gnu++14  -c -o VTestHarness__42.o VTestHarness__42.cpp
In file included from /usr/local/share/verilator/include/verilated.h:27,
                 from /usr/local/share/verilator/include/verilated_vcd_c.h:23,
                 from /root/chipyard/sims/verilator/generated-src/chipyard.TestHarness.MLXCycleRocketConfig/verilator.h:4,
                 from <command-line>:
/usr/local/share/verilator/include/verilatedos.h:252: warning: "__STDC_FORMAT_MACROS" redefined
  252 | #define __STDC_FORMAT_MACROS
      | 
<command-line>: note: this is the location of the previous definition
g++  -I.  -MMD -I/usr/local/share/verilator/include -I/usr/local/share/verilator/include/vltstd -DVM_COVERAGE=0 -DVM_SC=0 -DVM_TRACE=0 -faligned-new -Wno-bool-operation -Wno-sign-compare -Wno-uninitialized -Wno-unused-but-set-variable -Wno-unused-parameter -Wno-unused-variable -Wno-shadow     -O3 -std=c++11 -I/root/chipyard/esp-tools-install/include -I/root/chipyard/tools/DRAMSim2 -I/root/chipyard/sims/verilator/generated-src/chipyard.TestHarness.MLXCycleRocketConfig    -D__STDC_FORMAT_MACROS -DTEST_HARNESS=VTestHarness -DVERILATOR -include /root/chipyard/sims/verilator/generated-src/chipyard.TestHarness.MLXCycleRocketConfig/chipyard.TestHarness.MLXCycleRocketConfig.plusArgs -include /root/chipyard/sims/verilator/generated-src/chipyard.TestHarness.MLXCycleRocketConfig/verilator.h -include /root/chipyard/sims/verilator/generated-src/chipyard.TestHarness.MLXCycleRocketConfig/chipyard.TestHarness.MLXCycleRocketConfig/VTestHarness.h  -DVL_THREADED -std=gnu++14  -c -o VTestHarness__43.o VTestHarness__43.cpp
In file included from /usr/local/share/verilator/include/verilated.h:27,
                 from /usr/local/share/verilator/include/verilated_vcd_c.h:23,
                 from /root/chipyard/sims/verilator/generated-src/chipyard.TestHarness.MLXCycleRocketConfig/verilator.h:4,
                 from <command-line>:
/usr/local/share/verilator/include/verilatedos.h:252: warning: "__STDC_FORMAT_MACROS" redefined
  252 | #define __STDC_FORMAT_MACROS
      | 
<command-line>: note: this is the location of the previous definition
g++  -I.  -MMD -I/usr/local/share/verilator/include -I/usr/local/share/verilator/include/vltstd -DVM_COVERAGE=0 -DVM_SC=0 -DVM_TRACE=0 -faligned-new -Wno-bool-operation -Wno-sign-compare -Wno-uninitialized -Wno-unused-but-set-variable -Wno-unused-parameter -Wno-unused-variable -Wno-shadow     -O3 -std=c++11 -I/root/chipyard/esp-tools-install/include -I/root/chipyard/tools/DRAMSim2 -I/root/chipyard/sims/verilator/generated-src/chipyard.TestHarness.MLXCycleRocketConfig    -D__STDC_FORMAT_MACROS -DTEST_HARNESS=VTestHarness -DVERILATOR -include /root/chipyard/sims/verilator/generated-src/chipyard.TestHarness.MLXCycleRocketConfig/chipyard.TestHarness.MLXCycleRocketConfig.plusArgs -include /root/chipyard/sims/verilator/generated-src/chipyard.TestHarness.MLXCycleRocketConfig/verilator.h -include /root/chipyard/sims/verilator/generated-src/chipyard.TestHarness.MLXCycleRocketConfig/chipyard.TestHarness.MLXCycleRocketConfig/VTestHarness.h  -DVL_THREADED -std=gnu++14  -c -o VTestHarness__44.o VTestHarness__44.cpp
In file included from /usr/local/share/verilator/include/verilated.h:27,
                 from /usr/local/share/verilator/include/verilated_vcd_c.h:23,
                 from /root/chipyard/sims/verilator/generated-src/chipyard.TestHarness.MLXCycleRocketConfig/verilator.h:4,
                 from <command-line>:
/usr/local/share/verilator/include/verilatedos.h:252: warning: "__STDC_FORMAT_MACROS" redefined
  252 | #define __STDC_FORMAT_MACROS
      | 
<command-line>: note: this is the location of the previous definition
g++  -I.  -MMD -I/usr/local/share/verilator/include -I/usr/local/share/verilator/include/vltstd -DVM_COVERAGE=0 -DVM_SC=0 -DVM_TRACE=0 -faligned-new -Wno-bool-operation -Wno-sign-compare -Wno-uninitialized -Wno-unused-but-set-variable -Wno-unused-parameter -Wno-unused-variable -Wno-shadow     -O3 -std=c++11 -I/root/chipyard/esp-tools-install/include -I/root/chipyard/tools/DRAMSim2 -I/root/chipyard/sims/verilator/generated-src/chipyard.TestHarness.MLXCycleRocketConfig    -D__STDC_FORMAT_MACROS -DTEST_HARNESS=VTestHarness -DVERILATOR -include /root/chipyard/sims/verilator/generated-src/chipyard.TestHarness.MLXCycleRocketConfig/chipyard.TestHarness.MLXCycleRocketConfig.plusArgs -include /root/chipyard/sims/verilator/generated-src/chipyard.TestHarness.MLXCycleRocketConfig/verilator.h -include /root/chipyard/sims/verilator/generated-src/chipyard.TestHarness.MLXCycleRocketConfig/chipyard.TestHarness.MLXCycleRocketConfig/VTestHarness.h  -DVL_THREADED -std=gnu++14  -c -o VTestHarness__45.o VTestHarness__45.cpp
In file included from /usr/local/share/verilator/include/verilated.h:27,
                 from /usr/local/share/verilator/include/verilated_vcd_c.h:23,
                 from /root/chipyard/sims/verilator/generated-src/chipyard.TestHarness.MLXCycleRocketConfig/verilator.h:4,
                 from <command-line>:
/usr/local/share/verilator/include/verilatedos.h:252: warning: "__STDC_FORMAT_MACROS" redefined
  252 | #define __STDC_FORMAT_MACROS
      | 
<command-line>: note: this is the location of the previous definition
g++  -I.  -MMD -I/usr/local/share/verilator/include -I/usr/local/share/verilator/include/vltstd -DVM_COVERAGE=0 -DVM_SC=0 -DVM_TRACE=0 -faligned-new -Wno-bool-operation -Wno-sign-compare -Wno-uninitialized -Wno-unused-but-set-variable -Wno-unused-parameter -Wno-unused-variable -Wno-shadow     -O3 -std=c++11 -I/root/chipyard/esp-tools-install/include -I/root/chipyard/tools/DRAMSim2 -I/root/chipyard/sims/verilator/generated-src/chipyard.TestHarness.MLXCycleRocketConfig    -D__STDC_FORMAT_MACROS -DTEST_HARNESS=VTestHarness -DVERILATOR -include /root/chipyard/sims/verilator/generated-src/chipyard.TestHarness.MLXCycleRocketConfig/chipyard.TestHarness.MLXCycleRocketConfig.plusArgs -include /root/chipyard/sims/verilator/generated-src/chipyard.TestHarness.MLXCycleRocketConfig/verilator.h -include /root/chipyard/sims/verilator/generated-src/chipyard.TestHarness.MLXCycleRocketConfig/chipyard.TestHarness.MLXCycleRocketConfig/VTestHarness.h  -DVL_THREADED -std=gnu++14  -c -o VTestHarness__46.o VTestHarness__46.cpp
In file included from /usr/local/share/verilator/include/verilated.h:27,
                 from /usr/local/share/verilator/include/verilated_vcd_c.h:23,
                 from /root/chipyard/sims/verilator/generated-src/chipyard.TestHarness.MLXCycleRocketConfig/verilator.h:4,
                 from <command-line>:
/usr/local/share/verilator/include/verilatedos.h:252: warning: "__STDC_FORMAT_MACROS" redefined
  252 | #define __STDC_FORMAT_MACROS
      | 
<command-line>: note: this is the location of the previous definition
g++  -I.  -MMD -I/usr/local/share/verilator/include -I/usr/local/share/verilator/include/vltstd -DVM_COVERAGE=0 -DVM_SC=0 -DVM_TRACE=0 -faligned-new -Wno-bool-operation -Wno-sign-compare -Wno-uninitialized -Wno-unused-but-set-variable -Wno-unused-parameter -Wno-unused-variable -Wno-shadow     -O3 -std=c++11 -I/root/chipyard/esp-tools-install/include -I/root/chipyard/tools/DRAMSim2 -I/root/chipyard/sims/verilator/generated-src/chipyard.TestHarness.MLXCycleRocketConfig    -D__STDC_FORMAT_MACROS -DTEST_HARNESS=VTestHarness -DVERILATOR -include /root/chipyard/sims/verilator/generated-src/chipyard.TestHarness.MLXCycleRocketConfig/chipyard.TestHarness.MLXCycleRocketConfig.plusArgs -include /root/chipyard/sims/verilator/generated-src/chipyard.TestHarness.MLXCycleRocketConfig/verilator.h -include /root/chipyard/sims/verilator/generated-src/chipyard.TestHarness.MLXCycleRocketConfig/chipyard.TestHarness.MLXCycleRocketConfig/VTestHarness.h  -DVL_THREADED -std=gnu++14  -c -o VTestHarness__47.o VTestHarness__47.cpp
In file included from /usr/local/share/verilator/include/verilated.h:27,
                 from /usr/local/share/verilator/include/verilated_vcd_c.h:23,
                 from /root/chipyard/sims/verilator/generated-src/chipyard.TestHarness.MLXCycleRocketConfig/verilator.h:4,
                 from <command-line>:
/usr/local/share/verilator/include/verilatedos.h:252: warning: "__STDC_FORMAT_MACROS" redefined
  252 | #define __STDC_FORMAT_MACROS
      | 
<command-line>: note: this is the location of the previous definition
g++  -I.  -MMD -I/usr/local/share/verilator/include -I/usr/local/share/verilator/include/vltstd -DVM_COVERAGE=0 -DVM_SC=0 -DVM_TRACE=0 -faligned-new -Wno-bool-operation -Wno-sign-compare -Wno-uninitialized -Wno-unused-but-set-variable -Wno-unused-parameter -Wno-unused-variable -Wno-shadow     -O3 -std=c++11 -I/root/chipyard/esp-tools-install/include -I/root/chipyard/tools/DRAMSim2 -I/root/chipyard/sims/verilator/generated-src/chipyard.TestHarness.MLXCycleRocketConfig    -D__STDC_FORMAT_MACROS -DTEST_HARNESS=VTestHarness -DVERILATOR -include /root/chipyard/sims/verilator/generated-src/chipyard.TestHarness.MLXCycleRocketConfig/chipyard.TestHarness.MLXCycleRocketConfig.plusArgs -include /root/chipyard/sims/verilator/generated-src/chipyard.TestHarness.MLXCycleRocketConfig/verilator.h -include /root/chipyard/sims/verilator/generated-src/chipyard.TestHarness.MLXCycleRocketConfig/chipyard.TestHarness.MLXCycleRocketConfig/VTestHarness.h  -DVL_THREADED -std=gnu++14  -c -o VTestHarness__48.o VTestHarness__48.cpp
In file included from /usr/local/share/verilator/include/verilated.h:27,
                 from /usr/local/share/verilator/include/verilated_vcd_c.h:23,
                 from /root/chipyard/sims/verilator/generated-src/chipyard.TestHarness.MLXCycleRocketConfig/verilator.h:4,
                 from <command-line>:
/usr/local/share/verilator/include/verilatedos.h:252: warning: "__STDC_FORMAT_MACROS" redefined
  252 | #define __STDC_FORMAT_MACROS
      | 
<command-line>: note: this is the location of the previous definition
g++  -I.  -MMD -I/usr/local/share/verilator/include -I/usr/local/share/verilator/include/vltstd -DVM_COVERAGE=0 -DVM_SC=0 -DVM_TRACE=0 -faligned-new -Wno-bool-operation -Wno-sign-compare -Wno-uninitialized -Wno-unused-but-set-variable -Wno-unused-parameter -Wno-unused-variable -Wno-shadow     -O3 -std=c++11 -I/root/chipyard/esp-tools-install/include -I/root/chipyard/tools/DRAMSim2 -I/root/chipyard/sims/verilator/generated-src/chipyard.TestHarness.MLXCycleRocketConfig    -D__STDC_FORMAT_MACROS -DTEST_HARNESS=VTestHarness -DVERILATOR -include /root/chipyard/sims/verilator/generated-src/chipyard.TestHarness.MLXCycleRocketConfig/chipyard.TestHarness.MLXCycleRocketConfig.plusArgs -include /root/chipyard/sims/verilator/generated-src/chipyard.TestHarness.MLXCycleRocketConfig/verilator.h -include /root/chipyard/sims/verilator/generated-src/chipyard.TestHarness.MLXCycleRocketConfig/chipyard.TestHarness.MLXCycleRocketConfig/VTestHarness.h  -DVL_THREADED -std=gnu++14  -c -o VTestHarness__49.o VTestHarness__49.cpp
In file included from /usr/local/share/verilator/include/verilated.h:27,
                 from /usr/local/share/verilator/include/verilated_vcd_c.h:23,
                 from /root/chipyard/sims/verilator/generated-src/chipyard.TestHarness.MLXCycleRocketConfig/verilator.h:4,
                 from <command-line>:
/usr/local/share/verilator/include/verilatedos.h:252: warning: "__STDC_FORMAT_MACROS" redefined
  252 | #define __STDC_FORMAT_MACROS
      | 
<command-line>: note: this is the location of the previous definition
g++  -I.  -MMD -I/usr/local/share/verilator/include -I/usr/local/share/verilator/include/vltstd -DVM_COVERAGE=0 -DVM_SC=0 -DVM_TRACE=0 -faligned-new -Wno-bool-operation -Wno-sign-compare -Wno-uninitialized -Wno-unused-but-set-variable -Wno-unused-parameter -Wno-unused-variable -Wno-shadow     -O3 -std=c++11 -I/root/chipyard/esp-tools-install/include -I/root/chipyard/tools/DRAMSim2 -I/root/chipyard/sims/verilator/generated-src/chipyard.TestHarness.MLXCycleRocketConfig    -D__STDC_FORMAT_MACROS -DTEST_HARNESS=VTestHarness -DVERILATOR -include /root/chipyard/sims/verilator/generated-src/chipyard.TestHarness.MLXCycleRocketConfig/chipyard.TestHarness.MLXCycleRocketConfig.plusArgs -include /root/chipyard/sims/verilator/generated-src/chipyard.TestHarness.MLXCycleRocketConfig/verilator.h -include /root/chipyard/sims/verilator/generated-src/chipyard.TestHarness.MLXCycleRocketConfig/chipyard.TestHarness.MLXCycleRocketConfig/VTestHarness.h  -DVL_THREADED -std=gnu++14  -c -o VTestHarness__50.o VTestHarness__50.cpp
In file included from /usr/local/share/verilator/include/verilated.h:27,
                 from /usr/local/share/verilator/include/verilated_vcd_c.h:23,
                 from /root/chipyard/sims/verilator/generated-src/chipyard.TestHarness.MLXCycleRocketConfig/verilator.h:4,
                 from <command-line>:
/usr/local/share/verilator/include/verilatedos.h:252: warning: "__STDC_FORMAT_MACROS" redefined
  252 | #define __STDC_FORMAT_MACROS
      | 
<command-line>: note: this is the location of the previous definition
g++  -I.  -MMD -I/usr/local/share/verilator/include -I/usr/local/share/verilator/include/vltstd -DVM_COVERAGE=0 -DVM_SC=0 -DVM_TRACE=0 -faligned-new -Wno-bool-operation -Wno-sign-compare -Wno-uninitialized -Wno-unused-but-set-variable -Wno-unused-parameter -Wno-unused-variable -Wno-shadow     -O3 -std=c++11 -I/root/chipyard/esp-tools-install/include -I/root/chipyard/tools/DRAMSim2 -I/root/chipyard/sims/verilator/generated-src/chipyard.TestHarness.MLXCycleRocketConfig    -D__STDC_FORMAT_MACROS -DTEST_HARNESS=VTestHarness -DVERILATOR -include /root/chipyard/sims/verilator/generated-src/chipyard.TestHarness.MLXCycleRocketConfig/chipyard.TestHarness.MLXCycleRocketConfig.plusArgs -include /root/chipyard/sims/verilator/generated-src/chipyard.TestHarness.MLXCycleRocketConfig/verilator.h -include /root/chipyard/sims/verilator/generated-src/chipyard.TestHarness.MLXCycleRocketConfig/chipyard.TestHarness.MLXCycleRocketConfig/VTestHarness.h  -DVL_THREADED -std=gnu++14  -c -o VTestHarness__51.o VTestHarness__51.cpp
In file included from /usr/local/share/verilator/include/verilated.h:27,
                 from /usr/local/share/verilator/include/verilated_vcd_c.h:23,
                 from /root/chipyard/sims/verilator/generated-src/chipyard.TestHarness.MLXCycleRocketConfig/verilator.h:4,
                 from <command-line>:
/usr/local/share/verilator/include/verilatedos.h:252: warning: "__STDC_FORMAT_MACROS" redefined
  252 | #define __STDC_FORMAT_MACROS
      | 
<command-line>: note: this is the location of the previous definition
g++  -I.  -MMD -I/usr/local/share/verilator/include -I/usr/local/share/verilator/include/vltstd -DVM_COVERAGE=0 -DVM_SC=0 -DVM_TRACE=0 -faligned-new -Wno-bool-operation -Wno-sign-compare -Wno-uninitialized -Wno-unused-but-set-variable -Wno-unused-parameter -Wno-unused-variable -Wno-shadow     -O3 -std=c++11 -I/root/chipyard/esp-tools-install/include -I/root/chipyard/tools/DRAMSim2 -I/root/chipyard/sims/verilator/generated-src/chipyard.TestHarness.MLXCycleRocketConfig    -D__STDC_FORMAT_MACROS -DTEST_HARNESS=VTestHarness -DVERILATOR -include /root/chipyard/sims/verilator/generated-src/chipyard.TestHarness.MLXCycleRocketConfig/chipyard.TestHarness.MLXCycleRocketConfig.plusArgs -include /root/chipyard/sims/verilator/generated-src/chipyard.TestHarness.MLXCycleRocketConfig/verilator.h -include /root/chipyard/sims/verilator/generated-src/chipyard.TestHarness.MLXCycleRocketConfig/chipyard.TestHarness.MLXCycleRocketConfig/VTestHarness.h  -DVL_THREADED -std=gnu++14  -c -o VTestHarness__52.o VTestHarness__52.cpp
In file included from /usr/local/share/verilator/include/verilated.h:27,
                 from /usr/local/share/verilator/include/verilated_vcd_c.h:23,
                 from /root/chipyard/sims/verilator/generated-src/chipyard.TestHarness.MLXCycleRocketConfig/verilator.h:4,
                 from <command-line>:
/usr/local/share/verilator/include/verilatedos.h:252: warning: "__STDC_FORMAT_MACROS" redefined
  252 | #define __STDC_FORMAT_MACROS
      | 
<command-line>: note: this is the location of the previous definition
g++  -I.  -MMD -I/usr/local/share/verilator/include -I/usr/local/share/verilator/include/vltstd -DVM_COVERAGE=0 -DVM_SC=0 -DVM_TRACE=0 -faligned-new -Wno-bool-operation -Wno-sign-compare -Wno-uninitialized -Wno-unused-but-set-variable -Wno-unused-parameter -Wno-unused-variable -Wno-shadow     -O3 -std=c++11 -I/root/chipyard/esp-tools-install/include -I/root/chipyard/tools/DRAMSim2 -I/root/chipyard/sims/verilator/generated-src/chipyard.TestHarness.MLXCycleRocketConfig    -D__STDC_FORMAT_MACROS -DTEST_HARNESS=VTestHarness -DVERILATOR -include /root/chipyard/sims/verilator/generated-src/chipyard.TestHarness.MLXCycleRocketConfig/chipyard.TestHarness.MLXCycleRocketConfig.plusArgs -include /root/chipyard/sims/verilator/generated-src/chipyard.TestHarness.MLXCycleRocketConfig/verilator.h -include /root/chipyard/sims/verilator/generated-src/chipyard.TestHarness.MLXCycleRocketConfig/chipyard.TestHarness.MLXCycleRocketConfig/VTestHarness.h  -DVL_THREADED -std=gnu++14  -c -o VTestHarness__53.o VTestHarness__53.cpp
In file included from /usr/local/share/verilator/include/verilated.h:27,
                 from /usr/local/share/verilator/include/verilated_vcd_c.h:23,
                 from /root/chipyard/sims/verilator/generated-src/chipyard.TestHarness.MLXCycleRocketConfig/verilator.h:4,
                 from <command-line>:
/usr/local/share/verilator/include/verilatedos.h:252: warning: "__STDC_FORMAT_MACROS" redefined
  252 | #define __STDC_FORMAT_MACROS
      | 
<command-line>: note: this is the location of the previous definition
g++  -I.  -MMD -I/usr/local/share/verilator/include -I/usr/local/share/verilator/include/vltstd -DVM_COVERAGE=0 -DVM_SC=0 -DVM_TRACE=0 -faligned-new -Wno-bool-operation -Wno-sign-compare -Wno-uninitialized -Wno-unused-but-set-variable -Wno-unused-parameter -Wno-unused-variable -Wno-shadow     -O3 -std=c++11 -I/root/chipyard/esp-tools-install/include -I/root/chipyard/tools/DRAMSim2 -I/root/chipyard/sims/verilator/generated-src/chipyard.TestHarness.MLXCycleRocketConfig    -D__STDC_FORMAT_MACROS -DTEST_HARNESS=VTestHarness -DVERILATOR -include /root/chipyard/sims/verilator/generated-src/chipyard.TestHarness.MLXCycleRocketConfig/chipyard.TestHarness.MLXCycleRocketConfig.plusArgs -include /root/chipyard/sims/verilator/generated-src/chipyard.TestHarness.MLXCycleRocketConfig/verilator.h -include /root/chipyard/sims/verilator/generated-src/chipyard.TestHarness.MLXCycleRocketConfig/chipyard.TestHarness.MLXCycleRocketConfig/VTestHarness.h  -DVL_THREADED -std=gnu++14  -c -o VTestHarness__54.o VTestHarness__54.cpp
In file included from /usr/local/share/verilator/include/verilated.h:27,
                 from /usr/local/share/verilator/include/verilated_vcd_c.h:23,
                 from /root/chipyard/sims/verilator/generated-src/chipyard.TestHarness.MLXCycleRocketConfig/verilator.h:4,
                 from <command-line>:
/usr/local/share/verilator/include/verilatedos.h:252: warning: "__STDC_FORMAT_MACROS" redefined
  252 | #define __STDC_FORMAT_MACROS
      | 
<command-line>: note: this is the location of the previous definition
g++  -I.  -MMD -I/usr/local/share/verilator/include -I/usr/local/share/verilator/include/vltstd -DVM_COVERAGE=0 -DVM_SC=0 -DVM_TRACE=0 -faligned-new -Wno-bool-operation -Wno-sign-compare -Wno-uninitialized -Wno-unused-but-set-variable -Wno-unused-parameter -Wno-unused-variable -Wno-shadow     -O3 -std=c++11 -I/root/chipyard/esp-tools-install/include -I/root/chipyard/tools/DRAMSim2 -I/root/chipyard/sims/verilator/generated-src/chipyard.TestHarness.MLXCycleRocketConfig    -D__STDC_FORMAT_MACROS -DTEST_HARNESS=VTestHarness -DVERILATOR -include /root/chipyard/sims/verilator/generated-src/chipyard.TestHarness.MLXCycleRocketConfig/chipyard.TestHarness.MLXCycleRocketConfig.plusArgs -include /root/chipyard/sims/verilator/generated-src/chipyard.TestHarness.MLXCycleRocketConfig/verilator.h -include /root/chipyard/sims/verilator/generated-src/chipyard.TestHarness.MLXCycleRocketConfig/chipyard.TestHarness.MLXCycleRocketConfig/VTestHarness.h  -DVL_THREADED -std=gnu++14  -c -o VTestHarness__55.o VTestHarness__55.cpp
In file included from /usr/local/share/verilator/include/verilated.h:27,
                 from /usr/local/share/verilator/include/verilated_vcd_c.h:23,
                 from /root/chipyard/sims/verilator/generated-src/chipyard.TestHarness.MLXCycleRocketConfig/verilator.h:4,
                 from <command-line>:
/usr/local/share/verilator/include/verilatedos.h:252: warning: "__STDC_FORMAT_MACROS" redefined
  252 | #define __STDC_FORMAT_MACROS
      | 
<command-line>: note: this is the location of the previous definition
g++  -I.  -MMD -I/usr/local/share/verilator/include -I/usr/local/share/verilator/include/vltstd -DVM_COVERAGE=0 -DVM_SC=0 -DVM_TRACE=0 -faligned-new -Wno-bool-operation -Wno-sign-compare -Wno-uninitialized -Wno-unused-but-set-variable -Wno-unused-parameter -Wno-unused-variable -Wno-shadow     -O3 -std=c++11 -I/root/chipyard/esp-tools-install/include -I/root/chipyard/tools/DRAMSim2 -I/root/chipyard/sims/verilator/generated-src/chipyard.TestHarness.MLXCycleRocketConfig    -D__STDC_FORMAT_MACROS -DTEST_HARNESS=VTestHarness -DVERILATOR -include /root/chipyard/sims/verilator/generated-src/chipyard.TestHarness.MLXCycleRocketConfig/chipyard.TestHarness.MLXCycleRocketConfig.plusArgs -include /root/chipyard/sims/verilator/generated-src/chipyard.TestHarness.MLXCycleRocketConfig/verilator.h -include /root/chipyard/sims/verilator/generated-src/chipyard.TestHarness.MLXCycleRocketConfig/chipyard.TestHarness.MLXCycleRocketConfig/VTestHarness.h  -DVL_THREADED -std=gnu++14  -c -o VTestHarness__56.o VTestHarness__56.cpp
In file included from /usr/local/share/verilator/include/verilated.h:27,
                 from /usr/local/share/verilator/include/verilated_vcd_c.h:23,
                 from /root/chipyard/sims/verilator/generated-src/chipyard.TestHarness.MLXCycleRocketConfig/verilator.h:4,
                 from <command-line>:
/usr/local/share/verilator/include/verilatedos.h:252: warning: "__STDC_FORMAT_MACROS" redefined
  252 | #define __STDC_FORMAT_MACROS
      | 
<command-line>: note: this is the location of the previous definition
g++  -I.  -MMD -I/usr/local/share/verilator/include -I/usr/local/share/verilator/include/vltstd -DVM_COVERAGE=0 -DVM_SC=0 -DVM_TRACE=0 -faligned-new -Wno-bool-operation -Wno-sign-compare -Wno-uninitialized -Wno-unused-but-set-variable -Wno-unused-parameter -Wno-unused-variable -Wno-shadow     -O3 -std=c++11 -I/root/chipyard/esp-tools-install/include -I/root/chipyard/tools/DRAMSim2 -I/root/chipyard/sims/verilator/generated-src/chipyard.TestHarness.MLXCycleRocketConfig    -D__STDC_FORMAT_MACROS -DTEST_HARNESS=VTestHarness -DVERILATOR -include /root/chipyard/sims/verilator/generated-src/chipyard.TestHarness.MLXCycleRocketConfig/chipyard.TestHarness.MLXCycleRocketConfig.plusArgs -include /root/chipyard/sims/verilator/generated-src/chipyard.TestHarness.MLXCycleRocketConfig/verilator.h -include /root/chipyard/sims/verilator/generated-src/chipyard.TestHarness.MLXCycleRocketConfig/chipyard.TestHarness.MLXCycleRocketConfig/VTestHarness.h  -DVL_THREADED -std=gnu++14  -c -o VTestHarness__57.o VTestHarness__57.cpp
In file included from /usr/local/share/verilator/include/verilated.h:27,
                 from /usr/local/share/verilator/include/verilated_vcd_c.h:23,
                 from /root/chipyard/sims/verilator/generated-src/chipyard.TestHarness.MLXCycleRocketConfig/verilator.h:4,
                 from <command-line>:
/usr/local/share/verilator/include/verilatedos.h:252: warning: "__STDC_FORMAT_MACROS" redefined
  252 | #define __STDC_FORMAT_MACROS
      | 
<command-line>: note: this is the location of the previous definition
g++  -I.  -MMD -I/usr/local/share/verilator/include -I/usr/local/share/verilator/include/vltstd -DVM_COVERAGE=0 -DVM_SC=0 -DVM_TRACE=0 -faligned-new -Wno-bool-operation -Wno-sign-compare -Wno-uninitialized -Wno-unused-but-set-variable -Wno-unused-parameter -Wno-unused-variable -Wno-shadow     -O3 -std=c++11 -I/root/chipyard/esp-tools-install/include -I/root/chipyard/tools/DRAMSim2 -I/root/chipyard/sims/verilator/generated-src/chipyard.TestHarness.MLXCycleRocketConfig    -D__STDC_FORMAT_MACROS -DTEST_HARNESS=VTestHarness -DVERILATOR -include /root/chipyard/sims/verilator/generated-src/chipyard.TestHarness.MLXCycleRocketConfig/chipyard.TestHarness.MLXCycleRocketConfig.plusArgs -include /root/chipyard/sims/verilator/generated-src/chipyard.TestHarness.MLXCycleRocketConfig/verilator.h -include /root/chipyard/sims/verilator/generated-src/chipyard.TestHarness.MLXCycleRocketConfig/chipyard.TestHarness.MLXCycleRocketConfig/VTestHarness.h  -DVL_THREADED -std=gnu++14  -c -o VTestHarness__58.o VTestHarness__58.cpp
In file included from /usr/local/share/verilator/include/verilated.h:27,
                 from /usr/local/share/verilator/include/verilated_vcd_c.h:23,
                 from /root/chipyard/sims/verilator/generated-src/chipyard.TestHarness.MLXCycleRocketConfig/verilator.h:4,
                 from <command-line>:
/usr/local/share/verilator/include/verilatedos.h:252: warning: "__STDC_FORMAT_MACROS" redefined
  252 | #define __STDC_FORMAT_MACROS
      | 
<command-line>: note: this is the location of the previous definition
g++  -I.  -MMD -I/usr/local/share/verilator/include -I/usr/local/share/verilator/include/vltstd -DVM_COVERAGE=0 -DVM_SC=0 -DVM_TRACE=0 -faligned-new -Wno-bool-operation -Wno-sign-compare -Wno-uninitialized -Wno-unused-but-set-variable -Wno-unused-parameter -Wno-unused-variable -Wno-shadow     -O3 -std=c++11 -I/root/chipyard/esp-tools-install/include -I/root/chipyard/tools/DRAMSim2 -I/root/chipyard/sims/verilator/generated-src/chipyard.TestHarness.MLXCycleRocketConfig    -D__STDC_FORMAT_MACROS -DTEST_HARNESS=VTestHarness -DVERILATOR -include /root/chipyard/sims/verilator/generated-src/chipyard.TestHarness.MLXCycleRocketConfig/chipyard.TestHarness.MLXCycleRocketConfig.plusArgs -include /root/chipyard/sims/verilator/generated-src/chipyard.TestHarness.MLXCycleRocketConfig/verilator.h -include /root/chipyard/sims/verilator/generated-src/chipyard.TestHarness.MLXCycleRocketConfig/chipyard.TestHarness.MLXCycleRocketConfig/VTestHarness.h  -DVL_THREADED -std=gnu++14  -c -o VTestHarness__59.o VTestHarness__59.cpp
In file included from /usr/local/share/verilator/include/verilated.h:27,
                 from /usr/local/share/verilator/include/verilated_vcd_c.h:23,
                 from /root/chipyard/sims/verilator/generated-src/chipyard.TestHarness.MLXCycleRocketConfig/verilator.h:4,
                 from <command-line>:
/usr/local/share/verilator/include/verilatedos.h:252: warning: "__STDC_FORMAT_MACROS" redefined
  252 | #define __STDC_FORMAT_MACROS
      | 
<command-line>: note: this is the location of the previous definition
g++  -I.  -MMD -I/usr/local/share/verilator/include -I/usr/local/share/verilator/include/vltstd -DVM_COVERAGE=0 -DVM_SC=0 -DVM_TRACE=0 -faligned-new -Wno-bool-operation -Wno-sign-compare -Wno-uninitialized -Wno-unused-but-set-variable -Wno-unused-parameter -Wno-unused-variable -Wno-shadow     -O3 -std=c++11 -I/root/chipyard/esp-tools-install/include -I/root/chipyard/tools/DRAMSim2 -I/root/chipyard/sims/verilator/generated-src/chipyard.TestHarness.MLXCycleRocketConfig    -D__STDC_FORMAT_MACROS -DTEST_HARNESS=VTestHarness -DVERILATOR -include /root/chipyard/sims/verilator/generated-src/chipyard.TestHarness.MLXCycleRocketConfig/chipyard.TestHarness.MLXCycleRocketConfig.plusArgs -include /root/chipyard/sims/verilator/generated-src/chipyard.TestHarness.MLXCycleRocketConfig/verilator.h -include /root/chipyard/sims/verilator/generated-src/chipyard.TestHarness.MLXCycleRocketConfig/chipyard.TestHarness.MLXCycleRocketConfig/VTestHarness.h  -DVL_THREADED -std=gnu++14  -c -o VTestHarness__60.o VTestHarness__60.cpp
g++  -I.  -MMD -I/usr/local/share/verilator/include -I/usr/local/share/verilator/include/vltstd -DVM_COVERAGE=0 -DVM_SC=0 -DVM_TRACE=0 -faligned-new -Wno-bool-operation -Wno-sign-compare -Wno-uninitialized -Wno-unused-but-set-variable -Wno-unused-parameter -Wno-unused-variable -Wno-shadow     -O3 -std=c++11 -I/root/chipyard/esp-tools-install/include -I/root/chipyard/tools/DRAMSim2 -I/root/chipyard/sims/verilator/generated-src/chipyard.TestHarness.MLXCycleRocketConfig    -D__STDC_FORMAT_MACROS -DTEST_HARNESS=VTestHarness -DVERILATOR -include /root/chipyard/sims/verilator/generated-src/chipyard.TestHarness.MLXCycleRocketConfig/chipyard.TestHarness.MLXCycleRocketConfig.plusArgs -include /root/chipyard/sims/verilator/generated-src/chipyard.TestHarness.MLXCycleRocketConfig/verilator.h -include /root/chipyard/sims/verilator/generated-src/chipyard.TestHarness.MLXCycleRocketConfig/chipyard.TestHarness.MLXCycleRocketConfig/VTestHarness.h  -DVL_THREADED -std=gnu++14  -c -o VTestHarness__61.o VTestHarness__61.cpp
In file included from /usr/local/share/verilator/include/verilated.h:27,
                 from /usr/local/share/verilator/include/verilated_vcd_c.h:23,
                 from /root/chipyard/sims/verilator/generated-src/chipyard.TestHarness.MLXCycleRocketConfig/verilator.h:4,
                 from <command-line>:
/usr/local/share/verilator/include/verilatedos.h:252: warning: "__STDC_FORMAT_MACROS" redefined
  252 | #define __STDC_FORMAT_MACROS
      | 
<command-line>: note: this is the location of the previous definition
In file included from /usr/local/share/verilator/include/verilated.h:27,
                 from /usr/local/share/verilator/include/verilated_vcd_c.h:23,
                 from /root/chipyard/sims/verilator/generated-src/chipyard.TestHarness.MLXCycleRocketConfig/verilator.h:4,
                 from <command-line>:
/usr/local/share/verilator/include/verilatedos.h:252: warning: "__STDC_FORMAT_MACROS" redefined
  252 | #define __STDC_FORMAT_MACROS
      | 
<command-line>: note: this is the location of the previous definition
g++  -I.  -MMD -I/usr/local/share/verilator/include -I/usr/local/share/verilator/include/vltstd -DVM_COVERAGE=0 -DVM_SC=0 -DVM_TRACE=0 -faligned-new -Wno-bool-operation -Wno-sign-compare -Wno-uninitialized -Wno-unused-but-set-variable -Wno-unused-parameter -Wno-unused-variable -Wno-shadow     -O3 -std=c++11 -I/root/chipyard/esp-tools-install/include -I/root/chipyard/tools/DRAMSim2 -I/root/chipyard/sims/verilator/generated-src/chipyard.TestHarness.MLXCycleRocketConfig    -D__STDC_FORMAT_MACROS -DTEST_HARNESS=VTestHarness -DVERILATOR -include /root/chipyard/sims/verilator/generated-src/chipyard.TestHarness.MLXCycleRocketConfig/chipyard.TestHarness.MLXCycleRocketConfig.plusArgs -include /root/chipyard/sims/verilator/generated-src/chipyard.TestHarness.MLXCycleRocketConfig/verilator.h -include /root/chipyard/sims/verilator/generated-src/chipyard.TestHarness.MLXCycleRocketConfig/chipyard.TestHarness.MLXCycleRocketConfig/VTestHarness.h  -DVL_THREADED -std=gnu++14  -c -o VTestHarness__62.o VTestHarness__62.cpp
In file included from /usr/local/share/verilator/include/verilated.h:27,
                 from /usr/local/share/verilator/include/verilated_vcd_c.h:23,
                 from /root/chipyard/sims/verilator/generated-src/chipyard.TestHarness.MLXCycleRocketConfig/verilator.h:4,
                 from <command-line>:
/usr/local/share/verilator/include/verilatedos.h:252: warning: "__STDC_FORMAT_MACROS" redefined
  252 | #define __STDC_FORMAT_MACROS
      | 
<command-line>: note: this is the location of the previous definition
g++  -I.  -MMD -I/usr/local/share/verilator/include -I/usr/local/share/verilator/include/vltstd -DVM_COVERAGE=0 -DVM_SC=0 -DVM_TRACE=0 -faligned-new -Wno-bool-operation -Wno-sign-compare -Wno-uninitialized -Wno-unused-but-set-variable -Wno-unused-parameter -Wno-unused-variable -Wno-shadow     -O3 -std=c++11 -I/root/chipyard/esp-tools-install/include -I/root/chipyard/tools/DRAMSim2 -I/root/chipyard/sims/verilator/generated-src/chipyard.TestHarness.MLXCycleRocketConfig    -D__STDC_FORMAT_MACROS -DTEST_HARNESS=VTestHarness -DVERILATOR -include /root/chipyard/sims/verilator/generated-src/chipyard.TestHarness.MLXCycleRocketConfig/chipyard.TestHarness.MLXCycleRocketConfig.plusArgs -include /root/chipyard/sims/verilator/generated-src/chipyard.TestHarness.MLXCycleRocketConfig/verilator.h -include /root/chipyard/sims/verilator/generated-src/chipyard.TestHarness.MLXCycleRocketConfig/chipyard.TestHarness.MLXCycleRocketConfig/VTestHarness.h  -DVL_THREADED -std=gnu++14  -c -o VTestHarness__63.o VTestHarness__63.cpp
In file included from /usr/local/share/verilator/include/verilated.h:27,
                 from /usr/local/share/verilator/include/verilated_vcd_c.h:23,
                 from /root/chipyard/sims/verilator/generated-src/chipyard.TestHarness.MLXCycleRocketConfig/verilator.h:4,
                 from <command-line>:
/usr/local/share/verilator/include/verilatedos.h:252: warning: "__STDC_FORMAT_MACROS" redefined
  252 | #define __STDC_FORMAT_MACROS
      | 
<command-line>: note: this is the location of the previous definition
g++  -I.  -MMD -I/usr/local/share/verilator/include -I/usr/local/share/verilator/include/vltstd -DVM_COVERAGE=0 -DVM_SC=0 -DVM_TRACE=0 -faligned-new -Wno-bool-operation -Wno-sign-compare -Wno-uninitialized -Wno-unused-but-set-variable -Wno-unused-parameter -Wno-unused-variable -Wno-shadow     -O3 -std=c++11 -I/root/chipyard/esp-tools-install/include -I/root/chipyard/tools/DRAMSim2 -I/root/chipyard/sims/verilator/generated-src/chipyard.TestHarness.MLXCycleRocketConfig    -D__STDC_FORMAT_MACROS -DTEST_HARNESS=VTestHarness -DVERILATOR -include /root/chipyard/sims/verilator/generated-src/chipyard.TestHarness.MLXCycleRocketConfig/chipyard.TestHarness.MLXCycleRocketConfig.plusArgs -include /root/chipyard/sims/verilator/generated-src/chipyard.TestHarness.MLXCycleRocketConfig/verilator.h -include /root/chipyard/sims/verilator/generated-src/chipyard.TestHarness.MLXCycleRocketConfig/chipyard.TestHarness.MLXCycleRocketConfig/VTestHarness.h  -DVL_THREADED -std=gnu++14  -c -o VTestHarness__64.o VTestHarness__64.cpp
In file included from /usr/local/share/verilator/include/verilated.h:27,
                 from /usr/local/share/verilator/include/verilated_vcd_c.h:23,
                 from /root/chipyard/sims/verilator/generated-src/chipyard.TestHarness.MLXCycleRocketConfig/verilator.h:4,
                 from <command-line>:
/usr/local/share/verilator/include/verilatedos.h:252: warning: "__STDC_FORMAT_MACROS" redefined
  252 | #define __STDC_FORMAT_MACROS
      | 
<command-line>: note: this is the location of the previous definition
g++  -I.  -MMD -I/usr/local/share/verilator/include -I/usr/local/share/verilator/include/vltstd -DVM_COVERAGE=0 -DVM_SC=0 -DVM_TRACE=0 -faligned-new -Wno-bool-operation -Wno-sign-compare -Wno-uninitialized -Wno-unused-but-set-variable -Wno-unused-parameter -Wno-unused-variable -Wno-shadow     -O3 -std=c++11 -I/root/chipyard/esp-tools-install/include -I/root/chipyard/tools/DRAMSim2 -I/root/chipyard/sims/verilator/generated-src/chipyard.TestHarness.MLXCycleRocketConfig    -D__STDC_FORMAT_MACROS -DTEST_HARNESS=VTestHarness -DVERILATOR -include /root/chipyard/sims/verilator/generated-src/chipyard.TestHarness.MLXCycleRocketConfig/chipyard.TestHarness.MLXCycleRocketConfig.plusArgs -include /root/chipyard/sims/verilator/generated-src/chipyard.TestHarness.MLXCycleRocketConfig/verilator.h -include /root/chipyard/sims/verilator/generated-src/chipyard.TestHarness.MLXCycleRocketConfig/chipyard.TestHarness.MLXCycleRocketConfig/VTestHarness.h  -DVL_THREADED -std=gnu++14  -c -o VTestHarness__65.o VTestHarness__65.cpp
In file included from /usr/local/share/verilator/include/verilated.h:27,
                 from /usr/local/share/verilator/include/verilated_vcd_c.h:23,
                 from /root/chipyard/sims/verilator/generated-src/chipyard.TestHarness.MLXCycleRocketConfig/verilator.h:4,
                 from <command-line>:
/usr/local/share/verilator/include/verilatedos.h:252: warning: "__STDC_FORMAT_MACROS" redefined
  252 | #define __STDC_FORMAT_MACROS
      | 
<command-line>: note: this is the location of the previous definition
g++  -I.  -MMD -I/usr/local/share/verilator/include -I/usr/local/share/verilator/include/vltstd -DVM_COVERAGE=0 -DVM_SC=0 -DVM_TRACE=0 -faligned-new -Wno-bool-operation -Wno-sign-compare -Wno-uninitialized -Wno-unused-but-set-variable -Wno-unused-parameter -Wno-unused-variable -Wno-shadow     -O3 -std=c++11 -I/root/chipyard/esp-tools-install/include -I/root/chipyard/tools/DRAMSim2 -I/root/chipyard/sims/verilator/generated-src/chipyard.TestHarness.MLXCycleRocketConfig    -D__STDC_FORMAT_MACROS -DTEST_HARNESS=VTestHarness -DVERILATOR -include /root/chipyard/sims/verilator/generated-src/chipyard.TestHarness.MLXCycleRocketConfig/chipyard.TestHarness.MLXCycleRocketConfig.plusArgs -include /root/chipyard/sims/verilator/generated-src/chipyard.TestHarness.MLXCycleRocketConfig/verilator.h -include /root/chipyard/sims/verilator/generated-src/chipyard.TestHarness.MLXCycleRocketConfig/chipyard.TestHarness.MLXCycleRocketConfig/VTestHarness.h  -DVL_THREADED -std=gnu++14  -c -o VTestHarness__66.o VTestHarness__66.cpp
In file included from /usr/local/share/verilator/include/verilated.h:27,
                 from /usr/local/share/verilator/include/verilated_vcd_c.h:23,
                 from /root/chipyard/sims/verilator/generated-src/chipyard.TestHarness.MLXCycleRocketConfig/verilator.h:4,
                 from <command-line>:
/usr/local/share/verilator/include/verilatedos.h:252: warning: "__STDC_FORMAT_MACROS" redefined
  252 | #define __STDC_FORMAT_MACROS
      | 
<command-line>: note: this is the location of the previous definition
g++  -I.  -MMD -I/usr/local/share/verilator/include -I/usr/local/share/verilator/include/vltstd -DVM_COVERAGE=0 -DVM_SC=0 -DVM_TRACE=0 -faligned-new -Wno-bool-operation -Wno-sign-compare -Wno-uninitialized -Wno-unused-but-set-variable -Wno-unused-parameter -Wno-unused-variable -Wno-shadow     -O3 -std=c++11 -I/root/chipyard/esp-tools-install/include -I/root/chipyard/tools/DRAMSim2 -I/root/chipyard/sims/verilator/generated-src/chipyard.TestHarness.MLXCycleRocketConfig    -D__STDC_FORMAT_MACROS -DTEST_HARNESS=VTestHarness -DVERILATOR -include /root/chipyard/sims/verilator/generated-src/chipyard.TestHarness.MLXCycleRocketConfig/chipyard.TestHarness.MLXCycleRocketConfig.plusArgs -include /root/chipyard/sims/verilator/generated-src/chipyard.TestHarness.MLXCycleRocketConfig/verilator.h -include /root/chipyard/sims/verilator/generated-src/chipyard.TestHarness.MLXCycleRocketConfig/chipyard.TestHarness.MLXCycleRocketConfig/VTestHarness.h  -DVL_THREADED -std=gnu++14  -c -o VTestHarness__67.o VTestHarness__67.cpp
In file included from /usr/local/share/verilator/include/verilated.h:27,
                 from /usr/local/share/verilator/include/verilated_vcd_c.h:23,
                 from /root/chipyard/sims/verilator/generated-src/chipyard.TestHarness.MLXCycleRocketConfig/verilator.h:4,
                 from <command-line>:
/usr/local/share/verilator/include/verilatedos.h:252: warning: "__STDC_FORMAT_MACROS" redefined
  252 | #define __STDC_FORMAT_MACROS
      | 
<command-line>: note: this is the location of the previous definition
g++  -I.  -MMD -I/usr/local/share/verilator/include -I/usr/local/share/verilator/include/vltstd -DVM_COVERAGE=0 -DVM_SC=0 -DVM_TRACE=0 -faligned-new -Wno-bool-operation -Wno-sign-compare -Wno-uninitialized -Wno-unused-but-set-variable -Wno-unused-parameter -Wno-unused-variable -Wno-shadow     -O3 -std=c++11 -I/root/chipyard/esp-tools-install/include -I/root/chipyard/tools/DRAMSim2 -I/root/chipyard/sims/verilator/generated-src/chipyard.TestHarness.MLXCycleRocketConfig    -D__STDC_FORMAT_MACROS -DTEST_HARNESS=VTestHarness -DVERILATOR -include /root/chipyard/sims/verilator/generated-src/chipyard.TestHarness.MLXCycleRocketConfig/chipyard.TestHarness.MLXCycleRocketConfig.plusArgs -include /root/chipyard/sims/verilator/generated-src/chipyard.TestHarness.MLXCycleRocketConfig/verilator.h -include /root/chipyard/sims/verilator/generated-src/chipyard.TestHarness.MLXCycleRocketConfig/chipyard.TestHarness.MLXCycleRocketConfig/VTestHarness.h  -DVL_THREADED -std=gnu++14  -c -o VTestHarness__68.o VTestHarness__68.cpp
In file included from /usr/local/share/verilator/include/verilated.h:27,
                 from /usr/local/share/verilator/include/verilated_vcd_c.h:23,
                 from /root/chipyard/sims/verilator/generated-src/chipyard.TestHarness.MLXCycleRocketConfig/verilator.h:4,
                 from <command-line>:
/usr/local/share/verilator/include/verilatedos.h:252: warning: "__STDC_FORMAT_MACROS" redefined
  252 | #define __STDC_FORMAT_MACROS
      | 
<command-line>: note: this is the location of the previous definition
g++  -I.  -MMD -I/usr/local/share/verilator/include -I/usr/local/share/verilator/include/vltstd -DVM_COVERAGE=0 -DVM_SC=0 -DVM_TRACE=0 -faligned-new -Wno-bool-operation -Wno-sign-compare -Wno-uninitialized -Wno-unused-but-set-variable -Wno-unused-parameter -Wno-unused-variable -Wno-shadow     -O3 -std=c++11 -I/root/chipyard/esp-tools-install/include -I/root/chipyard/tools/DRAMSim2 -I/root/chipyard/sims/verilator/generated-src/chipyard.TestHarness.MLXCycleRocketConfig    -D__STDC_FORMAT_MACROS -DTEST_HARNESS=VTestHarness -DVERILATOR -include /root/chipyard/sims/verilator/generated-src/chipyard.TestHarness.MLXCycleRocketConfig/chipyard.TestHarness.MLXCycleRocketConfig.plusArgs -include /root/chipyard/sims/verilator/generated-src/chipyard.TestHarness.MLXCycleRocketConfig/verilator.h -include /root/chipyard/sims/verilator/generated-src/chipyard.TestHarness.MLXCycleRocketConfig/chipyard.TestHarness.MLXCycleRocketConfig/VTestHarness.h  -DVL_THREADED -std=gnu++14  -c -o VTestHarness__69.o VTestHarness__69.cpp
In file included from /usr/local/share/verilator/include/verilated.h:27,
                 from /usr/local/share/verilator/include/verilated_vcd_c.h:23,
                 from /root/chipyard/sims/verilator/generated-src/chipyard.TestHarness.MLXCycleRocketConfig/verilator.h:4,
                 from <command-line>:
/usr/local/share/verilator/include/verilatedos.h:252: warning: "__STDC_FORMAT_MACROS" redefined
  252 | #define __STDC_FORMAT_MACROS
      | 
<command-line>: note: this is the location of the previous definition
g++  -I.  -MMD -I/usr/local/share/verilator/include -I/usr/local/share/verilator/include/vltstd -DVM_COVERAGE=0 -DVM_SC=0 -DVM_TRACE=0 -faligned-new -Wno-bool-operation -Wno-sign-compare -Wno-uninitialized -Wno-unused-but-set-variable -Wno-unused-parameter -Wno-unused-variable -Wno-shadow     -O3 -std=c++11 -I/root/chipyard/esp-tools-install/include -I/root/chipyard/tools/DRAMSim2 -I/root/chipyard/sims/verilator/generated-src/chipyard.TestHarness.MLXCycleRocketConfig    -D__STDC_FORMAT_MACROS -DTEST_HARNESS=VTestHarness -DVERILATOR -include /root/chipyard/sims/verilator/generated-src/chipyard.TestHarness.MLXCycleRocketConfig/chipyard.TestHarness.MLXCycleRocketConfig.plusArgs -include /root/chipyard/sims/verilator/generated-src/chipyard.TestHarness.MLXCycleRocketConfig/verilator.h -include /root/chipyard/sims/verilator/generated-src/chipyard.TestHarness.MLXCycleRocketConfig/chipyard.TestHarness.MLXCycleRocketConfig/VTestHarness.h  -DVL_THREADED -std=gnu++14  -c -o VTestHarness__70.o VTestHarness__70.cpp
In file included from /usr/local/share/verilator/include/verilated.h:27,
                 from /usr/local/share/verilator/include/verilated_vcd_c.h:23,
                 from /root/chipyard/sims/verilator/generated-src/chipyard.TestHarness.MLXCycleRocketConfig/verilator.h:4,
                 from <command-line>:
/usr/local/share/verilator/include/verilatedos.h:252: warning: "__STDC_FORMAT_MACROS" redefined
  252 | #define __STDC_FORMAT_MACROS
      | 
<command-line>: note: this is the location of the previous definition
g++  -I.  -MMD -I/usr/local/share/verilator/include -I/usr/local/share/verilator/include/vltstd -DVM_COVERAGE=0 -DVM_SC=0 -DVM_TRACE=0 -faligned-new -Wno-bool-operation -Wno-sign-compare -Wno-uninitialized -Wno-unused-but-set-variable -Wno-unused-parameter -Wno-unused-variable -Wno-shadow     -O3 -std=c++11 -I/root/chipyard/esp-tools-install/include -I/root/chipyard/tools/DRAMSim2 -I/root/chipyard/sims/verilator/generated-src/chipyard.TestHarness.MLXCycleRocketConfig    -D__STDC_FORMAT_MACROS -DTEST_HARNESS=VTestHarness -DVERILATOR -include /root/chipyard/sims/verilator/generated-src/chipyard.TestHarness.MLXCycleRocketConfig/chipyard.TestHarness.MLXCycleRocketConfig.plusArgs -include /root/chipyard/sims/verilator/generated-src/chipyard.TestHarness.MLXCycleRocketConfig/verilator.h -include /root/chipyard/sims/verilator/generated-src/chipyard.TestHarness.MLXCycleRocketConfig/chipyard.TestHarness.MLXCycleRocketConfig/VTestHarness.h  -DVL_THREADED -std=gnu++14  -c -o VTestHarness__71.o VTestHarness__71.cpp
In file included from /usr/local/share/verilator/include/verilated.h:27,
                 from /usr/local/share/verilator/include/verilated_vcd_c.h:23,
                 from /root/chipyard/sims/verilator/generated-src/chipyard.TestHarness.MLXCycleRocketConfig/verilator.h:4,
                 from <command-line>:
/usr/local/share/verilator/include/verilatedos.h:252: warning: "__STDC_FORMAT_MACROS" redefined
  252 | #define __STDC_FORMAT_MACROS
      | 
<command-line>: note: this is the location of the previous definition
g++  -I.  -MMD -I/usr/local/share/verilator/include -I/usr/local/share/verilator/include/vltstd -DVM_COVERAGE=0 -DVM_SC=0 -DVM_TRACE=0 -faligned-new -Wno-bool-operation -Wno-sign-compare -Wno-uninitialized -Wno-unused-but-set-variable -Wno-unused-parameter -Wno-unused-variable -Wno-shadow     -O3 -std=c++11 -I/root/chipyard/esp-tools-install/include -I/root/chipyard/tools/DRAMSim2 -I/root/chipyard/sims/verilator/generated-src/chipyard.TestHarness.MLXCycleRocketConfig    -D__STDC_FORMAT_MACROS -DTEST_HARNESS=VTestHarness -DVERILATOR -include /root/chipyard/sims/verilator/generated-src/chipyard.TestHarness.MLXCycleRocketConfig/chipyard.TestHarness.MLXCycleRocketConfig.plusArgs -include /root/chipyard/sims/verilator/generated-src/chipyard.TestHarness.MLXCycleRocketConfig/verilator.h -include /root/chipyard/sims/verilator/generated-src/chipyard.TestHarness.MLXCycleRocketConfig/chipyard.TestHarness.MLXCycleRocketConfig/VTestHarness.h  -DVL_THREADED -std=gnu++14  -c -o VTestHarness__72.o VTestHarness__72.cpp
In file included from /usr/local/share/verilator/include/verilated.h:27,
                 from /usr/local/share/verilator/include/verilated_vcd_c.h:23,
                 from /root/chipyard/sims/verilator/generated-src/chipyard.TestHarness.MLXCycleRocketConfig/verilator.h:4,
                 from <command-line>:
/usr/local/share/verilator/include/verilatedos.h:252: warning: "__STDC_FORMAT_MACROS" redefined
  252 | #define __STDC_FORMAT_MACROS
      | 
<command-line>: note: this is the location of the previous definition
g++  -I.  -MMD -I/usr/local/share/verilator/include -I/usr/local/share/verilator/include/vltstd -DVM_COVERAGE=0 -DVM_SC=0 -DVM_TRACE=0 -faligned-new -Wno-bool-operation -Wno-sign-compare -Wno-uninitialized -Wno-unused-but-set-variable -Wno-unused-parameter -Wno-unused-variable -Wno-shadow     -O3 -std=c++11 -I/root/chipyard/esp-tools-install/include -I/root/chipyard/tools/DRAMSim2 -I/root/chipyard/sims/verilator/generated-src/chipyard.TestHarness.MLXCycleRocketConfig    -D__STDC_FORMAT_MACROS -DTEST_HARNESS=VTestHarness -DVERILATOR -include /root/chipyard/sims/verilator/generated-src/chipyard.TestHarness.MLXCycleRocketConfig/chipyard.TestHarness.MLXCycleRocketConfig.plusArgs -include /root/chipyard/sims/verilator/generated-src/chipyard.TestHarness.MLXCycleRocketConfig/verilator.h -include /root/chipyard/sims/verilator/generated-src/chipyard.TestHarness.MLXCycleRocketConfig/chipyard.TestHarness.MLXCycleRocketConfig/VTestHarness.h  -DVL_THREADED -std=gnu++14  -c -o VTestHarness__73.o VTestHarness__73.cpp
In file included from /usr/local/share/verilator/include/verilated.h:27,
                 from /usr/local/share/verilator/include/verilated_vcd_c.h:23,
                 from /root/chipyard/sims/verilator/generated-src/chipyard.TestHarness.MLXCycleRocketConfig/verilator.h:4,
                 from <command-line>:
/usr/local/share/verilator/include/verilatedos.h:252: warning: "__STDC_FORMAT_MACROS" redefined
  252 | #define __STDC_FORMAT_MACROS
      | 
<command-line>: note: this is the location of the previous definition
g++  -I.  -MMD -I/usr/local/share/verilator/include -I/usr/local/share/verilator/include/vltstd -DVM_COVERAGE=0 -DVM_SC=0 -DVM_TRACE=0 -faligned-new -Wno-bool-operation -Wno-sign-compare -Wno-uninitialized -Wno-unused-but-set-variable -Wno-unused-parameter -Wno-unused-variable -Wno-shadow     -O3 -std=c++11 -I/root/chipyard/esp-tools-install/include -I/root/chipyard/tools/DRAMSim2 -I/root/chipyard/sims/verilator/generated-src/chipyard.TestHarness.MLXCycleRocketConfig    -D__STDC_FORMAT_MACROS -DTEST_HARNESS=VTestHarness -DVERILATOR -include /root/chipyard/sims/verilator/generated-src/chipyard.TestHarness.MLXCycleRocketConfig/chipyard.TestHarness.MLXCycleRocketConfig.plusArgs -include /root/chipyard/sims/verilator/generated-src/chipyard.TestHarness.MLXCycleRocketConfig/verilator.h -include /root/chipyard/sims/verilator/generated-src/chipyard.TestHarness.MLXCycleRocketConfig/chipyard.TestHarness.MLXCycleRocketConfig/VTestHarness.h  -DVL_THREADED -std=gnu++14  -c -o VTestHarness__74.o VTestHarness__74.cpp
In file included from /usr/local/share/verilator/include/verilated.h:27,
                 from /usr/local/share/verilator/include/verilated_vcd_c.h:23,
                 from /root/chipyard/sims/verilator/generated-src/chipyard.TestHarness.MLXCycleRocketConfig/verilator.h:4,
                 from <command-line>:
/usr/local/share/verilator/include/verilatedos.h:252: warning: "__STDC_FORMAT_MACROS" redefined
  252 | #define __STDC_FORMAT_MACROS
      | 
<command-line>: note: this is the location of the previous definition
g++  -I.  -MMD -I/usr/local/share/verilator/include -I/usr/local/share/verilator/include/vltstd -DVM_COVERAGE=0 -DVM_SC=0 -DVM_TRACE=0 -faligned-new -Wno-bool-operation -Wno-sign-compare -Wno-uninitialized -Wno-unused-but-set-variable -Wno-unused-parameter -Wno-unused-variable -Wno-shadow     -O3 -std=c++11 -I/root/chipyard/esp-tools-install/include -I/root/chipyard/tools/DRAMSim2 -I/root/chipyard/sims/verilator/generated-src/chipyard.TestHarness.MLXCycleRocketConfig    -D__STDC_FORMAT_MACROS -DTEST_HARNESS=VTestHarness -DVERILATOR -include /root/chipyard/sims/verilator/generated-src/chipyard.TestHarness.MLXCycleRocketConfig/chipyard.TestHarness.MLXCycleRocketConfig.plusArgs -include /root/chipyard/sims/verilator/generated-src/chipyard.TestHarness.MLXCycleRocketConfig/verilator.h -include /root/chipyard/sims/verilator/generated-src/chipyard.TestHarness.MLXCycleRocketConfig/chipyard.TestHarness.MLXCycleRocketConfig/VTestHarness.h  -DVL_THREADED -std=gnu++14  -c -o VTestHarness__75.o VTestHarness__75.cpp
In file included from /usr/local/share/verilator/include/verilated.h:27,
                 from /usr/local/share/verilator/include/verilated_vcd_c.h:23,
                 from /root/chipyard/sims/verilator/generated-src/chipyard.TestHarness.MLXCycleRocketConfig/verilator.h:4,
                 from <command-line>:
/usr/local/share/verilator/include/verilatedos.h:252: warning: "__STDC_FORMAT_MACROS" redefined
  252 | #define __STDC_FORMAT_MACROS
      | 
<command-line>: note: this is the location of the previous definition
g++  -I.  -MMD -I/usr/local/share/verilator/include -I/usr/local/share/verilator/include/vltstd -DVM_COVERAGE=0 -DVM_SC=0 -DVM_TRACE=0 -faligned-new -Wno-bool-operation -Wno-sign-compare -Wno-uninitialized -Wno-unused-but-set-variable -Wno-unused-parameter -Wno-unused-variable -Wno-shadow     -O3 -std=c++11 -I/root/chipyard/esp-tools-install/include -I/root/chipyard/tools/DRAMSim2 -I/root/chipyard/sims/verilator/generated-src/chipyard.TestHarness.MLXCycleRocketConfig    -D__STDC_FORMAT_MACROS -DTEST_HARNESS=VTestHarness -DVERILATOR -include /root/chipyard/sims/verilator/generated-src/chipyard.TestHarness.MLXCycleRocketConfig/chipyard.TestHarness.MLXCycleRocketConfig.plusArgs -include /root/chipyard/sims/verilator/generated-src/chipyard.TestHarness.MLXCycleRocketConfig/verilator.h -include /root/chipyard/sims/verilator/generated-src/chipyard.TestHarness.MLXCycleRocketConfig/chipyard.TestHarness.MLXCycleRocketConfig/VTestHarness.h  -DVL_THREADED -std=gnu++14  -c -o VTestHarness__76.o VTestHarness__76.cpp
In file included from /usr/local/share/verilator/include/verilated.h:27,
                 from /usr/local/share/verilator/include/verilated_vcd_c.h:23,
                 from /root/chipyard/sims/verilator/generated-src/chipyard.TestHarness.MLXCycleRocketConfig/verilator.h:4,
                 from <command-line>:
/usr/local/share/verilator/include/verilatedos.h:252: warning: "__STDC_FORMAT_MACROS" redefined
  252 | #define __STDC_FORMAT_MACROS
      | 
<command-line>: note: this is the location of the previous definition
g++  -I.  -MMD -I/usr/local/share/verilator/include -I/usr/local/share/verilator/include/vltstd -DVM_COVERAGE=0 -DVM_SC=0 -DVM_TRACE=0 -faligned-new -Wno-bool-operation -Wno-sign-compare -Wno-uninitialized -Wno-unused-but-set-variable -Wno-unused-parameter -Wno-unused-variable -Wno-shadow     -O3 -std=c++11 -I/root/chipyard/esp-tools-install/include -I/root/chipyard/tools/DRAMSim2 -I/root/chipyard/sims/verilator/generated-src/chipyard.TestHarness.MLXCycleRocketConfig    -D__STDC_FORMAT_MACROS -DTEST_HARNESS=VTestHarness -DVERILATOR -include /root/chipyard/sims/verilator/generated-src/chipyard.TestHarness.MLXCycleRocketConfig/chipyard.TestHarness.MLXCycleRocketConfig.plusArgs -include /root/chipyard/sims/verilator/generated-src/chipyard.TestHarness.MLXCycleRocketConfig/verilator.h -include /root/chipyard/sims/verilator/generated-src/chipyard.TestHarness.MLXCycleRocketConfig/chipyard.TestHarness.MLXCycleRocketConfig/VTestHarness.h  -DVL_THREADED -std=gnu++14  -c -o VTestHarness__77.o VTestHarness__77.cpp
In file included from /usr/local/share/verilator/include/verilated.h:27,
                 from /usr/local/share/verilator/include/verilated_vcd_c.h:23,
                 from /root/chipyard/sims/verilator/generated-src/chipyard.TestHarness.MLXCycleRocketConfig/verilator.h:4,
                 from <command-line>:
/usr/local/share/verilator/include/verilatedos.h:252: warning: "__STDC_FORMAT_MACROS" redefined
  252 | #define __STDC_FORMAT_MACROS
      | 
<command-line>: note: this is the location of the previous definition
g++  -I.  -MMD -I/usr/local/share/verilator/include -I/usr/local/share/verilator/include/vltstd -DVM_COVERAGE=0 -DVM_SC=0 -DVM_TRACE=0 -faligned-new -Wno-bool-operation -Wno-sign-compare -Wno-uninitialized -Wno-unused-but-set-variable -Wno-unused-parameter -Wno-unused-variable -Wno-shadow     -O3 -std=c++11 -I/root/chipyard/esp-tools-install/include -I/root/chipyard/tools/DRAMSim2 -I/root/chipyard/sims/verilator/generated-src/chipyard.TestHarness.MLXCycleRocketConfig    -D__STDC_FORMAT_MACROS -DTEST_HARNESS=VTestHarness -DVERILATOR -include /root/chipyard/sims/verilator/generated-src/chipyard.TestHarness.MLXCycleRocketConfig/chipyard.TestHarness.MLXCycleRocketConfig.plusArgs -include /root/chipyard/sims/verilator/generated-src/chipyard.TestHarness.MLXCycleRocketConfig/verilator.h -include /root/chipyard/sims/verilator/generated-src/chipyard.TestHarness.MLXCycleRocketConfig/chipyard.TestHarness.MLXCycleRocketConfig/VTestHarness.h  -DVL_THREADED -std=gnu++14  -c -o VTestHarness__78.o VTestHarness__78.cpp
In file included from /usr/local/share/verilator/include/verilated.h:27,
                 from /usr/local/share/verilator/include/verilated_vcd_c.h:23,
                 from /root/chipyard/sims/verilator/generated-src/chipyard.TestHarness.MLXCycleRocketConfig/verilator.h:4,
                 from <command-line>:
/usr/local/share/verilator/include/verilatedos.h:252: warning: "__STDC_FORMAT_MACROS" redefined
  252 | #define __STDC_FORMAT_MACROS
      | 
<command-line>: note: this is the location of the previous definition
g++  -I.  -MMD -I/usr/local/share/verilator/include -I/usr/local/share/verilator/include/vltstd -DVM_COVERAGE=0 -DVM_SC=0 -DVM_TRACE=0 -faligned-new -Wno-bool-operation -Wno-sign-compare -Wno-uninitialized -Wno-unused-but-set-variable -Wno-unused-parameter -Wno-unused-variable -Wno-shadow     -O3 -std=c++11 -I/root/chipyard/esp-tools-install/include -I/root/chipyard/tools/DRAMSim2 -I/root/chipyard/sims/verilator/generated-src/chipyard.TestHarness.MLXCycleRocketConfig    -D__STDC_FORMAT_MACROS -DTEST_HARNESS=VTestHarness -DVERILATOR -include /root/chipyard/sims/verilator/generated-src/chipyard.TestHarness.MLXCycleRocketConfig/chipyard.TestHarness.MLXCycleRocketConfig.plusArgs -include /root/chipyard/sims/verilator/generated-src/chipyard.TestHarness.MLXCycleRocketConfig/verilator.h -include /root/chipyard/sims/verilator/generated-src/chipyard.TestHarness.MLXCycleRocketConfig/chipyard.TestHarness.MLXCycleRocketConfig/VTestHarness.h  -DVL_THREADED -std=gnu++14  -c -o VTestHarness__79.o VTestHarness__79.cpp
In file included from /usr/local/share/verilator/include/verilated.h:27,
                 from /usr/local/share/verilator/include/verilated_vcd_c.h:23,
                 from /root/chipyard/sims/verilator/generated-src/chipyard.TestHarness.MLXCycleRocketConfig/verilator.h:4,
                 from <command-line>:
/usr/local/share/verilator/include/verilatedos.h:252: warning: "__STDC_FORMAT_MACROS" redefined
  252 | #define __STDC_FORMAT_MACROS
      | 
<command-line>: note: this is the location of the previous definition
g++  -I.  -MMD -I/usr/local/share/verilator/include -I/usr/local/share/verilator/include/vltstd -DVM_COVERAGE=0 -DVM_SC=0 -DVM_TRACE=0 -faligned-new -Wno-bool-operation -Wno-sign-compare -Wno-uninitialized -Wno-unused-but-set-variable -Wno-unused-parameter -Wno-unused-variable -Wno-shadow     -O3 -std=c++11 -I/root/chipyard/esp-tools-install/include -I/root/chipyard/tools/DRAMSim2 -I/root/chipyard/sims/verilator/generated-src/chipyard.TestHarness.MLXCycleRocketConfig    -D__STDC_FORMAT_MACROS -DTEST_HARNESS=VTestHarness -DVERILATOR -include /root/chipyard/sims/verilator/generated-src/chipyard.TestHarness.MLXCycleRocketConfig/chipyard.TestHarness.MLXCycleRocketConfig.plusArgs -include /root/chipyard/sims/verilator/generated-src/chipyard.TestHarness.MLXCycleRocketConfig/verilator.h -include /root/chipyard/sims/verilator/generated-src/chipyard.TestHarness.MLXCycleRocketConfig/chipyard.TestHarness.MLXCycleRocketConfig/VTestHarness.h  -DVL_THREADED -std=gnu++14  -c -o VTestHarness___024unit.o VTestHarness___024unit.cpp
In file included from /usr/local/share/verilator/include/verilated.h:27,
                 from /usr/local/share/verilator/include/verilated_vcd_c.h:23,
                 from /root/chipyard/sims/verilator/generated-src/chipyard.TestHarness.MLXCycleRocketConfig/verilator.h:4,
                 from <command-line>:
/usr/local/share/verilator/include/verilatedos.h:252: warning: "__STDC_FORMAT_MACROS" redefined
  252 | #define __STDC_FORMAT_MACROS
      | 
<command-line>: note: this is the location of the previous definition
g++  -I.  -MMD -I/usr/local/share/verilator/include -I/usr/local/share/verilator/include/vltstd -DVM_COVERAGE=0 -DVM_SC=0 -DVM_TRACE=0 -faligned-new -Wno-bool-operation -Wno-sign-compare -Wno-uninitialized -Wno-unused-but-set-variable -Wno-unused-parameter -Wno-unused-variable -Wno-shadow     -O3 -std=c++11 -I/root/chipyard/esp-tools-install/include -I/root/chipyard/tools/DRAMSim2 -I/root/chipyard/sims/verilator/generated-src/chipyard.TestHarness.MLXCycleRocketConfig    -D__STDC_FORMAT_MACROS -DTEST_HARNESS=VTestHarness -DVERILATOR -include /root/chipyard/sims/verilator/generated-src/chipyard.TestHarness.MLXCycleRocketConfig/chipyard.TestHarness.MLXCycleRocketConfig.plusArgs -include /root/chipyard/sims/verilator/generated-src/chipyard.TestHarness.MLXCycleRocketConfig/verilator.h -include /root/chipyard/sims/verilator/generated-src/chipyard.TestHarness.MLXCycleRocketConfig/chipyard.TestHarness.MLXCycleRocketConfig/VTestHarness.h  -DVL_THREADED -std=gnu++14  -c -o VTestHarness__Slow.o VTestHarness__Slow.cpp
In file included from /usr/local/share/verilator/include/verilated.h:27,
                 from /usr/local/share/verilator/include/verilated_vcd_c.h:23,
                 from /root/chipyard/sims/verilator/generated-src/chipyard.TestHarness.MLXCycleRocketConfig/verilator.h:4,
                 from <command-line>:
/usr/local/share/verilator/include/verilatedos.h:252: warning: "__STDC_FORMAT_MACROS" redefined
  252 | #define __STDC_FORMAT_MACROS
      | 
<command-line>: note: this is the location of the previous definition
g++  -I.  -MMD -I/usr/local/share/verilator/include -I/usr/local/share/verilator/include/vltstd -DVM_COVERAGE=0 -DVM_SC=0 -DVM_TRACE=0 -faligned-new -Wno-bool-operation -Wno-sign-compare -Wno-uninitialized -Wno-unused-but-set-variable -Wno-unused-parameter -Wno-unused-variable -Wno-shadow     -O3 -std=c++11 -I/root/chipyard/esp-tools-install/include -I/root/chipyard/tools/DRAMSim2 -I/root/chipyard/sims/verilator/generated-src/chipyard.TestHarness.MLXCycleRocketConfig    -D__STDC_FORMAT_MACROS -DTEST_HARNESS=VTestHarness -DVERILATOR -include /root/chipyard/sims/verilator/generated-src/chipyard.TestHarness.MLXCycleRocketConfig/chipyard.TestHarness.MLXCycleRocketConfig.plusArgs -include /root/chipyard/sims/verilator/generated-src/chipyard.TestHarness.MLXCycleRocketConfig/verilator.h -include /root/chipyard/sims/verilator/generated-src/chipyard.TestHarness.MLXCycleRocketConfig/chipyard.TestHarness.MLXCycleRocketConfig/VTestHarness.h  -DVL_THREADED -std=gnu++14  -c -o VTestHarness__1__Slow.o VTestHarness__1__Slow.cpp
g++  -I.  -MMD -I/usr/local/share/verilator/include -I/usr/local/share/verilator/include/vltstd -DVM_COVERAGE=0 -DVM_SC=0 -DVM_TRACE=0 -faligned-new -Wno-bool-operation -Wno-sign-compare -Wno-uninitialized -Wno-unused-but-set-variable -Wno-unused-parameter -Wno-unused-variable -Wno-shadow     -O3 -std=c++11 -I/root/chipyard/esp-tools-install/include -I/root/chipyard/tools/DRAMSim2 -I/root/chipyard/sims/verilator/generated-src/chipyard.TestHarness.MLXCycleRocketConfig    -D__STDC_FORMAT_MACROS -DTEST_HARNESS=VTestHarness -DVERILATOR -include /root/chipyard/sims/verilator/generated-src/chipyard.TestHarness.MLXCycleRocketConfig/chipyard.TestHarness.MLXCycleRocketConfig.plusArgs -include /root/chipyard/sims/verilator/generated-src/chipyard.TestHarness.MLXCycleRocketConfig/verilator.h -include /root/chipyard/sims/verilator/generated-src/chipyard.TestHarness.MLXCycleRocketConfig/chipyard.TestHarness.MLXCycleRocketConfig/VTestHarness.h  -DVL_THREADED -std=gnu++14  -c -o VTestHarness__2__Slow.o VTestHarness__2__Slow.cpp
In file included from /usr/local/share/verilator/include/verilated.h:27,
                 from /usr/local/share/verilator/include/verilated_vcd_c.h:23,
                 from /root/chipyard/sims/verilator/generated-src/chipyard.TestHarness.MLXCycleRocketConfig/verilator.h:4,
                 from <command-line>:
/usr/local/share/verilator/include/verilatedos.h:252: warning: "__STDC_FORMAT_MACROS" redefined
  252 | #define __STDC_FORMAT_MACROS
      | 
<command-line>: note: this is the location of the previous definition
In file included from /usr/local/share/verilator/include/verilated.h:27,
                 from /usr/local/share/verilator/include/verilated_vcd_c.h:23,
                 from /root/chipyard/sims/verilator/generated-src/chipyard.TestHarness.MLXCycleRocketConfig/verilator.h:4,
                 from <command-line>:
/usr/local/share/verilator/include/verilatedos.h:252: warning: "__STDC_FORMAT_MACROS" redefined
  252 | #define __STDC_FORMAT_MACROS
      | 
<command-line>: note: this is the location of the previous definition
g++  -I.  -MMD -I/usr/local/share/verilator/include -I/usr/local/share/verilator/include/vltstd -DVM_COVERAGE=0 -DVM_SC=0 -DVM_TRACE=0 -faligned-new -Wno-bool-operation -Wno-sign-compare -Wno-uninitialized -Wno-unused-but-set-variable -Wno-unused-parameter -Wno-unused-variable -Wno-shadow     -O3 -std=c++11 -I/root/chipyard/esp-tools-install/include -I/root/chipyard/tools/DRAMSim2 -I/root/chipyard/sims/verilator/generated-src/chipyard.TestHarness.MLXCycleRocketConfig    -D__STDC_FORMAT_MACROS -DTEST_HARNESS=VTestHarness -DVERILATOR -include /root/chipyard/sims/verilator/generated-src/chipyard.TestHarness.MLXCycleRocketConfig/chipyard.TestHarness.MLXCycleRocketConfig.plusArgs -include /root/chipyard/sims/verilator/generated-src/chipyard.TestHarness.MLXCycleRocketConfig/verilator.h -include /root/chipyard/sims/verilator/generated-src/chipyard.TestHarness.MLXCycleRocketConfig/chipyard.TestHarness.MLXCycleRocketConfig/VTestHarness.h  -DVL_THREADED -std=gnu++14  -c -o VTestHarness__3__Slow.o VTestHarness__3__Slow.cpp
In file included from /usr/local/share/verilator/include/verilated.h:27,
                 from /usr/local/share/verilator/include/verilated_vcd_c.h:23,
                 from /root/chipyard/sims/verilator/generated-src/chipyard.TestHarness.MLXCycleRocketConfig/verilator.h:4,
                 from <command-line>:
/usr/local/share/verilator/include/verilatedos.h:252: warning: "__STDC_FORMAT_MACROS" redefined
  252 | #define __STDC_FORMAT_MACROS
      | 
<command-line>: note: this is the location of the previous definition
g++  -I.  -MMD -I/usr/local/share/verilator/include -I/usr/local/share/verilator/include/vltstd -DVM_COVERAGE=0 -DVM_SC=0 -DVM_TRACE=0 -faligned-new -Wno-bool-operation -Wno-sign-compare -Wno-uninitialized -Wno-unused-but-set-variable -Wno-unused-parameter -Wno-unused-variable -Wno-shadow     -O3 -std=c++11 -I/root/chipyard/esp-tools-install/include -I/root/chipyard/tools/DRAMSim2 -I/root/chipyard/sims/verilator/generated-src/chipyard.TestHarness.MLXCycleRocketConfig    -D__STDC_FORMAT_MACROS -DTEST_HARNESS=VTestHarness -DVERILATOR -include /root/chipyard/sims/verilator/generated-src/chipyard.TestHarness.MLXCycleRocketConfig/chipyard.TestHarness.MLXCycleRocketConfig.plusArgs -include /root/chipyard/sims/verilator/generated-src/chipyard.TestHarness.MLXCycleRocketConfig/verilator.h -include /root/chipyard/sims/verilator/generated-src/chipyard.TestHarness.MLXCycleRocketConfig/chipyard.TestHarness.MLXCycleRocketConfig/VTestHarness.h  -DVL_THREADED -std=gnu++14  -c -o VTestHarness__4__Slow.o VTestHarness__4__Slow.cpp
In file included from /usr/local/share/verilator/include/verilated.h:27,
                 from /usr/local/share/verilator/include/verilated_vcd_c.h:23,
                 from /root/chipyard/sims/verilator/generated-src/chipyard.TestHarness.MLXCycleRocketConfig/verilator.h:4,
                 from <command-line>:
/usr/local/share/verilator/include/verilatedos.h:252: warning: "__STDC_FORMAT_MACROS" redefined
  252 | #define __STDC_FORMAT_MACROS
      | 
<command-line>: note: this is the location of the previous definition
g++  -I.  -MMD -I/usr/local/share/verilator/include -I/usr/local/share/verilator/include/vltstd -DVM_COVERAGE=0 -DVM_SC=0 -DVM_TRACE=0 -faligned-new -Wno-bool-operation -Wno-sign-compare -Wno-uninitialized -Wno-unused-but-set-variable -Wno-unused-parameter -Wno-unused-variable -Wno-shadow     -O3 -std=c++11 -I/root/chipyard/esp-tools-install/include -I/root/chipyard/tools/DRAMSim2 -I/root/chipyard/sims/verilator/generated-src/chipyard.TestHarness.MLXCycleRocketConfig    -D__STDC_FORMAT_MACROS -DTEST_HARNESS=VTestHarness -DVERILATOR -include /root/chipyard/sims/verilator/generated-src/chipyard.TestHarness.MLXCycleRocketConfig/chipyard.TestHarness.MLXCycleRocketConfig.plusArgs -include /root/chipyard/sims/verilator/generated-src/chipyard.TestHarness.MLXCycleRocketConfig/verilator.h -include /root/chipyard/sims/verilator/generated-src/chipyard.TestHarness.MLXCycleRocketConfig/chipyard.TestHarness.MLXCycleRocketConfig/VTestHarness.h  -DVL_THREADED -std=gnu++14  -c -o VTestHarness__5__Slow.o VTestHarness__5__Slow.cpp
In file included from /usr/local/share/verilator/include/verilated.h:27,
                 from /usr/local/share/verilator/include/verilated_vcd_c.h:23,
                 from /root/chipyard/sims/verilator/generated-src/chipyard.TestHarness.MLXCycleRocketConfig/verilator.h:4,
                 from <command-line>:
/usr/local/share/verilator/include/verilatedos.h:252: warning: "__STDC_FORMAT_MACROS" redefined
  252 | #define __STDC_FORMAT_MACROS
      | 
<command-line>: note: this is the location of the previous definition
g++  -I.  -MMD -I/usr/local/share/verilator/include -I/usr/local/share/verilator/include/vltstd -DVM_COVERAGE=0 -DVM_SC=0 -DVM_TRACE=0 -faligned-new -Wno-bool-operation -Wno-sign-compare -Wno-uninitialized -Wno-unused-but-set-variable -Wno-unused-parameter -Wno-unused-variable -Wno-shadow     -O3 -std=c++11 -I/root/chipyard/esp-tools-install/include -I/root/chipyard/tools/DRAMSim2 -I/root/chipyard/sims/verilator/generated-src/chipyard.TestHarness.MLXCycleRocketConfig    -D__STDC_FORMAT_MACROS -DTEST_HARNESS=VTestHarness -DVERILATOR -include /root/chipyard/sims/verilator/generated-src/chipyard.TestHarness.MLXCycleRocketConfig/chipyard.TestHarness.MLXCycleRocketConfig.plusArgs -include /root/chipyard/sims/verilator/generated-src/chipyard.TestHarness.MLXCycleRocketConfig/verilator.h -include /root/chipyard/sims/verilator/generated-src/chipyard.TestHarness.MLXCycleRocketConfig/chipyard.TestHarness.MLXCycleRocketConfig/VTestHarness.h  -DVL_THREADED -std=gnu++14  -c -o VTestHarness__6__Slow.o VTestHarness__6__Slow.cpp
In file included from /usr/local/share/verilator/include/verilated.h:27,
                 from /usr/local/share/verilator/include/verilated_vcd_c.h:23,
                 from /root/chipyard/sims/verilator/generated-src/chipyard.TestHarness.MLXCycleRocketConfig/verilator.h:4,
                 from <command-line>:
/usr/local/share/verilator/include/verilatedos.h:252: warning: "__STDC_FORMAT_MACROS" redefined
  252 | #define __STDC_FORMAT_MACROS
      | 
<command-line>: note: this is the location of the previous definition
g++  -I.  -MMD -I/usr/local/share/verilator/include -I/usr/local/share/verilator/include/vltstd -DVM_COVERAGE=0 -DVM_SC=0 -DVM_TRACE=0 -faligned-new -Wno-bool-operation -Wno-sign-compare -Wno-uninitialized -Wno-unused-but-set-variable -Wno-unused-parameter -Wno-unused-variable -Wno-shadow     -O3 -std=c++11 -I/root/chipyard/esp-tools-install/include -I/root/chipyard/tools/DRAMSim2 -I/root/chipyard/sims/verilator/generated-src/chipyard.TestHarness.MLXCycleRocketConfig    -D__STDC_FORMAT_MACROS -DTEST_HARNESS=VTestHarness -DVERILATOR -include /root/chipyard/sims/verilator/generated-src/chipyard.TestHarness.MLXCycleRocketConfig/chipyard.TestHarness.MLXCycleRocketConfig.plusArgs -include /root/chipyard/sims/verilator/generated-src/chipyard.TestHarness.MLXCycleRocketConfig/verilator.h -include /root/chipyard/sims/verilator/generated-src/chipyard.TestHarness.MLXCycleRocketConfig/chipyard.TestHarness.MLXCycleRocketConfig/VTestHarness.h  -DVL_THREADED -std=gnu++14  -c -o VTestHarness__7__Slow.o VTestHarness__7__Slow.cpp
In file included from /usr/local/share/verilator/include/verilated.h:27,
                 from /usr/local/share/verilator/include/verilated_vcd_c.h:23,
                 from /root/chipyard/sims/verilator/generated-src/chipyard.TestHarness.MLXCycleRocketConfig/verilator.h:4,
                 from <command-line>:
/usr/local/share/verilator/include/verilatedos.h:252: warning: "__STDC_FORMAT_MACROS" redefined
  252 | #define __STDC_FORMAT_MACROS
      | 
<command-line>: note: this is the location of the previous definition
g++  -I.  -MMD -I/usr/local/share/verilator/include -I/usr/local/share/verilator/include/vltstd -DVM_COVERAGE=0 -DVM_SC=0 -DVM_TRACE=0 -faligned-new -Wno-bool-operation -Wno-sign-compare -Wno-uninitialized -Wno-unused-but-set-variable -Wno-unused-parameter -Wno-unused-variable -Wno-shadow     -O3 -std=c++11 -I/root/chipyard/esp-tools-install/include -I/root/chipyard/tools/DRAMSim2 -I/root/chipyard/sims/verilator/generated-src/chipyard.TestHarness.MLXCycleRocketConfig    -D__STDC_FORMAT_MACROS -DTEST_HARNESS=VTestHarness -DVERILATOR -include /root/chipyard/sims/verilator/generated-src/chipyard.TestHarness.MLXCycleRocketConfig/chipyard.TestHarness.MLXCycleRocketConfig.plusArgs -include /root/chipyard/sims/verilator/generated-src/chipyard.TestHarness.MLXCycleRocketConfig/verilator.h -include /root/chipyard/sims/verilator/generated-src/chipyard.TestHarness.MLXCycleRocketConfig/chipyard.TestHarness.MLXCycleRocketConfig/VTestHarness.h  -DVL_THREADED -std=gnu++14  -c -o VTestHarness__8__Slow.o VTestHarness__8__Slow.cpp
In file included from /usr/local/share/verilator/include/verilated.h:27,
                 from /usr/local/share/verilator/include/verilated_vcd_c.h:23,
                 from /root/chipyard/sims/verilator/generated-src/chipyard.TestHarness.MLXCycleRocketConfig/verilator.h:4,
                 from <command-line>:
/usr/local/share/verilator/include/verilatedos.h:252: warning: "__STDC_FORMAT_MACROS" redefined
  252 | #define __STDC_FORMAT_MACROS
      | 
<command-line>: note: this is the location of the previous definition
g++  -I.  -MMD -I/usr/local/share/verilator/include -I/usr/local/share/verilator/include/vltstd -DVM_COVERAGE=0 -DVM_SC=0 -DVM_TRACE=0 -faligned-new -Wno-bool-operation -Wno-sign-compare -Wno-uninitialized -Wno-unused-but-set-variable -Wno-unused-parameter -Wno-unused-variable -Wno-shadow     -O3 -std=c++11 -I/root/chipyard/esp-tools-install/include -I/root/chipyard/tools/DRAMSim2 -I/root/chipyard/sims/verilator/generated-src/chipyard.TestHarness.MLXCycleRocketConfig    -D__STDC_FORMAT_MACROS -DTEST_HARNESS=VTestHarness -DVERILATOR -include /root/chipyard/sims/verilator/generated-src/chipyard.TestHarness.MLXCycleRocketConfig/chipyard.TestHarness.MLXCycleRocketConfig.plusArgs -include /root/chipyard/sims/verilator/generated-src/chipyard.TestHarness.MLXCycleRocketConfig/verilator.h -include /root/chipyard/sims/verilator/generated-src/chipyard.TestHarness.MLXCycleRocketConfig/chipyard.TestHarness.MLXCycleRocketConfig/VTestHarness.h  -DVL_THREADED -std=gnu++14  -c -o VTestHarness__9__Slow.o VTestHarness__9__Slow.cpp
In file included from /usr/local/share/verilator/include/verilated.h:27,
                 from /usr/local/share/verilator/include/verilated_vcd_c.h:23,
                 from /root/chipyard/sims/verilator/generated-src/chipyard.TestHarness.MLXCycleRocketConfig/verilator.h:4,
                 from <command-line>:
/usr/local/share/verilator/include/verilatedos.h:252: warning: "__STDC_FORMAT_MACROS" redefined
  252 | #define __STDC_FORMAT_MACROS
      | 
<command-line>: note: this is the location of the previous definition
g++  -I.  -MMD -I/usr/local/share/verilator/include -I/usr/local/share/verilator/include/vltstd -DVM_COVERAGE=0 -DVM_SC=0 -DVM_TRACE=0 -faligned-new -Wno-bool-operation -Wno-sign-compare -Wno-uninitialized -Wno-unused-but-set-variable -Wno-unused-parameter -Wno-unused-variable -Wno-shadow     -O3 -std=c++11 -I/root/chipyard/esp-tools-install/include -I/root/chipyard/tools/DRAMSim2 -I/root/chipyard/sims/verilator/generated-src/chipyard.TestHarness.MLXCycleRocketConfig    -D__STDC_FORMAT_MACROS -DTEST_HARNESS=VTestHarness -DVERILATOR -include /root/chipyard/sims/verilator/generated-src/chipyard.TestHarness.MLXCycleRocketConfig/chipyard.TestHarness.MLXCycleRocketConfig.plusArgs -include /root/chipyard/sims/verilator/generated-src/chipyard.TestHarness.MLXCycleRocketConfig/verilator.h -include /root/chipyard/sims/verilator/generated-src/chipyard.TestHarness.MLXCycleRocketConfig/chipyard.TestHarness.MLXCycleRocketConfig/VTestHarness.h  -DVL_THREADED -std=gnu++14  -c -o VTestHarness__10__Slow.o VTestHarness__10__Slow.cpp
In file included from /usr/local/share/verilator/include/verilated.h:27,
                 from /usr/local/share/verilator/include/verilated_vcd_c.h:23,
                 from /root/chipyard/sims/verilator/generated-src/chipyard.TestHarness.MLXCycleRocketConfig/verilator.h:4,
                 from <command-line>:
/usr/local/share/verilator/include/verilatedos.h:252: warning: "__STDC_FORMAT_MACROS" redefined
  252 | #define __STDC_FORMAT_MACROS
      | 
<command-line>: note: this is the location of the previous definition
g++  -I.  -MMD -I/usr/local/share/verilator/include -I/usr/local/share/verilator/include/vltstd -DVM_COVERAGE=0 -DVM_SC=0 -DVM_TRACE=0 -faligned-new -Wno-bool-operation -Wno-sign-compare -Wno-uninitialized -Wno-unused-but-set-variable -Wno-unused-parameter -Wno-unused-variable -Wno-shadow     -O3 -std=c++11 -I/root/chipyard/esp-tools-install/include -I/root/chipyard/tools/DRAMSim2 -I/root/chipyard/sims/verilator/generated-src/chipyard.TestHarness.MLXCycleRocketConfig    -D__STDC_FORMAT_MACROS -DTEST_HARNESS=VTestHarness -DVERILATOR -include /root/chipyard/sims/verilator/generated-src/chipyard.TestHarness.MLXCycleRocketConfig/chipyard.TestHarness.MLXCycleRocketConfig.plusArgs -include /root/chipyard/sims/verilator/generated-src/chipyard.TestHarness.MLXCycleRocketConfig/verilator.h -include /root/chipyard/sims/verilator/generated-src/chipyard.TestHarness.MLXCycleRocketConfig/chipyard.TestHarness.MLXCycleRocketConfig/VTestHarness.h  -DVL_THREADED -std=gnu++14  -c -o VTestHarness__11__Slow.o VTestHarness__11__Slow.cpp
In file included from /usr/local/share/verilator/include/verilated.h:27,
                 from /usr/local/share/verilator/include/verilated_vcd_c.h:23,
                 from /root/chipyard/sims/verilator/generated-src/chipyard.TestHarness.MLXCycleRocketConfig/verilator.h:4,
                 from <command-line>:
/usr/local/share/verilator/include/verilatedos.h:252: warning: "__STDC_FORMAT_MACROS" redefined
  252 | #define __STDC_FORMAT_MACROS
      | 
<command-line>: note: this is the location of the previous definition
g++  -I.  -MMD -I/usr/local/share/verilator/include -I/usr/local/share/verilator/include/vltstd -DVM_COVERAGE=0 -DVM_SC=0 -DVM_TRACE=0 -faligned-new -Wno-bool-operation -Wno-sign-compare -Wno-uninitialized -Wno-unused-but-set-variable -Wno-unused-parameter -Wno-unused-variable -Wno-shadow     -O3 -std=c++11 -I/root/chipyard/esp-tools-install/include -I/root/chipyard/tools/DRAMSim2 -I/root/chipyard/sims/verilator/generated-src/chipyard.TestHarness.MLXCycleRocketConfig    -D__STDC_FORMAT_MACROS -DTEST_HARNESS=VTestHarness -DVERILATOR -include /root/chipyard/sims/verilator/generated-src/chipyard.TestHarness.MLXCycleRocketConfig/chipyard.TestHarness.MLXCycleRocketConfig.plusArgs -include /root/chipyard/sims/verilator/generated-src/chipyard.TestHarness.MLXCycleRocketConfig/verilator.h -include /root/chipyard/sims/verilator/generated-src/chipyard.TestHarness.MLXCycleRocketConfig/chipyard.TestHarness.MLXCycleRocketConfig/VTestHarness.h  -DVL_THREADED -std=gnu++14  -c -o VTestHarness__12__Slow.o VTestHarness__12__Slow.cpp
g++  -I.  -MMD -I/usr/local/share/verilator/include -I/usr/local/share/verilator/include/vltstd -DVM_COVERAGE=0 -DVM_SC=0 -DVM_TRACE=0 -faligned-new -Wno-bool-operation -Wno-sign-compare -Wno-uninitialized -Wno-unused-but-set-variable -Wno-unused-parameter -Wno-unused-variable -Wno-shadow     -O3 -std=c++11 -I/root/chipyard/esp-tools-install/include -I/root/chipyard/tools/DRAMSim2 -I/root/chipyard/sims/verilator/generated-src/chipyard.TestHarness.MLXCycleRocketConfig    -D__STDC_FORMAT_MACROS -DTEST_HARNESS=VTestHarness -DVERILATOR -include /root/chipyard/sims/verilator/generated-src/chipyard.TestHarness.MLXCycleRocketConfig/chipyard.TestHarness.MLXCycleRocketConfig.plusArgs -include /root/chipyard/sims/verilator/generated-src/chipyard.TestHarness.MLXCycleRocketConfig/verilator.h -include /root/chipyard/sims/verilator/generated-src/chipyard.TestHarness.MLXCycleRocketConfig/chipyard.TestHarness.MLXCycleRocketConfig/VTestHarness.h  -DVL_THREADED -std=gnu++14  -c -o VTestHarness__13__Slow.o VTestHarness__13__Slow.cpp
In file included from /usr/local/share/verilator/include/verilated.h:27,
                 from /usr/local/share/verilator/include/verilated_vcd_c.h:23,
                 from /root/chipyard/sims/verilator/generated-src/chipyard.TestHarness.MLXCycleRocketConfig/verilator.h:4,
                 from <command-line>:
/usr/local/share/verilator/include/verilatedos.h:252: warning: "__STDC_FORMAT_MACROS" redefined
  252 | #define __STDC_FORMAT_MACROS
      | 
<command-line>: note: this is the location of the previous definition
In file included from /usr/local/share/verilator/include/verilated.h:27,
                 from /usr/local/share/verilator/include/verilated_vcd_c.h:23,
                 from /root/chipyard/sims/verilator/generated-src/chipyard.TestHarness.MLXCycleRocketConfig/verilator.h:4,
                 from <command-line>:
/usr/local/share/verilator/include/verilatedos.h:252: warning: "__STDC_FORMAT_MACROS" redefined
  252 | #define __STDC_FORMAT_MACROS
      | 
<command-line>: note: this is the location of the previous definition
g++  -I.  -MMD -I/usr/local/share/verilator/include -I/usr/local/share/verilator/include/vltstd -DVM_COVERAGE=0 -DVM_SC=0 -DVM_TRACE=0 -faligned-new -Wno-bool-operation -Wno-sign-compare -Wno-uninitialized -Wno-unused-but-set-variable -Wno-unused-parameter -Wno-unused-variable -Wno-shadow     -O3 -std=c++11 -I/root/chipyard/esp-tools-install/include -I/root/chipyard/tools/DRAMSim2 -I/root/chipyard/sims/verilator/generated-src/chipyard.TestHarness.MLXCycleRocketConfig    -D__STDC_FORMAT_MACROS -DTEST_HARNESS=VTestHarness -DVERILATOR -include /root/chipyard/sims/verilator/generated-src/chipyard.TestHarness.MLXCycleRocketConfig/chipyard.TestHarness.MLXCycleRocketConfig.plusArgs -include /root/chipyard/sims/verilator/generated-src/chipyard.TestHarness.MLXCycleRocketConfig/verilator.h -include /root/chipyard/sims/verilator/generated-src/chipyard.TestHarness.MLXCycleRocketConfig/chipyard.TestHarness.MLXCycleRocketConfig/VTestHarness.h  -DVL_THREADED -std=gnu++14  -c -o VTestHarness__14__Slow.o VTestHarness__14__Slow.cpp
In file included from /usr/local/share/verilator/include/verilated.h:27,
                 from /usr/local/share/verilator/include/verilated_vcd_c.h:23,
                 from /root/chipyard/sims/verilator/generated-src/chipyard.TestHarness.MLXCycleRocketConfig/verilator.h:4,
                 from <command-line>:
/usr/local/share/verilator/include/verilatedos.h:252: warning: "__STDC_FORMAT_MACROS" redefined
  252 | #define __STDC_FORMAT_MACROS
      | 
<command-line>: note: this is the location of the previous definition
g++  -I.  -MMD -I/usr/local/share/verilator/include -I/usr/local/share/verilator/include/vltstd -DVM_COVERAGE=0 -DVM_SC=0 -DVM_TRACE=0 -faligned-new -Wno-bool-operation -Wno-sign-compare -Wno-uninitialized -Wno-unused-but-set-variable -Wno-unused-parameter -Wno-unused-variable -Wno-shadow     -O3 -std=c++11 -I/root/chipyard/esp-tools-install/include -I/root/chipyard/tools/DRAMSim2 -I/root/chipyard/sims/verilator/generated-src/chipyard.TestHarness.MLXCycleRocketConfig    -D__STDC_FORMAT_MACROS -DTEST_HARNESS=VTestHarness -DVERILATOR -include /root/chipyard/sims/verilator/generated-src/chipyard.TestHarness.MLXCycleRocketConfig/chipyard.TestHarness.MLXCycleRocketConfig.plusArgs -include /root/chipyard/sims/verilator/generated-src/chipyard.TestHarness.MLXCycleRocketConfig/verilator.h -include /root/chipyard/sims/verilator/generated-src/chipyard.TestHarness.MLXCycleRocketConfig/chipyard.TestHarness.MLXCycleRocketConfig/VTestHarness.h  -DVL_THREADED -std=gnu++14  -c -o VTestHarness__15__Slow.o VTestHarness__15__Slow.cpp
In file included from /usr/local/share/verilator/include/verilated.h:27,
                 from /usr/local/share/verilator/include/verilated_vcd_c.h:23,
                 from /root/chipyard/sims/verilator/generated-src/chipyard.TestHarness.MLXCycleRocketConfig/verilator.h:4,
                 from <command-line>:
/usr/local/share/verilator/include/verilatedos.h:252: warning: "__STDC_FORMAT_MACROS" redefined
  252 | #define __STDC_FORMAT_MACROS
      | 
<command-line>: note: this is the location of the previous definition
g++  -I.  -MMD -I/usr/local/share/verilator/include -I/usr/local/share/verilator/include/vltstd -DVM_COVERAGE=0 -DVM_SC=0 -DVM_TRACE=0 -faligned-new -Wno-bool-operation -Wno-sign-compare -Wno-uninitialized -Wno-unused-but-set-variable -Wno-unused-parameter -Wno-unused-variable -Wno-shadow     -O3 -std=c++11 -I/root/chipyard/esp-tools-install/include -I/root/chipyard/tools/DRAMSim2 -I/root/chipyard/sims/verilator/generated-src/chipyard.TestHarness.MLXCycleRocketConfig    -D__STDC_FORMAT_MACROS -DTEST_HARNESS=VTestHarness -DVERILATOR -include /root/chipyard/sims/verilator/generated-src/chipyard.TestHarness.MLXCycleRocketConfig/chipyard.TestHarness.MLXCycleRocketConfig.plusArgs -include /root/chipyard/sims/verilator/generated-src/chipyard.TestHarness.MLXCycleRocketConfig/verilator.h -include /root/chipyard/sims/verilator/generated-src/chipyard.TestHarness.MLXCycleRocketConfig/chipyard.TestHarness.MLXCycleRocketConfig/VTestHarness.h  -DVL_THREADED -std=gnu++14  -c -o VTestHarness__16__Slow.o VTestHarness__16__Slow.cpp
In file included from /usr/local/share/verilator/include/verilated.h:27,
                 from /usr/local/share/verilator/include/verilated_vcd_c.h:23,
                 from /root/chipyard/sims/verilator/generated-src/chipyard.TestHarness.MLXCycleRocketConfig/verilator.h:4,
                 from <command-line>:
/usr/local/share/verilator/include/verilatedos.h:252: warning: "__STDC_FORMAT_MACROS" redefined
  252 | #define __STDC_FORMAT_MACROS
      | 
<command-line>: note: this is the location of the previous definition
g++  -I.  -MMD -I/usr/local/share/verilator/include -I/usr/local/share/verilator/include/vltstd -DVM_COVERAGE=0 -DVM_SC=0 -DVM_TRACE=0 -faligned-new -Wno-bool-operation -Wno-sign-compare -Wno-uninitialized -Wno-unused-but-set-variable -Wno-unused-parameter -Wno-unused-variable -Wno-shadow     -O3 -std=c++11 -I/root/chipyard/esp-tools-install/include -I/root/chipyard/tools/DRAMSim2 -I/root/chipyard/sims/verilator/generated-src/chipyard.TestHarness.MLXCycleRocketConfig    -D__STDC_FORMAT_MACROS -DTEST_HARNESS=VTestHarness -DVERILATOR -include /root/chipyard/sims/verilator/generated-src/chipyard.TestHarness.MLXCycleRocketConfig/chipyard.TestHarness.MLXCycleRocketConfig.plusArgs -include /root/chipyard/sims/verilator/generated-src/chipyard.TestHarness.MLXCycleRocketConfig/verilator.h -include /root/chipyard/sims/verilator/generated-src/chipyard.TestHarness.MLXCycleRocketConfig/chipyard.TestHarness.MLXCycleRocketConfig/VTestHarness.h  -DVL_THREADED -std=gnu++14  -c -o VTestHarness__17__Slow.o VTestHarness__17__Slow.cpp
In file included from /usr/local/share/verilator/include/verilated.h:27,
                 from /usr/local/share/verilator/include/verilated_vcd_c.h:23,
                 from /root/chipyard/sims/verilator/generated-src/chipyard.TestHarness.MLXCycleRocketConfig/verilator.h:4,
                 from <command-line>:
/usr/local/share/verilator/include/verilatedos.h:252: warning: "__STDC_FORMAT_MACROS" redefined
  252 | #define __STDC_FORMAT_MACROS
      | 
<command-line>: note: this is the location of the previous definition
g++  -I.  -MMD -I/usr/local/share/verilator/include -I/usr/local/share/verilator/include/vltstd -DVM_COVERAGE=0 -DVM_SC=0 -DVM_TRACE=0 -faligned-new -Wno-bool-operation -Wno-sign-compare -Wno-uninitialized -Wno-unused-but-set-variable -Wno-unused-parameter -Wno-unused-variable -Wno-shadow     -O3 -std=c++11 -I/root/chipyard/esp-tools-install/include -I/root/chipyard/tools/DRAMSim2 -I/root/chipyard/sims/verilator/generated-src/chipyard.TestHarness.MLXCycleRocketConfig    -D__STDC_FORMAT_MACROS -DTEST_HARNESS=VTestHarness -DVERILATOR -include /root/chipyard/sims/verilator/generated-src/chipyard.TestHarness.MLXCycleRocketConfig/chipyard.TestHarness.MLXCycleRocketConfig.plusArgs -include /root/chipyard/sims/verilator/generated-src/chipyard.TestHarness.MLXCycleRocketConfig/verilator.h -include /root/chipyard/sims/verilator/generated-src/chipyard.TestHarness.MLXCycleRocketConfig/chipyard.TestHarness.MLXCycleRocketConfig/VTestHarness.h  -DVL_THREADED -std=gnu++14  -c -o VTestHarness__18__Slow.o VTestHarness__18__Slow.cpp
In file included from /usr/local/share/verilator/include/verilated.h:27,
                 from /usr/local/share/verilator/include/verilated_vcd_c.h:23,
                 from /root/chipyard/sims/verilator/generated-src/chipyard.TestHarness.MLXCycleRocketConfig/verilator.h:4,
                 from <command-line>:
/usr/local/share/verilator/include/verilatedos.h:252: warning: "__STDC_FORMAT_MACROS" redefined
  252 | #define __STDC_FORMAT_MACROS
      | 
<command-line>: note: this is the location of the previous definition
g++  -I.  -MMD -I/usr/local/share/verilator/include -I/usr/local/share/verilator/include/vltstd -DVM_COVERAGE=0 -DVM_SC=0 -DVM_TRACE=0 -faligned-new -Wno-bool-operation -Wno-sign-compare -Wno-uninitialized -Wno-unused-but-set-variable -Wno-unused-parameter -Wno-unused-variable -Wno-shadow     -O3 -std=c++11 -I/root/chipyard/esp-tools-install/include -I/root/chipyard/tools/DRAMSim2 -I/root/chipyard/sims/verilator/generated-src/chipyard.TestHarness.MLXCycleRocketConfig    -D__STDC_FORMAT_MACROS -DTEST_HARNESS=VTestHarness -DVERILATOR -include /root/chipyard/sims/verilator/generated-src/chipyard.TestHarness.MLXCycleRocketConfig/chipyard.TestHarness.MLXCycleRocketConfig.plusArgs -include /root/chipyard/sims/verilator/generated-src/chipyard.TestHarness.MLXCycleRocketConfig/verilator.h -include /root/chipyard/sims/verilator/generated-src/chipyard.TestHarness.MLXCycleRocketConfig/chipyard.TestHarness.MLXCycleRocketConfig/VTestHarness.h  -DVL_THREADED -std=gnu++14  -c -o VTestHarness__19__Slow.o VTestHarness__19__Slow.cpp
In file included from /usr/local/share/verilator/include/verilated.h:27,
                 from /usr/local/share/verilator/include/verilated_vcd_c.h:23,
                 from /root/chipyard/sims/verilator/generated-src/chipyard.TestHarness.MLXCycleRocketConfig/verilator.h:4,
                 from <command-line>:
/usr/local/share/verilator/include/verilatedos.h:252: warning: "__STDC_FORMAT_MACROS" redefined
  252 | #define __STDC_FORMAT_MACROS
      | 
<command-line>: note: this is the location of the previous definition
g++  -I.  -MMD -I/usr/local/share/verilator/include -I/usr/local/share/verilator/include/vltstd -DVM_COVERAGE=0 -DVM_SC=0 -DVM_TRACE=0 -faligned-new -Wno-bool-operation -Wno-sign-compare -Wno-uninitialized -Wno-unused-but-set-variable -Wno-unused-parameter -Wno-unused-variable -Wno-shadow     -O3 -std=c++11 -I/root/chipyard/esp-tools-install/include -I/root/chipyard/tools/DRAMSim2 -I/root/chipyard/sims/verilator/generated-src/chipyard.TestHarness.MLXCycleRocketConfig    -D__STDC_FORMAT_MACROS -DTEST_HARNESS=VTestHarness -DVERILATOR -include /root/chipyard/sims/verilator/generated-src/chipyard.TestHarness.MLXCycleRocketConfig/chipyard.TestHarness.MLXCycleRocketConfig.plusArgs -include /root/chipyard/sims/verilator/generated-src/chipyard.TestHarness.MLXCycleRocketConfig/verilator.h -include /root/chipyard/sims/verilator/generated-src/chipyard.TestHarness.MLXCycleRocketConfig/chipyard.TestHarness.MLXCycleRocketConfig/VTestHarness.h  -DVL_THREADED -std=gnu++14  -c -o VTestHarness__20__Slow.o VTestHarness__20__Slow.cpp
In file included from /usr/local/share/verilator/include/verilated.h:27,
                 from /usr/local/share/verilator/include/verilated_vcd_c.h:23,
                 from /root/chipyard/sims/verilator/generated-src/chipyard.TestHarness.MLXCycleRocketConfig/verilator.h:4,
                 from <command-line>:
/usr/local/share/verilator/include/verilatedos.h:252: warning: "__STDC_FORMAT_MACROS" redefined
  252 | #define __STDC_FORMAT_MACROS
      | 
<command-line>: note: this is the location of the previous definition
g++  -I.  -MMD -I/usr/local/share/verilator/include -I/usr/local/share/verilator/include/vltstd -DVM_COVERAGE=0 -DVM_SC=0 -DVM_TRACE=0 -faligned-new -Wno-bool-operation -Wno-sign-compare -Wno-uninitialized -Wno-unused-but-set-variable -Wno-unused-parameter -Wno-unused-variable -Wno-shadow     -O3 -std=c++11 -I/root/chipyard/esp-tools-install/include -I/root/chipyard/tools/DRAMSim2 -I/root/chipyard/sims/verilator/generated-src/chipyard.TestHarness.MLXCycleRocketConfig    -D__STDC_FORMAT_MACROS -DTEST_HARNESS=VTestHarness -DVERILATOR -include /root/chipyard/sims/verilator/generated-src/chipyard.TestHarness.MLXCycleRocketConfig/chipyard.TestHarness.MLXCycleRocketConfig.plusArgs -include /root/chipyard/sims/verilator/generated-src/chipyard.TestHarness.MLXCycleRocketConfig/verilator.h -include /root/chipyard/sims/verilator/generated-src/chipyard.TestHarness.MLXCycleRocketConfig/chipyard.TestHarness.MLXCycleRocketConfig/VTestHarness.h  -DVL_THREADED -std=gnu++14  -c -o VTestHarness__21__Slow.o VTestHarness__21__Slow.cpp
In file included from /usr/local/share/verilator/include/verilated.h:27,
                 from /usr/local/share/verilator/include/verilated_vcd_c.h:23,
                 from /root/chipyard/sims/verilator/generated-src/chipyard.TestHarness.MLXCycleRocketConfig/verilator.h:4,
                 from <command-line>:
/usr/local/share/verilator/include/verilatedos.h:252: warning: "__STDC_FORMAT_MACROS" redefined
  252 | #define __STDC_FORMAT_MACROS
      | 
<command-line>: note: this is the location of the previous definition
g++  -I.  -MMD -I/usr/local/share/verilator/include -I/usr/local/share/verilator/include/vltstd -DVM_COVERAGE=0 -DVM_SC=0 -DVM_TRACE=0 -faligned-new -Wno-bool-operation -Wno-sign-compare -Wno-uninitialized -Wno-unused-but-set-variable -Wno-unused-parameter -Wno-unused-variable -Wno-shadow     -O3 -std=c++11 -I/root/chipyard/esp-tools-install/include -I/root/chipyard/tools/DRAMSim2 -I/root/chipyard/sims/verilator/generated-src/chipyard.TestHarness.MLXCycleRocketConfig    -D__STDC_FORMAT_MACROS -DTEST_HARNESS=VTestHarness -DVERILATOR -include /root/chipyard/sims/verilator/generated-src/chipyard.TestHarness.MLXCycleRocketConfig/chipyard.TestHarness.MLXCycleRocketConfig.plusArgs -include /root/chipyard/sims/verilator/generated-src/chipyard.TestHarness.MLXCycleRocketConfig/verilator.h -include /root/chipyard/sims/verilator/generated-src/chipyard.TestHarness.MLXCycleRocketConfig/chipyard.TestHarness.MLXCycleRocketConfig/VTestHarness.h  -DVL_THREADED -std=gnu++14  -c -o VTestHarness__22__Slow.o VTestHarness__22__Slow.cpp
In file included from /usr/local/share/verilator/include/verilated.h:27,
                 from /usr/local/share/verilator/include/verilated_vcd_c.h:23,
                 from /root/chipyard/sims/verilator/generated-src/chipyard.TestHarness.MLXCycleRocketConfig/verilator.h:4,
                 from <command-line>:
/usr/local/share/verilator/include/verilatedos.h:252: warning: "__STDC_FORMAT_MACROS" redefined
  252 | #define __STDC_FORMAT_MACROS
      | 
<command-line>: note: this is the location of the previous definition
g++  -I.  -MMD -I/usr/local/share/verilator/include -I/usr/local/share/verilator/include/vltstd -DVM_COVERAGE=0 -DVM_SC=0 -DVM_TRACE=0 -faligned-new -Wno-bool-operation -Wno-sign-compare -Wno-uninitialized -Wno-unused-but-set-variable -Wno-unused-parameter -Wno-unused-variable -Wno-shadow     -O3 -std=c++11 -I/root/chipyard/esp-tools-install/include -I/root/chipyard/tools/DRAMSim2 -I/root/chipyard/sims/verilator/generated-src/chipyard.TestHarness.MLXCycleRocketConfig    -D__STDC_FORMAT_MACROS -DTEST_HARNESS=VTestHarness -DVERILATOR -include /root/chipyard/sims/verilator/generated-src/chipyard.TestHarness.MLXCycleRocketConfig/chipyard.TestHarness.MLXCycleRocketConfig.plusArgs -include /root/chipyard/sims/verilator/generated-src/chipyard.TestHarness.MLXCycleRocketConfig/verilator.h -include /root/chipyard/sims/verilator/generated-src/chipyard.TestHarness.MLXCycleRocketConfig/chipyard.TestHarness.MLXCycleRocketConfig/VTestHarness.h  -DVL_THREADED -std=gnu++14  -c -o VTestHarness__23__Slow.o VTestHarness__23__Slow.cpp
In file included from /usr/local/share/verilator/include/verilated.h:27,
                 from /usr/local/share/verilator/include/verilated_vcd_c.h:23,
                 from /root/chipyard/sims/verilator/generated-src/chipyard.TestHarness.MLXCycleRocketConfig/verilator.h:4,
                 from <command-line>:
/usr/local/share/verilator/include/verilatedos.h:252: warning: "__STDC_FORMAT_MACROS" redefined
  252 | #define __STDC_FORMAT_MACROS
      | 
<command-line>: note: this is the location of the previous definition
g++  -I.  -MMD -I/usr/local/share/verilator/include -I/usr/local/share/verilator/include/vltstd -DVM_COVERAGE=0 -DVM_SC=0 -DVM_TRACE=0 -faligned-new -Wno-bool-operation -Wno-sign-compare -Wno-uninitialized -Wno-unused-but-set-variable -Wno-unused-parameter -Wno-unused-variable -Wno-shadow     -O3 -std=c++11 -I/root/chipyard/esp-tools-install/include -I/root/chipyard/tools/DRAMSim2 -I/root/chipyard/sims/verilator/generated-src/chipyard.TestHarness.MLXCycleRocketConfig    -D__STDC_FORMAT_MACROS -DTEST_HARNESS=VTestHarness -DVERILATOR -include /root/chipyard/sims/verilator/generated-src/chipyard.TestHarness.MLXCycleRocketConfig/chipyard.TestHarness.MLXCycleRocketConfig.plusArgs -include /root/chipyard/sims/verilator/generated-src/chipyard.TestHarness.MLXCycleRocketConfig/verilator.h -include /root/chipyard/sims/verilator/generated-src/chipyard.TestHarness.MLXCycleRocketConfig/chipyard.TestHarness.MLXCycleRocketConfig/VTestHarness.h  -DVL_THREADED -std=gnu++14  -c -o VTestHarness__24__Slow.o VTestHarness__24__Slow.cpp
In file included from /usr/local/share/verilator/include/verilated.h:27,
                 from /usr/local/share/verilator/include/verilated_vcd_c.h:23,
                 from /root/chipyard/sims/verilator/generated-src/chipyard.TestHarness.MLXCycleRocketConfig/verilator.h:4,
                 from <command-line>:
/usr/local/share/verilator/include/verilatedos.h:252: warning: "__STDC_FORMAT_MACROS" redefined
  252 | #define __STDC_FORMAT_MACROS
      | 
<command-line>: note: this is the location of the previous definition
g++  -I.  -MMD -I/usr/local/share/verilator/include -I/usr/local/share/verilator/include/vltstd -DVM_COVERAGE=0 -DVM_SC=0 -DVM_TRACE=0 -faligned-new -Wno-bool-operation -Wno-sign-compare -Wno-uninitialized -Wno-unused-but-set-variable -Wno-unused-parameter -Wno-unused-variable -Wno-shadow     -O3 -std=c++11 -I/root/chipyard/esp-tools-install/include -I/root/chipyard/tools/DRAMSim2 -I/root/chipyard/sims/verilator/generated-src/chipyard.TestHarness.MLXCycleRocketConfig    -D__STDC_FORMAT_MACROS -DTEST_HARNESS=VTestHarness -DVERILATOR -include /root/chipyard/sims/verilator/generated-src/chipyard.TestHarness.MLXCycleRocketConfig/chipyard.TestHarness.MLXCycleRocketConfig.plusArgs -include /root/chipyard/sims/verilator/generated-src/chipyard.TestHarness.MLXCycleRocketConfig/verilator.h -include /root/chipyard/sims/verilator/generated-src/chipyard.TestHarness.MLXCycleRocketConfig/chipyard.TestHarness.MLXCycleRocketConfig/VTestHarness.h  -DVL_THREADED -std=gnu++14  -c -o VTestHarness__25__Slow.o VTestHarness__25__Slow.cpp
In file included from /usr/local/share/verilator/include/verilated.h:27,
                 from /usr/local/share/verilator/include/verilated_vcd_c.h:23,
                 from /root/chipyard/sims/verilator/generated-src/chipyard.TestHarness.MLXCycleRocketConfig/verilator.h:4,
                 from <command-line>:
/usr/local/share/verilator/include/verilatedos.h:252: warning: "__STDC_FORMAT_MACROS" redefined
  252 | #define __STDC_FORMAT_MACROS
      | 
<command-line>: note: this is the location of the previous definition
g++  -I.  -MMD -I/usr/local/share/verilator/include -I/usr/local/share/verilator/include/vltstd -DVM_COVERAGE=0 -DVM_SC=0 -DVM_TRACE=0 -faligned-new -Wno-bool-operation -Wno-sign-compare -Wno-uninitialized -Wno-unused-but-set-variable -Wno-unused-parameter -Wno-unused-variable -Wno-shadow     -O3 -std=c++11 -I/root/chipyard/esp-tools-install/include -I/root/chipyard/tools/DRAMSim2 -I/root/chipyard/sims/verilator/generated-src/chipyard.TestHarness.MLXCycleRocketConfig    -D__STDC_FORMAT_MACROS -DTEST_HARNESS=VTestHarness -DVERILATOR -include /root/chipyard/sims/verilator/generated-src/chipyard.TestHarness.MLXCycleRocketConfig/chipyard.TestHarness.MLXCycleRocketConfig.plusArgs -include /root/chipyard/sims/verilator/generated-src/chipyard.TestHarness.MLXCycleRocketConfig/verilator.h -include /root/chipyard/sims/verilator/generated-src/chipyard.TestHarness.MLXCycleRocketConfig/chipyard.TestHarness.MLXCycleRocketConfig/VTestHarness.h  -DVL_THREADED -std=gnu++14  -c -o VTestHarness__26__Slow.o VTestHarness__26__Slow.cpp
In file included from /usr/local/share/verilator/include/verilated.h:27,
                 from /usr/local/share/verilator/include/verilated_vcd_c.h:23,
                 from /root/chipyard/sims/verilator/generated-src/chipyard.TestHarness.MLXCycleRocketConfig/verilator.h:4,
                 from <command-line>:
/usr/local/share/verilator/include/verilatedos.h:252: warning: "__STDC_FORMAT_MACROS" redefined
  252 | #define __STDC_FORMAT_MACROS
      | 
<command-line>: note: this is the location of the previous definition
g++  -I.  -MMD -I/usr/local/share/verilator/include -I/usr/local/share/verilator/include/vltstd -DVM_COVERAGE=0 -DVM_SC=0 -DVM_TRACE=0 -faligned-new -Wno-bool-operation -Wno-sign-compare -Wno-uninitialized -Wno-unused-but-set-variable -Wno-unused-parameter -Wno-unused-variable -Wno-shadow     -O3 -std=c++11 -I/root/chipyard/esp-tools-install/include -I/root/chipyard/tools/DRAMSim2 -I/root/chipyard/sims/verilator/generated-src/chipyard.TestHarness.MLXCycleRocketConfig    -D__STDC_FORMAT_MACROS -DTEST_HARNESS=VTestHarness -DVERILATOR -include /root/chipyard/sims/verilator/generated-src/chipyard.TestHarness.MLXCycleRocketConfig/chipyard.TestHarness.MLXCycleRocketConfig.plusArgs -include /root/chipyard/sims/verilator/generated-src/chipyard.TestHarness.MLXCycleRocketConfig/verilator.h -include /root/chipyard/sims/verilator/generated-src/chipyard.TestHarness.MLXCycleRocketConfig/chipyard.TestHarness.MLXCycleRocketConfig/VTestHarness.h  -DVL_THREADED -std=gnu++14  -c -o VTestHarness__27__Slow.o VTestHarness__27__Slow.cpp
In file included from /usr/local/share/verilator/include/verilated.h:27,
                 from /usr/local/share/verilator/include/verilated_vcd_c.h:23,
                 from /root/chipyard/sims/verilator/generated-src/chipyard.TestHarness.MLXCycleRocketConfig/verilator.h:4,
                 from <command-line>:
/usr/local/share/verilator/include/verilatedos.h:252: warning: "__STDC_FORMAT_MACROS" redefined
  252 | #define __STDC_FORMAT_MACROS
      | 
<command-line>: note: this is the location of the previous definition
g++  -I.  -MMD -I/usr/local/share/verilator/include -I/usr/local/share/verilator/include/vltstd -DVM_COVERAGE=0 -DVM_SC=0 -DVM_TRACE=0 -faligned-new -Wno-bool-operation -Wno-sign-compare -Wno-uninitialized -Wno-unused-but-set-variable -Wno-unused-parameter -Wno-unused-variable -Wno-shadow     -O3 -std=c++11 -I/root/chipyard/esp-tools-install/include -I/root/chipyard/tools/DRAMSim2 -I/root/chipyard/sims/verilator/generated-src/chipyard.TestHarness.MLXCycleRocketConfig    -D__STDC_FORMAT_MACROS -DTEST_HARNESS=VTestHarness -DVERILATOR -include /root/chipyard/sims/verilator/generated-src/chipyard.TestHarness.MLXCycleRocketConfig/chipyard.TestHarness.MLXCycleRocketConfig.plusArgs -include /root/chipyard/sims/verilator/generated-src/chipyard.TestHarness.MLXCycleRocketConfig/verilator.h -include /root/chipyard/sims/verilator/generated-src/chipyard.TestHarness.MLXCycleRocketConfig/chipyard.TestHarness.MLXCycleRocketConfig/VTestHarness.h  -DVL_THREADED -std=gnu++14  -c -o VTestHarness___024unit__Slow.o VTestHarness___024unit__Slow.cpp
In file included from /usr/local/share/verilator/include/verilated.h:27,
                 from /usr/local/share/verilator/include/verilated_vcd_c.h:23,
                 from /root/chipyard/sims/verilator/generated-src/chipyard.TestHarness.MLXCycleRocketConfig/verilator.h:4,
                 from <command-line>:
/usr/local/share/verilator/include/verilatedos.h:252: warning: "__STDC_FORMAT_MACROS" redefined
  252 | #define __STDC_FORMAT_MACROS
      | 
<command-line>: note: this is the location of the previous definition
g++  -I.  -MMD -I/usr/local/share/verilator/include -I/usr/local/share/verilator/include/vltstd -DVM_COVERAGE=0 -DVM_SC=0 -DVM_TRACE=0 -faligned-new -Wno-bool-operation -Wno-sign-compare -Wno-uninitialized -Wno-unused-but-set-variable -Wno-unused-parameter -Wno-unused-variable -Wno-shadow     -O3 -std=c++11 -I/root/chipyard/esp-tools-install/include -I/root/chipyard/tools/DRAMSim2 -I/root/chipyard/sims/verilator/generated-src/chipyard.TestHarness.MLXCycleRocketConfig    -D__STDC_FORMAT_MACROS -DTEST_HARNESS=VTestHarness -DVERILATOR -include /root/chipyard/sims/verilator/generated-src/chipyard.TestHarness.MLXCycleRocketConfig/chipyard.TestHarness.MLXCycleRocketConfig.plusArgs -include /root/chipyard/sims/verilator/generated-src/chipyard.TestHarness.MLXCycleRocketConfig/verilator.h -include /root/chipyard/sims/verilator/generated-src/chipyard.TestHarness.MLXCycleRocketConfig/chipyard.TestHarness.MLXCycleRocketConfig/VTestHarness.h  -DVL_THREADED -std=gnu++14  -c -o VTestHarness__Dpi.o VTestHarness__Dpi.cpp
In file included from /usr/local/share/verilator/include/verilated.h:27,
                 from /usr/local/share/verilator/include/verilated_vcd_c.h:23,
                 from /root/chipyard/sims/verilator/generated-src/chipyard.TestHarness.MLXCycleRocketConfig/verilator.h:4,
                 from <command-line>:
/usr/local/share/verilator/include/verilatedos.h:252: warning: "__STDC_FORMAT_MACROS" redefined
  252 | #define __STDC_FORMAT_MACROS
      | 
<command-line>: note: this is the location of the previous definition
g++  -I.  -MMD -I/usr/local/share/verilator/include -I/usr/local/share/verilator/include/vltstd -DVM_COVERAGE=0 -DVM_SC=0 -DVM_TRACE=0 -faligned-new -Wno-bool-operation -Wno-sign-compare -Wno-uninitialized -Wno-unused-but-set-variable -Wno-unused-parameter -Wno-unused-variable -Wno-shadow     -O3 -std=c++11 -I/root/chipyard/esp-tools-install/include -I/root/chipyard/tools/DRAMSim2 -I/root/chipyard/sims/verilator/generated-src/chipyard.TestHarness.MLXCycleRocketConfig    -D__STDC_FORMAT_MACROS -DTEST_HARNESS=VTestHarness -DVERILATOR -include /root/chipyard/sims/verilator/generated-src/chipyard.TestHarness.MLXCycleRocketConfig/chipyard.TestHarness.MLXCycleRocketConfig.plusArgs -include /root/chipyard/sims/verilator/generated-src/chipyard.TestHarness.MLXCycleRocketConfig/verilator.h -include /root/chipyard/sims/verilator/generated-src/chipyard.TestHarness.MLXCycleRocketConfig/chipyard.TestHarness.MLXCycleRocketConfig/VTestHarness.h  -DVL_THREADED -std=gnu++14  -c -o VTestHarness__Syms.o VTestHarness__Syms.cpp
In file included from /usr/local/share/verilator/include/verilated.h:27,
                 from /usr/local/share/verilator/include/verilated_vcd_c.h:23,
                 from /root/chipyard/sims/verilator/generated-src/chipyard.TestHarness.MLXCycleRocketConfig/verilator.h:4,
                 from <command-line>:
/usr/local/share/verilator/include/verilatedos.h:252: warning: "__STDC_FORMAT_MACROS" redefined
  252 | #define __STDC_FORMAT_MACROS
      | 
<command-line>: note: this is the location of the previous definition
g++  -I.  -MMD -I/usr/local/share/verilator/include -I/usr/local/share/verilator/include/vltstd -DVM_COVERAGE=0 -DVM_SC=0 -DVM_TRACE=0 -faligned-new -Wno-bool-operation -Wno-sign-compare -Wno-uninitialized -Wno-unused-but-set-variable -Wno-unused-parameter -Wno-unused-variable -Wno-shadow     -O3 -std=c++11 -I/root/chipyard/esp-tools-install/include -I/root/chipyard/tools/DRAMSim2 -I/root/chipyard/sims/verilator/generated-src/chipyard.TestHarness.MLXCycleRocketConfig    -D__STDC_FORMAT_MACROS -DTEST_HARNESS=VTestHarness -DVERILATOR -include /root/chipyard/sims/verilator/generated-src/chipyard.TestHarness.MLXCycleRocketConfig/chipyard.TestHarness.MLXCycleRocketConfig.plusArgs -include /root/chipyard/sims/verilator/generated-src/chipyard.TestHarness.MLXCycleRocketConfig/verilator.h -include /root/chipyard/sims/verilator/generated-src/chipyard.TestHarness.MLXCycleRocketConfig/chipyard.TestHarness.MLXCycleRocketConfig/VTestHarness.h  -DVL_THREADED -std=gnu++14  -c -o VTestHarness__Syms__1.o VTestHarness__Syms__1.cpp
In file included from /usr/local/share/verilator/include/verilated.h:27,
                 from /usr/local/share/verilator/include/verilated_vcd_c.h:23,
                 from /root/chipyard/sims/verilator/generated-src/chipyard.TestHarness.MLXCycleRocketConfig/verilator.h:4,
                 from <command-line>:
/usr/local/share/verilator/include/verilatedos.h:252: warning: "__STDC_FORMAT_MACROS" redefined
  252 | #define __STDC_FORMAT_MACROS
      | 
<command-line>: note: this is the location of the previous definition
ar -cr VTestHarness__ALL.a VTestHarness.o VTestHarness__1.o VTestHarness__2.o VTestHarness__3.o VTestHarness__4.o VTestHarness__5.o VTestHarness__6.o VTestHarness__7.o VTestHarness__8.o VTestHarness__9.o VTestHarness__10.o VTestHarness__11.o VTestHarness__12.o VTestHarness__13.o VTestHarness__14.o VTestHarness__15.o VTestHarness__16.o VTestHarness__17.o VTestHarness__18.o VTestHarness__19.o VTestHarness__20.o VTestHarness__21.o VTestHarness__22.o VTestHarness__23.o VTestHarness__24.o VTestHarness__25.o VTestHarness__26.o VTestHarness__27.o VTestHarness__28.o VTestHarness__29.o VTestHarness__30.o VTestHarness__31.o VTestHarness__32.o VTestHarness__33.o VTestHarness__34.o VTestHarness__35.o VTestHarness__36.o VTestHarness__37.o VTestHarness__38.o VTestHarness__39.o VTestHarness__40.o VTestHarness__41.o VTestHarness__42.o VTestHarness__43.o VTestHarness__44.o VTestHarness__45.o VTestHarness__46.o VTestHarness__47.o VTestHarness__48.o VTestHarness__49.o VTestHarness__50.o VTestHarness__51.o VTestHarness__52.o VTestHarness__53.o VTestHarness__54.o VTestHarness__55.o VTestHarness__56.o VTestHarness__57.o VTestHarness__58.o VTestHarness__59.o VTestHarness__60.o VTestHarness__61.o VTestHarness__62.o VTestHarness__63.o VTestHarness__64.o VTestHarness__65.o VTestHarness__66.o VTestHarness__67.o VTestHarness__68.o VTestHarness__69.o VTestHarness__70.o VTestHarness__71.o VTestHarness__72.o VTestHarness__73.o VTestHarness__74.o VTestHarness__75.o VTestHarness__76.o VTestHarness__77.o VTestHarness__78.o VTestHarness__79.o VTestHarness___024unit.o VTestHarness__Slow.o VTestHarness__1__Slow.o VTestHarness__2__Slow.o VTestHarness__3__Slow.o VTestHarness__4__Slow.o VTestHarness__5__Slow.o VTestHarness__6__Slow.o VTestHarness__7__Slow.o VTestHarness__8__Slow.o VTestHarness__9__Slow.o VTestHarness__10__Slow.o VTestHarness__11__Slow.o VTestHarness__12__Slow.o VTestHarness__13__Slow.o VTestHarness__14__Slow.o VTestHarness__15__Slow.o VTestHarness__16__Slow.o VTestHarness__17__Slow.o VTestHarness__18__Slow.o VTestHarness__19__Slow.o VTestHarness__20__Slow.o VTestHarness__21__Slow.o VTestHarness__22__Slow.o VTestHarness__23__Slow.o VTestHarness__24__Slow.o VTestHarness__25__Slow.o VTestHarness__26__Slow.o VTestHarness__27__Slow.o VTestHarness___024unit__Slow.o VTestHarness__Dpi.o VTestHarness__Syms.o VTestHarness__Syms__1.o
ranlib VTestHarness__ALL.a
g++    SimDRAM.o SimDTM.o SimJTAG.o SimSerial.o SimUART.o emulator.o mm.o mm_dramsim2.o remote_bitbang.o testchip_tsi.o uart.o verilated.o verilated_dpi.o verilated_vpi.o VTestHarness__ALL.a   -L/root/chipyard/esp-tools-install/lib -Wl,-rpath,/root/chipyard/esp-tools-install/lib -L/root/chipyard/sims/verilator -L/root/chipyard/tools/DRAMSim2 -lfesvr -ldramsim  -pthread -lpthread -latomic -o /root/chipyard/sims/verilator/simulator-chipyard-MLXCycleRocketConfig  
make[1]: Leaving directory '/root/chipyard/sims/verilator/generated-src/chipyard.TestHarness.MLXCycleRocketConfig/chipyard.TestHarness.MLXCycleRocketConfig'
make: Leaving directory '/root/chipyard/sims/verilator'
