workload,matrix_size,process,matched_kernel_family,kernel_family_instance_count,ncu_status,ncu_profiled_kernel_names,first_launch_order,sm_throughput_pct,tensor_pipe_active_pct,dram_cycles_active_pct,dram_bw_pct_of_peak,l2_throughput_pct,l2_hit_rate_pct,achieved_occupancy_pct,waves_per_sm,gemm_tflops_from_replay,dominant_stalls,hardware_bottleneck_interpretation
planner_debate,,,elementwise_other,27,profiled,"void <unnamed>::elementwise_kernel_with_index<int, at::arang",2,0.02,0.0,1.71,0.0,3.78,89.3,8.29,0.0,,,"latency/launch-bound: 0.00 waves per SM, no unit above 30 % of peak"
planner_debate,,,copy,27,profiled,void at::unrolled_elementwise_kernel<at::direct_copy_kernel_,3,0.02,0.0,1.56,0.0,3.48,89.03,8.03,0.0,,,"latency/launch-bound: 0.00 waves per SM, no unit above 30 % of peak"
planner_debate,,,gemv,9,profiled,"void gemmk1_kernel<int, float, 256, 5, 0, 0, 0, 0, cublasGem",4,0.79,0.0,0.4,0.0,2.72,95.68,16.26,0.03,,,"latency/launch-bound: 0.03 waves per SM, no unit above 30 % of peak"
planner_debate,,,concat,9,profiled,void at::<unnamed>::CatArrayBatchedCopy<at::<unnamed>::Opaqu,5,7.82,0.0,2.64,0.0,4.78,80.62,65.87,1.33,,,"underutilised: SM 8 %, DRAM 3 %, L2 5 %, occ 73 %"
planner_debate,,,elementwise_binary,18,profiled,"void at::vectorized_elementwise_kernel<4, at::AUnaryFunctor<",7,0.25,0.0,7.52,0.0,3.45,58.4,8.02,0.03,,,"latency/launch-bound: 0.03 waves per SM, no unit above 30 % of peak"
planner_debate,1024,mir_operator:prefill_embed,other,3,profiled,"void at::vectorized_gather_kernel<16, long>(char *, char *, ",116785,5.81,0.0,9.84,0.0,32.09,92.73,49.89,0.67,,,"underutilised: SM 6 %, DRAM 10 %, L2 32 %, occ 50 %"
planner_debate,1024,mir_operator:prefill_layer00,copy,24,profiled,void at::unrolled_elementwise_kernel<at::direct_copy_kernel_,116796,8.29,0.0,44.95,0.0,27.91,53.41,50.6,0.83,,,"underutilised: SM 20 %, DRAM 34 %, L2 32 %, occ 64 %"
planner_debate,1024,mir_operator:prefill_layer00,elementwise_unary,24,profiled,"void at::vectorized_elementwise_kernel<4, void at::<unnamed>",116797,0.77,0.0,25.21,0.0,11.96,61.8,14.67,0.15,,,DRAM-bandwidth-bound
planner_debate,1024,mir_operator:prefill_layer00,reduce,12,profiled,"void at::reduce_kernel<512, 1, at::ReduceOp<float, at::MeanO",116798,6.41,0.0,49.85,0.0,19.26,13.64,44.82,0.34,,,"underutilised: SM 2 %, DRAM 49 %, L2 18 %, occ 33 %"
planner_debate,1024,mir_operator:prefill_layer00,elementwise_binary,51,profiled,"void at::vectorized_elementwise_kernel<4, at::CUDAFunctorOnS",116799,16.47,0.0,38.7,0.0,22.86,55.95,65.68,1.17,,,"latency/launch-bound: 0.00 waves per SM, no unit above 30 % of peak"
planner_debate,1024,mir_operator:prefill_layer00,gemm,21,profiled,ampere_bf16_s16816gemm_bf16_128x64_ldg8_f2f_stages_64x3_tn,116804,37.04,41.73,31.53,0.0,66.48,90.82,13.94,1.0,,,tensor-core compute-bound
planner_debate,1024,mir_operator:prefill_layer00,elementwise_other,21,profiled,"void at::elementwise_kernel<128, 4, void at::gpu_kernel_impl",116824,13.61,0.0,59.19,0.0,23.36,38.84,51.19,0.67,,,"underutilised: SM 14 %, DRAM 31 %, L2 18 %, occ 53 %"
planner_debate,1024,mir_operator:prefill_layer00,concat,12,profiled,void at::<unnamed>::CatArrayBatchedCopy<at::<unnamed>::Opaqu,116825,28.39,0.0,20.27,0.0,12.42,53.55,69.86,1.33,,,"underutilised: SM 39 %, DRAM 26 %, L2 16 %, occ 76 %"
planner_debate,1024,mir_operator:prefill_layer00,attention,6,profiled,void pytorch_flash::flash_fwd_splitkv_kernel<Flash_fwd_kerne,116835,22.4,12.17,31.69,0.0,26.49,54.89,33.78,1.89,,,"underutilised: SM 18 %, DRAM 19 %, L2 30 %, occ 8 %"
planner_debate,1024,mir_operator:prefill_layer01,copy,24,profiled,void at::unrolled_elementwise_kernel<at::direct_copy_kernel_,116854,4.1,0.0,45.23,0.0,27.56,51.48,50.54,0.83,,,"underutilised: SM 20 %, DRAM 35 %, L2 32 %, occ 64 %"
planner_debate,1024,mir_operator:prefill_layer01,elementwise_unary,24,profiled,"void at::vectorized_elementwise_kernel<4, void at::<unnamed>",116855,0.79,0.0,24.93,0.0,16.71,52.64,14.54,0.15,,,DRAM-bandwidth-bound
planner_debate,1024,mir_operator:prefill_layer01,reduce,12,profiled,"void at::reduce_kernel<512, 1, at::ReduceOp<float, at::MeanO",116856,6.54,0.0,50.99,0.0,20.02,13.46,44.36,0.34,,,"underutilised: SM 2 %, DRAM 50 %, L2 20 %, occ 33 %"
planner_debate,1024,mir_operator:prefill_layer01,elementwise_binary,51,profiled,"void at::vectorized_elementwise_kernel<4, at::CUDAFunctorOnS",116857,16.6,0.0,38.87,0.0,22.85,56.35,65.44,1.17,,,"latency/launch-bound: 0.00 waves per SM, no unit above 30 % of peak"
planner_debate,1024,mir_operator:prefill_layer01,gemm,21,profiled,ampere_bf16_s16816gemm_bf16_128x64_ldg8_f2f_stages_64x3_tn,116862,37.1,41.44,30.73,0.0,67.3,90.83,13.76,1.0,,,tensor-core compute-bound
planner_debate,1024,mir_operator:prefill_layer01,elementwise_other,21,profiled,"void at::elementwise_kernel<128, 4, void at::gpu_kernel_impl",116882,13.48,0.0,59.47,0.0,23.53,39.53,51.28,0.67,,,"underutilised: SM 13 %, DRAM 31 %, L2 18 %, occ 56 %"
planner_debate,1024,mir_operator:prefill_layer01,concat,12,profiled,void at::<unnamed>::CatArrayBatchedCopy<at::<unnamed>::Opaqu,116883,27.6,0.0,19.89,0.0,12.32,53.52,70.12,1.33,,,"underutilised: SM 37 %, DRAM 28 %, L2 17 %, occ 76 %"
planner_debate,1024,mir_operator:prefill_layer01,attention,6,profiled,void pytorch_flash::flash_fwd_splitkv_kernel<Flash_fwd_kerne,116893,22.46,12.01,41.38,0.0,28.19,54.8,33.7,1.89,,,"underutilised: SM 18 %, DRAM 19 %, L2 29 %, occ 8 %"
planner_debate,1024,mir_operator:prefill_layer02,copy,24,profiled,void at::unrolled_elementwise_kernel<at::direct_copy_kernel_,116912,8.38,0.0,45.18,0.0,28.56,52.22,50.41,0.83,,,"underutilised: SM 20 %, DRAM 35 %, L2 32 %, occ 64 %"
planner_debate,1024,mir_operator:prefill_layer02,elementwise_unary,24,profiled,"void at::vectorized_elementwise_kernel<4, void at::<unnamed>",116913,0.77,0.0,26.18,0.0,12.49,61.52,14.51,0.15,,,DRAM-bandwidth-bound
planner_debate,1024,mir_operator:prefill_layer02,reduce,12,profiled,"void at::reduce_kernel<512, 1, at::ReduceOp<float, at::MeanO",116914,6.55,0.0,51.63,0.0,20.3,13.49,44.6,0.34,,,"underutilised: SM 2 %, DRAM 51 %, L2 20 %, occ 33 %"
planner_debate,1024,mir_operator:prefill_layer02,elementwise_binary,51,profiled,"void at::vectorized_elementwise_kernel<4, at::CUDAFunctorOnS",116915,16.42,0.0,39.31,0.0,22.65,56.07,65.24,1.17,,,"latency/launch-bound: 0.00 waves per SM, no unit above 30 % of peak"
planner_debate,1024,mir_operator:prefill_layer02,gemm,21,profiled,ampere_bf16_s16816gemm_bf16_128x64_ldg8_f2f_stages_64x3_tn,116920,38.34,41.5,31.07,0.0,67.21,90.83,13.93,1.0,,,tensor-core compute-bound
planner_debate,1024,mir_operator:prefill_layer02,elementwise_other,21,profiled,"void at::elementwise_kernel<128, 4, void at::gpu_kernel_impl",116940,13.6,0.0,60.73,0.0,24.1,38.84,51.07,0.67,,,"latency/launch-bound: 0.67 waves per SM, no unit above 30 % of peak"
planner_debate,1024,mir_operator:prefill_layer02,concat,12,profiled,void at::<unnamed>::CatArrayBatchedCopy<at::<unnamed>::Opaqu,116941,28.6,0.0,20.01,0.0,12.33,53.52,70.07,1.33,,,"underutilised: SM 39 %, DRAM 28 %, L2 17 %, occ 76 %"
planner_debate,1024,mir_operator:prefill_layer02,attention,6,profiled,void pytorch_flash::flash_fwd_splitkv_kernel<Flash_fwd_kerne,116951,22.36,12.16,41.06,0.0,27.97,54.96,33.67,1.89,,,"underutilised: SM 18 %, DRAM 19 %, L2 30 %, occ 8 %"
planner_debate,1024,mir_operator:prefill_layer03,copy,24,profiled,void at::unrolled_elementwise_kernel<at::direct_copy_kernel_,116970,8.42,0.0,46.13,0.0,28.04,52.29,50.53,0.83,,,"underutilised: SM 20 %, DRAM 35 %, L2 33 %, occ 64 %"
planner_debate,1024,mir_operator:prefill_layer03,elementwise_unary,24,profiled,"void at::vectorized_elementwise_kernel<4, void at::<unnamed>",116971,0.36,0.0,25.01,0.0,11.91,61.61,14.6,0.15,,,DRAM-bandwidth-bound
planner_debate,1024,mir_operator:prefill_layer03,reduce,12,profiled,"void at::reduce_kernel<512, 1, at::ReduceOp<float, at::MeanO",116972,6.6,0.0,51.21,0.0,20.13,13.45,44.73,0.34,,,"underutilised: SM 2 %, DRAM 52 %, L2 20 %, occ 33 %"
planner_debate,1024,mir_operator:prefill_layer03,elementwise_binary,51,profiled,"void at::vectorized_elementwise_kernel<4, at::CUDAFunctorOnS",116973,16.75,0.0,38.9,0.0,23.03,55.09,65.41,1.17,,,"latency/launch-bound: 0.00 waves per SM, no unit above 30 % of peak"
planner_debate,1024,mir_operator:prefill_layer03,gemm,21,profiled,ampere_bf16_s16816gemm_bf16_128x64_ldg8_f2f_stages_64x3_tn,116978,37.19,41.7,30.85,0.0,67.16,90.82,13.83,1.0,,,tensor-core compute-bound
planner_debate,1024,mir_operator:prefill_layer03,elementwise_other,21,profiled,"void at::elementwise_kernel<128, 4, void at::gpu_kernel_impl",116998,13.3,0.0,61.34,0.0,24.22,38.71,50.97,0.67,,,"latency/launch-bound: 0.67 waves per SM, no unit above 30 % of peak"
planner_debate,1024,mir_operator:prefill_layer03,concat,12,profiled,void at::<unnamed>::CatArrayBatchedCopy<at::<unnamed>::Opaqu,116999,27.96,0.0,20.04,0.0,12.31,53.62,69.79,1.33,,,"underutilised: SM 39 %, DRAM 28 %, L2 19 %, occ 75 %"
planner_debate,1024,mir_operator:prefill_layer03,attention,6,profiled,void pytorch_flash::flash_fwd_splitkv_kernel<Flash_fwd_kerne,117009,22.43,12.08,41.76,0.0,27.95,54.88,34.08,1.89,,,"underutilised: SM 18 %, DRAM 19 %, L2 29 %, occ 8 %"
planner_debate,1024,mir_operator:prefill_layer04,copy,24,profiled,void at::unrolled_elementwise_kernel<at::direct_copy_kernel_,117028,8.42,0.0,45.49,0.0,28.52,52.31,50.26,0.83,,,"underutilised: SM 20 %, DRAM 35 %, L2 32 %, occ 64 %"
planner_debate,1024,mir_operator:prefill_layer04,elementwise_unary,24,profiled,"void at::vectorized_elementwise_kernel<4, void at::<unnamed>",117029,0.75,0.0,25.29,0.0,12.02,61.33,14.47,0.15,,,DRAM-bandwidth-bound
planner_debate,1024,mir_operator:prefill_layer04,reduce,12,profiled,"void at::reduce_kernel<512, 1, at::ReduceOp<float, at::MeanO",117030,6.68,0.0,50.7,0.0,19.92,13.43,44.55,0.34,,,"underutilised: SM 2 %, DRAM 51 %, L2 20 %, occ 33 %"
planner_debate,1024,mir_operator:prefill_layer04,elementwise_binary,51,profiled,"void at::vectorized_elementwise_kernel<4, at::CUDAFunctorOnS",117031,16.18,0.0,39.07,0.0,22.96,56.2,66.12,1.17,,,"latency/launch-bound: 0.00 waves per SM, no unit above 30 % of peak"
planner_debate,1024,mir_operator:prefill_layer04,gemm,21,profiled,ampere_bf16_s16816gemm_bf16_128x64_ldg8_f2f_stages_64x3_tn,117036,37.1,41.46,30.92,0.0,67.23,90.83,13.72,1.0,,,tensor-core compute-bound
planner_debate,1024,mir_operator:prefill_layer04,elementwise_other,21,profiled,"void at::elementwise_kernel<128, 4, void at::gpu_kernel_impl",117056,13.54,0.0,58.32,0.0,23.17,38.87,51.18,0.67,,,"underutilised: SM 14 %, DRAM 30 %, L2 18 %, occ 56 %"
planner_debate,1024,mir_operator:prefill_layer04,concat,12,profiled,void at::<unnamed>::CatArrayBatchedCopy<at::<unnamed>::Opaqu,117057,28.31,0.0,20.01,0.0,12.28,53.56,70.19,1.33,,,"underutilised: SM 40 %, DRAM 28 %, L2 17 %, occ 76 %"
planner_debate,1024,mir_operator:prefill_layer04,attention,6,profiled,void pytorch_flash::flash_fwd_splitkv_kernel<Flash_fwd_kerne,117067,22.33,12.16,45.09,0.0,27.96,54.94,34.02,1.89,,,"underutilised: SM 18 %, DRAM 19 %, L2 30 %, occ 8 %"
planner_debate,1024,mir_operator:prefill_layer05,copy,24,profiled,void at::unrolled_elementwise_kernel<at::direct_copy_kernel_,117086,8.32,0.0,45.78,0.0,28.27,51.95,50.7,0.83,,,"underutilised: SM 20 %, DRAM 35 %, L2 33 %, occ 65 %"
planner_debate,1024,mir_operator:prefill_layer05,elementwise_unary,24,profiled,"void at::vectorized_elementwise_kernel<4, void at::<unnamed>",117087,0.79,0.0,24.96,0.0,11.95,59.52,14.63,0.15,,,DRAM-bandwidth-bound
planner_debate,1024,mir_operator:prefill_layer05,reduce,12,profiled,"void at::reduce_kernel<512, 1, at::ReduceOp<float, at::MeanO",117088,6.73,0.0,50.14,0.0,19.73,13.5,44.53,0.34,,,"underutilised: SM 2 %, DRAM 50 %, L2 20 %, occ 33 %"
planner_debate,1024,mir_operator:prefill_layer05,elementwise_binary,51,profiled,"void at::vectorized_elementwise_kernel<4, at::CUDAFunctorOnS",117089,16.56,0.0,38.73,0.0,22.47,56.07,65.77,1.17,,,"latency/launch-bound: 0.00 waves per SM, no unit above 30 % of peak"
planner_debate,1024,mir_operator:prefill_layer05,gemm,21,profiled,ampere_bf16_s16816gemm_bf16_128x64_ldg8_f2f_stages_64x3_tn,117094,37.32,41.5,31.12,0.0,67.13,90.84,13.72,1.0,,,tensor-core compute-bound
planner_debate,1024,mir_operator:prefill_layer05,elementwise_other,21,profiled,"void at::elementwise_kernel<128, 4, void at::gpu_kernel_impl",117114,13.44,0.0,60.66,0.0,23.96,38.73,50.11,0.67,,,"latency/launch-bound: 0.67 waves per SM, no unit above 30 % of peak"
planner_debate,1024,mir_operator:prefill_layer05,concat,12,profiled,void at::<unnamed>::CatArrayBatchedCopy<at::<unnamed>::Opaqu,117115,28.38,0.0,20.19,0.0,12.29,53.55,70.09,1.33,,,"underutilised: SM 39 %, DRAM 28 %, L2 17 %, occ 76 %"
planner_debate,1024,mir_operator:prefill_layer05,attention,6,profiled,void pytorch_flash::flash_fwd_splitkv_kernel<Flash_fwd_kerne,117125,22.47,11.98,41.86,0.0,27.97,54.92,33.78,1.89,,,"underutilised: SM 18 %, DRAM 19 %, L2 29 %, occ 8 %"
planner_debate,1024,mir_operator:prefill_layer06,copy,24,profiled,void at::unrolled_elementwise_kernel<at::direct_copy_kernel_,117144,8.34,0.0,44.94,0.0,28.35,52.07,50.48,0.83,,,"underutilised: SM 20 %, DRAM 35 %, L2 33 %, occ 64 %"
planner_debate,1024,mir_operator:prefill_layer06,elementwise_unary,24,profiled,"void at::vectorized_elementwise_kernel<4, void at::<unnamed>",117145,0.76,0.0,25.45,0.0,17.94,59.99,14.36,0.15,,,DRAM-bandwidth-bound
planner_debate,1024,mir_operator:prefill_layer06,reduce,12,profiled,"void at::reduce_kernel<512, 1, at::ReduceOp<float, at::MeanO",117146,6.66,0.0,52.42,0.0,20.65,13.24,44.6,0.34,,,"underutilised: SM 2 %, DRAM 52 %, L2 21 %, occ 33 %"
planner_debate,1024,mir_operator:prefill_layer06,elementwise_binary,51,profiled,"void at::vectorized_elementwise_kernel<4, at::CUDAFunctorOnS",117147,16.8,0.0,39.14,0.0,22.77,55.0,65.68,1.17,,,"latency/launch-bound: 0.00 waves per SM, no unit above 30 % of peak"
planner_debate,1024,mir_operator:prefill_layer06,gemm,21,profiled,ampere_bf16_s16816gemm_bf16_128x64_ldg8_f2f_stages_64x3_tn,117152,37.19,41.77,31.4,0.0,67.1,90.83,13.84,1.0,,,tensor-core compute-bound
planner_debate,1024,mir_operator:prefill_layer06,elementwise_other,21,profiled,"void at::elementwise_kernel<128, 4, void at::gpu_kernel_impl",117172,13.58,0.0,59.54,0.0,23.48,38.9,50.52,0.67,,,"latency/launch-bound: 0.67 waves per SM, no unit above 30 % of peak"
planner_debate,1024,mir_operator:prefill_layer06,concat,12,profiled,void at::<unnamed>::CatArrayBatchedCopy<at::<unnamed>::Opaqu,117173,27.96,0.0,19.39,0.0,11.91,53.54,70.19,1.33,,,"underutilised: SM 38 %, DRAM 28 %, L2 17 %, occ 77 %"
planner_debate,1024,mir_operator:prefill_layer06,attention,6,profiled,void pytorch_flash::flash_fwd_splitkv_kernel<Flash_fwd_kerne,117183,22.49,12.27,41.48,0.0,28.01,54.96,33.79,1.89,,,"underutilised: SM 18 %, DRAM 19 %, L2 30 %, occ 8 %"
planner_debate,1024,mir_operator:prefill_layer07,copy,24,profiled,void at::unrolled_elementwise_kernel<at::direct_copy_kernel_,117202,8.48,0.0,46.61,0.0,28.38,52.22,50.62,0.83,,,"underutilised: SM 20 %, DRAM 35 %, L2 33 %, occ 64 %"
planner_debate,1024,mir_operator:prefill_layer07,elementwise_unary,24,profiled,"void at::vectorized_elementwise_kernel<4, void at::<unnamed>",117203,0.76,0.0,25.2,0.0,11.84,51.61,14.41,0.15,,,DRAM-bandwidth-bound
planner_debate,1024,mir_operator:prefill_layer07,reduce,12,profiled,"void at::reduce_kernel<512, 1, at::ReduceOp<float, at::MeanO",117204,6.52,0.0,52.24,0.0,20.53,13.46,44.59,0.34,,,"underutilised: SM 2 %, DRAM 52 %, L2 21 %, occ 33 %"
planner_debate,1024,mir_operator:prefill_layer07,elementwise_binary,51,profiled,"void at::vectorized_elementwise_kernel<4, at::CUDAFunctorOnS",117205,16.75,0.0,38.48,0.0,22.81,56.11,65.72,1.17,,,"latency/launch-bound: 0.00 waves per SM, no unit above 30 % of peak"
planner_debate,1024,mir_operator:prefill_layer07,gemm,21,profiled,ampere_bf16_s16816gemm_bf16_128x64_ldg8_f2f_stages_64x3_tn,117210,38.24,41.38,30.81,0.0,66.82,90.83,13.82,1.0,,,tensor-core compute-bound
planner_debate,1024,mir_operator:prefill_layer07,elementwise_other,21,profiled,"void at::elementwise_kernel<128, 4, void at::gpu_kernel_impl",117230,13.4,0.0,59.61,0.0,23.58,38.73,50.64,0.67,,,"underutilised: SM 13 %, DRAM 30 %, L2 18 %, occ 52 %"
planner_debate,1024,mir_operator:prefill_layer07,concat,12,profiled,void at::<unnamed>::CatArrayBatchedCopy<at::<unnamed>::Opaqu,117231,28.23,0.0,19.74,0.0,12.02,53.61,70.08,1.33,,,"underutilised: SM 38 %, DRAM 28 %, L2 17 %, occ 77 %"
planner_debate,1024,mir_operator:prefill_layer07,attention,6,profiled,void pytorch_flash::flash_fwd_splitkv_kernel<Flash_fwd_kerne,117241,22.39,12.13,41.6,0.0,27.9,54.94,33.79,1.89,,,"underutilised: SM 18 %, DRAM 19 %, L2 29 %, occ 8 %"
planner_debate,1024,mir_operator:prefill_layer08,copy,24,profiled,void at::unrolled_elementwise_kernel<at::direct_copy_kernel_,117260,8.38,0.0,44.67,0.0,28.47,51.53,50.68,0.83,,,"underutilised: SM 20 %, DRAM 34 %, L2 32 %, occ 65 %"
planner_debate,1024,mir_operator:prefill_layer08,elementwise_unary,24,profiled,"void at::vectorized_elementwise_kernel<4, void at::<unnamed>",117261,0.79,0.0,25.92,0.0,12.37,59.9,14.37,0.15,,,DRAM-bandwidth-bound
planner_debate,1024,mir_operator:prefill_layer08,reduce,12,profiled,"void at::reduce_kernel<512, 1, at::ReduceOp<float, at::MeanO",117262,3.34,0.0,51.59,0.0,20.27,13.67,44.54,0.34,,,"underutilised: SM 2 %, DRAM 52 %, L2 20 %, occ 33 %"
planner_debate,1024,mir_operator:prefill_layer08,elementwise_binary,51,profiled,"void at::vectorized_elementwise_kernel<4, at::CUDAFunctorOnS",117263,16.66,0.0,38.61,0.0,22.47,56.04,65.87,1.17,,,"latency/launch-bound: 0.00 waves per SM, no unit above 30 % of peak"
planner_debate,1024,mir_operator:prefill_layer08,gemm,21,profiled,ampere_bf16_s16816gemm_bf16_128x64_ldg8_f2f_stages_64x3_tn,117268,38.69,41.83,31.04,0.0,67.16,90.82,13.74,1.0,,,tensor-core compute-bound
planner_debate,1024,mir_operator:prefill_layer08,elementwise_other,21,profiled,"void at::elementwise_kernel<128, 4, void at::gpu_kernel_impl",117288,13.69,0.0,61.02,0.0,24.12,37.88,51.07,0.67,,,"underutilised: SM 14 %, DRAM 30 %, L2 18 %, occ 53 %"
planner_debate,1024,mir_operator:prefill_layer08,concat,12,profiled,void at::<unnamed>::CatArrayBatchedCopy<at::<unnamed>::Opaqu,117289,28.64,0.0,19.82,0.0,12.32,53.56,70.03,1.33,,,"underutilised: SM 39 %, DRAM 28 %, L2 17 %, occ 76 %"
planner_debate,1024,mir_operator:prefill_layer08,attention,6,profiled,void pytorch_flash::flash_fwd_splitkv_kernel<Flash_fwd_kerne,117299,22.42,12.16,45.02,0.0,28.13,54.89,33.91,1.89,,,"underutilised: SM 18 %, DRAM 19 %, L2 30 %, occ 8 %"
planner_debate,1024,mir_operator:prefill_layer09,copy,24,profiled,void at::unrolled_elementwise_kernel<at::direct_copy_kernel_,117318,8.26,0.0,41.08,0.0,27.77,52.21,50.2,0.83,,,"underutilised: SM 20 %, DRAM 35 %, L2 33 %, occ 64 %"
planner_debate,1024,mir_operator:prefill_layer09,elementwise_unary,24,profiled,"void at::vectorized_elementwise_kernel<4, void at::<unnamed>",117319,0.75,0.0,26.22,0.0,20.21,59.68,14.44,0.15,,,DRAM-bandwidth-bound
planner_debate,1024,mir_operator:prefill_layer09,reduce,12,profiled,"void at::reduce_kernel<512, 1, at::ReduceOp<float, at::MeanO",117320,6.5,0.0,50.24,0.0,19.73,13.46,44.74,0.34,,,"underutilised: SM 2 %, DRAM 50 %, L2 20 %, occ 33 %"
planner_debate,1024,mir_operator:prefill_layer09,elementwise_binary,51,profiled,"void at::vectorized_elementwise_kernel<4, at::CUDAFunctorOnS",117321,16.73,0.0,38.53,0.0,22.7,55.6,65.13,1.17,,,"latency/launch-bound: 0.00 waves per SM, no unit above 30 % of peak"
planner_debate,1024,mir_operator:prefill_layer09,gemm,21,profiled,ampere_bf16_s16816gemm_bf16_128x64_ldg8_f2f_stages_64x3_tn,117326,38.04,41.8,30.87,0.0,67.05,90.82,13.75,1.0,,,tensor-core compute-bound
planner_debate,1024,mir_operator:prefill_layer09,elementwise_other,21,profiled,"void at::elementwise_kernel<128, 4, void at::gpu_kernel_impl",117346,12.38,0.0,60.02,0.0,23.84,38.93,50.67,0.67,,,"underutilised: SM 14 %, DRAM 30 %, L2 18 %, occ 56 %"
planner_debate,1024,mir_operator:prefill_layer09,concat,12,profiled,void at::<unnamed>::CatArrayBatchedCopy<at::<unnamed>::Opaqu,117347,28.02,0.0,20.22,0.0,12.38,53.89,70.16,1.33,,,"underutilised: SM 39 %, DRAM 27 %, L2 16 %, occ 76 %"
planner_debate,1024,mir_operator:prefill_layer09,attention,6,profiled,void pytorch_flash::flash_fwd_splitkv_kernel<Flash_fwd_kerne,117357,22.34,12.05,41.23,0.0,27.76,54.87,33.74,1.89,,,"underutilised: SM 18 %, DRAM 19 %, L2 29 %, occ 8 %"
planner_debate,1024,mir_operator:prefill_layer10,copy,24,profiled,void at::unrolled_elementwise_kernel<at::direct_copy_kernel_,117376,8.46,0.0,45.0,0.0,28.46,52.26,50.38,0.83,,,"underutilised: SM 20 %, DRAM 35 %, L2 33 %, occ 64 %"
planner_debate,1024,mir_operator:prefill_layer10,elementwise_unary,24,profiled,"void at::vectorized_elementwise_kernel<4, void at::<unnamed>",117377,0.79,0.0,25.27,0.0,11.98,51.58,14.47,0.15,,,DRAM-bandwidth-bound
planner_debate,1024,mir_operator:prefill_layer10,reduce,12,profiled,"void at::reduce_kernel<512, 1, at::ReduceOp<float, at::MeanO",117378,6.49,0.0,51.85,0.0,20.36,13.13,44.46,0.34,,,"underutilised: SM 2 %, DRAM 52 %, L2 21 %, occ 33 %"
planner_debate,1024,mir_operator:prefill_layer10,elementwise_binary,51,profiled,"void at::vectorized_elementwise_kernel<4, at::CUDAFunctorOnS",117379,16.71,0.0,38.99,0.0,22.78,55.03,65.43,1.17,,,"latency/launch-bound: 0.00 waves per SM, no unit above 30 % of peak"
planner_debate,1024,mir_operator:prefill_layer10,gemm,21,profiled,ampere_bf16_s16816gemm_bf16_128x64_ldg8_f2f_stages_64x3_tn,117384,37.22,41.18,30.66,0.0,66.97,90.83,13.89,1.0,,,tensor-core compute-bound
planner_debate,1024,mir_operator:prefill_layer10,elementwise_other,21,profiled,"void at::elementwise_kernel<128, 4, void at::gpu_kernel_impl",117404,8.96,0.0,60.74,0.0,24.02,39.96,51.72,0.67,,,"underutilised: SM 13 %, DRAM 30 %, L2 18 %, occ 55 %"
planner_debate,1024,mir_operator:prefill_layer10,concat,12,profiled,void at::<unnamed>::CatArrayBatchedCopy<at::<unnamed>::Opaqu,117405,28.63,0.0,20.17,0.0,12.28,53.29,70.1,1.33,,,"underutilised: SM 39 %, DRAM 28 %, L2 17 %, occ 76 %"
planner_debate,1024,mir_operator:prefill_layer10,attention,6,profiled,void pytorch_flash::flash_fwd_splitkv_kernel<Flash_fwd_kerne,117415,22.37,12.3,46.19,0.0,28.14,54.96,33.71,1.89,,,"underutilised: SM 18 %, DRAM 19 %, L2 30 %, occ 8 %"
planner_debate,1024,mir_operator:prefill_layer11,copy,24,profiled,void at::unrolled_elementwise_kernel<at::direct_copy_kernel_,117434,8.44,0.0,45.64,0.0,28.4,52.24,50.76,0.83,,,"underutilised: SM 20 %, DRAM 35 %, L2 32 %, occ 64 %"
planner_debate,1024,mir_operator:prefill_layer11,elementwise_unary,24,profiled,"void at::vectorized_elementwise_kernel<4, void at::<unnamed>",117435,0.74,0.0,25.26,0.0,12.27,52.97,14.6,0.15,,,DRAM-bandwidth-bound
planner_debate,1024,mir_operator:prefill_layer11,reduce,12,profiled,"void at::reduce_kernel<512, 1, at::ReduceOp<float, at::MeanO",117436,6.76,0.0,49.1,0.0,19.26,13.21,44.38,0.34,,,"underutilised: SM 2 %, DRAM 50 %, L2 20 %, occ 33 %"
planner_debate,1024,mir_operator:prefill_layer11,elementwise_binary,51,profiled,"void at::vectorized_elementwise_kernel<4, at::CUDAFunctorOnS",117437,16.41,0.0,38.77,0.0,22.9,56.05,65.87,1.17,,,"latency/launch-bound: 0.00 waves per SM, no unit above 30 % of peak"
planner_debate,1024,mir_operator:prefill_layer11,gemm,21,profiled,ampere_bf16_s16816gemm_bf16_128x64_ldg8_f2f_stages_64x3_tn,117442,37.25,41.48,31.24,0.0,66.8,90.82,13.76,1.0,,,tensor-core compute-bound
planner_debate,1024,mir_operator:prefill_layer11,elementwise_other,21,profiled,"void at::elementwise_kernel<128, 4, void at::gpu_kernel_impl",117462,13.9,0.0,58.99,0.0,23.2,38.44,50.35,0.67,,,"underutilised: SM 14 %, DRAM 30 %, L2 18 %, occ 55 %"
planner_debate,1024,mir_operator:prefill_layer11,concat,12,profiled,void at::<unnamed>::CatArrayBatchedCopy<at::<unnamed>::Opaqu,117463,28.3,0.0,20.44,0.0,12.32,53.55,69.98,1.33,,,"underutilised: SM 39 %, DRAM 28 %, L2 17 %, occ 76 %"
planner_debate,1024,mir_operator:prefill_layer11,attention,6,profiled,void pytorch_flash::flash_fwd_splitkv_kernel<Flash_fwd_kerne,117473,22.33,12.15,46.74,0.0,27.72,54.88,33.87,1.89,,,"underutilised: SM 18 %, DRAM 19 %, L2 29 %, occ 8 %"
planner_debate,1024,mir_operator:prefill_layer12,copy,24,profiled,void at::unrolled_elementwise_kernel<at::direct_copy_kernel_,117492,8.04,0.0,44.92,0.0,28.04,51.68,50.56,0.83,,,"underutilised: SM 19 %, DRAM 35 %, L2 33 %, occ 64 %"
planner_debate,1024,mir_operator:prefill_layer12,elementwise_unary,24,profiled,"void at::vectorized_elementwise_kernel<4, void at::<unnamed>",117493,0.75,0.0,8.61,0.0,3.73,61.65,14.41,0.15,,,"latency/launch-bound: 0.67 waves per SM, no unit above 30 % of peak"
planner_debate,1024,mir_operator:prefill_layer12,reduce,12,profiled,"void at::reduce_kernel<512, 1, at::ReduceOp<float, at::MeanO",117494,6.47,0.0,52.22,0.0,20.53,13.47,44.63,0.34,,,"underutilised: SM 2 %, DRAM 51 %, L2 20 %, occ 33 %"
planner_debate,1024,mir_operator:prefill_layer12,elementwise_binary,51,profiled,"void at::vectorized_elementwise_kernel<4, at::CUDAFunctorOnS",117495,16.67,0.0,38.98,0.0,22.5,54.77,65.5,1.17,,,"latency/launch-bound: 0.00 waves per SM, no unit above 30 % of peak"
planner_debate,1024,mir_operator:prefill_layer12,gemm,21,profiled,ampere_bf16_s16816gemm_bf16_128x64_ldg8_f2f_stages_64x3_tn,117500,37.09,41.69,30.99,0.0,67.21,90.82,13.93,1.0,,,tensor-core compute-bound
planner_debate,1024,mir_operator:prefill_layer12,elementwise_other,21,profiled,"void at::elementwise_kernel<128, 4, void at::gpu_kernel_impl",117520,13.46,0.0,60.31,0.0,23.79,38.83,50.7,0.67,,,"underutilised: SM 13 %, DRAM 30 %, L2 18 %, occ 56 %"
planner_debate,1024,mir_operator:prefill_layer12,concat,12,profiled,void at::<unnamed>::CatArrayBatchedCopy<at::<unnamed>::Opaqu,117521,28.29,0.0,19.61,0.0,12.04,53.59,70.02,1.33,,,"underutilised: SM 40 %, DRAM 29 %, L2 18 %, occ 76 %"
planner_debate,1024,mir_operator:prefill_layer12,attention,6,profiled,void pytorch_flash::flash_fwd_splitkv_kernel<Flash_fwd_kerne,117531,22.29,12.2,42.16,0.0,27.92,54.79,33.71,1.89,,,"underutilised: SM 18 %, DRAM 19 %, L2 29 %, occ 8 %"
planner_debate,1024,mir_operator:prefill_layer13,copy,24,profiled,void at::unrolled_elementwise_kernel<at::direct_copy_kernel_,117550,8.42,0.0,46.72,0.0,28.22,52.24,50.62,0.83,,,"underutilised: SM 20 %, DRAM 35 %, L2 33 %, occ 64 %"
planner_debate,1024,mir_operator:prefill_layer13,elementwise_unary,24,profiled,"void at::vectorized_elementwise_kernel<4, void at::<unnamed>",117551,0.75,0.0,25.13,0.0,11.95,59.8,14.67,0.15,,,DRAM-bandwidth-bound
planner_debate,1024,mir_operator:prefill_layer13,reduce,12,profiled,"void at::reduce_kernel<512, 1, at::ReduceOp<float, at::MeanO",117552,6.63,0.0,50.97,0.0,20.04,13.69,44.61,0.34,,,"underutilised: SM 2 %, DRAM 50 %, L2 20 %, occ 33 %"
planner_debate,1024,mir_operator:prefill_layer13,elementwise_binary,51,profiled,"void at::vectorized_elementwise_kernel<4, at::CUDAFunctorOnS",117553,16.73,0.0,39.59,0.0,22.46,55.03,65.77,1.17,,,"latency/launch-bound: 0.00 waves per SM, no unit above 30 % of peak"
planner_debate,1024,mir_operator:prefill_layer13,gemm,21,profiled,ampere_bf16_s16816gemm_bf16_128x64_ldg8_f2f_stages_64x3_tn,117558,37.8,41.31,30.98,0.0,67.06,90.83,13.86,1.0,,,tensor-core compute-bound
planner_debate,1024,mir_operator:prefill_layer13,elementwise_other,21,profiled,"void at::elementwise_kernel<128, 4, void at::gpu_kernel_impl",117578,13.8,0.0,59.47,0.0,23.52,38.83,50.01,0.67,,,"latency/launch-bound: 0.67 waves per SM, no unit above 30 % of peak"
planner_debate,1024,mir_operator:prefill_layer13,concat,12,profiled,void at::<unnamed>::CatArrayBatchedCopy<at::<unnamed>::Opaqu,117579,28.91,0.0,20.33,0.0,12.41,53.25,70.35,1.33,,,"underutilised: SM 39 %, DRAM 26 %, L2 16 %, occ 76 %"
planner_debate,1024,mir_operator:prefill_layer13,attention,6,profiled,void pytorch_flash::flash_fwd_splitkv_kernel<Flash_fwd_kerne,117589,22.49,12.03,41.96,0.0,27.8,54.83,33.82,1.89,,,"underutilised: SM 18 %, DRAM 20 %, L2 30 %, occ 8 %"
planner_debate,1024,mir_operator:prefill_layer14,copy,24,profiled,void at::unrolled_elementwise_kernel<at::direct_copy_kernel_,117608,8.35,0.0,46.16,0.0,28.37,51.52,50.29,0.83,,,"underutilised: SM 20 %, DRAM 38 %, L2 33 %, occ 64 %"
planner_debate,1024,mir_operator:prefill_layer14,elementwise_unary,24,profiled,"void at::vectorized_elementwise_kernel<4, void at::<unnamed>",117609,0.75,0.0,25.28,0.0,12.26,53.02,14.52,0.15,,,DRAM-bandwidth-bound
planner_debate,1024,mir_operator:prefill_layer14,reduce,12,profiled,"void at::reduce_kernel<512, 1, at::ReduceOp<float, at::MeanO",117610,6.45,0.0,51.6,0.0,20.26,13.44,44.4,0.34,,,"underutilised: SM 2 %, DRAM 50 %, L2 20 %, occ 33 %"
planner_debate,1024,mir_operator:prefill_layer14,elementwise_binary,51,profiled,"void at::vectorized_elementwise_kernel<4, at::CUDAFunctorOnS",117611,16.65,0.0,38.89,0.0,22.75,55.16,66.02,1.17,,,"latency/launch-bound: 0.00 waves per SM, no unit above 30 % of peak"
planner_debate,1024,mir_operator:prefill_layer14,gemm,21,profiled,ampere_bf16_s16816gemm_bf16_128x64_ldg8_f2f_stages_64x3_tn,117616,37.8,41.54,30.95,0.0,67.27,90.81,13.84,1.0,,,tensor-core compute-bound
planner_debate,1024,mir_operator:prefill_layer14,elementwise_other,21,profiled,"void at::elementwise_kernel<128, 4, void at::gpu_kernel_impl",117636,13.7,0.0,60.81,0.0,23.99,38.7,50.77,0.67,,,"underutilised: SM 14 %, DRAM 31 %, L2 18 %, occ 54 %"
planner_debate,1024,mir_operator:prefill_layer14,concat,12,profiled,void at::<unnamed>::CatArrayBatchedCopy<at::<unnamed>::Opaqu,117637,28.29,0.0,20.0,0.0,12.25,53.75,70.44,1.33,,,"underutilised: SM 39 %, DRAM 28 %, L2 17 %, occ 76 %"
planner_debate,1024,mir_operator:prefill_layer14,attention,6,profiled,void pytorch_flash::flash_fwd_splitkv_kernel<Flash_fwd_kerne,117647,22.49,12.22,41.46,0.0,27.91,54.96,33.78,1.89,,,"underutilised: SM 18 %, DRAM 19 %, L2 30 %, occ 8 %"
planner_debate,1024,mir_operator:prefill_layer15,copy,24,profiled,void at::unrolled_elementwise_kernel<at::direct_copy_kernel_,117666,8.04,0.0,44.71,0.0,28.24,52.23,50.73,0.83,,,"underutilised: SM 20 %, DRAM 35 %, L2 33 %, occ 65 %"
planner_debate,1024,mir_operator:prefill_layer15,elementwise_unary,24,profiled,"void at::vectorized_elementwise_kernel<4, void at::<unnamed>",117667,0.76,0.0,26.64,0.0,13.89,51.49,14.37,0.15,,,DRAM-bandwidth-bound
planner_debate,1024,mir_operator:prefill_layer15,reduce,12,profiled,"void at::reduce_kernel<512, 1, at::ReduceOp<float, at::MeanO",117668,6.71,0.0,50.61,0.0,19.87,13.21,44.82,0.34,,,"underutilised: SM 2 %, DRAM 50 %, L2 20 %, occ 33 %"
planner_debate,1024,mir_operator:prefill_layer15,elementwise_binary,51,profiled,"void at::vectorized_elementwise_kernel<4, at::CUDAFunctorOnS",117669,16.3,0.0,38.4,0.0,22.63,53.84,65.52,1.17,,,"latency/launch-bound: 0.00 waves per SM, no unit above 30 % of peak"
planner_debate,1024,mir_operator:prefill_layer15,gemm,21,profiled,ampere_bf16_s16816gemm_bf16_128x64_ldg8_f2f_stages_64x3_tn,117674,37.61,41.81,30.85,0.0,66.65,90.82,13.72,1.0,,,tensor-core compute-bound
planner_debate,1024,mir_operator:prefill_layer15,elementwise_other,21,profiled,"void at::elementwise_kernel<128, 4, void at::gpu_kernel_impl",117694,13.64,0.0,59.81,0.0,23.69,38.84,50.26,0.67,,,"underutilised: SM 14 %, DRAM 30 %, L2 18 %, occ 53 %"
planner_debate,1024,mir_operator:prefill_layer15,concat,12,profiled,void at::<unnamed>::CatArrayBatchedCopy<at::<unnamed>::Opaqu,117695,28.49,0.0,19.11,0.0,12.08,53.66,70.23,1.33,,,"underutilised: SM 37 %, DRAM 29 %, L2 18 %, occ 76 %"
planner_debate,1024,mir_operator:prefill_layer15,attention,6,profiled,void pytorch_flash::flash_fwd_splitkv_kernel<Flash_fwd_kerne,117705,22.28,12.15,46.47,0.0,27.75,55.37,34.04,1.89,,,"underutilised: SM 18 %, DRAM 19 %, L2 29 %, occ 8 %"
planner_debate,1024,mir_operator:prefill_layer16,copy,24,profiled,void at::unrolled_elementwise_kernel<at::direct_copy_kernel_,117724,8.23,0.0,45.06,0.0,28.35,51.49,50.56,0.83,,,"underutilised: SM 20 %, DRAM 35 %, L2 33 %, occ 64 %"
planner_debate,1024,mir_operator:prefill_layer16,elementwise_unary,24,profiled,"void at::vectorized_elementwise_kernel<4, void at::<unnamed>",117725,0.79,0.0,25.58,0.0,12.1,61.68,14.34,0.15,,,DRAM-bandwidth-bound
planner_debate,1024,mir_operator:prefill_layer16,reduce,12,profiled,"void at::reduce_kernel<512, 1, at::ReduceOp<float, at::MeanO",117726,6.39,0.0,50.76,0.0,19.94,13.45,44.66,0.34,,,"underutilised: SM 2 %, DRAM 50 %, L2 20 %, occ 33 %"
planner_debate,1024,mir_operator:prefill_layer16,elementwise_binary,51,profiled,"void at::vectorized_elementwise_kernel<4, at::CUDAFunctorOnS",117727,16.17,0.0,39.38,0.0,22.66,56.36,65.8,1.17,,,"latency/launch-bound: 0.00 waves per SM, no unit above 30 % of peak"
planner_debate,1024,mir_operator:prefill_layer16,gemm,21,profiled,ampere_bf16_s16816gemm_bf16_128x64_ldg8_f2f_stages_64x3_tn,117732,37.24,41.39,30.65,0.0,66.92,90.83,13.74,1.0,,,tensor-core compute-bound
planner_debate,1024,mir_operator:prefill_layer16,elementwise_other,21,profiled,"void at::elementwise_kernel<128, 4, void at::gpu_kernel_impl",117752,13.68,0.0,60.32,0.0,23.77,38.86,50.75,0.67,,,"underutilised: SM 14 %, DRAM 31 %, L2 18 %, occ 55 %"
planner_debate,1024,mir_operator:prefill_layer16,concat,12,profiled,void at::<unnamed>::CatArrayBatchedCopy<at::<unnamed>::Opaqu,117753,28.38,0.0,20.62,0.0,12.31,53.85,69.9,1.33,,,"underutilised: SM 39 %, DRAM 28 %, L2 17 %, occ 76 %"
planner_debate,1024,mir_operator:prefill_layer16,attention,6,profiled,void pytorch_flash::flash_fwd_splitkv_kernel<Flash_fwd_kerne,117763,22.41,12.2,41.62,0.0,28.3,54.6,33.74,1.89,,,"underutilised: SM 18 %, DRAM 19 %, L2 30 %, occ 8 %"
planner_debate,1024,mir_operator:prefill_layer17,copy,24,profiled,void at::unrolled_elementwise_kernel<at::direct_copy_kernel_,117782,8.46,0.0,45.24,0.0,28.07,52.14,50.74,0.83,,,"underutilised: SM 20 %, DRAM 34 %, L2 32 %, occ 63 %"
planner_debate,1024,mir_operator:prefill_layer17,elementwise_unary,24,profiled,"void at::vectorized_elementwise_kernel<4, void at::<unnamed>",117783,0.73,0.0,25.18,0.0,11.94,61.75,14.55,0.15,,,DRAM-bandwidth-bound
planner_debate,1024,mir_operator:prefill_layer17,reduce,12,profiled,"void at::reduce_kernel<512, 1, at::ReduceOp<float, at::MeanO",117784,6.56,0.0,50.61,0.0,19.85,13.23,44.25,0.34,,,"underutilised: SM 2 %, DRAM 50 %, L2 20 %, occ 33 %"
planner_debate,1024,mir_operator:prefill_layer17,elementwise_binary,51,profiled,"void at::vectorized_elementwise_kernel<4, at::CUDAFunctorOnS",117785,16.36,0.0,37.98,0.0,22.57,56.22,65.63,1.17,,,"latency/launch-bound: 0.00 waves per SM, no unit above 30 % of peak"
planner_debate,1024,mir_operator:prefill_layer17,gemm,21,profiled,ampere_bf16_s16816gemm_bf16_128x64_ldg8_f2f_stages_64x3_tn,117790,37.16,41.51,31.05,0.0,67.7,90.82,13.75,1.0,,,tensor-core compute-bound
planner_debate,1024,mir_operator:prefill_layer17,elementwise_other,21,profiled,"void at::elementwise_kernel<128, 4, void at::gpu_kernel_impl",117810,13.82,0.0,60.23,0.0,23.82,39.4,50.62,0.67,,,"underutilised: SM 14 %, DRAM 31 %, L2 18 %, occ 56 %"
planner_debate,1024,mir_operator:prefill_layer17,concat,12,profiled,void at::<unnamed>::CatArrayBatchedCopy<at::<unnamed>::Opaqu,117811,28.29,0.0,20.02,0.0,12.24,53.49,70.25,1.33,,,"underutilised: SM 39 %, DRAM 27 %, L2 16 %, occ 76 %"
planner_debate,1024,mir_operator:prefill_layer17,attention,6,profiled,void pytorch_flash::flash_fwd_splitkv_kernel<Flash_fwd_kerne,117821,22.41,12.02,46.56,0.0,27.71,54.95,33.8,1.89,,,"underutilised: SM 18 %, DRAM 19 %, L2 29 %, occ 8 %"
planner_debate,1024,mir_operator:prefill_layer18,copy,24,profiled,void at::unrolled_elementwise_kernel<at::direct_copy_kernel_,117840,8.34,0.0,44.91,0.0,28.22,51.61,50.68,0.83,,,"underutilised: SM 20 %, DRAM 35 %, L2 33 %, occ 64 %"
planner_debate,1024,mir_operator:prefill_layer18,elementwise_unary,24,profiled,"void at::vectorized_elementwise_kernel<4, void at::<unnamed>",117841,0.8,0.0,8.11,0.0,3.58,59.42,14.69,0.15,,,DRAM-bandwidth-bound
planner_debate,1024,mir_operator:prefill_layer18,reduce,12,profiled,"void at::reduce_kernel<512, 1, at::ReduceOp<float, at::MeanO",117842,6.67,0.0,49.9,0.0,19.57,13.45,44.54,0.34,,,"underutilised: SM 2 %, DRAM 49 %, L2 19 %, occ 33 %"
planner_debate,1024,mir_operator:prefill_layer18,elementwise_binary,51,profiled,"void at::vectorized_elementwise_kernel<4, at::CUDAFunctorOnS",117843,16.4,0.0,38.87,0.0,22.95,55.1,65.4,1.17,,,"latency/launch-bound: 0.00 waves per SM, no unit above 30 % of peak"
planner_debate,1024,mir_operator:prefill_layer18,gemm,21,profiled,ampere_bf16_s16816gemm_bf16_128x64_ldg8_f2f_stages_64x3_tn,117848,37.5,41.88,30.79,0.0,66.9,90.82,13.88,1.0,,,tensor-core compute-bound
planner_debate,1024,mir_operator:prefill_layer18,elementwise_other,21,profiled,"void at::elementwise_kernel<128, 4, void at::gpu_kernel_impl",117868,13.61,0.0,60.31,0.0,23.86,38.91,50.98,0.67,,,"underutilised: SM 14 %, DRAM 31 %, L2 18 %, occ 54 %"
planner_debate,1024,mir_operator:prefill_layer18,concat,12,profiled,void at::<unnamed>::CatArrayBatchedCopy<at::<unnamed>::Opaqu,117869,28.19,0.0,19.89,0.0,12.35,53.49,70.32,1.33,,,"underutilised: SM 40 %, DRAM 29 %, L2 17 %, occ 76 %"
planner_debate,1024,mir_operator:prefill_layer18,attention,6,profiled,void pytorch_flash::flash_fwd_splitkv_kernel<Flash_fwd_kerne,117879,22.19,12.27,47.08,0.0,27.69,54.88,33.78,1.89,,,"underutilised: SM 18 %, DRAM 19 %, L2 29 %, occ 8 %"
planner_debate,1024,mir_operator:prefill_layer19,copy,24,profiled,void at::unrolled_elementwise_kernel<at::direct_copy_kernel_,117898,8.42,0.0,45.11,0.0,28.38,52.17,50.16,0.83,,,"underutilised: SM 20 %, DRAM 35 %, L2 33 %, occ 64 %"
planner_debate,1024,mir_operator:prefill_layer19,elementwise_unary,24,profiled,"void at::vectorized_elementwise_kernel<4, void at::<unnamed>",117899,0.75,0.0,26.22,0.0,12.53,51.56,14.48,0.15,,,DRAM-bandwidth-bound
planner_debate,1024,mir_operator:prefill_layer19,reduce,12,profiled,"void at::reduce_kernel<512, 1, at::ReduceOp<float, at::MeanO",117900,6.75,0.0,49.66,0.0,19.49,13.45,44.42,0.34,,,"underutilised: SM 2 %, DRAM 50 %, L2 20 %, occ 33 %"
planner_debate,1024,mir_operator:prefill_layer19,elementwise_binary,51,profiled,"void at::vectorized_elementwise_kernel<4, at::CUDAFunctorOnS",117901,16.3,0.0,38.2,0.0,22.69,55.8,65.8,1.17,,,"latency/launch-bound: 0.00 waves per SM, no unit above 30 % of peak"
planner_debate,1024,mir_operator:prefill_layer19,gemm,21,profiled,ampere_bf16_s16816gemm_bf16_128x64_ldg8_f2f_stages_64x3_tn,117906,37.05,41.45,30.84,0.0,67.05,90.84,13.79,1.0,,,tensor-core compute-bound
planner_debate,1024,mir_operator:prefill_layer19,elementwise_other,21,profiled,"void at::elementwise_kernel<128, 4, void at::gpu_kernel_impl",117926,13.86,0.0,61.17,0.0,24.28,38.69,50.82,0.67,,,"latency/launch-bound: 0.67 waves per SM, no unit above 30 % of peak"
planner_debate,1024,mir_operator:prefill_layer19,concat,12,profiled,void at::<unnamed>::CatArrayBatchedCopy<at::<unnamed>::Opaqu,117927,28.4,0.0,20.15,0.0,12.3,53.46,70.01,1.33,,,"underutilised: SM 40 %, DRAM 26 %, L2 16 %, occ 76 %"
planner_debate,1024,mir_operator:prefill_layer19,attention,6,profiled,void pytorch_flash::flash_fwd_splitkv_kernel<Flash_fwd_kerne,117937,22.4,12.09,44.75,0.0,27.99,54.84,25.85,1.89,,,"underutilised: SM 18 %, DRAM 19 %, L2 30 %, occ 8 %"
planner_debate,1024,mir_operator:prefill_layer20,copy,24,profiled,void at::unrolled_elementwise_kernel<at::direct_copy_kernel_,117956,7.28,0.0,45.77,0.0,28.56,51.48,50.65,0.83,,,"underutilised: SM 20 %, DRAM 35 %, L2 33 %, occ 64 %"
planner_debate,1024,mir_operator:prefill_layer20,elementwise_unary,24,profiled,"void at::vectorized_elementwise_kernel<4, void at::<unnamed>",117957,0.75,0.0,25.28,0.0,12.12,61.23,14.48,0.15,,,DRAM-bandwidth-bound
planner_debate,1024,mir_operator:prefill_layer20,reduce,12,profiled,"void at::reduce_kernel<512, 1, at::ReduceOp<float, at::MeanO",117958,6.47,0.0,52.08,0.0,20.46,13.48,44.52,0.34,,,"underutilised: SM 2 %, DRAM 53 %, L2 21 %, occ 33 %"
planner_debate,1024,mir_operator:prefill_layer20,elementwise_binary,51,profiled,"void at::vectorized_elementwise_kernel<4, at::CUDAFunctorOnS",117959,16.72,0.0,39.64,0.0,22.7,54.98,65.7,1.17,,,"latency/launch-bound: 0.00 waves per SM, no unit above 30 % of peak"
planner_debate,1024,mir_operator:prefill_layer20,gemm,21,profiled,ampere_bf16_s16816gemm_bf16_128x64_ldg8_f2f_stages_64x3_tn,117964,38.33,41.59,30.82,0.0,67.31,90.82,13.75,1.0,,,tensor-core compute-bound
planner_debate,1024,mir_operator:prefill_layer20,elementwise_other,21,profiled,"void at::elementwise_kernel<128, 4, void at::gpu_kernel_impl",117984,13.64,0.0,58.92,0.0,23.25,38.81,51.06,0.67,,,"underutilised: SM 14 %, DRAM 30 %, L2 18 %, occ 56 %"
planner_debate,1024,mir_operator:prefill_layer20,concat,12,profiled,void at::<unnamed>::CatArrayBatchedCopy<at::<unnamed>::Opaqu,117985,28.46,0.0,20.15,0.0,12.28,53.56,70.21,1.33,,,"underutilised: SM 40 %, DRAM 27 %, L2 16 %, occ 76 %"
planner_debate,1024,mir_operator:prefill_layer20,attention,6,profiled,void pytorch_flash::flash_fwd_splitkv_kernel<Flash_fwd_kerne,117995,22.42,12.18,46.67,0.0,27.97,54.88,33.72,1.89,,,"underutilised: SM 18 %, DRAM 19 %, L2 29 %, occ 8 %"
planner_debate,1024,mir_operator:prefill_layer21,copy,24,profiled,void at::unrolled_elementwise_kernel<at::direct_copy_kernel_,118014,8.41,0.0,45.03,0.0,28.18,51.47,50.55,0.83,,,"underutilised: SM 20 %, DRAM 36 %, L2 33 %, occ 65 %"
planner_debate,1024,mir_operator:prefill_layer21,elementwise_unary,24,profiled,"void at::vectorized_elementwise_kernel<4, void at::<unnamed>",118015,0.74,0.0,26.54,0.0,12.57,60.29,14.46,0.15,,,DRAM-bandwidth-bound
planner_debate,1024,mir_operator:prefill_layer21,reduce,12,profiled,"void at::reduce_kernel<512, 1, at::ReduceOp<float, at::MeanO",118016,6.46,0.0,50.34,0.0,19.74,13.67,44.58,0.34,,,"underutilised: SM 2 %, DRAM 51 %, L2 20 %, occ 33 %"
planner_debate,1024,mir_operator:prefill_layer21,elementwise_binary,51,profiled,"void at::vectorized_elementwise_kernel<4, at::CUDAFunctorOnS",118017,16.85,0.0,38.48,0.0,22.57,55.85,65.64,1.17,,,"latency/launch-bound: 0.00 waves per SM, no unit above 30 % of peak"
planner_debate,1024,mir_operator:prefill_layer21,gemm,21,profiled,ampere_bf16_s16816gemm_bf16_128x64_ldg8_f2f_stages_64x3_tn,118022,37.36,41.84,30.72,0.0,66.95,90.81,13.76,1.0,,,tensor-core compute-bound
planner_debate,1024,mir_operator:prefill_layer21,elementwise_other,21,profiled,"void at::elementwise_kernel<128, 4, void at::gpu_kernel_impl",118042,13.27,0.0,60.41,0.0,23.86,38.85,50.95,0.67,,,"underutilised: SM 13 %, DRAM 31 %, L2 19 %, occ 55 %"
planner_debate,1024,mir_operator:prefill_layer21,concat,12,profiled,void at::<unnamed>::CatArrayBatchedCopy<at::<unnamed>::Opaqu,118043,28.81,0.0,19.98,0.0,12.17,53.54,70.25,1.33,,,"underutilised: SM 39 %, DRAM 28 %, L2 17 %, occ 77 %"
planner_debate,1024,mir_operator:prefill_layer21,attention,6,profiled,void pytorch_flash::flash_fwd_splitkv_kernel<Flash_fwd_kerne,118053,22.32,12.02,41.84,0.0,27.8,54.89,33.66,1.89,,,"underutilised: SM 18 %, DRAM 19 %, L2 29 %, occ 8 %"
planner_debate,1024,mir_operator:prefill_layer22,copy,24,profiled,void at::unrolled_elementwise_kernel<at::direct_copy_kernel_,118072,8.1,0.0,45.31,0.0,27.43,47.37,50.63,0.83,,,"underutilised: SM 20 %, DRAM 34 %, L2 32 %, occ 64 %"
planner_debate,1024,mir_operator:prefill_layer22,elementwise_unary,24,profiled,"void at::vectorized_elementwise_kernel<4, void at::<unnamed>",118073,0.78,0.0,25.11,0.0,11.95,61.17,14.42,0.15,,,DRAM-bandwidth-bound
planner_debate,1024,mir_operator:prefill_layer22,reduce,12,profiled,"void at::reduce_kernel<512, 1, at::ReduceOp<float, at::MeanO",118074,6.47,0.0,50.96,0.0,20.04,13.3,44.55,0.34,,,"underutilised: SM 2 %, DRAM 50 %, L2 20 %, occ 33 %"
planner_debate,1024,mir_operator:prefill_layer22,elementwise_binary,51,profiled,"void at::vectorized_elementwise_kernel<4, at::CUDAFunctorOnS",118075,16.36,0.0,38.71,0.0,22.47,55.7,65.1,1.17,,,"latency/launch-bound: 0.00 waves per SM, no unit above 30 % of peak"
planner_debate,1024,mir_operator:prefill_layer22,gemm,21,profiled,ampere_bf16_s16816gemm_bf16_128x64_ldg8_f2f_stages_64x3_tn,118080,37.39,41.39,31.07,0.0,67.12,90.81,13.75,1.0,,,tensor-core compute-bound
planner_debate,1024,mir_operator:prefill_layer22,elementwise_other,21,profiled,"void at::elementwise_kernel<128, 4, void at::gpu_kernel_impl",118100,13.12,0.0,61.31,0.0,24.28,38.89,51.02,0.67,,,"underutilised: SM 13 %, DRAM 30 %, L2 18 %, occ 56 %"
planner_debate,1024,mir_operator:prefill_layer22,concat,12,profiled,void at::<unnamed>::CatArrayBatchedCopy<at::<unnamed>::Opaqu,118101,28.51,0.0,20.18,0.0,12.35,53.6,70.05,1.33,,,"underutilised: SM 39 %, DRAM 27 %, L2 16 %, occ 77 %"
planner_debate,1024,mir_operator:prefill_layer22,attention,6,profiled,void pytorch_flash::flash_fwd_splitkv_kernel<Flash_fwd_kerne,118111,22.46,12.27,41.55,0.0,28.0,54.95,33.77,1.89,,,"underutilised: SM 18 %, DRAM 19 %, L2 30 %, occ 8 %"
planner_debate,1024,mir_operator:prefill_layer23,copy,24,profiled,void at::unrolled_elementwise_kernel<at::direct_copy_kernel_,118130,7.87,0.0,46.55,0.0,28.33,52.02,50.27,0.83,,,"underutilised: SM 20 %, DRAM 35 %, L2 33 %, occ 64 %"
planner_debate,1024,mir_operator:prefill_layer23,elementwise_unary,24,profiled,"void at::vectorized_elementwise_kernel<4, void at::<unnamed>",118131,0.75,0.0,25.32,0.0,12.08,60.08,14.46,0.15,,,DRAM-bandwidth-bound
planner_debate,1024,mir_operator:prefill_layer23,reduce,12,profiled,"void at::reduce_kernel<512, 1, at::ReduceOp<float, at::MeanO",118132,6.71,0.0,49.78,0.0,19.53,13.44,44.4,0.34,,,"underutilised: SM 2 %, DRAM 50 %, L2 20 %, occ 33 %"
planner_debate,1024,mir_operator:prefill_layer23,elementwise_binary,51,profiled,"void at::vectorized_elementwise_kernel<4, at::CUDAFunctorOnS",118133,16.67,0.0,38.73,0.0,22.56,56.12,65.61,1.17,,,"latency/launch-bound: 0.00 waves per SM, no unit above 30 % of peak"
planner_debate,1024,mir_operator:prefill_layer23,gemm,21,profiled,ampere_bf16_s16816gemm_bf16_128x64_ldg8_f2f_stages_64x3_tn,118138,37.12,41.62,30.9,0.0,66.99,90.81,13.75,1.0,,,tensor-core compute-bound
planner_debate,1024,mir_operator:prefill_layer23,elementwise_other,21,profiled,"void at::elementwise_kernel<128, 4, void at::gpu_kernel_impl",118158,13.65,0.0,59.57,0.0,23.59,38.82,50.8,0.67,,,"underutilised: SM 14 %, DRAM 31 %, L2 19 %, occ 56 %"
planner_debate,1024,mir_operator:prefill_layer23,concat,12,profiled,void at::<unnamed>::CatArrayBatchedCopy<at::<unnamed>::Opaqu,118159,28.55,0.0,19.6,0.0,12.07,53.61,70.11,1.33,,,"underutilised: SM 39 %, DRAM 28 %, L2 17 %, occ 76 %"
planner_debate,1024,mir_operator:prefill_layer23,attention,6,profiled,void pytorch_flash::flash_fwd_splitkv_kernel<Flash_fwd_kerne,118169,22.42,11.98,40.96,0.0,27.6,54.78,33.61,1.89,,,"underutilised: SM 18 %, DRAM 19 %, L2 29 %, occ 8 %"
planner_debate,1024,mir_operator:prefill_layer24,copy,24,profiled,void at::unrolled_elementwise_kernel<at::direct_copy_kernel_,118188,8.42,0.0,45.72,0.0,28.52,52.26,49.72,0.83,,,"underutilised: SM 20 %, DRAM 35 %, L2 33 %, occ 64 %"
planner_debate,1024,mir_operator:prefill_layer24,elementwise_unary,24,profiled,"void at::vectorized_elementwise_kernel<4, void at::<unnamed>",118189,0.75,0.0,26.45,0.0,12.37,51.48,14.65,0.15,,,DRAM-bandwidth-bound
planner_debate,1024,mir_operator:prefill_layer24,reduce,12,profiled,"void at::reduce_kernel<512, 1, at::ReduceOp<float, at::MeanO",118190,6.53,0.0,50.36,0.0,19.79,13.43,44.58,0.34,,,"underutilised: SM 2 %, DRAM 50 %, L2 20 %, occ 33 %"
planner_debate,1024,mir_operator:prefill_layer24,elementwise_binary,51,profiled,"void at::vectorized_elementwise_kernel<4, at::CUDAFunctorOnS",118191,16.55,0.0,38.47,0.0,22.63,56.06,65.59,1.17,,,"latency/launch-bound: 0.00 waves per SM, no unit above 30 % of peak"
planner_debate,1024,mir_operator:prefill_layer24,gemm,21,profiled,ampere_bf16_s16816gemm_bf16_128x64_ldg8_f2f_stages_64x3_tn,118196,37.77,41.89,30.96,0.0,67.46,90.83,13.8,1.0,,,tensor-core compute-bound
planner_debate,1024,mir_operator:prefill_layer24,elementwise_other,21,profiled,"void at::elementwise_kernel<128, 4, void at::gpu_kernel_impl",118216,13.51,0.0,58.87,0.0,23.34,38.73,51.53,0.67,,,"latency/launch-bound: 0.67 waves per SM, no unit above 30 % of peak"
planner_debate,1024,mir_operator:prefill_layer24,concat,12,profiled,void at::<unnamed>::CatArrayBatchedCopy<at::<unnamed>::Opaqu,118217,28.36,0.0,20.11,0.0,12.38,53.83,70.23,1.33,,,"underutilised: SM 39 %, DRAM 28 %, L2 17 %, occ 76 %"
planner_debate,1024,mir_operator:prefill_layer24,attention,6,profiled,void pytorch_flash::flash_fwd_splitkv_kernel<Flash_fwd_kerne,118227,22.3,12.16,46.49,0.0,27.89,54.87,33.64,1.89,,,"underutilised: SM 18 %, DRAM 19 %, L2 29 %, occ 8 %"
planner_debate,1024,mir_operator:prefill_layer25,copy,24,profiled,void at::unrolled_elementwise_kernel<at::direct_copy_kernel_,118246,8.44,0.0,45.41,0.0,28.4,52.23,50.14,0.83,,,"underutilised: SM 20 %, DRAM 35 %, L2 33 %, occ 63 %"
planner_debate,1024,mir_operator:prefill_layer25,elementwise_unary,24,profiled,"void at::vectorized_elementwise_kernel<4, void at::<unnamed>",118247,0.75,0.0,24.82,0.0,11.81,62.06,14.42,0.15,,,DRAM-bandwidth-bound
planner_debate,1024,mir_operator:prefill_layer25,reduce,12,profiled,"void at::reduce_kernel<512, 1, at::ReduceOp<float, at::MeanO",118248,6.66,0.0,50.95,0.0,20.04,13.63,44.54,0.34,,,"underutilised: SM 2 %, DRAM 51 %, L2 20 %, occ 33 %"
planner_debate,1024,mir_operator:prefill_layer25,elementwise_binary,51,profiled,"void at::vectorized_elementwise_kernel<4, at::CUDAFunctorOnS",118249,16.65,0.0,38.97,0.0,22.38,55.75,65.84,1.17,,,"latency/launch-bound: 0.00 waves per SM, no unit above 30 % of peak"
planner_debate,1024,mir_operator:prefill_layer25,gemm,21,profiled,ampere_bf16_s16816gemm_bf16_128x64_ldg8_f2f_stages_64x3_tn,118254,37.36,41.41,31.05,0.0,66.81,90.83,14.01,1.0,,,tensor-core compute-bound
planner_debate,1024,mir_operator:prefill_layer25,elementwise_other,21,profiled,"void at::elementwise_kernel<128, 4, void at::gpu_kernel_impl",118274,13.18,0.0,61.02,0.0,24.12,38.87,51.04,0.67,,,"underutilised: SM 13 %, DRAM 31 %, L2 18 %, occ 56 %"
planner_debate,1024,mir_operator:prefill_layer25,concat,12,profiled,void at::<unnamed>::CatArrayBatchedCopy<at::<unnamed>::Opaqu,118275,28.48,0.0,19.94,0.0,12.35,53.56,70.23,1.33,,,"underutilised: SM 39 %, DRAM 27 %, L2 16 %, occ 76 %"
planner_debate,1024,mir_operator:prefill_layer25,attention,6,profiled,void pytorch_flash::flash_fwd_splitkv_kernel<Flash_fwd_kerne,118285,22.27,12.13,45.38,0.0,27.78,54.93,33.77,1.89,,,"underutilised: SM 18 %, DRAM 19 %, L2 29 %, occ 8 %"
planner_debate,1024,mir_operator:prefill_layer26,copy,24,profiled,void at::unrolled_elementwise_kernel<at::direct_copy_kernel_,118304,8.05,0.0,43.71,0.0,28.32,51.46,50.6,0.83,,,"underutilised: SM 20 %, DRAM 35 %, L2 33 %, occ 63 %"
planner_debate,1024,mir_operator:prefill_layer26,elementwise_unary,24,profiled,"void at::vectorized_elementwise_kernel<4, void at::<unnamed>",118305,0.8,0.0,8.44,0.0,3.67,52.18,14.44,0.15,,,DRAM-bandwidth-bound
planner_debate,1024,mir_operator:prefill_layer26,reduce,12,profiled,"void at::reduce_kernel<512, 1, at::ReduceOp<float, at::MeanO",118306,6.65,0.0,51.13,0.0,20.08,13.12,44.64,0.34,,,"underutilised: SM 2 %, DRAM 51 %, L2 20 %, occ 33 %"
planner_debate,1024,mir_operator:prefill_layer26,elementwise_binary,51,profiled,"void at::vectorized_elementwise_kernel<4, at::CUDAFunctorOnS",118307,16.84,0.0,38.93,0.0,22.91,55.12,65.47,1.17,,,"latency/launch-bound: 0.00 waves per SM, no unit above 30 % of peak"
planner_debate,1024,mir_operator:prefill_layer26,gemm,21,profiled,ampere_bf16_s16816gemm_bf16_128x64_ldg8_f2f_stages_64x3_tn,118312,37.16,41.66,31.0,0.0,67.01,90.82,13.81,1.0,,,tensor-core compute-bound
planner_debate,1024,mir_operator:prefill_layer26,elementwise_other,21,profiled,"void at::elementwise_kernel<128, 4, void at::gpu_kernel_impl",118332,13.0,0.0,60.36,0.0,23.78,39.43,50.11,0.67,,,"underutilised: SM 13 %, DRAM 30 %, L2 18 %, occ 56 %"
planner_debate,1024,mir_operator:prefill_layer26,concat,12,profiled,void at::<unnamed>::CatArrayBatchedCopy<at::<unnamed>::Opaqu,118333,28.59,0.0,20.17,0.0,12.29,53.54,70.27,1.33,,,"underutilised: SM 39 %, DRAM 28 %, L2 17 %, occ 76 %"
planner_debate,1024,mir_operator:prefill_layer26,attention,6,profiled,void pytorch_flash::flash_fwd_splitkv_kernel<Flash_fwd_kerne,118343,22.46,12.19,45.42,0.0,27.89,54.85,33.79,1.89,,,"underutilised: SM 18 %, DRAM 19 %, L2 29 %, occ 8 %"
planner_debate,1024,mir_operator:prefill_layer27,copy,24,profiled,void at::unrolled_elementwise_kernel<at::direct_copy_kernel_,118362,8.48,0.0,45.35,0.0,28.22,51.86,50.66,0.83,,,"underutilised: SM 20 %, DRAM 35 %, L2 33 %, occ 64 %"
planner_debate,1024,mir_operator:prefill_layer27,elementwise_unary,24,profiled,"void at::vectorized_elementwise_kernel<4, void at::<unnamed>",118363,0.75,0.0,25.02,0.0,11.87,61.81,14.35,0.15,,,DRAM-bandwidth-bound
planner_debate,1024,mir_operator:prefill_layer27,reduce,12,profiled,"void at::reduce_kernel<512, 1, at::ReduceOp<float, at::MeanO",118364,6.47,0.0,50.78,0.0,19.94,13.43,44.65,0.34,,,"underutilised: SM 2 %, DRAM 51 %, L2 20 %, occ 33 %"
planner_debate,1024,mir_operator:prefill_layer27,elementwise_binary,51,profiled,"void at::vectorized_elementwise_kernel<4, at::CUDAFunctorOnS",118365,16.41,0.0,38.74,0.0,22.75,55.82,65.4,1.17,,,"latency/launch-bound: 0.00 waves per SM, no unit above 30 % of peak"
planner_debate,1024,mir_operator:prefill_layer27,gemm,21,profiled,ampere_bf16_s16816gemm_bf16_128x64_ldg8_f2f_stages_64x3_tn,118370,38.11,41.97,30.91,0.0,66.97,90.82,13.74,1.0,,,tensor-core compute-bound
planner_debate,1024,mir_operator:prefill_layer27,elementwise_other,21,profiled,"void at::elementwise_kernel<128, 4, void at::gpu_kernel_impl",118390,13.77,0.0,59.8,0.0,23.64,38.86,50.58,0.67,,,"underutilised: SM 14 %, DRAM 30 %, L2 18 %, occ 55 %"
planner_debate,1024,mir_operator:prefill_layer27,concat,12,profiled,void at::<unnamed>::CatArrayBatchedCopy<at::<unnamed>::Opaqu,118391,28.85,0.0,20.16,0.0,12.23,53.67,70.0,1.33,,,"underutilised: SM 40 %, DRAM 28 %, L2 18 %, occ 76 %"
planner_debate,1024,mir_operator:prefill_layer27,attention,6,profiled,void pytorch_flash::flash_fwd_splitkv_kernel<Flash_fwd_kerne,118401,22.22,12.14,45.11,0.0,27.81,54.87,34.01,1.89,,,"underutilised: SM 18 %, DRAM 19 %, L2 29 %, occ 8 %"
planner_debate,1024,mir_operator:prefill_head,copy,6,profiled,void at::unrolled_elementwise_kernel<at::direct_copy_kernel_,118420,9.67,0.0,51.61,0.0,28.28,51.58,55.81,1.0,,,"underutilised: SM 20 %, DRAM 35 %, L2 33 %, occ 63 %"
planner_debate,1024,mir_operator:prefill_head,elementwise_unary,6,profiled,"void at::vectorized_elementwise_kernel<4, void at::<unnamed>",118421,0.94,0.0,30.91,0.0,14.4,69.95,23.47,0.29,,,DRAM-bandwidth-bound
planner_debate,1024,mir_operator:prefill_head,reduce,3,profiled,"void at::reduce_kernel<512, 1, at::ReduceOp<float, at::MeanO",118422,1.61,0.0,50.85,0.0,19.98,12.26,33.27,0.08,,,"underutilised: SM 2 %, DRAM 51 %, L2 20 %, occ 33 %"
planner_debate,1024,mir_operator:prefill_head,elementwise_binary,9,profiled,"void at::vectorized_elementwise_kernel<4, at::CUDAFunctorOnS",118423,16.63,0.0,40.27,0.0,24.31,57.25,65.06,1.33,,,"latency/launch-bound: 0.00 waves per SM, no unit above 30 % of peak"
planner_debate,1024,mir_operator:prefill_head,gemm,3,profiled,ampere_bf16_s1688gemm_bf16_64x128_sliced1x2_ldg8_f2f_tn,118428,46.46,45.87,52.55,0.0,72.22,91.0,16.55,37.09,,,tensor-core compute-bound
planner_debate,1024,mir_operator:prefill_sample,reduce,3,profiled,"void at::reduce_kernel<512, 1, at::ReduceOp<c10::BFloat16, a",118430,2.79,0.0,5.27,0.0,3.04,65.41,33.13,0.05,,,"latency/launch-bound: 0.05 waves per SM, no unit above 30 % of peak"
planner_debate,1024,mir_operator:decode_embed,other,3,profiled,"void at::<unnamed>::indexSelectSmallIndex<c10::BFloat16, lon",118433,0.25,0.0,0.34,0.0,0.65,87.25,8.31,0.01,,,"latency/launch-bound: 0.01 waves per SM, no unit above 30 % of peak"
planner_debate,1024,mir_operator:decode_layer00,copy,24,profiled,void at::unrolled_elementwise_kernel<at::direct_copy_kernel_,118444,0.02,0.0,0.89,0.0,1.26,87.83,8.29,0.0,,,"latency/launch-bound: 0.00 waves per SM, no unit above 30 % of peak"
planner_debate,1024,mir_operator:decode_layer00,elementwise_unary,24,profiled,"void at::vectorized_elementwise_kernel<4, void at::<unnamed>",118445,0.02,0.0,0.5,0.0,0.9,83.18,7.38,0.0,,,"latency/launch-bound: 0.00 waves per SM, no unit above 30 % of peak"
planner_debate,1024,mir_operator:decode_layer00,reduce,12,profiled,"void at::reduce_kernel<512, 1, at::ReduceOp<float, at::MeanO",118446,0.08,0.0,1.96,0.0,3.83,89.74,31.85,0.0,,,"latency/launch-bound: 0.00 waves per SM, no unit above 30 % of peak"
planner_debate,1024,mir_operator:decode_layer00,elementwise_binary,51,profiled,"void at::vectorized_elementwise_kernel<4, at::CUDAFunctorOnS",118447,0.04,0.0,0.8,0.0,1.37,88.42,8.31,0.0,,,"latency/launch-bound: 0.00 waves per SM, no unit above 30 % of peak"
planner_debate,1024,mir_operator:decode_layer00,gemv,21,profiled,"std::enable_if<!T7, void>::type internal::kernel<int, int, _",118452,15.36,0.0,75.45,0.0,47.34,9.21,15.97,0.67,,,DRAM-bandwidth-bound
planner_debate,1024,mir_operator:decode_layer00,elementwise_other,21,profiled,"void at::elementwise_kernel<128, 4, void at::gpu_kernel_impl",118472,0.02,0.0,0.77,0.0,1.07,85.32,8.28,0.0,,,"latency/launch-bound: 0.00 waves per SM, no unit above 30 % of peak"
planner_debate,1024,mir_operator:decode_layer00,concat,12,profiled,void at::<unnamed>::CatArrayBatchedCopy<at::<unnamed>::Opaqu,118473,5.36,0.0,13.25,0.0,6.64,66.06,56.09,1.08,,,"underutilised: SM 6 %, DRAM 0 %, L2 1 %, occ 76 %"
planner_debate,1024,mir_operator:decode_layer00,attention,6,profiled,void pytorch_flash::flash_fwd_splitkv_kernel<Flash_fwd_kerne,118483,2.53,11.32,12.49,0.0,5.34,52.85,8.28,0.12,,,"latency/launch-bound: 0.31 waves per SM, no unit above 30 % of peak"
planner_debate,1024,mir_operator:decode_layer01,copy,24,profiled,void at::unrolled_elementwise_kernel<at::direct_copy_kernel_,118501,0.03,0.0,0.89,0.0,1.6,86.8,8.29,0.0,,,"latency/launch-bound: 0.00 waves per SM, no unit above 30 % of peak"
planner_debate,1024,mir_operator:decode_layer01,elementwise_unary,24,profiled,"void at::vectorized_elementwise_kernel<4, void at::<unnamed>",118502,0.01,0.0,0.42,0.0,0.88,85.07,7.47,0.0,,,"latency/launch-bound: 0.00 waves per SM, no unit above 30 % of peak"
planner_debate,1024,mir_operator:decode_layer01,reduce,12,profiled,"void at::reduce_kernel<512, 1, at::ReduceOp<float, at::MeanO",118503,0.08,0.0,1.98,0.0,3.85,89.64,31.91,0.0,,,"latency/launch-bound: 0.00 waves per SM, no unit above 30 % of peak"
planner_debate,1024,mir_operator:decode_layer01,elementwise_binary,51,profiled,"void at::vectorized_elementwise_kernel<4, at::CUDAFunctorOnS",118504,0.04,0.0,0.8,0.0,1.35,89.14,8.31,0.0,,,"latency/launch-bound: 0.00 waves per SM, no unit above 30 % of peak"
planner_debate,1024,mir_operator:decode_layer01,gemv,21,profiled,"std::enable_if<!T7, void>::type internal::kernel<int, int, _",118509,15.26,0.0,75.01,0.0,47.28,9.06,15.93,0.67,,,DRAM-bandwidth-bound
planner_debate,1024,mir_operator:decode_layer01,elementwise_other,21,profiled,"void at::elementwise_kernel<128, 4, void at::gpu_kernel_impl",118529,0.02,0.0,0.8,0.0,1.14,84.84,8.28,0.0,,,"latency/launch-bound: 0.00 waves per SM, no unit above 30 % of peak"
planner_debate,1024,mir_operator:decode_layer01,concat,12,profiled,void at::<unnamed>::CatArrayBatchedCopy<at::<unnamed>::Opaqu,118530,5.47,0.0,13.26,0.0,6.66,66.93,56.65,1.08,,,"underutilised: SM 6 %, DRAM 0 %, L2 1 %, occ 77 %"
planner_debate,1024,mir_operator:decode_layer01,attention,6,profiled,void pytorch_flash::flash_fwd_splitkv_kernel<Flash_fwd_kerne,118540,2.52,11.59,12.23,0.0,5.39,53.1,8.27,0.12,,,"latency/launch-bound: 0.31 waves per SM, no unit above 30 % of peak"
planner_debate,1024,mir_operator:decode_layer02,copy,24,profiled,void at::unrolled_elementwise_kernel<at::direct_copy_kernel_,118558,0.02,0.0,0.89,0.0,1.61,86.88,8.29,0.0,,,"latency/launch-bound: 0.00 waves per SM, no unit above 30 % of peak"
planner_debate,1024,mir_operator:decode_layer02,elementwise_unary,24,profiled,"void at::vectorized_elementwise_kernel<4, void at::<unnamed>",118559,0.02,0.0,0.47,0.0,0.9,87.16,7.54,0.0,,,"latency/launch-bound: 0.00 waves per SM, no unit above 30 % of peak"
planner_debate,1024,mir_operator:decode_layer02,reduce,12,profiled,"void at::reduce_kernel<512, 1, at::ReduceOp<float, at::MeanO",118560,0.08,0.0,1.97,0.0,3.85,89.43,31.82,0.0,,,"latency/launch-bound: 0.00 waves per SM, no unit above 30 % of peak"
planner_debate,1024,mir_operator:decode_layer02,elementwise_binary,51,profiled,"void at::vectorized_elementwise_kernel<4, at::CUDAFunctorOnS",118561,0.04,0.0,0.79,0.0,1.37,88.07,8.31,0.0,,,"latency/launch-bound: 0.00 waves per SM, no unit above 30 % of peak"
planner_debate,1024,mir_operator:decode_layer02,gemv,21,profiled,"std::enable_if<!T7, void>::type internal::kernel<int, int, _",118566,15.4,0.0,74.9,0.0,46.57,9.2,15.96,0.67,,,DRAM-bandwidth-bound
planner_debate,1024,mir_operator:decode_layer02,elementwise_other,21,profiled,"void at::elementwise_kernel<128, 4, void at::gpu_kernel_impl",118586,0.02,0.0,0.8,0.0,1.25,85.92,8.27,0.0,,,"latency/launch-bound: 0.00 waves per SM, no unit above 30 % of peak"
planner_debate,1024,mir_operator:decode_layer02,concat,12,profiled,void at::<unnamed>::CatArrayBatchedCopy<at::<unnamed>::Opaqu,118587,5.46,0.0,13.5,0.0,7.02,53.2,56.38,1.08,,,"underutilised: SM 6 %, DRAM 0 %, L2 1 %, occ 76 %"
planner_debate,1024,mir_operator:decode_layer02,attention,6,profiled,void pytorch_flash::flash_fwd_splitkv_kernel<Flash_fwd_kerne,118597,2.47,11.21,12.17,0.0,5.22,51.57,8.29,0.12,,,"latency/launch-bound: 0.31 waves per SM, no unit above 30 % of peak"
planner_debate,1024,mir_operator:decode_layer03,copy,24,profiled,void at::unrolled_elementwise_kernel<at::direct_copy_kernel_,118615,0.02,0.0,0.9,0.0,1.62,86.65,8.29,0.0,,,"latency/launch-bound: 0.00 waves per SM, no unit above 30 % of peak"
planner_debate,1024,mir_operator:decode_layer03,elementwise_unary,24,profiled,"void at::vectorized_elementwise_kernel<4, void at::<unnamed>",118616,0.02,0.0,0.41,0.0,0.89,86.76,7.7,0.0,,,"latency/launch-bound: 0.00 waves per SM, no unit above 30 % of peak"
planner_debate,1024,mir_operator:decode_layer03,reduce,12,profiled,"void at::reduce_kernel<512, 1, at::ReduceOp<float, at::MeanO",118617,0.09,0.0,1.97,0.0,3.84,89.84,31.85,0.0,,,"latency/launch-bound: 0.00 waves per SM, no unit above 30 % of peak"
planner_debate,1024,mir_operator:decode_layer03,elementwise_binary,51,profiled,"void at::vectorized_elementwise_kernel<4, at::CUDAFunctorOnS",118618,0.04,0.0,0.76,0.0,1.36,88.25,8.31,0.0,,,"latency/launch-bound: 0.00 waves per SM, no unit above 30 % of peak"
planner_debate,1024,mir_operator:decode_layer03,gemv,21,profiled,"std::enable_if<!T7, void>::type internal::kernel<int, int, _",118623,15.37,0.0,74.63,0.0,46.74,9.23,16.0,0.67,,,DRAM-bandwidth-bound
planner_debate,1024,mir_operator:decode_layer03,elementwise_other,21,profiled,"void at::elementwise_kernel<128, 4, void at::gpu_kernel_impl",118643,0.02,0.0,0.81,0.0,1.1,85.89,8.26,0.0,,,"latency/launch-bound: 0.00 waves per SM, no unit above 30 % of peak"
planner_debate,1024,mir_operator:decode_layer03,concat,12,profiled,void at::<unnamed>::CatArrayBatchedCopy<at::<unnamed>::Opaqu,118644,5.49,0.0,13.35,0.0,6.62,68.96,56.19,1.08,,,"underutilised: SM 6 %, DRAM 0 %, L2 1 %, occ 77 %"
planner_debate,1024,mir_operator:decode_layer03,attention,6,profiled,void pytorch_flash::flash_fwd_splitkv_kernel<Flash_fwd_kerne,118654,2.57,11.18,12.22,0.0,5.24,52.53,8.29,0.12,,,"latency/launch-bound: 0.31 waves per SM, no unit above 30 % of peak"
planner_debate,1024,mir_operator:decode_layer04,copy,24,profiled,void at::unrolled_elementwise_kernel<at::direct_copy_kernel_,118672,0.02,0.0,1.04,0.0,2.22,87.11,8.3,0.0,,,"latency/launch-bound: 0.00 waves per SM, no unit above 30 % of peak"
planner_debate,1024,mir_operator:decode_layer04,elementwise_unary,24,profiled,"void at::vectorized_elementwise_kernel<4, void at::<unnamed>",118673,0.02,0.0,0.42,0.0,0.89,86.61,7.29,0.0,,,"latency/launch-bound: 0.00 waves per SM, no unit above 30 % of peak"
planner_debate,1024,mir_operator:decode_layer04,reduce,12,profiled,"void at::reduce_kernel<512, 1, at::ReduceOp<float, at::MeanO",118674,0.09,0.0,1.96,0.0,3.85,89.45,31.83,0.0,,,"latency/launch-bound: 0.00 waves per SM, no unit above 30 % of peak"
planner_debate,1024,mir_operator:decode_layer04,elementwise_binary,51,profiled,"void at::vectorized_elementwise_kernel<4, at::CUDAFunctorOnS",118675,0.04,0.0,0.8,0.0,1.38,88.62,8.31,0.0,,,"latency/launch-bound: 0.00 waves per SM, no unit above 30 % of peak"
planner_debate,1024,mir_operator:decode_layer04,gemv,21,profiled,"std::enable_if<!T7, void>::type internal::kernel<int, int, _",118680,15.5,0.0,74.79,0.0,47.45,9.19,16.03,0.67,,,DRAM-bandwidth-bound
planner_debate,1024,mir_operator:decode_layer04,elementwise_other,21,profiled,"void at::elementwise_kernel<128, 4, void at::gpu_kernel_impl",118700,0.02,0.0,0.81,0.0,1.28,83.67,8.28,0.0,,,"latency/launch-bound: 0.00 waves per SM, no unit above 30 % of peak"
planner_debate,1024,mir_operator:decode_layer04,concat,12,profiled,void at::<unnamed>::CatArrayBatchedCopy<at::<unnamed>::Opaqu,118701,5.28,0.0,13.63,0.0,6.87,70.76,56.15,1.08,,,"underutilised: SM 5 %, DRAM 0 %, L2 1 %, occ 77 %"
planner_debate,1024,mir_operator:decode_layer04,attention,6,profiled,void pytorch_flash::flash_fwd_splitkv_kernel<Flash_fwd_kerne,118711,2.39,11.33,6.79,0.0,3.1,52.48,8.28,0.12,,,"latency/launch-bound: 0.31 waves per SM, no unit above 30 % of peak"
planner_debate,1024,mir_operator:decode_layer05,copy,24,profiled,void at::unrolled_elementwise_kernel<at::direct_copy_kernel_,118729,0.03,0.0,0.89,0.0,1.82,87.38,8.29,0.0,,,"latency/launch-bound: 0.00 waves per SM, no unit above 30 % of peak"
planner_debate,1024,mir_operator:decode_layer05,elementwise_unary,24,profiled,"void at::vectorized_elementwise_kernel<4, void at::<unnamed>",118730,0.02,0.0,0.43,0.0,0.89,85.11,7.48,0.0,,,"latency/launch-bound: 0.00 waves per SM, no unit above 30 % of peak"
planner_debate,1024,mir_operator:decode_layer05,reduce,12,profiled,"void at::reduce_kernel<512, 1, at::ReduceOp<float, at::MeanO",118731,0.08,0.0,1.96,0.0,3.85,90.07,31.78,0.0,,,"latency/launch-bound: 0.00 waves per SM, no unit above 30 % of peak"
planner_debate,1024,mir_operator:decode_layer05,elementwise_binary,51,profiled,"void at::vectorized_elementwise_kernel<4, at::CUDAFunctorOnS",118732,0.04,0.0,0.78,0.0,1.38,89.15,8.31,0.0,,,"latency/launch-bound: 0.00 waves per SM, no unit above 30 % of peak"
planner_debate,1024,mir_operator:decode_layer05,gemv,21,profiled,"std::enable_if<!T7, void>::type internal::kernel<int, int, _",118737,15.42,0.0,74.47,0.0,46.52,9.36,16.01,0.67,,,DRAM-bandwidth-bound
planner_debate,1024,mir_operator:decode_layer05,elementwise_other,21,profiled,"void at::elementwise_kernel<128, 4, void at::gpu_kernel_impl",118757,0.02,0.0,0.8,0.0,1.08,83.86,8.27,0.0,,,"latency/launch-bound: 0.00 waves per SM, no unit above 30 % of peak"
planner_debate,1024,mir_operator:decode_layer05,concat,12,profiled,void at::<unnamed>::CatArrayBatchedCopy<at::<unnamed>::Opaqu,118758,5.34,0.0,13.47,0.0,6.75,70.73,55.97,1.08,,,"underutilised: SM 6 %, DRAM 0 %, L2 1 %, occ 77 %"
planner_debate,1024,mir_operator:decode_layer05,attention,6,profiled,void pytorch_flash::flash_fwd_splitkv_kernel<Flash_fwd_kerne,118768,2.54,11.35,12.45,0.0,5.53,52.58,8.28,0.12,,,"latency/launch-bound: 0.31 waves per SM, no unit above 30 % of peak"
planner_debate,1024,mir_operator:decode_layer06,copy,24,profiled,void at::unrolled_elementwise_kernel<at::direct_copy_kernel_,118786,0.02,0.0,0.89,0.0,1.76,86.29,8.3,0.0,,,"latency/launch-bound: 0.00 waves per SM, no unit above 30 % of peak"
planner_debate,1024,mir_operator:decode_layer06,elementwise_unary,24,profiled,"void at::vectorized_elementwise_kernel<4, void at::<unnamed>",118787,0.02,0.0,0.41,0.0,0.89,83.02,7.66,0.0,,,"latency/launch-bound: 0.00 waves per SM, no unit above 30 % of peak"
planner_debate,1024,mir_operator:decode_layer06,reduce,12,profiled,"void at::reduce_kernel<512, 1, at::ReduceOp<float, at::MeanO",118788,0.08,0.0,1.96,0.0,3.83,89.48,31.86,0.0,,,"latency/launch-bound: 0.00 waves per SM, no unit above 30 % of peak"
planner_debate,1024,mir_operator:decode_layer06,elementwise_binary,51,profiled,"void at::vectorized_elementwise_kernel<4, at::CUDAFunctorOnS",118789,0.04,0.0,0.8,0.0,1.37,88.18,8.31,0.0,,,"latency/launch-bound: 0.00 waves per SM, no unit above 30 % of peak"
planner_debate,1024,mir_operator:decode_layer06,gemv,21,profiled,"std::enable_if<!T7, void>::type internal::kernel<int, int, _",118794,15.43,0.0,74.85,0.0,46.57,9.21,16.02,0.67,,,DRAM-bandwidth-bound
planner_debate,1024,mir_operator:decode_layer06,elementwise_other,21,profiled,"void at::elementwise_kernel<128, 4, void at::gpu_kernel_impl",118814,0.02,0.0,0.81,0.0,1.11,85.18,8.29,0.0,,,"latency/launch-bound: 0.00 waves per SM, no unit above 30 % of peak"
planner_debate,1024,mir_operator:decode_layer06,concat,12,profiled,void at::<unnamed>::CatArrayBatchedCopy<at::<unnamed>::Opaqu,118815,5.35,0.0,13.37,0.0,6.69,69.87,56.28,1.08,,,"underutilised: SM 6 %, DRAM 0 %, L2 1 %, occ 76 %"
planner_debate,1024,mir_operator:decode_layer06,attention,6,profiled,void pytorch_flash::flash_fwd_splitkv_kernel<Flash_fwd_kerne,118825,2.54,11.27,12.29,0.0,5.23,52.8,8.27,0.12,,,"latency/launch-bound: 0.31 waves per SM, no unit above 30 % of peak"
planner_debate,1024,mir_operator:decode_layer07,copy,24,profiled,void at::unrolled_elementwise_kernel<at::direct_copy_kernel_,118843,0.03,0.0,0.9,0.0,2.21,86.82,8.3,0.0,,,"latency/launch-bound: 0.00 waves per SM, no unit above 30 % of peak"
planner_debate,1024,mir_operator:decode_layer07,elementwise_unary,24,profiled,"void at::vectorized_elementwise_kernel<4, void at::<unnamed>",118844,0.02,0.0,0.43,0.0,0.89,84.91,7.78,0.0,,,"latency/launch-bound: 0.00 waves per SM, no unit above 30 % of peak"
planner_debate,1024,mir_operator:decode_layer07,reduce,12,profiled,"void at::reduce_kernel<512, 1, at::ReduceOp<float, at::MeanO",118845,0.09,0.0,1.97,0.0,3.85,89.5,31.83,0.0,,,"latency/launch-bound: 0.00 waves per SM, no unit above 30 % of peak"
planner_debate,1024,mir_operator:decode_layer07,elementwise_binary,51,profiled,"void at::vectorized_elementwise_kernel<4, at::CUDAFunctorOnS",118846,0.04,0.0,0.79,0.0,1.36,87.65,8.31,0.0,,,"latency/launch-bound: 0.00 waves per SM, no unit above 30 % of peak"
planner_debate,1024,mir_operator:decode_layer07,gemv,21,profiled,"std::enable_if<!T7, void>::type internal::kernel<int, int, _",118851,15.41,0.0,75.4,0.0,47.16,9.01,16.02,0.67,,,DRAM-bandwidth-bound
planner_debate,1024,mir_operator:decode_layer07,elementwise_other,21,profiled,"void at::elementwise_kernel<128, 4, void at::gpu_kernel_impl",118871,0.02,0.0,0.8,0.0,1.17,84.24,8.27,0.0,,,"latency/launch-bound: 0.00 waves per SM, no unit above 30 % of peak"
planner_debate,1024,mir_operator:decode_layer07,concat,12,profiled,void at::<unnamed>::CatArrayBatchedCopy<at::<unnamed>::Opaqu,118872,5.49,0.0,5.29,0.0,5.95,65.72,56.59,1.08,,,"underutilised: SM 6 %, DRAM 0 %, L2 1 %, occ 77 %"
planner_debate,1024,mir_operator:decode_layer07,attention,6,profiled,void pytorch_flash::flash_fwd_splitkv_kernel<Flash_fwd_kerne,118882,2.46,11.36,11.95,0.0,5.13,52.34,8.3,0.12,,,"latency/launch-bound: 0.31 waves per SM, no unit above 30 % of peak"
planner_debate,1024,mir_operator:decode_layer08,copy,24,profiled,void at::unrolled_elementwise_kernel<at::direct_copy_kernel_,118900,0.03,0.0,0.89,0.0,1.76,85.8,8.3,0.0,,,"latency/launch-bound: 0.00 waves per SM, no unit above 30 % of peak"
planner_debate,1024,mir_operator:decode_layer08,elementwise_unary,24,profiled,"void at::vectorized_elementwise_kernel<4, void at::<unnamed>",118901,0.02,0.0,0.42,0.0,0.89,85.55,7.5,0.0,,,"latency/launch-bound: 0.00 waves per SM, no unit above 30 % of peak"
planner_debate,1024,mir_operator:decode_layer08,reduce,12,profiled,"void at::reduce_kernel<512, 1, at::ReduceOp<float, at::MeanO",118902,0.08,0.0,1.96,0.0,3.81,89.81,31.79,0.0,,,"latency/launch-bound: 0.00 waves per SM, no unit above 30 % of peak"
planner_debate,1024,mir_operator:decode_layer08,elementwise_binary,51,profiled,"void at::vectorized_elementwise_kernel<4, at::CUDAFunctorOnS",118903,0.04,0.0,0.79,0.0,1.37,86.64,8.31,0.0,,,"latency/launch-bound: 0.00 waves per SM, no unit above 30 % of peak"
planner_debate,1024,mir_operator:decode_layer08,gemv,21,profiled,"std::enable_if<!T7, void>::type internal::kernel<int, int, _",118908,15.5,0.0,75.35,0.0,46.8,9.17,15.97,0.67,,,DRAM-bandwidth-bound
planner_debate,1024,mir_operator:decode_layer08,elementwise_other,21,profiled,"void at::elementwise_kernel<128, 4, void at::gpu_kernel_impl",118928,0.02,0.0,0.81,0.0,1.13,84.61,8.28,0.0,,,"latency/launch-bound: 0.00 waves per SM, no unit above 30 % of peak"
planner_debate,1024,mir_operator:decode_layer08,concat,12,profiled,void at::<unnamed>::CatArrayBatchedCopy<at::<unnamed>::Opaqu,118929,5.37,0.0,13.38,0.0,6.69,69.76,56.06,1.08,,,"underutilised: SM 6 %, DRAM 0 %, L2 1 %, occ 77 %"
planner_debate,1024,mir_operator:decode_layer08,attention,6,profiled,void pytorch_flash::flash_fwd_splitkv_kernel<Flash_fwd_kerne,118939,2.51,11.26,12.22,0.0,5.25,52.63,8.29,0.12,,,"latency/launch-bound: 0.31 waves per SM, no unit above 30 % of peak"
planner_debate,1024,mir_operator:decode_layer09,copy,24,profiled,void at::unrolled_elementwise_kernel<at::direct_copy_kernel_,118957,0.03,0.0,0.87,0.0,2.22,86.34,8.3,0.0,,,"latency/launch-bound: 0.00 waves per SM, no unit above 30 % of peak"
planner_debate,1024,mir_operator:decode_layer09,elementwise_unary,24,profiled,"void at::vectorized_elementwise_kernel<4, void at::<unnamed>",118958,0.02,0.0,0.43,0.0,0.89,85.49,7.46,0.0,,,"latency/launch-bound: 0.00 waves per SM, no unit above 30 % of peak"
planner_debate,1024,mir_operator:decode_layer09,reduce,12,profiled,"void at::reduce_kernel<512, 1, at::ReduceOp<float, at::MeanO",118959,0.08,0.0,1.98,0.0,3.84,89.54,31.86,0.0,,,"latency/launch-bound: 0.00 waves per SM, no unit above 30 % of peak"
planner_debate,1024,mir_operator:decode_layer09,elementwise_binary,51,profiled,"void at::vectorized_elementwise_kernel<4, at::CUDAFunctorOnS",118960,0.04,0.0,0.8,0.0,1.36,87.33,8.31,0.0,,,"latency/launch-bound: 0.00 waves per SM, no unit above 30 % of peak"
planner_debate,1024,mir_operator:decode_layer09,gemv,21,profiled,"std::enable_if<!T7, void>::type internal::kernel<int, int, _",118965,15.54,0.0,74.36,0.0,46.97,9.2,15.99,0.67,,,DRAM-bandwidth-bound
planner_debate,1024,mir_operator:decode_layer09,elementwise_other,21,profiled,"void at::elementwise_kernel<128, 4, void at::gpu_kernel_impl",118985,0.02,0.0,0.81,0.0,1.17,84.92,8.26,0.0,,,"latency/launch-bound: 0.00 waves per SM, no unit above 30 % of peak"
planner_debate,1024,mir_operator:decode_layer09,concat,12,profiled,void at::<unnamed>::CatArrayBatchedCopy<at::<unnamed>::Opaqu,118986,5.41,0.0,13.31,0.0,6.66,70.82,56.12,1.08,,,"underutilised: SM 6 %, DRAM 0 %, L2 1 %, occ 77 %"
planner_debate,1024,mir_operator:decode_layer09,attention,6,profiled,void pytorch_flash::flash_fwd_splitkv_kernel<Flash_fwd_kerne,118996,2.48,11.25,12.71,0.0,5.44,51.79,8.3,0.12,,,"latency/launch-bound: 0.31 waves per SM, no unit above 30 % of peak"
planner_debate,1024,mir_operator:decode_layer10,copy,24,profiled,void at::unrolled_elementwise_kernel<at::direct_copy_kernel_,119014,0.02,0.0,0.9,0.0,1.85,86.84,8.3,0.0,,,"latency/launch-bound: 0.00 waves per SM, no unit above 30 % of peak"
planner_debate,1024,mir_operator:decode_layer10,elementwise_unary,24,profiled,"void at::vectorized_elementwise_kernel<4, void at::<unnamed>",119015,0.02,0.0,0.41,0.0,0.91,84.79,7.65,0.0,,,"latency/launch-bound: 0.00 waves per SM, no unit above 30 % of peak"
planner_debate,1024,mir_operator:decode_layer10,reduce,12,profiled,"void at::reduce_kernel<512, 1, at::ReduceOp<float, at::MeanO",119016,0.08,0.0,1.97,0.0,3.83,89.87,31.8,0.0,,,"latency/launch-bound: 0.00 waves per SM, no unit above 30 % of peak"
planner_debate,1024,mir_operator:decode_layer10,elementwise_binary,51,profiled,"void at::vectorized_elementwise_kernel<4, at::CUDAFunctorOnS",119017,0.04,0.0,0.76,0.0,1.37,87.0,8.31,0.0,,,"latency/launch-bound: 0.00 waves per SM, no unit above 30 % of peak"
planner_debate,1024,mir_operator:decode_layer10,gemv,21,profiled,"std::enable_if<!T7, void>::type internal::kernel<int, int, _",119022,15.35,0.0,74.75,0.0,46.93,9.19,15.99,0.67,,,DRAM-bandwidth-bound
planner_debate,1024,mir_operator:decode_layer10,elementwise_other,21,profiled,"void at::elementwise_kernel<128, 4, void at::gpu_kernel_impl",119042,0.02,0.0,0.81,0.0,1.16,84.01,8.27,0.0,,,"latency/launch-bound: 0.00 waves per SM, no unit above 30 % of peak"
planner_debate,1024,mir_operator:decode_layer10,concat,12,profiled,void at::<unnamed>::CatArrayBatchedCopy<at::<unnamed>::Opaqu,119043,5.44,0.0,13.38,0.0,6.7,69.78,55.94,1.08,,,"underutilised: SM 6 %, DRAM 0 %, L2 1 %, occ 76 %"
planner_debate,1024,mir_operator:decode_layer10,attention,6,profiled,void pytorch_flash::flash_fwd_splitkv_kernel<Flash_fwd_kerne,119053,2.42,11.18,11.9,0.0,5.12,52.3,8.28,0.12,,,"latency/launch-bound: 0.31 waves per SM, no unit above 30 % of peak"
planner_debate,1024,mir_operator:decode_layer11,copy,24,profiled,void at::unrolled_elementwise_kernel<at::direct_copy_kernel_,119071,0.03,0.0,0.88,0.0,1.61,86.89,8.29,0.0,,,"latency/launch-bound: 0.00 waves per SM, no unit above 30 % of peak"
planner_debate,1024,mir_operator:decode_layer11,elementwise_unary,24,profiled,"void at::vectorized_elementwise_kernel<4, void at::<unnamed>",119072,0.02,0.0,0.43,0.0,0.88,87.67,7.7,0.0,,,"latency/launch-bound: 0.00 waves per SM, no unit above 30 % of peak"
planner_debate,1024,mir_operator:decode_layer11,reduce,12,profiled,"void at::reduce_kernel<512, 1, at::ReduceOp<float, at::MeanO",119073,0.08,0.0,1.98,0.0,3.85,89.82,31.88,0.0,,,"latency/launch-bound: 0.00 waves per SM, no unit above 30 % of peak"
planner_debate,1024,mir_operator:decode_layer11,elementwise_binary,51,profiled,"void at::vectorized_elementwise_kernel<4, at::CUDAFunctorOnS",119074,0.04,0.0,0.76,0.0,1.37,87.63,8.31,0.0,,,"latency/launch-bound: 0.00 waves per SM, no unit above 30 % of peak"
planner_debate,1024,mir_operator:decode_layer11,gemv,21,profiled,"std::enable_if<!T7, void>::type internal::kernel<int, int, _",119079,15.44,0.0,75.45,0.0,47.46,9.34,15.96,0.67,,,DRAM-bandwidth-bound
planner_debate,1024,mir_operator:decode_layer11,elementwise_other,21,profiled,"void at::elementwise_kernel<128, 4, void at::gpu_kernel_impl",119099,0.02,0.0,0.8,0.0,1.09,85.06,8.26,0.0,,,"latency/launch-bound: 0.00 waves per SM, no unit above 30 % of peak"
planner_debate,1024,mir_operator:decode_layer11,concat,12,profiled,void at::<unnamed>::CatArrayBatchedCopy<at::<unnamed>::Opaqu,119100,5.5,0.0,14.04,0.0,8.92,70.69,56.16,1.08,,,"underutilised: SM 6 %, DRAM 0 %, L2 1 %, occ 77 %"
planner_debate,1024,mir_operator:decode_layer11,attention,6,profiled,void pytorch_flash::flash_fwd_splitkv_kernel<Flash_fwd_kerne,119110,2.55,11.43,12.67,0.0,5.41,52.35,8.28,0.12,,,"latency/launch-bound: 0.31 waves per SM, no unit above 30 % of peak"
planner_debate,1024,mir_operator:decode_layer12,copy,24,profiled,void at::unrolled_elementwise_kernel<at::direct_copy_kernel_,119128,0.03,0.0,0.89,0.0,1.59,87.64,8.3,0.0,,,"latency/launch-bound: 0.00 waves per SM, no unit above 30 % of peak"
planner_debate,1024,mir_operator:decode_layer12,elementwise_unary,24,profiled,"void at::vectorized_elementwise_kernel<4, void at::<unnamed>",119129,0.02,0.0,0.36,0.0,0.89,86.04,7.6,0.0,,,"latency/launch-bound: 0.00 waves per SM, no unit above 30 % of peak"
planner_debate,1024,mir_operator:decode_layer12,reduce,12,profiled,"void at::reduce_kernel<512, 1, at::ReduceOp<float, at::MeanO",119130,0.08,0.0,1.96,0.0,3.83,89.7,31.84,0.0,,,"latency/launch-bound: 0.00 waves per SM, no unit above 30 % of peak"
planner_debate,1024,mir_operator:decode_layer12,elementwise_binary,51,profiled,"void at::vectorized_elementwise_kernel<4, at::CUDAFunctorOnS",119131,0.04,0.0,0.79,0.0,1.34,87.52,8.31,0.0,,,"latency/launch-bound: 0.00 waves per SM, no unit above 30 % of peak"
planner_debate,1024,mir_operator:decode_layer12,gemv,21,profiled,"std::enable_if<!T7, void>::type internal::kernel<int, int, _",119136,15.47,0.0,74.47,0.0,46.78,9.21,15.99,0.67,,,DRAM-bandwidth-bound
planner_debate,1024,mir_operator:decode_layer12,elementwise_other,21,profiled,"void at::elementwise_kernel<128, 4, void at::gpu_kernel_impl",119156,0.02,0.0,0.77,0.0,1.15,86.0,8.26,0.0,,,"latency/launch-bound: 0.00 waves per SM, no unit above 30 % of peak"
planner_debate,1024,mir_operator:decode_layer12,concat,12,profiled,void at::<unnamed>::CatArrayBatchedCopy<at::<unnamed>::Opaqu,119157,5.35,0.0,12.93,0.0,7.09,70.61,56.1,1.08,,,"underutilised: SM 6 %, DRAM 0 %, L2 1 %, occ 76 %"
planner_debate,1024,mir_operator:decode_layer12,attention,6,profiled,void pytorch_flash::flash_fwd_splitkv_kernel<Flash_fwd_kerne,119167,2.55,11.3,12.3,0.0,5.27,52.23,8.28,0.12,,,"latency/launch-bound: 0.31 waves per SM, no unit above 30 % of peak"
planner_debate,1024,mir_operator:decode_layer13,copy,24,profiled,void at::unrolled_elementwise_kernel<at::direct_copy_kernel_,119185,0.02,0.0,0.89,0.0,2.18,88.3,8.3,0.0,,,"latency/launch-bound: 0.00 waves per SM, no unit above 30 % of peak"
planner_debate,1024,mir_operator:decode_layer13,elementwise_unary,24,profiled,"void at::vectorized_elementwise_kernel<4, void at::<unnamed>",119186,0.02,0.0,0.39,0.0,0.89,83.62,7.65,0.0,,,"latency/launch-bound: 0.00 waves per SM, no unit above 30 % of peak"
planner_debate,1024,mir_operator:decode_layer13,reduce,12,profiled,"void at::reduce_kernel<512, 1, at::ReduceOp<float, at::MeanO",119187,0.08,0.0,1.97,0.0,3.85,89.52,31.82,0.0,,,"latency/launch-bound: 0.00 waves per SM, no unit above 30 % of peak"
planner_debate,1024,mir_operator:decode_layer13,elementwise_binary,51,profiled,"void at::vectorized_elementwise_kernel<4, at::CUDAFunctorOnS",119188,0.04,0.0,0.78,0.0,1.36,88.86,8.31,0.0,,,"latency/launch-bound: 0.00 waves per SM, no unit above 30 % of peak"
planner_debate,1024,mir_operator:decode_layer13,gemv,21,profiled,"std::enable_if<!T7, void>::type internal::kernel<int, int, _",119193,15.48,0.0,74.75,0.0,46.55,9.24,15.97,0.67,,,DRAM-bandwidth-bound
planner_debate,1024,mir_operator:decode_layer13,elementwise_other,21,profiled,"void at::elementwise_kernel<128, 4, void at::gpu_kernel_impl",119213,0.02,0.0,0.81,0.0,1.16,84.26,8.26,0.0,,,"latency/launch-bound: 0.00 waves per SM, no unit above 30 % of peak"
planner_debate,1024,mir_operator:decode_layer13,concat,12,profiled,void at::<unnamed>::CatArrayBatchedCopy<at::<unnamed>::Opaqu,119214,5.52,0.0,13.26,0.0,6.72,66.49,56.09,1.08,,,"underutilised: SM 6 %, DRAM 0 %, L2 1 %, occ 77 %"
planner_debate,1024,mir_operator:decode_layer13,attention,6,profiled,void pytorch_flash::flash_fwd_splitkv_kernel<Flash_fwd_kerne,119224,2.53,11.21,12.22,0.0,5.26,52.5,8.27,0.12,,,"latency/launch-bound: 0.31 waves per SM, no unit above 30 % of peak"
planner_debate,1024,mir_operator:decode_layer14,copy,24,profiled,void at::unrolled_elementwise_kernel<at::direct_copy_kernel_,119242,0.03,0.0,0.9,0.0,1.52,86.77,8.3,0.0,,,"latency/launch-bound: 0.00 waves per SM, no unit above 30 % of peak"
planner_debate,1024,mir_operator:decode_layer14,elementwise_unary,24,profiled,"void at::vectorized_elementwise_kernel<4, void at::<unnamed>",119243,0.02,0.0,0.42,0.0,0.89,85.38,7.59,0.0,,,"latency/launch-bound: 0.00 waves per SM, no unit above 30 % of peak"
planner_debate,1024,mir_operator:decode_layer14,reduce,12,profiled,"void at::reduce_kernel<512, 1, at::ReduceOp<float, at::MeanO",119244,0.08,0.0,1.96,0.0,3.83,89.47,31.79,0.0,,,"latency/launch-bound: 0.00 waves per SM, no unit above 30 % of peak"
planner_debate,1024,mir_operator:decode_layer14,elementwise_binary,51,profiled,"void at::vectorized_elementwise_kernel<4, at::CUDAFunctorOnS",119245,0.04,0.0,0.79,0.0,1.39,88.88,8.31,0.0,,,"latency/launch-bound: 0.00 waves per SM, no unit above 30 % of peak"
planner_debate,1024,mir_operator:decode_layer14,gemv,21,profiled,"std::enable_if<!T7, void>::type internal::kernel<int, int, _",119250,15.35,0.0,75.34,0.0,47.53,9.2,15.95,0.67,,,DRAM-bandwidth-bound
planner_debate,1024,mir_operator:decode_layer14,elementwise_other,21,profiled,"void at::elementwise_kernel<128, 4, void at::gpu_kernel_impl",119270,0.02,0.0,0.79,0.0,1.11,85.62,8.28,0.0,,,"latency/launch-bound: 0.00 waves per SM, no unit above 30 % of peak"
planner_debate,1024,mir_operator:decode_layer14,concat,12,profiled,void at::<unnamed>::CatArrayBatchedCopy<at::<unnamed>::Opaqu,119271,5.51,0.0,13.37,0.0,6.68,71.02,55.97,1.08,,,"underutilised: SM 6 %, DRAM 0 %, L2 1 %, occ 76 %"
planner_debate,1024,mir_operator:decode_layer14,attention,6,profiled,void pytorch_flash::flash_fwd_splitkv_kernel<Flash_fwd_kerne,119281,2.54,11.14,12.39,0.0,5.34,52.46,8.28,0.12,,,"latency/launch-bound: 0.31 waves per SM, no unit above 30 % of peak"
planner_debate,1024,mir_operator:decode_layer15,copy,24,profiled,void at::unrolled_elementwise_kernel<at::direct_copy_kernel_,119299,0.03,0.0,0.9,0.0,1.62,87.2,8.3,0.0,,,"latency/launch-bound: 0.00 waves per SM, no unit above 30 % of peak"
planner_debate,1024,mir_operator:decode_layer15,elementwise_unary,24,profiled,"void at::vectorized_elementwise_kernel<4, void at::<unnamed>",119300,0.02,0.0,0.42,0.0,0.9,85.32,7.67,0.0,,,"latency/launch-bound: 0.00 waves per SM, no unit above 30 % of peak"
planner_debate,1024,mir_operator:decode_layer15,reduce,12,profiled,"void at::reduce_kernel<512, 1, at::ReduceOp<float, at::MeanO",119301,0.08,0.0,1.97,0.0,3.83,89.59,31.92,0.0,,,"latency/launch-bound: 0.00 waves per SM, no unit above 30 % of peak"
planner_debate,1024,mir_operator:decode_layer15,elementwise_binary,51,profiled,"void at::vectorized_elementwise_kernel<4, at::CUDAFunctorOnS",119302,0.04,0.0,0.79,0.0,1.36,89.24,8.31,0.0,,,"latency/launch-bound: 0.00 waves per SM, no unit above 30 % of peak"
planner_debate,1024,mir_operator:decode_layer15,gemv,21,profiled,"std::enable_if<!T7, void>::type internal::kernel<int, int, _",119307,15.44,0.0,75.34,0.0,46.76,9.21,16.0,0.67,,,DRAM-bandwidth-bound
planner_debate,1024,mir_operator:decode_layer15,elementwise_other,21,profiled,"void at::elementwise_kernel<128, 4, void at::gpu_kernel_impl",119327,0.02,0.0,0.74,0.0,1.08,84.86,8.28,0.0,,,"latency/launch-bound: 0.00 waves per SM, no unit above 30 % of peak"
planner_debate,1024,mir_operator:decode_layer15,concat,12,profiled,void at::<unnamed>::CatArrayBatchedCopy<at::<unnamed>::Opaqu,119328,5.32,0.0,13.41,0.0,6.97,53.16,56.08,1.08,,,"underutilised: SM 6 %, DRAM 0 %, L2 1 %, occ 77 %"
planner_debate,1024,mir_operator:decode_layer15,attention,6,profiled,void pytorch_flash::flash_fwd_splitkv_kernel<Flash_fwd_kerne,119338,2.55,11.46,12.62,0.0,5.39,52.58,8.28,0.12,,,"latency/launch-bound: 0.31 waves per SM, no unit above 30 % of peak"
planner_debate,1024,mir_operator:decode_layer16,copy,24,profiled,void at::unrolled_elementwise_kernel<at::direct_copy_kernel_,119356,0.02,0.0,0.9,0.0,1.81,86.23,8.29,0.0,,,"latency/launch-bound: 0.00 waves per SM, no unit above 30 % of peak"
planner_debate,1024,mir_operator:decode_layer16,elementwise_unary,24,profiled,"void at::vectorized_elementwise_kernel<4, void at::<unnamed>",119357,0.02,0.0,0.42,0.0,0.87,87.58,7.54,0.0,,,"latency/launch-bound: 0.00 waves per SM, no unit above 30 % of peak"
planner_debate,1024,mir_operator:decode_layer16,reduce,12,profiled,"void at::reduce_kernel<512, 1, at::ReduceOp<float, at::MeanO",119358,0.08,0.0,1.96,0.0,3.85,89.73,31.89,0.0,,,"latency/launch-bound: 0.00 waves per SM, no unit above 30 % of peak"
planner_debate,1024,mir_operator:decode_layer16,elementwise_binary,51,profiled,"void at::vectorized_elementwise_kernel<4, at::CUDAFunctorOnS",119359,0.04,0.0,0.8,0.0,1.39,87.68,8.31,0.0,,,"latency/launch-bound: 0.00 waves per SM, no unit above 30 % of peak"
planner_debate,1024,mir_operator:decode_layer16,gemv,21,profiled,"std::enable_if<!T7, void>::type internal::kernel<int, int, _",119364,15.44,0.0,75.07,0.0,47.92,9.2,15.98,0.67,,,DRAM-bandwidth-bound
planner_debate,1024,mir_operator:decode_layer16,elementwise_other,21,profiled,"void at::elementwise_kernel<128, 4, void at::gpu_kernel_impl",119384,0.02,0.0,0.81,0.0,1.39,84.4,8.27,0.0,,,"latency/launch-bound: 0.00 waves per SM, no unit above 30 % of peak"
planner_debate,1024,mir_operator:decode_layer16,concat,12,profiled,void at::<unnamed>::CatArrayBatchedCopy<at::<unnamed>::Opaqu,119385,5.39,0.0,13.41,0.0,7.21,70.42,55.81,1.08,,,"underutilised: SM 6 %, DRAM 0 %, L2 1 %, occ 76 %"
planner_debate,1024,mir_operator:decode_layer16,attention,6,profiled,void pytorch_flash::flash_fwd_splitkv_kernel<Flash_fwd_kerne,119395,2.44,11.23,12.05,0.0,5.16,52.56,8.28,0.12,,,"latency/launch-bound: 0.31 waves per SM, no unit above 30 % of peak"
planner_debate,1024,mir_operator:decode_layer17,copy,24,profiled,void at::unrolled_elementwise_kernel<at::direct_copy_kernel_,119413,0.03,0.0,0.9,0.0,1.6,85.82,8.3,0.0,,,"latency/launch-bound: 0.00 waves per SM, no unit above 30 % of peak"
planner_debate,1024,mir_operator:decode_layer17,elementwise_unary,24,profiled,"void at::vectorized_elementwise_kernel<4, void at::<unnamed>",119414,0.02,0.0,0.43,0.0,0.88,85.41,7.63,0.0,,,"latency/launch-bound: 0.00 waves per SM, no unit above 30 % of peak"
planner_debate,1024,mir_operator:decode_layer17,reduce,12,profiled,"void at::reduce_kernel<512, 1, at::ReduceOp<float, at::MeanO",119415,0.09,0.0,1.96,0.0,3.83,90.04,31.81,0.0,,,"latency/launch-bound: 0.00 waves per SM, no unit above 30 % of peak"
planner_debate,1024,mir_operator:decode_layer17,elementwise_binary,51,profiled,"void at::vectorized_elementwise_kernel<4, at::CUDAFunctorOnS",119416,0.04,0.0,0.79,0.0,1.38,88.97,8.31,0.0,,,"latency/launch-bound: 0.00 waves per SM, no unit above 30 % of peak"
planner_debate,1024,mir_operator:decode_layer17,gemv,21,profiled,"std::enable_if<!T7, void>::type internal::kernel<int, int, _",119421,15.5,0.0,74.96,0.0,47.16,9.34,16.0,0.67,,,DRAM-bandwidth-bound
planner_debate,1024,mir_operator:decode_layer17,elementwise_other,21,profiled,"void at::elementwise_kernel<128, 4, void at::gpu_kernel_impl",119441,0.02,0.0,0.81,0.0,1.07,84.29,8.26,0.0,,,"latency/launch-bound: 0.00 waves per SM, no unit above 30 % of peak"
planner_debate,1024,mir_operator:decode_layer17,concat,12,profiled,void at::<unnamed>::CatArrayBatchedCopy<at::<unnamed>::Opaqu,119442,5.46,0.0,13.42,0.0,7.08,70.49,56.32,1.08,,,"underutilised: SM 6 %, DRAM 0 %, L2 1 %, occ 76 %"
planner_debate,1024,mir_operator:decode_layer17,attention,6,profiled,void pytorch_flash::flash_fwd_splitkv_kernel<Flash_fwd_kerne,119452,2.53,11.37,13.96,0.0,5.57,41.31,8.29,0.12,,,"latency/launch-bound: 0.31 waves per SM, no unit above 30 % of peak"
planner_debate,1024,mir_operator:decode_layer18,copy,24,profiled,void at::unrolled_elementwise_kernel<at::direct_copy_kernel_,119470,0.02,0.0,0.89,0.0,1.6,87.0,8.27,0.0,,,"latency/launch-bound: 0.00 waves per SM, no unit above 30 % of peak"
planner_debate,1024,mir_operator:decode_layer18,elementwise_unary,24,profiled,"void at::vectorized_elementwise_kernel<4, void at::<unnamed>",119471,0.02,0.0,0.42,0.0,0.9,86.58,7.69,0.0,,,"latency/launch-bound: 0.00 waves per SM, no unit above 30 % of peak"
planner_debate,1024,mir_operator:decode_layer18,reduce,12,profiled,"void at::reduce_kernel<512, 1, at::ReduceOp<float, at::MeanO",119472,0.08,0.0,1.95,0.0,3.84,89.81,31.84,0.0,,,"latency/launch-bound: 0.00 waves per SM, no unit above 30 % of peak"
planner_debate,1024,mir_operator:decode_layer18,elementwise_binary,51,profiled,"void at::vectorized_elementwise_kernel<4, at::CUDAFunctorOnS",119473,0.04,0.0,0.78,0.0,1.38,88.45,8.31,0.0,,,"latency/launch-bound: 0.00 waves per SM, no unit above 30 % of peak"
planner_debate,1024,mir_operator:decode_layer18,gemv,21,profiled,"std::enable_if<!T7, void>::type internal::kernel<int, int, _",119478,15.51,0.0,74.79,0.0,46.67,9.36,16.01,0.67,,,DRAM-bandwidth-bound
planner_debate,1024,mir_operator:decode_layer18,elementwise_other,21,profiled,"void at::elementwise_kernel<128, 4, void at::gpu_kernel_impl",119498,0.02,0.0,0.81,0.0,1.41,83.53,8.27,0.0,,,"latency/launch-bound: 0.00 waves per SM, no unit above 30 % of peak"
planner_debate,1024,mir_operator:decode_layer18,concat,12,profiled,void at::<unnamed>::CatArrayBatchedCopy<at::<unnamed>::Opaqu,119499,5.33,0.0,13.48,0.0,6.75,65.28,56.01,1.08,,,"underutilised: SM 6 %, DRAM 0 %, L2 1 %, occ 76 %"
planner_debate,1024,mir_operator:decode_layer18,attention,6,profiled,void pytorch_flash::flash_fwd_splitkv_kernel<Flash_fwd_kerne,119509,2.48,11.4,12.31,0.0,5.31,51.05,8.28,0.12,,,"latency/launch-bound: 0.31 waves per SM, no unit above 30 % of peak"
planner_debate,1024,mir_operator:decode_layer19,copy,24,profiled,void at::unrolled_elementwise_kernel<at::direct_copy_kernel_,119527,0.03,0.0,0.89,0.0,1.84,84.84,8.3,0.0,,,"latency/launch-bound: 0.00 waves per SM, no unit above 30 % of peak"
planner_debate,1024,mir_operator:decode_layer19,elementwise_unary,24,profiled,"void at::vectorized_elementwise_kernel<4, void at::<unnamed>",119528,0.02,0.0,0.43,0.0,0.9,84.9,7.6,0.0,,,"latency/launch-bound: 0.00 waves per SM, no unit above 30 % of peak"
planner_debate,1024,mir_operator:decode_layer19,reduce,12,profiled,"void at::reduce_kernel<512, 1, at::ReduceOp<float, at::MeanO",119529,0.08,0.0,1.99,0.0,3.87,89.89,31.85,0.0,,,"latency/launch-bound: 0.00 waves per SM, no unit above 30 % of peak"
planner_debate,1024,mir_operator:decode_layer19,elementwise_binary,51,profiled,"void at::vectorized_elementwise_kernel<4, at::CUDAFunctorOnS",119530,0.04,0.0,0.8,0.0,1.36,88.73,8.31,0.0,,,"latency/launch-bound: 0.00 waves per SM, no unit above 30 % of peak"
planner_debate,1024,mir_operator:decode_layer19,gemv,21,profiled,"std::enable_if<!T7, void>::type internal::kernel<int, int, _",119535,15.5,0.0,75.23,0.0,46.83,9.23,16.0,0.67,,,DRAM-bandwidth-bound
planner_debate,1024,mir_operator:decode_layer19,elementwise_other,21,profiled,"void at::elementwise_kernel<128, 4, void at::gpu_kernel_impl",119555,0.02,0.0,0.81,0.0,1.15,85.46,8.26,0.0,,,"latency/launch-bound: 0.00 waves per SM, no unit above 30 % of peak"
planner_debate,1024,mir_operator:decode_layer19,concat,12,profiled,void at::<unnamed>::CatArrayBatchedCopy<at::<unnamed>::Opaqu,119556,5.5,0.0,13.11,0.0,6.85,70.01,56.62,1.08,,,"underutilised: SM 6 %, DRAM 0 %, L2 1 %, occ 77 %"
planner_debate,1024,mir_operator:decode_layer19,attention,6,profiled,void pytorch_flash::flash_fwd_splitkv_kernel<Flash_fwd_kerne,119566,2.53,11.48,12.31,0.0,5.27,52.74,8.29,0.12,,,"latency/launch-bound: 0.31 waves per SM, no unit above 30 % of peak"
planner_debate,1024,mir_operator:decode_layer20,copy,24,profiled,void at::unrolled_elementwise_kernel<at::direct_copy_kernel_,119584,0.02,0.0,0.89,0.0,2.17,87.38,8.29,0.0,,,"latency/launch-bound: 0.00 waves per SM, no unit above 30 % of peak"
planner_debate,1024,mir_operator:decode_layer20,elementwise_unary,24,profiled,"void at::vectorized_elementwise_kernel<4, void at::<unnamed>",119585,0.02,0.0,0.42,0.0,0.89,84.63,7.65,0.0,,,"latency/launch-bound: 0.00 waves per SM, no unit above 30 % of peak"
planner_debate,1024,mir_operator:decode_layer20,reduce,12,profiled,"void at::reduce_kernel<512, 1, at::ReduceOp<float, at::MeanO",119586,0.08,0.0,1.96,0.0,3.82,89.92,31.91,0.0,,,"latency/launch-bound: 0.00 waves per SM, no unit above 30 % of peak"
planner_debate,1024,mir_operator:decode_layer20,elementwise_binary,51,profiled,"void at::vectorized_elementwise_kernel<4, at::CUDAFunctorOnS",119587,0.04,0.0,0.78,0.0,1.36,88.79,8.31,0.0,,,"latency/launch-bound: 0.00 waves per SM, no unit above 30 % of peak"
planner_debate,1024,mir_operator:decode_layer20,gemv,21,profiled,"std::enable_if<!T7, void>::type internal::kernel<int, int, _",119592,15.38,0.0,75.4,0.0,46.88,8.95,15.96,0.67,,,DRAM-bandwidth-bound
planner_debate,1024,mir_operator:decode_layer20,elementwise_other,21,profiled,"void at::elementwise_kernel<128, 4, void at::gpu_kernel_impl",119612,0.02,0.0,0.8,0.0,1.09,84.42,8.27,0.0,,,"latency/launch-bound: 0.00 waves per SM, no unit above 30 % of peak"
planner_debate,1024,mir_operator:decode_layer20,concat,12,profiled,void at::<unnamed>::CatArrayBatchedCopy<at::<unnamed>::Opaqu,119613,5.51,0.0,13.49,0.0,6.72,70.41,56.29,1.08,,,"underutilised: SM 6 %, DRAM 0 %, L2 1 %, occ 76 %"
planner_debate,1024,mir_operator:decode_layer20,attention,6,profiled,void pytorch_flash::flash_fwd_splitkv_kernel<Flash_fwd_kerne,119623,2.54,11.23,12.56,0.0,5.37,52.8,8.28,0.12,,,"latency/launch-bound: 0.31 waves per SM, no unit above 30 % of peak"
planner_debate,1024,mir_operator:decode_layer21,copy,24,profiled,void at::unrolled_elementwise_kernel<at::direct_copy_kernel_,119641,0.03,0.0,0.89,0.0,2.19,85.91,8.3,0.0,,,"latency/launch-bound: 0.00 waves per SM, no unit above 30 % of peak"
planner_debate,1024,mir_operator:decode_layer21,elementwise_unary,24,profiled,"void at::vectorized_elementwise_kernel<4, void at::<unnamed>",119642,0.02,0.0,0.41,0.0,0.88,85.0,7.48,0.0,,,"latency/launch-bound: 0.00 waves per SM, no unit above 30 % of peak"
planner_debate,1024,mir_operator:decode_layer21,reduce,12,profiled,"void at::reduce_kernel<512, 1, at::ReduceOp<float, at::MeanO",119643,0.08,0.0,1.97,0.0,3.83,89.52,31.91,0.0,,,"latency/launch-bound: 0.00 waves per SM, no unit above 30 % of peak"
planner_debate,1024,mir_operator:decode_layer21,elementwise_binary,51,profiled,"void at::vectorized_elementwise_kernel<4, at::CUDAFunctorOnS",119644,0.04,0.0,0.8,0.0,1.38,87.57,8.31,0.0,,,"latency/launch-bound: 0.00 waves per SM, no unit above 30 % of peak"
planner_debate,1024,mir_operator:decode_layer21,gemv,21,profiled,"std::enable_if<!T7, void>::type internal::kernel<int, int, _",119649,15.54,0.0,75.56,0.0,46.93,9.33,16.0,0.67,,,DRAM-bandwidth-bound
planner_debate,1024,mir_operator:decode_layer21,elementwise_other,21,profiled,"void at::elementwise_kernel<128, 4, void at::gpu_kernel_impl",119669,0.02,0.0,0.81,0.0,1.07,85.69,8.26,0.0,,,"latency/launch-bound: 0.00 waves per SM, no unit above 30 % of peak"
planner_debate,1024,mir_operator:decode_layer21,concat,12,profiled,void at::<unnamed>::CatArrayBatchedCopy<at::<unnamed>::Opaqu,119670,5.47,0.0,13.38,0.0,6.64,70.92,56.44,1.08,,,"underutilised: SM 6 %, DRAM 0 %, L2 1 %, occ 77 %"
planner_debate,1024,mir_operator:decode_layer21,attention,6,profiled,void pytorch_flash::flash_fwd_splitkv_kernel<Flash_fwd_kerne,119680,2.51,11.14,12.4,0.0,5.86,53.35,8.28,0.12,,,"latency/launch-bound: 0.31 waves per SM, no unit above 30 % of peak"
planner_debate,1024,mir_operator:decode_layer22,copy,24,profiled,void at::unrolled_elementwise_kernel<at::direct_copy_kernel_,119698,0.03,0.0,0.84,0.0,1.51,86.54,8.29,0.0,,,"latency/launch-bound: 0.00 waves per SM, no unit above 30 % of peak"
planner_debate,1024,mir_operator:decode_layer22,elementwise_unary,24,profiled,"void at::vectorized_elementwise_kernel<4, void at::<unnamed>",119699,0.02,0.0,0.43,0.0,0.89,83.31,7.66,0.0,,,"latency/launch-bound: 0.00 waves per SM, no unit above 30 % of peak"
planner_debate,1024,mir_operator:decode_layer22,reduce,12,profiled,"void at::reduce_kernel<512, 1, at::ReduceOp<float, at::MeanO",119700,0.08,0.0,1.96,0.0,3.81,89.84,31.8,0.0,,,"latency/launch-bound: 0.00 waves per SM, no unit above 30 % of peak"
planner_debate,1024,mir_operator:decode_layer22,elementwise_binary,51,profiled,"void at::vectorized_elementwise_kernel<4, at::CUDAFunctorOnS",119701,0.04,0.0,0.79,0.0,1.38,88.92,8.31,0.0,,,"latency/launch-bound: 0.00 waves per SM, no unit above 30 % of peak"
planner_debate,1024,mir_operator:decode_layer22,gemv,21,profiled,"std::enable_if<!T7, void>::type internal::kernel<int, int, _",119706,15.49,0.0,74.85,0.0,47.31,9.19,15.99,0.67,,,DRAM-bandwidth-bound
planner_debate,1024,mir_operator:decode_layer22,elementwise_other,21,profiled,"void at::elementwise_kernel<128, 4, void at::gpu_kernel_impl",119726,0.02,0.0,0.81,0.0,1.07,84.12,8.27,0.0,,,"latency/launch-bound: 0.00 waves per SM, no unit above 30 % of peak"
planner_debate,1024,mir_operator:decode_layer22,concat,12,profiled,void at::<unnamed>::CatArrayBatchedCopy<at::<unnamed>::Opaqu,119727,5.37,0.0,13.97,0.0,7.21,66.7,56.06,1.08,,,"underutilised: SM 6 %, DRAM 0 %, L2 1 %, occ 76 %"
planner_debate,1024,mir_operator:decode_layer22,attention,6,profiled,void pytorch_flash::flash_fwd_splitkv_kernel<Flash_fwd_kerne,119737,2.45,11.17,11.97,0.0,5.13,50.85,8.28,0.12,,,"latency/launch-bound: 0.31 waves per SM, no unit above 30 % of peak"
planner_debate,1024,mir_operator:decode_layer23,copy,24,profiled,void at::unrolled_elementwise_kernel<at::direct_copy_kernel_,119755,0.03,0.0,0.9,0.0,1.78,87.26,8.3,0.0,,,"latency/launch-bound: 0.00 waves per SM, no unit above 30 % of peak"
planner_debate,1024,mir_operator:decode_layer23,elementwise_unary,24,profiled,"void at::vectorized_elementwise_kernel<4, void at::<unnamed>",119756,0.02,0.0,0.43,0.0,0.93,82.61,7.64,0.0,,,"latency/launch-bound: 0.00 waves per SM, no unit above 30 % of peak"
planner_debate,1024,mir_operator:decode_layer23,reduce,12,profiled,"void at::reduce_kernel<512, 1, at::ReduceOp<float, at::MeanO",119757,0.08,0.0,1.96,0.0,3.84,89.49,31.79,0.0,,,"latency/launch-bound: 0.00 waves per SM, no unit above 30 % of peak"
planner_debate,1024,mir_operator:decode_layer23,elementwise_binary,51,profiled,"void at::vectorized_elementwise_kernel<4, at::CUDAFunctorOnS",119758,0.04,0.0,0.78,0.0,1.37,88.65,8.31,0.0,,,"latency/launch-bound: 0.00 waves per SM, no unit above 30 % of peak"
planner_debate,1024,mir_operator:decode_layer23,gemv,21,profiled,"std::enable_if<!T7, void>::type internal::kernel<int, int, _",119763,15.6,0.0,75.12,0.0,46.73,9.18,16.01,0.67,,,DRAM-bandwidth-bound
planner_debate,1024,mir_operator:decode_layer23,elementwise_other,21,profiled,"void at::elementwise_kernel<128, 4, void at::gpu_kernel_impl",119783,0.02,0.0,0.8,0.0,1.17,84.91,8.26,0.0,,,"latency/launch-bound: 0.00 waves per SM, no unit above 30 % of peak"
planner_debate,1024,mir_operator:decode_layer23,concat,12,profiled,void at::<unnamed>::CatArrayBatchedCopy<at::<unnamed>::Opaqu,119784,5.44,0.0,13.43,0.0,6.87,70.01,56.17,1.08,,,"underutilised: SM 6 %, DRAM 0 %, L2 1 %, occ 77 %"
planner_debate,1024,mir_operator:decode_layer23,attention,6,profiled,void pytorch_flash::flash_fwd_splitkv_kernel<Flash_fwd_kerne,119794,2.56,11.44,12.13,0.0,5.19,52.31,8.28,0.12,,,"latency/launch-bound: 0.31 waves per SM, no unit above 30 % of peak"
planner_debate,1024,mir_operator:decode_layer24,copy,24,profiled,void at::unrolled_elementwise_kernel<at::direct_copy_kernel_,119812,0.03,0.0,0.9,0.0,1.81,86.96,8.29,0.0,,,"latency/launch-bound: 0.00 waves per SM, no unit above 30 % of peak"
planner_debate,1024,mir_operator:decode_layer24,elementwise_unary,24,profiled,"void at::vectorized_elementwise_kernel<4, void at::<unnamed>",119813,0.02,0.0,0.41,0.0,0.91,84.46,7.69,0.0,,,"latency/launch-bound: 0.00 waves per SM, no unit above 30 % of peak"
planner_debate,1024,mir_operator:decode_layer24,reduce,12,profiled,"void at::reduce_kernel<512, 1, at::ReduceOp<float, at::MeanO",119814,0.08,0.0,1.96,0.0,3.81,89.7,31.87,0.0,,,"latency/launch-bound: 0.00 waves per SM, no unit above 30 % of peak"
planner_debate,1024,mir_operator:decode_layer24,elementwise_binary,51,profiled,"void at::vectorized_elementwise_kernel<4, at::CUDAFunctorOnS",119815,0.04,0.0,0.77,0.0,1.37,88.59,8.31,0.0,,,"latency/launch-bound: 0.00 waves per SM, no unit above 30 % of peak"
planner_debate,1024,mir_operator:decode_layer24,gemv,21,profiled,"std::enable_if<!T7, void>::type internal::kernel<int, int, _",119820,15.58,0.0,75.07,0.0,47.23,9.18,15.98,0.67,,,DRAM-bandwidth-bound
planner_debate,1024,mir_operator:decode_layer24,elementwise_other,21,profiled,"void at::elementwise_kernel<128, 4, void at::gpu_kernel_impl",119840,0.02,0.0,0.81,0.0,1.16,84.94,8.26,0.0,,,"latency/launch-bound: 0.00 waves per SM, no unit above 30 % of peak"
planner_debate,1024,mir_operator:decode_layer24,concat,12,profiled,void at::<unnamed>::CatArrayBatchedCopy<at::<unnamed>::Opaqu,119841,5.35,0.0,13.44,0.0,6.74,70.4,56.58,1.08,,,"underutilised: SM 6 %, DRAM 0 %, L2 1 %, occ 76 %"
planner_debate,1024,mir_operator:decode_layer24,attention,6,profiled,void pytorch_flash::flash_fwd_splitkv_kernel<Flash_fwd_kerne,119851,2.53,11.14,12.5,0.0,5.37,51.12,8.29,0.12,,,"latency/launch-bound: 0.31 waves per SM, no unit above 30 % of peak"
planner_debate,1024,mir_operator:decode_layer25,copy,24,profiled,void at::unrolled_elementwise_kernel<at::direct_copy_kernel_,119869,0.03,0.0,0.89,0.0,1.6,89.35,8.3,0.0,,,"latency/launch-bound: 0.00 waves per SM, no unit above 30 % of peak"
planner_debate,1024,mir_operator:decode_layer25,elementwise_unary,24,profiled,"void at::vectorized_elementwise_kernel<4, void at::<unnamed>",119870,0.02,0.0,0.43,0.0,0.89,84.92,7.46,0.0,,,"latency/launch-bound: 0.00 waves per SM, no unit above 30 % of peak"
planner_debate,1024,mir_operator:decode_layer25,reduce,12,profiled,"void at::reduce_kernel<512, 1, at::ReduceOp<float, at::MeanO",119871,0.08,0.0,1.98,0.0,3.87,89.48,31.84,0.0,,,"latency/launch-bound: 0.00 waves per SM, no unit above 30 % of peak"
planner_debate,1024,mir_operator:decode_layer25,elementwise_binary,51,profiled,"void at::vectorized_elementwise_kernel<4, at::CUDAFunctorOnS",119872,0.04,0.0,0.79,0.0,1.38,88.62,8.31,0.0,,,"latency/launch-bound: 0.00 waves per SM, no unit above 30 % of peak"
planner_debate,1024,mir_operator:decode_layer25,gemv,21,profiled,"std::enable_if<!T7, void>::type internal::kernel<int, int, _",119877,15.43,0.0,75.34,0.0,46.99,9.19,16.03,0.67,,,DRAM-bandwidth-bound
planner_debate,1024,mir_operator:decode_layer25,elementwise_other,21,profiled,"void at::elementwise_kernel<128, 4, void at::gpu_kernel_impl",119897,0.02,0.0,0.77,0.0,1.38,85.22,8.25,0.0,,,"latency/launch-bound: 0.00 waves per SM, no unit above 30 % of peak"
planner_debate,1024,mir_operator:decode_layer25,concat,12,profiled,void at::<unnamed>::CatArrayBatchedCopy<at::<unnamed>::Opaqu,119898,5.43,0.0,13.41,0.0,6.99,66.93,56.18,1.08,,,"underutilised: SM 6 %, DRAM 0 %, L2 1 %, occ 77 %"
planner_debate,1024,mir_operator:decode_layer25,attention,6,profiled,void pytorch_flash::flash_fwd_splitkv_kernel<Flash_fwd_kerne,119908,2.54,11.21,12.28,0.0,5.47,52.52,8.28,0.12,,,"latency/launch-bound: 0.31 waves per SM, no unit above 30 % of peak"
planner_debate,1024,mir_operator:decode_layer26,copy,24,profiled,void at::unrolled_elementwise_kernel<at::direct_copy_kernel_,119926,0.02,0.0,0.9,0.0,1.62,86.57,8.3,0.0,,,"latency/launch-bound: 0.00 waves per SM, no unit above 30 % of peak"
planner_debate,1024,mir_operator:decode_layer26,elementwise_unary,24,profiled,"void at::vectorized_elementwise_kernel<4, void at::<unnamed>",119927,0.02,0.0,0.42,0.0,0.88,85.95,7.7,0.0,,,"latency/launch-bound: 0.00 waves per SM, no unit above 30 % of peak"
planner_debate,1024,mir_operator:decode_layer26,reduce,12,profiled,"void at::reduce_kernel<512, 1, at::ReduceOp<float, at::MeanO",119928,0.08,0.0,1.98,0.0,3.84,89.87,31.8,0.0,,,"latency/launch-bound: 0.00 waves per SM, no unit above 30 % of peak"
planner_debate,1024,mir_operator:decode_layer26,elementwise_binary,51,profiled,"void at::vectorized_elementwise_kernel<4, at::CUDAFunctorOnS",119929,0.04,0.0,0.78,0.0,1.37,88.83,8.31,0.0,,,"latency/launch-bound: 0.00 waves per SM, no unit above 30 % of peak"
planner_debate,1024,mir_operator:decode_layer26,gemv,21,profiled,"std::enable_if<!T7, void>::type internal::kernel<int, int, _",119934,15.47,0.0,75.45,0.0,47.21,9.2,16.01,0.67,,,DRAM-bandwidth-bound
planner_debate,1024,mir_operator:decode_layer26,elementwise_other,21,profiled,"void at::elementwise_kernel<128, 4, void at::gpu_kernel_impl",119954,0.02,0.0,0.79,0.0,1.11,84.13,8.28,0.0,,,"latency/launch-bound: 0.00 waves per SM, no unit above 30 % of peak"
planner_debate,1024,mir_operator:decode_layer26,concat,12,profiled,void at::<unnamed>::CatArrayBatchedCopy<at::<unnamed>::Opaqu,119955,5.45,0.0,13.41,0.0,6.73,70.64,56.25,1.08,,,"underutilised: SM 6 %, DRAM 0 %, L2 1 %, occ 76 %"
planner_debate,1024,mir_operator:decode_layer26,attention,6,profiled,void pytorch_flash::flash_fwd_splitkv_kernel<Flash_fwd_kerne,119965,2.55,11.23,12.27,0.0,6.13,52.47,8.29,0.12,,,"latency/launch-bound: 0.31 waves per SM, no unit above 30 % of peak"
planner_debate,1024,mir_operator:decode_layer27,copy,24,profiled,void at::unrolled_elementwise_kernel<at::direct_copy_kernel_,119983,0.02,0.0,1.02,0.0,1.66,87.14,8.29,0.0,,,"latency/launch-bound: 0.00 waves per SM, no unit above 30 % of peak"
planner_debate,1024,mir_operator:decode_layer27,elementwise_unary,24,profiled,"void at::vectorized_elementwise_kernel<4, void at::<unnamed>",119984,0.02,0.0,0.47,0.0,0.89,85.66,7.46,0.0,,,"latency/launch-bound: 0.00 waves per SM, no unit above 30 % of peak"
planner_debate,1024,mir_operator:decode_layer27,reduce,12,profiled,"void at::reduce_kernel<512, 1, at::ReduceOp<float, at::MeanO",119985,0.08,0.0,1.97,0.0,3.86,89.54,31.85,0.0,,,"latency/launch-bound: 0.00 waves per SM, no unit above 30 % of peak"
planner_debate,1024,mir_operator:decode_layer27,elementwise_binary,51,profiled,"void at::vectorized_elementwise_kernel<4, at::CUDAFunctorOnS",119986,0.04,0.0,0.77,0.0,1.34,88.56,8.31,0.0,,,"latency/launch-bound: 0.00 waves per SM, no unit above 30 % of peak"
planner_debate,1024,mir_operator:decode_layer27,gemv,21,profiled,"std::enable_if<!T7, void>::type internal::kernel<int, int, _",119991,15.48,0.0,75.07,0.0,47.22,9.25,15.99,0.67,,,DRAM-bandwidth-bound
planner_debate,1024,mir_operator:decode_layer27,elementwise_other,21,profiled,"void at::elementwise_kernel<128, 4, void at::gpu_kernel_impl",120011,0.02,0.0,0.8,0.0,1.08,83.21,8.27,0.0,,,"latency/launch-bound: 0.00 waves per SM, no unit above 30 % of peak"
planner_debate,1024,mir_operator:decode_layer27,concat,12,profiled,void at::<unnamed>::CatArrayBatchedCopy<at::<unnamed>::Opaqu,120012,5.28,0.0,13.54,0.0,6.73,67.21,56.25,1.08,,,"underutilised: SM 6 %, DRAM 0 %, L2 0 %, occ 77 %"
planner_debate,1024,mir_operator:decode_layer27,attention,6,profiled,void pytorch_flash::flash_fwd_splitkv_kernel<Flash_fwd_kerne,120022,2.55,11.13,12.49,0.0,5.32,52.24,8.29,0.12,,,"latency/launch-bound: 0.31 waves per SM, no unit above 30 % of peak"
planner_debate,1024,mir_operator:decode_head,copy,6,profiled,void at::unrolled_elementwise_kernel<at::direct_copy_kernel_,120040,0.04,0.0,0.92,0.0,1.58,81.94,8.26,0.0,,,"latency/launch-bound: 0.00 waves per SM, no unit above 30 % of peak"
planner_debate,1024,mir_operator:decode_head,elementwise_unary,6,profiled,"void at::vectorized_elementwise_kernel<4, void at::<unnamed>",120041,0.02,0.0,0.54,0.0,0.9,90.57,7.65,0.0,,,"latency/launch-bound: 0.00 waves per SM, no unit above 30 % of peak"
planner_debate,1024,mir_operator:decode_head,reduce,3,profiled,"void at::reduce_kernel<512, 1, at::ReduceOp<float, at::MeanO",120042,0.09,0.0,1.99,0.0,3.85,89.26,31.91,0.0,,,"latency/launch-bound: 0.00 waves per SM, no unit above 30 % of peak"
planner_debate,1024,mir_operator:decode_head,elementwise_binary,9,profiled,"void at::vectorized_elementwise_kernel<4, at::CUDAFunctorOnS",120043,0.02,0.0,0.81,0.0,1.05,83.8,8.28,0.0,,,"latency/launch-bound: 0.00 waves per SM, no unit above 30 % of peak"
planner_debate,1024,mir_operator:decode_head,gemv,3,profiled,"std::enable_if<!T7, void>::type internal::kernel<int, int, _",120048,19.89,0.0,97.04,0.0,61.42,0.54,24.49,49.46,,,DRAM-bandwidth-bound
planner_debate,1024,mir_operator:decode_sample,reduce,3,profiled,"void at::reduce_kernel<512, 1, at::ReduceOp<c10::BFloat16, a",120050,2.83,0.0,5.31,0.0,3.02,66.61,33.13,0.05,,,"latency/launch-bound: 0.05 waves per SM, no unit above 30 % of peak"
planner_debate,896,mir_operator:prefill_embed,other,2,profiled,"void at::vectorized_gather_kernel<16, long>(char *, char *, ",2,4.47,0.0,11.02,0.0,25.61,90.14,37.22,0.46,,,"latency/launch-bound: 0.42 waves per SM, no unit above 30 % of peak"
planner_debate,896,mir_operator:prefill_layer00,copy,16,profiled,void at::unrolled_elementwise_kernel<at::direct_copy_kernel_,13,6.33,0.0,37.65,0.0,24.14,53.13,35.29,0.5,,,"underutilised: SM 17 %, DRAM 33 %, L2 31 %, occ 68 %"
planner_debate,896,mir_operator:prefill_layer00,elementwise_unary,16,profiled,"void at::vectorized_elementwise_kernel<4, void at::<unnamed>",14,0.64,0.0,20.53,0.0,9.97,64.08,11.84,0.1,,,"underutilised: SM 2 %, DRAM 57 %, L2 26 %, occ 27 %"
planner_debate,896,mir_operator:prefill_layer00,reduce,10,profiled,"void at::reduce_kernel<512, 1, at::ReduceOp<float, at::MeanO",15,9.69,0.0,40.62,0.0,15.96,18.8,45.41,0.46,,,"underutilised: SM 1 %, DRAM 35 %, L2 14 %, occ 33 %"
planner_debate,896,mir_operator:prefill_layer00,elementwise_binary,34,profiled,"void at::vectorized_elementwise_kernel<4, at::CUDAFunctorOnS",16,13.32,0.0,35.0,0.0,20.74,57.45,65.75,0.83,,,"latency/launch-bound: 0.00 waves per SM, no unit above 30 % of peak"
planner_debate,896,mir_operator:prefill_layer00,gemm,14,profiled,void cutlass::Kernel2<cutlass_80_tensorop_bf16_s16816gemm_re,22,30.75,39.73,36.11,0.0,65.23,91.85,14.26,1.5,,,L2-bandwidth-bound (working set in L2)
planner_debate,896,mir_operator:prefill_layer00,elementwise_other,14,profiled,"void at::elementwise_kernel<128, 4, void at::gpu_kernel_impl",44,9.71,0.0,54.92,0.0,21.69,40.8,36.68,0.5,,,"latency/launch-bound: 0.42 waves per SM, no unit above 30 % of peak"
planner_debate,896,mir_operator:prefill_layer00,concat,8,profiled,void at::<unnamed>::CatArrayBatchedCopy<at::<unnamed>::Opaqu,45,25.36,0.0,14.78,0.0,9.35,54.46,70.79,1.33,,,"underutilised: SM 33 %, DRAM 22 %, L2 14 %, occ 82 %"
planner_debate,896,mir_operator:prefill_layer00,attention,4,profiled,void pytorch_flash::flash_fwd_splitkv_kernel<Flash_fwd_kerne,55,18.19,8.98,42.19,0.0,25.55,54.6,33.41,1.42,,,"underutilised: SM 11 %, DRAM 17 %, L2 25 %, occ 8 %"
planner_debate,896,mir_operator:prefill_layer01,copy,16,profiled,void at::unrolled_elementwise_kernel<at::direct_copy_kernel_,75,6.21,0.0,37.69,0.0,24.03,53.13,35.04,0.5,,,"underutilised: SM 18 %, DRAM 33 %, L2 31 %, occ 68 %"
planner_debate,896,mir_operator:prefill_layer01,elementwise_unary,16,profiled,"void at::vectorized_elementwise_kernel<4, void at::<unnamed>",76,0.62,0.0,20.53,0.0,9.98,64.14,12.1,0.1,,,"underutilised: SM 2 %, DRAM 57 %, L2 26 %, occ 28 %"
planner_debate,896,mir_operator:prefill_layer01,reduce,10,profiled,"void at::reduce_kernel<512, 1, at::ReduceOp<float, at::MeanO",77,9.74,0.0,41.36,0.0,16.24,18.57,45.44,0.46,,,"underutilised: SM 1 %, DRAM 36 %, L2 14 %, occ 33 %"
planner_debate,896,mir_operator:prefill_layer01,elementwise_binary,34,profiled,"void at::vectorized_elementwise_kernel<4, at::CUDAFunctorOnS",78,13.18,0.0,36.1,0.0,20.78,58.05,66.53,0.83,,,"latency/launch-bound: 0.00 waves per SM, no unit above 30 % of peak"
planner_debate,896,mir_operator:prefill_layer01,gemm,14,profiled,void cutlass::Kernel2<cutlass_80_tensorop_bf16_s16816gemm_re,84,30.75,39.83,36.05,0.0,65.01,91.86,14.17,1.5,,,L2-bandwidth-bound (working set in L2)
planner_debate,896,mir_operator:prefill_layer01,elementwise_other,14,profiled,"void at::elementwise_kernel<128, 4, void at::gpu_kernel_impl",106,9.72,0.0,52.66,0.0,20.85,40.88,36.51,0.5,,,"latency/launch-bound: 0.42 waves per SM, no unit above 30 % of peak"
planner_debate,896,mir_operator:prefill_layer01,concat,8,profiled,void at::<unnamed>::CatArrayBatchedCopy<at::<unnamed>::Opaqu,107,25.51,0.0,15.67,0.0,9.71,54.38,70.92,1.33,,,"underutilised: SM 33 %, DRAM 22 %, L2 14 %, occ 82 %"
planner_debate,896,mir_operator:prefill_layer01,attention,4,profiled,void pytorch_flash::flash_fwd_splitkv_kernel<Flash_fwd_kerne,117,18.17,8.84,42.14,0.0,25.81,54.58,33.37,1.42,,,"underutilised: SM 11 %, DRAM 16 %, L2 26 %, occ 8 %"
planner_debate,896,mir_operator:prefill_layer02,copy,16,profiled,void at::unrolled_elementwise_kernel<at::direct_copy_kernel_,137,6.39,0.0,38.62,0.0,23.6,52.41,35.11,0.5,,,"underutilised: SM 18 %, DRAM 32 %, L2 31 %, occ 67 %"
planner_debate,896,mir_operator:prefill_layer02,elementwise_unary,16,profiled,"void at::vectorized_elementwise_kernel<4, void at::<unnamed>",138,0.61,0.0,20.54,0.0,10.08,61.76,12.05,0.1,,,"underutilised: SM 2 %, DRAM 59 %, L2 27 %, occ 28 %"
planner_debate,896,mir_operator:prefill_layer02,reduce,10,profiled,"void at::reduce_kernel<512, 1, at::ReduceOp<float, at::MeanO",139,9.57,0.0,40.65,0.0,15.92,18.78,45.03,0.46,,,"underutilised: SM 1 %, DRAM 36 %, L2 14 %, occ 33 %"
planner_debate,896,mir_operator:prefill_layer02,elementwise_binary,34,profiled,"void at::vectorized_elementwise_kernel<4, at::CUDAFunctorOnS",140,13.47,0.0,35.8,0.0,20.86,58.21,66.74,0.83,,,"latency/launch-bound: 0.00 waves per SM, no unit above 30 % of peak"
planner_debate,896,mir_operator:prefill_layer02,gemm,14,profiled,void cutlass::Kernel2<cutlass_80_tensorop_bf16_s16816gemm_re,146,31.22,39.38,35.88,0.0,65.58,91.81,14.18,1.5,,,L2-bandwidth-bound (working set in L2)
planner_debate,896,mir_operator:prefill_layer02,elementwise_other,14,profiled,"void at::elementwise_kernel<128, 4, void at::gpu_kernel_impl",168,9.55,0.0,53.72,0.0,21.24,40.95,36.5,0.5,,,"latency/launch-bound: 0.42 waves per SM, no unit above 30 % of peak"
planner_debate,896,mir_operator:prefill_layer02,concat,8,profiled,void at::<unnamed>::CatArrayBatchedCopy<at::<unnamed>::Opaqu,169,25.66,0.0,15.65,0.0,9.76,54.84,71.17,1.33,,,"underutilised: SM 33 %, DRAM 22 %, L2 14 %, occ 82 %"
planner_debate,896,mir_operator:prefill_layer02,attention,4,profiled,void pytorch_flash::flash_fwd_splitkv_kernel<Flash_fwd_kerne,179,18.08,8.82,42.44,0.0,25.45,54.55,33.33,1.42,,,"underutilised: SM 11 %, DRAM 16 %, L2 26 %, occ 8 %"
planner_debate,896,mir_operator:prefill_layer03,copy,16,profiled,void at::unrolled_elementwise_kernel<at::direct_copy_kernel_,199,6.31,0.0,37.69,0.0,23.89,53.08,35.13,0.5,,,"underutilised: SM 19 %, DRAM 30 %, L2 29 %, occ 69 %"
planner_debate,896,mir_operator:prefill_layer03,elementwise_unary,16,profiled,"void at::vectorized_elementwise_kernel<4, void at::<unnamed>",200,0.6,0.0,20.82,0.0,10.24,64.9,11.86,0.1,,,"underutilised: SM 2 %, DRAM 56 %, L2 26 %, occ 28 %"
planner_debate,896,mir_operator:prefill_layer03,reduce,10,profiled,"void at::reduce_kernel<512, 1, at::ReduceOp<float, at::MeanO",201,9.79,0.0,41.51,0.0,16.26,18.8,45.41,0.46,,,"underutilised: SM 1 %, DRAM 35 %, L2 14 %, occ 33 %"
planner_debate,896,mir_operator:prefill_layer03,elementwise_binary,34,profiled,"void at::vectorized_elementwise_kernel<4, at::CUDAFunctorOnS",202,13.15,0.0,35.62,0.0,20.47,58.11,66.79,0.83,,,"latency/launch-bound: 0.00 waves per SM, no unit above 30 % of peak"
planner_debate,896,mir_operator:prefill_layer03,gemm,14,profiled,void cutlass::Kernel2<cutlass_80_tensorop_bf16_s16816gemm_re,208,30.67,38.1,35.69,0.0,66.28,91.86,14.16,1.5,,,L2-bandwidth-bound (working set in L2)
planner_debate,896,mir_operator:prefill_layer03,elementwise_other,14,profiled,"void at::elementwise_kernel<128, 4, void at::gpu_kernel_impl",230,10.06,0.0,54.29,0.0,21.46,40.92,36.35,0.5,,,"latency/launch-bound: 0.42 waves per SM, no unit above 30 % of peak"
planner_debate,896,mir_operator:prefill_layer03,concat,8,profiled,void at::<unnamed>::CatArrayBatchedCopy<at::<unnamed>::Opaqu,231,25.17,0.0,15.67,0.0,9.7,54.52,71.06,1.33,,,"underutilised: SM 33 %, DRAM 22 %, L2 14 %, occ 83 %"
planner_debate,896,mir_operator:prefill_layer03,attention,4,profiled,void pytorch_flash::flash_fwd_splitkv_kernel<Flash_fwd_kerne,241,18.27,8.78,42.52,0.0,25.61,54.59,33.35,1.42,,,"underutilised: SM 11 %, DRAM 16 %, L2 25 %, occ 8 %"
planner_debate,896,mir_operator:prefill_layer04,copy,16,profiled,void at::unrolled_elementwise_kernel<at::direct_copy_kernel_,261,6.33,0.0,38.03,0.0,24.06,53.33,34.76,0.5,,,"underutilised: SM 19 %, DRAM 31 %, L2 30 %, occ 69 %"
planner_debate,896,mir_operator:prefill_layer04,elementwise_unary,16,profiled,"void at::vectorized_elementwise_kernel<4, void at::<unnamed>",262,0.62,0.0,20.41,0.0,11.19,52.98,12.02,0.1,,,"underutilised: SM 2 %, DRAM 58 %, L2 26 %, occ 27 %"
planner_debate,896,mir_operator:prefill_layer04,reduce,10,profiled,"void at::reduce_kernel<512, 1, at::ReduceOp<float, at::MeanO",263,9.7,0.0,39.61,0.0,15.54,18.46,45.21,0.46,,,"underutilised: SM 1 %, DRAM 34 %, L2 13 %, occ 33 %"
planner_debate,896,mir_operator:prefill_layer04,elementwise_binary,34,profiled,"void at::vectorized_elementwise_kernel<4, at::CUDAFunctorOnS",264,13.34,0.0,35.18,0.0,20.49,58.3,66.68,0.83,,,"latency/launch-bound: 0.00 waves per SM, no unit above 30 % of peak"
planner_debate,896,mir_operator:prefill_layer04,gemm,14,profiled,void cutlass::Kernel2<cutlass_80_tensorop_bf16_s16816gemm_re,270,30.96,40.01,36.05,0.0,65.1,91.91,14.21,1.5,,,L2-bandwidth-bound (working set in L2)
planner_debate,896,mir_operator:prefill_layer04,elementwise_other,14,profiled,"void at::elementwise_kernel<128, 4, void at::gpu_kernel_impl",292,9.72,0.0,53.89,0.0,21.31,40.92,36.24,0.5,,,"latency/launch-bound: 0.42 waves per SM, no unit above 30 % of peak"
planner_debate,896,mir_operator:prefill_layer04,concat,8,profiled,void at::<unnamed>::CatArrayBatchedCopy<at::<unnamed>::Opaqu,293,24.7,0.0,15.78,0.0,9.75,55.07,70.64,1.33,,,"underutilised: SM 33 %, DRAM 22 %, L2 14 %, occ 83 %"
planner_debate,896,mir_operator:prefill_layer04,attention,4,profiled,void pytorch_flash::flash_fwd_splitkv_kernel<Flash_fwd_kerne,303,18.18,8.83,41.82,0.0,25.6,54.55,33.18,1.42,,,"underutilised: SM 11 %, DRAM 17 %, L2 26 %, occ 8 %"
planner_debate,896,mir_operator:prefill_layer05,copy,16,profiled,void at::unrolled_elementwise_kernel<at::direct_copy_kernel_,323,6.34,0.0,36.79,0.0,23.99,53.05,34.72,0.5,,,"underutilised: SM 18 %, DRAM 32 %, L2 31 %, occ 69 %"
planner_debate,896,mir_operator:prefill_layer05,elementwise_unary,16,profiled,"void at::vectorized_elementwise_kernel<4, void at::<unnamed>",324,0.66,0.0,20.77,0.0,11.14,66.36,11.99,0.1,,,"underutilised: SM 2 %, DRAM 56 %, L2 26 %, occ 28 %"
planner_debate,896,mir_operator:prefill_layer05,reduce,10,profiled,"void at::reduce_kernel<512, 1, at::ReduceOp<float, at::MeanO",325,9.94,0.0,40.14,0.0,15.71,18.05,45.41,0.46,,,"underutilised: SM 1 %, DRAM 36 %, L2 14 %, occ 33 %"
planner_debate,896,mir_operator:prefill_layer05,elementwise_binary,34,profiled,"void at::vectorized_elementwise_kernel<4, at::CUDAFunctorOnS",326,13.32,0.0,35.74,0.0,20.77,58.07,66.77,0.83,,,"latency/launch-bound: 0.00 waves per SM, no unit above 30 % of peak"
planner_debate,896,mir_operator:prefill_layer05,gemm,14,profiled,void cutlass::Kernel2<cutlass_80_tensorop_bf16_s16816gemm_re,332,31.24,40.19,36.22,0.0,66.17,91.86,14.23,1.5,,,L2-bandwidth-bound (working set in L2)
planner_debate,896,mir_operator:prefill_layer05,elementwise_other,14,profiled,"void at::elementwise_kernel<128, 4, void at::gpu_kernel_impl",354,9.67,0.0,53.71,0.0,21.19,41.18,36.8,0.5,,,"latency/launch-bound: 0.42 waves per SM, no unit above 30 % of peak"
planner_debate,896,mir_operator:prefill_layer05,concat,8,profiled,void at::<unnamed>::CatArrayBatchedCopy<at::<unnamed>::Opaqu,355,25.28,0.0,16.03,0.0,9.66,54.68,70.97,1.33,,,"underutilised: SM 33 %, DRAM 22 %, L2 13 %, occ 82 %"
planner_debate,896,mir_operator:prefill_layer05,attention,4,profiled,void pytorch_flash::flash_fwd_splitkv_kernel<Flash_fwd_kerne,365,18.09,8.94,42.54,0.0,25.65,54.49,33.2,1.42,,,"underutilised: SM 11 %, DRAM 17 %, L2 25 %, occ 8 %"
planner_debate,896,mir_operator:prefill_layer06,copy,16,profiled,void at::unrolled_elementwise_kernel<at::direct_copy_kernel_,385,6.25,0.0,38.56,0.0,24.45,61.4,34.94,0.5,,,"underutilised: SM 19 %, DRAM 31 %, L2 29 %, occ 67 %"
planner_debate,896,mir_operator:prefill_layer06,elementwise_unary,16,profiled,"void at::vectorized_elementwise_kernel<4, void at::<unnamed>",386,0.64,0.0,21.94,0.0,10.61,63.23,11.9,0.1,,,"underutilised: SM 2 %, DRAM 57 %, L2 26 %, occ 27 %"
planner_debate,896,mir_operator:prefill_layer06,reduce,10,profiled,"void at::reduce_kernel<512, 1, at::ReduceOp<float, at::MeanO",387,9.59,0.0,40.27,0.0,15.79,18.7,44.45,0.46,,,"underutilised: SM 1 %, DRAM 32 %, L2 13 %, occ 33 %"
planner_debate,896,mir_operator:prefill_layer06,elementwise_binary,34,profiled,"void at::vectorized_elementwise_kernel<4, at::CUDAFunctorOnS",388,13.25,0.0,36.56,0.0,20.49,58.23,66.86,0.83,,,"latency/launch-bound: 0.00 waves per SM, no unit above 30 % of peak"
planner_debate,896,mir_operator:prefill_layer06,gemm,14,profiled,void cutlass::Kernel2<cutlass_80_tensorop_bf16_s16816gemm_re,394,30.69,39.88,36.34,0.0,66.41,91.85,14.23,1.5,,,L2-bandwidth-bound (working set in L2)
planner_debate,896,mir_operator:prefill_layer06,elementwise_other,14,profiled,"void at::elementwise_kernel<128, 4, void at::gpu_kernel_impl",416,9.66,0.0,45.17,0.0,17.81,40.88,36.93,0.5,,,"latency/launch-bound: 0.42 waves per SM, no unit above 30 % of peak"
planner_debate,896,mir_operator:prefill_layer06,concat,8,profiled,void at::<unnamed>::CatArrayBatchedCopy<at::<unnamed>::Opaqu,417,25.2,0.0,15.58,0.0,9.69,54.61,70.36,1.33,,,"underutilised: SM 33 %, DRAM 22 %, L2 14 %, occ 82 %"
planner_debate,896,mir_operator:prefill_layer06,attention,4,profiled,void pytorch_flash::flash_fwd_splitkv_kernel<Flash_fwd_kerne,427,18.13,8.91,42.55,0.0,25.66,54.57,33.42,1.42,,,"underutilised: SM 11 %, DRAM 16 %, L2 26 %, occ 8 %"
planner_debate,896,mir_operator:prefill_layer07,copy,16,profiled,void at::unrolled_elementwise_kernel<at::direct_copy_kernel_,447,6.27,0.0,38.17,0.0,23.85,52.64,35.27,0.5,,,"underutilised: SM 18 %, DRAM 31 %, L2 30 %, occ 69 %"
planner_debate,896,mir_operator:prefill_layer07,elementwise_unary,16,profiled,"void at::vectorized_elementwise_kernel<4, void at::<unnamed>",448,0.62,0.0,20.82,0.0,10.16,63.41,12.15,0.1,,,"underutilised: SM 2 %, DRAM 56 %, L2 26 %, occ 28 %"
planner_debate,896,mir_operator:prefill_layer07,reduce,10,profiled,"void at::reduce_kernel<512, 1, at::ReduceOp<float, at::MeanO",449,9.7,0.0,40.62,0.0,15.94,18.51,45.43,0.46,,,"underutilised: SM 1 %, DRAM 36 %, L2 14 %, occ 33 %"
planner_debate,896,mir_operator:prefill_layer07,elementwise_binary,34,profiled,"void at::vectorized_elementwise_kernel<4, at::CUDAFunctorOnS",450,13.5,0.0,35.68,0.0,20.82,58.18,66.45,0.83,,,"latency/launch-bound: 0.00 waves per SM, no unit above 30 % of peak"
planner_debate,896,mir_operator:prefill_layer07,gemm,14,profiled,void cutlass::Kernel2<cutlass_80_tensorop_bf16_s16816gemm_re,456,30.79,39.71,36.09,0.0,65.77,91.85,14.14,1.5,,,L2-bandwidth-bound (working set in L2)
planner_debate,896,mir_operator:prefill_layer07,elementwise_other,14,profiled,"void at::elementwise_kernel<128, 4, void at::gpu_kernel_impl",478,9.91,0.0,54.28,0.0,21.5,40.79,36.17,0.5,,,"latency/launch-bound: 0.42 waves per SM, no unit above 30 % of peak"
planner_debate,896,mir_operator:prefill_layer07,concat,8,profiled,void at::<unnamed>::CatArrayBatchedCopy<at::<unnamed>::Opaqu,479,25.5,0.0,15.64,0.0,9.75,54.2,70.75,1.33,,,"underutilised: SM 33 %, DRAM 22 %, L2 13 %, occ 83 %"
planner_debate,896,mir_operator:prefill_layer07,attention,4,profiled,void pytorch_flash::flash_fwd_splitkv_kernel<Flash_fwd_kerne,489,18.15,8.8,42.28,0.0,25.83,54.62,33.12,1.42,,,"underutilised: SM 11 %, DRAM 17 %, L2 26 %, occ 8 %"
planner_debate,896,mir_operator:prefill_layer08,copy,16,profiled,void at::unrolled_elementwise_kernel<at::direct_copy_kernel_,509,5.92,0.0,38.4,0.0,23.95,52.89,34.87,0.5,,,"underutilised: SM 19 %, DRAM 33 %, L2 31 %, occ 67 %"
planner_debate,896,mir_operator:prefill_layer08,elementwise_unary,16,profiled,"void at::vectorized_elementwise_kernel<4, void at::<unnamed>",510,0.61,0.0,20.37,0.0,9.95,61.03,11.95,0.1,,,"underutilised: SM 2 %, DRAM 57 %, L2 26 %, occ 28 %"
planner_debate,896,mir_operator:prefill_layer08,reduce,10,profiled,"void at::reduce_kernel<512, 1, at::ReduceOp<float, at::MeanO",511,9.61,0.0,41.41,0.0,16.24,18.53,45.1,0.46,,,"underutilised: SM 1 %, DRAM 35 %, L2 14 %, occ 33 %"
planner_debate,896,mir_operator:prefill_layer08,elementwise_binary,34,profiled,"void at::vectorized_elementwise_kernel<4, at::CUDAFunctorOnS",512,12.95,0.0,35.89,0.0,20.57,58.09,65.96,0.83,,,"latency/launch-bound: 0.00 waves per SM, no unit above 30 % of peak"
planner_debate,896,mir_operator:prefill_layer08,gemm,14,profiled,void cutlass::Kernel2<cutlass_80_tensorop_bf16_s16816gemm_re,518,31.11,37.31,35.9,0.0,64.86,91.86,14.2,1.5,,,L2-bandwidth-bound (working set in L2)
planner_debate,896,mir_operator:prefill_layer08,elementwise_other,14,profiled,"void at::elementwise_kernel<128, 4, void at::gpu_kernel_impl",540,9.7,0.0,55.5,0.0,21.98,40.95,36.5,0.5,,,"latency/launch-bound: 0.42 waves per SM, no unit above 30 % of peak"
planner_debate,896,mir_operator:prefill_layer08,concat,8,profiled,void at::<unnamed>::CatArrayBatchedCopy<at::<unnamed>::Opaqu,541,25.42,0.0,15.8,0.0,9.69,54.57,71.74,1.33,,,"underutilised: SM 33 %, DRAM 22 %, L2 14 %, occ 82 %"
planner_debate,896,mir_operator:prefill_layer08,attention,4,profiled,void pytorch_flash::flash_fwd_splitkv_kernel<Flash_fwd_kerne,551,18.28,8.91,42.3,0.0,25.62,54.63,33.51,1.42,,,"underutilised: SM 11 %, DRAM 16 %, L2 25 %, occ 8 %"
planner_debate,896,mir_operator:prefill_layer09,copy,16,profiled,void at::unrolled_elementwise_kernel<at::direct_copy_kernel_,571,6.33,0.0,38.42,0.0,23.13,53.11,34.95,0.5,,,"underutilised: SM 17 %, DRAM 33 %, L2 31 %, occ 68 %"
planner_debate,896,mir_operator:prefill_layer09,elementwise_unary,16,profiled,"void at::vectorized_elementwise_kernel<4, void at::<unnamed>",572,0.62,0.0,20.72,0.0,10.08,64.62,11.96,0.1,,,"underutilised: SM 2 %, DRAM 56 %, L2 26 %, occ 28 %"
planner_debate,896,mir_operator:prefill_layer09,reduce,10,profiled,"void at::reduce_kernel<512, 1, at::ReduceOp<float, at::MeanO",573,9.7,0.0,39.59,0.0,15.54,18.57,45.4,0.46,,,"underutilised: SM 1 %, DRAM 35 %, L2 14 %, occ 33 %"
planner_debate,896,mir_operator:prefill_layer09,elementwise_binary,34,profiled,"void at::vectorized_elementwise_kernel<4, at::CUDAFunctorOnS",574,13.16,0.0,35.95,0.0,20.8,58.07,66.93,0.83,,,"latency/launch-bound: 0.00 waves per SM, no unit above 30 % of peak"
planner_debate,896,mir_operator:prefill_layer09,gemm,14,profiled,void cutlass::Kernel2<cutlass_80_tensorop_bf16_s16816gemm_re,580,30.86,39.34,36.09,0.0,66.08,91.85,14.23,1.5,,,L2-bandwidth-bound (working set in L2)
planner_debate,896,mir_operator:prefill_layer09,elementwise_other,14,profiled,"void at::elementwise_kernel<128, 4, void at::gpu_kernel_impl",602,9.92,0.0,54.9,0.0,21.72,40.87,36.26,0.5,,,"latency/launch-bound: 0.42 waves per SM, no unit above 30 % of peak"
planner_debate,896,mir_operator:prefill_layer09,concat,8,profiled,void at::<unnamed>::CatArrayBatchedCopy<at::<unnamed>::Opaqu,603,25.4,0.0,15.51,0.0,9.61,54.74,71.16,1.33,,,"underutilised: SM 33 %, DRAM 22 %, L2 14 %, occ 83 %"
planner_debate,896,mir_operator:prefill_layer09,attention,4,profiled,void pytorch_flash::flash_fwd_splitkv_kernel<Flash_fwd_kerne,613,18.28,8.76,42.41,0.0,25.75,54.55,33.14,1.42,,,"underutilised: SM 11 %, DRAM 16 %, L2 25 %, occ 8 %"
planner_debate,896,mir_operator:prefill_layer10,copy,16,profiled,void at::unrolled_elementwise_kernel<at::direct_copy_kernel_,633,6.36,0.0,37.97,0.0,23.96,53.09,34.73,0.5,,,"underutilised: SM 18 %, DRAM 31 %, L2 30 %, occ 69 %"
planner_debate,896,mir_operator:prefill_layer10,elementwise_unary,16,profiled,"void at::vectorized_elementwise_kernel<4, void at::<unnamed>",634,0.61,0.0,20.79,0.0,10.02,63.37,11.99,0.1,,,"underutilised: SM 2 %, DRAM 57 %, L2 26 %, occ 28 %"
planner_debate,896,mir_operator:prefill_layer10,reduce,10,profiled,"void at::reduce_kernel<512, 1, at::ReduceOp<float, at::MeanO",635,9.62,0.0,39.97,0.0,15.72,20.03,45.22,0.46,,,"underutilised: SM 1 %, DRAM 34 %, L2 15 %, occ 33 %"
planner_debate,896,mir_operator:prefill_layer10,elementwise_binary,34,profiled,"void at::vectorized_elementwise_kernel<4, at::CUDAFunctorOnS",636,13.6,0.0,35.34,0.0,21.04,57.89,65.72,0.83,,,"latency/launch-bound: 0.00 waves per SM, no unit above 30 % of peak"
planner_debate,896,mir_operator:prefill_layer10,gemm,14,profiled,void cutlass::Kernel2<cutlass_80_tensorop_bf16_s16816gemm_re,642,31.37,40.05,35.88,0.0,65.69,91.86,14.19,1.5,,,L2-bandwidth-bound (working set in L2)
planner_debate,896,mir_operator:prefill_layer10,elementwise_other,14,profiled,"void at::elementwise_kernel<128, 4, void at::gpu_kernel_impl",664,9.94,0.0,53.69,0.0,21.2,40.93,36.62,0.5,,,"latency/launch-bound: 0.42 waves per SM, no unit above 30 % of peak"
planner_debate,896,mir_operator:prefill_layer10,concat,8,profiled,void at::<unnamed>::CatArrayBatchedCopy<at::<unnamed>::Opaqu,665,25.59,0.0,15.56,0.0,9.69,54.29,70.9,1.33,,,"underutilised: SM 33 %, DRAM 22 %, L2 13 %, occ 82 %"
planner_debate,896,mir_operator:prefill_layer10,attention,4,profiled,void pytorch_flash::flash_fwd_splitkv_kernel<Flash_fwd_kerne,675,18.18,8.9,42.36,0.0,25.72,54.77,33.27,1.42,,,"underutilised: SM 11 %, DRAM 16 %, L2 26 %, occ 8 %"
planner_debate,896,mir_operator:prefill_layer11,copy,16,profiled,void at::unrolled_elementwise_kernel<at::direct_copy_kernel_,695,6.12,0.0,37.43,0.0,24.01,53.31,35.34,0.5,,,"underutilised: SM 19 %, DRAM 33 %, L2 31 %, occ 67 %"
planner_debate,896,mir_operator:prefill_layer11,elementwise_unary,16,profiled,"void at::vectorized_elementwise_kernel<4, void at::<unnamed>",696,0.61,0.0,20.73,0.0,10.1,62.92,11.97,0.1,,,"underutilised: SM 2 %, DRAM 56 %, L2 25 %, occ 28 %"
planner_debate,896,mir_operator:prefill_layer11,reduce,10,profiled,"void at::reduce_kernel<512, 1, at::ReduceOp<float, at::MeanO",697,9.55,0.0,40.79,0.0,16.02,18.42,45.39,0.46,,,"underutilised: SM 1 %, DRAM 36 %, L2 14 %, occ 33 %"
planner_debate,896,mir_operator:prefill_layer11,elementwise_binary,34,profiled,"void at::vectorized_elementwise_kernel<4, at::CUDAFunctorOnS",698,12.89,0.0,34.74,0.0,20.44,58.08,66.93,0.83,,,"latency/launch-bound: 0.00 waves per SM, no unit above 30 % of peak"
planner_debate,896,mir_operator:prefill_layer11,gemm,14,profiled,void cutlass::Kernel2<cutlass_80_tensorop_bf16_s16816gemm_re,704,31.11,40.02,36.02,0.0,65.67,91.85,14.16,1.5,,,L2-bandwidth-bound (working set in L2)
planner_debate,896,mir_operator:prefill_layer11,elementwise_other,14,profiled,"void at::elementwise_kernel<128, 4, void at::gpu_kernel_impl",726,9.84,0.0,54.06,0.0,21.38,41.19,36.81,0.5,,,"latency/launch-bound: 0.42 waves per SM, no unit above 30 % of peak"
planner_debate,896,mir_operator:prefill_layer11,concat,8,profiled,void at::<unnamed>::CatArrayBatchedCopy<at::<unnamed>::Opaqu,727,25.41,0.0,16.02,0.0,10.2,55.2,70.77,1.33,,,"underutilised: SM 33 %, DRAM 22 %, L2 14 %, occ 82 %"
planner_debate,896,mir_operator:prefill_layer11,attention,4,profiled,void pytorch_flash::flash_fwd_splitkv_kernel<Flash_fwd_kerne,737,18.12,8.68,42.24,0.0,25.59,54.61,33.24,1.42,,,"underutilised: SM 11 %, DRAM 16 %, L2 25 %, occ 8 %"
planner_debate,896,mir_operator:prefill_layer12,copy,16,profiled,void at::unrolled_elementwise_kernel<at::direct_copy_kernel_,757,6.21,0.0,37.63,0.0,23.92,53.14,35.25,0.5,,,"underutilised: SM 19 %, DRAM 32 %, L2 31 %, occ 69 %"
planner_debate,896,mir_operator:prefill_layer12,elementwise_unary,16,profiled,"void at::vectorized_elementwise_kernel<4, void at::<unnamed>",758,0.62,0.0,20.51,0.0,10.0,61.29,12.01,0.1,,,"underutilised: SM 2 %, DRAM 57 %, L2 26 %, occ 28 %"
planner_debate,896,mir_operator:prefill_layer12,reduce,10,profiled,"void at::reduce_kernel<512, 1, at::ReduceOp<float, at::MeanO",759,9.66,0.0,40.44,0.0,15.87,18.6,45.17,0.46,,,"underutilised: SM 1 %, DRAM 36 %, L2 14 %, occ 33 %"
planner_debate,896,mir_operator:prefill_layer12,elementwise_binary,34,profiled,"void at::vectorized_elementwise_kernel<4, at::CUDAFunctorOnS",760,13.63,0.0,35.74,0.0,20.67,57.89,66.52,0.83,,,"latency/launch-bound: 0.00 waves per SM, no unit above 30 % of peak"
planner_debate,896,mir_operator:prefill_layer12,gemm,14,profiled,void cutlass::Kernel2<cutlass_80_tensorop_bf16_s16816gemm_re,766,30.84,39.55,35.85,0.0,65.72,91.83,14.2,1.5,,,L2-bandwidth-bound (working set in L2)
planner_debate,896,mir_operator:prefill_layer12,elementwise_other,14,profiled,"void at::elementwise_kernel<128, 4, void at::gpu_kernel_impl",788,9.74,0.0,54.63,0.0,21.55,40.79,36.62,0.5,,,"latency/launch-bound: 0.42 waves per SM, no unit above 30 % of peak"
planner_debate,896,mir_operator:prefill_layer12,concat,8,profiled,void at::<unnamed>::CatArrayBatchedCopy<at::<unnamed>::Opaqu,789,25.48,0.0,15.72,0.0,9.71,54.78,71.05,1.33,,,"underutilised: SM 33 %, DRAM 22 %, L2 14 %, occ 82 %"
planner_debate,896,mir_operator:prefill_layer12,attention,4,profiled,void pytorch_flash::flash_fwd_splitkv_kernel<Flash_fwd_kerne,799,18.23,8.99,42.16,0.0,25.69,54.56,33.18,1.42,,,"underutilised: SM 11 %, DRAM 16 %, L2 25 %, occ 8 %"
planner_debate,896,mir_operator:prefill_layer13,copy,16,profiled,void at::unrolled_elementwise_kernel<at::direct_copy_kernel_,819,6.37,0.0,38.48,0.0,23.84,53.05,34.92,0.5,,,"underutilised: SM 18 %, DRAM 31 %, L2 29 %, occ 68 %"
planner_debate,896,mir_operator:prefill_layer13,elementwise_unary,16,profiled,"void at::vectorized_elementwise_kernel<4, void at::<unnamed>",820,0.62,0.0,20.97,0.0,10.22,62.01,12.14,0.1,,,"underutilised: SM 2 %, DRAM 56 %, L2 25 %, occ 28 %"
planner_debate,896,mir_operator:prefill_layer13,reduce,10,profiled,"void at::reduce_kernel<512, 1, at::ReduceOp<float, at::MeanO",821,9.56,0.0,41.51,0.0,16.84,18.56,45.48,0.46,,,"underutilised: SM 1 %, DRAM 35 %, L2 14 %, occ 33 %"
planner_debate,896,mir_operator:prefill_layer13,elementwise_binary,34,profiled,"void at::vectorized_elementwise_kernel<4, at::CUDAFunctorOnS",822,13.23,0.0,35.6,0.0,20.35,57.83,66.78,0.83,,,"latency/launch-bound: 0.00 waves per SM, no unit above 30 % of peak"
planner_debate,896,mir_operator:prefill_layer13,gemm,14,profiled,void cutlass::Kernel2<cutlass_80_tensorop_bf16_s16816gemm_re,828,30.83,37.75,36.17,0.0,65.83,91.83,14.44,1.5,,,L2-bandwidth-bound (working set in L2)
planner_debate,896,mir_operator:prefill_layer13,elementwise_other,14,profiled,"void at::elementwise_kernel<128, 4, void at::gpu_kernel_impl",850,9.67,0.0,54.33,0.0,21.57,40.85,36.21,0.5,,,"latency/launch-bound: 0.42 waves per SM, no unit above 30 % of peak"
planner_debate,896,mir_operator:prefill_layer13,concat,8,profiled,void at::<unnamed>::CatArrayBatchedCopy<at::<unnamed>::Opaqu,851,25.74,0.0,15.65,0.0,9.75,54.42,70.96,1.33,,,"underutilised: SM 33 %, DRAM 22 %, L2 14 %, occ 82 %"
planner_debate,896,mir_operator:prefill_layer13,attention,4,profiled,void pytorch_flash::flash_fwd_splitkv_kernel<Flash_fwd_kerne,861,18.11,8.85,42.1,0.0,25.83,54.54,33.06,1.42,,,"underutilised: SM 11 %, DRAM 16 %, L2 26 %, occ 8 %"
planner_debate,896,mir_operator:prefill_layer14,copy,16,profiled,void at::unrolled_elementwise_kernel<at::direct_copy_kernel_,881,6.33,0.0,38.05,0.0,24.07,52.98,34.71,0.5,,,"underutilised: SM 18 %, DRAM 33 %, L2 31 %, occ 68 %"
planner_debate,896,mir_operator:prefill_layer14,elementwise_unary,16,profiled,"void at::vectorized_elementwise_kernel<4, void at::<unnamed>",882,0.62,0.0,20.61,0.0,9.98,64.13,11.89,0.1,,,"underutilised: SM 2 %, DRAM 56 %, L2 26 %, occ 28 %"
planner_debate,896,mir_operator:prefill_layer14,reduce,10,profiled,"void at::reduce_kernel<512, 1, at::ReduceOp<float, at::MeanO",883,9.6,0.0,41.57,0.0,16.34,18.52,45.05,0.46,,,"underutilised: SM 1 %, DRAM 36 %, L2 14 %, occ 33 %"
planner_debate,896,mir_operator:prefill_layer14,elementwise_binary,34,profiled,"void at::vectorized_elementwise_kernel<4, at::CUDAFunctorOnS",884,13.43,0.0,36.68,0.0,20.68,57.87,66.7,0.83,,,"latency/launch-bound: 0.00 waves per SM, no unit above 30 % of peak"
planner_debate,896,mir_operator:prefill_layer14,gemm,14,profiled,void cutlass::Kernel2<cutlass_80_tensorop_bf16_s16816gemm_re,890,30.96,39.68,36.51,0.0,66.68,91.83,14.21,1.5,,,L2-bandwidth-bound (working set in L2)
planner_debate,896,mir_operator:prefill_layer14,elementwise_other,14,profiled,"void at::elementwise_kernel<128, 4, void at::gpu_kernel_impl",912,9.78,0.0,54.28,0.0,21.47,40.99,36.44,0.5,,,"latency/launch-bound: 0.42 waves per SM, no unit above 30 % of peak"
planner_debate,896,mir_operator:prefill_layer14,concat,8,profiled,void at::<unnamed>::CatArrayBatchedCopy<at::<unnamed>::Opaqu,913,25.52,0.0,15.46,0.0,9.63,54.49,70.96,1.33,,,"underutilised: SM 33 %, DRAM 22 %, L2 13 %, occ 83 %"
planner_debate,896,mir_operator:prefill_layer14,attention,4,profiled,void pytorch_flash::flash_fwd_splitkv_kernel<Flash_fwd_kerne,923,18.06,8.79,42.26,0.0,25.98,54.55,33.45,1.42,,,"underutilised: SM 11 %, DRAM 16 %, L2 26 %, occ 8 %"
planner_debate,896,mir_operator:prefill_layer15,copy,16,profiled,void at::unrolled_elementwise_kernel<at::direct_copy_kernel_,943,6.25,0.0,38.82,0.0,24.08,53.64,35.15,0.5,,,"underutilised: SM 18 %, DRAM 31 %, L2 29 %, occ 69 %"
planner_debate,896,mir_operator:prefill_layer15,elementwise_unary,16,profiled,"void at::vectorized_elementwise_kernel<4, void at::<unnamed>",944,0.62,0.0,20.6,0.0,10.08,61.76,12.11,0.1,,,"underutilised: SM 2 %, DRAM 56 %, L2 26 %, occ 28 %"
planner_debate,896,mir_operator:prefill_layer15,reduce,10,profiled,"void at::reduce_kernel<512, 1, at::ReduceOp<float, at::MeanO",945,9.77,0.0,40.14,0.0,15.75,18.73,45.45,0.46,,,"underutilised: SM 1 %, DRAM 36 %, L2 14 %, occ 33 %"
planner_debate,896,mir_operator:prefill_layer15,elementwise_binary,34,profiled,"void at::vectorized_elementwise_kernel<4, at::CUDAFunctorOnS",946,13.1,0.0,35.08,0.0,20.56,56.94,66.66,0.83,,,"latency/launch-bound: 0.00 waves per SM, no unit above 30 % of peak"
planner_debate,896,mir_operator:prefill_layer15,gemm,14,profiled,void cutlass::Kernel2<cutlass_80_tensorop_bf16_s16816gemm_re,952,31.15,38.21,35.95,0.0,65.72,91.85,14.44,1.5,,,L2-bandwidth-bound (working set in L2)
planner_debate,896,mir_operator:prefill_layer15,elementwise_other,14,profiled,"void at::elementwise_kernel<128, 4, void at::gpu_kernel_impl",974,9.82,0.0,54.15,0.0,21.37,40.89,36.41,0.5,,,"latency/launch-bound: 0.42 waves per SM, no unit above 30 % of peak"
planner_debate,896,mir_operator:prefill_layer15,concat,8,profiled,void at::<unnamed>::CatArrayBatchedCopy<at::<unnamed>::Opaqu,975,25.12,0.0,15.39,0.0,9.55,54.74,70.85,1.33,,,"underutilised: SM 33 %, DRAM 22 %, L2 14 %, occ 83 %"
planner_debate,896,mir_operator:prefill_layer15,attention,4,profiled,void pytorch_flash::flash_fwd_splitkv_kernel<Flash_fwd_kerne,985,18.14,8.81,42.65,0.0,25.66,54.61,33.19,1.42,,,"underutilised: SM 11 %, DRAM 17 %, L2 26 %, occ 8 %"
planner_debate,896,mir_operator:prefill_layer16,copy,16,profiled,void at::unrolled_elementwise_kernel<at::direct_copy_kernel_,1005,6.26,0.0,37.92,0.0,24.19,52.95,35.02,0.5,,,"underutilised: SM 17 %, DRAM 33 %, L2 31 %, occ 68 %"
planner_debate,896,mir_operator:prefill_layer16,elementwise_unary,16,profiled,"void at::vectorized_elementwise_kernel<4, void at::<unnamed>",1006,0.59,0.0,19.56,0.0,9.53,61.79,11.94,0.1,,,"underutilised: SM 2 %, DRAM 57 %, L2 26 %, occ 28 %"
planner_debate,896,mir_operator:prefill_layer16,reduce,10,profiled,"void at::reduce_kernel<512, 1, at::ReduceOp<float, at::MeanO",1007,9.89,0.0,40.37,0.0,15.82,18.56,45.14,0.46,,,"underutilised: SM 1 %, DRAM 35 %, L2 14 %, occ 33 %"
planner_debate,896,mir_operator:prefill_layer16,elementwise_binary,34,profiled,"void at::vectorized_elementwise_kernel<4, at::CUDAFunctorOnS",1008,13.14,0.0,36.27,0.0,21.12,57.81,66.14,0.83,,,"latency/launch-bound: 0.00 waves per SM, no unit above 30 % of peak"
planner_debate,896,mir_operator:prefill_layer16,gemm,14,profiled,void cutlass::Kernel2<cutlass_80_tensorop_bf16_s16816gemm_re,1014,30.93,39.82,35.74,0.0,65.46,91.84,14.13,1.5,,,L2-bandwidth-bound (working set in L2)
planner_debate,896,mir_operator:prefill_layer16,elementwise_other,14,profiled,"void at::elementwise_kernel<128, 4, void at::gpu_kernel_impl",1036,9.82,0.0,55.17,0.0,21.81,40.79,36.33,0.5,,,"latency/launch-bound: 0.42 waves per SM, no unit above 30 % of peak"
planner_debate,896,mir_operator:prefill_layer16,concat,8,profiled,void at::<unnamed>::CatArrayBatchedCopy<at::<unnamed>::Opaqu,1037,24.81,0.0,15.67,0.0,9.71,54.16,70.82,1.33,,,"underutilised: SM 33 %, DRAM 22 %, L2 14 %, occ 82 %"
planner_debate,896,mir_operator:prefill_layer16,attention,4,profiled,void pytorch_flash::flash_fwd_splitkv_kernel<Flash_fwd_kerne,1047,18.36,8.69,42.45,0.0,25.48,54.59,33.17,1.42,,,"underutilised: SM 11 %, DRAM 16 %, L2 25 %, occ 8 %"
planner_debate,896,mir_operator:prefill_layer17,copy,16,profiled,void at::unrolled_elementwise_kernel<at::direct_copy_kernel_,1067,6.3,0.0,37.35,0.0,23.93,53.41,34.74,0.5,,,"underutilised: SM 18 %, DRAM 31 %, L2 30 %, occ 68 %"
planner_debate,896,mir_operator:prefill_layer17,elementwise_unary,16,profiled,"void at::vectorized_elementwise_kernel<4, void at::<unnamed>",1068,0.62,0.0,20.67,0.0,10.08,60.75,11.91,0.1,,,"underutilised: SM 2 %, DRAM 56 %, L2 26 %, occ 28 %"
planner_debate,896,mir_operator:prefill_layer17,reduce,10,profiled,"void at::reduce_kernel<512, 1, at::ReduceOp<float, at::MeanO",1069,9.57,0.0,41.05,0.0,16.15,18.77,45.28,0.46,,,"underutilised: SM 1 %, DRAM 36 %, L2 14 %, occ 33 %"
planner_debate,896,mir_operator:prefill_layer17,elementwise_binary,34,profiled,"void at::vectorized_elementwise_kernel<4, at::CUDAFunctorOnS",1070,13.08,0.0,36.17,0.0,20.85,58.16,66.69,0.83,,,"latency/launch-bound: 0.00 waves per SM, no unit above 30 % of peak"
planner_debate,896,mir_operator:prefill_layer17,gemm,14,profiled,void cutlass::Kernel2<cutlass_80_tensorop_bf16_s16816gemm_re,1076,31.01,40.02,35.9,0.0,66.5,91.83,14.19,1.5,,,L2-bandwidth-bound (working set in L2)
planner_debate,896,mir_operator:prefill_layer17,elementwise_other,14,profiled,"void at::elementwise_kernel<128, 4, void at::gpu_kernel_impl",1098,10.05,0.0,53.41,0.0,21.11,40.8,36.71,0.5,,,"latency/launch-bound: 0.42 waves per SM, no unit above 30 % of peak"
planner_debate,896,mir_operator:prefill_layer17,concat,8,profiled,void at::<unnamed>::CatArrayBatchedCopy<at::<unnamed>::Opaqu,1099,25.46,0.0,15.5,0.0,9.58,54.6,71.04,1.33,,,"underutilised: SM 33 %, DRAM 22 %, L2 14 %, occ 83 %"
planner_debate,896,mir_operator:prefill_layer17,attention,4,profiled,void pytorch_flash::flash_fwd_splitkv_kernel<Flash_fwd_kerne,1109,18.16,8.72,41.27,0.0,24.72,51.96,32.86,1.42,,,"underutilised: SM 11 %, DRAM 6 %, L2 6 %, occ 8 %"
planner_debate,896,mir_operator:prefill_layer18,copy,16,profiled,void at::unrolled_elementwise_kernel<at::direct_copy_kernel_,1129,6.21,0.0,37.35,0.0,23.97,53.02,35.21,0.5,,,"underutilised: SM 19 %, DRAM 32 %, L2 30 %, occ 66 %"
planner_debate,896,mir_operator:prefill_layer18,elementwise_unary,16,profiled,"void at::vectorized_elementwise_kernel<4, void at::<unnamed>",1130,0.63,0.0,20.56,0.0,12.26,63.66,11.83,0.1,,,"underutilised: SM 2 %, DRAM 57 %, L2 26 %, occ 28 %"
planner_debate,896,mir_operator:prefill_layer18,reduce,10,profiled,"void at::reduce_kernel<512, 1, at::ReduceOp<float, at::MeanO",1131,9.55,0.0,40.97,0.0,16.11,18.75,45.17,0.46,,,"underutilised: SM 1 %, DRAM 35 %, L2 14 %, occ 33 %"
planner_debate,896,mir_operator:prefill_layer18,elementwise_binary,34,profiled,"void at::vectorized_elementwise_kernel<4, at::CUDAFunctorOnS",1132,12.93,0.0,35.2,0.0,21.03,58.09,66.38,0.83,,,"latency/launch-bound: 0.00 waves per SM, no unit above 30 % of peak"
planner_debate,896,mir_operator:prefill_layer18,gemm,14,profiled,void cutlass::Kernel2<cutlass_80_tensorop_bf16_s16816gemm_re,1138,30.98,39.57,35.76,0.0,65.87,91.82,14.18,1.5,,,L2-bandwidth-bound (working set in L2)
planner_debate,896,mir_operator:prefill_layer18,elementwise_other,14,profiled,"void at::elementwise_kernel<128, 4, void at::gpu_kernel_impl",1160,9.63,0.0,54.37,0.0,21.49,41.05,37.04,0.5,,,"latency/launch-bound: 0.42 waves per SM, no unit above 30 % of peak"
planner_debate,896,mir_operator:prefill_layer18,concat,8,profiled,void at::<unnamed>::CatArrayBatchedCopy<at::<unnamed>::Opaqu,1161,25.12,0.0,16.14,0.0,9.72,53.86,70.99,1.33,,,"underutilised: SM 32 %, DRAM 22 %, L2 14 %, occ 83 %"
planner_debate,896,mir_operator:prefill_layer18,attention,4,profiled,void pytorch_flash::flash_fwd_splitkv_kernel<Flash_fwd_kerne,1171,18.33,8.9,42.16,0.0,25.78,54.58,33.15,1.42,,,"underutilised: SM 11 %, DRAM 16 %, L2 25 %, occ 8 %"
planner_debate,896,mir_operator:prefill_layer19,copy,16,profiled,void at::unrolled_elementwise_kernel<at::direct_copy_kernel_,1191,6.14,0.0,37.87,0.0,24.15,52.98,34.85,0.5,,,"underutilised: SM 19 %, DRAM 33 %, L2 31 %, occ 67 %"
planner_debate,896,mir_operator:prefill_layer19,elementwise_unary,16,profiled,"void at::vectorized_elementwise_kernel<4, void at::<unnamed>",1192,0.62,0.0,20.77,0.0,10.08,64.05,11.95,0.1,,,"underutilised: SM 2 %, DRAM 58 %, L2 26 %, occ 28 %"
planner_debate,896,mir_operator:prefill_layer19,reduce,10,profiled,"void at::reduce_kernel<512, 1, at::ReduceOp<float, at::MeanO",1193,9.87,0.0,39.0,0.0,15.32,18.87,45.47,0.46,,,"underutilised: SM 1 %, DRAM 35 %, L2 14 %, occ 33 %"
planner_debate,896,mir_operator:prefill_layer19,elementwise_binary,34,profiled,"void at::vectorized_elementwise_kernel<4, at::CUDAFunctorOnS",1194,13.4,0.0,36.06,0.0,21.11,57.99,66.9,0.83,,,"latency/launch-bound: 0.00 waves per SM, no unit above 30 % of peak"
planner_debate,896,mir_operator:prefill_layer19,gemm,14,profiled,void cutlass::Kernel2<cutlass_80_tensorop_bf16_s16816gemm_re,1200,31.01,38.36,36.1,0.0,65.7,91.86,14.26,1.5,,,L2-bandwidth-bound (working set in L2)
planner_debate,896,mir_operator:prefill_layer19,elementwise_other,14,profiled,"void at::elementwise_kernel<128, 4, void at::gpu_kernel_impl",1222,9.91,0.0,54.23,0.0,21.41,40.76,36.64,0.5,,,"latency/launch-bound: 0.42 waves per SM, no unit above 30 % of peak"
planner_debate,896,mir_operator:prefill_layer19,concat,8,profiled,void at::<unnamed>::CatArrayBatchedCopy<at::<unnamed>::Opaqu,1223,25.45,0.0,15.13,0.0,9.38,54.32,71.01,1.33,,,"underutilised: SM 33 %, DRAM 22 %, L2 14 %, occ 83 %"
planner_debate,896,mir_operator:prefill_layer19,attention,4,profiled,void pytorch_flash::flash_fwd_splitkv_kernel<Flash_fwd_kerne,1233,18.27,8.94,39.25,0.0,25.53,54.53,33.33,1.42,,,"underutilised: SM 11 %, DRAM 17 %, L2 26 %, occ 8 %"
planner_debate,896,mir_operator:prefill_layer20,copy,16,profiled,void at::unrolled_elementwise_kernel<at::direct_copy_kernel_,1253,6.38,0.0,37.44,0.0,23.95,53.08,34.64,0.5,,,"underutilised: SM 19 %, DRAM 33 %, L2 31 %, occ 68 %"
planner_debate,896,mir_operator:prefill_layer20,elementwise_unary,16,profiled,"void at::vectorized_elementwise_kernel<4, void at::<unnamed>",1254,0.6,0.0,20.5,0.0,10.07,61.72,11.89,0.1,,,"underutilised: SM 2 %, DRAM 57 %, L2 26 %, occ 27 %"
planner_debate,896,mir_operator:prefill_layer20,reduce,10,profiled,"void at::reduce_kernel<512, 1, at::ReduceOp<float, at::MeanO",1255,9.95,0.0,40.29,0.0,15.82,18.45,45.13,0.46,,,"underutilised: SM 1 %, DRAM 38 %, L2 14 %, occ 33 %"
planner_debate,896,mir_operator:prefill_layer20,elementwise_binary,34,profiled,"void at::vectorized_elementwise_kernel<4, at::CUDAFunctorOnS",1256,13.2,0.0,35.57,0.0,20.34,58.21,66.97,0.83,,,"latency/launch-bound: 0.00 waves per SM, no unit above 30 % of peak"
planner_debate,896,mir_operator:prefill_layer20,gemm,14,profiled,void cutlass::Kernel2<cutlass_80_tensorop_bf16_s16816gemm_re,1262,31.31,39.38,35.84,0.0,66.2,91.85,14.14,1.5,,,L2-bandwidth-bound (working set in L2)
planner_debate,896,mir_operator:prefill_layer20,elementwise_other,14,profiled,"void at::elementwise_kernel<128, 4, void at::gpu_kernel_impl",1284,9.87,0.0,54.64,0.0,21.56,40.8,36.61,0.5,,,"latency/launch-bound: 0.42 waves per SM, no unit above 30 % of peak"
planner_debate,896,mir_operator:prefill_layer20,concat,8,profiled,void at::<unnamed>::CatArrayBatchedCopy<at::<unnamed>::Opaqu,1285,25.36,0.0,15.67,0.0,9.77,54.7,70.96,1.33,,,"underutilised: SM 33 %, DRAM 22 %, L2 14 %, occ 82 %"
planner_debate,896,mir_operator:prefill_layer20,attention,4,profiled,void pytorch_flash::flash_fwd_splitkv_kernel<Flash_fwd_kerne,1295,18.06,8.74,42.59,0.0,25.43,54.57,33.45,1.42,,,"underutilised: SM 11 %, DRAM 16 %, L2 25 %, occ 8 %"
planner_debate,896,mir_operator:prefill_layer21,copy,16,profiled,void at::unrolled_elementwise_kernel<at::direct_copy_kernel_,1315,6.28,0.0,38.73,0.0,23.93,55.8,35.02,0.5,,,"underutilised: SM 19 %, DRAM 33 %, L2 31 %, occ 67 %"
planner_debate,896,mir_operator:prefill_layer21,elementwise_unary,16,profiled,"void at::vectorized_elementwise_kernel<4, void at::<unnamed>",1316,0.19,0.0,20.8,0.0,10.03,64.67,12.09,0.1,,,"underutilised: SM 2 %, DRAM 56 %, L2 26 %, occ 28 %"
planner_debate,896,mir_operator:prefill_layer21,reduce,10,profiled,"void at::reduce_kernel<512, 1, at::ReduceOp<float, at::MeanO",1317,9.57,0.0,40.88,0.0,16.01,18.48,45.43,0.46,,,"underutilised: SM 1 %, DRAM 35 %, L2 14 %, occ 33 %"
planner_debate,896,mir_operator:prefill_layer21,elementwise_binary,34,profiled,"void at::vectorized_elementwise_kernel<4, at::CUDAFunctorOnS",1318,13.27,0.0,36.13,0.0,20.8,57.87,66.05,0.83,,,"latency/launch-bound: 0.00 waves per SM, no unit above 30 % of peak"
planner_debate,896,mir_operator:prefill_layer21,gemm,14,profiled,void cutlass::Kernel2<cutlass_80_tensorop_bf16_s16816gemm_re,1324,30.79,39.88,36.11,0.0,65.55,91.83,14.21,1.5,,,L2-bandwidth-bound (working set in L2)
planner_debate,896,mir_operator:prefill_layer21,elementwise_other,14,profiled,"void at::elementwise_kernel<128, 4, void at::gpu_kernel_impl",1346,9.75,0.0,53.59,0.0,21.2,40.88,36.88,0.5,,,"latency/launch-bound: 0.42 waves per SM, no unit above 30 % of peak"
planner_debate,896,mir_operator:prefill_layer21,concat,8,profiled,void at::<unnamed>::CatArrayBatchedCopy<at::<unnamed>::Opaqu,1347,25.53,0.0,15.95,0.0,9.71,54.81,70.96,1.33,,,"underutilised: SM 33 %, DRAM 22 %, L2 14 %, occ 82 %"
planner_debate,896,mir_operator:prefill_layer21,attention,4,profiled,void pytorch_flash::flash_fwd_splitkv_kernel<Flash_fwd_kerne,1357,18.16,8.77,42.58,0.0,25.73,54.58,33.18,1.42,,,"underutilised: SM 11 %, DRAM 17 %, L2 25 %, occ 8 %"
planner_debate,896,mir_operator:prefill_layer22,copy,16,profiled,void at::unrolled_elementwise_kernel<at::direct_copy_kernel_,1377,6.31,0.0,38.72,0.0,24.2,53.12,35.24,0.5,,,"underutilised: SM 19 %, DRAM 33 %, L2 31 %, occ 68 %"
planner_debate,896,mir_operator:prefill_layer22,elementwise_unary,16,profiled,"void at::vectorized_elementwise_kernel<4, void at::<unnamed>",1378,0.62,0.0,20.65,0.0,10.01,63.05,11.85,0.1,,,"underutilised: SM 2 %, DRAM 57 %, L2 26 %, occ 28 %"
planner_debate,896,mir_operator:prefill_layer22,reduce,10,profiled,"void at::reduce_kernel<512, 1, at::ReduceOp<float, at::MeanO",1379,9.6,0.0,40.1,0.0,15.74,18.46,45.04,0.46,,,"underutilised: SM 1 %, DRAM 33 %, L2 13 %, occ 33 %"
planner_debate,896,mir_operator:prefill_layer22,elementwise_binary,34,profiled,"void at::vectorized_elementwise_kernel<4, at::CUDAFunctorOnS",1380,13.07,0.0,35.68,0.0,20.62,57.27,66.62,0.83,,,"latency/launch-bound: 0.00 waves per SM, no unit above 30 % of peak"
planner_debate,896,mir_operator:prefill_layer22,gemm,14,profiled,void cutlass::Kernel2<cutlass_80_tensorop_bf16_s16816gemm_re,1386,31.03,39.96,36.41,0.0,66.08,91.85,14.19,1.5,,,L2-bandwidth-bound (working set in L2)
planner_debate,896,mir_operator:prefill_layer22,elementwise_other,14,profiled,"void at::elementwise_kernel<128, 4, void at::gpu_kernel_impl",1408,9.73,0.0,54.27,0.0,21.39,41.23,36.56,0.5,,,"latency/launch-bound: 0.42 waves per SM, no unit above 30 % of peak"
planner_debate,896,mir_operator:prefill_layer22,concat,8,profiled,void at::<unnamed>::CatArrayBatchedCopy<at::<unnamed>::Opaqu,1409,25.48,0.0,15.55,0.0,9.6,54.7,70.72,1.33,,,"underutilised: SM 33 %, DRAM 22 %, L2 14 %, occ 83 %"
planner_debate,896,mir_operator:prefill_layer22,attention,4,profiled,void pytorch_flash::flash_fwd_splitkv_kernel<Flash_fwd_kerne,1419,18.18,8.85,42.59,0.0,25.66,54.58,33.55,1.42,,,"underutilised: SM 11 %, DRAM 17 %, L2 26 %, occ 8 %"
planner_debate,896,mir_operator:prefill_layer23,copy,16,profiled,void at::unrolled_elementwise_kernel<at::direct_copy_kernel_,1439,6.31,0.0,37.8,0.0,23.79,53.14,35.21,0.5,,,"underutilised: SM 19 %, DRAM 32 %, L2 30 %, occ 68 %"
planner_debate,896,mir_operator:prefill_layer23,elementwise_unary,16,profiled,"void at::vectorized_elementwise_kernel<4, void at::<unnamed>",1440,0.61,0.0,20.53,0.0,9.94,62.6,12.1,0.1,,,"underutilised: SM 2 %, DRAM 55 %, L2 25 %, occ 28 %"
planner_debate,896,mir_operator:prefill_layer23,reduce,10,profiled,"void at::reduce_kernel<512, 1, at::ReduceOp<float, at::MeanO",1441,9.6,0.0,41.05,0.0,16.14,18.62,45.47,0.46,,,"underutilised: SM 1 %, DRAM 34 %, L2 14 %, occ 33 %"
planner_debate,896,mir_operator:prefill_layer23,elementwise_binary,34,profiled,"void at::vectorized_elementwise_kernel<4, at::CUDAFunctorOnS",1442,13.44,0.0,36.21,0.0,20.75,57.78,65.99,0.83,,,"latency/launch-bound: 0.00 waves per SM, no unit above 30 % of peak"
planner_debate,896,mir_operator:prefill_layer23,gemm,14,profiled,void cutlass::Kernel2<cutlass_80_tensorop_bf16_s16816gemm_re,1448,30.71,39.69,36.59,0.0,66.35,91.8,14.16,1.5,,,L2-bandwidth-bound (working set in L2)
planner_debate,896,mir_operator:prefill_layer23,elementwise_other,14,profiled,"void at::elementwise_kernel<128, 4, void at::gpu_kernel_impl",1470,9.83,0.0,54.24,0.0,21.37,40.86,36.83,0.5,,,"latency/launch-bound: 0.42 waves per SM, no unit above 30 % of peak"
planner_debate,896,mir_operator:prefill_layer23,concat,8,profiled,void at::<unnamed>::CatArrayBatchedCopy<at::<unnamed>::Opaqu,1471,25.4,0.0,15.65,0.0,9.8,55.03,70.86,1.33,,,"underutilised: SM 33 %, DRAM 22 %, L2 14 %, occ 83 %"
planner_debate,896,mir_operator:prefill_layer23,attention,4,profiled,void pytorch_flash::flash_fwd_splitkv_kernel<Flash_fwd_kerne,1481,18.15,8.71,42.14,0.0,25.64,54.57,33.12,1.42,,,"underutilised: SM 11 %, DRAM 16 %, L2 26 %, occ 8 %"
planner_debate,896,mir_operator:prefill_layer24,copy,16,profiled,void at::unrolled_elementwise_kernel<at::direct_copy_kernel_,1501,6.35,0.0,35.27,0.0,23.92,52.76,35.06,0.5,,,"underutilised: SM 18 %, DRAM 30 %, L2 29 %, occ 69 %"
planner_debate,896,mir_operator:prefill_layer24,elementwise_unary,16,profiled,"void at::vectorized_elementwise_kernel<4, void at::<unnamed>",1502,0.6,0.0,21.29,0.0,10.34,63.43,11.78,0.1,,,"underutilised: SM 2 %, DRAM 59 %, L2 27 %, occ 28 %"
planner_debate,896,mir_operator:prefill_layer24,reduce,10,profiled,"void at::reduce_kernel<512, 1, at::ReduceOp<float, at::MeanO",1503,9.68,0.0,40.93,0.0,16.04,18.5,45.22,0.46,,,"underutilised: SM 1 %, DRAM 36 %, L2 14 %, occ 33 %"
planner_debate,896,mir_operator:prefill_layer24,elementwise_binary,34,profiled,"void at::vectorized_elementwise_kernel<4, at::CUDAFunctorOnS",1504,13.38,0.0,36.25,0.0,20.95,58.13,66.53,0.83,,,"latency/launch-bound: 0.00 waves per SM, no unit above 30 % of peak"
planner_debate,896,mir_operator:prefill_layer24,gemm,14,profiled,void cutlass::Kernel2<cutlass_80_tensorop_bf16_s16816gemm_re,1510,31.05,39.87,35.56,0.0,64.58,91.85,14.24,1.5,,,L2-bandwidth-bound (working set in L2)
planner_debate,896,mir_operator:prefill_layer24,elementwise_other,14,profiled,"void at::elementwise_kernel<128, 4, void at::gpu_kernel_impl",1532,9.9,0.0,45.5,0.0,18.06,40.92,36.38,0.5,,,"latency/launch-bound: 0.42 waves per SM, no unit above 30 % of peak"
planner_debate,896,mir_operator:prefill_layer24,concat,8,profiled,void at::<unnamed>::CatArrayBatchedCopy<at::<unnamed>::Opaqu,1533,25.43,0.0,15.93,0.0,9.65,54.95,70.5,1.33,,,"underutilised: SM 33 %, DRAM 22 %, L2 14 %, occ 82 %"
planner_debate,896,mir_operator:prefill_layer24,attention,4,profiled,void pytorch_flash::flash_fwd_splitkv_kernel<Flash_fwd_kerne,1543,18.17,9.02,42.42,0.0,25.81,54.58,33.45,1.42,,,"underutilised: SM 11 %, DRAM 17 %, L2 26 %, occ 8 %"
planner_debate,896,mir_operator:prefill_layer25,copy,16,profiled,void at::unrolled_elementwise_kernel<at::direct_copy_kernel_,1563,6.34,0.0,38.12,0.0,24.09,53.04,34.85,0.5,,,"underutilised: SM 19 %, DRAM 32 %, L2 31 %, occ 69 %"
planner_debate,896,mir_operator:prefill_layer25,elementwise_unary,16,profiled,"void at::vectorized_elementwise_kernel<4, void at::<unnamed>",1564,0.65,0.0,21.87,0.0,10.69,61.31,12.12,0.1,,,"underutilised: SM 2 %, DRAM 56 %, L2 26 %, occ 28 %"
planner_debate,896,mir_operator:prefill_layer25,reduce,10,profiled,"void at::reduce_kernel<512, 1, at::ReduceOp<float, at::MeanO",1565,9.69,0.0,40.82,0.0,15.63,18.55,45.44,0.46,,,"underutilised: SM 1 %, DRAM 35 %, L2 14 %, occ 33 %"
planner_debate,896,mir_operator:prefill_layer25,elementwise_binary,34,profiled,"void at::vectorized_elementwise_kernel<4, at::CUDAFunctorOnS",1566,13.5,0.0,35.31,0.0,20.66,57.94,66.1,0.83,,,"latency/launch-bound: 0.00 waves per SM, no unit above 30 % of peak"
planner_debate,896,mir_operator:prefill_layer25,gemm,14,profiled,void cutlass::Kernel2<cutlass_80_tensorop_bf16_s16816gemm_re,1572,31.04,39.99,36.3,0.0,65.78,91.87,14.14,1.5,,,L2-bandwidth-bound (working set in L2)
planner_debate,896,mir_operator:prefill_layer25,elementwise_other,14,profiled,"void at::elementwise_kernel<128, 4, void at::gpu_kernel_impl",1594,9.85,0.0,53.1,0.0,20.95,41.82,36.39,0.5,,,"latency/launch-bound: 0.42 waves per SM, no unit above 30 % of peak"
planner_debate,896,mir_operator:prefill_layer25,concat,8,profiled,void at::<unnamed>::CatArrayBatchedCopy<at::<unnamed>::Opaqu,1595,25.56,0.0,15.98,0.0,9.68,55.03,70.84,1.33,,,"underutilised: SM 33 %, DRAM 22 %, L2 14 %, occ 82 %"
planner_debate,896,mir_operator:prefill_layer25,attention,4,profiled,void pytorch_flash::flash_fwd_splitkv_kernel<Flash_fwd_kerne,1605,18.23,8.94,42.68,0.0,25.69,54.54,33.12,1.42,,,"underutilised: SM 11 %, DRAM 16 %, L2 26 %, occ 8 %"
planner_debate,896,mir_operator:prefill_layer26,copy,16,profiled,void at::unrolled_elementwise_kernel<at::direct_copy_kernel_,1625,6.32,0.0,37.97,0.0,24.12,52.89,34.94,0.5,,,"underutilised: SM 17 %, DRAM 33 %, L2 31 %, occ 67 %"
planner_debate,896,mir_operator:prefill_layer26,elementwise_unary,16,profiled,"void at::vectorized_elementwise_kernel<4, void at::<unnamed>",1626,0.57,0.0,20.75,0.0,10.03,63.35,11.87,0.1,,,"underutilised: SM 2 %, DRAM 57 %, L2 26 %, occ 27 %"
planner_debate,896,mir_operator:prefill_layer26,reduce,10,profiled,"void at::reduce_kernel<512, 1, at::ReduceOp<float, at::MeanO",1627,9.94,0.0,40.19,0.0,15.78,18.51,45.08,0.46,,,"underutilised: SM 1 %, DRAM 35 %, L2 14 %, occ 33 %"
planner_debate,896,mir_operator:prefill_layer26,elementwise_binary,34,profiled,"void at::vectorized_elementwise_kernel<4, at::CUDAFunctorOnS",1628,13.63,0.0,35.68,0.0,20.82,57.91,66.33,0.83,,,"latency/launch-bound: 0.00 waves per SM, no unit above 30 % of peak"
planner_debate,896,mir_operator:prefill_layer26,gemm,14,profiled,void cutlass::Kernel2<cutlass_80_tensorop_bf16_s16816gemm_re,1634,31.1,40.03,35.64,0.0,64.91,91.85,14.12,1.5,,,L2-bandwidth-bound (working set in L2)
planner_debate,896,mir_operator:prefill_layer26,elementwise_other,14,profiled,"void at::elementwise_kernel<128, 4, void at::gpu_kernel_impl",1656,9.81,0.0,54.53,0.0,21.49,40.8,36.74,0.5,,,"latency/launch-bound: 0.42 waves per SM, no unit above 30 % of peak"
planner_debate,896,mir_operator:prefill_layer26,concat,8,profiled,void at::<unnamed>::CatArrayBatchedCopy<at::<unnamed>::Opaqu,1657,25.49,0.0,15.83,0.0,9.72,54.41,70.88,1.33,,,"underutilised: SM 33 %, DRAM 22 %, L2 14 %, occ 82 %"
planner_debate,896,mir_operator:prefill_layer26,attention,4,profiled,void pytorch_flash::flash_fwd_splitkv_kernel<Flash_fwd_kerne,1667,17.87,8.88,42.6,0.0,25.87,54.61,33.33,1.42,,,"underutilised: SM 11 %, DRAM 17 %, L2 26 %, occ 8 %"
planner_debate,896,mir_operator:prefill_layer27,copy,16,profiled,void at::unrolled_elementwise_kernel<at::direct_copy_kernel_,1687,6.13,0.0,37.46,0.0,24.04,53.39,35.07,0.5,,,"underutilised: SM 19 %, DRAM 32 %, L2 31 %, occ 66 %"
planner_debate,896,mir_operator:prefill_layer27,elementwise_unary,16,profiled,"void at::vectorized_elementwise_kernel<4, void at::<unnamed>",1688,0.6,0.0,20.74,0.0,10.1,63.58,11.99,0.1,,,"underutilised: SM 2 %, DRAM 58 %, L2 26 %, occ 28 %"
planner_debate,896,mir_operator:prefill_layer27,reduce,10,profiled,"void at::reduce_kernel<512, 1, at::ReduceOp<float, at::MeanO",1689,9.72,0.0,41.14,0.0,16.15,18.96,45.39,0.46,,,"underutilised: SM 1 %, DRAM 36 %, L2 14 %, occ 33 %"
planner_debate,896,mir_operator:prefill_layer27,elementwise_binary,34,profiled,"void at::vectorized_elementwise_kernel<4, at::CUDAFunctorOnS",1690,13.16,0.0,35.28,0.0,20.67,57.17,66.76,0.83,,,"latency/launch-bound: 0.00 waves per SM, no unit above 30 % of peak"
planner_debate,896,mir_operator:prefill_layer27,gemm,14,profiled,void cutlass::Kernel2<cutlass_80_tensorop_bf16_s16816gemm_re,1696,30.94,39.41,36.47,0.0,66.29,91.82,14.14,1.5,,,L2-bandwidth-bound (working set in L2)
planner_debate,896,mir_operator:prefill_layer27,elementwise_other,14,profiled,"void at::elementwise_kernel<128, 4, void at::gpu_kernel_impl",1718,10.01,0.0,53.9,0.0,21.24,41.09,36.45,0.5,,,"latency/launch-bound: 0.42 waves per SM, no unit above 30 % of peak"
planner_debate,896,mir_operator:prefill_layer27,concat,8,profiled,void at::<unnamed>::CatArrayBatchedCopy<at::<unnamed>::Opaqu,1719,25.51,0.0,15.7,0.0,9.55,54.57,64.29,1.33,,,"underutilised: SM 33 %, DRAM 22 %, L2 14 %, occ 82 %"
planner_debate,896,mir_operator:prefill_layer27,attention,4,profiled,void pytorch_flash::flash_fwd_splitkv_kernel<Flash_fwd_kerne,1729,18.28,8.79,42.35,0.0,25.68,54.53,33.27,1.42,,,"underutilised: SM 11 %, DRAM 17 %, L2 25 %, occ 8 %"
planner_debate,896,mir_operator:prefill_head,copy,4,profiled,void at::unrolled_elementwise_kernel<at::direct_copy_kernel_,1749,10.06,0.0,44.62,0.0,27.64,52.25,50.23,0.67,,,"underutilised: SM 19 %, DRAM 33 %, L2 31 %, occ 69 %"
planner_debate,896,mir_operator:prefill_head,elementwise_unary,4,profiled,"void at::vectorized_elementwise_kernel<4, void at::<unnamed>",1750,0.84,0.0,28.63,0.0,13.46,65.04,17.9,0.21,,,"underutilised: SM 2 %, DRAM 57 %, L2 26 %, occ 27 %"
planner_debate,896,mir_operator:prefill_head,reduce,2,profiled,"void at::reduce_kernel<512, 1, at::ReduceOp<float, at::MeanO",1751,1.24,0.0,37.41,0.0,14.66,16.65,33.27,0.06,,,"underutilised: SM 1 %, DRAM 35 %, L2 14 %, occ 33 %"
planner_debate,896,mir_operator:prefill_head,elementwise_binary,6,profiled,"void at::vectorized_elementwise_kernel<4, at::CUDAFunctorOnS",1752,13.86,0.0,37.78,0.0,23.46,59.78,67.74,0.92,,,"latency/launch-bound: 0.00 waves per SM, no unit above 30 % of peak"
planner_debate,896,mir_operator:prefill_head,gemm,2,profiled,ampere_bf16_s16816gemm_bf16_128x64_ldg8_f2f_tn,1757,41.79,42.29,65.08,0.0,66.8,88.08,16.31,19.7,,,DRAM-bandwidth-bound
planner_debate,896,mir_operator:prefill_sample,reduce,2,profiled,"void at::reduce_kernel<512, 1, at::ReduceOp<c10::BFloat16, a",1759,2.79,0.0,5.26,0.0,3.26,61.41,33.13,0.05,,,"latency/launch-bound: 0.05 waves per SM, no unit above 30 % of peak"
planner_debate,896,mir_operator:decode_embed,other,2,profiled,"void at::<unnamed>::indexSelectSmallIndex<c10::BFloat16, lon",1762,0.25,0.0,0.34,0.0,0.71,81.48,8.31,0.01,,,"latency/launch-bound: 0.01 waves per SM, no unit above 30 % of peak"
planner_debate,896,mir_operator:decode_layer00,copy,16,profiled,void at::unrolled_elementwise_kernel<at::direct_copy_kernel_,1773,0.02,0.0,0.89,0.0,1.56,86.19,8.27,0.0,,,"latency/launch-bound: 0.00 waves per SM, no unit above 30 % of peak"
planner_debate,896,mir_operator:decode_layer00,elementwise_unary,16,profiled,"void at::vectorized_elementwise_kernel<4, void at::<unnamed>",1774,0.02,0.0,0.42,0.0,0.94,81.66,7.52,0.0,,,"latency/launch-bound: 0.00 waves per SM, no unit above 30 % of peak"
planner_debate,896,mir_operator:decode_layer00,reduce,8,profiled,"void at::reduce_kernel<512, 1, at::ReduceOp<float, at::MeanO",1775,0.08,0.0,1.96,0.0,3.8,89.49,31.87,0.0,,,"latency/launch-bound: 0.00 waves per SM, no unit above 30 % of peak"
planner_debate,896,mir_operator:decode_layer00,elementwise_binary,34,profiled,"void at::vectorized_elementwise_kernel<4, at::CUDAFunctorOnS",1776,0.04,0.0,0.79,0.0,1.37,87.01,8.31,0.0,,,"latency/launch-bound: 0.00 waves per SM, no unit above 30 % of peak"
planner_debate,896,mir_operator:decode_layer00,gemv,14,profiled,"std::enable_if<!T7, void>::type internal::kernel<int, int, _",1781,15.38,0.0,74.77,0.0,46.82,9.09,15.97,0.67,,,DRAM-bandwidth-bound
planner_debate,896,mir_operator:decode_layer00,elementwise_other,14,profiled,"void at::elementwise_kernel<128, 4, void at::gpu_kernel_impl",1801,0.02,0.0,0.72,0.0,1.23,84.04,8.28,0.0,,,"latency/launch-bound: 0.00 waves per SM, no unit above 30 % of peak"
planner_debate,896,mir_operator:decode_layer00,concat,8,profiled,void at::<unnamed>::CatArrayBatchedCopy<at::<unnamed>::Opaqu,1802,4.65,0.0,10.56,0.0,5.64,66.38,50.56,0.92,,,"underutilised: SM 6 %, DRAM 0 %, L2 1 %, occ 77 %"
planner_debate,896,mir_operator:decode_layer00,attention,4,profiled,void pytorch_flash::flash_fwd_splitkv_kernel<Flash_fwd_kerne,1812,1.93,12.04,9.33,0.0,4.16,57.43,8.28,0.1,,,"latency/launch-bound: 0.19 waves per SM, no unit above 30 % of peak"
planner_debate,896,mir_operator:decode_layer01,copy,16,profiled,void at::unrolled_elementwise_kernel<at::direct_copy_kernel_,1830,0.02,0.0,0.88,0.0,2.14,86.82,8.28,0.0,,,"latency/launch-bound: 0.00 waves per SM, no unit above 30 % of peak"
planner_debate,896,mir_operator:decode_layer01,elementwise_unary,16,profiled,"void at::vectorized_elementwise_kernel<4, void at::<unnamed>",1831,0.02,0.0,0.43,0.0,0.9,86.17,7.64,0.0,,,"latency/launch-bound: 0.00 waves per SM, no unit above 30 % of peak"
planner_debate,896,mir_operator:decode_layer01,reduce,8,profiled,"void at::reduce_kernel<512, 1, at::ReduceOp<float, at::MeanO",1832,0.08,0.0,1.97,0.0,3.89,89.32,31.84,0.0,,,"latency/launch-bound: 0.00 waves per SM, no unit above 30 % of peak"
planner_debate,896,mir_operator:decode_layer01,elementwise_binary,34,profiled,"void at::vectorized_elementwise_kernel<4, at::CUDAFunctorOnS",1833,0.04,0.0,0.8,0.0,1.39,87.16,8.31,0.0,,,"latency/launch-bound: 0.00 waves per SM, no unit above 30 % of peak"
planner_debate,896,mir_operator:decode_layer01,gemv,14,profiled,"std::enable_if<!T7, void>::type internal::kernel<int, int, _",1838,15.42,0.0,74.55,0.0,46.38,9.11,16.02,0.67,,,DRAM-bandwidth-bound
planner_debate,896,mir_operator:decode_layer01,elementwise_other,14,profiled,"void at::elementwise_kernel<128, 4, void at::gpu_kernel_impl",1858,0.02,0.0,0.81,0.0,1.15,84.48,8.29,0.0,,,"latency/launch-bound: 0.00 waves per SM, no unit above 30 % of peak"
planner_debate,896,mir_operator:decode_layer01,concat,8,profiled,void at::<unnamed>::CatArrayBatchedCopy<at::<unnamed>::Opaqu,1859,4.76,0.0,10.25,0.0,5.39,67.29,50.52,0.92,,,"underutilised: SM 6 %, DRAM 0 %, L2 1 %, occ 76 %"
planner_debate,896,mir_operator:decode_layer01,attention,4,profiled,void pytorch_flash::flash_fwd_splitkv_kernel<Flash_fwd_kerne,1869,2.01,11.97,9.48,0.0,4.5,47.31,8.3,0.1,,,"latency/launch-bound: 0.19 waves per SM, no unit above 30 % of peak"
planner_debate,896,mir_operator:decode_layer02,copy,16,profiled,void at::unrolled_elementwise_kernel<at::direct_copy_kernel_,1887,0.03,0.0,0.88,0.0,1.61,85.13,8.31,0.0,,,"latency/launch-bound: 0.00 waves per SM, no unit above 30 % of peak"
planner_debate,896,mir_operator:decode_layer02,elementwise_unary,16,profiled,"void at::vectorized_elementwise_kernel<4, void at::<unnamed>",1888,0.02,0.0,0.42,0.0,0.9,85.15,7.71,0.0,,,"latency/launch-bound: 0.00 waves per SM, no unit above 30 % of peak"
planner_debate,896,mir_operator:decode_layer02,reduce,8,profiled,"void at::reduce_kernel<512, 1, at::ReduceOp<float, at::MeanO",1889,0.08,0.0,1.97,0.0,3.84,89.47,31.8,0.0,,,"latency/launch-bound: 0.00 waves per SM, no unit above 30 % of peak"
planner_debate,896,mir_operator:decode_layer02,elementwise_binary,34,profiled,"void at::vectorized_elementwise_kernel<4, at::CUDAFunctorOnS",1890,0.04,0.0,0.8,0.0,1.41,86.39,8.31,0.0,,,"latency/launch-bound: 0.00 waves per SM, no unit above 30 % of peak"
planner_debate,896,mir_operator:decode_layer02,gemv,14,profiled,"std::enable_if<!T7, void>::type internal::kernel<int, int, _",1895,15.48,0.0,74.55,0.0,46.81,9.15,16.02,0.67,,,DRAM-bandwidth-bound
planner_debate,896,mir_operator:decode_layer02,elementwise_other,14,profiled,"void at::elementwise_kernel<128, 4, void at::gpu_kernel_impl",1915,0.02,0.0,0.82,0.0,1.3,84.3,8.27,0.0,,,"latency/launch-bound: 0.00 waves per SM, no unit above 30 % of peak"
planner_debate,896,mir_operator:decode_layer02,concat,8,profiled,void at::<unnamed>::CatArrayBatchedCopy<at::<unnamed>::Opaqu,1916,4.78,0.0,10.45,0.0,5.57,67.15,50.44,0.92,,,"underutilised: SM 6 %, DRAM 0 %, L2 1 %, occ 77 %"
planner_debate,896,mir_operator:decode_layer02,attention,4,profiled,void pytorch_flash::flash_fwd_splitkv_kernel<Flash_fwd_kerne,1926,1.96,12.05,9.38,0.0,4.18,55.98,8.29,0.1,,,"latency/launch-bound: 0.19 waves per SM, no unit above 30 % of peak"
planner_debate,896,mir_operator:decode_layer03,copy,16,profiled,void at::unrolled_elementwise_kernel<at::direct_copy_kernel_,1944,0.02,0.0,0.87,0.0,1.79,85.66,8.29,0.0,,,"latency/launch-bound: 0.00 waves per SM, no unit above 30 % of peak"
planner_debate,896,mir_operator:decode_layer03,elementwise_unary,16,profiled,"void at::vectorized_elementwise_kernel<4, void at::<unnamed>",1945,0.02,0.0,0.39,0.0,0.91,83.99,7.71,0.0,,,"latency/launch-bound: 0.00 waves per SM, no unit above 30 % of peak"
planner_debate,896,mir_operator:decode_layer03,reduce,8,profiled,"void at::reduce_kernel<512, 1, at::ReduceOp<float, at::MeanO",1946,0.09,0.0,1.96,0.0,3.85,89.42,31.83,0.0,,,"latency/launch-bound: 0.00 waves per SM, no unit above 30 % of peak"
planner_debate,896,mir_operator:decode_layer03,elementwise_binary,34,profiled,"void at::vectorized_elementwise_kernel<4, at::CUDAFunctorOnS",1947,0.04,0.0,0.77,0.0,1.4,88.25,8.31,0.0,,,"latency/launch-bound: 0.00 waves per SM, no unit above 30 % of peak"
planner_debate,896,mir_operator:decode_layer03,gemv,14,profiled,"std::enable_if<!T7, void>::type internal::kernel<int, int, _",1952,15.47,0.0,74.71,0.0,46.89,9.18,15.97,0.67,,,DRAM-bandwidth-bound
planner_debate,896,mir_operator:decode_layer03,elementwise_other,14,profiled,"void at::elementwise_kernel<128, 4, void at::gpu_kernel_impl",1972,0.02,0.0,0.79,0.0,1.26,84.36,8.28,0.0,,,"latency/launch-bound: 0.00 waves per SM, no unit above 30 % of peak"
planner_debate,896,mir_operator:decode_layer03,concat,8,profiled,void at::<unnamed>::CatArrayBatchedCopy<at::<unnamed>::Opaqu,1973,4.76,0.0,10.55,0.0,5.69,66.42,50.86,0.92,,,"underutilised: SM 6 %, DRAM 0 %, L2 1 %, occ 76 %"
planner_debate,896,mir_operator:decode_layer03,attention,4,profiled,void pytorch_flash::flash_fwd_splitkv_kernel<Flash_fwd_kerne,1983,1.99,12.05,9.31,0.0,4.16,55.52,8.28,0.1,,,"latency/launch-bound: 0.19 waves per SM, no unit above 30 % of peak"
planner_debate,896,mir_operator:decode_layer04,copy,16,profiled,void at::unrolled_elementwise_kernel<at::direct_copy_kernel_,2001,0.03,0.0,0.87,0.0,1.81,84.39,8.3,0.0,,,"latency/launch-bound: 0.00 waves per SM, no unit above 30 % of peak"
planner_debate,896,mir_operator:decode_layer04,elementwise_unary,16,profiled,"void at::vectorized_elementwise_kernel<4, void at::<unnamed>",2002,0.02,0.0,0.42,0.0,0.91,84.41,7.58,0.0,,,"latency/launch-bound: 0.00 waves per SM, no unit above 30 % of peak"
planner_debate,896,mir_operator:decode_layer04,reduce,8,profiled,"void at::reduce_kernel<512, 1, at::ReduceOp<float, at::MeanO",2003,0.08,0.0,1.97,0.0,3.84,89.28,31.93,0.0,,,"latency/launch-bound: 0.00 waves per SM, no unit above 30 % of peak"
planner_debate,896,mir_operator:decode_layer04,elementwise_binary,34,profiled,"void at::vectorized_elementwise_kernel<4, at::CUDAFunctorOnS",2004,0.04,0.0,0.76,0.0,1.37,86.56,8.31,0.0,,,"latency/launch-bound: 0.00 waves per SM, no unit above 30 % of peak"
planner_debate,896,mir_operator:decode_layer04,gemv,14,profiled,"std::enable_if<!T7, void>::type internal::kernel<int, int, _",2009,15.42,0.0,74.25,0.0,47.7,9.19,16.0,0.67,,,DRAM-bandwidth-bound
planner_debate,896,mir_operator:decode_layer04,elementwise_other,14,profiled,"void at::elementwise_kernel<128, 4, void at::gpu_kernel_impl",2029,0.02,0.0,0.79,0.0,1.29,83.31,8.29,0.0,,,"latency/launch-bound: 0.00 waves per SM, no unit above 30 % of peak"
planner_debate,896,mir_operator:decode_layer04,concat,8,profiled,void at::<unnamed>::CatArrayBatchedCopy<at::<unnamed>::Opaqu,2030,4.7,0.0,10.58,0.0,5.4,65.23,50.44,0.92,,,"underutilised: SM 6 %, DRAM 0 %, L2 1 %, occ 76 %"
planner_debate,896,mir_operator:decode_layer04,attention,4,profiled,void pytorch_flash::flash_fwd_splitkv_kernel<Flash_fwd_kerne,2040,1.95,12.04,9.34,0.0,4.14,58.8,8.29,0.1,,,"latency/launch-bound: 0.19 waves per SM, no unit above 30 % of peak"
planner_debate,896,mir_operator:decode_layer05,copy,16,profiled,void at::unrolled_elementwise_kernel<at::direct_copy_kernel_,2058,0.02,0.0,0.88,0.0,1.76,85.05,8.29,0.0,,,"latency/launch-bound: 0.00 waves per SM, no unit above 30 % of peak"
planner_debate,896,mir_operator:decode_layer05,elementwise_unary,16,profiled,"void at::vectorized_elementwise_kernel<4, void at::<unnamed>",2059,0.01,0.0,0.42,0.0,0.89,84.22,7.34,0.0,,,"latency/launch-bound: 0.00 waves per SM, no unit above 30 % of peak"
planner_debate,896,mir_operator:decode_layer05,reduce,8,profiled,"void at::reduce_kernel<512, 1, at::ReduceOp<float, at::MeanO",2060,0.09,0.0,1.98,0.0,3.85,89.61,31.84,0.0,,,"latency/launch-bound: 0.00 waves per SM, no unit above 30 % of peak"
planner_debate,896,mir_operator:decode_layer05,elementwise_binary,34,profiled,"void at::vectorized_elementwise_kernel<4, at::CUDAFunctorOnS",2061,0.04,0.0,0.77,0.0,1.36,86.92,8.31,0.0,,,"latency/launch-bound: 0.00 waves per SM, no unit above 30 % of peak"
planner_debate,896,mir_operator:decode_layer05,gemv,14,profiled,"std::enable_if<!T7, void>::type internal::kernel<int, int, _",2066,15.49,0.0,75.01,0.0,47.26,9.08,15.95,0.67,,,DRAM-bandwidth-bound
planner_debate,896,mir_operator:decode_layer05,elementwise_other,14,profiled,"void at::elementwise_kernel<128, 4, void at::gpu_kernel_impl",2086,0.02,0.0,0.81,0.0,1.19,82.24,8.28,0.0,,,"latency/launch-bound: 0.00 waves per SM, no unit above 30 % of peak"
planner_debate,896,mir_operator:decode_layer05,concat,8,profiled,void at::<unnamed>::CatArrayBatchedCopy<at::<unnamed>::Opaqu,2087,4.84,0.0,10.4,0.0,5.3,70.72,50.69,0.92,,,"underutilised: SM 6 %, DRAM 0 %, L2 1 %, occ 77 %"
planner_debate,896,mir_operator:decode_layer05,attention,4,profiled,void pytorch_flash::flash_fwd_splitkv_kernel<Flash_fwd_kerne,2097,1.96,12.16,9.43,0.0,4.21,58.31,8.29,0.1,,,"latency/launch-bound: 0.19 waves per SM, no unit above 30 % of peak"
planner_debate,896,mir_operator:decode_layer06,copy,16,profiled,void at::unrolled_elementwise_kernel<at::direct_copy_kernel_,2115,0.02,0.0,0.87,0.0,1.87,84.06,8.29,0.0,,,"latency/launch-bound: 0.00 waves per SM, no unit above 30 % of peak"
planner_debate,896,mir_operator:decode_layer06,elementwise_unary,16,profiled,"void at::vectorized_elementwise_kernel<4, void at::<unnamed>",2116,0.02,0.0,0.42,0.0,0.92,83.93,7.67,0.0,,,"latency/launch-bound: 0.00 waves per SM, no unit above 30 % of peak"
planner_debate,896,mir_operator:decode_layer06,reduce,8,profiled,"void at::reduce_kernel<512, 1, at::ReduceOp<float, at::MeanO",2117,0.08,0.0,1.98,0.0,3.86,89.7,31.91,0.0,,,"latency/launch-bound: 0.00 waves per SM, no unit above 30 % of peak"
planner_debate,896,mir_operator:decode_layer06,elementwise_binary,34,profiled,"void at::vectorized_elementwise_kernel<4, at::CUDAFunctorOnS",2118,0.04,0.0,0.78,0.0,1.42,87.32,8.31,0.0,,,"latency/launch-bound: 0.00 waves per SM, no unit above 30 % of peak"
planner_debate,896,mir_operator:decode_layer06,gemv,14,profiled,"std::enable_if<!T7, void>::type internal::kernel<int, int, _",2123,15.52,0.0,75.57,0.0,47.04,9.1,15.99,0.67,,,DRAM-bandwidth-bound
planner_debate,896,mir_operator:decode_layer06,elementwise_other,14,profiled,"void at::elementwise_kernel<128, 4, void at::gpu_kernel_impl",2143,0.02,0.0,0.8,0.0,1.27,83.31,8.28,0.0,,,"latency/launch-bound: 0.00 waves per SM, no unit above 30 % of peak"
planner_debate,896,mir_operator:decode_layer06,concat,8,profiled,void at::<unnamed>::CatArrayBatchedCopy<at::<unnamed>::Opaqu,2144,4.61,0.0,3.12,0.0,1.8,67.95,50.78,0.92,,,"underutilised: SM 6 %, DRAM 0 %, L2 1 %, occ 76 %"
planner_debate,896,mir_operator:decode_layer06,attention,4,profiled,void pytorch_flash::flash_fwd_splitkv_kernel<Flash_fwd_kerne,2154,1.95,12.09,9.23,0.0,4.11,57.62,8.27,0.1,,,"latency/launch-bound: 0.19 waves per SM, no unit above 30 % of peak"
planner_debate,896,mir_operator:decode_layer07,copy,16,profiled,void at::unrolled_elementwise_kernel<at::direct_copy_kernel_,2172,0.02,0.0,0.88,0.0,1.73,85.63,8.29,0.0,,,"latency/launch-bound: 0.00 waves per SM, no unit above 30 % of peak"
planner_debate,896,mir_operator:decode_layer07,elementwise_unary,16,profiled,"void at::vectorized_elementwise_kernel<4, void at::<unnamed>",2173,0.02,0.0,0.43,0.0,0.9,83.91,7.61,0.0,,,"latency/launch-bound: 0.00 waves per SM, no unit above 30 % of peak"
planner_debate,896,mir_operator:decode_layer07,reduce,8,profiled,"void at::reduce_kernel<512, 1, at::ReduceOp<float, at::MeanO",2174,0.09,0.0,1.98,0.0,3.86,89.51,31.88,0.0,,,"latency/launch-bound: 0.00 waves per SM, no unit above 30 % of peak"
planner_debate,896,mir_operator:decode_layer07,elementwise_binary,34,profiled,"void at::vectorized_elementwise_kernel<4, at::CUDAFunctorOnS",2175,0.04,0.0,0.8,0.0,1.4,87.36,8.31,0.0,,,"latency/launch-bound: 0.00 waves per SM, no unit above 30 % of peak"
planner_debate,896,mir_operator:decode_layer07,gemv,14,profiled,"std::enable_if<!T7, void>::type internal::kernel<int, int, _",2180,15.54,0.0,74.82,0.0,46.83,9.27,15.98,0.67,,,DRAM-bandwidth-bound
planner_debate,896,mir_operator:decode_layer07,elementwise_other,14,profiled,"void at::elementwise_kernel<128, 4, void at::gpu_kernel_impl",2200,0.02,0.0,0.81,0.0,1.18,84.41,8.28,0.0,,,"latency/launch-bound: 0.00 waves per SM, no unit above 30 % of peak"
planner_debate,896,mir_operator:decode_layer07,concat,8,profiled,void at::<unnamed>::CatArrayBatchedCopy<at::<unnamed>::Opaqu,2201,4.77,0.0,10.72,0.0,5.45,66.02,50.47,0.92,,,"underutilised: SM 6 %, DRAM 0 %, L2 1 %, occ 76 %"
planner_debate,896,mir_operator:decode_layer07,attention,4,profiled,void pytorch_flash::flash_fwd_splitkv_kernel<Flash_fwd_kerne,2211,1.98,12.13,9.47,0.0,4.22,57.26,8.29,0.1,,,"latency/launch-bound: 0.19 waves per SM, no unit above 30 % of peak"
planner_debate,896,mir_operator:decode_layer08,copy,16,profiled,void at::unrolled_elementwise_kernel<at::direct_copy_kernel_,2229,0.03,0.0,0.89,0.0,1.61,85.21,8.3,0.0,,,"latency/launch-bound: 0.00 waves per SM, no unit above 30 % of peak"
planner_debate,896,mir_operator:decode_layer08,elementwise_unary,16,profiled,"void at::vectorized_elementwise_kernel<4, void at::<unnamed>",2230,0.02,0.0,0.42,0.0,0.97,79.61,7.67,0.0,,,"latency/launch-bound: 0.00 waves per SM, no unit above 30 % of peak"
planner_debate,896,mir_operator:decode_layer08,reduce,8,profiled,"void at::reduce_kernel<512, 1, at::ReduceOp<float, at::MeanO",2231,0.08,0.0,1.96,0.0,3.87,89.63,31.86,0.0,,,"latency/launch-bound: 0.00 waves per SM, no unit above 30 % of peak"
planner_debate,896,mir_operator:decode_layer08,elementwise_binary,34,profiled,"void at::vectorized_elementwise_kernel<4, at::CUDAFunctorOnS",2232,0.04,0.0,0.8,0.0,1.36,85.32,8.31,0.0,,,"latency/launch-bound: 0.00 waves per SM, no unit above 30 % of peak"
planner_debate,896,mir_operator:decode_layer08,gemv,14,profiled,"std::enable_if<!T7, void>::type internal::kernel<int, int, _",2237,15.43,0.0,74.8,0.0,47.07,9.19,15.94,0.67,,,DRAM-bandwidth-bound
planner_debate,896,mir_operator:decode_layer08,elementwise_other,14,profiled,"void at::elementwise_kernel<128, 4, void at::gpu_kernel_impl",2257,0.02,0.0,0.81,0.0,1.29,80.83,8.3,0.0,,,"latency/launch-bound: 0.00 waves per SM, no unit above 30 % of peak"
planner_debate,896,mir_operator:decode_layer08,concat,8,profiled,void at::<unnamed>::CatArrayBatchedCopy<at::<unnamed>::Opaqu,2258,4.67,0.0,11.0,0.0,5.62,66.97,50.73,0.92,,,"underutilised: SM 6 %, DRAM 0 %, L2 1 %, occ 76 %"
planner_debate,896,mir_operator:decode_layer08,attention,4,profiled,void pytorch_flash::flash_fwd_splitkv_kernel<Flash_fwd_kerne,2268,1.96,11.97,9.27,0.0,4.14,58.31,8.27,0.1,,,"latency/launch-bound: 0.19 waves per SM, no unit above 30 % of peak"
planner_debate,896,mir_operator:decode_layer09,copy,16,profiled,void at::unrolled_elementwise_kernel<at::direct_copy_kernel_,2286,0.02,0.0,0.88,0.0,1.6,86.51,8.28,0.0,,,"latency/launch-bound: 0.00 waves per SM, no unit above 30 % of peak"
planner_debate,896,mir_operator:decode_layer09,elementwise_unary,16,profiled,"void at::vectorized_elementwise_kernel<4, void at::<unnamed>",2287,0.02,0.0,0.43,0.0,0.94,82.2,7.69,0.0,,,"latency/launch-bound: 0.00 waves per SM, no unit above 30 % of peak"
planner_debate,896,mir_operator:decode_layer09,reduce,8,profiled,"void at::reduce_kernel<512, 1, at::ReduceOp<float, at::MeanO",2288,0.08,0.0,1.96,0.0,3.88,89.03,31.81,0.0,,,"latency/launch-bound: 0.00 waves per SM, no unit above 30 % of peak"
planner_debate,896,mir_operator:decode_layer09,elementwise_binary,34,profiled,"void at::vectorized_elementwise_kernel<4, at::CUDAFunctorOnS",2289,0.04,0.0,0.79,0.0,1.38,85.41,8.31,0.0,,,"latency/launch-bound: 0.00 waves per SM, no unit above 30 % of peak"
planner_debate,896,mir_operator:decode_layer09,gemv,14,profiled,"std::enable_if<!T7, void>::type internal::kernel<int, int, _",2294,15.37,0.0,74.61,0.0,46.96,9.19,16.0,0.67,,,DRAM-bandwidth-bound
planner_debate,896,mir_operator:decode_layer09,elementwise_other,14,profiled,"void at::elementwise_kernel<128, 4, void at::gpu_kernel_impl",2314,0.02,0.0,0.8,0.0,1.41,84.39,8.3,0.0,,,"latency/launch-bound: 0.00 waves per SM, no unit above 30 % of peak"
planner_debate,896,mir_operator:decode_layer09,concat,8,profiled,void at::<unnamed>::CatArrayBatchedCopy<at::<unnamed>::Opaqu,2315,4.76,0.0,10.53,0.0,5.42,70.99,50.85,0.92,,,"underutilised: SM 6 %, DRAM 0 %, L2 1 %, occ 77 %"
planner_debate,896,mir_operator:decode_layer09,attention,4,profiled,void pytorch_flash::flash_fwd_splitkv_kernel<Flash_fwd_kerne,2325,2.0,12.18,9.48,0.0,4.45,57.74,8.29,0.1,,,"latency/launch-bound: 0.19 waves per SM, no unit above 30 % of peak"
planner_debate,896,mir_operator:decode_layer10,copy,16,profiled,void at::unrolled_elementwise_kernel<at::direct_copy_kernel_,2343,0.02,0.0,0.86,0.0,1.75,87.11,8.29,0.0,,,"latency/launch-bound: 0.00 waves per SM, no unit above 30 % of peak"
planner_debate,896,mir_operator:decode_layer10,elementwise_unary,16,profiled,"void at::vectorized_elementwise_kernel<4, void at::<unnamed>",2344,0.02,0.0,0.41,0.0,0.91,86.53,7.69,0.0,,,"latency/launch-bound: 0.00 waves per SM, no unit above 30 % of peak"
planner_debate,896,mir_operator:decode_layer10,reduce,8,profiled,"void at::reduce_kernel<512, 1, at::ReduceOp<float, at::MeanO",2345,0.08,0.0,1.97,0.0,3.84,89.51,31.89,0.0,,,"latency/launch-bound: 0.00 waves per SM, no unit above 30 % of peak"
planner_debate,896,mir_operator:decode_layer10,elementwise_binary,34,profiled,"void at::vectorized_elementwise_kernel<4, at::CUDAFunctorOnS",2346,0.04,0.0,0.78,0.0,1.44,87.77,8.31,0.0,,,"latency/launch-bound: 0.00 waves per SM, no unit above 30 % of peak"
planner_debate,896,mir_operator:decode_layer10,gemv,14,profiled,"std::enable_if<!T7, void>::type internal::kernel<int, int, _",2351,15.51,0.0,75.12,0.0,46.83,9.08,16.02,0.67,,,DRAM-bandwidth-bound
planner_debate,896,mir_operator:decode_layer10,elementwise_other,14,profiled,"void at::elementwise_kernel<128, 4, void at::gpu_kernel_impl",2371,0.02,0.0,0.79,0.0,1.18,83.84,8.28,0.0,,,"latency/launch-bound: 0.00 waves per SM, no unit above 30 % of peak"
planner_debate,896,mir_operator:decode_layer10,concat,8,profiled,void at::<unnamed>::CatArrayBatchedCopy<at::<unnamed>::Opaqu,2372,4.67,0.0,10.22,0.0,5.49,54.36,50.41,0.92,,,"underutilised: SM 6 %, DRAM 0 %, L2 1 %, occ 76 %"
planner_debate,896,mir_operator:decode_layer10,attention,4,profiled,void pytorch_flash::flash_fwd_splitkv_kernel<Flash_fwd_kerne,2382,1.97,12.06,9.37,0.0,4.16,57.0,8.29,0.1,,,"latency/launch-bound: 0.19 waves per SM, no unit above 30 % of peak"
planner_debate,896,mir_operator:decode_layer11,copy,16,profiled,void at::unrolled_elementwise_kernel<at::direct_copy_kernel_,2400,0.02,0.0,0.87,0.0,1.56,85.9,8.3,0.0,,,"latency/launch-bound: 0.00 waves per SM, no unit above 30 % of peak"
planner_debate,896,mir_operator:decode_layer11,elementwise_unary,16,profiled,"void at::vectorized_elementwise_kernel<4, void at::<unnamed>",2401,0.02,0.0,0.43,0.0,0.91,84.38,7.71,0.0,,,"latency/launch-bound: 0.00 waves per SM, no unit above 30 % of peak"
planner_debate,896,mir_operator:decode_layer11,reduce,8,profiled,"void at::reduce_kernel<512, 1, at::ReduceOp<float, at::MeanO",2402,0.09,0.0,1.97,0.0,3.84,89.51,31.81,0.0,,,"latency/launch-bound: 0.00 waves per SM, no unit above 30 % of peak"
planner_debate,896,mir_operator:decode_layer11,elementwise_binary,34,profiled,"void at::vectorized_elementwise_kernel<4, at::CUDAFunctorOnS",2403,0.04,0.0,0.8,0.0,1.45,87.37,8.31,0.0,,,"latency/launch-bound: 0.00 waves per SM, no unit above 30 % of peak"
planner_debate,896,mir_operator:decode_layer11,gemv,14,profiled,"std::enable_if<!T7, void>::type internal::kernel<int, int, _",2408,15.42,0.0,75.29,0.0,47.05,9.21,15.96,0.67,,,DRAM-bandwidth-bound
planner_debate,896,mir_operator:decode_layer11,elementwise_other,14,profiled,"void at::elementwise_kernel<128, 4, void at::gpu_kernel_impl",2428,0.02,0.0,0.78,0.0,1.41,83.97,8.29,0.0,,,"latency/launch-bound: 0.00 waves per SM, no unit above 30 % of peak"
planner_debate,896,mir_operator:decode_layer11,concat,8,profiled,void at::<unnamed>::CatArrayBatchedCopy<at::<unnamed>::Opaqu,2429,4.71,0.0,10.61,0.0,5.67,53.93,50.36,0.92,,,"underutilised: SM 5 %, DRAM 0 %, L2 1 %, occ 76 %"
planner_debate,896,mir_operator:decode_layer11,attention,4,profiled,void pytorch_flash::flash_fwd_splitkv_kernel<Flash_fwd_kerne,2439,2.01,12.06,9.55,0.0,4.25,55.58,8.3,0.1,,,"latency/launch-bound: 0.19 waves per SM, no unit above 30 % of peak"
planner_debate,896,mir_operator:decode_layer12,copy,16,profiled,void at::unrolled_elementwise_kernel<at::direct_copy_kernel_,2457,0.02,0.0,0.86,0.0,1.55,84.79,8.29,0.0,,,"latency/launch-bound: 0.00 waves per SM, no unit above 30 % of peak"
planner_debate,896,mir_operator:decode_layer12,elementwise_unary,16,profiled,"void at::vectorized_elementwise_kernel<4, void at::<unnamed>",2458,0.02,0.0,0.42,0.0,0.93,84.18,7.65,0.0,,,"latency/launch-bound: 0.00 waves per SM, no unit above 30 % of peak"
planner_debate,896,mir_operator:decode_layer12,reduce,8,profiled,"void at::reduce_kernel<512, 1, at::ReduceOp<float, at::MeanO",2459,0.08,0.0,1.96,0.0,3.86,89.58,31.82,0.0,,,"latency/launch-bound: 0.00 waves per SM, no unit above 30 % of peak"
planner_debate,896,mir_operator:decode_layer12,elementwise_binary,34,profiled,"void at::vectorized_elementwise_kernel<4, at::CUDAFunctorOnS",2460,0.04,0.0,0.79,0.0,1.39,86.27,8.31,0.0,,,"latency/launch-bound: 0.00 waves per SM, no unit above 30 % of peak"
planner_debate,896,mir_operator:decode_layer12,gemv,14,profiled,"std::enable_if<!T7, void>::type internal::kernel<int, int, _",2465,15.35,0.0,75.07,0.0,46.76,9.18,15.96,0.67,,,DRAM-bandwidth-bound
planner_debate,896,mir_operator:decode_layer12,elementwise_other,14,profiled,"void at::elementwise_kernel<128, 4, void at::gpu_kernel_impl",2485,0.02,0.0,0.81,0.0,1.18,84.32,8.29,0.0,,,"latency/launch-bound: 0.00 waves per SM, no unit above 30 % of peak"
planner_debate,896,mir_operator:decode_layer12,concat,8,profiled,void at::<unnamed>::CatArrayBatchedCopy<at::<unnamed>::Opaqu,2486,4.79,0.0,10.38,0.0,5.54,53.95,50.33,0.92,,,"underutilised: SM 6 %, DRAM 0 %, L2 1 %, occ 76 %"
planner_debate,896,mir_operator:decode_layer12,attention,4,profiled,void pytorch_flash::flash_fwd_splitkv_kernel<Flash_fwd_kerne,2496,1.99,11.8,9.44,0.0,4.23,55.67,8.27,0.1,,,"latency/launch-bound: 0.19 waves per SM, no unit above 30 % of peak"
planner_debate,896,mir_operator:decode_layer13,copy,16,profiled,void at::unrolled_elementwise_kernel<at::direct_copy_kernel_,2514,0.02,0.0,0.89,0.0,1.6,88.41,8.29,0.0,,,"latency/launch-bound: 0.00 waves per SM, no unit above 30 % of peak"
planner_debate,896,mir_operator:decode_layer13,elementwise_unary,16,profiled,"void at::vectorized_elementwise_kernel<4, void at::<unnamed>",2515,0.02,0.0,0.5,0.0,0.88,83.1,7.71,0.0,,,"latency/launch-bound: 0.00 waves per SM, no unit above 30 % of peak"
planner_debate,896,mir_operator:decode_layer13,reduce,8,profiled,"void at::reduce_kernel<512, 1, at::ReduceOp<float, at::MeanO",2516,0.09,0.0,1.97,0.0,3.88,89.26,31.79,0.0,,,"latency/launch-bound: 0.00 waves per SM, no unit above 30 % of peak"
planner_debate,896,mir_operator:decode_layer13,elementwise_binary,34,profiled,"void at::vectorized_elementwise_kernel<4, at::CUDAFunctorOnS",2517,0.04,0.0,0.76,0.0,1.44,88.86,8.31,0.0,,,"latency/launch-bound: 0.00 waves per SM, no unit above 30 % of peak"
planner_debate,896,mir_operator:decode_layer13,gemv,14,profiled,"std::enable_if<!T7, void>::type internal::kernel<int, int, _",2522,15.44,0.0,75.21,0.0,46.94,9.34,15.99,0.67,,,DRAM-bandwidth-bound
planner_debate,896,mir_operator:decode_layer13,elementwise_other,14,profiled,"void at::elementwise_kernel<128, 4, void at::gpu_kernel_impl",2542,0.02,0.0,0.81,0.0,1.16,83.47,8.28,0.0,,,"latency/launch-bound: 0.00 waves per SM, no unit above 30 % of peak"
planner_debate,896,mir_operator:decode_layer13,concat,8,profiled,void at::<unnamed>::CatArrayBatchedCopy<at::<unnamed>::Opaqu,2543,4.75,0.0,11.09,0.0,5.64,67.82,50.59,0.92,,,"underutilised: SM 6 %, DRAM 0 %, L2 1 %, occ 77 %"
planner_debate,896,mir_operator:decode_layer13,attention,4,profiled,void pytorch_flash::flash_fwd_splitkv_kernel<Flash_fwd_kerne,2553,1.98,12.11,9.45,0.0,4.22,55.92,8.29,0.1,,,"latency/launch-bound: 0.19 waves per SM, no unit above 30 % of peak"
planner_debate,896,mir_operator:decode_layer14,copy,16,profiled,void at::unrolled_elementwise_kernel<at::direct_copy_kernel_,2571,0.02,0.0,0.88,0.0,1.55,87.27,8.29,0.0,,,"latency/launch-bound: 0.00 waves per SM, no unit above 30 % of peak"
planner_debate,896,mir_operator:decode_layer14,elementwise_unary,16,profiled,"void at::vectorized_elementwise_kernel<4, void at::<unnamed>",2572,0.02,0.0,0.39,0.0,0.9,82.61,7.64,0.0,,,"latency/launch-bound: 0.00 waves per SM, no unit above 30 % of peak"
planner_debate,896,mir_operator:decode_layer14,reduce,8,profiled,"void at::reduce_kernel<512, 1, at::ReduceOp<float, at::MeanO",2573,0.08,0.0,1.97,0.0,3.82,89.51,31.83,0.0,,,"latency/launch-bound: 0.00 waves per SM, no unit above 30 % of peak"
planner_debate,896,mir_operator:decode_layer14,elementwise_binary,34,profiled,"void at::vectorized_elementwise_kernel<4, at::CUDAFunctorOnS",2574,0.04,0.0,0.79,0.0,1.39,88.71,8.31,0.0,,,"latency/launch-bound: 0.00 waves per SM, no unit above 30 % of peak"
planner_debate,896,mir_operator:decode_layer14,gemv,14,profiled,"std::enable_if<!T7, void>::type internal::kernel<int, int, _",2579,15.48,0.0,75.01,0.0,47.26,8.92,16.02,0.67,,,DRAM-bandwidth-bound
planner_debate,896,mir_operator:decode_layer14,elementwise_other,14,profiled,"void at::elementwise_kernel<128, 4, void at::gpu_kernel_impl",2599,0.02,0.0,0.82,0.0,1.24,82.52,8.27,0.0,,,"latency/launch-bound: 0.00 waves per SM, no unit above 30 % of peak"
planner_debate,896,mir_operator:decode_layer14,concat,8,profiled,void at::<unnamed>::CatArrayBatchedCopy<at::<unnamed>::Opaqu,2600,4.72,0.0,10.75,0.0,5.44,70.9,50.75,0.92,,,"underutilised: SM 6 %, DRAM 0 %, L2 1 %, occ 77 %"
planner_debate,896,mir_operator:decode_layer14,attention,4,profiled,void pytorch_flash::flash_fwd_splitkv_kernel<Flash_fwd_kerne,2610,1.94,12.03,9.24,0.0,4.14,57.17,8.3,0.1,,,"latency/launch-bound: 0.19 waves per SM, no unit above 30 % of peak"
planner_debate,896,mir_operator:decode_layer15,copy,16,profiled,void at::unrolled_elementwise_kernel<at::direct_copy_kernel_,2628,0.02,0.0,1.01,0.0,2.14,86.48,8.29,0.0,,,"latency/launch-bound: 0.00 waves per SM, no unit above 30 % of peak"
planner_debate,896,mir_operator:decode_layer15,elementwise_unary,16,profiled,"void at::vectorized_elementwise_kernel<4, void at::<unnamed>",2629,0.01,0.0,0.51,0.0,0.91,83.41,7.68,0.0,,,"latency/launch-bound: 0.00 waves per SM, no unit above 30 % of peak"
planner_debate,896,mir_operator:decode_layer15,reduce,8,profiled,"void at::reduce_kernel<512, 1, at::ReduceOp<float, at::MeanO",2630,0.08,0.0,1.95,0.0,3.82,89.76,31.85,0.0,,,"latency/launch-bound: 0.00 waves per SM, no unit above 30 % of peak"
planner_debate,896,mir_operator:decode_layer15,elementwise_binary,34,profiled,"void at::vectorized_elementwise_kernel<4, at::CUDAFunctorOnS",2631,0.04,0.0,0.79,0.0,1.38,87.3,8.31,0.0,,,"latency/launch-bound: 0.00 waves per SM, no unit above 30 % of peak"
planner_debate,896,mir_operator:decode_layer15,gemv,14,profiled,"std::enable_if<!T7, void>::type internal::kernel<int, int, _",2636,15.32,0.0,74.69,0.0,46.94,9.34,15.98,0.67,,,DRAM-bandwidth-bound
planner_debate,896,mir_operator:decode_layer15,elementwise_other,14,profiled,"void at::elementwise_kernel<128, 4, void at::gpu_kernel_impl",2656,0.02,0.0,0.8,0.0,1.18,85.05,8.29,0.0,,,"latency/launch-bound: 0.00 waves per SM, no unit above 30 % of peak"
planner_debate,896,mir_operator:decode_layer15,concat,8,profiled,void at::<unnamed>::CatArrayBatchedCopy<at::<unnamed>::Opaqu,2657,4.71,0.0,10.41,0.0,5.36,66.41,50.67,0.92,,,"underutilised: SM 6 %, DRAM 0 %, L2 1 %, occ 77 %"
planner_debate,896,mir_operator:decode_layer15,attention,4,profiled,void pytorch_flash::flash_fwd_splitkv_kernel<Flash_fwd_kerne,2667,2.04,11.9,9.32,0.0,4.41,46.24,8.29,0.1,,,"latency/launch-bound: 0.19 waves per SM, no unit above 30 % of peak"
planner_debate,896,mir_operator:decode_layer16,copy,16,profiled,void at::unrolled_elementwise_kernel<at::direct_copy_kernel_,2685,0.01,0.0,0.89,0.0,1.55,86.8,8.31,0.0,,,"latency/launch-bound: 0.00 waves per SM, no unit above 30 % of peak"
planner_debate,896,mir_operator:decode_layer16,elementwise_unary,16,profiled,"void at::vectorized_elementwise_kernel<4, void at::<unnamed>",2686,0.01,0.0,0.4,0.0,0.91,83.4,7.47,0.0,,,"latency/launch-bound: 0.00 waves per SM, no unit above 30 % of peak"
planner_debate,896,mir_operator:decode_layer16,reduce,8,profiled,"void at::reduce_kernel<512, 1, at::ReduceOp<float, at::MeanO",2687,0.08,0.0,1.96,0.0,3.88,89.09,31.81,0.0,,,"latency/launch-bound: 0.00 waves per SM, no unit above 30 % of peak"
planner_debate,896,mir_operator:decode_layer16,elementwise_binary,34,profiled,"void at::vectorized_elementwise_kernel<4, at::CUDAFunctorOnS",2688,0.04,0.0,0.77,0.0,1.43,88.07,8.31,0.0,,,"latency/launch-bound: 0.00 waves per SM, no unit above 30 % of peak"
planner_debate,896,mir_operator:decode_layer16,gemv,14,profiled,"std::enable_if<!T7, void>::type internal::kernel<int, int, _",2693,15.49,0.0,74.71,0.0,46.62,9.15,15.94,0.67,,,DRAM-bandwidth-bound
planner_debate,896,mir_operator:decode_layer16,elementwise_other,14,profiled,"void at::elementwise_kernel<128, 4, void at::gpu_kernel_impl",2713,0.02,0.0,0.72,0.0,1.3,84.93,8.27,0.0,,,"latency/launch-bound: 0.00 waves per SM, no unit above 30 % of peak"
planner_debate,896,mir_operator:decode_layer16,concat,8,profiled,void at::<unnamed>::CatArrayBatchedCopy<at::<unnamed>::Opaqu,2714,4.74,0.0,3.34,0.0,1.47,70.76,50.77,0.92,,,"underutilised: SM 6 %, DRAM 0 %, L2 1 %, occ 77 %"
planner_debate,896,mir_operator:decode_layer16,attention,4,profiled,void pytorch_flash::flash_fwd_splitkv_kernel<Flash_fwd_kerne,2724,1.96,12.05,9.27,0.0,4.12,56.76,8.28,0.1,,,"latency/launch-bound: 0.19 waves per SM, no unit above 30 % of peak"
planner_debate,896,mir_operator:decode_layer17,copy,16,profiled,void at::unrolled_elementwise_kernel<at::direct_copy_kernel_,2742,0.02,0.0,0.88,0.0,1.59,85.03,8.3,0.0,,,"latency/launch-bound: 0.00 waves per SM, no unit above 30 % of peak"
planner_debate,896,mir_operator:decode_layer17,elementwise_unary,16,profiled,"void at::vectorized_elementwise_kernel<4, void at::<unnamed>",2743,0.02,0.0,0.43,0.0,0.92,82.96,7.52,0.0,,,"latency/launch-bound: 0.00 waves per SM, no unit above 30 % of peak"
planner_debate,896,mir_operator:decode_layer17,reduce,8,profiled,"void at::reduce_kernel<512, 1, at::ReduceOp<float, at::MeanO",2744,0.09,0.0,1.98,0.0,3.86,89.76,31.82,0.0,,,"latency/launch-bound: 0.00 waves per SM, no unit above 30 % of peak"
planner_debate,896,mir_operator:decode_layer17,elementwise_binary,34,profiled,"void at::vectorized_elementwise_kernel<4, at::CUDAFunctorOnS",2745,0.04,0.0,0.79,0.0,1.38,86.98,8.31,0.0,,,"latency/launch-bound: 0.00 waves per SM, no unit above 30 % of peak"
planner_debate,896,mir_operator:decode_layer17,gemv,14,profiled,"std::enable_if<!T7, void>::type internal::kernel<int, int, _",2750,15.46,0.0,75.24,0.0,46.62,9.21,15.97,0.67,,,DRAM-bandwidth-bound
planner_debate,896,mir_operator:decode_layer17,elementwise_other,14,profiled,"void at::elementwise_kernel<128, 4, void at::gpu_kernel_impl",2770,0.02,0.0,0.81,0.0,1.18,84.74,8.27,0.0,,,"latency/launch-bound: 0.00 waves per SM, no unit above 30 % of peak"
planner_debate,896,mir_operator:decode_layer17,concat,8,profiled,void at::<unnamed>::CatArrayBatchedCopy<at::<unnamed>::Opaqu,2771,4.84,0.0,10.51,0.0,5.38,65.98,50.4,0.92,,,"underutilised: SM 6 %, DRAM 0 %, L2 1 %, occ 77 %"
planner_debate,896,mir_operator:decode_layer17,attention,4,profiled,void pytorch_flash::flash_fwd_splitkv_kernel<Flash_fwd_kerne,2781,1.98,12.08,9.52,0.0,4.24,57.2,8.29,0.1,,,"latency/launch-bound: 0.19 waves per SM, no unit above 30 % of peak"
planner_debate,896,mir_operator:decode_layer18,copy,16,profiled,void at::unrolled_elementwise_kernel<at::direct_copy_kernel_,2799,0.02,0.0,0.87,0.0,1.57,86.83,8.28,0.0,,,"latency/launch-bound: 0.00 waves per SM, no unit above 30 % of peak"
planner_debate,896,mir_operator:decode_layer18,elementwise_unary,16,profiled,"void at::vectorized_elementwise_kernel<4, void at::<unnamed>",2800,0.02,0.0,0.42,0.0,0.92,82.92,7.66,0.0,,,"latency/launch-bound: 0.00 waves per SM, no unit above 30 % of peak"
planner_debate,896,mir_operator:decode_layer18,reduce,8,profiled,"void at::reduce_kernel<512, 1, at::ReduceOp<float, at::MeanO",2801,0.08,0.0,1.96,0.0,3.85,89.58,31.82,0.0,,,"latency/launch-bound: 0.00 waves per SM, no unit above 30 % of peak"
planner_debate,896,mir_operator:decode_layer18,elementwise_binary,34,profiled,"void at::vectorized_elementwise_kernel<4, at::CUDAFunctorOnS",2802,0.04,0.0,0.78,0.0,1.47,87.18,8.31,0.0,,,"latency/launch-bound: 0.00 waves per SM, no unit above 30 % of peak"
planner_debate,896,mir_operator:decode_layer18,gemv,14,profiled,"std::enable_if<!T7, void>::type internal::kernel<int, int, _",2807,15.42,0.0,75.34,0.0,47.39,9.25,16.01,0.67,,,DRAM-bandwidth-bound
planner_debate,896,mir_operator:decode_layer18,elementwise_other,14,profiled,"void at::elementwise_kernel<128, 4, void at::gpu_kernel_impl",2827,0.02,0.0,0.79,0.0,1.1,83.8,8.29,0.0,,,"latency/launch-bound: 0.00 waves per SM, no unit above 30 % of peak"
planner_debate,896,mir_operator:decode_layer18,concat,8,profiled,void at::<unnamed>::CatArrayBatchedCopy<at::<unnamed>::Opaqu,2828,4.67,0.0,10.59,0.0,5.47,67.62,50.92,0.92,,,"underutilised: SM 6 %, DRAM 0 %, L2 1 %, occ 77 %"
planner_debate,896,mir_operator:decode_layer18,attention,4,profiled,void pytorch_flash::flash_fwd_splitkv_kernel<Flash_fwd_kerne,2838,1.97,12.07,10.4,0.0,4.14,56.42,8.29,0.1,,,"latency/launch-bound: 0.19 waves per SM, no unit above 30 % of peak"
planner_debate,896,mir_operator:decode_layer19,copy,16,profiled,void at::unrolled_elementwise_kernel<at::direct_copy_kernel_,2856,0.02,0.0,0.88,0.0,1.81,85.12,8.29,0.0,,,"latency/launch-bound: 0.00 waves per SM, no unit above 30 % of peak"
planner_debate,896,mir_operator:decode_layer19,elementwise_unary,16,profiled,"void at::vectorized_elementwise_kernel<4, void at::<unnamed>",2857,0.02,0.0,0.43,0.0,0.9,83.46,7.29,0.0,,,"latency/launch-bound: 0.00 waves per SM, no unit above 30 % of peak"
planner_debate,896,mir_operator:decode_layer19,reduce,8,profiled,"void at::reduce_kernel<512, 1, at::ReduceOp<float, at::MeanO",2858,0.08,0.0,1.96,0.0,3.85,89.53,31.85,0.0,,,"latency/launch-bound: 0.00 waves per SM, no unit above 30 % of peak"
planner_debate,896,mir_operator:decode_layer19,elementwise_binary,34,profiled,"void at::vectorized_elementwise_kernel<4, at::CUDAFunctorOnS",2859,0.04,0.0,0.78,0.0,1.42,85.77,8.31,0.0,,,"latency/launch-bound: 0.00 waves per SM, no unit above 30 % of peak"
planner_debate,896,mir_operator:decode_layer19,gemv,14,profiled,"std::enable_if<!T7, void>::type internal::kernel<int, int, _",2864,15.34,0.0,75.29,0.0,46.6,9.1,15.94,0.67,,,DRAM-bandwidth-bound
planner_debate,896,mir_operator:decode_layer19,elementwise_other,14,profiled,"void at::elementwise_kernel<128, 4, void at::gpu_kernel_impl",2884,0.02,0.0,0.79,0.0,1.12,84.25,8.29,0.0,,,"latency/launch-bound: 0.00 waves per SM, no unit above 30 % of peak"
planner_debate,896,mir_operator:decode_layer19,concat,8,profiled,void at::<unnamed>::CatArrayBatchedCopy<at::<unnamed>::Opaqu,2885,4.8,0.0,10.52,0.0,5.34,70.54,50.76,0.92,,,"underutilised: SM 6 %, DRAM 0 %, L2 1 %, occ 77 %"
planner_debate,896,mir_operator:decode_layer19,attention,4,profiled,void pytorch_flash::flash_fwd_splitkv_kernel<Flash_fwd_kerne,2895,1.97,12.1,9.38,0.0,4.16,57.91,8.29,0.1,,,"latency/launch-bound: 0.19 waves per SM, no unit above 30 % of peak"
planner_debate,896,mir_operator:decode_layer20,copy,16,profiled,void at::unrolled_elementwise_kernel<at::direct_copy_kernel_,2913,0.03,0.0,0.88,0.0,1.47,85.47,8.3,0.0,,,"latency/launch-bound: 0.00 waves per SM, no unit above 30 % of peak"
planner_debate,896,mir_operator:decode_layer20,elementwise_unary,16,profiled,"void at::vectorized_elementwise_kernel<4, void at::<unnamed>",2914,0.02,0.0,0.41,0.0,0.93,81.2,7.3,0.0,,,"latency/launch-bound: 0.00 waves per SM, no unit above 30 % of peak"
planner_debate,896,mir_operator:decode_layer20,reduce,8,profiled,"void at::reduce_kernel<512, 1, at::ReduceOp<float, at::MeanO",2915,0.08,0.0,1.97,0.0,3.88,88.91,31.84,0.0,,,"latency/launch-bound: 0.00 waves per SM, no unit above 30 % of peak"
planner_debate,896,mir_operator:decode_layer20,elementwise_binary,34,profiled,"void at::vectorized_elementwise_kernel<4, at::CUDAFunctorOnS",2916,0.04,0.0,0.75,0.0,1.49,84.83,8.31,0.0,,,"latency/launch-bound: 0.00 waves per SM, no unit above 30 % of peak"
planner_debate,896,mir_operator:decode_layer20,gemv,14,profiled,"std::enable_if<!T7, void>::type internal::kernel<int, int, _",2921,15.39,0.0,75.31,0.0,47.36,9.19,15.98,0.67,,,DRAM-bandwidth-bound
planner_debate,896,mir_operator:decode_layer20,elementwise_other,14,profiled,"void at::elementwise_kernel<128, 4, void at::gpu_kernel_impl",2941,0.02,0.0,0.82,0.0,1.18,84.78,8.27,0.0,,,"latency/launch-bound: 0.00 waves per SM, no unit above 30 % of peak"
planner_debate,896,mir_operator:decode_layer20,concat,8,profiled,void at::<unnamed>::CatArrayBatchedCopy<at::<unnamed>::Opaqu,2942,4.75,0.0,10.37,0.0,5.7,70.78,51.2,0.92,,,"underutilised: SM 6 %, DRAM 0 %, L2 1 %, occ 76 %"
planner_debate,896,mir_operator:decode_layer20,attention,4,profiled,void pytorch_flash::flash_fwd_splitkv_kernel<Flash_fwd_kerne,2952,1.97,12.01,9.36,0.0,4.18,55.22,8.27,0.1,,,"latency/launch-bound: 0.19 waves per SM, no unit above 30 % of peak"
planner_debate,896,mir_operator:decode_layer21,copy,16,profiled,void at::unrolled_elementwise_kernel<at::direct_copy_kernel_,2970,0.02,0.0,0.89,0.0,1.61,86.31,8.3,0.0,,,"latency/launch-bound: 0.00 waves per SM, no unit above 30 % of peak"
planner_debate,896,mir_operator:decode_layer21,elementwise_unary,16,profiled,"void at::vectorized_elementwise_kernel<4, void at::<unnamed>",2971,0.02,0.0,0.37,0.0,0.93,82.96,7.41,0.0,,,"latency/launch-bound: 0.00 waves per SM, no unit above 30 % of peak"
planner_debate,896,mir_operator:decode_layer21,reduce,8,profiled,"void at::reduce_kernel<512, 1, at::ReduceOp<float, at::MeanO",2972,0.09,0.0,1.98,0.0,3.87,88.89,31.9,0.0,,,"latency/launch-bound: 0.00 waves per SM, no unit above 30 % of peak"
planner_debate,896,mir_operator:decode_layer21,elementwise_binary,34,profiled,"void at::vectorized_elementwise_kernel<4, at::CUDAFunctorOnS",2973,0.04,0.0,0.78,0.0,1.38,86.84,8.32,0.0,,,"latency/launch-bound: 0.00 waves per SM, no unit above 30 % of peak"
planner_debate,896,mir_operator:decode_layer21,gemv,14,profiled,"std::enable_if<!T7, void>::type internal::kernel<int, int, _",2978,15.4,0.0,74.71,0.0,47.12,9.21,15.97,0.67,,,DRAM-bandwidth-bound
planner_debate,896,mir_operator:decode_layer21,elementwise_other,14,profiled,"void at::elementwise_kernel<128, 4, void at::gpu_kernel_impl",2998,0.02,0.0,0.77,0.0,1.42,81.64,8.29,0.0,,,"latency/launch-bound: 0.00 waves per SM, no unit above 30 % of peak"
planner_debate,896,mir_operator:decode_layer21,concat,8,profiled,void at::<unnamed>::CatArrayBatchedCopy<at::<unnamed>::Opaqu,2999,4.77,0.0,10.69,0.0,5.46,66.41,50.75,0.92,,,"underutilised: SM 6 %, DRAM 0 %, L2 1 %, occ 77 %"
planner_debate,896,mir_operator:decode_layer21,attention,4,profiled,void pytorch_flash::flash_fwd_splitkv_kernel<Flash_fwd_kerne,3009,2.0,11.96,9.65,0.0,4.3,55.07,8.28,0.1,,,"latency/launch-bound: 0.19 waves per SM, no unit above 30 % of peak"
planner_debate,896,mir_operator:decode_layer22,copy,16,profiled,void at::unrolled_elementwise_kernel<at::direct_copy_kernel_,3027,0.02,0.0,0.89,0.0,1.62,81.92,8.3,0.0,,,"latency/launch-bound: 0.00 waves per SM, no unit above 30 % of peak"
planner_debate,896,mir_operator:decode_layer22,elementwise_unary,16,profiled,"void at::vectorized_elementwise_kernel<4, void at::<unnamed>",3028,0.02,0.0,0.42,0.0,0.95,80.29,7.4,0.0,,,"latency/launch-bound: 0.00 waves per SM, no unit above 30 % of peak"
planner_debate,896,mir_operator:decode_layer22,reduce,8,profiled,"void at::reduce_kernel<512, 1, at::ReduceOp<float, at::MeanO",3029,0.08,0.0,1.96,0.0,3.91,88.03,31.82,0.0,,,"latency/launch-bound: 0.00 waves per SM, no unit above 30 % of peak"
planner_debate,896,mir_operator:decode_layer22,elementwise_binary,34,profiled,"void at::vectorized_elementwise_kernel<4, at::CUDAFunctorOnS",3030,0.04,0.0,0.78,0.0,1.33,87.67,8.31,0.0,,,"latency/launch-bound: 0.00 waves per SM, no unit above 30 % of peak"
planner_debate,896,mir_operator:decode_layer22,gemv,14,profiled,"std::enable_if<!T7, void>::type internal::kernel<int, int, _",3035,15.49,0.0,74.09,0.0,46.39,9.1,15.99,0.67,,,DRAM-bandwidth-bound
planner_debate,896,mir_operator:decode_layer22,elementwise_other,14,profiled,"void at::elementwise_kernel<128, 4, void at::gpu_kernel_impl",3055,0.02,0.0,0.81,0.0,1.17,84.3,8.29,0.0,,,"latency/launch-bound: 0.00 waves per SM, no unit above 30 % of peak"
planner_debate,896,mir_operator:decode_layer22,concat,8,profiled,void at::<unnamed>::CatArrayBatchedCopy<at::<unnamed>::Opaqu,3056,4.79,0.0,11.29,0.0,5.8,66.09,50.7,0.92,,,"underutilised: SM 6 %, DRAM 0 %, L2 1 %, occ 76 %"
planner_debate,896,mir_operator:decode_layer22,attention,4,profiled,void pytorch_flash::flash_fwd_splitkv_kernel<Flash_fwd_kerne,3066,1.96,12.0,9.35,0.0,4.18,56.19,8.28,0.1,,,"latency/launch-bound: 0.19 waves per SM, no unit above 30 % of peak"
planner_debate,896,mir_operator:decode_layer23,copy,16,profiled,void at::unrolled_elementwise_kernel<at::direct_copy_kernel_,3084,0.02,0.0,0.89,0.0,2.17,85.23,8.29,0.0,,,"latency/launch-bound: 0.00 waves per SM, no unit above 30 % of peak"
planner_debate,896,mir_operator:decode_layer23,elementwise_unary,16,profiled,"void at::vectorized_elementwise_kernel<4, void at::<unnamed>",3085,0.02,0.0,0.43,0.0,0.97,79.69,7.55,0.0,,,"latency/launch-bound: 0.00 waves per SM, no unit above 30 % of peak"
planner_debate,896,mir_operator:decode_layer23,reduce,8,profiled,"void at::reduce_kernel<512, 1, at::ReduceOp<float, at::MeanO",3086,0.09,0.0,1.96,0.0,3.89,89.26,31.78,0.0,,,"latency/launch-bound: 0.00 waves per SM, no unit above 30 % of peak"
planner_debate,896,mir_operator:decode_layer23,elementwise_binary,34,profiled,"void at::vectorized_elementwise_kernel<4, at::CUDAFunctorOnS",3087,0.04,0.0,0.77,0.0,1.4,86.58,8.31,0.0,,,"latency/launch-bound: 0.00 waves per SM, no unit above 30 % of peak"
planner_debate,896,mir_operator:decode_layer23,gemv,14,profiled,"std::enable_if<!T7, void>::type internal::kernel<int, int, _",3092,15.54,0.0,74.87,0.0,46.97,9.13,15.99,0.67,,,DRAM-bandwidth-bound
planner_debate,896,mir_operator:decode_layer23,elementwise_other,14,profiled,"void at::elementwise_kernel<128, 4, void at::gpu_kernel_impl",3112,0.02,0.0,0.81,0.0,1.29,83.61,8.29,0.0,,,"latency/launch-bound: 0.00 waves per SM, no unit above 30 % of peak"
planner_debate,896,mir_operator:decode_layer23,concat,8,profiled,void at::<unnamed>::CatArrayBatchedCopy<at::<unnamed>::Opaqu,3113,4.81,0.0,11.15,0.0,5.67,70.03,50.78,0.92,,,"underutilised: SM 6 %, DRAM 0 %, L2 1 %, occ 77 %"
planner_debate,896,mir_operator:decode_layer23,attention,4,profiled,void pytorch_flash::flash_fwd_splitkv_kernel<Flash_fwd_kerne,3123,1.98,12.14,9.54,0.0,4.24,55.63,8.26,0.1,,,"latency/launch-bound: 0.19 waves per SM, no unit above 30 % of peak"
planner_debate,896,mir_operator:decode_layer24,copy,16,profiled,void at::unrolled_elementwise_kernel<at::direct_copy_kernel_,3141,0.02,0.0,0.89,0.0,1.61,86.74,8.3,0.0,,,"latency/launch-bound: 0.00 waves per SM, no unit above 30 % of peak"
planner_debate,896,mir_operator:decode_layer24,elementwise_unary,16,profiled,"void at::vectorized_elementwise_kernel<4, void at::<unnamed>",3142,0.02,0.0,0.42,0.0,0.91,83.88,7.71,0.0,,,"latency/launch-bound: 0.00 waves per SM, no unit above 30 % of peak"
planner_debate,896,mir_operator:decode_layer24,reduce,8,profiled,"void at::reduce_kernel<512, 1, at::ReduceOp<float, at::MeanO",3143,0.08,0.0,1.96,0.0,3.86,89.54,31.83,0.0,,,"latency/launch-bound: 0.00 waves per SM, no unit above 30 % of peak"
planner_debate,896,mir_operator:decode_layer24,elementwise_binary,34,profiled,"void at::vectorized_elementwise_kernel<4, at::CUDAFunctorOnS",3144,0.04,0.0,0.79,0.0,1.49,86.78,8.31,0.0,,,"latency/launch-bound: 0.00 waves per SM, no unit above 30 % of peak"
planner_debate,896,mir_operator:decode_layer24,gemv,14,profiled,"std::enable_if<!T7, void>::type internal::kernel<int, int, _",3149,15.47,0.0,74.66,0.0,46.56,9.11,15.96,0.67,,,DRAM-bandwidth-bound
planner_debate,896,mir_operator:decode_layer24,elementwise_other,14,profiled,"void at::elementwise_kernel<128, 4, void at::gpu_kernel_impl",3169,0.02,0.0,0.79,0.0,1.17,82.42,8.29,0.0,,,"latency/launch-bound: 0.00 waves per SM, no unit above 30 % of peak"
planner_debate,896,mir_operator:decode_layer24,concat,8,profiled,void at::<unnamed>::CatArrayBatchedCopy<at::<unnamed>::Opaqu,3170,4.68,0.0,10.4,0.0,5.36,71.25,50.68,0.92,,,"underutilised: SM 6 %, DRAM 0 %, L2 1 %, occ 76 %"
planner_debate,896,mir_operator:decode_layer24,attention,4,profiled,void pytorch_flash::flash_fwd_splitkv_kernel<Flash_fwd_kerne,3180,1.98,12.08,9.23,0.0,4.12,55.26,8.28,0.1,,,"latency/launch-bound: 0.19 waves per SM, no unit above 30 % of peak"
planner_debate,896,mir_operator:decode_layer25,copy,16,profiled,void at::unrolled_elementwise_kernel<at::direct_copy_kernel_,3198,0.02,0.0,0.89,0.0,1.85,84.63,8.31,0.0,,,"latency/launch-bound: 0.00 waves per SM, no unit above 30 % of peak"
planner_debate,896,mir_operator:decode_layer25,elementwise_unary,16,profiled,"void at::vectorized_elementwise_kernel<4, void at::<unnamed>",3199,0.02,0.0,0.43,0.0,0.9,84.63,7.69,0.0,,,"latency/launch-bound: 0.00 waves per SM, no unit above 30 % of peak"
planner_debate,896,mir_operator:decode_layer25,reduce,8,profiled,"void at::reduce_kernel<512, 1, at::ReduceOp<float, at::MeanO",3200,0.09,0.0,1.97,0.0,3.86,89.5,31.87,0.0,,,"latency/launch-bound: 0.00 waves per SM, no unit above 30 % of peak"
planner_debate,896,mir_operator:decode_layer25,elementwise_binary,34,profiled,"void at::vectorized_elementwise_kernel<4, at::CUDAFunctorOnS",3201,0.04,0.0,0.78,0.0,1.38,87.24,8.31,0.0,,,"latency/launch-bound: 0.00 waves per SM, no unit above 30 % of peak"
planner_debate,896,mir_operator:decode_layer25,gemv,14,profiled,"std::enable_if<!T7, void>::type internal::kernel<int, int, _",3206,15.59,0.0,75.45,0.0,47.12,9.28,16.04,0.67,,,DRAM-bandwidth-bound
planner_debate,896,mir_operator:decode_layer25,elementwise_other,14,profiled,"void at::elementwise_kernel<128, 4, void at::gpu_kernel_impl",3226,0.02,0.0,0.81,0.0,1.13,84.58,8.29,0.0,,,"latency/launch-bound: 0.00 waves per SM, no unit above 30 % of peak"
planner_debate,896,mir_operator:decode_layer25,concat,8,profiled,void at::<unnamed>::CatArrayBatchedCopy<at::<unnamed>::Opaqu,3227,4.65,0.0,10.69,0.0,5.5,65.82,50.49,0.92,,,"underutilised: SM 6 %, DRAM 0 %, L2 1 %, occ 77 %"
planner_debate,896,mir_operator:decode_layer25,attention,4,profiled,void pytorch_flash::flash_fwd_splitkv_kernel<Flash_fwd_kerne,3237,1.99,12.07,9.57,0.0,4.25,57.64,8.29,0.1,,,"latency/launch-bound: 0.19 waves per SM, no unit above 30 % of peak"
planner_debate,896,mir_operator:decode_layer26,copy,16,profiled,void at::unrolled_elementwise_kernel<at::direct_copy_kernel_,3255,0.03,0.0,0.87,0.0,1.6,85.27,8.3,0.0,,,"latency/launch-bound: 0.00 waves per SM, no unit above 30 % of peak"
planner_debate,896,mir_operator:decode_layer26,elementwise_unary,16,profiled,"void at::vectorized_elementwise_kernel<4, void at::<unnamed>",3256,0.02,0.0,0.42,0.0,0.87,83.46,7.57,0.0,,,"latency/launch-bound: 0.00 waves per SM, no unit above 30 % of peak"
planner_debate,896,mir_operator:decode_layer26,reduce,8,profiled,"void at::reduce_kernel<512, 1, at::ReduceOp<float, at::MeanO",3257,0.08,0.0,1.96,0.0,3.86,89.53,31.89,0.0,,,"latency/launch-bound: 0.00 waves per SM, no unit above 30 % of peak"
planner_debate,896,mir_operator:decode_layer26,elementwise_binary,34,profiled,"void at::vectorized_elementwise_kernel<4, at::CUDAFunctorOnS",3258,0.04,0.0,0.78,0.0,1.37,87.95,8.31,0.0,,,"latency/launch-bound: 0.00 waves per SM, no unit above 30 % of peak"
planner_debate,896,mir_operator:decode_layer26,gemv,14,profiled,"std::enable_if<!T7, void>::type internal::kernel<int, int, _",3263,15.47,0.0,74.53,0.0,46.2,9.2,16.0,0.67,,,DRAM-bandwidth-bound
planner_debate,896,mir_operator:decode_layer26,elementwise_other,14,profiled,"void at::elementwise_kernel<128, 4, void at::gpu_kernel_impl",3283,0.02,0.0,0.8,0.0,1.16,85.44,8.29,0.0,,,"latency/launch-bound: 0.00 waves per SM, no unit above 30 % of peak"
planner_debate,896,mir_operator:decode_layer26,concat,8,profiled,void at::<unnamed>::CatArrayBatchedCopy<at::<unnamed>::Opaqu,3284,4.78,0.0,10.4,0.0,5.34,71.34,51.06,0.92,,,"underutilised: SM 6 %, DRAM 0 %, L2 1 %, occ 76 %"
planner_debate,896,mir_operator:decode_layer26,attention,4,profiled,void pytorch_flash::flash_fwd_splitkv_kernel<Flash_fwd_kerne,3294,1.93,11.82,9.2,0.0,4.14,56.93,8.29,0.1,,,"latency/launch-bound: 0.19 waves per SM, no unit above 30 % of peak"
planner_debate,896,mir_operator:decode_layer27,copy,16,profiled,void at::unrolled_elementwise_kernel<at::direct_copy_kernel_,3312,0.02,0.0,0.89,0.0,0.98,82.81,8.3,0.0,,,"latency/launch-bound: 0.00 waves per SM, no unit above 30 % of peak"
planner_debate,896,mir_operator:decode_layer27,elementwise_unary,16,profiled,"void at::vectorized_elementwise_kernel<4, void at::<unnamed>",3313,0.02,0.0,0.41,0.0,0.88,87.45,7.39,0.0,,,"latency/launch-bound: 0.00 waves per SM, no unit above 30 % of peak"
planner_debate,896,mir_operator:decode_layer27,reduce,8,profiled,"void at::reduce_kernel<512, 1, at::ReduceOp<float, at::MeanO",3314,0.08,0.0,1.99,0.0,3.88,89.39,31.79,0.0,,,"latency/launch-bound: 0.00 waves per SM, no unit above 30 % of peak"
planner_debate,896,mir_operator:decode_layer27,elementwise_binary,34,profiled,"void at::vectorized_elementwise_kernel<4, at::CUDAFunctorOnS",3315,0.04,0.0,0.76,0.0,1.4,87.15,8.32,0.0,,,"latency/launch-bound: 0.00 waves per SM, no unit above 30 % of peak"
planner_debate,896,mir_operator:decode_layer27,gemv,14,profiled,"std::enable_if<!T7, void>::type internal::kernel<int, int, _",3320,15.31,0.0,74.33,0.0,46.55,9.27,16.0,0.67,,,DRAM-bandwidth-bound
planner_debate,896,mir_operator:decode_layer27,elementwise_other,14,profiled,"void at::elementwise_kernel<128, 4, void at::gpu_kernel_impl",3340,0.02,0.0,0.8,0.0,1.07,84.42,8.28,0.0,,,"latency/launch-bound: 0.00 waves per SM, no unit above 30 % of peak"
planner_debate,896,mir_operator:decode_layer27,concat,8,profiled,void at::<unnamed>::CatArrayBatchedCopy<at::<unnamed>::Opaqu,3341,4.72,0.0,10.75,0.0,5.47,71.31,50.73,0.92,,,"underutilised: SM 6 %, DRAM 0 %, L2 1 %, occ 77 %"
planner_debate,896,mir_operator:decode_layer27,attention,4,profiled,void pytorch_flash::flash_fwd_splitkv_kernel<Flash_fwd_kerne,3351,2.01,11.95,9.47,0.0,4.22,55.41,8.29,0.1,,,"latency/launch-bound: 0.19 waves per SM, no unit above 30 % of peak"
planner_debate,896,mir_operator:decode_head,copy,4,profiled,void at::unrolled_elementwise_kernel<at::direct_copy_kernel_,3369,0.04,0.0,0.93,0.0,1.62,86.32,8.29,0.0,,,"latency/launch-bound: 0.00 waves per SM, no unit above 30 % of peak"
planner_debate,896,mir_operator:decode_head,elementwise_unary,4,profiled,"void at::vectorized_elementwise_kernel<4, void at::<unnamed>",3370,0.02,0.0,0.51,0.0,0.98,76.57,7.51,0.0,,,"latency/launch-bound: 0.00 waves per SM, no unit above 30 % of peak"
planner_debate,896,mir_operator:decode_head,reduce,2,profiled,"void at::reduce_kernel<512, 1, at::ReduceOp<float, at::MeanO",3371,0.09,0.0,1.98,0.0,3.93,87.78,31.87,0.0,,,"latency/launch-bound: 0.00 waves per SM, no unit above 30 % of peak"
planner_debate,896,mir_operator:decode_head,elementwise_binary,6,profiled,"void at::vectorized_elementwise_kernel<4, at::CUDAFunctorOnS",3372,0.02,0.0,0.81,0.0,1.05,88.76,8.25,0.0,,,"latency/launch-bound: 0.00 waves per SM, no unit above 30 % of peak"
planner_debate,896,mir_operator:decode_head,gemv,2,profiled,"std::enable_if<!T7, void>::type internal::kernel<int, int, _",3377,19.9,0.0,94.57,0.0,59.77,0.55,24.48,49.46,,,DRAM-bandwidth-bound
planner_debate,896,mir_operator:decode_sample,reduce,2,profiled,"void at::reduce_kernel<512, 1, at::ReduceOp<c10::BFloat16, a",3379,2.79,0.0,5.23,0.0,2.99,65.31,33.13,0.05,,,"latency/launch-bound: 0.05 waves per SM, no unit above 30 % of peak"
react_tool,,,elementwise_other,12,profiled,"void <unnamed>::elementwise_kernel_with_index<int, at::arang",2,0.02,0.0,1.7,0.0,3.81,86.44,8.29,0.0,,imc_miss=39.69; no_instruction=4.12; wait=2.32,"latency/launch-bound: 0.00 waves per SM, no unit above 30 % of peak"
react_tool,,,copy,12,profiled,void at::unrolled_elementwise_kernel<at::direct_copy_kernel_,3,0.02,0.0,1.48,0.0,2.59,85.45,8.1,0.0,,imc_miss=10.94; long_scoreboard=7.89; wait=3.92,"latency/launch-bound: 0.00 waves per SM, no unit above 30 % of peak"
react_tool,,,gemv,4,profiled,"void gemmk1_kernel<int, float, 256, 5, 0, 0, 0, 0, cublasGem",4,0.26,0.0,0.36,0.0,1.38,86.18,16.29,0.01,,imc_miss=5.74; barrier=4.74; wait=1.94,"latency/launch-bound: 0.02 waves per SM, no unit above 30 % of peak"
react_tool,,,concat,4,profiled,void at::<unnamed>::CatArrayBatchedCopy<at::<unnamed>::Opaqu,5,3.46,0.0,0.94,0.0,1.82,86.41,36.33,0.67,,imc_miss=18.91; short_scoreboard=11.41; mio_throttle=3.16,"underutilised: SM 7 %, DRAM 2 %, L2 3 %, occ 68 %"
react_tool,,,elementwise_binary,8,profiled,"void at::vectorized_elementwise_kernel<4, at::AUnaryFunctor<",7,0.08,0.0,2.66,0.0,1.81,67.6,8.24,0.01,,imc_miss=27.53; long_scoreboard=24.05; no_instruction=2.77,"latency/launch-bound: 0.02 waves per SM, no unit above 30 % of peak"
react_tool,768,mir_operator:prefill_embed,other,2,profiled,"void at::vectorized_gather_kernel<16, long>(char *, char *, ",2,2.9,0.0,11.53,0.0,17.07,84.19,23.79,0.27,,long_scoreboard=27.51; imc_miss=12.77; wait=2.43,"latency/launch-bound: 0.25 waves per SM, no unit above 30 % of peak"
react_tool,768,mir_operator:prefill_layer00,copy,16,profiled,void at::unrolled_elementwise_kernel<at::direct_copy_kernel_,13,3.99,0.0,28.07,0.0,18.88,53.73,22.25,0.29,,long_scoreboard=13.64; wait=4.10; imc_miss=3.86,"latency/launch-bound: 0.50 waves per SM, no unit above 30 % of peak"
react_tool,768,mir_operator:prefill_layer00,elementwise_unary,16,profiled,"void at::vectorized_elementwise_kernel<4, void at::<unnamed>",14,0.43,0.0,15.47,0.0,11.39,62.71,9.6,0.06,,long_scoreboard=107.32; imc_miss=17.56; wait=2.30,"underutilised: SM 1 %, DRAM 44 %, L2 20 %, occ 18 %"
react_tool,768,mir_operator:prefill_layer00,reduce,13,profiled,"void at::reduce_kernel<512, 1, at::ReduceOp<float, at::MeanO",15,10.09,0.0,35.9,0.0,14.16,25.53,49.29,0.5,,long_scoreboard=30.23; imc_miss=6.40; wait=2.63,"latency/launch-bound: 0.03 waves per SM, no unit above 30 % of peak"
react_tool,768,mir_operator:prefill_layer00,elementwise_binary,34,profiled,"void at::vectorized_elementwise_kernel<4, at::CUDAFunctorOnS",16,8.15,0.0,24.34,0.0,14.46,61.76,42.9,0.5,,imc_miss=9.63; long_scoreboard=4.97; wait=2.20,"latency/launch-bound: 0.00 waves per SM, no unit above 30 % of peak"
react_tool,768,mir_operator:prefill_layer00,gemm,14,profiled,ampere_bf16_s16816gemm_bf16_64x64_sliced1x2_ldg8_f2f_stages_,21,33.07,36.93,49.5,0.0,67.39,87.43,8.33,1.0,,math_pipe_throttle=6.94; wait=2.10; selected=1.00,"underutilised: SM 27 %, DRAM 52 %, L2 58 %, occ 8 %"
react_tool,768,mir_operator:prefill_layer00,elementwise_other,14,profiled,"void at::elementwise_kernel<128, 4, void at::gpu_kernel_impl",43,6.09,0.0,40.48,0.0,16.05,44.92,22.77,0.29,,long_scoreboard=16.18; imc_miss=7.06; wait=2.46,"latency/launch-bound: 0.25 waves per SM, no unit above 30 % of peak"
react_tool,768,mir_operator:prefill_layer00,concat,8,profiled,void at::<unnamed>::CatArrayBatchedCopy<at::<unnamed>::Opaqu,44,21.11,0.0,10.91,0.0,7.18,56.97,73.94,1.33,,imc_miss=4.14; long_scoreboard=3.92; mio_throttle=3.60,"underutilised: SM 29 %, DRAM 18 %, L2 11 %, occ 84 %"
react_tool,768,mir_operator:prefill_layer00,attention,4,profiled,void pytorch_flash::flash_fwd_splitkv_kernel<Flash_fwd_kerne,54,15.69,8.1,32.37,0.0,18.71,53.95,25.28,0.77,,math_pipe_throttle=2.86; long_scoreboard=1.55; imc_miss=1.48,"latency/launch-bound: 0.75 waves per SM, no unit above 30 % of peak"
react_tool,768,mir_operator:prefill_layer01,copy,16,profiled,void at::unrolled_elementwise_kernel<at::direct_copy_kernel_,75,4.11,0.0,27.12,0.0,18.98,54.58,22.1,0.29,,long_scoreboard=13.72; wait=4.09; imc_miss=4.01,"latency/launch-bound: 0.50 waves per SM, no unit above 30 % of peak"
react_tool,768,mir_operator:prefill_layer01,elementwise_unary,16,profiled,"void at::vectorized_elementwise_kernel<4, void at::<unnamed>",76,0.47,0.0,14.55,0.0,11.24,66.14,9.35,0.06,,long_scoreboard=106.59; imc_miss=15.85; wait=2.28,"underutilised: SM 1 %, DRAM 45 %, L2 21 %, occ 18 %"
react_tool,768,mir_operator:prefill_layer01,reduce,13,profiled,"void at::reduce_kernel<512, 1, at::ReduceOp<float, at::MeanO",77,10.54,0.0,34.83,0.0,13.74,25.63,49.14,0.5,,long_scoreboard=30.02; imc_miss=6.74; wait=2.63,"latency/launch-bound: 0.03 waves per SM, no unit above 30 % of peak"
react_tool,768,mir_operator:prefill_layer01,elementwise_binary,34,profiled,"void at::vectorized_elementwise_kernel<4, at::CUDAFunctorOnS",78,8.75,0.0,23.86,0.0,14.48,61.33,42.95,0.5,,imc_miss=9.10; long_scoreboard=4.97; wait=2.20,"latency/launch-bound: 0.00 waves per SM, no unit above 30 % of peak"
react_tool,768,mir_operator:prefill_layer01,gemm,14,profiled,ampere_bf16_s16816gemm_bf16_64x64_sliced1x2_ldg8_f2f_stages_,83,33.12,36.88,49.85,0.0,67.72,87.09,8.33,1.0,,math_pipe_throttle=6.94; wait=2.10; selected=1.00,tensor-core compute-bound
react_tool,768,mir_operator:prefill_layer01,elementwise_other,14,profiled,"void at::elementwise_kernel<128, 4, void at::gpu_kernel_impl",105,5.99,0.0,40.47,0.0,15.77,44.91,22.78,0.29,,long_scoreboard=15.91; imc_miss=6.75; wait=2.47,"latency/launch-bound: 0.25 waves per SM, no unit above 30 % of peak"
react_tool,768,mir_operator:prefill_layer01,concat,8,profiled,void at::<unnamed>::CatArrayBatchedCopy<at::<unnamed>::Opaqu,106,21.7,0.0,11.15,0.0,7.16,56.39,73.8,1.33,,imc_miss=4.14; long_scoreboard=3.81; mio_throttle=3.59,"underutilised: SM 31 %, DRAM 17 %, L2 11 %, occ 83 %"
react_tool,768,mir_operator:prefill_layer01,attention,4,profiled,void pytorch_flash::flash_fwd_splitkv_kernel<Flash_fwd_kerne,116,15.68,8.23,31.75,0.0,18.66,54.19,25.25,0.77,,math_pipe_throttle=2.86; long_scoreboard=1.65; imc_miss=1.48,"latency/launch-bound: 0.75 waves per SM, no unit above 30 % of peak"
react_tool,768,mir_operator:prefill_layer02,copy,16,profiled,void at::unrolled_elementwise_kernel<at::direct_copy_kernel_,137,4.09,0.0,27.35,0.0,18.96,54.49,22.17,0.29,,long_scoreboard=13.54; wait=4.09; imc_miss=3.70,"latency/launch-bound: 0.50 waves per SM, no unit above 30 % of peak"
react_tool,768,mir_operator:prefill_layer02,elementwise_unary,16,profiled,"void at::vectorized_elementwise_kernel<4, void at::<unnamed>",138,0.44,0.0,14.75,0.0,7.41,64.44,9.4,0.06,,long_scoreboard=108.95; imc_miss=16.63; wait=2.27,"underutilised: SM 1 %, DRAM 44 %, L2 21 %, occ 18 %"
react_tool,768,mir_operator:prefill_layer02,reduce,13,profiled,"void at::reduce_kernel<512, 1, at::ReduceOp<float, at::MeanO",139,10.17,0.0,34.9,0.0,13.73,25.54,49.29,0.5,,long_scoreboard=29.56; imc_miss=6.31; wait=2.63,"latency/launch-bound: 0.03 waves per SM, no unit above 30 % of peak"
react_tool,768,mir_operator:prefill_layer02,elementwise_binary,34,profiled,"void at::vectorized_elementwise_kernel<4, at::CUDAFunctorOnS",140,8.54,0.0,24.51,0.0,13.78,60.4,43.06,0.5,,imc_miss=9.14; long_scoreboard=5.59; wait=2.20,"latency/launch-bound: 0.00 waves per SM, no unit above 30 % of peak"
react_tool,768,mir_operator:prefill_layer02,gemm,14,profiled,ampere_bf16_s16816gemm_bf16_64x64_sliced1x2_ldg8_f2f_stages_,145,33.04,36.85,50.38,0.0,67.4,87.52,8.33,1.0,,math_pipe_throttle=6.95; wait=2.10; selected=1.00,tensor-core compute-bound
react_tool,768,mir_operator:prefill_layer02,elementwise_other,14,profiled,"void at::elementwise_kernel<128, 4, void at::gpu_kernel_impl",167,6.07,0.0,42.67,0.0,16.84,44.61,22.69,0.29,,long_scoreboard=16.41; imc_miss=6.79; wait=2.47,"latency/launch-bound: 0.25 waves per SM, no unit above 30 % of peak"
react_tool,768,mir_operator:prefill_layer02,concat,8,profiled,void at::<unnamed>::CatArrayBatchedCopy<at::<unnamed>::Opaqu,168,21.68,0.0,10.95,0.0,7.05,56.95,73.68,1.33,,imc_miss=4.21; long_scoreboard=4.02; mio_throttle=3.59,"underutilised: SM 30 %, DRAM 16 %, L2 10 %, occ 84 %"
react_tool,768,mir_operator:prefill_layer02,attention,4,profiled,void pytorch_flash::flash_fwd_splitkv_kernel<Flash_fwd_kerne,178,15.71,8.13,32.43,0.0,18.98,53.91,25.14,0.77,,math_pipe_throttle=2.86; long_scoreboard=1.63; imc_miss=1.49,"latency/launch-bound: 0.75 waves per SM, no unit above 30 % of peak"
react_tool,768,mir_operator:prefill_layer03,copy,16,profiled,void at::unrolled_elementwise_kernel<at::direct_copy_kernel_,199,4.1,0.0,27.11,0.0,18.7,54.33,22.24,0.29,,long_scoreboard=13.85; wait=4.10; imc_miss=4.01,"latency/launch-bound: 0.50 waves per SM, no unit above 30 % of peak"
react_tool,768,mir_operator:prefill_layer03,elementwise_unary,16,profiled,"void at::vectorized_elementwise_kernel<4, void at::<unnamed>",200,0.44,0.0,14.84,0.0,7.4,64.69,9.48,0.06,,long_scoreboard=109.48; imc_miss=17.11; wait=2.29,"underutilised: SM 1 %, DRAM 45 %, L2 21 %, occ 18 %"
react_tool,768,mir_operator:prefill_layer03,reduce,13,profiled,"void at::reduce_kernel<512, 1, at::ReduceOp<float, at::MeanO",201,10.14,0.0,34.17,0.0,13.5,25.81,49.11,0.5,,long_scoreboard=29.53; imc_miss=6.32; wait=2.63,"latency/launch-bound: 0.03 waves per SM, no unit above 30 % of peak"
react_tool,768,mir_operator:prefill_layer03,elementwise_binary,34,profiled,"void at::vectorized_elementwise_kernel<4, at::CUDAFunctorOnS",202,8.87,0.0,23.61,0.0,14.42,62.98,43.1,0.5,,imc_miss=9.95; long_scoreboard=4.82; wait=2.20,"latency/launch-bound: 0.00 waves per SM, no unit above 30 % of peak"
react_tool,768,mir_operator:prefill_layer03,gemm,14,profiled,ampere_bf16_s16816gemm_bf16_64x64_sliced1x2_ldg8_f2f_stages_,207,32.44,37.23,49.98,0.0,67.19,87.43,8.33,1.0,,math_pipe_throttle=6.93; wait=2.10; selected=1.00,"underutilised: SM 27 %, DRAM 52 %, L2 58 %, occ 8 %"
react_tool,768,mir_operator:prefill_layer03,elementwise_other,14,profiled,"void at::elementwise_kernel<128, 4, void at::gpu_kernel_impl",229,6.07,0.0,40.37,0.0,15.97,44.54,22.85,0.29,,long_scoreboard=16.16; imc_miss=7.18; wait=2.46,"latency/launch-bound: 0.25 waves per SM, no unit above 30 % of peak"
react_tool,768,mir_operator:prefill_layer03,concat,8,profiled,void at::<unnamed>::CatArrayBatchedCopy<at::<unnamed>::Opaqu,230,21.64,0.0,10.96,0.0,7.22,56.41,73.89,1.33,,imc_miss=5.36; long_scoreboard=3.98; mio_throttle=3.58,"underutilised: SM 30 %, DRAM 17 %, L2 11 %, occ 84 %"
react_tool,768,mir_operator:prefill_layer03,attention,4,profiled,void pytorch_flash::flash_fwd_splitkv_kernel<Flash_fwd_kerne,240,15.68,8.08,31.52,0.0,18.56,54.04,25.22,0.77,,math_pipe_throttle=2.86; long_scoreboard=1.60; imc_miss=1.33,"latency/launch-bound: 0.75 waves per SM, no unit above 30 % of peak"
react_tool,768,mir_operator:prefill_layer04,copy,16,profiled,void at::unrolled_elementwise_kernel<at::direct_copy_kernel_,261,4.11,0.0,26.91,0.0,19.0,54.53,22.27,0.29,,long_scoreboard=13.62; imc_miss=4.09; wait=4.09,"latency/launch-bound: 0.50 waves per SM, no unit above 30 % of peak"
react_tool,768,mir_operator:prefill_layer04,elementwise_unary,16,profiled,"void at::vectorized_elementwise_kernel<4, void at::<unnamed>",262,0.44,0.0,15.63,0.0,7.92,65.24,9.55,0.06,,long_scoreboard=104.62; imc_miss=17.61; wait=2.30,"underutilised: SM 1 %, DRAM 46 %, L2 22 %, occ 18 %"
react_tool,768,mir_operator:prefill_layer04,reduce,13,profiled,"void at::reduce_kernel<512, 1, at::ReduceOp<float, at::MeanO",263,7.08,0.0,34.35,0.0,13.55,25.66,49.0,0.5,,long_scoreboard=29.41; imc_miss=6.34; wait=2.63,"latency/launch-bound: 0.03 waves per SM, no unit above 30 % of peak"
react_tool,768,mir_operator:prefill_layer04,elementwise_binary,34,profiled,"void at::vectorized_elementwise_kernel<4, at::CUDAFunctorOnS",264,8.67,0.0,23.12,0.0,14.58,60.34,43.54,0.5,,imc_miss=9.63; long_scoreboard=4.97; wait=2.20,"latency/launch-bound: 0.00 waves per SM, no unit above 30 % of peak"
react_tool,768,mir_operator:prefill_layer04,gemm,14,profiled,ampere_bf16_s16816gemm_bf16_64x64_sliced1x2_ldg8_f2f_stages_,269,32.5,36.99,49.77,0.0,66.8,86.77,8.33,1.0,,math_pipe_throttle=6.94; wait=2.10; selected=1.00,tensor-core compute-bound
react_tool,768,mir_operator:prefill_layer04,elementwise_other,14,profiled,"void at::elementwise_kernel<128, 4, void at::gpu_kernel_impl",291,6.2,0.0,40.8,0.0,16.02,44.3,22.68,0.29,,long_scoreboard=16.25; imc_miss=7.09; wait=2.46,"latency/launch-bound: 0.25 waves per SM, no unit above 30 % of peak"
react_tool,768,mir_operator:prefill_layer04,concat,8,profiled,void at::<unnamed>::CatArrayBatchedCopy<at::<unnamed>::Opaqu,292,21.49,0.0,10.91,0.0,7.18,56.46,73.58,1.33,,imc_miss=4.20; long_scoreboard=3.80; mio_throttle=3.56,"underutilised: SM 31 %, DRAM 17 %, L2 11 %, occ 85 %"
react_tool,768,mir_operator:prefill_layer04,attention,4,profiled,void pytorch_flash::flash_fwd_splitkv_kernel<Flash_fwd_kerne,302,15.75,8.22,31.86,0.0,18.68,54.78,25.41,0.77,,math_pipe_throttle=2.86; long_scoreboard=1.66; imc_miss=1.46,"latency/launch-bound: 0.75 waves per SM, no unit above 30 % of peak"
react_tool,768,mir_operator:prefill_layer05,copy,16,profiled,void at::unrolled_elementwise_kernel<at::direct_copy_kernel_,323,4.1,0.0,28.07,0.0,18.92,54.53,22.1,0.29,,long_scoreboard=13.33; wait=4.09; imc_miss=3.93,"latency/launch-bound: 0.50 waves per SM, no unit above 30 % of peak"
react_tool,768,mir_operator:prefill_layer05,elementwise_unary,16,profiled,"void at::vectorized_elementwise_kernel<4, void at::<unnamed>",324,0.44,0.0,14.63,0.0,7.49,63.25,9.59,0.06,,long_scoreboard=105.17; imc_miss=17.84; wait=2.31,"underutilised: SM 1 %, DRAM 43 %, L2 20 %, occ 18 %"
react_tool,768,mir_operator:prefill_layer05,reduce,13,profiled,"void at::reduce_kernel<512, 1, at::ReduceOp<float, at::MeanO",325,9.88,0.0,34.52,0.0,13.6,24.51,49.1,0.5,,long_scoreboard=29.48; imc_miss=6.46; wait=2.63,"latency/launch-bound: 0.03 waves per SM, no unit above 30 % of peak"
react_tool,768,mir_operator:prefill_layer05,elementwise_binary,34,profiled,"void at::vectorized_elementwise_kernel<4, at::CUDAFunctorOnS",326,8.63,0.0,23.42,0.0,14.82,60.13,43.31,0.5,,imc_miss=9.80; long_scoreboard=4.92; wait=2.20,"latency/launch-bound: 0.00 waves per SM, no unit above 30 % of peak"
react_tool,768,mir_operator:prefill_layer05,gemm,14,profiled,ampere_bf16_s16816gemm_bf16_64x64_sliced1x2_ldg8_f2f_stages_,331,33.01,36.95,49.54,0.0,67.71,87.55,8.33,1.0,,math_pipe_throttle=6.94; wait=2.10; selected=1.00,tensor-core compute-bound
react_tool,768,mir_operator:prefill_layer05,elementwise_other,14,profiled,"void at::elementwise_kernel<128, 4, void at::gpu_kernel_impl",353,5.99,0.0,40.05,0.0,17.43,44.58,22.89,0.29,,long_scoreboard=16.07; imc_miss=7.20; wait=2.46,"latency/launch-bound: 0.25 waves per SM, no unit above 30 % of peak"
react_tool,768,mir_operator:prefill_layer05,concat,8,profiled,void at::<unnamed>::CatArrayBatchedCopy<at::<unnamed>::Opaqu,354,21.79,0.0,11.09,0.0,7.14,56.16,73.81,1.33,,imc_miss=4.23; long_scoreboard=4.11; mio_throttle=3.57,"underutilised: SM 30 %, DRAM 16 %, L2 11 %, occ 84 %"
react_tool,768,mir_operator:prefill_layer05,attention,4,profiled,void pytorch_flash::flash_fwd_splitkv_kernel<Flash_fwd_kerne,364,15.69,8.39,32.01,0.0,18.7,53.95,25.21,0.77,,math_pipe_throttle=2.86; long_scoreboard=1.58; imc_miss=1.48,"latency/launch-bound: 0.75 waves per SM, no unit above 30 % of peak"
react_tool,768,mir_operator:prefill_layer06,copy,16,profiled,void at::unrolled_elementwise_kernel<at::direct_copy_kernel_,385,4.0,0.0,27.94,0.0,18.92,54.65,22.45,0.29,,long_scoreboard=13.70; wait=4.10; imc_miss=3.90,"latency/launch-bound: 0.50 waves per SM, no unit above 30 % of peak"
react_tool,768,mir_operator:prefill_layer06,elementwise_unary,16,profiled,"void at::vectorized_elementwise_kernel<4, void at::<unnamed>",386,0.46,0.0,15.19,0.0,7.98,53.03,9.28,0.06,,long_scoreboard=111.58; imc_miss=17.29; wait=2.30,"underutilised: SM 1 %, DRAM 45 %, L2 21 %, occ 18 %"
react_tool,768,mir_operator:prefill_layer06,reduce,13,profiled,"void at::reduce_kernel<512, 1, at::ReduceOp<float, at::MeanO",387,10.5,0.0,34.77,0.0,13.71,25.67,49.14,0.5,,long_scoreboard=29.50; imc_miss=6.47; wait=2.63,"latency/launch-bound: 0.03 waves per SM, no unit above 30 % of peak"
react_tool,768,mir_operator:prefill_layer06,elementwise_binary,34,profiled,"void at::vectorized_elementwise_kernel<4, at::CUDAFunctorOnS",388,8.52,0.0,23.68,0.0,14.32,61.37,43.02,0.5,,imc_miss=9.82; long_scoreboard=4.99; wait=2.20,"latency/launch-bound: 0.00 waves per SM, no unit above 30 % of peak"
react_tool,768,mir_operator:prefill_layer06,gemm,14,profiled,ampere_bf16_s16816gemm_bf16_64x64_sliced1x2_ldg8_f2f_stages_,393,32.61,36.85,50.19,0.0,67.52,87.2,8.33,1.0,,math_pipe_throttle=6.94; wait=2.10; selected=1.00,"underutilised: SM 27 %, DRAM 51 %, L2 57 %, occ 8 %"
react_tool,768,mir_operator:prefill_layer06,elementwise_other,14,profiled,"void at::elementwise_kernel<128, 4, void at::gpu_kernel_impl",415,6.14,0.0,41.12,0.0,16.23,44.55,22.83,0.29,,long_scoreboard=16.30; imc_miss=8.73; wait=2.47,"latency/launch-bound: 0.25 waves per SM, no unit above 30 % of peak"
react_tool,768,mir_operator:prefill_layer06,concat,8,profiled,void at::<unnamed>::CatArrayBatchedCopy<at::<unnamed>::Opaqu,416,21.06,0.0,10.96,0.0,7.16,56.43,65.19,1.33,,imc_miss=4.13; long_scoreboard=3.98; mio_throttle=3.58,"underutilised: SM 30 %, DRAM 17 %, L2 11 %, occ 84 %"
react_tool,768,mir_operator:prefill_layer06,attention,4,profiled,void pytorch_flash::flash_fwd_splitkv_kernel<Flash_fwd_kerne,426,15.69,8.35,31.94,0.0,18.89,54.11,25.16,0.77,,math_pipe_throttle=2.86; long_scoreboard=1.64; imc_miss=1.45,"latency/launch-bound: 0.75 waves per SM, no unit above 30 % of peak"
react_tool,768,mir_operator:prefill_layer07,copy,16,profiled,void at::unrolled_elementwise_kernel<at::direct_copy_kernel_,447,4.08,0.0,27.0,0.0,19.46,54.54,22.47,0.29,,long_scoreboard=14.01; wait=4.11; imc_miss=4.02,"latency/launch-bound: 0.50 waves per SM, no unit above 30 % of peak"
react_tool,768,mir_operator:prefill_layer07,elementwise_unary,16,profiled,"void at::vectorized_elementwise_kernel<4, void at::<unnamed>",448,0.44,0.0,15.59,0.0,7.45,53.36,9.48,0.06,,long_scoreboard=108.26; imc_miss=17.11; wait=2.30,"underutilised: SM 1 %, DRAM 44 %, L2 20 %, occ 18 %"
react_tool,768,mir_operator:prefill_layer07,reduce,13,profiled,"void at::reduce_kernel<512, 1, at::ReduceOp<float, at::MeanO",449,10.0,0.0,37.0,0.0,13.81,25.62,48.93,0.5,,long_scoreboard=29.99; imc_miss=6.36; wait=2.63,"latency/launch-bound: 0.03 waves per SM, no unit above 30 % of peak"
react_tool,768,mir_operator:prefill_layer07,elementwise_binary,34,profiled,"void at::vectorized_elementwise_kernel<4, at::CUDAFunctorOnS",450,8.69,0.0,24.06,0.0,14.83,61.33,43.28,0.5,,imc_miss=10.11; long_scoreboard=5.02; wait=2.20,"latency/launch-bound: 0.00 waves per SM, no unit above 30 % of peak"
react_tool,768,mir_operator:prefill_layer07,gemm,14,profiled,ampere_bf16_s16816gemm_bf16_64x64_sliced1x2_ldg8_f2f_stages_,455,33.41,37.14,50.21,0.0,67.92,86.9,8.33,1.0,,math_pipe_throttle=6.93; wait=2.10; selected=1.00,"underutilised: SM 27 %, DRAM 52 %, L2 58 %, occ 8 %"
react_tool,768,mir_operator:prefill_layer07,elementwise_other,14,profiled,"void at::elementwise_kernel<128, 4, void at::gpu_kernel_impl",477,6.25,0.0,41.85,0.0,16.36,44.37,22.83,0.29,,long_scoreboard=16.01; imc_miss=7.13; wait=2.47,"latency/launch-bound: 0.25 waves per SM, no unit above 30 % of peak"
react_tool,768,mir_operator:prefill_layer07,concat,8,profiled,void at::<unnamed>::CatArrayBatchedCopy<at::<unnamed>::Opaqu,478,21.49,0.0,10.97,0.0,7.15,56.87,73.99,1.33,,imc_miss=4.66; long_scoreboard=3.89; mio_throttle=3.60,"underutilised: SM 31 %, DRAM 17 %, L2 11 %, occ 85 %"
react_tool,768,mir_operator:prefill_layer07,attention,4,profiled,void pytorch_flash::flash_fwd_splitkv_kernel<Flash_fwd_kerne,488,15.64,8.26,31.75,0.0,18.64,54.17,25.4,0.77,,math_pipe_throttle=2.86; long_scoreboard=1.64; imc_miss=1.43,"latency/launch-bound: 0.75 waves per SM, no unit above 30 % of peak"
react_tool,768,mir_operator:prefill_layer08,copy,16,profiled,void at::unrolled_elementwise_kernel<at::direct_copy_kernel_,509,4.07,0.0,27.0,0.0,18.99,54.51,21.97,0.29,,long_scoreboard=13.77; imc_miss=4.11; wait=4.09,"latency/launch-bound: 0.50 waves per SM, no unit above 30 % of peak"
react_tool,768,mir_operator:prefill_layer08,elementwise_unary,16,profiled,"void at::vectorized_elementwise_kernel<4, void at::<unnamed>",510,0.46,0.0,15.84,0.0,7.95,65.73,9.41,0.06,,long_scoreboard=107.10; imc_miss=17.72; wait=2.30,"underutilised: SM 1 %, DRAM 44 %, L2 20 %, occ 18 %"
react_tool,768,mir_operator:prefill_layer08,reduce,13,profiled,"void at::reduce_kernel<512, 1, at::ReduceOp<float, at::MeanO",511,10.43,0.0,35.26,0.0,13.86,25.55,49.17,0.5,,long_scoreboard=29.72; imc_miss=6.37; wait=2.63,"latency/launch-bound: 0.03 waves per SM, no unit above 30 % of peak"
react_tool,768,mir_operator:prefill_layer08,elementwise_binary,34,profiled,"void at::vectorized_elementwise_kernel<4, at::CUDAFunctorOnS",512,8.95,0.0,23.83,0.0,14.77,61.38,43.27,0.5,,imc_miss=9.81; long_scoreboard=4.96; wait=2.20,"latency/launch-bound: 0.00 waves per SM, no unit above 30 % of peak"
react_tool,768,mir_operator:prefill_layer08,gemm,14,profiled,ampere_bf16_s16816gemm_bf16_64x64_sliced1x2_ldg8_f2f_stages_,517,33.02,37.0,49.74,0.0,67.24,87.01,8.33,1.0,,math_pipe_throttle=6.94; wait=2.10; selected=1.00,"underutilised: SM 27 %, DRAM 51 %, L2 57 %, occ 8 %"
react_tool,768,mir_operator:prefill_layer08,elementwise_other,14,profiled,"void at::elementwise_kernel<128, 4, void at::gpu_kernel_impl",539,6.07,0.0,41.05,0.0,16.25,44.58,22.83,0.29,,long_scoreboard=15.89; imc_miss=7.98; wait=2.47,"latency/launch-bound: 0.25 waves per SM, no unit above 30 % of peak"
react_tool,768,mir_operator:prefill_layer08,concat,8,profiled,void at::<unnamed>::CatArrayBatchedCopy<at::<unnamed>::Opaqu,540,21.64,0.0,10.87,0.0,7.19,57.39,73.42,1.33,,imc_miss=4.33; long_scoreboard=3.82; mio_throttle=3.59,"underutilised: SM 30 %, DRAM 17 %, L2 11 %, occ 84 %"
react_tool,768,mir_operator:prefill_layer08,attention,4,profiled,void pytorch_flash::flash_fwd_splitkv_kernel<Flash_fwd_kerne,550,15.76,8.14,32.15,0.0,18.47,54.01,24.98,0.77,,math_pipe_throttle=2.86; long_scoreboard=1.60; imc_miss=1.48,"latency/launch-bound: 0.75 waves per SM, no unit above 30 % of peak"
react_tool,768,mir_operator:prefill_layer09,copy,16,profiled,void at::unrolled_elementwise_kernel<at::direct_copy_kernel_,571,4.07,0.0,27.06,0.0,18.8,54.48,22.24,0.29,,long_scoreboard=13.27; wait=4.09; imc_miss=3.91,"latency/launch-bound: 0.50 waves per SM, no unit above 30 % of peak"
react_tool,768,mir_operator:prefill_layer09,elementwise_unary,16,profiled,"void at::vectorized_elementwise_kernel<4, void at::<unnamed>",572,0.43,0.0,15.81,0.0,7.76,52.98,9.35,0.06,,long_scoreboard=105.23; imc_miss=17.76; wait=2.30,"underutilised: SM 1 %, DRAM 44 %, L2 20 %, occ 18 %"
react_tool,768,mir_operator:prefill_layer09,reduce,13,profiled,"void at::reduce_kernel<512, 1, at::ReduceOp<float, at::MeanO",573,9.94,0.0,34.89,0.0,13.73,25.58,49.3,0.5,,long_scoreboard=29.74; imc_miss=6.39; wait=2.63,"latency/launch-bound: 0.03 waves per SM, no unit above 30 % of peak"
react_tool,768,mir_operator:prefill_layer09,elementwise_binary,34,profiled,"void at::vectorized_elementwise_kernel<4, at::CUDAFunctorOnS",574,8.85,0.0,24.68,0.0,14.4,62.64,43.07,0.5,,imc_miss=9.84; long_scoreboard=4.75; wait=2.20,"latency/launch-bound: 0.00 waves per SM, no unit above 30 % of peak"
react_tool,768,mir_operator:prefill_layer09,gemm,14,profiled,ampere_bf16_s16816gemm_bf16_64x64_sliced1x2_ldg8_f2f_stages_,579,33.6,37.31,50.06,0.0,67.98,87.25,8.33,1.0,,math_pipe_throttle=6.94; wait=2.10; selected=1.00,tensor-core compute-bound
react_tool,768,mir_operator:prefill_layer09,elementwise_other,14,profiled,"void at::elementwise_kernel<128, 4, void at::gpu_kernel_impl",601,6.23,0.0,40.32,0.0,15.98,45.14,22.93,0.29,,long_scoreboard=16.00; imc_miss=6.97; wait=2.46,"latency/launch-bound: 0.25 waves per SM, no unit above 30 % of peak"
react_tool,768,mir_operator:prefill_layer09,concat,8,profiled,void at::<unnamed>::CatArrayBatchedCopy<at::<unnamed>::Opaqu,602,21.36,0.0,11.24,0.0,7.15,56.55,74.69,1.33,,imc_miss=4.16; long_scoreboard=3.80; mio_throttle=3.57,"underutilised: SM 30 %, DRAM 17 %, L2 11 %, occ 84 %"
react_tool,768,mir_operator:prefill_layer09,attention,4,profiled,void pytorch_flash::flash_fwd_splitkv_kernel<Flash_fwd_kerne,612,15.77,8.1,31.7,0.0,19.06,54.21,25.28,0.77,,math_pipe_throttle=2.86; long_scoreboard=1.58; imc_miss=1.38,"latency/launch-bound: 0.75 waves per SM, no unit above 30 % of peak"
react_tool,768,mir_operator:prefill_layer10,copy,16,profiled,void at::unrolled_elementwise_kernel<at::direct_copy_kernel_,633,4.01,0.0,27.15,0.0,18.89,54.48,22.26,0.29,,long_scoreboard=13.35; wait=4.10; imc_miss=3.95,"latency/launch-bound: 0.50 waves per SM, no unit above 30 % of peak"
react_tool,768,mir_operator:prefill_layer10,elementwise_unary,16,profiled,"void at::vectorized_elementwise_kernel<4, void at::<unnamed>",634,0.46,0.0,15.46,0.0,7.86,62.94,9.37,0.06,,long_scoreboard=105.17; imc_miss=17.19; wait=2.30,"underutilised: SM 1 %, DRAM 44 %, L2 21 %, occ 18 %"
react_tool,768,mir_operator:prefill_layer10,reduce,13,profiled,"void at::reduce_kernel<512, 1, at::ReduceOp<float, at::MeanO",635,10.15,0.0,35.9,0.0,14.15,25.68,49.29,0.5,,long_scoreboard=30.14; imc_miss=6.36; wait=2.63,"latency/launch-bound: 0.03 waves per SM, no unit above 30 % of peak"
react_tool,768,mir_operator:prefill_layer10,elementwise_binary,34,profiled,"void at::vectorized_elementwise_kernel<4, at::CUDAFunctorOnS",636,9.05,0.0,23.58,0.0,14.33,61.3,43.14,0.5,,imc_miss=9.85; long_scoreboard=4.91; wait=2.20,"latency/launch-bound: 0.00 waves per SM, no unit above 30 % of peak"
react_tool,768,mir_operator:prefill_layer10,gemm,14,profiled,ampere_bf16_s16816gemm_bf16_64x64_sliced1x2_ldg8_f2f_stages_,641,33.31,36.9,49.84,0.0,66.87,87.48,8.33,1.0,,math_pipe_throttle=6.94; wait=2.10; selected=1.00,"underutilised: SM 27 %, DRAM 51 %, L2 57 %, occ 8 %"
react_tool,768,mir_operator:prefill_layer10,elementwise_other,14,profiled,"void at::elementwise_kernel<128, 4, void at::gpu_kernel_impl",663,6.11,0.0,41.15,0.0,16.19,45.07,22.52,0.29,,long_scoreboard=16.47; imc_miss=6.98; wait=2.46,"latency/launch-bound: 0.25 waves per SM, no unit above 30 % of peak"
react_tool,768,mir_operator:prefill_layer10,concat,8,profiled,void at::<unnamed>::CatArrayBatchedCopy<at::<unnamed>::Opaqu,664,21.5,0.0,10.91,0.0,7.1,56.44,73.52,1.33,,imc_miss=4.25; long_scoreboard=4.09; mio_throttle=3.58,"underutilised: SM 30 %, DRAM 17 %, L2 11 %, occ 84 %"
react_tool,768,mir_operator:prefill_layer10,attention,4,profiled,void pytorch_flash::flash_fwd_splitkv_kernel<Flash_fwd_kerne,674,15.82,8.34,31.75,0.0,18.62,54.03,25.38,0.77,,math_pipe_throttle=2.86; long_scoreboard=1.68; imc_miss=1.45,"latency/launch-bound: 0.75 waves per SM, no unit above 30 % of peak"
react_tool,768,mir_operator:prefill_layer11,copy,16,profiled,void at::unrolled_elementwise_kernel<at::direct_copy_kernel_,695,4.09,0.0,27.58,0.0,18.66,54.32,22.24,0.29,,long_scoreboard=13.32; wait=4.10; imc_miss=3.90,"latency/launch-bound: 0.50 waves per SM, no unit above 30 % of peak"
react_tool,768,mir_operator:prefill_layer11,elementwise_unary,16,profiled,"void at::vectorized_elementwise_kernel<4, void at::<unnamed>",696,0.45,0.0,14.43,0.0,7.4,63.17,9.57,0.06,,long_scoreboard=105.39; imc_miss=17.56; wait=2.30,"underutilised: SM 1 %, DRAM 47 %, L2 22 %, occ 18 %"
react_tool,768,mir_operator:prefill_layer11,reduce,13,profiled,"void at::reduce_kernel<512, 1, at::ReduceOp<float, at::MeanO",697,10.1,0.0,35.84,0.0,14.14,25.67,49.25,0.5,,long_scoreboard=29.77; imc_miss=6.44; wait=2.63,"latency/launch-bound: 0.03 waves per SM, no unit above 30 % of peak"
react_tool,768,mir_operator:prefill_layer11,elementwise_binary,34,profiled,"void at::vectorized_elementwise_kernel<4, at::CUDAFunctorOnS",698,8.83,0.0,23.24,0.0,14.2,59.69,43.32,0.5,,imc_miss=9.80; long_scoreboard=4.93; wait=2.20,"latency/launch-bound: 0.00 waves per SM, no unit above 30 % of peak"
react_tool,768,mir_operator:prefill_layer11,gemm,14,profiled,ampere_bf16_s16816gemm_bf16_64x64_sliced1x2_ldg8_f2f_stages_,703,33.17,37.07,49.58,0.0,67.95,87.01,8.33,1.0,,math_pipe_throttle=6.94; wait=2.10; selected=1.00,tensor-core compute-bound
react_tool,768,mir_operator:prefill_layer11,elementwise_other,14,profiled,"void at::elementwise_kernel<128, 4, void at::gpu_kernel_impl",725,6.25,0.0,40.66,0.0,16.1,44.48,22.62,0.29,,long_scoreboard=16.07; imc_miss=6.89; wait=2.46,"latency/launch-bound: 0.25 waves per SM, no unit above 30 % of peak"
react_tool,768,mir_operator:prefill_layer11,concat,8,profiled,void at::<unnamed>::CatArrayBatchedCopy<at::<unnamed>::Opaqu,726,21.58,0.0,10.97,0.0,7.12,56.87,73.6,1.33,,imc_miss=4.26; long_scoreboard=4.03; mio_throttle=3.57,"underutilised: SM 30 %, DRAM 17 %, L2 11 %, occ 84 %"
react_tool,768,mir_operator:prefill_layer11,attention,4,profiled,void pytorch_flash::flash_fwd_splitkv_kernel<Flash_fwd_kerne,736,15.83,8.29,31.69,0.0,18.59,53.83,25.16,0.77,,math_pipe_throttle=2.86; long_scoreboard=1.59; imc_miss=1.44,"latency/launch-bound: 0.75 waves per SM, no unit above 30 % of peak"
react_tool,768,mir_operator:prefill_layer12,copy,16,profiled,void at::unrolled_elementwise_kernel<at::direct_copy_kernel_,757,4.1,0.0,27.29,0.0,18.75,54.35,22.22,0.29,,long_scoreboard=13.59; wait=4.09; imc_miss=3.97,"latency/launch-bound: 0.50 waves per SM, no unit above 30 % of peak"
react_tool,768,mir_operator:prefill_layer12,elementwise_unary,16,profiled,"void at::vectorized_elementwise_kernel<4, void at::<unnamed>",758,0.44,0.0,14.76,0.0,7.51,65.59,9.45,0.06,,long_scoreboard=106.57; imc_miss=17.55; wait=2.30,"underutilised: SM 1 %, DRAM 45 %, L2 21 %, occ 18 %"
react_tool,768,mir_operator:prefill_layer12,reduce,13,profiled,"void at::reduce_kernel<512, 1, at::ReduceOp<float, at::MeanO",759,9.99,0.0,35.84,0.0,14.11,25.39,49.25,0.5,,long_scoreboard=29.68; imc_miss=6.41; wait=2.63,"latency/launch-bound: 0.03 waves per SM, no unit above 30 % of peak"
react_tool,768,mir_operator:prefill_layer12,elementwise_binary,34,profiled,"void at::vectorized_elementwise_kernel<4, at::CUDAFunctorOnS",760,8.82,0.0,23.62,0.0,14.43,61.34,42.91,0.5,,imc_miss=9.78; long_scoreboard=4.93; wait=2.20,"latency/launch-bound: 0.00 waves per SM, no unit above 30 % of peak"
react_tool,768,mir_operator:prefill_layer12,gemm,14,profiled,ampere_bf16_s16816gemm_bf16_64x64_sliced1x2_ldg8_f2f_stages_,765,32.82,36.94,49.58,0.0,67.07,87.28,8.33,1.0,,math_pipe_throttle=6.94; wait=2.10; selected=1.00,"underutilised: SM 27 %, DRAM 52 %, L2 58 %, occ 8 %"
react_tool,768,mir_operator:prefill_layer12,elementwise_other,14,profiled,"void at::elementwise_kernel<128, 4, void at::gpu_kernel_impl",787,6.19,0.0,40.48,0.0,15.94,44.83,22.52,0.29,,long_scoreboard=15.99; imc_miss=7.13; wait=2.45,"latency/launch-bound: 0.25 waves per SM, no unit above 30 % of peak"
react_tool,768,mir_operator:prefill_layer12,concat,8,profiled,void at::<unnamed>::CatArrayBatchedCopy<at::<unnamed>::Opaqu,788,21.2,0.0,10.88,0.0,7.24,56.16,73.51,1.33,,imc_miss=4.19; long_scoreboard=3.90; mio_throttle=3.57,"underutilised: SM 30 %, DRAM 17 %, L2 11 %, occ 84 %"
react_tool,768,mir_operator:prefill_layer12,attention,4,profiled,void pytorch_flash::flash_fwd_splitkv_kernel<Flash_fwd_kerne,798,15.79,8.22,32.02,0.0,18.58,53.85,24.96,0.77,,math_pipe_throttle=2.86; long_scoreboard=1.70; imc_miss=1.49,"latency/launch-bound: 0.75 waves per SM, no unit above 30 % of peak"
react_tool,768,mir_operator:prefill_layer13,copy,16,profiled,void at::unrolled_elementwise_kernel<at::direct_copy_kernel_,819,4.12,0.0,27.44,0.0,18.85,54.5,22.24,0.29,,long_scoreboard=13.32; wait=4.09; imc_miss=3.93,"latency/launch-bound: 0.50 waves per SM, no unit above 30 % of peak"
react_tool,768,mir_operator:prefill_layer13,elementwise_unary,16,profiled,"void at::vectorized_elementwise_kernel<4, void at::<unnamed>",820,0.48,0.0,15.93,0.0,8.26,53.22,9.58,0.06,,long_scoreboard=105.38; imc_miss=17.12; wait=2.31,"underutilised: SM 1 %, DRAM 46 %, L2 22 %, occ 18 %"
react_tool,768,mir_operator:prefill_layer13,reduce,13,profiled,"void at::reduce_kernel<512, 1, at::ReduceOp<float, at::MeanO",821,10.04,0.0,36.03,0.0,14.16,25.43,49.06,0.5,,long_scoreboard=53.37; imc_miss=4.66; wait=2.63,"latency/launch-bound: 0.03 waves per SM, no unit above 30 % of peak"
react_tool,768,mir_operator:prefill_layer13,elementwise_binary,34,profiled,"void at::vectorized_elementwise_kernel<4, at::CUDAFunctorOnS",822,9.02,0.0,23.75,0.0,14.53,60.95,43.31,0.5,,imc_miss=9.66; long_scoreboard=4.92; wait=2.20,"latency/launch-bound: 0.00 waves per SM, no unit above 30 % of peak"
react_tool,768,mir_operator:prefill_layer13,gemm,14,profiled,ampere_bf16_s16816gemm_bf16_64x64_sliced1x2_ldg8_f2f_stages_,827,32.72,36.69,49.6,0.0,67.13,87.31,8.33,1.0,,math_pipe_throttle=6.94; wait=2.10; selected=1.00,"underutilised: SM 27 %, DRAM 51 %, L2 57 %, occ 8 %"
react_tool,768,mir_operator:prefill_layer13,elementwise_other,14,profiled,"void at::elementwise_kernel<128, 4, void at::gpu_kernel_impl",849,6.22,0.0,41.6,0.0,16.53,44.85,22.69,0.29,,long_scoreboard=16.34; imc_miss=7.07; wait=2.46,"latency/launch-bound: 0.25 waves per SM, no unit above 30 % of peak"
react_tool,768,mir_operator:prefill_layer13,concat,8,profiled,void at::<unnamed>::CatArrayBatchedCopy<at::<unnamed>::Opaqu,850,21.1,0.0,11.11,0.0,7.12,56.4,73.69,1.33,,imc_miss=4.32; long_scoreboard=4.07; mio_throttle=3.58,"underutilised: SM 30 %, DRAM 17 %, L2 11 %, occ 84 %"
react_tool,768,mir_operator:prefill_layer13,attention,4,profiled,void pytorch_flash::flash_fwd_splitkv_kernel<Flash_fwd_kerne,860,15.8,8.12,31.75,0.0,19.09,53.94,25.31,0.77,,math_pipe_throttle=2.86; long_scoreboard=1.63; imc_miss=1.49,"latency/launch-bound: 0.75 waves per SM, no unit above 30 % of peak"
react_tool,768,mir_operator:prefill_layer14,copy,16,profiled,void at::unrolled_elementwise_kernel<at::direct_copy_kernel_,881,4.09,0.0,27.62,0.0,19.33,54.5,22.15,0.29,,long_scoreboard=13.90; wait=4.10; imc_miss=3.96,"latency/launch-bound: 0.50 waves per SM, no unit above 30 % of peak"
react_tool,768,mir_operator:prefill_layer14,elementwise_unary,16,profiled,"void at::vectorized_elementwise_kernel<4, void at::<unnamed>",882,0.41,0.0,14.52,0.0,9.25,64.3,9.7,0.06,,long_scoreboard=108.72; imc_miss=17.22; wait=2.31,"underutilised: SM 1 %, DRAM 44 %, L2 20 %, occ 18 %"
react_tool,768,mir_operator:prefill_layer14,reduce,13,profiled,"void at::reduce_kernel<512, 1, at::ReduceOp<float, at::MeanO",883,10.1,0.0,34.4,0.0,13.53,25.2,49.2,0.5,,long_scoreboard=29.92; imc_miss=6.37; wait=2.63,"latency/launch-bound: 0.03 waves per SM, no unit above 30 % of peak"
react_tool,768,mir_operator:prefill_layer14,elementwise_binary,34,profiled,"void at::vectorized_elementwise_kernel<4, at::CUDAFunctorOnS",884,9.01,0.0,24.14,0.0,14.58,60.79,43.1,0.5,,imc_miss=9.82; long_scoreboard=4.92; wait=2.20,"latency/launch-bound: 0.00 waves per SM, no unit above 30 % of peak"
react_tool,768,mir_operator:prefill_layer14,gemm,14,profiled,ampere_bf16_s16816gemm_bf16_64x64_sliced1x2_ldg8_f2f_stages_,889,33.16,37.22,49.51,0.0,67.77,87.18,8.33,1.0,,math_pipe_throttle=6.94; wait=2.10; selected=1.00,tensor-core compute-bound
react_tool,768,mir_operator:prefill_layer14,elementwise_other,14,profiled,"void at::elementwise_kernel<128, 4, void at::gpu_kernel_impl",911,4.84,0.0,42.28,0.0,16.63,44.38,22.68,0.29,,long_scoreboard=16.22; imc_miss=6.98; wait=2.46,"latency/launch-bound: 0.25 waves per SM, no unit above 30 % of peak"
react_tool,768,mir_operator:prefill_layer14,concat,8,profiled,void at::<unnamed>::CatArrayBatchedCopy<at::<unnamed>::Opaqu,912,21.76,0.0,11.01,0.0,7.22,56.42,73.46,1.33,,imc_miss=4.25; long_scoreboard=3.89; mio_throttle=3.56,"underutilised: SM 30 %, DRAM 17 %, L2 11 %, occ 84 %"
react_tool,768,mir_operator:prefill_layer14,attention,4,profiled,void pytorch_flash::flash_fwd_splitkv_kernel<Flash_fwd_kerne,922,16.14,8.17,31.86,0.0,18.63,53.81,25.16,0.77,,math_pipe_throttle=2.86; long_scoreboard=1.62; imc_miss=1.49,"latency/launch-bound: 0.75 waves per SM, no unit above 30 % of peak"
react_tool,768,mir_operator:prefill_layer15,copy,16,profiled,void at::unrolled_elementwise_kernel<at::direct_copy_kernel_,943,4.08,0.0,27.64,0.0,18.78,54.31,22.23,0.29,,long_scoreboard=13.39; wait=4.10; imc_miss=4.08,"latency/launch-bound: 0.50 waves per SM, no unit above 30 % of peak"
react_tool,768,mir_operator:prefill_layer15,elementwise_unary,16,profiled,"void at::vectorized_elementwise_kernel<4, void at::<unnamed>",944,0.44,0.0,14.74,0.0,7.78,52.84,9.6,0.06,,long_scoreboard=105.09; imc_miss=17.77; wait=2.29,"underutilised: SM 1 %, DRAM 46 %, L2 21 %, occ 18 %"
react_tool,768,mir_operator:prefill_layer15,reduce,13,profiled,"void at::reduce_kernel<512, 1, at::ReduceOp<float, at::MeanO",945,10.37,0.0,35.32,0.0,13.85,25.54,49.24,0.5,,long_scoreboard=29.50; imc_miss=6.34; wait=2.63,"latency/launch-bound: 0.03 waves per SM, no unit above 30 % of peak"
react_tool,768,mir_operator:prefill_layer15,elementwise_binary,34,profiled,"void at::vectorized_elementwise_kernel<4, at::CUDAFunctorOnS",946,8.97,0.0,23.91,0.0,14.35,61.06,42.99,0.5,,imc_miss=9.70; long_scoreboard=4.92; wait=2.20,"latency/launch-bound: 0.00 waves per SM, no unit above 30 % of peak"
react_tool,768,mir_operator:prefill_layer15,gemm,14,profiled,ampere_bf16_s16816gemm_bf16_64x64_sliced1x2_ldg8_f2f_stages_,951,32.6,36.97,50.22,0.0,67.63,87.24,8.33,1.0,,math_pipe_throttle=6.93; wait=2.10; selected=1.00,"underutilised: SM 28 %, DRAM 52 %, L2 57 %, occ 8 %"
react_tool,768,mir_operator:prefill_layer15,elementwise_other,14,profiled,"void at::elementwise_kernel<128, 4, void at::gpu_kernel_impl",973,6.27,0.0,41.53,0.0,16.41,44.27,22.69,0.29,,long_scoreboard=15.93; imc_miss=7.06; wait=2.47,"latency/launch-bound: 0.25 waves per SM, no unit above 30 % of peak"
react_tool,768,mir_operator:prefill_layer15,concat,8,profiled,void at::<unnamed>::CatArrayBatchedCopy<at::<unnamed>::Opaqu,974,21.77,0.0,11.2,0.0,7.1,56.34,73.98,1.33,,imc_miss=4.24; long_scoreboard=3.93; mio_throttle=3.56,"underutilised: SM 30 %, DRAM 17 %, L2 11 %, occ 84 %"
react_tool,768,mir_operator:prefill_layer15,attention,4,profiled,void pytorch_flash::flash_fwd_splitkv_kernel<Flash_fwd_kerne,984,15.85,8.19,32.4,0.0,18.73,54.25,25.32,0.77,,math_pipe_throttle=2.86; long_scoreboard=1.67; imc_miss=1.44,"latency/launch-bound: 0.75 waves per SM, no unit above 30 % of peak"
react_tool,768,mir_operator:prefill_layer16,copy,16,profiled,void at::unrolled_elementwise_kernel<at::direct_copy_kernel_,1005,4.04,0.0,26.98,0.0,18.88,54.5,22.21,0.29,,long_scoreboard=13.92; wait=4.09; imc_miss=3.98,"latency/launch-bound: 0.50 waves per SM, no unit above 30 % of peak"
react_tool,768,mir_operator:prefill_layer16,elementwise_unary,16,profiled,"void at::vectorized_elementwise_kernel<4, void at::<unnamed>",1006,0.47,0.0,14.84,0.0,7.46,64.85,9.45,0.06,,long_scoreboard=104.22; imc_miss=18.23; wait=2.27,"underutilised: SM 1 %, DRAM 44 %, L2 20 %, occ 18 %"
react_tool,768,mir_operator:prefill_layer16,reduce,13,profiled,"void at::reduce_kernel<512, 1, at::ReduceOp<float, at::MeanO",1007,10.13,0.0,34.52,0.0,13.62,25.53,49.07,0.5,,long_scoreboard=30.11; imc_miss=6.36; wait=2.63,"latency/launch-bound: 0.03 waves per SM, no unit above 30 % of peak"
react_tool,768,mir_operator:prefill_layer16,elementwise_binary,34,profiled,"void at::vectorized_elementwise_kernel<4, at::CUDAFunctorOnS",1008,8.8,0.0,23.75,0.0,14.29,60.89,43.31,0.5,,imc_miss=9.80; long_scoreboard=4.75; wait=2.20,"latency/launch-bound: 0.00 waves per SM, no unit above 30 % of peak"
react_tool,768,mir_operator:prefill_layer16,gemm,14,profiled,ampere_bf16_s16816gemm_bf16_64x64_sliced1x2_ldg8_f2f_stages_,1013,32.95,37.06,49.47,0.0,67.2,86.87,8.33,1.0,,math_pipe_throttle=6.94; wait=2.10; selected=1.00,"underutilised: SM 28 %, DRAM 51 %, L2 57 %, occ 8 %"
react_tool,768,mir_operator:prefill_layer16,elementwise_other,14,profiled,"void at::elementwise_kernel<128, 4, void at::gpu_kernel_impl",1035,6.04,0.0,42.05,0.0,16.63,44.31,22.94,0.29,,long_scoreboard=16.18; imc_miss=7.14; wait=2.46,"latency/launch-bound: 0.25 waves per SM, no unit above 30 % of peak"
react_tool,768,mir_operator:prefill_layer16,concat,8,profiled,void at::<unnamed>::CatArrayBatchedCopy<at::<unnamed>::Opaqu,1036,21.39,0.0,10.91,0.0,7.13,56.44,74.35,1.33,,imc_miss=4.12; long_scoreboard=3.79; mio_throttle=3.56,"underutilised: SM 30 %, DRAM 17 %, L2 10 %, occ 84 %"
react_tool,768,mir_operator:prefill_layer16,attention,4,profiled,void pytorch_flash::flash_fwd_splitkv_kernel<Flash_fwd_kerne,1046,15.78,8.23,31.76,0.0,19.2,53.91,25.4,0.77,,math_pipe_throttle=2.86; long_scoreboard=1.74; imc_miss=1.47,"latency/launch-bound: 0.75 waves per SM, no unit above 30 % of peak"
react_tool,768,mir_operator:prefill_layer17,copy,16,profiled,void at::unrolled_elementwise_kernel<at::direct_copy_kernel_,1067,4.08,0.0,26.81,0.0,19.0,54.47,22.12,0.29,,long_scoreboard=13.50; wait=4.09; imc_miss=3.82,"latency/launch-bound: 0.50 waves per SM, no unit above 30 % of peak"
react_tool,768,mir_operator:prefill_layer17,elementwise_unary,16,profiled,"void at::vectorized_elementwise_kernel<4, void at::<unnamed>",1068,0.46,0.0,15.17,0.0,12.1,52.74,9.36,0.06,,long_scoreboard=105.03; imc_miss=18.82; wait=2.30,"underutilised: SM 1 %, DRAM 44 %, L2 20 %, occ 18 %"
react_tool,768,mir_operator:prefill_layer17,reduce,13,profiled,"void at::reduce_kernel<512, 1, at::ReduceOp<float, at::MeanO",1069,10.11,0.0,35.71,0.0,14.06,25.34,48.84,0.5,,long_scoreboard=29.82; imc_miss=6.38; wait=2.63,"latency/launch-bound: 0.03 waves per SM, no unit above 30 % of peak"
react_tool,768,mir_operator:prefill_layer17,elementwise_binary,34,profiled,"void at::vectorized_elementwise_kernel<4, at::CUDAFunctorOnS",1070,8.77,0.0,24.06,0.0,14.14,61.62,43.46,0.5,,imc_miss=9.62; long_scoreboard=4.78; wait=2.20,"latency/launch-bound: 0.00 waves per SM, no unit above 30 % of peak"
react_tool,768,mir_operator:prefill_layer17,gemm,14,profiled,ampere_bf16_s16816gemm_bf16_64x64_sliced1x2_ldg8_f2f_stages_,1075,32.63,37.16,49.98,0.0,67.61,88.1,8.33,1.0,,math_pipe_throttle=6.94; wait=2.10; selected=1.00,"underutilised: SM 27 %, DRAM 51 %, L2 57 %, occ 8 %"
react_tool,768,mir_operator:prefill_layer17,elementwise_other,14,profiled,"void at::elementwise_kernel<128, 4, void at::gpu_kernel_impl",1097,6.22,0.0,42.41,0.0,16.75,44.55,22.78,0.29,,long_scoreboard=16.08; imc_miss=6.95; wait=2.46,"latency/launch-bound: 0.25 waves per SM, no unit above 30 % of peak"
react_tool,768,mir_operator:prefill_layer17,concat,8,profiled,void at::<unnamed>::CatArrayBatchedCopy<at::<unnamed>::Opaqu,1098,21.53,0.0,10.87,0.0,7.05,56.37,72.96,1.33,,imc_miss=4.14; long_scoreboard=4.07; mio_throttle=3.58,"underutilised: SM 30 %, DRAM 17 %, L2 11 %, occ 84 %"
react_tool,768,mir_operator:prefill_layer17,attention,4,profiled,void pytorch_flash::flash_fwd_splitkv_kernel<Flash_fwd_kerne,1108,15.66,8.17,31.77,0.0,18.68,53.91,25.18,0.77,,math_pipe_throttle=2.86; long_scoreboard=1.66; imc_miss=1.49,"latency/launch-bound: 0.75 waves per SM, no unit above 30 % of peak"
react_tool,768,mir_operator:prefill_layer18,copy,16,profiled,void at::unrolled_elementwise_kernel<at::direct_copy_kernel_,1129,4.08,0.0,26.92,0.0,19.06,54.31,22.09,0.29,,long_scoreboard=13.56; wait=4.10; imc_miss=3.95,"latency/launch-bound: 0.50 waves per SM, no unit above 30 % of peak"
react_tool,768,mir_operator:prefill_layer18,elementwise_unary,16,profiled,"void at::vectorized_elementwise_kernel<4, void at::<unnamed>",1130,0.27,0.0,15.55,0.0,8.02,62.46,9.52,0.06,,long_scoreboard=107.22; imc_miss=17.58; wait=2.29,"underutilised: SM 1 %, DRAM 44 %, L2 21 %, occ 18 %"
react_tool,768,mir_operator:prefill_layer18,reduce,13,profiled,"void at::reduce_kernel<512, 1, at::ReduceOp<float, at::MeanO",1131,9.96,0.0,34.95,0.0,13.76,25.44,49.41,0.5,,long_scoreboard=30.07; imc_miss=6.49; wait=2.63,"latency/launch-bound: 0.03 waves per SM, no unit above 30 % of peak"
react_tool,768,mir_operator:prefill_layer18,elementwise_binary,34,profiled,"void at::vectorized_elementwise_kernel<4, at::CUDAFunctorOnS",1132,8.97,0.0,23.79,0.0,14.23,60.71,43.01,0.5,,imc_miss=9.62; long_scoreboard=4.79; wait=2.20,"latency/launch-bound: 0.00 waves per SM, no unit above 30 % of peak"
react_tool,768,mir_operator:prefill_layer18,gemm,14,profiled,ampere_bf16_s16816gemm_bf16_64x64_sliced1x2_ldg8_f2f_stages_,1137,33.34,37.05,49.63,0.0,67.17,87.39,8.33,1.0,,math_pipe_throttle=6.94; wait=2.10; selected=1.00,tensor-core compute-bound
react_tool,768,mir_operator:prefill_layer18,elementwise_other,14,profiled,"void at::elementwise_kernel<128, 4, void at::gpu_kernel_impl",1159,6.0,0.0,40.65,0.0,16.33,44.64,22.65,0.29,,long_scoreboard=16.07; imc_miss=7.11; wait=2.46,"latency/launch-bound: 0.25 waves per SM, no unit above 30 % of peak"
react_tool,768,mir_operator:prefill_layer18,concat,8,profiled,void at::<unnamed>::CatArrayBatchedCopy<at::<unnamed>::Opaqu,1160,21.65,0.0,10.9,0.0,7.04,56.56,73.23,1.33,,imc_miss=4.23; long_scoreboard=4.02; mio_throttle=3.57,"underutilised: SM 30 %, DRAM 18 %, L2 11 %, occ 84 %"
react_tool,768,mir_operator:prefill_layer18,attention,4,profiled,void pytorch_flash::flash_fwd_splitkv_kernel<Flash_fwd_kerne,1170,15.76,8.29,31.51,0.0,18.72,53.89,25.19,0.77,,math_pipe_throttle=2.86; long_scoreboard=1.56; imc_miss=1.44,"latency/launch-bound: 0.75 waves per SM, no unit above 30 % of peak"
react_tool,768,mir_operator:prefill_layer19,copy,16,profiled,void at::unrolled_elementwise_kernel<at::direct_copy_kernel_,1191,4.09,0.0,27.15,0.0,19.06,54.47,22.26,0.29,,long_scoreboard=13.70; wait=4.10; imc_miss=3.94,"latency/launch-bound: 0.50 waves per SM, no unit above 30 % of peak"
react_tool,768,mir_operator:prefill_layer19,elementwise_unary,16,profiled,"void at::vectorized_elementwise_kernel<4, void at::<unnamed>",1192,0.47,0.0,15.51,0.0,7.96,52.85,9.33,0.06,,long_scoreboard=104.71; imc_miss=17.17; wait=2.31,"underutilised: SM 1 %, DRAM 46 %, L2 21 %, occ 18 %"
react_tool,768,mir_operator:prefill_layer19,reduce,13,profiled,"void at::reduce_kernel<512, 1, at::ReduceOp<float, at::MeanO",1193,10.26,0.0,34.59,0.0,13.57,25.51,49.19,0.5,,long_scoreboard=29.58; imc_miss=6.34; wait=2.63,"latency/launch-bound: 0.03 waves per SM, no unit above 30 % of peak"
react_tool,768,mir_operator:prefill_layer19,elementwise_binary,34,profiled,"void at::vectorized_elementwise_kernel<4, at::CUDAFunctorOnS",1194,8.87,0.0,24.03,0.0,14.46,60.86,42.67,0.5,,imc_miss=9.61; long_scoreboard=4.76; wait=2.20,"latency/launch-bound: 0.00 waves per SM, no unit above 30 % of peak"
react_tool,768,mir_operator:prefill_layer19,gemm,14,profiled,ampere_bf16_s16816gemm_bf16_64x64_sliced1x2_ldg8_f2f_stages_,1199,32.98,37.17,50.09,0.0,67.39,87.3,8.33,1.0,,math_pipe_throttle=6.94; wait=2.10; selected=1.00,"underutilised: SM 27 %, DRAM 52 %, L2 58 %, occ 8 %"
react_tool,768,mir_operator:prefill_layer19,elementwise_other,14,profiled,"void at::elementwise_kernel<128, 4, void at::gpu_kernel_impl",1221,6.25,0.0,41.78,0.0,16.56,44.27,22.32,0.29,,long_scoreboard=16.32; imc_miss=7.58; wait=2.46,"latency/launch-bound: 0.25 waves per SM, no unit above 30 % of peak"
react_tool,768,mir_operator:prefill_layer19,concat,8,profiled,void at::<unnamed>::CatArrayBatchedCopy<at::<unnamed>::Opaqu,1222,21.73,0.0,10.92,0.0,7.08,56.92,72.98,1.33,,imc_miss=4.19; long_scoreboard=4.05; mio_throttle=3.57,"underutilised: SM 30 %, DRAM 17 %, L2 11 %, occ 84 %"
react_tool,768,mir_operator:prefill_layer19,attention,4,profiled,void pytorch_flash::flash_fwd_splitkv_kernel<Flash_fwd_kerne,1232,15.72,8.22,31.82,0.0,18.84,53.82,25.01,0.77,,barrier=6.19; math_pipe_throttle=2.86; long_scoreboard=1.66,"latency/launch-bound: 0.75 waves per SM, no unit above 30 % of peak"
react_tool,768,mir_operator:prefill_layer20,copy,16,profiled,void at::unrolled_elementwise_kernel<at::direct_copy_kernel_,1253,4.05,0.0,27.09,0.0,18.94,54.59,22.1,0.29,,long_scoreboard=13.69; imc_miss=4.13; wait=4.10,"latency/launch-bound: 0.50 waves per SM, no unit above 30 % of peak"
react_tool,768,mir_operator:prefill_layer20,elementwise_unary,16,profiled,"void at::vectorized_elementwise_kernel<4, void at::<unnamed>",1254,0.46,0.0,14.47,0.0,7.59,53.26,9.24,0.06,,long_scoreboard=108.57; imc_miss=17.16; wait=2.29,"underutilised: SM 1 %, DRAM 46 %, L2 21 %, occ 18 %"
react_tool,768,mir_operator:prefill_layer20,reduce,13,profiled,"void at::reduce_kernel<512, 1, at::ReduceOp<float, at::MeanO",1255,10.17,0.0,35.9,0.0,14.12,25.54,49.19,0.5,,long_scoreboard=29.79; imc_miss=6.45; wait=2.63,"latency/launch-bound: 0.03 waves per SM, no unit above 30 % of peak"
react_tool,768,mir_operator:prefill_layer20,elementwise_binary,34,profiled,"void at::vectorized_elementwise_kernel<4, at::CUDAFunctorOnS",1256,8.77,0.0,24.66,0.0,14.58,61.0,42.85,0.5,,imc_miss=9.61; long_scoreboard=4.79; wait=2.20,"latency/launch-bound: 0.00 waves per SM, no unit above 30 % of peak"
react_tool,768,mir_operator:prefill_layer20,gemm,14,profiled,ampere_bf16_s16816gemm_bf16_64x64_sliced1x2_ldg8_f2f_stages_,1261,33.25,36.94,49.25,0.0,67.07,87.21,8.33,1.0,,math_pipe_throttle=6.95; wait=2.10; selected=1.00,"underutilised: SM 27 %, DRAM 51 %, L2 57 %, occ 8 %"
react_tool,768,mir_operator:prefill_layer20,elementwise_other,14,profiled,"void at::elementwise_kernel<128, 4, void at::gpu_kernel_impl",1283,6.06,0.0,40.91,0.0,15.99,44.27,22.56,0.29,,long_scoreboard=16.12; imc_miss=7.06; wait=2.47,"latency/launch-bound: 0.25 waves per SM, no unit above 30 % of peak"
react_tool,768,mir_operator:prefill_layer20,concat,8,profiled,void at::<unnamed>::CatArrayBatchedCopy<at::<unnamed>::Opaqu,1284,21.78,0.0,10.75,0.0,6.96,56.39,73.87,1.33,,imc_miss=4.38; long_scoreboard=4.00; mio_throttle=3.59,"underutilised: SM 30 %, DRAM 16 %, L2 10 %, occ 84 %"
react_tool,768,mir_operator:prefill_layer20,attention,4,profiled,void pytorch_flash::flash_fwd_splitkv_kernel<Flash_fwd_kerne,1294,15.67,8.2,31.8,0.0,18.78,53.97,25.03,0.77,,math_pipe_throttle=2.86; long_scoreboard=1.67; imc_miss=1.36,"latency/launch-bound: 0.75 waves per SM, no unit above 30 % of peak"
react_tool,768,mir_operator:prefill_layer21,copy,16,profiled,void at::unrolled_elementwise_kernel<at::direct_copy_kernel_,1315,4.07,0.0,26.86,0.0,18.88,53.29,22.31,0.29,,long_scoreboard=13.50; wait=4.09; imc_miss=3.93,"latency/launch-bound: 0.50 waves per SM, no unit above 30 % of peak"
react_tool,768,mir_operator:prefill_layer21,elementwise_unary,16,profiled,"void at::vectorized_elementwise_kernel<4, void at::<unnamed>",1316,0.45,0.0,14.63,0.0,7.4,63.69,9.57,0.06,,long_scoreboard=107.29; imc_miss=18.18; wait=2.30,"underutilised: SM 1 %, DRAM 44 %, L2 20 %, occ 18 %"
react_tool,768,mir_operator:prefill_layer21,reduce,13,profiled,"void at::reduce_kernel<512, 1, at::ReduceOp<float, at::MeanO",1317,10.11,0.0,33.99,0.0,13.36,25.29,49.08,0.5,,long_scoreboard=29.89; imc_miss=6.45; wait=2.63,"latency/launch-bound: 0.03 waves per SM, no unit above 30 % of peak"
react_tool,768,mir_operator:prefill_layer21,elementwise_binary,34,profiled,"void at::vectorized_elementwise_kernel<4, at::CUDAFunctorOnS",1318,8.81,0.0,23.16,0.0,14.34,61.68,43.4,0.5,,imc_miss=9.58; long_scoreboard=4.93; wait=2.20,"latency/launch-bound: 0.00 waves per SM, no unit above 30 % of peak"
react_tool,768,mir_operator:prefill_layer21,gemm,14,profiled,ampere_bf16_s16816gemm_bf16_64x64_sliced1x2_ldg8_f2f_stages_,1323,32.95,36.98,49.33,0.0,67.42,87.72,8.33,1.0,,math_pipe_throttle=6.94; wait=2.10; selected=1.00,"underutilised: SM 27 %, DRAM 52 %, L2 58 %, occ 8 %"
react_tool,768,mir_operator:prefill_layer21,elementwise_other,14,profiled,"void at::elementwise_kernel<128, 4, void at::gpu_kernel_impl",1345,6.24,0.0,41.36,0.0,16.32,44.41,22.72,0.29,,long_scoreboard=16.62; imc_miss=8.24; wait=2.46,"latency/launch-bound: 0.25 waves per SM, no unit above 30 % of peak"
react_tool,768,mir_operator:prefill_layer21,concat,8,profiled,void at::<unnamed>::CatArrayBatchedCopy<at::<unnamed>::Opaqu,1346,21.63,0.0,10.87,0.0,7.09,56.92,73.25,1.33,,imc_miss=4.20; long_scoreboard=4.02; mio_throttle=3.59,"underutilised: SM 29 %, DRAM 17 %, L2 11 %, occ 84 %"
react_tool,768,mir_operator:prefill_layer21,attention,4,profiled,void pytorch_flash::flash_fwd_splitkv_kernel<Flash_fwd_kerne,1356,15.7,8.19,31.91,0.0,18.74,53.91,25.23,0.77,,math_pipe_throttle=2.86; long_scoreboard=1.75; imc_miss=1.50,"latency/launch-bound: 0.75 waves per SM, no unit above 30 % of peak"
react_tool,768,mir_operator:prefill_layer22,copy,16,profiled,void at::unrolled_elementwise_kernel<at::direct_copy_kernel_,1377,4.07,0.0,26.76,0.0,19.12,54.3,22.01,0.29,,long_scoreboard=13.48; wait=4.10; imc_miss=3.93,"latency/launch-bound: 0.50 waves per SM, no unit above 30 % of peak"
react_tool,768,mir_operator:prefill_layer22,elementwise_unary,16,profiled,"void at::vectorized_elementwise_kernel<4, void at::<unnamed>",1378,0.45,0.0,15.45,0.0,7.89,63.17,9.48,0.06,,long_scoreboard=105.46; imc_miss=18.08; wait=2.30,"underutilised: SM 1 %, DRAM 44 %, L2 20 %, occ 18 %"
react_tool,768,mir_operator:prefill_layer22,reduce,13,profiled,"void at::reduce_kernel<512, 1, at::ReduceOp<float, at::MeanO",1379,10.34,0.0,35.39,0.0,13.86,25.03,49.22,0.5,,long_scoreboard=30.11; imc_miss=6.43; wait=2.63,"latency/launch-bound: 0.03 waves per SM, no unit above 30 % of peak"
react_tool,768,mir_operator:prefill_layer22,elementwise_binary,34,profiled,"void at::vectorized_elementwise_kernel<4, at::CUDAFunctorOnS",1380,8.86,0.0,24.43,0.0,14.48,60.4,43.1,0.5,,imc_miss=9.64; long_scoreboard=4.92; wait=2.20,"latency/launch-bound: 0.00 waves per SM, no unit above 30 % of peak"
react_tool,768,mir_operator:prefill_layer22,gemm,14,profiled,ampere_bf16_s16816gemm_bf16_64x64_sliced1x2_ldg8_f2f_stages_,1385,33.01,37.11,49.62,0.0,66.96,87.33,8.33,1.0,,math_pipe_throttle=6.93; wait=2.10; selected=1.00,"underutilised: SM 27 %, DRAM 52 %, L2 58 %, occ 8 %"
react_tool,768,mir_operator:prefill_layer22,elementwise_other,14,profiled,"void at::elementwise_kernel<128, 4, void at::gpu_kernel_impl",1407,6.05,0.0,40.07,0.0,15.84,44.43,22.57,0.29,,long_scoreboard=15.96; imc_miss=7.09; wait=2.46,"latency/launch-bound: 0.25 waves per SM, no unit above 30 % of peak"
react_tool,768,mir_operator:prefill_layer22,concat,8,profiled,void at::<unnamed>::CatArrayBatchedCopy<at::<unnamed>::Opaqu,1408,21.48,0.0,10.74,0.0,7.03,56.23,73.21,1.33,,imc_miss=4.48; long_scoreboard=4.11; mio_throttle=3.59,"underutilised: SM 30 %, DRAM 17 %, L2 11 %, occ 84 %"
react_tool,768,mir_operator:prefill_layer22,attention,4,profiled,void pytorch_flash::flash_fwd_splitkv_kernel<Flash_fwd_kerne,1418,15.88,8.2,31.62,0.0,18.79,53.51,25.29,0.77,,math_pipe_throttle=2.86; long_scoreboard=1.56; imc_miss=1.47,"latency/launch-bound: 0.75 waves per SM, no unit above 30 % of peak"
react_tool,768,mir_operator:prefill_layer23,copy,16,profiled,void at::unrolled_elementwise_kernel<at::direct_copy_kernel_,1439,4.09,0.0,26.57,0.0,18.85,54.77,22.18,0.29,,long_scoreboard=13.57; wait=4.10; imc_miss=4.07,"latency/launch-bound: 0.50 waves per SM, no unit above 30 % of peak"
react_tool,768,mir_operator:prefill_layer23,elementwise_unary,16,profiled,"void at::vectorized_elementwise_kernel<4, void at::<unnamed>",1440,0.44,0.0,14.8,0.0,7.57,64.39,9.47,0.06,,long_scoreboard=110.35; imc_miss=18.03; wait=2.30,"underutilised: SM 1 %, DRAM 44 %, L2 21 %, occ 18 %"
react_tool,768,mir_operator:prefill_layer23,reduce,13,profiled,"void at::reduce_kernel<512, 1, at::ReduceOp<float, at::MeanO",1441,10.02,0.0,34.52,0.0,13.58,25.5,49.14,0.5,,long_scoreboard=29.74; imc_miss=6.30; wait=2.63,"latency/launch-bound: 0.03 waves per SM, no unit above 30 % of peak"
react_tool,768,mir_operator:prefill_layer23,elementwise_binary,34,profiled,"void at::vectorized_elementwise_kernel<4, at::CUDAFunctorOnS",1442,8.87,0.0,23.75,0.0,14.65,59.69,43.37,0.5,,imc_miss=9.84; long_scoreboard=4.78; wait=2.20,"latency/launch-bound: 0.00 waves per SM, no unit above 30 % of peak"
react_tool,768,mir_operator:prefill_layer23,gemm,14,profiled,ampere_bf16_s16816gemm_bf16_64x64_sliced1x2_ldg8_f2f_stages_,1447,33.26,37.29,49.69,0.0,67.26,87.39,8.33,1.0,,math_pipe_throttle=6.94; wait=2.10; selected=1.00,"underutilised: SM 27 %, DRAM 52 %, L2 57 %, occ 8 %"
react_tool,768,mir_operator:prefill_layer23,elementwise_other,14,profiled,"void at::elementwise_kernel<128, 4, void at::gpu_kernel_impl",1469,6.21,0.0,40.4,0.0,16.61,44.39,22.68,0.29,,long_scoreboard=15.94; imc_miss=7.01; wait=2.47,"latency/launch-bound: 0.25 waves per SM, no unit above 30 % of peak"
react_tool,768,mir_operator:prefill_layer23,concat,8,profiled,void at::<unnamed>::CatArrayBatchedCopy<at::<unnamed>::Opaqu,1470,21.72,0.0,10.92,0.0,7.12,57.05,73.99,1.33,,imc_miss=4.70; long_scoreboard=3.81; mio_throttle=3.56,"underutilised: SM 30 %, DRAM 17 %, L2 11 %, occ 85 %"
react_tool,768,mir_operator:prefill_layer23,attention,4,profiled,void pytorch_flash::flash_fwd_splitkv_kernel<Flash_fwd_kerne,1480,15.99,8.17,31.85,0.0,18.64,54.02,25.25,0.77,,math_pipe_throttle=2.86; long_scoreboard=1.72; imc_miss=1.43,"latency/launch-bound: 0.75 waves per SM, no unit above 30 % of peak"
react_tool,768,mir_operator:prefill_layer24,copy,16,profiled,void at::unrolled_elementwise_kernel<at::direct_copy_kernel_,1501,1.96,0.0,26.75,0.0,19.11,54.32,22.15,0.29,,long_scoreboard=14.03; wait=4.09; imc_miss=3.99,"latency/launch-bound: 0.50 waves per SM, no unit above 30 % of peak"
react_tool,768,mir_operator:prefill_layer24,elementwise_unary,16,profiled,"void at::vectorized_elementwise_kernel<4, void at::<unnamed>",1502,0.45,0.0,15.51,0.0,7.87,63.27,9.43,0.06,,long_scoreboard=108.66; imc_miss=17.12; wait=2.29,"underutilised: SM 1 %, DRAM 44 %, L2 21 %, occ 19 %"
react_tool,768,mir_operator:prefill_layer24,reduce,13,profiled,"void at::reduce_kernel<512, 1, at::ReduceOp<float, at::MeanO",1503,10.51,0.0,34.89,0.0,13.7,25.29,48.99,0.5,,long_scoreboard=29.60; imc_miss=6.42; wait=2.63,"latency/launch-bound: 0.03 waves per SM, no unit above 30 % of peak"
react_tool,768,mir_operator:prefill_layer24,elementwise_binary,34,profiled,"void at::vectorized_elementwise_kernel<4, at::CUDAFunctorOnS",1504,8.9,0.0,23.9,0.0,14.42,61.03,43.56,0.5,,imc_miss=9.83; long_scoreboard=5.19; wait=2.20,"latency/launch-bound: 0.00 waves per SM, no unit above 30 % of peak"
react_tool,768,mir_operator:prefill_layer24,gemm,14,profiled,ampere_bf16_s16816gemm_bf16_64x64_sliced1x2_ldg8_f2f_stages_,1509,32.95,37.31,49.68,0.0,66.69,87.55,8.33,1.0,,math_pipe_throttle=6.94; wait=2.10; selected=1.00,tensor-core compute-bound
react_tool,768,mir_operator:prefill_layer24,elementwise_other,14,profiled,"void at::elementwise_kernel<128, 4, void at::gpu_kernel_impl",1531,6.08,0.0,39.77,0.0,15.73,44.37,22.83,0.29,,long_scoreboard=16.02; imc_miss=7.03; wait=2.47,"latency/launch-bound: 0.25 waves per SM, no unit above 30 % of peak"
react_tool,768,mir_operator:prefill_layer24,concat,8,profiled,void at::<unnamed>::CatArrayBatchedCopy<at::<unnamed>::Opaqu,1532,21.52,0.0,10.78,0.0,7.12,56.58,73.34,1.33,,imc_miss=4.20; long_scoreboard=3.98; mio_throttle=3.57,"underutilised: SM 30 %, DRAM 16 %, L2 10 %, occ 84 %"
react_tool,768,mir_operator:prefill_layer24,attention,4,profiled,void pytorch_flash::flash_fwd_splitkv_kernel<Flash_fwd_kerne,1542,15.65,8.21,31.6,0.0,18.88,53.92,25.12,0.77,,math_pipe_throttle=2.86; long_scoreboard=1.63; imc_miss=1.49,"latency/launch-bound: 0.75 waves per SM, no unit above 30 % of peak"
react_tool,768,mir_operator:prefill_layer25,copy,16,profiled,void at::unrolled_elementwise_kernel<at::direct_copy_kernel_,1563,4.11,0.0,27.68,0.0,18.69,54.3,22.31,0.29,,long_scoreboard=13.25; wait=4.09; imc_miss=3.94,"latency/launch-bound: 0.50 waves per SM, no unit above 30 % of peak"
react_tool,768,mir_operator:prefill_layer25,elementwise_unary,16,profiled,"void at::vectorized_elementwise_kernel<4, void at::<unnamed>",1564,0.43,0.0,14.84,0.0,7.64,52.92,9.39,0.06,,long_scoreboard=109.58; imc_miss=26.84; wait=2.30,"underutilised: SM 1 %, DRAM 44 %, L2 21 %, occ 18 %"
react_tool,768,mir_operator:prefill_layer25,reduce,13,profiled,"void at::reduce_kernel<512, 1, at::ReduceOp<float, at::MeanO",1565,10.25,0.0,34.71,0.0,13.69,25.67,49.05,0.5,,long_scoreboard=29.42; imc_miss=6.47; wait=2.63,"latency/launch-bound: 0.03 waves per SM, no unit above 30 % of peak"
react_tool,768,mir_operator:prefill_layer25,elementwise_binary,34,profiled,"void at::vectorized_elementwise_kernel<4, at::CUDAFunctorOnS",1566,8.92,0.0,23.61,0.0,14.64,61.16,43.01,0.5,,imc_miss=9.81; long_scoreboard=4.78; wait=2.20,"latency/launch-bound: 0.00 waves per SM, no unit above 30 % of peak"
react_tool,768,mir_operator:prefill_layer25,gemm,14,profiled,ampere_bf16_s16816gemm_bf16_64x64_sliced1x2_ldg8_f2f_stages_,1571,33.41,37.16,49.94,0.0,67.76,87.47,8.33,1.0,,math_pipe_throttle=6.94; wait=2.10; selected=1.00,tensor-core compute-bound
react_tool,768,mir_operator:prefill_layer25,elementwise_other,14,profiled,"void at::elementwise_kernel<128, 4, void at::gpu_kernel_impl",1593,6.09,0.0,41.99,0.0,16.45,44.6,22.83,0.29,,long_scoreboard=16.19; imc_miss=6.94; wait=2.46,"latency/launch-bound: 0.25 waves per SM, no unit above 30 % of peak"
react_tool,768,mir_operator:prefill_layer25,concat,8,profiled,void at::<unnamed>::CatArrayBatchedCopy<at::<unnamed>::Opaqu,1594,21.39,0.0,10.64,0.0,6.86,56.54,73.95,1.33,,imc_miss=4.25; long_scoreboard=3.96; mio_throttle=3.56,"underutilised: SM 30 %, DRAM 17 %, L2 11 %, occ 84 %"
react_tool,768,mir_operator:prefill_layer25,attention,4,profiled,void pytorch_flash::flash_fwd_splitkv_kernel<Flash_fwd_kerne,1604,15.71,8.16,31.77,0.0,18.65,53.93,25.27,0.77,,math_pipe_throttle=2.86; long_scoreboard=1.61; wait=1.33,"latency/launch-bound: 0.75 waves per SM, no unit above 30 % of peak"
react_tool,768,mir_operator:prefill_layer26,copy,16,profiled,void at::unrolled_elementwise_kernel<at::direct_copy_kernel_,1625,4.08,0.0,26.76,0.0,19.28,54.36,22.23,0.29,,long_scoreboard=13.44; wait=4.10; imc_miss=3.91,"latency/launch-bound: 0.50 waves per SM, no unit above 30 % of peak"
react_tool,768,mir_operator:prefill_layer26,elementwise_unary,16,profiled,"void at::vectorized_elementwise_kernel<4, void at::<unnamed>",1626,0.44,0.0,15.88,0.0,7.97,65.34,9.4,0.06,,long_scoreboard=104.94; imc_miss=17.66; wait=2.29,"underutilised: SM 1 %, DRAM 44 %, L2 20 %, occ 18 %"
react_tool,768,mir_operator:prefill_layer26,reduce,13,profiled,"void at::reduce_kernel<512, 1, at::ReduceOp<float, at::MeanO",1627,10.13,0.0,35.9,0.0,14.1,25.43,48.96,0.5,,long_scoreboard=29.74; imc_miss=6.49; wait=2.63,"latency/launch-bound: 0.03 waves per SM, no unit above 30 % of peak"
react_tool,768,mir_operator:prefill_layer26,elementwise_binary,34,profiled,"void at::vectorized_elementwise_kernel<4, at::CUDAFunctorOnS",1628,8.13,0.0,23.86,0.0,14.92,61.44,43.26,0.5,,imc_miss=9.78; long_scoreboard=4.97; wait=2.20,"latency/launch-bound: 0.00 waves per SM, no unit above 30 % of peak"
react_tool,768,mir_operator:prefill_layer26,gemm,14,profiled,ampere_bf16_s16816gemm_bf16_64x64_sliced1x2_ldg8_f2f_stages_,1633,32.88,36.93,48.17,0.0,62.28,87.53,8.33,1.0,,math_pipe_throttle=6.96; wait=2.10; selected=1.00,tensor-core compute-bound
react_tool,768,mir_operator:prefill_layer26,elementwise_other,14,profiled,"void at::elementwise_kernel<128, 4, void at::gpu_kernel_impl",1655,6.23,0.0,41.01,0.0,16.07,44.59,22.64,0.29,,long_scoreboard=16.07; imc_miss=7.11; wait=2.47,"latency/launch-bound: 0.25 waves per SM, no unit above 30 % of peak"
react_tool,768,mir_operator:prefill_layer26,concat,8,profiled,void at::<unnamed>::CatArrayBatchedCopy<at::<unnamed>::Opaqu,1656,21.69,0.0,10.97,0.0,7.23,56.3,73.66,1.33,,imc_miss=4.16; long_scoreboard=3.96; mio_throttle=3.59,"underutilised: SM 30 %, DRAM 18 %, L2 10 %, occ 83 %"
react_tool,768,mir_operator:prefill_layer26,attention,4,profiled,void pytorch_flash::flash_fwd_splitkv_kernel<Flash_fwd_kerne,1666,15.83,8.21,31.87,0.0,18.78,53.94,25.14,0.77,,math_pipe_throttle=2.86; long_scoreboard=1.65; imc_miss=1.47,"latency/launch-bound: 0.75 waves per SM, no unit above 30 % of peak"
react_tool,768,mir_operator:prefill_layer27,copy,16,profiled,void at::unrolled_elementwise_kernel<at::direct_copy_kernel_,1687,4.11,0.0,27.03,0.0,18.93,54.45,22.18,0.29,,long_scoreboard=13.47; imc_miss=4.18; wait=4.10,"latency/launch-bound: 0.50 waves per SM, no unit above 30 % of peak"
react_tool,768,mir_operator:prefill_layer27,elementwise_unary,16,profiled,"void at::vectorized_elementwise_kernel<4, void at::<unnamed>",1688,0.47,0.0,15.86,0.0,7.97,63.36,9.4,0.06,,long_scoreboard=104.47; imc_miss=17.70; wait=2.30,"underutilised: SM 1 %, DRAM 44 %, L2 21 %, occ 18 %"
react_tool,768,mir_operator:prefill_layer27,reduce,13,profiled,"void at::reduce_kernel<512, 1, at::ReduceOp<float, at::MeanO",1689,10.05,0.0,35.9,0.0,14.12,25.58,49.21,0.5,,long_scoreboard=29.49; imc_miss=6.33; wait=2.63,"latency/launch-bound: 0.03 waves per SM, no unit above 30 % of peak"
react_tool,768,mir_operator:prefill_layer27,elementwise_binary,34,profiled,"void at::vectorized_elementwise_kernel<4, at::CUDAFunctorOnS",1690,8.81,0.0,23.62,0.0,14.45,61.69,42.76,0.5,,imc_miss=9.83; long_scoreboard=4.95; wait=2.20,"latency/launch-bound: 0.00 waves per SM, no unit above 30 % of peak"
react_tool,768,mir_operator:prefill_layer27,gemm,14,profiled,ampere_bf16_s16816gemm_bf16_64x64_sliced1x2_ldg8_f2f_stages_,1695,32.88,36.83,48.03,0.0,62.61,87.31,8.33,1.0,,math_pipe_throttle=6.94; wait=2.10; selected=1.00,tensor-core compute-bound
react_tool,768,mir_operator:prefill_layer27,elementwise_other,14,profiled,"void at::elementwise_kernel<128, 4, void at::gpu_kernel_impl",1717,6.16,0.0,41.16,0.0,16.28,44.32,22.59,0.29,,long_scoreboard=16.01; imc_miss=6.99; wait=2.47,"latency/launch-bound: 0.25 waves per SM, no unit above 30 % of peak"
react_tool,768,mir_operator:prefill_layer27,concat,8,profiled,void at::<unnamed>::CatArrayBatchedCopy<at::<unnamed>::Opaqu,1718,21.39,0.0,10.8,0.0,6.95,56.95,73.07,1.33,,imc_miss=4.21; long_scoreboard=3.90; mio_throttle=3.58,"underutilised: SM 30 %, DRAM 18 %, L2 11 %, occ 84 %"
react_tool,768,mir_operator:prefill_layer27,attention,4,profiled,void pytorch_flash::flash_fwd_splitkv_kernel<Flash_fwd_kerne,1728,15.74,8.18,31.93,0.0,18.51,53.87,25.12,0.77,,math_pipe_throttle=2.86; long_scoreboard=1.65; imc_miss=1.42,"latency/launch-bound: 0.75 waves per SM, no unit above 30 % of peak"
react_tool,768,mir_operator:prefill_head,copy,4,profiled,void at::unrolled_elementwise_kernel<at::direct_copy_kernel_,1749,7.07,0.0,34.72,0.0,19.69,53.52,32.78,0.4,,long_scoreboard=14.03; imc_miss=5.74; wait=4.09,"latency/launch-bound: 0.50 waves per SM, no unit above 30 % of peak"
react_tool,768,mir_operator:prefill_head,elementwise_unary,4,profiled,"void at::vectorized_elementwise_kernel<4, void at::<unnamed>",1750,0.69,0.0,22.18,0.0,10.97,52.08,13.11,0.12,,long_scoreboard=107.12; imc_miss=17.79; wait=2.29,"underutilised: SM 1 %, DRAM 44 %, L2 20 %, occ 18 %"
react_tool,768,mir_operator:prefill_head,reduce,2,profiled,"void at::reduce_kernel<512, 1, at::ReduceOp<float, at::MeanO",1751,0.74,0.0,23.85,0.0,9.36,24.04,33.27,0.04,,long_scoreboard=29.70; imc_miss=6.41; wait=2.63,"latency/launch-bound: 0.03 waves per SM, no unit above 30 % of peak"
react_tool,768,mir_operator:prefill_head,elementwise_binary,6,profiled,"void at::vectorized_elementwise_kernel<4, at::CUDAFunctorOnS",1752,11.09,0.0,23.62,0.0,15.49,63.76,45.6,0.54,,imc_miss=9.65; long_scoreboard=4.79; wait=2.20,"latency/launch-bound: 0.00 waves per SM, no unit above 30 % of peak"
react_tool,768,mir_operator:prefill_head,gemm,2,profiled,ampere_bf16_s16816gemm_bf16_128x64_ldg8_f2f_tn,1757,45.91,46.6,77.28,0.0,69.03,85.73,16.29,12.76,,math_pipe_throttle=16.96; long_scoreboard=7.27; wait=3.08,tensor-core compute-bound
react_tool,768,mir_operator:prefill_sample,reduce,2,profiled,"void at::reduce_kernel<512, 1, at::ReduceOp<c10::BFloat16, a",1759,2.78,0.0,5.27,0.0,2.99,66.02,33.13,0.05,,long_scoreboard=3.43; imc_miss=3.36; wait=2.41,"latency/launch-bound: 0.05 waves per SM, no unit above 30 % of peak"
react_tool,768,mir_operator:decode_embed,other,2,profiled,"void at::<unnamed>::indexSelectSmallIndex<c10::BFloat16, lon",1762,0.25,0.0,0.34,0.0,0.7,83.29,8.31,0.01,,imc_miss=15.30; long_scoreboard=7.76; wait=2.37,"latency/launch-bound: 0.01 waves per SM, no unit above 30 % of peak"
react_tool,768,mir_operator:decode_layer00,copy,16,profiled,void at::unrolled_elementwise_kernel<at::direct_copy_kernel_,1773,0.03,0.0,0.89,0.0,1.8,85.45,8.28,0.0,,long_scoreboard=11.63; imc_miss=5.88; no_instruction=4.70,"latency/launch-bound: 0.00 waves per SM, no unit above 30 % of peak"
react_tool,768,mir_operator:decode_layer00,elementwise_unary,16,profiled,"void at::vectorized_elementwise_kernel<4, void at::<unnamed>",1774,0.02,0.0,0.41,0.0,0.94,80.76,7.71,0.0,,imc_miss=27.78; long_scoreboard=21.80; no_instruction=3.03,"latency/launch-bound: 0.00 waves per SM, no unit above 30 % of peak"
react_tool,768,mir_operator:decode_layer00,reduce,8,profiled,"void at::reduce_kernel<512, 1, at::ReduceOp<float, at::MeanO",1775,0.08,0.0,1.98,0.0,3.94,87.44,31.8,0.0,,imc_miss=9.95; long_scoreboard=3.46; wait=2.85,"latency/launch-bound: 0.00 waves per SM, no unit above 30 % of peak"
react_tool,768,mir_operator:decode_layer00,elementwise_binary,34,profiled,"void at::vectorized_elementwise_kernel<4, at::CUDAFunctorOnS",1776,0.04,0.0,0.8,0.0,1.49,85.18,8.31,0.0,,imc_miss=9.60; wait=2.19; no_instruction=1.43,"latency/launch-bound: 0.00 waves per SM, no unit above 30 % of peak"
react_tool,768,mir_operator:decode_layer00,gemv,14,profiled,"std::enable_if<!T7, void>::type internal::kernel<int, int, _",1781,15.38,0.0,74.09,0.0,46.6,9.17,15.95,0.67,,long_scoreboard=9.33; lg_throttle=5.90; wait=1.25,DRAM-bandwidth-bound
react_tool,768,mir_operator:decode_layer00,elementwise_other,14,profiled,"void at::elementwise_kernel<128, 4, void at::gpu_kernel_impl",1801,0.02,0.0,0.78,0.0,1.27,83.67,8.27,0.0,,long_scoreboard=14.96; imc_miss=9.22; no_instruction=2.56,"latency/launch-bound: 0.00 waves per SM, no unit above 30 % of peak"
react_tool,768,mir_operator:decode_layer00,concat,8,profiled,void at::<unnamed>::CatArrayBatchedCopy<at::<unnamed>::Opaqu,1802,4.17,0.0,6.91,0.0,3.7,67.42,46.83,0.81,,imc_miss=31.08; short_scoreboard=18.82; no_instruction=3.03,"underutilised: SM 6 %, DRAM 0 %, L2 1 %, occ 77 %"
react_tool,768,mir_operator:decode_layer00,attention,4,profiled,void pytorch_flash::flash_fwd_splitkv_kernel<Flash_fwd_kerne,1812,1.38,12.35,6.18,0.0,3.05,61.91,8.3,0.06,,math_pipe_throttle=3.07; wait=1.27; selected=1.00,"latency/launch-bound: 0.12 waves per SM, no unit above 30 % of peak"
react_tool,768,mir_operator:decode_layer01,copy,16,profiled,void at::unrolled_elementwise_kernel<at::direct_copy_kernel_,1830,0.02,0.0,0.89,0.0,2.2,79.5,8.3,0.0,,long_scoreboard=11.45; imc_miss=6.13; no_instruction=4.70,"latency/launch-bound: 0.00 waves per SM, no unit above 30 % of peak"
react_tool,768,mir_operator:decode_layer01,elementwise_unary,16,profiled,"void at::vectorized_elementwise_kernel<4, void at::<unnamed>",1831,0.02,0.0,0.42,0.0,1.0,79.29,7.63,0.0,,imc_miss=27.30; long_scoreboard=21.80; no_instruction=3.03,"latency/launch-bound: 0.00 waves per SM, no unit above 30 % of peak"
react_tool,768,mir_operator:decode_layer01,reduce,8,profiled,"void at::reduce_kernel<512, 1, at::ReduceOp<float, at::MeanO",1832,0.08,0.0,1.98,0.0,3.93,87.99,31.8,0.0,,imc_miss=9.64; long_scoreboard=3.35; wait=2.85,"latency/launch-bound: 0.00 waves per SM, no unit above 30 % of peak"
react_tool,768,mir_operator:decode_layer01,elementwise_binary,34,profiled,"void at::vectorized_elementwise_kernel<4, at::CUDAFunctorOnS",1833,0.04,0.0,0.78,0.0,1.45,84.66,8.31,0.0,,imc_miss=9.78; wait=2.19; long_scoreboard=1.46,"latency/launch-bound: 0.00 waves per SM, no unit above 30 % of peak"
react_tool,768,mir_operator:decode_layer01,gemv,14,profiled,"std::enable_if<!T7, void>::type internal::kernel<int, int, _",1838,15.45,0.0,74.9,0.0,46.68,9.09,15.99,0.67,,long_scoreboard=8.66; lg_throttle=6.37; wait=1.26,DRAM-bandwidth-bound
react_tool,768,mir_operator:decode_layer01,elementwise_other,14,profiled,"void at::elementwise_kernel<128, 4, void at::gpu_kernel_impl",1858,0.02,0.0,0.8,0.0,1.2,81.21,8.27,0.0,,long_scoreboard=14.70; imc_miss=9.06; no_instruction=2.59,"latency/launch-bound: 0.00 waves per SM, no unit above 30 % of peak"
react_tool,768,mir_operator:decode_layer01,concat,8,profiled,void at::<unnamed>::CatArrayBatchedCopy<at::<unnamed>::Opaqu,1859,4.18,0.0,7.1,0.0,3.88,66.44,46.84,0.81,,imc_miss=29.14; short_scoreboard=18.75; no_instruction=3.03,"underutilised: SM 6 %, DRAM 0 %, L2 1 %, occ 77 %"
react_tool,768,mir_operator:decode_layer01,attention,4,profiled,void pytorch_flash::flash_fwd_splitkv_kernel<Flash_fwd_kerne,1869,1.4,12.22,6.09,0.0,3.0,69.28,8.3,0.06,,math_pipe_throttle=3.12; wait=1.26; selected=1.01,"latency/launch-bound: 0.12 waves per SM, no unit above 30 % of peak"
react_tool,768,mir_operator:decode_layer02,copy,16,profiled,void at::unrolled_elementwise_kernel<at::direct_copy_kernel_,1887,0.02,0.0,0.89,0.0,1.77,85.15,8.29,0.0,,long_scoreboard=12.13; imc_miss=6.16; no_instruction=4.70,"latency/launch-bound: 0.00 waves per SM, no unit above 30 % of peak"
react_tool,768,mir_operator:decode_layer02,elementwise_unary,16,profiled,"void at::vectorized_elementwise_kernel<4, void at::<unnamed>",1888,0.02,0.0,0.42,0.0,0.96,80.35,7.63,0.0,,imc_miss=27.62; long_scoreboard=22.08; no_instruction=3.03,"latency/launch-bound: 0.00 waves per SM, no unit above 30 % of peak"
react_tool,768,mir_operator:decode_layer02,reduce,8,profiled,"void at::reduce_kernel<512, 1, at::ReduceOp<float, at::MeanO",1889,0.09,0.0,1.99,0.0,3.9,89.52,31.86,0.0,,imc_miss=9.38; long_scoreboard=3.33; wait=2.85,"latency/launch-bound: 0.00 waves per SM, no unit above 30 % of peak"
react_tool,768,mir_operator:decode_layer02,elementwise_binary,34,profiled,"void at::vectorized_elementwise_kernel<4, at::CUDAFunctorOnS",1890,0.04,0.0,0.8,0.0,1.49,82.02,8.31,0.0,,imc_miss=9.63; wait=2.19; no_instruction=1.43,"latency/launch-bound: 0.00 waves per SM, no unit above 30 % of peak"
react_tool,768,mir_operator:decode_layer02,gemv,14,profiled,"std::enable_if<!T7, void>::type internal::kernel<int, int, _",1895,15.41,0.0,74.33,0.0,46.67,9.18,15.99,0.67,,long_scoreboard=8.45; lg_throttle=6.79; wait=1.26,DRAM-bandwidth-bound
react_tool,768,mir_operator:decode_layer02,elementwise_other,14,profiled,"void at::elementwise_kernel<128, 4, void at::gpu_kernel_impl",1915,0.02,0.0,0.79,0.0,1.16,82.91,8.28,0.0,,long_scoreboard=14.86; imc_miss=9.21; no_instruction=2.61,"latency/launch-bound: 0.00 waves per SM, no unit above 30 % of peak"
react_tool,768,mir_operator:decode_layer02,concat,8,profiled,void at::<unnamed>::CatArrayBatchedCopy<at::<unnamed>::Opaqu,1916,4.11,0.0,7.15,0.0,3.88,66.18,46.82,0.81,,imc_miss=29.72; short_scoreboard=18.80; no_instruction=3.02,"underutilised: SM 6 %, DRAM 0 %, L2 1 %, occ 77 %"
react_tool,768,mir_operator:decode_layer02,attention,4,profiled,void pytorch_flash::flash_fwd_splitkv_kernel<Flash_fwd_kerne,1926,1.39,12.29,6.16,0.0,3.03,63.28,8.29,0.06,,math_pipe_throttle=3.10; wait=1.28; selected=1.01,"latency/launch-bound: 0.12 waves per SM, no unit above 30 % of peak"
react_tool,768,mir_operator:decode_layer03,copy,16,profiled,void at::unrolled_elementwise_kernel<at::direct_copy_kernel_,1944,0.03,0.0,0.89,0.0,1.6,84.37,8.3,0.0,,long_scoreboard=11.58; imc_miss=6.16; no_instruction=4.70,"latency/launch-bound: 0.00 waves per SM, no unit above 30 % of peak"
react_tool,768,mir_operator:decode_layer03,elementwise_unary,16,profiled,"void at::vectorized_elementwise_kernel<4, void at::<unnamed>",1945,0.02,0.0,0.43,0.0,0.98,81.3,7.37,0.0,,imc_miss=27.86; long_scoreboard=22.01; no_instruction=3.03,"latency/launch-bound: 0.00 waves per SM, no unit above 30 % of peak"
react_tool,768,mir_operator:decode_layer03,reduce,8,profiled,"void at::reduce_kernel<512, 1, at::ReduceOp<float, at::MeanO",1946,0.09,0.0,1.95,0.0,3.93,87.75,31.81,0.0,,imc_miss=10.07; long_scoreboard=3.35; wait=2.85,"latency/launch-bound: 0.00 waves per SM, no unit above 30 % of peak"
react_tool,768,mir_operator:decode_layer03,elementwise_binary,34,profiled,"void at::vectorized_elementwise_kernel<4, at::CUDAFunctorOnS",1947,0.04,0.0,0.78,0.0,1.43,84.93,8.31,0.0,,imc_miss=9.94; wait=2.19; long_scoreboard=1.71,"latency/launch-bound: 0.00 waves per SM, no unit above 30 % of peak"
react_tool,768,mir_operator:decode_layer03,gemv,14,profiled,"std::enable_if<!T7, void>::type internal::kernel<int, int, _",1952,15.5,0.0,75.31,0.0,47.3,9.2,15.99,0.67,,long_scoreboard=8.39; lg_throttle=6.75; wait=1.27,DRAM-bandwidth-bound
react_tool,768,mir_operator:decode_layer03,elementwise_other,14,profiled,"void at::elementwise_kernel<128, 4, void at::gpu_kernel_impl",1972,0.02,0.0,0.82,0.0,1.21,82.84,8.28,0.0,,long_scoreboard=15.60; imc_miss=9.20; no_instruction=2.58,"latency/launch-bound: 0.00 waves per SM, no unit above 30 % of peak"
react_tool,768,mir_operator:decode_layer03,concat,8,profiled,void at::<unnamed>::CatArrayBatchedCopy<at::<unnamed>::Opaqu,1973,4.19,0.0,7.47,0.0,4.05,66.84,46.83,0.81,,imc_miss=28.38; short_scoreboard=18.78; no_instruction=3.02,"underutilised: SM 6 %, DRAM 0 %, L2 1 %, occ 77 %"
react_tool,768,mir_operator:decode_layer03,attention,4,profiled,void pytorch_flash::flash_fwd_splitkv_kernel<Flash_fwd_kerne,1983,1.39,12.37,6.14,0.0,3.04,62.55,8.3,0.06,,math_pipe_throttle=3.12; wait=1.24; selected=1.01,"latency/launch-bound: 0.12 waves per SM, no unit above 30 % of peak"
react_tool,768,mir_operator:decode_layer04,copy,16,profiled,void at::unrolled_elementwise_kernel<at::direct_copy_kernel_,2001,0.03,0.0,1.01,0.0,1.63,82.48,8.3,0.0,,long_scoreboard=11.95; imc_miss=6.01; no_instruction=4.80,"latency/launch-bound: 0.00 waves per SM, no unit above 30 % of peak"
react_tool,768,mir_operator:decode_layer04,elementwise_unary,16,profiled,"void at::vectorized_elementwise_kernel<4, void at::<unnamed>",2002,0.02,0.0,0.43,0.0,0.92,82.89,7.32,0.0,,imc_miss=30.31; long_scoreboard=22.97; no_instruction=3.03,"latency/launch-bound: 0.00 waves per SM, no unit above 30 % of peak"
react_tool,768,mir_operator:decode_layer04,reduce,8,profiled,"void at::reduce_kernel<512, 1, at::ReduceOp<float, at::MeanO",2003,0.08,0.0,1.99,0.0,3.86,89.67,31.79,0.0,,imc_miss=9.86; long_scoreboard=3.44; wait=2.85,"latency/launch-bound: 0.00 waves per SM, no unit above 30 % of peak"
react_tool,768,mir_operator:decode_layer04,elementwise_binary,34,profiled,"void at::vectorized_elementwise_kernel<4, at::CUDAFunctorOnS",2004,0.04,0.0,0.78,0.0,1.41,87.57,8.31,0.0,,imc_miss=9.79; wait=2.19; long_scoreboard=1.64,"latency/launch-bound: 0.00 waves per SM, no unit above 30 % of peak"
react_tool,768,mir_operator:decode_layer04,gemv,14,profiled,"std::enable_if<!T7, void>::type internal::kernel<int, int, _",2009,15.53,0.0,74.41,0.0,45.92,9.12,15.94,0.67,,long_scoreboard=8.91; lg_throttle=6.26; wait=1.25,DRAM-bandwidth-bound
react_tool,768,mir_operator:decode_layer04,elementwise_other,14,profiled,"void at::elementwise_kernel<128, 4, void at::gpu_kernel_impl",2029,0.02,0.0,0.81,0.0,1.3,84.39,8.28,0.0,,long_scoreboard=15.41; imc_miss=9.20; no_instruction=2.61,"latency/launch-bound: 0.00 waves per SM, no unit above 30 % of peak"
react_tool,768,mir_operator:decode_layer04,concat,8,profiled,void at::<unnamed>::CatArrayBatchedCopy<at::<unnamed>::Opaqu,2030,4.13,0.0,6.91,0.0,3.75,72.06,47.02,0.81,,imc_miss=30.27; short_scoreboard=18.88; no_instruction=3.03,"underutilised: SM 6 %, DRAM 0 %, L2 1 %, occ 77 %"
react_tool,768,mir_operator:decode_layer04,attention,4,profiled,void pytorch_flash::flash_fwd_splitkv_kernel<Flash_fwd_kerne,2040,1.39,12.15,6.16,0.0,3.0,65.3,8.29,0.06,,math_pipe_throttle=3.10; wait=1.28; selected=1.01,"latency/launch-bound: 0.12 waves per SM, no unit above 30 % of peak"
react_tool,768,mir_operator:decode_layer05,copy,16,profiled,void at::unrolled_elementwise_kernel<at::direct_copy_kernel_,2058,0.02,0.0,0.89,0.0,1.87,86.94,8.3,0.0,,long_scoreboard=11.54; imc_miss=6.26; no_instruction=4.69,"latency/launch-bound: 0.00 waves per SM, no unit above 30 % of peak"
react_tool,768,mir_operator:decode_layer05,elementwise_unary,16,profiled,"void at::vectorized_elementwise_kernel<4, void at::<unnamed>",2059,0.02,0.0,0.43,0.0,0.93,83.53,7.62,0.0,,imc_miss=27.94; long_scoreboard=23.09; no_instruction=3.03,"latency/launch-bound: 0.00 waves per SM, no unit above 30 % of peak"
react_tool,768,mir_operator:decode_layer05,reduce,8,profiled,"void at::reduce_kernel<512, 1, at::ReduceOp<float, at::MeanO",2060,0.08,0.0,2.0,0.0,3.87,89.63,31.83,0.0,,imc_miss=9.64; long_scoreboard=3.33; wait=2.85,"latency/launch-bound: 0.00 waves per SM, no unit above 30 % of peak"
react_tool,768,mir_operator:decode_layer05,elementwise_binary,34,profiled,"void at::vectorized_elementwise_kernel<4, at::CUDAFunctorOnS",2061,0.04,0.0,0.77,0.0,1.38,87.46,8.31,0.0,,imc_miss=9.57; wait=2.19; long_scoreboard=1.83,"latency/launch-bound: 0.00 waves per SM, no unit above 30 % of peak"
react_tool,768,mir_operator:decode_layer05,gemv,14,profiled,"std::enable_if<!T7, void>::type internal::kernel<int, int, _",2066,15.45,0.0,75.12,0.0,46.64,9.27,16.01,0.67,,long_scoreboard=8.83; lg_throttle=6.34; wait=1.26,DRAM-bandwidth-bound
react_tool,768,mir_operator:decode_layer05,elementwise_other,14,profiled,"void at::elementwise_kernel<128, 4, void at::gpu_kernel_impl",2086,0.02,0.0,0.8,0.0,1.31,83.54,8.27,0.0,,long_scoreboard=15.40; imc_miss=9.22; no_instruction=2.51,"latency/launch-bound: 0.00 waves per SM, no unit above 30 % of peak"
react_tool,768,mir_operator:decode_layer05,concat,8,profiled,void at::<unnamed>::CatArrayBatchedCopy<at::<unnamed>::Opaqu,2087,3.44,0.0,7.22,0.0,4.1,67.5,46.89,0.81,,imc_miss=28.06; short_scoreboard=18.95; no_instruction=3.02,"underutilised: SM 6 %, DRAM 0 %, L2 1 %, occ 77 %"
react_tool,768,mir_operator:decode_layer05,attention,4,profiled,void pytorch_flash::flash_fwd_splitkv_kernel<Flash_fwd_kerne,2097,1.38,12.19,6.12,0.0,3.02,62.25,8.31,0.06,,math_pipe_throttle=3.12; wait=1.24; selected=1.01,"latency/launch-bound: 0.12 waves per SM, no unit above 30 % of peak"
react_tool,768,mir_operator:decode_layer06,copy,16,profiled,void at::unrolled_elementwise_kernel<at::direct_copy_kernel_,2115,0.03,0.0,1.0,0.0,1.82,84.34,8.28,0.0,,long_scoreboard=12.02; imc_miss=6.92; no_instruction=4.69,"latency/launch-bound: 0.00 waves per SM, no unit above 30 % of peak"
react_tool,768,mir_operator:decode_layer06,elementwise_unary,16,profiled,"void at::vectorized_elementwise_kernel<4, void at::<unnamed>",2116,0.02,0.0,0.43,0.0,0.95,81.45,7.51,0.0,,imc_miss=27.38; long_scoreboard=24.24; no_instruction=3.03,"latency/launch-bound: 0.00 waves per SM, no unit above 30 % of peak"
react_tool,768,mir_operator:decode_layer06,reduce,8,profiled,"void at::reduce_kernel<512, 1, at::ReduceOp<float, at::MeanO",2117,0.08,0.0,1.98,0.0,3.92,88.12,31.88,0.0,,imc_miss=9.43; long_scoreboard=3.35; wait=2.84,"latency/launch-bound: 0.00 waves per SM, no unit above 30 % of peak"
react_tool,768,mir_operator:decode_layer06,elementwise_binary,34,profiled,"void at::vectorized_elementwise_kernel<4, at::CUDAFunctorOnS",2118,0.04,0.0,0.78,0.0,1.38,85.47,8.31,0.0,,imc_miss=9.87; wait=2.19; long_scoreboard=1.51,"latency/launch-bound: 0.00 waves per SM, no unit above 30 % of peak"
react_tool,768,mir_operator:decode_layer06,gemv,14,profiled,"std::enable_if<!T7, void>::type internal::kernel<int, int, _",2123,15.62,0.0,75.76,0.0,47.35,9.18,16.01,0.67,,long_scoreboard=8.95; lg_throttle=6.24; wait=1.27,DRAM-bandwidth-bound
react_tool,768,mir_operator:decode_layer06,elementwise_other,14,profiled,"void at::elementwise_kernel<128, 4, void at::gpu_kernel_impl",2143,0.02,0.0,0.8,0.0,1.15,83.5,8.27,0.0,,long_scoreboard=14.93; imc_miss=9.15; no_instruction=2.59,"latency/launch-bound: 0.00 waves per SM, no unit above 30 % of peak"
react_tool,768,mir_operator:decode_layer06,concat,8,profiled,void at::<unnamed>::CatArrayBatchedCopy<at::<unnamed>::Opaqu,2144,4.05,0.0,7.14,0.0,3.88,66.88,46.75,0.81,,imc_miss=28.23; short_scoreboard=18.91; no_instruction=3.03,"underutilised: SM 6 %, DRAM 0 %, L2 1 %, occ 77 %"
react_tool,768,mir_operator:decode_layer06,attention,4,profiled,void pytorch_flash::flash_fwd_splitkv_kernel<Flash_fwd_kerne,2154,1.38,12.35,6.15,0.0,3.02,63.12,8.3,0.06,,math_pipe_throttle=3.07; wait=1.22; selected=1.00,"latency/launch-bound: 0.12 waves per SM, no unit above 30 % of peak"
react_tool,768,mir_operator:decode_layer07,copy,16,profiled,void at::unrolled_elementwise_kernel<at::direct_copy_kernel_,2172,0.03,0.0,0.87,0.0,1.57,86.02,8.3,0.0,,long_scoreboard=11.51; imc_miss=6.13; no_instruction=4.68,"latency/launch-bound: 0.00 waves per SM, no unit above 30 % of peak"
react_tool,768,mir_operator:decode_layer07,elementwise_unary,16,profiled,"void at::vectorized_elementwise_kernel<4, void at::<unnamed>",2173,0.02,0.0,0.42,0.0,0.9,85.91,7.37,0.0,,imc_miss=27.97; long_scoreboard=21.73; no_instruction=3.03,"latency/launch-bound: 0.00 waves per SM, no unit above 30 % of peak"
react_tool,768,mir_operator:decode_layer07,reduce,8,profiled,"void at::reduce_kernel<512, 1, at::ReduceOp<float, at::MeanO",2174,0.08,0.0,1.98,0.0,3.95,88.96,31.8,0.0,,imc_miss=9.60; long_scoreboard=3.35; wait=2.85,"latency/launch-bound: 0.00 waves per SM, no unit above 30 % of peak"
react_tool,768,mir_operator:decode_layer07,elementwise_binary,34,profiled,"void at::vectorized_elementwise_kernel<4, at::CUDAFunctorOnS",2175,0.04,0.0,0.8,0.0,1.39,88.37,8.31,0.0,,imc_miss=9.60; wait=2.19; no_instruction=1.43,"latency/launch-bound: 0.00 waves per SM, no unit above 30 % of peak"
react_tool,768,mir_operator:decode_layer07,gemv,14,profiled,"std::enable_if<!T7, void>::type internal::kernel<int, int, _",2180,15.51,0.0,74.85,0.0,46.99,9.2,16.0,0.67,,long_scoreboard=8.93; lg_throttle=6.06; wait=1.27,DRAM-bandwidth-bound
react_tool,768,mir_operator:decode_layer07,elementwise_other,14,profiled,"void at::elementwise_kernel<128, 4, void at::gpu_kernel_impl",2200,0.02,0.0,0.82,0.0,1.16,83.85,8.28,0.0,,long_scoreboard=14.65; imc_miss=9.28; no_instruction=2.62,"latency/launch-bound: 0.00 waves per SM, no unit above 30 % of peak"
react_tool,768,mir_operator:decode_layer07,concat,8,profiled,void at::<unnamed>::CatArrayBatchedCopy<at::<unnamed>::Opaqu,2201,4.16,0.0,7.2,0.0,3.89,71.74,46.84,0.81,,imc_miss=30.54; short_scoreboard=18.75; no_instruction=2.99,"underutilised: SM 6 %, DRAM 0 %, L2 1 %, occ 77 %"
react_tool,768,mir_operator:decode_layer07,attention,4,profiled,void pytorch_flash::flash_fwd_splitkv_kernel<Flash_fwd_kerne,2211,1.39,12.39,6.11,0.0,3.24,62.51,8.3,0.06,,math_pipe_throttle=3.07; wait=1.22; selected=1.00,"latency/launch-bound: 0.12 waves per SM, no unit above 30 % of peak"
react_tool,768,mir_operator:decode_layer08,copy,16,profiled,void at::unrolled_elementwise_kernel<at::direct_copy_kernel_,2229,0.03,0.0,0.89,0.0,1.41,84.63,8.28,0.0,,long_scoreboard=11.87; imc_miss=5.84; no_instruction=4.69,"latency/launch-bound: 0.00 waves per SM, no unit above 30 % of peak"
react_tool,768,mir_operator:decode_layer08,elementwise_unary,16,profiled,"void at::vectorized_elementwise_kernel<4, void at::<unnamed>",2230,0.02,0.0,0.43,0.0,0.92,84.21,7.51,0.0,,imc_miss=27.36; long_scoreboard=22.65; no_instruction=3.03,"latency/launch-bound: 0.00 waves per SM, no unit above 30 % of peak"
react_tool,768,mir_operator:decode_layer08,reduce,8,profiled,"void at::reduce_kernel<512, 1, at::ReduceOp<float, at::MeanO",2231,0.09,0.0,1.98,0.0,3.88,89.2,31.81,0.0,,imc_miss=9.62; long_scoreboard=3.65; wait=2.85,"latency/launch-bound: 0.00 waves per SM, no unit above 30 % of peak"
react_tool,768,mir_operator:decode_layer08,elementwise_binary,34,profiled,"void at::vectorized_elementwise_kernel<4, at::CUDAFunctorOnS",2232,0.04,0.0,0.81,0.0,1.43,87.12,8.31,0.0,,imc_miss=9.61; wait=2.19; no_instruction=1.43,"latency/launch-bound: 0.00 waves per SM, no unit above 30 % of peak"
react_tool,768,mir_operator:decode_layer08,gemv,14,profiled,"std::enable_if<!T7, void>::type internal::kernel<int, int, _",2237,15.43,0.0,74.47,0.0,47.23,9.34,16.02,0.67,,long_scoreboard=8.30; lg_throttle=6.71; wait=1.27,DRAM-bandwidth-bound
react_tool,768,mir_operator:decode_layer08,elementwise_other,14,profiled,"void at::elementwise_kernel<128, 4, void at::gpu_kernel_impl",2257,0.02,0.0,0.77,0.0,1.09,85.6,8.28,0.0,,long_scoreboard=15.13; imc_miss=9.28; no_instruction=2.62,"latency/launch-bound: 0.00 waves per SM, no unit above 30 % of peak"
react_tool,768,mir_operator:decode_layer08,concat,8,profiled,void at::<unnamed>::CatArrayBatchedCopy<at::<unnamed>::Opaqu,2258,4.11,0.0,7.06,0.0,3.85,67.67,46.73,0.81,,imc_miss=29.65; short_scoreboard=18.89; no_instruction=3.03,"underutilised: SM 6 %, DRAM 0 %, L2 1 %, occ 77 %"
react_tool,768,mir_operator:decode_layer08,attention,4,profiled,void pytorch_flash::flash_fwd_splitkv_kernel<Flash_fwd_kerne,2268,1.39,12.2,6.17,0.0,3.04,62.37,8.31,0.06,,math_pipe_throttle=3.12; wait=1.25; imc_miss=1.09,"latency/launch-bound: 0.12 waves per SM, no unit above 30 % of peak"
react_tool,768,mir_operator:decode_layer09,copy,16,profiled,void at::unrolled_elementwise_kernel<at::direct_copy_kernel_,2286,0.02,0.0,0.9,0.0,1.64,87.22,8.3,0.0,,long_scoreboard=11.59; imc_miss=5.99; no_instruction=4.70,"latency/launch-bound: 0.00 waves per SM, no unit above 30 % of peak"
react_tool,768,mir_operator:decode_layer09,elementwise_unary,16,profiled,"void at::vectorized_elementwise_kernel<4, void at::<unnamed>",2287,0.02,0.0,0.43,0.0,0.91,83.23,7.35,0.0,,imc_miss=27.47; long_scoreboard=24.43; no_instruction=3.03,"latency/launch-bound: 0.00 waves per SM, no unit above 30 % of peak"
react_tool,768,mir_operator:decode_layer09,reduce,8,profiled,"void at::reduce_kernel<512, 1, at::ReduceOp<float, at::MeanO",2288,0.09,0.0,1.98,0.0,3.92,87.87,31.81,0.0,,imc_miss=9.52; long_scoreboard=3.27; wait=2.85,"latency/launch-bound: 0.00 waves per SM, no unit above 30 % of peak"
react_tool,768,mir_operator:decode_layer09,elementwise_binary,34,profiled,"void at::vectorized_elementwise_kernel<4, at::CUDAFunctorOnS",2289,0.04,0.0,0.77,0.0,1.38,86.04,8.32,0.0,,imc_miss=11.74; wait=2.19; no_instruction=1.43,"latency/launch-bound: 0.00 waves per SM, no unit above 30 % of peak"
react_tool,768,mir_operator:decode_layer09,gemv,14,profiled,"std::enable_if<!T7, void>::type internal::kernel<int, int, _",2294,15.48,0.0,75.32,0.0,47.33,9.28,16.01,0.67,,long_scoreboard=8.85; lg_throttle=6.41; wait=1.28,DRAM-bandwidth-bound
react_tool,768,mir_operator:decode_layer09,elementwise_other,14,profiled,"void at::elementwise_kernel<128, 4, void at::gpu_kernel_impl",2314,0.02,0.0,0.82,0.0,1.13,84.75,8.26,0.0,,long_scoreboard=14.65; imc_miss=9.08; no_instruction=2.57,"latency/launch-bound: 0.00 waves per SM, no unit above 30 % of peak"
react_tool,768,mir_operator:decode_layer09,concat,8,profiled,void at::<unnamed>::CatArrayBatchedCopy<at::<unnamed>::Opaqu,2315,4.21,0.0,7.15,0.0,3.87,66.87,46.92,0.81,,imc_miss=29.32; short_scoreboard=18.89; no_instruction=3.02,"underutilised: SM 6 %, DRAM 0 %, L2 1 %, occ 76 %"
react_tool,768,mir_operator:decode_layer09,attention,4,profiled,void pytorch_flash::flash_fwd_splitkv_kernel<Flash_fwd_kerne,2325,1.41,12.41,6.17,0.0,3.01,62.28,8.3,0.06,,math_pipe_throttle=3.07; wait=1.23; selected=1.00,"latency/launch-bound: 0.12 waves per SM, no unit above 30 % of peak"
react_tool,768,mir_operator:decode_layer10,copy,16,profiled,void at::unrolled_elementwise_kernel<at::direct_copy_kernel_,2343,0.02,0.0,1.01,0.0,1.61,86.51,8.29,0.0,,long_scoreboard=12.26; imc_miss=6.28; no_instruction=4.70,"latency/launch-bound: 0.00 waves per SM, no unit above 30 % of peak"
react_tool,768,mir_operator:decode_layer10,elementwise_unary,16,profiled,"void at::vectorized_elementwise_kernel<4, void at::<unnamed>",2344,0.02,0.0,0.43,0.0,0.92,84.69,7.52,0.0,,imc_miss=27.36; long_scoreboard=21.75; no_instruction=3.03,"latency/launch-bound: 0.00 waves per SM, no unit above 30 % of peak"
react_tool,768,mir_operator:decode_layer10,reduce,8,profiled,"void at::reduce_kernel<512, 1, at::ReduceOp<float, at::MeanO",2345,0.09,0.0,1.98,0.0,3.94,88.91,31.84,0.0,,imc_miss=9.54; long_scoreboard=3.33; wait=2.85,"latency/launch-bound: 0.00 waves per SM, no unit above 30 % of peak"
react_tool,768,mir_operator:decode_layer10,elementwise_binary,34,profiled,"void at::vectorized_elementwise_kernel<4, at::CUDAFunctorOnS",2346,0.04,0.0,0.8,0.0,1.39,86.25,8.31,0.0,,imc_miss=9.59; wait=2.19; long_scoreboard=1.46,"latency/launch-bound: 0.00 waves per SM, no unit above 30 % of peak"
react_tool,768,mir_operator:decode_layer10,gemv,14,profiled,"std::enable_if<!T7, void>::type internal::kernel<int, int, _",2351,15.51,0.0,75.4,0.0,46.45,9.06,16.01,0.67,,long_scoreboard=8.93; lg_throttle=6.31; misc=1.28,DRAM-bandwidth-bound
react_tool,768,mir_operator:decode_layer10,elementwise_other,14,profiled,"void at::elementwise_kernel<128, 4, void at::gpu_kernel_impl",2371,0.02,0.0,0.82,0.0,1.21,83.78,8.28,0.0,,long_scoreboard=14.80; imc_miss=9.07; no_instruction=2.59,"latency/launch-bound: 0.00 waves per SM, no unit above 30 % of peak"
react_tool,768,mir_operator:decode_layer10,concat,8,profiled,void at::<unnamed>::CatArrayBatchedCopy<at::<unnamed>::Opaqu,2372,4.09,0.0,6.91,0.0,3.76,66.96,46.59,0.81,,imc_miss=28.52; short_scoreboard=18.75; no_instruction=3.02,"underutilised: SM 6 %, DRAM 0 %, L2 1 %, occ 77 %"
react_tool,768,mir_operator:decode_layer10,attention,4,profiled,void pytorch_flash::flash_fwd_splitkv_kernel<Flash_fwd_kerne,2382,1.4,12.33,6.12,0.0,3.02,62.35,8.3,0.06,,math_pipe_throttle=3.12; wait=1.25; selected=1.01,"latency/launch-bound: 0.12 waves per SM, no unit above 30 % of peak"
react_tool,768,mir_operator:decode_layer11,copy,16,profiled,void at::unrolled_elementwise_kernel<at::direct_copy_kernel_,2400,0.03,0.0,0.89,0.0,1.6,83.57,8.3,0.0,,long_scoreboard=11.92; imc_miss=6.16; no_instruction=4.70,"latency/launch-bound: 0.00 waves per SM, no unit above 30 % of peak"
react_tool,768,mir_operator:decode_layer11,elementwise_unary,16,profiled,"void at::vectorized_elementwise_kernel<4, void at::<unnamed>",2401,0.02,0.0,0.43,0.0,0.88,86.62,7.64,0.0,,imc_miss=27.95; long_scoreboard=25.23; no_instruction=3.03,"latency/launch-bound: 0.00 waves per SM, no unit above 30 % of peak"
react_tool,768,mir_operator:decode_layer11,reduce,8,profiled,"void at::reduce_kernel<512, 1, at::ReduceOp<float, at::MeanO",2402,0.09,0.0,1.99,0.0,3.9,89.27,31.81,0.0,,imc_miss=9.67; long_scoreboard=3.39; wait=2.85,"latency/launch-bound: 0.00 waves per SM, no unit above 30 % of peak"
react_tool,768,mir_operator:decode_layer11,elementwise_binary,34,profiled,"void at::vectorized_elementwise_kernel<4, at::CUDAFunctorOnS",2403,0.04,0.0,0.8,0.0,1.39,85.12,8.31,0.0,,imc_miss=9.78; wait=2.19; no_instruction=1.43,"latency/launch-bound: 0.00 waves per SM, no unit above 30 % of peak"
react_tool,768,mir_operator:decode_layer11,gemv,14,profiled,"std::enable_if<!T7, void>::type internal::kernel<int, int, _",2408,15.23,0.0,74.77,0.0,46.82,9.19,15.99,0.67,,long_scoreboard=9.12; lg_throttle=6.27; wait=1.26,DRAM-bandwidth-bound
react_tool,768,mir_operator:decode_layer11,elementwise_other,14,profiled,"void at::elementwise_kernel<128, 4, void at::gpu_kernel_impl",2428,0.02,0.0,0.82,0.0,1.17,84.07,8.28,0.0,,long_scoreboard=14.61; imc_miss=9.05; no_instruction=2.61,"latency/launch-bound: 0.00 waves per SM, no unit above 30 % of peak"
react_tool,768,mir_operator:decode_layer11,concat,8,profiled,void at::<unnamed>::CatArrayBatchedCopy<at::<unnamed>::Opaqu,2429,4.12,0.0,7.43,0.0,4.0,67.48,46.85,0.81,,imc_miss=29.55; short_scoreboard=18.91; no_instruction=3.02,"underutilised: SM 6 %, DRAM 0 %, L2 1 %, occ 77 %"
react_tool,768,mir_operator:decode_layer11,attention,4,profiled,void pytorch_flash::flash_fwd_splitkv_kernel<Flash_fwd_kerne,2439,1.4,12.29,6.11,0.0,3.02,63.0,8.28,0.06,,math_pipe_throttle=3.08; wait=1.25; selected=1.00,"latency/launch-bound: 0.12 waves per SM, no unit above 30 % of peak"
react_tool,768,mir_operator:decode_layer12,copy,16,profiled,void at::unrolled_elementwise_kernel<at::direct_copy_kernel_,2457,0.03,0.0,0.89,0.0,1.84,86.53,8.3,0.0,,long_scoreboard=12.00; imc_miss=6.00; no_instruction=4.69,"latency/launch-bound: 0.00 waves per SM, no unit above 30 % of peak"
react_tool,768,mir_operator:decode_layer12,elementwise_unary,16,profiled,"void at::vectorized_elementwise_kernel<4, void at::<unnamed>",2458,0.02,0.0,0.43,0.0,0.92,86.73,7.39,0.0,,imc_miss=27.88; long_scoreboard=22.18; no_instruction=3.03,"latency/launch-bound: 0.00 waves per SM, no unit above 30 % of peak"
react_tool,768,mir_operator:decode_layer12,reduce,8,profiled,"void at::reduce_kernel<512, 1, at::ReduceOp<float, at::MeanO",2459,0.09,0.0,1.98,0.0,3.86,89.52,31.84,0.0,,imc_miss=9.68; long_scoreboard=3.49; wait=2.85,"latency/launch-bound: 0.00 waves per SM, no unit above 30 % of peak"
react_tool,768,mir_operator:decode_layer12,elementwise_binary,34,profiled,"void at::vectorized_elementwise_kernel<4, at::CUDAFunctorOnS",2460,0.04,0.0,0.78,0.0,1.4,87.78,8.31,0.0,,imc_miss=9.79; wait=2.19; no_instruction=1.43,"latency/launch-bound: 0.00 waves per SM, no unit above 30 % of peak"
react_tool,768,mir_operator:decode_layer12,gemv,14,profiled,"std::enable_if<!T7, void>::type internal::kernel<int, int, _",2465,15.39,0.0,74.58,0.0,46.54,9.28,15.98,0.67,,long_scoreboard=8.64; lg_throttle=6.43; wait=1.26,DRAM-bandwidth-bound
react_tool,768,mir_operator:decode_layer12,elementwise_other,14,profiled,"void at::elementwise_kernel<128, 4, void at::gpu_kernel_impl",2485,0.02,0.0,0.82,0.0,1.41,83.44,8.28,0.0,,long_scoreboard=15.03; imc_miss=9.16; no_instruction=2.62,"latency/launch-bound: 0.00 waves per SM, no unit above 30 % of peak"
react_tool,768,mir_operator:decode_layer12,concat,8,profiled,void at::<unnamed>::CatArrayBatchedCopy<at::<unnamed>::Opaqu,2486,4.19,0.0,8.73,0.0,4.23,55.92,46.98,0.81,,imc_miss=28.18; short_scoreboard=18.92; no_instruction=3.02,"underutilised: SM 6 %, DRAM 0 %, L2 1 %, occ 77 %"
react_tool,768,mir_operator:decode_layer12,attention,4,profiled,void pytorch_flash::flash_fwd_splitkv_kernel<Flash_fwd_kerne,2496,1.38,12.2,6.13,0.0,3.03,62.66,8.3,0.06,,math_pipe_throttle=3.12; wait=1.25; selected=1.02,"latency/launch-bound: 0.12 waves per SM, no unit above 30 % of peak"
react_tool,768,mir_operator:decode_layer13,copy,16,profiled,void at::unrolled_elementwise_kernel<at::direct_copy_kernel_,2514,0.03,0.0,0.88,0.0,1.58,85.71,8.3,0.0,,long_scoreboard=11.78; imc_miss=6.22; no_instruction=4.70,"latency/launch-bound: 0.00 waves per SM, no unit above 30 % of peak"
react_tool,768,mir_operator:decode_layer13,elementwise_unary,16,profiled,"void at::vectorized_elementwise_kernel<4, void at::<unnamed>",2515,0.02,0.0,0.43,0.0,0.92,83.1,7.6,0.0,,imc_miss=28.62; long_scoreboard=22.08; no_instruction=2.97,"latency/launch-bound: 0.00 waves per SM, no unit above 30 % of peak"
react_tool,768,mir_operator:decode_layer13,reduce,8,profiled,"void at::reduce_kernel<512, 1, at::ReduceOp<float, at::MeanO",2516,0.08,0.0,1.98,0.0,3.9,89.13,31.83,0.0,,imc_miss=9.60; long_scoreboard=3.38; wait=2.85,"latency/launch-bound: 0.00 waves per SM, no unit above 30 % of peak"
react_tool,768,mir_operator:decode_layer13,elementwise_binary,34,profiled,"void at::vectorized_elementwise_kernel<4, at::CUDAFunctorOnS",2517,0.04,0.0,0.79,0.0,1.49,85.71,8.31,0.0,,imc_miss=9.65; wait=2.19; no_instruction=1.43,"latency/launch-bound: 0.00 waves per SM, no unit above 30 % of peak"
react_tool,768,mir_operator:decode_layer13,gemv,14,profiled,"std::enable_if<!T7, void>::type internal::kernel<int, int, _",2522,15.57,0.0,74.74,0.0,46.91,9.17,16.02,0.67,,long_scoreboard=8.82; lg_throttle=6.28; wait=1.26,DRAM-bandwidth-bound
react_tool,768,mir_operator:decode_layer13,elementwise_other,14,profiled,"void at::elementwise_kernel<128, 4, void at::gpu_kernel_impl",2542,0.02,0.0,0.82,0.0,1.14,83.82,8.25,0.0,,long_scoreboard=15.22; imc_miss=9.10; no_instruction=2.62,"latency/launch-bound: 0.00 waves per SM, no unit above 30 % of peak"
react_tool,768,mir_operator:decode_layer13,concat,8,profiled,void at::<unnamed>::CatArrayBatchedCopy<at::<unnamed>::Opaqu,2543,4.17,0.0,5.41,0.0,2.99,66.83,46.67,0.81,,imc_miss=30.46; short_scoreboard=18.84; no_instruction=3.02,"underutilised: SM 6 %, DRAM 0 %, L2 1 %, occ 76 %"
react_tool,768,mir_operator:decode_layer13,attention,4,profiled,void pytorch_flash::flash_fwd_splitkv_kernel<Flash_fwd_kerne,2553,1.4,12.38,6.17,0.0,3.26,62.66,8.3,0.06,,math_pipe_throttle=3.07; wait=1.22; selected=1.00,"latency/launch-bound: 0.12 waves per SM, no unit above 30 % of peak"
react_tool,768,mir_operator:decode_layer14,copy,16,profiled,void at::unrolled_elementwise_kernel<at::direct_copy_kernel_,2571,0.03,0.0,0.8,0.0,1.67,86.19,8.3,0.0,,long_scoreboard=11.92; imc_miss=6.09; no_instruction=4.70,"latency/launch-bound: 0.00 waves per SM, no unit above 30 % of peak"
react_tool,768,mir_operator:decode_layer14,elementwise_unary,16,profiled,"void at::vectorized_elementwise_kernel<4, void at::<unnamed>",2572,0.01,0.0,0.42,0.0,0.91,84.96,7.63,0.0,,imc_miss=27.55; long_scoreboard=22.17; no_instruction=3.03,"latency/launch-bound: 0.00 waves per SM, no unit above 30 % of peak"
react_tool,768,mir_operator:decode_layer14,reduce,8,profiled,"void at::reduce_kernel<512, 1, at::ReduceOp<float, at::MeanO",2573,0.09,0.0,1.98,0.0,3.86,88.75,31.9,0.0,,imc_miss=9.24; long_scoreboard=3.34; wait=2.85,"latency/launch-bound: 0.00 waves per SM, no unit above 30 % of peak"
react_tool,768,mir_operator:decode_layer14,elementwise_binary,34,profiled,"void at::vectorized_elementwise_kernel<4, at::CUDAFunctorOnS",2574,0.04,0.0,0.8,0.0,1.39,85.86,8.31,0.0,,imc_miss=9.85; wait=2.19; long_scoreboard=1.44,"latency/launch-bound: 0.00 waves per SM, no unit above 30 % of peak"
react_tool,768,mir_operator:decode_layer14,gemv,14,profiled,"std::enable_if<!T7, void>::type internal::kernel<int, int, _",2579,15.43,0.0,75.29,0.0,47.14,9.19,15.94,0.67,,long_scoreboard=8.76; lg_throttle=6.55; wait=1.26,DRAM-bandwidth-bound
react_tool,768,mir_operator:decode_layer14,elementwise_other,14,profiled,"void at::elementwise_kernel<128, 4, void at::gpu_kernel_impl",2599,0.02,0.0,0.72,0.0,1.13,83.75,8.28,0.0,,long_scoreboard=14.78; imc_miss=9.37; no_instruction=2.60,"latency/launch-bound: 0.00 waves per SM, no unit above 30 % of peak"
react_tool,768,mir_operator:decode_layer14,concat,8,profiled,void at::<unnamed>::CatArrayBatchedCopy<at::<unnamed>::Opaqu,2600,4.14,0.0,7.18,0.0,3.92,66.41,46.81,0.81,,imc_miss=29.43; short_scoreboard=18.88; no_instruction=3.02,"underutilised: SM 6 %, DRAM 0 %, L2 1 %, occ 77 %"
react_tool,768,mir_operator:decode_layer14,attention,4,profiled,void pytorch_flash::flash_fwd_splitkv_kernel<Flash_fwd_kerne,2610,0.48,12.36,6.13,0.0,3.02,63.08,8.3,0.06,,math_pipe_throttle=3.11; wait=1.29; selected=1.01,"latency/launch-bound: 0.12 waves per SM, no unit above 30 % of peak"
react_tool,768,mir_operator:decode_layer15,copy,16,profiled,void at::unrolled_elementwise_kernel<at::direct_copy_kernel_,2628,0.03,0.0,1.02,0.0,1.75,87.17,8.3,0.0,,long_scoreboard=11.69; imc_miss=6.89; no_instruction=4.70,"latency/launch-bound: 0.00 waves per SM, no unit above 30 % of peak"
react_tool,768,mir_operator:decode_layer15,elementwise_unary,16,profiled,"void at::vectorized_elementwise_kernel<4, void at::<unnamed>",2629,0.02,0.0,0.42,0.0,0.91,81.97,7.62,0.0,,imc_miss=27.34; long_scoreboard=21.63; no_instruction=3.03,"latency/launch-bound: 0.00 waves per SM, no unit above 30 % of peak"
react_tool,768,mir_operator:decode_layer15,reduce,8,profiled,"void at::reduce_kernel<512, 1, at::ReduceOp<float, at::MeanO",2630,0.09,0.0,1.98,0.0,3.91,89.71,31.8,0.0,,imc_miss=9.63; long_scoreboard=3.38; wait=2.85,"latency/launch-bound: 0.00 waves per SM, no unit above 30 % of peak"
react_tool,768,mir_operator:decode_layer15,elementwise_binary,34,profiled,"void at::vectorized_elementwise_kernel<4, at::CUDAFunctorOnS",2631,0.04,0.0,0.78,0.0,1.41,86.86,8.31,0.0,,imc_miss=9.57; wait=2.19; long_scoreboard=1.40,"latency/launch-bound: 0.00 waves per SM, no unit above 30 % of peak"
react_tool,768,mir_operator:decode_layer15,gemv,14,profiled,"std::enable_if<!T7, void>::type internal::kernel<int, int, _",2636,15.35,0.0,75.21,0.0,47.09,9.08,15.96,0.67,,long_scoreboard=8.83; lg_throttle=6.18; wait=1.27,DRAM-bandwidth-bound
react_tool,768,mir_operator:decode_layer15,elementwise_other,14,profiled,"void at::elementwise_kernel<128, 4, void at::gpu_kernel_impl",2656,0.02,0.0,0.82,0.0,1.2,84.21,8.25,0.0,,long_scoreboard=15.03; imc_miss=9.21; no_instruction=2.57,"latency/launch-bound: 0.00 waves per SM, no unit above 30 % of peak"
react_tool,768,mir_operator:decode_layer15,concat,8,profiled,void at::<unnamed>::CatArrayBatchedCopy<at::<unnamed>::Opaqu,2657,4.16,0.0,7.1,0.0,4.41,71.47,47.05,0.81,,imc_miss=28.13; short_scoreboard=18.84; no_instruction=3.03,"underutilised: SM 6 %, DRAM 0 %, L2 1 %, occ 77 %"
react_tool,768,mir_operator:decode_layer15,attention,4,profiled,void pytorch_flash::flash_fwd_splitkv_kernel<Flash_fwd_kerne,2667,1.4,12.34,6.14,0.0,3.03,62.36,8.3,0.06,,math_pipe_throttle=3.07; wait=1.22; selected=1.00,"latency/launch-bound: 0.12 waves per SM, no unit above 30 % of peak"
react_tool,768,mir_operator:decode_layer16,copy,16,profiled,void at::unrolled_elementwise_kernel<at::direct_copy_kernel_,2685,0.02,0.0,0.87,0.0,1.73,84.03,8.29,0.0,,long_scoreboard=11.97; imc_miss=5.83; no_instruction=4.69,"latency/launch-bound: 0.00 waves per SM, no unit above 30 % of peak"
react_tool,768,mir_operator:decode_layer16,elementwise_unary,16,profiled,"void at::vectorized_elementwise_kernel<4, void at::<unnamed>",2686,0.02,0.0,0.43,0.0,0.91,83.23,7.63,0.0,,imc_miss=27.91; long_scoreboard=22.12; no_instruction=3.03,"latency/launch-bound: 0.00 waves per SM, no unit above 30 % of peak"
react_tool,768,mir_operator:decode_layer16,reduce,8,profiled,"void at::reduce_kernel<512, 1, at::ReduceOp<float, at::MeanO",2687,0.08,0.0,1.98,0.0,3.89,88.7,31.86,0.0,,imc_miss=9.51; long_scoreboard=3.32; wait=2.85,"latency/launch-bound: 0.00 waves per SM, no unit above 30 % of peak"
react_tool,768,mir_operator:decode_layer16,elementwise_binary,34,profiled,"void at::vectorized_elementwise_kernel<4, at::CUDAFunctorOnS",2688,0.04,0.0,0.8,0.0,1.39,87.53,8.31,0.0,,imc_miss=9.76; wait=2.19; no_instruction=1.43,"latency/launch-bound: 0.00 waves per SM, no unit above 30 % of peak"
react_tool,768,mir_operator:decode_layer16,gemv,14,profiled,"std::enable_if<!T7, void>::type internal::kernel<int, int, _",2693,15.43,0.0,75.15,0.0,46.8,9.18,15.96,0.67,,long_scoreboard=9.06; lg_throttle=6.14; wait=1.27,DRAM-bandwidth-bound
react_tool,768,mir_operator:decode_layer16,elementwise_other,14,profiled,"void at::elementwise_kernel<128, 4, void at::gpu_kernel_impl",2713,0.02,0.0,0.82,0.0,1.19,83.96,8.28,0.0,,long_scoreboard=15.00; imc_miss=9.13; no_instruction=2.63,"latency/launch-bound: 0.00 waves per SM, no unit above 30 % of peak"
react_tool,768,mir_operator:decode_layer16,concat,8,profiled,void at::<unnamed>::CatArrayBatchedCopy<at::<unnamed>::Opaqu,2714,4.06,0.0,7.04,0.0,3.77,68.04,46.86,0.81,,imc_miss=29.70; short_scoreboard=18.93; no_instruction=3.02,"underutilised: SM 6 %, DRAM 0 %, L2 1 %, occ 77 %"
react_tool,768,mir_operator:decode_layer16,attention,4,profiled,void pytorch_flash::flash_fwd_splitkv_kernel<Flash_fwd_kerne,2724,1.41,12.35,6.13,0.0,2.99,64.98,8.3,0.06,,math_pipe_throttle=3.12; wait=1.24; selected=1.01,"latency/launch-bound: 0.12 waves per SM, no unit above 30 % of peak"
react_tool,768,mir_operator:decode_layer17,copy,16,profiled,void at::unrolled_elementwise_kernel<at::direct_copy_kernel_,2742,0.02,0.0,0.89,0.0,1.53,86.68,8.3,0.0,,long_scoreboard=11.55; imc_miss=6.06; no_instruction=4.70,"latency/launch-bound: 0.00 waves per SM, no unit above 30 % of peak"
react_tool,768,mir_operator:decode_layer17,elementwise_unary,16,profiled,"void at::vectorized_elementwise_kernel<4, void at::<unnamed>",2743,0.02,0.0,0.43,0.0,0.9,82.42,7.59,0.0,,imc_miss=27.38; long_scoreboard=21.79; no_instruction=3.03,"latency/launch-bound: 0.00 waves per SM, no unit above 30 % of peak"
react_tool,768,mir_operator:decode_layer17,reduce,8,profiled,"void at::reduce_kernel<512, 1, at::ReduceOp<float, at::MeanO",2744,0.08,0.0,1.99,0.0,3.94,87.8,31.8,0.0,,imc_miss=9.52; long_scoreboard=3.29; wait=2.84,"latency/launch-bound: 0.00 waves per SM, no unit above 30 % of peak"
react_tool,768,mir_operator:decode_layer17,elementwise_binary,34,profiled,"void at::vectorized_elementwise_kernel<4, at::CUDAFunctorOnS",2745,0.04,0.0,0.79,0.0,1.38,87.28,8.31,0.0,,imc_miss=9.59; wait=2.19; no_instruction=1.43,"latency/launch-bound: 0.00 waves per SM, no unit above 30 % of peak"
react_tool,768,mir_operator:decode_layer17,gemv,14,profiled,"std::enable_if<!T7, void>::type internal::kernel<int, int, _",2750,15.56,0.0,75.09,0.0,46.54,9.2,16.01,0.67,,long_scoreboard=8.85; lg_throttle=6.39; wait=1.28,DRAM-bandwidth-bound
react_tool,768,mir_operator:decode_layer17,elementwise_other,14,profiled,"void at::elementwise_kernel<128, 4, void at::gpu_kernel_impl",2770,0.02,0.0,0.82,0.0,1.14,82.91,8.28,0.0,,long_scoreboard=14.81; imc_miss=9.19; no_instruction=2.65,"latency/launch-bound: 0.00 waves per SM, no unit above 30 % of peak"
react_tool,768,mir_operator:decode_layer17,concat,8,profiled,void at::<unnamed>::CatArrayBatchedCopy<at::<unnamed>::Opaqu,2771,4.19,0.0,7.23,0.0,3.91,65.95,46.93,0.81,,imc_miss=28.37; short_scoreboard=18.75; no_instruction=3.02,"underutilised: SM 6 %, DRAM 0 %, L2 1 %, occ 77 %"
react_tool,768,mir_operator:decode_layer17,attention,4,profiled,void pytorch_flash::flash_fwd_splitkv_kernel<Flash_fwd_kerne,2781,1.4,12.3,6.17,0.0,3.04,62.56,8.3,0.06,,math_pipe_throttle=3.07; wait=1.27; selected=1.00,"latency/launch-bound: 0.12 waves per SM, no unit above 30 % of peak"
react_tool,768,mir_operator:decode_layer18,copy,16,profiled,void at::unrolled_elementwise_kernel<at::direct_copy_kernel_,2799,0.02,0.0,0.87,0.0,1.62,84.6,8.3,0.0,,long_scoreboard=11.88; imc_miss=6.21; no_instruction=4.68,"latency/launch-bound: 0.00 waves per SM, no unit above 30 % of peak"
react_tool,768,mir_operator:decode_layer18,elementwise_unary,16,profiled,"void at::vectorized_elementwise_kernel<4, void at::<unnamed>",2800,0.02,0.0,0.41,0.0,0.91,83.68,7.62,0.0,,imc_miss=28.28; long_scoreboard=21.82; no_instruction=3.03,"latency/launch-bound: 0.00 waves per SM, no unit above 30 % of peak"
react_tool,768,mir_operator:decode_layer18,reduce,8,profiled,"void at::reduce_kernel<512, 1, at::ReduceOp<float, at::MeanO",2801,0.08,0.0,1.99,0.0,3.88,89.46,31.86,0.0,,imc_miss=9.39; long_scoreboard=3.52; wait=2.85,"latency/launch-bound: 0.00 waves per SM, no unit above 30 % of peak"
react_tool,768,mir_operator:decode_layer18,elementwise_binary,34,profiled,"void at::vectorized_elementwise_kernel<4, at::CUDAFunctorOnS",2802,0.04,0.0,0.78,0.0,1.4,86.96,8.31,0.0,,imc_miss=9.70; wait=2.19; no_instruction=1.43,"latency/launch-bound: 0.00 waves per SM, no unit above 30 % of peak"
react_tool,768,mir_operator:decode_layer18,gemv,14,profiled,"std::enable_if<!T7, void>::type internal::kernel<int, int, _",2807,15.56,0.0,75.26,0.0,47.33,9.17,16.04,0.67,,long_scoreboard=8.20; lg_throttle=6.69; wait=1.26,DRAM-bandwidth-bound
react_tool,768,mir_operator:decode_layer18,elementwise_other,14,profiled,"void at::elementwise_kernel<128, 4, void at::gpu_kernel_impl",2827,0.02,0.0,0.82,0.0,1.38,85.02,8.28,0.0,,long_scoreboard=14.83; imc_miss=9.15; no_instruction=3.30,"latency/launch-bound: 0.00 waves per SM, no unit above 30 % of peak"
react_tool,768,mir_operator:decode_layer18,concat,8,profiled,void at::<unnamed>::CatArrayBatchedCopy<at::<unnamed>::Opaqu,2828,4.13,0.0,6.97,0.0,3.77,67.26,46.83,0.81,,imc_miss=31.01; short_scoreboard=18.93; no_instruction=3.02,"underutilised: SM 6 %, DRAM 0 %, L2 1 %, occ 77 %"
react_tool,768,mir_operator:decode_layer18,attention,4,profiled,void pytorch_flash::flash_fwd_splitkv_kernel<Flash_fwd_kerne,2838,1.39,12.33,6.14,0.0,3.04,64.53,8.29,0.06,,math_pipe_throttle=3.12; wait=1.24; selected=1.01,"latency/launch-bound: 0.12 waves per SM, no unit above 30 % of peak"
react_tool,768,mir_operator:decode_layer19,copy,16,profiled,void at::unrolled_elementwise_kernel<at::direct_copy_kernel_,2856,0.02,0.0,0.88,0.0,1.64,85.88,8.3,0.0,,long_scoreboard=11.55; imc_miss=6.21; no_instruction=4.68,"latency/launch-bound: 0.00 waves per SM, no unit above 30 % of peak"
react_tool,768,mir_operator:decode_layer19,elementwise_unary,16,profiled,"void at::vectorized_elementwise_kernel<4, void at::<unnamed>",2857,0.02,0.0,0.43,0.0,0.96,81.59,7.67,0.0,,imc_miss=27.47; long_scoreboard=21.95; no_instruction=2.97,"latency/launch-bound: 0.00 waves per SM, no unit above 30 % of peak"
react_tool,768,mir_operator:decode_layer19,reduce,8,profiled,"void at::reduce_kernel<512, 1, at::ReduceOp<float, at::MeanO",2858,0.09,0.0,1.99,0.0,3.92,89.97,31.86,0.0,,imc_miss=9.83; long_scoreboard=3.40; wait=2.85,"latency/launch-bound: 0.00 waves per SM, no unit above 30 % of peak"
react_tool,768,mir_operator:decode_layer19,elementwise_binary,34,profiled,"void at::vectorized_elementwise_kernel<4, at::CUDAFunctorOnS",2859,0.04,0.0,0.77,0.0,1.37,87.16,8.31,0.0,,imc_miss=9.57; long_scoreboard=2.40; wait=2.19,"latency/launch-bound: 0.00 waves per SM, no unit above 30 % of peak"
react_tool,768,mir_operator:decode_layer19,gemv,14,profiled,"std::enable_if<!T7, void>::type internal::kernel<int, int, _",2864,15.39,0.0,75.29,0.0,47.07,9.18,15.98,0.67,,long_scoreboard=9.04; lg_throttle=6.08; wait=1.27,DRAM-bandwidth-bound
react_tool,768,mir_operator:decode_layer19,elementwise_other,14,profiled,"void at::elementwise_kernel<128, 4, void at::gpu_kernel_impl",2884,0.02,0.0,0.76,0.0,1.15,84.38,8.26,0.0,,long_scoreboard=14.61; imc_miss=9.23; no_instruction=2.58,"latency/launch-bound: 0.00 waves per SM, no unit above 30 % of peak"
react_tool,768,mir_operator:decode_layer19,concat,8,profiled,void at::<unnamed>::CatArrayBatchedCopy<at::<unnamed>::Opaqu,2885,4.09,0.0,6.99,0.0,3.77,66.54,46.82,0.81,,imc_miss=29.26; short_scoreboard=18.86; no_instruction=3.02,"underutilised: SM 6 %, DRAM 0 %, L2 1 %, occ 77 %"
react_tool,768,mir_operator:decode_layer19,attention,4,profiled,void pytorch_flash::flash_fwd_splitkv_kernel<Flash_fwd_kerne,2895,1.39,12.21,6.09,0.0,3.0,63.07,8.31,0.06,,math_pipe_throttle=3.07; wait=1.22; selected=1.00,"latency/launch-bound: 0.12 waves per SM, no unit above 30 % of peak"
react_tool,768,mir_operator:decode_layer20,copy,16,profiled,void at::unrolled_elementwise_kernel<at::direct_copy_kernel_,2913,0.03,0.0,0.88,0.0,1.84,85.49,8.3,0.0,,long_scoreboard=12.09; imc_miss=5.78; no_instruction=4.69,"latency/launch-bound: 0.00 waves per SM, no unit above 30 % of peak"
react_tool,768,mir_operator:decode_layer20,elementwise_unary,16,profiled,"void at::vectorized_elementwise_kernel<4, void at::<unnamed>",2914,0.02,0.0,0.43,0.0,0.9,86.77,7.63,0.0,,imc_miss=27.97; long_scoreboard=22.02; no_instruction=3.03,"latency/launch-bound: 0.00 waves per SM, no unit above 30 % of peak"
react_tool,768,mir_operator:decode_layer20,reduce,8,profiled,"void at::reduce_kernel<512, 1, at::ReduceOp<float, at::MeanO",2915,0.09,0.0,1.96,0.0,3.92,89.63,31.87,0.0,,imc_miss=9.51; long_scoreboard=3.53; wait=2.85,"latency/launch-bound: 0.00 waves per SM, no unit above 30 % of peak"
react_tool,768,mir_operator:decode_layer20,elementwise_binary,34,profiled,"void at::vectorized_elementwise_kernel<4, at::CUDAFunctorOnS",2916,0.04,0.0,0.79,0.0,1.37,86.71,8.31,0.0,,imc_miss=9.60; wait=2.19; long_scoreboard=1.45,"latency/launch-bound: 0.00 waves per SM, no unit above 30 % of peak"
react_tool,768,mir_operator:decode_layer20,gemv,14,profiled,"std::enable_if<!T7, void>::type internal::kernel<int, int, _",2921,15.48,0.0,75.43,0.0,47.01,9.11,16.0,0.67,,long_scoreboard=8.75; lg_throttle=6.12; wait=1.26,DRAM-bandwidth-bound
react_tool,768,mir_operator:decode_layer20,elementwise_other,14,profiled,"void at::elementwise_kernel<128, 4, void at::gpu_kernel_impl",2941,0.02,0.0,0.79,0.0,1.17,84.3,8.27,0.0,,long_scoreboard=15.00; imc_miss=9.16; no_instruction=2.59,"latency/launch-bound: 0.00 waves per SM, no unit above 30 % of peak"
react_tool,768,mir_operator:decode_layer20,concat,8,profiled,void at::<unnamed>::CatArrayBatchedCopy<at::<unnamed>::Opaqu,2942,4.19,0.0,7.41,0.0,4.03,67.48,46.84,0.81,,imc_miss=28.30; short_scoreboard=18.89; no_instruction=3.03,"underutilised: SM 6 %, DRAM 0 %, L2 1 %, occ 77 %"
react_tool,768,mir_operator:decode_layer20,attention,4,profiled,void pytorch_flash::flash_fwd_splitkv_kernel<Flash_fwd_kerne,2952,1.41,12.3,6.15,0.0,3.25,62.63,8.3,0.06,,math_pipe_throttle=3.08; wait=1.23; selected=1.00,"latency/launch-bound: 0.12 waves per SM, no unit above 30 % of peak"
react_tool,768,mir_operator:decode_layer21,copy,16,profiled,void at::unrolled_elementwise_kernel<at::direct_copy_kernel_,2970,0.03,0.0,0.87,0.0,1.57,86.54,8.3,0.0,,long_scoreboard=12.18; imc_miss=6.14; no_instruction=4.68,"latency/launch-bound: 0.00 waves per SM, no unit above 30 % of peak"
react_tool,768,mir_operator:decode_layer21,elementwise_unary,16,profiled,"void at::vectorized_elementwise_kernel<4, void at::<unnamed>",2971,0.02,0.0,0.43,0.0,0.91,83.12,7.63,0.0,,imc_miss=28.47; long_scoreboard=22.66; no_instruction=2.97,"latency/launch-bound: 0.00 waves per SM, no unit above 30 % of peak"
react_tool,768,mir_operator:decode_layer21,reduce,8,profiled,"void at::reduce_kernel<512, 1, at::ReduceOp<float, at::MeanO",2972,0.09,0.0,1.99,0.0,3.9,87.7,31.79,0.0,,imc_miss=9.68; long_scoreboard=3.40; wait=2.85,"latency/launch-bound: 0.00 waves per SM, no unit above 30 % of peak"
react_tool,768,mir_operator:decode_layer21,elementwise_binary,34,profiled,"void at::vectorized_elementwise_kernel<4, at::CUDAFunctorOnS",2973,0.04,0.0,0.8,0.0,1.39,85.43,8.31,0.0,,imc_miss=9.80; wait=2.19; no_instruction=1.43,"latency/launch-bound: 0.00 waves per SM, no unit above 30 % of peak"
react_tool,768,mir_operator:decode_layer21,gemv,14,profiled,"std::enable_if<!T7, void>::type internal::kernel<int, int, _",2978,15.45,0.0,74.63,0.0,47.01,9.2,16.01,0.67,,long_scoreboard=8.72; lg_throttle=6.18; wait=1.27,DRAM-bandwidth-bound
react_tool,768,mir_operator:decode_layer21,elementwise_other,14,profiled,"void at::elementwise_kernel<128, 4, void at::gpu_kernel_impl",2998,0.02,0.0,0.82,0.0,1.09,83.21,8.27,0.0,,long_scoreboard=14.72; imc_miss=9.06; no_instruction=2.59,"latency/launch-bound: 0.00 waves per SM, no unit above 30 % of peak"
react_tool,768,mir_operator:decode_layer21,concat,8,profiled,void at::<unnamed>::CatArrayBatchedCopy<at::<unnamed>::Opaqu,2999,4.18,0.0,7.06,0.0,4.09,56.55,47.13,0.81,,imc_miss=30.41; short_scoreboard=18.89; no_instruction=2.99,"underutilised: SM 6 %, DRAM 0 %, L2 1 %, occ 77 %"
react_tool,768,mir_operator:decode_layer21,attention,4,profiled,void pytorch_flash::flash_fwd_splitkv_kernel<Flash_fwd_kerne,3009,1.4,12.28,6.12,0.0,2.99,64.66,8.31,0.06,,math_pipe_throttle=3.12; wait=1.25; selected=1.02,"latency/launch-bound: 0.12 waves per SM, no unit above 30 % of peak"
react_tool,768,mir_operator:decode_layer22,copy,16,profiled,void at::unrolled_elementwise_kernel<at::direct_copy_kernel_,3027,0.02,0.0,0.89,0.0,2.25,82.8,8.3,0.0,,long_scoreboard=12.23; imc_miss=6.09; no_instruction=4.70,"latency/launch-bound: 0.00 waves per SM, no unit above 30 % of peak"
react_tool,768,mir_operator:decode_layer22,elementwise_unary,16,profiled,"void at::vectorized_elementwise_kernel<4, void at::<unnamed>",3028,0.02,0.0,0.42,0.0,0.94,82.0,7.63,0.0,,imc_miss=27.64; long_scoreboard=26.52; no_instruction=3.03,"latency/launch-bound: 0.00 waves per SM, no unit above 30 % of peak"
react_tool,768,mir_operator:decode_layer22,reduce,8,profiled,"void at::reduce_kernel<512, 1, at::ReduceOp<float, at::MeanO",3029,0.08,0.0,1.99,0.0,3.92,88.14,31.81,0.0,,imc_miss=9.44; long_scoreboard=3.53; wait=2.85,"latency/launch-bound: 0.00 waves per SM, no unit above 30 % of peak"
react_tool,768,mir_operator:decode_layer22,elementwise_binary,34,profiled,"void at::vectorized_elementwise_kernel<4, at::CUDAFunctorOnS",3030,0.04,0.0,0.76,0.0,1.4,85.25,8.31,0.0,,imc_miss=9.84; wait=2.19; no_instruction=1.43,"latency/launch-bound: 0.00 waves per SM, no unit above 30 % of peak"
react_tool,768,mir_operator:decode_layer22,gemv,14,profiled,"std::enable_if<!T7, void>::type internal::kernel<int, int, _",3035,15.44,0.0,75.29,0.0,46.43,9.19,16.0,0.67,,long_scoreboard=9.03; lg_throttle=6.15; wait=1.27,DRAM-bandwidth-bound
react_tool,768,mir_operator:decode_layer22,elementwise_other,14,profiled,"void at::elementwise_kernel<128, 4, void at::gpu_kernel_impl",3055,0.02,0.0,0.79,0.0,1.34,80.48,8.28,0.0,,long_scoreboard=14.62; imc_miss=9.16; no_instruction=2.63,"latency/launch-bound: 0.00 waves per SM, no unit above 30 % of peak"
react_tool,768,mir_operator:decode_layer22,concat,8,profiled,void at::<unnamed>::CatArrayBatchedCopy<at::<unnamed>::Opaqu,3056,4.1,0.0,7.13,0.0,3.88,66.17,46.86,0.81,,imc_miss=29.38; short_scoreboard=18.82; no_instruction=3.03,"underutilised: SM 6 %, DRAM 0 %, L2 1 %, occ 77 %"
react_tool,768,mir_operator:decode_layer22,attention,4,profiled,void pytorch_flash::flash_fwd_splitkv_kernel<Flash_fwd_kerne,3066,1.36,12.31,6.11,0.0,3.02,63.45,8.31,0.06,,math_pipe_throttle=3.12; wait=1.25; selected=1.01,"latency/launch-bound: 0.12 waves per SM, no unit above 30 % of peak"
react_tool,768,mir_operator:decode_layer23,copy,16,profiled,void at::unrolled_elementwise_kernel<at::direct_copy_kernel_,3084,0.02,0.0,0.9,0.0,1.63,83.22,8.28,0.0,,long_scoreboard=11.73; imc_miss=6.12; no_instruction=4.70,"latency/launch-bound: 0.00 waves per SM, no unit above 30 % of peak"
react_tool,768,mir_operator:decode_layer23,elementwise_unary,16,profiled,"void at::vectorized_elementwise_kernel<4, void at::<unnamed>",3085,0.02,0.0,0.42,0.0,0.96,79.95,7.57,0.0,,imc_miss=27.42; long_scoreboard=22.61; no_instruction=3.03,"latency/launch-bound: 0.00 waves per SM, no unit above 30 % of peak"
react_tool,768,mir_operator:decode_layer23,reduce,8,profiled,"void at::reduce_kernel<512, 1, at::ReduceOp<float, at::MeanO",3086,0.09,0.0,1.99,0.0,3.96,87.34,31.79,0.0,,imc_miss=9.75; long_scoreboard=3.36; wait=2.84,"latency/launch-bound: 0.00 waves per SM, no unit above 30 % of peak"
react_tool,768,mir_operator:decode_layer23,elementwise_binary,34,profiled,"void at::vectorized_elementwise_kernel<4, at::CUDAFunctorOnS",3087,0.04,0.0,0.78,0.0,1.51,84.62,8.31,0.0,,imc_miss=9.85; wait=2.19; no_instruction=1.43,"latency/launch-bound: 0.00 waves per SM, no unit above 30 % of peak"
react_tool,768,mir_operator:decode_layer23,gemv,14,profiled,"std::enable_if<!T7, void>::type internal::kernel<int, int, _",3092,15.44,0.0,75.56,0.0,47.64,9.15,16.03,0.67,,long_scoreboard=8.84; lg_throttle=6.24; wait=1.27,DRAM-bandwidth-bound
react_tool,768,mir_operator:decode_layer23,elementwise_other,14,profiled,"void at::elementwise_kernel<128, 4, void at::gpu_kernel_impl",3112,0.02,0.0,0.79,0.0,1.18,83.87,8.29,0.0,,long_scoreboard=15.16; imc_miss=9.05; no_instruction=2.61,"latency/launch-bound: 0.00 waves per SM, no unit above 30 % of peak"
react_tool,768,mir_operator:decode_layer23,concat,8,profiled,void at::<unnamed>::CatArrayBatchedCopy<at::<unnamed>::Opaqu,3113,4.06,0.0,7.1,0.0,4.1,55.26,46.58,0.81,,imc_miss=30.42; short_scoreboard=18.91; no_instruction=3.02,"underutilised: SM 6 %, DRAM 0 %, L2 1 %, occ 77 %"
react_tool,768,mir_operator:decode_layer23,attention,4,profiled,void pytorch_flash::flash_fwd_splitkv_kernel<Flash_fwd_kerne,3123,1.39,12.33,6.16,0.0,3.04,62.82,8.29,0.06,,math_pipe_throttle=3.07; wait=1.27; selected=1.00,"latency/launch-bound: 0.12 waves per SM, no unit above 30 % of peak"
react_tool,768,mir_operator:decode_layer24,copy,16,profiled,void at::unrolled_elementwise_kernel<at::direct_copy_kernel_,3141,0.03,0.0,0.89,0.0,1.64,84.59,8.28,0.0,,long_scoreboard=12.05; imc_miss=6.16; no_instruction=4.69,"latency/launch-bound: 0.00 waves per SM, no unit above 30 % of peak"
react_tool,768,mir_operator:decode_layer24,elementwise_unary,16,profiled,"void at::vectorized_elementwise_kernel<4, void at::<unnamed>",3142,0.02,0.0,0.43,0.0,0.95,79.98,7.33,0.0,,imc_miss=27.38; long_scoreboard=21.96; no_instruction=3.03,"latency/launch-bound: 0.00 waves per SM, no unit above 30 % of peak"
react_tool,768,mir_operator:decode_layer24,reduce,8,profiled,"void at::reduce_kernel<512, 1, at::ReduceOp<float, at::MeanO",3143,0.09,0.0,1.99,0.0,3.95,87.46,31.92,0.0,,imc_miss=9.94; long_scoreboard=3.38; wait=2.85,"latency/launch-bound: 0.00 waves per SM, no unit above 30 % of peak"
react_tool,768,mir_operator:decode_layer24,elementwise_binary,34,profiled,"void at::vectorized_elementwise_kernel<4, at::CUDAFunctorOnS",3144,0.04,0.0,0.81,0.0,1.47,84.69,8.31,0.0,,imc_miss=9.54; wait=2.19; long_scoreboard=1.41,"latency/launch-bound: 0.00 waves per SM, no unit above 30 % of peak"
react_tool,768,mir_operator:decode_layer24,gemv,14,profiled,"std::enable_if<!T7, void>::type internal::kernel<int, int, _",3149,15.5,0.0,74.96,0.0,46.97,9.06,16.02,0.67,,long_scoreboard=8.34; lg_throttle=6.56; wait=1.27,DRAM-bandwidth-bound
react_tool,768,mir_operator:decode_layer24,elementwise_other,14,profiled,"void at::elementwise_kernel<128, 4, void at::gpu_kernel_impl",3169,0.02,0.0,0.81,0.0,1.2,80.75,8.28,0.0,,long_scoreboard=14.90; imc_miss=9.16; no_instruction=2.60,"latency/launch-bound: 0.00 waves per SM, no unit above 30 % of peak"
react_tool,768,mir_operator:decode_layer24,concat,8,profiled,void at::<unnamed>::CatArrayBatchedCopy<at::<unnamed>::Opaqu,3170,4.18,0.0,2.65,0.0,1.64,66.07,46.88,0.81,,imc_miss=29.37; short_scoreboard=18.91; no_instruction=3.03,"underutilised: SM 6 %, DRAM 0 %, L2 1 %, occ 77 %"
react_tool,768,mir_operator:decode_layer24,attention,4,profiled,void pytorch_flash::flash_fwd_splitkv_kernel<Flash_fwd_kerne,3180,1.39,12.38,6.08,0.0,3.0,62.27,8.29,0.06,,math_pipe_throttle=3.11; wait=1.28; selected=1.01,"latency/launch-bound: 0.12 waves per SM, no unit above 30 % of peak"
react_tool,768,mir_operator:decode_layer25,copy,16,profiled,void at::unrolled_elementwise_kernel<at::direct_copy_kernel_,3198,0.02,0.0,0.77,0.0,1.14,83.19,8.3,0.0,,long_scoreboard=11.54; imc_miss=6.19; no_instruction=4.71,"latency/launch-bound: 0.00 waves per SM, no unit above 30 % of peak"
react_tool,768,mir_operator:decode_layer25,elementwise_unary,16,profiled,"void at::vectorized_elementwise_kernel<4, void at::<unnamed>",3199,0.02,0.0,0.43,0.0,0.95,80.14,7.65,0.0,,imc_miss=27.42; long_scoreboard=21.57; no_instruction=3.03,"latency/launch-bound: 0.00 waves per SM, no unit above 30 % of peak"
react_tool,768,mir_operator:decode_layer25,reduce,8,profiled,"void at::reduce_kernel<512, 1, at::ReduceOp<float, at::MeanO",3200,0.08,0.0,1.96,0.0,3.91,87.99,31.81,0.0,,imc_miss=9.64; long_scoreboard=3.30; wait=2.84,"latency/launch-bound: 0.00 waves per SM, no unit above 30 % of peak"
react_tool,768,mir_operator:decode_layer25,elementwise_binary,34,profiled,"void at::vectorized_elementwise_kernel<4, at::CUDAFunctorOnS",3201,0.04,0.0,0.8,0.0,1.4,84.33,8.31,0.0,,imc_miss=9.78; wait=2.19; no_instruction=1.43,"latency/launch-bound: 0.00 waves per SM, no unit above 30 % of peak"
react_tool,768,mir_operator:decode_layer25,gemv,14,profiled,"std::enable_if<!T7, void>::type internal::kernel<int, int, _",3206,15.39,0.0,74.12,0.0,46.16,9.19,16.01,0.67,,long_scoreboard=8.55; lg_throttle=6.71; wait=1.26,DRAM-bandwidth-bound
react_tool,768,mir_operator:decode_layer25,elementwise_other,14,profiled,"void at::elementwise_kernel<128, 4, void at::gpu_kernel_impl",3226,0.02,0.0,0.77,0.0,1.17,81.16,8.26,0.0,,long_scoreboard=15.72; imc_miss=9.21; no_instruction=2.56,"latency/launch-bound: 0.00 waves per SM, no unit above 30 % of peak"
react_tool,768,mir_operator:decode_layer25,concat,8,profiled,void at::<unnamed>::CatArrayBatchedCopy<at::<unnamed>::Opaqu,3227,4.14,0.0,7.14,0.0,3.85,66.87,46.55,0.81,,imc_miss=30.16; short_scoreboard=18.84; no_instruction=2.99,"underutilised: SM 6 %, DRAM 0 %, L2 1 %, occ 77 %"
react_tool,768,mir_operator:decode_layer25,attention,4,profiled,void pytorch_flash::flash_fwd_splitkv_kernel<Flash_fwd_kerne,3237,1.37,12.41,6.19,0.0,3.05,62.14,8.29,0.06,,math_pipe_throttle=3.12; wait=1.24; selected=1.01,"latency/launch-bound: 0.12 waves per SM, no unit above 30 % of peak"
react_tool,768,mir_operator:decode_layer26,copy,16,profiled,void at::unrolled_elementwise_kernel<at::direct_copy_kernel_,3255,0.02,0.0,0.89,0.0,1.63,86.73,8.3,0.0,,long_scoreboard=11.90; imc_miss=6.17; no_instruction=4.69,"latency/launch-bound: 0.00 waves per SM, no unit above 30 % of peak"
react_tool,768,mir_operator:decode_layer26,elementwise_unary,16,profiled,"void at::vectorized_elementwise_kernel<4, void at::<unnamed>",3256,0.02,0.0,0.41,0.0,0.91,79.44,7.62,0.0,,imc_miss=28.19; long_scoreboard=22.30; no_instruction=3.03,"latency/launch-bound: 0.00 waves per SM, no unit above 30 % of peak"
react_tool,768,mir_operator:decode_layer26,reduce,8,profiled,"void at::reduce_kernel<512, 1, at::ReduceOp<float, at::MeanO",3257,0.09,0.0,1.98,0.0,3.94,87.64,31.91,0.0,,imc_miss=9.34; long_scoreboard=3.51; wait=2.85,"latency/launch-bound: 0.00 waves per SM, no unit above 30 % of peak"
react_tool,768,mir_operator:decode_layer26,elementwise_binary,34,profiled,"void at::vectorized_elementwise_kernel<4, at::CUDAFunctorOnS",3258,0.04,0.0,0.79,0.0,1.42,84.43,8.31,0.0,,imc_miss=9.79; wait=2.19; long_scoreboard=1.47,"latency/launch-bound: 0.00 waves per SM, no unit above 30 % of peak"
react_tool,768,mir_operator:decode_layer26,gemv,14,profiled,"std::enable_if<!T7, void>::type internal::kernel<int, int, _",3263,15.57,0.0,74.36,0.0,46.34,8.88,15.99,0.67,,long_scoreboard=8.54; lg_throttle=6.43; wait=1.28,DRAM-bandwidth-bound
react_tool,768,mir_operator:decode_layer26,elementwise_other,14,profiled,"void at::elementwise_kernel<128, 4, void at::gpu_kernel_impl",3283,0.02,0.0,0.77,0.0,1.31,82.04,8.26,0.0,,long_scoreboard=14.94; imc_miss=9.13; no_instruction=2.62,"latency/launch-bound: 0.00 waves per SM, no unit above 30 % of peak"
react_tool,768,mir_operator:decode_layer26,concat,8,profiled,void at::<unnamed>::CatArrayBatchedCopy<at::<unnamed>::Opaqu,3284,4.11,0.0,7.22,0.0,3.92,66.51,46.93,0.81,,imc_miss=29.01; short_scoreboard=18.84; no_instruction=3.02,"underutilised: SM 6 %, DRAM 0 %, L2 1 %, occ 77 %"
react_tool,768,mir_operator:decode_layer26,attention,4,profiled,void pytorch_flash::flash_fwd_splitkv_kernel<Flash_fwd_kerne,3294,1.41,12.16,6.12,0.0,2.99,62.49,8.3,0.06,,math_pipe_throttle=3.07; wait=1.22; selected=1.00,"latency/launch-bound: 0.12 waves per SM, no unit above 30 % of peak"
react_tool,768,mir_operator:decode_layer27,copy,16,profiled,void at::unrolled_elementwise_kernel<at::direct_copy_kernel_,3312,0.03,0.0,0.89,0.0,1.89,82.45,8.29,0.0,,long_scoreboard=11.69; imc_miss=6.41; no_instruction=4.70,"latency/launch-bound: 0.00 waves per SM, no unit above 30 % of peak"
react_tool,768,mir_operator:decode_layer27,elementwise_unary,16,profiled,"void at::vectorized_elementwise_kernel<4, void at::<unnamed>",3313,0.02,0.0,0.43,0.0,0.93,81.28,7.59,0.0,,imc_miss=27.28; long_scoreboard=22.67; no_instruction=3.03,"latency/launch-bound: 0.00 waves per SM, no unit above 30 % of peak"
react_tool,768,mir_operator:decode_layer27,reduce,8,profiled,"void at::reduce_kernel<512, 1, at::ReduceOp<float, at::MeanO",3314,0.09,0.0,1.95,0.0,3.92,87.45,31.79,0.0,,imc_miss=9.60; long_scoreboard=3.29; wait=2.85,"latency/launch-bound: 0.00 waves per SM, no unit above 30 % of peak"
react_tool,768,mir_operator:decode_layer27,elementwise_binary,34,profiled,"void at::vectorized_elementwise_kernel<4, at::CUDAFunctorOnS",3315,0.04,0.0,0.77,0.0,1.49,84.41,8.31,0.0,,imc_miss=9.79; wait=2.19; no_instruction=1.43,"latency/launch-bound: 0.00 waves per SM, no unit above 30 % of peak"
react_tool,768,mir_operator:decode_layer27,gemv,14,profiled,"std::enable_if<!T7, void>::type internal::kernel<int, int, _",3320,15.5,0.0,74.74,0.0,46.78,9.2,15.94,0.67,,long_scoreboard=8.73; lg_throttle=6.36; wait=1.28,DRAM-bandwidth-bound
react_tool,768,mir_operator:decode_layer27,elementwise_other,14,profiled,"void at::elementwise_kernel<128, 4, void at::gpu_kernel_impl",3340,0.02,0.0,0.83,0.0,1.3,84.08,8.27,0.0,,long_scoreboard=14.87; imc_miss=9.14; no_instruction=2.59,"latency/launch-bound: 0.00 waves per SM, no unit above 30 % of peak"
react_tool,768,mir_operator:decode_layer27,concat,8,profiled,void at::<unnamed>::CatArrayBatchedCopy<at::<unnamed>::Opaqu,3341,4.16,0.0,7.06,0.0,3.83,66.76,46.68,0.81,,imc_miss=30.24; short_scoreboard=18.84; no_instruction=3.02,"underutilised: SM 6 %, DRAM 0 %, L2 1 %, occ 76 %"
react_tool,768,mir_operator:decode_layer27,attention,4,profiled,void pytorch_flash::flash_fwd_splitkv_kernel<Flash_fwd_kerne,3351,1.37,12.33,6.15,0.0,3.03,62.52,8.3,0.06,,math_pipe_throttle=3.07; wait=1.23; selected=1.00,"latency/launch-bound: 0.12 waves per SM, no unit above 30 % of peak"
react_tool,768,mir_operator:decode_head,copy,4,profiled,void at::unrolled_elementwise_kernel<at::direct_copy_kernel_,3369,0.04,0.0,0.92,0.0,1.6,85.03,8.28,0.0,,long_scoreboard=11.94; imc_miss=5.71; no_instruction=4.69,"latency/launch-bound: 0.00 waves per SM, no unit above 30 % of peak"
react_tool,768,mir_operator:decode_head,elementwise_unary,4,profiled,"void at::vectorized_elementwise_kernel<4, void at::<unnamed>",3370,0.02,0.0,0.54,0.0,0.94,80.82,7.62,0.0,,imc_miss=27.33; long_scoreboard=21.94; no_instruction=3.03,"latency/launch-bound: 0.00 waves per SM, no unit above 30 % of peak"
react_tool,768,mir_operator:decode_head,reduce,2,profiled,"void at::reduce_kernel<512, 1, at::ReduceOp<float, at::MeanO",3371,0.09,0.0,1.98,0.0,3.88,88.51,31.9,0.0,,imc_miss=9.63; long_scoreboard=3.44; wait=2.85,"latency/launch-bound: 0.00 waves per SM, no unit above 30 % of peak"
react_tool,768,mir_operator:decode_head,elementwise_binary,6,profiled,"void at::vectorized_elementwise_kernel<4, at::CUDAFunctorOnS",3372,0.02,0.0,0.83,0.0,1.29,86.05,8.19,0.0,,imc_miss=9.64; wait=2.19; no_instruction=1.43,"latency/launch-bound: 0.00 waves per SM, no unit above 30 % of peak"
react_tool,768,mir_operator:decode_head,gemv,2,profiled,"std::enable_if<!T7, void>::type internal::kernel<int, int, _",3377,19.59,0.0,96.88,0.0,60.77,0.57,24.5,49.46,,long_scoreboard=14.71; lg_throttle=5.70; barrier=1.70,DRAM-bandwidth-bound
react_tool,768,mir_operator:decode_sample,reduce,2,profiled,"void at::reduce_kernel<512, 1, at::ReduceOp<c10::BFloat16, a",3379,2.78,0.0,5.28,0.0,3.31,61.12,33.13,0.05,,long_scoreboard=3.50; imc_miss=3.44; wait=2.41,"latency/launch-bound: 0.05 waves per SM, no unit above 30 % of peak"
react_tool,,token_preprocess_cpu,,0,not_collected_cpu_process,,,,,,,,,,,,,host-side process; no GPU counters
react_tool,,pre_d2h_alloc,,0,not_collected_cpu_process,,,,,,,,,,,,,host-side process; no GPU counters
react_tool,,dag_schedule_gap,,0,not_collected_cpu_process,,,,,,,,,,,,,host-side process; no GPU counters
react_tool,,weight_init,,0,not_collected_cpu_process,,,,,,,,,,,,,host-side process; no GPU counters
react_tool,,agent_tool_execute_cpu,,0,not_collected_cpu_process,,,,,,,,,,,,,host-side process; no GPU counters
react_tool,,d2h_stage,memcpy,6,not_collected_memcpy,,,,,,,,,,,,,"PCIe copy; not a kernel, see w02 h2d/d2h bytes and cuda_ms"
react_tool,,h2d_stage,memcpy,6,not_collected_memcpy,,,,,,,,,,,,,"PCIe copy; not a kernel, see w02 h2d/d2h bytes and cuda_ms"
react_tool,,host_input_generate,,0,not_collected_cpu_process,,,,,,,,,,,,,host-side process; no GPU counters
react_tool,,iteration_tail_sync,,0,not_collected_cpu_process,,,,,,,,,,,,,host-side process; no GPU counters
react_tool,,checksum_complete,,0,not_collected_cpu_process,,,,,,,,,,,,,host-side process; no GPU counters
react_tool,,adapter_dispatch,,0,not_collected_cpu_process,,,,,,,,,,,,,host-side process; no GPU counters
planner_debate,,token_preprocess_cpu,,0,not_collected_cpu_process,,,,,,,,,,,,,host-side process; no GPU counters
planner_debate,,pre_d2h_alloc,,0,not_collected_cpu_process,,,,,,,,,,,,,host-side process; no GPU counters
planner_debate,,dag_schedule_gap,,0,not_collected_cpu_process,,,,,,,,,,,,,host-side process; no GPU counters
planner_debate,,weight_init,,0,not_collected_cpu_process,,,,,,,,,,,,,host-side process; no GPU counters
planner_debate,,host_input_generate,,0,not_collected_cpu_process,,,,,,,,,,,,,host-side process; no GPU counters
planner_debate,,d2h_stage,memcpy,15,not_collected_memcpy,,,,,,,,,,,,,"PCIe copy; not a kernel, see w02 h2d/d2h bytes and cuda_ms"
planner_debate,,h2d_stage,memcpy,15,not_collected_memcpy,,,,,,,,,,,,,"PCIe copy; not a kernel, see w02 h2d/d2h bytes and cuda_ms"
planner_debate,,agent_tool_execute_cpu,,0,not_collected_cpu_process,,,,,,,,,,,,,host-side process; no GPU counters
planner_debate,,checksum_complete,,0,not_collected_cpu_process,,,,,,,,,,,,,host-side process; no GPU counters
planner_debate,,iteration_tail_sync,,0,not_collected_cpu_process,,,,,,,,,,,,,host-side process; no GPU counters
planner_debate,,adapter_dispatch,,0,not_collected_cpu_process,,,,,,,,,,,,,host-side process; no GPU counters
