==PROF== Connected to process 332218 (/home/descfly/miniconda3/bin/python3.13)
Loading checkpoint shards:   0%|          | 0/2 [00:00<?, ?it/s]Loading checkpoint shards: 100%|██████████| 2/2 [00:00<00:00, 24.40it/s]
==PROF== Profiling "vectorized_gather_kernel" - 0: 0%....50%....100% - 9 passes
==PROF== Profiling "unrolled_elementwise_kernel" - 1: 0%....50%....100% - 9 passes
==PROF== Profiling "vectorized_elementwise_kernel" - 2: 0%....50%....100% - 9 passes
==PROF== Profiling "reduce_kernel" - 3: 0%....50%....100% - 9 passes
==PROF== Profiling "vectorized_elementwise_kernel" - 4: 0%....50%....100% - 9 passes
==PROF== Profiling "vectorized_elementwise_kernel" - 5: 0%....50%....100% - 9 passes
==PROF== Profiling "elementwise_kernel" - 6: 0%....50%....100% - 9 passes
==PROF== Profiling "vectorized_elementwise_kernel" - 7: 0%....50%....100% - 9 passes
==PROF== Profiling "elementwise_kernel" - 8: 0%....50%....100% - 9 passes
==PROF== Profiling "ampere_bf16_s1688gemm_bf16_12..." - 9: 0%....50%....100% - 9 passes
==PROF== Profiling "ampere_bf16_s16816gemm_bf16_6..." - 10: 0%....50%....100% - 9 passes
==PROF== Profiling "splitKreduce_kernel" - 11: 0%....50%....100% - 9 passes
==PROF== Profiling "ampere_bf16_s16816gemm_bf16_6..." - 12: 0%....50%....100% - 9 passes
==PROF== Profiling "splitKreduce_kernel" - 13: 0%....50%....100% - 9 passes
==PROF== Profiling "CatArrayBatchedCopy" - 14: 0%....50%....100% - 9 passes
==PROF== Profiling "CatArrayBatchedCopy" - 15: 0%....50%....100% - 9 passes
==PROF== Profiling "elementwise_kernel" - 16: 0%....50%....100% - 9 passes
==PROF== Profiling "elementwise_kernel" - 17: 0%....50%....100% - 9 passes
==PROF== Profiling "CatArrayBatchedCopy" - 18: 0%....50%....100% - 9 passes
==PROF== Profiling "elementwise_kernel" - 19: 0%....50%....100% - 9 passes
==PROF== Profiling "elementwise_kernel" - 20: 0%....50%....100% - 9 passes
==PROF== Profiling "elementwise_kernel" - 21: 0%....50%....100% - 9 passes
==PROF== Profiling "elementwise_kernel" - 22: 0%....50%....100% - 9 passes
==PROF== Profiling "CatArrayBatchedCopy" - 23: 0%....50%....100% - 9 passes
==PROF== Profiling "elementwise_kernel" - 24: 0%....50%....100% - 9 passes
==PROF== Profiling "elementwise_kernel" - 25: 0%....50%....100% - 9 passes
==PROF== Profiling "CatArrayBatchedCopy" - 26: 0%....50%....100% - 9 passes
==PROF== Profiling "CatArrayBatchedCopy" - 27: 0%....50%....100% - 9 passes
==PROF== Profiling "flash_fwd_splitkv_kernel" - 28: 0%....50%....100% - 9 passes
==PROF== Profiling "flash_fwd_splitkv_combine_ker..." - 29: 0%....50%....100% - 9 passes
==PROF== Profiling "ampere_bf16_s16816gemm_bf16_1..." - 30: 0%....50%....100% - 9 passes
==PROF== Profiling "vectorized_elementwise_kernel" - 31: 0%....50%....100% - 9 passes
==PROF== Profiling "unrolled_elementwise_kernel" - 32: 0%....50%....100% - 9 passes
==PROF== Profiling "vectorized_elementwise_kernel" - 33: 0%....50%....100% - 9 passes
==PROF== Profiling "reduce_kernel" - 34: 0%....50%....100% - 9 passes
==PROF== Profiling "vectorized_elementwise_kernel" - 35: 0%....50%....100% - 9 passes
==PROF== Profiling "vectorized_elementwise_kernel" - 36: 0%....50%....100% - 9 passes
==PROF== Profiling "elementwise_kernel" - 37: 0%....50%....100% - 9 passes
==PROF== Profiling "vectorized_elementwise_kernel" - 38: 0%....50%....100% - 9 passes
==PROF== Profiling "elementwise_kernel" - 39: 0%....50%....100% - 9 passes
==PROF== Profiling "ampere_bf16_s1688gemm_bf16_64..." - 40: 0%....50%....100% - 9 passes
==PROF== Profiling "vectorized_elementwise_kernel" - 41: 0%....50%....100% - 9 passes
==PROF== Profiling "ampere_bf16_s1688gemm_bf16_64..." - 42: 0%....50%....100% - 9 passes
==PROF== Profiling "vectorized_elementwise_kernel" - 43: 0%....50%....100% - 9 passes
==PROF== Profiling "ampere_bf16_s1688gemm_bf16_12..." - 44: 0%....50%....100% - 9 passes
==PROF== Profiling "vectorized_elementwise_kernel" - 45: 0%....50%....100% - 9 passes
==PROF== Profiling "unrolled_elementwise_kernel" - 46: 0%....50%....100% - 9 passes
==PROF== Profiling "vectorized_elementwise_kernel" - 47: 0%....50%....100% - 9 passes
==PROF== Profiling "reduce_kernel" - 48: 0%....50%....100% - 9 passes
==PROF== Profiling "vectorized_elementwise_kernel" - 49: 0%....50%....100% - 9 passes
==PROF== Profiling "vectorized_elementwise_kernel" - 50: 0%....50%....100% - 9 passes
==PROF== Profiling "elementwise_kernel" - 51: 0%....50%....100% - 9 passes
==PROF== Profiling "vectorized_elementwise_kernel" - 52: 0%....50%....100% - 9 passes
==PROF== Profiling "elementwise_kernel" - 53: 0%....50%....100% - 9 passes
==PROF== Profiling "ampere_bf16_s1688gemm_bf16_12..." - 54: 0%....50%....100% - 9 passes
==PROF== Profiling "ampere_bf16_s16816gemm_bf16_6..." - 55: 0%....50%....100% - 9 passes
==PROF== Profiling "splitKreduce_kernel" - 56: 0%....50%....100% - 9 passes
==PROF== Profiling "ampere_bf16_s16816gemm_bf16_6..." - 57: 0%....50%....100% - 9 passes
==PROF== Profiling "splitKreduce_kernel" - 58: 0%....50%....100% - 9 passes
==PROF== Profiling "CatArrayBatchedCopy" - 59: 0%....50%....100% - 9 passes
==PROF== Profiling "CatArrayBatchedCopy" - 60: 0%....50%....100% - 9 passes
==PROF== Profiling "elementwise_kernel" - 61: 0%....50%....100% - 9 passes
==PROF== Profiling "elementwise_kernel" - 62: 0%....50%....100% - 9 passes
==PROF== Profiling "CatArrayBatchedCopy" - 63: 0%....50%....100% - 9 passes
==PROF== Profiling "elementwise_kernel" - 64: 0%....50%....100% - 9 passes
==PROF== Profiling "elementwise_kernel" - 65: 0%....50%....100% - 9 passes
==PROF== Profiling "elementwise_kernel" - 66: 0%....50%....100% - 9 passes
==PROF== Profiling "elementwise_kernel" - 67: 0%....50%....100% - 9 passes
==PROF== Profiling "CatArrayBatchedCopy" - 68: 0%....50%....100% - 9 passes
==PROF== Profiling "elementwise_kernel" - 69: 0%....50%....100% - 9 passes
==PROF== Profiling "elementwise_kernel" - 70: 0%....50%....100% - 9 passes
==PROF== Profiling "CatArrayBatchedCopy" - 71: 0%....50%....100% - 9 passes
==PROF== Profiling "CatArrayBatchedCopy" - 72: 0%....50%....100% - 9 passes
==PROF== Profiling "flash_fwd_splitkv_kernel" - 73: 0%....50%....100% - 9 passes
==PROF== Profiling "flash_fwd_splitkv_combine_ker..." - 74: 0%....50%....100% - 9 passes
==PROF== Profiling "ampere_bf16_s16816gemm_bf16_1..." - 75: 0%....50%....100% - 9 passes
==PROF== Profiling "vectorized_elementwise_kernel" - 76: 0%....50%....100% - 9 passes
==PROF== Profiling "unrolled_elementwise_kernel" - 77: 0%....50%....100% - 9 passes
==PROF== Profiling "vectorized_elementwise_kernel" - 78: 0%....50%....100% - 9 passes
==PROF== Profiling "reduce_kernel" - 79: 0%....50%....100% - 9 passes
==PROF== Profiling "vectorized_elementwise_kernel" - 80: 0%....50%....100% - 9 passes
==PROF== Profiling "vectorized_elementwise_kernel" - 81: 0%....50%....100% - 9 passes
==PROF== Profiling "elementwise_kernel" - 82: 0%....50%....100% - 9 passes
==PROF== Profiling "vectorized_elementwise_kernel" - 83: 0%....50%....100% - 9 passes
==PROF== Profiling "elementwise_kernel" - 84: 0%....50%....100% - 9 passes
==PROF== Profiling "ampere_bf16_s1688gemm_bf16_64..." - 85: 0%....50%....100% - 9 passes
==PROF== Profiling "vectorized_elementwise_kernel" - 86: 0%....50%....100% - 9 passes
==PROF== Profiling "ampere_bf16_s1688gemm_bf16_64..." - 87: 0%....50%....100% - 9 passes
==PROF== Profiling "vectorized_elementwise_kernel" - 88: 0%....50%....100% - 9 passes
==PROF== Profiling "ampere_bf16_s1688gemm_bf16_12..." - 89: 0%....50%....100% - 9 passes
==PROF== Profiling "vectorized_elementwise_kernel" - 90: 0%....50%....100% - 9 passes
==PROF== Profiling "unrolled_elementwise_kernel" - 91: 0%....50%....100% - 9 passes
==PROF== Profiling "vectorized_elementwise_kernel" - 92: 0%....50%....100% - 9 passes
==PROF== Profiling "reduce_kernel" - 93: 0%....50%....100% - 9 passes
==PROF== Profiling "vectorized_elementwise_kernel" - 94: 0%....50%....100% - 9 passes
==PROF== Profiling "vectorized_elementwise_kernel" - 95: 0%....50%....100% - 9 passes
==PROF== Profiling "elementwise_kernel" - 96: 0%....50%....100% - 9 passes
==PROF== Profiling "vectorized_elementwise_kernel" - 97: 0%....50%....100% - 9 passes
==PROF== Profiling "elementwise_kernel" - 98: 0%....50%....100% - 9 passes
==PROF== Profiling "ampere_bf16_s1688gemm_bf16_12..." - 99: 0%....50%....100% - 9 passes
==PROF== Profiling "ampere_bf16_s16816gemm_bf16_6..." - 100: 0%....50%....100% - 9 passes
==PROF== Profiling "splitKreduce_kernel" - 101: 0%....50%....100% - 9 passes
==PROF== Profiling "ampere_bf16_s16816gemm_bf16_6..." - 102: 0%....50%....100% - 9 passes
==PROF== Profiling "splitKreduce_kernel" - 103: 0%....50%....100% - 9 passes
==PROF== Profiling "CatArrayBatchedCopy" - 104: 0%....50%....100% - 9 passes
==PROF== Profiling "CatArrayBatchedCopy" - 105: 0%....50%....100% - 9 passes
==PROF== Profiling "elementwise_kernel" - 106: 0%....50%....100% - 9 passes
==PROF== Profiling "elementwise_kernel" - 107: 0%....50%....100% - 9 passes
==PROF== Profiling "CatArrayBatchedCopy" - 108: 0%....50%....100% - 9 passes
==PROF== Profiling "elementwise_kernel" - 109: 0%....50%....100% - 9 passes
==PROF== Profiling "elementwise_kernel" - 110: 0%....50%....100% - 9 passes
==PROF== Profiling "elementwise_kernel" - 111: 0%....50%....100% - 9 passes
==PROF== Profiling "elementwise_kernel" - 112: 0%....50%....100% - 9 passes
==PROF== Profiling "CatArrayBatchedCopy" - 113: 0%....50%....100% - 9 passes
==PROF== Profiling "elementwise_kernel" - 114: 0%....50%....100% - 9 passes
==PROF== Profiling "elementwise_kernel" - 115: 0%....50%....100% - 9 passes
==PROF== Profiling "CatArrayBatchedCopy" - 116: 0%....50%....100% - 9 passes
==PROF== Profiling "CatArrayBatchedCopy" - 117: 0%....50%....100% - 9 passes
==PROF== Profiling "flash_fwd_splitkv_kernel" - 118: 0%....50%....100% - 9 passes
==PROF== Profiling "flash_fwd_splitkv_combine_ker..." - 119: 0%....50%....100% - 9 passes
==PROF== Profiling "ampere_bf16_s16816gemm_bf16_1..." - 120: 0%....50%....100% - 9 passes
==PROF== Profiling "vectorized_elementwise_kernel" - 121: 0%....50%....100% - 9 passes
==PROF== Profiling "unrolled_elementwise_kernel" - 122: 0%....50%....100% - 9 passes
==PROF== Profiling "vectorized_elementwise_kernel" - 123: 0%....50%....100% - 9 passes
==PROF== Profiling "reduce_kernel" - 124: 0%....50%....100% - 9 passes
==PROF== Profiling "vectorized_elementwise_kernel" - 125: 0%....50%....100% - 9 passes
==PROF== Profiling "vectorized_elementwise_kernel" - 126: 0%....50%....100% - 9 passes
==PROF== Profiling "elementwise_kernel" - 127: 0%....50%....100% - 9 passes
==PROF== Profiling "vectorized_elementwise_kernel" - 128: 0%....50%....100% - 9 passes
==PROF== Profiling "elementwise_kernel" - 129: 0%....50%....100% - 9 passes
==PROF== Profiling "ampere_bf16_s1688gemm_bf16_64..." - 130: 0%....50%....100% - 9 passes
==PROF== Profiling "vectorized_elementwise_kernel" - 131: 0%....50%....100% - 9 passes
==PROF== Profiling "ampere_bf16_s1688gemm_bf16_64..." - 132: 0%....50%....100% - 9 passes
==PROF== Profiling "vectorized_elementwise_kernel" - 133: 0%....50%....100% - 9 passes
==PROF== Profiling "ampere_bf16_s1688gemm_bf16_12..." - 134: 0%....50%....100% - 9 passes
==PROF== Profiling "vectorized_elementwise_kernel" - 135: 0%....50%....100% - 9 passes
==PROF== Profiling "unrolled_elementwise_kernel" - 136: 0%....50%....100% - 9 passes
==PROF== Profiling "vectorized_elementwise_kernel" - 137: 0%....50%....100% - 9 passes
==PROF== Profiling "reduce_kernel" - 138: 0%....50%....100% - 9 passes
==PROF== Profiling "vectorized_elementwise_kernel" - 139: 0%....50%....100% - 9 passes
==PROF== Profiling "vectorized_elementwise_kernel" - 140: 0%....50%....100% - 9 passes
==PROF== Profiling "elementwise_kernel" - 141: 0%....50%....100% - 9 passes
==PROF== Profiling "vectorized_elementwise_kernel" - 142: 0%....50%....100% - 9 passes
==PROF== Profiling "elementwise_kernel" - 143: 0%....50%....100% - 9 passes
==PROF== Profiling "ampere_bf16_s1688gemm_bf16_12..." - 144: 0%....50%....100% - 9 passes
==PROF== Profiling "ampere_bf16_s16816gemm_bf16_6..." - 145: 0%....50%....100% - 9 passes
==PROF== Profiling "splitKreduce_kernel" - 146: 0%....50%....100% - 9 passes
==PROF== Profiling "ampere_bf16_s16816gemm_bf16_6..." - 147: 0%....50%....100% - 9 passes
==PROF== Profiling "splitKreduce_kernel" - 148: 0%....50%....100% - 9 passes
==PROF== Profiling "CatArrayBatchedCopy" - 149: 0%....50%....100% - 9 passes
==PROF== Profiling "CatArrayBatchedCopy" - 150: 0%....50%....100% - 9 passes
==PROF== Profiling "elementwise_kernel" - 151: 0%....50%....100% - 9 passes
==PROF== Profiling "elementwise_kernel" - 152: 0%....50%....100% - 9 passes
==PROF== Profiling "CatArrayBatchedCopy" - 153: 0%....50%....100% - 9 passes
==PROF== Profiling "elementwise_kernel" - 154: 0%....50%....100% - 9 passes
==PROF== Profiling "elementwise_kernel" - 155: 0%....50%....100% - 9 passes
==PROF== Profiling "elementwise_kernel" - 156: 0%....50%....100% - 9 passes
==PROF== Profiling "elementwise_kernel" - 157: 0%....50%....100% - 9 passes
==PROF== Profiling "CatArrayBatchedCopy" - 158: 0%....50%....100% - 9 passes
==PROF== Profiling "elementwise_kernel" - 159: 0%....50%....100% - 9 passes
==PROF== Profiling "elementwise_kernel" - 160: 0%....50%....100% - 9 passes
==PROF== Profiling "CatArrayBatchedCopy" - 161: 0%....50%....100% - 9 passes
==PROF== Profiling "CatArrayBatchedCopy" - 162: 0%....50%....100% - 9 passes
==PROF== Profiling "flash_fwd_splitkv_kernel" - 163: 0%....50%....100% - 9 passes
==PROF== Profiling "flash_fwd_splitkv_combine_ker..." - 164: 0%....50%....100% - 9 passes
==PROF== Profiling "ampere_bf16_s16816gemm_bf16_1..." - 165: 0%....50%....100% - 9 passes
==PROF== Profiling "vectorized_elementwise_kernel" - 166: 0%....50%....100% - 9 passes
==PROF== Profiling "unrolled_elementwise_kernel" - 167: 0%....50%....100% - 9 passes
==PROF== Profiling "vectorized_elementwise_kernel" - 168: 0%....50%....100% - 9 passes
==PROF== Profiling "reduce_kernel" - 169: 0%....50%....100% - 9 passes
==PROF== Profiling "vectorized_elementwise_kernel" - 170: 0%....50%....100% - 9 passes
==PROF== Profiling "vectorized_elementwise_kernel" - 171: 0%....50%....100% - 9 passes
==PROF== Profiling "elementwise_kernel" - 172: 0%....50%....100% - 9 passes
==PROF== Profiling "vectorized_elementwise_kernel" - 173: 0%....50%....100% - 9 passes
==PROF== Profiling "elementwise_kernel" - 174: 0%....50%....100% - 9 passes
==PROF== Profiling "ampere_bf16_s1688gemm_bf16_64..." - 175: 0%....50%....100% - 9 passes
==PROF== Profiling "vectorized_elementwise_kernel" - 176: 0%....50%....100% - 9 passes
==PROF== Profiling "ampere_bf16_s1688gemm_bf16_64..." - 177: 0%....50%....100% - 9 passes
==PROF== Profiling "vectorized_elementwise_kernel" - 178: 0%....50%....100% - 9 passes
==PROF== Profiling "ampere_bf16_s1688gemm_bf16_12..." - 179: 0%....50%....100% - 9 passes
==PROF== Profiling "vectorized_elementwise_kernel" - 180: 0%....50%....100% - 9 passes
==PROF== Profiling "unrolled_elementwise_kernel" - 181: 0%....50%....100% - 9 passes
==PROF== Profiling "vectorized_elementwise_kernel" - 182: 0%....50%....100% - 9 passes
==PROF== Profiling "reduce_kernel" - 183: 0%....50%....100% - 9 passes
==PROF== Profiling "vectorized_elementwise_kernel" - 184: 0%....50%....100% - 9 passes
==PROF== Profiling "vectorized_elementwise_kernel" - 185: 0%....50%....100% - 9 passes
==PROF== Profiling "elementwise_kernel" - 186: 0%....50%....100% - 9 passes
==PROF== Profiling "vectorized_elementwise_kernel" - 187: 0%....50%....100% - 9 passes
==PROF== Profiling "elementwise_kernel" - 188: 0%....50%....100% - 9 passes
==PROF== Profiling "ampere_bf16_s1688gemm_bf16_12..." - 189: 0%....50%....100% - 9 passes
==PROF== Profiling "ampere_bf16_s16816gemm_bf16_6..." - 190: 0%....50%....100% - 9 passes
==PROF== Profiling "splitKreduce_kernel" - 191: 0%....50%....100% - 9 passes
==PROF== Profiling "ampere_bf16_s16816gemm_bf16_6..." - 192: 0%....50%....100% - 9 passes
==PROF== Profiling "splitKreduce_kernel" - 193: 0%....50%....100% - 9 passes
==PROF== Profiling "CatArrayBatchedCopy" - 194: 0%....50%....100% - 9 passes
==PROF== Profiling "CatArrayBatchedCopy" - 195: 0%....50%....100% - 9 passes
==PROF== Profiling "elementwise_kernel" - 196: 0%....50%....100% - 9 passes
==PROF== Profiling "elementwise_kernel" - 197: 0%....50%....100% - 9 passes
==PROF== Profiling "CatArrayBatchedCopy" - 198: 0%....50%....100% - 9 passes
==PROF== Profiling "elementwise_kernel" - 199: 0%....50%....100% - 9 passes
==PROF== Profiling "elementwise_kernel" - 200: 0%....50%....100% - 9 passes
==PROF== Profiling "elementwise_kernel" - 201: 0%....50%....100% - 9 passes
==PROF== Profiling "elementwise_kernel" - 202: 0%....50%....100% - 9 passes
==PROF== Profiling "CatArrayBatchedCopy" - 203: 0%....50%....100% - 9 passes
==PROF== Profiling "elementwise_kernel" - 204: 0%....50%....100% - 9 passes
==PROF== Profiling "elementwise_kernel" - 205: 0%....50%....100% - 9 passes
==PROF== Profiling "CatArrayBatchedCopy" - 206: 0%....50%....100% - 9 passes
==PROF== Profiling "CatArrayBatchedCopy" - 207: 0%....50%....100% - 9 passes
==PROF== Profiling "flash_fwd_splitkv_kernel" - 208: 0%....50%....100% - 9 passes
==PROF== Profiling "flash_fwd_splitkv_combine_ker..." - 209: 0%....50%....100% - 9 passes
==PROF== Profiling "ampere_bf16_s16816gemm_bf16_1..." - 210: 0%....50%....100% - 9 passes
==PROF== Profiling "vectorized_elementwise_kernel" - 211: 0%....50%....100% - 9 passes
==PROF== Profiling "unrolled_elementwise_kernel" - 212: 0%....50%....100% - 9 passes
==PROF== Profiling "vectorized_elementwise_kernel" - 213: 0%....50%....100% - 9 passes
==PROF== Profiling "reduce_kernel" - 214: 0%....50%....100% - 9 passes
==PROF== Profiling "vectorized_elementwise_kernel" - 215: 0%....50%....100% - 9 passes
==PROF== Profiling "vectorized_elementwise_kernel" - 216: 0%....50%....100% - 9 passes
==PROF== Profiling "elementwise_kernel" - 217: 0%....50%....100% - 9 passes
==PROF== Profiling "vectorized_elementwise_kernel" - 218: 0%....50%....100% - 9 passes
==PROF== Profiling "elementwise_kernel" - 219: 0%....50%....100% - 9 passes
==PROF== Profiling "ampere_bf16_s1688gemm_bf16_64..." - 220: 0%....50%....100% - 9 passes
==PROF== Profiling "vectorized_elementwise_kernel" - 221: 0%....50%....100% - 9 passes
==PROF== Profiling "ampere_bf16_s1688gemm_bf16_64..." - 222: 0%....50%....100% - 9 passes
==PROF== Profiling "vectorized_elementwise_kernel" - 223: 0%....50%....100% - 9 passes
==PROF== Profiling "ampere_bf16_s1688gemm_bf16_12..." - 224: 0%....50%....100% - 9 passes
==PROF== Profiling "vectorized_elementwise_kernel" - 225: 0%....50%....100% - 9 passes
==PROF== Profiling "unrolled_elementwise_kernel" - 226: 0%....50%....100% - 9 passes
==PROF== Profiling "vectorized_elementwise_kernel" - 227: 0%....50%....100% - 9 passes
==PROF== Profiling "reduce_kernel" - 228: 0%....50%....100% - 9 passes
==PROF== Profiling "vectorized_elementwise_kernel" - 229: 0%....50%....100% - 9 passes
==PROF== Profiling "vectorized_elementwise_kernel" - 230: 0%....50%....100% - 9 passes
==PROF== Profiling "elementwise_kernel" - 231: 0%....50%....100% - 9 passes
==PROF== Profiling "vectorized_elementwise_kernel" - 232: 0%....50%....100% - 9 passes
==PROF== Profiling "elementwise_kernel" - 233: 0%....50%....100% - 9 passes
==PROF== Profiling "ampere_bf16_s1688gemm_bf16_12..." - 234: 0%....50%....100% - 9 passes
==PROF== Profiling "ampere_bf16_s16816gemm_bf16_6..." - 235: 0%....50%....100% - 9 passes
==PROF== Profiling "splitKreduce_kernel" - 236: 0%....50%....100% - 9 passes
==PROF== Profiling "ampere_bf16_s16816gemm_bf16_6..." - 237: 0%....50%....100% - 9 passes
==PROF== Profiling "splitKreduce_kernel" - 238: 0%....50%....100% - 9 passes
==PROF== Profiling "CatArrayBatchedCopy" - 239: 0%....50%....100% - 9 passes
==PROF== Profiling "CatArrayBatchedCopy" - 240: 0%....50%....100% - 9 passes
==PROF== Profiling "elementwise_kernel" - 241: 0%....50%....100% - 9 passes
==PROF== Profiling "elementwise_kernel" - 242: 0%....50%....100% - 9 passes
==PROF== Profiling "CatArrayBatchedCopy" - 243: 0%....50%....100% - 9 passes
==PROF== Profiling "elementwise_kernel" - 244: 0%....50%....100% - 9 passes
==PROF== Profiling "elementwise_kernel" - 245: 0%....50%....100% - 9 passes
==PROF== Profiling "elementwise_kernel" - 246: 0%....50%....100% - 9 passes
==PROF== Profiling "elementwise_kernel" - 247: 0%....50%....100% - 9 passes
==PROF== Profiling "CatArrayBatchedCopy" - 248: 0%....50%....100% - 9 passes
==PROF== Profiling "elementwise_kernel" - 249: 0%....50%....100% - 9 passes
==PROF== Profiling "elementwise_kernel" - 250: 0%....50%....100% - 9 passes
==PROF== Profiling "CatArrayBatchedCopy" - 251: 0%....50%....100% - 9 passes
==PROF== Profiling "CatArrayBatchedCopy" - 252: 0%....50%....100% - 9 passes
==PROF== Profiling "flash_fwd_splitkv_kernel" - 253: 0%....50%....100% - 9 passes
==PROF== Profiling "flash_fwd_splitkv_combine_ker..." - 254: 0%....50%....100% - 9 passes
==PROF== Profiling "ampere_bf16_s16816gemm_bf16_1..." - 255: 0%....50%....100% - 9 passes
==PROF== Profiling "vectorized_elementwise_kernel" - 256: 0%....50%....100% - 9 passes
==PROF== Profiling "unrolled_elementwise_kernel" - 257: 0%....50%....100% - 9 passes
==PROF== Profiling "vectorized_elementwise_kernel" - 258: 0%....50%....100% - 9 passes
==PROF== Profiling "reduce_kernel" - 259: 0%....50%....100% - 9 passes
==PROF== Profiling "vectorized_elementwise_kernel" - 260: 0%....50%....100% - 9 passes
==PROF== Profiling "vectorized_elementwise_kernel" - 261: 0%....50%....100% - 9 passes
==PROF== Profiling "elementwise_kernel" - 262: 0%....50%....100% - 9 passes
==PROF== Profiling "vectorized_elementwise_kernel" - 263: 0%....50%....100% - 9 passes
==PROF== Profiling "elementwise_kernel" - 264: 0%....50%....100% - 9 passes
==PROF== Profiling "ampere_bf16_s1688gemm_bf16_64..." - 265: 0%....50%....100% - 9 passes
==PROF== Profiling "vectorized_elementwise_kernel" - 266: 0%....50%....100% - 9 passes
==PROF== Profiling "ampere_bf16_s1688gemm_bf16_64..." - 267: 0%....50%....100% - 9 passes
==PROF== Profiling "vectorized_elementwise_kernel" - 268: 0%....50%....100% - 9 passes
==PROF== Profiling "ampere_bf16_s1688gemm_bf16_12..." - 269: 0%....50%....100% - 9 passes
==PROF== Profiling "vectorized_elementwise_kernel" - 270: 0%....50%....100% - 9 passes
==PROF== Profiling "unrolled_elementwise_kernel" - 271: 0%....50%....100% - 9 passes
==PROF== Profiling "vectorized_elementwise_kernel" - 272: 0%....50%....100% - 9 passes
==PROF== Profiling "reduce_kernel" - 273: 0%....50%....100% - 9 passes
==PROF== Profiling "vectorized_elementwise_kernel" - 274: 0%....50%....100% - 9 passes
==PROF== Profiling "vectorized_elementwise_kernel" - 275: 0%....50%....100% - 9 passes
==PROF== Profiling "elementwise_kernel" - 276: 0%....50%....100% - 9 passes
==PROF== Profiling "vectorized_elementwise_kernel" - 277: 0%....50%....100% - 9 passes
==PROF== Profiling "elementwise_kernel" - 278: 0%....50%....100% - 9 passes
==PROF== Profiling "ampere_bf16_s1688gemm_bf16_12..." - 279: 0%....50%....100% - 9 passes
==PROF== Profiling "ampere_bf16_s16816gemm_bf16_6..." - 280: 0%....50%....100% - 9 passes
==PROF== Profiling "splitKreduce_kernel" - 281: 0%....50%....100% - 9 passes
==PROF== Profiling "ampere_bf16_s16816gemm_bf16_6..." - 282: 0%....50%....100% - 9 passes
==PROF== Profiling "splitKreduce_kernel" - 283: 0%....50%....100% - 9 passes
==PROF== Profiling "CatArrayBatchedCopy" - 284: 0%....50%....100% - 9 passes
==PROF== Profiling "CatArrayBatchedCopy" - 285: 0%....50%....100% - 9 passes
==PROF== Profiling "elementwise_kernel" - 286: 0%....50%....100% - 9 passes
==PROF== Profiling "elementwise_kernel" - 287: 0%....50%....100% - 9 passes
==PROF== Profiling "CatArrayBatchedCopy" - 288: 0%....50%....100% - 9 passes
==PROF== Profiling "elementwise_kernel" - 289: 0%....50%....100% - 9 passes
==PROF== Profiling "elementwise_kernel" - 290: 0%....50%....100% - 9 passes
==PROF== Profiling "elementwise_kernel" - 291: 0%....50%....100% - 9 passes
==PROF== Profiling "elementwise_kernel" - 292: 0%....50%....100% - 9 passes
==PROF== Profiling "CatArrayBatchedCopy" - 293: 0%....50%....100% - 9 passes
==PROF== Profiling "elementwise_kernel" - 294: 0%....50%....100% - 9 passes
==PROF== Profiling "elementwise_kernel" - 295: 0%....50%....100% - 9 passes
==PROF== Profiling "CatArrayBatchedCopy" - 296: 0%....50%....100% - 9 passes
==PROF== Profiling "CatArrayBatchedCopy" - 297: 0%....50%....100% - 9 passes
==PROF== Profiling "flash_fwd_splitkv_kernel" - 298: 0%....50%....100% - 9 passes
==PROF== Profiling "flash_fwd_splitkv_combine_ker..." - 299: 0%....50%....100% - 9 passes
==PROF== Profiling "ampere_bf16_s16816gemm_bf16_1..." - 300: 0%....50%....100% - 9 passes
==PROF== Profiling "vectorized_elementwise_kernel" - 301: 0%....50%....100% - 9 passes
==PROF== Profiling "unrolled_elementwise_kernel" - 302: 0%....50%....100% - 9 passes
==PROF== Profiling "vectorized_elementwise_kernel" - 303: 0%....50%....100% - 9 passes
==PROF== Profiling "reduce_kernel" - 304: 0%....50%....100% - 9 passes
==PROF== Profiling "vectorized_elementwise_kernel" - 305: 0%....50%....100% - 9 passes
==PROF== Profiling "vectorized_elementwise_kernel" - 306: 0%....50%....100% - 9 passes
==PROF== Profiling "elementwise_kernel" - 307: 0%....50%....100% - 9 passes
==PROF== Profiling "vectorized_elementwise_kernel" - 308: 0%....50%....100% - 9 passes
==PROF== Profiling "elementwise_kernel" - 309: 0%....50%....100% - 9 passes
==PROF== Profiling "ampere_bf16_s1688gemm_bf16_64..." - 310: 0%....50%....100% - 9 passes
==PROF== Profiling "vectorized_elementwise_kernel" - 311: 0%....50%....100% - 9 passes
==PROF== Profiling "ampere_bf16_s1688gemm_bf16_64..." - 312: 0%....50%....100% - 9 passes
==PROF== Profiling "vectorized_elementwise_kernel" - 313: 0%....50%....100% - 9 passes
==PROF== Profiling "ampere_bf16_s1688gemm_bf16_12..." - 314: 0%....50%....100% - 9 passes
==PROF== Profiling "vectorized_elementwise_kernel" - 315: 0%....50%....100% - 9 passes
==PROF== Profiling "unrolled_elementwise_kernel" - 316: 0%....50%....100% - 9 passes
==PROF== Profiling "vectorized_elementwise_kernel" - 317: 0%....50%....100% - 9 passes
==PROF== Profiling "reduce_kernel" - 318: 0%....50%....100% - 9 passes
==PROF== Profiling "vectorized_elementwise_kernel" - 319: 0%....50%....100% - 9 passes
==PROF== Profiling "vectorized_elementwise_kernel" - 320: 0%....50%....100% - 9 passes
==PROF== Profiling "elementwise_kernel" - 321: 0%....50%....100% - 9 passes
==PROF== Profiling "vectorized_elementwise_kernel" - 322: 0%....50%....100% - 9 passes
==PROF== Profiling "elementwise_kernel" - 323: 0%....50%....100% - 9 passes
==PROF== Profiling "ampere_bf16_s1688gemm_bf16_12..." - 324: 0%....50%....100% - 9 passes
==PROF== Profiling "ampere_bf16_s16816gemm_bf16_6..." - 325: 0%....50%....100% - 9 passes
==PROF== Profiling "splitKreduce_kernel" - 326: 0%....50%....100% - 9 passes
==PROF== Profiling "ampere_bf16_s16816gemm_bf16_6..." - 327: 0%....50%....100% - 9 passes
==PROF== Profiling "splitKreduce_kernel" - 328: 0%....50%....100% - 9 passes
==PROF== Profiling "CatArrayBatchedCopy" - 329: 0%....50%....100% - 9 passes
==PROF== Profiling "CatArrayBatchedCopy" - 330: 0%....50%....100% - 9 passes
==PROF== Profiling "elementwise_kernel" - 331: 0%....50%....100% - 9 passes
==PROF== Profiling "elementwise_kernel" - 332: 0%....50%....100% - 9 passes
==PROF== Profiling "CatArrayBatchedCopy" - 333: 0%....50%....100% - 9 passes
==PROF== Profiling "elementwise_kernel" - 334: 0%....50%....100% - 9 passes
==PROF== Profiling "elementwise_kernel" - 335: 0%....50%....100% - 9 passes
==PROF== Profiling "elementwise_kernel" - 336: 0%....50%....100% - 9 passes
==PROF== Profiling "elementwise_kernel" - 337: 0%....50%....100% - 9 passes
==PROF== Profiling "CatArrayBatchedCopy" - 338: 0%....50%....100% - 9 passes
==PROF== Profiling "elementwise_kernel" - 339: 0%....50%....100% - 9 passes
==PROF== Profiling "elementwise_kernel" - 340: 0%....50%....100% - 9 passes
==PROF== Profiling "CatArrayBatchedCopy" - 341: 0%....50%....100% - 9 passes
==PROF== Profiling "CatArrayBatchedCopy" - 342: 0%....50%....100% - 9 passes
==PROF== Profiling "flash_fwd_splitkv_kernel" - 343: 0%....50%....100% - 9 passes
==PROF== Profiling "flash_fwd_splitkv_combine_ker..." - 344: 0%....50%....100% - 9 passes
==PROF== Profiling "ampere_bf16_s16816gemm_bf16_1..." - 345: 0%....50%....100% - 9 passes
==PROF== Profiling "vectorized_elementwise_kernel" - 346: 0%....50%....100% - 9 passes
==PROF== Profiling "unrolled_elementwise_kernel" - 347: 0%....50%....100% - 9 passes
==PROF== Profiling "vectorized_elementwise_kernel" - 348: 0%....50%....100% - 9 passes
==PROF== Profiling "reduce_kernel" - 349: 0%....50%....100% - 9 passes
==PROF== Profiling "vectorized_elementwise_kernel" - 350: 0%....50%....100% - 9 passes
==PROF== Profiling "vectorized_elementwise_kernel" - 351: 0%....50%....100% - 9 passes
==PROF== Profiling "elementwise_kernel" - 352: 0%....50%....100% - 9 passes
==PROF== Profiling "vectorized_elementwise_kernel" - 353: 0%....50%....100% - 9 passes
==PROF== Profiling "elementwise_kernel" - 354: 0%....50%....100% - 9 passes
==PROF== Profiling "ampere_bf16_s1688gemm_bf16_64..." - 355: 0%....50%....100% - 9 passes
==PROF== Profiling "vectorized_elementwise_kernel" - 356: 0%....50%....100% - 9 passes
==PROF== Profiling "ampere_bf16_s1688gemm_bf16_64..." - 357: 0%....50%....100% - 9 passes
==PROF== Profiling "vectorized_elementwise_kernel" - 358: 0%....50%....100% - 9 passes
==PROF== Profiling "ampere_bf16_s1688gemm_bf16_12..." - 359: 0%....50%....100% - 9 passes
==PROF== Profiling "vectorized_elementwise_kernel" - 360: 0%....50%....100% - 9 passes
==PROF== Profiling "unrolled_elementwise_kernel" - 361: 0%....50%....100% - 9 passes
==PROF== Profiling "vectorized_elementwise_kernel" - 362: 0%....50%....100% - 9 passes
==PROF== Profiling "reduce_kernel" - 363: 0%....50%....100% - 9 passes
==PROF== Profiling "vectorized_elementwise_kernel" - 364: 0%....50%....100% - 9 passes
==PROF== Profiling "vectorized_elementwise_kernel" - 365: 0%....50%....100% - 9 passes
==PROF== Profiling "elementwise_kernel" - 366: 0%....50%....100% - 9 passes
==PROF== Profiling "vectorized_elementwise_kernel" - 367: 0%....50%....100% - 9 passes
==PROF== Profiling "elementwise_kernel" - 368: 0%....50%....100% - 9 passes
==PROF== Profiling "ampere_bf16_s1688gemm_bf16_12..." - 369: 0%....50%....100% - 9 passes
==PROF== Profiling "ampere_bf16_s16816gemm_bf16_6..." - 370: 0%....50%....100% - 9 passes
==PROF== Profiling "splitKreduce_kernel" - 371: 0%....50%....100% - 9 passes
==PROF== Profiling "ampere_bf16_s16816gemm_bf16_6..." - 372: 0%....50%....100% - 9 passes
==PROF== Profiling "splitKreduce_kernel" - 373: 0%....50%....100% - 9 passes
==PROF== Profiling "CatArrayBatchedCopy" - 374: 0%....50%....100% - 9 passes
==PROF== Profiling "CatArrayBatchedCopy" - 375: 0%....50%....100% - 9 passes
==PROF== Profiling "elementwise_kernel" - 376: 0%....50%....100% - 9 passes
==PROF== Profiling "elementwise_kernel" - 377: 0%....50%....100% - 9 passes
==PROF== Profiling "CatArrayBatchedCopy" - 378: 0%....50%....100% - 9 passes
==PROF== Profiling "elementwise_kernel" - 379: 0%....50%....100% - 9 passes
==PROF== Profiling "elementwise_kernel" - 380: 0%....50%....100% - 9 passes
==PROF== Profiling "elementwise_kernel" - 381: 0%....50%....100% - 9 passes
==PROF== Profiling "elementwise_kernel" - 382: 0%....50%....100% - 9 passes
==PROF== Profiling "CatArrayBatchedCopy" - 383: 0%....50%....100% - 9 passes
==PROF== Profiling "elementwise_kernel" - 384: 0%....50%....100% - 9 passes
==PROF== Profiling "elementwise_kernel" - 385: 0%....50%....100% - 9 passes
==PROF== Profiling "CatArrayBatchedCopy" - 386: 0%....50%....100% - 9 passes
==PROF== Profiling "CatArrayBatchedCopy" - 387: 0%....50%....100% - 9 passes
==PROF== Profiling "flash_fwd_splitkv_kernel" - 388: 0%....50%....100% - 9 passes
==PROF== Profiling "flash_fwd_splitkv_combine_ker..." - 389: 0%....50%....100% - 9 passes
==PROF== Profiling "ampere_bf16_s16816gemm_bf16_1..." - 390: 0%....50%....100% - 9 passes
==PROF== Profiling "vectorized_elementwise_kernel" - 391: 0%....50%....100% - 9 passes
==PROF== Profiling "unrolled_elementwise_kernel" - 392: 0%....50%....100% - 9 passes
==PROF== Profiling "vectorized_elementwise_kernel" - 393: 0%....50%....100% - 9 passes
==PROF== Profiling "reduce_kernel" - 394: 0%....50%....100% - 9 passes
==PROF== Profiling "vectorized_elementwise_kernel" - 395: 0%....50%....100% - 9 passes
==PROF== Profiling "vectorized_elementwise_kernel" - 396: 0%....50%....100% - 9 passes
==PROF== Profiling "elementwise_kernel" - 397: 0%....50%....100% - 9 passes
==PROF== Profiling "vectorized_elementwise_kernel" - 398: 0%....50%....100% - 9 passes
==PROF== Profiling "elementwise_kernel" - 399: 0%....50%....100% - 9 passes
==PROF== Profiling "ampere_bf16_s1688gemm_bf16_64..." - 400: 0%....50%....100% - 9 passes
==PROF== Profiling "vectorized_elementwise_kernel" - 401: 0%....50%....100% - 9 passes
==PROF== Profiling "ampere_bf16_s1688gemm_bf16_64..." - 402: 0%....50%....100% - 9 passes
==PROF== Profiling "vectorized_elementwise_kernel" - 403: 0%....50%....100% - 9 passes
==PROF== Profiling "ampere_bf16_s1688gemm_bf16_12..." - 404: 0%....50%....100% - 9 passes
==PROF== Profiling "vectorized_elementwise_kernel" - 405: 0%....50%....100% - 9 passes
==PROF== Profiling "unrolled_elementwise_kernel" - 406: 0%....50%....100% - 9 passes
==PROF== Profiling "vectorized_elementwise_kernel" - 407: 0%....50%....100% - 9 passes
==PROF== Profiling "reduce_kernel" - 408: 0%....50%....100% - 9 passes
==PROF== Profiling "vectorized_elementwise_kernel" - 409: 0%....50%....100% - 9 passes
==PROF== Profiling "vectorized_elementwise_kernel" - 410: 0%....50%....100% - 9 passes
==PROF== Profiling "elementwise_kernel" - 411: 0%....50%....100% - 9 passes
==PROF== Profiling "vectorized_elementwise_kernel" - 412: 0%....50%....100% - 9 passes
==PROF== Profiling "elementwise_kernel" - 413: 0%....50%....100% - 9 passes
==PROF== Profiling "ampere_bf16_s1688gemm_bf16_12..." - 414: 0%....50%....100% - 9 passes
==PROF== Profiling "ampere_bf16_s16816gemm_bf16_6..." - 415: 0%....50%....100% - 9 passes
==PROF== Profiling "splitKreduce_kernel" - 416: 0%....50%....100% - 9 passes
==PROF== Profiling "ampere_bf16_s16816gemm_bf16_6..." - 417: 0%....50%....100% - 9 passes
==PROF== Profiling "splitKreduce_kernel" - 418: 0%....50%....100% - 9 passes
==PROF== Profiling "CatArrayBatchedCopy" - 419: 0%....50%....100% - 9 passes
==PROF== Profiling "CatArrayBatchedCopy" - 420: 0%....50%....100% - 9 passes
==PROF== Profiling "elementwise_kernel" - 421: 0%....50%....100% - 9 passes
==PROF== Profiling "elementwise_kernel" - 422: 0%....50%....100% - 9 passes
==PROF== Profiling "CatArrayBatchedCopy" - 423: 0%....50%....100% - 9 passes
==PROF== Profiling "elementwise_kernel" - 424: 0%....50%....100% - 9 passes
==PROF== Profiling "elementwise_kernel" - 425: 0%....50%....100% - 9 passes
==PROF== Profiling "elementwise_kernel" - 426: 0%....50%....100% - 9 passes
==PROF== Profiling "elementwise_kernel" - 427: 0%....50%....100% - 9 passes
==PROF== Profiling "CatArrayBatchedCopy" - 428: 0%....50%....100% - 9 passes
==PROF== Profiling "elementwise_kernel" - 429: 0%....50%....100% - 9 passes
==PROF== Profiling "elementwise_kernel" - 430: 0%....50%....100% - 9 passes
==PROF== Profiling "CatArrayBatchedCopy" - 431: 0%....50%....100% - 9 passes
==PROF== Profiling "CatArrayBatchedCopy" - 432: 0%....50%....100% - 9 passes
==PROF== Profiling "flash_fwd_splitkv_kernel" - 433: 0%....50%....100% - 9 passes
==PROF== Profiling "flash_fwd_splitkv_combine_ker..." - 434: 0%....50%....100% - 9 passes
==PROF== Profiling "ampere_bf16_s16816gemm_bf16_1..." - 435: 0%....50%....100% - 9 passes
==PROF== Profiling "vectorized_elementwise_kernel" - 436: 0%....50%....100% - 9 passes
==PROF== Profiling "unrolled_elementwise_kernel" - 437: 0%....50%....100% - 9 passes
==PROF== Profiling "vectorized_elementwise_kernel" - 438: 0%....50%....100% - 9 passes
==PROF== Profiling "reduce_kernel" - 439: 0%....50%....100% - 9 passes
==PROF== Profiling "vectorized_elementwise_kernel" - 440: 0%....50%....100% - 9 passes
==PROF== Profiling "vectorized_elementwise_kernel" - 441: 0%....50%....100% - 9 passes
==PROF== Profiling "elementwise_kernel" - 442: 0%....50%....100% - 9 passes
==PROF== Profiling "vectorized_elementwise_kernel" - 443: 0%....50%....100% - 9 passes
==PROF== Profiling "elementwise_kernel" - 444: 0%....50%....100% - 9 passes
==PROF== Profiling "ampere_bf16_s1688gemm_bf16_64..." - 445: 0%....50%....100% - 9 passes
==PROF== Profiling "vectorized_elementwise_kernel" - 446: 0%....50%....100% - 9 passes
==PROF== Profiling "ampere_bf16_s1688gemm_bf16_64..." - 447: 0%....50%....100% - 9 passes
==PROF== Profiling "vectorized_elementwise_kernel" - 448: 0%....50%....100% - 9 passes
==PROF== Profiling "ampere_bf16_s1688gemm_bf16_12..." - 449: 0%....50%....100% - 9 passes
==PROF== Profiling "vectorized_elementwise_kernel" - 450: 0%....50%....100% - 9 passes
==PROF== Profiling "unrolled_elementwise_kernel" - 451: 0%....50%....100% - 9 passes
==PROF== Profiling "vectorized_elementwise_kernel" - 452: 0%....50%....100% - 9 passes
==PROF== Profiling "reduce_kernel" - 453: 0%....50%....100% - 9 passes
==PROF== Profiling "vectorized_elementwise_kernel" - 454: 0%....50%....100% - 9 passes
==PROF== Profiling "vectorized_elementwise_kernel" - 455: 0%....50%....100% - 9 passes
==PROF== Profiling "elementwise_kernel" - 456: 0%....50%....100% - 9 passes
==PROF== Profiling "vectorized_elementwise_kernel" - 457: 0%....50%....100% - 9 passes
==PROF== Profiling "elementwise_kernel" - 458: 0%....50%....100% - 9 passes
==PROF== Profiling "ampere_bf16_s1688gemm_bf16_12..." - 459: 0%....50%....100% - 9 passes
==PROF== Profiling "ampere_bf16_s16816gemm_bf16_6..." - 460: 0%....50%....100% - 9 passes
==PROF== Profiling "splitKreduce_kernel" - 461: 0%....50%....100% - 9 passes
==PROF== Profiling "ampere_bf16_s16816gemm_bf16_6..." - 462: 0%....50%....100% - 9 passes
==PROF== Profiling "splitKreduce_kernel" - 463: 0%....50%....100% - 9 passes
==PROF== Profiling "CatArrayBatchedCopy" - 464: 0%....50%....100% - 9 passes
==PROF== Profiling "CatArrayBatchedCopy" - 465: 0%....50%....100% - 9 passes
==PROF== Profiling "elementwise_kernel" - 466: 0%....50%....100% - 9 passes
==PROF== Profiling "elementwise_kernel" - 467: 0%....50%....100% - 9 passes
==PROF== Profiling "CatArrayBatchedCopy" - 468: 0%....50%....100% - 9 passes
==PROF== Profiling "elementwise_kernel" - 469: 0%....50%....100% - 9 passes
==PROF== Profiling "elementwise_kernel" - 470: 0%....50%....100% - 9 passes
==PROF== Profiling "elementwise_kernel" - 471: 0%....50%....100% - 9 passes
==PROF== Profiling "elementwise_kernel" - 472: 0%....50%....100% - 9 passes
==PROF== Profiling "CatArrayBatchedCopy" - 473: 0%....50%....100% - 9 passes
==PROF== Profiling "elementwise_kernel" - 474: 0%....50%....100% - 9 passes
==PROF== Profiling "elementwise_kernel" - 475: 0%....50%....100% - 9 passes
==PROF== Profiling "CatArrayBatchedCopy" - 476: 0%....50%....100% - 9 passes
==PROF== Profiling "CatArrayBatchedCopy" - 477: 0%....50%....100% - 9 passes
==PROF== Profiling "flash_fwd_splitkv_kernel" - 478: 0%....50%....100% - 9 passes
==PROF== Profiling "flash_fwd_splitkv_combine_ker..." - 479: 0%....50%....100% - 9 passes
==PROF== Profiling "ampere_bf16_s16816gemm_bf16_1..." - 480: 0%....50%....100% - 9 passes
==PROF== Profiling "vectorized_elementwise_kernel" - 481: 0%....50%....100% - 9 passes
==PROF== Profiling "unrolled_elementwise_kernel" - 482: 0%....50%....100% - 9 passes
==PROF== Profiling "vectorized_elementwise_kernel" - 483: 0%....50%....100% - 9 passes
==PROF== Profiling "reduce_kernel" - 484: 0%....50%....100% - 9 passes
==PROF== Profiling "vectorized_elementwise_kernel" - 485: 0%....50%....100% - 9 passes
==PROF== Profiling "vectorized_elementwise_kernel" - 486: 0%....50%....100% - 9 passes
==PROF== Profiling "elementwise_kernel" - 487: 0%....50%....100% - 9 passes
==PROF== Profiling "vectorized_elementwise_kernel" - 488: 0%....50%....100% - 9 passes
==PROF== Profiling "elementwise_kernel" - 489: 0%....50%....100% - 9 passes
==PROF== Profiling "ampere_bf16_s1688gemm_bf16_64..." - 490: 0%....50%....100% - 9 passes
==PROF== Profiling "vectorized_elementwise_kernel" - 491: 0%....50%....100% - 9 passes
==PROF== Profiling "ampere_bf16_s1688gemm_bf16_64..." - 492: 0%....50%....100% - 9 passes
==PROF== Profiling "vectorized_elementwise_kernel" - 493: 0%....50%....100% - 9 passes
==PROF== Profiling "ampere_bf16_s1688gemm_bf16_12..." - 494: 0%....50%....100% - 9 passes
==PROF== Profiling "vectorized_elementwise_kernel" - 495: 0%....50%....100% - 9 passes
==PROF== Profiling "unrolled_elementwise_kernel" - 496: 0%....50%....100% - 9 passes
==PROF== Profiling "vectorized_elementwise_kernel" - 497: 0%....50%....100% - 9 passes
==PROF== Profiling "reduce_kernel" - 498: 0%....50%....100% - 9 passes
==PROF== Profiling "vectorized_elementwise_kernel" - 499: 0%....50%....100% - 9 passes
==PROF== Profiling "vectorized_elementwise_kernel" - 500: 0%....50%....100% - 9 passes
==PROF== Profiling "elementwise_kernel" - 501: 0%....50%....100% - 9 passes
==PROF== Profiling "vectorized_elementwise_kernel" - 502: 0%....50%....100% - 9 passes
==PROF== Profiling "elementwise_kernel" - 503: 0%....50%....100% - 9 passes
==PROF== Profiling "ampere_bf16_s1688gemm_bf16_12..." - 504: 0%....50%....100% - 9 passes
==PROF== Profiling "ampere_bf16_s16816gemm_bf16_6..." - 505: 0%....50%....100% - 9 passes
==PROF== Profiling "splitKreduce_kernel" - 506: 0%....50%....100% - 9 passes
==PROF== Profiling "ampere_bf16_s16816gemm_bf16_6..." - 507: 0%....50%....100% - 9 passes
==PROF== Profiling "splitKreduce_kernel" - 508: 0%....50%....100% - 9 passes
==PROF== Profiling "CatArrayBatchedCopy" - 509: 0%....50%....100% - 9 passes
==PROF== Profiling "CatArrayBatchedCopy" - 510: 0%....50%....100% - 9 passes
==PROF== Profiling "elementwise_kernel" - 511: 0%....50%....100% - 9 passes
==PROF== Profiling "elementwise_kernel" - 512: 0%....50%....100% - 9 passes
==PROF== Profiling "CatArrayBatchedCopy" - 513: 0%....50%....100% - 9 passes
==PROF== Profiling "elementwise_kernel" - 514: 0%....50%....100% - 9 passes
==PROF== Profiling "elementwise_kernel" - 515: 0%....50%....100% - 9 passes
==PROF== Profiling "elementwise_kernel" - 516: 0%....50%....100% - 9 passes
==PROF== Profiling "elementwise_kernel" - 517: 0%....50%....100% - 9 passes
==PROF== Profiling "CatArrayBatchedCopy" - 518: 0%....50%....100% - 9 passes
==PROF== Profiling "elementwise_kernel" - 519: 0%....50%....100% - 9 passes
==PROF== Profiling "elementwise_kernel" - 520: 0%....50%....100% - 9 passes
==PROF== Profiling "CatArrayBatchedCopy" - 521: 0%....50%....100% - 9 passes
==PROF== Profiling "CatArrayBatchedCopy" - 522: 0%....50%....100% - 9 passes
==PROF== Profiling "flash_fwd_splitkv_kernel" - 523: 0%....50%....100% - 9 passes
==PROF== Profiling "flash_fwd_splitkv_combine_ker..." - 524: 0%....50%....100% - 9 passes
==PROF== Profiling "ampere_bf16_s16816gemm_bf16_1..." - 525: 0%....50%....100% - 9 passes
==PROF== Profiling "vectorized_elementwise_kernel" - 526: 0%....50%....100% - 9 passes
==PROF== Profiling "unrolled_elementwise_kernel" - 527: 0%....50%....100% - 9 passes
==PROF== Profiling "vectorized_elementwise_kernel" - 528: 0%....50%....100% - 9 passes
==PROF== Profiling "reduce_kernel" - 529: 0%....50%....100% - 9 passes
==PROF== Profiling "vectorized_elementwise_kernel" - 530: 0%....50%....100% - 9 passes
==PROF== Profiling "vectorized_elementwise_kernel" - 531: 0%....50%....100% - 9 passes
==PROF== Profiling "elementwise_kernel" - 532: 0%....50%....100% - 9 passes
==PROF== Profiling "vectorized_elementwise_kernel" - 533: 0%....50%....100% - 9 passes
==PROF== Profiling "elementwise_kernel" - 534: 0%....50%....100% - 9 passes
==PROF== Profiling "ampere_bf16_s1688gemm_bf16_64..." - 535: 0%....50%....100% - 9 passes
==PROF== Profiling "vectorized_elementwise_kernel" - 536: 0%....50%....100% - 9 passes
==PROF== Profiling "ampere_bf16_s1688gemm_bf16_64..." - 537: 0%....50%....100% - 9 passes
==PROF== Profiling "vectorized_elementwise_kernel" - 538: 0%....50%....100% - 9 passes
==PROF== Profiling "ampere_bf16_s1688gemm_bf16_12..." - 539: 0%....50%....100% - 9 passes
==PROF== Profiling "vectorized_elementwise_kernel" - 540: 0%....50%....100% - 9 passes
==PROF== Profiling "unrolled_elementwise_kernel" - 541: 0%....50%....100% - 9 passes
==PROF== Profiling "vectorized_elementwise_kernel" - 542: 0%....50%....100% - 9 passes
==PROF== Profiling "reduce_kernel" - 543: 0%....50%....100% - 9 passes
==PROF== Profiling "vectorized_elementwise_kernel" - 544: 0%....50%....100% - 9 passes
==PROF== Profiling "vectorized_elementwise_kernel" - 545: 0%....50%....100% - 9 passes
==PROF== Profiling "elementwise_kernel" - 546: 0%....50%....100% - 9 passes
==PROF== Profiling "vectorized_elementwise_kernel" - 547: 0%....50%....100% - 9 passes
==PROF== Profiling "elementwise_kernel" - 548: 0%....50%....100% - 9 passes
==PROF== Profiling "ampere_bf16_s1688gemm_bf16_12..." - 549: 0%....50%....100% - 9 passes
==PROF== Profiling "ampere_bf16_s16816gemm_bf16_6..." - 550: 0%....50%....100% - 9 passes
==PROF== Profiling "splitKreduce_kernel" - 551: 0%....50%....100% - 9 passes
==PROF== Profiling "ampere_bf16_s16816gemm_bf16_6..." - 552: 0%....50%....100% - 9 passes
==PROF== Profiling "splitKreduce_kernel" - 553: 0%....50%....100% - 9 passes
==PROF== Profiling "CatArrayBatchedCopy" - 554: 0%....50%....100% - 9 passes
==PROF== Profiling "CatArrayBatchedCopy" - 555: 0%....50%....100% - 9 passes
==PROF== Profiling "elementwise_kernel" - 556: 0%....50%....100% - 9 passes
==PROF== Profiling "elementwise_kernel" - 557: 0%....50%....100% - 9 passes
==PROF== Profiling "CatArrayBatchedCopy" - 558: 0%....50%....100% - 9 passes
==PROF== Profiling "elementwise_kernel" - 559: 0%....50%....100% - 9 passes
==PROF== Profiling "elementwise_kernel" - 560: 0%....50%....100% - 9 passes
==PROF== Profiling "elementwise_kernel" - 561: 0%....50%....100% - 9 passes
==PROF== Profiling "elementwise_kernel" - 562: 0%....50%....100% - 9 passes
==PROF== Profiling "CatArrayBatchedCopy" - 563: 0%....50%....100% - 9 passes
==PROF== Profiling "elementwise_kernel" - 564: 0%....50%....100% - 9 passes
==PROF== Profiling "elementwise_kernel" - 565: 0%....50%....100% - 9 passes
==PROF== Profiling "CatArrayBatchedCopy" - 566: 0%....50%....100% - 9 passes
==PROF== Profiling "CatArrayBatchedCopy" - 567: 0%....50%....100% - 9 passes
==PROF== Profiling "flash_fwd_splitkv_kernel" - 568: 0%....50%....100% - 9 passes
==PROF== Profiling "flash_fwd_splitkv_combine_ker..." - 569: 0%....50%....100% - 9 passes
==PROF== Profiling "ampere_bf16_s16816gemm_bf16_1..." - 570: 0%....50%....100% - 9 passes
==PROF== Profiling "vectorized_elementwise_kernel" - 571: 0%....50%....100% - 9 passes
==PROF== Profiling "unrolled_elementwise_kernel" - 572: 0%....50%....100% - 9 passes
==PROF== Profiling "vectorized_elementwise_kernel" - 573: 0%....50%....100% - 9 passes
==PROF== Profiling "reduce_kernel" - 574: 0%....50%....100% - 9 passes
==PROF== Profiling "vectorized_elementwise_kernel" - 575: 0%....50%....100% - 9 passes
==PROF== Profiling "vectorized_elementwise_kernel" - 576: 0%....50%....100% - 9 passes
==PROF== Profiling "elementwise_kernel" - 577: 0%....50%....100% - 9 passes
==PROF== Profiling "vectorized_elementwise_kernel" - 578: 0%....50%....100% - 9 passes
==PROF== Profiling "elementwise_kernel" - 579: 0%....50%....100% - 9 passes
==PROF== Profiling "ampere_bf16_s1688gemm_bf16_64..." - 580: 0%....50%....100% - 9 passes
==PROF== Profiling "vectorized_elementwise_kernel" - 581: 0%....50%....100% - 9 passes
==PROF== Profiling "ampere_bf16_s1688gemm_bf16_64..." - 582: 0%....50%....100% - 9 passes
==PROF== Profiling "vectorized_elementwise_kernel" - 583: 0%....50%....100% - 9 passes
==PROF== Profiling "ampere_bf16_s1688gemm_bf16_12..." - 584: 0%....50%....100% - 9 passes
==PROF== Profiling "vectorized_elementwise_kernel" - 585: 0%....50%....100% - 9 passes
==PROF== Profiling "unrolled_elementwise_kernel" - 586: 0%....50%....100% - 9 passes
==PROF== Profiling "vectorized_elementwise_kernel" - 587: 0%....50%....100% - 9 passes
==PROF== Profiling "reduce_kernel" - 588: 0%....50%....100% - 9 passes
==PROF== Profiling "vectorized_elementwise_kernel" - 589: 0%....50%....100% - 9 passes
==PROF== Profiling "vectorized_elementwise_kernel" - 590: 0%....50%....100% - 9 passes
==PROF== Profiling "elementwise_kernel" - 591: 0%....50%....100% - 9 passes
==PROF== Profiling "vectorized_elementwise_kernel" - 592: 0%....50%....100% - 9 passes
==PROF== Profiling "elementwise_kernel" - 593: 0%....50%....100% - 9 passes
==PROF== Profiling "ampere_bf16_s1688gemm_bf16_12..." - 594: 0%....50%....100% - 9 passes
==PROF== Profiling "ampere_bf16_s16816gemm_bf16_6..." - 595: 0%....50%....100% - 9 passes
==PROF== Profiling "splitKreduce_kernel" - 596: 0%....50%....100% - 9 passes
==PROF== Profiling "ampere_bf16_s16816gemm_bf16_6..." - 597: 0%....50%....100% - 9 passes
==PROF== Profiling "splitKreduce_kernel" - 598: 0%....50%....100% - 9 passes
==PROF== Profiling "CatArrayBatchedCopy" - 599: 0%....50%....100% - 9 passes
==PROF== Profiling "CatArrayBatchedCopy" - 600: 0%....50%....100% - 9 passes
==PROF== Profiling "elementwise_kernel" - 601: 0%....50%....100% - 9 passes
==PROF== Profiling "elementwise_kernel" - 602: 0%....50%....100% - 9 passes
==PROF== Profiling "CatArrayBatchedCopy" - 603: 0%....50%....100% - 9 passes
==PROF== Profiling "elementwise_kernel" - 604: 0%....50%....100% - 9 passes
==PROF== Profiling "elementwise_kernel" - 605: 0%....50%....100% - 9 passes
==PROF== Profiling "elementwise_kernel" - 606: 0%....50%....100% - 9 passes
==PROF== Profiling "elementwise_kernel" - 607: 0%....50%....100% - 9 passes
==PROF== Profiling "CatArrayBatchedCopy" - 608: 0%....50%....100% - 9 passes
==PROF== Profiling "elementwise_kernel" - 609: 0%....50%....100% - 9 passes
==PROF== Profiling "elementwise_kernel" - 610: 0%....50%....100% - 9 passes
==PROF== Profiling "CatArrayBatchedCopy" - 611: 0%....50%....100% - 9 passes
==PROF== Profiling "CatArrayBatchedCopy" - 612: 0%....50%....100% - 9 passes
==PROF== Profiling "flash_fwd_splitkv_kernel" - 613: 0%....50%....100% - 9 passes
==PROF== Profiling "flash_fwd_splitkv_combine_ker..." - 614: 0%....50%....100% - 9 passes
==PROF== Profiling "ampere_bf16_s16816gemm_bf16_1..." - 615: 0%....50%....100% - 9 passes
==PROF== Profiling "vectorized_elementwise_kernel" - 616: 0%....50%....100% - 9 passes
==PROF== Profiling "unrolled_elementwise_kernel" - 617: 0%....50%....100% - 9 passes
==PROF== Profiling "vectorized_elementwise_kernel" - 618: 0%....50%....100% - 9 passes
==PROF== Profiling "reduce_kernel" - 619: 0%....50%....100% - 9 passes
==PROF== Profiling "vectorized_elementwise_kernel" - 620: 0%....50%....100% - 9 passes
==PROF== Profiling "vectorized_elementwise_kernel" - 621: 0%....50%....100% - 9 passes
==PROF== Profiling "elementwise_kernel" - 622: 0%....50%....100% - 9 passes
==PROF== Profiling "vectorized_elementwise_kernel" - 623: 0%....50%....100% - 9 passes
==PROF== Profiling "elementwise_kernel" - 624: 0%....50%....100% - 9 passes
==PROF== Profiling "ampere_bf16_s1688gemm_bf16_64..." - 625: 0%....50%....100% - 9 passes
==PROF== Profiling "vectorized_elementwise_kernel" - 626: 0%....50%....100% - 9 passes
==PROF== Profiling "ampere_bf16_s1688gemm_bf16_64..." - 627: 0%....50%....100% - 9 passes
==PROF== Profiling "vectorized_elementwise_kernel" - 628: 0%....50%....100% - 9 passes
==PROF== Profiling "ampere_bf16_s1688gemm_bf16_12..." - 629: 0%....50%....100% - 9 passes
==PROF== Profiling "vectorized_elementwise_kernel" - 630: 0%....50%....100% - 9 passes
==PROF== Profiling "unrolled_elementwise_kernel" - 631: 0%....50%....100% - 9 passes
==PROF== Profiling "vectorized_elementwise_kernel" - 632: 0%....50%....100% - 9 passes
==PROF== Profiling "reduce_kernel" - 633: 0%....50%....100% - 9 passes
==PROF== Profiling "vectorized_elementwise_kernel" - 634: 0%....50%....100% - 9 passes
==PROF== Profiling "vectorized_elementwise_kernel" - 635: 0%....50%....100% - 9 passes
==PROF== Profiling "elementwise_kernel" - 636: 0%....50%....100% - 9 passes
==PROF== Profiling "vectorized_elementwise_kernel" - 637: 0%....50%....100% - 9 passes
==PROF== Profiling "elementwise_kernel" - 638: 0%....50%....100% - 9 passes
==PROF== Profiling "ampere_bf16_s1688gemm_bf16_12..." - 639: 0%....50%....100% - 9 passes
==PROF== Profiling "ampere_bf16_s16816gemm_bf16_6..." - 640: 0%....50%....100% - 9 passes
==PROF== Profiling "splitKreduce_kernel" - 641: 0%....50%....100% - 9 passes
==PROF== Profiling "ampere_bf16_s16816gemm_bf16_6..." - 642: 0%....50%....100% - 9 passes
==PROF== Profiling "splitKreduce_kernel" - 643: 0%....50%....100% - 9 passes
==PROF== Profiling "CatArrayBatchedCopy" - 644: 0%....50%....100% - 9 passes
==PROF== Profiling "CatArrayBatchedCopy" - 645: 0%....50%....100% - 9 passes
==PROF== Profiling "elementwise_kernel" - 646: 0%....50%....100% - 9 passes
==PROF== Profiling "elementwise_kernel" - 647: 0%....50%....100% - 9 passes
==PROF== Profiling "CatArrayBatchedCopy" - 648: 0%....50%....100% - 9 passes
==PROF== Profiling "elementwise_kernel" - 649: 0%....50%....100% - 9 passes
==PROF== Profiling "elementwise_kernel" - 650: 0%....50%....100% - 9 passes
==PROF== Profiling "elementwise_kernel" - 651: 0%....50%....100% - 9 passes
==PROF== Profiling "elementwise_kernel" - 652: 0%....50%....100% - 9 passes
==PROF== Profiling "CatArrayBatchedCopy" - 653: 0%....50%....100% - 9 passes
==PROF== Profiling "elementwise_kernel" - 654: 0%....50%....100% - 9 passes
==PROF== Profiling "elementwise_kernel" - 655: 0%....50%....100% - 9 passes
==PROF== Profiling "CatArrayBatchedCopy" - 656: 0%....50%....100% - 9 passes
==PROF== Profiling "CatArrayBatchedCopy" - 657: 0%....50%....100% - 9 passes
==PROF== Profiling "flash_fwd_splitkv_kernel" - 658: 0%....50%....100% - 9 passes
==PROF== Profiling "flash_fwd_splitkv_combine_ker..." - 659: 0%....50%....100% - 9 passes
==PROF== Profiling "ampere_bf16_s16816gemm_bf16_1..." - 660: 0%....50%....100% - 9 passes
==PROF== Profiling "vectorized_elementwise_kernel" - 661: 0%....50%....100% - 9 passes
==PROF== Profiling "unrolled_elementwise_kernel" - 662: 0%....50%....100% - 9 passes
==PROF== Profiling "vectorized_elementwise_kernel" - 663: 0%....50%....100% - 9 passes
==PROF== Profiling "reduce_kernel" - 664: 0%....50%....100% - 9 passes
==PROF== Profiling "vectorized_elementwise_kernel" - 665: 0%....50%....100% - 9 passes
==PROF== Profiling "vectorized_elementwise_kernel" - 666: 0%....50%....100% - 9 passes
==PROF== Profiling "elementwise_kernel" - 667: 0%....50%....100% - 9 passes
==PROF== Profiling "vectorized_elementwise_kernel" - 668: 0%....50%....100% - 9 passes
==PROF== Profiling "elementwise_kernel" - 669: 0%....50%....100% - 9 passes
==PROF== Profiling "ampere_bf16_s1688gemm_bf16_64..." - 670: 0%....50%....100% - 9 passes
==PROF== Profiling "vectorized_elementwise_kernel" - 671: 0%....50%....100% - 9 passes
==PROF== Profiling "ampere_bf16_s1688gemm_bf16_64..." - 672: 0%....50%....100% - 9 passes
==PROF== Profiling "vectorized_elementwise_kernel" - 673: 0%....50%....100% - 9 passes
==PROF== Profiling "ampere_bf16_s1688gemm_bf16_12..." - 674: 0%....50%....100% - 9 passes
==PROF== Profiling "vectorized_elementwise_kernel" - 675: 0%....50%....100% - 9 passes
==PROF== Profiling "unrolled_elementwise_kernel" - 676: 0%....50%....100% - 9 passes
==PROF== Profiling "vectorized_elementwise_kernel" - 677: 0%....50%....100% - 9 passes
==PROF== Profiling "reduce_kernel" - 678: 0%....50%....100% - 9 passes
==PROF== Profiling "vectorized_elementwise_kernel" - 679: 0%....50%....100% - 9 passes
==PROF== Profiling "vectorized_elementwise_kernel" - 680: 0%....50%....100% - 9 passes
==PROF== Profiling "elementwise_kernel" - 681: 0%....50%....100% - 9 passes
==PROF== Profiling "vectorized_elementwise_kernel" - 682: 0%....50%....100% - 9 passes
==PROF== Profiling "elementwise_kernel" - 683: 0%....50%....100% - 9 passes
==PROF== Profiling "ampere_bf16_s1688gemm_bf16_12..." - 684: 0%....50%....100% - 9 passes
==PROF== Profiling "ampere_bf16_s16816gemm_bf16_6..." - 685: 0%....50%....100% - 9 passes
==PROF== Profiling "splitKreduce_kernel" - 686: 0%....50%....100% - 9 passes
==PROF== Profiling "ampere_bf16_s16816gemm_bf16_6..." - 687: 0%....50%....100% - 9 passes
==PROF== Profiling "splitKreduce_kernel" - 688: 0%....50%....100% - 9 passes
==PROF== Profiling "CatArrayBatchedCopy" - 689: 0%....50%....100% - 9 passes
==PROF== Profiling "CatArrayBatchedCopy" - 690: 0%....50%....100% - 9 passes
==PROF== Profiling "elementwise_kernel" - 691: 0%....50%....100% - 9 passes
==PROF== Profiling "elementwise_kernel" - 692: 0%....50%....100% - 9 passes
==PROF== Profiling "CatArrayBatchedCopy" - 693: 0%....50%....100% - 9 passes
==PROF== Profiling "elementwise_kernel" - 694: 0%....50%....100% - 9 passes
==PROF== Profiling "elementwise_kernel" - 695: 0%....50%....100% - 9 passes
==PROF== Profiling "elementwise_kernel" - 696: 0%....50%....100% - 9 passes
==PROF== Profiling "elementwise_kernel" - 697: 0%....50%....100% - 9 passes
==PROF== Profiling "CatArrayBatchedCopy" - 698: 0%....50%....100% - 9 passes
==PROF== Profiling "elementwise_kernel" - 699: 0%....50%....100% - 9 passes
==PROF== Profiling "elementwise_kernel" - 700: 0%....50%....100% - 9 passes
==PROF== Profiling "CatArrayBatchedCopy" - 701: 0%....50%....100% - 9 passes
==PROF== Profiling "CatArrayBatchedCopy" - 702: 0%....50%....100% - 9 passes
==PROF== Profiling "flash_fwd_splitkv_kernel" - 703: 0%....50%....100% - 9 passes
==PROF== Profiling "flash_fwd_splitkv_combine_ker..." - 704: 0%....50%....100% - 9 passes
==PROF== Profiling "ampere_bf16_s16816gemm_bf16_1..." - 705: 0%....50%....100% - 9 passes
==PROF== Profiling "vectorized_elementwise_kernel" - 706: 0%....50%....100% - 9 passes
==PROF== Profiling "unrolled_elementwise_kernel" - 707: 0%....50%....100% - 9 passes
==PROF== Profiling "vectorized_elementwise_kernel" - 708: 0%....50%....100% - 9 passes
==PROF== Profiling "reduce_kernel" - 709: 0%....50%....100% - 9 passes
==PROF== Profiling "vectorized_elementwise_kernel" - 710: 0%....50%....100% - 9 passes
==PROF== Profiling "vectorized_elementwise_kernel" - 711: 0%....50%....100% - 9 passes
==PROF== Profiling "elementwise_kernel" - 712: 0%....50%....100% - 9 passes
==PROF== Profiling "vectorized_elementwise_kernel" - 713: 0%....50%....100% - 9 passes
==PROF== Profiling "elementwise_kernel" - 714: 0%....50%....100% - 9 passes
==PROF== Profiling "ampere_bf16_s1688gemm_bf16_64..." - 715: 0%....50%....100% - 9 passes
==PROF== Profiling "vectorized_elementwise_kernel" - 716: 0%....50%....100% - 9 passes
==PROF== Profiling "ampere_bf16_s1688gemm_bf16_64..." - 717: 0%....50%....100% - 9 passes
==PROF== Profiling "vectorized_elementwise_kernel" - 718: 0%....50%....100% - 9 passes
==PROF== Profiling "ampere_bf16_s1688gemm_bf16_12..." - 719: 0%....50%....100% - 9 passes
==PROF== Profiling "vectorized_elementwise_kernel" - 720: 0%....50%....100% - 9 passes
==PROF== Profiling "unrolled_elementwise_kernel" - 721: 0%....50%....100% - 9 passes
==PROF== Profiling "vectorized_elementwise_kernel" - 722: 0%....50%....100% - 9 passes
==PROF== Profiling "reduce_kernel" - 723: 0%....50%....100% - 9 passes
==PROF== Profiling "vectorized_elementwise_kernel" - 724: 0%....50%....100% - 9 passes
==PROF== Profiling "vectorized_elementwise_kernel" - 725: 0%....50%....100% - 9 passes
==PROF== Profiling "elementwise_kernel" - 726: 0%....50%....100% - 9 passes
==PROF== Profiling "vectorized_elementwise_kernel" - 727: 0%....50%....100% - 9 passes
==PROF== Profiling "elementwise_kernel" - 728: 0%....50%....100% - 9 passes
==PROF== Profiling "ampere_bf16_s1688gemm_bf16_12..." - 729: 0%....50%....100% - 9 passes
==PROF== Profiling "ampere_bf16_s16816gemm_bf16_6..." - 730: 0%....50%....100% - 9 passes
==PROF== Profiling "splitKreduce_kernel" - 731: 0%....50%....100% - 9 passes
==PROF== Profiling "ampere_bf16_s16816gemm_bf16_6..." - 732: 0%....50%....100% - 9 passes
==PROF== Profiling "splitKreduce_kernel" - 733: 0%....50%....100% - 9 passes
==PROF== Profiling "CatArrayBatchedCopy" - 734: 0%....50%....100% - 9 passes
==PROF== Profiling "CatArrayBatchedCopy" - 735: 0%....50%....100% - 9 passes
==PROF== Profiling "elementwise_kernel" - 736: 0%....50%....100% - 9 passes
==PROF== Profiling "elementwise_kernel" - 737: 0%....50%....100% - 9 passes
==PROF== Profiling "CatArrayBatchedCopy" - 738: 0%....50%....100% - 9 passes
==PROF== Profiling "elementwise_kernel" - 739: 0%....50%....100% - 9 passes
==PROF== Profiling "elementwise_kernel" - 740: 0%....50%....100% - 9 passes
==PROF== Profiling "elementwise_kernel" - 741: 0%....50%....100% - 9 passes
==PROF== Profiling "elementwise_kernel" - 742: 0%....50%....100% - 9 passes
==PROF== Profiling "CatArrayBatchedCopy" - 743: 0%....50%....100% - 9 passes
==PROF== Profiling "elementwise_kernel" - 744: 0%....50%....100% - 9 passes
==PROF== Profiling "elementwise_kernel" - 745: 0%....50%....100% - 9 passes
==PROF== Profiling "CatArrayBatchedCopy" - 746: 0%....50%....100% - 9 passes
==PROF== Profiling "CatArrayBatchedCopy" - 747: 0%....50%....100% - 9 passes
==PROF== Profiling "flash_fwd_splitkv_kernel" - 748: 0%....50%....100% - 9 passes
==PROF== Profiling "flash_fwd_splitkv_combine_ker..." - 749: 0%....50%....100% - 9 passes
==PROF== Profiling "ampere_bf16_s16816gemm_bf16_1..." - 750: 0%....50%....100% - 9 passes
==PROF== Profiling "vectorized_elementwise_kernel" - 751: 0%....50%....100% - 9 passes
==PROF== Profiling "unrolled_elementwise_kernel" - 752: 0%....50%....100% - 9 passes
==PROF== Profiling "vectorized_elementwise_kernel" - 753: 0%....50%....100% - 9 passes
==PROF== Profiling "reduce_kernel" - 754: 0%....50%....100% - 9 passes
==PROF== Profiling "vectorized_elementwise_kernel" - 755: 0%....50%....100% - 9 passes
==PROF== Profiling "vectorized_elementwise_kernel" - 756: 0%....50%....100% - 9 passes
==PROF== Profiling "elementwise_kernel" - 757: 0%....50%....100% - 9 passes
==PROF== Profiling "vectorized_elementwise_kernel" - 758: 0%....50%....100% - 9 passes
==PROF== Profiling "elementwise_kernel" - 759: 0%....50%....100% - 9 passes
==PROF== Profiling "ampere_bf16_s1688gemm_bf16_64..." - 760: 0%....50%....100% - 9 passes
==PROF== Profiling "vectorized_elementwise_kernel" - 761: 0%....50%....100% - 9 passes
==PROF== Profiling "ampere_bf16_s1688gemm_bf16_64..." - 762: 0%....50%....100% - 9 passes
==PROF== Profiling "vectorized_elementwise_kernel" - 763: 0%....50%....100% - 9 passes
==PROF== Profiling "ampere_bf16_s1688gemm_bf16_12..." - 764: 0%....50%....100% - 9 passes
==PROF== Profiling "vectorized_elementwise_kernel" - 765: 0%....50%....100% - 9 passes
==PROF== Profiling "unrolled_elementwise_kernel" - 766: 0%....50%....100% - 9 passes
==PROF== Profiling "vectorized_elementwise_kernel" - 767: 0%....50%....100% - 9 passes
==PROF== Profiling "reduce_kernel" - 768: 0%....50%....100% - 9 passes
==PROF== Profiling "vectorized_elementwise_kernel" - 769: 0%....50%....100% - 9 passes
==PROF== Profiling "vectorized_elementwise_kernel" - 770: 0%....50%....100% - 9 passes
==PROF== Profiling "elementwise_kernel" - 771: 0%....50%....100% - 9 passes
==PROF== Profiling "vectorized_elementwise_kernel" - 772: 0%....50%....100% - 9 passes
==PROF== Profiling "elementwise_kernel" - 773: 0%....50%....100% - 9 passes
==PROF== Profiling "ampere_bf16_s1688gemm_bf16_12..." - 774: 0%....50%....100% - 9 passes
==PROF== Profiling "ampere_bf16_s16816gemm_bf16_6..." - 775: 0%....50%....100% - 9 passes
==PROF== Profiling "splitKreduce_kernel" - 776: 0%....50%....100% - 9 passes
==PROF== Profiling "ampere_bf16_s16816gemm_bf16_6..." - 777: 0%....50%....100% - 9 passes
==PROF== Profiling "splitKreduce_kernel" - 778: 0%....50%....100% - 9 passes
==PROF== Profiling "CatArrayBatchedCopy" - 779: 0%....50%....100% - 9 passes
==PROF== Profiling "CatArrayBatchedCopy" - 780: 0%....50%....100% - 9 passes
==PROF== Profiling "elementwise_kernel" - 781: 0%....50%....100% - 9 passes
==PROF== Profiling "elementwise_kernel" - 782: 0%....50%....100% - 9 passes
==PROF== Profiling "CatArrayBatchedCopy" - 783: 0%....50%....100% - 9 passes
==PROF== Profiling "elementwise_kernel" - 784: 0%....50%....100% - 9 passes
==PROF== Profiling "elementwise_kernel" - 785: 0%....50%....100% - 9 passes
==PROF== Profiling "elementwise_kernel" - 786: 0%....50%....100% - 9 passes
==PROF== Profiling "elementwise_kernel" - 787: 0%....50%....100% - 9 passes
==PROF== Profiling "CatArrayBatchedCopy" - 788: 0%....50%....100% - 9 passes
==PROF== Profiling "elementwise_kernel" - 789: 0%....50%....100% - 9 passes
==PROF== Profiling "elementwise_kernel" - 790: 0%....50%....100% - 9 passes
==PROF== Profiling "CatArrayBatchedCopy" - 791: 0%....50%....100% - 9 passes
==PROF== Profiling "CatArrayBatchedCopy" - 792: 0%....50%....100% - 9 passes
==PROF== Profiling "flash_fwd_splitkv_kernel" - 793: 0%....50%....100% - 9 passes
==PROF== Profiling "flash_fwd_splitkv_combine_ker..." - 794: 0%....50%....100% - 9 passes
==PROF== Profiling "ampere_bf16_s16816gemm_bf16_1..." - 795: 0%....50%....100% - 9 passes
==PROF== Profiling "vectorized_elementwise_kernel" - 796: 0%....50%....100% - 9 passes
==PROF== Profiling "unrolled_elementwise_kernel" - 797: 0%....50%....100% - 9 passes
==PROF== Profiling "vectorized_elementwise_kernel" - 798: 0%....50%....100% - 9 passes
==PROF== Profiling "reduce_kernel" - 799: 0%....50%....100% - 9 passes
==PROF== Profiling "vectorized_elementwise_kernel" - 800: 0%....50%....100% - 9 passes
==PROF== Profiling "vectorized_elementwise_kernel" - 801: 0%....50%....100% - 9 passes
==PROF== Profiling "elementwise_kernel" - 802: 0%....50%....100% - 9 passes
==PROF== Profiling "vectorized_elementwise_kernel" - 803: 0%....50%....100% - 9 passes
==PROF== Profiling "elementwise_kernel" - 804: 0%....50%....100% - 9 passes
==PROF== Profiling "ampere_bf16_s1688gemm_bf16_64..." - 805: 0%....50%....100% - 9 passes
==PROF== Profiling "vectorized_elementwise_kernel" - 806: 0%....50%....100% - 9 passes
==PROF== Profiling "ampere_bf16_s1688gemm_bf16_64..." - 807: 0%....50%....100% - 9 passes
==PROF== Profiling "vectorized_elementwise_kernel" - 808: 0%....50%....100% - 9 passes
==PROF== Profiling "ampere_bf16_s1688gemm_bf16_12..." - 809: 0%....50%....100% - 9 passes
==PROF== Profiling "vectorized_elementwise_kernel" - 810: 0%....50%....100% - 9 passes
==PROF== Profiling "unrolled_elementwise_kernel" - 811: 0%....50%....100% - 9 passes
==PROF== Profiling "vectorized_elementwise_kernel" - 812: 0%....50%....100% - 9 passes
==PROF== Profiling "reduce_kernel" - 813: 0%....50%....100% - 9 passes
==PROF== Profiling "vectorized_elementwise_kernel" - 814: 0%....50%....100% - 9 passes
==PROF== Profiling "vectorized_elementwise_kernel" - 815: 0%....50%....100% - 9 passes
==PROF== Profiling "elementwise_kernel" - 816: 0%....50%....100% - 9 passes
==PROF== Profiling "vectorized_elementwise_kernel" - 817: 0%....50%....100% - 9 passes
==PROF== Profiling "elementwise_kernel" - 818: 0%....50%....100% - 9 passes
==PROF== Profiling "ampere_bf16_s1688gemm_bf16_12..." - 819: 0%....50%....100% - 9 passes
==PROF== Profiling "ampere_bf16_s16816gemm_bf16_6..." - 820: 0%....50%....100% - 9 passes
==PROF== Profiling "splitKreduce_kernel" - 821: 0%....50%....100% - 9 passes
==PROF== Profiling "ampere_bf16_s16816gemm_bf16_6..." - 822: 0%....50%....100% - 9 passes
==PROF== Profiling "splitKreduce_kernel" - 823: 0%....50%....100% - 9 passes
==PROF== Profiling "CatArrayBatchedCopy" - 824: 0%....50%....100% - 9 passes
==PROF== Profiling "CatArrayBatchedCopy" - 825: 0%....50%....100% - 9 passes
==PROF== Profiling "elementwise_kernel" - 826: 0%....50%....100% - 9 passes
==PROF== Profiling "elementwise_kernel" - 827: 0%....50%....100% - 9 passes
==PROF== Profiling "CatArrayBatchedCopy" - 828: 0%....50%....100% - 9 passes
==PROF== Profiling "elementwise_kernel" - 829: 0%....50%....100% - 9 passes
==PROF== Profiling "elementwise_kernel" - 830: 0%....50%....100% - 9 passes
==PROF== Profiling "elementwise_kernel" - 831: 0%....50%....100% - 9 passes
==PROF== Profiling "elementwise_kernel" - 832: 0%....50%....100% - 9 passes
==PROF== Profiling "CatArrayBatchedCopy" - 833: 0%....50%....100% - 9 passes
==PROF== Profiling "elementwise_kernel" - 834: 0%....50%....100% - 9 passes
==PROF== Profiling "elementwise_kernel" - 835: 0%....50%....100% - 9 passes
==PROF== Profiling "CatArrayBatchedCopy" - 836: 0%....50%....100% - 9 passes
==PROF== Profiling "CatArrayBatchedCopy" - 837: 0%....50%....100% - 9 passes
==PROF== Profiling "flash_fwd_splitkv_kernel" - 838: 0%....50%....100% - 9 passes
==PROF== Profiling "flash_fwd_splitkv_combine_ker..." - 839: 0%....50%....100% - 9 passes
==PROF== Profiling "ampere_bf16_s16816gemm_bf16_1..." - 840: 0%....50%....100% - 9 passes
==PROF== Profiling "vectorized_elementwise_kernel" - 841: 0%....50%....100% - 9 passes
==PROF== Profiling "unrolled_elementwise_kernel" - 842: 0%....50%....100% - 9 passes
==PROF== Profiling "vectorized_elementwise_kernel" - 843: 0%....50%....100% - 9 passes
==PROF== Profiling "reduce_kernel" - 844: 0%....50%....100% - 9 passes
==PROF== Profiling "vectorized_elementwise_kernel" - 845: 0%....50%....100% - 9 passes
==PROF== Profiling "vectorized_elementwise_kernel" - 846: 0%....50%....100% - 9 passes
==PROF== Profiling "elementwise_kernel" - 847: 0%....50%....100% - 9 passes
==PROF== Profiling "vectorized_elementwise_kernel" - 848: 0%....50%....100% - 9 passes
==PROF== Profiling "elementwise_kernel" - 849: 0%....50%....100% - 9 passes
==PROF== Profiling "ampere_bf16_s1688gemm_bf16_64..." - 850: 0%....50%....100% - 9 passes
==PROF== Profiling "vectorized_elementwise_kernel" - 851: 0%....50%....100% - 9 passes
==PROF== Profiling "ampere_bf16_s1688gemm_bf16_64..." - 852: 0%....50%....100% - 9 passes
==PROF== Profiling "vectorized_elementwise_kernel" - 853: 0%....50%....100% - 9 passes
==PROF== Profiling "ampere_bf16_s1688gemm_bf16_12..." - 854: 0%....50%....100% - 9 passes
==PROF== Profiling "vectorized_elementwise_kernel" - 855: 0%....50%....100% - 9 passes
==PROF== Profiling "unrolled_elementwise_kernel" - 856: 0%....50%....100% - 9 passes
==PROF== Profiling "vectorized_elementwise_kernel" - 857: 0%....50%....100% - 9 passes
==PROF== Profiling "reduce_kernel" - 858: 0%....50%....100% - 9 passes
==PROF== Profiling "vectorized_elementwise_kernel" - 859: 0%....50%....100% - 9 passes
==PROF== Profiling "vectorized_elementwise_kernel" - 860: 0%....50%....100% - 9 passes
==PROF== Profiling "elementwise_kernel" - 861: 0%....50%....100% - 9 passes
==PROF== Profiling "vectorized_elementwise_kernel" - 862: 0%....50%....100% - 9 passes
==PROF== Profiling "elementwise_kernel" - 863: 0%....50%....100% - 9 passes
==PROF== Profiling "ampere_bf16_s1688gemm_bf16_12..." - 864: 0%....50%....100% - 9 passes
==PROF== Profiling "ampere_bf16_s16816gemm_bf16_6..." - 865: 0%....50%....100% - 9 passes
==PROF== Profiling "splitKreduce_kernel" - 866: 0%....50%....100% - 9 passes
==PROF== Profiling "ampere_bf16_s16816gemm_bf16_6..." - 867: 0%....50%....100% - 9 passes
==PROF== Profiling "splitKreduce_kernel" - 868: 0%....50%....100% - 9 passes
==PROF== Profiling "CatArrayBatchedCopy" - 869: 0%....50%....100% - 9 passes
==PROF== Profiling "CatArrayBatchedCopy" - 870: 0%....50%....100% - 9 passes
==PROF== Profiling "elementwise_kernel" - 871: 0%....50%....100% - 9 passes
==PROF== Profiling "elementwise_kernel" - 872: 0%....50%....100% - 9 passes
==PROF== Profiling "CatArrayBatchedCopy" - 873: 0%....50%....100% - 9 passes
==PROF== Profiling "elementwise_kernel" - 874: 0%....50%....100% - 9 passes
==PROF== Profiling "elementwise_kernel" - 875: 0%....50%....100% - 9 passes
==PROF== Profiling "elementwise_kernel" - 876: 0%....50%....100% - 9 passes
==PROF== Profiling "elementwise_kernel" - 877: 0%....50%....100% - 9 passes
==PROF== Profiling "CatArrayBatchedCopy" - 878: 0%....50%....100% - 9 passes
==PROF== Profiling "elementwise_kernel" - 879: 0%....50%....100% - 9 passes
==PROF== Profiling "elementwise_kernel" - 880: 0%....50%....100% - 9 passes
==PROF== Profiling "CatArrayBatchedCopy" - 881: 0%....50%....100% - 9 passes
==PROF== Profiling "CatArrayBatchedCopy" - 882: 0%....50%....100% - 9 passes
==PROF== Profiling "flash_fwd_splitkv_kernel" - 883: 0%....50%....100% - 9 passes
==PROF== Profiling "flash_fwd_splitkv_combine_ker..." - 884: 0%....50%....100% - 9 passes
==PROF== Profiling "ampere_bf16_s16816gemm_bf16_1..." - 885: 0%....50%....100% - 9 passes
==PROF== Profiling "vectorized_elementwise_kernel" - 886: 0%....50%....100% - 9 passes
==PROF== Profiling "unrolled_elementwise_kernel" - 887: 0%....50%....100% - 9 passes
==PROF== Profiling "vectorized_elementwise_kernel" - 888: 0%....50%....100% - 9 passes
==PROF== Profiling "reduce_kernel" - 889: 0%....50%....100% - 9 passes
==PROF== Profiling "vectorized_elementwise_kernel" - 890: 0%....50%....100% - 9 passes
==PROF== Profiling "vectorized_elementwise_kernel" - 891: 0%....50%....100% - 9 passes
==PROF== Profiling "elementwise_kernel" - 892: 0%....50%....100% - 9 passes
==PROF== Profiling "vectorized_elementwise_kernel" - 893: 0%....50%....100% - 9 passes
==PROF== Profiling "elementwise_kernel" - 894: 0%....50%....100% - 9 passes
==PROF== Profiling "ampere_bf16_s1688gemm_bf16_64..." - 895: 0%....50%....100% - 9 passes
==PROF== Profiling "vectorized_elementwise_kernel" - 896: 0%....50%....100% - 9 passes
==PROF== Profiling "ampere_bf16_s1688gemm_bf16_64..." - 897: 0%....50%....100% - 9 passes
==PROF== Profiling "vectorized_elementwise_kernel" - 898: 0%....50%....100% - 9 passes
==PROF== Profiling "ampere_bf16_s1688gemm_bf16_12..." - 899: 0%....50%....100% - 9 passes
==PROF== Profiling "vectorized_elementwise_kernel" - 900: 0%....50%....100% - 9 passes
==PROF== Profiling "unrolled_elementwise_kernel" - 901: 0%....50%....100% - 9 passes
==PROF== Profiling "vectorized_elementwise_kernel" - 902: 0%....50%....100% - 9 passes
==PROF== Profiling "reduce_kernel" - 903: 0%....50%....100% - 9 passes
==PROF== Profiling "vectorized_elementwise_kernel" - 904: 0%....50%....100% - 9 passes
==PROF== Profiling "vectorized_elementwise_kernel" - 905: 0%....50%....100% - 9 passes
==PROF== Profiling "elementwise_kernel" - 906: 0%....50%....100% - 9 passes
==PROF== Profiling "vectorized_elementwise_kernel" - 907: 0%....50%....100% - 9 passes
==PROF== Profiling "elementwise_kernel" - 908: 0%....50%....100% - 9 passes
==PROF== Profiling "ampere_bf16_s1688gemm_bf16_12..." - 909: 0%....50%....100% - 9 passes
==PROF== Profiling "ampere_bf16_s16816gemm_bf16_6..." - 910: 0%....50%....100% - 9 passes
==PROF== Profiling "splitKreduce_kernel" - 911: 0%....50%....100% - 9 passes
==PROF== Profiling "ampere_bf16_s16816gemm_bf16_6..." - 912: 0%....50%....100% - 9 passes
==PROF== Profiling "splitKreduce_kernel" - 913: 0%....50%....100% - 9 passes
==PROF== Profiling "CatArrayBatchedCopy" - 914: 0%....50%....100% - 9 passes
==PROF== Profiling "CatArrayBatchedCopy" - 915: 0%....50%....100% - 9 passes
==PROF== Profiling "elementwise_kernel" - 916: 0%....50%....100% - 9 passes
==PROF== Profiling "elementwise_kernel" - 917: 0%....50%....100% - 9 passes
==PROF== Profiling "CatArrayBatchedCopy" - 918: 0%....50%....100% - 9 passes
==PROF== Profiling "elementwise_kernel" - 919: 0%....50%....100% - 9 passes
==PROF== Profiling "elementwise_kernel" - 920: 0%....50%....100% - 9 passes
==PROF== Profiling "elementwise_kernel" - 921: 0%....50%....100% - 9 passes
==PROF== Profiling "elementwise_kernel" - 922: 0%....50%....100% - 9 passes
==PROF== Profiling "CatArrayBatchedCopy" - 923: 0%....50%....100% - 9 passes
==PROF== Profiling "elementwise_kernel" - 924: 0%....50%....100% - 9 passes
==PROF== Profiling "elementwise_kernel" - 925: 0%....50%....100% - 9 passes
==PROF== Profiling "CatArrayBatchedCopy" - 926: 0%....50%....100% - 9 passes
==PROF== Profiling "CatArrayBatchedCopy" - 927: 0%....50%....100% - 9 passes
==PROF== Profiling "flash_fwd_splitkv_kernel" - 928: 0%....50%....100% - 9 passes
==PROF== Profiling "flash_fwd_splitkv_combine_ker..." - 929: 0%....50%....100% - 9 passes
==PROF== Profiling "ampere_bf16_s16816gemm_bf16_1..." - 930: 0%....50%....100% - 9 passes
==PROF== Profiling "vectorized_elementwise_kernel" - 931: 0%....50%....100% - 9 passes
==PROF== Profiling "unrolled_elementwise_kernel" - 932: 0%....50%....100% - 9 passes
==PROF== Profiling "vectorized_elementwise_kernel" - 933: 0%....50%....100% - 9 passes
==PROF== Profiling "reduce_kernel" - 934: 0%....50%....100% - 9 passes
==PROF== Profiling "vectorized_elementwise_kernel" - 935: 0%....50%....100% - 9 passes
==PROF== Profiling "vectorized_elementwise_kernel" - 936: 0%....50%....100% - 9 passes
==PROF== Profiling "elementwise_kernel" - 937: 0%....50%....100% - 9 passes
==PROF== Profiling "vectorized_elementwise_kernel" - 938: 0%....50%....100% - 9 passes
==PROF== Profiling "elementwise_kernel" - 939: 0%....50%....100% - 9 passes
==PROF== Profiling "ampere_bf16_s1688gemm_bf16_64..." - 940: 0%....50%....100% - 9 passes
==PROF== Profiling "vectorized_elementwise_kernel" - 941: 0%....50%....100% - 9 passes
==PROF== Profiling "ampere_bf16_s1688gemm_bf16_64..." - 942: 0%....50%....100% - 9 passes
==PROF== Profiling "vectorized_elementwise_kernel" - 943: 0%....50%....100% - 9 passes
==PROF== Profiling "ampere_bf16_s1688gemm_bf16_12..." - 944: 0%....50%....100% - 9 passes
==PROF== Profiling "vectorized_elementwise_kernel" - 945: 0%....50%....100% - 9 passes
==PROF== Profiling "unrolled_elementwise_kernel" - 946: 0%....50%....100% - 9 passes
==PROF== Profiling "vectorized_elementwise_kernel" - 947: 0%....50%....100% - 9 passes
==PROF== Profiling "reduce_kernel" - 948: 0%....50%....100% - 9 passes
==PROF== Profiling "vectorized_elementwise_kernel" - 949: 0%....50%....100% - 9 passes
==PROF== Profiling "vectorized_elementwise_kernel" - 950: 0%....50%....100% - 9 passes
==PROF== Profiling "elementwise_kernel" - 951: 0%....50%....100% - 9 passes
==PROF== Profiling "vectorized_elementwise_kernel" - 952: 0%....50%....100% - 9 passes
==PROF== Profiling "elementwise_kernel" - 953: 0%....50%....100% - 9 passes
==PROF== Profiling "ampere_bf16_s1688gemm_bf16_12..." - 954: 0%....50%....100% - 9 passes
==PROF== Profiling "ampere_bf16_s16816gemm_bf16_6..." - 955: 0%....50%....100% - 9 passes
==PROF== Profiling "splitKreduce_kernel" - 956: 0%....50%....100% - 9 passes
==PROF== Profiling "ampere_bf16_s16816gemm_bf16_6..." - 957: 0%....50%....100% - 9 passes
==PROF== Profiling "splitKreduce_kernel" - 958: 0%....50%....100% - 9 passes
==PROF== Profiling "CatArrayBatchedCopy" - 959: 0%....50%....100% - 9 passes
==PROF== Profiling "CatArrayBatchedCopy" - 960: 0%....50%....100% - 9 passes
==PROF== Profiling "elementwise_kernel" - 961: 0%....50%....100% - 9 passes
==PROF== Profiling "elementwise_kernel" - 962: 0%....50%....100% - 9 passes
==PROF== Profiling "CatArrayBatchedCopy" - 963: 0%....50%....100% - 9 passes
==PROF== Profiling "elementwise_kernel" - 964: 0%....50%....100% - 9 passes
==PROF== Profiling "elementwise_kernel" - 965: 0%....50%....100% - 9 passes
==PROF== Profiling "elementwise_kernel" - 966: 0%....50%....100% - 9 passes
==PROF== Profiling "elementwise_kernel" - 967: 0%....50%....100% - 9 passes
==PROF== Profiling "CatArrayBatchedCopy" - 968: 0%....50%....100% - 9 passes
==PROF== Profiling "elementwise_kernel" - 969: 0%....50%....100% - 9 passes
==PROF== Profiling "elementwise_kernel" - 970: 0%....50%....100% - 9 passes
==PROF== Profiling "CatArrayBatchedCopy" - 971: 0%....50%....100% - 9 passes
==PROF== Profiling "CatArrayBatchedCopy" - 972: 0%....50%....100% - 9 passes
==PROF== Profiling "flash_fwd_splitkv_kernel" - 973: 0%....50%....100% - 9 passes
==PROF== Profiling "flash_fwd_splitkv_combine_ker..." - 974: 0%....50%....100% - 9 passes
==PROF== Profiling "ampere_bf16_s16816gemm_bf16_1..." - 975: 0%....50%....100% - 9 passes
==PROF== Profiling "vectorized_elementwise_kernel" - 976: 0%....50%....100% - 9 passes
==PROF== Profiling "unrolled_elementwise_kernel" - 977: 0%....50%....100% - 9 passes
==PROF== Profiling "vectorized_elementwise_kernel" - 978: 0%....50%....100% - 9 passes
==PROF== Profiling "reduce_kernel" - 979: 0%....50%....100% - 9 passes
==PROF== Profiling "vectorized_elementwise_kernel" - 980: 0%....50%....100% - 9 passes
==PROF== Profiling "vectorized_elementwise_kernel" - 981: 0%....50%....100% - 9 passes
==PROF== Profiling "elementwise_kernel" - 982: 0%....50%....100% - 9 passes
==PROF== Profiling "vectorized_elementwise_kernel" - 983: 0%....50%....100% - 9 passes
==PROF== Profiling "elementwise_kernel" - 984: 0%....50%....100% - 9 passes
==PROF== Profiling "ampere_bf16_s1688gemm_bf16_64..." - 985: 0%....50%....100% - 9 passes
==PROF== Profiling "vectorized_elementwise_kernel" - 986: 0%....50%....100% - 9 passes
==PROF== Profiling "ampere_bf16_s1688gemm_bf16_64..." - 987: 0%....50%....100% - 9 passes
==PROF== Profiling "vectorized_elementwise_kernel" - 988: 0%....50%....100% - 9 passes
==PROF== Profiling "ampere_bf16_s1688gemm_bf16_12..." - 989: 0%....50%....100% - 9 passes
==PROF== Profiling "vectorized_elementwise_kernel" - 990: 0%....50%....100% - 9 passes
==PROF== Profiling "unrolled_elementwise_kernel" - 991: 0%....50%....100% - 9 passes
==PROF== Profiling "vectorized_elementwise_kernel" - 992: 0%....50%....100% - 9 passes
==PROF== Profiling "reduce_kernel" - 993: 0%....50%....100% - 9 passes
==PROF== Profiling "vectorized_elementwise_kernel" - 994: 0%....50%....100% - 9 passes
==PROF== Profiling "vectorized_elementwise_kernel" - 995: 0%....50%....100% - 9 passes
==PROF== Profiling "elementwise_kernel" - 996: 0%....50%....100% - 9 passes
==PROF== Profiling "vectorized_elementwise_kernel" - 997: 0%....50%....100% - 9 passes
==PROF== Profiling "elementwise_kernel" - 998: 0%....50%....100% - 9 passes
==PROF== Profiling "ampere_bf16_s1688gemm_bf16_12..." - 999: 0%....50%....100% - 9 passes
==PROF== Profiling "ampere_bf16_s16816gemm_bf16_6..." - 1000: 0%....50%....100% - 9 passes
==PROF== Profiling "splitKreduce_kernel" - 1001: 0%....50%....100% - 9 passes
==PROF== Profiling "ampere_bf16_s16816gemm_bf16_6..." - 1002: 0%....50%....100% - 9 passes
==PROF== Profiling "splitKreduce_kernel" - 1003: 0%....50%....100% - 9 passes
==PROF== Profiling "CatArrayBatchedCopy" - 1004: 0%....50%....100% - 9 passes
==PROF== Profiling "CatArrayBatchedCopy" - 1005: 0%....50%....100% - 9 passes
==PROF== Profiling "elementwise_kernel" - 1006: 0%....50%....100% - 9 passes
==PROF== Profiling "elementwise_kernel" - 1007: 0%....50%....100% - 9 passes
==PROF== Profiling "CatArrayBatchedCopy" - 1008: 0%....50%....100% - 9 passes
==PROF== Profiling "elementwise_kernel" - 1009: 0%....50%....100% - 9 passes
==PROF== Profiling "elementwise_kernel" - 1010: 0%....50%....100% - 9 passes
==PROF== Profiling "elementwise_kernel" - 1011: 0%....50%....100% - 9 passes
==PROF== Profiling "elementwise_kernel" - 1012: 0%....50%....100% - 9 passes
==PROF== Profiling "CatArrayBatchedCopy" - 1013: 0%....50%....100% - 9 passes
==PROF== Profiling "elementwise_kernel" - 1014: 0%....50%....100% - 9 passes
==PROF== Profiling "elementwise_kernel" - 1015: 0%....50%....100% - 9 passes
==PROF== Profiling "CatArrayBatchedCopy" - 1016: 0%....50%....100% - 9 passes
==PROF== Profiling "CatArrayBatchedCopy" - 1017: 0%....50%....100% - 9 passes
==PROF== Profiling "flash_fwd_splitkv_kernel" - 1018: 0%....50%....100% - 9 passes
==PROF== Profiling "flash_fwd_splitkv_combine_ker..." - 1019: 0%....50%....100% - 9 passes
==PROF== Profiling "ampere_bf16_s16816gemm_bf16_1..." - 1020: 0%....50%....100% - 9 passes
==PROF== Profiling "vectorized_elementwise_kernel" - 1021: 0%....50%....100% - 9 passes
==PROF== Profiling "unrolled_elementwise_kernel" - 1022: 0%....50%....100% - 9 passes
==PROF== Profiling "vectorized_elementwise_kernel" - 1023: 0%....50%....100% - 9 passes
==PROF== Profiling "reduce_kernel" - 1024: 0%....50%....100% - 9 passes
==PROF== Profiling "vectorized_elementwise_kernel" - 1025: 0%....50%....100% - 9 passes
==PROF== Profiling "vectorized_elementwise_kernel" - 1026: 0%....50%....100% - 9 passes
==PROF== Profiling "elementwise_kernel" - 1027: 0%....50%....100% - 9 passes
==PROF== Profiling "vectorized_elementwise_kernel" - 1028: 0%....50%....100% - 9 passes
==PROF== Profiling "elementwise_kernel" - 1029: 0%....50%....100% - 9 passes
==PROF== Profiling "ampere_bf16_s1688gemm_bf16_64..." - 1030: 0%....50%....100% - 9 passes
==PROF== Profiling "vectorized_elementwise_kernel" - 1031: 0%....50%....100% - 9 passes
==PROF== Profiling "ampere_bf16_s1688gemm_bf16_64..." - 1032: 0%....50%....100% - 9 passes
==PROF== Profiling "vectorized_elementwise_kernel" - 1033: 0%....50%....100% - 9 passes
==PROF== Profiling "ampere_bf16_s1688gemm_bf16_12..." - 1034: 0%....50%....100% - 9 passes
==PROF== Profiling "vectorized_elementwise_kernel" - 1035: 0%....50%....100% - 9 passes
==PROF== Profiling "unrolled_elementwise_kernel" - 1036: 0%....50%....100% - 9 passes
==PROF== Profiling "vectorized_elementwise_kernel" - 1037: 0%....50%....100% - 9 passes
==PROF== Profiling "reduce_kernel" - 1038: 0%....50%....100% - 9 passes
==PROF== Profiling "vectorized_elementwise_kernel" - 1039: 0%....50%....100% - 9 passes
==PROF== Profiling "vectorized_elementwise_kernel" - 1040: 0%....50%....100% - 9 passes
==PROF== Profiling "elementwise_kernel" - 1041: 0%....50%....100% - 9 passes
==PROF== Profiling "vectorized_elementwise_kernel" - 1042: 0%....50%....100% - 9 passes
==PROF== Profiling "elementwise_kernel" - 1043: 0%....50%....100% - 9 passes
==PROF== Profiling "ampere_bf16_s1688gemm_bf16_12..." - 1044: 0%....50%....100% - 9 passes
==PROF== Profiling "ampere_bf16_s16816gemm_bf16_6..." - 1045: 0%....50%....100% - 9 passes
==PROF== Profiling "splitKreduce_kernel" - 1046: 0%....50%....100% - 9 passes
==PROF== Profiling "ampere_bf16_s16816gemm_bf16_6..." - 1047: 0%....50%....100% - 9 passes
==PROF== Profiling "splitKreduce_kernel" - 1048: 0%....50%....100% - 9 passes
==PROF== Profiling "CatArrayBatchedCopy" - 1049: 0%....50%....100% - 9 passes
==PROF== Profiling "CatArrayBatchedCopy" - 1050: 0%....50%....100% - 9 passes
==PROF== Profiling "elementwise_kernel" - 1051: 0%....50%....100% - 9 passes
==PROF== Profiling "elementwise_kernel" - 1052: 0%....50%....100% - 9 passes
==PROF== Profiling "CatArrayBatchedCopy" - 1053: 0%....50%....100% - 9 passes
==PROF== Profiling "elementwise_kernel" - 1054: 0%....50%....100% - 9 passes
==PROF== Profiling "elementwise_kernel" - 1055: 0%....50%....100% - 9 passes
==PROF== Profiling "elementwise_kernel" - 1056: 0%....50%....100% - 9 passes
==PROF== Profiling "elementwise_kernel" - 1057: 0%....50%....100% - 9 passes
==PROF== Profiling "CatArrayBatchedCopy" - 1058: 0%....50%....100% - 9 passes
==PROF== Profiling "elementwise_kernel" - 1059: 0%....50%....100% - 9 passes
==PROF== Profiling "elementwise_kernel" - 1060: 0%....50%....100% - 9 passes
==PROF== Profiling "CatArrayBatchedCopy" - 1061: 0%....50%....100% - 9 passes
==PROF== Profiling "CatArrayBatchedCopy" - 1062: 0%....50%....100% - 9 passes
==PROF== Profiling "flash_fwd_splitkv_kernel" - 1063: 0%....50%....100% - 9 passes
==PROF== Profiling "flash_fwd_splitkv_combine_ker..." - 1064: 0%....50%....100% - 9 passes
==PROF== Profiling "ampere_bf16_s16816gemm_bf16_1..." - 1065: 0%....50%....100% - 9 passes
==PROF== Profiling "vectorized_elementwise_kernel" - 1066: 0%....50%....100% - 9 passes
==PROF== Profiling "unrolled_elementwise_kernel" - 1067: 0%....50%....100% - 9 passes
==PROF== Profiling "vectorized_elementwise_kernel" - 1068: 0%....50%....100% - 9 passes
==PROF== Profiling "reduce_kernel" - 1069: 0%....50%....100% - 9 passes
==PROF== Profiling "vectorized_elementwise_kernel" - 1070: 0%....50%....100% - 9 passes
==PROF== Profiling "vectorized_elementwise_kernel" - 1071: 0%....50%....100% - 9 passes
==PROF== Profiling "elementwise_kernel" - 1072: 0%....50%....100% - 9 passes
==PROF== Profiling "vectorized_elementwise_kernel" - 1073: 0%....50%....100% - 9 passes
==PROF== Profiling "elementwise_kernel" - 1074: 0%....50%....100% - 9 passes
==PROF== Profiling "ampere_bf16_s1688gemm_bf16_64..." - 1075: 0%....50%....100% - 9 passes
==PROF== Profiling "vectorized_elementwise_kernel" - 1076: 0%....50%....100% - 9 passes
==PROF== Profiling "ampere_bf16_s1688gemm_bf16_64..." - 1077: 0%....50%....100% - 9 passes
==PROF== Profiling "vectorized_elementwise_kernel" - 1078: 0%....50%....100% - 9 passes
==PROF== Profiling "ampere_bf16_s1688gemm_bf16_12..." - 1079: 0%....50%....100% - 9 passes
==PROF== Profiling "vectorized_elementwise_kernel" - 1080: 0%....50%....100% - 9 passes
==PROF== Profiling "unrolled_elementwise_kernel" - 1081: 0%....50%....100% - 9 passes
==PROF== Profiling "vectorized_elementwise_kernel" - 1082: 0%....50%....100% - 9 passes
==PROF== Profiling "reduce_kernel" - 1083: 0%....50%....100% - 9 passes
==PROF== Profiling "vectorized_elementwise_kernel" - 1084: 0%....50%....100% - 9 passes
==PROF== Profiling "vectorized_elementwise_kernel" - 1085: 0%....50%....100% - 9 passes
==PROF== Profiling "elementwise_kernel" - 1086: 0%....50%....100% - 9 passes
==PROF== Profiling "vectorized_elementwise_kernel" - 1087: 0%....50%....100% - 9 passes
==PROF== Profiling "elementwise_kernel" - 1088: 0%....50%....100% - 9 passes
==PROF== Profiling "ampere_bf16_s1688gemm_bf16_12..." - 1089: 0%....50%....100% - 9 passes
==PROF== Profiling "ampere_bf16_s16816gemm_bf16_6..." - 1090: 0%....50%....100% - 9 passes
==PROF== Profiling "splitKreduce_kernel" - 1091: 0%....50%....100% - 9 passes
==PROF== Profiling "ampere_bf16_s16816gemm_bf16_6..." - 1092: 0%....50%....100% - 9 passes
==PROF== Profiling "splitKreduce_kernel" - 1093: 0%....50%....100% - 9 passes
==PROF== Profiling "CatArrayBatchedCopy" - 1094: 0%....50%....100% - 9 passes
==PROF== Profiling "CatArrayBatchedCopy" - 1095: 0%....50%....100% - 9 passes
==PROF== Profiling "elementwise_kernel" - 1096: 0%....50%....100% - 9 passes
==PROF== Profiling "elementwise_kernel" - 1097: 0%....50%....100% - 9 passes
==PROF== Profiling "CatArrayBatchedCopy" - 1098: 0%....50%....100% - 9 passes
==PROF== Profiling "elementwise_kernel" - 1099: 0%....50%....100% - 9 passes
==PROF== Profiling "elementwise_kernel" - 1100: 0%....50%....100% - 9 passes
==PROF== Profiling "elementwise_kernel" - 1101: 0%....50%....100% - 9 passes
==PROF== Profiling "elementwise_kernel" - 1102: 0%....50%....100% - 9 passes
==PROF== Profiling "CatArrayBatchedCopy" - 1103: 0%....50%....100% - 9 passes
==PROF== Profiling "elementwise_kernel" - 1104: 0%....50%....100% - 9 passes
==PROF== Profiling "elementwise_kernel" - 1105: 0%....50%....100% - 9 passes
==PROF== Profiling "CatArrayBatchedCopy" - 1106: 0%....50%....100% - 9 passes
==PROF== Profiling "CatArrayBatchedCopy" - 1107: 0%....50%....100% - 9 passes
==PROF== Profiling "flash_fwd_splitkv_kernel" - 1108: 0%....50%....100% - 9 passes
==PROF== Profiling "flash_fwd_splitkv_combine_ker..." - 1109: 0%....50%....100% - 9 passes
==PROF== Profiling "ampere_bf16_s16816gemm_bf16_1..." - 1110: 0%....50%....100% - 9 passes
==PROF== Profiling "vectorized_elementwise_kernel" - 1111: 0%....50%....100% - 9 passes
==PROF== Profiling "unrolled_elementwise_kernel" - 1112: 0%....50%....100% - 9 passes
==PROF== Profiling "vectorized_elementwise_kernel" - 1113: 0%....50%....100% - 9 passes
==PROF== Profiling "reduce_kernel" - 1114: 0%....50%....100% - 9 passes
==PROF== Profiling "vectorized_elementwise_kernel" - 1115: 0%....50%....100% - 9 passes
==PROF== Profiling "vectorized_elementwise_kernel" - 1116: 0%....50%....100% - 9 passes
==PROF== Profiling "elementwise_kernel" - 1117: 0%....50%....100% - 9 passes
==PROF== Profiling "vectorized_elementwise_kernel" - 1118: 0%....50%....100% - 9 passes
==PROF== Profiling "elementwise_kernel" - 1119: 0%....50%....100% - 9 passes
==PROF== Profiling "ampere_bf16_s1688gemm_bf16_64..." - 1120: 0%....50%....100% - 9 passes
==PROF== Profiling "vectorized_elementwise_kernel" - 1121: 0%....50%....100% - 9 passes
==PROF== Profiling "ampere_bf16_s1688gemm_bf16_64..." - 1122: 0%....50%....100% - 9 passes
==PROF== Profiling "vectorized_elementwise_kernel" - 1123: 0%....50%....100% - 9 passes
==PROF== Profiling "ampere_bf16_s1688gemm_bf16_12..." - 1124: 0%....50%....100% - 9 passes
==PROF== Profiling "vectorized_elementwise_kernel" - 1125: 0%....50%....100% - 9 passes
==PROF== Profiling "unrolled_elementwise_kernel" - 1126: 0%....50%....100% - 9 passes
==PROF== Profiling "vectorized_elementwise_kernel" - 1127: 0%....50%....100% - 9 passes
==PROF== Profiling "reduce_kernel" - 1128: 0%....50%....100% - 9 passes
==PROF== Profiling "vectorized_elementwise_kernel" - 1129: 0%....50%....100% - 9 passes
==PROF== Profiling "vectorized_elementwise_kernel" - 1130: 0%....50%....100% - 9 passes
==PROF== Profiling "elementwise_kernel" - 1131: 0%....50%....100% - 9 passes
==PROF== Profiling "vectorized_elementwise_kernel" - 1132: 0%....50%....100% - 9 passes
==PROF== Profiling "elementwise_kernel" - 1133: 0%....50%....100% - 9 passes
==PROF== Profiling "ampere_bf16_s1688gemm_bf16_12..." - 1134: 0%....50%....100% - 9 passes
==PROF== Profiling "ampere_bf16_s16816gemm_bf16_6..." - 1135: 0%....50%....100% - 9 passes
==PROF== Profiling "splitKreduce_kernel" - 1136: 0%....50%....100% - 9 passes
==PROF== Profiling "ampere_bf16_s16816gemm_bf16_6..." - 1137: 0%....50%....100% - 9 passes
==PROF== Profiling "splitKreduce_kernel" - 1138: 0%....50%....100% - 9 passes
==PROF== Profiling "CatArrayBatchedCopy" - 1139: 0%....50%....100% - 9 passes
==PROF== Profiling "CatArrayBatchedCopy" - 1140: 0%....50%....100% - 9 passes
==PROF== Profiling "elementwise_kernel" - 1141: 0%....50%....100% - 9 passes
==PROF== Profiling "elementwise_kernel" - 1142: 0%....50%....100% - 9 passes
==PROF== Profiling "CatArrayBatchedCopy" - 1143: 0%....50%....100% - 9 passes
==PROF== Profiling "elementwise_kernel" - 1144: 0%....50%....100% - 9 passes
==PROF== Profiling "elementwise_kernel" - 1145: 0%....50%....100% - 9 passes
==PROF== Profiling "elementwise_kernel" - 1146: 0%....50%....100% - 9 passes
==PROF== Profiling "elementwise_kernel" - 1147: 0%....50%....100% - 9 passes
==PROF== Profiling "CatArrayBatchedCopy" - 1148: 0%....50%....100% - 9 passes
==PROF== Profiling "elementwise_kernel" - 1149: 0%....50%....100% - 9 passes
==PROF== Profiling "elementwise_kernel" - 1150: 0%....50%....100% - 9 passes
==PROF== Profiling "CatArrayBatchedCopy" - 1151: 0%....50%....100% - 9 passes
==PROF== Profiling "CatArrayBatchedCopy" - 1152: 0%....50%....100% - 9 passes
==PROF== Profiling "flash_fwd_splitkv_kernel" - 1153: 0%....50%....100% - 9 passes
==PROF== Profiling "flash_fwd_splitkv_combine_ker..." - 1154: 0%....50%....100% - 9 passes
==PROF== Profiling "ampere_bf16_s16816gemm_bf16_1..." - 1155: 0%....50%....100% - 9 passes
==PROF== Profiling "vectorized_elementwise_kernel" - 1156: 0%....50%....100% - 9 passes
==PROF== Profiling "unrolled_elementwise_kernel" - 1157: 0%....50%....100% - 9 passes
==PROF== Profiling "vectorized_elementwise_kernel" - 1158: 0%....50%....100% - 9 passes
==PROF== Profiling "reduce_kernel" - 1159: 0%....50%....100% - 9 passes
==PROF== Profiling "vectorized_elementwise_kernel" - 1160: 0%....50%....100% - 9 passes
==PROF== Profiling "vectorized_elementwise_kernel" - 1161: 0%....50%....100% - 9 passes
==PROF== Profiling "elementwise_kernel" - 1162: 0%....50%....100% - 9 passes
==PROF== Profiling "vectorized_elementwise_kernel" - 1163: 0%....50%....100% - 9 passes
==PROF== Profiling "elementwise_kernel" - 1164: 0%....50%....100% - 9 passes
==PROF== Profiling "ampere_bf16_s1688gemm_bf16_64..." - 1165: 0%....50%....100% - 9 passes
==PROF== Profiling "vectorized_elementwise_kernel" - 1166: 0%....50%....100% - 9 passes
==PROF== Profiling "ampere_bf16_s1688gemm_bf16_64..." - 1167: 0%....50%....100% - 9 passes
==PROF== Profiling "vectorized_elementwise_kernel" - 1168: 0%....50%....100% - 9 passes
==PROF== Profiling "ampere_bf16_s1688gemm_bf16_12..." - 1169: 0%....50%....100% - 9 passes
==PROF== Profiling "vectorized_elementwise_kernel" - 1170: 0%....50%....100% - 9 passes
==PROF== Profiling "unrolled_elementwise_kernel" - 1171: 0%....50%....100% - 9 passes
==PROF== Profiling "vectorized_elementwise_kernel" - 1172: 0%....50%....100% - 9 passes
==PROF== Profiling "reduce_kernel" - 1173: 0%....50%....100% - 9 passes
==PROF== Profiling "vectorized_elementwise_kernel" - 1174: 0%....50%....100% - 9 passes
==PROF== Profiling "vectorized_elementwise_kernel" - 1175: 0%....50%....100% - 9 passes
==PROF== Profiling "elementwise_kernel" - 1176: 0%....50%....100% - 9 passes
==PROF== Profiling "vectorized_elementwise_kernel" - 1177: 0%....50%....100% - 9 passes
==PROF== Profiling "elementwise_kernel" - 1178: 0%....50%....100% - 9 passes
==PROF== Profiling "ampere_bf16_s1688gemm_bf16_12..." - 1179: 0%....50%....100% - 9 passes
==PROF== Profiling "ampere_bf16_s16816gemm_bf16_6..." - 1180: 0%....50%....100% - 9 passes
==PROF== Profiling "splitKreduce_kernel" - 1181: 0%....50%....100% - 9 passes
==PROF== Profiling "ampere_bf16_s16816gemm_bf16_6..." - 1182: 0%....50%....100% - 9 passes
==PROF== Profiling "splitKreduce_kernel" - 1183: 0%....50%....100% - 9 passes
==PROF== Profiling "CatArrayBatchedCopy" - 1184: 0%....50%....100% - 9 passes
==PROF== Profiling "CatArrayBatchedCopy" - 1185: 0%....50%....100% - 9 passes
==PROF== Profiling "elementwise_kernel" - 1186: 0%....50%....100% - 9 passes
==PROF== Profiling "elementwise_kernel" - 1187: 0%....50%....100% - 9 passes
==PROF== Profiling "CatArrayBatchedCopy" - 1188: 0%....50%....100% - 9 passes
==PROF== Profiling "elementwise_kernel" - 1189: 0%....50%....100% - 9 passes
==PROF== Profiling "elementwise_kernel" - 1190: 0%....50%....100% - 9 passes
==PROF== Profiling "elementwise_kernel" - 1191: 0%....50%....100% - 9 passes
==PROF== Profiling "elementwise_kernel" - 1192: 0%....50%....100% - 9 passes
==PROF== Profiling "CatArrayBatchedCopy" - 1193: 0%....50%....100% - 9 passes
==PROF== Profiling "elementwise_kernel" - 1194: 0%....50%....100% - 9 passes
==PROF== Profiling "elementwise_kernel" - 1195: 0%....50%....100% - 9 passes
==PROF== Profiling "CatArrayBatchedCopy" - 1196: 0%....50%....100% - 9 passes
==PROF== Profiling "CatArrayBatchedCopy" - 1197: 0%....50%....100% - 9 passes
==PROF== Profiling "flash_fwd_splitkv_kernel" - 1198: 0%....50%....100% - 9 passes
==PROF== Profiling "flash_fwd_splitkv_combine_ker..." - 1199: 0%....50%....100% - 9 passes
==PROF== Profiling "ampere_bf16_s16816gemm_bf16_1..." - 1200: 0%....50%....100% - 9 passes
==PROF== Profiling "vectorized_elementwise_kernel" - 1201: 0%....50%....100% - 9 passes
==PROF== Profiling "unrolled_elementwise_kernel" - 1202: 0%....50%....100% - 9 passes
==PROF== Profiling "vectorized_elementwise_kernel" - 1203: 0%....50%....100% - 9 passes
==PROF== Profiling "reduce_kernel" - 1204: 0%....50%....100% - 9 passes
==PROF== Profiling "vectorized_elementwise_kernel" - 1205: 0%....50%....100% - 9 passes
==PROF== Profiling "vectorized_elementwise_kernel" - 1206: 0%....50%....100% - 9 passes
==PROF== Profiling "elementwise_kernel" - 1207: 0%....50%....100% - 9 passes
==PROF== Profiling "vectorized_elementwise_kernel" - 1208: 0%....50%....100% - 9 passes
==PROF== Profiling "elementwise_kernel" - 1209: 0%....50%....100% - 9 passes
==PROF== Profiling "ampere_bf16_s1688gemm_bf16_64..." - 1210: 0%....50%....100% - 9 passes
==PROF== Profiling "vectorized_elementwise_kernel" - 1211: 0%....50%....100% - 9 passes
==PROF== Profiling "ampere_bf16_s1688gemm_bf16_64..." - 1212: 0%....50%....100% - 9 passes
==PROF== Profiling "vectorized_elementwise_kernel" - 1213: 0%....50%....100% - 9 passes
==PROF== Profiling "ampere_bf16_s1688gemm_bf16_12..." - 1214: 0%....50%....100% - 9 passes
==PROF== Profiling "vectorized_elementwise_kernel" - 1215: 0%....50%....100% - 9 passes
==PROF== Profiling "unrolled_elementwise_kernel" - 1216: 0%....50%....100% - 9 passes
==PROF== Profiling "vectorized_elementwise_kernel" - 1217: 0%....50%....100% - 9 passes
==PROF== Profiling "reduce_kernel" - 1218: 0%....50%....100% - 9 passes
==PROF== Profiling "vectorized_elementwise_kernel" - 1219: 0%....50%....100% - 9 passes
==PROF== Profiling "vectorized_elementwise_kernel" - 1220: 0%....50%....100% - 9 passes
==PROF== Profiling "elementwise_kernel" - 1221: 0%....50%....100% - 9 passes
==PROF== Profiling "vectorized_elementwise_kernel" - 1222: 0%....50%....100% - 9 passes
==PROF== Profiling "elementwise_kernel" - 1223: 0%....50%....100% - 9 passes
==PROF== Profiling "ampere_bf16_s1688gemm_bf16_12..." - 1224: 0%....50%....100% - 9 passes
==PROF== Profiling "ampere_bf16_s16816gemm_bf16_6..." - 1225: 0%....50%....100% - 9 passes
==PROF== Profiling "splitKreduce_kernel" - 1226: 0%....50%....100% - 9 passes
==PROF== Profiling "ampere_bf16_s16816gemm_bf16_6..." - 1227: 0%....50%....100% - 9 passes
==PROF== Profiling "splitKreduce_kernel" - 1228: 0%....50%....100% - 9 passes
==PROF== Profiling "CatArrayBatchedCopy" - 1229: 0%....50%....100% - 9 passes
==PROF== Profiling "CatArrayBatchedCopy" - 1230: 0%....50%....100% - 9 passes
==PROF== Profiling "elementwise_kernel" - 1231: 0%....50%....100% - 9 passes
==PROF== Profiling "elementwise_kernel" - 1232: 0%....50%....100% - 9 passes
==PROF== Profiling "CatArrayBatchedCopy" - 1233: 0%....50%....100% - 9 passes
==PROF== Profiling "elementwise_kernel" - 1234: 0%....50%....100% - 9 passes
==PROF== Profiling "elementwise_kernel" - 1235: 0%....50%....100% - 9 passes
==PROF== Profiling "elementwise_kernel" - 1236: 0%....50%....100% - 9 passes
==PROF== Profiling "elementwise_kernel" - 1237: 0%....50%....100% - 9 passes
==PROF== Profiling "CatArrayBatchedCopy" - 1238: 0%....50%....100% - 9 passes
==PROF== Profiling "elementwise_kernel" - 1239: 0%....50%....100% - 9 passes
==PROF== Profiling "elementwise_kernel" - 1240: 0%....50%....100% - 9 passes
==PROF== Profiling "CatArrayBatchedCopy" - 1241: 0%....50%....100% - 9 passes
==PROF== Profiling "CatArrayBatchedCopy" - 1242: 0%....50%....100% - 9 passes
==PROF== Profiling "flash_fwd_splitkv_kernel" - 1243: 0%....50%....100% - 9 passes
==PROF== Profiling "flash_fwd_splitkv_combine_ker..." - 1244: 0%....50%....100% - 9 passes
==PROF== Profiling "ampere_bf16_s16816gemm_bf16_1..." - 1245: 0%....50%....100% - 9 passes
==PROF== Profiling "vectorized_elementwise_kernel" - 1246: 0%....50%....100% - 9 passes
==PROF== Profiling "unrolled_elementwise_kernel" - 1247: 0%....50%....100% - 9 passes
==PROF== Profiling "vectorized_elementwise_kernel" - 1248: 0%....50%....100% - 9 passes
==PROF== Profiling "reduce_kernel" - 1249: 0%....50%....100% - 9 passes
==PROF== Profiling "vectorized_elementwise_kernel" - 1250: 0%....50%....100% - 9 passes
==PROF== Profiling "vectorized_elementwise_kernel" - 1251: 0%....50%....100% - 9 passes
==PROF== Profiling "elementwise_kernel" - 1252: 0%....50%....100% - 9 passes
==PROF== Profiling "vectorized_elementwise_kernel" - 1253: 0%....50%....100% - 9 passes
==PROF== Profiling "elementwise_kernel" - 1254: 0%....50%....100% - 9 passes
==PROF== Profiling "ampere_bf16_s1688gemm_bf16_64..." - 1255: 0%....50%....100% - 9 passes
==PROF== Profiling "vectorized_elementwise_kernel" - 1256: 0%....50%....100% - 9 passes
==PROF== Profiling "ampere_bf16_s1688gemm_bf16_64..." - 1257: 0%....50%....100% - 9 passes
==PROF== Profiling "vectorized_elementwise_kernel" - 1258: 0%....50%....100% - 9 passes
==PROF== Profiling "ampere_bf16_s1688gemm_bf16_12..." - 1259: 0%....50%....100% - 9 passes
==PROF== Profiling "vectorized_elementwise_kernel" - 1260: 0%....50%....100% - 9 passes
==PROF== Profiling "unrolled_elementwise_kernel" - 1261: 0%....50%....100% - 9 passes
==PROF== Profiling "vectorized_elementwise_kernel" - 1262: 0%....50%....100% - 9 passes
==PROF== Profiling "reduce_kernel" - 1263: 0%....50%....100% - 9 passes
==PROF== Profiling "vectorized_elementwise_kernel" - 1264: 0%....50%....100% - 9 passes
==PROF== Profiling "vectorized_elementwise_kernel" - 1265: 0%....50%....100% - 9 passes
==PROF== Profiling "elementwise_kernel" - 1266: 0%....50%....100% - 9 passes
==PROF== Profiling "vectorized_elementwise_kernel" - 1267: 0%....50%....100% - 9 passes
==PROF== Profiling "elementwise_kernel" - 1268: 0%....50%....100% - 9 passes
==PROF== Profiling "ampere_bf16_s1688gemm_bf16_12..." - 1269: 0%....50%....100% - 9 passes
==PROF== Profiling "ampere_bf16_s16816gemm_bf16_6..." - 1270: 0%....50%....100% - 9 passes
==PROF== Profiling "splitKreduce_kernel" - 1271: 0%....50%....100% - 9 passes
==PROF== Profiling "ampere_bf16_s16816gemm_bf16_6..." - 1272: 0%....50%....100% - 9 passes
==PROF== Profiling "splitKreduce_kernel" - 1273: 0%....50%....100% - 9 passes
==PROF== Profiling "CatArrayBatchedCopy" - 1274: 0%....50%....100% - 9 passes
==PROF== Profiling "CatArrayBatchedCopy" - 1275: 0%....50%....100% - 9 passes
==PROF== Profiling "elementwise_kernel" - 1276: 0%....50%....100% - 9 passes
==PROF== Profiling "elementwise_kernel" - 1277: 0%....50%....100% - 9 passes
==PROF== Profiling "CatArrayBatchedCopy" - 1278: 0%....50%....100% - 9 passes
==PROF== Profiling "elementwise_kernel" - 1279: 0%....50%....100% - 9 passes
==PROF== Profiling "elementwise_kernel" - 1280: 0%....50%....100% - 9 passes
==PROF== Profiling "elementwise_kernel" - 1281: 0%....50%....100% - 9 passes
==PROF== Profiling "elementwise_kernel" - 1282: 0%....50%....100% - 9 passes
==PROF== Profiling "CatArrayBatchedCopy" - 1283: 0%....50%....100% - 9 passes
==PROF== Profiling "elementwise_kernel" - 1284: 0%....50%....100% - 9 passes
==PROF== Profiling "elementwise_kernel" - 1285: 0%....50%....100% - 9 passes
==PROF== Profiling "CatArrayBatchedCopy" - 1286: 0%....50%....100% - 9 passes
==PROF== Profiling "CatArrayBatchedCopy" - 1287: 0%....50%....100% - 9 passes
==PROF== Profiling "flash_fwd_splitkv_kernel" - 1288: 0%....50%....100% - 9 passes
==PROF== Profiling "flash_fwd_splitkv_combine_ker..." - 1289: 0%....50%....100% - 9 passes
==PROF== Profiling "ampere_bf16_s16816gemm_bf16_1..." - 1290: 0%....50%....100% - 9 passes
==PROF== Profiling "vectorized_elementwise_kernel" - 1291: 0%....50%....100% - 9 passes
==PROF== Profiling "unrolled_elementwise_kernel" - 1292: 0%....50%....100% - 9 passes
==PROF== Profiling "vectorized_elementwise_kernel" - 1293: 0%....50%....100% - 9 passes
==PROF== Profiling "reduce_kernel" - 1294: 0%....50%....100% - 9 passes
==PROF== Profiling "vectorized_elementwise_kernel" - 1295: 0%....50%....100% - 9 passes
==PROF== Profiling "vectorized_elementwise_kernel" - 1296: 0%....50%....100% - 9 passes
==PROF== Profiling "elementwise_kernel" - 1297: 0%....50%....100% - 9 passes
==PROF== Profiling "vectorized_elementwise_kernel" - 1298: 0%....50%....100% - 9 passes
==PROF== Profiling "elementwise_kernel" - 1299: 0%....50%....100% - 9 passes
==PROF== Profiling "ampere_bf16_s1688gemm_bf16_64..." - 1300: 0%....50%....100% - 9 passes
==PROF== Profiling "vectorized_elementwise_kernel" - 1301: 0%....50%....100% - 9 passes
==PROF== Profiling "ampere_bf16_s1688gemm_bf16_64..." - 1302: 0%....50%....100% - 9 passes
==PROF== Profiling "vectorized_elementwise_kernel" - 1303: 0%....50%....100% - 9 passes
==PROF== Profiling "ampere_bf16_s1688gemm_bf16_12..." - 1304: 0%....50%....100% - 9 passes
==PROF== Profiling "vectorized_elementwise_kernel" - 1305: 0%....50%....100% - 9 passes
==PROF== Profiling "unrolled_elementwise_kernel" - 1306: 0%....50%....100% - 9 passes
==PROF== Profiling "vectorized_elementwise_kernel" - 1307: 0%....50%....100% - 9 passes
==PROF== Profiling "reduce_kernel" - 1308: 0%....50%....100% - 9 passes
==PROF== Profiling "vectorized_elementwise_kernel" - 1309: 0%....50%....100% - 9 passes
==PROF== Profiling "vectorized_elementwise_kernel" - 1310: 0%....50%....100% - 9 passes
==PROF== Profiling "elementwise_kernel" - 1311: 0%....50%....100% - 9 passes
==PROF== Profiling "vectorized_elementwise_kernel" - 1312: 0%....50%....100% - 9 passes
==PROF== Profiling "elementwise_kernel" - 1313: 0%....50%....100% - 9 passes
==PROF== Profiling "ampere_bf16_s1688gemm_bf16_12..." - 1314: 0%....50%....100% - 9 passes
==PROF== Profiling "ampere_bf16_s16816gemm_bf16_6..." - 1315: 0%....50%....100% - 9 passes
==PROF== Profiling "splitKreduce_kernel" - 1316: 0%....50%....100% - 9 passes
==PROF== Profiling "ampere_bf16_s16816gemm_bf16_6..." - 1317: 0%....50%....100% - 9 passes
==PROF== Profiling "splitKreduce_kernel" - 1318: 0%....50%....100% - 9 passes
==PROF== Profiling "CatArrayBatchedCopy" - 1319: 0%....50%....100% - 9 passes
==PROF== Profiling "CatArrayBatchedCopy" - 1320: 0%....50%....100% - 9 passes
==PROF== Profiling "elementwise_kernel" - 1321: 0%....50%....100% - 9 passes
==PROF== Profiling "elementwise_kernel" - 1322: 0%....50%....100% - 9 passes
==PROF== Profiling "CatArrayBatchedCopy" - 1323: 0%....50%....100% - 9 passes
==PROF== Profiling "elementwise_kernel" - 1324: 0%....50%....100% - 9 passes
==PROF== Profiling "elementwise_kernel" - 1325: 0%....50%....100% - 9 passes
==PROF== Profiling "elementwise_kernel" - 1326: 0%....50%....100% - 9 passes
==PROF== Profiling "elementwise_kernel" - 1327: 0%....50%....100% - 9 passes
==PROF== Profiling "CatArrayBatchedCopy" - 1328: 0%....50%....100% - 9 passes
==PROF== Profiling "elementwise_kernel" - 1329: 0%....50%....100% - 9 passes
==PROF== Profiling "elementwise_kernel" - 1330: 0%....50%....100% - 9 passes
==PROF== Profiling "CatArrayBatchedCopy" - 1331: 0%....50%....100% - 9 passes
==PROF== Profiling "CatArrayBatchedCopy" - 1332: 0%....50%....100% - 9 passes
==PROF== Profiling "flash_fwd_splitkv_kernel" - 1333: 0%....50%....100% - 9 passes
==PROF== Profiling "flash_fwd_splitkv_combine_ker..." - 1334: 0%....50%....100% - 9 passes
==PROF== Profiling "ampere_bf16_s16816gemm_bf16_1..." - 1335: 0%....50%....100% - 9 passes
==PROF== Profiling "vectorized_elementwise_kernel" - 1336: 0%....50%....100% - 9 passes
==PROF== Profiling "unrolled_elementwise_kernel" - 1337: 0%....50%....100% - 9 passes
==PROF== Profiling "vectorized_elementwise_kernel" - 1338: 0%....50%....100% - 9 passes
==PROF== Profiling "reduce_kernel" - 1339: 0%....50%....100% - 9 passes
==PROF== Profiling "vectorized_elementwise_kernel" - 1340: 0%....50%....100% - 9 passes
==PROF== Profiling "vectorized_elementwise_kernel" - 1341: 0%....50%....100% - 9 passes
==PROF== Profiling "elementwise_kernel" - 1342: 0%....50%....100% - 9 passes
==PROF== Profiling "vectorized_elementwise_kernel" - 1343: 0%....50%....100% - 9 passes
==PROF== Profiling "elementwise_kernel" - 1344: 0%....50%....100% - 9 passes
==PROF== Profiling "ampere_bf16_s1688gemm_bf16_64..." - 1345: 0%....50%....100% - 9 passes
==PROF== Profiling "vectorized_elementwise_kernel" - 1346: 0%....50%....100% - 9 passes
==PROF== Profiling "ampere_bf16_s1688gemm_bf16_64..." - 1347: 0%....50%....100% - 9 passes
==PROF== Profiling "vectorized_elementwise_kernel" - 1348: 0%....50%....100% - 9 passes
==PROF== Profiling "ampere_bf16_s1688gemm_bf16_12..." - 1349: 0%....50%....100% - 9 passes
==PROF== Profiling "vectorized_elementwise_kernel" - 1350: 0%....50%....100% - 9 passes
==PROF== Profiling "unrolled_elementwise_kernel" - 1351: 0%....50%....100% - 9 passes
==PROF== Profiling "vectorized_elementwise_kernel" - 1352: 0%....50%....100% - 9 passes
==PROF== Profiling "reduce_kernel" - 1353: 0%....50%....100% - 9 passes
==PROF== Profiling "vectorized_elementwise_kernel" - 1354: 0%....50%....100% - 9 passes
==PROF== Profiling "vectorized_elementwise_kernel" - 1355: 0%....50%....100% - 9 passes
==PROF== Profiling "elementwise_kernel" - 1356: 0%....50%....100% - 9 passes
==PROF== Profiling "vectorized_elementwise_kernel" - 1357: 0%....50%....100% - 9 passes
==PROF== Profiling "elementwise_kernel" - 1358: 0%....50%....100% - 9 passes
==PROF== Profiling "ampere_bf16_s1688gemm_bf16_12..." - 1359: 0%....50%....100% - 9 passes
==PROF== Profiling "ampere_bf16_s16816gemm_bf16_6..." - 1360: 0%....50%....100% - 9 passes
==PROF== Profiling "splitKreduce_kernel" - 1361: 0%....50%....100% - 9 passes
==PROF== Profiling "ampere_bf16_s16816gemm_bf16_6..." - 1362: 0%....50%....100% - 9 passes
==PROF== Profiling "splitKreduce_kernel" - 1363: 0%....50%....100% - 9 passes
==PROF== Profiling "CatArrayBatchedCopy" - 1364: 0%....50%....100% - 9 passes
==PROF== Profiling "CatArrayBatchedCopy" - 1365: 0%....50%....100% - 9 passes
==PROF== Profiling "elementwise_kernel" - 1366: 0%....50%....100% - 9 passes
==PROF== Profiling "elementwise_kernel" - 1367: 0%....50%....100% - 9 passes
==PROF== Profiling "CatArrayBatchedCopy" - 1368: 0%....50%....100% - 9 passes
==PROF== Profiling "elementwise_kernel" - 1369: 0%....50%....100% - 9 passes
==PROF== Profiling "elementwise_kernel" - 1370: 0%....50%....100% - 9 passes
==PROF== Profiling "elementwise_kernel" - 1371: 0%....50%....100% - 9 passes
==PROF== Profiling "elementwise_kernel" - 1372: 0%....50%....100% - 9 passes
==PROF== Profiling "CatArrayBatchedCopy" - 1373: 0%....50%....100% - 9 passes
==PROF== Profiling "elementwise_kernel" - 1374: 0%....50%....100% - 9 passes
==PROF== Profiling "elementwise_kernel" - 1375: 0%....50%....100% - 9 passes
==PROF== Profiling "CatArrayBatchedCopy" - 1376: 0%....50%....100% - 9 passes
==PROF== Profiling "CatArrayBatchedCopy" - 1377: 0%....50%....100% - 9 passes
==PROF== Profiling "flash_fwd_splitkv_kernel" - 1378: 0%....50%....100% - 9 passes
==PROF== Profiling "flash_fwd_splitkv_combine_ker..." - 1379: 0%....50%....100% - 9 passes
==PROF== Profiling "ampere_bf16_s16816gemm_bf16_1..." - 1380: 0%....50%....100% - 9 passes
==PROF== Profiling "vectorized_elementwise_kernel" - 1381: 0%....50%....100% - 9 passes
==PROF== Profiling "unrolled_elementwise_kernel" - 1382: 0%....50%....100% - 9 passes
==PROF== Profiling "vectorized_elementwise_kernel" - 1383: 0%....50%....100% - 9 passes
==PROF== Profiling "reduce_kernel" - 1384: 0%....50%....100% - 9 passes
==PROF== Profiling "vectorized_elementwise_kernel" - 1385: 0%....50%....100% - 9 passes
==PROF== Profiling "vectorized_elementwise_kernel" - 1386: 0%....50%....100% - 9 passes
==PROF== Profiling "elementwise_kernel" - 1387: 0%....50%....100% - 9 passes
==PROF== Profiling "vectorized_elementwise_kernel" - 1388: 0%....50%....100% - 9 passes
==PROF== Profiling "elementwise_kernel" - 1389: 0%....50%....100% - 9 passes
==PROF== Profiling "ampere_bf16_s1688gemm_bf16_64..." - 1390: 0%....50%....100% - 9 passes
==PROF== Profiling "vectorized_elementwise_kernel" - 1391: 0%....50%....100% - 9 passes
==PROF== Profiling "ampere_bf16_s1688gemm_bf16_64..." - 1392: 0%....50%....100% - 9 passes
==PROF== Profiling "vectorized_elementwise_kernel" - 1393: 0%....50%....100% - 9 passes
==PROF== Profiling "ampere_bf16_s1688gemm_bf16_12..." - 1394: 0%....50%....100% - 9 passes
==PROF== Profiling "vectorized_elementwise_kernel" - 1395: 0%....50%....100% - 9 passes
==PROF== Profiling "unrolled_elementwise_kernel" - 1396: 0%....50%....100% - 9 passes
==PROF== Profiling "vectorized_elementwise_kernel" - 1397: 0%....50%....100% - 9 passes
==PROF== Profiling "reduce_kernel" - 1398: 0%....50%....100% - 9 passes
==PROF== Profiling "vectorized_elementwise_kernel" - 1399: 0%....50%....100% - 9 passes
==PROF== Profiling "vectorized_elementwise_kernel" - 1400: 0%....50%....100% - 9 passes
==PROF== Profiling "elementwise_kernel" - 1401: 0%....50%....100% - 9 passes
==PROF== Profiling "vectorized_elementwise_kernel" - 1402: 0%....50%....100% - 9 passes
==PROF== Profiling "elementwise_kernel" - 1403: 0%....50%....100% - 9 passes
==PROF== Profiling "ampere_bf16_s1688gemm_bf16_12..." - 1404: 0%....50%....100% - 9 passes
==PROF== Profiling "ampere_bf16_s16816gemm_bf16_6..." - 1405: 0%....50%....100% - 9 passes
==PROF== Profiling "splitKreduce_kernel" - 1406: 0%....50%....100% - 9 passes
==PROF== Profiling "ampere_bf16_s16816gemm_bf16_6..." - 1407: 0%....50%....100% - 9 passes
==PROF== Profiling "splitKreduce_kernel" - 1408: 0%....50%....100% - 9 passes
==PROF== Profiling "CatArrayBatchedCopy" - 1409: 0%....50%....100% - 9 passes
==PROF== Profiling "CatArrayBatchedCopy" - 1410: 0%....50%....100% - 9 passes
==PROF== Profiling "elementwise_kernel" - 1411: 0%....50%....100% - 9 passes
==PROF== Profiling "elementwise_kernel" - 1412: 0%....50%....100% - 9 passes
==PROF== Profiling "CatArrayBatchedCopy" - 1413: 0%....50%....100% - 9 passes
==PROF== Profiling "elementwise_kernel" - 1414: 0%....50%....100% - 9 passes
==PROF== Profiling "elementwise_kernel" - 1415: 0%....50%....100% - 9 passes
==PROF== Profiling "elementwise_kernel" - 1416: 0%....50%....100% - 9 passes
==PROF== Profiling "elementwise_kernel" - 1417: 0%....50%....100% - 9 passes
==PROF== Profiling "CatArrayBatchedCopy" - 1418: 0%....50%....100% - 9 passes
==PROF== Profiling "elementwise_kernel" - 1419: 0%....50%....100% - 9 passes
==PROF== Profiling "elementwise_kernel" - 1420: 0%....50%....100% - 9 passes
==PROF== Profiling "CatArrayBatchedCopy" - 1421: 0%....50%....100% - 9 passes
==PROF== Profiling "CatArrayBatchedCopy" - 1422: 0%....50%....100% - 9 passes
==PROF== Profiling "flash_fwd_splitkv_kernel" - 1423: 0%....50%....100% - 9 passes
==PROF== Profiling "flash_fwd_splitkv_combine_ker..." - 1424: 0%....50%....100% - 9 passes
==PROF== Profiling "ampere_bf16_s16816gemm_bf16_1..." - 1425: 0%....50%....100% - 9 passes
==PROF== Profiling "vectorized_elementwise_kernel" - 1426: 0%....50%....100% - 9 passes
==PROF== Profiling "unrolled_elementwise_kernel" - 1427: 0%....50%....100% - 9 passes
==PROF== Profiling "vectorized_elementwise_kernel" - 1428: 0%....50%....100% - 9 passes
==PROF== Profiling "reduce_kernel" - 1429: 0%....50%....100% - 9 passes
==PROF== Profiling "vectorized_elementwise_kernel" - 1430: 0%....50%....100% - 9 passes
==PROF== Profiling "vectorized_elementwise_kernel" - 1431: 0%....50%....100% - 9 passes
==PROF== Profiling "elementwise_kernel" - 1432: 0%....50%....100% - 9 passes
==PROF== Profiling "vectorized_elementwise_kernel" - 1433: 0%....50%....100% - 9 passes
==PROF== Profiling "elementwise_kernel" - 1434: 0%....50%....100% - 9 passes
==PROF== Profiling "ampere_bf16_s1688gemm_bf16_64..." - 1435: 0%....50%....100% - 9 passes
==PROF== Profiling "vectorized_elementwise_kernel" - 1436: 0%....50%....100% - 9 passes
==PROF== Profiling "ampere_bf16_s1688gemm_bf16_64..." - 1437: 0%....50%....100% - 9 passes
==PROF== Profiling "vectorized_elementwise_kernel" - 1438: 0%....50%....100% - 9 passes
==PROF== Profiling "ampere_bf16_s1688gemm_bf16_12..." - 1439: 0%....50%....100% - 9 passes
==PROF== Profiling "vectorized_elementwise_kernel" - 1440: 0%....50%....100% - 9 passes
==PROF== Profiling "unrolled_elementwise_kernel" - 1441: 0%....50%....100% - 9 passes
==PROF== Profiling "vectorized_elementwise_kernel" - 1442: 0%....50%....100% - 9 passes
==PROF== Profiling "reduce_kernel" - 1443: 0%....50%....100% - 9 passes
==PROF== Profiling "vectorized_elementwise_kernel" - 1444: 0%....50%....100% - 9 passes
==PROF== Profiling "vectorized_elementwise_kernel" - 1445: 0%....50%....100% - 9 passes
==PROF== Profiling "elementwise_kernel" - 1446: 0%....50%....100% - 9 passes
==PROF== Profiling "vectorized_elementwise_kernel" - 1447: 0%....50%....100% - 9 passes
==PROF== Profiling "elementwise_kernel" - 1448: 0%....50%....100% - 9 passes
==PROF== Profiling "ampere_bf16_s1688gemm_bf16_12..." - 1449: 0%....50%....100% - 9 passes
==PROF== Profiling "ampere_bf16_s16816gemm_bf16_6..." - 1450: 0%....50%....100% - 9 passes
==PROF== Profiling "splitKreduce_kernel" - 1451: 0%....50%....100% - 9 passes
==PROF== Profiling "ampere_bf16_s16816gemm_bf16_6..." - 1452: 0%....50%....100% - 9 passes
==PROF== Profiling "splitKreduce_kernel" - 1453: 0%....50%....100% - 9 passes
==PROF== Profiling "CatArrayBatchedCopy" - 1454: 0%....50%....100% - 9 passes
==PROF== Profiling "CatArrayBatchedCopy" - 1455: 0%....50%....100% - 9 passes
==PROF== Profiling "elementwise_kernel" - 1456: 0%....50%....100% - 9 passes
==PROF== Profiling "elementwise_kernel" - 1457: 0%....50%....100% - 9 passes
==PROF== Profiling "CatArrayBatchedCopy" - 1458: 0%....50%....100% - 9 passes
==PROF== Profiling "elementwise_kernel" - 1459: 0%....50%....100% - 9 passes
==PROF== Profiling "elementwise_kernel" - 1460: 0%....50%....100% - 9 passes
==PROF== Profiling "elementwise_kernel" - 1461: 0%....50%....100% - 9 passes
==PROF== Profiling "elementwise_kernel" - 1462: 0%....50%....100% - 9 passes
==PROF== Profiling "CatArrayBatchedCopy" - 1463: 0%....50%....100% - 9 passes
==PROF== Profiling "elementwise_kernel" - 1464: 0%....50%....100% - 9 passes
==PROF== Profiling "elementwise_kernel" - 1465: 0%....50%....100% - 9 passes
==PROF== Profiling "CatArrayBatchedCopy" - 1466: 0%....50%....100% - 9 passes
==PROF== Profiling "CatArrayBatchedCopy" - 1467: 0%....50%....100% - 9 passes
==PROF== Profiling "flash_fwd_splitkv_kernel" - 1468: 0%....50%....100% - 9 passes
==PROF== Profiling "flash_fwd_splitkv_combine_ker..." - 1469: 0%....50%....100% - 9 passes
==PROF== Profiling "ampere_bf16_s16816gemm_bf16_1..." - 1470: 0%....50%....100% - 9 passes
==PROF== Profiling "vectorized_elementwise_kernel" - 1471: 0%....50%....100% - 9 passes
==PROF== Profiling "unrolled_elementwise_kernel" - 1472: 0%....50%....100% - 9 passes
==PROF== Profiling "vectorized_elementwise_kernel" - 1473: 0%....50%....100% - 9 passes
==PROF== Profiling "reduce_kernel" - 1474: 0%....50%....100% - 9 passes
==PROF== Profiling "vectorized_elementwise_kernel" - 1475: 0%....50%....100% - 9 passes
==PROF== Profiling "vectorized_elementwise_kernel" - 1476: 0%....50%....100% - 9 passes
==PROF== Profiling "elementwise_kernel" - 1477: 0%....50%....100% - 9 passes
==PROF== Profiling "vectorized_elementwise_kernel" - 1478: 0%....50%....100% - 9 passes
==PROF== Profiling "elementwise_kernel" - 1479: 0%....50%....100% - 9 passes
==PROF== Profiling "ampere_bf16_s1688gemm_bf16_64..." - 1480: 0%....50%....100% - 9 passes
==PROF== Profiling "vectorized_elementwise_kernel" - 1481: 0%....50%....100% - 9 passes
==PROF== Profiling "ampere_bf16_s1688gemm_bf16_64..." - 1482: 0%....50%....100% - 9 passes
==PROF== Profiling "vectorized_elementwise_kernel" - 1483: 0%....50%....100% - 9 passes
==PROF== Profiling "ampere_bf16_s1688gemm_bf16_12..." - 1484: 0%....50%....100% - 9 passes
==PROF== Profiling "vectorized_elementwise_kernel" - 1485: 0%....50%....100% - 9 passes
==PROF== Profiling "unrolled_elementwise_kernel" - 1486: 0%....50%....100% - 9 passes
==PROF== Profiling "vectorized_elementwise_kernel" - 1487: 0%....50%....100% - 9 passes
==PROF== Profiling "reduce_kernel" - 1488: 0%....50%....100% - 9 passes
==PROF== Profiling "vectorized_elementwise_kernel" - 1489: 0%....50%....100% - 9 passes
==PROF== Profiling "vectorized_elementwise_kernel" - 1490: 0%....50%....100% - 9 passes
==PROF== Profiling "elementwise_kernel" - 1491: 0%....50%....100% - 9 passes
==PROF== Profiling "vectorized_elementwise_kernel" - 1492: 0%....50%....100% - 9 passes
==PROF== Profiling "elementwise_kernel" - 1493: 0%....50%....100% - 9 passes
==PROF== Profiling "ampere_bf16_s1688gemm_bf16_12..." - 1494: 0%....50%....100% - 9 passes
==PROF== Profiling "ampere_bf16_s16816gemm_bf16_6..." - 1495: 0%....50%....100% - 9 passes
==PROF== Profiling "splitKreduce_kernel" - 1496: 0%....50%....100% - 9 passes
==PROF== Profiling "ampere_bf16_s16816gemm_bf16_6..." - 1497: 0%....50%....100% - 9 passes
==PROF== Profiling "splitKreduce_kernel" - 1498: 0%....50%....100% - 9 passes
==PROF== Profiling "CatArrayBatchedCopy" - 1499: 0%....50%....100% - 9 passes
==PROF== Profiling "CatArrayBatchedCopy" - 1500: 0%....50%....100% - 9 passes
==PROF== Profiling "elementwise_kernel" - 1501: 0%....50%....100% - 9 passes
==PROF== Profiling "elementwise_kernel" - 1502: 0%....50%....100% - 9 passes
==PROF== Profiling "CatArrayBatchedCopy" - 1503: 0%....50%....100% - 9 passes
==PROF== Profiling "elementwise_kernel" - 1504: 0%....50%....100% - 9 passes
==PROF== Profiling "elementwise_kernel" - 1505: 0%....50%....100% - 9 passes
==PROF== Profiling "elementwise_kernel" - 1506: 0%....50%....100% - 9 passes
==PROF== Profiling "elementwise_kernel" - 1507: 0%....50%....100% - 9 passes
==PROF== Profiling "CatArrayBatchedCopy" - 1508: 0%....50%....100% - 9 passes
==PROF== Profiling "elementwise_kernel" - 1509: 0%....50%....100% - 9 passes
==PROF== Profiling "elementwise_kernel" - 1510: 0%....50%....100% - 9 passes
==PROF== Profiling "CatArrayBatchedCopy" - 1511: 0%....50%....100% - 9 passes
==PROF== Profiling "CatArrayBatchedCopy" - 1512: 0%....50%....100% - 9 passes
==PROF== Profiling "flash_fwd_splitkv_kernel" - 1513: 0%....50%....100% - 9 passes
==PROF== Profiling "flash_fwd_splitkv_combine_ker..." - 1514: 0%....50%....100% - 9 passes
==PROF== Profiling "ampere_bf16_s16816gemm_bf16_1..." - 1515: 0%....50%....100% - 9 passes
==PROF== Profiling "vectorized_elementwise_kernel" - 1516: 0%....50%....100% - 9 passes
==PROF== Profiling "unrolled_elementwise_kernel" - 1517: 0%....50%....100% - 9 passes
==PROF== Profiling "vectorized_elementwise_kernel" - 1518: 0%....50%....100% - 9 passes
==PROF== Profiling "reduce_kernel" - 1519: 0%....50%....100% - 9 passes
==PROF== Profiling "vectorized_elementwise_kernel" - 1520: 0%....50%....100% - 9 passes
==PROF== Profiling "vectorized_elementwise_kernel" - 1521: 0%....50%....100% - 9 passes
==PROF== Profiling "elementwise_kernel" - 1522: 0%....50%....100% - 9 passes
==PROF== Profiling "vectorized_elementwise_kernel" - 1523: 0%....50%....100% - 9 passes
==PROF== Profiling "elementwise_kernel" - 1524: 0%....50%....100% - 9 passes
==PROF== Profiling "ampere_bf16_s1688gemm_bf16_64..." - 1525: 0%....50%....100% - 9 passes
==PROF== Profiling "vectorized_elementwise_kernel" - 1526: 0%....50%....100% - 9 passes
==PROF== Profiling "ampere_bf16_s1688gemm_bf16_64..." - 1527: 0%....50%....100% - 9 passes
==PROF== Profiling "vectorized_elementwise_kernel" - 1528: 0%....50%....100% - 9 passes
==PROF== Profiling "ampere_bf16_s1688gemm_bf16_12..." - 1529: 0%....50%....100% - 9 passes
==PROF== Profiling "vectorized_elementwise_kernel" - 1530: 0%....50%....100% - 9 passes
==PROF== Profiling "unrolled_elementwise_kernel" - 1531: 0%....50%....100% - 9 passes
==PROF== Profiling "vectorized_elementwise_kernel" - 1532: 0%....50%....100% - 9 passes
==PROF== Profiling "reduce_kernel" - 1533: 0%....50%....100% - 9 passes
==PROF== Profiling "vectorized_elementwise_kernel" - 1534: 0%....50%....100% - 9 passes
==PROF== Profiling "vectorized_elementwise_kernel" - 1535: 0%....50%....100% - 9 passes
==PROF== Profiling "elementwise_kernel" - 1536: 0%....50%....100% - 9 passes
==PROF== Profiling "vectorized_elementwise_kernel" - 1537: 0%....50%....100% - 9 passes
==PROF== Profiling "elementwise_kernel" - 1538: 0%....50%....100% - 9 passes
==PROF== Profiling "ampere_bf16_s1688gemm_bf16_12..." - 1539: 0%....50%....100% - 9 passes
==PROF== Profiling "ampere_bf16_s16816gemm_bf16_6..." - 1540: 0%....50%....100% - 9 passes
==PROF== Profiling "splitKreduce_kernel" - 1541: 0%....50%....100% - 9 passes
==PROF== Profiling "ampere_bf16_s16816gemm_bf16_6..." - 1542: 0%....50%....100% - 9 passes
==PROF== Profiling "splitKreduce_kernel" - 1543: 0%....50%....100% - 9 passes
==PROF== Profiling "CatArrayBatchedCopy" - 1544: 0%....50%....100% - 9 passes
==PROF== Profiling "CatArrayBatchedCopy" - 1545: 0%....50%....100% - 9 passes
==PROF== Profiling "elementwise_kernel" - 1546: 0%....50%....100% - 9 passes
==PROF== Profiling "elementwise_kernel" - 1547: 0%....50%....100% - 9 passes
==PROF== Profiling "CatArrayBatchedCopy" - 1548: 0%....50%....100% - 9 passes
==PROF== Profiling "elementwise_kernel" - 1549: 0%....50%....100% - 9 passes
==PROF== Profiling "elementwise_kernel" - 1550: 0%....50%....100% - 9 passes
==PROF== Profiling "elementwise_kernel" - 1551: 0%....50%....100% - 9 passes
==PROF== Profiling "elementwise_kernel" - 1552: 0%....50%....100% - 9 passes
==PROF== Profiling "CatArrayBatchedCopy" - 1553: 0%....50%....100% - 9 passes
==PROF== Profiling "elementwise_kernel" - 1554: 0%....50%....100% - 9 passes
==PROF== Profiling "elementwise_kernel" - 1555: 0%....50%....100% - 9 passes
==PROF== Profiling "CatArrayBatchedCopy" - 1556: 0%....50%....100% - 9 passes
==PROF== Profiling "CatArrayBatchedCopy" - 1557: 0%....50%....100% - 9 passes
==PROF== Profiling "flash_fwd_splitkv_kernel" - 1558: 0%....50%....100% - 9 passes
==PROF== Profiling "flash_fwd_splitkv_combine_ker..." - 1559: 0%....50%....100% - 9 passes
==PROF== Profiling "ampere_bf16_s16816gemm_bf16_1..." - 1560: 0%....50%....100% - 9 passes
==PROF== Profiling "vectorized_elementwise_kernel" - 1561: 0%....50%....100% - 9 passes
==PROF== Profiling "unrolled_elementwise_kernel" - 1562: 0%....50%....100% - 9 passes
==PROF== Profiling "vectorized_elementwise_kernel" - 1563: 0%....50%....100% - 9 passes
==PROF== Profiling "reduce_kernel" - 1564: 0%....50%....100% - 9 passes
==PROF== Profiling "vectorized_elementwise_kernel" - 1565: 0%....50%....100% - 9 passes
==PROF== Profiling "vectorized_elementwise_kernel" - 1566: 0%....50%....100% - 9 passes
==PROF== Profiling "elementwise_kernel" - 1567: 0%....50%....100% - 9 passes
==PROF== Profiling "vectorized_elementwise_kernel" - 1568: 0%....50%....100% - 9 passes
==PROF== Profiling "elementwise_kernel" - 1569: 0%....50%....100% - 9 passes
==PROF== Profiling "ampere_bf16_s1688gemm_bf16_64..." - 1570: 0%....50%....100% - 9 passes
==PROF== Profiling "vectorized_elementwise_kernel" - 1571: 0%....50%....100% - 9 passes
==PROF== Profiling "ampere_bf16_s1688gemm_bf16_64..." - 1572: 0%....50%....100% - 9 passes
==PROF== Profiling "vectorized_elementwise_kernel" - 1573: 0%....50%....100% - 9 passes
==PROF== Profiling "ampere_bf16_s1688gemm_bf16_12..." - 1574: 0%....50%....100% - 9 passes
==PROF== Profiling "vectorized_elementwise_kernel" - 1575: 0%....50%....100% - 9 passes
==PROF== Profiling "unrolled_elementwise_kernel" - 1576: 0%....50%....100% - 9 passes
==PROF== Profiling "vectorized_elementwise_kernel" - 1577: 0%....50%....100% - 9 passes
==PROF== Profiling "reduce_kernel" - 1578: 0%....50%....100% - 9 passes
==PROF== Profiling "vectorized_elementwise_kernel" - 1579: 0%....50%....100% - 9 passes
==PROF== Profiling "vectorized_elementwise_kernel" - 1580: 0%....50%....100% - 9 passes
==PROF== Profiling "elementwise_kernel" - 1581: 0%....50%....100% - 9 passes
==PROF== Profiling "vectorized_elementwise_kernel" - 1582: 0%....50%....100% - 9 passes
==PROF== Profiling "elementwise_kernel" - 1583: 0%....50%....100% - 9 passes
==PROF== Profiling "ampere_bf16_s1688gemm_bf16_12..." - 1584: 0%....50%....100% - 9 passes
==PROF== Profiling "ampere_bf16_s16816gemm_bf16_6..." - 1585: 0%....50%....100% - 9 passes
==PROF== Profiling "splitKreduce_kernel" - 1586: 0%....50%....100% - 9 passes
==PROF== Profiling "ampere_bf16_s16816gemm_bf16_6..." - 1587: 0%....50%....100% - 9 passes
==PROF== Profiling "splitKreduce_kernel" - 1588: 0%....50%....100% - 9 passes
==PROF== Profiling "CatArrayBatchedCopy" - 1589: 0%....50%....100% - 9 passes
==PROF== Profiling "CatArrayBatchedCopy" - 1590: 0%....50%....100% - 9 passes
==PROF== Profiling "elementwise_kernel" - 1591: 0%....50%....100% - 9 passes
==PROF== Profiling "elementwise_kernel" - 1592: 0%....50%....100% - 9 passes
==PROF== Profiling "CatArrayBatchedCopy" - 1593: 0%....50%....100% - 9 passes
==PROF== Profiling "elementwise_kernel" - 1594: 0%....50%....100% - 9 passes
==PROF== Profiling "elementwise_kernel" - 1595: 0%....50%....100% - 9 passes
==PROF== Profiling "elementwise_kernel" - 1596: 0%....50%....100% - 9 passes
==PROF== Profiling "elementwise_kernel" - 1597: 0%....50%....100% - 9 passes
==PROF== Profiling "CatArrayBatchedCopy" - 1598: 0%....50%....100% - 9 passes
==PROF== Profiling "elementwise_kernel" - 1599: 0%....50%....100% - 9 passes
==PROF== Profiling "elementwise_kernel" - 1600: 0%....50%....100% - 9 passes
==PROF== Profiling "CatArrayBatchedCopy" - 1601: 0%....50%....100% - 9 passes
==PROF== Profiling "CatArrayBatchedCopy" - 1602: 0%....50%....100% - 9 passes
==PROF== Profiling "flash_fwd_splitkv_kernel" - 1603: 0%....50%....100% - 9 passes
==PROF== Profiling "flash_fwd_splitkv_combine_ker..." - 1604: 0%....50%....100% - 9 passes
==PROF== Profiling "ampere_bf16_s16816gemm_bf16_1..." - 1605: 0%....50%....100% - 9 passes
==PROF== Profiling "vectorized_elementwise_kernel" - 1606: 0%....50%....100% - 9 passes
==PROF== Profiling "unrolled_elementwise_kernel" - 1607: 0%....50%....100% - 9 passes
==PROF== Profiling "vectorized_elementwise_kernel" - 1608: 0%....50%....100% - 9 passes
==PROF== Profiling "reduce_kernel" - 1609: 0%....50%....100% - 9 passes
==PROF== Profiling "vectorized_elementwise_kernel" - 1610: 0%....50%....100% - 9 passes
==PROF== Profiling "vectorized_elementwise_kernel" - 1611: 0%....50%....100% - 9 passes
==PROF== Profiling "elementwise_kernel" - 1612: 0%....50%....100% - 9 passes
==PROF== Profiling "vectorized_elementwise_kernel" - 1613: 0%....50%....100% - 9 passes
==PROF== Profiling "elementwise_kernel" - 1614: 0%....50%....100% - 9 passes
==PROF== Profiling "ampere_bf16_s1688gemm_bf16_64..." - 1615: 0%....50%....100% - 9 passes
==PROF== Profiling "vectorized_elementwise_kernel" - 1616: 0%....50%....100% - 9 passes
==PROF== Profiling "ampere_bf16_s1688gemm_bf16_64..." - 1617: 0%....50%....100% - 9 passes
==PROF== Profiling "vectorized_elementwise_kernel" - 1618: 0%....50%....100% - 9 passes
==PROF== Profiling "ampere_bf16_s1688gemm_bf16_12..." - 1619: 0%....50%....100% - 9 passes
==PROF== Profiling "vectorized_elementwise_kernel" - 1620: 0%....50%....100% - 9 passes
==PROF== Profiling "unrolled_elementwise_kernel" - 1621: 0%....50%....100% - 9 passes
==PROF== Profiling "vectorized_elementwise_kernel" - 1622: 0%....50%....100% - 9 passes
==PROF== Profiling "reduce_kernel" - 1623: 0%....50%....100% - 9 passes
==PROF== Profiling "vectorized_elementwise_kernel" - 1624: 0%....50%....100% - 9 passes
==PROF== Profiling "vectorized_elementwise_kernel" - 1625: 0%....50%....100% - 9 passes
==PROF== Profiling "elementwise_kernel" - 1626: 0%....50%....100% - 9 passes
==PROF== Profiling "vectorized_elementwise_kernel" - 1627: 0%....50%....100% - 9 passes
==PROF== Profiling "elementwise_kernel" - 1628: 0%....50%....100% - 9 passes
==PROF== Profiling "ampere_bf16_s1688gemm_bf16_64..." - 1629: 0%....50%....100% - 9 passes
==PROF== Profiling "reduce_kernel" - 1630: 0%....50%....100% - 9 passes
==PROF== Profiling "indexSelectSmallIndex" - 1631: 0%....50%....100% - 9 passes
==PROF== Profiling "unrolled_elementwise_kernel" - 1632: 0%....50%....100% - 9 passes
==PROF== Profiling "vectorized_elementwise_kernel" - 1633: 0%....50%....100% - 9 passes
==PROF== Profiling "reduce_kernel" - 1634: 0%....50%....100% - 9 passes
==PROF== Profiling "vectorized_elementwise_kernel" - 1635: 0%....50%....100% - 9 passes
==PROF== Profiling "vectorized_elementwise_kernel" - 1636: 0%....50%....100% - 9 passes
==PROF== Profiling "elementwise_kernel" - 1637: 0%....50%....100% - 9 passes
==PROF== Profiling "vectorized_elementwise_kernel" - 1638: 0%....50%....100% - 9 passes
==PROF== Profiling "vectorized_elementwise_kernel" - 1639: 0%....50%....100% - 9 passes
==PROF== Profiling "kernel" - 1640: 0%....50%....100% - 9 passes
==PROF== Profiling "kernel" - 1641: 0%....50%....100% - 9 passes
==PROF== Profiling "kernel" - 1642: 0%....50%....100% - 9 passes
==PROF== Profiling "CatArrayBatchedCopy_vectorized" - 1643: 0%....50%....100% - 9 passes
==PROF== Profiling "CatArrayBatchedCopy_vectorized" - 1644: 0%....50%....100% - 9 passes
==PROF== Profiling "elementwise_kernel" - 1645: 0%....50%....100% - 9 passes
==PROF== Profiling "elementwise_kernel" - 1646: 0%....50%....100% - 9 passes
==PROF== Profiling "CatArrayBatchedCopy" - 1647: 0%....50%....100% - 9 passes
==PROF== Profiling "elementwise_kernel" - 1648: 0%....50%....100% - 9 passes
==PROF== Profiling "vectorized_elementwise_kernel" - 1649: 0%....50%....100% - 9 passes
==PROF== Profiling "elementwise_kernel" - 1650: 0%....50%....100% - 9 passes
==PROF== Profiling "elementwise_kernel" - 1651: 0%....50%....100% - 9 passes
==PROF== Profiling "CatArrayBatchedCopy" - 1652: 0%....50%....100% - 9 passes
==PROF== Profiling "elementwise_kernel" - 1653: 0%....50%....100% - 9 passes
==PROF== Profiling "vectorized_elementwise_kernel" - 1654: 0%....50%....100% - 9 passes
==PROF== Profiling "CatArrayBatchedCopy_vectorized" - 1655: 0%....50%....100% - 9 passes
==PROF== Profiling "CatArrayBatchedCopy_vectorized" - 1656: 0%....50%....100% - 9 passes
==PROF== Profiling "flash_fwd_splitkv_kernel" - 1657: 0%....50%....100% - 9 passes
==PROF== Profiling "flash_fwd_splitkv_combine_ker..." - 1658: 0%....50%....100% - 9 passes
==PROF== Profiling "kernel" - 1659: 0%....50%....100% - 9 passes
==PROF== Profiling "vectorized_elementwise_kernel" - 1660: 0%....50%....100% - 9 passes
==PROF== Profiling "unrolled_elementwise_kernel" - 1661: 0%....50%....100% - 9 passes
==PROF== Profiling "vectorized_elementwise_kernel" - 1662: 0%....50%....100% - 9 passes
==PROF== Profiling "reduce_kernel" - 1663: 0%....50%....100% - 9 passes
==PROF== Profiling "vectorized_elementwise_kernel" - 1664: 0%....50%....100% - 9 passes
==PROF== Profiling "vectorized_elementwise_kernel" - 1665: 0%....50%....100% - 9 passes
==PROF== Profiling "elementwise_kernel" - 1666: 0%....50%....100% - 9 passes
==PROF== Profiling "vectorized_elementwise_kernel" - 1667: 0%....50%....100% - 9 passes
==PROF== Profiling "vectorized_elementwise_kernel" - 1668: 0%....50%....100% - 9 passes
==PROF== Profiling "kernel" - 1669: 0%....50%....100% - 9 passes
==PROF== Profiling "vectorized_elementwise_kernel" - 1670: 0%....50%....100% - 9 passes
==PROF== Profiling "kernel" - 1671: 0%....50%....100% - 9 passes
==PROF== Profiling "vectorized_elementwise_kernel" - 1672: 0%....50%....100% - 9 passes
==PROF== Profiling "kernel" - 1673: 0%....50%....100% - 9 passes
==PROF== Profiling "vectorized_elementwise_kernel" - 1674: 0%....50%....100% - 9 passes
==PROF== Profiling "unrolled_elementwise_kernel" - 1675: 0%....50%....100% - 9 passes
==PROF== Profiling "vectorized_elementwise_kernel" - 1676: 0%....50%....100% - 9 passes
==PROF== Profiling "reduce_kernel" - 1677: 0%....50%....100% - 9 passes
==PROF== Profiling "vectorized_elementwise_kernel" - 1678: 0%....50%....100% - 9 passes
==PROF== Profiling "vectorized_elementwise_kernel" - 1679: 0%....50%....100% - 9 passes
==PROF== Profiling "elementwise_kernel" - 1680: 0%....50%....100% - 9 passes
==PROF== Profiling "vectorized_elementwise_kernel" - 1681: 0%....50%....100% - 9 passes
==PROF== Profiling "vectorized_elementwise_kernel" - 1682: 0%....50%....100% - 9 passes
==PROF== Profiling "kernel" - 1683: 0%....50%....100% - 9 passes
==PROF== Profiling "kernel" - 1684: 0%....50%....100% - 9 passes
==PROF== Profiling "kernel" - 1685: 0%....50%....100% - 9 passes
==PROF== Profiling "CatArrayBatchedCopy_vectorized" - 1686: 0%....50%....100% - 9 passes
==PROF== Profiling "CatArrayBatchedCopy_vectorized" - 1687: 0%....50%....100% - 9 passes
==PROF== Profiling "elementwise_kernel" - 1688: 0%....50%....100% - 9 passes
==PROF== Profiling "elementwise_kernel" - 1689: 0%....50%....100% - 9 passes
==PROF== Profiling "CatArrayBatchedCopy" - 1690: 0%....50%....100% - 9 passes
==PROF== Profiling "elementwise_kernel" - 1691: 0%....50%....100% - 9 passes
==PROF== Profiling "vectorized_elementwise_kernel" - 1692: 0%....50%....100% - 9 passes
==PROF== Profiling "elementwise_kernel" - 1693: 0%....50%....100% - 9 passes
==PROF== Profiling "elementwise_kernel" - 1694: 0%....50%....100% - 9 passes
==PROF== Profiling "CatArrayBatchedCopy" - 1695: 0%....50%....100% - 9 passes
==PROF== Profiling "elementwise_kernel" - 1696: 0%....50%....100% - 9 passes
==PROF== Profiling "vectorized_elementwise_kernel" - 1697: 0%....50%....100% - 9 passes
==PROF== Profiling "CatArrayBatchedCopy_vectorized" - 1698: 0%....50%....100% - 9 passes
==PROF== Profiling "CatArrayBatchedCopy_vectorized" - 1699: 0%....50%....100% - 9 passes
==PROF== Profiling "flash_fwd_splitkv_kernel" - 1700: 0%....50%....100% - 9 passes
==PROF== Profiling "flash_fwd_splitkv_combine_ker..." - 1701: 0%....50%....100% - 9 passes
==PROF== Profiling "kernel" - 1702: 0%....50%....100% - 9 passes
==PROF== Profiling "vectorized_elementwise_kernel" - 1703: 0%....50%....100% - 9 passes
==PROF== Profiling "unrolled_elementwise_kernel" - 1704: 0%....50%....100% - 9 passes
==PROF== Profiling "vectorized_elementwise_kernel" - 1705: 0%....50%....100% - 9 passes
==PROF== Profiling "reduce_kernel" - 1706: 0%....50%....100% - 9 passes
==PROF== Profiling "vectorized_elementwise_kernel" - 1707: 0%....50%....100% - 9 passes
==PROF== Profiling "vectorized_elementwise_kernel" - 1708: 0%....50%....100% - 9 passes
==PROF== Profiling "elementwise_kernel" - 1709: 0%....50%....100% - 9 passes
==PROF== Profiling "vectorized_elementwise_kernel" - 1710: 0%....50%....100% - 9 passes
==PROF== Profiling "vectorized_elementwise_kernel" - 1711: 0%....50%....100% - 9 passes
==PROF== Profiling "kernel" - 1712: 0%....50%....100% - 9 passes
==PROF== Profiling "vectorized_elementwise_kernel" - 1713: 0%....50%....100% - 9 passes
==PROF== Profiling "kernel" - 1714: 0%....50%....100% - 9 passes
==PROF== Profiling "vectorized_elementwise_kernel" - 1715: 0%....50%....100% - 9 passes
==PROF== Profiling "kernel" - 1716: 0%....50%....100% - 9 passes
==PROF== Profiling "vectorized_elementwise_kernel" - 1717: 0%....50%....100% - 9 passes
==PROF== Profiling "unrolled_elementwise_kernel" - 1718: 0%....50%....100% - 9 passes
==PROF== Profiling "vectorized_elementwise_kernel" - 1719: 0%....50%....100% - 9 passes
==PROF== Profiling "reduce_kernel" - 1720: 0%....50%....100% - 9 passes
==PROF== Profiling "vectorized_elementwise_kernel" - 1721: 0%....50%....100% - 9 passes
==PROF== Profiling "vectorized_elementwise_kernel" - 1722: 0%....50%....100% - 9 passes
==PROF== Profiling "elementwise_kernel" - 1723: 0%....50%....100% - 9 passes
==PROF== Profiling "vectorized_elementwise_kernel" - 1724: 0%....50%....100% - 9 passes
==PROF== Profiling "vectorized_elementwise_kernel" - 1725: 0%....50%....100% - 9 passes
==PROF== Profiling "kernel" - 1726: 0%....50%....100% - 9 passes
==PROF== Profiling "kernel" - 1727: 0%....50%....100% - 9 passes
==PROF== Profiling "kernel" - 1728: 0%....50%....100% - 9 passes
==PROF== Profiling "CatArrayBatchedCopy_vectorized" - 1729: 0%....50%....100% - 9 passes
==PROF== Profiling "CatArrayBatchedCopy_vectorized" - 1730: 0%....50%....100% - 9 passes
==PROF== Profiling "elementwise_kernel" - 1731: 0%....50%....100% - 9 passes
==PROF== Profiling "elementwise_kernel" - 1732: 0%....50%....100% - 9 passes
==PROF== Profiling "CatArrayBatchedCopy" - 1733: 0%....50%....100% - 9 passes
==PROF== Profiling "elementwise_kernel" - 1734: 0%....50%....100% - 9 passes
==PROF== Profiling "vectorized_elementwise_kernel" - 1735: 0%....50%....100% - 9 passes
==PROF== Profiling "elementwise_kernel" - 1736: 0%....50%....100% - 9 passes
==PROF== Profiling "elementwise_kernel" - 1737: 0%....50%....100% - 9 passes
==PROF== Profiling "CatArrayBatchedCopy" - 1738: 0%....50%....100% - 9 passes
==PROF== Profiling "elementwise_kernel" - 1739: 0%....50%....100% - 9 passes
==PROF== Profiling "vectorized_elementwise_kernel" - 1740: 0%....50%....100% - 9 passes
==PROF== Profiling "CatArrayBatchedCopy_vectorized" - 1741: 0%....50%....100% - 9 passes
==PROF== Profiling "CatArrayBatchedCopy_vectorized" - 1742: 0%....50%....100% - 9 passes
==PROF== Profiling "flash_fwd_splitkv_kernel" - 1743: 0%....50%....100% - 9 passes
==PROF== Profiling "flash_fwd_splitkv_combine_ker..." - 1744: 0%....50%....100% - 9 passes
==PROF== Profiling "kernel" - 1745: 0%....50%....100% - 9 passes
==PROF== Profiling "vectorized_elementwise_kernel" - 1746: 0%....50%....100% - 9 passes
==PROF== Profiling "unrolled_elementwise_kernel" - 1747: 0%....50%....100% - 9 passes
==PROF== Profiling "vectorized_elementwise_kernel" - 1748: 0%....50%....100% - 9 passes
==PROF== Profiling "reduce_kernel" - 1749: 0%....50%....100% - 9 passes
==PROF== Profiling "vectorized_elementwise_kernel" - 1750: 0%....50%....100% - 9 passes
==PROF== Profiling "vectorized_elementwise_kernel" - 1751: 0%....50%....100% - 9 passes
==PROF== Profiling "elementwise_kernel" - 1752: 0%....50%....100% - 9 passes
==PROF== Profiling "vectorized_elementwise_kernel" - 1753: 0%....50%....100% - 9 passes
==PROF== Profiling "vectorized_elementwise_kernel" - 1754: 0%....50%....100% - 9 passes
==PROF== Profiling "kernel" - 1755: 0%....50%....100% - 9 passes
==PROF== Profiling "vectorized_elementwise_kernel" - 1756: 0%....50%....100% - 9 passes
==PROF== Profiling "kernel" - 1757: 0%....50%....100% - 9 passes
==PROF== Profiling "vectorized_elementwise_kernel" - 1758: 0%....50%....100% - 9 passes
==PROF== Profiling "kernel" - 1759: 0%....50%....100% - 9 passes
==PROF== Profiling "vectorized_elementwise_kernel" - 1760: 0%....50%....100% - 9 passes
==PROF== Profiling "unrolled_elementwise_kernel" - 1761: 0%....50%....100% - 9 passes
==PROF== Profiling "vectorized_elementwise_kernel" - 1762: 0%....50%....100% - 9 passes
==PROF== Profiling "reduce_kernel" - 1763: 0%....50%....100% - 9 passes
==PROF== Profiling "vectorized_elementwise_kernel" - 1764: 0%....50%....100% - 9 passes
==PROF== Profiling "vectorized_elementwise_kernel" - 1765: 0%....50%....100% - 9 passes
==PROF== Profiling "elementwise_kernel" - 1766: 0%....50%....100% - 9 passes
==PROF== Profiling "vectorized_elementwise_kernel" - 1767: 0%....50%....100% - 9 passes
==PROF== Profiling "vectorized_elementwise_kernel" - 1768: 0%....50%....100% - 9 passes
==PROF== Profiling "kernel" - 1769: 0%....50%....100% - 9 passes
==PROF== Profiling "kernel" - 1770: 0%....50%....100% - 9 passes
==PROF== Profiling "kernel" - 1771: 0%....50%....100% - 9 passes
==PROF== Profiling "CatArrayBatchedCopy_vectorized" - 1772: 0%....50%....100% - 9 passes
==PROF== Profiling "CatArrayBatchedCopy_vectorized" - 1773: 0%....50%....100% - 9 passes
==PROF== Profiling "elementwise_kernel" - 1774: 0%....50%....100% - 9 passes
==PROF== Profiling "elementwise_kernel" - 1775: 0%....50%....100% - 9 passes
==PROF== Profiling "CatArrayBatchedCopy" - 1776: 0%....50%....100% - 9 passes
==PROF== Profiling "elementwise_kernel" - 1777: 0%....50%....100% - 9 passes
==PROF== Profiling "vectorized_elementwise_kernel" - 1778: 0%....50%....100% - 9 passes
==PROF== Profiling "elementwise_kernel" - 1779: 0%....50%....100% - 9 passes
==PROF== Profiling "elementwise_kernel" - 1780: 0%....50%....100% - 9 passes
==PROF== Profiling "CatArrayBatchedCopy" - 1781: 0%....50%....100% - 9 passes
==PROF== Profiling "elementwise_kernel" - 1782: 0%....50%....100% - 9 passes
==PROF== Profiling "vectorized_elementwise_kernel" - 1783: 0%....50%....100% - 9 passes
==PROF== Profiling "CatArrayBatchedCopy_vectorized" - 1784: 0%....50%....100% - 9 passes
==PROF== Profiling "CatArrayBatchedCopy_vectorized" - 1785: 0%....50%....100% - 9 passes
==PROF== Profiling "flash_fwd_splitkv_kernel" - 1786: 0%....50%....100% - 9 passes
==PROF== Profiling "flash_fwd_splitkv_combine_ker..." - 1787: 0%....50%....100% - 9 passes
==PROF== Profiling "kernel" - 1788: 0%....50%....100% - 9 passes
==PROF== Profiling "vectorized_elementwise_kernel" - 1789: 0%....50%....100% - 9 passes
==PROF== Profiling "unrolled_elementwise_kernel" - 1790: 0%....50%....100% - 9 passes
==PROF== Profiling "vectorized_elementwise_kernel" - 1791: 0%....50%....100% - 9 passes
==PROF== Profiling "reduce_kernel" - 1792: 0%....50%....100% - 9 passes
==PROF== Profiling "vectorized_elementwise_kernel" - 1793: 0%....50%....100% - 9 passes
==PROF== Profiling "vectorized_elementwise_kernel" - 1794: 0%....50%....100% - 9 passes
==PROF== Profiling "elementwise_kernel" - 1795: 0%....50%....100% - 9 passes
==PROF== Profiling "vectorized_elementwise_kernel" - 1796: 0%....50%....100% - 9 passes
==PROF== Profiling "vectorized_elementwise_kernel" - 1797: 0%....50%....100% - 9 passes
==PROF== Profiling "kernel" - 1798: 0%....50%....100% - 9 passes
==PROF== Profiling "vectorized_elementwise_kernel" - 1799: 0%....50%....100% - 9 passes
==PROF== Profiling "kernel" - 1800: 0%....50%....100% - 9 passes
==PROF== Profiling "vectorized_elementwise_kernel" - 1801: 0%....50%....100% - 9 passes
==PROF== Profiling "kernel" - 1802: 0%....50%....100% - 9 passes
==PROF== Profiling "vectorized_elementwise_kernel" - 1803: 0%....50%....100% - 9 passes
==PROF== Profiling "unrolled_elementwise_kernel" - 1804: 0%....50%....100% - 9 passes
==PROF== Profiling "vectorized_elementwise_kernel" - 1805: 0%....50%....100% - 9 passes
==PROF== Profiling "reduce_kernel" - 1806: 0%....50%....100% - 9 passes
==PROF== Profiling "vectorized_elementwise_kernel" - 1807: 0%....50%....100% - 9 passes
==PROF== Profiling "vectorized_elementwise_kernel" - 1808: 0%....50%....100% - 9 passes
==PROF== Profiling "elementwise_kernel" - 1809: 0%....50%....100% - 9 passes
==PROF== Profiling "vectorized_elementwise_kernel" - 1810: 0%....50%....100% - 9 passes
==PROF== Profiling "vectorized_elementwise_kernel" - 1811: 0%....50%....100% - 9 passes
==PROF== Profiling "kernel" - 1812: 0%....50%....100% - 9 passes
==PROF== Profiling "kernel" - 1813: 0%....50%....100% - 9 passes
==PROF== Profiling "kernel" - 1814: 0%....50%....100% - 9 passes
==PROF== Profiling "CatArrayBatchedCopy_vectorized" - 1815: 0%....50%....100% - 9 passes
==PROF== Profiling "CatArrayBatchedCopy_vectorized" - 1816: 0%....50%....100% - 9 passes
==PROF== Profiling "elementwise_kernel" - 1817: 0%....50%....100% - 9 passes
==PROF== Profiling "elementwise_kernel" - 1818: 0%....50%....100% - 9 passes
==PROF== Profiling "CatArrayBatchedCopy" - 1819: 0%....50%....100% - 9 passes
==PROF== Profiling "elementwise_kernel" - 1820: 0%....50%....100% - 9 passes
==PROF== Profiling "vectorized_elementwise_kernel" - 1821: 0%....50%....100% - 9 passes
==PROF== Profiling "elementwise_kernel" - 1822: 0%....50%....100% - 9 passes
==PROF== Profiling "elementwise_kernel" - 1823: 0%....50%....100% - 9 passes
==PROF== Profiling "CatArrayBatchedCopy" - 1824: 0%....50%....100% - 9 passes
==PROF== Profiling "elementwise_kernel" - 1825: 0%....50%....100% - 9 passes
==PROF== Profiling "vectorized_elementwise_kernel" - 1826: 0%....50%....100% - 9 passes
==PROF== Profiling "CatArrayBatchedCopy_vectorized" - 1827: 0%....50%....100% - 9 passes
==PROF== Profiling "CatArrayBatchedCopy_vectorized" - 1828: 0%....50%....100% - 9 passes
==PROF== Profiling "flash_fwd_splitkv_kernel" - 1829: 0%....50%....100% - 9 passes
==PROF== Profiling "flash_fwd_splitkv_combine_ker..." - 1830: 0%....50%....100% - 9 passes
==PROF== Profiling "kernel" - 1831: 0%....50%....100% - 9 passes
==PROF== Profiling "vectorized_elementwise_kernel" - 1832: 0%....50%....100% - 9 passes
==PROF== Profiling "unrolled_elementwise_kernel" - 1833: 0%....50%....100% - 9 passes
==PROF== Profiling "vectorized_elementwise_kernel" - 1834: 0%....50%....100% - 9 passes
==PROF== Profiling "reduce_kernel" - 1835: 0%....50%....100% - 9 passes
==PROF== Profiling "vectorized_elementwise_kernel" - 1836: 0%....50%....100% - 9 passes
==PROF== Profiling "vectorized_elementwise_kernel" - 1837: 0%....50%....100% - 9 passes
==PROF== Profiling "elementwise_kernel" - 1838: 0%....50%....100% - 9 passes
==PROF== Profiling "vectorized_elementwise_kernel" - 1839: 0%....50%....100% - 9 passes
==PROF== Profiling "vectorized_elementwise_kernel" - 1840: 0%....50%....100% - 9 passes
==PROF== Profiling "kernel" - 1841: 0%....50%....100% - 9 passes
==PROF== Profiling "vectorized_elementwise_kernel" - 1842: 0%....50%....100% - 9 passes
==PROF== Profiling "kernel" - 1843: 0%....50%....100% - 9 passes
==PROF== Profiling "vectorized_elementwise_kernel" - 1844: 0%....50%....100% - 9 passes
==PROF== Profiling "kernel" - 1845: 0%....50%....100% - 9 passes
==PROF== Profiling "vectorized_elementwise_kernel" - 1846: 0%....50%....100% - 9 passes
==PROF== Profiling "unrolled_elementwise_kernel" - 1847: 0%....50%....100% - 9 passes
==PROF== Profiling "vectorized_elementwise_kernel" - 1848: 0%....50%....100% - 9 passes
==PROF== Profiling "reduce_kernel" - 1849: 0%....50%....100% - 9 passes
==PROF== Profiling "vectorized_elementwise_kernel" - 1850: 0%....50%....100% - 9 passes
==PROF== Profiling "vectorized_elementwise_kernel" - 1851: 0%....50%....100% - 9 passes
==PROF== Profiling "elementwise_kernel" - 1852: 0%....50%....100% - 9 passes
==PROF== Profiling "vectorized_elementwise_kernel" - 1853: 0%....50%....100% - 9 passes
==PROF== Profiling "vectorized_elementwise_kernel" - 1854: 0%....50%....100% - 9 passes
==PROF== Profiling "kernel" - 1855: 0%....50%....100% - 9 passes
==PROF== Profiling "kernel" - 1856: 0%....50%....100% - 9 passes
==PROF== Profiling "kernel" - 1857: 0%....50%....100% - 9 passes
==PROF== Profiling "CatArrayBatchedCopy_vectorized" - 1858: 0%....50%....100% - 9 passes
==PROF== Profiling "CatArrayBatchedCopy_vectorized" - 1859: 0%....50%....100% - 9 passes
==PROF== Profiling "elementwise_kernel" - 1860: 0%....50%....100% - 9 passes
==PROF== Profiling "elementwise_kernel" - 1861: 0%....50%....100% - 9 passes
==PROF== Profiling "CatArrayBatchedCopy" - 1862: 0%....50%....100% - 9 passes
==PROF== Profiling "elementwise_kernel" - 1863: 0%....50%....100% - 9 passes
==PROF== Profiling "vectorized_elementwise_kernel" - 1864: 0%....50%....100% - 9 passes
==PROF== Profiling "elementwise_kernel" - 1865: 0%....50%....100% - 9 passes
==PROF== Profiling "elementwise_kernel" - 1866: 0%....50%....100% - 9 passes
==PROF== Profiling "CatArrayBatchedCopy" - 1867: 0%....50%....100% - 9 passes
==PROF== Profiling "elementwise_kernel" - 1868: 0%....50%....100% - 9 passes
==PROF== Profiling "vectorized_elementwise_kernel" - 1869: 0%....50%....100% - 9 passes
==PROF== Profiling "CatArrayBatchedCopy_vectorized" - 1870: 0%....50%....100% - 9 passes
==PROF== Profiling "CatArrayBatchedCopy_vectorized" - 1871: 0%....50%....100% - 9 passes
==PROF== Profiling "flash_fwd_splitkv_kernel" - 1872: 0%....50%....100% - 9 passes
==PROF== Profiling "flash_fwd_splitkv_combine_ker..." - 1873: 0%....50%....100% - 9 passes
==PROF== Profiling "kernel" - 1874: 0%....50%....100% - 9 passes
==PROF== Profiling "vectorized_elementwise_kernel" - 1875: 0%....50%....100% - 9 passes
==PROF== Profiling "unrolled_elementwise_kernel" - 1876: 0%....50%....100% - 9 passes
==PROF== Profiling "vectorized_elementwise_kernel" - 1877: 0%....50%....100% - 9 passes
==PROF== Profiling "reduce_kernel" - 1878: 0%....50%....100% - 9 passes
==PROF== Profiling "vectorized_elementwise_kernel" - 1879: 0%....50%....100% - 9 passes
==PROF== Profiling "vectorized_elementwise_kernel" - 1880: 0%....50%....100% - 9 passes
==PROF== Profiling "elementwise_kernel" - 1881: 0%....50%....100% - 9 passes
==PROF== Profiling "vectorized_elementwise_kernel" - 1882: 0%....50%....100% - 9 passes
==PROF== Profiling "vectorized_elementwise_kernel" - 1883: 0%....50%....100% - 9 passes
==PROF== Profiling "kernel" - 1884: 0%....50%....100% - 9 passes
==PROF== Profiling "vectorized_elementwise_kernel" - 1885: 0%....50%....100% - 9 passes
==PROF== Profiling "kernel" - 1886: 0%....50%....100% - 9 passes
==PROF== Profiling "vectorized_elementwise_kernel" - 1887: 0%....50%....100% - 9 passes
==PROF== Profiling "kernel" - 1888: 0%....50%....100% - 9 passes
==PROF== Profiling "vectorized_elementwise_kernel" - 1889: 0%....50%....100% - 9 passes
==PROF== Profiling "unrolled_elementwise_kernel" - 1890: 0%....50%....100% - 9 passes
==PROF== Profiling "vectorized_elementwise_kernel" - 1891: 0%....50%....100% - 9 passes
==PROF== Profiling "reduce_kernel" - 1892: 0%....50%....100% - 9 passes
==PROF== Profiling "vectorized_elementwise_kernel" - 1893: 0%....50%....100% - 9 passes
==PROF== Profiling "vectorized_elementwise_kernel" - 1894: 0%....50%....100% - 9 passes
==PROF== Profiling "elementwise_kernel" - 1895: 0%....50%....100% - 9 passes
==PROF== Profiling "vectorized_elementwise_kernel" - 1896: 0%....50%....100% - 9 passes
==PROF== Profiling "vectorized_elementwise_kernel" - 1897: 0%....50%....100% - 9 passes
==PROF== Profiling "kernel" - 1898: 0%....50%....100% - 9 passes
==PROF== Profiling "kernel" - 1899: 0%....50%....100% - 9 passes
==PROF== Profiling "kernel" - 1900: 0%....50%....100% - 9 passes
==PROF== Profiling "CatArrayBatchedCopy_vectorized" - 1901: 0%....50%....100% - 9 passes
==PROF== Profiling "CatArrayBatchedCopy_vectorized" - 1902: 0%....50%....100% - 9 passes
==PROF== Profiling "elementwise_kernel" - 1903: 0%....50%....100% - 9 passes
==PROF== Profiling "elementwise_kernel" - 1904: 0%....50%....100% - 9 passes
==PROF== Profiling "CatArrayBatchedCopy" - 1905: 0%....50%....100% - 9 passes
==PROF== Profiling "elementwise_kernel" - 1906: 0%....50%....100% - 9 passes
==PROF== Profiling "vectorized_elementwise_kernel" - 1907: 0%....50%....100% - 9 passes
==PROF== Profiling "elementwise_kernel" - 1908: 0%....50%....100% - 9 passes
==PROF== Profiling "elementwise_kernel" - 1909: 0%....50%....100% - 9 passes
==PROF== Profiling "CatArrayBatchedCopy" - 1910: 0%....50%....100% - 9 passes
==PROF== Profiling "elementwise_kernel" - 1911: 0%....50%....100% - 9 passes
==PROF== Profiling "vectorized_elementwise_kernel" - 1912: 0%....50%....100% - 9 passes
==PROF== Profiling "CatArrayBatchedCopy_vectorized" - 1913: 0%....50%....100% - 9 passes
==PROF== Profiling "CatArrayBatchedCopy_vectorized" - 1914: 0%....50%....100% - 9 passes
==PROF== Profiling "flash_fwd_splitkv_kernel" - 1915: 0%....50%....100% - 9 passes
==PROF== Profiling "flash_fwd_splitkv_combine_ker..." - 1916: 0%....50%....100% - 9 passes
==PROF== Profiling "kernel" - 1917: 0%....50%....100% - 9 passes
==PROF== Profiling "vectorized_elementwise_kernel" - 1918: 0%....50%....100% - 9 passes
==PROF== Profiling "unrolled_elementwise_kernel" - 1919: 0%....50%....100% - 9 passes
==PROF== Profiling "vectorized_elementwise_kernel" - 1920: 0%....50%....100% - 9 passes
==PROF== Profiling "reduce_kernel" - 1921: 0%....50%....100% - 9 passes
==PROF== Profiling "vectorized_elementwise_kernel" - 1922: 0%....50%....100% - 9 passes
==PROF== Profiling "vectorized_elementwise_kernel" - 1923: 0%....50%....100% - 9 passes
==PROF== Profiling "elementwise_kernel" - 1924: 0%....50%....100% - 9 passes
==PROF== Profiling "vectorized_elementwise_kernel" - 1925: 0%....50%....100% - 9 passes
==PROF== Profiling "vectorized_elementwise_kernel" - 1926: 0%....50%....100% - 9 passes
==PROF== Profiling "kernel" - 1927: 0%....50%....100% - 9 passes
==PROF== Profiling "vectorized_elementwise_kernel" - 1928: 0%....50%....100% - 9 passes
==PROF== Profiling "kernel" - 1929: 0%....50%....100% - 9 passes
==PROF== Profiling "vectorized_elementwise_kernel" - 1930: 0%....50%....100% - 9 passes
==PROF== Profiling "kernel" - 1931: 0%....50%....100% - 9 passes
==PROF== Profiling "vectorized_elementwise_kernel" - 1932: 0%....50%....100% - 9 passes
==PROF== Profiling "unrolled_elementwise_kernel" - 1933: 0%....50%....100% - 9 passes
==PROF== Profiling "vectorized_elementwise_kernel" - 1934: 0%....50%....100% - 9 passes
==PROF== Profiling "reduce_kernel" - 1935: 0%....50%....100% - 9 passes
==PROF== Profiling "vectorized_elementwise_kernel" - 1936: 0%....50%....100% - 9 passes
==PROF== Profiling "vectorized_elementwise_kernel" - 1937: 0%....50%....100% - 9 passes
==PROF== Profiling "elementwise_kernel" - 1938: 0%....50%....100% - 9 passes
==PROF== Profiling "vectorized_elementwise_kernel" - 1939: 0%....50%....100% - 9 passes
==PROF== Profiling "vectorized_elementwise_kernel" - 1940: 0%....50%....100% - 9 passes
==PROF== Profiling "kernel" - 1941: 0%....50%....100% - 9 passes
==PROF== Profiling "kernel" - 1942: 0%....50%....100% - 9 passes
==PROF== Profiling "kernel" - 1943: 0%....50%....100% - 9 passes
==PROF== Profiling "CatArrayBatchedCopy_vectorized" - 1944: 0%....50%....100% - 9 passes
==PROF== Profiling "CatArrayBatchedCopy_vectorized" - 1945: 0%....50%....100% - 9 passes
==PROF== Profiling "elementwise_kernel" - 1946: 0%....50%....100% - 9 passes
==PROF== Profiling "elementwise_kernel" - 1947: 0%....50%....100% - 9 passes
==PROF== Profiling "CatArrayBatchedCopy" - 1948: 0%....50%....100% - 9 passes
==PROF== Profiling "elementwise_kernel" - 1949: 0%....50%....100% - 9 passes
==PROF== Profiling "vectorized_elementwise_kernel" - 1950: 0%....50%....100% - 9 passes
==PROF== Profiling "elementwise_kernel" - 1951: 0%....50%....100% - 9 passes
==PROF== Profiling "elementwise_kernel" - 1952: 0%....50%....100% - 9 passes
==PROF== Profiling "CatArrayBatchedCopy" - 1953: 0%....50%....100% - 9 passes
==PROF== Profiling "elementwise_kernel" - 1954: 0%....50%....100% - 9 passes
==PROF== Profiling "vectorized_elementwise_kernel" - 1955: 0%....50%....100% - 9 passes
==PROF== Profiling "CatArrayBatchedCopy_vectorized" - 1956: 0%....50%....100% - 9 passes
==PROF== Profiling "CatArrayBatchedCopy_vectorized" - 1957: 0%....50%....100% - 9 passes
==PROF== Profiling "flash_fwd_splitkv_kernel" - 1958: 0%....50%....100% - 9 passes
==PROF== Profiling "flash_fwd_splitkv_combine_ker..." - 1959: 0%....50%....100% - 9 passes
==PROF== Profiling "kernel" - 1960: 0%....50%....100% - 9 passes
==PROF== Profiling "vectorized_elementwise_kernel" - 1961: 0%....50%....100% - 9 passes
==PROF== Profiling "unrolled_elementwise_kernel" - 1962: 0%....50%....100% - 9 passes
==PROF== Profiling "vectorized_elementwise_kernel" - 1963: 0%....50%....100% - 9 passes
==PROF== Profiling "reduce_kernel" - 1964: 0%....50%....100% - 9 passes
==PROF== Profiling "vectorized_elementwise_kernel" - 1965: 0%....50%....100% - 9 passes
==PROF== Profiling "vectorized_elementwise_kernel" - 1966: 0%....50%....100% - 9 passes
==PROF== Profiling "elementwise_kernel" - 1967: 0%....50%....100% - 9 passes
==PROF== Profiling "vectorized_elementwise_kernel" - 1968: 0%....50%....100% - 9 passes
==PROF== Profiling "vectorized_elementwise_kernel" - 1969: 0%....50%....100% - 9 passes
==PROF== Profiling "kernel" - 1970: 0%....50%....100% - 9 passes
==PROF== Profiling "vectorized_elementwise_kernel" - 1971: 0%....50%....100% - 9 passes
==PROF== Profiling "kernel" - 1972: 0%....50%....100% - 9 passes
==PROF== Profiling "vectorized_elementwise_kernel" - 1973: 0%....50%....100% - 9 passes
==PROF== Profiling "kernel" - 1974: 0%....50%....100% - 9 passes
==PROF== Profiling "vectorized_elementwise_kernel" - 1975: 0%....50%....100% - 9 passes
==PROF== Profiling "unrolled_elementwise_kernel" - 1976: 0%....50%....100% - 9 passes
==PROF== Profiling "vectorized_elementwise_kernel" - 1977: 0%....50%....100% - 9 passes
==PROF== Profiling "reduce_kernel" - 1978: 0%....50%....100% - 9 passes
==PROF== Profiling "vectorized_elementwise_kernel" - 1979: 0%....50%....100% - 9 passes
==PROF== Profiling "vectorized_elementwise_kernel" - 1980: 0%....50%....100% - 9 passes
==PROF== Profiling "elementwise_kernel" - 1981: 0%....50%....100% - 9 passes
==PROF== Profiling "vectorized_elementwise_kernel" - 1982: 0%....50%....100% - 9 passes
==PROF== Profiling "vectorized_elementwise_kernel" - 1983: 0%....50%....100% - 9 passes
==PROF== Profiling "kernel" - 1984: 0%....50%....100% - 9 passes
==PROF== Profiling "kernel" - 1985: 0%....50%....100% - 9 passes
==PROF== Profiling "kernel" - 1986: 0%....50%....100% - 9 passes
==PROF== Profiling "CatArrayBatchedCopy_vectorized" - 1987: 0%....50%....100% - 9 passes
==PROF== Profiling "CatArrayBatchedCopy_vectorized" - 1988: 0%....50%....100% - 9 passes
==PROF== Profiling "elementwise_kernel" - 1989: 0%....50%....100% - 9 passes
==PROF== Profiling "elementwise_kernel" - 1990: 0%....50%....100% - 9 passes
==PROF== Profiling "CatArrayBatchedCopy" - 1991: 0%....50%....100% - 9 passes
==PROF== Profiling "elementwise_kernel" - 1992: 0%....50%....100% - 9 passes
==PROF== Profiling "vectorized_elementwise_kernel" - 1993: 0%....50%....100% - 9 passes
==PROF== Profiling "elementwise_kernel" - 1994: 0%....50%....100% - 9 passes
==PROF== Profiling "elementwise_kernel" - 1995: 0%....50%....100% - 9 passes
==PROF== Profiling "CatArrayBatchedCopy" - 1996: 0%....50%....100% - 9 passes
==PROF== Profiling "elementwise_kernel" - 1997: 0%....50%....100% - 9 passes
==PROF== Profiling "vectorized_elementwise_kernel" - 1998: 0%....50%....100% - 9 passes
==PROF== Profiling "CatArrayBatchedCopy_vectorized" - 1999: 0%....50%....100% - 9 passes
==PROF== Profiling "CatArrayBatchedCopy_vectorized" - 2000: 0%....50%....100% - 9 passes
==PROF== Profiling "flash_fwd_splitkv_kernel" - 2001: 0%....50%....100% - 9 passes
==PROF== Profiling "flash_fwd_splitkv_combine_ker..." - 2002: 0%....50%....100% - 9 passes
==PROF== Profiling "kernel" - 2003: 0%....50%....100% - 9 passes
==PROF== Profiling "vectorized_elementwise_kernel" - 2004: 0%....50%....100% - 9 passes
==PROF== Profiling "unrolled_elementwise_kernel" - 2005: 0%....50%....100% - 9 passes
==PROF== Profiling "vectorized_elementwise_kernel" - 2006: 0%....50%....100% - 9 passes
==PROF== Profiling "reduce_kernel" - 2007: 0%....50%....100% - 9 passes
==PROF== Profiling "vectorized_elementwise_kernel" - 2008: 0%....50%....100% - 9 passes
==PROF== Profiling "vectorized_elementwise_kernel" - 2009: 0%....50%....100% - 9 passes
==PROF== Profiling "elementwise_kernel" - 2010: 0%....50%....100% - 9 passes
==PROF== Profiling "vectorized_elementwise_kernel" - 2011: 0%....50%....100% - 9 passes
==PROF== Profiling "vectorized_elementwise_kernel" - 2012: 0%....50%....100% - 9 passes
==PROF== Profiling "kernel" - 2013: 0%....50%....100% - 9 passes
==PROF== Profiling "vectorized_elementwise_kernel" - 2014: 0%....50%....100% - 9 passes
==PROF== Profiling "kernel" - 2015: 0%....50%....100% - 9 passes
==PROF== Profiling "vectorized_elementwise_kernel" - 2016: 0%....50%....100% - 9 passes
==PROF== Profiling "kernel" - 2017: 0%....50%....100% - 9 passes
==PROF== Profiling "vectorized_elementwise_kernel" - 2018: 0%....50%....100% - 9 passes
==PROF== Profiling "unrolled_elementwise_kernel" - 2019: 0%....50%....100% - 9 passes
==PROF== Profiling "vectorized_elementwise_kernel" - 2020: 0%....50%....100% - 9 passes
==PROF== Profiling "reduce_kernel" - 2021: 0%....50%....100% - 9 passes
==PROF== Profiling "vectorized_elementwise_kernel" - 2022: 0%....50%....100% - 9 passes
==PROF== Profiling "vectorized_elementwise_kernel" - 2023: 0%....50%....100% - 9 passes
==PROF== Profiling "elementwise_kernel" - 2024: 0%....50%....100% - 9 passes
==PROF== Profiling "vectorized_elementwise_kernel" - 2025: 0%....50%....100% - 9 passes
==PROF== Profiling "vectorized_elementwise_kernel" - 2026: 0%....50%....100% - 9 passes
==PROF== Profiling "kernel" - 2027: 0%....50%....100% - 9 passes
==PROF== Profiling "kernel" - 2028: 0%....50%....100% - 9 passes
==PROF== Profiling "kernel" - 2029: 0%....50%....100% - 9 passes
==PROF== Profiling "CatArrayBatchedCopy_vectorized" - 2030: 0%....50%....100% - 9 passes
==PROF== Profiling "CatArrayBatchedCopy_vectorized" - 2031: 0%....50%....100% - 9 passes
==PROF== Profiling "elementwise_kernel" - 2032: 0%....50%....100% - 9 passes
==PROF== Profiling "elementwise_kernel" - 2033: 0%....50%....100% - 9 passes
==PROF== Profiling "CatArrayBatchedCopy" - 2034: 0%....50%....100% - 9 passes
==PROF== Profiling "elementwise_kernel" - 2035: 0%....50%....100% - 9 passes
==PROF== Profiling "vectorized_elementwise_kernel" - 2036: 0%....50%....100% - 9 passes
==PROF== Profiling "elementwise_kernel" - 2037: 0%....50%....100% - 9 passes
==PROF== Profiling "elementwise_kernel" - 2038: 0%....50%....100% - 9 passes
==PROF== Profiling "CatArrayBatchedCopy" - 2039: 0%....50%....100% - 9 passes
==PROF== Profiling "elementwise_kernel" - 2040: 0%....50%....100% - 9 passes
==PROF== Profiling "vectorized_elementwise_kernel" - 2041: 0%....50%....100% - 9 passes
==PROF== Profiling "CatArrayBatchedCopy_vectorized" - 2042: 0%....50%....100% - 9 passes
==PROF== Profiling "CatArrayBatchedCopy_vectorized" - 2043: 0%....50%....100% - 9 passes
==PROF== Profiling "flash_fwd_splitkv_kernel" - 2044: 0%....50%....100% - 9 passes
==PROF== Profiling "flash_fwd_splitkv_combine_ker..." - 2045: 0%....50%....100% - 9 passes
==PROF== Profiling "kernel" - 2046: 0%....50%....100% - 9 passes
==PROF== Profiling "vectorized_elementwise_kernel" - 2047: 0%....50%....100% - 9 passes
==PROF== Profiling "unrolled_elementwise_kernel" - 2048: 0%....50%....100% - 9 passes
==PROF== Profiling "vectorized_elementwise_kernel" - 2049: 0%....50%....100% - 9 passes
==PROF== Profiling "reduce_kernel" - 2050: 0%....50%....100% - 9 passes
==PROF== Profiling "vectorized_elementwise_kernel" - 2051: 0%....50%....100% - 9 passes
==PROF== Profiling "vectorized_elementwise_kernel" - 2052: 0%....50%....100% - 9 passes
==PROF== Profiling "elementwise_kernel" - 2053: 0%....50%....100% - 9 passes
==PROF== Profiling "vectorized_elementwise_kernel" - 2054: 0%....50%....100% - 9 passes
==PROF== Profiling "vectorized_elementwise_kernel" - 2055: 0%....50%....100% - 9 passes
==PROF== Profiling "kernel" - 2056: 0%....50%....100% - 9 passes
==PROF== Profiling "vectorized_elementwise_kernel" - 2057: 0%....50%....100% - 9 passes
==PROF== Profiling "kernel" - 2058: 0%....50%....100% - 9 passes
==PROF== Profiling "vectorized_elementwise_kernel" - 2059: 0%....50%....100% - 9 passes
==PROF== Profiling "kernel" - 2060: 0%....50%....100% - 9 passes
==PROF== Profiling "vectorized_elementwise_kernel" - 2061: 0%....50%....100% - 9 passes
==PROF== Profiling "unrolled_elementwise_kernel" - 2062: 0%....50%....100% - 9 passes
==PROF== Profiling "vectorized_elementwise_kernel" - 2063: 0%....50%....100% - 9 passes
==PROF== Profiling "reduce_kernel" - 2064: 0%....50%....100% - 9 passes
==PROF== Profiling "vectorized_elementwise_kernel" - 2065: 0%....50%....100% - 9 passes
==PROF== Profiling "vectorized_elementwise_kernel" - 2066: 0%....50%....100% - 9 passes
==PROF== Profiling "elementwise_kernel" - 2067: 0%....50%....100% - 9 passes
==PROF== Profiling "vectorized_elementwise_kernel" - 2068: 0%....50%....100% - 9 passes
==PROF== Profiling "vectorized_elementwise_kernel" - 2069: 0%....50%....100% - 9 passes
==PROF== Profiling "kernel" - 2070: 0%....50%....100% - 9 passes
==PROF== Profiling "kernel" - 2071: 0%....50%....100% - 9 passes
==PROF== Profiling "kernel" - 2072: 0%....50%....100% - 9 passes
==PROF== Profiling "CatArrayBatchedCopy_vectorized" - 2073: 0%....50%....100% - 9 passes
==PROF== Profiling "CatArrayBatchedCopy_vectorized" - 2074: 0%....50%....100% - 9 passes
==PROF== Profiling "elementwise_kernel" - 2075: 0%....50%....100% - 9 passes
==PROF== Profiling "elementwise_kernel" - 2076: 0%....50%....100% - 9 passes
==PROF== Profiling "CatArrayBatchedCopy" - 2077: 0%....50%....100% - 9 passes
==PROF== Profiling "elementwise_kernel" - 2078: 0%....50%....100% - 9 passes
==PROF== Profiling "vectorized_elementwise_kernel" - 2079: 0%....50%....100% - 9 passes
==PROF== Profiling "elementwise_kernel" - 2080: 0%....50%....100% - 9 passes
==PROF== Profiling "elementwise_kernel" - 2081: 0%....50%....100% - 9 passes
==PROF== Profiling "CatArrayBatchedCopy" - 2082: 0%....50%....100% - 9 passes
==PROF== Profiling "elementwise_kernel" - 2083: 0%....50%....100% - 9 passes
==PROF== Profiling "vectorized_elementwise_kernel" - 2084: 0%....50%....100% - 9 passes
==PROF== Profiling "CatArrayBatchedCopy_vectorized" - 2085: 0%....50%....100% - 9 passes
==PROF== Profiling "CatArrayBatchedCopy_vectorized" - 2086: 0%....50%....100% - 9 passes
==PROF== Profiling "flash_fwd_splitkv_kernel" - 2087: 0%....50%....100% - 9 passes
==PROF== Profiling "flash_fwd_splitkv_combine_ker..." - 2088: 0%....50%....100% - 9 passes
==PROF== Profiling "kernel" - 2089: 0%....50%....100% - 9 passes
==PROF== Profiling "vectorized_elementwise_kernel" - 2090: 0%....50%....100% - 9 passes
==PROF== Profiling "unrolled_elementwise_kernel" - 2091: 0%....50%....100% - 9 passes
==PROF== Profiling "vectorized_elementwise_kernel" - 2092: 0%....50%....100% - 9 passes
==PROF== Profiling "reduce_kernel" - 2093: 0%....50%....100% - 9 passes
==PROF== Profiling "vectorized_elementwise_kernel" - 2094: 0%....50%....100% - 9 passes
==PROF== Profiling "vectorized_elementwise_kernel" - 2095: 0%....50%....100% - 9 passes
==PROF== Profiling "elementwise_kernel" - 2096: 0%....50%....100% - 9 passes
==PROF== Profiling "vectorized_elementwise_kernel" - 2097: 0%....50%....100% - 9 passes
==PROF== Profiling "vectorized_elementwise_kernel" - 2098: 0%....50%....100% - 9 passes
==PROF== Profiling "kernel" - 2099: 0%....50%....100% - 9 passes
==PROF== Profiling "vectorized_elementwise_kernel" - 2100: 0%....50%....100% - 9 passes
==PROF== Profiling "kernel" - 2101: 0%....50%....100% - 9 passes
==PROF== Profiling "vectorized_elementwise_kernel" - 2102: 0%....50%....100% - 9 passes
==PROF== Profiling "kernel" - 2103: 0%....50%....100% - 9 passes
==PROF== Profiling "vectorized_elementwise_kernel" - 2104: 0%....50%....100% - 9 passes
==PROF== Profiling "unrolled_elementwise_kernel" - 2105: 0%....50%....100% - 9 passes
==PROF== Profiling "vectorized_elementwise_kernel" - 2106: 0%....50%....100% - 9 passes
==PROF== Profiling "reduce_kernel" - 2107: 0%....50%....100% - 9 passes
==PROF== Profiling "vectorized_elementwise_kernel" - 2108: 0%....50%....100% - 9 passes
==PROF== Profiling "vectorized_elementwise_kernel" - 2109: 0%....50%....100% - 9 passes
==PROF== Profiling "elementwise_kernel" - 2110: 0%....50%....100% - 9 passes
==PROF== Profiling "vectorized_elementwise_kernel" - 2111: 0%....50%....100% - 9 passes
==PROF== Profiling "vectorized_elementwise_kernel" - 2112: 0%....50%....100% - 9 passes
==PROF== Profiling "kernel" - 2113: 0%....50%....100% - 9 passes
==PROF== Profiling "kernel" - 2114: 0%....50%....100% - 9 passes
==PROF== Profiling "kernel" - 2115: 0%....50%....100% - 9 passes
==PROF== Profiling "CatArrayBatchedCopy_vectorized" - 2116: 0%....50%....100% - 9 passes
==PROF== Profiling "CatArrayBatchedCopy_vectorized" - 2117: 0%....50%....100% - 9 passes
==PROF== Profiling "elementwise_kernel" - 2118: 0%....50%....100% - 9 passes
==PROF== Profiling "elementwise_kernel" - 2119: 0%....50%....100% - 9 passes
==PROF== Profiling "CatArrayBatchedCopy" - 2120: 0%....50%....100% - 9 passes
==PROF== Profiling "elementwise_kernel" - 2121: 0%....50%....100% - 9 passes
==PROF== Profiling "vectorized_elementwise_kernel" - 2122: 0%....50%....100% - 9 passes
==PROF== Profiling "elementwise_kernel" - 2123: 0%....50%....100% - 9 passes
==PROF== Profiling "elementwise_kernel" - 2124: 0%....50%....100% - 9 passes
==PROF== Profiling "CatArrayBatchedCopy" - 2125: 0%....50%....100% - 9 passes
==PROF== Profiling "elementwise_kernel" - 2126: 0%....50%....100% - 9 passes
==PROF== Profiling "vectorized_elementwise_kernel" - 2127: 0%....50%....100% - 9 passes
==PROF== Profiling "CatArrayBatchedCopy_vectorized" - 2128: 0%....50%....100% - 9 passes
==PROF== Profiling "CatArrayBatchedCopy_vectorized" - 2129: 0%....50%....100% - 9 passes
==PROF== Profiling "flash_fwd_splitkv_kernel" - 2130: 0%....50%....100% - 9 passes
==PROF== Profiling "flash_fwd_splitkv_combine_ker..." - 2131: 0%....50%....100% - 9 passes
==PROF== Profiling "kernel" - 2132: 0%....50%....100% - 9 passes
==PROF== Profiling "vectorized_elementwise_kernel" - 2133: 0%....50%....100% - 9 passes
==PROF== Profiling "unrolled_elementwise_kernel" - 2134: 0%....50%....100% - 9 passes
==PROF== Profiling "vectorized_elementwise_kernel" - 2135: 0%....50%....100% - 9 passes
==PROF== Profiling "reduce_kernel" - 2136: 0%....50%....100% - 9 passes
==PROF== Profiling "vectorized_elementwise_kernel" - 2137: 0%....50%....100% - 9 passes
==PROF== Profiling "vectorized_elementwise_kernel" - 2138: 0%....50%....100% - 9 passes
==PROF== Profiling "elementwise_kernel" - 2139: 0%....50%....100% - 9 passes
==PROF== Profiling "vectorized_elementwise_kernel" - 2140: 0%....50%....100% - 9 passes
==PROF== Profiling "vectorized_elementwise_kernel" - 2141: 0%....50%....100% - 9 passes
==PROF== Profiling "kernel" - 2142: 0%....50%....100% - 9 passes
==PROF== Profiling "vectorized_elementwise_kernel" - 2143: 0%....50%....100% - 9 passes
==PROF== Profiling "kernel" - 2144: 0%....50%....100% - 9 passes
==PROF== Profiling "vectorized_elementwise_kernel" - 2145: 0%....50%....100% - 9 passes
==PROF== Profiling "kernel" - 2146: 0%....50%....100% - 9 passes
==PROF== Profiling "vectorized_elementwise_kernel" - 2147: 0%....50%....100% - 9 passes
==PROF== Profiling "unrolled_elementwise_kernel" - 2148: 0%....50%....100% - 9 passes
==PROF== Profiling "vectorized_elementwise_kernel" - 2149: 0%....50%....100% - 9 passes
==PROF== Profiling "reduce_kernel" - 2150: 0%....50%....100% - 9 passes
==PROF== Profiling "vectorized_elementwise_kernel" - 2151: 0%....50%....100% - 9 passes
==PROF== Profiling "vectorized_elementwise_kernel" - 2152: 0%....50%....100% - 9 passes
==PROF== Profiling "elementwise_kernel" - 2153: 0%....50%....100% - 9 passes
==PROF== Profiling "vectorized_elementwise_kernel" - 2154: 0%....50%....100% - 9 passes
==PROF== Profiling "vectorized_elementwise_kernel" - 2155: 0%....50%....100% - 9 passes
==PROF== Profiling "kernel" - 2156: 0%....50%....100% - 9 passes
==PROF== Profiling "kernel" - 2157: 0%....50%....100% - 9 passes
==PROF== Profiling "kernel" - 2158: 0%....50%....100% - 9 passes
==PROF== Profiling "CatArrayBatchedCopy_vectorized" - 2159: 0%....50%....100% - 9 passes
==PROF== Profiling "CatArrayBatchedCopy_vectorized" - 2160: 0%....50%....100% - 9 passes
==PROF== Profiling "elementwise_kernel" - 2161: 0%....50%....100% - 9 passes
==PROF== Profiling "elementwise_kernel" - 2162: 0%....50%....100% - 9 passes
==PROF== Profiling "CatArrayBatchedCopy" - 2163: 0%....50%....100% - 9 passes
==PROF== Profiling "elementwise_kernel" - 2164: 0%....50%....100% - 9 passes
==PROF== Profiling "vectorized_elementwise_kernel" - 2165: 0%....50%....100% - 9 passes
==PROF== Profiling "elementwise_kernel" - 2166: 0%....50%....100% - 9 passes
==PROF== Profiling "elementwise_kernel" - 2167: 0%....50%....100% - 9 passes
==PROF== Profiling "CatArrayBatchedCopy" - 2168: 0%....50%....100% - 9 passes
==PROF== Profiling "elementwise_kernel" - 2169: 0%....50%....100% - 9 passes
==PROF== Profiling "vectorized_elementwise_kernel" - 2170: 0%....50%....100% - 9 passes
==PROF== Profiling "CatArrayBatchedCopy_vectorized" - 2171: 0%....50%....100% - 9 passes
==PROF== Profiling "CatArrayBatchedCopy_vectorized" - 2172: 0%....50%....100% - 9 passes
==PROF== Profiling "flash_fwd_splitkv_kernel" - 2173: 0%....50%....100% - 9 passes
==PROF== Profiling "flash_fwd_splitkv_combine_ker..." - 2174: 0%....50%....100% - 9 passes
==PROF== Profiling "kernel" - 2175: 0%....50%....100% - 9 passes
==PROF== Profiling "vectorized_elementwise_kernel" - 2176: 0%....50%....100% - 9 passes
==PROF== Profiling "unrolled_elementwise_kernel" - 2177: 0%....50%....100% - 9 passes
==PROF== Profiling "vectorized_elementwise_kernel" - 2178: 0%....50%....100% - 9 passes
==PROF== Profiling "reduce_kernel" - 2179: 0%....50%....100% - 9 passes
==PROF== Profiling "vectorized_elementwise_kernel" - 2180: 0%....50%....100% - 9 passes
==PROF== Profiling "vectorized_elementwise_kernel" - 2181: 0%....50%....100% - 9 passes
==PROF== Profiling "elementwise_kernel" - 2182: 0%....50%....100% - 9 passes
==PROF== Profiling "vectorized_elementwise_kernel" - 2183: 0%....50%....100% - 9 passes
==PROF== Profiling "vectorized_elementwise_kernel" - 2184: 0%....50%....100% - 9 passes
==PROF== Profiling "kernel" - 2185: 0%....50%....100% - 9 passes
==PROF== Profiling "vectorized_elementwise_kernel" - 2186: 0%....50%....100% - 9 passes
==PROF== Profiling "kernel" - 2187: 0%....50%....100% - 9 passes
==PROF== Profiling "vectorized_elementwise_kernel" - 2188: 0%....50%....100% - 9 passes
==PROF== Profiling "kernel" - 2189: 0%....50%....100% - 9 passes
==PROF== Profiling "vectorized_elementwise_kernel" - 2190: 0%....50%....100% - 9 passes
==PROF== Profiling "unrolled_elementwise_kernel" - 2191: 0%....50%....100% - 9 passes
==PROF== Profiling "vectorized_elementwise_kernel" - 2192: 0%....50%....100% - 9 passes
==PROF== Profiling "reduce_kernel" - 2193: 0%....50%....100% - 9 passes
==PROF== Profiling "vectorized_elementwise_kernel" - 2194: 0%....50%....100% - 9 passes
==PROF== Profiling "vectorized_elementwise_kernel" - 2195: 0%....50%....100% - 9 passes
==PROF== Profiling "elementwise_kernel" - 2196: 0%....50%....100% - 9 passes
==PROF== Profiling "vectorized_elementwise_kernel" - 2197: 0%....50%....100% - 9 passes
==PROF== Profiling "vectorized_elementwise_kernel" - 2198: 0%....50%....100% - 9 passes
==PROF== Profiling "kernel" - 2199: 0%....50%....100% - 9 passes
==PROF== Profiling "kernel" - 2200: 0%....50%....100% - 9 passes
==PROF== Profiling "kernel" - 2201: 0%....50%....100% - 9 passes
==PROF== Profiling "CatArrayBatchedCopy_vectorized" - 2202: 0%....50%....100% - 9 passes
==PROF== Profiling "CatArrayBatchedCopy_vectorized" - 2203: 0%....50%....100% - 9 passes
==PROF== Profiling "elementwise_kernel" - 2204: 0%....50%....100% - 9 passes
==PROF== Profiling "elementwise_kernel" - 2205: 0%....50%....100% - 9 passes
==PROF== Profiling "CatArrayBatchedCopy" - 2206: 0%....50%....100% - 9 passes
==PROF== Profiling "elementwise_kernel" - 2207: 0%....50%....100% - 9 passes
==PROF== Profiling "vectorized_elementwise_kernel" - 2208: 0%....50%....100% - 9 passes
==PROF== Profiling "elementwise_kernel" - 2209: 0%....50%....100% - 9 passes
==PROF== Profiling "elementwise_kernel" - 2210: 0%....50%....100% - 9 passes
==PROF== Profiling "CatArrayBatchedCopy" - 2211: 0%....50%....100% - 9 passes
==PROF== Profiling "elementwise_kernel" - 2212: 0%....50%....100% - 9 passes
==PROF== Profiling "vectorized_elementwise_kernel" - 2213: 0%....50%....100% - 9 passes
==PROF== Profiling "CatArrayBatchedCopy_vectorized" - 2214: 0%....50%....100% - 9 passes
==PROF== Profiling "CatArrayBatchedCopy_vectorized" - 2215: 0%....50%....100% - 9 passes
==PROF== Profiling "flash_fwd_splitkv_kernel" - 2216: 0%....50%....100% - 9 passes
==PROF== Profiling "flash_fwd_splitkv_combine_ker..." - 2217: 0%....50%....100% - 9 passes
==PROF== Profiling "kernel" - 2218: 0%....50%....100% - 9 passes
==PROF== Profiling "vectorized_elementwise_kernel" - 2219: 0%....50%....100% - 9 passes
==PROF== Profiling "unrolled_elementwise_kernel" - 2220: 0%....50%....100% - 9 passes
==PROF== Profiling "vectorized_elementwise_kernel" - 2221: 0%....50%....100% - 9 passes
==PROF== Profiling "reduce_kernel" - 2222: 0%....50%....100% - 9 passes
==PROF== Profiling "vectorized_elementwise_kernel" - 2223: 0%....50%....100% - 9 passes
==PROF== Profiling "vectorized_elementwise_kernel" - 2224: 0%....50%....100% - 9 passes
==PROF== Profiling "elementwise_kernel" - 2225: 0%....50%....100% - 9 passes
==PROF== Profiling "vectorized_elementwise_kernel" - 2226: 0%....50%....100% - 9 passes
==PROF== Profiling "vectorized_elementwise_kernel" - 2227: 0%....50%....100% - 9 passes
==PROF== Profiling "kernel" - 2228: 0%....50%....100% - 9 passes
==PROF== Profiling "vectorized_elementwise_kernel" - 2229: 0%....50%....100% - 9 passes
==PROF== Profiling "kernel" - 2230: 0%....50%....100% - 9 passes
==PROF== Profiling "vectorized_elementwise_kernel" - 2231: 0%....50%....100% - 9 passes
==PROF== Profiling "kernel" - 2232: 0%....50%....100% - 9 passes
==PROF== Profiling "vectorized_elementwise_kernel" - 2233: 0%....50%....100% - 9 passes
==PROF== Profiling "unrolled_elementwise_kernel" - 2234: 0%....50%....100% - 9 passes
==PROF== Profiling "vectorized_elementwise_kernel" - 2235: 0%....50%....100% - 9 passes
==PROF== Profiling "reduce_kernel" - 2236: 0%....50%....100% - 9 passes
==PROF== Profiling "vectorized_elementwise_kernel" - 2237: 0%....50%....100% - 9 passes
==PROF== Profiling "vectorized_elementwise_kernel" - 2238: 0%....50%....100% - 9 passes
==PROF== Profiling "elementwise_kernel" - 2239: 0%....50%....100% - 9 passes
==PROF== Profiling "vectorized_elementwise_kernel" - 2240: 0%....50%....100% - 9 passes
==PROF== Profiling "vectorized_elementwise_kernel" - 2241: 0%....50%....100% - 9 passes
==PROF== Profiling "kernel" - 2242: 0%....50%....100% - 9 passes
==PROF== Profiling "kernel" - 2243: 0%....50%....100% - 9 passes
==PROF== Profiling "kernel" - 2244: 0%....50%....100% - 9 passes
==PROF== Profiling "CatArrayBatchedCopy_vectorized" - 2245: 0%....50%....100% - 9 passes
==PROF== Profiling "CatArrayBatchedCopy_vectorized" - 2246: 0%....50%....100% - 9 passes
==PROF== Profiling "elementwise_kernel" - 2247: 0%....50%....100% - 9 passes
==PROF== Profiling "elementwise_kernel" - 2248: 0%....50%....100% - 9 passes
==PROF== Profiling "CatArrayBatchedCopy" - 2249: 0%....50%....100% - 9 passes
==PROF== Profiling "elementwise_kernel" - 2250: 0%....50%....100% - 9 passes
==PROF== Profiling "vectorized_elementwise_kernel" - 2251: 0%....50%....100% - 9 passes
==PROF== Profiling "elementwise_kernel" - 2252: 0%....50%....100% - 9 passes
==PROF== Profiling "elementwise_kernel" - 2253: 0%....50%....100% - 9 passes
==PROF== Profiling "CatArrayBatchedCopy" - 2254: 0%....50%....100% - 9 passes
==PROF== Profiling "elementwise_kernel" - 2255: 0%....50%....100% - 9 passes
==PROF== Profiling "vectorized_elementwise_kernel" - 2256: 0%....50%....100% - 9 passes
==PROF== Profiling "CatArrayBatchedCopy_vectorized" - 2257: 0%....50%....100% - 9 passes
==PROF== Profiling "CatArrayBatchedCopy_vectorized" - 2258: 0%....50%....100% - 9 passes
==PROF== Profiling "flash_fwd_splitkv_kernel" - 2259: 0%....50%....100% - 9 passes
==PROF== Profiling "flash_fwd_splitkv_combine_ker..." - 2260: 0%....50%....100% - 9 passes
==PROF== Profiling "kernel" - 2261: 0%....50%....100% - 9 passes
==PROF== Profiling "vectorized_elementwise_kernel" - 2262: 0%....50%....100% - 9 passes
==PROF== Profiling "unrolled_elementwise_kernel" - 2263: 0%....50%....100% - 9 passes
==PROF== Profiling "vectorized_elementwise_kernel" - 2264: 0%....50%....100% - 9 passes
==PROF== Profiling "reduce_kernel" - 2265: 0%....50%....100% - 9 passes
==PROF== Profiling "vectorized_elementwise_kernel" - 2266: 0%....50%....100% - 9 passes
==PROF== Profiling "vectorized_elementwise_kernel" - 2267: 0%....50%....100% - 9 passes
==PROF== Profiling "elementwise_kernel" - 2268: 0%....50%....100% - 9 passes
==PROF== Profiling "vectorized_elementwise_kernel" - 2269: 0%....50%....100% - 9 passes
==PROF== Profiling "vectorized_elementwise_kernel" - 2270: 0%....50%....100% - 9 passes
==PROF== Profiling "kernel" - 2271: 0%....50%....100% - 9 passes
==PROF== Profiling "vectorized_elementwise_kernel" - 2272: 0%....50%....100% - 9 passes
==PROF== Profiling "kernel" - 2273: 0%....50%....100% - 9 passes
==PROF== Profiling "vectorized_elementwise_kernel" - 2274: 0%....50%....100% - 9 passes
==PROF== Profiling "kernel" - 2275: 0%....50%....100% - 9 passes
==PROF== Profiling "vectorized_elementwise_kernel" - 2276: 0%....50%....100% - 9 passes
==PROF== Profiling "unrolled_elementwise_kernel" - 2277: 0%....50%....100% - 9 passes
==PROF== Profiling "vectorized_elementwise_kernel" - 2278: 0%....50%....100% - 9 passes
==PROF== Profiling "reduce_kernel" - 2279: 0%....50%....100% - 9 passes
==PROF== Profiling "vectorized_elementwise_kernel" - 2280: 0%....50%....100% - 9 passes
==PROF== Profiling "vectorized_elementwise_kernel" - 2281: 0%....50%....100% - 9 passes
==PROF== Profiling "elementwise_kernel" - 2282: 0%....50%....100% - 9 passes
==PROF== Profiling "vectorized_elementwise_kernel" - 2283: 0%....50%....100% - 9 passes
==PROF== Profiling "vectorized_elementwise_kernel" - 2284: 0%....50%....100% - 9 passes
==PROF== Profiling "kernel" - 2285: 0%....50%....100% - 9 passes
==PROF== Profiling "kernel" - 2286: 0%....50%....100% - 9 passes
==PROF== Profiling "kernel" - 2287: 0%....50%....100% - 9 passes
==PROF== Profiling "CatArrayBatchedCopy_vectorized" - 2288: 0%....50%....100% - 9 passes
==PROF== Profiling "CatArrayBatchedCopy_vectorized" - 2289: 0%....50%....100% - 9 passes
==PROF== Profiling "elementwise_kernel" - 2290: 0%....50%....100% - 9 passes
==PROF== Profiling "elementwise_kernel" - 2291: 0%....50%....100% - 9 passes
==PROF== Profiling "CatArrayBatchedCopy" - 2292: 0%....50%....100% - 9 passes
==PROF== Profiling "elementwise_kernel" - 2293: 0%....50%....100% - 9 passes
==PROF== Profiling "vectorized_elementwise_kernel" - 2294: 0%....50%....100% - 9 passes
==PROF== Profiling "elementwise_kernel" - 2295: 0%....50%....100% - 9 passes
==PROF== Profiling "elementwise_kernel" - 2296: 0%....50%....100% - 9 passes
==PROF== Profiling "CatArrayBatchedCopy" - 2297: 0%....50%....100% - 9 passes
==PROF== Profiling "elementwise_kernel" - 2298: 0%....50%....100% - 9 passes
==PROF== Profiling "vectorized_elementwise_kernel" - 2299: 0%....50%....100% - 9 passes
==PROF== Profiling "CatArrayBatchedCopy_vectorized" - 2300: 0%....50%....100% - 9 passes
==PROF== Profiling "CatArrayBatchedCopy_vectorized" - 2301: 0%....50%....100% - 9 passes
==PROF== Profiling "flash_fwd_splitkv_kernel" - 2302: 0%....50%....100% - 9 passes
==PROF== Profiling "flash_fwd_splitkv_combine_ker..." - 2303: 0%....50%....100% - 9 passes
==PROF== Profiling "kernel" - 2304: 0%....50%....100% - 9 passes
==PROF== Profiling "vectorized_elementwise_kernel" - 2305: 0%....50%....100% - 9 passes
==PROF== Profiling "unrolled_elementwise_kernel" - 2306: 0%....50%....100% - 9 passes
==PROF== Profiling "vectorized_elementwise_kernel" - 2307: 0%....50%....100% - 9 passes
==PROF== Profiling "reduce_kernel" - 2308: 0%....50%....100% - 9 passes
==PROF== Profiling "vectorized_elementwise_kernel" - 2309: 0%....50%....100% - 9 passes
==PROF== Profiling "vectorized_elementwise_kernel" - 2310: 0%....50%....100% - 9 passes
==PROF== Profiling "elementwise_kernel" - 2311: 0%....50%....100% - 9 passes
==PROF== Profiling "vectorized_elementwise_kernel" - 2312: 0%....50%....100% - 9 passes
==PROF== Profiling "vectorized_elementwise_kernel" - 2313: 0%....50%....100% - 9 passes
==PROF== Profiling "kernel" - 2314: 0%....50%....100% - 9 passes
==PROF== Profiling "vectorized_elementwise_kernel" - 2315: 0%....50%....100% - 9 passes
==PROF== Profiling "kernel" - 2316: 0%....50%....100% - 9 passes
==PROF== Profiling "vectorized_elementwise_kernel" - 2317: 0%....50%....100% - 9 passes
==PROF== Profiling "kernel" - 2318: 0%....50%....100% - 9 passes
==PROF== Profiling "vectorized_elementwise_kernel" - 2319: 0%....50%....100% - 9 passes
==PROF== Profiling "unrolled_elementwise_kernel" - 2320: 0%....50%....100% - 9 passes
==PROF== Profiling "vectorized_elementwise_kernel" - 2321: 0%....50%....100% - 9 passes
==PROF== Profiling "reduce_kernel" - 2322: 0%....50%....100% - 9 passes
==PROF== Profiling "vectorized_elementwise_kernel" - 2323: 0%....50%....100% - 9 passes
==PROF== Profiling "vectorized_elementwise_kernel" - 2324: 0%....50%....100% - 9 passes
==PROF== Profiling "elementwise_kernel" - 2325: 0%....50%....100% - 9 passes
==PROF== Profiling "vectorized_elementwise_kernel" - 2326: 0%....50%....100% - 9 passes
==PROF== Profiling "vectorized_elementwise_kernel" - 2327: 0%....50%....100% - 9 passes
==PROF== Profiling "kernel" - 2328: 0%....50%....100% - 9 passes
==PROF== Profiling "kernel" - 2329: 0%....50%....100% - 9 passes
==PROF== Profiling "kernel" - 2330: 0%....50%....100% - 9 passes
==PROF== Profiling "CatArrayBatchedCopy_vectorized" - 2331: 0%....50%....100% - 9 passes
==PROF== Profiling "CatArrayBatchedCopy_vectorized" - 2332: 0%....50%....100% - 9 passes
==PROF== Profiling "elementwise_kernel" - 2333: 0%....50%....100% - 9 passes
==PROF== Profiling "elementwise_kernel" - 2334: 0%....50%....100% - 9 passes
==PROF== Profiling "CatArrayBatchedCopy" - 2335: 0%....50%....100% - 9 passes
==PROF== Profiling "elementwise_kernel" - 2336: 0%....50%....100% - 9 passes
==PROF== Profiling "vectorized_elementwise_kernel" - 2337: 0%....50%....100% - 9 passes
==PROF== Profiling "elementwise_kernel" - 2338: 0%....50%....100% - 9 passes
==PROF== Profiling "elementwise_kernel" - 2339: 0%....50%....100% - 9 passes
==PROF== Profiling "CatArrayBatchedCopy" - 2340: 0%....50%....100% - 9 passes
==PROF== Profiling "elementwise_kernel" - 2341: 0%....50%....100% - 9 passes
==PROF== Profiling "vectorized_elementwise_kernel" - 2342: 0%....50%....100% - 9 passes
==PROF== Profiling "CatArrayBatchedCopy_vectorized" - 2343: 0%....50%....100% - 9 passes
==PROF== Profiling "CatArrayBatchedCopy_vectorized" - 2344: 0%....50%....100% - 9 passes
==PROF== Profiling "flash_fwd_splitkv_kernel" - 2345: 0%....50%....100% - 9 passes
==PROF== Profiling "flash_fwd_splitkv_combine_ker..." - 2346: 0%....50%....100% - 9 passes
==PROF== Profiling "kernel" - 2347: 0%....50%....100% - 9 passes
==PROF== Profiling "vectorized_elementwise_kernel" - 2348: 0%....50%....100% - 9 passes
==PROF== Profiling "unrolled_elementwise_kernel" - 2349: 0%....50%....100% - 9 passes
==PROF== Profiling "vectorized_elementwise_kernel" - 2350: 0%....50%....100% - 9 passes
==PROF== Profiling "reduce_kernel" - 2351: 0%....50%....100% - 9 passes
==PROF== Profiling "vectorized_elementwise_kernel" - 2352: 0%....50%....100% - 9 passes
==PROF== Profiling "vectorized_elementwise_kernel" - 2353: 0%....50%....100% - 9 passes
==PROF== Profiling "elementwise_kernel" - 2354: 0%....50%....100% - 9 passes
==PROF== Profiling "vectorized_elementwise_kernel" - 2355: 0%....50%....100% - 9 passes
==PROF== Profiling "vectorized_elementwise_kernel" - 2356: 0%....50%....100% - 9 passes
==PROF== Profiling "kernel" - 2357: 0%....50%....100% - 9 passes
==PROF== Profiling "vectorized_elementwise_kernel" - 2358: 0%....50%....100% - 9 passes
==PROF== Profiling "kernel" - 2359: 0%....50%....100% - 9 passes
==PROF== Profiling "vectorized_elementwise_kernel" - 2360: 0%....50%....100% - 9 passes
==PROF== Profiling "kernel" - 2361: 0%....50%....100% - 9 passes
==PROF== Profiling "vectorized_elementwise_kernel" - 2362: 0%....50%....100% - 9 passes
==PROF== Profiling "unrolled_elementwise_kernel" - 2363: 0%....50%....100% - 9 passes
==PROF== Profiling "vectorized_elementwise_kernel" - 2364: 0%....50%....100% - 9 passes
==PROF== Profiling "reduce_kernel" - 2365: 0%....50%....100% - 9 passes
==PROF== Profiling "vectorized_elementwise_kernel" - 2366: 0%....50%....100% - 9 passes
==PROF== Profiling "vectorized_elementwise_kernel" - 2367: 0%....50%....100% - 9 passes
==PROF== Profiling "elementwise_kernel" - 2368: 0%....50%....100% - 9 passes
==PROF== Profiling "vectorized_elementwise_kernel" - 2369: 0%....50%....100% - 9 passes
==PROF== Profiling "vectorized_elementwise_kernel" - 2370: 0%....50%....100% - 9 passes
==PROF== Profiling "kernel" - 2371: 0%....50%....100% - 9 passes
==PROF== Profiling "kernel" - 2372: 0%....50%....100% - 9 passes
==PROF== Profiling "kernel" - 2373: 0%....50%....100% - 9 passes
==PROF== Profiling "CatArrayBatchedCopy_vectorized" - 2374: 0%....50%....100% - 9 passes
==PROF== Profiling "CatArrayBatchedCopy_vectorized" - 2375: 0%....50%....100% - 9 passes
==PROF== Profiling "elementwise_kernel" - 2376: 0%....50%....100% - 9 passes
==PROF== Profiling "elementwise_kernel" - 2377: 0%....50%....100% - 9 passes
==PROF== Profiling "CatArrayBatchedCopy" - 2378: 0%....50%....100% - 9 passes
==PROF== Profiling "elementwise_kernel" - 2379: 0%....50%....100% - 9 passes
==PROF== Profiling "vectorized_elementwise_kernel" - 2380: 0%....50%....100% - 9 passes
==PROF== Profiling "elementwise_kernel" - 2381: 0%....50%....100% - 9 passes
==PROF== Profiling "elementwise_kernel" - 2382: 0%....50%....100% - 9 passes
==PROF== Profiling "CatArrayBatchedCopy" - 2383: 0%....50%....100% - 9 passes
==PROF== Profiling "elementwise_kernel" - 2384: 0%....50%....100% - 9 passes
==PROF== Profiling "vectorized_elementwise_kernel" - 2385: 0%....50%....100% - 9 passes
==PROF== Profiling "CatArrayBatchedCopy_vectorized" - 2386: 0%....50%....100% - 9 passes
==PROF== Profiling "CatArrayBatchedCopy_vectorized" - 2387: 0%....50%....100% - 9 passes
==PROF== Profiling "flash_fwd_splitkv_kernel" - 2388: 0%....50%....100% - 9 passes
==PROF== Profiling "flash_fwd_splitkv_combine_ker..." - 2389: 0%....50%....100% - 9 passes
==PROF== Profiling "kernel" - 2390: 0%....50%....100% - 9 passes
==PROF== Profiling "vectorized_elementwise_kernel" - 2391: 0%....50%....100% - 9 passes
==PROF== Profiling "unrolled_elementwise_kernel" - 2392: 0%....50%....100% - 9 passes
==PROF== Profiling "vectorized_elementwise_kernel" - 2393: 0%....50%....100% - 9 passes
==PROF== Profiling "reduce_kernel" - 2394: 0%....50%....100% - 9 passes
==PROF== Profiling "vectorized_elementwise_kernel" - 2395: 0%....50%....100% - 9 passes
==PROF== Profiling "vectorized_elementwise_kernel" - 2396: 0%....50%....100% - 9 passes
==PROF== Profiling "elementwise_kernel" - 2397: 0%....50%....100% - 9 passes
==PROF== Profiling "vectorized_elementwise_kernel" - 2398: 0%....50%....100% - 9 passes
==PROF== Profiling "vectorized_elementwise_kernel" - 2399: 0%....50%....100% - 9 passes
==PROF== Profiling "kernel" - 2400: 0%....50%....100% - 9 passes
==PROF== Profiling "vectorized_elementwise_kernel" - 2401: 0%....50%....100% - 9 passes
==PROF== Profiling "kernel" - 2402: 0%....50%....100% - 9 passes
==PROF== Profiling "vectorized_elementwise_kernel" - 2403: 0%....50%....100% - 9 passes
==PROF== Profiling "kernel" - 2404: 0%....50%....100% - 9 passes
==PROF== Profiling "vectorized_elementwise_kernel" - 2405: 0%....50%....100% - 9 passes
==PROF== Profiling "unrolled_elementwise_kernel" - 2406: 0%....50%....100% - 9 passes
==PROF== Profiling "vectorized_elementwise_kernel" - 2407: 0%....50%....100% - 9 passes
==PROF== Profiling "reduce_kernel" - 2408: 0%....50%....100% - 9 passes
==PROF== Profiling "vectorized_elementwise_kernel" - 2409: 0%....50%....100% - 9 passes
==PROF== Profiling "vectorized_elementwise_kernel" - 2410: 0%....50%....100% - 9 passes
==PROF== Profiling "elementwise_kernel" - 2411: 0%....50%....100% - 9 passes
==PROF== Profiling "vectorized_elementwise_kernel" - 2412: 0%....50%....100% - 9 passes
==PROF== Profiling "vectorized_elementwise_kernel" - 2413: 0%....50%....100% - 9 passes
==PROF== Profiling "kernel" - 2414: 0%....50%....100% - 9 passes
==PROF== Profiling "kernel" - 2415: 0%....50%....100% - 9 passes
==PROF== Profiling "kernel" - 2416: 0%....50%....100% - 9 passes
==PROF== Profiling "CatArrayBatchedCopy_vectorized" - 2417: 0%....50%....100% - 9 passes
==PROF== Profiling "CatArrayBatchedCopy_vectorized" - 2418: 0%....50%....100% - 9 passes
==PROF== Profiling "elementwise_kernel" - 2419: 0%....50%....100% - 9 passes
==PROF== Profiling "elementwise_kernel" - 2420: 0%....50%....100% - 9 passes
==PROF== Profiling "CatArrayBatchedCopy" - 2421: 0%....50%....100% - 9 passes
==PROF== Profiling "elementwise_kernel" - 2422: 0%....50%....100% - 9 passes
==PROF== Profiling "vectorized_elementwise_kernel" - 2423: 0%....50%....100% - 9 passes
==PROF== Profiling "elementwise_kernel" - 2424: 0%....50%....100% - 9 passes
==PROF== Profiling "elementwise_kernel" - 2425: 0%....50%....100% - 9 passes
==PROF== Profiling "CatArrayBatchedCopy" - 2426: 0%....50%....100% - 9 passes
==PROF== Profiling "elementwise_kernel" - 2427: 0%....50%....100% - 9 passes
==PROF== Profiling "vectorized_elementwise_kernel" - 2428: 0%....50%....100% - 9 passes
==PROF== Profiling "CatArrayBatchedCopy_vectorized" - 2429: 0%....50%....100% - 9 passes
==PROF== Profiling "CatArrayBatchedCopy_vectorized" - 2430: 0%....50%....100% - 9 passes
==PROF== Profiling "flash_fwd_splitkv_kernel" - 2431: 0%....50%....100% - 9 passes
==PROF== Profiling "flash_fwd_splitkv_combine_ker..." - 2432: 0%....50%....100% - 9 passes
==PROF== Profiling "kernel" - 2433: 0%....50%....100% - 9 passes
==PROF== Profiling "vectorized_elementwise_kernel" - 2434: 0%....50%....100% - 9 passes
==PROF== Profiling "unrolled_elementwise_kernel" - 2435: 0%....50%....100% - 9 passes
==PROF== Profiling "vectorized_elementwise_kernel" - 2436: 0%....50%....100% - 9 passes
==PROF== Profiling "reduce_kernel" - 2437: 0%....50%....100% - 9 passes
==PROF== Profiling "vectorized_elementwise_kernel" - 2438: 0%....50%....100% - 9 passes
==PROF== Profiling "vectorized_elementwise_kernel" - 2439: 0%....50%....100% - 9 passes
==PROF== Profiling "elementwise_kernel" - 2440: 0%....50%....100% - 9 passes
==PROF== Profiling "vectorized_elementwise_kernel" - 2441: 0%....50%....100% - 9 passes
==PROF== Profiling "vectorized_elementwise_kernel" - 2442: 0%....50%....100% - 9 passes
==PROF== Profiling "kernel" - 2443: 0%....50%....100% - 9 passes
==PROF== Profiling "vectorized_elementwise_kernel" - 2444: 0%....50%....100% - 9 passes
==PROF== Profiling "kernel" - 2445: 0%....50%....100% - 9 passes
==PROF== Profiling "vectorized_elementwise_kernel" - 2446: 0%....50%....100% - 9 passes
==PROF== Profiling "kernel" - 2447: 0%....50%....100% - 9 passes
==PROF== Profiling "vectorized_elementwise_kernel" - 2448: 0%....50%....100% - 9 passes
==PROF== Profiling "unrolled_elementwise_kernel" - 2449: 0%....50%....100% - 9 passes
==PROF== Profiling "vectorized_elementwise_kernel" - 2450: 0%....50%....100% - 9 passes
==PROF== Profiling "reduce_kernel" - 2451: 0%....50%....100% - 9 passes
==PROF== Profiling "vectorized_elementwise_kernel" - 2452: 0%....50%....100% - 9 passes
==PROF== Profiling "vectorized_elementwise_kernel" - 2453: 0%....50%....100% - 9 passes
==PROF== Profiling "elementwise_kernel" - 2454: 0%....50%....100% - 9 passes
==PROF== Profiling "vectorized_elementwise_kernel" - 2455: 0%....50%....100% - 9 passes
==PROF== Profiling "vectorized_elementwise_kernel" - 2456: 0%....50%....100% - 9 passes
==PROF== Profiling "kernel" - 2457: 0%....50%....100% - 9 passes
==PROF== Profiling "kernel" - 2458: 0%....50%....100% - 9 passes
==PROF== Profiling "kernel" - 2459: 0%....50%....100% - 9 passes
==PROF== Profiling "CatArrayBatchedCopy_vectorized" - 2460: 0%....50%....100% - 9 passes
==PROF== Profiling "CatArrayBatchedCopy_vectorized" - 2461: 0%....50%....100% - 9 passes
==PROF== Profiling "elementwise_kernel" - 2462: 0%....50%....100% - 9 passes
==PROF== Profiling "elementwise_kernel" - 2463: 0%....50%....100% - 9 passes
==PROF== Profiling "CatArrayBatchedCopy" - 2464: 0%....50%....100% - 9 passes
==PROF== Profiling "elementwise_kernel" - 2465: 0%....50%....100% - 9 passes
==PROF== Profiling "vectorized_elementwise_kernel" - 2466: 0%....50%....100% - 9 passes
==PROF== Profiling "elementwise_kernel" - 2467: 0%....50%....100% - 9 passes
==PROF== Profiling "elementwise_kernel" - 2468: 0%....50%....100% - 9 passes
==PROF== Profiling "CatArrayBatchedCopy" - 2469: 0%....50%....100% - 9 passes
==PROF== Profiling "elementwise_kernel" - 2470: 0%....50%....100% - 9 passes
==PROF== Profiling "vectorized_elementwise_kernel" - 2471: 0%....50%....100% - 9 passes
==PROF== Profiling "CatArrayBatchedCopy_vectorized" - 2472: 0%....50%....100% - 9 passes
==PROF== Profiling "CatArrayBatchedCopy_vectorized" - 2473: 0%....50%....100% - 9 passes
==PROF== Profiling "flash_fwd_splitkv_kernel" - 2474: 0%....50%....100% - 9 passes
==PROF== Profiling "flash_fwd_splitkv_combine_ker..." - 2475: 0%....50%....100% - 9 passes
==PROF== Profiling "kernel" - 2476: 0%....50%....100% - 9 passes
==PROF== Profiling "vectorized_elementwise_kernel" - 2477: 0%....50%....100% - 9 passes
==PROF== Profiling "unrolled_elementwise_kernel" - 2478: 0%....50%....100% - 9 passes
==PROF== Profiling "vectorized_elementwise_kernel" - 2479: 0%....50%....100% - 9 passes
==PROF== Profiling "reduce_kernel" - 2480: 0%....50%....100% - 9 passes
==PROF== Profiling "vectorized_elementwise_kernel" - 2481: 0%....50%....100% - 9 passes
==PROF== Profiling "vectorized_elementwise_kernel" - 2482: 0%....50%....100% - 9 passes
==PROF== Profiling "elementwise_kernel" - 2483: 0%....50%....100% - 9 passes
==PROF== Profiling "vectorized_elementwise_kernel" - 2484: 0%....50%....100% - 9 passes
==PROF== Profiling "vectorized_elementwise_kernel" - 2485: 0%....50%....100% - 9 passes
==PROF== Profiling "kernel" - 2486: 0%....50%....100% - 9 passes
==PROF== Profiling "vectorized_elementwise_kernel" - 2487: 0%....50%....100% - 9 passes
==PROF== Profiling "kernel" - 2488: 0%....50%....100% - 9 passes
==PROF== Profiling "vectorized_elementwise_kernel" - 2489: 0%....50%....100% - 9 passes
==PROF== Profiling "kernel" - 2490: 0%....50%....100% - 9 passes
==PROF== Profiling "vectorized_elementwise_kernel" - 2491: 0%....50%....100% - 9 passes
==PROF== Profiling "unrolled_elementwise_kernel" - 2492: 0%....50%....100% - 9 passes
==PROF== Profiling "vectorized_elementwise_kernel" - 2493: 0%....50%....100% - 9 passes
==PROF== Profiling "reduce_kernel" - 2494: 0%....50%....100% - 9 passes
==PROF== Profiling "vectorized_elementwise_kernel" - 2495: 0%....50%....100% - 9 passes
==PROF== Profiling "vectorized_elementwise_kernel" - 2496: 0%....50%....100% - 9 passes
==PROF== Profiling "elementwise_kernel" - 2497: 0%....50%....100% - 9 passes
==PROF== Profiling "vectorized_elementwise_kernel" - 2498: 0%....50%....100% - 9 passes
==PROF== Profiling "vectorized_elementwise_kernel" - 2499: 0%....50%....100% - 9 passes
==PROF== Profiling "kernel" - 2500: 0%....50%....100% - 9 passes
==PROF== Profiling "kernel" - 2501: 0%....50%....100% - 9 passes
==PROF== Profiling "kernel" - 2502: 0%....50%....100% - 9 passes
==PROF== Profiling "CatArrayBatchedCopy_vectorized" - 2503: 0%....50%....100% - 9 passes
==PROF== Profiling "CatArrayBatchedCopy_vectorized" - 2504: 0%....50%....100% - 9 passes
==PROF== Profiling "elementwise_kernel" - 2505: 0%....50%....100% - 9 passes
==PROF== Profiling "elementwise_kernel" - 2506: 0%....50%....100% - 9 passes
==PROF== Profiling "CatArrayBatchedCopy" - 2507: 0%....50%....100% - 9 passes
==PROF== Profiling "elementwise_kernel" - 2508: 0%....50%....100% - 9 passes
==PROF== Profiling "vectorized_elementwise_kernel" - 2509: 0%....50%....100% - 9 passes
==PROF== Profiling "elementwise_kernel" - 2510: 0%....50%....100% - 9 passes
==PROF== Profiling "elementwise_kernel" - 2511: 0%....50%....100% - 9 passes
==PROF== Profiling "CatArrayBatchedCopy" - 2512: 0%....50%....100% - 9 passes
==PROF== Profiling "elementwise_kernel" - 2513: 0%....50%....100% - 9 passes
==PROF== Profiling "vectorized_elementwise_kernel" - 2514: 0%....50%....100% - 9 passes
==PROF== Profiling "CatArrayBatchedCopy_vectorized" - 2515: 0%....50%....100% - 9 passes
==PROF== Profiling "CatArrayBatchedCopy_vectorized" - 2516: 0%....50%....100% - 9 passes
==PROF== Profiling "flash_fwd_splitkv_kernel" - 2517: 0%....50%....100% - 9 passes
==PROF== Profiling "flash_fwd_splitkv_combine_ker..." - 2518: 0%....50%....100% - 9 passes
==PROF== Profiling "kernel" - 2519: 0%....50%....100% - 9 passes
==PROF== Profiling "vectorized_elementwise_kernel" - 2520: 0%....50%....100% - 9 passes
==PROF== Profiling "unrolled_elementwise_kernel" - 2521: 0%....50%....100% - 9 passes
==PROF== Profiling "vectorized_elementwise_kernel" - 2522: 0%....50%....100% - 9 passes
==PROF== Profiling "reduce_kernel" - 2523: 0%....50%....100% - 9 passes
==PROF== Profiling "vectorized_elementwise_kernel" - 2524: 0%....50%....100% - 9 passes
==PROF== Profiling "vectorized_elementwise_kernel" - 2525: 0%....50%....100% - 9 passes
==PROF== Profiling "elementwise_kernel" - 2526: 0%....50%....100% - 9 passes
==PROF== Profiling "vectorized_elementwise_kernel" - 2527: 0%....50%....100% - 9 passes
==PROF== Profiling "vectorized_elementwise_kernel" - 2528: 0%....50%....100% - 9 passes
==PROF== Profiling "kernel" - 2529: 0%....50%....100% - 9 passes
==PROF== Profiling "vectorized_elementwise_kernel" - 2530: 0%....50%....100% - 9 passes
==PROF== Profiling "kernel" - 2531: 0%....50%....100% - 9 passes
==PROF== Profiling "vectorized_elementwise_kernel" - 2532: 0%....50%....100% - 9 passes
==PROF== Profiling "kernel" - 2533: 0%....50%....100% - 9 passes
==PROF== Profiling "vectorized_elementwise_kernel" - 2534: 0%....50%....100% - 9 passes
==PROF== Profiling "unrolled_elementwise_kernel" - 2535: 0%....50%....100% - 9 passes
==PROF== Profiling "vectorized_elementwise_kernel" - 2536: 0%....50%....100% - 9 passes
==PROF== Profiling "reduce_kernel" - 2537: 0%....50%....100% - 9 passes
==PROF== Profiling "vectorized_elementwise_kernel" - 2538: 0%....50%....100% - 9 passes
==PROF== Profiling "vectorized_elementwise_kernel" - 2539: 0%....50%....100% - 9 passes
==PROF== Profiling "elementwise_kernel" - 2540: 0%....50%....100% - 9 passes
==PROF== Profiling "vectorized_elementwise_kernel" - 2541: 0%....50%....100% - 9 passes
==PROF== Profiling "vectorized_elementwise_kernel" - 2542: 0%....50%....100% - 9 passes
==PROF== Profiling "kernel" - 2543: 0%....50%....100% - 9 passes
==PROF== Profiling "kernel" - 2544: 0%....50%....100% - 9 passes
==PROF== Profiling "kernel" - 2545: 0%....50%....100% - 9 passes
==PROF== Profiling "CatArrayBatchedCopy_vectorized" - 2546: 0%....50%....100% - 9 passes
==PROF== Profiling "CatArrayBatchedCopy_vectorized" - 2547: 0%....50%....100% - 9 passes
==PROF== Profiling "elementwise_kernel" - 2548: 0%....50%....100% - 9 passes
==PROF== Profiling "elementwise_kernel" - 2549: 0%....50%....100% - 9 passes
==PROF== Profiling "CatArrayBatchedCopy" - 2550: 0%....50%....100% - 9 passes
==PROF== Profiling "elementwise_kernel" - 2551: 0%....50%....100% - 9 passes
==PROF== Profiling "vectorized_elementwise_kernel" - 2552: 0%....50%....100% - 9 passes
==PROF== Profiling "elementwise_kernel" - 2553: 0%....50%....100% - 9 passes
==PROF== Profiling "elementwise_kernel" - 2554: 0%....50%....100% - 9 passes
==PROF== Profiling "CatArrayBatchedCopy" - 2555: 0%....50%....100% - 9 passes
==PROF== Profiling "elementwise_kernel" - 2556: 0%....50%....100% - 9 passes
==PROF== Profiling "vectorized_elementwise_kernel" - 2557: 0%....50%....100% - 9 passes
==PROF== Profiling "CatArrayBatchedCopy_vectorized" - 2558: 0%....50%....100% - 9 passes
==PROF== Profiling "CatArrayBatchedCopy_vectorized" - 2559: 0%....50%....100% - 9 passes
==PROF== Profiling "flash_fwd_splitkv_kernel" - 2560: 0%....50%....100% - 9 passes
==PROF== Profiling "flash_fwd_splitkv_combine_ker..." - 2561: 0%....50%....100% - 9 passes
==PROF== Profiling "kernel" - 2562: 0%....50%....100% - 9 passes
==PROF== Profiling "vectorized_elementwise_kernel" - 2563: 0%....50%....100% - 9 passes
==PROF== Profiling "unrolled_elementwise_kernel" - 2564: 0%....50%....100% - 9 passes
==PROF== Profiling "vectorized_elementwise_kernel" - 2565: 0%....50%....100% - 9 passes
==PROF== Profiling "reduce_kernel" - 2566: 0%....50%....100% - 9 passes
==PROF== Profiling "vectorized_elementwise_kernel" - 2567: 0%....50%....100% - 9 passes
==PROF== Profiling "vectorized_elementwise_kernel" - 2568: 0%....50%....100% - 9 passes
==PROF== Profiling "elementwise_kernel" - 2569: 0%....50%....100% - 9 passes
==PROF== Profiling "vectorized_elementwise_kernel" - 2570: 0%....50%....100% - 9 passes
==PROF== Profiling "vectorized_elementwise_kernel" - 2571: 0%....50%....100% - 9 passes
==PROF== Profiling "kernel" - 2572: 0%....50%....100% - 9 passes
==PROF== Profiling "vectorized_elementwise_kernel" - 2573: 0%....50%....100% - 9 passes
==PROF== Profiling "kernel" - 2574: 0%....50%....100% - 9 passes
==PROF== Profiling "vectorized_elementwise_kernel" - 2575: 0%....50%....100% - 9 passes
==PROF== Profiling "kernel" - 2576: 0%....50%....100% - 9 passes
==PROF== Profiling "vectorized_elementwise_kernel" - 2577: 0%....50%....100% - 9 passes
==PROF== Profiling "unrolled_elementwise_kernel" - 2578: 0%....50%....100% - 9 passes
==PROF== Profiling "vectorized_elementwise_kernel" - 2579: 0%....50%....100% - 9 passes
==PROF== Profiling "reduce_kernel" - 2580: 0%....50%....100% - 9 passes
==PROF== Profiling "vectorized_elementwise_kernel" - 2581: 0%....50%....100% - 9 passes
==PROF== Profiling "vectorized_elementwise_kernel" - 2582: 0%....50%....100% - 9 passes
==PROF== Profiling "elementwise_kernel" - 2583: 0%....50%....100% - 9 passes
==PROF== Profiling "vectorized_elementwise_kernel" - 2584: 0%....50%....100% - 9 passes
==PROF== Profiling "vectorized_elementwise_kernel" - 2585: 0%....50%....100% - 9 passes
==PROF== Profiling "kernel" - 2586: 0%....50%....100% - 9 passes
==PROF== Profiling "kernel" - 2587: 0%....50%....100% - 9 passes
==PROF== Profiling "kernel" - 2588: 0%....50%....100% - 9 passes
==PROF== Profiling "CatArrayBatchedCopy_vectorized" - 2589: 0%....50%....100% - 9 passes
==PROF== Profiling "CatArrayBatchedCopy_vectorized" - 2590: 0%....50%....100% - 9 passes
==PROF== Profiling "elementwise_kernel" - 2591: 0%....50%....100% - 9 passes
==PROF== Profiling "elementwise_kernel" - 2592: 0%....50%....100% - 9 passes
==PROF== Profiling "CatArrayBatchedCopy" - 2593: 0%....50%....100% - 9 passes
==PROF== Profiling "elementwise_kernel" - 2594: 0%....50%....100% - 9 passes
==PROF== Profiling "vectorized_elementwise_kernel" - 2595: 0%....50%....100% - 9 passes
==PROF== Profiling "elementwise_kernel" - 2596: 0%....50%....100% - 9 passes
==PROF== Profiling "elementwise_kernel" - 2597: 0%....50%....100% - 9 passes
==PROF== Profiling "CatArrayBatchedCopy" - 2598: 0%....50%....100% - 9 passes
==PROF== Profiling "elementwise_kernel" - 2599: 0%....50%....100% - 9 passes
==PROF== Profiling "vectorized_elementwise_kernel" - 2600: 0%....50%....100% - 9 passes
==PROF== Profiling "CatArrayBatchedCopy_vectorized" - 2601: 0%....50%....100% - 9 passes
==PROF== Profiling "CatArrayBatchedCopy_vectorized" - 2602: 0%....50%....100% - 9 passes
==PROF== Profiling "flash_fwd_splitkv_kernel" - 2603: 0%....50%....100% - 9 passes
==PROF== Profiling "flash_fwd_splitkv_combine_ker..." - 2604: 0%....50%....100% - 9 passes
==PROF== Profiling "kernel" - 2605: 0%....50%....100% - 9 passes
==PROF== Profiling "vectorized_elementwise_kernel" - 2606: 0%....50%....100% - 9 passes
==PROF== Profiling "unrolled_elementwise_kernel" - 2607: 0%....50%....100% - 9 passes
==PROF== Profiling "vectorized_elementwise_kernel" - 2608: 0%....50%....100% - 9 passes
==PROF== Profiling "reduce_kernel" - 2609: 0%....50%....100% - 9 passes
==PROF== Profiling "vectorized_elementwise_kernel" - 2610: 0%....50%....100% - 9 passes
==PROF== Profiling "vectorized_elementwise_kernel" - 2611: 0%....50%....100% - 9 passes
==PROF== Profiling "elementwise_kernel" - 2612: 0%....50%....100% - 9 passes
==PROF== Profiling "vectorized_elementwise_kernel" - 2613: 0%....50%....100% - 9 passes
==PROF== Profiling "vectorized_elementwise_kernel" - 2614: 0%....50%....100% - 9 passes
==PROF== Profiling "kernel" - 2615: 0%....50%....100% - 9 passes
==PROF== Profiling "vectorized_elementwise_kernel" - 2616: 0%....50%....100% - 9 passes
==PROF== Profiling "kernel" - 2617: 0%....50%....100% - 9 passes
==PROF== Profiling "vectorized_elementwise_kernel" - 2618: 0%....50%....100% - 9 passes
==PROF== Profiling "kernel" - 2619: 0%....50%....100% - 9 passes
==PROF== Profiling "vectorized_elementwise_kernel" - 2620: 0%....50%....100% - 9 passes
==PROF== Profiling "unrolled_elementwise_kernel" - 2621: 0%....50%....100% - 9 passes
==PROF== Profiling "vectorized_elementwise_kernel" - 2622: 0%....50%....100% - 9 passes
==PROF== Profiling "reduce_kernel" - 2623: 0%....50%....100% - 9 passes
==PROF== Profiling "vectorized_elementwise_kernel" - 2624: 0%....50%....100% - 9 passes
==PROF== Profiling "vectorized_elementwise_kernel" - 2625: 0%....50%....100% - 9 passes
==PROF== Profiling "elementwise_kernel" - 2626: 0%....50%....100% - 9 passes
==PROF== Profiling "vectorized_elementwise_kernel" - 2627: 0%....50%....100% - 9 passes
==PROF== Profiling "vectorized_elementwise_kernel" - 2628: 0%....50%....100% - 9 passes
==PROF== Profiling "kernel" - 2629: 0%....50%....100% - 9 passes
==PROF== Profiling "kernel" - 2630: 0%....50%....100% - 9 passes
==PROF== Profiling "kernel" - 2631: 0%....50%....100% - 9 passes
==PROF== Profiling "CatArrayBatchedCopy_vectorized" - 2632: 0%....50%....100% - 9 passes
==PROF== Profiling "CatArrayBatchedCopy_vectorized" - 2633: 0%....50%....100% - 9 passes
==PROF== Profiling "elementwise_kernel" - 2634: 0%....50%....100% - 9 passes
==PROF== Profiling "elementwise_kernel" - 2635: 0%....50%....100% - 9 passes
==PROF== Profiling "CatArrayBatchedCopy" - 2636: 0%....50%....100% - 9 passes
==PROF== Profiling "elementwise_kernel" - 2637: 0%....50%....100% - 9 passes
==PROF== Profiling "vectorized_elementwise_kernel" - 2638: 0%....50%....100% - 9 passes
==PROF== Profiling "elementwise_kernel" - 2639: 0%....50%....100% - 9 passes
==PROF== Profiling "elementwise_kernel" - 2640: 0%....50%....100% - 9 passes
==PROF== Profiling "CatArrayBatchedCopy" - 2641: 0%....50%....100% - 9 passes
==PROF== Profiling "elementwise_kernel" - 2642: 0%....50%....100% - 9 passes
==PROF== Profiling "vectorized_elementwise_kernel" - 2643: 0%....50%....100% - 9 passes
==PROF== Profiling "CatArrayBatchedCopy_vectorized" - 2644: 0%....50%....100% - 9 passes
==PROF== Profiling "CatArrayBatchedCopy_vectorized" - 2645: 0%....50%....100% - 9 passes
==PROF== Profiling "flash_fwd_splitkv_kernel" - 2646: 0%....50%....100% - 9 passes
==PROF== Profiling "flash_fwd_splitkv_combine_ker..." - 2647: 0%....50%....100% - 9 passes
==PROF== Profiling "kernel" - 2648: 0%....50%....100% - 9 passes
==PROF== Profiling "vectorized_elementwise_kernel" - 2649: 0%....50%....100% - 9 passes
==PROF== Profiling "unrolled_elementwise_kernel" - 2650: 0%....50%....100% - 9 passes
==PROF== Profiling "vectorized_elementwise_kernel" - 2651: 0%....50%....100% - 9 passes
==PROF== Profiling "reduce_kernel" - 2652: 0%....50%....100% - 9 passes
==PROF== Profiling "vectorized_elementwise_kernel" - 2653: 0%....50%....100% - 9 passes
==PROF== Profiling "vectorized_elementwise_kernel" - 2654: 0%....50%....100% - 9 passes
==PROF== Profiling "elementwise_kernel" - 2655: 0%....50%....100% - 9 passes
==PROF== Profiling "vectorized_elementwise_kernel" - 2656: 0%....50%....100% - 9 passes
==PROF== Profiling "vectorized_elementwise_kernel" - 2657: 0%....50%....100% - 9 passes
==PROF== Profiling "kernel" - 2658: 0%....50%....100% - 9 passes
==PROF== Profiling "vectorized_elementwise_kernel" - 2659: 0%....50%....100% - 9 passes
==PROF== Profiling "kernel" - 2660: 0%....50%....100% - 9 passes
==PROF== Profiling "vectorized_elementwise_kernel" - 2661: 0%....50%....100% - 9 passes
==PROF== Profiling "kernel" - 2662: 0%....50%....100% - 9 passes
==PROF== Profiling "vectorized_elementwise_kernel" - 2663: 0%....50%....100% - 9 passes
==PROF== Profiling "unrolled_elementwise_kernel" - 2664: 0%....50%....100% - 9 passes
==PROF== Profiling "vectorized_elementwise_kernel" - 2665: 0%....50%....100% - 9 passes
==PROF== Profiling "reduce_kernel" - 2666: 0%....50%....100% - 9 passes
==PROF== Profiling "vectorized_elementwise_kernel" - 2667: 0%....50%....100% - 9 passes
==PROF== Profiling "vectorized_elementwise_kernel" - 2668: 0%....50%....100% - 9 passes
==PROF== Profiling "elementwise_kernel" - 2669: 0%....50%....100% - 9 passes
==PROF== Profiling "vectorized_elementwise_kernel" - 2670: 0%....50%....100% - 9 passes
==PROF== Profiling "vectorized_elementwise_kernel" - 2671: 0%....50%....100% - 9 passes
==PROF== Profiling "kernel" - 2672: 0%....50%....100% - 9 passes
==PROF== Profiling "kernel" - 2673: 0%....50%....100% - 9 passes
==PROF== Profiling "kernel" - 2674: 0%....50%....100% - 9 passes
==PROF== Profiling "CatArrayBatchedCopy_vectorized" - 2675: 0%....50%....100% - 9 passes
==PROF== Profiling "CatArrayBatchedCopy_vectorized" - 2676: 0%....50%....100% - 9 passes
==PROF== Profiling "elementwise_kernel" - 2677: 0%....50%....100% - 9 passes
==PROF== Profiling "elementwise_kernel" - 2678: 0%....50%....100% - 9 passes
==PROF== Profiling "CatArrayBatchedCopy" - 2679: 0%....50%....100% - 9 passes
==PROF== Profiling "elementwise_kernel" - 2680: 0%....50%....100% - 9 passes
==PROF== Profiling "vectorized_elementwise_kernel" - 2681: 0%....50%....100% - 9 passes
==PROF== Profiling "elementwise_kernel" - 2682: 0%....50%....100% - 9 passes
==PROF== Profiling "elementwise_kernel" - 2683: 0%....50%....100% - 9 passes
==PROF== Profiling "CatArrayBatchedCopy" - 2684: 0%....50%....100% - 9 passes
==PROF== Profiling "elementwise_kernel" - 2685: 0%....50%....100% - 9 passes
==PROF== Profiling "vectorized_elementwise_kernel" - 2686: 0%....50%....100% - 9 passes
==PROF== Profiling "CatArrayBatchedCopy_vectorized" - 2687: 0%....50%....100% - 9 passes
==PROF== Profiling "CatArrayBatchedCopy_vectorized" - 2688: 0%....50%....100% - 9 passes
==PROF== Profiling "flash_fwd_splitkv_kernel" - 2689: 0%....50%....100% - 9 passes
==PROF== Profiling "flash_fwd_splitkv_combine_ker..." - 2690: 0%....50%....100% - 9 passes
==PROF== Profiling "kernel" - 2691: 0%....50%....100% - 9 passes
==PROF== Profiling "vectorized_elementwise_kernel" - 2692: 0%....50%....100% - 9 passes
==PROF== Profiling "unrolled_elementwise_kernel" - 2693: 0%....50%....100% - 9 passes
==PROF== Profiling "vectorized_elementwise_kernel" - 2694: 0%....50%....100% - 9 passes
==PROF== Profiling "reduce_kernel" - 2695: 0%....50%....100% - 9 passes
==PROF== Profiling "vectorized_elementwise_kernel" - 2696: 0%....50%....100% - 9 passes
==PROF== Profiling "vectorized_elementwise_kernel" - 2697: 0%....50%....100% - 9 passes
==PROF== Profiling "elementwise_kernel" - 2698: 0%....50%....100% - 9 passes
==PROF== Profiling "vectorized_elementwise_kernel" - 2699: 0%....50%....100% - 9 passes
==PROF== Profiling "vectorized_elementwise_kernel" - 2700: 0%....50%....100% - 9 passes
==PROF== Profiling "kernel" - 2701: 0%....50%....100% - 9 passes
==PROF== Profiling "vectorized_elementwise_kernel" - 2702: 0%....50%....100% - 9 passes
==PROF== Profiling "kernel" - 2703: 0%....50%....100% - 9 passes
==PROF== Profiling "vectorized_elementwise_kernel" - 2704: 0%....50%....100% - 9 passes
==PROF== Profiling "kernel" - 2705: 0%....50%....100% - 9 passes
==PROF== Profiling "vectorized_elementwise_kernel" - 2706: 0%....50%....100% - 9 passes
==PROF== Profiling "unrolled_elementwise_kernel" - 2707: 0%....50%....100% - 9 passes
==PROF== Profiling "vectorized_elementwise_kernel" - 2708: 0%....50%....100% - 9 passes
==PROF== Profiling "reduce_kernel" - 2709: 0%....50%....100% - 9 passes
==PROF== Profiling "vectorized_elementwise_kernel" - 2710: 0%....50%....100% - 9 passes
==PROF== Profiling "vectorized_elementwise_kernel" - 2711: 0%....50%....100% - 9 passes
==PROF== Profiling "elementwise_kernel" - 2712: 0%....50%....100% - 9 passes
==PROF== Profiling "vectorized_elementwise_kernel" - 2713: 0%....50%....100% - 9 passes
==PROF== Profiling "vectorized_elementwise_kernel" - 2714: 0%....50%....100% - 9 passes
==PROF== Profiling "kernel" - 2715: 0%....50%....100% - 9 passes
==PROF== Profiling "kernel" - 2716: 0%....50%....100% - 9 passes
==PROF== Profiling "kernel" - 2717: 0%....50%....100% - 9 passes
==PROF== Profiling "CatArrayBatchedCopy_vectorized" - 2718: 0%....50%....100% - 9 passes
==PROF== Profiling "CatArrayBatchedCopy_vectorized" - 2719: 0%....50%....100% - 9 passes
==PROF== Profiling "elementwise_kernel" - 2720: 0%....50%....100% - 9 passes
==PROF== Profiling "elementwise_kernel" - 2721: 0%....50%....100% - 9 passes
==PROF== Profiling "CatArrayBatchedCopy" - 2722: 0%....50%....100% - 9 passes
==PROF== Profiling "elementwise_kernel" - 2723: 0%....50%....100% - 9 passes
==PROF== Profiling "vectorized_elementwise_kernel" - 2724: 0%....50%....100% - 9 passes
==PROF== Profiling "elementwise_kernel" - 2725: 0%....50%....100% - 9 passes
==PROF== Profiling "elementwise_kernel" - 2726: 0%....50%....100% - 9 passes
==PROF== Profiling "CatArrayBatchedCopy" - 2727: 0%....50%....100% - 9 passes
==PROF== Profiling "elementwise_kernel" - 2728: 0%....50%....100% - 9 passes
==PROF== Profiling "vectorized_elementwise_kernel" - 2729: 0%....50%....100% - 9 passes
==PROF== Profiling "CatArrayBatchedCopy_vectorized" - 2730: 0%....50%....100% - 9 passes
==PROF== Profiling "CatArrayBatchedCopy_vectorized" - 2731: 0%....50%....100% - 9 passes
==PROF== Profiling "flash_fwd_splitkv_kernel" - 2732: 0%....50%....100% - 9 passes
==PROF== Profiling "flash_fwd_splitkv_combine_ker..." - 2733: 0%....50%....100% - 9 passes
==PROF== Profiling "kernel" - 2734: 0%....50%....100% - 9 passes
==PROF== Profiling "vectorized_elementwise_kernel" - 2735: 0%....50%....100% - 9 passes
==PROF== Profiling "unrolled_elementwise_kernel" - 2736: 0%....50%....100% - 9 passes
==PROF== Profiling "vectorized_elementwise_kernel" - 2737: 0%....50%....100% - 9 passes
==PROF== Profiling "reduce_kernel" - 2738: 0%....50%....100% - 9 passes
==PROF== Profiling "vectorized_elementwise_kernel" - 2739: 0%....50%....100% - 9 passes
==PROF== Profiling "vectorized_elementwise_kernel" - 2740: 0%....50%....100% - 9 passes
==PROF== Profiling "elementwise_kernel" - 2741: 0%....50%....100% - 9 passes
==PROF== Profiling "vectorized_elementwise_kernel" - 2742: 0%....50%....100% - 9 passes
==PROF== Profiling "vectorized_elementwise_kernel" - 2743: 0%....50%....100% - 9 passes
==PROF== Profiling "kernel" - 2744: 0%....50%....100% - 9 passes
==PROF== Profiling "vectorized_elementwise_kernel" - 2745: 0%....50%....100% - 9 passes
==PROF== Profiling "kernel" - 2746: 0%....50%....100% - 9 passes
==PROF== Profiling "vectorized_elementwise_kernel" - 2747: 0%....50%....100% - 9 passes
==PROF== Profiling "kernel" - 2748: 0%....50%....100% - 9 passes
==PROF== Profiling "vectorized_elementwise_kernel" - 2749: 0%....50%....100% - 9 passes
==PROF== Profiling "unrolled_elementwise_kernel" - 2750: 0%....50%....100% - 9 passes
==PROF== Profiling "vectorized_elementwise_kernel" - 2751: 0%....50%....100% - 9 passes
==PROF== Profiling "reduce_kernel" - 2752: 0%....50%....100% - 9 passes
==PROF== Profiling "vectorized_elementwise_kernel" - 2753: 0%....50%....100% - 9 passes
==PROF== Profiling "vectorized_elementwise_kernel" - 2754: 0%....50%....100% - 9 passes
==PROF== Profiling "elementwise_kernel" - 2755: 0%....50%....100% - 9 passes
==PROF== Profiling "vectorized_elementwise_kernel" - 2756: 0%....50%....100% - 9 passes
==PROF== Profiling "vectorized_elementwise_kernel" - 2757: 0%....50%....100% - 9 passes
==PROF== Profiling "kernel" - 2758: 0%....50%....100% - 9 passes
==PROF== Profiling "kernel" - 2759: 0%....50%....100% - 9 passes
==PROF== Profiling "kernel" - 2760: 0%....50%....100% - 9 passes
==PROF== Profiling "CatArrayBatchedCopy_vectorized" - 2761: 0%....50%....100% - 9 passes
==PROF== Profiling "CatArrayBatchedCopy_vectorized" - 2762: 0%....50%....100% - 9 passes
==PROF== Profiling "elementwise_kernel" - 2763: 0%....50%....100% - 9 passes
==PROF== Profiling "elementwise_kernel" - 2764: 0%....50%....100% - 9 passes
==PROF== Profiling "CatArrayBatchedCopy" - 2765: 0%....50%....100% - 9 passes
==PROF== Profiling "elementwise_kernel" - 2766: 0%....50%....100% - 9 passes
==PROF== Profiling "vectorized_elementwise_kernel" - 2767: 0%....50%....100% - 9 passes
==PROF== Profiling "elementwise_kernel" - 2768: 0%....50%....100% - 9 passes
==PROF== Profiling "elementwise_kernel" - 2769: 0%....50%....100% - 9 passes
==PROF== Profiling "CatArrayBatchedCopy" - 2770: 0%....50%....100% - 9 passes
==PROF== Profiling "elementwise_kernel" - 2771: 0%....50%....100% - 9 passes
==PROF== Profiling "vectorized_elementwise_kernel" - 2772: 0%....50%....100% - 9 passes
==PROF== Profiling "CatArrayBatchedCopy_vectorized" - 2773: 0%....50%....100% - 9 passes
==PROF== Profiling "CatArrayBatchedCopy_vectorized" - 2774: 0%....50%....100% - 9 passes
==PROF== Profiling "flash_fwd_splitkv_kernel" - 2775: 0%....50%....100% - 9 passes
==PROF== Profiling "flash_fwd_splitkv_combine_ker..." - 2776: 0%....50%....100% - 9 passes
==PROF== Profiling "kernel" - 2777: 0%....50%....100% - 9 passes
==PROF== Profiling "vectorized_elementwise_kernel" - 2778: 0%....50%....100% - 9 passes
==PROF== Profiling "unrolled_elementwise_kernel" - 2779: 0%....50%....100% - 9 passes
==PROF== Profiling "vectorized_elementwise_kernel" - 2780: 0%....50%....100% - 9 passes
==PROF== Profiling "reduce_kernel" - 2781: 0%....50%....100% - 9 passes
==PROF== Profiling "vectorized_elementwise_kernel" - 2782: 0%....50%....100% - 9 passes
==PROF== Profiling "vectorized_elementwise_kernel" - 2783: 0%....50%....100% - 9 passes
==PROF== Profiling "elementwise_kernel" - 2784: 0%....50%....100% - 9 passes
==PROF== Profiling "vectorized_elementwise_kernel" - 2785: 0%....50%....100% - 9 passes
==PROF== Profiling "vectorized_elementwise_kernel" - 2786: 0%....50%....100% - 9 passes
==PROF== Profiling "kernel" - 2787: 0%....50%....100% - 9 passes
==PROF== Profiling "vectorized_elementwise_kernel" - 2788: 0%....50%....100% - 9 passes
==PROF== Profiling "kernel" - 2789: 0%....50%....100% - 9 passes
==PROF== Profiling "vectorized_elementwise_kernel" - 2790: 0%....50%....100% - 9 passes
==PROF== Profiling "kernel" - 2791: 0%....50%....100% - 9 passes
==PROF== Profiling "vectorized_elementwise_kernel" - 2792: 0%....50%....100% - 9 passes
==PROF== Profiling "unrolled_elementwise_kernel" - 2793: 0%....50%....100% - 9 passes
==PROF== Profiling "vectorized_elementwise_kernel" - 2794: 0%....50%....100% - 9 passes
==PROF== Profiling "reduce_kernel" - 2795: 0%....50%....100% - 9 passes
==PROF== Profiling "vectorized_elementwise_kernel" - 2796: 0%....50%....100% - 9 passes
==PROF== Profiling "vectorized_elementwise_kernel" - 2797: 0%....50%....100% - 9 passes
==PROF== Profiling "elementwise_kernel" - 2798: 0%....50%....100% - 9 passes
==PROF== Profiling "vectorized_elementwise_kernel" - 2799: 0%....50%....100% - 9 passes
==PROF== Profiling "vectorized_elementwise_kernel" - 2800: 0%....50%....100% - 9 passes
==PROF== Profiling "kernel" - 2801: 0%....50%....100% - 9 passes
==PROF== Profiling "kernel" - 2802: 0%....50%....100% - 9 passes
==PROF== Profiling "kernel" - 2803: 0%....50%....100% - 9 passes
==PROF== Profiling "CatArrayBatchedCopy_vectorized" - 2804: 0%....50%....100% - 9 passes
==PROF== Profiling "CatArrayBatchedCopy_vectorized" - 2805: 0%....50%....100% - 9 passes
==PROF== Profiling "elementwise_kernel" - 2806: 0%....50%....100% - 9 passes
==PROF== Profiling "elementwise_kernel" - 2807: 0%....50%....100% - 9 passes
==PROF== Profiling "CatArrayBatchedCopy" - 2808: 0%....50%....100% - 9 passes
==PROF== Profiling "elementwise_kernel" - 2809: 0%....50%....100% - 9 passes
==PROF== Profiling "vectorized_elementwise_kernel" - 2810: 0%....50%....100% - 9 passes
==PROF== Profiling "elementwise_kernel" - 2811: 0%....50%....100% - 9 passes
==PROF== Profiling "elementwise_kernel" - 2812: 0%....50%....100% - 9 passes
==PROF== Profiling "CatArrayBatchedCopy" - 2813: 0%....50%....100% - 9 passes
==PROF== Profiling "elementwise_kernel" - 2814: 0%....50%....100% - 9 passes
==PROF== Profiling "vectorized_elementwise_kernel" - 2815: 0%....50%....100% - 9 passes
==PROF== Profiling "CatArrayBatchedCopy_vectorized" - 2816: 0%....50%....100% - 9 passes
==PROF== Profiling "CatArrayBatchedCopy_vectorized" - 2817: 0%....50%....100% - 9 passes
==PROF== Profiling "flash_fwd_splitkv_kernel" - 2818: 0%....50%....100% - 9 passes
==PROF== Profiling "flash_fwd_splitkv_combine_ker..." - 2819: 0%....50%....100% - 9 passes
==PROF== Profiling "kernel" - 2820: 0%....50%....100% - 9 passes
==PROF== Profiling "vectorized_elementwise_kernel" - 2821: 0%....50%....100% - 9 passes
==PROF== Profiling "unrolled_elementwise_kernel" - 2822: 0%....50%....100% - 9 passes
==PROF== Profiling "vectorized_elementwise_kernel" - 2823: 0%....50%....100% - 9 passes
==PROF== Profiling "reduce_kernel" - 2824: 0%....50%....100% - 9 passes
==PROF== Profiling "vectorized_elementwise_kernel" - 2825: 0%....50%....100% - 9 passes
==PROF== Profiling "vectorized_elementwise_kernel" - 2826: 0%....50%....100% - 9 passes
==PROF== Profiling "elementwise_kernel" - 2827: 0%....50%....100% - 9 passes
==PROF== Profiling "vectorized_elementwise_kernel" - 2828: 0%....50%....100% - 9 passes
==PROF== Profiling "vectorized_elementwise_kernel" - 2829: 0%....50%....100% - 9 passes
==PROF== Profiling "kernel" - 2830: 0%....50%....100% - 9 passes
==PROF== Profiling "vectorized_elementwise_kernel" - 2831: 0%....50%....100% - 9 passes
==PROF== Profiling "kernel" - 2832: 0%....50%....100% - 9 passes
==PROF== Profiling "vectorized_elementwise_kernel" - 2833: 0%....50%....100% - 9 passes
==PROF== Profiling "kernel" - 2834: 0%....50%....100% - 9 passes
==PROF== Profiling "vectorized_elementwise_kernel" - 2835: 0%....50%....100% - 9 passes
==PROF== Profiling "unrolled_elementwise_kernel" - 2836: 0%....50%....100% - 9 passes
==PROF== Profiling "vectorized_elementwise_kernel" - 2837: 0%....50%....100% - 9 passes
==PROF== Profiling "reduce_kernel" - 2838: 0%....50%....100% - 9 passes
==PROF== Profiling "vectorized_elementwise_kernel" - 2839: 0%....50%....100% - 9 passes
==PROF== Profiling "vectorized_elementwise_kernel" - 2840: 0%....50%....100% - 9 passes
==PROF== Profiling "elementwise_kernel" - 2841: 0%....50%....100% - 9 passes
==PROF== Profiling "vectorized_elementwise_kernel" - 2842: 0%....50%....100% - 9 passes
==PROF== Profiling "vectorized_elementwise_kernel" - 2843: 0%....50%....100% - 9 passes
==PROF== Profiling "kernel" - 2844: 0%....50%....100% - 9 passes
==PROF== Profiling "kernel" - 2845: 0%....50%....100% - 9 passes
==PROF== Profiling "kernel" - 2846: 0%....50%....100% - 9 passes
==PROF== Profiling "CatArrayBatchedCopy_vectorized" - 2847: 0%....50%....100% - 9 passes
==PROF== Profiling "CatArrayBatchedCopy_vectorized" - 2848: 0%....50%....100% - 9 passes
==PROF== Profiling "elementwise_kernel" - 2849: 0%....50%....100% - 9 passes
==PROF== Profiling "elementwise_kernel" - 2850: 0%....50%....100% - 9 passes
==PROF== Profiling "CatArrayBatchedCopy" - 2851: 0%....50%....100% - 9 passes
==PROF== Profiling "elementwise_kernel" - 2852: 0%....50%....100% - 9 passes
==PROF== Profiling "vectorized_elementwise_kernel" - 2853: 0%....50%....100% - 9 passes
==PROF== Profiling "elementwise_kernel" - 2854: 0%....50%....100% - 9 passes
==PROF== Profiling "elementwise_kernel" - 2855: 0%....50%....100% - 9 passes
==PROF== Profiling "CatArrayBatchedCopy" - 2856: 0%....50%....100% - 9 passes
==PROF== Profiling "elementwise_kernel" - 2857: 0%....50%....100% - 9 passes
==PROF== Profiling "vectorized_elementwise_kernel" - 2858: 0%....50%....100% - 9 passes
==PROF== Profiling "CatArrayBatchedCopy_vectorized" - 2859: 0%....50%....100% - 9 passes
==PROF== Profiling "CatArrayBatchedCopy_vectorized" - 2860: 0%....50%....100% - 9 passes
==PROF== Profiling "flash_fwd_splitkv_kernel" - 2861: 0%....50%....100% - 9 passes
==PROF== Profiling "flash_fwd_splitkv_combine_ker..." - 2862: 0%....50%....100% - 9 passes
==PROF== Profiling "kernel" - 2863: 0%....50%....100% - 9 passes
==PROF== Profiling "vectorized_elementwise_kernel" - 2864: 0%....50%....100% - 9 passes
==PROF== Profiling "unrolled_elementwise_kernel" - 2865: 0%....50%....100% - 9 passes
==PROF== Profiling "vectorized_elementwise_kernel" - 2866: 0%....50%....100% - 9 passes
==PROF== Profiling "reduce_kernel" - 2867: 0%....50%....100% - 9 passes
==PROF== Profiling "vectorized_elementwise_kernel" - 2868: 0%....50%....100% - 9 passes
==PROF== Profiling "vectorized_elementwise_kernel" - 2869: 0%....50%....100% - 9 passes
==PROF== Profiling "elementwise_kernel" - 2870: 0%....50%....100% - 9 passes
==PROF== Profiling "vectorized_elementwise_kernel" - 2871: 0%....50%....100% - 9 passes
==PROF== Profiling "vectorized_elementwise_kernel" - 2872: 0%....50%....100% - 9 passes
==PROF== Profiling "kernel" - 2873: 0%....50%....100% - 9 passes
==PROF== Profiling "vectorized_elementwise_kernel" - 2874: 0%....50%....100% - 9 passes
==PROF== Profiling "kernel" - 2875: 0%....50%....100% - 9 passes
==PROF== Profiling "vectorized_elementwise_kernel" - 2876: 0%....50%....100% - 9 passes
==PROF== Profiling "kernel" - 2877: 0%....50%....100% - 9 passes
==PROF== Profiling "vectorized_elementwise_kernel" - 2878: 0%....50%....100% - 9 passes
==PROF== Profiling "unrolled_elementwise_kernel" - 2879: 0%....50%....100% - 9 passes
==PROF== Profiling "vectorized_elementwise_kernel" - 2880: 0%....50%....100% - 9 passes
==PROF== Profiling "reduce_kernel" - 2881: 0%....50%....100% - 9 passes
==PROF== Profiling "vectorized_elementwise_kernel" - 2882: 0%....50%....100% - 9 passes
==PROF== Profiling "vectorized_elementwise_kernel" - 2883: 0%....50%....100% - 9 passes
==PROF== Profiling "elementwise_kernel" - 2884: 0%....50%....100% - 9 passes
==PROF== Profiling "vectorized_elementwise_kernel" - 2885: 0%....50%....100% - 9 passes
==PROF== Profiling "vectorized_elementwise_kernel" - 2886: 0%....50%....100% - 9 passes
==PROF== Profiling "kernel" - 2887: 0%....50%....100% - 9 passes
==PROF== Profiling "kernel" - 2888: 0%....50%....100% - 9 passes
==PROF== Profiling "kernel" - 2889: 0%....50%....100% - 9 passes
==PROF== Profiling "CatArrayBatchedCopy_vectorized" - 2890: 0%....50%....100% - 9 passes
==PROF== Profiling "CatArrayBatchedCopy_vectorized" - 2891: 0%....50%....100% - 9 passes
==PROF== Profiling "elementwise_kernel" - 2892: 0%....50%....100% - 9 passes
==PROF== Profiling "elementwise_kernel" - 2893: 0%....50%....100% - 9 passes
==PROF== Profiling "CatArrayBatchedCopy" - 2894: 0%....50%....100% - 9 passes
==PROF== Profiling "elementwise_kernel" - 2895: 0%....50%....100% - 9 passes
==PROF== Profiling "vectorized_elementwise_kernel" - 2896: 0%....50%....100% - 9 passes
==PROF== Profiling "elementwise_kernel" - 2897: 0%....50%....100% - 9 passes
==PROF== Profiling "elementwise_kernel" - 2898: 0%....50%....100% - 9 passes
==PROF== Profiling "CatArrayBatchedCopy" - 2899: 0%....50%....100% - 9 passes
==PROF== Profiling "elementwise_kernel" - 2900: 0%....50%....100% - 9 passes
==PROF== Profiling "vectorized_elementwise_kernel" - 2901: 0%....50%....100% - 9 passes
==PROF== Profiling "CatArrayBatchedCopy_vectorized" - 2902: 0%....50%....100% - 9 passes
==PROF== Profiling "CatArrayBatchedCopy_vectorized" - 2903: 0%....50%....100% - 9 passes
==PROF== Profiling "flash_fwd_splitkv_kernel" - 2904: 0%....50%....100% - 9 passes
==PROF== Profiling "flash_fwd_splitkv_combine_ker..." - 2905: 0%....50%....100% - 9 passes
==PROF== Profiling "kernel" - 2906: 0%....50%....100% - 9 passes
==PROF== Profiling "vectorized_elementwise_kernel" - 2907: 0%....50%....100% - 9 passes
==PROF== Profiling "unrolled_elementwise_kernel" - 2908: 0%....50%....100% - 9 passes
==PROF== Profiling "vectorized_elementwise_kernel" - 2909: 0%....50%....100% - 9 passes
==PROF== Profiling "reduce_kernel" - 2910: 0%....50%....100% - 9 passes
==PROF== Profiling "vectorized_elementwise_kernel" - 2911: 0%....50%....100% - 9 passes
==PROF== Profiling "vectorized_elementwise_kernel" - 2912: 0%....50%....100% - 9 passes
==PROF== Profiling "elementwise_kernel" - 2913: 0%....50%....100% - 9 passes
==PROF== Profiling "vectorized_elementwise_kernel" - 2914: 0%....50%....100% - 9 passes
==PROF== Profiling "vectorized_elementwise_kernel" - 2915: 0%....50%....100% - 9 passes
==PROF== Profiling "kernel" - 2916: 0%....50%....100% - 9 passes
==PROF== Profiling "vectorized_elementwise_kernel" - 2917: 0%....50%....100% - 9 passes
==PROF== Profiling "kernel" - 2918: 0%....50%....100% - 9 passes
==PROF== Profiling "vectorized_elementwise_kernel" - 2919: 0%....50%....100% - 9 passes
==PROF== Profiling "kernel" - 2920: 0%....50%....100% - 9 passes
==PROF== Profiling "vectorized_elementwise_kernel" - 2921: 0%....50%....100% - 9 passes
==PROF== Profiling "unrolled_elementwise_kernel" - 2922: 0%....50%....100% - 9 passes
==PROF== Profiling "vectorized_elementwise_kernel" - 2923: 0%....50%....100% - 9 passes
==PROF== Profiling "reduce_kernel" - 2924: 0%....50%....100% - 9 passes
==PROF== Profiling "vectorized_elementwise_kernel" - 2925: 0%....50%....100% - 9 passes
==PROF== Profiling "vectorized_elementwise_kernel" - 2926: 0%....50%....100% - 9 passes
==PROF== Profiling "elementwise_kernel" - 2927: 0%....50%....100% - 9 passes
==PROF== Profiling "vectorized_elementwise_kernel" - 2928: 0%....50%....100% - 9 passes
==PROF== Profiling "vectorized_elementwise_kernel" - 2929: 0%....50%....100% - 9 passes
==PROF== Profiling "kernel" - 2930: 0%....50%....100% - 9 passes
==PROF== Profiling "kernel" - 2931: 0%....50%....100% - 9 passes
==PROF== Profiling "kernel" - 2932: 0%....50%....100% - 9 passes
==PROF== Profiling "CatArrayBatchedCopy_vectorized" - 2933: 0%....50%....100% - 9 passes
==PROF== Profiling "CatArrayBatchedCopy_vectorized" - 2934: 0%....50%....100% - 9 passes
==PROF== Profiling "elementwise_kernel" - 2935: 0%....50%....100% - 9 passes
==PROF== Profiling "elementwise_kernel" - 2936: 0%....50%....100% - 9 passes
==PROF== Profiling "CatArrayBatchedCopy" - 2937: 0%....50%....100% - 9 passes
==PROF== Profiling "elementwise_kernel" - 2938: 0%....50%....100% - 9 passes
==PROF== Profiling "vectorized_elementwise_kernel" - 2939: 0%....50%....100% - 9 passes
==PROF== Profiling "elementwise_kernel" - 2940: 0%....50%....100% - 9 passes
==PROF== Profiling "elementwise_kernel" - 2941: 0%....50%....100% - 9 passes
==PROF== Profiling "CatArrayBatchedCopy" - 2942: 0%....50%....100% - 9 passes
==PROF== Profiling "elementwise_kernel" - 2943: 0%....50%....100% - 9 passes
==PROF== Profiling "vectorized_elementwise_kernel" - 2944: 0%....50%....100% - 9 passes
==PROF== Profiling "CatArrayBatchedCopy_vectorized" - 2945: 0%....50%....100% - 9 passes
==PROF== Profiling "CatArrayBatchedCopy_vectorized" - 2946: 0%....50%....100% - 9 passes
==PROF== Profiling "flash_fwd_splitkv_kernel" - 2947: 0%....50%....100% - 9 passes
==PROF== Profiling "flash_fwd_splitkv_combine_ker..." - 2948: 0%....50%....100% - 9 passes
==PROF== Profiling "kernel" - 2949: 0%....50%....100% - 9 passes
==PROF== Profiling "vectorized_elementwise_kernel" - 2950: 0%....50%....100% - 9 passes
==PROF== Profiling "unrolled_elementwise_kernel" - 2951: 0%....50%....100% - 9 passes
==PROF== Profiling "vectorized_elementwise_kernel" - 2952: 0%....50%....100% - 9 passes
==PROF== Profiling "reduce_kernel" - 2953: 0%....50%....100% - 9 passes
==PROF== Profiling "vectorized_elementwise_kernel" - 2954: 0%....50%....100% - 9 passes
==PROF== Profiling "vectorized_elementwise_kernel" - 2955: 0%....50%....100% - 9 passes
==PROF== Profiling "elementwise_kernel" - 2956: 0%....50%....100% - 9 passes
==PROF== Profiling "vectorized_elementwise_kernel" - 2957: 0%....50%....100% - 9 passes
==PROF== Profiling "vectorized_elementwise_kernel" - 2958: 0%....50%....100% - 9 passes
==PROF== Profiling "kernel" - 2959: 0%....50%....100% - 9 passes
==PROF== Profiling "vectorized_elementwise_kernel" - 2960: 0%....50%....100% - 9 passes
==PROF== Profiling "kernel" - 2961: 0%....50%....100% - 9 passes
==PROF== Profiling "vectorized_elementwise_kernel" - 2962: 0%....50%....100% - 9 passes
==PROF== Profiling "kernel" - 2963: 0%....50%....100% - 9 passes
==PROF== Profiling "vectorized_elementwise_kernel" - 2964: 0%....50%....100% - 9 passes
==PROF== Profiling "unrolled_elementwise_kernel" - 2965: 0%....50%....100% - 9 passes
==PROF== Profiling "vectorized_elementwise_kernel" - 2966: 0%....50%....100% - 9 passes
==PROF== Profiling "reduce_kernel" - 2967: 0%....50%....100% - 9 passes
==PROF== Profiling "vectorized_elementwise_kernel" - 2968: 0%....50%....100% - 9 passes
==PROF== Profiling "vectorized_elementwise_kernel" - 2969: 0%....50%....100% - 9 passes
==PROF== Profiling "elementwise_kernel" - 2970: 0%....50%....100% - 9 passes
==PROF== Profiling "vectorized_elementwise_kernel" - 2971: 0%....50%....100% - 9 passes
==PROF== Profiling "vectorized_elementwise_kernel" - 2972: 0%....50%....100% - 9 passes
==PROF== Profiling "kernel" - 2973: 0%....50%....100% - 9 passes
==PROF== Profiling "kernel" - 2974: 0%....50%....100% - 9 passes
==PROF== Profiling "kernel" - 2975: 0%....50%....100% - 9 passes
==PROF== Profiling "CatArrayBatchedCopy_vectorized" - 2976: 0%....50%....100% - 9 passes
==PROF== Profiling "CatArrayBatchedCopy_vectorized" - 2977: 0%....50%....100% - 9 passes
==PROF== Profiling "elementwise_kernel" - 2978: 0%....50%....100% - 9 passes
==PROF== Profiling "elementwise_kernel" - 2979: 0%....50%....100% - 9 passes
==PROF== Profiling "CatArrayBatchedCopy" - 2980: 0%....50%....100% - 9 passes
==PROF== Profiling "elementwise_kernel" - 2981: 0%....50%....100% - 9 passes
==PROF== Profiling "vectorized_elementwise_kernel" - 2982: 0%....50%....100% - 9 passes
==PROF== Profiling "elementwise_kernel" - 2983: 0%....50%....100% - 9 passes
==PROF== Profiling "elementwise_kernel" - 2984: 0%....50%....100% - 9 passes
==PROF== Profiling "CatArrayBatchedCopy" - 2985: 0%....50%....100% - 9 passes
==PROF== Profiling "elementwise_kernel" - 2986: 0%....50%....100% - 9 passes
==PROF== Profiling "vectorized_elementwise_kernel" - 2987: 0%....50%....100% - 9 passes
==PROF== Profiling "CatArrayBatchedCopy_vectorized" - 2988: 0%....50%....100% - 9 passes
==PROF== Profiling "CatArrayBatchedCopy_vectorized" - 2989: 0%....50%....100% - 9 passes
==PROF== Profiling "flash_fwd_splitkv_kernel" - 2990: 0%....50%....100% - 9 passes
==PROF== Profiling "flash_fwd_splitkv_combine_ker..." - 2991: 0%....50%....100% - 9 passes
==PROF== Profiling "kernel" - 2992: 0%....50%....100% - 9 passes
==PROF== Profiling "vectorized_elementwise_kernel" - 2993: 0%....50%....100% - 9 passes
==PROF== Profiling "unrolled_elementwise_kernel" - 2994: 0%....50%....100% - 9 passes
==PROF== Profiling "vectorized_elementwise_kernel" - 2995: 0%....50%....100% - 9 passes
==PROF== Profiling "reduce_kernel" - 2996: 0%....50%....100% - 9 passes
==PROF== Profiling "vectorized_elementwise_kernel" - 2997: 0%....50%....100% - 9 passes
==PROF== Profiling "vectorized_elementwise_kernel" - 2998: 0%....50%....100% - 9 passes
==PROF== Profiling "elementwise_kernel" - 2999: 0%....50%....100% - 9 passes
==PROF== Profiling "vectorized_elementwise_kernel" - 3000: 0%....50%....100% - 9 passes
==PROF== Profiling "vectorized_elementwise_kernel" - 3001: 0%....50%....100% - 9 passes
==PROF== Profiling "kernel" - 3002: 0%....50%....100% - 9 passes
==PROF== Profiling "vectorized_elementwise_kernel" - 3003: 0%....50%....100% - 9 passes
==PROF== Profiling "kernel" - 3004: 0%....50%....100% - 9 passes
==PROF== Profiling "vectorized_elementwise_kernel" - 3005: 0%....50%....100% - 9 passes
==PROF== Profiling "kernel" - 3006: 0%....50%....100% - 9 passes
==PROF== Profiling "vectorized_elementwise_kernel" - 3007: 0%....50%....100% - 9 passes
==PROF== Profiling "unrolled_elementwise_kernel" - 3008: 0%....50%....100% - 9 passes
==PROF== Profiling "vectorized_elementwise_kernel" - 3009: 0%....50%....100% - 9 passes
==PROF== Profiling "reduce_kernel" - 3010: 0%....50%....100% - 9 passes
==PROF== Profiling "vectorized_elementwise_kernel" - 3011: 0%....50%....100% - 9 passes
==PROF== Profiling "vectorized_elementwise_kernel" - 3012: 0%....50%....100% - 9 passes
==PROF== Profiling "elementwise_kernel" - 3013: 0%....50%....100% - 9 passes
==PROF== Profiling "vectorized_elementwise_kernel" - 3014: 0%....50%....100% - 9 passes
==PROF== Profiling "vectorized_elementwise_kernel" - 3015: 0%....50%....100% - 9 passes
==PROF== Profiling "kernel" - 3016: 0%....50%....100% - 9 passes
==PROF== Profiling "kernel" - 3017: 0%....50%....100% - 9 passes
==PROF== Profiling "kernel" - 3018: 0%....50%....100% - 9 passes
==PROF== Profiling "CatArrayBatchedCopy_vectorized" - 3019: 0%....50%....100% - 9 passes
==PROF== Profiling "CatArrayBatchedCopy_vectorized" - 3020: 0%....50%....100% - 9 passes
==PROF== Profiling "elementwise_kernel" - 3021: 0%....50%....100% - 9 passes
==PROF== Profiling "elementwise_kernel" - 3022: 0%....50%....100% - 9 passes
==PROF== Profiling "CatArrayBatchedCopy" - 3023: 0%....50%....100% - 9 passes
==PROF== Profiling "elementwise_kernel" - 3024: 0%....50%....100% - 9 passes
==PROF== Profiling "vectorized_elementwise_kernel" - 3025: 0%....50%....100% - 9 passes
==PROF== Profiling "elementwise_kernel" - 3026: 0%....50%....100% - 9 passes
==PROF== Profiling "elementwise_kernel" - 3027: 0%....50%....100% - 9 passes
==PROF== Profiling "CatArrayBatchedCopy" - 3028: 0%....50%....100% - 9 passes
==PROF== Profiling "elementwise_kernel" - 3029: 0%....50%....100% - 9 passes
==PROF== Profiling "vectorized_elementwise_kernel" - 3030: 0%....50%....100% - 9 passes
==PROF== Profiling "CatArrayBatchedCopy_vectorized" - 3031: 0%....50%....100% - 9 passes
==PROF== Profiling "CatArrayBatchedCopy_vectorized" - 3032: 0%....50%....100% - 9 passes
==PROF== Profiling "flash_fwd_splitkv_kernel" - 3033: 0%....50%....100% - 9 passes
==PROF== Profiling "flash_fwd_splitkv_combine_ker..." - 3034: 0%....50%....100% - 9 passes
==PROF== Profiling "kernel" - 3035: 0%....50%....100% - 9 passes
==PROF== Profiling "vectorized_elementwise_kernel" - 3036: 0%....50%....100% - 9 passes
==PROF== Profiling "unrolled_elementwise_kernel" - 3037: 0%....50%....100% - 9 passes
==PROF== Profiling "vectorized_elementwise_kernel" - 3038: 0%....50%....100% - 9 passes
==PROF== Profiling "reduce_kernel" - 3039: 0%....50%....100% - 9 passes
==PROF== Profiling "vectorized_elementwise_kernel" - 3040: 0%....50%....100% - 9 passes
==PROF== Profiling "vectorized_elementwise_kernel" - 3041: 0%....50%....100% - 9 passes
==PROF== Profiling "elementwise_kernel" - 3042: 0%....50%....100% - 9 passes
==PROF== Profiling "vectorized_elementwise_kernel" - 3043: 0%....50%....100% - 9 passes
==PROF== Profiling "vectorized_elementwise_kernel" - 3044: 0%....50%....100% - 9 passes
==PROF== Profiling "kernel" - 3045: 0%....50%....100% - 9 passes
==PROF== Profiling "vectorized_elementwise_kernel" - 3046: 0%....50%....100% - 9 passes
==PROF== Profiling "kernel" - 3047: 0%....50%....100% - 9 passes
==PROF== Profiling "vectorized_elementwise_kernel" - 3048: 0%....50%....100% - 9 passes
==PROF== Profiling "kernel" - 3049: 0%....50%....100% - 9 passes
==PROF== Profiling "vectorized_elementwise_kernel" - 3050: 0%....50%....100% - 9 passes
==PROF== Profiling "unrolled_elementwise_kernel" - 3051: 0%....50%....100% - 9 passes
==PROF== Profiling "vectorized_elementwise_kernel" - 3052: 0%....50%....100% - 9 passes
==PROF== Profiling "reduce_kernel" - 3053: 0%....50%....100% - 9 passes
==PROF== Profiling "vectorized_elementwise_kernel" - 3054: 0%....50%....100% - 9 passes
==PROF== Profiling "vectorized_elementwise_kernel" - 3055: 0%....50%....100% - 9 passes
==PROF== Profiling "elementwise_kernel" - 3056: 0%....50%....100% - 9 passes
==PROF== Profiling "vectorized_elementwise_kernel" - 3057: 0%....50%....100% - 9 passes
==PROF== Profiling "vectorized_elementwise_kernel" - 3058: 0%....50%....100% - 9 passes
==PROF== Profiling "kernel" - 3059: 0%....50%....100% - 9 passes
==PROF== Profiling "kernel" - 3060: 0%....50%....100% - 9 passes
==PROF== Profiling "kernel" - 3061: 0%....50%....100% - 9 passes
==PROF== Profiling "CatArrayBatchedCopy_vectorized" - 3062: 0%....50%....100% - 9 passes
==PROF== Profiling "CatArrayBatchedCopy_vectorized" - 3063: 0%....50%....100% - 9 passes
==PROF== Profiling "elementwise_kernel" - 3064: 0%....50%....100% - 9 passes
==PROF== Profiling "elementwise_kernel" - 3065: 0%....50%....100% - 9 passes
==PROF== Profiling "CatArrayBatchedCopy" - 3066: 0%....50%....100% - 9 passes
==PROF== Profiling "elementwise_kernel" - 3067: 0%....50%....100% - 9 passes
==PROF== Profiling "vectorized_elementwise_kernel" - 3068: 0%....50%....100% - 9 passes
==PROF== Profiling "elementwise_kernel" - 3069: 0%....50%....100% - 9 passes
==PROF== Profiling "elementwise_kernel" - 3070: 0%....50%....100% - 9 passes
==PROF== Profiling "CatArrayBatchedCopy" - 3071: 0%....50%....100% - 9 passes
==PROF== Profiling "elementwise_kernel" - 3072: 0%....50%....100% - 9 passes
==PROF== Profiling "vectorized_elementwise_kernel" - 3073: 0%....50%....100% - 9 passes
==PROF== Profiling "CatArrayBatchedCopy_vectorized" - 3074: 0%....50%....100% - 9 passes
==PROF== Profiling "CatArrayBatchedCopy_vectorized" - 3075: 0%....50%....100% - 9 passes
==PROF== Profiling "flash_fwd_splitkv_kernel" - 3076: 0%....50%....100% - 9 passes
==PROF== Profiling "flash_fwd_splitkv_combine_ker..." - 3077: 0%....50%....100% - 9 passes
==PROF== Profiling "kernel" - 3078: 0%....50%....100% - 9 passes
==PROF== Profiling "vectorized_elementwise_kernel" - 3079: 0%....50%....100% - 9 passes
==PROF== Profiling "unrolled_elementwise_kernel" - 3080: 0%....50%....100% - 9 passes
==PROF== Profiling "vectorized_elementwise_kernel" - 3081: 0%....50%....100% - 9 passes
==PROF== Profiling "reduce_kernel" - 3082: 0%....50%....100% - 9 passes
==PROF== Profiling "vectorized_elementwise_kernel" - 3083: 0%....50%....100% - 9 passes
==PROF== Profiling "vectorized_elementwise_kernel" - 3084: 0%....50%....100% - 9 passes
==PROF== Profiling "elementwise_kernel" - 3085: 0%....50%....100% - 9 passes
==PROF== Profiling "vectorized_elementwise_kernel" - 3086: 0%....50%....100% - 9 passes
==PROF== Profiling "vectorized_elementwise_kernel" - 3087: 0%....50%....100% - 9 passes
==PROF== Profiling "kernel" - 3088: 0%....50%....100% - 9 passes
==PROF== Profiling "vectorized_elementwise_kernel" - 3089: 0%....50%....100% - 9 passes
==PROF== Profiling "kernel" - 3090: 0%....50%....100% - 9 passes
==PROF== Profiling "vectorized_elementwise_kernel" - 3091: 0%....50%....100% - 9 passes
==PROF== Profiling "kernel" - 3092: 0%....50%....100% - 9 passes
==PROF== Profiling "vectorized_elementwise_kernel" - 3093: 0%....50%....100% - 9 passes
==PROF== Profiling "unrolled_elementwise_kernel" - 3094: 0%....50%....100% - 9 passes
==PROF== Profiling "vectorized_elementwise_kernel" - 3095: 0%....50%....100% - 9 passes
==PROF== Profiling "reduce_kernel" - 3096: 0%....50%....100% - 9 passes
==PROF== Profiling "vectorized_elementwise_kernel" - 3097: 0%....50%....100% - 9 passes
==PROF== Profiling "vectorized_elementwise_kernel" - 3098: 0%....50%....100% - 9 passes
==PROF== Profiling "elementwise_kernel" - 3099: 0%....50%....100% - 9 passes
==PROF== Profiling "vectorized_elementwise_kernel" - 3100: 0%....50%....100% - 9 passes
==PROF== Profiling "vectorized_elementwise_kernel" - 3101: 0%....50%....100% - 9 passes
==PROF== Profiling "kernel" - 3102: 0%....50%....100% - 9 passes
==PROF== Profiling "kernel" - 3103: 0%....50%....100% - 9 passes
==PROF== Profiling "kernel" - 3104: 0%....50%....100% - 9 passes
==PROF== Profiling "CatArrayBatchedCopy_vectorized" - 3105: 0%....50%....100% - 9 passes
==PROF== Profiling "CatArrayBatchedCopy_vectorized" - 3106: 0%....50%....100% - 9 passes
==PROF== Profiling "elementwise_kernel" - 3107: 0%....50%....100% - 9 passes
==PROF== Profiling "elementwise_kernel" - 3108: 0%....50%....100% - 9 passes
==PROF== Profiling "CatArrayBatchedCopy" - 3109: 0%....50%....100% - 9 passes
==PROF== Profiling "elementwise_kernel" - 3110: 0%....50%....100% - 9 passes
==PROF== Profiling "vectorized_elementwise_kernel" - 3111: 0%....50%....100% - 9 passes
==PROF== Profiling "elementwise_kernel" - 3112: 0%....50%....100% - 9 passes
==PROF== Profiling "elementwise_kernel" - 3113: 0%....50%....100% - 9 passes
==PROF== Profiling "CatArrayBatchedCopy" - 3114: 0%....50%....100% - 9 passes
==PROF== Profiling "elementwise_kernel" - 3115: 0%....50%....100% - 9 passes
==PROF== Profiling "vectorized_elementwise_kernel" - 3116: 0%....50%....100% - 9 passes
==PROF== Profiling "CatArrayBatchedCopy_vectorized" - 3117: 0%....50%....100% - 9 passes
==PROF== Profiling "CatArrayBatchedCopy_vectorized" - 3118: 0%....50%....100% - 9 passes
==PROF== Profiling "flash_fwd_splitkv_kernel" - 3119: 0%....50%....100% - 9 passes
==PROF== Profiling "flash_fwd_splitkv_combine_ker..." - 3120: 0%....50%....100% - 9 passes
==PROF== Profiling "kernel" - 3121: 0%....50%....100% - 9 passes
==PROF== Profiling "vectorized_elementwise_kernel" - 3122: 0%....50%....100% - 9 passes
==PROF== Profiling "unrolled_elementwise_kernel" - 3123: 0%....50%....100% - 9 passes
==PROF== Profiling "vectorized_elementwise_kernel" - 3124: 0%....50%....100% - 9 passes
==PROF== Profiling "reduce_kernel" - 3125: 0%....50%....100% - 9 passes
==PROF== Profiling "vectorized_elementwise_kernel" - 3126: 0%....50%....100% - 9 passes
==PROF== Profiling "vectorized_elementwise_kernel" - 3127: 0%....50%....100% - 9 passes
==PROF== Profiling "elementwise_kernel" - 3128: 0%....50%....100% - 9 passes
==PROF== Profiling "vectorized_elementwise_kernel" - 3129: 0%....50%....100% - 9 passes
==PROF== Profiling "vectorized_elementwise_kernel" - 3130: 0%....50%....100% - 9 passes
==PROF== Profiling "kernel" - 3131: 0%....50%....100% - 9 passes
==PROF== Profiling "vectorized_elementwise_kernel" - 3132: 0%....50%....100% - 9 passes
==PROF== Profiling "kernel" - 3133: 0%....50%....100% - 9 passes
==PROF== Profiling "vectorized_elementwise_kernel" - 3134: 0%....50%....100% - 9 passes
==PROF== Profiling "kernel" - 3135: 0%....50%....100% - 9 passes
==PROF== Profiling "vectorized_elementwise_kernel" - 3136: 0%....50%....100% - 9 passes
==PROF== Profiling "unrolled_elementwise_kernel" - 3137: 0%....50%....100% - 9 passes
==PROF== Profiling "vectorized_elementwise_kernel" - 3138: 0%....50%....100% - 9 passes
==PROF== Profiling "reduce_kernel" - 3139: 0%....50%....100% - 9 passes
==PROF== Profiling "vectorized_elementwise_kernel" - 3140: 0%....50%....100% - 9 passes
==PROF== Profiling "vectorized_elementwise_kernel" - 3141: 0%....50%....100% - 9 passes
==PROF== Profiling "elementwise_kernel" - 3142: 0%....50%....100% - 9 passes
==PROF== Profiling "vectorized_elementwise_kernel" - 3143: 0%....50%....100% - 9 passes
==PROF== Profiling "vectorized_elementwise_kernel" - 3144: 0%....50%....100% - 9 passes
==PROF== Profiling "kernel" - 3145: 0%....50%....100% - 9 passes
==PROF== Profiling "kernel" - 3146: 0%....50%....100% - 9 passes
==PROF== Profiling "kernel" - 3147: 0%....50%....100% - 9 passes
==PROF== Profiling "CatArrayBatchedCopy_vectorized" - 3148: 0%....50%....100% - 9 passes
==PROF== Profiling "CatArrayBatchedCopy_vectorized" - 3149: 0%....50%....100% - 9 passes
==PROF== Profiling "elementwise_kernel" - 3150: 0%....50%....100% - 9 passes
==PROF== Profiling "elementwise_kernel" - 3151: 0%....50%....100% - 9 passes
==PROF== Profiling "CatArrayBatchedCopy" - 3152: 0%....50%....100% - 9 passes
==PROF== Profiling "elementwise_kernel" - 3153: 0%....50%....100% - 9 passes
==PROF== Profiling "vectorized_elementwise_kernel" - 3154: 0%....50%....100% - 9 passes
==PROF== Profiling "elementwise_kernel" - 3155: 0%....50%....100% - 9 passes
==PROF== Profiling "elementwise_kernel" - 3156: 0%....50%....100% - 9 passes
==PROF== Profiling "CatArrayBatchedCopy" - 3157: 0%....50%....100% - 9 passes
==PROF== Profiling "elementwise_kernel" - 3158: 0%....50%....100% - 9 passes
==PROF== Profiling "vectorized_elementwise_kernel" - 3159: 0%....50%....100% - 9 passes
==PROF== Profiling "CatArrayBatchedCopy_vectorized" - 3160: 0%....50%....100% - 9 passes
==PROF== Profiling "CatArrayBatchedCopy_vectorized" - 3161: 0%....50%....100% - 9 passes
==PROF== Profiling "flash_fwd_splitkv_kernel" - 3162: 0%....50%....100% - 9 passes
==PROF== Profiling "flash_fwd_splitkv_combine_ker..." - 3163: 0%....50%....100% - 9 passes
==PROF== Profiling "kernel" - 3164: 0%....50%....100% - 9 passes
==PROF== Profiling "vectorized_elementwise_kernel" - 3165: 0%....50%....100% - 9 passes
==PROF== Profiling "unrolled_elementwise_kernel" - 3166: 0%....50%....100% - 9 passes
==PROF== Profiling "vectorized_elementwise_kernel" - 3167: 0%....50%....100% - 9 passes
==PROF== Profiling "reduce_kernel" - 3168: 0%....50%....100% - 9 passes
==PROF== Profiling "vectorized_elementwise_kernel" - 3169: 0%....50%....100% - 9 passes
==PROF== Profiling "vectorized_elementwise_kernel" - 3170: 0%....50%....100% - 9 passes
==PROF== Profiling "elementwise_kernel" - 3171: 0%....50%....100% - 9 passes
==PROF== Profiling "vectorized_elementwise_kernel" - 3172: 0%....50%....100% - 9 passes
==PROF== Profiling "vectorized_elementwise_kernel" - 3173: 0%....50%....100% - 9 passes
==PROF== Profiling "kernel" - 3174: 0%....50%....100% - 9 passes
==PROF== Profiling "vectorized_elementwise_kernel" - 3175: 0%....50%....100% - 9 passes
==PROF== Profiling "kernel" - 3176: 0%....50%....100% - 9 passes
==PROF== Profiling "vectorized_elementwise_kernel" - 3177: 0%....50%....100% - 9 passes
==PROF== Profiling "kernel" - 3178: 0%....50%....100% - 9 passes
==PROF== Profiling "vectorized_elementwise_kernel" - 3179: 0%....50%....100% - 9 passes
==PROF== Profiling "unrolled_elementwise_kernel" - 3180: 0%....50%....100% - 9 passes
==PROF== Profiling "vectorized_elementwise_kernel" - 3181: 0%....50%....100% - 9 passes
==PROF== Profiling "reduce_kernel" - 3182: 0%....50%....100% - 9 passes
==PROF== Profiling "vectorized_elementwise_kernel" - 3183: 0%....50%....100% - 9 passes
==PROF== Profiling "vectorized_elementwise_kernel" - 3184: 0%....50%....100% - 9 passes
==PROF== Profiling "elementwise_kernel" - 3185: 0%....50%....100% - 9 passes
==PROF== Profiling "vectorized_elementwise_kernel" - 3186: 0%....50%....100% - 9 passes
==PROF== Profiling "vectorized_elementwise_kernel" - 3187: 0%....50%....100% - 9 passes
==PROF== Profiling "kernel" - 3188: 0%....50%....100% - 9 passes
==PROF== Profiling "reduce_kernel" - 3189: 0%....50%....100% - 9 passes
{
  "observed": {
    "operator_events": 390,
    "expected_operator_events": 390,
    "total_events": 416
  },
  "timing": {
    "started": 27263065993069,
    "warmup_done": 27266626825714,
    "finished": 29806073792517,
    "warmup_wall_ms": 3560.832645,
    "measured_wall_ms": 2539446.966803
  },
  "pass": true,
  "probe": " Parisian region"
}
==PROF== Disconnected from process 332218
==PROF== Report: /workspace/AgentSys/artifacts/gpu_autotrace/llm_vl/g04_ncu_hardware/planner_debate/call_critic-a/critic-a_measured_iter0.ncu-rep
