workload,phase,iteration,call_id,op_index,op_type,engine,attribution_basis,nvtx_cpu_ns,nvtx_start,gpu_work_ns,kernel_ns,memcpy_memset_ns,kernel_count,memcpy_memset_count,launch_to_gpu_start_ns,gpu_span_ns,kernel_families,kernel_names
react_moa_mcts,measured,0,react-plan,,call_overhead,,gap_before_operator,,,62870,5088,57782,2,1,13104,215165,elementwise_binary|memcpy|rng_init,"memcpy_Host-to-Device|void at::native::<unnamed>::distribution_elementwise_grid_stride_kernel<float, (|void at::native::vectorized_elementwise_kernel<(int)8, at::native::BUnaryFunctor"
react_moa_mcts,measured,0,moa-map0,,call_overhead,,gap_before_operator,,,162439,7071,155368,2,2,11335,13829717,elementwise_binary|memcpy|rng_init,"memcpy_Device-to-Host|memcpy_Host-to-Device|void at::native::<unnamed>::distribution_elementwise_grid_stride_kernel<float, (|void at::native::vectorized_elementwise_kernel<(int)8, at::native::BUnaryFunctor"
react_moa_mcts,measured,0,moa-map1,,call_overhead,,gap_before_operator,,,196610,7072,189538,2,2,11892,13876813,elementwise_binary|memcpy|rng_init,"memcpy_Device-to-Host|memcpy_Host-to-Device|void at::native::<unnamed>::distribution_elementwise_grid_stride_kernel<float, (|void at::native::vectorized_elementwise_kernel<(int)8, at::native::BUnaryFunctor"
react_moa_mcts,measured,0,moa-map2,,call_overhead,,gap_before_operator,,,201279,7007,194272,2,2,11640,13874061,elementwise_binary|memcpy|rng_init,"memcpy_Device-to-Host|memcpy_Host-to-Device|void at::native::<unnamed>::distribution_elementwise_grid_stride_kernel<float, (|void at::native::vectorized_elementwise_kernel<(int)8, at::native::BUnaryFunctor"
react_moa_mcts,measured,0,mcts-root,,call_overhead,,gap_before_operator,,,206111,7071,199040,2,2,11358,13893739,elementwise_binary|memcpy|rng_init,"memcpy_Device-to-Host|memcpy_Host-to-Device|void at::native::<unnamed>::distribution_elementwise_grid_stride_kernel<float, (|void at::native::vectorized_elementwise_kernel<(int)8, at::native::BUnaryFunctor"
react_moa_mcts,measured,0,mcts-actor0,,call_overhead,,gap_before_operator,,,202880,7135,195745,2,2,11361,15829364,elementwise_binary|memcpy|rng_init,"memcpy_Device-to-Host|memcpy_Host-to-Device|void at::native::<unnamed>::distribution_elementwise_grid_stride_kernel<float, (|void at::native::vectorized_elementwise_kernel<(int)8, at::native::BUnaryFunctor"
react_moa_mcts,measured,0,mcts-actor1,,call_overhead,,gap_before_operator,,,200606,7070,193536,2,2,11569,13935715,elementwise_binary|memcpy|rng_init,"memcpy_Device-to-Host|memcpy_Host-to-Device|void at::native::<unnamed>::distribution_elementwise_grid_stride_kernel<float, (|void at::native::vectorized_elementwise_kernel<(int)8, at::native::BUnaryFunctor"
react_moa_mcts,measured,0,moa-reduce,,call_overhead,,gap_before_operator,,,189729,7070,182659,2,2,10702,13840723,elementwise_binary|memcpy|rng_init,"memcpy_Device-to-Host|memcpy_Host-to-Device|void at::native::<unnamed>::distribution_elementwise_grid_stride_kernel<float, (|void at::native::vectorized_elementwise_kernel<(int)8, at::native::BUnaryFunctor"
react_moa_mcts,measured,0,react-answer,,call_overhead,,gap_before_operator,,,167045,6686,160359,2,2,10854,11659025,elementwise_binary|memcpy|rng_init,"memcpy_Device-to-Host|memcpy_Host-to-Device|void at::native::<unnamed>::distribution_elementwise_grid_stride_kernel<float, (|void at::native::vectorized_elementwise_kernel<(int)8, at::native::BUnaryFunctor"
react_moa_mcts,measured,0,mcts-critic,,call_overhead,,gap_before_operator,,,257655,6943,250712,2,3,10498,14957408,elementwise_binary|memcpy|rng_init,"memcpy_Device-to-Host|memcpy_Host-to-Device|void at::native::<unnamed>::distribution_elementwise_grid_stride_kernel<float, (|void at::native::vectorized_elementwise_kernel<(int)8, at::native::BUnaryFunctor"
react_moa_mcts,measured,0,react-plan,6,RMSNormOp,ve,nvtx_operator_range,245420,3978598102,16125,16125,0,7,0,8606,124556,copy|elementwise_binary|elementwise_unary|reduce,"void at::native::unrolled_elementwise_kernel<at::native::direct_copy_kernel_cuda|void at::native::vectorized_elementwise_kernel<(int)4, void at::native::<unnamed|void at::native::reduce_kernel<(int)512, (int)1, at::native::ReduceOp<float, at:|void at::native::vectorized_elementwise_kernel<(int)4, at::native::CUDAFunctorOn|void at::native::vectorized_elementwise_kernel<(int)4, at::native::rsqrt_kernel_|void at::native::elementwise_kernel<(int)128, (int)2, void at::native::gpu_kerne|void at::native::vectorized_elementwise_kernel<(int)8, at::native::float16_copy_"
react_moa_mcts,measured,0,react-plan,7,AddOp,ve,nvtx_operator_range,96718,3978852694,1439,1439,0,1,0,8875,1439,elementwise_binary,"void at::native::vectorized_elementwise_kernel<(int)8, at::native::CUDAFunctorOn"
react_moa_mcts,measured,0,react-plan,8,RMSNormOp,ve,nvtx_operator_range,230676,3978956763,15135,15135,0,7,0,8571,128012,copy|elementwise_binary|elementwise_unary|reduce,"void at::native::unrolled_elementwise_kernel<at::native::direct_copy_kernel_cuda|void at::native::vectorized_elementwise_kernel<(int)4, void at::native::<unnamed|void at::native::reduce_kernel<(int)512, (int)1, at::native::ReduceOp<float, at:|void at::native::vectorized_elementwise_kernel<(int)4, at::native::CUDAFunctorOn|void at::native::vectorized_elementwise_kernel<(int)4, at::native::rsqrt_kernel_|void at::native::elementwise_kernel<(int)128, (int)2, void at::native::gpu_kerne|void at::native::vectorized_elementwise_kernel<(int)8, at::native::float16_copy_"
react_moa_mcts,measured,0,react-plan,10,LinearOp,me,nvtx_operator_range,169479,3979195695,12926,12510,416,1,1,17527,21789,gemm|memset,memset|void cutlass::Kernel2<cutlass_80_tensorop_f16_s16816gemm_relu_f16_64x64_32x6_nn_
react_moa_mcts,measured,0,react-plan,11,LinearOp,me,nvtx_operator_range,115989,3979372798,12702,12254,448,1,1,6904,20381,gemm|memset,memset|void cutlass::Kernel2<cutlass_80_tensorop_f16_s16816gemm_relu_f16_64x64_32x6_nn_
react_moa_mcts,measured,0,react-plan,12,LinearOp,me,nvtx_operator_range,107711,3979495996,12638,12222,416,1,1,6562,20541,gemm|memset,memset|void cutlass::Kernel2<cutlass_80_tensorop_f16_s16816gemm_relu_f16_64x64_32x6_nn_
react_moa_mcts,measured,0,react-plan,13,ViewOp,de,nvtx_operator_range,68811,3979611092,0,0,0,0,0,,,,
react_moa_mcts,measured,0,react-plan,14,TransposeOp,de,nvtx_operator_range,117606,3979686043,9406,9406,0,1,0,10814,9406,copy,"void at::native::elementwise_kernel<(int)128, (int)4, void at::native::gpu_kerne"
react_moa_mcts,measured,0,moa-map0,6,RMSNormOp,ve,nvtx_operator_range,249959,3993702453,19260,19260,0,7,0,8883,123532,copy|elementwise_binary|elementwise_unary|reduce,"void at::native::unrolled_elementwise_kernel<at::native::direct_copy_kernel_cuda|void at::native::vectorized_elementwise_kernel<(int)4, void at::native::<unnamed|void at::native::reduce_kernel<(int)512, (int)1, at::native::ReduceOp<float, at:|void at::native::vectorized_elementwise_kernel<(int)4, at::native::CUDAFunctorOn|void at::native::vectorized_elementwise_kernel<(int)4, at::native::rsqrt_kernel_|void at::native::elementwise_kernel<(int)128, (int)2, void at::native::gpu_kerne|void at::native::vectorized_elementwise_kernel<(int)8, at::native::float16_copy_"
react_moa_mcts,measured,0,moa-map0,7,AddOp,ve,nvtx_operator_range,107957,3993962233,2079,2079,0,1,0,8427,2079,elementwise_binary,"void at::native::vectorized_elementwise_kernel<(int)8, at::native::CUDAFunctorOn"
react_moa_mcts,measured,0,moa-map0,8,RMSNormOp,ve,nvtx_operator_range,216298,3994077474,19071,19071,0,7,0,9043,114542,copy|elementwise_binary|elementwise_unary|reduce,"void at::native::unrolled_elementwise_kernel<at::native::direct_copy_kernel_cuda|void at::native::vectorized_elementwise_kernel<(int)4, void at::native::<unnamed|void at::native::reduce_kernel<(int)512, (int)1, at::native::ReduceOp<float, at:|void at::native::vectorized_elementwise_kernel<(int)4, at::native::CUDAFunctorOn|void at::native::vectorized_elementwise_kernel<(int)4, at::native::rsqrt_kernel_|void at::native::elementwise_kernel<(int)128, (int)2, void at::native::gpu_kerne|void at::native::vectorized_elementwise_kernel<(int)8, at::native::float16_copy_"
react_moa_mcts,measured,0,moa-map0,10,LinearOp,me,nvtx_operator_range,116623,3994301841,20029,20029,0,1,0,9812,20029,gemm,ampere_fp16_s1688gemm_fp16_128x64_sliced1x2_ldg8_f2f_nn
react_moa_mcts,measured,0,moa-map0,11,LinearOp,me,nvtx_operator_range,97503,3994425465,20061,20061,0,1,0,8747,20061,gemm,ampere_fp16_s1688gemm_fp16_128x64_sliced1x2_ldg8_f2f_nn
react_moa_mcts,measured,0,moa-map0,12,LinearOp,me,nvtx_operator_range,92712,3994529965,20061,20061,0,1,0,8065,20061,gemm,ampere_fp16_s1688gemm_fp16_128x64_sliced1x2_ldg8_f2f_nn
react_moa_mcts,measured,0,moa-map0,13,ViewOp,de,nvtx_operator_range,68107,3994630087,0,0,0,0,0,,,,
react_moa_mcts,measured,0,moa-map0,14,TransposeOp,de,nvtx_operator_range,113944,3994704066,12318,12318,0,1,0,10134,12318,copy,"void at::native::elementwise_kernel<(int)128, (int)4, void at::native::gpu_kerne"
react_moa_mcts,measured,0,moa-map1,6,RMSNormOp,ve,nvtx_operator_range,243606,4008726742,19484,19484,0,7,0,8306,124364,copy|elementwise_binary|elementwise_unary|reduce,"void at::native::unrolled_elementwise_kernel<at::native::direct_copy_kernel_cuda|void at::native::vectorized_elementwise_kernel<(int)4, void at::native::<unnamed|void at::native::reduce_kernel<(int)512, (int)1, at::native::ReduceOp<float, at:|void at::native::vectorized_elementwise_kernel<(int)4, at::native::CUDAFunctorOn|void at::native::vectorized_elementwise_kernel<(int)4, at::native::rsqrt_kernel_|void at::native::elementwise_kernel<(int)128, (int)2, void at::native::gpu_kerne|void at::native::vectorized_elementwise_kernel<(int)8, at::native::float16_copy_"
react_moa_mcts,measured,0,moa-map1,7,AddOp,ve,nvtx_operator_range,114335,4008980095,2047,2047,0,1,0,8599,2047,elementwise_binary,"void at::native::vectorized_elementwise_kernel<(int)8, at::native::CUDAFunctorOn"
react_moa_mcts,measured,0,moa-map1,8,RMSNormOp,ve,nvtx_operator_range,216563,4009102106,19100,19100,0,7,0,9266,115117,copy|elementwise_binary|elementwise_unary|reduce,"void at::native::unrolled_elementwise_kernel<at::native::direct_copy_kernel_cuda|void at::native::vectorized_elementwise_kernel<(int)4, void at::native::<unnamed|void at::native::reduce_kernel<(int)512, (int)1, at::native::ReduceOp<float, at:|void at::native::vectorized_elementwise_kernel<(int)4, at::native::CUDAFunctorOn|void at::native::vectorized_elementwise_kernel<(int)4, at::native::rsqrt_kernel_|void at::native::elementwise_kernel<(int)128, (int)2, void at::native::gpu_kerne|void at::native::vectorized_elementwise_kernel<(int)8, at::native::float16_copy_"
react_moa_mcts,measured,0,moa-map1,10,LinearOp,me,nvtx_operator_range,117269,4009326727,20221,20221,0,1,0,10138,20221,gemm,ampere_fp16_s1688gemm_fp16_128x64_sliced1x2_ldg8_f2f_nn
react_moa_mcts,measured,0,moa-map1,11,LinearOp,me,nvtx_operator_range,95648,4009450783,20189,20189,0,1,0,8245,20189,gemm,ampere_fp16_s1688gemm_fp16_128x64_sliced1x2_ldg8_f2f_nn
react_moa_mcts,measured,0,moa-map1,12,LinearOp,me,nvtx_operator_range,90724,4009552472,19901,19901,0,1,0,7983,19901,gemm,ampere_fp16_s1688gemm_fp16_128x64_sliced1x2_ldg8_f2f_nn
react_moa_mcts,measured,0,moa-map1,13,ViewOp,de,nvtx_operator_range,68001,4009650904,0,0,0,0,0,,,,
react_moa_mcts,measured,0,moa-map1,14,TransposeOp,de,nvtx_operator_range,113268,4009724843,12350,12350,0,1,0,9831,12350,copy,"void at::native::elementwise_kernel<(int)128, (int)4, void at::native::gpu_kerne"
react_moa_mcts,measured,0,moa-map2,6,RMSNormOp,ve,nvtx_operator_range,246731,4023746445,19356,19356,0,7,0,8931,128171,copy|elementwise_binary|elementwise_unary|reduce,"void at::native::unrolled_elementwise_kernel<at::native::direct_copy_kernel_cuda|void at::native::vectorized_elementwise_kernel<(int)4, void at::native::<unnamed|void at::native::reduce_kernel<(int)512, (int)1, at::native::ReduceOp<float, at:|void at::native::vectorized_elementwise_kernel<(int)4, at::native::CUDAFunctorOn|void at::native::vectorized_elementwise_kernel<(int)4, at::native::rsqrt_kernel_|void at::native::elementwise_kernel<(int)128, (int)2, void at::native::gpu_kerne|void at::native::vectorized_elementwise_kernel<(int)8, at::native::float16_copy_"
react_moa_mcts,measured,0,moa-map2,7,AddOp,ve,nvtx_operator_range,108368,4024003125,2080,2080,0,1,0,9153,2080,elementwise_binary,"void at::native::vectorized_elementwise_kernel<(int)8, at::native::CUDAFunctorOn"
react_moa_mcts,measured,0,moa-map2,8,RMSNormOp,ve,nvtx_operator_range,216179,4024118681,18814,18814,0,7,0,9150,114542,copy|elementwise_binary|elementwise_unary|reduce,"void at::native::unrolled_elementwise_kernel<at::native::direct_copy_kernel_cuda|void at::native::vectorized_elementwise_kernel<(int)4, void at::native::<unnamed|void at::native::reduce_kernel<(int)512, (int)1, at::native::ReduceOp<float, at:|void at::native::vectorized_elementwise_kernel<(int)4, at::native::CUDAFunctorOn|void at::native::vectorized_elementwise_kernel<(int)4, at::native::rsqrt_kernel_|void at::native::elementwise_kernel<(int)128, (int)2, void at::native::gpu_kerne|void at::native::vectorized_elementwise_kernel<(int)8, at::native::float16_copy_"
react_moa_mcts,measured,0,moa-map2,10,LinearOp,me,nvtx_operator_range,115921,4024342492,20061,20061,0,1,0,9839,20061,gemm,ampere_fp16_s1688gemm_fp16_128x64_sliced1x2_ldg8_f2f_nn
react_moa_mcts,measured,0,moa-map2,11,LinearOp,me,nvtx_operator_range,104992,4024465333,20284,20284,0,1,0,8226,20284,gemm,ampere_fp16_s1688gemm_fp16_128x64_sliced1x2_ldg8_f2f_nn
react_moa_mcts,measured,0,moa-map2,12,LinearOp,me,nvtx_operator_range,95130,4024577462,20092,20092,0,1,0,8502,20092,gemm,ampere_fp16_s1688gemm_fp16_128x64_sliced1x2_ldg8_f2f_nn
react_moa_mcts,measured,0,moa-map2,13,ViewOp,de,nvtx_operator_range,69561,4024680596,0,0,0,0,0,,,,
react_moa_mcts,measured,0,moa-map2,14,TransposeOp,de,nvtx_operator_range,113185,4024755762,12446,12446,0,1,0,10349,12446,copy,"void at::native::elementwise_kernel<(int)128, (int)4, void at::native::gpu_kerne"
react_moa_mcts,measured,0,mcts-root,6,RMSNormOp,ve,nvtx_operator_range,256659,4038795824,19422,19422,0,7,0,8630,122604,copy|elementwise_binary|elementwise_unary|reduce,"void at::native::unrolled_elementwise_kernel<at::native::direct_copy_kernel_cuda|void at::native::vectorized_elementwise_kernel<(int)4, void at::native::<unnamed|void at::native::reduce_kernel<(int)512, (int)1, at::native::ReduceOp<float, at:|void at::native::vectorized_elementwise_kernel<(int)4, at::native::CUDAFunctorOn|void at::native::vectorized_elementwise_kernel<(int)4, at::native::rsqrt_kernel_|void at::native::elementwise_kernel<(int)128, (int)2, void at::native::gpu_kerne|void at::native::vectorized_elementwise_kernel<(int)8, at::native::float16_copy_"
react_moa_mcts,measured,0,mcts-root,7,AddOp,ve,nvtx_operator_range,98183,4039061745,2079,2079,0,1,0,9469,2079,elementwise_binary,"void at::native::vectorized_elementwise_kernel<(int)8, at::native::CUDAFunctorOn"
react_moa_mcts,measured,0,mcts-root,8,RMSNormOp,ve,nvtx_operator_range,216436,4039166830,18940,18940,0,7,0,8800,115566,copy|elementwise_binary|elementwise_unary|reduce,"void at::native::unrolled_elementwise_kernel<at::native::direct_copy_kernel_cuda|void at::native::vectorized_elementwise_kernel<(int)4, void at::native::<unnamed|void at::native::reduce_kernel<(int)512, (int)1, at::native::ReduceOp<float, at:|void at::native::vectorized_elementwise_kernel<(int)4, at::native::CUDAFunctorOn|void at::native::vectorized_elementwise_kernel<(int)4, at::native::rsqrt_kernel_|void at::native::elementwise_kernel<(int)128, (int)2, void at::native::gpu_kerne|void at::native::vectorized_elementwise_kernel<(int)8, at::native::float16_copy_"
react_moa_mcts,measured,0,mcts-root,10,LinearOp,me,nvtx_operator_range,116925,4039390991,20189,20189,0,1,0,9533,20189,gemm,ampere_fp16_s1688gemm_fp16_128x64_sliced1x2_ldg8_f2f_nn
react_moa_mcts,measured,0,mcts-root,11,LinearOp,me,nvtx_operator_range,107181,4039514493,20125,20125,0,1,0,16544,20125,gemm,ampere_fp16_s1688gemm_fp16_128x64_sliced1x2_ldg8_f2f_nn
react_moa_mcts,measured,0,mcts-root,12,LinearOp,me,nvtx_operator_range,94921,4039628399,19837,19837,0,1,0,8273,19837,gemm,ampere_fp16_s1688gemm_fp16_128x64_sliced1x2_ldg8_f2f_nn
react_moa_mcts,measured,0,mcts-root,13,ViewOp,de,nvtx_operator_range,69336,4039731917,0,0,0,0,0,,,,
react_moa_mcts,measured,0,mcts-root,14,TransposeOp,de,nvtx_operator_range,118689,4039812560,12510,12510,0,1,0,10541,12510,copy,"void at::native::elementwise_kernel<(int)128, (int)4, void at::native::gpu_kerne"
react_moa_mcts,measured,0,mcts-actor0,6,RMSNormOp,ve,nvtx_operator_range,258860,4055794217,19261,19261,0,7,0,8476,121485,copy|elementwise_binary|elementwise_unary|reduce,"void at::native::unrolled_elementwise_kernel<at::native::direct_copy_kernel_cuda|void at::native::vectorized_elementwise_kernel<(int)4, void at::native::<unnamed|void at::native::reduce_kernel<(int)512, (int)1, at::native::ReduceOp<float, at:|void at::native::vectorized_elementwise_kernel<(int)4, at::native::CUDAFunctorOn|void at::native::vectorized_elementwise_kernel<(int)4, at::native::rsqrt_kernel_|void at::native::elementwise_kernel<(int)128, (int)2, void at::native::gpu_kerne|void at::native::vectorized_elementwise_kernel<(int)8, at::native::float16_copy_"
react_moa_mcts,measured,0,mcts-actor0,7,AddOp,ve,nvtx_operator_range,101863,4056068966,2048,2048,0,1,0,8664,2048,elementwise_binary,"void at::native::vectorized_elementwise_kernel<(int)8, at::native::CUDAFunctorOn"
react_moa_mcts,measured,0,mcts-actor0,8,RMSNormOp,ve,nvtx_operator_range,348748,4056177988,18940,18940,0,7,0,9126,116429,copy|elementwise_binary|elementwise_unary|reduce,"void at::native::unrolled_elementwise_kernel<at::native::direct_copy_kernel_cuda|void at::native::vectorized_elementwise_kernel<(int)4, void at::native::<unnamed|void at::native::reduce_kernel<(int)512, (int)1, at::native::ReduceOp<float, at:|void at::native::vectorized_elementwise_kernel<(int)4, at::native::CUDAFunctorOn|void at::native::vectorized_elementwise_kernel<(int)4, at::native::rsqrt_kernel_|void at::native::elementwise_kernel<(int)128, (int)2, void at::native::gpu_kerne|void at::native::vectorized_elementwise_kernel<(int)8, at::native::float16_copy_"
react_moa_mcts,measured,0,mcts-actor0,10,LinearOp,me,nvtx_operator_range,118006,4056535357,20061,20061,0,1,0,10822,20061,gemm,ampere_fp16_s1688gemm_fp16_128x64_sliced1x2_ldg8_f2f_nn
react_moa_mcts,measured,0,mcts-actor0,11,LinearOp,me,nvtx_operator_range,94793,4056660730,20156,20156,0,1,0,7989,20156,gemm,ampere_fp16_s1688gemm_fp16_128x64_sliced1x2_ldg8_f2f_nn
react_moa_mcts,measured,0,mcts-actor0,12,LinearOp,me,nvtx_operator_range,91402,4056761760,19965,19965,0,1,0,7943,19965,gemm,ampere_fp16_s1688gemm_fp16_128x64_sliced1x2_ldg8_f2f_nn
react_moa_mcts,measured,0,mcts-actor0,13,ViewOp,de,nvtx_operator_range,68321,4056860732,0,0,0,0,0,,,,
react_moa_mcts,measured,0,mcts-actor0,14,TransposeOp,de,nvtx_operator_range,126660,4056934623,12158,12158,0,1,0,10262,12158,copy,"void at::native::elementwise_kernel<(int)128, (int)4, void at::native::gpu_kerne"
react_moa_mcts,measured,0,mcts-actor1,6,RMSNormOp,ve,nvtx_operator_range,253187,4071031692,19326,19326,0,7,0,8748,123373,copy|elementwise_binary|elementwise_unary|reduce,"void at::native::unrolled_elementwise_kernel<at::native::direct_copy_kernel_cuda|void at::native::vectorized_elementwise_kernel<(int)4, void at::native::<unnamed|void at::native::reduce_kernel<(int)512, (int)1, at::native::ReduceOp<float, at:|void at::native::vectorized_elementwise_kernel<(int)4, at::native::CUDAFunctorOn|void at::native::vectorized_elementwise_kernel<(int)4, at::native::rsqrt_kernel_|void at::native::elementwise_kernel<(int)128, (int)2, void at::native::gpu_kerne|void at::native::vectorized_elementwise_kernel<(int)8, at::native::float16_copy_"
react_moa_mcts,measured,0,mcts-actor1,7,AddOp,ve,nvtx_operator_range,97384,4071294523,2080,2080,0,1,0,8574,2080,elementwise_binary,"void at::native::vectorized_elementwise_kernel<(int)8, at::native::CUDAFunctorOn"
react_moa_mcts,measured,0,mcts-actor1,8,RMSNormOp,ve,nvtx_operator_range,204742,4071399280,19068,19068,0,7,0,8338,107726,copy|elementwise_binary|elementwise_unary|reduce,"void at::native::unrolled_elementwise_kernel<at::native::direct_copy_kernel_cuda|void at::native::vectorized_elementwise_kernel<(int)4, void at::native::<unnamed|void at::native::reduce_kernel<(int)512, (int)1, at::native::ReduceOp<float, at:|void at::native::vectorized_elementwise_kernel<(int)4, at::native::CUDAFunctorOn|void at::native::vectorized_elementwise_kernel<(int)4, at::native::rsqrt_kernel_|void at::native::elementwise_kernel<(int)128, (int)2, void at::native::gpu_kerne|void at::native::vectorized_elementwise_kernel<(int)8, at::native::float16_copy_"
react_moa_mcts,measured,0,mcts-actor1,10,LinearOp,me,nvtx_operator_range,111500,4071611518,20189,20189,0,1,0,9297,20189,gemm,ampere_fp16_s1688gemm_fp16_128x64_sliced1x2_ldg8_f2f_nn
react_moa_mcts,measured,0,mcts-actor1,11,LinearOp,me,nvtx_operator_range,96119,4071730066,20157,20157,0,1,0,8227,20157,gemm,ampere_fp16_s1688gemm_fp16_128x64_sliced1x2_ldg8_f2f_nn
react_moa_mcts,measured,0,mcts-actor1,12,LinearOp,me,nvtx_operator_range,93610,4071832807,20093,20093,0,1,0,7968,20093,gemm,ampere_fp16_s1688gemm_fp16_128x64_sliced1x2_ldg8_f2f_nn
react_moa_mcts,measured,0,mcts-actor1,13,ViewOp,de,nvtx_operator_range,67424,4071932943,0,0,0,0,0,,,,
react_moa_mcts,measured,0,mcts-actor1,14,TransposeOp,de,nvtx_operator_range,126059,4072006486,12478,12478,0,1,0,10590,12478,copy,"void at::native::elementwise_kernel<(int)128, (int)4, void at::native::gpu_kerne"
react_moa_mcts,measured,0,moa-reduce,6,RMSNormOp,ve,nvtx_operator_range,241325,4086046594,19196,19196,0,7,0,8515,119084,copy|elementwise_binary|elementwise_unary|reduce,"void at::native::unrolled_elementwise_kernel<at::native::direct_copy_kernel_cuda|void at::native::vectorized_elementwise_kernel<(int)4, void at::native::<unnamed|void at::native::reduce_kernel<(int)512, (int)1, at::native::ReduceOp<float, at:|void at::native::vectorized_elementwise_kernel<(int)4, at::native::CUDAFunctorOn|void at::native::vectorized_elementwise_kernel<(int)4, at::native::rsqrt_kernel_|void at::native::elementwise_kernel<(int)128, (int)2, void at::native::gpu_kerne|void at::native::vectorized_elementwise_kernel<(int)8, at::native::float16_copy_"
react_moa_mcts,measured,0,moa-reduce,7,AddOp,ve,nvtx_operator_range,99122,4086303163,2080,2080,0,1,0,9402,2080,elementwise_binary,"void at::native::vectorized_elementwise_kernel<(int)8, at::native::CUDAFunctorOn"
react_moa_mcts,measured,0,moa-reduce,8,RMSNormOp,ve,nvtx_operator_range,228365,4086408866,19006,19006,0,7,0,8830,123116,copy|elementwise_binary|elementwise_unary|reduce,"void at::native::unrolled_elementwise_kernel<at::native::direct_copy_kernel_cuda|void at::native::vectorized_elementwise_kernel<(int)4, void at::native::<unnamed|void at::native::reduce_kernel<(int)512, (int)1, at::native::ReduceOp<float, at:|void at::native::vectorized_elementwise_kernel<(int)4, at::native::CUDAFunctorOn|void at::native::vectorized_elementwise_kernel<(int)4, at::native::rsqrt_kernel_|void at::native::elementwise_kernel<(int)128, (int)2, void at::native::gpu_kerne|void at::native::vectorized_elementwise_kernel<(int)8, at::native::float16_copy_"
react_moa_mcts,measured,0,moa-reduce,10,LinearOp,me,nvtx_operator_range,115084,4086645757,20061,20061,0,1,0,9165,20061,gemm,ampere_fp16_s1688gemm_fp16_128x64_sliced1x2_ldg8_f2f_nn
react_moa_mcts,measured,0,moa-reduce,11,LinearOp,me,nvtx_operator_range,95030,4086767380,20029,20029,0,1,0,8032,20029,gemm,ampere_fp16_s1688gemm_fp16_128x64_sliced1x2_ldg8_f2f_nn
react_moa_mcts,measured,0,moa-reduce,12,LinearOp,me,nvtx_operator_range,91149,4086868871,20029,20029,0,1,0,7888,20029,gemm,ampere_fp16_s1688gemm_fp16_128x64_sliced1x2_ldg8_f2f_nn
react_moa_mcts,measured,0,moa-reduce,13,ViewOp,de,nvtx_operator_range,76372,4086967587,0,0,0,0,0,,,,
react_moa_mcts,measured,0,moa-reduce,14,TransposeOp,de,nvtx_operator_range,112987,4087050165,12254,12254,0,1,0,10480,12254,copy,"void at::native::elementwise_kernel<(int)128, (int)4, void at::native::gpu_kerne"
react_moa_mcts,measured,0,react-answer,6,RMSNormOp,ve,nvtx_operator_range,240726,4098887495,17790,17790,0,7,0,8042,125484,copy|elementwise_binary|elementwise_unary|reduce,"void at::native::unrolled_elementwise_kernel<at::native::direct_copy_kernel_cuda|void at::native::vectorized_elementwise_kernel<(int)4, void at::native::<unnamed|void at::native::reduce_kernel<(int)512, (int)1, at::native::ReduceOp<float, at:|void at::native::vectorized_elementwise_kernel<(int)4, at::native::CUDAFunctorOn|void at::native::vectorized_elementwise_kernel<(int)4, at::native::rsqrt_kernel_|void at::native::elementwise_kernel<(int)128, (int)2, void at::native::gpu_kerne|void at::native::vectorized_elementwise_kernel<(int)8, at::native::float16_copy_"
react_moa_mcts,measured,0,react-answer,7,AddOp,ve,nvtx_operator_range,96661,4099137348,1727,1727,0,1,0,8295,1727,elementwise_binary,"void at::native::vectorized_elementwise_kernel<(int)8, at::native::CUDAFunctorOn"
react_moa_mcts,measured,0,react-answer,8,RMSNormOp,ve,nvtx_operator_range,216803,4099241495,17501,17501,0,7,0,8286,109039,copy|elementwise_binary|elementwise_unary|reduce,"void at::native::unrolled_elementwise_kernel<at::native::direct_copy_kernel_cuda|void at::native::vectorized_elementwise_kernel<(int)4, void at::native::<unnamed|void at::native::reduce_kernel<(int)512, (int)1, at::native::ReduceOp<float, at:|void at::native::vectorized_elementwise_kernel<(int)4, at::native::CUDAFunctorOn|void at::native::vectorized_elementwise_kernel<(int)4, at::native::rsqrt_kernel_|void at::native::elementwise_kernel<(int)128, (int)2, void at::native::gpu_kerne|void at::native::vectorized_elementwise_kernel<(int)8, at::native::float16_copy_"
react_moa_mcts,measured,0,react-answer,10,LinearOp,me,nvtx_operator_range,119435,4099466572,14653,14653,0,1,0,9925,14653,gemm,ampere_fp16_s16816gemm_fp16_128x64_ldg8_f2f_stages_32x6_nn
react_moa_mcts,measured,0,react-answer,11,LinearOp,me,nvtx_operator_range,103640,4099593600,14558,14558,0,1,0,8650,14558,gemm,ampere_fp16_s16816gemm_fp16_128x64_ldg8_f2f_stages_32x6_nn
react_moa_mcts,measured,0,react-answer,12,LinearOp,me,nvtx_operator_range,94128,4099703770,14494,14494,0,1,0,8350,14494,gemm,ampere_fp16_s16816gemm_fp16_128x64_ldg8_f2f_stages_32x6_nn
react_moa_mcts,measured,0,react-answer,13,ViewOp,de,nvtx_operator_range,68850,4099805740,0,0,0,0,0,,,,
react_moa_mcts,measured,0,react-answer,14,TransposeOp,de,nvtx_operator_range,111886,4099880596,12094,12094,0,1,0,9900,12094,copy,"void at::native::elementwise_kernel<(int)128, (int)4, void at::native::gpu_kerne"
react_moa_mcts,measured,0,mcts-critic,6,RMSNormOp,ve,nvtx_operator_range,232995,4113779381,19260,19260,0,7,0,8470,118637,copy|elementwise_binary|elementwise_unary|reduce,"void at::native::unrolled_elementwise_kernel<at::native::direct_copy_kernel_cuda|void at::native::vectorized_elementwise_kernel<(int)4, void at::native::<unnamed|void at::native::reduce_kernel<(int)512, (int)1, at::native::ReduceOp<float, at:|void at::native::vectorized_elementwise_kernel<(int)4, at::native::CUDAFunctorOn|void at::native::vectorized_elementwise_kernel<(int)4, at::native::rsqrt_kernel_|void at::native::elementwise_kernel<(int)128, (int)2, void at::native::gpu_kerne|void at::native::vectorized_elementwise_kernel<(int)8, at::native::float16_copy_"
react_moa_mcts,measured,0,mcts-critic,7,AddOp,ve,nvtx_operator_range,109142,4114027080,2048,2048,0,1,0,8883,2048,elementwise_binary,"void at::native::vectorized_elementwise_kernel<(int)8, at::native::CUDAFunctorOn"
react_moa_mcts,measured,0,mcts-critic,8,RMSNormOp,ve,nvtx_operator_range,216390,4114143217,19261,19261,0,7,0,8797,114734,copy|elementwise_binary|elementwise_unary|reduce,"void at::native::unrolled_elementwise_kernel<at::native::direct_copy_kernel_cuda|void at::native::vectorized_elementwise_kernel<(int)4, void at::native::<unnamed|void at::native::reduce_kernel<(int)512, (int)1, at::native::ReduceOp<float, at:|void at::native::vectorized_elementwise_kernel<(int)4, at::native::CUDAFunctorOn|void at::native::vectorized_elementwise_kernel<(int)4, at::native::rsqrt_kernel_|void at::native::elementwise_kernel<(int)128, (int)2, void at::native::gpu_kerne|void at::native::vectorized_elementwise_kernel<(int)8, at::native::float16_copy_"
react_moa_mcts,measured,0,mcts-critic,10,LinearOp,me,nvtx_operator_range,111374,4114367092,20125,20125,0,1,0,8969,20125,gemm,ampere_fp16_s1688gemm_fp16_128x64_sliced1x2_ldg8_f2f_nn
react_moa_mcts,measured,0,mcts-critic,11,LinearOp,me,nvtx_operator_range,94416,4114485027,19997,19997,0,1,0,7870,19997,gemm,ampere_fp16_s1688gemm_fp16_128x64_sliced1x2_ldg8_f2f_nn
react_moa_mcts,measured,0,mcts-critic,12,LinearOp,me,nvtx_operator_range,91200,4114586438,20029,20029,0,1,0,7697,20029,gemm,ampere_fp16_s1688gemm_fp16_128x64_sliced1x2_ldg8_f2f_nn
react_moa_mcts,measured,0,mcts-critic,13,ViewOp,de,nvtx_operator_range,66783,4114685339,0,0,0,0,0,,,,
react_moa_mcts,measured,0,mcts-critic,14,TransposeOp,de,nvtx_operator_range,108722,4114757976,12350,12350,0,1,0,9538,12350,copy,"void at::native::elementwise_kernel<(int)128, (int)4, void at::native::gpu_kerne"
react_moa_mcts,measured,1,react-plan,,call_overhead,,gap_before_operator,,,54967,4991,49976,2,1,11545,198336,elementwise_binary|memcpy|rng_init,"memcpy_Host-to-Device|void at::native::<unnamed>::distribution_elementwise_grid_stride_kernel<float, (|void at::native::vectorized_elementwise_kernel<(int)8, at::native::BUnaryFunctor"
react_moa_mcts,measured,1,moa-map0,,call_overhead,,gap_before_operator,,,149608,7071,142537,2,2,12222,13777917,elementwise_binary|memcpy|rng_init,"memcpy_Device-to-Host|memcpy_Host-to-Device|void at::native::<unnamed>::distribution_elementwise_grid_stride_kernel<float, (|void at::native::vectorized_elementwise_kernel<(int)8, at::native::BUnaryFunctor"
react_moa_mcts,measured,1,moa-map1,,call_overhead,,gap_before_operator,,,189985,7038,182947,2,2,10997,13868238,elementwise_binary|memcpy|rng_init,"memcpy_Device-to-Host|memcpy_Host-to-Device|void at::native::<unnamed>::distribution_elementwise_grid_stride_kernel<float, (|void at::native::vectorized_elementwise_kernel<(int)8, at::native::BUnaryFunctor"
react_moa_mcts,measured,1,moa-map2,,call_overhead,,gap_before_operator,,,191554,7103,184451,2,2,10214,13836724,elementwise_binary|memcpy|rng_init,"memcpy_Device-to-Host|memcpy_Host-to-Device|void at::native::<unnamed>::distribution_elementwise_grid_stride_kernel<float, (|void at::native::vectorized_elementwise_kernel<(int)8, at::native::BUnaryFunctor"
react_moa_mcts,measured,1,mcts-root,,call_overhead,,gap_before_operator,,,191522,6975,184547,2,2,10527,13841203,elementwise_binary|memcpy|rng_init,"memcpy_Device-to-Host|memcpy_Host-to-Device|void at::native::<unnamed>::distribution_elementwise_grid_stride_kernel<float, (|void at::native::vectorized_elementwise_kernel<(int)8, at::native::BUnaryFunctor"
react_moa_mcts,measured,1,mcts-actor0,,call_overhead,,gap_before_operator,,,193152,7070,186082,2,2,11186,16984026,elementwise_binary|memcpy|rng_init,"memcpy_Device-to-Host|memcpy_Host-to-Device|void at::native::<unnamed>::distribution_elementwise_grid_stride_kernel<float, (|void at::native::vectorized_elementwise_kernel<(int)8, at::native::BUnaryFunctor"
react_moa_mcts,measured,1,mcts-actor1,,call_overhead,,gap_before_operator,,,186946,7135,179811,2,2,10784,13758240,elementwise_binary|memcpy|rng_init,"memcpy_Device-to-Host|memcpy_Host-to-Device|void at::native::<unnamed>::distribution_elementwise_grid_stride_kernel<float, (|void at::native::vectorized_elementwise_kernel<(int)8, at::native::BUnaryFunctor"
react_moa_mcts,measured,1,moa-reduce,,call_overhead,,gap_before_operator,,,189024,7102,181922,2,2,10031,13771581,elementwise_binary|memcpy|rng_init,"memcpy_Device-to-Host|memcpy_Host-to-Device|void at::native::<unnamed>::distribution_elementwise_grid_stride_kernel<float, (|void at::native::vectorized_elementwise_kernel<(int)8, at::native::BUnaryFunctor"
react_moa_mcts,measured,1,react-answer,,call_overhead,,gap_before_operator,,,166886,6687,160199,2,2,10492,11731270,elementwise_binary|memcpy|rng_init,"memcpy_Device-to-Host|memcpy_Host-to-Device|void at::native::<unnamed>::distribution_elementwise_grid_stride_kernel<float, (|void at::native::vectorized_elementwise_kernel<(int)8, at::native::BUnaryFunctor"
react_moa_mcts,measured,1,mcts-critic,,call_overhead,,gap_before_operator,,,258646,7039,251607,2,3,10236,14944257,elementwise_binary|memcpy|rng_init,"memcpy_Device-to-Host|memcpy_Host-to-Device|void at::native::<unnamed>::distribution_elementwise_grid_stride_kernel<float, (|void at::native::vectorized_elementwise_kernel<(int)8, at::native::BUnaryFunctor"
react_moa_mcts,measured,1,react-plan,6,RMSNormOp,ve,nvtx_operator_range,244094,4124887110,16093,16093,0,7,0,8381,127883,copy|elementwise_binary|elementwise_unary|reduce,"void at::native::unrolled_elementwise_kernel<at::native::direct_copy_kernel_cuda|void at::native::vectorized_elementwise_kernel<(int)4, void at::native::<unnamed|void at::native::reduce_kernel<(int)512, (int)1, at::native::ReduceOp<float, at:|void at::native::vectorized_elementwise_kernel<(int)4, at::native::CUDAFunctorOn|void at::native::vectorized_elementwise_kernel<(int)4, at::native::rsqrt_kernel_|void at::native::elementwise_kernel<(int)128, (int)2, void at::native::gpu_kerne|void at::native::vectorized_elementwise_kernel<(int)8, at::native::float16_copy_"
react_moa_mcts,measured,1,react-plan,7,AddOp,ve,nvtx_operator_range,96258,4125141156,1439,1439,0,1,0,8483,1439,elementwise_binary,"void at::native::vectorized_elementwise_kernel<(int)8, at::native::CUDAFunctorOn"
react_moa_mcts,measured,1,react-plan,8,RMSNormOp,ve,nvtx_operator_range,210004,4125244593,15196,15196,0,7,0,8395,110958,copy|elementwise_binary|elementwise_unary|reduce,"void at::native::unrolled_elementwise_kernel<at::native::direct_copy_kernel_cuda|void at::native::vectorized_elementwise_kernel<(int)4, void at::native::<unnamed|void at::native::reduce_kernel<(int)512, (int)1, at::native::ReduceOp<float, at:|void at::native::vectorized_elementwise_kernel<(int)4, at::native::CUDAFunctorOn|void at::native::vectorized_elementwise_kernel<(int)4, at::native::rsqrt_kernel_|void at::native::elementwise_kernel<(int)128, (int)2, void at::native::gpu_kerne|void at::native::vectorized_elementwise_kernel<(int)8, at::native::float16_copy_"
react_moa_mcts,measured,1,react-plan,10,LinearOp,me,nvtx_operator_range,153578,4125462312,12958,12510,448,1,1,14714,20445,gemm|memset,memset|void cutlass::Kernel2<cutlass_80_tensorop_f16_s16816gemm_relu_f16_64x64_32x6_nn_
react_moa_mcts,measured,1,react-plan,11,LinearOp,me,nvtx_operator_range,109735,4125623527,12766,12318,448,1,1,6624,19261,gemm|memset,memset|void cutlass::Kernel2<cutlass_80_tensorop_f16_s16816gemm_relu_f16_64x64_32x6_nn_
react_moa_mcts,measured,1,react-plan,12,LinearOp,me,nvtx_operator_range,104643,4125741642,12766,12350,416,1,1,6409,19581,gemm|memset,memset|void cutlass::Kernel2<cutlass_80_tensorop_f16_s16816gemm_relu_f16_64x64_32x6_nn_
react_moa_mcts,measured,1,react-plan,13,ViewOp,de,nvtx_operator_range,66423,4125853269,0,0,0,0,0,,,,
react_moa_mcts,measured,1,react-plan,14,TransposeOp,de,nvtx_operator_range,117530,4125925523,9439,9439,0,1,0,9313,9439,copy,"void at::native::elementwise_kernel<(int)128, (int)4, void at::native::gpu_kerne"
react_moa_mcts,measured,1,moa-map0,6,RMSNormOp,ve,nvtx_operator_range,248469,4139858000,19324,19324,0,7,0,8751,127468,copy|elementwise_binary|elementwise_unary|reduce,"void at::native::unrolled_elementwise_kernel<at::native::direct_copy_kernel_cuda|void at::native::vectorized_elementwise_kernel<(int)4, void at::native::<unnamed|void at::native::reduce_kernel<(int)512, (int)1, at::native::ReduceOp<float, at:|void at::native::vectorized_elementwise_kernel<(int)4, at::native::CUDAFunctorOn|void at::native::vectorized_elementwise_kernel<(int)4, at::native::rsqrt_kernel_|void at::native::elementwise_kernel<(int)128, (int)2, void at::native::gpu_kerne|void at::native::vectorized_elementwise_kernel<(int)8, at::native::float16_copy_"
react_moa_mcts,measured,1,moa-map0,7,AddOp,ve,nvtx_operator_range,94063,4140115441,2080,2080,0,1,0,8607,2080,elementwise_binary,"void at::native::vectorized_elementwise_kernel<(int)8, at::native::CUDAFunctorOn"
react_moa_mcts,measured,1,moa-map0,8,RMSNormOp,ve,nvtx_operator_range,208065,4140216146,19262,19262,0,7,0,8167,110351,copy|elementwise_binary|elementwise_unary|reduce,"void at::native::unrolled_elementwise_kernel<at::native::direct_copy_kernel_cuda|void at::native::vectorized_elementwise_kernel<(int)4, void at::native::<unnamed|void at::native::reduce_kernel<(int)512, (int)1, at::native::ReduceOp<float, at:|void at::native::vectorized_elementwise_kernel<(int)4, at::native::CUDAFunctorOn|void at::native::vectorized_elementwise_kernel<(int)4, at::native::rsqrt_kernel_|void at::native::elementwise_kernel<(int)128, (int)2, void at::native::gpu_kerne|void at::native::vectorized_elementwise_kernel<(int)8, at::native::float16_copy_"
react_moa_mcts,measured,1,moa-map0,10,LinearOp,me,nvtx_operator_range,110825,4140431819,20124,20124,0,1,0,8972,20124,gemm,ampere_fp16_s1688gemm_fp16_128x64_sliced1x2_ldg8_f2f_nn
react_moa_mcts,measured,1,moa-map0,11,LinearOp,me,nvtx_operator_range,94924,4140549097,20157,20157,0,1,0,8242,20157,gemm,ampere_fp16_s1688gemm_fp16_128x64_sliced1x2_ldg8_f2f_nn
react_moa_mcts,measured,1,moa-map0,12,LinearOp,me,nvtx_operator_range,92178,4140650307,20061,20061,0,1,0,8001,20061,gemm,ampere_fp16_s1688gemm_fp16_128x64_sliced1x2_ldg8_f2f_nn
react_moa_mcts,measured,1,moa-map0,13,ViewOp,de,nvtx_operator_range,65667,4140750029,0,0,0,0,0,,,,
react_moa_mcts,measured,1,moa-map0,14,TransposeOp,de,nvtx_operator_range,110306,4140821369,12414,12414,0,1,0,9078,12414,copy,"void at::native::elementwise_kernel<(int)128, (int)4, void at::native::gpu_kerne"
react_moa_mcts,measured,1,moa-map1,6,RMSNormOp,ve,nvtx_operator_range,240017,4154835288,19420,19420,0,7,0,8058,117517,copy|elementwise_binary|elementwise_unary|reduce,"void at::native::unrolled_elementwise_kernel<at::native::direct_copy_kernel_cuda|void at::native::vectorized_elementwise_kernel<(int)4, void at::native::<unnamed|void at::native::reduce_kernel<(int)512, (int)1, at::native::ReduceOp<float, at:|void at::native::vectorized_elementwise_kernel<(int)4, at::native::CUDAFunctorOn|void at::native::vectorized_elementwise_kernel<(int)4, at::native::rsqrt_kernel_|void at::native::elementwise_kernel<(int)128, (int)2, void at::native::gpu_kerne|void at::native::vectorized_elementwise_kernel<(int)8, at::native::float16_copy_"
react_moa_mcts,measured,1,moa-map1,7,AddOp,ve,nvtx_operator_range,97510,4155084124,2112,2112,0,1,0,8624,2112,elementwise_binary,"void at::native::vectorized_elementwise_kernel<(int)8, at::native::CUDAFunctorOn"
react_moa_mcts,measured,1,moa-map1,8,RMSNormOp,ve,nvtx_operator_range,207604,4155188390,19231,19231,0,7,0,8423,109934,copy|elementwise_binary|elementwise_unary|reduce,"void at::native::unrolled_elementwise_kernel<at::native::direct_copy_kernel_cuda|void at::native::vectorized_elementwise_kernel<(int)4, void at::native::<unnamed|void at::native::reduce_kernel<(int)512, (int)1, at::native::ReduceOp<float, at:|void at::native::vectorized_elementwise_kernel<(int)4, at::native::CUDAFunctorOn|void at::native::vectorized_elementwise_kernel<(int)4, at::native::rsqrt_kernel_|void at::native::elementwise_kernel<(int)128, (int)2, void at::native::gpu_kerne|void at::native::vectorized_elementwise_kernel<(int)8, at::native::float16_copy_"
react_moa_mcts,measured,1,moa-map1,10,LinearOp,me,nvtx_operator_range,110353,4155403752,20412,20412,0,1,0,9128,20412,gemm,ampere_fp16_s1688gemm_fp16_128x64_sliced1x2_ldg8_f2f_nn
react_moa_mcts,measured,1,moa-map1,11,LinearOp,me,nvtx_operator_range,94355,4155520892,20125,20125,0,1,0,7860,20125,gemm,ampere_fp16_s1688gemm_fp16_128x64_sliced1x2_ldg8_f2f_nn
react_moa_mcts,measured,1,moa-map1,12,LinearOp,me,nvtx_operator_range,90363,4155621730,20125,20125,0,1,0,7848,20125,gemm,ampere_fp16_s1688gemm_fp16_128x64_sliced1x2_ldg8_f2f_nn
react_moa_mcts,measured,1,moa-map1,13,ViewOp,de,nvtx_operator_range,67480,4155726328,0,0,0,0,0,,,,
react_moa_mcts,measured,1,moa-map1,14,TransposeOp,de,nvtx_operator_range,110895,4155801380,12222,12222,0,1,0,9784,12222,copy,"void at::native::elementwise_kernel<(int)128, (int)4, void at::native::gpu_kerne"
react_moa_mcts,measured,1,moa-map2,6,RMSNormOp,ve,nvtx_operator_range,230678,4169774814,19358,19358,0,7,0,8393,117197,copy|elementwise_binary|elementwise_unary|reduce,"void at::native::unrolled_elementwise_kernel<at::native::direct_copy_kernel_cuda|void at::native::vectorized_elementwise_kernel<(int)4, void at::native::<unnamed|void at::native::reduce_kernel<(int)512, (int)1, at::native::ReduceOp<float, at:|void at::native::vectorized_elementwise_kernel<(int)4, at::native::CUDAFunctorOn|void at::native::vectorized_elementwise_kernel<(int)4, at::native::rsqrt_kernel_|void at::native::elementwise_kernel<(int)128, (int)2, void at::native::gpu_kerne|void at::native::vectorized_elementwise_kernel<(int)8, at::native::float16_copy_"
react_moa_mcts,measured,1,moa-map2,7,AddOp,ve,nvtx_operator_range,112129,4170013889,2111,2111,0,1,0,8738,2111,elementwise_binary,"void at::native::vectorized_elementwise_kernel<(int)8, at::native::CUDAFunctorOn"
react_moa_mcts,measured,1,moa-map2,8,RMSNormOp,ve,nvtx_operator_range,209008,4170133339,19131,19131,0,7,0,8662,110030,copy|elementwise_binary|elementwise_unary|reduce,"void at::native::unrolled_elementwise_kernel<at::native::direct_copy_kernel_cuda|void at::native::vectorized_elementwise_kernel<(int)4, void at::native::<unnamed|void at::native::reduce_kernel<(int)512, (int)1, at::native::ReduceOp<float, at:|void at::native::vectorized_elementwise_kernel<(int)4, at::native::CUDAFunctorOn|void at::native::vectorized_elementwise_kernel<(int)4, at::native::rsqrt_kernel_|void at::native::elementwise_kernel<(int)128, (int)2, void at::native::gpu_kerne|void at::native::vectorized_elementwise_kernel<(int)8, at::native::float16_copy_"
react_moa_mcts,measured,1,moa-map2,10,LinearOp,me,nvtx_operator_range,109730,4170349828,20029,20029,0,1,0,8952,20029,gemm,ampere_fp16_s1688gemm_fp16_128x64_sliced1x2_ldg8_f2f_nn
react_moa_mcts,measured,1,moa-map2,11,LinearOp,me,nvtx_operator_range,93750,4170466556,19996,19996,0,1,0,7992,19996,gemm,ampere_fp16_s1688gemm_fp16_128x64_sliced1x2_ldg8_f2f_nn
react_moa_mcts,measured,1,moa-map2,12,LinearOp,me,nvtx_operator_range,92356,4170566952,19965,19965,0,1,0,8276,19965,gemm,ampere_fp16_s1688gemm_fp16_128x64_sliced1x2_ldg8_f2f_nn
react_moa_mcts,measured,1,moa-map2,13,ViewOp,de,nvtx_operator_range,66185,4170667021,0,0,0,0,0,,,,
react_moa_mcts,measured,1,moa-map2,14,TransposeOp,de,nvtx_operator_range,109752,4170739117,12830,12830,0,1,0,9430,12830,copy,"void at::native::elementwise_kernel<(int)128, (int)4, void at::native::gpu_kerne"
react_moa_mcts,measured,1,mcts-root,6,RMSNormOp,ve,nvtx_operator_range,365233,4184718167,19486,19486,0,7,0,9640,124620,copy|elementwise_binary|elementwise_unary|reduce,"void at::native::unrolled_elementwise_kernel<at::native::direct_copy_kernel_cuda|void at::native::vectorized_elementwise_kernel<(int)4, void at::native::<unnamed|void at::native::reduce_kernel<(int)512, (int)1, at::native::ReduceOp<float, at:|void at::native::vectorized_elementwise_kernel<(int)4, at::native::CUDAFunctorOn|void at::native::vectorized_elementwise_kernel<(int)4, at::native::rsqrt_kernel_|void at::native::elementwise_kernel<(int)128, (int)2, void at::native::gpu_kerne|void at::native::vectorized_elementwise_kernel<(int)8, at::native::float16_copy_"
react_moa_mcts,measured,1,mcts-root,7,AddOp,ve,nvtx_operator_range,99861,4185093888,2080,2080,0,1,0,8786,2080,elementwise_binary,"void at::native::vectorized_elementwise_kernel<(int)8, at::native::CUDAFunctorOn"
react_moa_mcts,measured,1,mcts-root,8,RMSNormOp,ve,nvtx_operator_range,214602,4185201281,18877,18877,0,7,0,9153,112014,copy|elementwise_binary|elementwise_unary|reduce,"void at::native::unrolled_elementwise_kernel<at::native::direct_copy_kernel_cuda|void at::native::vectorized_elementwise_kernel<(int)4, void at::native::<unnamed|void at::native::reduce_kernel<(int)512, (int)1, at::native::ReduceOp<float, at:|void at::native::vectorized_elementwise_kernel<(int)4, at::native::CUDAFunctorOn|void at::native::vectorized_elementwise_kernel<(int)4, at::native::rsqrt_kernel_|void at::native::elementwise_kernel<(int)128, (int)2, void at::native::gpu_kerne|void at::native::vectorized_elementwise_kernel<(int)8, at::native::float16_copy_"
react_moa_mcts,measured,1,mcts-root,10,LinearOp,me,nvtx_operator_range,117112,4185423797,20061,20061,0,1,0,10102,20061,gemm,ampere_fp16_s1688gemm_fp16_128x64_sliced1x2_ldg8_f2f_nn
react_moa_mcts,measured,1,mcts-root,11,LinearOp,me,nvtx_operator_range,94770,4185547618,20189,20189,0,1,0,8212,20189,gemm,ampere_fp16_s1688gemm_fp16_128x64_sliced1x2_ldg8_f2f_nn
react_moa_mcts,measured,1,mcts-root,12,LinearOp,me,nvtx_operator_range,92763,4185648409,20125,20125,0,1,0,8250,20125,gemm,ampere_fp16_s1688gemm_fp16_128x64_sliced1x2_ldg8_f2f_nn
react_moa_mcts,measured,1,mcts-root,13,ViewOp,de,nvtx_operator_range,66588,4185747890,0,0,0,0,0,,,,
react_moa_mcts,measured,1,mcts-root,14,TransposeOp,de,nvtx_operator_range,111818,4185820998,12190,12190,0,1,0,9742,12190,copy,"void at::native::elementwise_kernel<(int)128, (int)4, void at::native::gpu_kerne"
react_moa_mcts,measured,1,mcts-actor0,6,RMSNormOp,ve,nvtx_operator_range,248454,4202948750,19390,19390,0,7,0,8237,131339,copy|elementwise_binary|elementwise_unary|reduce,"void at::native::unrolled_elementwise_kernel<at::native::direct_copy_kernel_cuda|void at::native::vectorized_elementwise_kernel<(int)4, void at::native::<unnamed|void at::native::reduce_kernel<(int)512, (int)1, at::native::ReduceOp<float, at:|void at::native::vectorized_elementwise_kernel<(int)4, at::native::CUDAFunctorOn|void at::native::vectorized_elementwise_kernel<(int)4, at::native::rsqrt_kernel_|void at::native::elementwise_kernel<(int)128, (int)2, void at::native::gpu_kerne|void at::native::vectorized_elementwise_kernel<(int)8, at::native::float16_copy_"
react_moa_mcts,measured,1,mcts-actor0,7,AddOp,ve,nvtx_operator_range,96541,4203206807,2112,2112,0,1,0,8558,2112,elementwise_binary,"void at::native::vectorized_elementwise_kernel<(int)8, at::native::CUDAFunctorOn"
react_moa_mcts,measured,1,mcts-actor0,8,RMSNormOp,ve,nvtx_operator_range,213273,4203310744,19071,19071,0,7,0,8571,109454,copy|elementwise_binary|elementwise_unary|reduce,"void at::native::unrolled_elementwise_kernel<at::native::direct_copy_kernel_cuda|void at::native::vectorized_elementwise_kernel<(int)4, void at::native::<unnamed|void at::native::reduce_kernel<(int)512, (int)1, at::native::ReduceOp<float, at:|void at::native::vectorized_elementwise_kernel<(int)4, at::native::CUDAFunctorOn|void at::native::vectorized_elementwise_kernel<(int)4, at::native::rsqrt_kernel_|void at::native::elementwise_kernel<(int)128, (int)2, void at::native::gpu_kerne|void at::native::vectorized_elementwise_kernel<(int)8, at::native::float16_copy_"
react_moa_mcts,measured,1,mcts-actor0,10,LinearOp,me,nvtx_operator_range,117438,4203532052,20189,20189,0,1,0,9687,20189,gemm,ampere_fp16_s1688gemm_fp16_128x64_sliced1x2_ldg8_f2f_nn
react_moa_mcts,measured,1,mcts-actor0,11,LinearOp,me,nvtx_operator_range,102324,4203656541,20093,20093,0,1,0,13285,20093,gemm,ampere_fp16_s1688gemm_fp16_128x64_sliced1x2_ldg8_f2f_nn
react_moa_mcts,measured,1,mcts-actor0,12,LinearOp,me,nvtx_operator_range,92718,4203765300,19805,19805,0,1,0,8075,19805,gemm,ampere_fp16_s1688gemm_fp16_128x64_sliced1x2_ldg8_f2f_nn
react_moa_mcts,measured,1,mcts-actor0,13,ViewOp,de,nvtx_operator_range,68010,4203864656,0,0,0,0,0,,,,
react_moa_mcts,measured,1,mcts-actor0,14,TransposeOp,de,nvtx_operator_range,120778,4203938300,12190,12190,0,1,0,9641,12190,copy,"void at::native::elementwise_kernel<(int)128, (int)4, void at::native::gpu_kerne"
react_moa_mcts,measured,1,mcts-actor1,6,RMSNormOp,ve,nvtx_operator_range,241584,4217883557,19293,19293,0,7,0,8095,126796,copy|elementwise_binary|elementwise_unary|reduce,"void at::native::unrolled_elementwise_kernel<at::native::direct_copy_kernel_cuda|void at::native::vectorized_elementwise_kernel<(int)4, void at::native::<unnamed|void at::native::reduce_kernel<(int)512, (int)1, at::native::ReduceOp<float, at:|void at::native::vectorized_elementwise_kernel<(int)4, at::native::CUDAFunctorOn|void at::native::vectorized_elementwise_kernel<(int)4, at::native::rsqrt_kernel_|void at::native::elementwise_kernel<(int)128, (int)2, void at::native::gpu_kerne|void at::native::vectorized_elementwise_kernel<(int)8, at::native::float16_copy_"
react_moa_mcts,measured,1,mcts-actor1,7,AddOp,ve,nvtx_operator_range,96103,4218134677,1984,1984,0,1,0,8222,1984,elementwise_binary,"void at::native::vectorized_elementwise_kernel<(int)8, at::native::CUDAFunctorOn"
react_moa_mcts,measured,1,mcts-actor1,8,RMSNormOp,ve,nvtx_operator_range,259224,4218237645,83315,83315,0,7,0,11798,157735,copy|elementwise_binary|elementwise_unary|reduce,"void at::native::unrolled_elementwise_kernel<at::native::direct_copy_kernel_cuda|void at::native::vectorized_elementwise_kernel<(int)4, void at::native::<unnamed|void at::native::reduce_kernel<(int)512, (int)1, at::native::ReduceOp<float, at:|void at::native::vectorized_elementwise_kernel<(int)4, at::native::CUDAFunctorOn|void at::native::vectorized_elementwise_kernel<(int)4, at::native::rsqrt_kernel_|void at::native::elementwise_kernel<(int)128, (int)2, void at::native::gpu_kerne|void at::native::vectorized_elementwise_kernel<(int)8, at::native::float16_copy_"
react_moa_mcts,measured,1,mcts-actor1,10,LinearOp,me,nvtx_operator_range,241556,4218504693,20157,20157,0,1,0,144352,20157,gemm,ampere_fp16_s1688gemm_fp16_128x64_sliced1x2_ldg8_f2f_nn
react_moa_mcts,measured,1,mcts-actor1,11,LinearOp,me,nvtx_operator_range,96990,4218753636,20093,20093,0,1,0,8320,20093,gemm,ampere_fp16_s1688gemm_fp16_128x64_sliced1x2_ldg8_f2f_nn
react_moa_mcts,measured,1,mcts-actor1,12,LinearOp,me,nvtx_operator_range,93225,4218858209,19996,19996,0,1,0,8279,19996,gemm,ampere_fp16_s1688gemm_fp16_128x64_sliced1x2_ldg8_f2f_nn
react_moa_mcts,measured,1,mcts-actor1,13,ViewOp,de,nvtx_operator_range,67879,4218957965,0,0,0,0,0,,,,
react_moa_mcts,measured,1,mcts-actor1,14,TransposeOp,de,nvtx_operator_range,124188,4219031541,12478,12478,0,1,0,10540,12478,copy,"void at::native::elementwise_kernel<(int)128, (int)4, void at::native::gpu_kerne"
react_moa_mcts,measured,1,moa-reduce,6,RMSNormOp,ve,nvtx_operator_range,245704,4232990977,19388,19388,0,7,0,8615,117037,copy|elementwise_binary|elementwise_unary|reduce,"void at::native::unrolled_elementwise_kernel<at::native::direct_copy_kernel_cuda|void at::native::vectorized_elementwise_kernel<(int)4, void at::native::<unnamed|void at::native::reduce_kernel<(int)512, (int)1, at::native::ReduceOp<float, at:|void at::native::vectorized_elementwise_kernel<(int)4, at::native::CUDAFunctorOn|void at::native::vectorized_elementwise_kernel<(int)4, at::native::rsqrt_kernel_|void at::native::elementwise_kernel<(int)128, (int)2, void at::native::gpu_kerne|void at::native::vectorized_elementwise_kernel<(int)8, at::native::float16_copy_"
react_moa_mcts,measured,1,moa-reduce,7,AddOp,ve,nvtx_operator_range,94548,4233245413,2080,2080,0,1,0,8265,2080,elementwise_binary,"void at::native::vectorized_elementwise_kernel<(int)8, at::native::CUDAFunctorOn"
react_moa_mcts,measured,1,moa-reduce,8,RMSNormOp,ve,nvtx_operator_range,205993,4233346472,18880,18880,0,7,0,8248,108175,copy|elementwise_binary|elementwise_unary|reduce,"void at::native::unrolled_elementwise_kernel<at::native::direct_copy_kernel_cuda|void at::native::vectorized_elementwise_kernel<(int)4, void at::native::<unnamed|void at::native::reduce_kernel<(int)512, (int)1, at::native::ReduceOp<float, at:|void at::native::vectorized_elementwise_kernel<(int)4, at::native::CUDAFunctorOn|void at::native::vectorized_elementwise_kernel<(int)4, at::native::rsqrt_kernel_|void at::native::elementwise_kernel<(int)128, (int)2, void at::native::gpu_kerne|void at::native::vectorized_elementwise_kernel<(int)8, at::native::float16_copy_"
react_moa_mcts,measured,1,moa-reduce,10,LinearOp,me,nvtx_operator_range,112113,4233559625,20124,20124,0,1,0,9223,20124,gemm,ampere_fp16_s1688gemm_fp16_128x64_sliced1x2_ldg8_f2f_nn
react_moa_mcts,measured,1,moa-reduce,11,LinearOp,me,nvtx_operator_range,95129,4233678531,20093,20093,0,1,0,8155,20093,gemm,ampere_fp16_s1688gemm_fp16_128x64_sliced1x2_ldg8_f2f_nn
react_moa_mcts,measured,1,moa-reduce,12,LinearOp,me,nvtx_operator_range,91472,4233779580,19997,19997,0,1,0,7936,19997,gemm,ampere_fp16_s1688gemm_fp16_128x64_sliced1x2_ldg8_f2f_nn
react_moa_mcts,measured,1,moa-reduce,13,ViewOp,de,nvtx_operator_range,66803,4233877323,0,0,0,0,0,,,,
react_moa_mcts,measured,1,moa-reduce,14,TransposeOp,de,nvtx_operator_range,118168,4233950035,12286,12286,0,1,0,9417,12286,copy,"void at::native::elementwise_kernel<(int)128, (int)4, void at::native::gpu_kerne"
react_moa_mcts,measured,1,react-answer,6,RMSNormOp,ve,nvtx_operator_range,241190,4245826124,17951,17951,0,7,0,8414,116174,copy|elementwise_binary|elementwise_unary|reduce,"void at::native::unrolled_elementwise_kernel<at::native::direct_copy_kernel_cuda|void at::native::vectorized_elementwise_kernel<(int)4, void at::native::<unnamed|void at::native::reduce_kernel<(int)512, (int)1, at::native::ReduceOp<float, at:|void at::native::vectorized_elementwise_kernel<(int)4, at::native::CUDAFunctorOn|void at::native::vectorized_elementwise_kernel<(int)4, at::native::rsqrt_kernel_|void at::native::elementwise_kernel<(int)128, (int)2, void at::native::gpu_kerne|void at::native::vectorized_elementwise_kernel<(int)8, at::native::float16_copy_"
react_moa_mcts,measured,1,react-answer,7,AddOp,ve,nvtx_operator_range,97109,4246076495,1696,1696,0,1,0,8791,1696,elementwise_binary,"void at::native::vectorized_elementwise_kernel<(int)8, at::native::CUDAFunctorOn"
react_moa_mcts,measured,1,react-answer,8,RMSNormOp,ve,nvtx_operator_range,208839,4246180355,17152,17152,0,7,0,8848,108367,copy|elementwise_binary|elementwise_unary|reduce,"void at::native::unrolled_elementwise_kernel<at::native::direct_copy_kernel_cuda|void at::native::vectorized_elementwise_kernel<(int)4, void at::native::<unnamed|void at::native::reduce_kernel<(int)512, (int)1, at::native::ReduceOp<float, at:|void at::native::vectorized_elementwise_kernel<(int)4, at::native::CUDAFunctorOn|void at::native::vectorized_elementwise_kernel<(int)4, at::native::rsqrt_kernel_|void at::native::elementwise_kernel<(int)128, (int)2, void at::native::gpu_kerne|void at::native::vectorized_elementwise_kernel<(int)8, at::native::float16_copy_"
react_moa_mcts,measured,1,react-answer,10,LinearOp,me,nvtx_operator_range,114678,4246396723,14590,14590,0,1,0,9686,14590,gemm,ampere_fp16_s16816gemm_fp16_128x64_ldg8_f2f_stages_32x6_nn
react_moa_mcts,measured,1,react-answer,11,LinearOp,me,nvtx_operator_range,93223,4246518171,14590,14590,0,1,0,8137,14590,gemm,ampere_fp16_s16816gemm_fp16_128x64_ldg8_f2f_stages_32x6_nn
react_moa_mcts,measured,1,react-answer,12,LinearOp,me,nvtx_operator_range,89431,4246617523,14494,14494,0,1,0,7530,14494,gemm,ampere_fp16_s16816gemm_fp16_128x64_ldg8_f2f_stages_32x6_nn
react_moa_mcts,measured,1,react-answer,13,ViewOp,de,nvtx_operator_range,73722,4246713196,0,0,0,0,0,,,,
react_moa_mcts,measured,1,react-answer,14,TransposeOp,de,nvtx_operator_range,109710,4246792847,12158,12158,0,1,0,9900,12158,copy,"void at::native::elementwise_kernel<(int)128, (int)4, void at::native::gpu_kerne"
react_moa_mcts,measured,1,mcts-critic,6,RMSNormOp,ve,nvtx_operator_range,229459,4260680619,19359,19359,0,7,0,8297,115438,copy|elementwise_binary|elementwise_unary|reduce,"void at::native::unrolled_elementwise_kernel<at::native::direct_copy_kernel_cuda|void at::native::vectorized_elementwise_kernel<(int)4, void at::native::<unnamed|void at::native::reduce_kernel<(int)512, (int)1, at::native::ReduceOp<float, at:|void at::native::vectorized_elementwise_kernel<(int)4, at::native::CUDAFunctorOn|void at::native::vectorized_elementwise_kernel<(int)4, at::native::rsqrt_kernel_|void at::native::elementwise_kernel<(int)128, (int)2, void at::native::gpu_kerne|void at::native::vectorized_elementwise_kernel<(int)8, at::native::float16_copy_"
react_moa_mcts,measured,1,mcts-critic,7,AddOp,ve,nvtx_operator_range,94740,4260918810,1984,1984,0,1,0,8575,1984,elementwise_binary,"void at::native::vectorized_elementwise_kernel<(int)8, at::native::CUDAFunctorOn"
react_moa_mcts,measured,1,mcts-critic,8,RMSNormOp,ve,nvtx_operator_range,223759,4261020103,19258,19258,0,7,0,8710,111406,copy|elementwise_binary|elementwise_unary|reduce,"void at::native::unrolled_elementwise_kernel<at::native::direct_copy_kernel_cuda|void at::native::vectorized_elementwise_kernel<(int)4, void at::native::<unnamed|void at::native::reduce_kernel<(int)512, (int)1, at::native::ReduceOp<float, at:|void at::native::vectorized_elementwise_kernel<(int)4, at::native::CUDAFunctorOn|void at::native::vectorized_elementwise_kernel<(int)4, at::native::rsqrt_kernel_|void at::native::elementwise_kernel<(int)128, (int)2, void at::native::gpu_kerne|void at::native::vectorized_elementwise_kernel<(int)8, at::native::float16_copy_"
react_moa_mcts,measured,1,mcts-critic,10,LinearOp,me,nvtx_operator_range,111333,4261251577,19964,19964,0,1,0,8902,19964,gemm,ampere_fp16_s1688gemm_fp16_128x64_sliced1x2_ldg8_f2f_nn
react_moa_mcts,measured,1,mcts-critic,11,LinearOp,me,nvtx_operator_range,95975,4261370042,20093,20093,0,1,0,8346,20093,gemm,ampere_fp16_s1688gemm_fp16_128x64_sliced1x2_ldg8_f2f_nn
react_moa_mcts,measured,1,mcts-critic,12,LinearOp,me,nvtx_operator_range,94003,4261472911,20188,20188,0,1,0,7980,20188,gemm,ampere_fp16_s1688gemm_fp16_128x64_sliced1x2_ldg8_f2f_nn
react_moa_mcts,measured,1,mcts-critic,13,ViewOp,de,nvtx_operator_range,66090,4261573438,0,0,0,0,0,,,,
react_moa_mcts,measured,1,mcts-critic,14,TransposeOp,de,nvtx_operator_range,111013,4261645125,12574,12574,0,1,0,9509,12574,copy,"void at::native::elementwise_kernel<(int)128, (int)4, void at::native::gpu_kerne"
react_moa_mcts,measured,2,react-plan,,call_overhead,,gap_before_operator,,,55543,5055,50488,2,1,11262,201344,elementwise_binary|memcpy|rng_init,"memcpy_Host-to-Device|void at::native::<unnamed>::distribution_elementwise_grid_stride_kernel<float, (|void at::native::vectorized_elementwise_kernel<(int)8, at::native::BUnaryFunctor"
react_moa_mcts,measured,2,moa-map0,,call_overhead,,gap_before_operator,,,148585,7040,141545,2,2,10652,14185467,elementwise_binary|memcpy|rng_init,"memcpy_Device-to-Host|memcpy_Host-to-Device|void at::native::<unnamed>::distribution_elementwise_grid_stride_kernel<float, (|void at::native::vectorized_elementwise_kernel<(int)8, at::native::BUnaryFunctor"
react_moa_mcts,measured,2,moa-map1,,call_overhead,,gap_before_operator,,,189474,7072,182402,2,2,10833,13819414,elementwise_binary|memcpy|rng_init,"memcpy_Device-to-Host|memcpy_Host-to-Device|void at::native::<unnamed>::distribution_elementwise_grid_stride_kernel<float, (|void at::native::vectorized_elementwise_kernel<(int)8, at::native::BUnaryFunctor"
react_moa_mcts,measured,2,moa-map2,,call_overhead,,gap_before_operator,,,185666,7007,178659,2,2,10098,13764223,elementwise_binary|memcpy|rng_init,"memcpy_Device-to-Host|memcpy_Host-to-Device|void at::native::<unnamed>::distribution_elementwise_grid_stride_kernel<float, (|void at::native::vectorized_elementwise_kernel<(int)8, at::native::BUnaryFunctor"
react_moa_mcts,measured,2,mcts-root,,call_overhead,,gap_before_operator,,,190338,7040,183298,2,2,12244,13788443,elementwise_binary|memcpy|rng_init,"memcpy_Device-to-Host|memcpy_Host-to-Device|void at::native::<unnamed>::distribution_elementwise_grid_stride_kernel<float, (|void at::native::vectorized_elementwise_kernel<(int)8, at::native::BUnaryFunctor"
react_moa_mcts,measured,2,mcts-actor0,,call_overhead,,gap_before_operator,,,183458,7071,176387,2,2,10297,15801368,elementwise_binary|memcpy|rng_init,"memcpy_Device-to-Host|memcpy_Host-to-Device|void at::native::<unnamed>::distribution_elementwise_grid_stride_kernel<float, (|void at::native::vectorized_elementwise_kernel<(int)8, at::native::BUnaryFunctor"
react_moa_mcts,measured,2,mcts-actor1,,call_overhead,,gap_before_operator,,,187458,7071,180387,2,2,10589,13758432,elementwise_binary|memcpy|rng_init,"memcpy_Device-to-Host|memcpy_Host-to-Device|void at::native::<unnamed>::distribution_elementwise_grid_stride_kernel<float, (|void at::native::vectorized_elementwise_kernel<(int)8, at::native::BUnaryFunctor"
react_moa_mcts,measured,2,moa-reduce,,call_overhead,,gap_before_operator,,,183075,7039,176036,2,2,10302,13805721,elementwise_binary|memcpy|rng_init,"memcpy_Device-to-Host|memcpy_Host-to-Device|void at::native::<unnamed>::distribution_elementwise_grid_stride_kernel<float, (|void at::native::vectorized_elementwise_kernel<(int)8, at::native::BUnaryFunctor"
react_moa_mcts,measured,2,react-answer,,call_overhead,,gap_before_operator,,,163589,6719,156870,2,2,9962,11700106,elementwise_binary|memcpy|rng_init,"memcpy_Device-to-Host|memcpy_Host-to-Device|void at::native::<unnamed>::distribution_elementwise_grid_stride_kernel<float, (|void at::native::vectorized_elementwise_kernel<(int)8, at::native::BUnaryFunctor"
react_moa_mcts,measured,2,mcts-critic,,call_overhead,,gap_before_operator,,,257112,7040,250072,2,3,9751,14949665,elementwise_binary|memcpy|rng_init,"memcpy_Device-to-Host|memcpy_Host-to-Device|void at::native::<unnamed>::distribution_elementwise_grid_stride_kernel<float, (|void at::native::vectorized_elementwise_kernel<(int)8, at::native::BUnaryFunctor"
react_moa_mcts,measured,2,react-plan,6,RMSNormOp,ve,nvtx_operator_range,235550,4271759950,15997,15997,0,7,0,8292,117869,copy|elementwise_binary|elementwise_unary|reduce,"void at::native::unrolled_elementwise_kernel<at::native::direct_copy_kernel_cuda|void at::native::vectorized_elementwise_kernel<(int)4, void at::native::<unnamed|void at::native::reduce_kernel<(int)512, (int)1, at::native::ReduceOp<float, at:|void at::native::vectorized_elementwise_kernel<(int)4, at::native::CUDAFunctorOn|void at::native::vectorized_elementwise_kernel<(int)4, at::native::rsqrt_kernel_|void at::native::elementwise_kernel<(int)128, (int)2, void at::native::gpu_kerne|void at::native::vectorized_elementwise_kernel<(int)8, at::native::float16_copy_"
react_moa_mcts,measured,2,react-plan,7,AddOp,ve,nvtx_operator_range,108694,4272004626,1440,1440,0,1,0,8779,1440,elementwise_binary,"void at::native::vectorized_elementwise_kernel<(int)8, at::native::CUDAFunctorOn"
react_moa_mcts,measured,2,react-plan,8,RMSNormOp,ve,nvtx_operator_range,211141,4272120724,15263,15263,0,7,0,8609,110191,copy|elementwise_binary|elementwise_unary|reduce,"void at::native::unrolled_elementwise_kernel<at::native::direct_copy_kernel_cuda|void at::native::vectorized_elementwise_kernel<(int)4, void at::native::<unnamed|void at::native::reduce_kernel<(int)512, (int)1, at::native::ReduceOp<float, at:|void at::native::vectorized_elementwise_kernel<(int)4, at::native::CUDAFunctorOn|void at::native::vectorized_elementwise_kernel<(int)4, at::native::rsqrt_kernel_|void at::native::elementwise_kernel<(int)128, (int)2, void at::native::gpu_kerne|void at::native::vectorized_elementwise_kernel<(int)8, at::native::float16_copy_"
react_moa_mcts,measured,2,react-plan,10,LinearOp,me,nvtx_operator_range,160762,4272339774,13086,12638,448,1,1,14374,20829,gemm|memset,memset|void cutlass::Kernel2<cutlass_80_tensorop_f16_s16816gemm_relu_f16_64x64_32x6_nn_
react_moa_mcts,measured,2,react-plan,11,LinearOp,me,nvtx_operator_range,118679,4272508938,12702,12254,448,1,1,7273,19773,gemm|memset,memset|void cutlass::Kernel2<cutlass_80_tensorop_f16_s16816gemm_relu_f16_64x64_32x6_nn_
react_moa_mcts,measured,2,react-plan,12,LinearOp,me,nvtx_operator_range,112301,4272640853,12606,12190,416,1,1,6468,19421,gemm|memset,memset|void cutlass::Kernel2<cutlass_80_tensorop_f16_s16816gemm_relu_f16_64x64_32x6_nn_
react_moa_mcts,measured,2,react-plan,13,ViewOp,de,nvtx_operator_range,68080,4272760741,0,0,0,0,0,,,,
react_moa_mcts,measured,2,react-plan,14,TransposeOp,de,nvtx_operator_range,112116,4272834837,9374,9374,0,1,0,10074,9374,copy,"void at::native::elementwise_kernel<(int)128, (int)4, void at::native::gpu_kerne"
react_moa_mcts,measured,2,moa-map0,6,RMSNormOp,ve,nvtx_operator_range,238820,4287160299,19483,19483,0,7,0,8605,117133,copy|elementwise_binary|elementwise_unary|reduce,"void at::native::unrolled_elementwise_kernel<at::native::direct_copy_kernel_cuda|void at::native::vectorized_elementwise_kernel<(int)4, void at::native::<unnamed|void at::native::reduce_kernel<(int)512, (int)1, at::native::ReduceOp<float, at:|void at::native::vectorized_elementwise_kernel<(int)4, at::native::CUDAFunctorOn|void at::native::vectorized_elementwise_kernel<(int)4, at::native::rsqrt_kernel_|void at::native::elementwise_kernel<(int)128, (int)2, void at::native::gpu_kerne|void at::native::vectorized_elementwise_kernel<(int)8, at::native::float16_copy_"
react_moa_mcts,measured,2,moa-map0,7,AddOp,ve,nvtx_operator_range,94600,4287407851,2080,2080,0,1,0,8410,2080,elementwise_binary,"void at::native::vectorized_elementwise_kernel<(int)8, at::native::CUDAFunctorOn"
react_moa_mcts,measured,2,moa-map0,8,RMSNormOp,ve,nvtx_operator_range,210869,4287509368,19038,19038,0,7,0,8499,111662,copy|elementwise_binary|elementwise_unary|reduce,"void at::native::unrolled_elementwise_kernel<at::native::direct_copy_kernel_cuda|void at::native::vectorized_elementwise_kernel<(int)4, void at::native::<unnamed|void at::native::reduce_kernel<(int)512, (int)1, at::native::ReduceOp<float, at:|void at::native::vectorized_elementwise_kernel<(int)4, at::native::CUDAFunctorOn|void at::native::vectorized_elementwise_kernel<(int)4, at::native::rsqrt_kernel_|void at::native::elementwise_kernel<(int)128, (int)2, void at::native::gpu_kerne|void at::native::vectorized_elementwise_kernel<(int)8, at::native::float16_copy_"
react_moa_mcts,measured,2,moa-map0,10,LinearOp,me,nvtx_operator_range,112001,4287727692,20189,20189,0,1,0,9957,20189,gemm,ampere_fp16_s1688gemm_fp16_128x64_sliced1x2_ldg8_f2f_nn
react_moa_mcts,measured,2,moa-map0,11,LinearOp,me,nvtx_operator_range,96233,4287846027,20253,20253,0,1,0,8406,20253,gemm,ampere_fp16_s1688gemm_fp16_128x64_sliced1x2_ldg8_f2f_nn
react_moa_mcts,measured,2,moa-map0,12,LinearOp,me,nvtx_operator_range,106785,4287948909,20092,20092,0,1,0,8389,20092,gemm,ampere_fp16_s1688gemm_fp16_128x64_sliced1x2_ldg8_f2f_nn
react_moa_mcts,measured,2,moa-map0,13,ViewOp,de,nvtx_operator_range,67886,4288063910,0,0,0,0,0,,,,
react_moa_mcts,measured,2,moa-map0,14,TransposeOp,de,nvtx_operator_range,111667,4288137949,12254,12254,0,1,0,10448,12254,copy,"void at::native::elementwise_kernel<(int)128, (int)4, void at::native::gpu_kerne"
react_moa_mcts,measured,2,moa-map1,6,RMSNormOp,ve,nvtx_operator_range,235628,4302096156,19518,19518,0,7,0,8652,117645,copy|elementwise_binary|elementwise_unary|reduce,"void at::native::unrolled_elementwise_kernel<at::native::direct_copy_kernel_cuda|void at::native::vectorized_elementwise_kernel<(int)4, void at::native::<unnamed|void at::native::reduce_kernel<(int)512, (int)1, at::native::ReduceOp<float, at:|void at::native::vectorized_elementwise_kernel<(int)4, at::native::CUDAFunctorOn|void at::native::vectorized_elementwise_kernel<(int)4, at::native::rsqrt_kernel_|void at::native::elementwise_kernel<(int)128, (int)2, void at::native::gpu_kerne|void at::native::vectorized_elementwise_kernel<(int)8, at::native::float16_copy_"
react_moa_mcts,measured,2,moa-map1,7,AddOp,ve,nvtx_operator_range,96407,4302340621,2111,2111,0,1,0,8882,2111,elementwise_binary,"void at::native::vectorized_elementwise_kernel<(int)8, at::native::CUDAFunctorOn"
react_moa_mcts,measured,2,moa-map1,8,RMSNormOp,ve,nvtx_operator_range,205971,4302443938,19199,19199,0,7,0,8952,108719,copy|elementwise_binary|elementwise_unary|reduce,"void at::native::unrolled_elementwise_kernel<at::native::direct_copy_kernel_cuda|void at::native::vectorized_elementwise_kernel<(int)4, void at::native::<unnamed|void at::native::reduce_kernel<(int)512, (int)1, at::native::ReduceOp<float, at:|void at::native::vectorized_elementwise_kernel<(int)4, at::native::CUDAFunctorOn|void at::native::vectorized_elementwise_kernel<(int)4, at::native::rsqrt_kernel_|void at::native::elementwise_kernel<(int)128, (int)2, void at::native::gpu_kerne|void at::native::vectorized_elementwise_kernel<(int)8, at::native::float16_copy_"
react_moa_mcts,measured,2,moa-map1,10,LinearOp,me,nvtx_operator_range,109381,4302657403,20156,20156,0,1,0,9272,20156,gemm,ampere_fp16_s1688gemm_fp16_128x64_sliced1x2_ldg8_f2f_nn
react_moa_mcts,measured,2,moa-map1,11,LinearOp,me,nvtx_operator_range,93830,4302773337,20125,20125,0,1,0,7569,20125,gemm,ampere_fp16_s1688gemm_fp16_128x64_sliced1x2_ldg8_f2f_nn
react_moa_mcts,measured,2,moa-map1,12,LinearOp,me,nvtx_operator_range,93046,4302873362,19996,19996,0,1,0,7728,19996,gemm,ampere_fp16_s1688gemm_fp16_128x64_sliced1x2_ldg8_f2f_nn
react_moa_mcts,measured,2,moa-map1,13,ViewOp,de,nvtx_operator_range,73357,4302973302,0,0,0,0,0,,,,
react_moa_mcts,measured,2,moa-map1,14,TransposeOp,de,nvtx_operator_range,110923,4303052392,12190,12190,0,1,0,10355,12190,copy,"void at::native::elementwise_kernel<(int)128, (int)4, void at::native::gpu_kerne"
react_moa_mcts,measured,2,moa-map2,6,RMSNormOp,ve,nvtx_operator_range,247526,4316952738,19327,19327,0,7,0,8346,129036,copy|elementwise_binary|elementwise_unary|reduce,"void at::native::unrolled_elementwise_kernel<at::native::direct_copy_kernel_cuda|void at::native::vectorized_elementwise_kernel<(int)4, void at::native::<unnamed|void at::native::reduce_kernel<(int)512, (int)1, at::native::ReduceOp<float, at:|void at::native::vectorized_elementwise_kernel<(int)4, at::native::CUDAFunctorOn|void at::native::vectorized_elementwise_kernel<(int)4, at::native::rsqrt_kernel_|void at::native::elementwise_kernel<(int)128, (int)2, void at::native::gpu_kerne|void at::native::vectorized_elementwise_kernel<(int)8, at::native::float16_copy_"
react_moa_mcts,measured,2,moa-map2,7,AddOp,ve,nvtx_operator_range,94361,4317209112,2111,2111,0,1,0,7999,2111,elementwise_binary,"void at::native::vectorized_elementwise_kernel<(int)8, at::native::CUDAFunctorOn"
react_moa_mcts,measured,2,moa-map2,8,RMSNormOp,ve,nvtx_operator_range,207618,4317310681,19198,19198,0,7,0,8432,110351,copy|elementwise_binary|elementwise_unary|reduce,"void at::native::unrolled_elementwise_kernel<at::native::direct_copy_kernel_cuda|void at::native::vectorized_elementwise_kernel<(int)4, void at::native::<unnamed|void at::native::reduce_kernel<(int)512, (int)1, at::native::ReduceOp<float, at:|void at::native::vectorized_elementwise_kernel<(int)4, at::native::CUDAFunctorOn|void at::native::vectorized_elementwise_kernel<(int)4, at::native::rsqrt_kernel_|void at::native::elementwise_kernel<(int)128, (int)2, void at::native::gpu_kerne|void at::native::vectorized_elementwise_kernel<(int)8, at::native::float16_copy_"
react_moa_mcts,measured,2,moa-map2,10,LinearOp,me,nvtx_operator_range,113072,4317525421,20157,20157,0,1,0,9348,20157,gemm,ampere_fp16_s1688gemm_fp16_128x64_sliced1x2_ldg8_f2f_nn
react_moa_mcts,measured,2,moa-map2,11,LinearOp,me,nvtx_operator_range,93548,4317645002,20156,20156,0,1,0,8045,20156,gemm,ampere_fp16_s1688gemm_fp16_128x64_sliced1x2_ldg8_f2f_nn
react_moa_mcts,measured,2,moa-map2,12,LinearOp,me,nvtx_operator_range,92746,4317744697,20220,20220,0,1,0,8108,20220,gemm,ampere_fp16_s1688gemm_fp16_128x64_sliced1x2_ldg8_f2f_nn
react_moa_mcts,measured,2,moa-map2,13,ViewOp,de,nvtx_operator_range,64676,4317844271,0,0,0,0,0,,,,
react_moa_mcts,measured,2,moa-map2,14,TransposeOp,de,nvtx_operator_range,109313,4317914159,12254,12254,0,1,0,9472,12254,copy,"void at::native::elementwise_kernel<(int)128, (int)4, void at::native::gpu_kerne"
react_moa_mcts,measured,2,mcts-root,6,RMSNormOp,ve,nvtx_operator_range,250519,4331887124,19324,19324,0,7,0,8446,128715,copy|elementwise_binary|elementwise_unary|reduce,"void at::native::unrolled_elementwise_kernel<at::native::direct_copy_kernel_cuda|void at::native::vectorized_elementwise_kernel<(int)4, void at::native::<unnamed|void at::native::reduce_kernel<(int)512, (int)1, at::native::ReduceOp<float, at:|void at::native::vectorized_elementwise_kernel<(int)4, at::native::CUDAFunctorOn|void at::native::vectorized_elementwise_kernel<(int)4, at::native::rsqrt_kernel_|void at::native::elementwise_kernel<(int)128, (int)2, void at::native::gpu_kerne|void at::native::vectorized_elementwise_kernel<(int)8, at::native::float16_copy_"
react_moa_mcts,measured,2,mcts-root,7,AddOp,ve,nvtx_operator_range,95819,4332147343,2112,2112,0,1,0,8519,2112,elementwise_binary,"void at::native::vectorized_elementwise_kernel<(int)8, at::native::CUDAFunctorOn"
react_moa_mcts,measured,2,mcts-root,8,RMSNormOp,ve,nvtx_operator_range,211293,4332249953,19039,19039,0,7,0,10440,110671,copy|elementwise_binary|elementwise_unary|reduce,"void at::native::unrolled_elementwise_kernel<at::native::direct_copy_kernel_cuda|void at::native::vectorized_elementwise_kernel<(int)4, void at::native::<unnamed|void at::native::reduce_kernel<(int)512, (int)1, at::native::ReduceOp<float, at:|void at::native::vectorized_elementwise_kernel<(int)4, at::native::CUDAFunctorOn|void at::native::vectorized_elementwise_kernel<(int)4, at::native::rsqrt_kernel_|void at::native::elementwise_kernel<(int)128, (int)2, void at::native::gpu_kerne|void at::native::vectorized_elementwise_kernel<(int)8, at::native::float16_copy_"
react_moa_mcts,measured,2,mcts-root,10,LinearOp,me,nvtx_operator_range,112882,4332468819,19997,19997,0,1,0,8998,19997,gemm,ampere_fp16_s1688gemm_fp16_128x64_sliced1x2_ldg8_f2f_nn
react_moa_mcts,measured,2,mcts-root,11,LinearOp,me,nvtx_operator_range,95101,4332588469,20157,20157,0,1,0,7898,20157,gemm,ampere_fp16_s1688gemm_fp16_128x64_sliced1x2_ldg8_f2f_nn
react_moa_mcts,measured,2,mcts-root,12,LinearOp,me,nvtx_operator_range,94017,4332689993,20157,20157,0,1,0,7932,20157,gemm,ampere_fp16_s1688gemm_fp16_128x64_sliced1x2_ldg8_f2f_nn
react_moa_mcts,measured,2,mcts-root,13,ViewOp,de,nvtx_operator_range,65901,4332790720,0,0,0,0,0,,,,
react_moa_mcts,measured,2,mcts-root,14,TransposeOp,de,nvtx_operator_range,109737,4332862516,12478,12478,0,1,0,9470,12478,copy,"void at::native::elementwise_kernel<(int)128, (int)4, void at::native::gpu_kerne"
react_moa_mcts,measured,2,mcts-actor0,6,RMSNormOp,ve,nvtx_operator_range,239290,4348800900,19453,19453,0,7,0,8290,118349,copy|elementwise_binary|elementwise_unary|reduce,"void at::native::unrolled_elementwise_kernel<at::native::direct_copy_kernel_cuda|void at::native::vectorized_elementwise_kernel<(int)4, void at::native::<unnamed|void at::native::reduce_kernel<(int)512, (int)1, at::native::ReduceOp<float, at:|void at::native::vectorized_elementwise_kernel<(int)4, at::native::CUDAFunctorOn|void at::native::vectorized_elementwise_kernel<(int)4, at::native::rsqrt_kernel_|void at::native::elementwise_kernel<(int)128, (int)2, void at::native::gpu_kerne|void at::native::vectorized_elementwise_kernel<(int)8, at::native::float16_copy_"
react_moa_mcts,measured,2,mcts-actor0,7,AddOp,ve,nvtx_operator_range,102402,4349049478,2048,2048,0,1,0,8116,2048,elementwise_binary,"void at::native::vectorized_elementwise_kernel<(int)8, at::native::CUDAFunctorOn"
react_moa_mcts,measured,2,mcts-actor0,8,RMSNormOp,ve,nvtx_operator_range,212329,4349159034,19101,19101,0,7,0,9113,111182,copy|elementwise_binary|elementwise_unary|reduce,"void at::native::unrolled_elementwise_kernel<at::native::direct_copy_kernel_cuda|void at::native::vectorized_elementwise_kernel<(int)4, void at::native::<unnamed|void at::native::reduce_kernel<(int)512, (int)1, at::native::ReduceOp<float, at:|void at::native::vectorized_elementwise_kernel<(int)4, at::native::CUDAFunctorOn|void at::native::vectorized_elementwise_kernel<(int)4, at::native::rsqrt_kernel_|void at::native::elementwise_kernel<(int)128, (int)2, void at::native::gpu_kerne|void at::native::vectorized_elementwise_kernel<(int)8, at::native::float16_copy_"
react_moa_mcts,measured,2,mcts-actor0,10,LinearOp,me,nvtx_operator_range,110702,4349379182,20029,20029,0,1,0,9118,20029,gemm,ampere_fp16_s1688gemm_fp16_128x64_sliced1x2_ldg8_f2f_nn
react_moa_mcts,measured,2,mcts-actor0,11,LinearOp,me,nvtx_operator_range,95558,4349496670,20029,20029,0,1,0,7988,20029,gemm,ampere_fp16_s1688gemm_fp16_128x64_sliced1x2_ldg8_f2f_nn
react_moa_mcts,measured,2,mcts-actor0,12,LinearOp,me,nvtx_operator_range,91498,4349598637,19997,19997,0,1,0,7890,19997,gemm,ampere_fp16_s1688gemm_fp16_128x64_sliced1x2_ldg8_f2f_nn
react_moa_mcts,measured,2,mcts-actor0,13,ViewOp,de,nvtx_operator_range,65433,4349697772,0,0,0,0,0,,,,
react_moa_mcts,measured,2,mcts-actor0,14,TransposeOp,de,nvtx_operator_range,111514,4349768891,12286,12286,0,1,0,9764,12286,copy,"void at::native::elementwise_kernel<(int)128, (int)4, void at::native::gpu_kerne"
react_moa_mcts,measured,2,mcts-actor1,6,RMSNormOp,ve,nvtx_operator_range,230790,4363666133,19356,19356,0,7,0,8813,116525,copy|elementwise_binary|elementwise_unary|reduce,"void at::native::unrolled_elementwise_kernel<at::native::direct_copy_kernel_cuda|void at::native::vectorized_elementwise_kernel<(int)4, void at::native::<unnamed|void at::native::reduce_kernel<(int)512, (int)1, at::native::ReduceOp<float, at:|void at::native::vectorized_elementwise_kernel<(int)4, at::native::CUDAFunctorOn|void at::native::vectorized_elementwise_kernel<(int)4, at::native::rsqrt_kernel_|void at::native::elementwise_kernel<(int)128, (int)2, void at::native::gpu_kerne|void at::native::vectorized_elementwise_kernel<(int)8, at::native::float16_copy_"
react_moa_mcts,measured,2,mcts-actor1,7,AddOp,ve,nvtx_operator_range,95107,4363905755,2047,2047,0,1,0,8462,2047,elementwise_binary,"void at::native::vectorized_elementwise_kernel<(int)8, at::native::CUDAFunctorOn"
react_moa_mcts,measured,2,mcts-actor1,8,RMSNormOp,ve,nvtx_operator_range,225889,4364007943,19132,19132,0,7,0,9233,113646,copy|elementwise_binary|elementwise_unary|reduce,"void at::native::unrolled_elementwise_kernel<at::native::direct_copy_kernel_cuda|void at::native::vectorized_elementwise_kernel<(int)4, void at::native::<unnamed|void at::native::reduce_kernel<(int)512, (int)1, at::native::ReduceOp<float, at:|void at::native::vectorized_elementwise_kernel<(int)4, at::native::CUDAFunctorOn|void at::native::vectorized_elementwise_kernel<(int)4, at::native::rsqrt_kernel_|void at::native::elementwise_kernel<(int)128, (int)2, void at::native::gpu_kerne|void at::native::vectorized_elementwise_kernel<(int)8, at::native::float16_copy_"
react_moa_mcts,measured,2,mcts-actor1,10,LinearOp,me,nvtx_operator_range,112320,4364241904,20189,20189,0,1,0,9084,20189,gemm,ampere_fp16_s1688gemm_fp16_128x64_sliced1x2_ldg8_f2f_nn
react_moa_mcts,measured,2,mcts-actor1,11,LinearOp,me,nvtx_operator_range,103658,4364361054,20221,20221,0,1,0,14527,20221,gemm,ampere_fp16_s1688gemm_fp16_128x64_sliced1x2_ldg8_f2f_nn
react_moa_mcts,measured,2,mcts-actor1,12,LinearOp,me,nvtx_operator_range,93528,4364472006,20060,20060,0,1,0,8096,20060,gemm,ampere_fp16_s1688gemm_fp16_128x64_sliced1x2_ldg8_f2f_nn
react_moa_mcts,measured,2,mcts-actor1,13,ViewOp,de,nvtx_operator_range,67890,4364572873,0,0,0,0,0,,,,
react_moa_mcts,measured,2,mcts-actor1,14,TransposeOp,de,nvtx_operator_range,108898,4364646266,12350,12350,0,1,0,9494,12350,copy,"void at::native::elementwise_kernel<(int)128, (int)4, void at::native::gpu_kerne"
react_moa_mcts,measured,2,moa-reduce,6,RMSNormOp,ve,nvtx_operator_range,233756,4378586101,19290,19290,0,7,0,8525,115533,copy|elementwise_binary|elementwise_unary|reduce,"void at::native::unrolled_elementwise_kernel<at::native::direct_copy_kernel_cuda|void at::native::vectorized_elementwise_kernel<(int)4, void at::native::<unnamed|void at::native::reduce_kernel<(int)512, (int)1, at::native::ReduceOp<float, at:|void at::native::vectorized_elementwise_kernel<(int)4, at::native::CUDAFunctorOn|void at::native::vectorized_elementwise_kernel<(int)4, at::native::rsqrt_kernel_|void at::native::elementwise_kernel<(int)128, (int)2, void at::native::gpu_kerne|void at::native::vectorized_elementwise_kernel<(int)8, at::native::float16_copy_"
react_moa_mcts,measured,2,moa-reduce,7,AddOp,ve,nvtx_operator_range,96071,4378828851,2112,2112,0,1,0,8329,2112,elementwise_binary,"void at::native::vectorized_elementwise_kernel<(int)8, at::native::CUDAFunctorOn"
react_moa_mcts,measured,2,moa-reduce,8,RMSNormOp,ve,nvtx_operator_range,220213,4378932158,18812,18812,0,7,0,8233,121101,copy|elementwise_binary|elementwise_unary|reduce,"void at::native::unrolled_elementwise_kernel<at::native::direct_copy_kernel_cuda|void at::native::vectorized_elementwise_kernel<(int)4, void at::native::<unnamed|void at::native::reduce_kernel<(int)512, (int)1, at::native::ReduceOp<float, at:|void at::native::vectorized_elementwise_kernel<(int)4, at::native::CUDAFunctorOn|void at::native::vectorized_elementwise_kernel<(int)4, at::native::rsqrt_kernel_|void at::native::elementwise_kernel<(int)128, (int)2, void at::native::gpu_kerne|void at::native::vectorized_elementwise_kernel<(int)8, at::native::float16_copy_"
react_moa_mcts,measured,2,moa-reduce,10,LinearOp,me,nvtx_operator_range,112099,4379160325,20157,20157,0,1,0,9148,20157,gemm,ampere_fp16_s1688gemm_fp16_128x64_sliced1x2_ldg8_f2f_nn
react_moa_mcts,measured,2,moa-reduce,11,LinearOp,me,nvtx_operator_range,94634,4379279388,20157,20157,0,1,0,8350,20157,gemm,ampere_fp16_s1688gemm_fp16_128x64_sliced1x2_ldg8_f2f_nn
react_moa_mcts,measured,2,moa-reduce,12,LinearOp,me,nvtx_operator_range,90629,4379380028,19932,19932,0,1,0,7779,19932,gemm,ampere_fp16_s1688gemm_fp16_128x64_sliced1x2_ldg8_f2f_nn
react_moa_mcts,measured,2,moa-reduce,13,ViewOp,de,nvtx_operator_range,66344,4379478335,0,0,0,0,0,,,,
react_moa_mcts,measured,2,moa-reduce,14,TransposeOp,de,nvtx_operator_range,116620,4379550268,12542,12542,0,1,0,9585,12542,copy,"void at::native::elementwise_kernel<(int)128, (int)4, void at::native::gpu_kerne"
react_moa_mcts,measured,2,react-answer,6,RMSNormOp,ve,nvtx_operator_range,231586,4391393007,17948,17948,0,7,0,8679,115309,copy|elementwise_binary|elementwise_unary|reduce,"void at::native::unrolled_elementwise_kernel<at::native::direct_copy_kernel_cuda|void at::native::vectorized_elementwise_kernel<(int)4, void at::native::<unnamed|void at::native::reduce_kernel<(int)512, (int)1, at::native::ReduceOp<float, at:|void at::native::vectorized_elementwise_kernel<(int)4, at::native::CUDAFunctorOn|void at::native::vectorized_elementwise_kernel<(int)4, at::native::rsqrt_kernel_|void at::native::elementwise_kernel<(int)128, (int)2, void at::native::gpu_kerne|void at::native::vectorized_elementwise_kernel<(int)8, at::native::float16_copy_"
react_moa_mcts,measured,2,react-answer,7,AddOp,ve,nvtx_operator_range,94366,4391633055,1695,1695,0,1,0,8539,1695,elementwise_binary,"void at::native::vectorized_elementwise_kernel<(int)8, at::native::CUDAFunctorOn"
react_moa_mcts,measured,2,react-answer,8,RMSNormOp,ve,nvtx_operator_range,209777,4391740634,17247,17247,0,7,0,8522,110063,copy|elementwise_binary|elementwise_unary|reduce,"void at::native::unrolled_elementwise_kernel<at::native::direct_copy_kernel_cuda|void at::native::vectorized_elementwise_kernel<(int)4, void at::native::<unnamed|void at::native::reduce_kernel<(int)512, (int)1, at::native::ReduceOp<float, at:|void at::native::vectorized_elementwise_kernel<(int)4, at::native::CUDAFunctorOn|void at::native::vectorized_elementwise_kernel<(int)4, at::native::rsqrt_kernel_|void at::native::elementwise_kernel<(int)128, (int)2, void at::native::gpu_kerne|void at::native::vectorized_elementwise_kernel<(int)8, at::native::float16_copy_"
react_moa_mcts,measured,2,react-answer,10,LinearOp,me,nvtx_operator_range,122559,4391958373,14621,14621,0,1,0,9532,14621,gemm,ampere_fp16_s16816gemm_fp16_128x64_ldg8_f2f_stages_32x6_nn
react_moa_mcts,measured,2,react-answer,11,LinearOp,me,nvtx_operator_range,95836,4392088114,14558,14558,0,1,0,8351,14558,gemm,ampere_fp16_s16816gemm_fp16_128x64_ldg8_f2f_stages_32x6_nn
react_moa_mcts,measured,2,react-answer,12,LinearOp,me,nvtx_operator_range,92777,4392195815,14558,14558,0,1,0,8193,14558,gemm,ampere_fp16_s16816gemm_fp16_128x64_ldg8_f2f_stages_32x6_nn
react_moa_mcts,measured,2,react-answer,13,ViewOp,de,nvtx_operator_range,65568,4392296618,0,0,0,0,0,,,,
react_moa_mcts,measured,2,react-answer,14,TransposeOp,de,nvtx_operator_range,108880,4392367827,12286,12286,0,1,0,9437,12286,copy,"void at::native::elementwise_kernel<(int)128, (int)4, void at::native::gpu_kerne"
react_moa_mcts,measured,2,mcts-critic,6,RMSNormOp,ve,nvtx_operator_range,227358,4406260651,19359,19359,0,7,0,8016,115566,copy|elementwise_binary|elementwise_unary|reduce,"void at::native::unrolled_elementwise_kernel<at::native::direct_copy_kernel_cuda|void at::native::vectorized_elementwise_kernel<(int)4, void at::native::<unnamed|void at::native::reduce_kernel<(int)512, (int)1, at::native::ReduceOp<float, at:|void at::native::vectorized_elementwise_kernel<(int)4, at::native::CUDAFunctorOn|void at::native::vectorized_elementwise_kernel<(int)4, at::native::rsqrt_kernel_|void at::native::elementwise_kernel<(int)128, (int)2, void at::native::gpu_kerne|void at::native::vectorized_elementwise_kernel<(int)8, at::native::float16_copy_"
react_moa_mcts,measured,2,mcts-critic,7,AddOp,ve,nvtx_operator_range,94572,4406496837,2080,2080,0,1,0,8407,2080,elementwise_binary,"void at::native::vectorized_elementwise_kernel<(int)8, at::native::CUDAFunctorOn"
react_moa_mcts,measured,2,mcts-critic,8,RMSNormOp,ve,nvtx_operator_range,209771,4406598316,19259,19259,0,7,0,8363,110894,copy|elementwise_binary|elementwise_unary|reduce,"void at::native::unrolled_elementwise_kernel<at::native::direct_copy_kernel_cuda|void at::native::vectorized_elementwise_kernel<(int)4, void at::native::<unnamed|void at::native::reduce_kernel<(int)512, (int)1, at::native::ReduceOp<float, at:|void at::native::vectorized_elementwise_kernel<(int)4, at::native::CUDAFunctorOn|void at::native::vectorized_elementwise_kernel<(int)4, at::native::rsqrt_kernel_|void at::native::elementwise_kernel<(int)128, (int)2, void at::native::gpu_kerne|void at::native::vectorized_elementwise_kernel<(int)8, at::native::float16_copy_"
react_moa_mcts,measured,2,mcts-critic,10,LinearOp,me,nvtx_operator_range,111143,4406815592,20253,20253,0,1,0,8881,20253,gemm,ampere_fp16_s1688gemm_fp16_128x64_sliced1x2_ldg8_f2f_nn
react_moa_mcts,measured,2,mcts-critic,11,LinearOp,me,nvtx_operator_range,94363,4406933399,19997,19997,0,1,0,7967,19997,gemm,ampere_fp16_s1688gemm_fp16_128x64_sliced1x2_ldg8_f2f_nn
react_moa_mcts,measured,2,mcts-critic,12,LinearOp,me,nvtx_operator_range,96870,4407044066,19933,19933,0,1,0,8586,19933,gemm,ampere_fp16_s1688gemm_fp16_128x64_sliced1x2_ldg8_f2f_nn
react_moa_mcts,measured,2,mcts-critic,13,ViewOp,de,nvtx_operator_range,67721,4407148801,0,0,0,0,0,,,,
react_moa_mcts,measured,2,mcts-critic,14,TransposeOp,de,nvtx_operator_range,114004,4407222047,12414,12414,0,1,0,14685,12414,copy,"void at::native::elementwise_kernel<(int)128, (int)4, void at::native::gpu_kerne"
react_moa_mcts,measured,3,react-plan,,call_overhead,,gap_before_operator,,,54871,5023,49848,2,1,10781,160550,elementwise_binary|memcpy|rng_init,"memcpy_Host-to-Device|void at::native::<unnamed>::distribution_elementwise_grid_stride_kernel<float, (|void at::native::vectorized_elementwise_kernel<(int)8, at::native::BUnaryFunctor"
react_moa_mcts,measured,3,moa-map0,,call_overhead,,gap_before_operator,,,156167,7007,149160,2,2,13520,13748993,elementwise_binary|memcpy|rng_init,"memcpy_Device-to-Host|memcpy_Host-to-Device|void at::native::<unnamed>::distribution_elementwise_grid_stride_kernel<float, (|void at::native::vectorized_elementwise_kernel<(int)8, at::native::BUnaryFunctor"
react_moa_mcts,measured,3,moa-map1,,call_overhead,,gap_before_operator,,,183266,7006,176260,2,2,10160,13789627,elementwise_binary|memcpy|rng_init,"memcpy_Device-to-Host|memcpy_Host-to-Device|void at::native::<unnamed>::distribution_elementwise_grid_stride_kernel<float, (|void at::native::vectorized_elementwise_kernel<(int)8, at::native::BUnaryFunctor"
react_moa_mcts,measured,3,moa-map2,,call_overhead,,gap_before_operator,,,189986,7039,182947,2,2,10272,13825110,elementwise_binary|memcpy|rng_init,"memcpy_Device-to-Host|memcpy_Host-to-Device|void at::native::<unnamed>::distribution_elementwise_grid_stride_kernel<float, (|void at::native::vectorized_elementwise_kernel<(int)8, at::native::BUnaryFunctor"
react_moa_mcts,measured,3,mcts-root,,call_overhead,,gap_before_operator,,,176643,7007,169636,2,2,9793,13718886,elementwise_binary|memcpy|rng_init,"memcpy_Device-to-Host|memcpy_Host-to-Device|void at::native::<unnamed>::distribution_elementwise_grid_stride_kernel<float, (|void at::native::vectorized_elementwise_kernel<(int)8, at::native::BUnaryFunctor"
react_moa_mcts,measured,3,mcts-actor0,,call_overhead,,gap_before_operator,,,183587,7039,176548,2,2,9936,15747585,elementwise_binary|memcpy|rng_init,"memcpy_Device-to-Host|memcpy_Host-to-Device|void at::native::<unnamed>::distribution_elementwise_grid_stride_kernel<float, (|void at::native::vectorized_elementwise_kernel<(int)8, at::native::BUnaryFunctor"
react_moa_mcts,measured,3,mcts-actor1,,call_overhead,,gap_before_operator,,,184833,7070,177763,2,2,9990,13792634,elementwise_binary|memcpy|rng_init,"memcpy_Device-to-Host|memcpy_Host-to-Device|void at::native::<unnamed>::distribution_elementwise_grid_stride_kernel<float, (|void at::native::vectorized_elementwise_kernel<(int)8, at::native::BUnaryFunctor"
react_moa_mcts,measured,3,moa-reduce,,call_overhead,,gap_before_operator,,,184002,7071,176931,2,2,9962,13798777,elementwise_binary|memcpy|rng_init,"memcpy_Device-to-Host|memcpy_Host-to-Device|void at::native::<unnamed>::distribution_elementwise_grid_stride_kernel<float, (|void at::native::vectorized_elementwise_kernel<(int)8, at::native::BUnaryFunctor"
react_moa_mcts,measured,3,react-answer,,call_overhead,,gap_before_operator,,,166214,6655,159559,2,2,9962,11692972,elementwise_binary|memcpy|rng_init,"memcpy_Device-to-Host|memcpy_Host-to-Device|void at::native::<unnamed>::distribution_elementwise_grid_stride_kernel<float, (|void at::native::vectorized_elementwise_kernel<(int)8, at::native::BUnaryFunctor"
react_moa_mcts,measured,3,mcts-critic,,call_overhead,,gap_before_operator,,,252505,7007,245498,2,3,9926,15004089,elementwise_binary|memcpy|rng_init,"memcpy_Device-to-Host|memcpy_Host-to-Device|void at::native::<unnamed>::distribution_elementwise_grid_stride_kernel<float, (|void at::native::vectorized_elementwise_kernel<(int)8, at::native::BUnaryFunctor"
react_moa_mcts,measured,3,react-plan,6,RMSNormOp,ve,nvtx_operator_range,237492,4417333016,15899,15899,0,7,0,8741,116205,copy|elementwise_binary|elementwise_unary|reduce,"void at::native::unrolled_elementwise_kernel<at::native::direct_copy_kernel_cuda|void at::native::vectorized_elementwise_kernel<(int)4, void at::native::<unnamed|void at::native::reduce_kernel<(int)512, (int)1, at::native::ReduceOp<float, at:|void at::native::vectorized_elementwise_kernel<(int)4, at::native::CUDAFunctorOn|void at::native::vectorized_elementwise_kernel<(int)4, at::native::rsqrt_kernel_|void at::native::elementwise_kernel<(int)128, (int)2, void at::native::gpu_kerne|void at::native::vectorized_elementwise_kernel<(int)8, at::native::float16_copy_"
react_moa_mcts,measured,3,react-plan,7,AddOp,ve,nvtx_operator_range,95595,4417579400,1440,1440,0,1,0,8362,1440,elementwise_binary,"void at::native::vectorized_elementwise_kernel<(int)8, at::native::CUDAFunctorOn"
react_moa_mcts,measured,3,react-plan,8,RMSNormOp,ve,nvtx_operator_range,211471,4417687302,15546,15546,0,7,0,8677,109518,copy|elementwise_binary|elementwise_unary|reduce,"void at::native::unrolled_elementwise_kernel<at::native::direct_copy_kernel_cuda|void at::native::vectorized_elementwise_kernel<(int)4, void at::native::<unnamed|void at::native::reduce_kernel<(int)512, (int)1, at::native::ReduceOp<float, at:|void at::native::vectorized_elementwise_kernel<(int)4, at::native::CUDAFunctorOn|void at::native::vectorized_elementwise_kernel<(int)4, at::native::rsqrt_kernel_|void at::native::elementwise_kernel<(int)128, (int)2, void at::native::gpu_kerne|void at::native::vectorized_elementwise_kernel<(int)8, at::native::float16_copy_"
react_moa_mcts,measured,3,react-plan,10,LinearOp,me,nvtx_operator_range,159874,4417906876,12830,12414,416,1,1,13925,20413,gemm|memset,memset|void cutlass::Kernel2<cutlass_80_tensorop_f16_s16816gemm_relu_f16_64x64_32x6_nn_
react_moa_mcts,measured,3,react-plan,11,LinearOp,me,nvtx_operator_range,112673,4418074752,12894,12446,448,1,1,6931,19900,gemm|memset,memset|void cutlass::Kernel2<cutlass_80_tensorop_f16_s16816gemm_relu_f16_64x64_32x6_nn_
react_moa_mcts,measured,3,react-plan,12,LinearOp,me,nvtx_operator_range,107410,4418195405,12638,12190,448,1,1,7450,19581,gemm|memset,memset|void cutlass::Kernel2<cutlass_80_tensorop_f16_s16816gemm_relu_f16_64x64_32x6_nn_
react_moa_mcts,measured,3,react-plan,13,ViewOp,de,nvtx_operator_range,69726,4418310083,0,0,0,0,0,,,,
react_moa_mcts,measured,3,react-plan,14,TransposeOp,de,nvtx_operator_range,111347,4418385851,9342,9342,0,1,0,9641,9342,copy,"void at::native::elementwise_kernel<(int)128, (int)4, void at::native::gpu_kerne"
react_moa_mcts,measured,3,moa-map0,6,RMSNormOp,ve,nvtx_operator_range,237080,4432274988,19328,19328,0,7,0,8427,117134,copy|elementwise_binary|elementwise_unary|reduce,"void at::native::unrolled_elementwise_kernel<at::native::direct_copy_kernel_cuda|void at::native::vectorized_elementwise_kernel<(int)4, void at::native::<unnamed|void at::native::reduce_kernel<(int)512, (int)1, at::native::ReduceOp<float, at:|void at::native::vectorized_elementwise_kernel<(int)4, at::native::CUDAFunctorOn|void at::native::vectorized_elementwise_kernel<(int)4, at::native::rsqrt_kernel_|void at::native::elementwise_kernel<(int)128, (int)2, void at::native::gpu_kerne|void at::native::vectorized_elementwise_kernel<(int)8, at::native::float16_copy_"
react_moa_mcts,measured,3,moa-map0,7,AddOp,ve,nvtx_operator_range,95091,4432520785,2047,2047,0,1,0,8461,2047,elementwise_binary,"void at::native::vectorized_elementwise_kernel<(int)8, at::native::CUDAFunctorOn"
react_moa_mcts,measured,3,moa-map0,8,RMSNormOp,ve,nvtx_operator_range,207803,4432622616,19070,19070,0,7,0,8644,110926,copy|elementwise_binary|elementwise_unary|reduce,"void at::native::unrolled_elementwise_kernel<at::native::direct_copy_kernel_cuda|void at::native::vectorized_elementwise_kernel<(int)4, void at::native::<unnamed|void at::native::reduce_kernel<(int)512, (int)1, at::native::ReduceOp<float, at:|void at::native::vectorized_elementwise_kernel<(int)4, at::native::CUDAFunctorOn|void at::native::vectorized_elementwise_kernel<(int)4, at::native::rsqrt_kernel_|void at::native::elementwise_kernel<(int)128, (int)2, void at::native::gpu_kerne|void at::native::vectorized_elementwise_kernel<(int)8, at::native::float16_copy_"
react_moa_mcts,measured,3,moa-map0,10,LinearOp,me,nvtx_operator_range,110073,4432838344,20156,20156,0,1,0,9269,20156,gemm,ampere_fp16_s1688gemm_fp16_128x64_sliced1x2_ldg8_f2f_nn
react_moa_mcts,measured,3,moa-map0,11,LinearOp,me,nvtx_operator_range,102953,4432955483,20157,20157,0,1,0,8481,20157,gemm,ampere_fp16_s1688gemm_fp16_128x64_sliced1x2_ldg8_f2f_nn
react_moa_mcts,measured,3,moa-map0,12,LinearOp,me,nvtx_operator_range,94037,4433065512,20157,20157,0,1,0,8664,20157,gemm,ampere_fp16_s1688gemm_fp16_128x64_sliced1x2_ldg8_f2f_nn
react_moa_mcts,measured,3,moa-map0,13,ViewOp,de,nvtx_operator_range,67187,4433172778,0,0,0,0,0,,,,
react_moa_mcts,measured,3,moa-map0,14,TransposeOp,de,nvtx_operator_range,111480,4433245547,12350,12350,0,1,0,9863,12350,copy,"void at::native::elementwise_kernel<(int)128, (int)4, void at::native::gpu_kerne"
react_moa_mcts,measured,3,moa-map1,6,RMSNormOp,ve,nvtx_operator_range,235902,4447172831,19486,19486,0,7,0,8489,117197,copy|elementwise_binary|elementwise_unary|reduce,"void at::native::unrolled_elementwise_kernel<at::native::direct_copy_kernel_cuda|void at::native::vectorized_elementwise_kernel<(int)4, void at::native::<unnamed|void at::native::reduce_kernel<(int)512, (int)1, at::native::ReduceOp<float, at:|void at::native::vectorized_elementwise_kernel<(int)4, at::native::CUDAFunctorOn|void at::native::vectorized_elementwise_kernel<(int)4, at::native::rsqrt_kernel_|void at::native::elementwise_kernel<(int)128, (int)2, void at::native::gpu_kerne|void at::native::vectorized_elementwise_kernel<(int)8, at::native::float16_copy_"
react_moa_mcts,measured,3,moa-map1,7,AddOp,ve,nvtx_operator_range,97053,4447423210,2112,2112,0,1,0,8652,2112,elementwise_binary,"void at::native::vectorized_elementwise_kernel<(int)8, at::native::CUDAFunctorOn"
react_moa_mcts,measured,3,moa-map1,8,RMSNormOp,ve,nvtx_operator_range,208110,4447527495,18944,18944,0,7,0,8359,109231,copy|elementwise_binary|elementwise_unary|reduce,"void at::native::unrolled_elementwise_kernel<at::native::direct_copy_kernel_cuda|void at::native::vectorized_elementwise_kernel<(int)4, void at::native::<unnamed|void at::native::reduce_kernel<(int)512, (int)1, at::native::ReduceOp<float, at:|void at::native::vectorized_elementwise_kernel<(int)4, at::native::CUDAFunctorOn|void at::native::vectorized_elementwise_kernel<(int)4, at::native::rsqrt_kernel_|void at::native::elementwise_kernel<(int)128, (int)2, void at::native::gpu_kerne|void at::native::vectorized_elementwise_kernel<(int)8, at::native::float16_copy_"
react_moa_mcts,measured,3,moa-map1,10,LinearOp,me,nvtx_operator_range,109840,4447743558,20284,20284,0,1,0,9167,20284,gemm,ampere_fp16_s1688gemm_fp16_128x64_sliced1x2_ldg8_f2f_nn
react_moa_mcts,measured,3,moa-map1,11,LinearOp,me,nvtx_operator_range,93505,4447859975,20061,20061,0,1,0,7985,20061,gemm,ampere_fp16_s1688gemm_fp16_128x64_sliced1x2_ldg8_f2f_nn
react_moa_mcts,measured,3,moa-map1,12,LinearOp,me,nvtx_operator_range,111884,4447959992,20285,20285,0,1,0,8754,20285,gemm,ampere_fp16_s1688gemm_fp16_128x64_sliced1x2_ldg8_f2f_nn
react_moa_mcts,measured,3,moa-map1,13,ViewOp,de,nvtx_operator_range,65923,4448078831,0,0,0,0,0,,,,
react_moa_mcts,measured,3,moa-map1,14,TransposeOp,de,nvtx_operator_range,111706,4448150525,12382,12382,0,1,0,10084,12382,copy,"void at::native::elementwise_kernel<(int)128, (int)4, void at::native::gpu_kerne"
react_moa_mcts,measured,3,moa-map2,6,RMSNormOp,ve,nvtx_operator_range,232028,4462115006,19357,19357,0,7,0,8398,117389,copy|elementwise_binary|elementwise_unary|reduce,"void at::native::unrolled_elementwise_kernel<at::native::direct_copy_kernel_cuda|void at::native::vectorized_elementwise_kernel<(int)4, void at::native::<unnamed|void at::native::reduce_kernel<(int)512, (int)1, at::native::ReduceOp<float, at:|void at::native::vectorized_elementwise_kernel<(int)4, at::native::CUDAFunctorOn|void at::native::vectorized_elementwise_kernel<(int)4, at::native::rsqrt_kernel_|void at::native::elementwise_kernel<(int)128, (int)2, void at::native::gpu_kerne|void at::native::vectorized_elementwise_kernel<(int)8, at::native::float16_copy_"
react_moa_mcts,measured,3,moa-map2,7,AddOp,ve,nvtx_operator_range,94933,4462355487,1983,1983,0,1,0,8137,1983,elementwise_binary,"void at::native::vectorized_elementwise_kernel<(int)8, at::native::CUDAFunctorOn"
react_moa_mcts,measured,3,moa-map2,8,RMSNormOp,ve,nvtx_operator_range,207673,4462457530,19070,19070,0,7,0,8366,109870,copy|elementwise_binary|elementwise_unary|reduce,"void at::native::unrolled_elementwise_kernel<at::native::direct_copy_kernel_cuda|void at::native::vectorized_elementwise_kernel<(int)4, void at::native::<unnamed|void at::native::reduce_kernel<(int)512, (int)1, at::native::ReduceOp<float, at:|void at::native::vectorized_elementwise_kernel<(int)4, at::native::CUDAFunctorOn|void at::native::vectorized_elementwise_kernel<(int)4, at::native::rsqrt_kernel_|void at::native::elementwise_kernel<(int)128, (int)2, void at::native::gpu_kerne|void at::native::vectorized_elementwise_kernel<(int)8, at::native::float16_copy_"
react_moa_mcts,measured,3,moa-map2,10,LinearOp,me,nvtx_operator_range,112251,4462672647,20157,20157,0,1,0,9442,20157,gemm,ampere_fp16_s1688gemm_fp16_128x64_sliced1x2_ldg8_f2f_nn
react_moa_mcts,measured,3,moa-map2,11,LinearOp,me,nvtx_operator_range,95267,4462791653,20124,20124,0,1,0,8209,20124,gemm,ampere_fp16_s1688gemm_fp16_128x64_sliced1x2_ldg8_f2f_nn
react_moa_mcts,measured,3,moa-map2,12,LinearOp,me,nvtx_operator_range,91537,4462893544,19932,19932,0,1,0,7621,19932,gemm,ampere_fp16_s1688gemm_fp16_128x64_sliced1x2_ldg8_f2f_nn
react_moa_mcts,measured,3,moa-map2,13,ViewOp,de,nvtx_operator_range,73922,4462992645,0,0,0,0,0,,,,
react_moa_mcts,measured,3,moa-map2,14,TransposeOp,de,nvtx_operator_range,110467,4463072094,12382,12382,0,1,0,9816,12382,copy,"void at::native::elementwise_kernel<(int)128, (int)4, void at::native::gpu_kerne"
react_moa_mcts,measured,3,mcts-root,6,RMSNormOp,ve,nvtx_operator_range,243664,4476926719,19358,19358,0,7,0,8176,125964,copy|elementwise_binary|elementwise_unary|reduce,"void at::native::unrolled_elementwise_kernel<at::native::direct_copy_kernel_cuda|void at::native::vectorized_elementwise_kernel<(int)4, void at::native::<unnamed|void at::native::reduce_kernel<(int)512, (int)1, at::native::ReduceOp<float, at:|void at::native::vectorized_elementwise_kernel<(int)4, at::native::CUDAFunctorOn|void at::native::vectorized_elementwise_kernel<(int)4, at::native::rsqrt_kernel_|void at::native::elementwise_kernel<(int)128, (int)2, void at::native::gpu_kerne|void at::native::vectorized_elementwise_kernel<(int)8, at::native::float16_copy_"
react_moa_mcts,measured,3,mcts-root,7,AddOp,ve,nvtx_operator_range,96983,4477184205,2047,2047,0,1,0,8482,2047,elementwise_binary,"void at::native::vectorized_elementwise_kernel<(int)8, at::native::CUDAFunctorOn"
react_moa_mcts,measured,3,mcts-root,8,RMSNormOp,ve,nvtx_operator_range,208820,4477287974,19196,19196,0,7,0,8266,109615,copy|elementwise_binary|elementwise_unary|reduce,"void at::native::unrolled_elementwise_kernel<at::native::direct_copy_kernel_cuda|void at::native::vectorized_elementwise_kernel<(int)4, void at::native::<unnamed|void at::native::reduce_kernel<(int)512, (int)1, at::native::ReduceOp<float, at:|void at::native::vectorized_elementwise_kernel<(int)4, at::native::CUDAFunctorOn|void at::native::vectorized_elementwise_kernel<(int)4, at::native::rsqrt_kernel_|void at::native::elementwise_kernel<(int)128, (int)2, void at::native::gpu_kerne|void at::native::vectorized_elementwise_kernel<(int)8, at::native::float16_copy_"
react_moa_mcts,measured,3,mcts-root,10,LinearOp,me,nvtx_operator_range,109569,4477504172,20157,20157,0,1,0,8811,20157,gemm,ampere_fp16_s1688gemm_fp16_128x64_sliced1x2_ldg8_f2f_nn
react_moa_mcts,measured,3,mcts-root,11,LinearOp,me,nvtx_operator_range,94188,4477620213,19869,19869,0,1,0,8175,19869,gemm,ampere_fp16_s1688gemm_fp16_128x64_sliced1x2_ldg8_f2f_nn
react_moa_mcts,measured,3,mcts-root,12,LinearOp,me,nvtx_operator_range,92795,4477720961,20221,20221,0,1,0,7979,20221,gemm,ampere_fp16_s1688gemm_fp16_128x64_sliced1x2_ldg8_f2f_nn
react_moa_mcts,measured,3,mcts-root,13,ViewOp,de,nvtx_operator_range,66283,4477821613,0,0,0,0,0,,,,
react_moa_mcts,measured,3,mcts-root,14,TransposeOp,de,nvtx_operator_range,108370,4477894111,12414,12414,0,1,0,9348,12414,copy,"void at::native::elementwise_kernel<(int)128, (int)4, void at::native::gpu_kerne"
react_moa_mcts,measured,3,mcts-actor0,6,RMSNormOp,ve,nvtx_operator_range,228223,4493784007,19422,19422,0,7,0,7909,114606,copy|elementwise_binary|elementwise_unary|reduce,"void at::native::unrolled_elementwise_kernel<at::native::direct_copy_kernel_cuda|void at::native::vectorized_elementwise_kernel<(int)4, void at::native::<unnamed|void at::native::reduce_kernel<(int)512, (int)1, at::native::ReduceOp<float, at:|void at::native::vectorized_elementwise_kernel<(int)4, at::native::CUDAFunctorOn|void at::native::vectorized_elementwise_kernel<(int)4, at::native::rsqrt_kernel_|void at::native::elementwise_kernel<(int)128, (int)2, void at::native::gpu_kerne|void at::native::vectorized_elementwise_kernel<(int)8, at::native::float16_copy_"
react_moa_mcts,measured,3,mcts-actor0,7,AddOp,ve,nvtx_operator_range,107618,4494021253,2080,2080,0,1,0,8692,2080,elementwise_binary,"void at::native::vectorized_elementwise_kernel<(int)8, at::native::CUDAFunctorOn"
react_moa_mcts,measured,3,mcts-actor0,8,RMSNormOp,ve,nvtx_operator_range,209066,4494136034,18878,18878,0,7,0,8248,111759,copy|elementwise_binary|elementwise_unary|reduce,"void at::native::unrolled_elementwise_kernel<at::native::direct_copy_kernel_cuda|void at::native::vectorized_elementwise_kernel<(int)4, void at::native::<unnamed|void at::native::reduce_kernel<(int)512, (int)1, at::native::ReduceOp<float, at:|void at::native::vectorized_elementwise_kernel<(int)4, at::native::CUDAFunctorOn|void at::native::vectorized_elementwise_kernel<(int)4, at::native::rsqrt_kernel_|void at::native::elementwise_kernel<(int)128, (int)2, void at::native::gpu_kerne|void at::native::vectorized_elementwise_kernel<(int)8, at::native::float16_copy_"
react_moa_mcts,measured,3,mcts-actor0,10,LinearOp,me,nvtx_operator_range,109341,4494352716,20060,20060,0,1,0,8726,20060,gemm,ampere_fp16_s1688gemm_fp16_128x64_sliced1x2_ldg8_f2f_nn
react_moa_mcts,measured,3,mcts-actor0,11,LinearOp,me,nvtx_operator_range,92803,4494468888,20189,20189,0,1,0,8005,20189,gemm,ampere_fp16_s1688gemm_fp16_128x64_sliced1x2_ldg8_f2f_nn
react_moa_mcts,measured,3,mcts-actor0,12,LinearOp,me,nvtx_operator_range,89754,4494568245,20028,20028,0,1,0,7538,20028,gemm,ampere_fp16_s1688gemm_fp16_128x64_sliced1x2_ldg8_f2f_nn
react_moa_mcts,measured,3,mcts-actor0,13,ViewOp,de,nvtx_operator_range,64591,4494665238,0,0,0,0,0,,,,
react_moa_mcts,measured,3,mcts-actor0,14,TransposeOp,de,nvtx_operator_range,107274,4494735436,12670,12670,0,1,0,9287,12670,copy,"void at::native::elementwise_kernel<(int)128, (int)4, void at::native::gpu_kerne"
react_moa_mcts,measured,3,mcts-actor1,6,RMSNormOp,ve,nvtx_operator_range,230970,4508659981,19327,19327,0,7,0,8488,116078,copy|elementwise_binary|elementwise_unary|reduce,"void at::native::unrolled_elementwise_kernel<at::native::direct_copy_kernel_cuda|void at::native::vectorized_elementwise_kernel<(int)4, void at::native::<unnamed|void at::native::reduce_kernel<(int)512, (int)1, at::native::ReduceOp<float, at:|void at::native::vectorized_elementwise_kernel<(int)4, at::native::CUDAFunctorOn|void at::native::vectorized_elementwise_kernel<(int)4, at::native::rsqrt_kernel_|void at::native::elementwise_kernel<(int)128, (int)2, void at::native::gpu_kerne|void at::native::vectorized_elementwise_kernel<(int)8, at::native::float16_copy_"
react_moa_mcts,measured,3,mcts-actor1,7,AddOp,ve,nvtx_operator_range,94006,4508899535,2080,2080,0,1,0,8160,2080,elementwise_binary,"void at::native::vectorized_elementwise_kernel<(int)8, at::native::CUDAFunctorOn"
react_moa_mcts,measured,3,mcts-actor1,8,RMSNormOp,ve,nvtx_operator_range,219619,4509000201,19325,19325,0,7,0,8945,112046,copy|elementwise_binary|elementwise_unary|reduce,"void at::native::unrolled_elementwise_kernel<at::native::direct_copy_kernel_cuda|void at::native::vectorized_elementwise_kernel<(int)4, void at::native::<unnamed|void at::native::reduce_kernel<(int)512, (int)1, at::native::ReduceOp<float, at:|void at::native::vectorized_elementwise_kernel<(int)4, at::native::CUDAFunctorOn|void at::native::vectorized_elementwise_kernel<(int)4, at::native::rsqrt_kernel_|void at::native::elementwise_kernel<(int)128, (int)2, void at::native::gpu_kerne|void at::native::vectorized_elementwise_kernel<(int)8, at::native::float16_copy_"
react_moa_mcts,measured,3,mcts-actor1,10,LinearOp,me,nvtx_operator_range,110979,4509227257,20157,20157,0,1,0,9179,20157,gemm,ampere_fp16_s1688gemm_fp16_128x64_sliced1x2_ldg8_f2f_nn
react_moa_mcts,measured,3,mcts-actor1,11,LinearOp,me,nvtx_operator_range,97329,4509351144,20189,20189,0,1,0,8796,20189,gemm,ampere_fp16_s1688gemm_fp16_128x64_sliced1x2_ldg8_f2f_nn
react_moa_mcts,measured,3,mcts-actor1,12,LinearOp,me,nvtx_operator_range,92300,4509454961,19837,19837,0,1,0,7817,19837,gemm,ampere_fp16_s1688gemm_fp16_128x64_sliced1x2_ldg8_f2f_nn
react_moa_mcts,measured,3,mcts-actor1,13,ViewOp,de,nvtx_operator_range,65647,4509554948,0,0,0,0,0,,,,
react_moa_mcts,measured,3,mcts-actor1,14,TransposeOp,de,nvtx_operator_range,109830,4509626334,12606,12606,0,1,0,9419,12606,copy,"void at::native::elementwise_kernel<(int)128, (int)4, void at::native::gpu_kerne"
react_moa_mcts,measured,3,moa-reduce,6,RMSNormOp,ve,nvtx_operator_range,231624,4523561121,19356,19356,0,7,0,8186,115597,copy|elementwise_binary|elementwise_unary|reduce,"void at::native::unrolled_elementwise_kernel<at::native::direct_copy_kernel_cuda|void at::native::vectorized_elementwise_kernel<(int)4, void at::native::<unnamed|void at::native::reduce_kernel<(int)512, (int)1, at::native::ReduceOp<float, at:|void at::native::vectorized_elementwise_kernel<(int)4, at::native::CUDAFunctorOn|void at::native::vectorized_elementwise_kernel<(int)4, at::native::rsqrt_kernel_|void at::native::elementwise_kernel<(int)128, (int)2, void at::native::gpu_kerne|void at::native::vectorized_elementwise_kernel<(int)8, at::native::float16_copy_"
react_moa_mcts,measured,3,moa-reduce,7,AddOp,ve,nvtx_operator_range,94871,4523801408,2080,2080,0,1,0,8333,2080,elementwise_binary,"void at::native::vectorized_elementwise_kernel<(int)8, at::native::CUDAFunctorOn"
react_moa_mcts,measured,3,moa-reduce,8,RMSNormOp,ve,nvtx_operator_range,219106,4523903161,18942,18942,0,7,0,8805,119245,copy|elementwise_binary|elementwise_unary|reduce,"void at::native::unrolled_elementwise_kernel<at::native::direct_copy_kernel_cuda|void at::native::vectorized_elementwise_kernel<(int)4, void at::native::<unnamed|void at::native::reduce_kernel<(int)512, (int)1, at::native::ReduceOp<float, at:|void at::native::vectorized_elementwise_kernel<(int)4, at::native::CUDAFunctorOn|void at::native::vectorized_elementwise_kernel<(int)4, at::native::rsqrt_kernel_|void at::native::elementwise_kernel<(int)128, (int)2, void at::native::gpu_kerne|void at::native::vectorized_elementwise_kernel<(int)8, at::native::float16_copy_"
react_moa_mcts,measured,3,moa-reduce,10,LinearOp,me,nvtx_operator_range,117134,4524130375,20125,20125,0,1,0,9382,20125,gemm,ampere_fp16_s1688gemm_fp16_128x64_sliced1x2_ldg8_f2f_nn
react_moa_mcts,measured,3,moa-reduce,11,LinearOp,me,nvtx_operator_range,102243,4524254470,20157,20157,0,1,0,13170,20157,gemm,ampere_fp16_s1688gemm_fp16_128x64_sliced1x2_ldg8_f2f_nn
react_moa_mcts,measured,3,moa-reduce,12,LinearOp,me,nvtx_operator_range,94195,4524363969,20157,20157,0,1,0,8114,20157,gemm,ampere_fp16_s1688gemm_fp16_128x64_sliced1x2_ldg8_f2f_nn
react_moa_mcts,measured,3,moa-reduce,13,ViewOp,de,nvtx_operator_range,65756,4524466263,0,0,0,0,0,,,,
react_moa_mcts,measured,3,moa-reduce,14,TransposeOp,de,nvtx_operator_range,110263,4524537749,12574,12574,0,1,0,9322,12574,copy,"void at::native::elementwise_kernel<(int)128, (int)4, void at::native::gpu_kerne"
react_moa_mcts,measured,3,react-answer,6,RMSNormOp,ve,nvtx_operator_range,230934,4536368357,17981,17981,0,7,0,8288,115821,copy|elementwise_binary|elementwise_unary|reduce,"void at::native::unrolled_elementwise_kernel<at::native::direct_copy_kernel_cuda|void at::native::vectorized_elementwise_kernel<(int)4, void at::native::<unnamed|void at::native::reduce_kernel<(int)512, (int)1, at::native::ReduceOp<float, at:|void at::native::vectorized_elementwise_kernel<(int)4, at::native::CUDAFunctorOn|void at::native::vectorized_elementwise_kernel<(int)4, at::native::rsqrt_kernel_|void at::native::elementwise_kernel<(int)128, (int)2, void at::native::gpu_kerne|void at::native::vectorized_elementwise_kernel<(int)8, at::native::float16_copy_"
react_moa_mcts,measured,3,react-answer,7,AddOp,ve,nvtx_operator_range,95088,4536608058,1696,1696,0,1,0,8303,1696,elementwise_binary,"void at::native::vectorized_elementwise_kernel<(int)8, at::native::CUDAFunctorOn"
react_moa_mcts,measured,3,react-answer,8,RMSNormOp,ve,nvtx_operator_range,205643,4536710686,17309,17309,0,7,0,8185,107215,copy|elementwise_binary|elementwise_unary|reduce,"void at::native::unrolled_elementwise_kernel<at::native::direct_copy_kernel_cuda|void at::native::vectorized_elementwise_kernel<(int)4, void at::native::<unnamed|void at::native::reduce_kernel<(int)512, (int)1, at::native::ReduceOp<float, at:|void at::native::vectorized_elementwise_kernel<(int)4, at::native::CUDAFunctorOn|void at::native::vectorized_elementwise_kernel<(int)4, at::native::rsqrt_kernel_|void at::native::elementwise_kernel<(int)128, (int)2, void at::native::gpu_kerne|void at::native::vectorized_elementwise_kernel<(int)8, at::native::float16_copy_"
react_moa_mcts,measured,3,react-answer,10,LinearOp,me,nvtx_operator_range,123274,4536924337,14589,14589,0,1,0,9565,14589,gemm,ampere_fp16_s16816gemm_fp16_128x64_ldg8_f2f_stages_32x6_nn
react_moa_mcts,measured,3,react-answer,11,LinearOp,me,nvtx_operator_range,98928,4537054679,14622,14622,0,1,0,9027,14622,gemm,ampere_fp16_s16816gemm_fp16_128x64_ldg8_f2f_stages_32x6_nn
react_moa_mcts,measured,3,react-answer,12,LinearOp,me,nvtx_operator_range,91491,4537160174,14558,14558,0,1,0,7773,14558,gemm,ampere_fp16_s16816gemm_fp16_128x64_ldg8_f2f_stages_32x6_nn
react_moa_mcts,measured,3,react-answer,13,ViewOp,de,nvtx_operator_range,65859,4537259553,0,0,0,0,0,,,,
react_moa_mcts,measured,3,react-answer,14,TransposeOp,de,nvtx_operator_range,109157,4537331019,12126,12126,0,1,0,9181,12126,copy,"void at::native::elementwise_kernel<(int)128, (int)4, void at::native::gpu_kerne"
react_moa_mcts,measured,3,mcts-critic,6,RMSNormOp,ve,nvtx_operator_range,232235,4551289489,19419,19419,0,7,0,8445,116621,copy|elementwise_binary|elementwise_unary|reduce,"void at::native::unrolled_elementwise_kernel<at::native::direct_copy_kernel_cuda|void at::native::vectorized_elementwise_kernel<(int)4, void at::native::<unnamed|void at::native::reduce_kernel<(int)512, (int)1, at::native::ReduceOp<float, at:|void at::native::vectorized_elementwise_kernel<(int)4, at::native::CUDAFunctorOn|void at::native::vectorized_elementwise_kernel<(int)4, at::native::rsqrt_kernel_|void at::native::elementwise_kernel<(int)128, (int)2, void at::native::gpu_kerne|void at::native::vectorized_elementwise_kernel<(int)8, at::native::float16_copy_"
react_moa_mcts,measured,3,mcts-critic,7,AddOp,ve,nvtx_operator_range,94799,4551530630,2080,2080,0,1,0,8333,2080,elementwise_binary,"void at::native::vectorized_elementwise_kernel<(int)8, at::native::CUDAFunctorOn"
react_moa_mcts,measured,3,mcts-critic,8,RMSNormOp,ve,nvtx_operator_range,205772,4551632112,18975,18975,0,7,0,8261,108687,copy|elementwise_binary|elementwise_unary|reduce,"void at::native::unrolled_elementwise_kernel<at::native::direct_copy_kernel_cuda|void at::native::vectorized_elementwise_kernel<(int)4, void at::native::<unnamed|void at::native::reduce_kernel<(int)512, (int)1, at::native::ReduceOp<float, at:|void at::native::vectorized_elementwise_kernel<(int)4, at::native::CUDAFunctorOn|void at::native::vectorized_elementwise_kernel<(int)4, at::native::rsqrt_kernel_|void at::native::elementwise_kernel<(int)128, (int)2, void at::native::gpu_kerne|void at::native::vectorized_elementwise_kernel<(int)8, at::native::float16_copy_"
react_moa_mcts,measured,3,mcts-critic,10,LinearOp,me,nvtx_operator_range,110018,4551845559,20124,20124,0,1,0,8761,20124,gemm,ampere_fp16_s1688gemm_fp16_128x64_sliced1x2_ldg8_f2f_nn
react_moa_mcts,measured,3,mcts-critic,11,LinearOp,me,nvtx_operator_range,103028,4551962899,19965,19965,0,1,0,8049,19965,gemm,ampere_fp16_s1688gemm_fp16_128x64_sliced1x2_ldg8_f2f_nn
react_moa_mcts,measured,3,mcts-critic,12,LinearOp,me,nvtx_operator_range,95701,4552073019,19869,19869,0,1,0,8557,19869,gemm,ampere_fp16_s1688gemm_fp16_128x64_sliced1x2_ldg8_f2f_nn
react_moa_mcts,measured,3,mcts-critic,13,ViewOp,de,nvtx_operator_range,65911,4552175254,0,0,0,0,0,,,,
react_moa_mcts,measured,3,mcts-critic,14,TransposeOp,de,nvtx_operator_range,108773,4552246820,12414,12414,0,1,0,9541,12414,copy,"void at::native::elementwise_kernel<(int)128, (int)4, void at::native::gpu_kerne"
react_moa_mcts,measured,4,react-plan,,call_overhead,,gap_before_operator,,,55894,4990,50904,2,1,11624,161638,elementwise_binary|memcpy|rng_init,"memcpy_Host-to-Device|void at::native::<unnamed>::distribution_elementwise_grid_stride_kernel<float, (|void at::native::vectorized_elementwise_kernel<(int)8, at::native::BUnaryFunctor"
react_moa_mcts,measured,4,moa-map0,,call_overhead,,gap_before_operator,,,144937,7039,137898,2,2,10341,14632500,elementwise_binary|memcpy|rng_init,"memcpy_Device-to-Host|memcpy_Host-to-Device|void at::native::<unnamed>::distribution_elementwise_grid_stride_kernel<float, (|void at::native::vectorized_elementwise_kernel<(int)8, at::native::BUnaryFunctor"
react_moa_mcts,measured,4,moa-map1,,call_overhead,,gap_before_operator,,,188482,7103,181379,2,2,9849,13783132,elementwise_binary|memcpy|rng_init,"memcpy_Device-to-Host|memcpy_Host-to-Device|void at::native::<unnamed>::distribution_elementwise_grid_stride_kernel<float, (|void at::native::vectorized_elementwise_kernel<(int)8, at::native::BUnaryFunctor"
react_moa_mcts,measured,4,moa-map2,,call_overhead,,gap_before_operator,,,183267,7071,176196,2,2,10508,13760704,elementwise_binary|memcpy|rng_init,"memcpy_Device-to-Host|memcpy_Host-to-Device|void at::native::<unnamed>::distribution_elementwise_grid_stride_kernel<float, (|void at::native::vectorized_elementwise_kernel<(int)8, at::native::BUnaryFunctor"
react_moa_mcts,measured,4,mcts-root,,call_overhead,,gap_before_operator,,,185377,7006,178371,2,2,10548,13761887,elementwise_binary|memcpy|rng_init,"memcpy_Device-to-Host|memcpy_Host-to-Device|void at::native::<unnamed>::distribution_elementwise_grid_stride_kernel<float, (|void at::native::vectorized_elementwise_kernel<(int)8, at::native::BUnaryFunctor"
react_moa_mcts,measured,4,mcts-actor0,,call_overhead,,gap_before_operator,,,186016,7070,178946,2,2,12131,15734946,elementwise_binary|memcpy|rng_init,"memcpy_Device-to-Host|memcpy_Host-to-Device|void at::native::<unnamed>::distribution_elementwise_grid_stride_kernel<float, (|void at::native::vectorized_elementwise_kernel<(int)8, at::native::BUnaryFunctor"
react_moa_mcts,measured,4,mcts-actor1,,call_overhead,,gap_before_operator,,,187970,7038,180932,2,2,10473,14393402,elementwise_binary|memcpy|rng_init,"memcpy_Device-to-Host|memcpy_Host-to-Device|void at::native::<unnamed>::distribution_elementwise_grid_stride_kernel<float, (|void at::native::vectorized_elementwise_kernel<(int)8, at::native::BUnaryFunctor"
react_moa_mcts,measured,4,moa-reduce,,call_overhead,,gap_before_operator,,,187810,7039,180771,2,2,10479,14303561,elementwise_binary|memcpy|rng_init,"memcpy_Device-to-Host|memcpy_Host-to-Device|void at::native::<unnamed>::distribution_elementwise_grid_stride_kernel<float, (|void at::native::vectorized_elementwise_kernel<(int)8, at::native::BUnaryFunctor"
react_moa_mcts,measured,4,react-answer,,call_overhead,,gap_before_operator,,,165991,6720,159271,2,2,10441,11673423,elementwise_binary|memcpy|rng_init,"memcpy_Device-to-Host|memcpy_Host-to-Device|void at::native::<unnamed>::distribution_elementwise_grid_stride_kernel<float, (|void at::native::vectorized_elementwise_kernel<(int)8, at::native::BUnaryFunctor"
react_moa_mcts,measured,4,mcts-critic,,call_overhead,,gap_before_operator,,,260533,7102,253431,2,3,10324,15004024,elementwise_binary|memcpy|rng_init,"memcpy_Device-to-Host|memcpy_Host-to-Device|void at::native::<unnamed>::distribution_elementwise_grid_stride_kernel<float, (|void at::native::vectorized_elementwise_kernel<(int)8, at::native::BUnaryFunctor"
react_moa_mcts,measured,4,react-plan,6,RMSNormOp,ve,nvtx_operator_range,229294,4562373898,15839,15839,0,7,0,8142,115502,copy|elementwise_binary|elementwise_unary|reduce,"void at::native::unrolled_elementwise_kernel<at::native::direct_copy_kernel_cuda|void at::native::vectorized_elementwise_kernel<(int)4, void at::native::<unnamed|void at::native::reduce_kernel<(int)512, (int)1, at::native::ReduceOp<float, at:|void at::native::vectorized_elementwise_kernel<(int)4, at::native::CUDAFunctorOn|void at::native::vectorized_elementwise_kernel<(int)4, at::native::rsqrt_kernel_|void at::native::elementwise_kernel<(int)128, (int)2, void at::native::gpu_kerne|void at::native::vectorized_elementwise_kernel<(int)8, at::native::float16_copy_"
react_moa_mcts,measured,4,react-plan,7,AddOp,ve,nvtx_operator_range,94234,4562612192,1440,1440,0,1,0,8152,1440,elementwise_binary,"void at::native::vectorized_elementwise_kernel<(int)8, at::native::CUDAFunctorOn"
react_moa_mcts,measured,4,react-plan,8,RMSNormOp,ve,nvtx_operator_range,205780,4562713090,15518,15518,0,7,0,8354,107311,copy|elementwise_binary|elementwise_unary|reduce,"void at::native::unrolled_elementwise_kernel<at::native::direct_copy_kernel_cuda|void at::native::vectorized_elementwise_kernel<(int)4, void at::native::<unnamed|void at::native::reduce_kernel<(int)512, (int)1, at::native::ReduceOp<float, at:|void at::native::vectorized_elementwise_kernel<(int)4, at::native::CUDAFunctorOn|void at::native::vectorized_elementwise_kernel<(int)4, at::native::rsqrt_kernel_|void at::native::elementwise_kernel<(int)128, (int)2, void at::native::gpu_kerne|void at::native::vectorized_elementwise_kernel<(int)8, at::native::float16_copy_"
react_moa_mcts,measured,4,react-plan,10,LinearOp,me,nvtx_operator_range,163378,4562926479,12894,12478,416,1,1,13281,20956,gemm|memset,memset|void cutlass::Kernel2<cutlass_80_tensorop_f16_s16816gemm_relu_f16_64x64_32x6_nn_
react_moa_mcts,measured,4,react-plan,11,LinearOp,me,nvtx_operator_range,113827,4563098027,12734,12286,448,1,1,6770,19965,gemm|memset,memset|void cutlass::Kernel2<cutlass_80_tensorop_f16_s16816gemm_relu_f16_64x64_32x6_nn_
react_moa_mcts,measured,4,react-plan,12,LinearOp,me,nvtx_operator_range,105532,4563220335,12606,12190,416,1,1,6353,19005,gemm|memset,memset|void cutlass::Kernel2<cutlass_80_tensorop_f16_s16816gemm_relu_f16_64x64_32x6_nn_
react_moa_mcts,measured,4,react-plan,13,ViewOp,de,nvtx_operator_range,67115,4563332826,0,0,0,0,0,,,,
react_moa_mcts,measured,4,react-plan,14,TransposeOp,de,nvtx_operator_range,113695,4563406136,9406,9406,0,1,0,9793,9406,copy,"void at::native::elementwise_kernel<(int)128, (int)4, void at::native::gpu_kerne"
react_moa_mcts,measured,4,moa-map0,6,RMSNormOp,ve,nvtx_operator_range,235696,4578178823,19292,19292,0,7,0,8722,116429,copy|elementwise_binary|elementwise_unary|reduce,"void at::native::unrolled_elementwise_kernel<at::native::direct_copy_kernel_cuda|void at::native::vectorized_elementwise_kernel<(int)4, void at::native::<unnamed|void at::native::reduce_kernel<(int)512, (int)1, at::native::ReduceOp<float, at:|void at::native::vectorized_elementwise_kernel<(int)4, at::native::CUDAFunctorOn|void at::native::vectorized_elementwise_kernel<(int)4, at::native::rsqrt_kernel_|void at::native::elementwise_kernel<(int)128, (int)2, void at::native::gpu_kerne|void at::native::vectorized_elementwise_kernel<(int)8, at::native::float16_copy_"
react_moa_mcts,measured,4,moa-map0,7,AddOp,ve,nvtx_operator_range,99913,4578423572,2080,2080,0,1,0,8447,2080,elementwise_binary,"void at::native::vectorized_elementwise_kernel<(int)8, at::native::CUDAFunctorOn"
react_moa_mcts,measured,4,moa-map0,8,RMSNormOp,ve,nvtx_operator_range,211648,4578530981,18778,18778,0,7,0,8889,111118,copy|elementwise_binary|elementwise_unary|reduce,"void at::native::unrolled_elementwise_kernel<at::native::direct_copy_kernel_cuda|void at::native::vectorized_elementwise_kernel<(int)4, void at::native::<unnamed|void at::native::reduce_kernel<(int)512, (int)1, at::native::ReduceOp<float, at:|void at::native::vectorized_elementwise_kernel<(int)4, at::native::CUDAFunctorOn|void at::native::vectorized_elementwise_kernel<(int)4, at::native::rsqrt_kernel_|void at::native::elementwise_kernel<(int)128, (int)2, void at::native::gpu_kerne|void at::native::vectorized_elementwise_kernel<(int)8, at::native::float16_copy_"
react_moa_mcts,measured,4,moa-map0,10,LinearOp,me,nvtx_operator_range,110428,4578750487,20220,20220,0,1,0,9168,20220,gemm,ampere_fp16_s1688gemm_fp16_128x64_sliced1x2_ldg8_f2f_nn
react_moa_mcts,measured,4,moa-map0,11,LinearOp,me,nvtx_operator_range,95892,4578868123,20349,20349,0,1,0,8020,20349,gemm,ampere_fp16_s1688gemm_fp16_128x64_sliced1x2_ldg8_f2f_nn
react_moa_mcts,measured,4,moa-map0,12,LinearOp,me,nvtx_operator_range,101779,4578970747,20093,20093,0,1,0,7997,20093,gemm,ampere_fp16_s1688gemm_fp16_128x64_sliced1x2_ldg8_f2f_nn
react_moa_mcts,measured,4,moa-map0,13,ViewOp,de,nvtx_operator_range,65297,4579080672,0,0,0,0,0,,,,
react_moa_mcts,measured,4,moa-map0,14,TransposeOp,de,nvtx_operator_range,112457,4579151487,12574,12574,0,1,0,10524,12574,copy,"void at::native::elementwise_kernel<(int)128, (int)4, void at::native::gpu_kerne"
react_moa_mcts,measured,4,moa-map1,6,RMSNormOp,ve,nvtx_operator_range,233089,4593082902,19358,19358,0,7,0,8542,117389,copy|elementwise_binary|elementwise_unary|reduce,"void at::native::unrolled_elementwise_kernel<at::native::direct_copy_kernel_cuda|void at::native::vectorized_elementwise_kernel<(int)4, void at::native::<unnamed|void at::native::reduce_kernel<(int)512, (int)1, at::native::ReduceOp<float, at:|void at::native::vectorized_elementwise_kernel<(int)4, at::native::CUDAFunctorOn|void at::native::vectorized_elementwise_kernel<(int)4, at::native::rsqrt_kernel_|void at::native::elementwise_kernel<(int)128, (int)2, void at::native::gpu_kerne|void at::native::vectorized_elementwise_kernel<(int)8, at::native::float16_copy_"
react_moa_mcts,measured,4,moa-map1,7,AddOp,ve,nvtx_operator_range,101653,4593324722,2080,2080,0,1,0,8352,2080,elementwise_binary,"void at::native::vectorized_elementwise_kernel<(int)8, at::native::CUDAFunctorOn"
react_moa_mcts,measured,4,moa-map1,8,RMSNormOp,ve,nvtx_operator_range,211157,4593433574,19197,19197,0,7,0,8689,112046,copy|elementwise_binary|elementwise_unary|reduce,"void at::native::unrolled_elementwise_kernel<at::native::direct_copy_kernel_cuda|void at::native::vectorized_elementwise_kernel<(int)4, void at::native::<unnamed|void at::native::reduce_kernel<(int)512, (int)1, at::native::ReduceOp<float, at:|void at::native::vectorized_elementwise_kernel<(int)4, at::native::CUDAFunctorOn|void at::native::vectorized_elementwise_kernel<(int)4, at::native::rsqrt_kernel_|void at::native::elementwise_kernel<(int)128, (int)2, void at::native::gpu_kerne|void at::native::vectorized_elementwise_kernel<(int)8, at::native::float16_copy_"
react_moa_mcts,measured,4,moa-map1,10,LinearOp,me,nvtx_operator_range,110885,4593652285,20093,20093,0,1,0,8920,20093,gemm,ampere_fp16_s1688gemm_fp16_128x64_sliced1x2_ldg8_f2f_nn
react_moa_mcts,measured,4,moa-map1,11,LinearOp,me,nvtx_operator_range,94995,4593769931,20189,20189,0,1,0,8379,20189,gemm,ampere_fp16_s1688gemm_fp16_128x64_sliced1x2_ldg8_f2f_nn
react_moa_mcts,measured,4,moa-map1,12,LinearOp,me,nvtx_operator_range,91685,4593871235,20124,20124,0,1,0,7803,20124,gemm,ampere_fp16_s1688gemm_fp16_128x64_sliced1x2_ldg8_f2f_nn
react_moa_mcts,measured,4,moa-map1,13,ViewOp,de,nvtx_operator_range,73628,4593970782,0,0,0,0,0,,,,
react_moa_mcts,measured,4,moa-map1,14,TransposeOp,de,nvtx_operator_range,111389,4594050560,12350,12350,0,1,0,10008,12350,copy,"void at::native::elementwise_kernel<(int)128, (int)4, void at::native::gpu_kerne"
react_moa_mcts,measured,4,moa-map2,6,RMSNormOp,ve,nvtx_operator_range,241071,4607948915,19324,19324,0,7,0,8261,124972,copy|elementwise_binary|elementwise_unary|reduce,"void at::native::unrolled_elementwise_kernel<at::native::direct_copy_kernel_cuda|void at::native::vectorized_elementwise_kernel<(int)4, void at::native::<unnamed|void at::native::reduce_kernel<(int)512, (int)1, at::native::ReduceOp<float, at:|void at::native::vectorized_elementwise_kernel<(int)4, at::native::CUDAFunctorOn|void at::native::vectorized_elementwise_kernel<(int)4, at::native::rsqrt_kernel_|void at::native::elementwise_kernel<(int)128, (int)2, void at::native::gpu_kerne|void at::native::vectorized_elementwise_kernel<(int)8, at::native::float16_copy_"
react_moa_mcts,measured,4,moa-map2,7,AddOp,ve,nvtx_operator_range,93714,4608199169,2048,2048,0,1,0,8438,2048,elementwise_binary,"void at::native::vectorized_elementwise_kernel<(int)8, at::native::CUDAFunctorOn"
react_moa_mcts,measured,4,moa-map2,8,RMSNormOp,ve,nvtx_operator_range,206401,4608299068,19194,19194,0,7,0,8436,108654,copy|elementwise_binary|elementwise_unary|reduce,"void at::native::unrolled_elementwise_kernel<at::native::direct_copy_kernel_cuda|void at::native::vectorized_elementwise_kernel<(int)4, void at::native::<unnamed|void at::native::reduce_kernel<(int)512, (int)1, at::native::ReduceOp<float, at:|void at::native::vectorized_elementwise_kernel<(int)4, at::native::CUDAFunctorOn|void at::native::vectorized_elementwise_kernel<(int)4, at::native::rsqrt_kernel_|void at::native::elementwise_kernel<(int)128, (int)2, void at::native::gpu_kerne|void at::native::vectorized_elementwise_kernel<(int)8, at::native::float16_copy_"
react_moa_mcts,measured,4,moa-map2,10,LinearOp,me,nvtx_operator_range,110047,4608512843,20093,20093,0,1,0,8884,20093,gemm,ampere_fp16_s1688gemm_fp16_128x64_sliced1x2_ldg8_f2f_nn
react_moa_mcts,measured,4,moa-map2,11,LinearOp,me,nvtx_operator_range,94171,4608629712,20157,20157,0,1,0,7953,20157,gemm,ampere_fp16_s1688gemm_fp16_128x64_sliced1x2_ldg8_f2f_nn
react_moa_mcts,measured,4,moa-map2,12,LinearOp,me,nvtx_operator_range,92048,4608730078,20029,20029,0,1,0,7855,20029,gemm,ampere_fp16_s1688gemm_fp16_128x64_sliced1x2_ldg8_f2f_nn
react_moa_mcts,measured,4,moa-map2,13,ViewOp,de,nvtx_operator_range,65761,4608828254,0,0,0,0,0,,,,
react_moa_mcts,measured,4,moa-map2,14,TransposeOp,de,nvtx_operator_range,107072,4608899439,12318,12318,0,1,0,9410,12318,copy,"void at::native::elementwise_kernel<(int)128, (int)4, void at::native::gpu_kerne"
react_moa_mcts,measured,4,mcts-root,6,RMSNormOp,ve,nvtx_operator_range,242070,4622802114,19391,19391,0,7,0,8944,115630,copy|elementwise_binary|elementwise_unary|reduce,"void at::native::unrolled_elementwise_kernel<at::native::direct_copy_kernel_cuda|void at::native::vectorized_elementwise_kernel<(int)4, void at::native::<unnamed|void at::native::reduce_kernel<(int)512, (int)1, at::native::ReduceOp<float, at:|void at::native::vectorized_elementwise_kernel<(int)4, at::native::CUDAFunctorOn|void at::native::vectorized_elementwise_kernel<(int)4, at::native::rsqrt_kernel_|void at::native::elementwise_kernel<(int)128, (int)2, void at::native::gpu_kerne|void at::native::vectorized_elementwise_kernel<(int)8, at::native::float16_copy_"
react_moa_mcts,measured,4,mcts-root,7,AddOp,ve,nvtx_operator_range,97523,4623052867,2079,2079,0,1,0,8712,2079,elementwise_binary,"void at::native::vectorized_elementwise_kernel<(int)8, at::native::CUDAFunctorOn"
react_moa_mcts,measured,4,mcts-root,8,RMSNormOp,ve,nvtx_operator_range,209911,4623157222,19134,19134,0,7,0,8801,110671,copy|elementwise_binary|elementwise_unary|reduce,"void at::native::unrolled_elementwise_kernel<at::native::direct_copy_kernel_cuda|void at::native::vectorized_elementwise_kernel<(int)4, void at::native::<unnamed|void at::native::reduce_kernel<(int)512, (int)1, at::native::ReduceOp<float, at:|void at::native::vectorized_elementwise_kernel<(int)4, at::native::CUDAFunctorOn|void at::native::vectorized_elementwise_kernel<(int)4, at::native::rsqrt_kernel_|void at::native::elementwise_kernel<(int)128, (int)2, void at::native::gpu_kerne|void at::native::vectorized_elementwise_kernel<(int)8, at::native::float16_copy_"
react_moa_mcts,measured,4,mcts-root,10,LinearOp,me,nvtx_operator_range,112024,4623381098,20221,20221,0,1,0,9777,20221,gemm,ampere_fp16_s1688gemm_fp16_128x64_sliced1x2_ldg8_f2f_nn
react_moa_mcts,measured,4,mcts-root,11,LinearOp,me,nvtx_operator_range,94442,4623499908,20125,20125,0,1,0,8428,20125,gemm,ampere_fp16_s1688gemm_fp16_128x64_sliced1x2_ldg8_f2f_nn
react_moa_mcts,measured,4,mcts-root,12,LinearOp,me,nvtx_operator_range,98977,4623600703,20093,20093,0,1,0,8157,20093,gemm,ampere_fp16_s1688gemm_fp16_128x64_sliced1x2_ldg8_f2f_nn
react_moa_mcts,measured,4,mcts-root,13,ViewOp,de,nvtx_operator_range,65633,4623706390,0,0,0,0,0,,,,
react_moa_mcts,measured,4,mcts-root,14,TransposeOp,de,nvtx_operator_range,115317,4623778018,12222,12222,0,1,0,9887,12222,copy,"void at::native::elementwise_kernel<(int)128, (int)4, void at::native::gpu_kerne"
react_moa_mcts,measured,4,mcts-actor0,6,RMSNormOp,ve,nvtx_operator_range,228083,4639657563,19390,19390,0,7,0,8151,115182,copy|elementwise_binary|elementwise_unary|reduce,"void at::native::unrolled_elementwise_kernel<at::native::direct_copy_kernel_cuda|void at::native::vectorized_elementwise_kernel<(int)4, void at::native::<unnamed|void at::native::reduce_kernel<(int)512, (int)1, at::native::ReduceOp<float, at:|void at::native::vectorized_elementwise_kernel<(int)4, at::native::CUDAFunctorOn|void at::native::vectorized_elementwise_kernel<(int)4, at::native::rsqrt_kernel_|void at::native::elementwise_kernel<(int)128, (int)2, void at::native::gpu_kerne|void at::native::vectorized_elementwise_kernel<(int)8, at::native::float16_copy_"
react_moa_mcts,measured,4,mcts-actor0,7,AddOp,ve,nvtx_operator_range,93290,4639894480,2080,2080,0,1,0,8606,2080,elementwise_binary,"void at::native::vectorized_elementwise_kernel<(int)8, at::native::CUDAFunctorOn"
react_moa_mcts,measured,4,mcts-actor0,8,RMSNormOp,ve,nvtx_operator_range,217491,4639994537,18971,18971,0,7,0,8660,110958,copy|elementwise_binary|elementwise_unary|reduce,"void at::native::unrolled_elementwise_kernel<at::native::direct_copy_kernel_cuda|void at::native::vectorized_elementwise_kernel<(int)4, void at::native::<unnamed|void at::native::reduce_kernel<(int)512, (int)1, at::native::ReduceOp<float, at:|void at::native::vectorized_elementwise_kernel<(int)4, at::native::CUDAFunctorOn|void at::native::vectorized_elementwise_kernel<(int)4, at::native::rsqrt_kernel_|void at::native::elementwise_kernel<(int)128, (int)2, void at::native::gpu_kerne|void at::native::vectorized_elementwise_kernel<(int)8, at::native::float16_copy_"
react_moa_mcts,measured,4,mcts-actor0,10,LinearOp,me,nvtx_operator_range,110019,4640219726,20221,20221,0,1,0,8737,20221,gemm,ampere_fp16_s1688gemm_fp16_128x64_sliced1x2_ldg8_f2f_nn
react_moa_mcts,measured,4,mcts-actor0,11,LinearOp,me,nvtx_operator_range,94330,4640336909,20285,20285,0,1,0,7637,20285,gemm,ampere_fp16_s1688gemm_fp16_128x64_sliced1x2_ldg8_f2f_nn
react_moa_mcts,measured,4,mcts-actor0,12,LinearOp,me,nvtx_operator_range,92261,4640437676,19997,19997,0,1,0,7918,19997,gemm,ampere_fp16_s1688gemm_fp16_128x64_sliced1x2_ldg8_f2f_nn
react_moa_mcts,measured,4,mcts-actor0,13,ViewOp,de,nvtx_operator_range,66058,4640536826,0,0,0,0,0,,,,
react_moa_mcts,measured,4,mcts-actor0,14,TransposeOp,de,nvtx_operator_range,107468,4640608317,12382,12382,0,1,0,9470,12382,copy,"void at::native::elementwise_kernel<(int)128, (int)4, void at::native::gpu_kerne"
react_moa_mcts,measured,4,mcts-actor1,6,RMSNormOp,ve,nvtx_operator_range,228530,4655135576,19423,19423,0,7,0,8653,115470,copy|elementwise_binary|elementwise_unary|reduce,"void at::native::unrolled_elementwise_kernel<at::native::direct_copy_kernel_cuda|void at::native::vectorized_elementwise_kernel<(int)4, void at::native::<unnamed|void at::native::reduce_kernel<(int)512, (int)1, at::native::ReduceOp<float, at:|void at::native::vectorized_elementwise_kernel<(int)4, at::native::CUDAFunctorOn|void at::native::vectorized_elementwise_kernel<(int)4, at::native::rsqrt_kernel_|void at::native::elementwise_kernel<(int)128, (int)2, void at::native::gpu_kerne|void at::native::vectorized_elementwise_kernel<(int)8, at::native::float16_copy_"
react_moa_mcts,measured,4,mcts-actor1,7,AddOp,ve,nvtx_operator_range,94937,4655373225,2016,2016,0,1,0,8445,2016,elementwise_binary,"void at::native::vectorized_elementwise_kernel<(int)8, at::native::CUDAFunctorOn"
react_moa_mcts,measured,4,mcts-actor1,8,RMSNormOp,ve,nvtx_operator_range,207397,4655474919,19163,19163,0,7,0,8953,109710,copy|elementwise_binary|elementwise_unary|reduce,"void at::native::unrolled_elementwise_kernel<at::native::direct_copy_kernel_cuda|void at::native::vectorized_elementwise_kernel<(int)4, void at::native::<unnamed|void at::native::reduce_kernel<(int)512, (int)1, at::native::ReduceOp<float, at:|void at::native::vectorized_elementwise_kernel<(int)4, at::native::CUDAFunctorOn|void at::native::vectorized_elementwise_kernel<(int)4, at::native::rsqrt_kernel_|void at::native::elementwise_kernel<(int)128, (int)2, void at::native::gpu_kerne|void at::native::vectorized_elementwise_kernel<(int)8, at::native::float16_copy_"
react_moa_mcts,measured,4,mcts-actor1,10,LinearOp,me,nvtx_operator_range,109624,4655689545,20029,20029,0,1,0,8881,20029,gemm,ampere_fp16_s1688gemm_fp16_128x64_sliced1x2_ldg8_f2f_nn
react_moa_mcts,measured,4,mcts-actor1,11,LinearOp,me,nvtx_operator_range,94687,4655805921,20156,20156,0,1,0,7929,20156,gemm,ampere_fp16_s1688gemm_fp16_128x64_sliced1x2_ldg8_f2f_nn
react_moa_mcts,measured,4,mcts-actor1,12,LinearOp,me,nvtx_operator_range,91213,4655906894,20157,20157,0,1,0,7839,20157,gemm,ampere_fp16_s1688gemm_fp16_128x64_sliced1x2_ldg8_f2f_nn
react_moa_mcts,measured,4,mcts-actor1,13,ViewOp,de,nvtx_operator_range,73577,4656005710,0,0,0,0,0,,,,
react_moa_mcts,measured,4,mcts-actor1,14,TransposeOp,de,nvtx_operator_range,109830,4656085142,12414,12414,0,1,0,9766,12414,copy,"void at::native::elementwise_kernel<(int)128, (int)4, void at::native::gpu_kerne"
react_moa_mcts,measured,4,moa-reduce,6,RMSNormOp,ve,nvtx_operator_range,233256,4670524958,19420,19420,0,7,0,8607,115181,copy|elementwise_binary|elementwise_unary|reduce,"void at::native::unrolled_elementwise_kernel<at::native::direct_copy_kernel_cuda|void at::native::vectorized_elementwise_kernel<(int)4, void at::native::<unnamed|void at::native::reduce_kernel<(int)512, (int)1, at::native::ReduceOp<float, at:|void at::native::vectorized_elementwise_kernel<(int)4, at::native::CUDAFunctorOn|void at::native::vectorized_elementwise_kernel<(int)4, at::native::rsqrt_kernel_|void at::native::elementwise_kernel<(int)128, (int)2, void at::native::gpu_kerne|void at::native::vectorized_elementwise_kernel<(int)8, at::native::float16_copy_"
react_moa_mcts,measured,4,moa-reduce,7,AddOp,ve,nvtx_operator_range,93793,4670766652,2079,2079,0,1,0,8713,2079,elementwise_binary,"void at::native::vectorized_elementwise_kernel<(int)8, at::native::CUDAFunctorOn"
react_moa_mcts,measured,4,moa-reduce,8,RMSNormOp,ve,nvtx_operator_range,215170,4670866925,19100,19100,0,7,0,8231,107663,copy|elementwise_binary|elementwise_unary|reduce,"void at::native::unrolled_elementwise_kernel<at::native::direct_copy_kernel_cuda|void at::native::vectorized_elementwise_kernel<(int)4, void at::native::<unnamed|void at::native::reduce_kernel<(int)512, (int)1, at::native::ReduceOp<float, at:|void at::native::vectorized_elementwise_kernel<(int)4, at::native::CUDAFunctorOn|void at::native::vectorized_elementwise_kernel<(int)4, at::native::rsqrt_kernel_|void at::native::elementwise_kernel<(int)128, (int)2, void at::native::gpu_kerne|void at::native::vectorized_elementwise_kernel<(int)8, at::native::float16_copy_"
react_moa_mcts,measured,4,moa-reduce,10,LinearOp,me,nvtx_operator_range,109328,4671089957,20188,20188,0,1,0,9884,20188,gemm,ampere_fp16_s1688gemm_fp16_128x64_sliced1x2_ldg8_f2f_nn
react_moa_mcts,measured,4,moa-reduce,11,LinearOp,me,nvtx_operator_range,94077,4671205991,20157,20157,0,1,0,8376,20157,gemm,ampere_fp16_s1688gemm_fp16_128x64_sliced1x2_ldg8_f2f_nn
react_moa_mcts,measured,4,moa-reduce,12,LinearOp,me,nvtx_operator_range,94226,4671306700,20029,20029,0,1,0,8080,20029,gemm,ampere_fp16_s1688gemm_fp16_128x64_sliced1x2_ldg8_f2f_nn
react_moa_mcts,measured,4,moa-reduce,13,ViewOp,de,nvtx_operator_range,65825,4671407578,0,0,0,0,0,,,,
react_moa_mcts,measured,4,moa-reduce,14,TransposeOp,de,nvtx_operator_range,110971,4671479027,12638,12638,0,1,0,9471,12638,copy,"void at::native::elementwise_kernel<(int)128, (int)4, void at::native::gpu_kerne"
react_moa_mcts,measured,4,react-answer,6,RMSNormOp,ve,nvtx_operator_range,227770,4683334374,17981,17981,0,7,0,8564,114862,copy|elementwise_binary|elementwise_unary|reduce,"void at::native::unrolled_elementwise_kernel<at::native::direct_copy_kernel_cuda|void at::native::vectorized_elementwise_kernel<(int)4, void at::native::<unnamed|void at::native::reduce_kernel<(int)512, (int)1, at::native::ReduceOp<float, at:|void at::native::vectorized_elementwise_kernel<(int)4, at::native::CUDAFunctorOn|void at::native::vectorized_elementwise_kernel<(int)4, at::native::rsqrt_kernel_|void at::native::elementwise_kernel<(int)128, (int)2, void at::native::gpu_kerne|void at::native::vectorized_elementwise_kernel<(int)8, at::native::float16_copy_"
react_moa_mcts,measured,4,react-answer,7,AddOp,ve,nvtx_operator_range,93147,4683570481,1728,1728,0,1,0,8246,1728,elementwise_binary,"void at::native::vectorized_elementwise_kernel<(int)8, at::native::CUDAFunctorOn"
react_moa_mcts,measured,4,react-answer,8,RMSNormOp,ve,nvtx_operator_range,202713,4683670472,17469,17469,0,7,0,8267,107023,copy|elementwise_binary|elementwise_unary|reduce,"void at::native::unrolled_elementwise_kernel<at::native::direct_copy_kernel_cuda|void at::native::vectorized_elementwise_kernel<(int)4, void at::native::<unnamed|void at::native::reduce_kernel<(int)512, (int)1, at::native::ReduceOp<float, at:|void at::native::vectorized_elementwise_kernel<(int)4, at::native::CUDAFunctorOn|void at::native::vectorized_elementwise_kernel<(int)4, at::native::rsqrt_kernel_|void at::native::elementwise_kernel<(int)128, (int)2, void at::native::gpu_kerne|void at::native::vectorized_elementwise_kernel<(int)8, at::native::float16_copy_"
react_moa_mcts,measured,4,react-answer,10,LinearOp,me,nvtx_operator_range,112869,4683880608,14589,14589,0,1,0,9370,14589,gemm,ampere_fp16_s16816gemm_fp16_128x64_ldg8_f2f_stages_32x6_nn
react_moa_mcts,measured,4,react-answer,11,LinearOp,me,nvtx_operator_range,113158,4684000411,14590,14590,0,1,0,14547,14590,gemm,ampere_fp16_s16816gemm_fp16_128x64_ldg8_f2f_stages_32x6_nn
react_moa_mcts,measured,4,react-answer,12,LinearOp,me,nvtx_operator_range,96074,4684120523,14525,14525,0,1,0,8174,14525,gemm,ampere_fp16_s16816gemm_fp16_128x64_ldg8_f2f_stages_32x6_nn
react_moa_mcts,measured,4,react-answer,13,ViewOp,de,nvtx_operator_range,66304,4684223233,0,0,0,0,0,,,,
react_moa_mcts,measured,4,react-answer,14,TransposeOp,de,nvtx_operator_range,108594,4684295528,12094,12094,0,1,0,9186,12094,copy,"void at::native::elementwise_kernel<(int)128, (int)4, void at::native::gpu_kerne"
react_moa_mcts,measured,4,mcts-critic,6,RMSNormOp,ve,nvtx_operator_range,230400,4698147095,19263,19263,0,7,0,8411,114926,copy|elementwise_binary|elementwise_unary|reduce,"void at::native::unrolled_elementwise_kernel<at::native::direct_copy_kernel_cuda|void at::native::vectorized_elementwise_kernel<(int)4, void at::native::<unnamed|void at::native::reduce_kernel<(int)512, (int)1, at::native::ReduceOp<float, at:|void at::native::vectorized_elementwise_kernel<(int)4, at::native::CUDAFunctorOn|void at::native::vectorized_elementwise_kernel<(int)4, at::native::rsqrt_kernel_|void at::native::elementwise_kernel<(int)128, (int)2, void at::native::gpu_kerne|void at::native::vectorized_elementwise_kernel<(int)8, at::native::float16_copy_"
react_moa_mcts,measured,4,mcts-critic,7,AddOp,ve,nvtx_operator_range,94728,4698385999,2080,2080,0,1,0,8525,2080,elementwise_binary,"void at::native::vectorized_elementwise_kernel<(int)8, at::native::CUDAFunctorOn"
react_moa_mcts,measured,4,mcts-critic,8,RMSNormOp,ve,nvtx_operator_range,204357,4698487234,19197,19197,0,7,0,8255,107919,copy|elementwise_binary|elementwise_unary|reduce,"void at::native::unrolled_elementwise_kernel<at::native::direct_copy_kernel_cuda|void at::native::vectorized_elementwise_kernel<(int)4, void at::native::<unnamed|void at::native::reduce_kernel<(int)512, (int)1, at::native::ReduceOp<float, at:|void at::native::vectorized_elementwise_kernel<(int)4, at::native::CUDAFunctorOn|void at::native::vectorized_elementwise_kernel<(int)4, at::native::rsqrt_kernel_|void at::native::elementwise_kernel<(int)128, (int)2, void at::native::gpu_kerne|void at::native::vectorized_elementwise_kernel<(int)8, at::native::float16_copy_"
react_moa_mcts,measured,4,mcts-critic,10,LinearOp,me,nvtx_operator_range,111554,4698698842,20061,20061,0,1,0,9058,20061,gemm,ampere_fp16_s1688gemm_fp16_128x64_sliced1x2_ldg8_f2f_nn
react_moa_mcts,measured,4,mcts-critic,11,LinearOp,me,nvtx_operator_range,94407,4698817106,20029,20029,0,1,0,7998,20029,gemm,ampere_fp16_s1688gemm_fp16_128x64_sliced1x2_ldg8_f2f_nn
react_moa_mcts,measured,4,mcts-critic,12,LinearOp,me,nvtx_operator_range,100971,4698917777,20156,20156,0,1,0,8393,20156,gemm,ampere_fp16_s1688gemm_fp16_128x64_sliced1x2_ldg8_f2f_nn
react_moa_mcts,measured,4,mcts-critic,13,ViewOp,de,nvtx_operator_range,75209,4699026204,0,0,0,0,0,,,,
react_moa_mcts,measured,4,mcts-critic,14,TransposeOp,de,nvtx_operator_range,111379,4699107429,12254,12254,0,1,0,9890,12254,copy,"void at::native::elementwise_kernel<(int)128, (int)4, void at::native::gpu_kerne"
react_moa_mcts,measured,5,react-plan,,call_overhead,,gap_before_operator,,,55575,5055,50520,2,1,11376,199360,elementwise_binary|memcpy|rng_init,"memcpy_Host-to-Device|void at::native::<unnamed>::distribution_elementwise_grid_stride_kernel<float, (|void at::native::vectorized_elementwise_kernel<(int)8, at::native::BUnaryFunctor"
react_moa_mcts,measured,5,moa-map0,,call_overhead,,gap_before_operator,,,150824,7071,143753,2,2,11239,13714951,elementwise_binary|memcpy|rng_init,"memcpy_Device-to-Host|memcpy_Host-to-Device|void at::native::<unnamed>::distribution_elementwise_grid_stride_kernel<float, (|void at::native::vectorized_elementwise_kernel<(int)8, at::native::BUnaryFunctor"
react_moa_mcts,measured,5,moa-map1,,call_overhead,,gap_before_operator,,,184514,7071,177443,2,2,10549,13778813,elementwise_binary|memcpy|rng_init,"memcpy_Device-to-Host|memcpy_Host-to-Device|void at::native::<unnamed>::distribution_elementwise_grid_stride_kernel<float, (|void at::native::vectorized_elementwise_kernel<(int)8, at::native::BUnaryFunctor"
react_moa_mcts,measured,5,moa-map2,,call_overhead,,gap_before_operator,,,186402,7007,179395,2,2,10350,13787611,elementwise_binary|memcpy|rng_init,"memcpy_Device-to-Host|memcpy_Host-to-Device|void at::native::<unnamed>::distribution_elementwise_grid_stride_kernel<float, (|void at::native::vectorized_elementwise_kernel<(int)8, at::native::BUnaryFunctor"
react_moa_mcts,measured,5,mcts-root,,call_overhead,,gap_before_operator,,,186722,7007,179715,2,2,10214,13763744,elementwise_binary|memcpy|rng_init,"memcpy_Device-to-Host|memcpy_Host-to-Device|void at::native::<unnamed>::distribution_elementwise_grid_stride_kernel<float, (|void at::native::vectorized_elementwise_kernel<(int)8, at::native::BUnaryFunctor"
react_moa_mcts,measured,5,mcts-actor0,,call_overhead,,gap_before_operator,,,188451,7039,181412,2,2,9766,15799321,elementwise_binary|memcpy|rng_init,"memcpy_Device-to-Host|memcpy_Host-to-Device|void at::native::<unnamed>::distribution_elementwise_grid_stride_kernel<float, (|void at::native::vectorized_elementwise_kernel<(int)8, at::native::BUnaryFunctor"
react_moa_mcts,measured,5,mcts-actor1,,call_overhead,,gap_before_operator,,,190818,7071,183747,2,2,10679,13738787,elementwise_binary|memcpy|rng_init,"memcpy_Device-to-Host|memcpy_Host-to-Device|void at::native::<unnamed>::distribution_elementwise_grid_stride_kernel<float, (|void at::native::vectorized_elementwise_kernel<(int)8, at::native::BUnaryFunctor"
react_moa_mcts,measured,5,moa-reduce,,call_overhead,,gap_before_operator,,,188033,7071,180962,2,2,134452,14847697,elementwise_binary|memcpy|rng_init,"memcpy_Device-to-Host|memcpy_Host-to-Device|void at::native::<unnamed>::distribution_elementwise_grid_stride_kernel<float, (|void at::native::vectorized_elementwise_kernel<(int)8, at::native::BUnaryFunctor"
react_moa_mcts,measured,5,react-answer,,call_overhead,,gap_before_operator,,,162469,6718,155751,2,2,10958,8737797,elementwise_binary|memcpy|rng_init,"memcpy_Device-to-Host|memcpy_Host-to-Device|void at::native::<unnamed>::distribution_elementwise_grid_stride_kernel<float, (|void at::native::vectorized_elementwise_kernel<(int)8, at::native::BUnaryFunctor"
react_moa_mcts,measured,5,mcts-critic,,call_overhead,,gap_before_operator,,,251096,7039,244057,2,3,10789,11934277,elementwise_binary|memcpy|rng_init,"memcpy_Device-to-Host|memcpy_Host-to-Device|void at::native::<unnamed>::distribution_elementwise_grid_stride_kernel<float, (|void at::native::vectorized_elementwise_kernel<(int)8, at::native::BUnaryFunctor"
react_moa_mcts,measured,5,react-plan,6,RMSNormOp,ve,nvtx_operator_range,231842,4709316147,15965,15965,0,7,0,8486,116589,copy|elementwise_binary|elementwise_unary|reduce,"void at::native::unrolled_elementwise_kernel<at::native::direct_copy_kernel_cuda|void at::native::vectorized_elementwise_kernel<(int)4, void at::native::<unnamed|void at::native::reduce_kernel<(int)512, (int)1, at::native::ReduceOp<float, at:|void at::native::vectorized_elementwise_kernel<(int)4, at::native::CUDAFunctorOn|void at::native::vectorized_elementwise_kernel<(int)4, at::native::rsqrt_kernel_|void at::native::elementwise_kernel<(int)128, (int)2, void at::native::gpu_kerne|void at::native::vectorized_elementwise_kernel<(int)8, at::native::float16_copy_"
react_moa_mcts,measured,5,react-plan,7,AddOp,ve,nvtx_operator_range,96411,4709556786,1472,1472,0,1,0,8618,1472,elementwise_binary,"void at::native::vectorized_elementwise_kernel<(int)8, at::native::CUDAFunctorOn"
react_moa_mcts,measured,5,react-plan,8,RMSNormOp,ve,nvtx_operator_range,207109,4709660228,15132,15132,0,7,0,8664,107887,copy|elementwise_binary|elementwise_unary|reduce,"void at::native::unrolled_elementwise_kernel<at::native::direct_copy_kernel_cuda|void at::native::vectorized_elementwise_kernel<(int)4, void at::native::<unnamed|void at::native::reduce_kernel<(int)512, (int)1, at::native::ReduceOp<float, at:|void at::native::vectorized_elementwise_kernel<(int)4, at::native::CUDAFunctorOn|void at::native::vectorized_elementwise_kernel<(int)4, at::native::rsqrt_kernel_|void at::native::elementwise_kernel<(int)128, (int)2, void at::native::gpu_kerne|void at::native::vectorized_elementwise_kernel<(int)8, at::native::float16_copy_"
react_moa_mcts,measured,5,react-plan,10,LinearOp,me,nvtx_operator_range,149406,4709875746,12894,12478,416,1,1,13135,21084,gemm|memset,memset|void cutlass::Kernel2<cutlass_80_tensorop_f16_s16816gemm_relu_f16_64x64_32x6_nn_
react_moa_mcts,measured,5,react-plan,11,LinearOp,me,nvtx_operator_range,115379,4710041251,12798,12350,448,1,1,6841,20029,gemm|memset,memset|void cutlass::Kernel2<cutlass_80_tensorop_f16_s16816gemm_relu_f16_64x64_32x6_nn_
react_moa_mcts,measured,5,react-plan,12,LinearOp,me,nvtx_operator_range,108353,4710163845,12574,12158,416,1,1,7512,19293,gemm|memset,memset|void cutlass::Kernel2<cutlass_80_tensorop_f16_s16816gemm_relu_f16_64x64_32x6_nn_
react_moa_mcts,measured,5,react-plan,13,ViewOp,de,nvtx_operator_range,67871,4710279293,0,0,0,0,0,,,,
react_moa_mcts,measured,5,react-plan,14,TransposeOp,de,nvtx_operator_range,112044,4710352961,9374,9374,0,1,0,9619,9374,copy,"void at::native::elementwise_kernel<(int)128, (int)4, void at::native::gpu_kerne"
react_moa_mcts,measured,5,moa-map0,6,RMSNormOp,ve,nvtx_operator_range,236614,4724208348,19325,19325,0,7,0,8422,118445,copy|elementwise_binary|elementwise_unary|reduce,"void at::native::unrolled_elementwise_kernel<at::native::direct_copy_kernel_cuda|void at::native::vectorized_elementwise_kernel<(int)4, void at::native::<unnamed|void at::native::reduce_kernel<(int)512, (int)1, at::native::ReduceOp<float, at:|void at::native::vectorized_elementwise_kernel<(int)4, at::native::CUDAFunctorOn|void at::native::vectorized_elementwise_kernel<(int)4, at::native::rsqrt_kernel_|void at::native::elementwise_kernel<(int)128, (int)2, void at::native::gpu_kerne|void at::native::vectorized_elementwise_kernel<(int)8, at::native::float16_copy_"
react_moa_mcts,measured,5,moa-map0,7,AddOp,ve,nvtx_operator_range,94351,4724453773,2079,2079,0,1,0,8681,2079,elementwise_binary,"void at::native::vectorized_elementwise_kernel<(int)8, at::native::CUDAFunctorOn"
react_moa_mcts,measured,5,moa-map0,8,RMSNormOp,ve,nvtx_operator_range,204507,4724554841,19292,19292,0,7,0,8317,108718,copy|elementwise_binary|elementwise_unary|reduce,"void at::native::unrolled_elementwise_kernel<at::native::direct_copy_kernel_cuda|void at::native::vectorized_elementwise_kernel<(int)4, void at::native::<unnamed|void at::native::reduce_kernel<(int)512, (int)1, at::native::ReduceOp<float, at:|void at::native::vectorized_elementwise_kernel<(int)4, at::native::CUDAFunctorOn|void at::native::vectorized_elementwise_kernel<(int)4, at::native::rsqrt_kernel_|void at::native::elementwise_kernel<(int)128, (int)2, void at::native::gpu_kerne|void at::native::vectorized_elementwise_kernel<(int)8, at::native::float16_copy_"
react_moa_mcts,measured,5,moa-map0,10,LinearOp,me,nvtx_operator_range,109314,4724766546,20157,20157,0,1,0,9024,20157,gemm,ampere_fp16_s1688gemm_fp16_128x64_sliced1x2_ldg8_f2f_nn
react_moa_mcts,measured,5,moa-map0,11,LinearOp,me,nvtx_operator_range,94653,4724882462,19997,19997,0,1,0,8005,19997,gemm,ampere_fp16_s1688gemm_fp16_128x64_sliced1x2_ldg8_f2f_nn
react_moa_mcts,measured,5,moa-map0,12,LinearOp,me,nvtx_operator_range,102845,4724983201,19997,19997,0,1,0,7706,19997,gemm,ampere_fp16_s1688gemm_fp16_128x64_sliced1x2_ldg8_f2f_nn
react_moa_mcts,measured,5,moa-map0,13,ViewOp,de,nvtx_operator_range,67433,4725092764,0,0,0,0,0,,,,
react_moa_mcts,measured,5,moa-map0,14,TransposeOp,de,nvtx_operator_range,108238,4725166040,12382,12382,0,1,0,9730,12382,copy,"void at::native::elementwise_kernel<(int)128, (int)4, void at::native::gpu_kerne"
react_moa_mcts,measured,5,moa-map1,6,RMSNormOp,ve,nvtx_operator_range,231984,4739088214,19547,19547,0,7,0,8442,116301,copy|elementwise_binary|elementwise_unary|reduce,"void at::native::unrolled_elementwise_kernel<at::native::direct_copy_kernel_cuda|void at::native::vectorized_elementwise_kernel<(int)4, void at::native::<unnamed|void at::native::reduce_kernel<(int)512, (int)1, at::native::ReduceOp<float, at:|void at::native::vectorized_elementwise_kernel<(int)4, at::native::CUDAFunctorOn|void at::native::vectorized_elementwise_kernel<(int)4, at::native::rsqrt_kernel_|void at::native::elementwise_kernel<(int)128, (int)2, void at::native::gpu_kerne|void at::native::vectorized_elementwise_kernel<(int)8, at::native::float16_copy_"
react_moa_mcts,measured,5,moa-map1,7,AddOp,ve,nvtx_operator_range,95441,4739329423,1984,1984,0,1,0,8465,1984,elementwise_binary,"void at::native::vectorized_elementwise_kernel<(int)8, at::native::CUDAFunctorOn"
react_moa_mcts,measured,5,moa-map1,8,RMSNormOp,ve,nvtx_operator_range,214893,4739438022,19228,19228,0,7,0,8764,114125,copy|elementwise_binary|elementwise_unary|reduce,"void at::native::unrolled_elementwise_kernel<at::native::direct_copy_kernel_cuda|void at::native::vectorized_elementwise_kernel<(int)4, void at::native::<unnamed|void at::native::reduce_kernel<(int)512, (int)1, at::native::ReduceOp<float, at:|void at::native::vectorized_elementwise_kernel<(int)4, at::native::CUDAFunctorOn|void at::native::vectorized_elementwise_kernel<(int)4, at::native::rsqrt_kernel_|void at::native::elementwise_kernel<(int)128, (int)2, void at::native::gpu_kerne|void at::native::vectorized_elementwise_kernel<(int)8, at::native::float16_copy_"
react_moa_mcts,measured,5,moa-map1,10,LinearOp,me,nvtx_operator_range,110286,4739660556,20029,20029,0,1,0,9071,20029,gemm,ampere_fp16_s1688gemm_fp16_128x64_sliced1x2_ldg8_f2f_nn
react_moa_mcts,measured,5,moa-map1,11,LinearOp,me,nvtx_operator_range,94849,4739777581,20061,20061,0,1,0,8223,20061,gemm,ampere_fp16_s1688gemm_fp16_128x64_sliced1x2_ldg8_f2f_nn
react_moa_mcts,measured,5,moa-map1,12,LinearOp,me,nvtx_operator_range,90283,4739878574,20092,20092,0,1,0,8003,20092,gemm,ampere_fp16_s1688gemm_fp16_128x64_sliced1x2_ldg8_f2f_nn
react_moa_mcts,measured,5,moa-map1,13,ViewOp,de,nvtx_operator_range,74443,4739976237,0,0,0,0,0,,,,
react_moa_mcts,measured,5,moa-map1,14,TransposeOp,de,nvtx_operator_range,111373,4740056700,12542,12542,0,1,0,10018,12542,copy,"void at::native::elementwise_kernel<(int)128, (int)4, void at::native::gpu_kerne"
react_moa_mcts,measured,5,moa-map2,6,RMSNormOp,ve,nvtx_operator_range,239433,4753981421,19389,19389,0,7,0,8653,116621,copy|elementwise_binary|elementwise_unary|reduce,"void at::native::unrolled_elementwise_kernel<at::native::direct_copy_kernel_cuda|void at::native::vectorized_elementwise_kernel<(int)4, void at::native::<unnamed|void at::native::reduce_kernel<(int)512, (int)1, at::native::ReduceOp<float, at:|void at::native::vectorized_elementwise_kernel<(int)4, at::native::CUDAFunctorOn|void at::native::vectorized_elementwise_kernel<(int)4, at::native::rsqrt_kernel_|void at::native::elementwise_kernel<(int)128, (int)2, void at::native::gpu_kerne|void at::native::vectorized_elementwise_kernel<(int)8, at::native::float16_copy_"
react_moa_mcts,measured,5,moa-map2,7,AddOp,ve,nvtx_operator_range,94740,4754230219,2080,2080,0,1,0,8253,2080,elementwise_binary,"void at::native::vectorized_elementwise_kernel<(int)8, at::native::CUDAFunctorOn"
react_moa_mcts,measured,5,moa-map2,8,RMSNormOp,ve,nvtx_operator_range,204480,4754331544,19004,19004,0,7,0,8239,107983,copy|elementwise_binary|elementwise_unary|reduce,"void at::native::unrolled_elementwise_kernel<at::native::direct_copy_kernel_cuda|void at::native::vectorized_elementwise_kernel<(int)4, void at::native::<unnamed|void at::native::reduce_kernel<(int)512, (int)1, at::native::ReduceOp<float, at:|void at::native::vectorized_elementwise_kernel<(int)4, at::native::CUDAFunctorOn|void at::native::vectorized_elementwise_kernel<(int)4, at::native::rsqrt_kernel_|void at::native::elementwise_kernel<(int)128, (int)2, void at::native::gpu_kerne|void at::native::vectorized_elementwise_kernel<(int)8, at::native::float16_copy_"
react_moa_mcts,measured,5,moa-map2,10,LinearOp,me,nvtx_operator_range,110530,4754543311,20188,20188,0,1,0,8959,20188,gemm,ampere_fp16_s1688gemm_fp16_128x64_sliced1x2_ldg8_f2f_nn
react_moa_mcts,measured,5,moa-map2,11,LinearOp,me,nvtx_operator_range,96267,4754660469,20124,20124,0,1,0,8285,20124,gemm,ampere_fp16_s1688gemm_fp16_128x64_sliced1x2_ldg8_f2f_nn
react_moa_mcts,measured,5,moa-map2,12,LinearOp,me,nvtx_operator_range,91846,4754763078,19965,19965,0,1,0,7955,19965,gemm,ampere_fp16_s1688gemm_fp16_128x64_sliced1x2_ldg8_f2f_nn
react_moa_mcts,measured,5,moa-map2,13,ViewOp,de,nvtx_operator_range,65433,4754861825,0,0,0,0,0,,,,
react_moa_mcts,measured,5,moa-map2,14,TransposeOp,de,nvtx_operator_range,120208,4754932934,12286,12286,0,1,0,9639,12286,copy,"void at::native::elementwise_kernel<(int)128, (int)4, void at::native::gpu_kerne"
react_moa_mcts,measured,5,mcts-root,6,RMSNormOp,ve,nvtx_operator_range,245649,4768844046,19355,19355,0,7,0,8689,116845,copy|elementwise_binary|elementwise_unary|reduce,"void at::native::unrolled_elementwise_kernel<at::native::direct_copy_kernel_cuda|void at::native::vectorized_elementwise_kernel<(int)4, void at::native::<unnamed|void at::native::reduce_kernel<(int)512, (int)1, at::native::ReduceOp<float, at:|void at::native::vectorized_elementwise_kernel<(int)4, at::native::CUDAFunctorOn|void at::native::vectorized_elementwise_kernel<(int)4, at::native::rsqrt_kernel_|void at::native::elementwise_kernel<(int)128, (int)2, void at::native::gpu_kerne|void at::native::vectorized_elementwise_kernel<(int)8, at::native::float16_copy_"
react_moa_mcts,measured,5,mcts-root,7,AddOp,ve,nvtx_operator_range,101702,4769098941,2079,2079,0,1,0,8701,2079,elementwise_binary,"void at::native::vectorized_elementwise_kernel<(int)8, at::native::CUDAFunctorOn"
react_moa_mcts,measured,5,mcts-root,8,RMSNormOp,ve,nvtx_operator_range,215657,4769208129,19035,19035,0,7,0,8680,111182,copy|elementwise_binary|elementwise_unary|reduce,"void at::native::unrolled_elementwise_kernel<at::native::direct_copy_kernel_cuda|void at::native::vectorized_elementwise_kernel<(int)4, void at::native::<unnamed|void at::native::reduce_kernel<(int)512, (int)1, at::native::ReduceOp<float, at:|void at::native::vectorized_elementwise_kernel<(int)4, at::native::CUDAFunctorOn|void at::native::vectorized_elementwise_kernel<(int)4, at::native::rsqrt_kernel_|void at::native::elementwise_kernel<(int)128, (int)2, void at::native::gpu_kerne|void at::native::vectorized_elementwise_kernel<(int)8, at::native::float16_copy_"
react_moa_mcts,measured,5,mcts-root,10,LinearOp,me,nvtx_operator_range,110979,4769432010,20125,20125,0,1,0,9768,20125,gemm,ampere_fp16_s1688gemm_fp16_128x64_sliced1x2_ldg8_f2f_nn
react_moa_mcts,measured,5,mcts-root,11,LinearOp,me,nvtx_operator_range,93726,4769549714,20125,20125,0,1,0,8011,20125,gemm,ampere_fp16_s1688gemm_fp16_128x64_sliced1x2_ldg8_f2f_nn
react_moa_mcts,measured,5,mcts-root,12,LinearOp,me,nvtx_operator_range,91049,4769649622,20029,20029,0,1,0,7875,20029,gemm,ampere_fp16_s1688gemm_fp16_128x64_sliced1x2_ldg8_f2f_nn
react_moa_mcts,measured,5,mcts-root,13,ViewOp,de,nvtx_operator_range,65017,4769747083,0,0,0,0,0,,,,
react_moa_mcts,measured,5,mcts-root,14,TransposeOp,de,nvtx_operator_range,107482,4769817701,12446,12446,0,1,0,9195,12446,copy,"void at::native::elementwise_kernel<(int)128, (int)4, void at::native::gpu_kerne"
react_moa_mcts,measured,5,mcts-actor0,6,RMSNormOp,ve,nvtx_operator_range,236149,4785754213,19356,19356,0,7,0,9629,120620,copy|elementwise_binary|elementwise_unary|reduce,"void at::native::unrolled_elementwise_kernel<at::native::direct_copy_kernel_cuda|void at::native::vectorized_elementwise_kernel<(int)4, void at::native::<unnamed|void at::native::reduce_kernel<(int)512, (int)1, at::native::ReduceOp<float, at:|void at::native::vectorized_elementwise_kernel<(int)4, at::native::CUDAFunctorOn|void at::native::vectorized_elementwise_kernel<(int)4, at::native::rsqrt_kernel_|void at::native::elementwise_kernel<(int)128, (int)2, void at::native::gpu_kerne|void at::native::vectorized_elementwise_kernel<(int)8, at::native::float16_copy_"
react_moa_mcts,measured,5,mcts-actor0,7,AddOp,ve,nvtx_operator_range,110041,4786005560,1984,1984,0,1,0,8978,1984,elementwise_binary,"void at::native::vectorized_elementwise_kernel<(int)8, at::native::CUDAFunctorOn"
react_moa_mcts,measured,5,mcts-actor0,8,RMSNormOp,ve,nvtx_operator_range,215097,4786122754,19229,19229,0,7,0,8627,114126,copy|elementwise_binary|elementwise_unary|reduce,"void at::native::unrolled_elementwise_kernel<at::native::direct_copy_kernel_cuda|void at::native::vectorized_elementwise_kernel<(int)4, void at::native::<unnamed|void at::native::reduce_kernel<(int)512, (int)1, at::native::ReduceOp<float, at:|void at::native::vectorized_elementwise_kernel<(int)4, at::native::CUDAFunctorOn|void at::native::vectorized_elementwise_kernel<(int)4, at::native::rsqrt_kernel_|void at::native::elementwise_kernel<(int)128, (int)2, void at::native::gpu_kerne|void at::native::vectorized_elementwise_kernel<(int)8, at::native::float16_copy_"
react_moa_mcts,measured,5,mcts-actor0,10,LinearOp,me,nvtx_operator_range,114839,4786345690,20029,20029,0,1,0,9481,20029,gemm,ampere_fp16_s1688gemm_fp16_128x64_sliced1x2_ldg8_f2f_nn
react_moa_mcts,measured,5,mcts-actor0,11,LinearOp,me,nvtx_operator_range,93799,4786467348,20253,20253,0,1,0,8123,20253,gemm,ampere_fp16_s1688gemm_fp16_128x64_sliced1x2_ldg8_f2f_nn
react_moa_mcts,measured,5,mcts-actor0,12,LinearOp,me,nvtx_operator_range,89947,4786567869,19933,19933,0,1,0,7678,19933,gemm,ampere_fp16_s1688gemm_fp16_128x64_sliced1x2_ldg8_f2f_nn
react_moa_mcts,measured,5,mcts-actor0,13,ViewOp,de,nvtx_operator_range,66439,4786665661,0,0,0,0,0,,,,
react_moa_mcts,measured,5,mcts-actor0,14,TransposeOp,de,nvtx_operator_range,110457,4786737581,12447,12447,0,1,0,9751,12447,copy,"void at::native::elementwise_kernel<(int)128, (int)4, void at::native::gpu_kerne"
react_moa_mcts,measured,5,mcts-actor1,6,RMSNormOp,ve,nvtx_operator_range,229261,4800651343,19292,19292,0,7,0,8060,116557,copy|elementwise_binary|elementwise_unary|reduce,"void at::native::unrolled_elementwise_kernel<at::native::direct_copy_kernel_cuda|void at::native::vectorized_elementwise_kernel<(int)4, void at::native::<unnamed|void at::native::reduce_kernel<(int)512, (int)1, at::native::ReduceOp<float, at:|void at::native::vectorized_elementwise_kernel<(int)4, at::native::CUDAFunctorOn|void at::native::vectorized_elementwise_kernel<(int)4, at::native::rsqrt_kernel_|void at::native::elementwise_kernel<(int)128, (int)2, void at::native::gpu_kerne|void at::native::vectorized_elementwise_kernel<(int)8, at::native::float16_copy_"
react_moa_mcts,measured,5,mcts-actor1,7,AddOp,ve,nvtx_operator_range,96918,4800889396,2080,2080,0,1,0,8374,2080,elementwise_binary,"void at::native::vectorized_elementwise_kernel<(int)8, at::native::CUDAFunctorOn"
react_moa_mcts,measured,5,mcts-actor1,8,RMSNormOp,ve,nvtx_operator_range,227237,4800993555,19102,19102,0,7,0,8587,119245,copy|elementwise_binary|elementwise_unary|reduce,"void at::native::unrolled_elementwise_kernel<at::native::direct_copy_kernel_cuda|void at::native::vectorized_elementwise_kernel<(int)4, void at::native::<unnamed|void at::native::reduce_kernel<(int)512, (int)1, at::native::ReduceOp<float, at:|void at::native::vectorized_elementwise_kernel<(int)4, at::native::CUDAFunctorOn|void at::native::vectorized_elementwise_kernel<(int)4, at::native::rsqrt_kernel_|void at::native::elementwise_kernel<(int)128, (int)2, void at::native::gpu_kerne|void at::native::vectorized_elementwise_kernel<(int)8, at::native::float16_copy_"
react_moa_mcts,measured,5,mcts-actor1,10,LinearOp,me,nvtx_operator_range,113872,4801228710,20028,20028,0,1,0,9575,20028,gemm,ampere_fp16_s1688gemm_fp16_128x64_sliced1x2_ldg8_f2f_nn
react_moa_mcts,measured,5,mcts-actor1,11,LinearOp,me,nvtx_operator_range,94772,4801349482,20221,20221,0,1,0,7892,20221,gemm,ampere_fp16_s1688gemm_fp16_128x64_sliced1x2_ldg8_f2f_nn
react_moa_mcts,measured,5,mcts-actor1,12,LinearOp,me,nvtx_operator_range,95839,4801450672,20253,20253,0,1,0,7888,20253,gemm,ampere_fp16_s1688gemm_fp16_128x64_sliced1x2_ldg8_f2f_nn
react_moa_mcts,measured,5,mcts-actor1,13,ViewOp,de,nvtx_operator_range,74376,4801553539,0,0,0,0,0,,,,
react_moa_mcts,measured,5,mcts-actor1,14,TransposeOp,de,nvtx_operator_range,196461,4801633700,108879,108879,0,1,0,13029,108879,copy,"void at::native::elementwise_kernel<(int)128, (int)4, void at::native::gpu_kerne"
react_moa_mcts,measured,5,moa-reduce,6,RMSNormOp,ve,nvtx_operator_range,268228,4816873995,19454,19454,0,7,0,9769,136042,copy|elementwise_binary|elementwise_unary|reduce,"void at::native::unrolled_elementwise_kernel<at::native::direct_copy_kernel_cuda|void at::native::vectorized_elementwise_kernel<(int)4, void at::native::<unnamed|void at::native::reduce_kernel<(int)512, (int)1, at::native::ReduceOp<float, at:|void at::native::vectorized_elementwise_kernel<(int)4, at::native::CUDAFunctorOn|void at::native::vectorized_elementwise_kernel<(int)4, at::native::rsqrt_kernel_|void at::native::elementwise_kernel<(int)128, (int)2, void at::native::gpu_kerne|void at::native::vectorized_elementwise_kernel<(int)8, at::native::float16_copy_"
react_moa_mcts,measured,5,moa-reduce,7,AddOp,ve,nvtx_operator_range,101782,4817161238,2047,2047,0,1,0,9144,2047,elementwise_binary,"void at::native::vectorized_elementwise_kernel<(int)8, at::native::CUDAFunctorOn"
react_moa_mcts,measured,5,moa-reduce,8,RMSNormOp,ve,nvtx_operator_range,214582,4817270082,19229,19229,0,7,0,8600,113646,copy|elementwise_binary|elementwise_unary|reduce,"void at::native::unrolled_elementwise_kernel<at::native::direct_copy_kernel_cuda|void at::native::vectorized_elementwise_kernel<(int)4, void at::native::<unnamed|void at::native::reduce_kernel<(int)512, (int)1, at::native::ReduceOp<float, at:|void at::native::vectorized_elementwise_kernel<(int)4, at::native::CUDAFunctorOn|void at::native::vectorized_elementwise_kernel<(int)4, at::native::rsqrt_kernel_|void at::native::elementwise_kernel<(int)128, (int)2, void at::native::gpu_kerne|void at::native::vectorized_elementwise_kernel<(int)8, at::native::float16_copy_"
react_moa_mcts,measured,5,moa-reduce,10,LinearOp,me,nvtx_operator_range,115734,4817492717,20093,20093,0,1,0,9470,20093,gemm,ampere_fp16_s1688gemm_fp16_128x64_sliced1x2_ldg8_f2f_nn
react_moa_mcts,measured,5,moa-reduce,11,LinearOp,me,nvtx_operator_range,102934,4817615340,20157,20157,0,1,0,8286,20157,gemm,ampere_fp16_s1688gemm_fp16_128x64_sliced1x2_ldg8_f2f_nn
react_moa_mcts,measured,5,moa-reduce,12,LinearOp,me,nvtx_operator_range,91873,4817724684,20029,20029,0,1,0,8297,20029,gemm,ampere_fp16_s1688gemm_fp16_128x64_sliced1x2_ldg8_f2f_nn
react_moa_mcts,measured,5,moa-reduce,13,ViewOp,de,nvtx_operator_range,67885,4817824020,0,0,0,0,0,,,,
react_moa_mcts,measured,5,moa-reduce,14,TransposeOp,de,nvtx_operator_range,110918,4817898191,12446,12446,0,1,0,9604,12446,copy,"void at::native::elementwise_kernel<(int)128, (int)4, void at::native::gpu_kerne"
react_moa_mcts,measured,5,react-answer,6,RMSNormOp,ve,nvtx_operator_range,242741,4826820860,17724,17724,0,7,0,8338,118221,copy|elementwise_binary|elementwise_unary|reduce,"void at::native::unrolled_elementwise_kernel<at::native::direct_copy_kernel_cuda|void at::native::vectorized_elementwise_kernel<(int)4, void at::native::<unnamed|void at::native::reduce_kernel<(int)512, (int)1, at::native::ReduceOp<float, at:|void at::native::vectorized_elementwise_kernel<(int)4, at::native::CUDAFunctorOn|void at::native::vectorized_elementwise_kernel<(int)4, at::native::rsqrt_kernel_|void at::native::elementwise_kernel<(int)128, (int)2, void at::native::gpu_kerne|void at::native::vectorized_elementwise_kernel<(int)8, at::native::float16_copy_"
react_moa_mcts,measured,5,react-answer,7,AddOp,ve,nvtx_operator_range,97466,4827072714,1695,1695,0,1,0,8420,1695,elementwise_binary,"void at::native::vectorized_elementwise_kernel<(int)8, at::native::CUDAFunctorOn"
react_moa_mcts,measured,5,react-answer,8,RMSNormOp,ve,nvtx_operator_range,212087,4827177029,17566,17566,0,7,0,8258,112590,copy|elementwise_binary|elementwise_unary|reduce,"void at::native::unrolled_elementwise_kernel<at::native::direct_copy_kernel_cuda|void at::native::vectorized_elementwise_kernel<(int)4, void at::native::<unnamed|void at::native::reduce_kernel<(int)512, (int)1, at::native::ReduceOp<float, at:|void at::native::vectorized_elementwise_kernel<(int)4, at::native::CUDAFunctorOn|void at::native::vectorized_elementwise_kernel<(int)4, at::native::rsqrt_kernel_|void at::native::elementwise_kernel<(int)128, (int)2, void at::native::gpu_kerne|void at::native::vectorized_elementwise_kernel<(int)8, at::native::float16_copy_"
react_moa_mcts,measured,5,react-answer,10,LinearOp,me,nvtx_operator_range,115305,4827396959,14590,14590,0,1,0,9403,14590,gemm,ampere_fp16_s16816gemm_fp16_128x64_ldg8_f2f_stages_32x6_nn
react_moa_mcts,measured,5,react-answer,11,LinearOp,me,nvtx_operator_range,93485,4827519230,14622,14622,0,1,0,7952,14622,gemm,ampere_fp16_s16816gemm_fp16_128x64_ldg8_f2f_stages_32x6_nn
react_moa_mcts,measured,5,react-answer,12,LinearOp,me,nvtx_operator_range,89995,4827618794,14525,14525,0,1,0,8031,14525,gemm,ampere_fp16_s16816gemm_fp16_128x64_ldg8_f2f_stages_32x6_nn
react_moa_mcts,measured,5,react-answer,13,ViewOp,de,nvtx_operator_range,65859,4827716362,0,0,0,0,0,,,,
react_moa_mcts,measured,5,react-answer,14,TransposeOp,de,nvtx_operator_range,108938,4827787790,12094,12094,0,1,0,9376,12094,copy,"void at::native::elementwise_kernel<(int)128, (int)4, void at::native::gpu_kerne"
react_moa_mcts,measured,5,mcts-critic,6,RMSNormOp,ve,nvtx_operator_range,247579,4838623863,19419,19419,0,7,0,8249,131051,copy|elementwise_binary|elementwise_unary|reduce,"void at::native::unrolled_elementwise_kernel<at::native::direct_copy_kernel_cuda|void at::native::vectorized_elementwise_kernel<(int)4, void at::native::<unnamed|void at::native::reduce_kernel<(int)512, (int)1, at::native::ReduceOp<float, at:|void at::native::vectorized_elementwise_kernel<(int)4, at::native::CUDAFunctorOn|void at::native::vectorized_elementwise_kernel<(int)4, at::native::rsqrt_kernel_|void at::native::elementwise_kernel<(int)128, (int)2, void at::native::gpu_kerne|void at::native::vectorized_elementwise_kernel<(int)8, at::native::float16_copy_"
react_moa_mcts,measured,5,mcts-critic,7,AddOp,ve,nvtx_operator_range,101717,4838887031,2080,2080,0,1,0,8831,2080,elementwise_binary,"void at::native::vectorized_elementwise_kernel<(int)8, at::native::CUDAFunctorOn"
react_moa_mcts,measured,5,mcts-critic,8,RMSNormOp,ve,nvtx_operator_range,223621,4838996016,19069,19069,0,7,0,8745,113774,copy|elementwise_binary|elementwise_unary|reduce,"void at::native::unrolled_elementwise_kernel<at::native::direct_copy_kernel_cuda|void at::native::vectorized_elementwise_kernel<(int)4, void at::native::<unnamed|void at::native::reduce_kernel<(int)512, (int)1, at::native::ReduceOp<float, at:|void at::native::vectorized_elementwise_kernel<(int)4, at::native::CUDAFunctorOn|void at::native::vectorized_elementwise_kernel<(int)4, at::native::rsqrt_kernel_|void at::native::elementwise_kernel<(int)128, (int)2, void at::native::gpu_kerne|void at::native::vectorized_elementwise_kernel<(int)8, at::native::float16_copy_"
react_moa_mcts,measured,5,mcts-critic,10,LinearOp,me,nvtx_operator_range,112027,4839227381,20221,20221,0,1,0,9213,20221,gemm,ampere_fp16_s1688gemm_fp16_128x64_sliced1x2_ldg8_f2f_nn
react_moa_mcts,measured,5,mcts-critic,11,LinearOp,me,nvtx_operator_range,101648,4839346598,20093,20093,0,1,0,13596,20093,gemm,ampere_fp16_s1688gemm_fp16_128x64_sliced1x2_ldg8_f2f_nn
react_moa_mcts,measured,5,mcts-critic,12,LinearOp,me,nvtx_operator_range,95085,4839454769,20061,20061,0,1,0,8173,20061,gemm,ampere_fp16_s1688gemm_fp16_128x64_sliced1x2_ldg8_f2f_nn
react_moa_mcts,measured,5,mcts-critic,13,ViewOp,de,nvtx_operator_range,68873,4839556656,0,0,0,0,0,,,,
react_moa_mcts,measured,5,mcts-critic,14,TransposeOp,de,nvtx_operator_range,109798,4839631287,12382,12382,0,1,0,9167,12382,copy,"void at::native::elementwise_kernel<(int)128, (int)4, void at::native::gpu_kerne"
react_moa_mcts,measured,6,react-plan,,call_overhead,,gap_before_operator,,,56342,4990,51352,2,1,10949,163973,elementwise_binary|memcpy|rng_init,"memcpy_Host-to-Device|void at::native::<unnamed>::distribution_elementwise_grid_stride_kernel<float, (|void at::native::vectorized_elementwise_kernel<(int)8, at::native::BUnaryFunctor"
react_moa_mcts,measured,6,moa-map0,,call_overhead,,gap_before_operator,,,142601,7070,135531,2,2,10126,10667856,elementwise_binary|memcpy|rng_init,"memcpy_Device-to-Host|memcpy_Host-to-Device|void at::native::<unnamed>::distribution_elementwise_grid_stride_kernel<float, (|void at::native::vectorized_elementwise_kernel<(int)8, at::native::BUnaryFunctor"
react_moa_mcts,measured,6,moa-map1,,call_overhead,,gap_before_operator,,,185604,6976,178628,2,2,10181,10775295,elementwise_binary|memcpy|rng_init,"memcpy_Device-to-Host|memcpy_Host-to-Device|void at::native::<unnamed>::distribution_elementwise_grid_stride_kernel<float, (|void at::native::vectorized_elementwise_kernel<(int)8, at::native::BUnaryFunctor"
react_moa_mcts,measured,6,moa-map2,,call_overhead,,gap_before_operator,,,186851,7007,179844,2,2,9892,10725319,elementwise_binary|memcpy|rng_init,"memcpy_Device-to-Host|memcpy_Host-to-Device|void at::native::<unnamed>::distribution_elementwise_grid_stride_kernel<float, (|void at::native::vectorized_elementwise_kernel<(int)8, at::native::BUnaryFunctor"
react_moa_mcts,measured,6,mcts-root,,call_overhead,,gap_before_operator,,,184579,7007,177572,2,2,9899,10869232,elementwise_binary|memcpy|rng_init,"memcpy_Device-to-Host|memcpy_Host-to-Device|void at::native::<unnamed>::distribution_elementwise_grid_stride_kernel<float, (|void at::native::vectorized_elementwise_kernel<(int)8, at::native::BUnaryFunctor"
react_moa_mcts,measured,6,mcts-actor0,,call_overhead,,gap_before_operator,,,183779,7071,176708,2,2,10165,12987740,elementwise_binary|memcpy|rng_init,"memcpy_Device-to-Host|memcpy_Host-to-Device|void at::native::<unnamed>::distribution_elementwise_grid_stride_kernel<float, (|void at::native::vectorized_elementwise_kernel<(int)8, at::native::BUnaryFunctor"
react_moa_mcts,measured,6,mcts-actor1,,call_overhead,,gap_before_operator,,,186403,7071,179332,2,2,9986,10802299,elementwise_binary|memcpy|rng_init,"memcpy_Device-to-Host|memcpy_Host-to-Device|void at::native::<unnamed>::distribution_elementwise_grid_stride_kernel<float, (|void at::native::vectorized_elementwise_kernel<(int)8, at::native::BUnaryFunctor"
react_moa_mcts,measured,6,moa-reduce,,call_overhead,,gap_before_operator,,,188258,7008,181250,2,2,9701,10908681,elementwise_binary|memcpy|rng_init,"memcpy_Device-to-Host|memcpy_Host-to-Device|void at::native::<unnamed>::distribution_elementwise_grid_stride_kernel<float, (|void at::native::vectorized_elementwise_kernel<(int)8, at::native::BUnaryFunctor"
react_moa_mcts,measured,6,react-answer,,call_overhead,,gap_before_operator,,,165541,6687,158854,2,2,10187,8785662,elementwise_binary|memcpy|rng_init,"memcpy_Device-to-Host|memcpy_Host-to-Device|void at::native::<unnamed>::distribution_elementwise_grid_stride_kernel<float, (|void at::native::vectorized_elementwise_kernel<(int)8, at::native::BUnaryFunctor"
react_moa_mcts,measured,6,mcts-critic,,call_overhead,,gap_before_operator,,,252567,7007,245560,2,3,10023,11988604,elementwise_binary|memcpy|rng_init,"memcpy_Device-to-Host|memcpy_Host-to-Device|void at::native::<unnamed>::distribution_elementwise_grid_stride_kernel<float, (|void at::native::vectorized_elementwise_kernel<(int)8, at::native::BUnaryFunctor"
react_moa_mcts,measured,6,react-plan,6,RMSNormOp,ve,nvtx_operator_range,227653,4846722736,15741,15741,0,7,0,8079,115021,copy|elementwise_binary|elementwise_unary|reduce,"void at::native::unrolled_elementwise_kernel<at::native::direct_copy_kernel_cuda|void at::native::vectorized_elementwise_kernel<(int)4, void at::native::<unnamed|void at::native::reduce_kernel<(int)512, (int)1, at::native::ReduceOp<float, at:|void at::native::vectorized_elementwise_kernel<(int)4, at::native::CUDAFunctorOn|void at::native::vectorized_elementwise_kernel<(int)4, at::native::rsqrt_kernel_|void at::native::elementwise_kernel<(int)128, (int)2, void at::native::gpu_kerne|void at::native::vectorized_elementwise_kernel<(int)8, at::native::float16_copy_"
react_moa_mcts,measured,6,react-plan,7,AddOp,ve,nvtx_operator_range,108045,4846966585,1440,1440,0,1,0,8734,1440,elementwise_binary,"void at::native::vectorized_elementwise_kernel<(int)8, at::native::CUDAFunctorOn"
react_moa_mcts,measured,6,react-plan,8,RMSNormOp,ve,nvtx_operator_range,213563,4847082296,15485,15485,0,7,0,9032,111022,copy|elementwise_binary|elementwise_unary|reduce,"void at::native::unrolled_elementwise_kernel<at::native::direct_copy_kernel_cuda|void at::native::vectorized_elementwise_kernel<(int)4, void at::native::<unnamed|void at::native::reduce_kernel<(int)512, (int)1, at::native::ReduceOp<float, at:|void at::native::vectorized_elementwise_kernel<(int)4, at::native::CUDAFunctorOn|void at::native::vectorized_elementwise_kernel<(int)4, at::native::rsqrt_kernel_|void at::native::elementwise_kernel<(int)128, (int)2, void at::native::gpu_kerne|void at::native::vectorized_elementwise_kernel<(int)8, at::native::float16_copy_"
react_moa_mcts,measured,6,react-plan,10,LinearOp,me,nvtx_operator_range,160714,4847303608,12958,12510,448,1,1,14248,20669,gemm|memset,memset|void cutlass::Kernel2<cutlass_80_tensorop_f16_s16816gemm_relu_f16_64x64_32x6_nn_
react_moa_mcts,measured,6,react-plan,11,LinearOp,me,nvtx_operator_range,139120,4847475026,12733,12286,447,1,1,9954,20764,gemm|memset,memset|void cutlass::Kernel2<cutlass_80_tensorop_f16_s16816gemm_relu_f16_64x64_32x6_nn_
react_moa_mcts,measured,6,react-plan,12,LinearOp,me,nvtx_operator_range,107927,4847622208,12670,12222,448,1,1,6424,19485,gemm|memset,memset|void cutlass::Kernel2<cutlass_80_tensorop_f16_s16816gemm_relu_f16_64x64_32x6_nn_
react_moa_mcts,measured,6,react-plan,13,ViewOp,de,nvtx_operator_range,66759,4847737044,0,0,0,0,0,,,,
react_moa_mcts,measured,6,react-plan,14,TransposeOp,de,nvtx_operator_range,111591,4847810389,9375,9375,0,1,0,9567,9375,copy,"void at::native::elementwise_kernel<(int)128, (int)4, void at::native::gpu_kerne"
react_moa_mcts,measured,6,moa-map0,6,RMSNormOp,ve,nvtx_operator_range,243400,4858660283,19418,19418,0,7,0,8494,115405,copy|elementwise_binary|elementwise_unary|reduce,"void at::native::unrolled_elementwise_kernel<at::native::direct_copy_kernel_cuda|void at::native::vectorized_elementwise_kernel<(int)4, void at::native::<unnamed|void at::native::reduce_kernel<(int)512, (int)1, at::native::ReduceOp<float, at:|void at::native::vectorized_elementwise_kernel<(int)4, at::native::CUDAFunctorOn|void at::native::vectorized_elementwise_kernel<(int)4, at::native::rsqrt_kernel_|void at::native::elementwise_kernel<(int)128, (int)2, void at::native::gpu_kerne|void at::native::vectorized_elementwise_kernel<(int)8, at::native::float16_copy_"
react_moa_mcts,measured,6,moa-map0,7,AddOp,ve,nvtx_operator_range,109337,4858913134,2016,2016,0,1,0,9570,2016,elementwise_binary,"void at::native::vectorized_elementwise_kernel<(int)8, at::native::CUDAFunctorOn"
react_moa_mcts,measured,6,moa-map0,8,RMSNormOp,ve,nvtx_operator_range,223885,4859030199,19068,19068,0,7,0,8923,114509,copy|elementwise_binary|elementwise_unary|reduce,"void at::native::unrolled_elementwise_kernel<at::native::direct_copy_kernel_cuda|void at::native::vectorized_elementwise_kernel<(int)4, void at::native::<unnamed|void at::native::reduce_kernel<(int)512, (int)1, at::native::ReduceOp<float, at:|void at::native::vectorized_elementwise_kernel<(int)4, at::native::CUDAFunctorOn|void at::native::vectorized_elementwise_kernel<(int)4, at::native::rsqrt_kernel_|void at::native::elementwise_kernel<(int)128, (int)2, void at::native::gpu_kerne|void at::native::vectorized_elementwise_kernel<(int)8, at::native::float16_copy_"
react_moa_mcts,measured,6,moa-map0,10,LinearOp,me,nvtx_operator_range,108696,4859262472,20188,20188,0,1,0,9526,20188,gemm,ampere_fp16_s1688gemm_fp16_128x64_sliced1x2_ldg8_f2f_nn
react_moa_mcts,measured,6,moa-map0,11,LinearOp,me,nvtx_operator_range,92633,4859377496,20092,20092,0,1,0,7982,20092,gemm,ampere_fp16_s1688gemm_fp16_128x64_sliced1x2_ldg8_f2f_nn
react_moa_mcts,measured,6,moa-map0,12,LinearOp,me,nvtx_operator_range,95410,4859476767,20061,20061,0,1,0,8166,20061,gemm,ampere_fp16_s1688gemm_fp16_128x64_sliced1x2_ldg8_f2f_nn
react_moa_mcts,measured,6,moa-map0,13,ViewOp,de,nvtx_operator_range,66710,4859580400,0,0,0,0,0,,,,
react_moa_mcts,measured,6,moa-map0,14,TransposeOp,de,nvtx_operator_range,107394,4859652703,12478,12478,0,1,0,9645,12478,copy,"void at::native::elementwise_kernel<(int)128, (int)4, void at::native::gpu_kerne"
react_moa_mcts,measured,6,moa-map1,6,RMSNormOp,ve,nvtx_operator_range,226875,4870597407,19198,19198,0,7,0,8180,115150,copy|elementwise_binary|elementwise_unary|reduce,"void at::native::unrolled_elementwise_kernel<at::native::direct_copy_kernel_cuda|void at::native::vectorized_elementwise_kernel<(int)4, void at::native::<unnamed|void at::native::reduce_kernel<(int)512, (int)1, at::native::ReduceOp<float, at:|void at::native::vectorized_elementwise_kernel<(int)4, at::native::CUDAFunctorOn|void at::native::vectorized_elementwise_kernel<(int)4, at::native::rsqrt_kernel_|void at::native::elementwise_kernel<(int)128, (int)2, void at::native::gpu_kerne|void at::native::vectorized_elementwise_kernel<(int)8, at::native::float16_copy_"
react_moa_mcts,measured,6,moa-map1,7,AddOp,ve,nvtx_operator_range,93705,4870832835,2016,2016,0,1,0,8111,2016,elementwise_binary,"void at::native::vectorized_elementwise_kernel<(int)8, at::native::CUDAFunctorOn"
react_moa_mcts,measured,6,moa-map1,8,RMSNormOp,ve,nvtx_operator_range,218505,4870933563,19069,19069,0,7,0,8329,119693,copy|elementwise_binary|elementwise_unary|reduce,"void at::native::unrolled_elementwise_kernel<at::native::direct_copy_kernel_cuda|void at::native::vectorized_elementwise_kernel<(int)4, void at::native::<unnamed|void at::native::reduce_kernel<(int)512, (int)1, at::native::ReduceOp<float, at:|void at::native::vectorized_elementwise_kernel<(int)4, at::native::CUDAFunctorOn|void at::native::vectorized_elementwise_kernel<(int)4, at::native::rsqrt_kernel_|void at::native::elementwise_kernel<(int)128, (int)2, void at::native::gpu_kerne|void at::native::vectorized_elementwise_kernel<(int)8, at::native::float16_copy_"
react_moa_mcts,measured,6,moa-map1,10,LinearOp,me,nvtx_operator_range,108934,4871159639,20349,20349,0,1,0,8810,20349,gemm,ampere_fp16_s1688gemm_fp16_128x64_sliced1x2_ldg8_f2f_nn
react_moa_mcts,measured,6,moa-map1,11,LinearOp,me,nvtx_operator_range,93836,4871275373,20157,20157,0,1,0,8208,20157,gemm,ampere_fp16_s1688gemm_fp16_128x64_sliced1x2_ldg8_f2f_nn
react_moa_mcts,measured,6,moa-map1,12,LinearOp,me,nvtx_operator_range,90832,4871375903,20157,20157,0,1,0,7895,20157,gemm,ampere_fp16_s1688gemm_fp16_128x64_sliced1x2_ldg8_f2f_nn
react_moa_mcts,measured,6,moa-map1,13,ViewOp,de,nvtx_operator_range,66357,4871474002,0,0,0,0,0,,,,
react_moa_mcts,measured,6,moa-map1,14,TransposeOp,de,nvtx_operator_range,107815,4871545911,12350,12350,0,1,0,9208,12350,copy,"void at::native::elementwise_kernel<(int)128, (int)4, void at::native::gpu_kerne"
react_moa_mcts,measured,6,moa-map2,6,RMSNormOp,ve,nvtx_operator_range,227135,4882440609,19198,19198,0,7,0,8118,114094,copy|elementwise_binary|elementwise_unary|reduce,"void at::native::unrolled_elementwise_kernel<at::native::direct_copy_kernel_cuda|void at::native::vectorized_elementwise_kernel<(int)4, void at::native::<unnamed|void at::native::reduce_kernel<(int)512, (int)1, at::native::ReduceOp<float, at:|void at::native::vectorized_elementwise_kernel<(int)4, at::native::CUDAFunctorOn|void at::native::vectorized_elementwise_kernel<(int)4, at::native::rsqrt_kernel_|void at::native::elementwise_kernel<(int)128, (int)2, void at::native::gpu_kerne|void at::native::vectorized_elementwise_kernel<(int)8, at::native::float16_copy_"
react_moa_mcts,measured,6,moa-map2,7,AddOp,ve,nvtx_operator_range,94419,4882676488,2080,2080,0,1,0,8304,2080,elementwise_binary,"void at::native::vectorized_elementwise_kernel<(int)8, at::native::CUDAFunctorOn"
react_moa_mcts,measured,6,moa-map2,8,RMSNormOp,ve,nvtx_operator_range,206318,4882777669,19038,19038,0,7,0,8373,109615,copy|elementwise_binary|elementwise_unary|reduce,"void at::native::unrolled_elementwise_kernel<at::native::direct_copy_kernel_cuda|void at::native::vectorized_elementwise_kernel<(int)4, void at::native::<unnamed|void at::native::reduce_kernel<(int)512, (int)1, at::native::ReduceOp<float, at:|void at::native::vectorized_elementwise_kernel<(int)4, at::native::CUDAFunctorOn|void at::native::vectorized_elementwise_kernel<(int)4, at::native::rsqrt_kernel_|void at::native::elementwise_kernel<(int)128, (int)2, void at::native::gpu_kerne|void at::native::vectorized_elementwise_kernel<(int)8, at::native::float16_copy_"
react_moa_mcts,measured,6,moa-map2,10,LinearOp,me,nvtx_operator_range,120283,4882991155,20093,20093,0,1,0,9699,20093,gemm,ampere_fp16_s1688gemm_fp16_128x64_sliced1x2_ldg8_f2f_nn
react_moa_mcts,measured,6,moa-map2,11,LinearOp,me,nvtx_operator_range,96353,4883118536,20253,20253,0,1,0,8558,20253,gemm,ampere_fp16_s1688gemm_fp16_128x64_sliced1x2_ldg8_f2f_nn
react_moa_mcts,measured,6,moa-map2,12,LinearOp,me,nvtx_operator_range,90279,4883221562,20093,20093,0,1,0,8055,20093,gemm,ampere_fp16_s1688gemm_fp16_128x64_sliced1x2_ldg8_f2f_nn
react_moa_mcts,measured,6,moa-map2,13,ViewOp,de,nvtx_operator_range,65850,4883319435,0,0,0,0,0,,,,
react_moa_mcts,measured,6,moa-map2,14,TransposeOp,de,nvtx_operator_range,108362,4883390584,12222,12222,0,1,0,9235,12222,copy,"void at::native::elementwise_kernel<(int)128, (int)4, void at::native::gpu_kerne"
react_moa_mcts,measured,6,mcts-root,6,RMSNormOp,ve,nvtx_operator_range,229408,4894395708,19388,19388,0,7,0,8353,116397,copy|elementwise_binary|elementwise_unary|reduce,"void at::native::unrolled_elementwise_kernel<at::native::direct_copy_kernel_cuda|void at::native::vectorized_elementwise_kernel<(int)4, void at::native::<unnamed|void at::native::reduce_kernel<(int)512, (int)1, at::native::ReduceOp<float, at:|void at::native::vectorized_elementwise_kernel<(int)4, at::native::CUDAFunctorOn|void at::native::vectorized_elementwise_kernel<(int)4, at::native::rsqrt_kernel_|void at::native::elementwise_kernel<(int)128, (int)2, void at::native::gpu_kerne|void at::native::vectorized_elementwise_kernel<(int)8, at::native::float16_copy_"
react_moa_mcts,measured,6,mcts-root,7,AddOp,ve,nvtx_operator_range,95160,4894633959,1984,1984,0,1,0,8491,1984,elementwise_binary,"void at::native::vectorized_elementwise_kernel<(int)8, at::native::CUDAFunctorOn"
react_moa_mcts,measured,6,mcts-root,8,RMSNormOp,ve,nvtx_operator_range,206951,4894736162,19226,19226,0,7,0,8742,109166,copy|elementwise_binary|elementwise_unary|reduce,"void at::native::unrolled_elementwise_kernel<at::native::direct_copy_kernel_cuda|void at::native::vectorized_elementwise_kernel<(int)4, void at::native::<unnamed|void at::native::reduce_kernel<(int)512, (int)1, at::native::ReduceOp<float, at:|void at::native::vectorized_elementwise_kernel<(int)4, at::native::CUDAFunctorOn|void at::native::vectorized_elementwise_kernel<(int)4, at::native::rsqrt_kernel_|void at::native::elementwise_kernel<(int)128, (int)2, void at::native::gpu_kerne|void at::native::vectorized_elementwise_kernel<(int)8, at::native::float16_copy_"
react_moa_mcts,measured,6,mcts-root,10,LinearOp,me,nvtx_operator_range,119237,4894950509,20125,20125,0,1,0,8877,20125,gemm,ampere_fp16_s1688gemm_fp16_128x64_sliced1x2_ldg8_f2f_nn
react_moa_mcts,measured,6,mcts-root,11,LinearOp,me,nvtx_operator_range,96200,4895076501,20125,20125,0,1,0,8107,20125,gemm,ampere_fp16_s1688gemm_fp16_128x64_sliced1x2_ldg8_f2f_nn
react_moa_mcts,measured,6,mcts-root,12,LinearOp,me,nvtx_operator_range,90485,4895179204,20093,20093,0,1,0,7634,20093,gemm,ampere_fp16_s1688gemm_fp16_128x64_sliced1x2_ldg8_f2f_nn
react_moa_mcts,measured,6,mcts-root,13,ViewOp,de,nvtx_operator_range,65654,4895277404,0,0,0,0,0,,,,
react_moa_mcts,measured,6,mcts-root,14,TransposeOp,de,nvtx_operator_range,109938,4895348935,12478,12478,0,1,0,9336,12478,copy,"void at::native::elementwise_kernel<(int)128, (int)4, void at::native::gpu_kerne"
react_moa_mcts,measured,6,mcts-actor0,6,RMSNormOp,ve,nvtx_operator_range,233641,4908470375,19325,19325,0,7,0,8199,115150,copy|elementwise_binary|elementwise_unary|reduce,"void at::native::unrolled_elementwise_kernel<at::native::direct_copy_kernel_cuda|void at::native::vectorized_elementwise_kernel<(int)4, void at::native::<unnamed|void at::native::reduce_kernel<(int)512, (int)1, at::native::ReduceOp<float, at:|void at::native::vectorized_elementwise_kernel<(int)4, at::native::CUDAFunctorOn|void at::native::vectorized_elementwise_kernel<(int)4, at::native::rsqrt_kernel_|void at::native::elementwise_kernel<(int)128, (int)2, void at::native::gpu_kerne|void at::native::vectorized_elementwise_kernel<(int)8, at::native::float16_copy_"
react_moa_mcts,measured,6,mcts-actor0,7,AddOp,ve,nvtx_operator_range,93865,4908712722,2112,2112,0,1,0,8258,2112,elementwise_binary,"void at::native::vectorized_elementwise_kernel<(int)8, at::native::CUDAFunctorOn"
react_moa_mcts,measured,6,mcts-actor0,8,RMSNormOp,ve,nvtx_operator_range,206348,4908813494,19068,19068,0,7,0,8066,109934,copy|elementwise_binary|elementwise_unary|reduce,"void at::native::unrolled_elementwise_kernel<at::native::direct_copy_kernel_cuda|void at::native::vectorized_elementwise_kernel<(int)4, void at::native::<unnamed|void at::native::reduce_kernel<(int)512, (int)1, at::native::ReduceOp<float, at:|void at::native::vectorized_elementwise_kernel<(int)4, at::native::CUDAFunctorOn|void at::native::vectorized_elementwise_kernel<(int)4, at::native::rsqrt_kernel_|void at::native::elementwise_kernel<(int)128, (int)2, void at::native::gpu_kerne|void at::native::vectorized_elementwise_kernel<(int)8, at::native::float16_copy_"
react_moa_mcts,measured,6,mcts-actor0,10,LinearOp,me,nvtx_operator_range,118985,4909027607,20189,20189,0,1,0,9826,20189,gemm,ampere_fp16_s1688gemm_fp16_128x64_sliced1x2_ldg8_f2f_nn
react_moa_mcts,measured,6,mcts-actor0,11,LinearOp,me,nvtx_operator_range,118613,4909153840,20157,20157,0,1,0,9206,20157,gemm,ampere_fp16_s1688gemm_fp16_128x64_sliced1x2_ldg8_f2f_nn
react_moa_mcts,measured,6,mcts-actor0,12,LinearOp,me,nvtx_operator_range,95239,4909279403,20060,20060,0,1,0,8828,20060,gemm,ampere_fp16_s1688gemm_fp16_128x64_sliced1x2_ldg8_f2f_nn
react_moa_mcts,measured,6,mcts-actor0,13,ViewOp,de,nvtx_operator_range,65679,4909381911,0,0,0,0,0,,,,
react_moa_mcts,measured,6,mcts-actor0,14,TransposeOp,de,nvtx_operator_range,108999,4909453256,12542,12542,0,1,0,9639,12542,copy,"void at::native::elementwise_kernel<(int)128, (int)4, void at::native::gpu_kerne"
react_moa_mcts,measured,6,mcts-actor1,6,RMSNormOp,ve,nvtx_operator_range,227613,4920389145,19453,19453,0,7,0,8030,115182,copy|elementwise_binary|elementwise_unary|reduce,"void at::native::unrolled_elementwise_kernel<at::native::direct_copy_kernel_cuda|void at::native::vectorized_elementwise_kernel<(int)4, void at::native::<unnamed|void at::native::reduce_kernel<(int)512, (int)1, at::native::ReduceOp<float, at:|void at::native::vectorized_elementwise_kernel<(int)4, at::native::CUDAFunctorOn|void at::native::vectorized_elementwise_kernel<(int)4, at::native::rsqrt_kernel_|void at::native::elementwise_kernel<(int)128, (int)2, void at::native::gpu_kerne|void at::native::vectorized_elementwise_kernel<(int)8, at::native::float16_copy_"
react_moa_mcts,measured,6,mcts-actor1,7,AddOp,ve,nvtx_operator_range,95125,4920625387,2080,2080,0,1,0,8234,2080,elementwise_binary,"void at::native::vectorized_elementwise_kernel<(int)8, at::native::CUDAFunctorOn"
react_moa_mcts,measured,6,mcts-actor1,8,RMSNormOp,ve,nvtx_operator_range,205737,4920727085,19226,19226,0,7,0,8081,108462,copy|elementwise_binary|elementwise_unary|reduce,"void at::native::unrolled_elementwise_kernel<at::native::direct_copy_kernel_cuda|void at::native::vectorized_elementwise_kernel<(int)4, void at::native::<unnamed|void at::native::reduce_kernel<(int)512, (int)1, at::native::ReduceOp<float, at:|void at::native::vectorized_elementwise_kernel<(int)4, at::native::CUDAFunctorOn|void at::native::vectorized_elementwise_kernel<(int)4, at::native::rsqrt_kernel_|void at::native::elementwise_kernel<(int)128, (int)2, void at::native::gpu_kerne|void at::native::vectorized_elementwise_kernel<(int)8, at::native::float16_copy_"
react_moa_mcts,measured,6,mcts-actor1,10,LinearOp,me,nvtx_operator_range,122988,4920940043,20028,20028,0,1,0,8889,20028,gemm,ampere_fp16_s1688gemm_fp16_128x64_sliced1x2_ldg8_f2f_nn
react_moa_mcts,measured,6,mcts-actor1,11,LinearOp,me,nvtx_operator_range,99683,4921070279,20220,20220,0,1,0,8665,20220,gemm,ampere_fp16_s1688gemm_fp16_128x64_sliced1x2_ldg8_f2f_nn
react_moa_mcts,measured,6,mcts-actor1,12,LinearOp,me,nvtx_operator_range,91984,4921176513,20061,20061,0,1,0,7872,20061,gemm,ampere_fp16_s1688gemm_fp16_128x64_sliced1x2_ldg8_f2f_nn
react_moa_mcts,measured,6,mcts-actor1,13,ViewOp,de,nvtx_operator_range,65570,4921275496,0,0,0,0,0,,,,
react_moa_mcts,measured,6,mcts-actor1,14,TransposeOp,de,nvtx_operator_range,109416,4921346633,12478,12478,0,1,0,8968,12478,copy,"void at::native::elementwise_kernel<(int)128, (int)4, void at::native::gpu_kerne"
react_moa_mcts,measured,6,moa-reduce,6,RMSNormOp,ve,nvtx_operator_range,244399,4932426608,19069,19069,0,7,0,8064,125868,copy|elementwise_binary|elementwise_unary|reduce,"void at::native::unrolled_elementwise_kernel<at::native::direct_copy_kernel_cuda|void at::native::vectorized_elementwise_kernel<(int)4, void at::native::<unnamed|void at::native::reduce_kernel<(int)512, (int)1, at::native::ReduceOp<float, at:|void at::native::vectorized_elementwise_kernel<(int)4, at::native::CUDAFunctorOn|void at::native::vectorized_elementwise_kernel<(int)4, at::native::rsqrt_kernel_|void at::native::elementwise_kernel<(int)128, (int)2, void at::native::gpu_kerne|void at::native::vectorized_elementwise_kernel<(int)8, at::native::float16_copy_"
react_moa_mcts,measured,6,moa-reduce,7,AddOp,ve,nvtx_operator_range,96008,4932680178,2048,2048,0,1,0,8632,2048,elementwise_binary,"void at::native::vectorized_elementwise_kernel<(int)8, at::native::CUDAFunctorOn"
react_moa_mcts,measured,6,moa-reduce,8,RMSNormOp,ve,nvtx_operator_range,207312,4932783253,19002,19002,0,7,0,8498,109998,copy|elementwise_binary|elementwise_unary|reduce,"void at::native::unrolled_elementwise_kernel<at::native::direct_copy_kernel_cuda|void at::native::vectorized_elementwise_kernel<(int)4, void at::native::<unnamed|void at::native::reduce_kernel<(int)512, (int)1, at::native::ReduceOp<float, at:|void at::native::vectorized_elementwise_kernel<(int)4, at::native::CUDAFunctorOn|void at::native::vectorized_elementwise_kernel<(int)4, at::native::rsqrt_kernel_|void at::native::elementwise_kernel<(int)128, (int)2, void at::native::gpu_kerne|void at::native::vectorized_elementwise_kernel<(int)8, at::native::float16_copy_"
react_moa_mcts,measured,6,moa-reduce,10,LinearOp,me,nvtx_operator_range,125736,4932997868,20093,20093,0,1,0,10006,20093,gemm,ampere_fp16_s1688gemm_fp16_128x64_sliced1x2_ldg8_f2f_nn
react_moa_mcts,measured,6,moa-reduce,11,LinearOp,me,nvtx_operator_range,95043,4933130598,20157,20157,0,1,0,8350,20157,gemm,ampere_fp16_s1688gemm_fp16_128x64_sliced1x2_ldg8_f2f_nn
react_moa_mcts,measured,6,moa-reduce,12,LinearOp,me,nvtx_operator_range,91741,4933231614,20093,20093,0,1,0,7900,20093,gemm,ampere_fp16_s1688gemm_fp16_128x64_sliced1x2_ldg8_f2f_nn
react_moa_mcts,measured,6,moa-reduce,13,ViewOp,de,nvtx_operator_range,305601,4933329452,0,0,0,0,0,,,,
react_moa_mcts,measured,6,moa-reduce,14,TransposeOp,de,nvtx_operator_range,114800,4933641726,12638,12638,0,1,0,10396,12638,copy,"void at::native::elementwise_kernel<(int)128, (int)4, void at::native::gpu_kerne"
react_moa_mcts,measured,6,react-answer,6,RMSNormOp,ve,nvtx_operator_range,256855,4942567786,17916,17916,0,7,0,8824,128267,copy|elementwise_binary|elementwise_unary|reduce,"void at::native::unrolled_elementwise_kernel<at::native::direct_copy_kernel_cuda|void at::native::vectorized_elementwise_kernel<(int)4, void at::native::<unnamed|void at::native::reduce_kernel<(int)512, (int)1, at::native::ReduceOp<float, at:|void at::native::vectorized_elementwise_kernel<(int)4, at::native::CUDAFunctorOn|void at::native::vectorized_elementwise_kernel<(int)4, at::native::rsqrt_kernel_|void at::native::elementwise_kernel<(int)128, (int)2, void at::native::gpu_kerne|void at::native::vectorized_elementwise_kernel<(int)8, at::native::float16_copy_"
react_moa_mcts,measured,6,react-answer,7,AddOp,ve,nvtx_operator_range,98165,4942839463,1759,1759,0,1,0,8761,1759,elementwise_binary,"void at::native::vectorized_elementwise_kernel<(int)8, at::native::CUDAFunctorOn"
react_moa_mcts,measured,6,react-answer,8,RMSNormOp,ve,nvtx_operator_range,218813,4942944742,17246,17246,0,7,0,8601,118413,copy|elementwise_binary|elementwise_unary|reduce,"void at::native::unrolled_elementwise_kernel<at::native::direct_copy_kernel_cuda|void at::native::vectorized_elementwise_kernel<(int)4, void at::native::<unnamed|void at::native::reduce_kernel<(int)512, (int)1, at::native::ReduceOp<float, at:|void at::native::vectorized_elementwise_kernel<(int)4, at::native::CUDAFunctorOn|void at::native::vectorized_elementwise_kernel<(int)4, at::native::rsqrt_kernel_|void at::native::elementwise_kernel<(int)128, (int)2, void at::native::gpu_kerne|void at::native::vectorized_elementwise_kernel<(int)8, at::native::float16_copy_"
react_moa_mcts,measured,6,react-answer,10,LinearOp,me,nvtx_operator_range,113093,4943171328,14590,14590,0,1,0,9229,14590,gemm,ampere_fp16_s16816gemm_fp16_128x64_ldg8_f2f_stages_32x6_nn
react_moa_mcts,measured,6,react-answer,11,LinearOp,me,nvtx_operator_range,94380,4943291230,14590,14590,0,1,0,8214,14590,gemm,ampere_fp16_s16816gemm_fp16_128x64_ldg8_f2f_stages_32x6_nn
react_moa_mcts,measured,6,react-answer,12,LinearOp,me,nvtx_operator_range,90278,4943391824,14525,14525,0,1,0,7705,14525,gemm,ampere_fp16_s16816gemm_fp16_128x64_ldg8_f2f_stages_32x6_nn
react_moa_mcts,measured,6,react-answer,13,ViewOp,de,nvtx_operator_range,66564,4943489131,0,0,0,0,0,,,,
react_moa_mcts,measured,6,react-answer,14,TransposeOp,de,nvtx_operator_range,106650,4943561349,12094,12094,0,1,0,8957,12094,copy,"void at::native::elementwise_kernel<(int)128, (int)4, void at::native::gpu_kerne"
react_moa_mcts,measured,6,mcts-critic,6,RMSNormOp,ve,nvtx_operator_range,236229,4954505203,19355,19355,0,7,0,8561,115981,copy|elementwise_binary|elementwise_unary|reduce,"void at::native::unrolled_elementwise_kernel<at::native::direct_copy_kernel_cuda|void at::native::vectorized_elementwise_kernel<(int)4, void at::native::<unnamed|void at::native::reduce_kernel<(int)512, (int)1, at::native::ReduceOp<float, at:|void at::native::vectorized_elementwise_kernel<(int)4, at::native::CUDAFunctorOn|void at::native::vectorized_elementwise_kernel<(int)4, at::native::rsqrt_kernel_|void at::native::elementwise_kernel<(int)128, (int)2, void at::native::gpu_kerne|void at::native::vectorized_elementwise_kernel<(int)8, at::native::float16_copy_"
react_moa_mcts,measured,6,mcts-critic,7,AddOp,ve,nvtx_operator_range,94561,4954750147,2079,2079,0,1,0,8412,2079,elementwise_binary,"void at::native::vectorized_elementwise_kernel<(int)8, at::native::CUDAFunctorOn"
react_moa_mcts,measured,6,mcts-critic,8,RMSNormOp,ve,nvtx_operator_range,214512,4954851678,18878,18878,0,7,0,8498,108687,copy|elementwise_binary|elementwise_unary|reduce,"void at::native::unrolled_elementwise_kernel<at::native::direct_copy_kernel_cuda|void at::native::vectorized_elementwise_kernel<(int)4, void at::native::<unnamed|void at::native::reduce_kernel<(int)512, (int)1, at::native::ReduceOp<float, at:|void at::native::vectorized_elementwise_kernel<(int)4, at::native::CUDAFunctorOn|void at::native::vectorized_elementwise_kernel<(int)4, at::native::rsqrt_kernel_|void at::native::elementwise_kernel<(int)128, (int)2, void at::native::gpu_kerne|void at::native::vectorized_elementwise_kernel<(int)8, at::native::float16_copy_"
react_moa_mcts,measured,6,mcts-critic,10,LinearOp,me,nvtx_operator_range,110197,4955073757,20157,20157,0,1,0,9620,20157,gemm,ampere_fp16_s1688gemm_fp16_128x64_sliced1x2_ldg8_f2f_nn
react_moa_mcts,measured,6,mcts-critic,11,LinearOp,me,nvtx_operator_range,93053,4955190755,20189,20189,0,1,0,7902,20189,gemm,ampere_fp16_s1688gemm_fp16_128x64_sliced1x2_ldg8_f2f_nn
react_moa_mcts,measured,6,mcts-critic,12,LinearOp,me,nvtx_operator_range,90142,4955290669,20093,20093,0,1,0,8329,20093,gemm,ampere_fp16_s1688gemm_fp16_128x64_sliced1x2_ldg8_f2f_nn
react_moa_mcts,measured,6,mcts-critic,13,ViewOp,de,nvtx_operator_range,65407,4955387192,0,0,0,0,0,,,,
react_moa_mcts,measured,6,mcts-critic,14,TransposeOp,de,nvtx_operator_range,107858,4955458576,12446,12446,0,1,0,9523,12446,copy,"void at::native::elementwise_kernel<(int)128, (int)4, void at::native::gpu_kerne"
react_moa_mcts,measured,7,react-plan,,call_overhead,,gap_before_operator,,,55671,4991,50680,2,1,10935,162374,elementwise_binary|memcpy|rng_init,"memcpy_Host-to-Device|void at::native::<unnamed>::distribution_elementwise_grid_stride_kernel<float, (|void at::native::vectorized_elementwise_kernel<(int)8, at::native::BUnaryFunctor"
react_moa_mcts,measured,7,moa-map0,,call_overhead,,gap_before_operator,,,142696,7006,135690,2,2,11422,11002042,elementwise_binary|memcpy|rng_init,"memcpy_Device-to-Host|memcpy_Host-to-Device|void at::native::<unnamed>::distribution_elementwise_grid_stride_kernel<float, (|void at::native::vectorized_elementwise_kernel<(int)8, at::native::BUnaryFunctor"
react_moa_mcts,measured,7,moa-map1,,call_overhead,,gap_before_operator,,,185347,7103,178244,2,2,10870,11052883,elementwise_binary|memcpy|rng_init,"memcpy_Device-to-Host|memcpy_Host-to-Device|void at::native::<unnamed>::distribution_elementwise_grid_stride_kernel<float, (|void at::native::vectorized_elementwise_kernel<(int)8, at::native::BUnaryFunctor"
react_moa_mcts,measured,7,moa-map2,,call_overhead,,gap_before_operator,,,185378,7103,178275,2,2,10874,10881038,elementwise_binary|memcpy|rng_init,"memcpy_Device-to-Host|memcpy_Host-to-Device|void at::native::<unnamed>::distribution_elementwise_grid_stride_kernel<float, (|void at::native::vectorized_elementwise_kernel<(int)8, at::native::BUnaryFunctor"
react_moa_mcts,measured,7,mcts-root,,call_overhead,,gap_before_operator,,,187490,6975,180515,2,2,10696,11478478,elementwise_binary|memcpy|rng_init,"memcpy_Device-to-Host|memcpy_Host-to-Device|void at::native::<unnamed>::distribution_elementwise_grid_stride_kernel<float, (|void at::native::vectorized_elementwise_kernel<(int)8, at::native::BUnaryFunctor"
react_moa_mcts,measured,7,mcts-actor0,,call_overhead,,gap_before_operator,,,185571,7039,178532,2,2,11017,12235605,elementwise_binary|memcpy|rng_init,"memcpy_Device-to-Host|memcpy_Host-to-Device|void at::native::<unnamed>::distribution_elementwise_grid_stride_kernel<float, (|void at::native::vectorized_elementwise_kernel<(int)8, at::native::BUnaryFunctor"
react_moa_mcts,measured,7,mcts-actor1,,call_overhead,,gap_before_operator,,,188385,7038,181347,2,2,10708,10732165,elementwise_binary|memcpy|rng_init,"memcpy_Device-to-Host|memcpy_Host-to-Device|void at::native::<unnamed>::distribution_elementwise_grid_stride_kernel<float, (|void at::native::vectorized_elementwise_kernel<(int)8, at::native::BUnaryFunctor"
react_moa_mcts,measured,7,moa-reduce,,call_overhead,,gap_before_operator,,,185282,7038,178244,2,2,10472,10762241,elementwise_binary|memcpy|rng_init,"memcpy_Device-to-Host|memcpy_Host-to-Device|void at::native::<unnamed>::distribution_elementwise_grid_stride_kernel<float, (|void at::native::vectorized_elementwise_kernel<(int)8, at::native::BUnaryFunctor"
react_moa_mcts,measured,7,react-answer,,call_overhead,,gap_before_operator,,,163974,6751,157223,2,2,10494,8656179,elementwise_binary|memcpy|rng_init,"memcpy_Device-to-Host|memcpy_Host-to-Device|void at::native::<unnamed>::distribution_elementwise_grid_stride_kernel<float, (|void at::native::vectorized_elementwise_kernel<(int)8, at::native::BUnaryFunctor"
react_moa_mcts,measured,7,mcts-critic,,call_overhead,,gap_before_operator,,,252984,7007,245977,2,3,10685,12239380,elementwise_binary|memcpy|rng_init,"memcpy_Device-to-Host|memcpy_Host-to-Device|void at::native::<unnamed>::distribution_elementwise_grid_stride_kernel<float, (|void at::native::vectorized_elementwise_kernel<(int)8, at::native::BUnaryFunctor"
react_moa_mcts,measured,7,react-plan,6,RMSNormOp,ve,nvtx_operator_range,227224,4962534081,15773,15773,0,7,0,8538,113518,copy|elementwise_binary|elementwise_unary|reduce,"void at::native::unrolled_elementwise_kernel<at::native::direct_copy_kernel_cuda|void at::native::vectorized_elementwise_kernel<(int)4, void at::native::<unnamed|void at::native::reduce_kernel<(int)512, (int)1, at::native::ReduceOp<float, at:|void at::native::vectorized_elementwise_kernel<(int)4, at::native::CUDAFunctorOn|void at::native::vectorized_elementwise_kernel<(int)4, at::native::rsqrt_kernel_|void at::native::elementwise_kernel<(int)128, (int)2, void at::native::gpu_kerne|void at::native::vectorized_elementwise_kernel<(int)8, at::native::float16_copy_"
react_moa_mcts,measured,7,react-plan,7,AddOp,ve,nvtx_operator_range,94652,4962770313,1440,1440,0,1,0,8727,1440,elementwise_binary,"void at::native::vectorized_elementwise_kernel<(int)8, at::native::CUDAFunctorOn"
react_moa_mcts,measured,7,react-plan,8,RMSNormOp,ve,nvtx_operator_range,232415,4962871648,15487,15487,0,7,0,8456,129100,copy|elementwise_binary|elementwise_unary|reduce,"void at::native::unrolled_elementwise_kernel<at::native::direct_copy_kernel_cuda|void at::native::vectorized_elementwise_kernel<(int)4, void at::native::<unnamed|void at::native::reduce_kernel<(int)512, (int)1, at::native::ReduceOp<float, at:|void at::native::vectorized_elementwise_kernel<(int)4, at::native::CUDAFunctorOn|void at::native::vectorized_elementwise_kernel<(int)4, at::native::rsqrt_kernel_|void at::native::elementwise_kernel<(int)128, (int)2, void at::native::gpu_kerne|void at::native::vectorized_elementwise_kernel<(int)8, at::native::float16_copy_"
react_moa_mcts,measured,7,react-plan,10,LinearOp,me,nvtx_operator_range,155520,4963112591,12958,12510,448,1,1,13589,26908,gemm|memset,memset|void cutlass::Kernel2<cutlass_80_tensorop_f16_s16816gemm_relu_f16_64x64_32x6_nn_
react_moa_mcts,measured,7,react-plan,11,LinearOp,me,nvtx_operator_range,112036,4963278764,12606,12158,448,1,1,6934,19357,gemm|memset,memset|void cutlass::Kernel2<cutlass_80_tensorop_f16_s16816gemm_relu_f16_64x64_32x6_nn_
react_moa_mcts,measured,7,react-plan,12,LinearOp,me,nvtx_operator_range,105115,4963398937,12702,12254,448,1,1,6041,19005,gemm|memset,memset|void cutlass::Kernel2<cutlass_80_tensorop_f16_s16816gemm_relu_f16_64x64_32x6_nn_
react_moa_mcts,measured,7,react-plan,13,ViewOp,de,nvtx_operator_range,64856,4963511358,0,0,0,0,0,,,,
react_moa_mcts,measured,7,react-plan,14,TransposeOp,de,nvtx_operator_range,108889,4963581950,9438,9438,0,1,0,9442,9438,copy,"void at::native::elementwise_kernel<(int)128, (int)4, void at::native::gpu_kerne"
react_moa_mcts,measured,7,moa-map0,6,RMSNormOp,ve,nvtx_operator_range,237251,4974724264,19420,19420,0,7,0,8621,119436,copy|elementwise_binary|elementwise_unary|reduce,"void at::native::unrolled_elementwise_kernel<at::native::direct_copy_kernel_cuda|void at::native::vectorized_elementwise_kernel<(int)4, void at::native::<unnamed|void at::native::reduce_kernel<(int)512, (int)1, at::native::ReduceOp<float, at:|void at::native::vectorized_elementwise_kernel<(int)4, at::native::CUDAFunctorOn|void at::native::vectorized_elementwise_kernel<(int)4, at::native::rsqrt_kernel_|void at::native::elementwise_kernel<(int)128, (int)2, void at::native::gpu_kerne|void at::native::vectorized_elementwise_kernel<(int)8, at::native::float16_copy_"
react_moa_mcts,measured,7,moa-map0,7,AddOp,ve,nvtx_operator_range,109958,4974971279,2080,2080,0,1,0,9040,2080,elementwise_binary,"void at::native::vectorized_elementwise_kernel<(int)8, at::native::CUDAFunctorOn"
react_moa_mcts,measured,7,moa-map0,8,RMSNormOp,ve,nvtx_operator_range,222764,4975088837,18974,18974,0,7,0,9627,114062,copy|elementwise_binary|elementwise_unary|reduce,"void at::native::unrolled_elementwise_kernel<at::native::direct_copy_kernel_cuda|void at::native::vectorized_elementwise_kernel<(int)4, void at::native::<unnamed|void at::native::reduce_kernel<(int)512, (int)1, at::native::ReduceOp<float, at:|void at::native::vectorized_elementwise_kernel<(int)4, at::native::CUDAFunctorOn|void at::native::vectorized_elementwise_kernel<(int)4, at::native::rsqrt_kernel_|void at::native::elementwise_kernel<(int)128, (int)2, void at::native::gpu_kerne|void at::native::vectorized_elementwise_kernel<(int)8, at::native::float16_copy_"
react_moa_mcts,measured,7,moa-map0,10,LinearOp,me,nvtx_operator_range,113006,4975319641,20189,20189,0,1,0,9273,20189,gemm,ampere_fp16_s1688gemm_fp16_128x64_sliced1x2_ldg8_f2f_nn
react_moa_mcts,measured,7,moa-map0,11,LinearOp,me,nvtx_operator_range,94903,4975439626,20157,20157,0,1,0,8093,20157,gemm,ampere_fp16_s1688gemm_fp16_128x64_sliced1x2_ldg8_f2f_nn
react_moa_mcts,measured,7,moa-map0,12,LinearOp,me,nvtx_operator_range,92240,4975540732,20093,20093,0,1,0,8087,20093,gemm,ampere_fp16_s1688gemm_fp16_128x64_sliced1x2_ldg8_f2f_nn
react_moa_mcts,measured,7,moa-map0,13,ViewOp,de,nvtx_operator_range,66299,4975639220,0,0,0,0,0,,,,
react_moa_mcts,measured,7,moa-map0,14,TransposeOp,de,nvtx_operator_range,110840,4975711597,12414,12414,0,1,0,9393,12414,copy,"void at::native::elementwise_kernel<(int)128, (int)4, void at::native::gpu_kerne"
react_moa_mcts,measured,7,moa-map1,6,RMSNormOp,ve,nvtx_operator_range,249730,4986939375,19357,19357,0,7,0,8425,131530,copy|elementwise_binary|elementwise_unary|reduce,"void at::native::unrolled_elementwise_kernel<at::native::direct_copy_kernel_cuda|void at::native::vectorized_elementwise_kernel<(int)4, void at::native::<unnamed|void at::native::reduce_kernel<(int)512, (int)1, at::native::ReduceOp<float, at:|void at::native::vectorized_elementwise_kernel<(int)4, at::native::CUDAFunctorOn|void at::native::vectorized_elementwise_kernel<(int)4, at::native::rsqrt_kernel_|void at::native::elementwise_kernel<(int)128, (int)2, void at::native::gpu_kerne|void at::native::vectorized_elementwise_kernel<(int)8, at::native::float16_copy_"
react_moa_mcts,measured,7,moa-map1,7,AddOp,ve,nvtx_operator_range,95946,4987198567,2111,2111,0,1,0,8870,2111,elementwise_binary,"void at::native::vectorized_elementwise_kernel<(int)8, at::native::CUDAFunctorOn"
react_moa_mcts,measured,7,moa-map1,8,RMSNormOp,ve,nvtx_operator_range,208094,4987301475,19039,19039,0,7,0,8438,109967,copy|elementwise_binary|elementwise_unary|reduce,"void at::native::unrolled_elementwise_kernel<at::native::direct_copy_kernel_cuda|void at::native::vectorized_elementwise_kernel<(int)4, void at::native::<unnamed|void at::native::reduce_kernel<(int)512, (int)1, at::native::ReduceOp<float, at:|void at::native::vectorized_elementwise_kernel<(int)4, at::native::CUDAFunctorOn|void at::native::vectorized_elementwise_kernel<(int)4, at::native::rsqrt_kernel_|void at::native::elementwise_kernel<(int)128, (int)2, void at::native::gpu_kerne|void at::native::vectorized_elementwise_kernel<(int)8, at::native::float16_copy_"
react_moa_mcts,measured,7,moa-map1,10,LinearOp,me,nvtx_operator_range,116024,4987517347,20061,20061,0,1,0,11265,20061,gemm,ampere_fp16_s1688gemm_fp16_128x64_sliced1x2_ldg8_f2f_nn
react_moa_mcts,measured,7,moa-map1,11,LinearOp,me,nvtx_operator_range,102143,4987640026,20157,20157,0,1,0,12627,20157,gemm,ampere_fp16_s1688gemm_fp16_128x64_sliced1x2_ldg8_f2f_nn
react_moa_mcts,measured,7,moa-map1,12,LinearOp,me,nvtx_operator_range,201066,4987748423,129260,129260,0,1,0,12014,129260,gemm,ampere_fp16_s1688gemm_fp16_128x64_sliced1x2_ldg8_f2f_nn
react_moa_mcts,measured,7,moa-map1,13,ViewOp,de,nvtx_operator_range,131862,4987956665,0,0,0,0,0,,,,
react_moa_mcts,measured,7,moa-map1,14,TransposeOp,de,nvtx_operator_range,114703,4988095230,12318,12318,0,1,0,10196,12318,copy,"void at::native::elementwise_kernel<(int)128, (int)4, void at::native::gpu_kerne"
react_moa_mcts,measured,7,moa-map2,6,RMSNormOp,ve,nvtx_operator_range,237065,4999167719,19418,19418,0,7,0,8592,116845,copy|elementwise_binary|elementwise_unary|reduce,"void at::native::unrolled_elementwise_kernel<at::native::direct_copy_kernel_cuda|void at::native::vectorized_elementwise_kernel<(int)4, void at::native::<unnamed|void at::native::reduce_kernel<(int)512, (int)1, at::native::ReduceOp<float, at:|void at::native::vectorized_elementwise_kernel<(int)4, at::native::CUDAFunctorOn|void at::native::vectorized_elementwise_kernel<(int)4, at::native::rsqrt_kernel_|void at::native::elementwise_kernel<(int)128, (int)2, void at::native::gpu_kerne|void at::native::vectorized_elementwise_kernel<(int)8, at::native::float16_copy_"
react_moa_mcts,measured,7,moa-map2,7,AddOp,ve,nvtx_operator_range,97011,4999413775,2080,2080,0,1,0,8357,2080,elementwise_binary,"void at::native::vectorized_elementwise_kernel<(int)8, at::native::CUDAFunctorOn"
react_moa_mcts,measured,7,moa-map2,8,RMSNormOp,ve,nvtx_operator_range,205461,4999518265,18972,18972,0,7,0,8730,108335,copy|elementwise_binary|elementwise_unary|reduce,"void at::native::unrolled_elementwise_kernel<at::native::direct_copy_kernel_cuda|void at::native::vectorized_elementwise_kernel<(int)4, void at::native::<unnamed|void at::native::reduce_kernel<(int)512, (int)1, at::native::ReduceOp<float, at:|void at::native::vectorized_elementwise_kernel<(int)4, at::native::CUDAFunctorOn|void at::native::vectorized_elementwise_kernel<(int)4, at::native::rsqrt_kernel_|void at::native::elementwise_kernel<(int)128, (int)2, void at::native::gpu_kerne|void at::native::vectorized_elementwise_kernel<(int)8, at::native::float16_copy_"
react_moa_mcts,measured,7,moa-map2,10,LinearOp,me,nvtx_operator_range,127537,4999731212,20125,20125,0,1,0,10485,20125,gemm,ampere_fp16_s1688gemm_fp16_128x64_sliced1x2_ldg8_f2f_nn
react_moa_mcts,measured,7,moa-map2,11,LinearOp,me,nvtx_operator_range,94899,4999866221,20125,20125,0,1,0,8308,20125,gemm,ampere_fp16_s1688gemm_fp16_128x64_sliced1x2_ldg8_f2f_nn
react_moa_mcts,measured,7,moa-map2,12,LinearOp,me,nvtx_operator_range,101893,4999967345,20189,20189,0,1,0,8164,20189,gemm,ampere_fp16_s1688gemm_fp16_128x64_sliced1x2_ldg8_f2f_nn
react_moa_mcts,measured,7,moa-map2,13,ViewOp,de,nvtx_operator_range,67004,5000075828,0,0,0,0,0,,,,
react_moa_mcts,measured,7,moa-map2,14,TransposeOp,de,nvtx_operator_range,117184,5000148694,12478,12478,0,1,0,9981,12478,copy,"void at::native::elementwise_kernel<(int)128, (int)4, void at::native::gpu_kerne"
react_moa_mcts,measured,7,mcts-root,6,RMSNormOp,ve,nvtx_operator_range,238830,5011780723,19421,19421,0,7,0,8948,121356,copy|elementwise_binary|elementwise_unary|reduce,"void at::native::unrolled_elementwise_kernel<at::native::direct_copy_kernel_cuda|void at::native::vectorized_elementwise_kernel<(int)4, void at::native::<unnamed|void at::native::reduce_kernel<(int)512, (int)1, at::native::ReduceOp<float, at:|void at::native::vectorized_elementwise_kernel<(int)4, at::native::CUDAFunctorOn|void at::native::vectorized_elementwise_kernel<(int)4, at::native::rsqrt_kernel_|void at::native::elementwise_kernel<(int)128, (int)2, void at::native::gpu_kerne|void at::native::vectorized_elementwise_kernel<(int)8, at::native::float16_copy_"
react_moa_mcts,measured,7,mcts-root,7,AddOp,ve,nvtx_operator_range,108392,5012029324,2048,2048,0,1,0,9132,2048,elementwise_binary,"void at::native::vectorized_elementwise_kernel<(int)8, at::native::CUDAFunctorOn"
react_moa_mcts,measured,7,mcts-root,8,RMSNormOp,ve,nvtx_operator_range,210980,5012145060,19293,19293,0,7,0,8754,112750,copy|elementwise_binary|elementwise_unary|reduce,"void at::native::unrolled_elementwise_kernel<at::native::direct_copy_kernel_cuda|void at::native::vectorized_elementwise_kernel<(int)4, void at::native::<unnamed|void at::native::reduce_kernel<(int)512, (int)1, at::native::ReduceOp<float, at:|void at::native::vectorized_elementwise_kernel<(int)4, at::native::CUDAFunctorOn|void at::native::vectorized_elementwise_kernel<(int)4, at::native::rsqrt_kernel_|void at::native::elementwise_kernel<(int)128, (int)2, void at::native::gpu_kerne|void at::native::vectorized_elementwise_kernel<(int)8, at::native::float16_copy_"
react_moa_mcts,measured,7,mcts-root,10,LinearOp,me,nvtx_operator_range,113153,5012363660,20220,20220,0,1,0,9719,20220,gemm,ampere_fp16_s1688gemm_fp16_128x64_sliced1x2_ldg8_f2f_nn
react_moa_mcts,measured,7,mcts-root,11,LinearOp,me,nvtx_operator_range,94256,5012483640,20029,20029,0,1,0,7909,20029,gemm,ampere_fp16_s1688gemm_fp16_128x64_sliced1x2_ldg8_f2f_nn
react_moa_mcts,measured,7,mcts-root,12,LinearOp,me,nvtx_operator_range,90572,5012584035,19997,19997,0,1,0,8010,19997,gemm,ampere_fp16_s1688gemm_fp16_128x64_sliced1x2_ldg8_f2f_nn
react_moa_mcts,measured,7,mcts-root,13,ViewOp,de,nvtx_operator_range,66383,5012681288,0,0,0,0,0,,,,
react_moa_mcts,measured,7,mcts-root,14,TransposeOp,de,nvtx_operator_range,108379,5012753286,12254,12254,0,1,0,9312,12254,copy,"void at::native::elementwise_kernel<(int)128, (int)4, void at::native::gpu_kerne"
react_moa_mcts,measured,7,mcts-actor0,6,RMSNormOp,ve,nvtx_operator_range,234998,5025127567,19358,19358,0,7,0,7948,118733,copy|elementwise_binary|elementwise_unary|reduce,"void at::native::unrolled_elementwise_kernel<at::native::direct_copy_kernel_cuda|void at::native::vectorized_elementwise_kernel<(int)4, void at::native::<unnamed|void at::native::reduce_kernel<(int)512, (int)1, at::native::ReduceOp<float, at:|void at::native::vectorized_elementwise_kernel<(int)4, at::native::CUDAFunctorOn|void at::native::vectorized_elementwise_kernel<(int)4, at::native::rsqrt_kernel_|void at::native::elementwise_kernel<(int)128, (int)2, void at::native::gpu_kerne|void at::native::vectorized_elementwise_kernel<(int)8, at::native::float16_copy_"
react_moa_mcts,measured,7,mcts-actor0,7,AddOp,ve,nvtx_operator_range,96291,5025372050,2111,2111,0,1,0,8115,2111,elementwise_binary,"void at::native::vectorized_elementwise_kernel<(int)8, at::native::CUDAFunctorOn"
react_moa_mcts,measured,7,mcts-actor0,8,RMSNormOp,ve,nvtx_operator_range,207353,5025475463,19037,19037,0,7,0,8551,109711,copy|elementwise_binary|elementwise_unary|reduce,"void at::native::unrolled_elementwise_kernel<at::native::direct_copy_kernel_cuda|void at::native::vectorized_elementwise_kernel<(int)4, void at::native::<unnamed|void at::native::reduce_kernel<(int)512, (int)1, at::native::ReduceOp<float, at:|void at::native::vectorized_elementwise_kernel<(int)4, at::native::CUDAFunctorOn|void at::native::vectorized_elementwise_kernel<(int)4, at::native::rsqrt_kernel_|void at::native::elementwise_kernel<(int)128, (int)2, void at::native::gpu_kerne|void at::native::vectorized_elementwise_kernel<(int)8, at::native::float16_copy_"
react_moa_mcts,measured,7,mcts-actor0,10,LinearOp,me,nvtx_operator_range,112333,5025690054,20253,20253,0,1,0,9244,20253,gemm,ampere_fp16_s1688gemm_fp16_128x64_sliced1x2_ldg8_f2f_nn
react_moa_mcts,measured,7,mcts-actor0,11,LinearOp,me,nvtx_operator_range,92959,5025809512,20220,20220,0,1,0,7824,20220,gemm,ampere_fp16_s1688gemm_fp16_128x64_sliced1x2_ldg8_f2f_nn
react_moa_mcts,measured,7,mcts-actor0,12,LinearOp,me,nvtx_operator_range,92432,5025908523,19997,19997,0,1,0,8132,19997,gemm,ampere_fp16_s1688gemm_fp16_128x64_sliced1x2_ldg8_f2f_nn
react_moa_mcts,measured,7,mcts-actor0,13,ViewOp,de,nvtx_operator_range,77500,5026007086,0,0,0,0,0,,,,
react_moa_mcts,measured,7,mcts-actor0,14,TransposeOp,de,nvtx_operator_range,111542,5026090721,12286,12286,0,1,0,10168,12286,copy,"void at::native::elementwise_kernel<(int)128, (int)4, void at::native::gpu_kerne"
react_moa_mcts,measured,7,mcts-actor1,6,RMSNormOp,ve,nvtx_operator_range,246025,5037006996,19323,19323,0,7,0,8329,116717,copy|elementwise_binary|elementwise_unary|reduce,"void at::native::unrolled_elementwise_kernel<at::native::direct_copy_kernel_cuda|void at::native::vectorized_elementwise_kernel<(int)4, void at::native::<unnamed|void at::native::reduce_kernel<(int)512, (int)1, at::native::ReduceOp<float, at:|void at::native::vectorized_elementwise_kernel<(int)4, at::native::CUDAFunctorOn|void at::native::vectorized_elementwise_kernel<(int)4, at::native::rsqrt_kernel_|void at::native::elementwise_kernel<(int)128, (int)2, void at::native::gpu_kerne|void at::native::vectorized_elementwise_kernel<(int)8, at::native::float16_copy_"
react_moa_mcts,measured,7,mcts-actor1,7,AddOp,ve,nvtx_operator_range,94980,5037262087,2112,2112,0,1,0,8275,2112,elementwise_binary,"void at::native::vectorized_elementwise_kernel<(int)8, at::native::CUDAFunctorOn"
react_moa_mcts,measured,7,mcts-actor1,8,RMSNormOp,ve,nvtx_operator_range,203952,5037364072,19072,19072,0,7,0,8296,107823,copy|elementwise_binary|elementwise_unary|reduce,"void at::native::unrolled_elementwise_kernel<at::native::direct_copy_kernel_cuda|void at::native::vectorized_elementwise_kernel<(int)4, void at::native::<unnamed|void at::native::reduce_kernel<(int)512, (int)1, at::native::ReduceOp<float, at:|void at::native::vectorized_elementwise_kernel<(int)4, at::native::CUDAFunctorOn|void at::native::vectorized_elementwise_kernel<(int)4, at::native::rsqrt_kernel_|void at::native::elementwise_kernel<(int)128, (int)2, void at::native::gpu_kerne|void at::native::vectorized_elementwise_kernel<(int)8, at::native::float16_copy_"
react_moa_mcts,measured,7,mcts-actor1,10,LinearOp,me,nvtx_operator_range,108573,5037575495,20125,20125,0,1,0,9387,20125,gemm,ampere_fp16_s1688gemm_fp16_128x64_sliced1x2_ldg8_f2f_nn
react_moa_mcts,measured,7,mcts-actor1,11,LinearOp,me,nvtx_operator_range,93469,5037690690,20348,20348,0,1,0,7913,20348,gemm,ampere_fp16_s1688gemm_fp16_128x64_sliced1x2_ldg8_f2f_nn
react_moa_mcts,measured,7,mcts-actor1,12,LinearOp,me,nvtx_operator_range,89908,5037790502,20157,20157,0,1,0,8051,20157,gemm,ampere_fp16_s1688gemm_fp16_128x64_sliced1x2_ldg8_f2f_nn
react_moa_mcts,measured,7,mcts-actor1,13,ViewOp,de,nvtx_operator_range,65340,5037886935,0,0,0,0,0,,,,
react_moa_mcts,measured,7,mcts-actor1,14,TransposeOp,de,nvtx_operator_range,117499,5037959433,12318,12318,0,1,0,9262,12318,copy,"void at::native::elementwise_kernel<(int)128, (int)4, void at::native::gpu_kerne"
react_moa_mcts,measured,7,moa-reduce,6,RMSNormOp,ve,nvtx_operator_range,242687,5048902474,19199,19199,0,7,0,7946,124172,copy|elementwise_binary|elementwise_unary|reduce,"void at::native::unrolled_elementwise_kernel<at::native::direct_copy_kernel_cuda|void at::native::vectorized_elementwise_kernel<(int)4, void at::native::<unnamed|void at::native::reduce_kernel<(int)512, (int)1, at::native::ReduceOp<float, at:|void at::native::vectorized_elementwise_kernel<(int)4, at::native::CUDAFunctorOn|void at::native::vectorized_elementwise_kernel<(int)4, at::native::rsqrt_kernel_|void at::native::elementwise_kernel<(int)128, (int)2, void at::native::gpu_kerne|void at::native::vectorized_elementwise_kernel<(int)8, at::native::float16_copy_"
react_moa_mcts,measured,7,moa-reduce,7,AddOp,ve,nvtx_operator_range,96578,5049154317,2080,2080,0,1,0,8400,2080,elementwise_binary,"void at::native::vectorized_elementwise_kernel<(int)8, at::native::CUDAFunctorOn"
react_moa_mcts,measured,7,moa-reduce,8,RMSNormOp,ve,nvtx_operator_range,205980,5049257647,19072,19072,0,7,0,8502,108527,copy|elementwise_binary|elementwise_unary|reduce,"void at::native::unrolled_elementwise_kernel<at::native::direct_copy_kernel_cuda|void at::native::vectorized_elementwise_kernel<(int)4, void at::native::<unnamed|void at::native::reduce_kernel<(int)512, (int)1, at::native::ReduceOp<float, at:|void at::native::vectorized_elementwise_kernel<(int)4, at::native::CUDAFunctorOn|void at::native::vectorized_elementwise_kernel<(int)4, at::native::rsqrt_kernel_|void at::native::elementwise_kernel<(int)128, (int)2, void at::native::gpu_kerne|void at::native::vectorized_elementwise_kernel<(int)8, at::native::float16_copy_"
react_moa_mcts,measured,7,moa-reduce,10,LinearOp,me,nvtx_operator_range,109300,5049470837,20157,20157,0,1,0,9049,20157,gemm,ampere_fp16_s1688gemm_fp16_128x64_sliced1x2_ldg8_f2f_nn
react_moa_mcts,measured,7,moa-reduce,11,LinearOp,me,nvtx_operator_range,94333,5049587260,20125,20125,0,1,0,8126,20125,gemm,ampere_fp16_s1688gemm_fp16_128x64_sliced1x2_ldg8_f2f_nn
react_moa_mcts,measured,7,moa-reduce,12,LinearOp,me,nvtx_operator_range,91861,5049687927,19901,19901,0,1,0,8116,19901,gemm,ampere_fp16_s1688gemm_fp16_128x64_sliced1x2_ldg8_f2f_nn
react_moa_mcts,measured,7,moa-reduce,13,ViewOp,de,nvtx_operator_range,66895,5049787920,0,0,0,0,0,,,,
react_moa_mcts,measured,7,moa-reduce,14,TransposeOp,de,nvtx_operator_range,107671,5049860204,12414,12414,0,1,0,9445,12414,copy,"void at::native::elementwise_kernel<(int)128, (int)4, void at::native::gpu_kerne"
react_moa_mcts,measured,7,react-answer,6,RMSNormOp,ve,nvtx_operator_range,229038,5058687973,17821,17821,0,7,0,8434,116525,copy|elementwise_binary|elementwise_unary|reduce,"void at::native::unrolled_elementwise_kernel<at::native::direct_copy_kernel_cuda|void at::native::vectorized_elementwise_kernel<(int)4, void at::native::<unnamed|void at::native::reduce_kernel<(int)512, (int)1, at::native::ReduceOp<float, at:|void at::native::vectorized_elementwise_kernel<(int)4, at::native::CUDAFunctorOn|void at::native::vectorized_elementwise_kernel<(int)4, at::native::rsqrt_kernel_|void at::native::elementwise_kernel<(int)128, (int)2, void at::native::gpu_kerne|void at::native::vectorized_elementwise_kernel<(int)8, at::native::float16_copy_"
react_moa_mcts,measured,7,react-answer,7,AddOp,ve,nvtx_operator_range,93600,5058926007,1760,1760,0,1,0,7845,1760,elementwise_binary,"void at::native::vectorized_elementwise_kernel<(int)8, at::native::CUDAFunctorOn"
react_moa_mcts,measured,7,react-answer,8,RMSNormOp,ve,nvtx_operator_range,217851,5059026993,17531,17531,0,7,0,8786,109710,copy|elementwise_binary|elementwise_unary|reduce,"void at::native::unrolled_elementwise_kernel<at::native::direct_copy_kernel_cuda|void at::native::vectorized_elementwise_kernel<(int)4, void at::native::<unnamed|void at::native::reduce_kernel<(int)512, (int)1, at::native::ReduceOp<float, at:|void at::native::vectorized_elementwise_kernel<(int)4, at::native::CUDAFunctorOn|void at::native::vectorized_elementwise_kernel<(int)4, at::native::rsqrt_kernel_|void at::native::elementwise_kernel<(int)128, (int)2, void at::native::gpu_kerne|void at::native::vectorized_elementwise_kernel<(int)8, at::native::float16_copy_"
react_moa_mcts,measured,7,react-answer,10,LinearOp,me,nvtx_operator_range,113577,5059252511,14621,14621,0,1,0,9825,14621,gemm,ampere_fp16_s16816gemm_fp16_128x64_ldg8_f2f_stages_32x6_nn
react_moa_mcts,measured,7,react-answer,11,LinearOp,me,nvtx_operator_range,93435,5059373008,14590,14590,0,1,0,7643,14590,gemm,ampere_fp16_s16816gemm_fp16_128x64_ldg8_f2f_stages_32x6_nn
react_moa_mcts,measured,7,react-answer,12,LinearOp,me,nvtx_operator_range,98221,5059472458,14558,14558,0,1,0,7886,14558,gemm,ampere_fp16_s16816gemm_fp16_128x64_ldg8_f2f_stages_32x6_nn
react_moa_mcts,measured,7,react-answer,13,ViewOp,de,nvtx_operator_range,66456,5059578389,0,0,0,0,0,,,,
react_moa_mcts,measured,7,react-answer,14,TransposeOp,de,nvtx_operator_range,112010,5059651230,12095,12095,0,1,0,9567,12095,copy,"void at::native::elementwise_kernel<(int)128, (int)4, void at::native::gpu_kerne"
react_moa_mcts,measured,7,mcts-critic,6,RMSNormOp,ve,nvtx_operator_range,244415,5070840329,19356,19356,0,7,0,7854,115949,copy|elementwise_binary|elementwise_unary|reduce,"void at::native::unrolled_elementwise_kernel<at::native::direct_copy_kernel_cuda|void at::native::vectorized_elementwise_kernel<(int)4, void at::native::<unnamed|void at::native::reduce_kernel<(int)512, (int)1, at::native::ReduceOp<float, at:|void at::native::vectorized_elementwise_kernel<(int)4, at::native::CUDAFunctorOn|void at::native::vectorized_elementwise_kernel<(int)4, at::native::rsqrt_kernel_|void at::native::elementwise_kernel<(int)128, (int)2, void at::native::gpu_kerne|void at::native::vectorized_elementwise_kernel<(int)8, at::native::float16_copy_"
react_moa_mcts,measured,7,mcts-critic,7,AddOp,ve,nvtx_operator_range,97445,5071094054,2111,2111,0,1,0,8857,2111,elementwise_binary,"void at::native::vectorized_elementwise_kernel<(int)8, at::native::CUDAFunctorOn"
react_moa_mcts,measured,7,mcts-critic,8,RMSNormOp,ve,nvtx_operator_range,209266,5071198252,19131,19131,0,7,0,8815,109742,copy|elementwise_binary|elementwise_unary|reduce,"void at::native::unrolled_elementwise_kernel<at::native::direct_copy_kernel_cuda|void at::native::vectorized_elementwise_kernel<(int)4, void at::native::<unnamed|void at::native::reduce_kernel<(int)512, (int)1, at::native::ReduceOp<float, at:|void at::native::vectorized_elementwise_kernel<(int)4, at::native::CUDAFunctorOn|void at::native::vectorized_elementwise_kernel<(int)4, at::native::rsqrt_kernel_|void at::native::elementwise_kernel<(int)128, (int)2, void at::native::gpu_kerne|void at::native::vectorized_elementwise_kernel<(int)8, at::native::float16_copy_"
react_moa_mcts,measured,7,mcts-critic,10,LinearOp,me,nvtx_operator_range,112270,5071414956,20189,20189,0,1,0,9713,20189,gemm,ampere_fp16_s1688gemm_fp16_128x64_sliced1x2_ldg8_f2f_nn
react_moa_mcts,measured,7,mcts-critic,11,LinearOp,me,nvtx_operator_range,94079,5071534323,20093,20093,0,1,0,8251,20093,gemm,ampere_fp16_s1688gemm_fp16_128x64_sliced1x2_ldg8_f2f_nn
react_moa_mcts,measured,7,mcts-critic,12,LinearOp,me,nvtx_operator_range,92433,5071634942,19996,19996,0,1,0,7920,19996,gemm,ampere_fp16_s1688gemm_fp16_128x64_sliced1x2_ldg8_f2f_nn
react_moa_mcts,measured,7,mcts-critic,13,ViewOp,de,nvtx_operator_range,67704,5071733721,0,0,0,0,0,,,,
react_moa_mcts,measured,7,mcts-critic,14,TransposeOp,de,nvtx_operator_range,107424,5071806697,12254,12254,0,1,0,9180,12254,copy,"void at::native::elementwise_kernel<(int)128, (int)4, void at::native::gpu_kerne"
react_moa_mcts,measured,8,react-plan,,call_overhead,,gap_before_operator,,,57432,4992,52440,2,1,10941,169701,elementwise_binary|memcpy|rng_init,"memcpy_Host-to-Device|void at::native::<unnamed>::distribution_elementwise_grid_stride_kernel<float, (|void at::native::vectorized_elementwise_kernel<(int)8, at::native::BUnaryFunctor"
react_moa_mcts,measured,8,moa-map0,,call_overhead,,gap_before_operator,,,144170,7103,137067,2,2,10382,10709994,elementwise_binary|memcpy|rng_init,"memcpy_Device-to-Host|memcpy_Host-to-Device|void at::native::<unnamed>::distribution_elementwise_grid_stride_kernel<float, (|void at::native::vectorized_elementwise_kernel<(int)8, at::native::BUnaryFunctor"
react_moa_mcts,measured,8,moa-map1,,call_overhead,,gap_before_operator,,,185699,7071,178628,2,2,10456,10745700,elementwise_binary|memcpy|rng_init,"memcpy_Device-to-Host|memcpy_Host-to-Device|void at::native::<unnamed>::distribution_elementwise_grid_stride_kernel<float, (|void at::native::vectorized_elementwise_kernel<(int)8, at::native::BUnaryFunctor"
react_moa_mcts,measured,8,moa-map2,,call_overhead,,gap_before_operator,,,186948,7104,179844,2,2,10341,10676015,elementwise_binary|memcpy|rng_init,"memcpy_Device-to-Host|memcpy_Host-to-Device|void at::native::<unnamed>::distribution_elementwise_grid_stride_kernel<float, (|void at::native::vectorized_elementwise_kernel<(int)8, at::native::BUnaryFunctor"
react_moa_mcts,measured,8,mcts-root,,call_overhead,,gap_before_operator,,,185922,7135,178787,2,2,9965,10780062,elementwise_binary|memcpy|rng_init,"memcpy_Device-to-Host|memcpy_Host-to-Device|void at::native::<unnamed>::distribution_elementwise_grid_stride_kernel<float, (|void at::native::vectorized_elementwise_kernel<(int)8, at::native::BUnaryFunctor"
react_moa_mcts,measured,8,mcts-actor0,,call_overhead,,gap_before_operator,,,186307,7040,179267,2,2,9829,12136132,elementwise_binary|memcpy|rng_init,"memcpy_Device-to-Host|memcpy_Host-to-Device|void at::native::<unnamed>::distribution_elementwise_grid_stride_kernel<float, (|void at::native::vectorized_elementwise_kernel<(int)8, at::native::BUnaryFunctor"
react_moa_mcts,measured,8,mcts-actor1,,call_overhead,,gap_before_operator,,,183266,7039,176227,2,2,9785,10808281,elementwise_binary|memcpy|rng_init,"memcpy_Device-to-Host|memcpy_Host-to-Device|void at::native::<unnamed>::distribution_elementwise_grid_stride_kernel<float, (|void at::native::vectorized_elementwise_kernel<(int)8, at::native::BUnaryFunctor"
react_moa_mcts,measured,8,moa-reduce,,call_overhead,,gap_before_operator,,,185603,7103,178500,2,2,9821,10819416,elementwise_binary|memcpy|rng_init,"memcpy_Device-to-Host|memcpy_Host-to-Device|void at::native::<unnamed>::distribution_elementwise_grid_stride_kernel<float, (|void at::native::vectorized_elementwise_kernel<(int)8, at::native::BUnaryFunctor"
react_moa_mcts,measured,8,react-answer,,call_overhead,,gap_before_operator,,,162854,6719,156135,2,2,9859,8666033,elementwise_binary|memcpy|rng_init,"memcpy_Device-to-Host|memcpy_Host-to-Device|void at::native::<unnamed>::distribution_elementwise_grid_stride_kernel<float, (|void at::native::vectorized_elementwise_kernel<(int)8, at::native::BUnaryFunctor"
react_moa_mcts,measured,8,mcts-critic,,call_overhead,,gap_before_operator,,,257910,7039,250871,2,3,10060,12029973,elementwise_binary|memcpy|rng_init,"memcpy_Device-to-Host|memcpy_Host-to-Device|void at::native::<unnamed>::distribution_elementwise_grid_stride_kernel<float, (|void at::native::vectorized_elementwise_kernel<(int)8, at::native::BUnaryFunctor"
react_moa_mcts,measured,8,react-plan,6,RMSNormOp,ve,nvtx_operator_range,244766,5078939806,15803,15803,0,7,0,8007,128235,copy|elementwise_binary|elementwise_unary|reduce,"void at::native::unrolled_elementwise_kernel<at::native::direct_copy_kernel_cuda|void at::native::vectorized_elementwise_kernel<(int)4, void at::native::<unnamed|void at::native::reduce_kernel<(int)512, (int)1, at::native::ReduceOp<float, at:|void at::native::vectorized_elementwise_kernel<(int)4, at::native::CUDAFunctorOn|void at::native::vectorized_elementwise_kernel<(int)4, at::native::rsqrt_kernel_|void at::native::elementwise_kernel<(int)128, (int)2, void at::native::gpu_kerne|void at::native::vectorized_elementwise_kernel<(int)8, at::native::float16_copy_"
react_moa_mcts,measured,8,react-plan,7,AddOp,ve,nvtx_operator_range,97431,5079198746,1440,1440,0,1,0,8807,1440,elementwise_binary,"void at::native::vectorized_elementwise_kernel<(int)8, at::native::CUDAFunctorOn"
react_moa_mcts,measured,8,react-plan,8,RMSNormOp,ve,nvtx_operator_range,207653,5079303019,15584,15584,0,7,0,8798,108495,copy|elementwise_binary|elementwise_unary|reduce,"void at::native::unrolled_elementwise_kernel<at::native::direct_copy_kernel_cuda|void at::native::vectorized_elementwise_kernel<(int)4, void at::native::<unnamed|void at::native::reduce_kernel<(int)512, (int)1, at::native::ReduceOp<float, at:|void at::native::vectorized_elementwise_kernel<(int)4, at::native::CUDAFunctorOn|void at::native::vectorized_elementwise_kernel<(int)4, at::native::rsqrt_kernel_|void at::native::elementwise_kernel<(int)128, (int)2, void at::native::gpu_kerne|void at::native::vectorized_elementwise_kernel<(int)8, at::native::float16_copy_"
react_moa_mcts,measured,8,react-plan,10,LinearOp,me,nvtx_operator_range,151900,5079518174,12893,12477,416,1,1,14846,20636,gemm|memset,memset|void cutlass::Kernel2<cutlass_80_tensorop_f16_s16816gemm_relu_f16_64x64_32x6_nn_
react_moa_mcts,measured,8,react-plan,11,LinearOp,me,nvtx_operator_range,109964,5079677883,12830,12382,448,1,1,6540,19613,gemm|memset,memset|void cutlass::Kernel2<cutlass_80_tensorop_f16_s16816gemm_relu_f16_64x64_32x6_nn_
react_moa_mcts,measured,8,react-plan,12,LinearOp,me,nvtx_operator_range,107361,5079795274,12702,12254,448,1,1,6258,19101,gemm|memset,memset|void cutlass::Kernel2<cutlass_80_tensorop_f16_s16816gemm_relu_f16_64x64_32x6_nn_
react_moa_mcts,measured,8,react-plan,13,ViewOp,de,nvtx_operator_range,66479,5079909614,0,0,0,0,0,,,,
react_moa_mcts,measured,8,react-plan,14,TransposeOp,de,nvtx_operator_range,122771,5079981931,9439,9439,0,1,0,11506,9439,copy,"void at::native::elementwise_kernel<(int)128, (int)4, void at::native::gpu_kerne"
react_moa_mcts,measured,8,moa-map0,6,RMSNormOp,ve,nvtx_operator_range,274809,5090842924,19422,19422,0,7,0,8750,141066,copy|elementwise_binary|elementwise_unary|reduce,"void at::native::unrolled_elementwise_kernel<at::native::direct_copy_kernel_cuda|void at::native::vectorized_elementwise_kernel<(int)4, void at::native::<unnamed|void at::native::reduce_kernel<(int)512, (int)1, at::native::ReduceOp<float, at:|void at::native::vectorized_elementwise_kernel<(int)4, at::native::CUDAFunctorOn|void at::native::vectorized_elementwise_kernel<(int)4, at::native::rsqrt_kernel_|void at::native::elementwise_kernel<(int)128, (int)2, void at::native::gpu_kerne|void at::native::vectorized_elementwise_kernel<(int)8, at::native::float16_copy_"
react_moa_mcts,measured,8,moa-map0,7,AddOp,ve,nvtx_operator_range,98744,5091127804,2080,2080,0,1,0,9136,2080,elementwise_binary,"void at::native::vectorized_elementwise_kernel<(int)8, at::native::CUDAFunctorOn"
react_moa_mcts,measured,8,moa-map0,8,RMSNormOp,ve,nvtx_operator_range,220235,5091233498,19163,19163,0,7,0,8556,120140,copy|elementwise_binary|elementwise_unary|reduce,"void at::native::unrolled_elementwise_kernel<at::native::direct_copy_kernel_cuda|void at::native::vectorized_elementwise_kernel<(int)4, void at::native::<unnamed|void at::native::reduce_kernel<(int)512, (int)1, at::native::ReduceOp<float, at:|void at::native::vectorized_elementwise_kernel<(int)4, at::native::CUDAFunctorOn|void at::native::vectorized_elementwise_kernel<(int)4, at::native::rsqrt_kernel_|void at::native::elementwise_kernel<(int)128, (int)2, void at::native::gpu_kerne|void at::native::vectorized_elementwise_kernel<(int)8, at::native::float16_copy_"
react_moa_mcts,measured,8,moa-map0,10,LinearOp,me,nvtx_operator_range,111303,5091461996,20061,20061,0,1,0,9138,20061,gemm,ampere_fp16_s1688gemm_fp16_128x64_sliced1x2_ldg8_f2f_nn
react_moa_mcts,measured,8,moa-map0,11,LinearOp,me,nvtx_operator_range,94145,5091579809,20061,20061,0,1,0,7809,20061,gemm,ampere_fp16_s1688gemm_fp16_128x64_sliced1x2_ldg8_f2f_nn
react_moa_mcts,measured,8,moa-map0,12,LinearOp,me,nvtx_operator_range,90317,5091680603,20060,20060,0,1,0,7737,20060,gemm,ampere_fp16_s1688gemm_fp16_128x64_sliced1x2_ldg8_f2f_nn
react_moa_mcts,measured,8,moa-map0,13,ViewOp,de,nvtx_operator_range,66683,5091777323,0,0,0,0,0,,,,
react_moa_mcts,measured,8,moa-map0,14,TransposeOp,de,nvtx_operator_range,108778,5091849475,12382,12382,0,1,0,9283,12382,copy,"void at::native::elementwise_kernel<(int)128, (int)4, void at::native::gpu_kerne"
react_moa_mcts,measured,8,moa-map1,6,RMSNormOp,ve,nvtx_operator_range,226936,5102766270,19390,19390,0,7,0,8293,114222,copy|elementwise_binary|elementwise_unary|reduce,"void at::native::unrolled_elementwise_kernel<at::native::direct_copy_kernel_cuda|void at::native::vectorized_elementwise_kernel<(int)4, void at::native::<unnamed|void at::native::reduce_kernel<(int)512, (int)1, at::native::ReduceOp<float, at:|void at::native::vectorized_elementwise_kernel<(int)4, at::native::CUDAFunctorOn|void at::native::vectorized_elementwise_kernel<(int)4, at::native::rsqrt_kernel_|void at::native::elementwise_kernel<(int)128, (int)2, void at::native::gpu_kerne|void at::native::vectorized_elementwise_kernel<(int)8, at::native::float16_copy_"
react_moa_mcts,measured,8,moa-map1,7,AddOp,ve,nvtx_operator_range,107957,5103007741,2048,2048,0,1,0,9304,2048,elementwise_binary,"void at::native::vectorized_elementwise_kernel<(int)8, at::native::CUDAFunctorOn"
react_moa_mcts,measured,8,moa-map1,8,RMSNormOp,ve,nvtx_operator_range,212243,5103122522,19133,19133,0,7,0,8531,112622,copy|elementwise_binary|elementwise_unary|reduce,"void at::native::unrolled_elementwise_kernel<at::native::direct_copy_kernel_cuda|void at::native::vectorized_elementwise_kernel<(int)4, void at::native::<unnamed|void at::native::reduce_kernel<(int)512, (int)1, at::native::ReduceOp<float, at:|void at::native::vectorized_elementwise_kernel<(int)4, at::native::CUDAFunctorOn|void at::native::vectorized_elementwise_kernel<(int)4, at::native::rsqrt_kernel_|void at::native::elementwise_kernel<(int)128, (int)2, void at::native::gpu_kerne|void at::native::vectorized_elementwise_kernel<(int)8, at::native::float16_copy_"
react_moa_mcts,measured,8,moa-map1,10,LinearOp,me,nvtx_operator_range,109620,5103342631,20221,20221,0,1,0,9222,20221,gemm,ampere_fp16_s1688gemm_fp16_128x64_sliced1x2_ldg8_f2f_nn
react_moa_mcts,measured,8,moa-map1,11,LinearOp,me,nvtx_operator_range,94523,5103458910,20349,20349,0,1,0,7985,20349,gemm,ampere_fp16_s1688gemm_fp16_128x64_sliced1x2_ldg8_f2f_nn
react_moa_mcts,measured,8,moa-map1,12,LinearOp,me,nvtx_operator_range,90557,5103559696,20029,20029,0,1,0,7940,20029,gemm,ampere_fp16_s1688gemm_fp16_128x64_sliced1x2_ldg8_f2f_nn
react_moa_mcts,measured,8,moa-map1,13,ViewOp,de,nvtx_operator_range,66083,5103657100,0,0,0,0,0,,,,
react_moa_mcts,measured,8,moa-map1,14,TransposeOp,de,nvtx_operator_range,108183,5103728674,12126,12126,0,1,0,9299,12126,copy,"void at::native::elementwise_kernel<(int)128, (int)4, void at::native::gpu_kerne"
react_moa_mcts,measured,8,moa-map2,6,RMSNormOp,ve,nvtx_operator_range,234585,5114575784,19261,19261,0,7,0,8326,121517,copy|elementwise_binary|elementwise_unary|reduce,"void at::native::unrolled_elementwise_kernel<at::native::direct_copy_kernel_cuda|void at::native::vectorized_elementwise_kernel<(int)4, void at::native::<unnamed|void at::native::reduce_kernel<(int)512, (int)1, at::native::ReduceOp<float, at:|void at::native::vectorized_elementwise_kernel<(int)4, at::native::CUDAFunctorOn|void at::native::vectorized_elementwise_kernel<(int)4, at::native::rsqrt_kernel_|void at::native::elementwise_kernel<(int)128, (int)2, void at::native::gpu_kerne|void at::native::vectorized_elementwise_kernel<(int)8, at::native::float16_copy_"
react_moa_mcts,measured,8,moa-map2,7,AddOp,ve,nvtx_operator_range,93709,5114818927,2079,2079,0,1,0,8769,2079,elementwise_binary,"void at::native::vectorized_elementwise_kernel<(int)8, at::native::CUDAFunctorOn"
react_moa_mcts,measured,8,moa-map2,8,RMSNormOp,ve,nvtx_operator_range,218952,5114919215,19036,19036,0,7,0,8156,120557,copy|elementwise_binary|elementwise_unary|reduce,"void at::native::unrolled_elementwise_kernel<at::native::direct_copy_kernel_cuda|void at::native::vectorized_elementwise_kernel<(int)4, void at::native::<unnamed|void at::native::reduce_kernel<(int)512, (int)1, at::native::ReduceOp<float, at:|void at::native::vectorized_elementwise_kernel<(int)4, at::native::CUDAFunctorOn|void at::native::vectorized_elementwise_kernel<(int)4, at::native::rsqrt_kernel_|void at::native::elementwise_kernel<(int)128, (int)2, void at::native::gpu_kerne|void at::native::vectorized_elementwise_kernel<(int)8, at::native::float16_copy_"
react_moa_mcts,measured,8,moa-map2,10,LinearOp,me,nvtx_operator_range,120310,5115145913,19997,19997,0,1,0,9432,19997,gemm,ampere_fp16_s1688gemm_fp16_128x64_sliced1x2_ldg8_f2f_nn
react_moa_mcts,measured,8,moa-map2,11,LinearOp,me,nvtx_operator_range,112304,5115275792,20093,20093,0,1,0,9322,20093,gemm,ampere_fp16_s1688gemm_fp16_128x64_sliced1x2_ldg8_f2f_nn
react_moa_mcts,measured,8,moa-map2,12,LinearOp,me,nvtx_operator_range,92328,5115395014,20092,20092,0,1,0,7887,20092,gemm,ampere_fp16_s1688gemm_fp16_128x64_sliced1x2_ldg8_f2f_nn
react_moa_mcts,measured,8,moa-map2,13,ViewOp,de,nvtx_operator_range,66575,5115494976,0,0,0,0,0,,,,
react_moa_mcts,measured,8,moa-map2,14,TransposeOp,de,nvtx_operator_range,112716,5115573322,12126,12126,0,1,0,9576,12126,copy,"void at::native::elementwise_kernel<(int)128, (int)4, void at::native::gpu_kerne"
react_moa_mcts,measured,8,mcts-root,6,RMSNormOp,ve,nvtx_operator_range,226480,5126490490,19451,19451,0,7,0,8502,114029,copy|elementwise_binary|elementwise_unary|reduce,"void at::native::unrolled_elementwise_kernel<at::native::direct_copy_kernel_cuda|void at::native::vectorized_elementwise_kernel<(int)4, void at::native::<unnamed|void at::native::reduce_kernel<(int)512, (int)1, at::native::ReduceOp<float, at:|void at::native::vectorized_elementwise_kernel<(int)4, at::native::CUDAFunctorOn|void at::native::vectorized_elementwise_kernel<(int)4, at::native::rsqrt_kernel_|void at::native::elementwise_kernel<(int)128, (int)2, void at::native::gpu_kerne|void at::native::vectorized_elementwise_kernel<(int)8, at::native::float16_copy_"
react_moa_mcts,measured,8,mcts-root,7,AddOp,ve,nvtx_operator_range,96752,5126732362,2047,2047,0,1,0,8832,2047,elementwise_binary,"void at::native::vectorized_elementwise_kernel<(int)8, at::native::CUDAFunctorOn"
react_moa_mcts,measured,8,mcts-root,8,RMSNormOp,ve,nvtx_operator_range,217304,5126836015,19197,19197,0,7,0,8441,109999,copy|elementwise_binary|elementwise_unary|reduce,"void at::native::unrolled_elementwise_kernel<at::native::direct_copy_kernel_cuda|void at::native::vectorized_elementwise_kernel<(int)4, void at::native::<unnamed|void at::native::reduce_kernel<(int)512, (int)1, at::native::ReduceOp<float, at:|void at::native::vectorized_elementwise_kernel<(int)4, at::native::CUDAFunctorOn|void at::native::vectorized_elementwise_kernel<(int)4, at::native::rsqrt_kernel_|void at::native::elementwise_kernel<(int)128, (int)2, void at::native::gpu_kerne|void at::native::vectorized_elementwise_kernel<(int)8, at::native::float16_copy_"
react_moa_mcts,measured,8,mcts-root,10,LinearOp,me,nvtx_operator_range,112105,5127061873,20252,20252,0,1,0,9537,20252,gemm,ampere_fp16_s1688gemm_fp16_128x64_sliced1x2_ldg8_f2f_nn
react_moa_mcts,measured,8,mcts-root,11,LinearOp,me,nvtx_operator_range,94467,5127180629,20029,20029,0,1,0,8157,20029,gemm,ampere_fp16_s1688gemm_fp16_128x64_sliced1x2_ldg8_f2f_nn
react_moa_mcts,measured,8,mcts-root,12,LinearOp,me,nvtx_operator_range,91202,5127281664,20189,20189,0,1,0,7934,20189,gemm,ampere_fp16_s1688gemm_fp16_128x64_sliced1x2_ldg8_f2f_nn
react_moa_mcts,measured,8,mcts-root,13,ViewOp,de,nvtx_operator_range,65302,5127380832,0,0,0,0,0,,,,
react_moa_mcts,measured,8,mcts-root,14,TransposeOp,de,nvtx_operator_range,109177,5127451973,12382,12382,0,1,0,9808,12382,copy,"void at::native::elementwise_kernel<(int)128, (int)4, void at::native::gpu_kerne"
react_moa_mcts,measured,8,mcts-actor0,6,RMSNormOp,ve,nvtx_operator_range,233064,5139720491,19324,19324,0,7,0,8575,114445,copy|elementwise_binary|elementwise_unary|reduce,"void at::native::unrolled_elementwise_kernel<at::native::direct_copy_kernel_cuda|void at::native::vectorized_elementwise_kernel<(int)4, void at::native::<unnamed|void at::native::reduce_kernel<(int)512, (int)1, at::native::ReduceOp<float, at:|void at::native::vectorized_elementwise_kernel<(int)4, at::native::CUDAFunctorOn|void at::native::vectorized_elementwise_kernel<(int)4, at::native::rsqrt_kernel_|void at::native::elementwise_kernel<(int)128, (int)2, void at::native::gpu_kerne|void at::native::vectorized_elementwise_kernel<(int)8, at::native::float16_copy_"
react_moa_mcts,measured,8,mcts-actor0,7,AddOp,ve,nvtx_operator_range,103913,5139962118,2079,2079,0,1,0,8338,2079,elementwise_binary,"void at::native::vectorized_elementwise_kernel<(int)8, at::native::CUDAFunctorOn"
react_moa_mcts,measured,8,mcts-actor0,8,RMSNormOp,ve,nvtx_operator_range,211843,5140073162,19356,19356,0,7,0,8873,112590,copy|elementwise_binary|elementwise_unary|reduce,"void at::native::unrolled_elementwise_kernel<at::native::direct_copy_kernel_cuda|void at::native::vectorized_elementwise_kernel<(int)4, void at::native::<unnamed|void at::native::reduce_kernel<(int)512, (int)1, at::native::ReduceOp<float, at:|void at::native::vectorized_elementwise_kernel<(int)4, at::native::CUDAFunctorOn|void at::native::vectorized_elementwise_kernel<(int)4, at::native::rsqrt_kernel_|void at::native::elementwise_kernel<(int)128, (int)2, void at::native::gpu_kerne|void at::native::vectorized_elementwise_kernel<(int)8, at::native::float16_copy_"
react_moa_mcts,measured,8,mcts-actor0,10,LinearOp,me,nvtx_operator_range,109071,5140292569,20188,20188,0,1,0,8839,20188,gemm,ampere_fp16_s1688gemm_fp16_128x64_sliced1x2_ldg8_f2f_nn
react_moa_mcts,measured,8,mcts-actor0,11,LinearOp,me,nvtx_operator_range,93361,5140408851,20093,20093,0,1,0,7662,20093,gemm,ampere_fp16_s1688gemm_fp16_128x64_sliced1x2_ldg8_f2f_nn
react_moa_mcts,measured,8,mcts-actor0,12,LinearOp,me,nvtx_operator_range,90519,5140508749,19997,19997,0,1,0,7666,19997,gemm,ampere_fp16_s1688gemm_fp16_128x64_sliced1x2_ldg8_f2f_nn
react_moa_mcts,measured,8,mcts-actor0,13,ViewOp,de,nvtx_operator_range,75484,5140606436,0,0,0,0,0,,,,
react_moa_mcts,measured,8,mcts-actor0,14,TransposeOp,de,nvtx_operator_range,117877,5140691386,12478,12478,0,1,0,10441,12478,copy,"void at::native::elementwise_kernel<(int)128, (int)4, void at::native::gpu_kerne"
react_moa_mcts,measured,8,mcts-actor1,6,RMSNormOp,ve,nvtx_operator_range,231682,5151652659,19326,19326,0,7,0,8672,116974,copy|elementwise_binary|elementwise_unary|reduce,"void at::native::unrolled_elementwise_kernel<at::native::direct_copy_kernel_cuda|void at::native::vectorized_elementwise_kernel<(int)4, void at::native::<unnamed|void at::native::reduce_kernel<(int)512, (int)1, at::native::ReduceOp<float, at:|void at::native::vectorized_elementwise_kernel<(int)4, at::native::CUDAFunctorOn|void at::native::vectorized_elementwise_kernel<(int)4, at::native::rsqrt_kernel_|void at::native::elementwise_kernel<(int)128, (int)2, void at::native::gpu_kerne|void at::native::vectorized_elementwise_kernel<(int)8, at::native::float16_copy_"
react_moa_mcts,measured,8,mcts-actor1,7,AddOp,ve,nvtx_operator_range,94568,5151893092,2079,2079,0,1,0,8686,2079,elementwise_binary,"void at::native::vectorized_elementwise_kernel<(int)8, at::native::CUDAFunctorOn"
react_moa_mcts,measured,8,mcts-actor1,8,RMSNormOp,ve,nvtx_operator_range,218201,5151994784,19134,19134,0,7,0,8715,110863,copy|elementwise_binary|elementwise_unary|reduce,"void at::native::unrolled_elementwise_kernel<at::native::direct_copy_kernel_cuda|void at::native::vectorized_elementwise_kernel<(int)4, void at::native::<unnamed|void at::native::reduce_kernel<(int)512, (int)1, at::native::ReduceOp<float, at:|void at::native::vectorized_elementwise_kernel<(int)4, at::native::CUDAFunctorOn|void at::native::vectorized_elementwise_kernel<(int)4, at::native::rsqrt_kernel_|void at::native::elementwise_kernel<(int)128, (int)2, void at::native::gpu_kerne|void at::native::vectorized_elementwise_kernel<(int)8, at::native::float16_copy_"
react_moa_mcts,measured,8,mcts-actor1,10,LinearOp,me,nvtx_operator_range,108646,5152220870,20285,20285,0,1,0,9152,20285,gemm,ampere_fp16_s1688gemm_fp16_128x64_sliced1x2_ldg8_f2f_nn
react_moa_mcts,measured,8,mcts-actor1,11,LinearOp,me,nvtx_operator_range,94259,5152336232,20188,20188,0,1,0,7964,20188,gemm,ampere_fp16_s1688gemm_fp16_128x64_sliced1x2_ldg8_f2f_nn
react_moa_mcts,measured,8,mcts-actor1,12,LinearOp,me,nvtx_operator_range,90403,5152436873,20093,20093,0,1,0,7822,20093,gemm,ampere_fp16_s1688gemm_fp16_128x64_sliced1x2_ldg8_f2f_nn
react_moa_mcts,measured,8,mcts-actor1,13,ViewOp,de,nvtx_operator_range,68276,5152542542,0,0,0,0,0,,,,
react_moa_mcts,measured,8,mcts-actor1,14,TransposeOp,de,nvtx_operator_range,108984,5152616293,12286,12286,0,1,0,9503,12286,copy,"void at::native::elementwise_kernel<(int)128, (int)4, void at::native::gpu_kerne"
react_moa_mcts,measured,8,moa-reduce,6,RMSNormOp,ve,nvtx_operator_range,228421,5163606033,19294,19294,0,7,0,8356,114254,copy|elementwise_binary|elementwise_unary|reduce,"void at::native::unrolled_elementwise_kernel<at::native::direct_copy_kernel_cuda|void at::native::vectorized_elementwise_kernel<(int)4, void at::native::<unnamed|void at::native::reduce_kernel<(int)512, (int)1, at::native::ReduceOp<float, at:|void at::native::vectorized_elementwise_kernel<(int)4, at::native::CUDAFunctorOn|void at::native::vectorized_elementwise_kernel<(int)4, at::native::rsqrt_kernel_|void at::native::elementwise_kernel<(int)128, (int)2, void at::native::gpu_kerne|void at::native::vectorized_elementwise_kernel<(int)8, at::native::float16_copy_"
react_moa_mcts,measured,8,moa-reduce,7,AddOp,ve,nvtx_operator_range,94156,5163842924,2080,2080,0,1,0,8206,2080,elementwise_binary,"void at::native::vectorized_elementwise_kernel<(int)8, at::native::CUDAFunctorOn"
react_moa_mcts,measured,8,moa-reduce,8,RMSNormOp,ve,nvtx_operator_range,220557,5163943839,19068,19068,0,7,0,8323,121645,copy|elementwise_binary|elementwise_unary|reduce,"void at::native::unrolled_elementwise_kernel<at::native::direct_copy_kernel_cuda|void at::native::vectorized_elementwise_kernel<(int)4, void at::native::<unnamed|void at::native::reduce_kernel<(int)512, (int)1, at::native::ReduceOp<float, at:|void at::native::vectorized_elementwise_kernel<(int)4, at::native::CUDAFunctorOn|void at::native::vectorized_elementwise_kernel<(int)4, at::native::rsqrt_kernel_|void at::native::elementwise_kernel<(int)128, (int)2, void at::native::gpu_kerne|void at::native::vectorized_elementwise_kernel<(int)8, at::native::float16_copy_"
react_moa_mcts,measured,8,moa-reduce,10,LinearOp,me,nvtx_operator_range,108461,5164172308,20093,20093,0,1,0,9042,20093,gemm,ampere_fp16_s1688gemm_fp16_128x64_sliced1x2_ldg8_f2f_nn
react_moa_mcts,measured,8,moa-reduce,11,LinearOp,me,nvtx_operator_range,93390,5164287303,20157,20157,0,1,0,8056,20157,gemm,ampere_fp16_s1688gemm_fp16_128x64_sliced1x2_ldg8_f2f_nn
react_moa_mcts,measured,8,moa-reduce,12,LinearOp,me,nvtx_operator_range,92126,5164386861,20061,20061,0,1,0,7989,20061,gemm,ampere_fp16_s1688gemm_fp16_128x64_sliced1x2_ldg8_f2f_nn
react_moa_mcts,measured,8,moa-reduce,13,ViewOp,de,nvtx_operator_range,65833,5164485899,0,0,0,0,0,,,,
react_moa_mcts,measured,8,moa-reduce,14,TransposeOp,de,nvtx_operator_range,108705,5164557081,12254,12254,0,1,0,9343,12254,copy,"void at::native::elementwise_kernel<(int)128, (int)4, void at::native::gpu_kerne"
react_moa_mcts,measured,8,react-answer,6,RMSNormOp,ve,nvtx_operator_range,225971,5173357674,17918,17918,0,7,0,8451,113166,copy|elementwise_binary|elementwise_unary|reduce,"void at::native::unrolled_elementwise_kernel<at::native::direct_copy_kernel_cuda|void at::native::vectorized_elementwise_kernel<(int)4, void at::native::<unnamed|void at::native::reduce_kernel<(int)512, (int)1, at::native::ReduceOp<float, at:|void at::native::vectorized_elementwise_kernel<(int)4, at::native::CUDAFunctorOn|void at::native::vectorized_elementwise_kernel<(int)4, at::native::rsqrt_kernel_|void at::native::elementwise_kernel<(int)128, (int)2, void at::native::gpu_kerne|void at::native::vectorized_elementwise_kernel<(int)8, at::native::float16_copy_"
react_moa_mcts,measured,8,react-answer,7,AddOp,ve,nvtx_operator_range,93367,5173592058,1695,1695,0,1,0,8726,1695,elementwise_binary,"void at::native::vectorized_elementwise_kernel<(int)8, at::native::CUDAFunctorOn"
react_moa_mcts,measured,8,react-answer,8,RMSNormOp,ve,nvtx_operator_range,214873,5173692455,17247,17247,0,7,0,8671,108303,copy|elementwise_binary|elementwise_unary|reduce,"void at::native::unrolled_elementwise_kernel<at::native::direct_copy_kernel_cuda|void at::native::vectorized_elementwise_kernel<(int)4, void at::native::<unnamed|void at::native::reduce_kernel<(int)512, (int)1, at::native::ReduceOp<float, at:|void at::native::vectorized_elementwise_kernel<(int)4, at::native::CUDAFunctorOn|void at::native::vectorized_elementwise_kernel<(int)4, at::native::rsqrt_kernel_|void at::native::elementwise_kernel<(int)128, (int)2, void at::native::gpu_kerne|void at::native::vectorized_elementwise_kernel<(int)8, at::native::float16_copy_"
react_moa_mcts,measured,8,react-answer,10,LinearOp,me,nvtx_operator_range,113539,5173915372,14558,14558,0,1,0,9269,14558,gemm,ampere_fp16_s16816gemm_fp16_128x64_ldg8_f2f_stages_32x6_nn
react_moa_mcts,measured,8,react-answer,11,LinearOp,me,nvtx_operator_range,99849,5174044323,14526,14526,0,1,0,8420,14526,gemm,ampere_fp16_s16816gemm_fp16_128x64_ldg8_f2f_stages_32x6_nn
react_moa_mcts,measured,8,react-answer,12,LinearOp,me,nvtx_operator_range,91933,5174150287,14462,14462,0,1,0,8084,14462,gemm,ampere_fp16_s16816gemm_fp16_128x64_ldg8_f2f_stages_32x6_nn
react_moa_mcts,measured,8,react-answer,13,ViewOp,de,nvtx_operator_range,68883,5174249287,0,0,0,0,0,,,,
react_moa_mcts,measured,8,react-answer,14,TransposeOp,de,nvtx_operator_range,106600,5174323837,12158,12158,0,1,0,9273,12158,copy,"void at::native::elementwise_kernel<(int)128, (int)4, void at::native::gpu_kerne"
react_moa_mcts,measured,8,mcts-critic,6,RMSNormOp,ve,nvtx_operator_range,233288,5185189846,19325,19325,0,7,0,8588,115917,copy|elementwise_binary|elementwise_unary|reduce,"void at::native::unrolled_elementwise_kernel<at::native::direct_copy_kernel_cuda|void at::native::vectorized_elementwise_kernel<(int)4, void at::native::<unnamed|void at::native::reduce_kernel<(int)512, (int)1, at::native::ReduceOp<float, at:|void at::native::vectorized_elementwise_kernel<(int)4, at::native::CUDAFunctorOn|void at::native::vectorized_elementwise_kernel<(int)4, at::native::rsqrt_kernel_|void at::native::elementwise_kernel<(int)128, (int)2, void at::native::gpu_kerne|void at::native::vectorized_elementwise_kernel<(int)8, at::native::float16_copy_"
react_moa_mcts,measured,8,mcts-critic,7,AddOp,ve,nvtx_operator_range,93747,5185431730,2079,2079,0,1,0,8164,2079,elementwise_binary,"void at::native::vectorized_elementwise_kernel<(int)8, at::native::CUDAFunctorOn"
react_moa_mcts,measured,8,mcts-critic,8,RMSNormOp,ve,nvtx_operator_range,213124,5185532178,19232,19232,0,7,0,8094,110383,copy|elementwise_binary|elementwise_unary|reduce,"void at::native::unrolled_elementwise_kernel<at::native::direct_copy_kernel_cuda|void at::native::vectorized_elementwise_kernel<(int)4, void at::native::<unnamed|void at::native::reduce_kernel<(int)512, (int)1, at::native::ReduceOp<float, at:|void at::native::vectorized_elementwise_kernel<(int)4, at::native::CUDAFunctorOn|void at::native::vectorized_elementwise_kernel<(int)4, at::native::rsqrt_kernel_|void at::native::elementwise_kernel<(int)128, (int)2, void at::native::gpu_kerne|void at::native::vectorized_elementwise_kernel<(int)8, at::native::float16_copy_"
react_moa_mcts,measured,8,mcts-critic,10,LinearOp,me,nvtx_operator_range,116954,5185755808,20061,20061,0,1,0,10120,20061,gemm,ampere_fp16_s1688gemm_fp16_128x64_sliced1x2_ldg8_f2f_nn
react_moa_mcts,measured,8,mcts-critic,11,LinearOp,me,nvtx_operator_range,131040,5185879919,20125,20125,0,1,0,10795,20125,gemm,ampere_fp16_s1688gemm_fp16_128x64_sliced1x2_ldg8_f2f_nn
react_moa_mcts,measured,8,mcts-critic,12,LinearOp,me,nvtx_operator_range,147403,5186020512,20188,20188,0,1,0,12020,20188,gemm,ampere_fp16_s1688gemm_fp16_128x64_sliced1x2_ldg8_f2f_nn
react_moa_mcts,measured,8,mcts-critic,13,ViewOp,de,nvtx_operator_range,70239,5186176904,0,0,0,0,0,,,,
react_moa_mcts,measured,8,mcts-critic,14,TransposeOp,de,nvtx_operator_range,114960,5186253319,12318,12318,0,1,0,10395,12318,copy,"void at::native::elementwise_kernel<(int)128, (int)4, void at::native::gpu_kerne"
react_moa_mcts,measured,9,react-plan,,call_overhead,,gap_before_operator,,,57751,4960,52791,2,1,11187,164581,elementwise_binary|memcpy|rng_init,"memcpy_Host-to-Device|void at::native::<unnamed>::distribution_elementwise_grid_stride_kernel<float, (|void at::native::vectorized_elementwise_kernel<(int)8, at::native::BUnaryFunctor"
react_moa_mcts,measured,9,moa-map0,,call_overhead,,gap_before_operator,,,148423,7006,141417,2,2,10989,13825845,elementwise_binary|memcpy|rng_init,"memcpy_Device-to-Host|memcpy_Host-to-Device|void at::native::<unnamed>::distribution_elementwise_grid_stride_kernel<float, (|void at::native::vectorized_elementwise_kernel<(int)8, at::native::BUnaryFunctor"
react_moa_mcts,measured,9,moa-map1,,call_overhead,,gap_before_operator,,,190465,7071,183394,2,2,10083,14027381,elementwise_binary|memcpy|rng_init,"memcpy_Device-to-Host|memcpy_Host-to-Device|void at::native::<unnamed>::distribution_elementwise_grid_stride_kernel<float, (|void at::native::vectorized_elementwise_kernel<(int)8, at::native::BUnaryFunctor"
react_moa_mcts,measured,9,moa-map2,,call_overhead,,gap_before_operator,,,183906,7006,176900,2,2,10888,15040434,elementwise_binary|memcpy|rng_init,"memcpy_Device-to-Host|memcpy_Host-to-Device|void at::native::<unnamed>::distribution_elementwise_grid_stride_kernel<float, (|void at::native::vectorized_elementwise_kernel<(int)8, at::native::BUnaryFunctor"
react_moa_mcts,measured,9,mcts-root,,call_overhead,,gap_before_operator,,,184930,7039,177891,2,2,10123,13807736,elementwise_binary|memcpy|rng_init,"memcpy_Device-to-Host|memcpy_Host-to-Device|void at::native::<unnamed>::distribution_elementwise_grid_stride_kernel<float, (|void at::native::vectorized_elementwise_kernel<(int)8, at::native::BUnaryFunctor"
react_moa_mcts,measured,9,mcts-actor0,,call_overhead,,gap_before_operator,,,189473,7103,182370,2,2,10136,15733923,elementwise_binary|memcpy|rng_init,"memcpy_Device-to-Host|memcpy_Host-to-Device|void at::native::<unnamed>::distribution_elementwise_grid_stride_kernel<float, (|void at::native::vectorized_elementwise_kernel<(int)8, at::native::BUnaryFunctor"
react_moa_mcts,measured,9,mcts-actor1,,call_overhead,,gap_before_operator,,,185987,7007,178980,2,2,9927,13557697,elementwise_binary|memcpy|rng_init,"memcpy_Device-to-Host|memcpy_Host-to-Device|void at::native::<unnamed>::distribution_elementwise_grid_stride_kernel<float, (|void at::native::vectorized_elementwise_kernel<(int)8, at::native::BUnaryFunctor"
react_moa_mcts,measured,9,moa-reduce,,call_overhead,,gap_before_operator,,,183555,7135,176420,2,2,9866,13789211,elementwise_binary|memcpy|rng_init,"memcpy_Device-to-Host|memcpy_Host-to-Device|void at::native::<unnamed>::distribution_elementwise_grid_stride_kernel<float, (|void at::native::vectorized_elementwise_kernel<(int)8, at::native::BUnaryFunctor"
react_moa_mcts,measured,9,react-answer,,call_overhead,,gap_before_operator,,,166180,6655,159525,2,2,9906,11736356,elementwise_binary|memcpy|rng_init,"memcpy_Device-to-Host|memcpy_Host-to-Device|void at::native::<unnamed>::distribution_elementwise_grid_stride_kernel<float, (|void at::native::vectorized_elementwise_kernel<(int)8, at::native::BUnaryFunctor"
react_moa_mcts,measured,9,mcts-critic,,call_overhead,,gap_before_operator,,,254710,7038,247672,2,3,18100,14958656,elementwise_binary|memcpy|rng_init,"memcpy_Device-to-Host|memcpy_Host-to-Device|void at::native::<unnamed>::distribution_elementwise_grid_stride_kernel<float, (|void at::native::vectorized_elementwise_kernel<(int)8, at::native::BUnaryFunctor"
react_moa_mcts,measured,9,react-plan,6,RMSNormOp,ve,nvtx_operator_range,227342,5196431999,15838,15838,0,7,0,7917,115054,copy|elementwise_binary|elementwise_unary|reduce,"void at::native::unrolled_elementwise_kernel<at::native::direct_copy_kernel_cuda|void at::native::vectorized_elementwise_kernel<(int)4, void at::native::<unnamed|void at::native::reduce_kernel<(int)512, (int)1, at::native::ReduceOp<float, at:|void at::native::vectorized_elementwise_kernel<(int)4, at::native::CUDAFunctorOn|void at::native::vectorized_elementwise_kernel<(int)4, at::native::rsqrt_kernel_|void at::native::elementwise_kernel<(int)128, (int)2, void at::native::gpu_kerne|void at::native::vectorized_elementwise_kernel<(int)8, at::native::float16_copy_"
react_moa_mcts,measured,9,react-plan,7,AddOp,ve,nvtx_operator_range,95552,5196668540,1440,1440,0,1,0,8601,1440,elementwise_binary,"void at::native::vectorized_elementwise_kernel<(int)8, at::native::CUDAFunctorOn"
react_moa_mcts,measured,9,react-plan,8,RMSNormOp,ve,nvtx_operator_range,250590,5196771076,15451,15451,0,7,0,12376,120140,copy|elementwise_binary|elementwise_unary|reduce,"void at::native::unrolled_elementwise_kernel<at::native::direct_copy_kernel_cuda|void at::native::vectorized_elementwise_kernel<(int)4, void at::native::<unnamed|void at::native::reduce_kernel<(int)512, (int)1, at::native::ReduceOp<float, at:|void at::native::vectorized_elementwise_kernel<(int)4, at::native::CUDAFunctorOn|void at::native::vectorized_elementwise_kernel<(int)4, at::native::rsqrt_kernel_|void at::native::elementwise_kernel<(int)128, (int)2, void at::native::gpu_kerne|void at::native::vectorized_elementwise_kernel<(int)8, at::native::float16_copy_"
react_moa_mcts,measured,9,react-plan,10,LinearOp,me,nvtx_operator_range,156300,5197040270,12862,12414,448,1,1,14563,21340,gemm|memset,memset|void cutlass::Kernel2<cutlass_80_tensorop_f16_s16816gemm_relu_f16_64x64_32x6_nn_
react_moa_mcts,measured,9,react-plan,11,LinearOp,me,nvtx_operator_range,110730,5197204866,12670,12222,448,1,1,6515,20125,gemm|memset,memset|void cutlass::Kernel2<cutlass_80_tensorop_f16_s16816gemm_relu_f16_64x64_32x6_nn_
react_moa_mcts,measured,9,react-plan,12,LinearOp,me,nvtx_operator_range,105695,5197323892,12830,12382,448,1,1,6419,19517,gemm|memset,memset|void cutlass::Kernel2<cutlass_80_tensorop_f16_s16816gemm_relu_f16_64x64_32x6_nn_
react_moa_mcts,measured,9,react-plan,13,ViewOp,de,nvtx_operator_range,66216,5197436656,0,0,0,0,0,,,,
react_moa_mcts,measured,9,react-plan,14,TransposeOp,de,nvtx_operator_range,117611,5197508576,9374,9374,0,1,0,9239,9374,copy,"void at::native::elementwise_kernel<(int)128, (int)4, void at::native::gpu_kerne"
react_moa_mcts,measured,9,moa-map0,6,RMSNormOp,ve,nvtx_operator_range,230951,5211480234,19355,19355,0,7,0,8158,115629,copy|elementwise_binary|elementwise_unary|reduce,"void at::native::unrolled_elementwise_kernel<at::native::direct_copy_kernel_cuda|void at::native::vectorized_elementwise_kernel<(int)4, void at::native::<unnamed|void at::native::reduce_kernel<(int)512, (int)1, at::native::ReduceOp<float, at:|void at::native::vectorized_elementwise_kernel<(int)4, at::native::CUDAFunctorOn|void at::native::vectorized_elementwise_kernel<(int)4, at::native::rsqrt_kernel_|void at::native::elementwise_kernel<(int)128, (int)2, void at::native::gpu_kerne|void at::native::vectorized_elementwise_kernel<(int)8, at::native::float16_copy_"
react_moa_mcts,measured,9,moa-map0,7,AddOp,ve,nvtx_operator_range,95115,5211720083,2080,2080,0,1,0,8551,2080,elementwise_binary,"void at::native::vectorized_elementwise_kernel<(int)8, at::native::CUDAFunctorOn"
react_moa_mcts,measured,9,moa-map0,8,RMSNormOp,ve,nvtx_operator_range,204344,5211821888,19264,19264,0,7,0,8432,108655,copy|elementwise_binary|elementwise_unary|reduce,"void at::native::unrolled_elementwise_kernel<at::native::direct_copy_kernel_cuda|void at::native::vectorized_elementwise_kernel<(int)4, void at::native::<unnamed|void at::native::reduce_kernel<(int)512, (int)1, at::native::ReduceOp<float, at:|void at::native::vectorized_elementwise_kernel<(int)4, at::native::CUDAFunctorOn|void at::native::vectorized_elementwise_kernel<(int)4, at::native::rsqrt_kernel_|void at::native::elementwise_kernel<(int)128, (int)2, void at::native::gpu_kerne|void at::native::vectorized_elementwise_kernel<(int)8, at::native::float16_copy_"
react_moa_mcts,measured,9,moa-map0,10,LinearOp,me,nvtx_operator_range,112884,5212043233,20125,20125,0,1,0,9742,20125,gemm,ampere_fp16_s1688gemm_fp16_128x64_sliced1x2_ldg8_f2f_nn
react_moa_mcts,measured,9,moa-map0,11,LinearOp,me,nvtx_operator_range,94172,5212163287,20093,20093,0,1,0,8161,20093,gemm,ampere_fp16_s1688gemm_fp16_128x64_sliced1x2_ldg8_f2f_nn
react_moa_mcts,measured,9,moa-map0,12,LinearOp,me,nvtx_operator_range,92816,5212263945,19933,19933,0,1,0,7994,19933,gemm,ampere_fp16_s1688gemm_fp16_128x64_sliced1x2_ldg8_f2f_nn
react_moa_mcts,measured,9,moa-map0,13,ViewOp,de,nvtx_operator_range,66516,5212369587,0,0,0,0,0,,,,
react_moa_mcts,measured,9,moa-map0,14,TransposeOp,de,nvtx_operator_range,109885,5212441861,12638,12638,0,1,0,9903,12638,copy,"void at::native::elementwise_kernel<(int)128, (int)4, void at::native::gpu_kerne"
react_moa_mcts,measured,9,moa-map1,6,RMSNormOp,ve,nvtx_operator_range,243265,5226616774,19355,19355,0,7,0,8606,122252,copy|elementwise_binary|elementwise_unary|reduce,"void at::native::unrolled_elementwise_kernel<at::native::direct_copy_kernel_cuda|void at::native::vectorized_elementwise_kernel<(int)4, void at::native::<unnamed|void at::native::reduce_kernel<(int)512, (int)1, at::native::ReduceOp<float, at:|void at::native::vectorized_elementwise_kernel<(int)4, at::native::CUDAFunctorOn|void at::native::vectorized_elementwise_kernel<(int)4, at::native::rsqrt_kernel_|void at::native::elementwise_kernel<(int)128, (int)2, void at::native::gpu_kerne|void at::native::vectorized_elementwise_kernel<(int)8, at::native::float16_copy_"
react_moa_mcts,measured,9,moa-map1,7,AddOp,ve,nvtx_operator_range,96691,5226875339,2080,2080,0,1,0,8670,2080,elementwise_binary,"void at::native::vectorized_elementwise_kernel<(int)8, at::native::CUDAFunctorOn"
react_moa_mcts,measured,9,moa-map1,8,RMSNormOp,ve,nvtx_operator_range,236790,5226979111,18973,18973,0,7,0,8665,132650,copy|elementwise_binary|elementwise_unary|reduce,"void at::native::unrolled_elementwise_kernel<at::native::direct_copy_kernel_cuda|void at::native::vectorized_elementwise_kernel<(int)4, void at::native::<unnamed|void at::native::reduce_kernel<(int)512, (int)1, at::native::ReduceOp<float, at:|void at::native::vectorized_elementwise_kernel<(int)4, at::native::CUDAFunctorOn|void at::native::vectorized_elementwise_kernel<(int)4, at::native::rsqrt_kernel_|void at::native::elementwise_kernel<(int)128, (int)2, void at::native::gpu_kerne|void at::native::vectorized_elementwise_kernel<(int)8, at::native::float16_copy_"
react_moa_mcts,measured,9,moa-map1,10,LinearOp,me,nvtx_operator_range,117695,5227224402,20189,20189,0,1,0,10144,20189,gemm,ampere_fp16_s1688gemm_fp16_128x64_sliced1x2_ldg8_f2f_nn
react_moa_mcts,measured,9,moa-map1,11,LinearOp,me,nvtx_operator_range,94975,5227348868,19997,19997,0,1,0,8488,19997,gemm,ampere_fp16_s1688gemm_fp16_128x64_sliced1x2_ldg8_f2f_nn
react_moa_mcts,measured,9,moa-map1,12,LinearOp,me,nvtx_operator_range,92534,5227450156,20189,20189,0,1,0,8037,20189,gemm,ampere_fp16_s1688gemm_fp16_128x64_sliced1x2_ldg8_f2f_nn
react_moa_mcts,measured,9,moa-map1,13,ViewOp,de,nvtx_operator_range,66688,5227549567,0,0,0,0,0,,,,
react_moa_mcts,measured,9,moa-map1,14,TransposeOp,de,nvtx_operator_range,112176,5227622111,12222,12222,0,1,0,10221,12222,copy,"void at::native::elementwise_kernel<(int)128, (int)4, void at::native::gpu_kerne"
react_moa_mcts,measured,9,moa-map2,6,RMSNormOp,ve,nvtx_operator_range,244165,5242802348,19326,19326,0,7,0,8462,117517,copy|elementwise_binary|elementwise_unary|reduce,"void at::native::unrolled_elementwise_kernel<at::native::direct_copy_kernel_cuda|void at::native::vectorized_elementwise_kernel<(int)4, void at::native::<unnamed|void at::native::reduce_kernel<(int)512, (int)1, at::native::ReduceOp<float, at:|void at::native::vectorized_elementwise_kernel<(int)4, at::native::CUDAFunctorOn|void at::native::vectorized_elementwise_kernel<(int)4, at::native::rsqrt_kernel_|void at::native::elementwise_kernel<(int)128, (int)2, void at::native::gpu_kerne|void at::native::vectorized_elementwise_kernel<(int)8, at::native::float16_copy_"
react_moa_mcts,measured,9,moa-map2,7,AddOp,ve,nvtx_operator_range,98000,5243055515,2016,2016,0,1,0,9133,2016,elementwise_binary,"void at::native::vectorized_elementwise_kernel<(int)8, at::native::CUDAFunctorOn"
react_moa_mcts,measured,9,moa-map2,8,RMSNormOp,ve,nvtx_operator_range,207965,5243160379,19261,19261,0,7,0,8393,110286,copy|elementwise_binary|elementwise_unary|reduce,"void at::native::unrolled_elementwise_kernel<at::native::direct_copy_kernel_cuda|void at::native::vectorized_elementwise_kernel<(int)4, void at::native::<unnamed|void at::native::reduce_kernel<(int)512, (int)1, at::native::ReduceOp<float, at:|void at::native::vectorized_elementwise_kernel<(int)4, at::native::CUDAFunctorOn|void at::native::vectorized_elementwise_kernel<(int)4, at::native::rsqrt_kernel_|void at::native::elementwise_kernel<(int)128, (int)2, void at::native::gpu_kerne|void at::native::vectorized_elementwise_kernel<(int)8, at::native::float16_copy_"
react_moa_mcts,measured,9,moa-map2,10,LinearOp,me,nvtx_operator_range,111270,5243375755,19996,19996,0,1,0,9406,19996,gemm,ampere_fp16_s1688gemm_fp16_128x64_sliced1x2_ldg8_f2f_nn
react_moa_mcts,measured,9,moa-map2,11,LinearOp,me,nvtx_operator_range,93019,5243493494,20061,20061,0,1,0,7816,20061,gemm,ampere_fp16_s1688gemm_fp16_128x64_sliced1x2_ldg8_f2f_nn
react_moa_mcts,measured,9,moa-map2,12,LinearOp,me,nvtx_operator_range,90592,5243592789,19901,19901,0,1,0,7716,19901,gemm,ampere_fp16_s1688gemm_fp16_128x64_sliced1x2_ldg8_f2f_nn
react_moa_mcts,measured,9,moa-map2,13,ViewOp,de,nvtx_operator_range,65968,5243689963,0,0,0,0,0,,,,
react_moa_mcts,measured,9,moa-map2,14,TransposeOp,de,nvtx_operator_range,109169,5243761554,12350,12350,0,1,0,9519,12350,copy,"void at::native::elementwise_kernel<(int)128, (int)4, void at::native::gpu_kerne"
react_moa_mcts,measured,9,mcts-root,6,RMSNormOp,ve,nvtx_operator_range,231174,5257704143,19323,19323,0,7,0,8241,117837,copy|elementwise_binary|elementwise_unary|reduce,"void at::native::unrolled_elementwise_kernel<at::native::direct_copy_kernel_cuda|void at::native::vectorized_elementwise_kernel<(int)4, void at::native::<unnamed|void at::native::reduce_kernel<(int)512, (int)1, at::native::ReduceOp<float, at:|void at::native::vectorized_elementwise_kernel<(int)4, at::native::CUDAFunctorOn|void at::native::vectorized_elementwise_kernel<(int)4, at::native::rsqrt_kernel_|void at::native::elementwise_kernel<(int)128, (int)2, void at::native::gpu_kerne|void at::native::vectorized_elementwise_kernel<(int)8, at::native::float16_copy_"
react_moa_mcts,measured,9,mcts-root,7,AddOp,ve,nvtx_operator_range,103022,5257944353,2080,2080,0,1,0,8363,2080,elementwise_binary,"void at::native::vectorized_elementwise_kernel<(int)8, at::native::CUDAFunctorOn"
react_moa_mcts,measured,9,mcts-root,8,RMSNormOp,ve,nvtx_operator_range,210559,5258054355,19196,19196,0,7,0,8715,112174,copy|elementwise_binary|elementwise_unary|reduce,"void at::native::unrolled_elementwise_kernel<at::native::direct_copy_kernel_cuda|void at::native::vectorized_elementwise_kernel<(int)4, void at::native::<unnamed|void at::native::reduce_kernel<(int)512, (int)1, at::native::ReduceOp<float, at:|void at::native::vectorized_elementwise_kernel<(int)4, at::native::CUDAFunctorOn|void at::native::vectorized_elementwise_kernel<(int)4, at::native::rsqrt_kernel_|void at::native::elementwise_kernel<(int)128, (int)2, void at::native::gpu_kerne|void at::native::vectorized_elementwise_kernel<(int)8, at::native::float16_copy_"
react_moa_mcts,measured,9,mcts-root,10,LinearOp,me,nvtx_operator_range,109572,5258272319,20253,20253,0,1,0,9121,20253,gemm,ampere_fp16_s1688gemm_fp16_128x64_sliced1x2_ldg8_f2f_nn
react_moa_mcts,measured,9,mcts-root,11,LinearOp,me,nvtx_operator_range,93754,5258388312,20285,20285,0,1,0,8227,20285,gemm,ampere_fp16_s1688gemm_fp16_128x64_sliced1x2_ldg8_f2f_nn
react_moa_mcts,measured,9,mcts-root,12,LinearOp,me,nvtx_operator_range,91053,5258488026,20157,20157,0,1,0,7821,20157,gemm,ampere_fp16_s1688gemm_fp16_128x64_sliced1x2_ldg8_f2f_nn
react_moa_mcts,measured,9,mcts-root,13,ViewOp,de,nvtx_operator_range,65473,5258585194,0,0,0,0,0,,,,
react_moa_mcts,measured,9,mcts-root,14,TransposeOp,de,nvtx_operator_range,110465,5258656387,12254,12254,0,1,0,9417,12254,copy,"void at::native::elementwise_kernel<(int)128, (int)4, void at::native::gpu_kerne"
react_moa_mcts,measured,9,mcts-actor0,6,RMSNormOp,ve,nvtx_operator_range,231817,5274527225,19327,19327,0,7,0,8556,115150,copy|elementwise_binary|elementwise_unary|reduce,"void at::native::unrolled_elementwise_kernel<at::native::direct_copy_kernel_cuda|void at::native::vectorized_elementwise_kernel<(int)4, void at::native::<unnamed|void at::native::reduce_kernel<(int)512, (int)1, at::native::ReduceOp<float, at:|void at::native::vectorized_elementwise_kernel<(int)4, at::native::CUDAFunctorOn|void at::native::vectorized_elementwise_kernel<(int)4, at::native::rsqrt_kernel_|void at::native::elementwise_kernel<(int)128, (int)2, void at::native::gpu_kerne|void at::native::vectorized_elementwise_kernel<(int)8, at::native::float16_copy_"
react_moa_mcts,measured,9,mcts-actor0,7,AddOp,ve,nvtx_operator_range,94971,5274767959,2080,2080,0,1,0,8260,2080,elementwise_binary,"void at::native::vectorized_elementwise_kernel<(int)8, at::native::CUDAFunctorOn"
react_moa_mcts,measured,9,mcts-actor0,8,RMSNormOp,ve,nvtx_operator_range,214552,5274869774,19005,19005,0,7,0,8104,108143,copy|elementwise_binary|elementwise_unary|reduce,"void at::native::unrolled_elementwise_kernel<at::native::direct_copy_kernel_cuda|void at::native::vectorized_elementwise_kernel<(int)4, void at::native::<unnamed|void at::native::reduce_kernel<(int)512, (int)1, at::native::ReduceOp<float, at:|void at::native::vectorized_elementwise_kernel<(int)4, at::native::CUDAFunctorOn|void at::native::vectorized_elementwise_kernel<(int)4, at::native::rsqrt_kernel_|void at::native::elementwise_kernel<(int)128, (int)2, void at::native::gpu_kerne|void at::native::vectorized_elementwise_kernel<(int)8, at::native::float16_copy_"
react_moa_mcts,measured,9,mcts-actor0,10,LinearOp,me,nvtx_operator_range,108820,5275092351,20093,20093,0,1,0,9841,20093,gemm,ampere_fp16_s1688gemm_fp16_128x64_sliced1x2_ldg8_f2f_nn
react_moa_mcts,measured,9,mcts-actor0,11,LinearOp,me,nvtx_operator_range,93592,5275208253,20092,20092,0,1,0,8039,20092,gemm,ampere_fp16_s1688gemm_fp16_128x64_sliced1x2_ldg8_f2f_nn
react_moa_mcts,measured,9,mcts-actor0,12,LinearOp,me,nvtx_operator_range,99492,5275308384,20124,20124,0,1,0,8192,20124,gemm,ampere_fp16_s1688gemm_fp16_128x64_sliced1x2_ldg8_f2f_nn
react_moa_mcts,measured,9,mcts-actor0,13,ViewOp,de,nvtx_operator_range,65436,5275414574,0,0,0,0,0,,,,
react_moa_mcts,measured,9,mcts-actor0,14,TransposeOp,de,nvtx_operator_range,109616,5275485569,12414,12414,0,1,0,9464,12414,copy,"void at::native::elementwise_kernel<(int)128, (int)4, void at::native::gpu_kerne"
react_moa_mcts,measured,9,mcts-actor1,6,RMSNormOp,ve,nvtx_operator_range,226503,5289178457,19388,19388,0,7,0,8249,114797,copy|elementwise_binary|elementwise_unary|reduce,"void at::native::unrolled_elementwise_kernel<at::native::direct_copy_kernel_cuda|void at::native::vectorized_elementwise_kernel<(int)4, void at::native::<unnamed|void at::native::reduce_kernel<(int)512, (int)1, at::native::ReduceOp<float, at:|void at::native::vectorized_elementwise_kernel<(int)4, at::native::CUDAFunctorOn|void at::native::vectorized_elementwise_kernel<(int)4, at::native::rsqrt_kernel_|void at::native::elementwise_kernel<(int)128, (int)2, void at::native::gpu_kerne|void at::native::vectorized_elementwise_kernel<(int)8, at::native::float16_copy_"
react_moa_mcts,measured,9,mcts-actor1,7,AddOp,ve,nvtx_operator_range,99447,5289413790,1952,1952,0,1,0,8203,1952,elementwise_binary,"void at::native::vectorized_elementwise_kernel<(int)8, at::native::CUDAFunctorOn"
react_moa_mcts,measured,9,mcts-actor1,8,RMSNormOp,ve,nvtx_operator_range,208365,5289520353,19295,19295,0,7,0,8481,109262,copy|elementwise_binary|elementwise_unary|reduce,"void at::native::unrolled_elementwise_kernel<at::native::direct_copy_kernel_cuda|void at::native::vectorized_elementwise_kernel<(int)4, void at::native::<unnamed|void at::native::reduce_kernel<(int)512, (int)1, at::native::ReduceOp<float, at:|void at::native::vectorized_elementwise_kernel<(int)4, at::native::CUDAFunctorOn|void at::native::vectorized_elementwise_kernel<(int)4, at::native::rsqrt_kernel_|void at::native::elementwise_kernel<(int)128, (int)2, void at::native::gpu_kerne|void at::native::vectorized_elementwise_kernel<(int)8, at::native::float16_copy_"
react_moa_mcts,measured,9,mcts-actor1,10,LinearOp,me,nvtx_operator_range,109258,5289736371,20221,20221,0,1,0,9032,20221,gemm,ampere_fp16_s1688gemm_fp16_128x64_sliced1x2_ldg8_f2f_nn
react_moa_mcts,measured,9,mcts-actor1,11,LinearOp,me,nvtx_operator_range,94157,5289852286,20189,20189,0,1,0,8045,20189,gemm,ampere_fp16_s1688gemm_fp16_128x64_sliced1x2_ldg8_f2f_nn
react_moa_mcts,measured,9,mcts-actor1,12,LinearOp,me,nvtx_operator_range,98927,5289952464,20061,20061,0,1,0,7909,20061,gemm,ampere_fp16_s1688gemm_fp16_128x64_sliced1x2_ldg8_f2f_nn
react_moa_mcts,measured,9,mcts-actor1,13,ViewOp,de,nvtx_operator_range,66588,5290058386,0,0,0,0,0,,,,
react_moa_mcts,measured,9,mcts-actor1,14,TransposeOp,de,nvtx_operator_range,109145,5290131219,12478,12478,0,1,0,9945,12478,copy,"void at::native::elementwise_kernel<(int)128, (int)4, void at::native::gpu_kerne"
react_moa_mcts,measured,9,moa-reduce,6,RMSNormOp,ve,nvtx_operator_range,228082,5304060532,19390,19390,0,7,0,8367,114414,copy|elementwise_binary|elementwise_unary|reduce,"void at::native::unrolled_elementwise_kernel<at::native::direct_copy_kernel_cuda|void at::native::vectorized_elementwise_kernel<(int)4, void at::native::<unnamed|void at::native::reduce_kernel<(int)512, (int)1, at::native::ReduceOp<float, at:|void at::native::vectorized_elementwise_kernel<(int)4, at::native::CUDAFunctorOn|void at::native::vectorized_elementwise_kernel<(int)4, at::native::rsqrt_kernel_|void at::native::elementwise_kernel<(int)128, (int)2, void at::native::gpu_kerne|void at::native::vectorized_elementwise_kernel<(int)8, at::native::float16_copy_"
react_moa_mcts,measured,9,moa-reduce,7,AddOp,ve,nvtx_operator_range,94062,5304297218,2080,2080,0,1,0,8251,2080,elementwise_binary,"void at::native::vectorized_elementwise_kernel<(int)8, at::native::CUDAFunctorOn"
react_moa_mcts,measured,9,moa-reduce,8,RMSNormOp,ve,nvtx_operator_range,203566,5304397983,19104,19104,0,7,0,8302,108271,copy|elementwise_binary|elementwise_unary|reduce,"void at::native::unrolled_elementwise_kernel<at::native::direct_copy_kernel_cuda|void at::native::vectorized_elementwise_kernel<(int)4, void at::native::<unnamed|void at::native::reduce_kernel<(int)512, (int)1, at::native::ReduceOp<float, at:|void at::native::vectorized_elementwise_kernel<(int)4, at::native::CUDAFunctorOn|void at::native::vectorized_elementwise_kernel<(int)4, at::native::rsqrt_kernel_|void at::native::elementwise_kernel<(int)128, (int)2, void at::native::gpu_kerne|void at::native::vectorized_elementwise_kernel<(int)8, at::native::float16_copy_"
react_moa_mcts,measured,9,moa-reduce,10,LinearOp,me,nvtx_operator_range,106828,5304608956,20157,20157,0,1,0,9335,20157,gemm,ampere_fp16_s1688gemm_fp16_128x64_sliced1x2_ldg8_f2f_nn
react_moa_mcts,measured,9,moa-reduce,11,LinearOp,me,nvtx_operator_range,93374,5304722590,20061,20061,0,1,0,7934,20061,gemm,ampere_fp16_s1688gemm_fp16_128x64_sliced1x2_ldg8_f2f_nn
react_moa_mcts,measured,9,moa-reduce,12,LinearOp,me,nvtx_operator_range,90878,5304822054,20093,20093,0,1,0,7811,20093,gemm,ampere_fp16_s1688gemm_fp16_128x64_sliced1x2_ldg8_f2f_nn
react_moa_mcts,measured,9,moa-reduce,13,ViewOp,de,nvtx_operator_range,65442,5304919140,0,0,0,0,0,,,,
react_moa_mcts,measured,9,moa-reduce,14,TransposeOp,de,nvtx_operator_range,120260,5304990433,12542,12542,0,1,0,9946,12542,copy,"void at::native::elementwise_kernel<(int)128, (int)4, void at::native::gpu_kerne"
react_moa_mcts,measured,9,react-answer,6,RMSNormOp,ve,nvtx_operator_range,246435,5316910810,17695,17695,0,7,0,8436,126828,copy|elementwise_binary|elementwise_unary|reduce,"void at::native::unrolled_elementwise_kernel<at::native::direct_copy_kernel_cuda|void at::native::vectorized_elementwise_kernel<(int)4, void at::native::<unnamed|void at::native::reduce_kernel<(int)512, (int)1, at::native::ReduceOp<float, at:|void at::native::vectorized_elementwise_kernel<(int)4, at::native::CUDAFunctorOn|void at::native::vectorized_elementwise_kernel<(int)4, at::native::rsqrt_kernel_|void at::native::elementwise_kernel<(int)128, (int)2, void at::native::gpu_kerne|void at::native::vectorized_elementwise_kernel<(int)8, at::native::float16_copy_"
react_moa_mcts,measured,9,react-answer,7,AddOp,ve,nvtx_operator_range,95938,5317166166,1727,1727,0,1,0,8532,1727,elementwise_binary,"void at::native::vectorized_elementwise_kernel<(int)8, at::native::CUDAFunctorOn"
react_moa_mcts,measured,9,react-answer,8,RMSNormOp,ve,nvtx_operator_range,205999,5317269549,17566,17566,0,7,0,8297,107631,copy|elementwise_binary|elementwise_unary|reduce,"void at::native::unrolled_elementwise_kernel<at::native::direct_copy_kernel_cuda|void at::native::vectorized_elementwise_kernel<(int)4, void at::native::<unnamed|void at::native::reduce_kernel<(int)512, (int)1, at::native::ReduceOp<float, at:|void at::native::vectorized_elementwise_kernel<(int)4, at::native::CUDAFunctorOn|void at::native::vectorized_elementwise_kernel<(int)4, at::native::rsqrt_kernel_|void at::native::elementwise_kernel<(int)128, (int)2, void at::native::gpu_kerne|void at::native::vectorized_elementwise_kernel<(int)8, at::native::float16_copy_"
react_moa_mcts,measured,9,react-answer,10,LinearOp,me,nvtx_operator_range,113932,5317483382,14558,14558,0,1,0,10014,14558,gemm,ampere_fp16_s16816gemm_fp16_128x64_ldg8_f2f_stages_32x6_nn
react_moa_mcts,measured,9,react-answer,11,LinearOp,me,nvtx_operator_range,93905,5317604707,14590,14590,0,1,0,7731,14590,gemm,ampere_fp16_s16816gemm_fp16_128x64_ldg8_f2f_stages_32x6_nn
react_moa_mcts,measured,9,react-answer,12,LinearOp,me,nvtx_operator_range,91535,5317704639,14526,14526,0,1,0,7855,14526,gemm,ampere_fp16_s16816gemm_fp16_128x64_ldg8_f2f_stages_32x6_nn
react_moa_mcts,measured,9,react-answer,13,ViewOp,de,nvtx_operator_range,66426,5317802626,0,0,0,0,0,,,,
react_moa_mcts,measured,9,react-answer,14,TransposeOp,de,nvtx_operator_range,108747,5317874967,12158,12158,0,1,0,9530,12158,copy,"void at::native::elementwise_kernel<(int)128, (int)4, void at::native::gpu_kerne"
react_moa_mcts,measured,9,mcts-critic,6,RMSNormOp,ve,nvtx_operator_range,226874,5331787951,19261,19261,0,7,0,8014,116653,copy|elementwise_binary|elementwise_unary|reduce,"void at::native::unrolled_elementwise_kernel<at::native::direct_copy_kernel_cuda|void at::native::vectorized_elementwise_kernel<(int)4, void at::native::<unnamed|void at::native::reduce_kernel<(int)512, (int)1, at::native::ReduceOp<float, at:|void at::native::vectorized_elementwise_kernel<(int)4, at::native::CUDAFunctorOn|void at::native::vectorized_elementwise_kernel<(int)4, at::native::rsqrt_kernel_|void at::native::elementwise_kernel<(int)128, (int)2, void at::native::gpu_kerne|void at::native::vectorized_elementwise_kernel<(int)8, at::native::float16_copy_"
react_moa_mcts,measured,9,mcts-critic,7,AddOp,ve,nvtx_operator_range,106726,5332023115,1952,1952,0,1,0,8836,1952,elementwise_binary,"void at::native::vectorized_elementwise_kernel<(int)8, at::native::CUDAFunctorOn"
react_moa_mcts,measured,9,mcts-critic,8,RMSNormOp,ve,nvtx_operator_range,209128,5332136865,19004,19004,0,7,0,8413,111630,copy|elementwise_binary|elementwise_unary|reduce,"void at::native::unrolled_elementwise_kernel<at::native::direct_copy_kernel_cuda|void at::native::vectorized_elementwise_kernel<(int)4, void at::native::<unnamed|void at::native::reduce_kernel<(int)512, (int)1, at::native::ReduceOp<float, at:|void at::native::vectorized_elementwise_kernel<(int)4, at::native::CUDAFunctorOn|void at::native::vectorized_elementwise_kernel<(int)4, at::native::rsqrt_kernel_|void at::native::elementwise_kernel<(int)128, (int)2, void at::native::gpu_kerne|void at::native::vectorized_elementwise_kernel<(int)8, at::native::float16_copy_"
react_moa_mcts,measured,9,mcts-critic,10,LinearOp,me,nvtx_operator_range,110519,5332353874,19933,19933,0,1,0,9437,19933,gemm,ampere_fp16_s1688gemm_fp16_128x64_sliced1x2_ldg8_f2f_nn
react_moa_mcts,measured,9,mcts-critic,11,LinearOp,me,nvtx_operator_range,94489,5332471455,20220,20220,0,1,0,8174,20220,gemm,ampere_fp16_s1688gemm_fp16_128x64_sliced1x2_ldg8_f2f_nn
react_moa_mcts,measured,9,mcts-critic,12,LinearOp,me,nvtx_operator_range,95417,5332572560,20125,20125,0,1,0,7689,20125,gemm,ampere_fp16_s1688gemm_fp16_128x64_sliced1x2_ldg8_f2f_nn
react_moa_mcts,measured,9,mcts-critic,13,ViewOp,de,nvtx_operator_range,67242,5332678125,0,0,0,0,0,,,,
react_moa_mcts,measured,9,mcts-critic,14,TransposeOp,de,nvtx_operator_range,109884,5332751096,12574,12574,0,1,0,10096,12574,copy,"void at::native::elementwise_kernel<(int)128, (int)4, void at::native::gpu_kerne"
react_moa_mcts,measured,10,react-plan,,call_overhead,,gap_before_operator,,,54743,5023,49720,2,1,11656,196577,elementwise_binary|memcpy|rng_init,"memcpy_Host-to-Device|void at::native::<unnamed>::distribution_elementwise_grid_stride_kernel<float, (|void at::native::vectorized_elementwise_kernel<(int)8, at::native::BUnaryFunctor"
react_moa_mcts,measured,10,moa-map0,,call_overhead,,gap_before_operator,,,147433,6975,140458,2,2,9966,13836756,elementwise_binary|memcpy|rng_init,"memcpy_Device-to-Host|memcpy_Host-to-Device|void at::native::<unnamed>::distribution_elementwise_grid_stride_kernel<float, (|void at::native::vectorized_elementwise_kernel<(int)8, at::native::BUnaryFunctor"
react_moa_mcts,measured,10,moa-map1,,call_overhead,,gap_before_operator,,,188994,7103,181891,2,2,10662,13810840,elementwise_binary|memcpy|rng_init,"memcpy_Device-to-Host|memcpy_Host-to-Device|void at::native::<unnamed>::distribution_elementwise_grid_stride_kernel<float, (|void at::native::vectorized_elementwise_kernel<(int)8, at::native::BUnaryFunctor"
react_moa_mcts,measured,10,moa-map2,,call_overhead,,gap_before_operator,,,185187,7071,178116,2,2,10459,13768063,elementwise_binary|memcpy|rng_init,"memcpy_Device-to-Host|memcpy_Host-to-Device|void at::native::<unnamed>::distribution_elementwise_grid_stride_kernel<float, (|void at::native::vectorized_elementwise_kernel<(int)8, at::native::BUnaryFunctor"
react_moa_mcts,measured,10,mcts-root,,call_overhead,,gap_before_operator,,,186946,7103,179843,2,2,9863,13750913,elementwise_binary|memcpy|rng_init,"memcpy_Device-to-Host|memcpy_Host-to-Device|void at::native::<unnamed>::distribution_elementwise_grid_stride_kernel<float, (|void at::native::vectorized_elementwise_kernel<(int)8, at::native::BUnaryFunctor"
react_moa_mcts,measured,10,mcts-actor0,,call_overhead,,gap_before_operator,,,184131,7039,177092,2,2,9676,15687339,elementwise_binary|memcpy|rng_init,"memcpy_Device-to-Host|memcpy_Host-to-Device|void at::native::<unnamed>::distribution_elementwise_grid_stride_kernel<float, (|void at::native::vectorized_elementwise_kernel<(int)8, at::native::BUnaryFunctor"
react_moa_mcts,measured,10,mcts-actor1,,call_overhead,,gap_before_operator,,,185602,7103,178499,2,2,9979,13727877,elementwise_binary|memcpy|rng_init,"memcpy_Device-to-Host|memcpy_Host-to-Device|void at::native::<unnamed>::distribution_elementwise_grid_stride_kernel<float, (|void at::native::vectorized_elementwise_kernel<(int)8, at::native::BUnaryFunctor"
react_moa_mcts,measured,10,moa-reduce,,call_overhead,,gap_before_operator,,,291729,7071,284658,2,2,22102,14102345,elementwise_binary|memcpy|rng_init,"memcpy_Device-to-Host|memcpy_Host-to-Device|void at::native::<unnamed>::distribution_elementwise_grid_stride_kernel<float, (|void at::native::vectorized_elementwise_kernel<(int)8, at::native::BUnaryFunctor"
react_moa_mcts,measured,10,react-answer,,call_overhead,,gap_before_operator,,,163525,6687,156838,2,2,10168,11843571,elementwise_binary|memcpy|rng_init,"memcpy_Device-to-Host|memcpy_Host-to-Device|void at::native::<unnamed>::distribution_elementwise_grid_stride_kernel<float, (|void at::native::vectorized_elementwise_kernel<(int)8, at::native::BUnaryFunctor"
react_moa_mcts,measured,10,mcts-critic,,call_overhead,,gap_before_operator,,,250807,7071,243736,2,3,9918,15087978,elementwise_binary|memcpy|rng_init,"memcpy_Device-to-Host|memcpy_Host-to-Device|void at::native::<unnamed>::distribution_elementwise_grid_stride_kernel<float, (|void at::native::vectorized_elementwise_kernel<(int)8, at::native::BUnaryFunctor"
react_moa_mcts,measured,10,react-plan,6,RMSNormOp,ve,nvtx_operator_range,237008,5342853123,16060,16060,0,7,0,7905,116205,copy|elementwise_binary|elementwise_unary|reduce,"void at::native::unrolled_elementwise_kernel<at::native::direct_copy_kernel_cuda|void at::native::vectorized_elementwise_kernel<(int)4, void at::native::<unnamed|void at::native::reduce_kernel<(int)512, (int)1, at::native::ReduceOp<float, at:|void at::native::vectorized_elementwise_kernel<(int)4, at::native::CUDAFunctorOn|void at::native::vectorized_elementwise_kernel<(int)4, at::native::rsqrt_kernel_|void at::native::elementwise_kernel<(int)128, (int)2, void at::native::gpu_kerne|void at::native::vectorized_elementwise_kernel<(int)8, at::native::float16_copy_"
react_moa_mcts,measured,10,react-plan,7,AddOp,ve,nvtx_operator_range,94667,5343099985,1440,1440,0,1,0,8272,1440,elementwise_binary,"void at::native::vectorized_elementwise_kernel<(int)8, at::native::CUDAFunctorOn"
react_moa_mcts,measured,10,react-plan,8,RMSNormOp,ve,nvtx_operator_range,205997,5343201929,15165,15165,0,7,0,8329,108334,copy|elementwise_binary|elementwise_unary|reduce,"void at::native::unrolled_elementwise_kernel<at::native::direct_copy_kernel_cuda|void at::native::vectorized_elementwise_kernel<(int)4, void at::native::<unnamed|void at::native::reduce_kernel<(int)512, (int)1, at::native::ReduceOp<float, at:|void at::native::vectorized_elementwise_kernel<(int)4, at::native::CUDAFunctorOn|void at::native::vectorized_elementwise_kernel<(int)4, at::native::rsqrt_kernel_|void at::native::elementwise_kernel<(int)128, (int)2, void at::native::gpu_kerne|void at::native::vectorized_elementwise_kernel<(int)8, at::native::float16_copy_"
react_moa_mcts,measured,10,react-plan,10,LinearOp,me,nvtx_operator_range,223599,5343417113,12862,12446,416,1,1,17306,24700,gemm|memset,memset|void cutlass::Kernel2<cutlass_80_tensorop_f16_s16816gemm_relu_f16_64x64_32x6_nn_
react_moa_mcts,measured,10,react-plan,11,LinearOp,me,nvtx_operator_range,152821,5343653139,12702,12254,448,1,1,10525,21309,gemm|memset,memset|void cutlass::Kernel2<cutlass_80_tensorop_f16_s16816gemm_relu_f16_64x64_32x6_nn_
react_moa_mcts,measured,10,react-plan,12,LinearOp,me,nvtx_operator_range,109434,5343814467,12766,12350,416,1,1,6635,19837,gemm|memset,memset|void cutlass::Kernel2<cutlass_80_tensorop_f16_s16816gemm_relu_f16_64x64_32x6_nn_
react_moa_mcts,measured,10,react-plan,13,ViewOp,de,nvtx_operator_range,66930,5343931401,0,0,0,0,0,,,,
react_moa_mcts,measured,10,react-plan,14,TransposeOp,de,nvtx_operator_range,119851,5344004245,9374,9374,0,1,0,10210,9374,copy,"void at::native::elementwise_kernel<(int)128, (int)4, void at::native::gpu_kerne"
react_moa_mcts,measured,10,moa-map0,6,RMSNormOp,ve,nvtx_operator_range,242506,5357988208,19390,19390,0,7,0,9322,119277,copy|elementwise_binary|elementwise_unary|reduce,"void at::native::unrolled_elementwise_kernel<at::native::direct_copy_kernel_cuda|void at::native::vectorized_elementwise_kernel<(int)4, void at::native::<unnamed|void at::native::reduce_kernel<(int)512, (int)1, at::native::ReduceOp<float, at:|void at::native::vectorized_elementwise_kernel<(int)4, at::native::CUDAFunctorOn|void at::native::vectorized_elementwise_kernel<(int)4, at::native::rsqrt_kernel_|void at::native::elementwise_kernel<(int)128, (int)2, void at::native::gpu_kerne|void at::native::vectorized_elementwise_kernel<(int)8, at::native::float16_copy_"
react_moa_mcts,measured,10,moa-map0,7,AddOp,ve,nvtx_operator_range,94721,5358240379,2112,2112,0,1,0,8275,2112,elementwise_binary,"void at::native::vectorized_elementwise_kernel<(int)8, at::native::CUDAFunctorOn"
react_moa_mcts,measured,10,moa-map0,8,RMSNormOp,ve,nvtx_operator_range,205287,5358342450,19004,19004,0,7,0,8431,107791,copy|elementwise_binary|elementwise_unary|reduce,"void at::native::unrolled_elementwise_kernel<at::native::direct_copy_kernel_cuda|void at::native::vectorized_elementwise_kernel<(int)4, void at::native::<unnamed|void at::native::reduce_kernel<(int)512, (int)1, at::native::ReduceOp<float, at:|void at::native::vectorized_elementwise_kernel<(int)4, at::native::CUDAFunctorOn|void at::native::vectorized_elementwise_kernel<(int)4, at::native::rsqrt_kernel_|void at::native::elementwise_kernel<(int)128, (int)2, void at::native::gpu_kerne|void at::native::vectorized_elementwise_kernel<(int)8, at::native::float16_copy_"
react_moa_mcts,measured,10,moa-map0,10,LinearOp,me,nvtx_operator_range,112675,5358555993,20029,20029,0,1,0,9930,20029,gemm,ampere_fp16_s1688gemm_fp16_128x64_sliced1x2_ldg8_f2f_nn
react_moa_mcts,measured,10,moa-map0,11,LinearOp,me,nvtx_operator_range,96465,5358681473,20125,20125,0,1,0,8239,20125,gemm,ampere_fp16_s1688gemm_fp16_128x64_sliced1x2_ldg8_f2f_nn
react_moa_mcts,measured,10,moa-map0,12,LinearOp,me,nvtx_operator_range,91862,5358784349,19837,19837,0,1,0,7994,19837,gemm,ampere_fp16_s1688gemm_fp16_128x64_sliced1x2_ldg8_f2f_nn
react_moa_mcts,measured,10,moa-map0,13,ViewOp,de,nvtx_operator_range,65800,5358882853,0,0,0,0,0,,,,
react_moa_mcts,measured,10,moa-map0,14,TransposeOp,de,nvtx_operator_range,117070,5358954102,12414,12414,0,1,0,9189,12414,copy,"void at::native::elementwise_kernel<(int)128, (int)4, void at::native::gpu_kerne"
react_moa_mcts,measured,10,moa-map1,6,RMSNormOp,ve,nvtx_operator_range,241829,5372946797,19325,19325,0,7,0,8940,127788,copy|elementwise_binary|elementwise_unary|reduce,"void at::native::unrolled_elementwise_kernel<at::native::direct_copy_kernel_cuda|void at::native::vectorized_elementwise_kernel<(int)4, void at::native::<unnamed|void at::native::reduce_kernel<(int)512, (int)1, at::native::ReduceOp<float, at:|void at::native::vectorized_elementwise_kernel<(int)4, at::native::CUDAFunctorOn|void at::native::vectorized_elementwise_kernel<(int)4, at::native::rsqrt_kernel_|void at::native::elementwise_kernel<(int)128, (int)2, void at::native::gpu_kerne|void at::native::vectorized_elementwise_kernel<(int)8, at::native::float16_copy_"
react_moa_mcts,measured,10,moa-map1,7,AddOp,ve,nvtx_operator_range,95342,5373198018,2047,2047,0,1,0,8519,2047,elementwise_binary,"void at::native::vectorized_elementwise_kernel<(int)8, at::native::CUDAFunctorOn"
react_moa_mcts,measured,10,moa-map1,8,RMSNormOp,ve,nvtx_operator_range,207254,5373300148,18976,18976,0,7,0,8370,111151,copy|elementwise_binary|elementwise_unary|reduce,"void at::native::unrolled_elementwise_kernel<at::native::direct_copy_kernel_cuda|void at::native::vectorized_elementwise_kernel<(int)4, void at::native::<unnamed|void at::native::reduce_kernel<(int)512, (int)1, at::native::ReduceOp<float, at:|void at::native::vectorized_elementwise_kernel<(int)4, at::native::CUDAFunctorOn|void at::native::vectorized_elementwise_kernel<(int)4, at::native::rsqrt_kernel_|void at::native::elementwise_kernel<(int)128, (int)2, void at::native::gpu_kerne|void at::native::vectorized_elementwise_kernel<(int)8, at::native::float16_copy_"
react_moa_mcts,measured,10,moa-map1,10,LinearOp,me,nvtx_operator_range,112204,5373514947,20189,20189,0,1,0,9312,20189,gemm,ampere_fp16_s1688gemm_fp16_128x64_sliced1x2_ldg8_f2f_nn
react_moa_mcts,measured,10,moa-map1,11,LinearOp,me,nvtx_operator_range,93131,5373633862,20092,20092,0,1,0,8289,20092,gemm,ampere_fp16_s1688gemm_fp16_128x64_sliced1x2_ldg8_f2f_nn
react_moa_mcts,measured,10,moa-map1,12,LinearOp,me,nvtx_operator_range,91150,5373733297,19997,19997,0,1,0,8115,19997,gemm,ampere_fp16_s1688gemm_fp16_128x64_sliced1x2_ldg8_f2f_nn
react_moa_mcts,measured,10,moa-map1,13,ViewOp,de,nvtx_operator_range,67274,5373831366,0,0,0,0,0,,,,
react_moa_mcts,measured,10,moa-map1,14,TransposeOp,de,nvtx_operator_range,108037,5373904217,12350,12350,0,1,0,9162,12350,copy,"void at::native::elementwise_kernel<(int)128, (int)4, void at::native::gpu_kerne"
react_moa_mcts,measured,10,moa-map2,6,RMSNormOp,ve,nvtx_operator_range,236391,5387815746,19323,19323,0,7,0,8244,115309,copy|elementwise_binary|elementwise_unary|reduce,"void at::native::unrolled_elementwise_kernel<at::native::direct_copy_kernel_cuda|void at::native::vectorized_elementwise_kernel<(int)4, void at::native::<unnamed|void at::native::reduce_kernel<(int)512, (int)1, at::native::ReduceOp<float, at:|void at::native::vectorized_elementwise_kernel<(int)4, at::native::CUDAFunctorOn|void at::native::vectorized_elementwise_kernel<(int)4, at::native::rsqrt_kernel_|void at::native::elementwise_kernel<(int)128, (int)2, void at::native::gpu_kerne|void at::native::vectorized_elementwise_kernel<(int)8, at::native::float16_copy_"
react_moa_mcts,measured,10,moa-map2,7,AddOp,ve,nvtx_operator_range,97062,5388060886,2112,2112,0,1,0,9241,2112,elementwise_binary,"void at::native::vectorized_elementwise_kernel<(int)8, at::native::CUDAFunctorOn"
react_moa_mcts,measured,10,moa-map2,8,RMSNormOp,ve,nvtx_operator_range,215621,5388165188,19134,19134,0,7,0,8581,116493,copy|elementwise_binary|elementwise_unary|reduce,"void at::native::unrolled_elementwise_kernel<at::native::direct_copy_kernel_cuda|void at::native::vectorized_elementwise_kernel<(int)4, void at::native::<unnamed|void at::native::reduce_kernel<(int)512, (int)1, at::native::ReduceOp<float, at:|void at::native::vectorized_elementwise_kernel<(int)4, at::native::CUDAFunctorOn|void at::native::vectorized_elementwise_kernel<(int)4, at::native::rsqrt_kernel_|void at::native::elementwise_kernel<(int)128, (int)2, void at::native::gpu_kerne|void at::native::vectorized_elementwise_kernel<(int)8, at::native::float16_copy_"
react_moa_mcts,measured,10,moa-map2,10,LinearOp,me,nvtx_operator_range,109890,5388388386,20028,20028,0,1,0,9217,20028,gemm,ampere_fp16_s1688gemm_fp16_128x64_sliced1x2_ldg8_f2f_nn
react_moa_mcts,measured,10,moa-map2,11,LinearOp,me,nvtx_operator_range,93031,5388504841,20157,20157,0,1,0,7880,20157,gemm,ampere_fp16_s1688gemm_fp16_128x64_sliced1x2_ldg8_f2f_nn
react_moa_mcts,measured,10,moa-map2,12,LinearOp,me,nvtx_operator_range,91016,5388604277,19900,19900,0,1,0,7874,19900,gemm,ampere_fp16_s1688gemm_fp16_128x64_sliced1x2_ldg8_f2f_nn
react_moa_mcts,measured,10,moa-map2,13,ViewOp,de,nvtx_operator_range,64950,5388701842,0,0,0,0,0,,,,
react_moa_mcts,measured,10,moa-map2,14,TransposeOp,de,nvtx_operator_range,107214,5388772267,12318,12318,0,1,0,9114,12318,copy,"void at::native::elementwise_kernel<(int)128, (int)4, void at::native::gpu_kerne"
react_moa_mcts,measured,10,mcts-root,6,RMSNormOp,ve,nvtx_operator_range,233878,5402692897,19327,19327,0,7,0,8945,114670,copy|elementwise_binary|elementwise_unary|reduce,"void at::native::unrolled_elementwise_kernel<at::native::direct_copy_kernel_cuda|void at::native::vectorized_elementwise_kernel<(int)4, void at::native::<unnamed|void at::native::reduce_kernel<(int)512, (int)1, at::native::ReduceOp<float, at:|void at::native::vectorized_elementwise_kernel<(int)4, at::native::CUDAFunctorOn|void at::native::vectorized_elementwise_kernel<(int)4, at::native::rsqrt_kernel_|void at::native::elementwise_kernel<(int)128, (int)2, void at::native::gpu_kerne|void at::native::vectorized_elementwise_kernel<(int)8, at::native::float16_copy_"
react_moa_mcts,measured,10,mcts-root,7,AddOp,ve,nvtx_operator_range,94022,5402935565,1984,1984,0,1,0,8510,1984,elementwise_binary,"void at::native::vectorized_elementwise_kernel<(int)8, at::native::CUDAFunctorOn"
react_moa_mcts,measured,10,mcts-root,8,RMSNormOp,ve,nvtx_operator_range,209849,5403044308,19071,19071,0,7,0,8560,110318,copy|elementwise_binary|elementwise_unary|reduce,"void at::native::unrolled_elementwise_kernel<at::native::direct_copy_kernel_cuda|void at::native::vectorized_elementwise_kernel<(int)4, void at::native::<unnamed|void at::native::reduce_kernel<(int)512, (int)1, at::native::ReduceOp<float, at:|void at::native::vectorized_elementwise_kernel<(int)4, at::native::CUDAFunctorOn|void at::native::vectorized_elementwise_kernel<(int)4, at::native::rsqrt_kernel_|void at::native::elementwise_kernel<(int)128, (int)2, void at::native::gpu_kerne|void at::native::vectorized_elementwise_kernel<(int)8, at::native::float16_copy_"
react_moa_mcts,measured,10,mcts-root,10,LinearOp,me,nvtx_operator_range,107712,5403261507,20221,20221,0,1,0,8957,20221,gemm,ampere_fp16_s1688gemm_fp16_128x64_sliced1x2_ldg8_f2f_nn
react_moa_mcts,measured,10,mcts-root,11,LinearOp,me,nvtx_operator_range,93779,5403375468,20156,20156,0,1,0,7696,20156,gemm,ampere_fp16_s1688gemm_fp16_128x64_sliced1x2_ldg8_f2f_nn
react_moa_mcts,measured,10,mcts-root,12,LinearOp,me,nvtx_operator_range,90008,5403475464,19997,19997,0,1,0,7887,19997,gemm,ampere_fp16_s1688gemm_fp16_128x64_sliced1x2_ldg8_f2f_nn
react_moa_mcts,measured,10,mcts-root,13,ViewOp,de,nvtx_operator_range,65265,5403572102,0,0,0,0,0,,,,
react_moa_mcts,measured,10,mcts-root,14,TransposeOp,de,nvtx_operator_range,107454,5403642917,12414,12414,0,1,0,9598,12414,copy,"void at::native::elementwise_kernel<(int)128, (int)4, void at::native::gpu_kerne"
react_moa_mcts,measured,10,mcts-actor0,6,RMSNormOp,ve,nvtx_operator_range,227702,5419499694,19421,19421,0,7,0,8605,114126,copy|elementwise_binary|elementwise_unary|reduce,"void at::native::unrolled_elementwise_kernel<at::native::direct_copy_kernel_cuda|void at::native::vectorized_elementwise_kernel<(int)4, void at::native::<unnamed|void at::native::reduce_kernel<(int)512, (int)1, at::native::ReduceOp<float, at:|void at::native::vectorized_elementwise_kernel<(int)4, at::native::CUDAFunctorOn|void at::native::vectorized_elementwise_kernel<(int)4, at::native::rsqrt_kernel_|void at::native::elementwise_kernel<(int)128, (int)2, void at::native::gpu_kerne|void at::native::vectorized_elementwise_kernel<(int)8, at::native::float16_copy_"
react_moa_mcts,measured,10,mcts-actor0,7,AddOp,ve,nvtx_operator_range,100612,5419742325,2079,2079,0,1,0,8956,2079,elementwise_binary,"void at::native::vectorized_elementwise_kernel<(int)8, at::native::CUDAFunctorOn"
react_moa_mcts,measured,10,mcts-actor0,8,RMSNormOp,ve,nvtx_operator_range,231086,5419849765,19166,19166,0,7,0,8450,110926,copy|elementwise_binary|elementwise_unary|reduce,"void at::native::unrolled_elementwise_kernel<at::native::direct_copy_kernel_cuda|void at::native::vectorized_elementwise_kernel<(int)4, void at::native::<unnamed|void at::native::reduce_kernel<(int)512, (int)1, at::native::ReduceOp<float, at:|void at::native::vectorized_elementwise_kernel<(int)4, at::native::CUDAFunctorOn|void at::native::vectorized_elementwise_kernel<(int)4, at::native::rsqrt_kernel_|void at::native::elementwise_kernel<(int)128, (int)2, void at::native::gpu_kerne|void at::native::vectorized_elementwise_kernel<(int)8, at::native::float16_copy_"
react_moa_mcts,measured,10,mcts-actor0,10,LinearOp,me,nvtx_operator_range,111327,5420089681,20157,20157,0,1,0,9586,20157,gemm,ampere_fp16_s1688gemm_fp16_128x64_sliced1x2_ldg8_f2f_nn
react_moa_mcts,measured,10,mcts-actor0,11,LinearOp,me,nvtx_operator_range,93696,5420208010,19997,19997,0,1,0,7992,19997,gemm,ampere_fp16_s1688gemm_fp16_128x64_sliced1x2_ldg8_f2f_nn
react_moa_mcts,measured,10,mcts-actor0,12,LinearOp,me,nvtx_operator_range,90419,5420308454,19996,19996,0,1,0,7885,19996,gemm,ampere_fp16_s1688gemm_fp16_128x64_sliced1x2_ldg8_f2f_nn
react_moa_mcts,measured,10,mcts-actor0,13,ViewOp,de,nvtx_operator_range,65563,5420405211,0,0,0,0,0,,,,
react_moa_mcts,measured,10,mcts-actor0,14,TransposeOp,de,nvtx_operator_range,108271,5420476875,12510,12510,0,1,0,9799,12510,copy,"void at::native::elementwise_kernel<(int)128, (int)4, void at::native::gpu_kerne"
react_moa_mcts,measured,10,mcts-actor1,6,RMSNormOp,ve,nvtx_operator_range,225238,5434374560,19292,19292,0,7,0,8359,114222,copy|elementwise_binary|elementwise_unary|reduce,"void at::native::unrolled_elementwise_kernel<at::native::direct_copy_kernel_cuda|void at::native::vectorized_elementwise_kernel<(int)4, void at::native::<unnamed|void at::native::reduce_kernel<(int)512, (int)1, at::native::ReduceOp<float, at:|void at::native::vectorized_elementwise_kernel<(int)4, at::native::CUDAFunctorOn|void at::native::vectorized_elementwise_kernel<(int)4, at::native::rsqrt_kernel_|void at::native::elementwise_kernel<(int)128, (int)2, void at::native::gpu_kerne|void at::native::vectorized_elementwise_kernel<(int)8, at::native::float16_copy_"
react_moa_mcts,measured,10,mcts-actor1,7,AddOp,ve,nvtx_operator_range,92617,5434608420,2112,2112,0,1,0,8173,2112,elementwise_binary,"void at::native::vectorized_elementwise_kernel<(int)8, at::native::CUDAFunctorOn"
react_moa_mcts,measured,10,mcts-actor1,8,RMSNormOp,ve,nvtx_operator_range,203735,5434707574,19101,19101,0,7,0,8175,108110,copy|elementwise_binary|elementwise_unary|reduce,"void at::native::unrolled_elementwise_kernel<at::native::direct_copy_kernel_cuda|void at::native::vectorized_elementwise_kernel<(int)4, void at::native::<unnamed|void at::native::reduce_kernel<(int)512, (int)1, at::native::ReduceOp<float, at:|void at::native::vectorized_elementwise_kernel<(int)4, at::native::CUDAFunctorOn|void at::native::vectorized_elementwise_kernel<(int)4, at::native::rsqrt_kernel_|void at::native::elementwise_kernel<(int)128, (int)2, void at::native::gpu_kerne|void at::native::vectorized_elementwise_kernel<(int)8, at::native::float16_copy_"
react_moa_mcts,measured,10,mcts-actor1,10,LinearOp,me,nvtx_operator_range,108559,5434918666,20157,20157,0,1,0,9169,20157,gemm,ampere_fp16_s1688gemm_fp16_128x64_sliced1x2_ldg8_f2f_nn
react_moa_mcts,measured,10,mcts-actor1,11,LinearOp,me,nvtx_operator_range,98149,5435042645,20253,20253,0,1,0,8551,20253,gemm,ampere_fp16_s1688gemm_fp16_128x64_sliced1x2_ldg8_f2f_nn
react_moa_mcts,measured,10,mcts-actor1,12,LinearOp,me,nvtx_operator_range,92206,5435147089,20221,20221,0,1,0,8439,20221,gemm,ampere_fp16_s1688gemm_fp16_128x64_sliced1x2_ldg8_f2f_nn
react_moa_mcts,measured,10,mcts-actor1,13,ViewOp,de,nvtx_operator_range,78306,5435245675,0,0,0,0,0,,,,
react_moa_mcts,measured,10,mcts-actor1,14,TransposeOp,de,nvtx_operator_range,115202,5435329679,12414,12414,0,1,0,13448,12414,copy,"void at::native::elementwise_kernel<(int)128, (int)4, void at::native::gpu_kerne"
react_moa_mcts,measured,10,moa-reduce,6,RMSNormOp,ve,nvtx_operator_range,234186,5449583890,19260,19260,0,7,0,8370,116429,copy|elementwise_binary|elementwise_unary|reduce,"void at::native::unrolled_elementwise_kernel<at::native::direct_copy_kernel_cuda|void at::native::vectorized_elementwise_kernel<(int)4, void at::native::<unnamed|void at::native::reduce_kernel<(int)512, (int)1, at::native::ReduceOp<float, at:|void at::native::vectorized_elementwise_kernel<(int)4, at::native::CUDAFunctorOn|void at::native::vectorized_elementwise_kernel<(int)4, at::native::rsqrt_kernel_|void at::native::elementwise_kernel<(int)128, (int)2, void at::native::gpu_kerne|void at::native::vectorized_elementwise_kernel<(int)8, at::native::float16_copy_"
react_moa_mcts,measured,10,moa-reduce,7,AddOp,ve,nvtx_operator_range,96213,5449833281,2111,2111,0,1,0,8692,2111,elementwise_binary,"void at::native::vectorized_elementwise_kernel<(int)8, at::native::CUDAFunctorOn"
react_moa_mcts,measured,10,moa-reduce,8,RMSNormOp,ve,nvtx_operator_range,221202,5449936608,18975,18975,0,7,0,8260,121965,copy|elementwise_binary|elementwise_unary|reduce,"void at::native::unrolled_elementwise_kernel<at::native::direct_copy_kernel_cuda|void at::native::vectorized_elementwise_kernel<(int)4, void at::native::<unnamed|void at::native::reduce_kernel<(int)512, (int)1, at::native::ReduceOp<float, at:|void at::native::vectorized_elementwise_kernel<(int)4, at::native::CUDAFunctorOn|void at::native::vectorized_elementwise_kernel<(int)4, at::native::rsqrt_kernel_|void at::native::elementwise_kernel<(int)128, (int)2, void at::native::gpu_kerne|void at::native::vectorized_elementwise_kernel<(int)8, at::native::float16_copy_"
react_moa_mcts,measured,10,moa-reduce,10,LinearOp,me,nvtx_operator_range,108689,5450165916,20061,20061,0,1,0,9269,20061,gemm,ampere_fp16_s1688gemm_fp16_128x64_sliced1x2_ldg8_f2f_nn
react_moa_mcts,measured,10,moa-reduce,11,LinearOp,me,nvtx_operator_range,95059,5450280983,19997,19997,0,1,0,8023,19997,gemm,ampere_fp16_s1688gemm_fp16_128x64_sliced1x2_ldg8_f2f_nn
react_moa_mcts,measured,10,moa-reduce,12,LinearOp,me,nvtx_operator_range,94203,5450389257,20125,20125,0,1,0,8338,20125,gemm,ampere_fp16_s1688gemm_fp16_128x64_sliced1x2_ldg8_f2f_nn
react_moa_mcts,measured,10,moa-reduce,13,ViewOp,de,nvtx_operator_range,66037,5450490011,0,0,0,0,0,,,,
react_moa_mcts,measured,10,moa-reduce,14,TransposeOp,de,nvtx_operator_range,107463,5450561572,12318,12318,0,1,0,9217,12318,copy,"void at::native::elementwise_kernel<(int)128, (int)4, void at::native::gpu_kerne"
react_moa_mcts,measured,10,react-answer,6,RMSNormOp,ve,nvtx_operator_range,225637,5462538402,17982,17982,0,7,0,7955,114350,copy|elementwise_binary|elementwise_unary|reduce,"void at::native::unrolled_elementwise_kernel<at::native::direct_copy_kernel_cuda|void at::native::vectorized_elementwise_kernel<(int)4, void at::native::<unnamed|void at::native::reduce_kernel<(int)512, (int)1, at::native::ReduceOp<float, at:|void at::native::vectorized_elementwise_kernel<(int)4, at::native::CUDAFunctorOn|void at::native::vectorized_elementwise_kernel<(int)4, at::native::rsqrt_kernel_|void at::native::elementwise_kernel<(int)128, (int)2, void at::native::gpu_kerne|void at::native::vectorized_elementwise_kernel<(int)8, at::native::float16_copy_"
react_moa_mcts,measured,10,react-answer,7,AddOp,ve,nvtx_operator_range,93731,5462772688,1728,1728,0,1,0,8205,1728,elementwise_binary,"void at::native::vectorized_elementwise_kernel<(int)8, at::native::CUDAFunctorOn"
react_moa_mcts,measured,10,react-answer,8,RMSNormOp,ve,nvtx_operator_range,223294,5462873433,17310,17310,0,7,0,8158,106287,copy|elementwise_binary|elementwise_unary|reduce,"void at::native::unrolled_elementwise_kernel<at::native::direct_copy_kernel_cuda|void at::native::vectorized_elementwise_kernel<(int)4, void at::native::<unnamed|void at::native::reduce_kernel<(int)512, (int)1, at::native::ReduceOp<float, at:|void at::native::vectorized_elementwise_kernel<(int)4, at::native::CUDAFunctorOn|void at::native::vectorized_elementwise_kernel<(int)4, at::native::rsqrt_kernel_|void at::native::elementwise_kernel<(int)128, (int)2, void at::native::gpu_kerne|void at::native::vectorized_elementwise_kernel<(int)8, at::native::float16_copy_"
react_moa_mcts,measured,10,react-answer,10,LinearOp,me,nvtx_operator_range,118076,5463105610,14590,14590,0,1,0,10962,14590,gemm,ampere_fp16_s16816gemm_fp16_128x64_ldg8_f2f_stages_32x6_nn
react_moa_mcts,measured,10,react-answer,11,LinearOp,me,nvtx_operator_range,94196,5463230880,14589,14589,0,1,0,8137,14589,gemm,ampere_fp16_s16816gemm_fp16_128x64_ldg8_f2f_stages_32x6_nn
react_moa_mcts,measured,10,react-answer,12,LinearOp,me,nvtx_operator_range,92233,5463331634,14557,14557,0,1,0,8030,14557,gemm,ampere_fp16_s16816gemm_fp16_128x64_ldg8_f2f_stages_32x6_nn
react_moa_mcts,measured,10,react-answer,13,ViewOp,de,nvtx_operator_range,65393,5463430329,0,0,0,0,0,,,,
react_moa_mcts,measured,10,react-answer,14,TransposeOp,de,nvtx_operator_range,107665,5463501707,12126,12126,0,1,0,9170,12126,copy,"void at::native::elementwise_kernel<(int)128, (int)4, void at::native::gpu_kerne"
react_moa_mcts,measured,10,mcts-critic,6,RMSNormOp,ve,nvtx_operator_range,228045,5477542164,19389,19389,0,7,0,8152,115438,copy|elementwise_binary|elementwise_unary|reduce,"void at::native::unrolled_elementwise_kernel<at::native::direct_copy_kernel_cuda|void at::native::vectorized_elementwise_kernel<(int)4, void at::native::<unnamed|void at::native::reduce_kernel<(int)512, (int)1, at::native::ReduceOp<float, at:|void at::native::vectorized_elementwise_kernel<(int)4, at::native::CUDAFunctorOn|void at::native::vectorized_elementwise_kernel<(int)4, at::native::rsqrt_kernel_|void at::native::elementwise_kernel<(int)128, (int)2, void at::native::gpu_kerne|void at::native::vectorized_elementwise_kernel<(int)8, at::native::float16_copy_"
react_moa_mcts,measured,10,mcts-critic,7,AddOp,ve,nvtx_operator_range,97660,5477785053,2080,2080,0,1,0,8439,2080,elementwise_binary,"void at::native::vectorized_elementwise_kernel<(int)8, at::native::CUDAFunctorOn"
react_moa_mcts,measured,10,mcts-critic,8,RMSNormOp,ve,nvtx_operator_range,215106,5477889295,19039,19039,0,7,0,8251,116430,copy|elementwise_binary|elementwise_unary|reduce,"void at::native::unrolled_elementwise_kernel<at::native::direct_copy_kernel_cuda|void at::native::vectorized_elementwise_kernel<(int)4, void at::native::<unnamed|void at::native::reduce_kernel<(int)512, (int)1, at::native::ReduceOp<float, at:|void at::native::vectorized_elementwise_kernel<(int)4, at::native::CUDAFunctorOn|void at::native::vectorized_elementwise_kernel<(int)4, at::native::rsqrt_kernel_|void at::native::elementwise_kernel<(int)128, (int)2, void at::native::gpu_kerne|void at::native::vectorized_elementwise_kernel<(int)8, at::native::float16_copy_"
react_moa_mcts,measured,10,mcts-critic,10,LinearOp,me,nvtx_operator_range,109138,5478112140,20157,20157,0,1,0,8789,20157,gemm,ampere_fp16_s1688gemm_fp16_128x64_sliced1x2_ldg8_f2f_nn
react_moa_mcts,measured,10,mcts-critic,11,LinearOp,me,nvtx_operator_range,94491,5478228266,20189,20189,0,1,0,7689,20189,gemm,ampere_fp16_s1688gemm_fp16_128x64_sliced1x2_ldg8_f2f_nn
react_moa_mcts,measured,10,mcts-critic,12,LinearOp,me,nvtx_operator_range,90833,5478329354,20125,20125,0,1,0,8136,20125,gemm,ampere_fp16_s1688gemm_fp16_128x64_sliced1x2_ldg8_f2f_nn
react_moa_mcts,measured,10,mcts-critic,13,ViewOp,de,nvtx_operator_range,65790,5478426572,0,0,0,0,0,,,,
react_moa_mcts,measured,10,mcts-critic,14,TransposeOp,de,nvtx_operator_range,111540,5478497835,12478,12478,0,1,0,9405,12478,copy,"void at::native::elementwise_kernel<(int)128, (int)4, void at::native::gpu_kerne"
react_moa_mcts,measured,11,react-plan,,call_overhead,,gap_before_operator,,,58327,5056,53271,2,1,11330,200576,elementwise_binary|memcpy|rng_init,"memcpy_Host-to-Device|void at::native::<unnamed>::distribution_elementwise_grid_stride_kernel<float, (|void at::native::vectorized_elementwise_kernel<(int)8, at::native::BUnaryFunctor"
react_moa_mcts,measured,11,moa-map0,,call_overhead,,gap_before_operator,,,151561,7072,144489,2,2,10431,13809048,elementwise_binary|memcpy|rng_init,"memcpy_Device-to-Host|memcpy_Host-to-Device|void at::native::<unnamed>::distribution_elementwise_grid_stride_kernel<float, (|void at::native::vectorized_elementwise_kernel<(int)8, at::native::BUnaryFunctor"
react_moa_mcts,measured,11,moa-map1,,call_overhead,,gap_before_operator,,,195584,7039,188545,2,2,10897,13824949,elementwise_binary|memcpy|rng_init,"memcpy_Device-to-Host|memcpy_Host-to-Device|void at::native::<unnamed>::distribution_elementwise_grid_stride_kernel<float, (|void at::native::vectorized_elementwise_kernel<(int)8, at::native::BUnaryFunctor"
react_moa_mcts,measured,11,moa-map2,,call_overhead,,gap_before_operator,,,188387,7039,181348,2,2,10495,13785436,elementwise_binary|memcpy|rng_init,"memcpy_Device-to-Host|memcpy_Host-to-Device|void at::native::<unnamed>::distribution_elementwise_grid_stride_kernel<float, (|void at::native::vectorized_elementwise_kernel<(int)8, at::native::BUnaryFunctor"
react_moa_mcts,measured,11,mcts-root,,call_overhead,,gap_before_operator,,,184706,7038,177668,2,2,9945,13736995,elementwise_binary|memcpy|rng_init,"memcpy_Device-to-Host|memcpy_Host-to-Device|void at::native::<unnamed>::distribution_elementwise_grid_stride_kernel<float, (|void at::native::vectorized_elementwise_kernel<(int)8, at::native::BUnaryFunctor"
react_moa_mcts,measured,11,mcts-actor0,,call_overhead,,gap_before_operator,,,190498,7039,183459,2,2,9873,15823701,elementwise_binary|memcpy|rng_init,"memcpy_Device-to-Host|memcpy_Host-to-Device|void at::native::<unnamed>::distribution_elementwise_grid_stride_kernel<float, (|void at::native::vectorized_elementwise_kernel<(int)8, at::native::BUnaryFunctor"
react_moa_mcts,measured,11,mcts-actor1,,call_overhead,,gap_before_operator,,,191138,7104,184034,2,2,10726,13856816,elementwise_binary|memcpy|rng_init,"memcpy_Device-to-Host|memcpy_Host-to-Device|void at::native::<unnamed>::distribution_elementwise_grid_stride_kernel<float, (|void at::native::vectorized_elementwise_kernel<(int)8, at::native::BUnaryFunctor"
react_moa_mcts,measured,11,moa-reduce,,call_overhead,,gap_before_operator,,,191809,7103,184706,2,2,10512,13838099,elementwise_binary|memcpy|rng_init,"memcpy_Device-to-Host|memcpy_Host-to-Device|void at::native::<unnamed>::distribution_elementwise_grid_stride_kernel<float, (|void at::native::vectorized_elementwise_kernel<(int)8, at::native::BUnaryFunctor"
react_moa_mcts,measured,11,react-answer,,call_overhead,,gap_before_operator,,,171333,6655,164678,2,2,10445,12221654,elementwise_binary|memcpy|rng_init,"memcpy_Device-to-Host|memcpy_Host-to-Device|void at::native::<unnamed>::distribution_elementwise_grid_stride_kernel<float, (|void at::native::vectorized_elementwise_kernel<(int)8, at::native::BUnaryFunctor"
react_moa_mcts,measured,11,mcts-critic,,call_overhead,,gap_before_operator,,,270645,7039,263606,2,3,10962,15049745,elementwise_binary|memcpy|rng_init,"memcpy_Device-to-Host|memcpy_Host-to-Device|void at::native::<unnamed>::distribution_elementwise_grid_stride_kernel<float, (|void at::native::vectorized_elementwise_kernel<(int)8, at::native::BUnaryFunctor"
react_moa_mcts,measured,11,react-plan,6,RMSNormOp,ve,nvtx_operator_range,229080,5488611199,16093,16093,0,7,0,8559,115853,copy|elementwise_binary|elementwise_unary|reduce,"void at::native::unrolled_elementwise_kernel<at::native::direct_copy_kernel_cuda|void at::native::vectorized_elementwise_kernel<(int)4, void at::native::<unnamed|void at::native::reduce_kernel<(int)512, (int)1, at::native::ReduceOp<float, at:|void at::native::vectorized_elementwise_kernel<(int)4, at::native::CUDAFunctorOn|void at::native::vectorized_elementwise_kernel<(int)4, at::native::rsqrt_kernel_|void at::native::elementwise_kernel<(int)128, (int)2, void at::native::gpu_kerne|void at::native::vectorized_elementwise_kernel<(int)8, at::native::float16_copy_"
react_moa_mcts,measured,11,react-plan,7,AddOp,ve,nvtx_operator_range,94286,5488849252,1472,1472,0,1,0,8565,1472,elementwise_binary,"void at::native::vectorized_elementwise_kernel<(int)8, at::native::CUDAFunctorOn"
react_moa_mcts,measured,11,react-plan,8,RMSNormOp,ve,nvtx_operator_range,218073,5488950594,15199,15199,0,7,0,9019,118381,copy|elementwise_binary|elementwise_unary|reduce,"void at::native::unrolled_elementwise_kernel<at::native::direct_copy_kernel_cuda|void at::native::vectorized_elementwise_kernel<(int)4, void at::native::<unnamed|void at::native::reduce_kernel<(int)512, (int)1, at::native::ReduceOp<float, at:|void at::native::vectorized_elementwise_kernel<(int)4, at::native::CUDAFunctorOn|void at::native::vectorized_elementwise_kernel<(int)4, at::native::rsqrt_kernel_|void at::native::elementwise_kernel<(int)128, (int)2, void at::native::gpu_kerne|void at::native::vectorized_elementwise_kernel<(int)8, at::native::float16_copy_"
react_moa_mcts,measured,11,react-plan,10,LinearOp,me,nvtx_operator_range,154833,5489176832,12830,12414,416,1,1,14888,20509,gemm|memset,memset|void cutlass::Kernel2<cutlass_80_tensorop_f16_s16816gemm_relu_f16_64x64_32x6_nn_
react_moa_mcts,measured,11,react-plan,11,LinearOp,me,nvtx_operator_range,109657,5489338984,12702,12254,448,1,1,6675,19452,gemm|memset,memset|void cutlass::Kernel2<cutlass_80_tensorop_f16_s16816gemm_relu_f16_64x64_32x6_nn_
react_moa_mcts,measured,11,react-plan,12,LinearOp,me,nvtx_operator_range,103234,5489455863,12734,12318,416,1,1,6366,19580,gemm|memset,memset|void cutlass::Kernel2<cutlass_80_tensorop_f16_s16816gemm_relu_f16_64x64_32x6_nn_
react_moa_mcts,measured,11,react-plan,13,ViewOp,de,nvtx_operator_range,65978,5489566840,0,0,0,0,0,,,,
react_moa_mcts,measured,11,react-plan,14,TransposeOp,de,nvtx_operator_range,109678,5489639037,9343,9343,0,1,0,9318,9343,copy,"void at::native::elementwise_kernel<(int)128, (int)4, void at::native::gpu_kerne"
react_moa_mcts,measured,11,moa-map0,6,RMSNormOp,ve,nvtx_operator_range,281705,5503627852,19260,19260,0,7,0,9951,149288,copy|elementwise_binary|elementwise_unary|reduce,"void at::native::unrolled_elementwise_kernel<at::native::direct_copy_kernel_cuda|void at::native::vectorized_elementwise_kernel<(int)4, void at::native::<unnamed|void at::native::reduce_kernel<(int)512, (int)1, at::native::ReduceOp<float, at:|void at::native::vectorized_elementwise_kernel<(int)4, at::native::CUDAFunctorOn|void at::native::vectorized_elementwise_kernel<(int)4, at::native::rsqrt_kernel_|void at::native::elementwise_kernel<(int)128, (int)2, void at::native::gpu_kerne|void at::native::vectorized_elementwise_kernel<(int)8, at::native::float16_copy_"
react_moa_mcts,measured,11,moa-map0,7,AddOp,ve,nvtx_operator_range,96970,5503918707,2016,2016,0,1,0,8161,2016,elementwise_binary,"void at::native::vectorized_elementwise_kernel<(int)8, at::native::CUDAFunctorOn"
react_moa_mcts,measured,11,moa-map0,8,RMSNormOp,ve,nvtx_operator_range,219621,5504023526,19006,19006,0,7,0,8653,111119,copy|elementwise_binary|elementwise_unary|reduce,"void at::native::unrolled_elementwise_kernel<at::native::direct_copy_kernel_cuda|void at::native::vectorized_elementwise_kernel<(int)4, void at::native::<unnamed|void at::native::reduce_kernel<(int)512, (int)1, at::native::ReduceOp<float, at:|void at::native::vectorized_elementwise_kernel<(int)4, at::native::CUDAFunctorOn|void at::native::vectorized_elementwise_kernel<(int)4, at::native::rsqrt_kernel_|void at::native::elementwise_kernel<(int)128, (int)2, void at::native::gpu_kerne|void at::native::vectorized_elementwise_kernel<(int)8, at::native::float16_copy_"
react_moa_mcts,measured,11,moa-map0,10,LinearOp,me,nvtx_operator_range,139597,5504250381,20157,20157,0,1,0,11331,20157,gemm,ampere_fp16_s1688gemm_fp16_128x64_sliced1x2_ldg8_f2f_nn
react_moa_mcts,measured,11,moa-map0,11,LinearOp,me,nvtx_operator_range,94131,5504396544,20221,20221,0,1,0,8083,20221,gemm,ampere_fp16_s1688gemm_fp16_128x64_sliced1x2_ldg8_f2f_nn
react_moa_mcts,measured,11,moa-map0,12,LinearOp,me,nvtx_operator_range,91163,5504496851,20029,20029,0,1,0,7980,20029,gemm,ampere_fp16_s1688gemm_fp16_128x64_sliced1x2_ldg8_f2f_nn
react_moa_mcts,measured,11,moa-map0,13,ViewOp,de,nvtx_operator_range,70320,5504594341,0,0,0,0,0,,,,
react_moa_mcts,measured,11,moa-map0,14,TransposeOp,de,nvtx_operator_range,118514,5504670533,12318,12318,0,1,0,9918,12318,copy,"void at::native::elementwise_kernel<(int)128, (int)4, void at::native::gpu_kerne"
react_moa_mcts,measured,11,moa-map1,6,RMSNormOp,ve,nvtx_operator_range,239596,5518651048,19484,19484,0,7,0,8817,126187,copy|elementwise_binary|elementwise_unary|reduce,"void at::native::unrolled_elementwise_kernel<at::native::direct_copy_kernel_cuda|void at::native::vectorized_elementwise_kernel<(int)4, void at::native::<unnamed|void at::native::reduce_kernel<(int)512, (int)1, at::native::ReduceOp<float, at:|void at::native::vectorized_elementwise_kernel<(int)4, at::native::CUDAFunctorOn|void at::native::vectorized_elementwise_kernel<(int)4, at::native::rsqrt_kernel_|void at::native::elementwise_kernel<(int)128, (int)2, void at::native::gpu_kerne|void at::native::vectorized_elementwise_kernel<(int)8, at::native::float16_copy_"
react_moa_mcts,measured,11,moa-map1,7,AddOp,ve,nvtx_operator_range,96532,5518899630,2112,2112,0,1,0,8566,2112,elementwise_binary,"void at::native::vectorized_elementwise_kernel<(int)8, at::native::CUDAFunctorOn"
react_moa_mcts,measured,11,moa-map1,8,RMSNormOp,ve,nvtx_operator_range,219734,5519003130,19197,19197,0,7,0,8752,112430,copy|elementwise_binary|elementwise_unary|reduce,"void at::native::unrolled_elementwise_kernel<at::native::direct_copy_kernel_cuda|void at::native::vectorized_elementwise_kernel<(int)4, void at::native::<unnamed|void at::native::reduce_kernel<(int)512, (int)1, at::native::ReduceOp<float, at:|void at::native::vectorized_elementwise_kernel<(int)4, at::native::CUDAFunctorOn|void at::native::vectorized_elementwise_kernel<(int)4, at::native::rsqrt_kernel_|void at::native::elementwise_kernel<(int)128, (int)2, void at::native::gpu_kerne|void at::native::vectorized_elementwise_kernel<(int)8, at::native::float16_copy_"
react_moa_mcts,measured,11,moa-map1,10,LinearOp,me,nvtx_operator_range,122045,5519230641,20285,20285,0,1,0,10180,20285,gemm,ampere_fp16_s1688gemm_fp16_128x64_sliced1x2_ldg8_f2f_nn
react_moa_mcts,measured,11,moa-map1,11,LinearOp,me,nvtx_operator_range,93900,5519359734,20189,20189,0,1,0,7987,20189,gemm,ampere_fp16_s1688gemm_fp16_128x64_sliced1x2_ldg8_f2f_nn
react_moa_mcts,measured,11,moa-map1,12,LinearOp,me,nvtx_operator_range,102107,5519459931,20156,20156,0,1,0,8291,20156,gemm,ampere_fp16_s1688gemm_fp16_128x64_sliced1x2_ldg8_f2f_nn
react_moa_mcts,measured,11,moa-map1,13,ViewOp,de,nvtx_operator_range,67223,5519568877,0,0,0,0,0,,,,
react_moa_mcts,measured,11,moa-map1,14,TransposeOp,de,nvtx_operator_range,111902,5519641678,12318,12318,0,1,0,9298,12318,copy,"void at::native::elementwise_kernel<(int)128, (int)4, void at::native::gpu_kerne"
react_moa_mcts,measured,11,moa-map2,6,RMSNormOp,ve,nvtx_operator_range,232696,5533603506,19229,19229,0,7,0,8505,119693,copy|elementwise_binary|elementwise_unary|reduce,"void at::native::unrolled_elementwise_kernel<at::native::direct_copy_kernel_cuda|void at::native::vectorized_elementwise_kernel<(int)4, void at::native::<unnamed|void at::native::reduce_kernel<(int)512, (int)1, at::native::ReduceOp<float, at:|void at::native::vectorized_elementwise_kernel<(int)4, at::native::CUDAFunctorOn|void at::native::vectorized_elementwise_kernel<(int)4, at::native::rsqrt_kernel_|void at::native::elementwise_kernel<(int)128, (int)2, void at::native::gpu_kerne|void at::native::vectorized_elementwise_kernel<(int)8, at::native::float16_copy_"
react_moa_mcts,measured,11,moa-map2,7,AddOp,ve,nvtx_operator_range,93594,5533844835,2080,2080,0,1,0,8122,2080,elementwise_binary,"void at::native::vectorized_elementwise_kernel<(int)8, at::native::CUDAFunctorOn"
react_moa_mcts,measured,11,moa-map2,8,RMSNormOp,ve,nvtx_operator_range,216533,5533945152,19070,19070,0,7,0,8339,117326,copy|elementwise_binary|elementwise_unary|reduce,"void at::native::unrolled_elementwise_kernel<at::native::direct_copy_kernel_cuda|void at::native::vectorized_elementwise_kernel<(int)4, void at::native::<unnamed|void at::native::reduce_kernel<(int)512, (int)1, at::native::ReduceOp<float, at:|void at::native::vectorized_elementwise_kernel<(int)4, at::native::CUDAFunctorOn|void at::native::vectorized_elementwise_kernel<(int)4, at::native::rsqrt_kernel_|void at::native::elementwise_kernel<(int)128, (int)2, void at::native::gpu_kerne|void at::native::vectorized_elementwise_kernel<(int)8, at::native::float16_copy_"
react_moa_mcts,measured,11,moa-map2,10,LinearOp,me,nvtx_operator_range,113612,5534169899,20157,20157,0,1,0,9594,20157,gemm,ampere_fp16_s1688gemm_fp16_128x64_sliced1x2_ldg8_f2f_nn
react_moa_mcts,measured,11,moa-map2,11,LinearOp,me,nvtx_operator_range,94040,5534290327,20060,20060,0,1,0,7994,20060,gemm,ampere_fp16_s1688gemm_fp16_128x64_sliced1x2_ldg8_f2f_nn
react_moa_mcts,measured,11,moa-map2,12,LinearOp,me,nvtx_operator_range,90183,5534390567,19965,19965,0,1,0,7564,19965,gemm,ampere_fp16_s1688gemm_fp16_128x64_sliced1x2_ldg8_f2f_nn
react_moa_mcts,measured,11,moa-map2,13,ViewOp,de,nvtx_operator_range,67142,5534487021,0,0,0,0,0,,,,
react_moa_mcts,measured,11,moa-map2,14,TransposeOp,de,nvtx_operator_range,108383,5534559647,12318,12318,0,1,0,9826,12318,copy,"void at::native::elementwise_kernel<(int)128, (int)4, void at::native::gpu_kerne"
react_moa_mcts,measured,11,mcts-root,6,RMSNormOp,ve,nvtx_operator_range,234771,5548429676,19323,19323,0,7,0,8542,117229,copy|elementwise_binary|elementwise_unary|reduce,"void at::native::unrolled_elementwise_kernel<at::native::direct_copy_kernel_cuda|void at::native::vectorized_elementwise_kernel<(int)4, void at::native::<unnamed|void at::native::reduce_kernel<(int)512, (int)1, at::native::ReduceOp<float, at:|void at::native::vectorized_elementwise_kernel<(int)4, at::native::CUDAFunctorOn|void at::native::vectorized_elementwise_kernel<(int)4, at::native::rsqrt_kernel_|void at::native::elementwise_kernel<(int)128, (int)2, void at::native::gpu_kerne|void at::native::vectorized_elementwise_kernel<(int)8, at::native::float16_copy_"
react_moa_mcts,measured,11,mcts-root,7,AddOp,ve,nvtx_operator_range,94673,5548673292,2080,2080,0,1,0,8391,2080,elementwise_binary,"void at::native::vectorized_elementwise_kernel<(int)8, at::native::CUDAFunctorOn"
react_moa_mcts,measured,11,mcts-root,8,RMSNormOp,ve,nvtx_operator_range,215517,5548774860,19100,19100,0,7,0,8457,116845,copy|elementwise_binary|elementwise_unary|reduce,"void at::native::unrolled_elementwise_kernel<at::native::direct_copy_kernel_cuda|void at::native::vectorized_elementwise_kernel<(int)4, void at::native::<unnamed|void at::native::reduce_kernel<(int)512, (int)1, at::native::ReduceOp<float, at:|void at::native::vectorized_elementwise_kernel<(int)4, at::native::CUDAFunctorOn|void at::native::vectorized_elementwise_kernel<(int)4, at::native::rsqrt_kernel_|void at::native::elementwise_kernel<(int)128, (int)2, void at::native::gpu_kerne|void at::native::vectorized_elementwise_kernel<(int)8, at::native::float16_copy_"
react_moa_mcts,measured,11,mcts-root,10,LinearOp,me,nvtx_operator_range,122547,5548998109,20189,20189,0,1,0,10054,20189,gemm,ampere_fp16_s1688gemm_fp16_128x64_sliced1x2_ldg8_f2f_nn
react_moa_mcts,measured,11,mcts-root,11,LinearOp,me,nvtx_operator_range,93568,5549127513,20093,20093,0,1,0,8222,20093,gemm,ampere_fp16_s1688gemm_fp16_128x64_sliced1x2_ldg8_f2f_nn
react_moa_mcts,measured,11,mcts-root,12,LinearOp,me,nvtx_operator_range,91071,5549227490,19965,19965,0,1,0,8049,19965,gemm,ampere_fp16_s1688gemm_fp16_128x64_sliced1x2_ldg8_f2f_nn
react_moa_mcts,measured,11,mcts-root,13,ViewOp,de,nvtx_operator_range,64600,5549324855,0,0,0,0,0,,,,
react_moa_mcts,measured,11,mcts-root,14,TransposeOp,de,nvtx_operator_range,109059,5549395036,12286,12286,0,1,0,9689,12286,copy,"void at::native::elementwise_kernel<(int)128, (int)4, void at::native::gpu_kerne"
react_moa_mcts,measured,11,mcts-actor0,6,RMSNormOp,ve,nvtx_operator_range,248347,5565392420,19294,19294,0,7,0,8993,129164,copy|elementwise_binary|elementwise_unary|reduce,"void at::native::unrolled_elementwise_kernel<at::native::direct_copy_kernel_cuda|void at::native::vectorized_elementwise_kernel<(int)4, void at::native::<unnamed|void at::native::reduce_kernel<(int)512, (int)1, at::native::ReduceOp<float, at:|void at::native::vectorized_elementwise_kernel<(int)4, at::native::CUDAFunctorOn|void at::native::vectorized_elementwise_kernel<(int)4, at::native::rsqrt_kernel_|void at::native::elementwise_kernel<(int)128, (int)2, void at::native::gpu_kerne|void at::native::vectorized_elementwise_kernel<(int)8, at::native::float16_copy_"
react_moa_mcts,measured,11,mcts-actor0,7,AddOp,ve,nvtx_operator_range,94699,5565649860,2112,2112,0,1,0,8524,2112,elementwise_binary,"void at::native::vectorized_elementwise_kernel<(int)8, at::native::CUDAFunctorOn"
react_moa_mcts,measured,11,mcts-actor0,8,RMSNormOp,ve,nvtx_operator_range,206300,5565751906,19070,19070,0,7,0,8114,108494,copy|elementwise_binary|elementwise_unary|reduce,"void at::native::unrolled_elementwise_kernel<at::native::direct_copy_kernel_cuda|void at::native::vectorized_elementwise_kernel<(int)4, void at::native::<unnamed|void at::native::reduce_kernel<(int)512, (int)1, at::native::ReduceOp<float, at:|void at::native::vectorized_elementwise_kernel<(int)4, at::native::CUDAFunctorOn|void at::native::vectorized_elementwise_kernel<(int)4, at::native::rsqrt_kernel_|void at::native::elementwise_kernel<(int)128, (int)2, void at::native::gpu_kerne|void at::native::vectorized_elementwise_kernel<(int)8, at::native::float16_copy_"
react_moa_mcts,measured,11,mcts-actor0,10,LinearOp,me,nvtx_operator_range,140160,5565965781,20093,20093,0,1,0,10951,20093,gemm,ampere_fp16_s1688gemm_fp16_128x64_sliced1x2_ldg8_f2f_nn
react_moa_mcts,measured,11,mcts-actor0,11,LinearOp,me,nvtx_operator_range,100929,5566119905,19965,19965,0,1,0,8866,19965,gemm,ampere_fp16_s1688gemm_fp16_128x64_sliced1x2_ldg8_f2f_nn
react_moa_mcts,measured,11,mcts-actor0,12,LinearOp,me,nvtx_operator_range,92165,5566227768,19997,19997,0,1,0,7791,19997,gemm,ampere_fp16_s1688gemm_fp16_128x64_sliced1x2_ldg8_f2f_nn
react_moa_mcts,measured,11,mcts-actor0,13,ViewOp,de,nvtx_operator_range,69028,5566326419,0,0,0,0,0,,,,
react_moa_mcts,measured,11,mcts-actor0,14,TransposeOp,de,nvtx_operator_range,122403,5566401768,12414,12414,0,1,0,9225,12414,copy,"void at::native::elementwise_kernel<(int)128, (int)4, void at::native::gpu_kerne"
react_moa_mcts,measured,11,mcts-actor1,6,RMSNormOp,ve,nvtx_operator_range,238480,5580413582,19391,19391,0,7,0,8597,122509,copy|elementwise_binary|elementwise_unary|reduce,"void at::native::unrolled_elementwise_kernel<at::native::direct_copy_kernel_cuda|void at::native::vectorized_elementwise_kernel<(int)4, void at::native::<unnamed|void at::native::reduce_kernel<(int)512, (int)1, at::native::ReduceOp<float, at:|void at::native::vectorized_elementwise_kernel<(int)4, at::native::CUDAFunctorOn|void at::native::vectorized_elementwise_kernel<(int)4, at::native::rsqrt_kernel_|void at::native::elementwise_kernel<(int)128, (int)2, void at::native::gpu_kerne|void at::native::vectorized_elementwise_kernel<(int)8, at::native::float16_copy_"
react_moa_mcts,measured,11,mcts-actor1,7,AddOp,ve,nvtx_operator_range,94959,5580661254,1919,1919,0,1,0,8487,1919,elementwise_binary,"void at::native::vectorized_elementwise_kernel<(int)8, at::native::CUDAFunctorOn"
react_moa_mcts,measured,11,mcts-actor1,8,RMSNormOp,ve,nvtx_operator_range,207277,5580763074,19230,19230,0,7,0,8727,109646,copy|elementwise_binary|elementwise_unary|reduce,"void at::native::unrolled_elementwise_kernel<at::native::direct_copy_kernel_cuda|void at::native::vectorized_elementwise_kernel<(int)4, void at::native::<unnamed|void at::native::reduce_kernel<(int)512, (int)1, at::native::ReduceOp<float, at:|void at::native::vectorized_elementwise_kernel<(int)4, at::native::CUDAFunctorOn|void at::native::vectorized_elementwise_kernel<(int)4, at::native::rsqrt_kernel_|void at::native::elementwise_kernel<(int)128, (int)2, void at::native::gpu_kerne|void at::native::vectorized_elementwise_kernel<(int)8, at::native::float16_copy_"
react_moa_mcts,measured,11,mcts-actor1,10,LinearOp,me,nvtx_operator_range,130343,5580978211,20157,20157,0,1,0,10664,20157,gemm,ampere_fp16_s1688gemm_fp16_128x64_sliced1x2_ldg8_f2f_nn
react_moa_mcts,measured,11,mcts-actor1,11,LinearOp,me,nvtx_operator_range,97536,5581115672,20028,20028,0,1,0,8374,20028,gemm,ampere_fp16_s1688gemm_fp16_128x64_sliced1x2_ldg8_f2f_nn
react_moa_mcts,measured,11,mcts-actor1,12,LinearOp,me,nvtx_operator_range,92362,5581220075,19965,19965,0,1,0,7883,19965,gemm,ampere_fp16_s1688gemm_fp16_128x64_sliced1x2_ldg8_f2f_nn
react_moa_mcts,measured,11,mcts-actor1,13,ViewOp,de,nvtx_operator_range,67407,5581319222,0,0,0,0,0,,,,
react_moa_mcts,measured,11,mcts-actor1,14,TransposeOp,de,nvtx_operator_range,113106,5581392432,12638,12638,0,1,0,9713,12638,copy,"void at::native::elementwise_kernel<(int)128, (int)4, void at::native::gpu_kerne"
react_moa_mcts,measured,11,moa-reduce,6,RMSNormOp,ve,nvtx_operator_range,240904,5595371388,19293,19293,0,7,0,8996,120621,copy|elementwise_binary|elementwise_unary|reduce,"void at::native::unrolled_elementwise_kernel<at::native::direct_copy_kernel_cuda|void at::native::vectorized_elementwise_kernel<(int)4, void at::native::<unnamed|void at::native::reduce_kernel<(int)512, (int)1, at::native::ReduceOp<float, at:|void at::native::vectorized_elementwise_kernel<(int)4, at::native::CUDAFunctorOn|void at::native::vectorized_elementwise_kernel<(int)4, at::native::rsqrt_kernel_|void at::native::elementwise_kernel<(int)128, (int)2, void at::native::gpu_kerne|void at::native::vectorized_elementwise_kernel<(int)8, at::native::float16_copy_"
react_moa_mcts,measured,11,moa-reduce,7,AddOp,ve,nvtx_operator_range,94706,5595621278,1984,1984,0,1,0,8374,1984,elementwise_binary,"void at::native::vectorized_elementwise_kernel<(int)8, at::native::CUDAFunctorOn"
react_moa_mcts,measured,11,moa-reduce,8,RMSNormOp,ve,nvtx_operator_range,207589,5595723209,19102,19102,0,7,0,8696,109422,copy|elementwise_binary|elementwise_unary|reduce,"void at::native::unrolled_elementwise_kernel<at::native::direct_copy_kernel_cuda|void at::native::vectorized_elementwise_kernel<(int)4, void at::native::<unnamed|void at::native::reduce_kernel<(int)512, (int)1, at::native::ReduceOp<float, at:|void at::native::vectorized_elementwise_kernel<(int)4, at::native::CUDAFunctorOn|void at::native::vectorized_elementwise_kernel<(int)4, at::native::rsqrt_kernel_|void at::native::elementwise_kernel<(int)128, (int)2, void at::native::gpu_kerne|void at::native::vectorized_elementwise_kernel<(int)8, at::native::float16_copy_"
react_moa_mcts,measured,11,moa-reduce,10,LinearOp,me,nvtx_operator_range,133697,5595939051,20156,20156,0,1,0,10176,20156,gemm,ampere_fp16_s1688gemm_fp16_128x64_sliced1x2_ldg8_f2f_nn
react_moa_mcts,measured,11,moa-reduce,11,LinearOp,me,nvtx_operator_range,101437,5596080567,20093,20093,0,1,0,8824,20093,gemm,ampere_fp16_s1688gemm_fp16_128x64_sliced1x2_ldg8_f2f_nn
react_moa_mcts,measured,11,moa-reduce,12,LinearOp,me,nvtx_operator_range,93516,5596188954,20029,20029,0,1,0,8019,20029,gemm,ampere_fp16_s1688gemm_fp16_128x64_sliced1x2_ldg8_f2f_nn
react_moa_mcts,measured,11,moa-reduce,13,ViewOp,de,nvtx_operator_range,68042,5596289462,0,0,0,0,0,,,,
react_moa_mcts,measured,11,moa-reduce,14,TransposeOp,de,nvtx_operator_range,112171,5596363347,12254,12254,0,1,0,9832,12254,copy,"void at::native::elementwise_kernel<(int)128, (int)4, void at::native::gpu_kerne"
react_moa_mcts,measured,11,react-answer,6,RMSNormOp,ve,nvtx_operator_range,235446,5608762321,17694,17694,0,7,0,8780,119629,copy|elementwise_binary|elementwise_unary|reduce,"void at::native::unrolled_elementwise_kernel<at::native::direct_copy_kernel_cuda|void at::native::vectorized_elementwise_kernel<(int)4, void at::native::<unnamed|void at::native::reduce_kernel<(int)512, (int)1, at::native::ReduceOp<float, at:|void at::native::vectorized_elementwise_kernel<(int)4, at::native::CUDAFunctorOn|void at::native::vectorized_elementwise_kernel<(int)4, at::native::rsqrt_kernel_|void at::native::elementwise_kernel<(int)128, (int)2, void at::native::gpu_kerne|void at::native::vectorized_elementwise_kernel<(int)8, at::native::float16_copy_"
react_moa_mcts,measured,11,react-answer,7,AddOp,ve,nvtx_operator_range,105193,5609006683,1664,1664,0,1,0,8927,1664,elementwise_binary,"void at::native::vectorized_elementwise_kernel<(int)8, at::native::CUDAFunctorOn"
react_moa_mcts,measured,11,react-answer,8,RMSNormOp,ve,nvtx_operator_range,212311,5609119655,17439,17439,0,7,0,8712,111055,copy|elementwise_binary|elementwise_unary|reduce,"void at::native::unrolled_elementwise_kernel<at::native::direct_copy_kernel_cuda|void at::native::vectorized_elementwise_kernel<(int)4, void at::native::<unnamed|void at::native::reduce_kernel<(int)512, (int)1, at::native::ReduceOp<float, at:|void at::native::vectorized_elementwise_kernel<(int)4, at::native::CUDAFunctorOn|void at::native::vectorized_elementwise_kernel<(int)4, at::native::rsqrt_kernel_|void at::native::elementwise_kernel<(int)128, (int)2, void at::native::gpu_kerne|void at::native::vectorized_elementwise_kernel<(int)8, at::native::float16_copy_"
react_moa_mcts,measured,11,react-answer,10,LinearOp,me,nvtx_operator_range,116443,5609340029,14590,14590,0,1,0,10220,14590,gemm,ampere_fp16_s16816gemm_fp16_128x64_ldg8_f2f_stages_32x6_nn
react_moa_mcts,measured,11,react-answer,11,LinearOp,me,nvtx_operator_range,97036,5609463637,14558,14558,0,1,0,8605,14558,gemm,ampere_fp16_s16816gemm_fp16_128x64_ldg8_f2f_stages_32x6_nn
react_moa_mcts,measured,11,react-answer,12,LinearOp,me,nvtx_operator_range,92528,5609567234,14526,14526,0,1,0,8008,14526,gemm,ampere_fp16_s16816gemm_fp16_128x64_ldg8_f2f_stages_32x6_nn
react_moa_mcts,measured,11,react-answer,13,ViewOp,de,nvtx_operator_range,65353,5609666822,0,0,0,0,0,,,,
react_moa_mcts,measured,11,react-answer,14,TransposeOp,de,nvtx_operator_range,110313,5609737782,12062,12062,0,1,0,9588,12062,copy,"void at::native::elementwise_kernel<(int)128, (int)4, void at::native::gpu_kerne"
react_moa_mcts,measured,11,mcts-critic,6,RMSNormOp,ve,nvtx_operator_range,242698,5623694244,19452,19452,0,7,0,8746,124940,copy|elementwise_binary|elementwise_unary|reduce,"void at::native::unrolled_elementwise_kernel<at::native::direct_copy_kernel_cuda|void at::native::vectorized_elementwise_kernel<(int)4, void at::native::<unnamed|void at::native::reduce_kernel<(int)512, (int)1, at::native::ReduceOp<float, at:|void at::native::vectorized_elementwise_kernel<(int)4, at::native::CUDAFunctorOn|void at::native::vectorized_elementwise_kernel<(int)4, at::native::rsqrt_kernel_|void at::native::elementwise_kernel<(int)128, (int)2, void at::native::gpu_kerne|void at::native::vectorized_elementwise_kernel<(int)8, at::native::float16_copy_"
react_moa_mcts,measured,11,mcts-critic,7,AddOp,ve,nvtx_operator_range,108218,5623946458,2048,2048,0,1,0,8517,2048,elementwise_binary,"void at::native::vectorized_elementwise_kernel<(int)8, at::native::CUDAFunctorOn"
react_moa_mcts,measured,11,mcts-critic,8,RMSNormOp,ve,nvtx_operator_range,217243,5624062082,19069,19069,0,7,0,8900,115342,copy|elementwise_binary|elementwise_unary|reduce,"void at::native::unrolled_elementwise_kernel<at::native::direct_copy_kernel_cuda|void at::native::vectorized_elementwise_kernel<(int)4, void at::native::<unnamed|void at::native::reduce_kernel<(int)512, (int)1, at::native::ReduceOp<float, at:|void at::native::vectorized_elementwise_kernel<(int)4, at::native::CUDAFunctorOn|void at::native::vectorized_elementwise_kernel<(int)4, at::native::rsqrt_kernel_|void at::native::elementwise_kernel<(int)128, (int)2, void at::native::gpu_kerne|void at::native::vectorized_elementwise_kernel<(int)8, at::native::float16_copy_"
react_moa_mcts,measured,11,mcts-critic,10,LinearOp,me,nvtx_operator_range,118424,5624286871,20125,20125,0,1,0,9723,20125,gemm,ampere_fp16_s1688gemm_fp16_128x64_sliced1x2_ldg8_f2f_nn
react_moa_mcts,measured,11,mcts-critic,11,LinearOp,me,nvtx_operator_range,98378,5624412568,20220,20220,0,1,0,9170,20220,gemm,ampere_fp16_s1688gemm_fp16_128x64_sliced1x2_ldg8_f2f_nn
react_moa_mcts,measured,11,mcts-critic,12,LinearOp,me,nvtx_operator_range,92683,5624517408,19933,19933,0,1,0,7961,19933,gemm,ampere_fp16_s1688gemm_fp16_128x64_sliced1x2_ldg8_f2f_nn
react_moa_mcts,measured,11,mcts-critic,13,ViewOp,de,nvtx_operator_range,66961,5624616353,0,0,0,0,0,,,,
react_moa_mcts,measured,11,mcts-critic,14,TransposeOp,de,nvtx_operator_range,110865,5624688862,12254,12254,0,1,0,9902,12254,copy,"void at::native::elementwise_kernel<(int)128, (int)4, void at::native::gpu_kerne"
react_moa_mcts,measured,12,react-plan,,call_overhead,,gap_before_operator,,,64502,4991,59511,2,1,12583,181891,elementwise_binary|memcpy|rng_init,"memcpy_Host-to-Device|void at::native::<unnamed>::distribution_elementwise_grid_stride_kernel<float, (|void at::native::vectorized_elementwise_kernel<(int)8, at::native::BUnaryFunctor"
react_moa_mcts,measured,12,moa-map0,,call_overhead,,gap_before_operator,,,169957,6975,162982,2,2,11380,14115719,elementwise_binary|memcpy|rng_init,"memcpy_Device-to-Host|memcpy_Host-to-Device|void at::native::<unnamed>::distribution_elementwise_grid_stride_kernel<float, (|void at::native::vectorized_elementwise_kernel<(int)8, at::native::BUnaryFunctor"
react_moa_mcts,measured,12,moa-map1,,call_overhead,,gap_before_operator,,,220219,7038,213181,2,2,12079,13902760,elementwise_binary|memcpy|rng_init,"memcpy_Device-to-Host|memcpy_Host-to-Device|void at::native::<unnamed>::distribution_elementwise_grid_stride_kernel<float, (|void at::native::vectorized_elementwise_kernel<(int)8, at::native::BUnaryFunctor"
react_moa_mcts,measured,12,moa-map2,,call_overhead,,gap_before_operator,,,247320,7102,240218,2,2,12387,13983900,elementwise_binary|memcpy|rng_init,"memcpy_Device-to-Host|memcpy_Host-to-Device|void at::native::<unnamed>::distribution_elementwise_grid_stride_kernel<float, (|void at::native::vectorized_elementwise_kernel<(int)8, at::native::BUnaryFunctor"
react_moa_mcts,measured,12,mcts-root,,call_overhead,,gap_before_operator,,,274709,7135,267574,2,2,12945,14114887,elementwise_binary|memcpy|rng_init,"memcpy_Device-to-Host|memcpy_Host-to-Device|void at::native::<unnamed>::distribution_elementwise_grid_stride_kernel<float, (|void at::native::vectorized_elementwise_kernel<(int)8, at::native::BUnaryFunctor"
react_moa_mcts,measured,12,mcts-actor0,,call_overhead,,gap_before_operator,,,304240,7039,297201,2,2,14631,16228180,elementwise_binary|memcpy|rng_init,"memcpy_Device-to-Host|memcpy_Host-to-Device|void at::native::<unnamed>::distribution_elementwise_grid_stride_kernel<float, (|void at::native::vectorized_elementwise_kernel<(int)8, at::native::BUnaryFunctor"
react_moa_mcts,measured,12,mcts-actor1,,call_overhead,,gap_before_operator,,,318317,7039,311278,2,2,15270,14043187,elementwise_binary|memcpy|rng_init,"memcpy_Device-to-Host|memcpy_Host-to-Device|void at::native::<unnamed>::distribution_elementwise_grid_stride_kernel<float, (|void at::native::vectorized_elementwise_kernel<(int)8, at::native::BUnaryFunctor"
react_moa_mcts,measured,12,moa-reduce,,call_overhead,,gap_before_operator,,,321388,7071,314317,2,2,14829,14197914,elementwise_binary|memcpy|rng_init,"memcpy_Device-to-Host|memcpy_Host-to-Device|void at::native::<unnamed>::distribution_elementwise_grid_stride_kernel<float, (|void at::native::vectorized_elementwise_kernel<(int)8, at::native::BUnaryFunctor"
react_moa_mcts,measured,12,react-answer,,call_overhead,,gap_before_operator,,,286740,6688,280052,2,2,15500,12188604,elementwise_binary|memcpy|rng_init,"memcpy_Device-to-Host|memcpy_Host-to-Device|void at::native::<unnamed>::distribution_elementwise_grid_stride_kernel<float, (|void at::native::vectorized_elementwise_kernel<(int)8, at::native::BUnaryFunctor"
react_moa_mcts,measured,12,mcts-critic,,call_overhead,,gap_before_operator,,,447191,7102,440089,2,3,15522,16212022,elementwise_binary|memcpy|rng_init,"memcpy_Device-to-Host|memcpy_Host-to-Device|void at::native::<unnamed>::distribution_elementwise_grid_stride_kernel<float, (|void at::native::vectorized_elementwise_kernel<(int)8, at::native::BUnaryFunctor"
react_moa_mcts,measured,12,react-plan,6,RMSNormOp,ve,nvtx_operator_range,266361,5634891244,15934,15934,0,7,0,8852,135658,copy|elementwise_binary|elementwise_unary|reduce,"void at::native::unrolled_elementwise_kernel<at::native::direct_copy_kernel_cuda|void at::native::vectorized_elementwise_kernel<(int)4, void at::native::<unnamed|void at::native::reduce_kernel<(int)512, (int)1, at::native::ReduceOp<float, at:|void at::native::vectorized_elementwise_kernel<(int)4, at::native::CUDAFunctorOn|void at::native::vectorized_elementwise_kernel<(int)4, at::native::rsqrt_kernel_|void at::native::elementwise_kernel<(int)128, (int)2, void at::native::gpu_kerne|void at::native::vectorized_elementwise_kernel<(int)8, at::native::float16_copy_"
react_moa_mcts,measured,12,react-plan,7,AddOp,ve,nvtx_operator_range,96643,5635168058,1440,1440,0,1,0,8926,1440,elementwise_binary,"void at::native::vectorized_elementwise_kernel<(int)8, at::native::CUDAFunctorOn"
react_moa_mcts,measured,12,react-plan,8,RMSNormOp,ve,nvtx_operator_range,215795,5635272030,15518,15518,0,7,0,8599,115693,copy|elementwise_binary|elementwise_unary|reduce,"void at::native::unrolled_elementwise_kernel<at::native::direct_copy_kernel_cuda|void at::native::vectorized_elementwise_kernel<(int)4, void at::native::<unnamed|void at::native::reduce_kernel<(int)512, (int)1, at::native::ReduceOp<float, at:|void at::native::vectorized_elementwise_kernel<(int)4, at::native::CUDAFunctorOn|void at::native::vectorized_elementwise_kernel<(int)4, at::native::rsqrt_kernel_|void at::native::elementwise_kernel<(int)128, (int)2, void at::native::gpu_kerne|void at::native::vectorized_elementwise_kernel<(int)8, at::native::float16_copy_"
react_moa_mcts,measured,12,react-plan,10,LinearOp,me,nvtx_operator_range,165268,5635495932,12926,12478,448,1,1,17740,20669,gemm|memset,memset|void cutlass::Kernel2<cutlass_80_tensorop_f16_s16816gemm_relu_f16_64x64_32x6_nn_
react_moa_mcts,measured,12,react-plan,11,LinearOp,me,nvtx_operator_range,113203,5635669235,12670,12222,448,1,1,7220,19517,gemm|memset,memset|void cutlass::Kernel2<cutlass_80_tensorop_f16_s16816gemm_relu_f16_64x64_32x6_nn_
react_moa_mcts,measured,12,react-plan,12,LinearOp,me,nvtx_operator_range,108506,5635789871,12766,12350,416,1,1,6690,19548,gemm|memset,memset|void cutlass::Kernel2<cutlass_80_tensorop_f16_s16816gemm_relu_f16_64x64_32x6_nn_
react_moa_mcts,measured,12,react-plan,13,ViewOp,de,nvtx_operator_range,69502,5635905693,0,0,0,0,0,,,,
react_moa_mcts,measured,12,react-plan,14,TransposeOp,de,nvtx_operator_range,129466,5635981607,9310,9310,0,1,0,10947,9310,copy,"void at::native::elementwise_kernel<(int)128, (int)4, void at::native::gpu_kerne"
react_moa_mcts,measured,12,moa-map0,6,RMSNormOp,ve,nvtx_operator_range,261673,5650262817,19390,19390,0,7,0,9048,126635,copy|elementwise_binary|elementwise_unary|reduce,"void at::native::unrolled_elementwise_kernel<at::native::direct_copy_kernel_cuda|void at::native::vectorized_elementwise_kernel<(int)4, void at::native::<unnamed|void at::native::reduce_kernel<(int)512, (int)1, at::native::ReduceOp<float, at:|void at::native::vectorized_elementwise_kernel<(int)4, at::native::CUDAFunctorOn|void at::native::vectorized_elementwise_kernel<(int)4, at::native::rsqrt_kernel_|void at::native::elementwise_kernel<(int)128, (int)2, void at::native::gpu_kerne|void at::native::vectorized_elementwise_kernel<(int)8, at::native::float16_copy_"
react_moa_mcts,measured,12,moa-map0,7,AddOp,ve,nvtx_operator_range,97340,5650534899,2015,2015,0,1,0,8948,2015,elementwise_binary,"void at::native::vectorized_elementwise_kernel<(int)8, at::native::CUDAFunctorOn"
react_moa_mcts,measured,12,moa-map0,8,RMSNormOp,ve,nvtx_operator_range,213278,5650639150,19325,19325,0,7,0,9270,113230,copy|elementwise_binary|elementwise_unary|reduce,"void at::native::unrolled_elementwise_kernel<at::native::direct_copy_kernel_cuda|void at::native::vectorized_elementwise_kernel<(int)4, void at::native::<unnamed|void at::native::reduce_kernel<(int)512, (int)1, at::native::ReduceOp<float, at:|void at::native::vectorized_elementwise_kernel<(int)4, at::native::CUDAFunctorOn|void at::native::vectorized_elementwise_kernel<(int)4, at::native::rsqrt_kernel_|void at::native::elementwise_kernel<(int)128, (int)2, void at::native::gpu_kerne|void at::native::vectorized_elementwise_kernel<(int)8, at::native::float16_copy_"
react_moa_mcts,measured,12,moa-map0,10,LinearOp,me,nvtx_operator_range,121820,5650860087,20125,20125,0,1,0,10458,20125,gemm,ampere_fp16_s1688gemm_fp16_128x64_sliced1x2_ldg8_f2f_nn
react_moa_mcts,measured,12,moa-map0,11,LinearOp,me,nvtx_operator_range,111711,5650989143,20221,20221,0,1,0,8965,20221,gemm,ampere_fp16_s1688gemm_fp16_128x64_sliced1x2_ldg8_f2f_nn
react_moa_mcts,measured,12,moa-map0,12,LinearOp,me,nvtx_operator_range,94370,5651107767,19997,19997,0,1,0,8555,19997,gemm,ampere_fp16_s1688gemm_fp16_128x64_sliced1x2_ldg8_f2f_nn
react_moa_mcts,measured,12,moa-map0,13,ViewOp,de,nvtx_operator_range,68131,5651209035,0,0,0,0,0,,,,
react_moa_mcts,measured,12,moa-map0,14,TransposeOp,de,nvtx_operator_range,115663,5651282847,12350,12350,0,1,0,10484,12350,copy,"void at::native::elementwise_kernel<(int)128, (int)4, void at::native::gpu_kerne"
react_moa_mcts,measured,12,moa-map1,6,RMSNormOp,ve,nvtx_operator_range,247404,5665370461,19390,19390,0,7,0,8704,128683,copy|elementwise_binary|elementwise_unary|reduce,"void at::native::unrolled_elementwise_kernel<at::native::direct_copy_kernel_cuda|void at::native::vectorized_elementwise_kernel<(int)4, void at::native::<unnamed|void at::native::reduce_kernel<(int)512, (int)1, at::native::ReduceOp<float, at:|void at::native::vectorized_elementwise_kernel<(int)4, at::native::CUDAFunctorOn|void at::native::vectorized_elementwise_kernel<(int)4, at::native::rsqrt_kernel_|void at::native::elementwise_kernel<(int)128, (int)2, void at::native::gpu_kerne|void at::native::vectorized_elementwise_kernel<(int)8, at::native::float16_copy_"
react_moa_mcts,measured,12,moa-map1,7,AddOp,ve,nvtx_operator_range,104441,5665635065,2080,2080,0,1,0,9241,2080,elementwise_binary,"void at::native::vectorized_elementwise_kernel<(int)8, at::native::CUDAFunctorOn"
react_moa_mcts,measured,12,moa-map1,8,RMSNormOp,ve,nvtx_operator_range,221471,5665746617,19037,19037,0,7,0,9229,117741,copy|elementwise_binary|elementwise_unary|reduce,"void at::native::unrolled_elementwise_kernel<at::native::direct_copy_kernel_cuda|void at::native::vectorized_elementwise_kernel<(int)4, void at::native::<unnamed|void at::native::reduce_kernel<(int)512, (int)1, at::native::ReduceOp<float, at:|void at::native::vectorized_elementwise_kernel<(int)4, at::native::CUDAFunctorOn|void at::native::vectorized_elementwise_kernel<(int)4, at::native::rsqrt_kernel_|void at::native::elementwise_kernel<(int)128, (int)2, void at::native::gpu_kerne|void at::native::vectorized_elementwise_kernel<(int)8, at::native::float16_copy_"
react_moa_mcts,measured,12,moa-map1,10,LinearOp,me,nvtx_operator_range,134937,5665975951,20188,20188,0,1,0,10746,20188,gemm,ampere_fp16_s1688gemm_fp16_128x64_sliced1x2_ldg8_f2f_nn
react_moa_mcts,measured,12,moa-map1,11,LinearOp,me,nvtx_operator_range,99665,5666118681,20125,20125,0,1,0,9130,20125,gemm,ampere_fp16_s1688gemm_fp16_128x64_sliced1x2_ldg8_f2f_nn
react_moa_mcts,measured,12,moa-map1,12,LinearOp,me,nvtx_operator_range,91624,5666224921,20157,20157,0,1,0,8291,20157,gemm,ampere_fp16_s1688gemm_fp16_128x64_sliced1x2_ldg8_f2f_nn
react_moa_mcts,measured,12,moa-map1,13,ViewOp,de,nvtx_operator_range,69096,5666323035,0,0,0,0,0,,,,
react_moa_mcts,measured,12,moa-map1,14,TransposeOp,de,nvtx_operator_range,116884,5666398163,12318,12318,0,1,0,10114,12318,copy,"void at::native::elementwise_kernel<(int)128, (int)4, void at::native::gpu_kerne"
react_moa_mcts,measured,12,moa-map2,6,RMSNormOp,ve,nvtx_operator_range,256427,5680570414,29978,29978,0,7,0,8928,131115,copy|elementwise_binary|elementwise_unary|reduce,"void at::native::unrolled_elementwise_kernel<at::native::direct_copy_kernel_cuda|void at::native::vectorized_elementwise_kernel<(int)4, void at::native::<unnamed|void at::native::reduce_kernel<(int)512, (int)1, at::native::ReduceOp<float, at:|void at::native::vectorized_elementwise_kernel<(int)4, at::native::CUDAFunctorOn|void at::native::vectorized_elementwise_kernel<(int)4, at::native::rsqrt_kernel_|void at::native::elementwise_kernel<(int)128, (int)2, void at::native::gpu_kerne|void at::native::vectorized_elementwise_kernel<(int)8, at::native::float16_copy_"
react_moa_mcts,measured,12,moa-map2,7,AddOp,ve,nvtx_operator_range,100444,5680837045,2112,2112,0,1,0,9087,2112,elementwise_binary,"void at::native::vectorized_elementwise_kernel<(int)8, at::native::CUDAFunctorOn"
react_moa_mcts,measured,12,moa-map2,8,RMSNormOp,ve,nvtx_operator_range,242522,5680944892,19103,19103,0,7,0,8824,134923,copy|elementwise_binary|elementwise_unary|reduce,"void at::native::unrolled_elementwise_kernel<at::native::direct_copy_kernel_cuda|void at::native::vectorized_elementwise_kernel<(int)4, void at::native::<unnamed|void at::native::reduce_kernel<(int)512, (int)1, at::native::ReduceOp<float, at:|void at::native::vectorized_elementwise_kernel<(int)4, at::native::CUDAFunctorOn|void at::native::vectorized_elementwise_kernel<(int)4, at::native::rsqrt_kernel_|void at::native::elementwise_kernel<(int)128, (int)2, void at::native::gpu_kerne|void at::native::vectorized_elementwise_kernel<(int)8, at::native::float16_copy_"
react_moa_mcts,measured,12,moa-map2,10,LinearOp,me,nvtx_operator_range,126627,5681205200,20092,20092,0,1,0,11143,20092,gemm,ampere_fp16_s1688gemm_fp16_128x64_sliced1x2_ldg8_f2f_nn
react_moa_mcts,measured,12,moa-map2,11,LinearOp,me,nvtx_operator_range,98844,5681339734,20061,20061,0,1,0,8674,20061,gemm,ampere_fp16_s1688gemm_fp16_128x64_sliced1x2_ldg8_f2f_nn
react_moa_mcts,measured,12,moa-map2,12,LinearOp,me,nvtx_operator_range,94982,5681445493,19901,19901,0,1,0,8416,19901,gemm,ampere_fp16_s1688gemm_fp16_128x64_sliced1x2_ldg8_f2f_nn
react_moa_mcts,measured,12,moa-map2,13,ViewOp,de,nvtx_operator_range,69573,5681547324,0,0,0,0,0,,,,
react_moa_mcts,measured,12,moa-map2,14,TransposeOp,de,nvtx_operator_range,120262,5681622615,12382,12382,0,1,0,10504,12382,copy,"void at::native::elementwise_kernel<(int)128, (int)4, void at::native::gpu_kerne"
react_moa_mcts,measured,12,mcts-root,6,RMSNormOp,ve,nvtx_operator_range,313352,5695934120,19231,19231,0,7,0,9654,166534,copy|elementwise_binary|elementwise_unary|reduce,"void at::native::unrolled_elementwise_kernel<at::native::direct_copy_kernel_cuda|void at::native::vectorized_elementwise_kernel<(int)4, void at::native::<unnamed|void at::native::reduce_kernel<(int)512, (int)1, at::native::ReduceOp<float, at:|void at::native::vectorized_elementwise_kernel<(int)4, at::native::CUDAFunctorOn|void at::native::vectorized_elementwise_kernel<(int)4, at::native::rsqrt_kernel_|void at::native::elementwise_kernel<(int)128, (int)2, void at::native::gpu_kerne|void at::native::vectorized_elementwise_kernel<(int)8, at::native::float16_copy_"
react_moa_mcts,measured,12,mcts-root,7,AddOp,ve,nvtx_operator_range,103551,5696259219,2111,2111,0,1,0,9497,2111,elementwise_binary,"void at::native::vectorized_elementwise_kernel<(int)8, at::native::CUDAFunctorOn"
react_moa_mcts,measured,12,mcts-root,8,RMSNormOp,ve,nvtx_operator_range,227338,5696370605,19133,19133,0,7,0,8993,123212,copy|elementwise_binary|elementwise_unary|reduce,"void at::native::unrolled_elementwise_kernel<at::native::direct_copy_kernel_cuda|void at::native::vectorized_elementwise_kernel<(int)4, void at::native::<unnamed|void at::native::reduce_kernel<(int)512, (int)1, at::native::ReduceOp<float, at:|void at::native::vectorized_elementwise_kernel<(int)4, at::native::CUDAFunctorOn|void at::native::vectorized_elementwise_kernel<(int)4, at::native::rsqrt_kernel_|void at::native::elementwise_kernel<(int)128, (int)2, void at::native::gpu_kerne|void at::native::vectorized_elementwise_kernel<(int)8, at::native::float16_copy_"
react_moa_mcts,measured,12,mcts-root,10,LinearOp,me,nvtx_operator_range,135578,5696606214,20125,20125,0,1,0,11171,20125,gemm,ampere_fp16_s1688gemm_fp16_128x64_sliced1x2_ldg8_f2f_nn
react_moa_mcts,measured,12,mcts-root,11,LinearOp,me,nvtx_operator_range,99536,5696749051,20156,20156,0,1,0,9066,20156,gemm,ampere_fp16_s1688gemm_fp16_128x64_sliced1x2_ldg8_f2f_nn
react_moa_mcts,measured,12,mcts-root,12,LinearOp,me,nvtx_operator_range,94562,5696854949,20061,20061,0,1,0,8568,20061,gemm,ampere_fp16_s1688gemm_fp16_128x64_sliced1x2_ldg8_f2f_nn
react_moa_mcts,measured,12,mcts-root,13,ViewOp,de,nvtx_operator_range,70570,5696955858,0,0,0,0,0,,,,
react_moa_mcts,measured,12,mcts-root,14,TransposeOp,de,nvtx_operator_range,141710,5697045244,12254,12254,0,1,0,12995,12254,copy,"void at::native::elementwise_kernel<(int)128, (int)4, void at::native::gpu_kerne"
react_moa_mcts,measured,12,mcts-actor0,6,RMSNormOp,ve,nvtx_operator_range,281672,5713470930,19389,19389,0,7,0,9493,146760,copy|elementwise_binary|elementwise_unary|reduce,"void at::native::unrolled_elementwise_kernel<at::native::direct_copy_kernel_cuda|void at::native::vectorized_elementwise_kernel<(int)4, void at::native::<unnamed|void at::native::reduce_kernel<(int)512, (int)1, at::native::ReduceOp<float, at:|void at::native::vectorized_elementwise_kernel<(int)4, at::native::CUDAFunctorOn|void at::native::vectorized_elementwise_kernel<(int)4, at::native::rsqrt_kernel_|void at::native::elementwise_kernel<(int)128, (int)2, void at::native::gpu_kerne|void at::native::vectorized_elementwise_kernel<(int)8, at::native::float16_copy_"
react_moa_mcts,measured,12,mcts-actor0,7,AddOp,ve,nvtx_operator_range,102537,5713763515,2048,2048,0,1,0,9451,2048,elementwise_binary,"void at::native::vectorized_elementwise_kernel<(int)8, at::native::CUDAFunctorOn"
react_moa_mcts,measured,12,mcts-actor0,8,RMSNormOp,ve,nvtx_operator_range,265740,5713874373,19326,19326,0,7,0,9182,151112,copy|elementwise_binary|elementwise_unary|reduce,"void at::native::unrolled_elementwise_kernel<at::native::direct_copy_kernel_cuda|void at::native::vectorized_elementwise_kernel<(int)4, void at::native::<unnamed|void at::native::reduce_kernel<(int)512, (int)1, at::native::ReduceOp<float, at:|void at::native::vectorized_elementwise_kernel<(int)4, at::native::CUDAFunctorOn|void at::native::vectorized_elementwise_kernel<(int)4, at::native::rsqrt_kernel_|void at::native::elementwise_kernel<(int)128, (int)2, void at::native::gpu_kerne|void at::native::vectorized_elementwise_kernel<(int)8, at::native::float16_copy_"
react_moa_mcts,measured,12,mcts-actor0,10,LinearOp,me,nvtx_operator_range,145323,5714150392,20092,20092,0,1,0,11482,20092,gemm,ampere_fp16_s1688gemm_fp16_128x64_sliced1x2_ldg8_f2f_nn
react_moa_mcts,measured,12,mcts-actor0,11,LinearOp,me,nvtx_operator_range,104143,5714304399,20060,20060,0,1,0,9481,20060,gemm,ampere_fp16_s1688gemm_fp16_128x64_sliced1x2_ldg8_f2f_nn
react_moa_mcts,measured,12,mcts-actor0,12,LinearOp,me,nvtx_operator_range,94746,5714415686,20029,20029,0,1,0,8518,20029,gemm,ampere_fp16_s1688gemm_fp16_128x64_sliced1x2_ldg8_f2f_nn
react_moa_mcts,measured,12,mcts-actor0,13,ViewOp,de,nvtx_operator_range,72607,5714517839,0,0,0,0,0,,,,
react_moa_mcts,measured,12,mcts-actor0,14,TransposeOp,de,nvtx_operator_range,128554,5714596623,12254,12254,0,1,0,11463,12254,copy,"void at::native::elementwise_kernel<(int)128, (int)4, void at::native::gpu_kerne"
react_moa_mcts,measured,12,mcts-actor1,6,RMSNormOp,ve,nvtx_operator_range,290927,5728820386,19389,19389,0,7,0,9968,156071,copy|elementwise_binary|elementwise_unary|reduce,"void at::native::unrolled_elementwise_kernel<at::native::direct_copy_kernel_cuda|void at::native::vectorized_elementwise_kernel<(int)4, void at::native::<unnamed|void at::native::reduce_kernel<(int)512, (int)1, at::native::ReduceOp<float, at:|void at::native::vectorized_elementwise_kernel<(int)4, at::native::CUDAFunctorOn|void at::native::vectorized_elementwise_kernel<(int)4, at::native::rsqrt_kernel_|void at::native::elementwise_kernel<(int)128, (int)2, void at::native::gpu_kerne|void at::native::vectorized_elementwise_kernel<(int)8, at::native::float16_copy_"
react_moa_mcts,measured,12,mcts-actor1,7,AddOp,ve,nvtx_operator_range,103318,5729122921,2047,2047,0,1,0,9905,2047,elementwise_binary,"void at::native::vectorized_elementwise_kernel<(int)8, at::native::CUDAFunctorOn"
react_moa_mcts,measured,12,mcts-actor1,8,RMSNormOp,ve,nvtx_operator_range,233633,5729234291,18941,18941,0,7,0,9442,127564,copy|elementwise_binary|elementwise_unary|reduce,"void at::native::unrolled_elementwise_kernel<at::native::direct_copy_kernel_cuda|void at::native::vectorized_elementwise_kernel<(int)4, void at::native::<unnamed|void at::native::reduce_kernel<(int)512, (int)1, at::native::ReduceOp<float, at:|void at::native::vectorized_elementwise_kernel<(int)4, at::native::CUDAFunctorOn|void at::native::vectorized_elementwise_kernel<(int)4, at::native::rsqrt_kernel_|void at::native::elementwise_kernel<(int)128, (int)2, void at::native::gpu_kerne|void at::native::vectorized_elementwise_kernel<(int)8, at::native::float16_copy_"
react_moa_mcts,measured,12,mcts-actor1,10,LinearOp,me,nvtx_operator_range,133419,5729476511,20188,20188,0,1,0,11301,20188,gemm,ampere_fp16_s1688gemm_fp16_128x64_sliced1x2_ldg8_f2f_nn
react_moa_mcts,measured,12,mcts-actor1,11,LinearOp,me,nvtx_operator_range,100974,5729617840,20253,20253,0,1,0,9056,20253,gemm,ampere_fp16_s1688gemm_fp16_128x64_sliced1x2_ldg8_f2f_nn
react_moa_mcts,measured,12,mcts-actor1,12,LinearOp,me,nvtx_operator_range,95417,5729725703,19933,19933,0,1,0,8946,19933,gemm,ampere_fp16_s1688gemm_fp16_128x64_sliced1x2_ldg8_f2f_nn
react_moa_mcts,measured,12,mcts-actor1,13,ViewOp,de,nvtx_operator_range,71461,5729827899,0,0,0,0,0,,,,
react_moa_mcts,measured,12,mcts-actor1,14,TransposeOp,de,nvtx_operator_range,123984,5729905278,12606,12606,0,1,0,11609,12606,copy,"void at::native::elementwise_kernel<(int)128, (int)4, void at::native::gpu_kerne"
react_moa_mcts,measured,12,moa-reduce,6,RMSNormOp,ve,nvtx_operator_range,288379,5744319983,19196,19196,0,7,0,10806,142153,copy|elementwise_binary|elementwise_unary|reduce,"void at::native::unrolled_elementwise_kernel<at::native::direct_copy_kernel_cuda|void at::native::vectorized_elementwise_kernel<(int)4, void at::native::<unnamed|void at::native::reduce_kernel<(int)512, (int)1, at::native::ReduceOp<float, at:|void at::native::vectorized_elementwise_kernel<(int)4, at::native::CUDAFunctorOn|void at::native::vectorized_elementwise_kernel<(int)4, at::native::rsqrt_kernel_|void at::native::elementwise_kernel<(int)128, (int)2, void at::native::gpu_kerne|void at::native::vectorized_elementwise_kernel<(int)8, at::native::float16_copy_"
react_moa_mcts,measured,12,moa-reduce,7,AddOp,ve,nvtx_operator_range,104401,5744619329,2111,2111,0,1,0,9871,2111,elementwise_binary,"void at::native::vectorized_elementwise_kernel<(int)8, at::native::CUDAFunctorOn"
react_moa_mcts,measured,12,moa-reduce,8,RMSNormOp,ve,nvtx_operator_range,228751,5744731233,19101,19101,0,7,0,9305,125196,copy|elementwise_binary|elementwise_unary|reduce,"void at::native::unrolled_elementwise_kernel<at::native::direct_copy_kernel_cuda|void at::native::vectorized_elementwise_kernel<(int)4, void at::native::<unnamed|void at::native::reduce_kernel<(int)512, (int)1, at::native::ReduceOp<float, at:|void at::native::vectorized_elementwise_kernel<(int)4, at::native::CUDAFunctorOn|void at::native::vectorized_elementwise_kernel<(int)4, at::native::rsqrt_kernel_|void at::native::elementwise_kernel<(int)128, (int)2, void at::native::gpu_kerne|void at::native::vectorized_elementwise_kernel<(int)8, at::native::float16_copy_"
react_moa_mcts,measured,12,moa-reduce,10,LinearOp,me,nvtx_operator_range,162577,5744968109,20125,20125,0,1,0,14605,20125,gemm,ampere_fp16_s1688gemm_fp16_128x64_sliced1x2_ldg8_f2f_nn
react_moa_mcts,measured,12,moa-reduce,11,LinearOp,me,nvtx_operator_range,108298,5745138773,20124,20124,0,1,0,10176,20124,gemm,ampere_fp16_s1688gemm_fp16_128x64_sliced1x2_ldg8_f2f_nn
react_moa_mcts,measured,12,moa-reduce,12,LinearOp,me,nvtx_operator_range,95348,5745254324,19869,19869,0,1,0,9059,19869,gemm,ampere_fp16_s1688gemm_fp16_128x64_sliced1x2_ldg8_f2f_nn
react_moa_mcts,measured,12,moa-reduce,13,ViewOp,de,nvtx_operator_range,72365,5745356839,0,0,0,0,0,,,,
react_moa_mcts,measured,12,moa-reduce,14,TransposeOp,de,nvtx_operator_range,129250,5745435388,12702,12702,0,1,0,11615,12702,copy,"void at::native::elementwise_kernel<(int)128, (int)4, void at::native::gpu_kerne"
react_moa_mcts,measured,12,react-answer,6,RMSNormOp,ve,nvtx_operator_range,308185,5757812619,17948,17948,0,7,0,10057,168069,copy|elementwise_binary|elementwise_unary|reduce,"void at::native::unrolled_elementwise_kernel<at::native::direct_copy_kernel_cuda|void at::native::vectorized_elementwise_kernel<(int)4, void at::native::<unnamed|void at::native::reduce_kernel<(int)512, (int)1, at::native::ReduceOp<float, at:|void at::native::vectorized_elementwise_kernel<(int)4, at::native::CUDAFunctorOn|void at::native::vectorized_elementwise_kernel<(int)4, at::native::rsqrt_kernel_|void at::native::elementwise_kernel<(int)128, (int)2, void at::native::gpu_kerne|void at::native::vectorized_elementwise_kernel<(int)8, at::native::float16_copy_"
react_moa_mcts,measured,12,react-answer,7,AddOp,ve,nvtx_operator_range,103397,5758133063,1696,1696,0,1,0,9833,1696,elementwise_binary,"void at::native::vectorized_elementwise_kernel<(int)8, at::native::CUDAFunctorOn"
react_moa_mcts,measured,12,react-answer,8,RMSNormOp,ve,nvtx_operator_range,231940,5758245290,17278,17278,0,7,0,9739,124396,copy|elementwise_binary|elementwise_unary|reduce,"void at::native::unrolled_elementwise_kernel<at::native::direct_copy_kernel_cuda|void at::native::vectorized_elementwise_kernel<(int)4, void at::native::<unnamed|void at::native::reduce_kernel<(int)512, (int)1, at::native::ReduceOp<float, at:|void at::native::vectorized_elementwise_kernel<(int)4, at::native::CUDAFunctorOn|void at::native::vectorized_elementwise_kernel<(int)4, at::native::rsqrt_kernel_|void at::native::elementwise_kernel<(int)128, (int)2, void at::native::gpu_kerne|void at::native::vectorized_elementwise_kernel<(int)8, at::native::float16_copy_"
react_moa_mcts,measured,12,react-answer,10,LinearOp,me,nvtx_operator_range,145058,5758485979,14622,14622,0,1,0,13070,14622,gemm,ampere_fp16_s16816gemm_fp16_128x64_ldg8_f2f_stages_32x6_nn
react_moa_mcts,measured,12,react-answer,11,LinearOp,me,nvtx_operator_range,100622,5758639175,14590,14590,0,1,0,9162,14590,gemm,ampere_fp16_s16816gemm_fp16_128x64_ldg8_f2f_stages_32x6_nn
react_moa_mcts,measured,12,react-answer,12,LinearOp,me,nvtx_operator_range,94755,5758747068,14525,14525,0,1,0,8720,14525,gemm,ampere_fp16_s16816gemm_fp16_128x64_ldg8_f2f_stages_32x6_nn
react_moa_mcts,measured,12,react-answer,13,ViewOp,de,nvtx_operator_range,72805,5758848510,0,0,0,0,0,,,,
react_moa_mcts,measured,12,react-answer,14,TransposeOp,de,nvtx_operator_range,159432,5758927452,12222,12222,0,1,0,13080,12222,copy,"void at::native::elementwise_kernel<(int)128, (int)4, void at::native::gpu_kerne"
react_moa_mcts,measured,12,mcts-critic,6,RMSNormOp,ve,nvtx_operator_range,305267,5773859269,19070,19070,0,7,0,10667,166661,copy|elementwise_binary|elementwise_unary|reduce,"void at::native::unrolled_elementwise_kernel<at::native::direct_copy_kernel_cuda|void at::native::vectorized_elementwise_kernel<(int)4, void at::native::<unnamed|void at::native::reduce_kernel<(int)512, (int)1, at::native::ReduceOp<float, at:|void at::native::vectorized_elementwise_kernel<(int)4, at::native::CUDAFunctorOn|void at::native::vectorized_elementwise_kernel<(int)4, at::native::rsqrt_kernel_|void at::native::elementwise_kernel<(int)128, (int)2, void at::native::gpu_kerne|void at::native::vectorized_elementwise_kernel<(int)8, at::native::float16_copy_"
react_moa_mcts,measured,12,mcts-critic,7,AddOp,ve,nvtx_operator_range,105358,5774177408,2112,2112,0,1,0,10395,2112,elementwise_binary,"void at::native::vectorized_elementwise_kernel<(int)8, at::native::CUDAFunctorOn"
react_moa_mcts,measured,12,mcts-critic,8,RMSNormOp,ve,nvtx_operator_range,230934,5774290612,19103,19103,0,7,0,9346,124556,copy|elementwise_binary|elementwise_unary|reduce,"void at::native::unrolled_elementwise_kernel<at::native::direct_copy_kernel_cuda|void at::native::vectorized_elementwise_kernel<(int)4, void at::native::<unnamed|void at::native::reduce_kernel<(int)512, (int)1, at::native::ReduceOp<float, at:|void at::native::vectorized_elementwise_kernel<(int)4, at::native::CUDAFunctorOn|void at::native::vectorized_elementwise_kernel<(int)4, at::native::rsqrt_kernel_|void at::native::elementwise_kernel<(int)128, (int)2, void at::native::gpu_kerne|void at::native::vectorized_elementwise_kernel<(int)8, at::native::float16_copy_"
react_moa_mcts,measured,12,mcts-critic,10,LinearOp,me,nvtx_operator_range,145160,5774530448,20221,20221,0,1,0,13479,20221,gemm,ampere_fp16_s1688gemm_fp16_128x64_sliced1x2_ldg8_f2f_nn
react_moa_mcts,measured,12,mcts-critic,11,LinearOp,me,nvtx_operator_range,112607,5774683377,20189,20189,0,1,0,9203,20189,gemm,ampere_fp16_s1688gemm_fp16_128x64_sliced1x2_ldg8_f2f_nn
react_moa_mcts,measured,12,mcts-critic,12,LinearOp,me,nvtx_operator_range,98139,5774803309,20093,20093,0,1,0,9533,20093,gemm,ampere_fp16_s1688gemm_fp16_128x64_sliced1x2_ldg8_f2f_nn
react_moa_mcts,measured,12,mcts-critic,13,ViewOp,de,nvtx_operator_range,73985,5774908533,0,0,0,0,0,,,,
react_moa_mcts,measured,12,mcts-critic,14,TransposeOp,de,nvtx_operator_range,148554,5774989021,12318,12318,0,1,0,13293,12318,copy,"void at::native::elementwise_kernel<(int)128, (int)4, void at::native::gpu_kerne"
react_moa_mcts,measured,13,react-plan,,call_overhead,,gap_before_operator,,,87602,5055,82547,2,1,16882,258038,elementwise_binary|memcpy|rng_init,"memcpy_Host-to-Device|void at::native::<unnamed>::distribution_elementwise_grid_stride_kernel<float, (|void at::native::vectorized_elementwise_kernel<(int)8, at::native::BUnaryFunctor"
react_moa_mcts,measured,13,moa-map0,,call_overhead,,gap_before_operator,,,248951,6974,241977,2,2,15855,14127268,elementwise_binary|memcpy|rng_init,"memcpy_Device-to-Host|memcpy_Host-to-Device|void at::native::<unnamed>::distribution_elementwise_grid_stride_kernel<float, (|void at::native::vectorized_elementwise_kernel<(int)8, at::native::BUnaryFunctor"
react_moa_mcts,measured,13,moa-map1,,call_overhead,,gap_before_operator,,,316622,7039,309583,2,2,15426,14190267,elementwise_binary|memcpy|rng_init,"memcpy_Device-to-Host|memcpy_Host-to-Device|void at::native::<unnamed>::distribution_elementwise_grid_stride_kernel<float, (|void at::native::vectorized_elementwise_kernel<(int)8, at::native::BUnaryFunctor"
react_moa_mcts,measured,13,moa-map2,,call_overhead,,gap_before_operator,,,320813,7039,313774,2,2,14720,14191866,elementwise_binary|memcpy|rng_init,"memcpy_Device-to-Host|memcpy_Host-to-Device|void at::native::<unnamed>::distribution_elementwise_grid_stride_kernel<float, (|void at::native::vectorized_elementwise_kernel<(int)8, at::native::BUnaryFunctor"
react_moa_mcts,measured,13,mcts-root,,call_overhead,,gap_before_operator,,,339018,7039,331979,2,2,18383,14338883,elementwise_binary|memcpy|rng_init,"memcpy_Device-to-Host|memcpy_Host-to-Device|void at::native::<unnamed>::distribution_elementwise_grid_stride_kernel<float, (|void at::native::vectorized_elementwise_kernel<(int)8, at::native::BUnaryFunctor"
react_moa_mcts,measured,13,mcts-actor0,,call_overhead,,gap_before_operator,,,325069,7072,317997,2,2,14586,16265966,elementwise_binary|memcpy|rng_init,"memcpy_Device-to-Host|memcpy_Host-to-Device|void at::native::<unnamed>::distribution_elementwise_grid_stride_kernel<float, (|void at::native::vectorized_elementwise_kernel<(int)8, at::native::BUnaryFunctor"
react_moa_mcts,measured,13,mcts-actor1,,call_overhead,,gap_before_operator,,,326156,7071,319085,2,2,14709,14198810,elementwise_binary|memcpy|rng_init,"memcpy_Device-to-Host|memcpy_Host-to-Device|void at::native::<unnamed>::distribution_elementwise_grid_stride_kernel<float, (|void at::native::vectorized_elementwise_kernel<(int)8, at::native::BUnaryFunctor"
react_moa_mcts,measured,13,moa-reduce,,call_overhead,,gap_before_operator,,,323915,7070,316845,2,2,14521,14257936,elementwise_binary|memcpy|rng_init,"memcpy_Device-to-Host|memcpy_Host-to-Device|void at::native::<unnamed>::distribution_elementwise_grid_stride_kernel<float, (|void at::native::vectorized_elementwise_kernel<(int)8, at::native::BUnaryFunctor"
react_moa_mcts,measured,13,react-answer,,call_overhead,,gap_before_operator,,,282354,6687,275667,2,2,14695,12100202,elementwise_binary|memcpy|rng_init,"memcpy_Device-to-Host|memcpy_Host-to-Device|void at::native::<unnamed>::distribution_elementwise_grid_stride_kernel<float, (|void at::native::vectorized_elementwise_kernel<(int)8, at::native::BUnaryFunctor"
react_moa_mcts,measured,13,mcts-critic,,call_overhead,,gap_before_operator,,,446744,6943,439801,2,3,14730,15625940,elementwise_binary|memcpy|rng_init,"memcpy_Device-to-Host|memcpy_Host-to-Device|void at::native::<unnamed>::distribution_elementwise_grid_stride_kernel<float, (|void at::native::vectorized_elementwise_kernel<(int)8, at::native::BUnaryFunctor"
react_moa_mcts,measured,13,react-plan,6,RMSNormOp,ve,nvtx_operator_range,276819,5785592548,15998,15998,0,7,0,9844,144489,copy|elementwise_binary|elementwise_unary|reduce,"void at::native::unrolled_elementwise_kernel<at::native::direct_copy_kernel_cuda|void at::native::vectorized_elementwise_kernel<(int)4, void at::native::<unnamed|void at::native::reduce_kernel<(int)512, (int)1, at::native::ReduceOp<float, at:|void at::native::vectorized_elementwise_kernel<(int)4, at::native::CUDAFunctorOn|void at::native::vectorized_elementwise_kernel<(int)4, at::native::rsqrt_kernel_|void at::native::elementwise_kernel<(int)128, (int)2, void at::native::gpu_kerne|void at::native::vectorized_elementwise_kernel<(int)8, at::native::float16_copy_"
react_moa_mcts,measured,13,react-plan,7,AddOp,ve,nvtx_operator_range,105461,5785891096,1472,1472,0,1,0,9925,1472,elementwise_binary,"void at::native::vectorized_elementwise_kernel<(int)8, at::native::CUDAFunctorOn"
react_moa_mcts,measured,13,react-plan,8,RMSNormOp,ve,nvtx_operator_range,256388,5786017456,15230,15230,0,7,0,10604,130763,copy|elementwise_binary|elementwise_unary|reduce,"void at::native::unrolled_elementwise_kernel<at::native::direct_copy_kernel_cuda|void at::native::vectorized_elementwise_kernel<(int)4, void at::native::<unnamed|void at::native::reduce_kernel<(int)512, (int)1, at::native::ReduceOp<float, at:|void at::native::vectorized_elementwise_kernel<(int)4, at::native::CUDAFunctorOn|void at::native::vectorized_elementwise_kernel<(int)4, at::native::rsqrt_kernel_|void at::native::elementwise_kernel<(int)128, (int)2, void at::native::gpu_kerne|void at::native::vectorized_elementwise_kernel<(int)8, at::native::float16_copy_"
react_moa_mcts,measured,13,react-plan,10,LinearOp,me,nvtx_operator_range,196550,5786282996,12990,12542,448,1,1,21481,23133,gemm|memset,memset|void cutlass::Kernel2<cutlass_80_tensorop_f16_s16816gemm_relu_f16_64x64_32x6_nn_
react_moa_mcts,measured,13,react-plan,11,LinearOp,me,nvtx_operator_range,124399,5786489775,12830,12414,416,1,1,8748,21021,gemm|memset,memset|void cutlass::Kernel2<cutlass_80_tensorop_f16_s16816gemm_relu_f16_64x64_32x6_nn_
react_moa_mcts,measured,13,react-plan,12,LinearOp,me,nvtx_operator_range,114439,5786622381,12701,12254,447,1,1,8151,20572,gemm|memset,memset|void cutlass::Kernel2<cutlass_80_tensorop_f16_s16816gemm_relu_f16_64x64_32x6_nn_
react_moa_mcts,measured,13,react-plan,13,ViewOp,de,nvtx_operator_range,73392,5786744502,0,0,0,0,0,,,,
react_moa_mcts,measured,13,react-plan,14,TransposeOp,de,nvtx_operator_range,129335,5786824626,9343,9343,0,1,0,12277,9343,copy,"void at::native::elementwise_kernel<(int)128, (int)4, void at::native::gpu_kerne"
react_moa_mcts,measured,13,moa-map0,6,RMSNormOp,ve,nvtx_operator_range,276638,5801137731,19518,19518,0,7,0,10168,141610,copy|elementwise_binary|elementwise_unary|reduce,"void at::native::unrolled_elementwise_kernel<at::native::direct_copy_kernel_cuda|void at::native::vectorized_elementwise_kernel<(int)4, void at::native::<unnamed|void at::native::reduce_kernel<(int)512, (int)1, at::native::ReduceOp<float, at:|void at::native::vectorized_elementwise_kernel<(int)4, at::native::CUDAFunctorOn|void at::native::vectorized_elementwise_kernel<(int)4, at::native::rsqrt_kernel_|void at::native::elementwise_kernel<(int)128, (int)2, void at::native::gpu_kerne|void at::native::vectorized_elementwise_kernel<(int)8, at::native::float16_copy_"
react_moa_mcts,measured,13,moa-map0,7,AddOp,ve,nvtx_operator_range,102490,5801426788,2048,2048,0,1,0,9197,2048,elementwise_binary,"void at::native::vectorized_elementwise_kernel<(int)8, at::native::CUDAFunctorOn"
react_moa_mcts,measured,13,moa-map0,8,RMSNormOp,ve,nvtx_operator_range,237997,5801548288,19229,19229,0,7,0,10428,128268,copy|elementwise_binary|elementwise_unary|reduce,"void at::native::unrolled_elementwise_kernel<at::native::direct_copy_kernel_cuda|void at::native::vectorized_elementwise_kernel<(int)4, void at::native::<unnamed|void at::native::reduce_kernel<(int)512, (int)1, at::native::ReduceOp<float, at:|void at::native::vectorized_elementwise_kernel<(int)4, at::native::CUDAFunctorOn|void at::native::vectorized_elementwise_kernel<(int)4, at::native::rsqrt_kernel_|void at::native::elementwise_kernel<(int)128, (int)2, void at::native::gpu_kerne|void at::native::vectorized_elementwise_kernel<(int)8, at::native::float16_copy_"
react_moa_mcts,measured,13,moa-map0,10,LinearOp,me,nvtx_operator_range,136177,5801795496,20221,20221,0,1,0,12688,20221,gemm,ampere_fp16_s1688gemm_fp16_128x64_sliced1x2_ldg8_f2f_nn
react_moa_mcts,measured,13,moa-map0,11,LinearOp,me,nvtx_operator_range,115934,5801939246,20221,20221,0,1,0,9317,20221,gemm,ampere_fp16_s1688gemm_fp16_128x64_sliced1x2_ldg8_f2f_nn
react_moa_mcts,measured,13,moa-map0,12,LinearOp,me,nvtx_operator_range,100399,5802062548,20189,20189,0,1,0,9660,20189,gemm,ampere_fp16_s1688gemm_fp16_128x64_sliced1x2_ldg8_f2f_nn
react_moa_mcts,measured,13,moa-map0,13,ViewOp,de,nvtx_operator_range,71993,5802170137,0,0,0,0,0,,,,
react_moa_mcts,measured,13,moa-map0,14,TransposeOp,de,nvtx_operator_range,126922,5802248147,12350,12350,0,1,0,11137,12350,copy,"void at::native::elementwise_kernel<(int)128, (int)4, void at::native::gpu_kerne"
react_moa_mcts,measured,13,moa-map1,6,RMSNormOp,ve,nvtx_operator_range,273252,5816645081,19357,19357,0,7,0,10111,141194,copy|elementwise_binary|elementwise_unary|reduce,"void at::native::unrolled_elementwise_kernel<at::native::direct_copy_kernel_cuda|void at::native::vectorized_elementwise_kernel<(int)4, void at::native::<unnamed|void at::native::reduce_kernel<(int)512, (int)1, at::native::ReduceOp<float, at:|void at::native::vectorized_elementwise_kernel<(int)4, at::native::CUDAFunctorOn|void at::native::vectorized_elementwise_kernel<(int)4, at::native::rsqrt_kernel_|void at::native::elementwise_kernel<(int)128, (int)2, void at::native::gpu_kerne|void at::native::vectorized_elementwise_kernel<(int)8, at::native::float16_copy_"
react_moa_mcts,measured,13,moa-map1,7,AddOp,ve,nvtx_operator_range,118532,5816938602,1952,1952,0,1,0,9773,1952,elementwise_binary,"void at::native::vectorized_elementwise_kernel<(int)8, at::native::CUDAFunctorOn"
react_moa_mcts,measured,13,moa-map1,8,RMSNormOp,ve,nvtx_operator_range,242310,5817065109,19103,19103,0,7,0,10116,131371,copy|elementwise_binary|elementwise_unary|reduce,"void at::native::unrolled_elementwise_kernel<at::native::direct_copy_kernel_cuda|void at::native::vectorized_elementwise_kernel<(int)4, void at::native::<unnamed|void at::native::reduce_kernel<(int)512, (int)1, at::native::ReduceOp<float, at:|void at::native::vectorized_elementwise_kernel<(int)4, at::native::CUDAFunctorOn|void at::native::vectorized_elementwise_kernel<(int)4, at::native::rsqrt_kernel_|void at::native::elementwise_kernel<(int)128, (int)2, void at::native::gpu_kerne|void at::native::vectorized_elementwise_kernel<(int)8, at::native::float16_copy_"
react_moa_mcts,measured,13,moa-map1,10,LinearOp,me,nvtx_operator_range,132143,5817316158,20157,20157,0,1,0,11671,20157,gemm,ampere_fp16_s1688gemm_fp16_128x64_sliced1x2_ldg8_f2f_nn
react_moa_mcts,measured,13,moa-map1,11,LinearOp,me,nvtx_operator_range,102760,5817455865,20125,20125,0,1,0,9719,20125,gemm,ampere_fp16_s1688gemm_fp16_128x64_sliced1x2_ldg8_f2f_nn
react_moa_mcts,measured,13,moa-map1,12,LinearOp,me,nvtx_operator_range,95845,5817565610,20093,20093,0,1,0,9298,20093,gemm,ampere_fp16_s1688gemm_fp16_128x64_sliced1x2_ldg8_f2f_nn
react_moa_mcts,measured,13,moa-map1,13,ViewOp,de,nvtx_operator_range,70027,5817668352,0,0,0,0,0,,,,
react_moa_mcts,measured,13,moa-map1,14,TransposeOp,de,nvtx_operator_range,126318,5817745044,12222,12222,0,1,0,12137,12222,copy,"void at::native::elementwise_kernel<(int)128, (int)4, void at::native::gpu_kerne"
react_moa_mcts,measured,13,moa-map2,6,RMSNormOp,ve,nvtx_operator_range,285019,5832141475,19260,19260,0,7,0,10380,142505,copy|elementwise_binary|elementwise_unary|reduce,"void at::native::unrolled_elementwise_kernel<at::native::direct_copy_kernel_cuda|void at::native::vectorized_elementwise_kernel<(int)4, void at::native::<unnamed|void at::native::reduce_kernel<(int)512, (int)1, at::native::ReduceOp<float, at:|void at::native::vectorized_elementwise_kernel<(int)4, at::native::CUDAFunctorOn|void at::native::vectorized_elementwise_kernel<(int)4, at::native::rsqrt_kernel_|void at::native::elementwise_kernel<(int)128, (int)2, void at::native::gpu_kerne|void at::native::vectorized_elementwise_kernel<(int)8, at::native::float16_copy_"
react_moa_mcts,measured,13,moa-map2,7,AddOp,ve,nvtx_operator_range,102452,5832437648,2080,2080,0,1,0,9578,2080,elementwise_binary,"void at::native::vectorized_elementwise_kernel<(int)8, at::native::CUDAFunctorOn"
react_moa_mcts,measured,13,moa-map2,8,RMSNormOp,ve,nvtx_operator_range,227260,5832547633,19037,19037,0,7,0,9314,124556,copy|elementwise_binary|elementwise_unary|reduce,"void at::native::unrolled_elementwise_kernel<at::native::direct_copy_kernel_cuda|void at::native::vectorized_elementwise_kernel<(int)4, void at::native::<unnamed|void at::native::reduce_kernel<(int)512, (int)1, at::native::ReduceOp<float, at:|void at::native::vectorized_elementwise_kernel<(int)4, at::native::CUDAFunctorOn|void at::native::vectorized_elementwise_kernel<(int)4, at::native::rsqrt_kernel_|void at::native::elementwise_kernel<(int)128, (int)2, void at::native::gpu_kerne|void at::native::vectorized_elementwise_kernel<(int)8, at::native::float16_copy_"
react_moa_mcts,measured,13,moa-map2,10,LinearOp,me,nvtx_operator_range,133229,5832783703,19933,19933,0,1,0,11506,19933,gemm,ampere_fp16_s1688gemm_fp16_128x64_sliced1x2_ldg8_f2f_nn
react_moa_mcts,measured,13,moa-map2,11,LinearOp,me,nvtx_operator_range,102012,5832924912,20284,20284,0,1,0,10025,20284,gemm,ampere_fp16_s1688gemm_fp16_128x64_sliced1x2_ldg8_f2f_nn
react_moa_mcts,measured,13,moa-map2,12,LinearOp,me,nvtx_operator_range,101336,5833049410,19997,19997,0,1,0,9757,19997,gemm,ampere_fp16_s1688gemm_fp16_128x64_sliced1x2_ldg8_f2f_nn
react_moa_mcts,measured,13,moa-map2,13,ViewOp,de,nvtx_operator_range,72192,5833157719,0,0,0,0,0,,,,
react_moa_mcts,measured,13,moa-map2,14,TransposeOp,de,nvtx_operator_range,140846,5833235422,12574,12574,0,1,0,16151,12574,copy,"void at::native::elementwise_kernel<(int)128, (int)4, void at::native::gpu_kerne"
react_moa_mcts,measured,13,mcts-root,6,RMSNormOp,ve,nvtx_operator_range,282799,5847769572,19453,19453,0,7,0,9849,139242,copy|elementwise_binary|elementwise_unary|reduce,"void at::native::unrolled_elementwise_kernel<at::native::direct_copy_kernel_cuda|void at::native::vectorized_elementwise_kernel<(int)4, void at::native::<unnamed|void at::native::reduce_kernel<(int)512, (int)1, at::native::ReduceOp<float, at:|void at::native::vectorized_elementwise_kernel<(int)4, at::native::CUDAFunctorOn|void at::native::vectorized_elementwise_kernel<(int)4, at::native::rsqrt_kernel_|void at::native::elementwise_kernel<(int)128, (int)2, void at::native::gpu_kerne|void at::native::vectorized_elementwise_kernel<(int)8, at::native::float16_copy_"
react_moa_mcts,measured,13,mcts-root,7,AddOp,ve,nvtx_operator_range,108821,5848072700,2080,2080,0,1,0,10591,2080,elementwise_binary,"void at::native::vectorized_elementwise_kernel<(int)8, at::native::CUDAFunctorOn"
react_moa_mcts,measured,13,mcts-root,8,RMSNormOp,ve,nvtx_operator_range,239953,5848189257,18749,18749,0,7,0,9971,130027,copy|elementwise_binary|elementwise_unary|reduce,"void at::native::unrolled_elementwise_kernel<at::native::direct_copy_kernel_cuda|void at::native::vectorized_elementwise_kernel<(int)4, void at::native::<unnamed|void at::native::reduce_kernel<(int)512, (int)1, at::native::ReduceOp<float, at:|void at::native::vectorized_elementwise_kernel<(int)4, at::native::CUDAFunctorOn|void at::native::vectorized_elementwise_kernel<(int)4, at::native::rsqrt_kernel_|void at::native::elementwise_kernel<(int)128, (int)2, void at::native::gpu_kerne|void at::native::vectorized_elementwise_kernel<(int)8, at::native::float16_copy_"
react_moa_mcts,measured,13,mcts-root,10,LinearOp,me,nvtx_operator_range,140718,5848437662,20125,20125,0,1,0,11668,20125,gemm,ampere_fp16_s1688gemm_fp16_128x64_sliced1x2_ldg8_f2f_nn
react_moa_mcts,measured,13,mcts-root,11,LinearOp,me,nvtx_operator_range,102130,5848586364,20188,20188,0,1,0,9777,20188,gemm,ampere_fp16_s1688gemm_fp16_128x64_sliced1x2_ldg8_f2f_nn
react_moa_mcts,measured,13,mcts-root,12,LinearOp,me,nvtx_operator_range,95402,5848695695,19997,19997,0,1,0,8784,19997,gemm,ampere_fp16_s1688gemm_fp16_128x64_sliced1x2_ldg8_f2f_nn
react_moa_mcts,measured,13,mcts-root,13,ViewOp,de,nvtx_operator_range,73408,5848798350,0,0,0,0,0,,,,
react_moa_mcts,measured,13,mcts-root,14,TransposeOp,de,nvtx_operator_range,125657,5848878166,12318,12318,0,1,0,11627,12318,copy,"void at::native::elementwise_kernel<(int)128, (int)4, void at::native::gpu_kerne"
react_moa_mcts,measured,13,mcts-actor0,6,RMSNormOp,ve,nvtx_operator_range,279919,5865374966,19134,19134,0,7,0,10193,143433,copy|elementwise_binary|elementwise_unary|reduce,"void at::native::unrolled_elementwise_kernel<at::native::direct_copy_kernel_cuda|void at::native::vectorized_elementwise_kernel<(int)4, void at::native::<unnamed|void at::native::reduce_kernel<(int)512, (int)1, at::native::ReduceOp<float, at:|void at::native::vectorized_elementwise_kernel<(int)4, at::native::CUDAFunctorOn|void at::native::vectorized_elementwise_kernel<(int)4, at::native::rsqrt_kernel_|void at::native::elementwise_kernel<(int)128, (int)2, void at::native::gpu_kerne|void at::native::vectorized_elementwise_kernel<(int)8, at::native::float16_copy_"
react_moa_mcts,measured,13,mcts-actor0,7,AddOp,ve,nvtx_operator_range,102449,5865666521,2047,2047,0,1,0,9255,2047,elementwise_binary,"void at::native::vectorized_elementwise_kernel<(int)8, at::native::CUDAFunctorOn"
react_moa_mcts,measured,13,mcts-actor0,8,RMSNormOp,ve,nvtx_operator_range,231441,5865776641,19070,19070,0,7,0,9879,125580,copy|elementwise_binary|elementwise_unary|reduce,"void at::native::unrolled_elementwise_kernel<at::native::direct_copy_kernel_cuda|void at::native::vectorized_elementwise_kernel<(int)4, void at::native::<unnamed|void at::native::reduce_kernel<(int)512, (int)1, at::native::ReduceOp<float, at:|void at::native::vectorized_elementwise_kernel<(int)4, at::native::CUDAFunctorOn|void at::native::vectorized_elementwise_kernel<(int)4, at::native::rsqrt_kernel_|void at::native::elementwise_kernel<(int)128, (int)2, void at::native::gpu_kerne|void at::native::vectorized_elementwise_kernel<(int)8, at::native::float16_copy_"
react_moa_mcts,measured,13,mcts-actor0,10,LinearOp,me,nvtx_operator_range,153544,5866016799,20125,20125,0,1,0,12705,20125,gemm,ampere_fp16_s1688gemm_fp16_128x64_sliced1x2_ldg8_f2f_nn
react_moa_mcts,measured,13,mcts-actor0,11,LinearOp,me,nvtx_operator_range,104282,5866179486,20093,20093,0,1,0,10257,20093,gemm,ampere_fp16_s1688gemm_fp16_128x64_sliced1x2_ldg8_f2f_nn
react_moa_mcts,measured,13,mcts-actor0,12,LinearOp,me,nvtx_operator_range,94325,5866290743,20157,20157,0,1,0,9189,20157,gemm,ampere_fp16_s1688gemm_fp16_128x64_sliced1x2_ldg8_f2f_nn
react_moa_mcts,measured,13,mcts-actor0,13,ViewOp,de,nvtx_operator_range,71100,5866391512,0,0,0,0,0,,,,
react_moa_mcts,measured,13,mcts-actor0,14,TransposeOp,de,nvtx_operator_range,125139,5866468743,12542,12542,0,1,0,11294,12542,copy,"void at::native::elementwise_kernel<(int)128, (int)4, void at::native::gpu_kerne"
react_moa_mcts,measured,13,mcts-actor1,6,RMSNormOp,ve,nvtx_operator_range,308072,5880869676,19292,19292,0,7,0,9722,161734,copy|elementwise_binary|elementwise_unary|reduce,"void at::native::unrolled_elementwise_kernel<at::native::direct_copy_kernel_cuda|void at::native::vectorized_elementwise_kernel<(int)4, void at::native::<unnamed|void at::native::reduce_kernel<(int)512, (int)1, at::native::ReduceOp<float, at:|void at::native::vectorized_elementwise_kernel<(int)4, at::native::CUDAFunctorOn|void at::native::vectorized_elementwise_kernel<(int)4, at::native::rsqrt_kernel_|void at::native::elementwise_kernel<(int)128, (int)2, void at::native::gpu_kerne|void at::native::vectorized_elementwise_kernel<(int)8, at::native::float16_copy_"
react_moa_mcts,measured,13,mcts-actor1,7,AddOp,ve,nvtx_operator_range,104871,5881190134,2016,2016,0,1,0,9790,2016,elementwise_binary,"void at::native::vectorized_elementwise_kernel<(int)8, at::native::CUDAFunctorOn"
react_moa_mcts,measured,13,mcts-actor1,8,RMSNormOp,ve,nvtx_operator_range,259668,5881302722,19038,19038,0,7,0,9527,147304,copy|elementwise_binary|elementwise_unary|reduce,"void at::native::unrolled_elementwise_kernel<at::native::direct_copy_kernel_cuda|void at::native::vectorized_elementwise_kernel<(int)4, void at::native::<unnamed|void at::native::reduce_kernel<(int)512, (int)1, at::native::ReduceOp<float, at:|void at::native::vectorized_elementwise_kernel<(int)4, at::native::CUDAFunctorOn|void at::native::vectorized_elementwise_kernel<(int)4, at::native::rsqrt_kernel_|void at::native::elementwise_kernel<(int)128, (int)2, void at::native::gpu_kerne|void at::native::vectorized_elementwise_kernel<(int)8, at::native::float16_copy_"
react_moa_mcts,measured,13,mcts-actor1,10,LinearOp,me,nvtx_operator_range,133742,5881572398,20093,20093,0,1,0,11489,20093,gemm,ampere_fp16_s1688gemm_fp16_128x64_sliced1x2_ldg8_f2f_nn
react_moa_mcts,measured,13,mcts-actor1,11,LinearOp,me,nvtx_operator_range,101409,5881714358,20252,20252,0,1,0,9295,20252,gemm,ampere_fp16_s1688gemm_fp16_128x64_sliced1x2_ldg8_f2f_nn
react_moa_mcts,measured,13,mcts-actor1,12,LinearOp,me,nvtx_operator_range,95465,5881822834,20285,20285,0,1,0,8929,20285,gemm,ampere_fp16_s1688gemm_fp16_128x64_sliced1x2_ldg8_f2f_nn
react_moa_mcts,measured,13,mcts-actor1,13,ViewOp,de,nvtx_operator_range,72407,5881925110,0,0,0,0,0,,,,
react_moa_mcts,measured,13,mcts-actor1,14,TransposeOp,de,nvtx_operator_range,146339,5882004011,12446,12446,0,1,0,12455,12446,copy,"void at::native::elementwise_kernel<(int)128, (int)4, void at::native::gpu_kerne"
react_moa_mcts,measured,13,moa-reduce,6,RMSNormOp,ve,nvtx_operator_range,270538,5896462021,19326,19326,0,7,0,9435,140106,copy|elementwise_binary|elementwise_unary|reduce,"void at::native::unrolled_elementwise_kernel<at::native::direct_copy_kernel_cuda|void at::native::vectorized_elementwise_kernel<(int)4, void at::native::<unnamed|void at::native::reduce_kernel<(int)512, (int)1, at::native::ReduceOp<float, at:|void at::native::vectorized_elementwise_kernel<(int)4, at::native::CUDAFunctorOn|void at::native::vectorized_elementwise_kernel<(int)4, at::native::rsqrt_kernel_|void at::native::elementwise_kernel<(int)128, (int)2, void at::native::gpu_kerne|void at::native::vectorized_elementwise_kernel<(int)8, at::native::float16_copy_"
react_moa_mcts,measured,13,moa-reduce,7,AddOp,ve,nvtx_operator_range,101581,5896743490,2112,2112,0,1,0,9666,2112,elementwise_binary,"void at::native::vectorized_elementwise_kernel<(int)8, at::native::CUDAFunctorOn"
react_moa_mcts,measured,13,moa-reduce,8,RMSNormOp,ve,nvtx_operator_range,246147,5896852501,19293,19293,0,7,0,9652,123660,copy|elementwise_binary|elementwise_unary|reduce,"void at::native::unrolled_elementwise_kernel<at::native::direct_copy_kernel_cuda|void at::native::vectorized_elementwise_kernel<(int)4, void at::native::<unnamed|void at::native::reduce_kernel<(int)512, (int)1, at::native::ReduceOp<float, at:|void at::native::vectorized_elementwise_kernel<(int)4, at::native::CUDAFunctorOn|void at::native::vectorized_elementwise_kernel<(int)4, at::native::rsqrt_kernel_|void at::native::elementwise_kernel<(int)128, (int)2, void at::native::gpu_kerne|void at::native::vectorized_elementwise_kernel<(int)8, at::native::float16_copy_"
react_moa_mcts,measured,13,moa-reduce,10,LinearOp,me,nvtx_operator_range,262629,5897108087,20029,20029,0,1,0,12404,20029,gemm,ampere_fp16_s1688gemm_fp16_128x64_sliced1x2_ldg8_f2f_nn
react_moa_mcts,measured,13,moa-reduce,11,LinearOp,me,nvtx_operator_range,118290,5897378135,32187,32187,0,1,0,10375,32187,gemm,ampere_fp16_s1688gemm_fp16_128x64_sliced1x2_ldg8_f2f_nn
react_moa_mcts,measured,13,moa-reduce,12,LinearOp,me,nvtx_operator_range,170087,5897503484,20125,20125,0,1,0,86509,20125,gemm,ampere_fp16_s1688gemm_fp16_128x64_sliced1x2_ldg8_f2f_nn
react_moa_mcts,measured,13,moa-reduce,13,ViewOp,de,nvtx_operator_range,71615,5897680486,0,0,0,0,0,,,,
react_moa_mcts,measured,13,moa-reduce,14,TransposeOp,de,nvtx_operator_range,125452,5897758021,12670,12670,0,1,0,12083,12670,copy,"void at::native::elementwise_kernel<(int)128, (int)4, void at::native::gpu_kerne"
react_moa_mcts,measured,13,react-answer,6,RMSNormOp,ve,nvtx_operator_range,279194,5910063147,17884,17884,0,7,0,9976,142281,copy|elementwise_binary|elementwise_unary|reduce,"void at::native::unrolled_elementwise_kernel<at::native::direct_copy_kernel_cuda|void at::native::vectorized_elementwise_kernel<(int)4, void at::native::<unnamed|void at::native::reduce_kernel<(int)512, (int)1, at::native::ReduceOp<float, at:|void at::native::vectorized_elementwise_kernel<(int)4, at::native::CUDAFunctorOn|void at::native::vectorized_elementwise_kernel<(int)4, at::native::rsqrt_kernel_|void at::native::elementwise_kernel<(int)128, (int)2, void at::native::gpu_kerne|void at::native::vectorized_elementwise_kernel<(int)8, at::native::float16_copy_"
react_moa_mcts,measured,13,react-answer,7,AddOp,ve,nvtx_operator_range,102398,5910352906,1696,1696,0,1,0,9087,1696,elementwise_binary,"void at::native::vectorized_elementwise_kernel<(int)8, at::native::CUDAFunctorOn"
react_moa_mcts,measured,13,react-answer,8,RMSNormOp,ve,nvtx_operator_range,226711,5910463294,17341,17341,0,7,0,9262,121452,copy|elementwise_binary|elementwise_unary|reduce,"void at::native::unrolled_elementwise_kernel<at::native::direct_copy_kernel_cuda|void at::native::vectorized_elementwise_kernel<(int)4, void at::native::<unnamed|void at::native::reduce_kernel<(int)512, (int)1, at::native::ReduceOp<float, at:|void at::native::vectorized_elementwise_kernel<(int)4, at::native::CUDAFunctorOn|void at::native::vectorized_elementwise_kernel<(int)4, at::native::rsqrt_kernel_|void at::native::elementwise_kernel<(int)128, (int)2, void at::native::gpu_kerne|void at::native::vectorized_elementwise_kernel<(int)8, at::native::float16_copy_"
react_moa_mcts,measured,13,react-answer,10,LinearOp,me,nvtx_operator_range,148938,5910698665,14589,14589,0,1,0,13660,14589,gemm,ampere_fp16_s16816gemm_fp16_128x64_ldg8_f2f_stages_32x6_nn
react_moa_mcts,measured,13,react-answer,11,LinearOp,me,nvtx_operator_range,99511,5910855641,14622,14622,0,1,0,9554,14622,gemm,ampere_fp16_s16816gemm_fp16_128x64_ldg8_f2f_stages_32x6_nn
react_moa_mcts,measured,13,react-answer,12,LinearOp,me,nvtx_operator_range,109630,5910962348,14558,14558,0,1,0,8621,14558,gemm,ampere_fp16_s16816gemm_fp16_128x64_ldg8_f2f_stages_32x6_nn
react_moa_mcts,measured,13,react-answer,13,ViewOp,de,nvtx_operator_range,74237,5911079277,0,0,0,0,0,,,,
react_moa_mcts,measured,13,react-answer,14,TransposeOp,de,nvtx_operator_range,128165,5911159996,12126,12126,0,1,0,13138,12126,copy,"void at::native::elementwise_kernel<(int)128, (int)4, void at::native::gpu_kerne"
react_moa_mcts,measured,13,mcts-critic,6,RMSNormOp,ve,nvtx_operator_range,283370,5925508972,19325,19325,0,7,0,10019,141450,copy|elementwise_binary|elementwise_unary|reduce,"void at::native::unrolled_elementwise_kernel<at::native::direct_copy_kernel_cuda|void at::native::vectorized_elementwise_kernel<(int)4, void at::native::<unnamed|void at::native::reduce_kernel<(int)512, (int)1, at::native::ReduceOp<float, at:|void at::native::vectorized_elementwise_kernel<(int)4, at::native::CUDAFunctorOn|void at::native::vectorized_elementwise_kernel<(int)4, at::native::rsqrt_kernel_|void at::native::elementwise_kernel<(int)128, (int)2, void at::native::gpu_kerne|void at::native::vectorized_elementwise_kernel<(int)8, at::native::float16_copy_"
react_moa_mcts,measured,13,mcts-critic,7,AddOp,ve,nvtx_operator_range,113629,5925804091,2079,2079,0,1,0,10015,2079,elementwise_binary,"void at::native::vectorized_elementwise_kernel<(int)8, at::native::CUDAFunctorOn"
react_moa_mcts,measured,13,mcts-critic,8,RMSNormOp,ve,nvtx_operator_range,258317,5925932443,19133,19133,0,7,0,10365,143177,copy|elementwise_binary|elementwise_unary|reduce,"void at::native::unrolled_elementwise_kernel<at::native::direct_copy_kernel_cuda|void at::native::vectorized_elementwise_kernel<(int)4, void at::native::<unnamed|void at::native::reduce_kernel<(int)512, (int)1, at::native::ReduceOp<float, at:|void at::native::vectorized_elementwise_kernel<(int)4, at::native::CUDAFunctorOn|void at::native::vectorized_elementwise_kernel<(int)4, at::native::rsqrt_kernel_|void at::native::elementwise_kernel<(int)128, (int)2, void at::native::gpu_kerne|void at::native::vectorized_elementwise_kernel<(int)8, at::native::float16_copy_"
react_moa_mcts,measured,13,mcts-critic,10,LinearOp,me,nvtx_operator_range,129801,5926200363,20093,20093,0,1,0,10910,20093,gemm,ampere_fp16_s1688gemm_fp16_128x64_sliced1x2_ldg8_f2f_nn
react_moa_mcts,measured,13,mcts-critic,11,LinearOp,me,nvtx_operator_range,101846,5926338098,20156,20156,0,1,0,8946,20156,gemm,ampere_fp16_s1688gemm_fp16_128x64_sliced1x2_ldg8_f2f_nn
react_moa_mcts,measured,13,mcts-critic,12,LinearOp,me,nvtx_operator_range,94579,5926447504,19997,19997,0,1,0,8506,19997,gemm,ampere_fp16_s1688gemm_fp16_128x64_sliced1x2_ldg8_f2f_nn
react_moa_mcts,measured,13,mcts-critic,13,ViewOp,de,nvtx_operator_range,71712,5926548931,0,0,0,0,0,,,,
react_moa_mcts,measured,13,mcts-critic,14,TransposeOp,de,nvtx_operator_range,125278,5926626937,12158,12158,0,1,0,12015,12158,copy,"void at::native::elementwise_kernel<(int)128, (int)4, void at::native::gpu_kerne"
react_moa_mcts,measured,14,react-plan,,call_overhead,,gap_before_operator,,,90769,5055,85714,2,1,17651,266581,elementwise_binary|memcpy|rng_init,"memcpy_Host-to-Device|void at::native::<unnamed>::distribution_elementwise_grid_stride_kernel<float, (|void at::native::vectorized_elementwise_kernel<(int)8, at::native::BUnaryFunctor"
react_moa_mcts,measured,14,moa-map0,,call_overhead,,gap_before_operator,,,253143,7007,246136,2,2,15270,11401786,elementwise_binary|memcpy|rng_init,"memcpy_Device-to-Host|memcpy_Host-to-Device|void at::native::<unnamed>::distribution_elementwise_grid_stride_kernel<float, (|void at::native::vectorized_elementwise_kernel<(int)8, at::native::BUnaryFunctor"
react_moa_mcts,measured,14,moa-map1,,call_overhead,,gap_before_operator,,,327179,7039,320140,2,2,15184,11499147,elementwise_binary|memcpy|rng_init,"memcpy_Device-to-Host|memcpy_Host-to-Device|void at::native::<unnamed>::distribution_elementwise_grid_stride_kernel<float, (|void at::native::vectorized_elementwise_kernel<(int)8, at::native::BUnaryFunctor"
react_moa_mcts,measured,14,moa-map2,,call_overhead,,gap_before_operator,,,325676,7007,318669,2,2,14865,11444308,elementwise_binary|memcpy|rng_init,"memcpy_Device-to-Host|memcpy_Host-to-Device|void at::native::<unnamed>::distribution_elementwise_grid_stride_kernel<float, (|void at::native::vectorized_elementwise_kernel<(int)8, at::native::BUnaryFunctor"
react_moa_mcts,measured,14,mcts-root,,call_overhead,,gap_before_operator,,,320973,7136,313837,2,2,15207,11316872,elementwise_binary|memcpy|rng_init,"memcpy_Device-to-Host|memcpy_Host-to-Device|void at::native::<unnamed>::distribution_elementwise_grid_stride_kernel<float, (|void at::native::vectorized_elementwise_kernel<(int)8, at::native::BUnaryFunctor"
react_moa_mcts,measured,14,mcts-actor0,,call_overhead,,gap_before_operator,,,320365,7072,313293,2,2,14527,13072270,elementwise_binary|memcpy|rng_init,"memcpy_Device-to-Host|memcpy_Host-to-Device|void at::native::<unnamed>::distribution_elementwise_grid_stride_kernel<float, (|void at::native::vectorized_elementwise_kernel<(int)8, at::native::BUnaryFunctor"
react_moa_mcts,measured,14,mcts-actor1,,call_overhead,,gap_before_operator,,,323307,7038,316269,2,2,15303,11541124,elementwise_binary|memcpy|rng_init,"memcpy_Device-to-Host|memcpy_Host-to-Device|void at::native::<unnamed>::distribution_elementwise_grid_stride_kernel<float, (|void at::native::vectorized_elementwise_kernel<(int)8, at::native::BUnaryFunctor"
react_moa_mcts,measured,14,moa-reduce,,call_overhead,,gap_before_operator,,,324492,7071,317421,2,2,14055,11537924,elementwise_binary|memcpy|rng_init,"memcpy_Device-to-Host|memcpy_Host-to-Device|void at::native::<unnamed>::distribution_elementwise_grid_stride_kernel<float, (|void at::native::vectorized_elementwise_kernel<(int)8, at::native::BUnaryFunctor"
react_moa_mcts,measured,14,react-answer,,call_overhead,,gap_before_operator,,,284851,6655,278196,2,2,14267,9201627,elementwise_binary|memcpy|rng_init,"memcpy_Device-to-Host|memcpy_Host-to-Device|void at::native::<unnamed>::distribution_elementwise_grid_stride_kernel<float, (|void at::native::vectorized_elementwise_kernel<(int)8, at::native::BUnaryFunctor"
react_moa_mcts,measured,14,mcts-critic,,call_overhead,,gap_before_operator,,,449721,7072,442649,2,3,14104,12737956,elementwise_binary|memcpy|rng_init,"memcpy_Device-to-Host|memcpy_Host-to-Device|void at::native::<unnamed>::distribution_elementwise_grid_stride_kernel<float, (|void at::native::vectorized_elementwise_kernel<(int)8, at::native::BUnaryFunctor"
react_moa_mcts,measured,14,react-plan,6,RMSNormOp,ve,nvtx_operator_range,297317,5937678987,16031,16031,0,7,0,10733,151368,copy|elementwise_binary|elementwise_unary|reduce,"void at::native::unrolled_elementwise_kernel<at::native::direct_copy_kernel_cuda|void at::native::vectorized_elementwise_kernel<(int)4, void at::native::<unnamed|void at::native::reduce_kernel<(int)512, (int)1, at::native::ReduceOp<float, at:|void at::native::vectorized_elementwise_kernel<(int)4, at::native::CUDAFunctorOn|void at::native::vectorized_elementwise_kernel<(int)4, at::native::rsqrt_kernel_|void at::native::elementwise_kernel<(int)128, (int)2, void at::native::gpu_kerne|void at::native::vectorized_elementwise_kernel<(int)8, at::native::float16_copy_"
react_moa_mcts,measured,14,react-plan,7,AddOp,ve,nvtx_operator_range,126884,5937989122,1440,1440,0,1,0,10631,1440,elementwise_binary,"void at::native::vectorized_elementwise_kernel<(int)8, at::native::CUDAFunctorOn"
react_moa_mcts,measured,14,react-plan,8,RMSNormOp,ve,nvtx_operator_range,240027,5938124670,15199,15199,0,7,0,10015,129451,copy|elementwise_binary|elementwise_unary|reduce,"void at::native::unrolled_elementwise_kernel<at::native::direct_copy_kernel_cuda|void at::native::vectorized_elementwise_kernel<(int)4, void at::native::<unnamed|void at::native::reduce_kernel<(int)512, (int)1, at::native::ReduceOp<float, at:|void at::native::vectorized_elementwise_kernel<(int)4, at::native::CUDAFunctorOn|void at::native::vectorized_elementwise_kernel<(int)4, at::native::rsqrt_kernel_|void at::native::elementwise_kernel<(int)128, (int)2, void at::native::gpu_kerne|void at::native::vectorized_elementwise_kernel<(int)8, at::native::float16_copy_"
react_moa_mcts,measured,14,react-plan,10,LinearOp,me,nvtx_operator_range,190212,5938374038,12894,12446,448,1,1,19975,23036,gemm|memset,memset|void cutlass::Kernel2<cutlass_80_tensorop_f16_s16816gemm_relu_f16_64x64_32x6_nn_
react_moa_mcts,measured,14,react-plan,11,LinearOp,me,nvtx_operator_range,124092,5938573721,12734,12286,448,1,1,8290,21884,gemm|memset,memset|void cutlass::Kernel2<cutlass_80_tensorop_f16_s16816gemm_relu_f16_64x64_32x6_nn_
react_moa_mcts,measured,14,react-plan,12,LinearOp,me,nvtx_operator_range,113804,5938706087,12638,12190,448,1,1,7590,21340,gemm|memset,memset|void cutlass::Kernel2<cutlass_80_tensorop_f16_s16816gemm_relu_f16_64x64_32x6_nn_
react_moa_mcts,measured,14,react-plan,13,ViewOp,de,nvtx_operator_range,73589,5938827907,0,0,0,0,0,,,,
react_moa_mcts,measured,14,react-plan,14,TransposeOp,de,nvtx_operator_range,145663,5938908436,9406,9406,0,1,0,11659,9406,copy,"void at::native::elementwise_kernel<(int)128, (int)4, void at::native::gpu_kerne"
react_moa_mcts,measured,14,moa-map0,6,RMSNormOp,ve,nvtx_operator_range,273195,5950512774,19421,19421,0,7,0,9476,141449,copy|elementwise_binary|elementwise_unary|reduce,"void at::native::unrolled_elementwise_kernel<at::native::direct_copy_kernel_cuda|void at::native::vectorized_elementwise_kernel<(int)4, void at::native::<unnamed|void at::native::reduce_kernel<(int)512, (int)1, at::native::ReduceOp<float, at:|void at::native::vectorized_elementwise_kernel<(int)4, at::native::CUDAFunctorOn|void at::native::vectorized_elementwise_kernel<(int)4, at::native::rsqrt_kernel_|void at::native::elementwise_kernel<(int)128, (int)2, void at::native::gpu_kerne|void at::native::vectorized_elementwise_kernel<(int)8, at::native::float16_copy_"
react_moa_mcts,measured,14,moa-map0,7,AddOp,ve,nvtx_operator_range,102183,5950796624,2048,2048,0,1,0,9534,2048,elementwise_binary,"void at::native::vectorized_elementwise_kernel<(int)8, at::native::CUDAFunctorOn"
react_moa_mcts,measured,14,moa-map0,8,RMSNormOp,ve,nvtx_operator_range,247300,5950906811,19132,19132,0,7,0,9621,140393,copy|elementwise_binary|elementwise_unary|reduce,"void at::native::unrolled_elementwise_kernel<at::native::direct_copy_kernel_cuda|void at::native::vectorized_elementwise_kernel<(int)4, void at::native::<unnamed|void at::native::reduce_kernel<(int)512, (int)1, at::native::ReduceOp<float, at:|void at::native::vectorized_elementwise_kernel<(int)4, at::native::CUDAFunctorOn|void at::native::vectorized_elementwise_kernel<(int)4, at::native::rsqrt_kernel_|void at::native::elementwise_kernel<(int)128, (int)2, void at::native::gpu_kerne|void at::native::vectorized_elementwise_kernel<(int)8, at::native::float16_copy_"
react_moa_mcts,measured,14,moa-map0,10,LinearOp,me,nvtx_operator_range,130162,5951163301,19997,19997,0,1,0,11282,19997,gemm,ampere_fp16_s1688gemm_fp16_128x64_sliced1x2_ldg8_f2f_nn
react_moa_mcts,measured,14,moa-map0,11,LinearOp,me,nvtx_operator_range,99543,5951301396,20061,20061,0,1,0,8866,20061,gemm,ampere_fp16_s1688gemm_fp16_128x64_sliced1x2_ldg8_f2f_nn
react_moa_mcts,measured,14,moa-map0,12,LinearOp,me,nvtx_operator_range,96053,5951408431,20093,20093,0,1,0,9119,20093,gemm,ampere_fp16_s1688gemm_fp16_128x64_sliced1x2_ldg8_f2f_nn
react_moa_mcts,measured,14,moa-map0,13,ViewOp,de,nvtx_operator_range,81267,5951511238,0,0,0,0,0,,,,
react_moa_mcts,measured,14,moa-map0,14,TransposeOp,de,nvtx_operator_range,127871,5951602418,12542,12542,0,1,0,12156,12542,copy,"void at::native::elementwise_kernel<(int)128, (int)4, void at::native::gpu_kerne"
react_moa_mcts,measured,14,moa-map1,6,RMSNormOp,ve,nvtx_operator_range,272616,5963308614,19357,19357,0,7,0,9845,140874,copy|elementwise_binary|elementwise_unary|reduce,"void at::native::unrolled_elementwise_kernel<at::native::direct_copy_kernel_cuda|void at::native::vectorized_elementwise_kernel<(int)4, void at::native::<unnamed|void at::native::reduce_kernel<(int)512, (int)1, at::native::ReduceOp<float, at:|void at::native::vectorized_elementwise_kernel<(int)4, at::native::CUDAFunctorOn|void at::native::vectorized_elementwise_kernel<(int)4, at::native::rsqrt_kernel_|void at::native::elementwise_kernel<(int)128, (int)2, void at::native::gpu_kerne|void at::native::vectorized_elementwise_kernel<(int)8, at::native::float16_copy_"
react_moa_mcts,measured,14,moa-map1,7,AddOp,ve,nvtx_operator_range,100981,5963592039,2015,2015,0,1,0,9875,2015,elementwise_binary,"void at::native::vectorized_elementwise_kernel<(int)8, at::native::CUDAFunctorOn"
react_moa_mcts,measured,14,moa-map1,8,RMSNormOp,ve,nvtx_operator_range,312680,5963701121,19003,19003,0,7,0,13708,161990,copy|elementwise_binary|elementwise_unary|reduce,"void at::native::unrolled_elementwise_kernel<at::native::direct_copy_kernel_cuda|void at::native::vectorized_elementwise_kernel<(int)4, void at::native::<unnamed|void at::native::reduce_kernel<(int)512, (int)1, at::native::ReduceOp<float, at:|void at::native::vectorized_elementwise_kernel<(int)4, at::native::CUDAFunctorOn|void at::native::vectorized_elementwise_kernel<(int)4, at::native::rsqrt_kernel_|void at::native::elementwise_kernel<(int)128, (int)2, void at::native::gpu_kerne|void at::native::vectorized_elementwise_kernel<(int)8, at::native::float16_copy_"
react_moa_mcts,measured,14,moa-map1,10,LinearOp,me,nvtx_operator_range,163911,5964027298,20157,20157,0,1,0,13814,20157,gemm,ampere_fp16_s1688gemm_fp16_128x64_sliced1x2_ldg8_f2f_nn
react_moa_mcts,measured,14,moa-map1,11,LinearOp,me,nvtx_operator_range,103562,5964200215,20125,20125,0,1,0,9723,20125,gemm,ampere_fp16_s1688gemm_fp16_128x64_sliced1x2_ldg8_f2f_nn
react_moa_mcts,measured,14,moa-map1,12,LinearOp,me,nvtx_operator_range,95049,5964310865,20093,20093,0,1,0,8887,20093,gemm,ampere_fp16_s1688gemm_fp16_128x64_sliced1x2_ldg8_f2f_nn
react_moa_mcts,measured,14,moa-map1,13,ViewOp,de,nvtx_operator_range,73947,5964413000,0,0,0,0,0,,,,
react_moa_mcts,measured,14,moa-map1,14,TransposeOp,de,nvtx_operator_range,151379,5964493804,12734,12734,0,1,0,13792,12734,copy,"void at::native::elementwise_kernel<(int)128, (int)4, void at::native::gpu_kerne"
react_moa_mcts,measured,14,moa-map2,6,RMSNormOp,ve,nvtx_operator_range,280331,5976143007,19326,19326,0,7,0,10152,139882,copy|elementwise_binary|elementwise_unary|reduce,"void at::native::unrolled_elementwise_kernel<at::native::direct_copy_kernel_cuda|void at::native::vectorized_elementwise_kernel<(int)4, void at::native::<unnamed|void at::native::reduce_kernel<(int)512, (int)1, at::native::ReduceOp<float, at:|void at::native::vectorized_elementwise_kernel<(int)4, at::native::CUDAFunctorOn|void at::native::vectorized_elementwise_kernel<(int)4, at::native::rsqrt_kernel_|void at::native::elementwise_kernel<(int)128, (int)2, void at::native::gpu_kerne|void at::native::vectorized_elementwise_kernel<(int)8, at::native::float16_copy_"
react_moa_mcts,measured,14,moa-map2,7,AddOp,ve,nvtx_operator_range,100643,5976434968,2048,2048,0,1,0,9242,2048,elementwise_binary,"void at::native::vectorized_elementwise_kernel<(int)8, at::native::CUDAFunctorOn"
react_moa_mcts,measured,14,moa-map2,8,RMSNormOp,ve,nvtx_operator_range,229310,5976543165,19100,19100,0,7,0,9462,123436,copy|elementwise_binary|elementwise_unary|reduce,"void at::native::unrolled_elementwise_kernel<at::native::direct_copy_kernel_cuda|void at::native::vectorized_elementwise_kernel<(int)4, void at::native::<unnamed|void at::native::reduce_kernel<(int)512, (int)1, at::native::ReduceOp<float, at:|void at::native::vectorized_elementwise_kernel<(int)4, at::native::CUDAFunctorOn|void at::native::vectorized_elementwise_kernel<(int)4, at::native::rsqrt_kernel_|void at::native::elementwise_kernel<(int)128, (int)2, void at::native::gpu_kerne|void at::native::vectorized_elementwise_kernel<(int)8, at::native::float16_copy_"
react_moa_mcts,measured,14,moa-map2,10,LinearOp,me,nvtx_operator_range,129078,5976780848,20061,20061,0,1,0,10995,20061,gemm,ampere_fp16_s1688gemm_fp16_128x64_sliced1x2_ldg8_f2f_nn
react_moa_mcts,measured,14,moa-map2,11,LinearOp,me,nvtx_operator_range,101445,5976917551,20125,20125,0,1,0,9115,20125,gemm,ampere_fp16_s1688gemm_fp16_128x64_sliced1x2_ldg8_f2f_nn
react_moa_mcts,measured,14,moa-map2,12,LinearOp,me,nvtx_operator_range,115728,5977025786,19901,19901,0,1,0,9755,19901,gemm,ampere_fp16_s1688gemm_fp16_128x64_sliced1x2_ldg8_f2f_nn
react_moa_mcts,measured,14,moa-map2,13,ViewOp,de,nvtx_operator_range,71770,5977148600,0,0,0,0,0,,,,
react_moa_mcts,measured,14,moa-map2,14,TransposeOp,de,nvtx_operator_range,123572,5977227025,12254,12254,0,1,0,11149,12254,copy,"void at::native::elementwise_kernel<(int)128, (int)4, void at::native::gpu_kerne"
react_moa_mcts,measured,14,mcts-root,6,RMSNormOp,ve,nvtx_operator_range,269787,5988716299,19422,19422,0,7,0,9270,140810,copy|elementwise_binary|elementwise_unary|reduce,"void at::native::unrolled_elementwise_kernel<at::native::direct_copy_kernel_cuda|void at::native::vectorized_elementwise_kernel<(int)4, void at::native::<unnamed|void at::native::reduce_kernel<(int)512, (int)1, at::native::ReduceOp<float, at:|void at::native::vectorized_elementwise_kernel<(int)4, at::native::CUDAFunctorOn|void at::native::vectorized_elementwise_kernel<(int)4, at::native::rsqrt_kernel_|void at::native::elementwise_kernel<(int)128, (int)2, void at::native::gpu_kerne|void at::native::vectorized_elementwise_kernel<(int)8, at::native::float16_copy_"
react_moa_mcts,measured,14,mcts-root,7,AddOp,ve,nvtx_operator_range,118062,5988996953,2080,2080,0,1,0,10181,2080,elementwise_binary,"void at::native::vectorized_elementwise_kernel<(int)8, at::native::CUDAFunctorOn"
react_moa_mcts,measured,14,mcts-root,8,RMSNormOp,ve,nvtx_operator_range,234462,5989123546,19165,19165,0,7,0,10002,127627,copy|elementwise_binary|elementwise_unary|reduce,"void at::native::unrolled_elementwise_kernel<at::native::direct_copy_kernel_cuda|void at::native::vectorized_elementwise_kernel<(int)4, void at::native::<unnamed|void at::native::reduce_kernel<(int)512, (int)1, at::native::ReduceOp<float, at:|void at::native::vectorized_elementwise_kernel<(int)4, at::native::CUDAFunctorOn|void at::native::vectorized_elementwise_kernel<(int)4, at::native::rsqrt_kernel_|void at::native::elementwise_kernel<(int)128, (int)2, void at::native::gpu_kerne|void at::native::vectorized_elementwise_kernel<(int)8, at::native::float16_copy_"
react_moa_mcts,measured,14,mcts-root,10,LinearOp,me,nvtx_operator_range,127683,5989366579,20029,20029,0,1,0,10838,20029,gemm,ampere_fp16_s1688gemm_fp16_128x64_sliced1x2_ldg8_f2f_nn
react_moa_mcts,measured,14,mcts-root,11,LinearOp,me,nvtx_operator_range,100804,5989502120,20253,20253,0,1,0,9160,20253,gemm,ampere_fp16_s1688gemm_fp16_128x64_sliced1x2_ldg8_f2f_nn
react_moa_mcts,measured,14,mcts-root,12,LinearOp,me,nvtx_operator_range,93439,5989609489,20092,20092,0,1,0,9119,20092,gemm,ampere_fp16_s1688gemm_fp16_128x64_sliced1x2_ldg8_f2f_nn
react_moa_mcts,measured,14,mcts-root,13,ViewOp,de,nvtx_operator_range,70199,5989709952,0,0,0,0,0,,,,
react_moa_mcts,measured,14,mcts-root,14,TransposeOp,de,nvtx_operator_range,121976,5989787061,12382,12382,0,1,0,11519,12382,copy,"void at::native::elementwise_kernel<(int)128, (int)4, void at::native::gpu_kerne"
react_moa_mcts,measured,14,mcts-actor0,6,RMSNormOp,ve,nvtx_operator_range,322294,6003058579,19421,19421,0,7,0,14664,163813,copy|elementwise_binary|elementwise_unary|reduce,"void at::native::unrolled_elementwise_kernel<at::native::direct_copy_kernel_cuda|void at::native::vectorized_elementwise_kernel<(int)4, void at::native::<unnamed|void at::native::reduce_kernel<(int)512, (int)1, at::native::ReduceOp<float, at:|void at::native::vectorized_elementwise_kernel<(int)4, at::native::CUDAFunctorOn|void at::native::vectorized_elementwise_kernel<(int)4, at::native::rsqrt_kernel_|void at::native::elementwise_kernel<(int)128, (int)2, void at::native::gpu_kerne|void at::native::vectorized_elementwise_kernel<(int)8, at::native::float16_copy_"
react_moa_mcts,measured,14,mcts-actor0,7,AddOp,ve,nvtx_operator_range,105475,6003394597,2016,2016,0,1,0,9924,2016,elementwise_binary,"void at::native::vectorized_elementwise_kernel<(int)8, at::native::CUDAFunctorOn"
react_moa_mcts,measured,14,mcts-actor0,8,RMSNormOp,ve,nvtx_operator_range,233363,6003507790,19070,19070,0,7,0,9287,128363,copy|elementwise_binary|elementwise_unary|reduce,"void at::native::unrolled_elementwise_kernel<at::native::direct_copy_kernel_cuda|void at::native::vectorized_elementwise_kernel<(int)4, void at::native::<unnamed|void at::native::reduce_kernel<(int)512, (int)1, at::native::ReduceOp<float, at:|void at::native::vectorized_elementwise_kernel<(int)4, at::native::CUDAFunctorOn|void at::native::vectorized_elementwise_kernel<(int)4, at::native::rsqrt_kernel_|void at::native::elementwise_kernel<(int)128, (int)2, void at::native::gpu_kerne|void at::native::vectorized_elementwise_kernel<(int)8, at::native::float16_copy_"
react_moa_mcts,measured,14,mcts-actor0,10,LinearOp,me,nvtx_operator_range,137239,6003749069,20124,20124,0,1,0,10898,20124,gemm,ampere_fp16_s1688gemm_fp16_128x64_sliced1x2_ldg8_f2f_nn
react_moa_mcts,measured,14,mcts-actor0,11,LinearOp,me,nvtx_operator_range,101589,6003894289,20061,20061,0,1,0,8894,20061,gemm,ampere_fp16_s1688gemm_fp16_128x64_sliced1x2_ldg8_f2f_nn
react_moa_mcts,measured,14,mcts-actor0,12,LinearOp,me,nvtx_operator_range,149249,6004003695,19965,19965,0,1,0,13187,19965,gemm,ampere_fp16_s1688gemm_fp16_128x64_sliced1x2_ldg8_f2f_nn
react_moa_mcts,measured,14,mcts-actor0,13,ViewOp,de,nvtx_operator_range,76990,6004162397,0,0,0,0,0,,,,
react_moa_mcts,measured,14,mcts-actor0,14,TransposeOp,de,nvtx_operator_range,131848,6004245992,12190,12190,0,1,0,12175,12190,copy,"void at::native::elementwise_kernel<(int)128, (int)4, void at::native::gpu_kerne"
react_moa_mcts,measured,14,mcts-actor1,6,RMSNormOp,ve,nvtx_operator_range,288850,6015999572,19388,19388,0,7,0,10486,143113,copy|elementwise_binary|elementwise_unary|reduce,"void at::native::unrolled_elementwise_kernel<at::native::direct_copy_kernel_cuda|void at::native::vectorized_elementwise_kernel<(int)4, void at::native::<unnamed|void at::native::reduce_kernel<(int)512, (int)1, at::native::ReduceOp<float, at:|void at::native::vectorized_elementwise_kernel<(int)4, at::native::CUDAFunctorOn|void at::native::vectorized_elementwise_kernel<(int)4, at::native::rsqrt_kernel_|void at::native::elementwise_kernel<(int)128, (int)2, void at::native::gpu_kerne|void at::native::vectorized_elementwise_kernel<(int)8, at::native::float16_copy_"
react_moa_mcts,measured,14,mcts-actor1,7,AddOp,ve,nvtx_operator_range,102555,6016300407,2047,2047,0,1,0,9468,2047,elementwise_binary,"void at::native::vectorized_elementwise_kernel<(int)8, at::native::CUDAFunctorOn"
react_moa_mcts,measured,14,mcts-actor1,8,RMSNormOp,ve,nvtx_operator_range,226792,6016410502,19103,19103,0,7,0,9332,123149,copy|elementwise_binary|elementwise_unary|reduce,"void at::native::unrolled_elementwise_kernel<at::native::direct_copy_kernel_cuda|void at::native::vectorized_elementwise_kernel<(int)4, void at::native::<unnamed|void at::native::reduce_kernel<(int)512, (int)1, at::native::ReduceOp<float, at:|void at::native::vectorized_elementwise_kernel<(int)4, at::native::CUDAFunctorOn|void at::native::vectorized_elementwise_kernel<(int)4, at::native::rsqrt_kernel_|void at::native::elementwise_kernel<(int)128, (int)2, void at::native::gpu_kerne|void at::native::vectorized_elementwise_kernel<(int)8, at::native::float16_copy_"
react_moa_mcts,measured,14,mcts-actor1,10,LinearOp,me,nvtx_operator_range,133015,6016646132,20093,20093,0,1,0,11204,20093,gemm,ampere_fp16_s1688gemm_fp16_128x64_sliced1x2_ldg8_f2f_nn
react_moa_mcts,measured,14,mcts-actor1,11,LinearOp,me,nvtx_operator_range,116236,6016787017,20221,20221,0,1,0,9506,20221,gemm,ampere_fp16_s1688gemm_fp16_128x64_sliced1x2_ldg8_f2f_nn
react_moa_mcts,measured,14,mcts-actor1,12,LinearOp,me,nvtx_operator_range,99100,6016911082,20189,20189,0,1,0,9215,20189,gemm,ampere_fp16_s1688gemm_fp16_128x64_sliced1x2_ldg8_f2f_nn
react_moa_mcts,measured,14,mcts-actor1,13,ViewOp,de,nvtx_operator_range,87839,6017017379,0,0,0,0,0,,,,
react_moa_mcts,measured,14,mcts-actor1,14,TransposeOp,de,nvtx_operator_range,127754,6017113062,12190,12190,0,1,0,12290,12190,copy,"void at::native::elementwise_kernel<(int)128, (int)4, void at::native::gpu_kerne"
react_moa_mcts,measured,14,moa-reduce,6,RMSNormOp,ve,nvtx_operator_range,309379,6028828317,19325,19325,0,7,0,10218,152328,copy|elementwise_binary|elementwise_unary|reduce,"void at::native::unrolled_elementwise_kernel<at::native::direct_copy_kernel_cuda|void at::native::vectorized_elementwise_kernel<(int)4, void at::native::<unnamed|void at::native::reduce_kernel<(int)512, (int)1, at::native::ReduceOp<float, at:|void at::native::vectorized_elementwise_kernel<(int)4, at::native::CUDAFunctorOn|void at::native::vectorized_elementwise_kernel<(int)4, at::native::rsqrt_kernel_|void at::native::elementwise_kernel<(int)128, (int)2, void at::native::gpu_kerne|void at::native::vectorized_elementwise_kernel<(int)8, at::native::float16_copy_"
react_moa_mcts,measured,14,moa-reduce,7,AddOp,ve,nvtx_operator_range,103030,6029149818,2016,2016,0,1,0,9609,2016,elementwise_binary,"void at::native::vectorized_elementwise_kernel<(int)8, at::native::CUDAFunctorOn"
react_moa_mcts,measured,14,moa-reduce,8,RMSNormOp,ve,nvtx_operator_range,245040,6029260180,19294,19294,0,7,0,9330,137962,copy|elementwise_binary|elementwise_unary|reduce,"void at::native::unrolled_elementwise_kernel<at::native::direct_copy_kernel_cuda|void at::native::vectorized_elementwise_kernel<(int)4, void at::native::<unnamed|void at::native::reduce_kernel<(int)512, (int)1, at::native::ReduceOp<float, at:|void at::native::vectorized_elementwise_kernel<(int)4, at::native::CUDAFunctorOn|void at::native::vectorized_elementwise_kernel<(int)4, at::native::rsqrt_kernel_|void at::native::elementwise_kernel<(int)128, (int)2, void at::native::gpu_kerne|void at::native::vectorized_elementwise_kernel<(int)8, at::native::float16_copy_"
react_moa_mcts,measured,14,moa-reduce,10,LinearOp,me,nvtx_operator_range,130412,6029514200,20221,20221,0,1,0,11245,20221,gemm,ampere_fp16_s1688gemm_fp16_128x64_sliced1x2_ldg8_f2f_nn
react_moa_mcts,measured,14,moa-reduce,11,LinearOp,me,nvtx_operator_range,101421,6029652338,20189,20189,0,1,0,9146,20189,gemm,ampere_fp16_s1688gemm_fp16_128x64_sliced1x2_ldg8_f2f_nn
react_moa_mcts,measured,14,moa-reduce,12,LinearOp,me,nvtx_operator_range,95074,6029760622,19933,19933,0,1,0,9096,19933,gemm,ampere_fp16_s1688gemm_fp16_128x64_sliced1x2_ldg8_f2f_nn
react_moa_mcts,measured,14,moa-reduce,13,ViewOp,de,nvtx_operator_range,71604,6029862076,0,0,0,0,0,,,,
react_moa_mcts,measured,14,moa-reduce,14,TransposeOp,de,nvtx_operator_range,135830,6029940929,12702,12702,0,1,0,10880,12702,copy,"void at::native::elementwise_kernel<(int)128, (int)4, void at::native::gpu_kerne"
react_moa_mcts,measured,14,react-answer,6,RMSNormOp,ve,nvtx_operator_range,267427,6039329391,17983,17983,0,7,0,9886,138954,copy|elementwise_binary|elementwise_unary|reduce,"void at::native::unrolled_elementwise_kernel<at::native::direct_copy_kernel_cuda|void at::native::vectorized_elementwise_kernel<(int)4, void at::native::<unnamed|void at::native::reduce_kernel<(int)512, (int)1, at::native::ReduceOp<float, at:|void at::native::vectorized_elementwise_kernel<(int)4, at::native::CUDAFunctorOn|void at::native::vectorized_elementwise_kernel<(int)4, at::native::rsqrt_kernel_|void at::native::elementwise_kernel<(int)128, (int)2, void at::native::gpu_kerne|void at::native::vectorized_elementwise_kernel<(int)8, at::native::float16_copy_"
react_moa_mcts,measured,14,react-answer,7,AddOp,ve,nvtx_operator_range,100463,6039607668,1663,1663,0,1,0,9402,1663,elementwise_binary,"void at::native::vectorized_elementwise_kernel<(int)8, at::native::CUDAFunctorOn"
react_moa_mcts,measured,14,react-answer,8,RMSNormOp,ve,nvtx_operator_range,227278,6039716731,17342,17342,0,7,0,9164,121965,copy|elementwise_binary|elementwise_unary|reduce,"void at::native::unrolled_elementwise_kernel<at::native::direct_copy_kernel_cuda|void at::native::vectorized_elementwise_kernel<(int)4, void at::native::<unnamed|void at::native::reduce_kernel<(int)512, (int)1, at::native::ReduceOp<float, at:|void at::native::vectorized_elementwise_kernel<(int)4, at::native::CUDAFunctorOn|void at::native::vectorized_elementwise_kernel<(int)4, at::native::rsqrt_kernel_|void at::native::elementwise_kernel<(int)128, (int)2, void at::native::gpu_kerne|void at::native::vectorized_elementwise_kernel<(int)8, at::native::float16_copy_"
react_moa_mcts,measured,14,react-answer,10,LinearOp,me,nvtx_operator_range,154762,6039953237,14557,14557,0,1,0,27779,14557,gemm,ampere_fp16_s16816gemm_fp16_128x64_ldg8_f2f_stages_32x6_nn
react_moa_mcts,measured,14,react-answer,11,LinearOp,me,nvtx_operator_range,105432,6040116597,14654,14654,0,1,0,9517,14654,gemm,ampere_fp16_s16816gemm_fp16_128x64_ldg8_f2f_stages_32x6_nn
react_moa_mcts,measured,14,react-answer,12,LinearOp,me,nvtx_operator_range,96528,6040229002,14526,14526,0,1,0,9122,14526,gemm,ampere_fp16_s16816gemm_fp16_128x64_ldg8_f2f_stages_32x6_nn
react_moa_mcts,measured,14,react-answer,13,ViewOp,de,nvtx_operator_range,71922,6040332867,0,0,0,0,0,,,,
react_moa_mcts,measured,14,react-answer,14,TransposeOp,de,nvtx_operator_range,122522,6040411319,12062,12062,0,1,0,11060,12062,copy,"void at::native::elementwise_kernel<(int)128, (int)4, void at::native::gpu_kerne"
react_moa_mcts,measured,14,mcts-critic,6,RMSNormOp,ve,nvtx_operator_range,391051,6051769925,133483,133483,0,7,0,17943,236250,copy|elementwise_binary|elementwise_unary|reduce,"void at::native::unrolled_elementwise_kernel<at::native::direct_copy_kernel_cuda|void at::native::vectorized_elementwise_kernel<(int)4, void at::native::<unnamed|void at::native::reduce_kernel<(int)512, (int)1, at::native::ReduceOp<float, at:|void at::native::vectorized_elementwise_kernel<(int)4, at::native::CUDAFunctorOn|void at::native::vectorized_elementwise_kernel<(int)4, at::native::rsqrt_kernel_|void at::native::elementwise_kernel<(int)128, (int)2, void at::native::gpu_kerne|void at::native::vectorized_elementwise_kernel<(int)8, at::native::float16_copy_"
react_moa_mcts,measured,14,mcts-critic,7,AddOp,ve,nvtx_operator_range,122650,6052173549,18717,18717,0,1,0,26046,18717,elementwise_binary,"void at::native::vectorized_elementwise_kernel<(int)8, at::native::CUDAFunctorOn"
react_moa_mcts,measured,14,mcts-critic,8,RMSNormOp,ve,nvtx_operator_range,233647,6052303941,19166,19166,0,7,0,117555,23228,copy|elementwise_binary|elementwise_unary|reduce,"void at::native::unrolled_elementwise_kernel<at::native::direct_copy_kernel_cuda|void at::native::vectorized_elementwise_kernel<(int)4, void at::native::<unnamed|void at::native::reduce_kernel<(int)512, (int)1, at::native::ReduceOp<float, at:|void at::native::vectorized_elementwise_kernel<(int)4, at::native::CUDAFunctorOn|void at::native::vectorized_elementwise_kernel<(int)4, at::native::rsqrt_kernel_|void at::native::elementwise_kernel<(int)128, (int)2, void at::native::gpu_kerne|void at::native::vectorized_elementwise_kernel<(int)8, at::native::float16_copy_"
react_moa_mcts,measured,14,mcts-critic,10,LinearOp,me,nvtx_operator_range,128550,6052545613,20188,20188,0,1,0,11387,20188,gemm,ampere_fp16_s1688gemm_fp16_128x64_sliced1x2_ldg8_f2f_nn
react_moa_mcts,measured,14,mcts-critic,11,LinearOp,me,nvtx_operator_range,100610,6052682134,20285,20285,0,1,0,9249,20285,gemm,ampere_fp16_s1688gemm_fp16_128x64_sliced1x2_ldg8_f2f_nn
react_moa_mcts,measured,14,mcts-critic,12,LinearOp,me,nvtx_operator_range,96935,6052789666,20060,20060,0,1,0,9408,20060,gemm,ampere_fp16_s1688gemm_fp16_128x64_sliced1x2_ldg8_f2f_nn
react_moa_mcts,measured,14,mcts-critic,13,ViewOp,de,nvtx_operator_range,72619,6052893545,0,0,0,0,0,,,,
react_moa_mcts,measured,14,mcts-critic,14,TransposeOp,de,nvtx_operator_range,136266,6052972491,12158,12158,0,1,0,11466,12158,copy,"void at::native::elementwise_kernel<(int)128, (int)4, void at::native::gpu_kerne"
react_moa_mcts,measured,15,react-plan,,call_overhead,,gap_before_operator,,,88978,5024,83954,2,1,15708,227355,elementwise_binary|memcpy|rng_init,"memcpy_Host-to-Device|void at::native::<unnamed>::distribution_elementwise_grid_stride_kernel<float, (|void at::native::vectorized_elementwise_kernel<(int)8, at::native::BUnaryFunctor"
react_moa_mcts,measured,15,moa-map0,,call_overhead,,gap_before_operator,,,249976,7007,242969,2,2,15576,11174015,elementwise_binary|memcpy|rng_init,"memcpy_Device-to-Host|memcpy_Host-to-Device|void at::native::<unnamed>::distribution_elementwise_grid_stride_kernel<float, (|void at::native::vectorized_elementwise_kernel<(int)8, at::native::BUnaryFunctor"
react_moa_mcts,measured,15,moa-map1,,call_overhead,,gap_before_operator,,,322123,7070,315053,2,2,14749,11286605,elementwise_binary|memcpy|rng_init,"memcpy_Device-to-Host|memcpy_Host-to-Device|void at::native::<unnamed>::distribution_elementwise_grid_stride_kernel<float, (|void at::native::vectorized_elementwise_kernel<(int)8, at::native::BUnaryFunctor"
react_moa_mcts,measured,15,moa-map2,,call_overhead,,gap_before_operator,,,323243,7102,316141,2,2,14056,12122342,elementwise_binary|memcpy|rng_init,"memcpy_Device-to-Host|memcpy_Host-to-Device|void at::native::<unnamed>::distribution_elementwise_grid_stride_kernel<float, (|void at::native::vectorized_elementwise_kernel<(int)8, at::native::BUnaryFunctor"
react_moa_mcts,measured,15,mcts-root,,call_overhead,,gap_before_operator,,,316558,7103,309455,2,2,16157,11763808,elementwise_binary|memcpy|rng_init,"memcpy_Device-to-Host|memcpy_Host-to-Device|void at::native::<unnamed>::distribution_elementwise_grid_stride_kernel<float, (|void at::native::vectorized_elementwise_kernel<(int)8, at::native::BUnaryFunctor"
react_moa_mcts,measured,15,mcts-actor0,,call_overhead,,gap_before_operator,,,321774,7040,314734,2,2,15295,13388155,elementwise_binary|memcpy|rng_init,"memcpy_Device-to-Host|memcpy_Host-to-Device|void at::native::<unnamed>::distribution_elementwise_grid_stride_kernel<float, (|void at::native::vectorized_elementwise_kernel<(int)8, at::native::BUnaryFunctor"
react_moa_mcts,measured,15,mcts-actor1,,call_overhead,,gap_before_operator,,,316620,7007,309613,2,2,15093,11502826,elementwise_binary|memcpy|rng_init,"memcpy_Device-to-Host|memcpy_Host-to-Device|void at::native::<unnamed>::distribution_elementwise_grid_stride_kernel<float, (|void at::native::vectorized_elementwise_kernel<(int)8, at::native::BUnaryFunctor"
react_moa_mcts,measured,15,moa-reduce,,call_overhead,,gap_before_operator,,,320685,7039,313646,2,2,14883,11441268,elementwise_binary|memcpy|rng_init,"memcpy_Device-to-Host|memcpy_Host-to-Device|void at::native::<unnamed>::distribution_elementwise_grid_stride_kernel<float, (|void at::native::vectorized_elementwise_kernel<(int)8, at::native::BUnaryFunctor"
react_moa_mcts,measured,15,react-answer,,call_overhead,,gap_before_operator,,,282898,6751,276147,2,2,14883,10497419,elementwise_binary|memcpy|rng_init,"memcpy_Device-to-Host|memcpy_Host-to-Device|void at::native::<unnamed>::distribution_elementwise_grid_stride_kernel<float, (|void at::native::vectorized_elementwise_kernel<(int)8, at::native::BUnaryFunctor"
react_moa_mcts,measured,15,mcts-critic,,call_overhead,,gap_before_operator,,,440825,6975,433850,2,3,15558,14649617,elementwise_binary|memcpy|rng_init,"memcpy_Device-to-Host|memcpy_Host-to-Device|void at::native::<unnamed>::distribution_elementwise_grid_stride_kernel<float, (|void at::native::vectorized_elementwise_kernel<(int)8, at::native::BUnaryFunctor"
react_moa_mcts,measured,15,react-plan,6,RMSNormOp,ve,nvtx_operator_range,273845,6060595374,15677,15677,0,7,0,9592,141033,copy|elementwise_binary|elementwise_unary|reduce,"void at::native::unrolled_elementwise_kernel<at::native::direct_copy_kernel_cuda|void at::native::vectorized_elementwise_kernel<(int)4, void at::native::<unnamed|void at::native::reduce_kernel<(int)512, (int)1, at::native::ReduceOp<float, at:|void at::native::vectorized_elementwise_kernel<(int)4, at::native::CUDAFunctorOn|void at::native::vectorized_elementwise_kernel<(int)4, at::native::rsqrt_kernel_|void at::native::elementwise_kernel<(int)128, (int)2, void at::native::gpu_kerne|void at::native::vectorized_elementwise_kernel<(int)8, at::native::float16_copy_"
react_moa_mcts,measured,15,react-plan,7,AddOp,ve,nvtx_operator_range,100079,6060880001,1440,1440,0,1,0,9007,1440,elementwise_binary,"void at::native::vectorized_elementwise_kernel<(int)8, at::native::CUDAFunctorOn"
react_moa_mcts,measured,15,react-plan,8,RMSNormOp,ve,nvtx_operator_range,247093,6060987685,15549,15549,0,7,0,10320,126284,copy|elementwise_binary|elementwise_unary|reduce,"void at::native::unrolled_elementwise_kernel<at::native::direct_copy_kernel_cuda|void at::native::vectorized_elementwise_kernel<(int)4, void at::native::<unnamed|void at::native::reduce_kernel<(int)512, (int)1, at::native::ReduceOp<float, at:|void at::native::vectorized_elementwise_kernel<(int)4, at::native::CUDAFunctorOn|void at::native::vectorized_elementwise_kernel<(int)4, at::native::rsqrt_kernel_|void at::native::elementwise_kernel<(int)128, (int)2, void at::native::gpu_kerne|void at::native::vectorized_elementwise_kernel<(int)8, at::native::float16_copy_"
react_moa_mcts,measured,15,react-plan,10,LinearOp,me,nvtx_operator_range,189728,6061243937,13022,12574,448,1,1,21207,22780,gemm|memset,memset|void cutlass::Kernel2<cutlass_80_tensorop_f16_s16816gemm_relu_f16_64x64_32x6_nn_
react_moa_mcts,measured,15,react-plan,11,LinearOp,me,nvtx_operator_range,121306,6061442700,12638,12222,416,1,1,8165,20477,gemm|memset,memset|void cutlass::Kernel2<cutlass_80_tensorop_f16_s16816gemm_relu_f16_64x64_32x6_nn_
react_moa_mcts,measured,15,react-plan,12,LinearOp,me,nvtx_operator_range,110994,6061573021,12638,12190,448,1,1,7648,20061,gemm|memset,memset|void cutlass::Kernel2<cutlass_80_tensorop_f16_s16816gemm_relu_f16_64x64_32x6_nn_
react_moa_mcts,measured,15,react-plan,13,ViewOp,de,nvtx_operator_range,71609,6061691754,0,0,0,0,0,,,,
react_moa_mcts,measured,15,react-plan,14,TransposeOp,de,nvtx_operator_range,127670,6061769718,9375,9375,0,1,0,12061,9375,copy,"void at::native::elementwise_kernel<(int)128, (int)4, void at::native::gpu_kerne"
react_moa_mcts,measured,15,moa-map0,6,RMSNormOp,ve,nvtx_operator_range,292299,6073123243,19357,19357,0,7,0,9895,142505,copy|elementwise_binary|elementwise_unary|reduce,"void at::native::unrolled_elementwise_kernel<at::native::direct_copy_kernel_cuda|void at::native::vectorized_elementwise_kernel<(int)4, void at::native::<unnamed|void at::native::reduce_kernel<(int)512, (int)1, at::native::ReduceOp<float, at:|void at::native::vectorized_elementwise_kernel<(int)4, at::native::CUDAFunctorOn|void at::native::vectorized_elementwise_kernel<(int)4, at::native::rsqrt_kernel_|void at::native::elementwise_kernel<(int)128, (int)2, void at::native::gpu_kerne|void at::native::vectorized_elementwise_kernel<(int)8, at::native::float16_copy_"
react_moa_mcts,measured,15,moa-map0,7,AddOp,ve,nvtx_operator_range,102486,6073427256,2080,2080,0,1,0,9605,2080,elementwise_binary,"void at::native::vectorized_elementwise_kernel<(int)8, at::native::CUDAFunctorOn"
react_moa_mcts,measured,15,moa-map0,8,RMSNormOp,ve,nvtx_operator_range,242603,6073537337,19134,19134,0,7,0,9942,126828,copy|elementwise_binary|elementwise_unary|reduce,"void at::native::unrolled_elementwise_kernel<at::native::direct_copy_kernel_cuda|void at::native::vectorized_elementwise_kernel<(int)4, void at::native::<unnamed|void at::native::reduce_kernel<(int)512, (int)1, at::native::ReduceOp<float, at:|void at::native::vectorized_elementwise_kernel<(int)4, at::native::CUDAFunctorOn|void at::native::vectorized_elementwise_kernel<(int)4, at::native::rsqrt_kernel_|void at::native::elementwise_kernel<(int)128, (int)2, void at::native::gpu_kerne|void at::native::vectorized_elementwise_kernel<(int)8, at::native::float16_copy_"
react_moa_mcts,measured,15,moa-map0,10,LinearOp,me,nvtx_operator_range,149818,6073794958,20125,20125,0,1,0,15583,20125,gemm,ampere_fp16_s1688gemm_fp16_128x64_sliced1x2_ldg8_f2f_nn
react_moa_mcts,measured,15,moa-map0,11,LinearOp,me,nvtx_operator_range,125049,6073953306,20157,20157,0,1,0,11052,20157,gemm,ampere_fp16_s1688gemm_fp16_128x64_sliced1x2_ldg8_f2f_nn
react_moa_mcts,measured,15,moa-map0,12,LinearOp,me,nvtx_operator_range,101369,6074085720,20061,20061,0,1,0,9655,20061,gemm,ampere_fp16_s1688gemm_fp16_128x64_sliced1x2_ldg8_f2f_nn
react_moa_mcts,measured,15,moa-map0,13,ViewOp,de,nvtx_operator_range,71256,6074194718,0,0,0,0,0,,,,
react_moa_mcts,measured,15,moa-map0,14,TransposeOp,de,nvtx_operator_range,127285,6074271969,12158,12158,0,1,0,11703,12158,copy,"void at::native::elementwise_kernel<(int)128, (int)4, void at::native::gpu_kerne"
react_moa_mcts,measured,15,moa-map1,6,RMSNormOp,ve,nvtx_operator_range,278961,6085739673,19389,19389,0,7,0,9906,142185,copy|elementwise_binary|elementwise_unary|reduce,"void at::native::unrolled_elementwise_kernel<at::native::direct_copy_kernel_cuda|void at::native::vectorized_elementwise_kernel<(int)4, void at::native::<unnamed|void at::native::reduce_kernel<(int)512, (int)1, at::native::ReduceOp<float, at:|void at::native::vectorized_elementwise_kernel<(int)4, at::native::CUDAFunctorOn|void at::native::vectorized_elementwise_kernel<(int)4, at::native::rsqrt_kernel_|void at::native::elementwise_kernel<(int)128, (int)2, void at::native::gpu_kerne|void at::native::vectorized_elementwise_kernel<(int)8, at::native::float16_copy_"
react_moa_mcts,measured,15,moa-map1,7,AddOp,ve,nvtx_operator_range,107901,6086042440,2080,2080,0,1,0,10080,2080,elementwise_binary,"void at::native::vectorized_elementwise_kernel<(int)8, at::native::CUDAFunctorOn"
react_moa_mcts,measured,15,moa-map1,8,RMSNormOp,ve,nvtx_operator_range,234044,6086158553,19230,19230,0,7,0,9687,127756,copy|elementwise_binary|elementwise_unary|reduce,"void at::native::unrolled_elementwise_kernel<at::native::direct_copy_kernel_cuda|void at::native::vectorized_elementwise_kernel<(int)4, void at::native::<unnamed|void at::native::reduce_kernel<(int)512, (int)1, at::native::ReduceOp<float, at:|void at::native::vectorized_elementwise_kernel<(int)4, at::native::CUDAFunctorOn|void at::native::vectorized_elementwise_kernel<(int)4, at::native::rsqrt_kernel_|void at::native::elementwise_kernel<(int)128, (int)2, void at::native::gpu_kerne|void at::native::vectorized_elementwise_kernel<(int)8, at::native::float16_copy_"
react_moa_mcts,measured,15,moa-map1,10,LinearOp,me,nvtx_operator_range,129855,6086401494,20125,20125,0,1,0,11408,20125,gemm,ampere_fp16_s1688gemm_fp16_128x64_sliced1x2_ldg8_f2f_nn
react_moa_mcts,measured,15,moa-map1,11,LinearOp,me,nvtx_operator_range,100529,6086539110,20221,20221,0,1,0,9397,20221,gemm,ampere_fp16_s1688gemm_fp16_128x64_sliced1x2_ldg8_f2f_nn
react_moa_mcts,measured,15,moa-map1,12,LinearOp,me,nvtx_operator_range,100523,6086646487,20029,20029,0,1,0,14018,20029,gemm,ampere_fp16_s1688gemm_fp16_128x64_sliced1x2_ldg8_f2f_nn
react_moa_mcts,measured,15,moa-map1,13,ViewOp,de,nvtx_operator_range,72488,6086753906,0,0,0,0,0,,,,
react_moa_mcts,measured,15,moa-map1,14,TransposeOp,de,nvtx_operator_range,123544,6086833130,12286,12286,0,1,0,11692,12286,copy,"void at::native::elementwise_kernel<(int)128, (int)4, void at::native::gpu_kerne"
react_moa_mcts,measured,15,moa-map2,6,RMSNormOp,ve,nvtx_operator_range,319292,6099159593,19133,19133,0,7,0,10808,159110,copy|elementwise_binary|elementwise_unary|reduce,"void at::native::unrolled_elementwise_kernel<at::native::direct_copy_kernel_cuda|void at::native::vectorized_elementwise_kernel<(int)4, void at::native::<unnamed|void at::native::reduce_kernel<(int)512, (int)1, at::native::ReduceOp<float, at:|void at::native::vectorized_elementwise_kernel<(int)4, at::native::CUDAFunctorOn|void at::native::vectorized_elementwise_kernel<(int)4, at::native::rsqrt_kernel_|void at::native::elementwise_kernel<(int)128, (int)2, void at::native::gpu_kerne|void at::native::vectorized_elementwise_kernel<(int)8, at::native::float16_copy_"
react_moa_mcts,measured,15,moa-map2,7,AddOp,ve,nvtx_operator_range,107718,6099493462,2016,2016,0,1,0,9640,2016,elementwise_binary,"void at::native::vectorized_elementwise_kernel<(int)8, at::native::CUDAFunctorOn"
react_moa_mcts,measured,15,moa-map2,8,RMSNormOp,ve,nvtx_operator_range,238274,6099609075,19132,19132,0,7,0,9676,129995,copy|elementwise_binary|elementwise_unary|reduce,"void at::native::unrolled_elementwise_kernel<at::native::direct_copy_kernel_cuda|void at::native::vectorized_elementwise_kernel<(int)4, void at::native::<unnamed|void at::native::reduce_kernel<(int)512, (int)1, at::native::ReduceOp<float, at:|void at::native::vectorized_elementwise_kernel<(int)4, at::native::CUDAFunctorOn|void at::native::vectorized_elementwise_kernel<(int)4, at::native::rsqrt_kernel_|void at::native::elementwise_kernel<(int)128, (int)2, void at::native::gpu_kerne|void at::native::vectorized_elementwise_kernel<(int)8, at::native::float16_copy_"
react_moa_mcts,measured,15,moa-map2,10,LinearOp,me,nvtx_operator_range,147648,6099855907,20093,20093,0,1,0,12132,20093,gemm,ampere_fp16_s1688gemm_fp16_128x64_sliced1x2_ldg8_f2f_nn
react_moa_mcts,measured,15,moa-map2,11,LinearOp,me,nvtx_operator_range,124069,6100011247,20253,20253,0,1,0,10109,20253,gemm,ampere_fp16_s1688gemm_fp16_128x64_sliced1x2_ldg8_f2f_nn
react_moa_mcts,measured,15,moa-map2,12,LinearOp,me,nvtx_operator_range,98110,6100142706,20221,20221,0,1,0,9297,20221,gemm,ampere_fp16_s1688gemm_fp16_128x64_sliced1x2_ldg8_f2f_nn
react_moa_mcts,measured,15,moa-map2,13,ViewOp,de,nvtx_operator_range,76512,6100248425,0,0,0,0,0,,,,
react_moa_mcts,measured,15,moa-map2,14,TransposeOp,de,nvtx_operator_range,131366,6100331164,12670,12670,0,1,0,11585,12670,copy,"void at::native::elementwise_kernel<(int)128, (int)4, void at::native::gpu_kerne"
react_moa_mcts,measured,15,mcts-root,6,RMSNormOp,ve,nvtx_operator_range,294292,6112287981,19519,19519,0,7,0,11177,154600,copy|elementwise_binary|elementwise_unary|reduce,"void at::native::unrolled_elementwise_kernel<at::native::direct_copy_kernel_cuda|void at::native::vectorized_elementwise_kernel<(int)4, void at::native::<unnamed|void at::native::reduce_kernel<(int)512, (int)1, at::native::ReduceOp<float, at:|void at::native::vectorized_elementwise_kernel<(int)4, at::native::CUDAFunctorOn|void at::native::vectorized_elementwise_kernel<(int)4, at::native::rsqrt_kernel_|void at::native::elementwise_kernel<(int)128, (int)2, void at::native::gpu_kerne|void at::native::vectorized_elementwise_kernel<(int)8, at::native::float16_copy_"
react_moa_mcts,measured,15,mcts-root,7,AddOp,ve,nvtx_operator_range,102830,6112593729,2080,2080,0,1,0,9339,2080,elementwise_binary,"void at::native::vectorized_elementwise_kernel<(int)8, at::native::CUDAFunctorOn"
react_moa_mcts,measured,15,mcts-root,8,RMSNormOp,ve,nvtx_operator_range,232285,6112704703,19198,19198,0,7,0,9771,125516,copy|elementwise_binary|elementwise_unary|reduce,"void at::native::unrolled_elementwise_kernel<at::native::direct_copy_kernel_cuda|void at::native::vectorized_elementwise_kernel<(int)4, void at::native::<unnamed|void at::native::reduce_kernel<(int)512, (int)1, at::native::ReduceOp<float, at:|void at::native::vectorized_elementwise_kernel<(int)4, at::native::CUDAFunctorOn|void at::native::vectorized_elementwise_kernel<(int)4, at::native::rsqrt_kernel_|void at::native::elementwise_kernel<(int)128, (int)2, void at::native::gpu_kerne|void at::native::vectorized_elementwise_kernel<(int)8, at::native::float16_copy_"
react_moa_mcts,measured,15,mcts-root,10,LinearOp,me,nvtx_operator_range,163832,6112945567,20093,20093,0,1,0,28422,20093,gemm,ampere_fp16_s1688gemm_fp16_128x64_sliced1x2_ldg8_f2f_nn
react_moa_mcts,measured,15,mcts-root,11,LinearOp,me,nvtx_operator_range,108187,6113117377,20125,20125,0,1,0,10001,20125,gemm,ampere_fp16_s1688gemm_fp16_128x64_sliced1x2_ldg8_f2f_nn
react_moa_mcts,measured,15,mcts-root,12,LinearOp,me,nvtx_operator_range,97921,6113232375,19997,19997,0,1,0,9162,19997,gemm,ampere_fp16_s1688gemm_fp16_128x64_sliced1x2_ldg8_f2f_nn
react_moa_mcts,measured,15,mcts-root,13,ViewOp,de,nvtx_operator_range,84211,6113337663,0,0,0,0,0,,,,
react_moa_mcts,measured,15,mcts-root,14,TransposeOp,de,nvtx_operator_range,135913,6113434677,12318,12318,0,1,0,13068,12318,copy,"void at::native::elementwise_kernel<(int)128, (int)4, void at::native::gpu_kerne"
react_moa_mcts,measured,15,mcts-actor0,6,RMSNormOp,ve,nvtx_operator_range,313908,6127015423,19418,19418,0,7,0,10942,152615,copy|elementwise_binary|elementwise_unary|reduce,"void at::native::unrolled_elementwise_kernel<at::native::direct_copy_kernel_cuda|void at::native::vectorized_elementwise_kernel<(int)4, void at::native::<unnamed|void at::native::reduce_kernel<(int)512, (int)1, at::native::ReduceOp<float, at:|void at::native::vectorized_elementwise_kernel<(int)4, at::native::CUDAFunctorOn|void at::native::vectorized_elementwise_kernel<(int)4, at::native::rsqrt_kernel_|void at::native::elementwise_kernel<(int)128, (int)2, void at::native::gpu_kerne|void at::native::vectorized_elementwise_kernel<(int)8, at::native::float16_copy_"
react_moa_mcts,measured,15,mcts-actor0,7,AddOp,ve,nvtx_operator_range,109042,6127351525,2080,2080,0,1,0,10030,2080,elementwise_binary,"void at::native::vectorized_elementwise_kernel<(int)8, at::native::CUDAFunctorOn"
react_moa_mcts,measured,15,mcts-actor0,8,RMSNormOp,ve,nvtx_operator_range,236927,6127468783,19069,19069,0,7,0,9650,128428,copy|elementwise_binary|elementwise_unary|reduce,"void at::native::unrolled_elementwise_kernel<at::native::direct_copy_kernel_cuda|void at::native::vectorized_elementwise_kernel<(int)4, void at::native::<unnamed|void at::native::reduce_kernel<(int)512, (int)1, at::native::ReduceOp<float, at:|void at::native::vectorized_elementwise_kernel<(int)4, at::native::CUDAFunctorOn|void at::native::vectorized_elementwise_kernel<(int)4, at::native::rsqrt_kernel_|void at::native::elementwise_kernel<(int)128, (int)2, void at::native::gpu_kerne|void at::native::vectorized_elementwise_kernel<(int)8, at::native::float16_copy_"
react_moa_mcts,measured,15,mcts-actor0,10,LinearOp,me,nvtx_operator_range,139136,6127714253,20060,20060,0,1,0,12217,20060,gemm,ampere_fp16_s1688gemm_fp16_128x64_sliced1x2_ldg8_f2f_nn
react_moa_mcts,measured,15,mcts-actor0,11,LinearOp,me,nvtx_operator_range,102768,6127860751,19965,19965,0,1,0,9448,19965,gemm,ampere_fp16_s1688gemm_fp16_128x64_sliced1x2_ldg8_f2f_nn
react_moa_mcts,measured,15,mcts-actor0,12,LinearOp,me,nvtx_operator_range,110566,6127970533,20060,20060,0,1,0,9067,20060,gemm,ampere_fp16_s1688gemm_fp16_128x64_sliced1x2_ldg8_f2f_nn
react_moa_mcts,measured,15,mcts-actor0,13,ViewOp,de,nvtx_operator_range,74125,6128088731,0,0,0,0,0,,,,
react_moa_mcts,measured,15,mcts-actor0,14,TransposeOp,de,nvtx_operator_range,128569,6128169385,12190,12190,0,1,0,12188,12190,copy,"void at::native::elementwise_kernel<(int)128, (int)4, void at::native::gpu_kerne"
react_moa_mcts,measured,15,mcts-actor1,6,RMSNormOp,ve,nvtx_operator_range,360587,6139854724,19388,19388,0,7,0,9441,191073,copy|elementwise_binary|elementwise_unary|reduce,"void at::native::unrolled_elementwise_kernel<at::native::direct_copy_kernel_cuda|void at::native::vectorized_elementwise_kernel<(int)4, void at::native::<unnamed|void at::native::reduce_kernel<(int)512, (int)1, at::native::ReduceOp<float, at:|void at::native::vectorized_elementwise_kernel<(int)4, at::native::CUDAFunctorOn|void at::native::vectorized_elementwise_kernel<(int)4, at::native::rsqrt_kernel_|void at::native::elementwise_kernel<(int)128, (int)2, void at::native::gpu_kerne|void at::native::vectorized_elementwise_kernel<(int)8, at::native::float16_copy_"
react_moa_mcts,measured,15,mcts-actor1,7,AddOp,ve,nvtx_operator_range,116646,6140229658,2111,2111,0,1,0,11855,2111,elementwise_binary,"void at::native::vectorized_elementwise_kernel<(int)8, at::native::CUDAFunctorOn"
react_moa_mcts,measured,15,mcts-actor1,8,RMSNormOp,ve,nvtx_operator_range,252037,6140354569,19101,19101,0,7,0,10676,136138,copy|elementwise_binary|elementwise_unary|reduce,"void at::native::unrolled_elementwise_kernel<at::native::direct_copy_kernel_cuda|void at::native::vectorized_elementwise_kernel<(int)4, void at::native::<unnamed|void at::native::reduce_kernel<(int)512, (int)1, at::native::ReduceOp<float, at:|void at::native::vectorized_elementwise_kernel<(int)4, at::native::CUDAFunctorOn|void at::native::vectorized_elementwise_kernel<(int)4, at::native::rsqrt_kernel_|void at::native::elementwise_kernel<(int)128, (int)2, void at::native::gpu_kerne|void at::native::vectorized_elementwise_kernel<(int)8, at::native::float16_copy_"
react_moa_mcts,measured,15,mcts-actor1,10,LinearOp,me,nvtx_operator_range,133249,6140615956,20189,20189,0,1,0,11682,20189,gemm,ampere_fp16_s1688gemm_fp16_128x64_sliced1x2_ldg8_f2f_nn
react_moa_mcts,measured,15,mcts-actor1,11,LinearOp,me,nvtx_operator_range,102281,6140756743,20253,20253,0,1,0,9535,20253,gemm,ampere_fp16_s1688gemm_fp16_128x64_sliced1x2_ldg8_f2f_nn
react_moa_mcts,measured,15,mcts-actor1,12,LinearOp,me,nvtx_operator_range,95670,6140867242,20157,20157,0,1,0,8897,20157,gemm,ampere_fp16_s1688gemm_fp16_128x64_sliced1x2_ldg8_f2f_nn
react_moa_mcts,measured,15,mcts-actor1,13,ViewOp,de,nvtx_operator_range,93785,6140970212,0,0,0,0,0,,,,
react_moa_mcts,measured,15,mcts-actor1,14,TransposeOp,de,nvtx_operator_range,131609,6141071231,12478,12478,0,1,0,12784,12478,copy,"void at::native::elementwise_kernel<(int)128, (int)4, void at::native::gpu_kerne"
react_moa_mcts,measured,15,moa-reduce,6,RMSNormOp,ve,nvtx_operator_range,268778,6152696176,19419,19419,0,7,0,9419,140201,copy|elementwise_binary|elementwise_unary|reduce,"void at::native::unrolled_elementwise_kernel<at::native::direct_copy_kernel_cuda|void at::native::vectorized_elementwise_kernel<(int)4, void at::native::<unnamed|void at::native::reduce_kernel<(int)512, (int)1, at::native::ReduceOp<float, at:|void at::native::vectorized_elementwise_kernel<(int)4, at::native::CUDAFunctorOn|void at::native::vectorized_elementwise_kernel<(int)4, at::native::rsqrt_kernel_|void at::native::elementwise_kernel<(int)128, (int)2, void at::native::gpu_kerne|void at::native::vectorized_elementwise_kernel<(int)8, at::native::float16_copy_"
react_moa_mcts,measured,15,moa-reduce,7,AddOp,ve,nvtx_operator_range,143078,6152985937,2048,2048,0,1,0,11859,2048,elementwise_binary,"void at::native::vectorized_elementwise_kernel<(int)8, at::native::CUDAFunctorOn"
react_moa_mcts,measured,15,moa-reduce,8,RMSNormOp,ve,nvtx_operator_range,250184,6153138455,19167,19167,0,7,0,11008,134507,copy|elementwise_binary|elementwise_unary|reduce,"void at::native::unrolled_elementwise_kernel<at::native::direct_copy_kernel_cuda|void at::native::vectorized_elementwise_kernel<(int)4, void at::native::<unnamed|void at::native::reduce_kernel<(int)512, (int)1, at::native::ReduceOp<float, at:|void at::native::vectorized_elementwise_kernel<(int)4, at::native::CUDAFunctorOn|void at::native::vectorized_elementwise_kernel<(int)4, at::native::rsqrt_kernel_|void at::native::elementwise_kernel<(int)128, (int)2, void at::native::gpu_kerne|void at::native::vectorized_elementwise_kernel<(int)8, at::native::float16_copy_"
react_moa_mcts,measured,15,moa-reduce,10,LinearOp,me,nvtx_operator_range,157936,6153397768,19965,19965,0,1,0,14026,19965,gemm,ampere_fp16_s1688gemm_fp16_128x64_sliced1x2_ldg8_f2f_nn
react_moa_mcts,measured,15,moa-reduce,11,LinearOp,me,nvtx_operator_range,107982,6153564980,20093,20093,0,1,0,10411,20093,gemm,ampere_fp16_s1688gemm_fp16_128x64_sliced1x2_ldg8_f2f_nn
react_moa_mcts,measured,15,moa-reduce,12,LinearOp,me,nvtx_operator_range,96162,6153680830,20028,20028,0,1,0,9310,20028,gemm,ampere_fp16_s1688gemm_fp16_128x64_sliced1x2_ldg8_f2f_nn
react_moa_mcts,measured,15,moa-reduce,13,ViewOp,de,nvtx_operator_range,73603,6153784586,0,0,0,0,0,,,,
react_moa_mcts,measured,15,moa-reduce,14,TransposeOp,de,nvtx_operator_range,127155,6153864656,12446,12446,0,1,0,11381,12446,copy,"void at::native::elementwise_kernel<(int)128, (int)4, void at::native::gpu_kerne"
react_moa_mcts,measured,15,react-answer,6,RMSNormOp,ve,nvtx_operator_range,290475,6164593640,17691,17691,0,7,0,10843,154247,copy|elementwise_binary|elementwise_unary|reduce,"void at::native::unrolled_elementwise_kernel<at::native::direct_copy_kernel_cuda|void at::native::vectorized_elementwise_kernel<(int)4, void at::native::<unnamed|void at::native::reduce_kernel<(int)512, (int)1, at::native::ReduceOp<float, at:|void at::native::vectorized_elementwise_kernel<(int)4, at::native::CUDAFunctorOn|void at::native::vectorized_elementwise_kernel<(int)4, at::native::rsqrt_kernel_|void at::native::elementwise_kernel<(int)128, (int)2, void at::native::gpu_kerne|void at::native::vectorized_elementwise_kernel<(int)8, at::native::float16_copy_"
react_moa_mcts,measured,15,react-answer,7,AddOp,ve,nvtx_operator_range,102053,6164896427,1696,1696,0,1,0,9589,1696,elementwise_binary,"void at::native::vectorized_elementwise_kernel<(int)8, at::native::CUDAFunctorOn"
react_moa_mcts,measured,15,react-answer,8,RMSNormOp,ve,nvtx_operator_range,290786,6165007299,17535,17535,0,7,0,12487,149544,copy|elementwise_binary|elementwise_unary|reduce,"void at::native::unrolled_elementwise_kernel<at::native::direct_copy_kernel_cuda|void at::native::vectorized_elementwise_kernel<(int)4, void at::native::<unnamed|void at::native::reduce_kernel<(int)512, (int)1, at::native::ReduceOp<float, at:|void at::native::vectorized_elementwise_kernel<(int)4, at::native::CUDAFunctorOn|void at::native::vectorized_elementwise_kernel<(int)4, at::native::rsqrt_kernel_|void at::native::elementwise_kernel<(int)128, (int)2, void at::native::gpu_kerne|void at::native::vectorized_elementwise_kernel<(int)8, at::native::float16_copy_"
react_moa_mcts,measured,15,react-answer,10,LinearOp,me,nvtx_operator_range,150573,6165310506,14589,14589,0,1,0,13416,14589,gemm,ampere_fp16_s16816gemm_fp16_128x64_ldg8_f2f_stages_32x6_nn
react_moa_mcts,measured,15,react-answer,11,LinearOp,me,nvtx_operator_range,101435,6165469575,14590,14590,0,1,0,9365,14590,gemm,ampere_fp16_s16816gemm_fp16_128x64_ldg8_f2f_stages_32x6_nn
react_moa_mcts,measured,15,react-answer,12,LinearOp,me,nvtx_operator_range,103106,6165578248,14589,14589,0,1,0,8645,14589,gemm,ampere_fp16_s16816gemm_fp16_128x64_ldg8_f2f_stages_32x6_nn
react_moa_mcts,measured,15,react-answer,13,ViewOp,de,nvtx_operator_range,74875,6165688835,0,0,0,0,0,,,,
react_moa_mcts,measured,15,react-answer,14,TransposeOp,de,nvtx_operator_range,130490,6165770231,12094,12094,0,1,0,12554,12094,copy,"void at::native::elementwise_kernel<(int)128, (int)4, void at::native::gpu_kerne"
react_moa_mcts,measured,15,mcts-critic,6,RMSNormOp,ve,nvtx_operator_range,355010,6179010219,19451,19451,0,7,0,12647,174883,copy|elementwise_binary|elementwise_unary|reduce,"void at::native::unrolled_elementwise_kernel<at::native::direct_copy_kernel_cuda|void at::native::vectorized_elementwise_kernel<(int)4, void at::native::<unnamed|void at::native::reduce_kernel<(int)512, (int)1, at::native::ReduceOp<float, at:|void at::native::vectorized_elementwise_kernel<(int)4, at::native::CUDAFunctorOn|void at::native::vectorized_elementwise_kernel<(int)4, at::native::rsqrt_kernel_|void at::native::elementwise_kernel<(int)128, (int)2, void at::native::gpu_kerne|void at::native::vectorized_elementwise_kernel<(int)8, at::native::float16_copy_"
react_moa_mcts,measured,15,mcts-critic,7,AddOp,ve,nvtx_operator_range,110544,6179389508,2080,2080,0,1,0,10437,2080,elementwise_binary,"void at::native::vectorized_elementwise_kernel<(int)8, at::native::CUDAFunctorOn"
react_moa_mcts,measured,15,mcts-critic,8,RMSNormOp,ve,nvtx_operator_range,232455,6179508158,19261,19261,0,7,0,9817,125451,copy|elementwise_binary|elementwise_unary|reduce,"void at::native::unrolled_elementwise_kernel<at::native::direct_copy_kernel_cuda|void at::native::vectorized_elementwise_kernel<(int)4, void at::native::<unnamed|void at::native::reduce_kernel<(int)512, (int)1, at::native::ReduceOp<float, at:|void at::native::vectorized_elementwise_kernel<(int)4, at::native::CUDAFunctorOn|void at::native::vectorized_elementwise_kernel<(int)4, at::native::rsqrt_kernel_|void at::native::elementwise_kernel<(int)128, (int)2, void at::native::gpu_kerne|void at::native::vectorized_elementwise_kernel<(int)8, at::native::float16_copy_"
react_moa_mcts,measured,15,mcts-critic,10,LinearOp,me,nvtx_operator_range,159674,6179749164,19997,19997,0,1,0,13735,19997,gemm,ampere_fp16_s1688gemm_fp16_128x64_sliced1x2_ldg8_f2f_nn
react_moa_mcts,measured,15,mcts-critic,11,LinearOp,me,nvtx_operator_range,100585,6179916495,20093,20093,0,1,0,8767,20093,gemm,ampere_fp16_s1688gemm_fp16_128x64_sliced1x2_ldg8_f2f_nn
react_moa_mcts,measured,15,mcts-critic,12,LinearOp,me,nvtx_operator_range,113121,6180023853,19997,19997,0,1,0,9746,19997,gemm,ampere_fp16_s1688gemm_fp16_128x64_sliced1x2_ldg8_f2f_nn
react_moa_mcts,measured,15,mcts-critic,13,ViewOp,de,nvtx_operator_range,75936,6180144095,0,0,0,0,0,,,,
react_moa_mcts,measured,15,mcts-critic,14,TransposeOp,de,nvtx_operator_range,154061,6180225955,12574,12574,0,1,0,17306,12574,copy,"void at::native::elementwise_kernel<(int)128, (int)4, void at::native::gpu_kerne"
react_moa_mcts,measured,16,react-plan,,call_overhead,,gap_before_operator,,,85746,5087,80659,2,1,18793,269940,elementwise_binary|memcpy|rng_init,"memcpy_Host-to-Device|void at::native::<unnamed>::distribution_elementwise_grid_stride_kernel<float, (|void at::native::vectorized_elementwise_kernel<(int)8, at::native::BUnaryFunctor"
react_moa_mcts,measured,16,moa-map0,,call_overhead,,gap_before_operator,,,246617,6975,239642,2,2,14434,12469072,elementwise_binary|memcpy|rng_init,"memcpy_Device-to-Host|memcpy_Host-to-Device|void at::native::<unnamed>::distribution_elementwise_grid_stride_kernel<float, (|void at::native::vectorized_elementwise_kernel<(int)8, at::native::BUnaryFunctor"
react_moa_mcts,measured,16,moa-map1,,call_overhead,,gap_before_operator,,,316845,7071,309774,2,2,21447,12084461,elementwise_binary|memcpy|rng_init,"memcpy_Device-to-Host|memcpy_Host-to-Device|void at::native::<unnamed>::distribution_elementwise_grid_stride_kernel<float, (|void at::native::vectorized_elementwise_kernel<(int)8, at::native::BUnaryFunctor"
react_moa_mcts,measured,16,moa-map2,,call_overhead,,gap_before_operator,,,319949,7039,312910,2,2,18677,11619832,elementwise_binary|memcpy|rng_init,"memcpy_Device-to-Host|memcpy_Host-to-Device|void at::native::<unnamed>::distribution_elementwise_grid_stride_kernel<float, (|void at::native::vectorized_elementwise_kernel<(int)8, at::native::BUnaryFunctor"
react_moa_mcts,measured,16,mcts-root,,call_overhead,,gap_before_operator,,,315756,7070,308686,2,2,18171,11628054,elementwise_binary|memcpy|rng_init,"memcpy_Device-to-Host|memcpy_Host-to-Device|void at::native::<unnamed>::distribution_elementwise_grid_stride_kernel<float, (|void at::native::vectorized_elementwise_kernel<(int)8, at::native::BUnaryFunctor"
react_moa_mcts,measured,16,mcts-actor0,,call_overhead,,gap_before_operator,,,319372,7070,312302,2,2,15342,13079405,elementwise_binary|memcpy|rng_init,"memcpy_Device-to-Host|memcpy_Host-to-Device|void at::native::<unnamed>::distribution_elementwise_grid_stride_kernel<float, (|void at::native::vectorized_elementwise_kernel<(int)8, at::native::BUnaryFunctor"
react_moa_mcts,measured,16,mcts-actor1,,call_overhead,,gap_before_operator,,,322828,7039,315789,2,2,15041,11299627,elementwise_binary|memcpy|rng_init,"memcpy_Device-to-Host|memcpy_Host-to-Device|void at::native::<unnamed>::distribution_elementwise_grid_stride_kernel<float, (|void at::native::vectorized_elementwise_kernel<(int)8, at::native::BUnaryFunctor"
react_moa_mcts,measured,16,moa-reduce,,call_overhead,,gap_before_operator,,,315726,7071,308655,2,2,14290,11187325,elementwise_binary|memcpy|rng_init,"memcpy_Device-to-Host|memcpy_Host-to-Device|void at::native::<unnamed>::distribution_elementwise_grid_stride_kernel<float, (|void at::native::vectorized_elementwise_kernel<(int)8, at::native::BUnaryFunctor"
react_moa_mcts,measured,16,react-answer,,call_overhead,,gap_before_operator,,,282739,6687,276052,2,2,14452,9293069,elementwise_binary|memcpy|rng_init,"memcpy_Device-to-Host|memcpy_Host-to-Device|void at::native::<unnamed>::distribution_elementwise_grid_stride_kernel<float, (|void at::native::vectorized_elementwise_kernel<(int)8, at::native::BUnaryFunctor"
react_moa_mcts,measured,16,mcts-critic,,call_overhead,,gap_before_operator,,,441528,7102,434426,2,3,16285,13859312,elementwise_binary|memcpy|rng_init,"memcpy_Device-to-Host|memcpy_Host-to-Device|void at::native::<unnamed>::distribution_elementwise_grid_stride_kernel<float, (|void at::native::vectorized_elementwise_kernel<(int)8, at::native::BUnaryFunctor"
react_moa_mcts,measured,16,react-plan,6,RMSNormOp,ve,nvtx_operator_range,297744,6188101175,16030,16030,0,7,0,11672,157766,copy|elementwise_binary|elementwise_unary|reduce,"void at::native::unrolled_elementwise_kernel<at::native::direct_copy_kernel_cuda|void at::native::vectorized_elementwise_kernel<(int)4, void at::native::<unnamed|void at::native::reduce_kernel<(int)512, (int)1, at::native::ReduceOp<float, at:|void at::native::vectorized_elementwise_kernel<(int)4, at::native::CUDAFunctorOn|void at::native::vectorized_elementwise_kernel<(int)4, at::native::rsqrt_kernel_|void at::native::elementwise_kernel<(int)128, (int)2, void at::native::gpu_kerne|void at::native::vectorized_elementwise_kernel<(int)8, at::native::float16_copy_"
react_moa_mcts,measured,16,react-plan,7,AddOp,ve,nvtx_operator_range,105503,6188410300,1439,1439,0,1,0,10024,1439,elementwise_binary,"void at::native::vectorized_elementwise_kernel<(int)8, at::native::CUDAFunctorOn"
react_moa_mcts,measured,16,react-plan,8,RMSNormOp,ve,nvtx_operator_range,226878,6188524026,15231,15231,0,7,0,9865,120749,copy|elementwise_binary|elementwise_unary|reduce,"void at::native::unrolled_elementwise_kernel<at::native::direct_copy_kernel_cuda|void at::native::vectorized_elementwise_kernel<(int)4, void at::native::<unnamed|void at::native::reduce_kernel<(int)512, (int)1, at::native::ReduceOp<float, at:|void at::native::vectorized_elementwise_kernel<(int)4, at::native::CUDAFunctorOn|void at::native::vectorized_elementwise_kernel<(int)4, at::native::rsqrt_kernel_|void at::native::elementwise_kernel<(int)128, (int)2, void at::native::gpu_kerne|void at::native::vectorized_elementwise_kernel<(int)8, at::native::float16_copy_"
react_moa_mcts,measured,16,react-plan,10,LinearOp,me,nvtx_operator_range,204742,6188760335,12958,12542,416,1,1,20782,23516,gemm|memset,memset|void cutlass::Kernel2<cutlass_80_tensorop_f16_s16816gemm_relu_f16_64x64_32x6_nn_
react_moa_mcts,measured,16,react-plan,11,LinearOp,me,nvtx_operator_range,141105,6188974080,12734,12286,448,1,1,9138,21533,gemm|memset,memset|void cutlass::Kernel2<cutlass_80_tensorop_f16_s16816gemm_relu_f16_64x64_32x6_nn_
react_moa_mcts,measured,16,react-plan,12,LinearOp,me,nvtx_operator_range,116141,6189124132,12670,12222,448,1,1,7873,21116,gemm|memset,memset|void cutlass::Kernel2<cutlass_80_tensorop_f16_s16816gemm_relu_f16_64x64_32x6_nn_
react_moa_mcts,measured,16,react-plan,13,ViewOp,de,nvtx_operator_range,75632,6189248400,0,0,0,0,0,,,,
react_moa_mcts,measured,16,react-plan,14,TransposeOp,de,nvtx_operator_range,135178,6189330631,9343,9343,0,1,0,11639,9343,copy,"void at::native::elementwise_kernel<(int)128, (int)4, void at::native::gpu_kerne"
react_moa_mcts,measured,16,moa-map0,6,RMSNormOp,ve,nvtx_operator_range,402330,6202044801,19390,19390,0,7,0,16078,209439,copy|elementwise_binary|elementwise_unary|reduce,"void at::native::unrolled_elementwise_kernel<at::native::direct_copy_kernel_cuda|void at::native::vectorized_elementwise_kernel<(int)4, void at::native::<unnamed|void at::native::reduce_kernel<(int)512, (int)1, at::native::ReduceOp<float, at:|void at::native::vectorized_elementwise_kernel<(int)4, at::native::CUDAFunctorOn|void at::native::vectorized_elementwise_kernel<(int)4, at::native::rsqrt_kernel_|void at::native::elementwise_kernel<(int)128, (int)2, void at::native::gpu_kerne|void at::native::vectorized_elementwise_kernel<(int)8, at::native::float16_copy_"
react_moa_mcts,measured,16,moa-map0,7,AddOp,ve,nvtx_operator_range,110619,6202464360,2016,2016,0,1,0,10542,2016,elementwise_binary,"void at::native::vectorized_elementwise_kernel<(int)8, at::native::CUDAFunctorOn"
react_moa_mcts,measured,16,moa-map0,8,RMSNormOp,ve,nvtx_operator_range,231217,6202584189,19229,19229,0,7,0,9761,124972,copy|elementwise_binary|elementwise_unary|reduce,"void at::native::unrolled_elementwise_kernel<at::native::direct_copy_kernel_cuda|void at::native::vectorized_elementwise_kernel<(int)4, void at::native::<unnamed|void at::native::reduce_kernel<(int)512, (int)1, at::native::ReduceOp<float, at:|void at::native::vectorized_elementwise_kernel<(int)4, at::native::CUDAFunctorOn|void at::native::vectorized_elementwise_kernel<(int)4, at::native::rsqrt_kernel_|void at::native::elementwise_kernel<(int)128, (int)2, void at::native::gpu_kerne|void at::native::vectorized_elementwise_kernel<(int)8, at::native::float16_copy_"
react_moa_mcts,measured,16,moa-map0,10,LinearOp,me,nvtx_operator_range,198427,6202825129,20061,20061,0,1,0,14946,20061,gemm,ampere_fp16_s1688gemm_fp16_128x64_sliced1x2_ldg8_f2f_nn
react_moa_mcts,measured,16,moa-map0,11,LinearOp,me,nvtx_operator_range,112855,6203046751,20092,20092,0,1,0,10454,20092,gemm,ampere_fp16_s1688gemm_fp16_128x64_sliced1x2_ldg8_f2f_nn
react_moa_mcts,measured,16,moa-map0,12,LinearOp,me,nvtx_operator_range,96297,6203167017,20028,20028,0,1,0,9577,20028,gemm,ampere_fp16_s1688gemm_fp16_128x64_sliced1x2_ldg8_f2f_nn
react_moa_mcts,measured,16,moa-map0,13,ViewOp,de,nvtx_operator_range,83831,6203270550,0,0,0,0,0,,,,
react_moa_mcts,measured,16,moa-map0,14,TransposeOp,de,nvtx_operator_range,155402,6203360146,12190,12190,0,1,0,12708,12190,copy,"void at::native::elementwise_kernel<(int)128, (int)4, void at::native::gpu_kerne"
react_moa_mcts,measured,16,moa-map1,6,RMSNormOp,ve,nvtx_operator_range,394624,6215723172,19359,19359,0,7,0,13615,198817,copy|elementwise_binary|elementwise_unary|reduce,"void at::native::unrolled_elementwise_kernel<at::native::direct_copy_kernel_cuda|void at::native::vectorized_elementwise_kernel<(int)4, void at::native::<unnamed|void at::native::reduce_kernel<(int)512, (int)1, at::native::ReduceOp<float, at:|void at::native::vectorized_elementwise_kernel<(int)4, at::native::CUDAFunctorOn|void at::native::vectorized_elementwise_kernel<(int)4, at::native::rsqrt_kernel_|void at::native::elementwise_kernel<(int)128, (int)2, void at::native::gpu_kerne|void at::native::vectorized_elementwise_kernel<(int)8, at::native::float16_copy_"
react_moa_mcts,measured,16,moa-map1,7,AddOp,ve,nvtx_operator_range,114744,6216132869,2079,2079,0,1,0,11893,2079,elementwise_binary,"void at::native::vectorized_elementwise_kernel<(int)8, at::native::CUDAFunctorOn"
react_moa_mcts,measured,16,moa-map1,8,RMSNormOp,ve,nvtx_operator_range,264996,6216255695,19071,19071,0,7,0,10002,134155,copy|elementwise_binary|elementwise_unary|reduce,"void at::native::unrolled_elementwise_kernel<at::native::direct_copy_kernel_cuda|void at::native::vectorized_elementwise_kernel<(int)4, void at::native::<unnamed|void at::native::reduce_kernel<(int)512, (int)1, at::native::ReduceOp<float, at:|void at::native::vectorized_elementwise_kernel<(int)4, at::native::CUDAFunctorOn|void at::native::vectorized_elementwise_kernel<(int)4, at::native::rsqrt_kernel_|void at::native::elementwise_kernel<(int)128, (int)2, void at::native::gpu_kerne|void at::native::vectorized_elementwise_kernel<(int)8, at::native::float16_copy_"
react_moa_mcts,measured,16,moa-map1,10,LinearOp,me,nvtx_operator_range,198419,6216531524,20349,20349,0,1,0,15604,20349,gemm,ampere_fp16_s1688gemm_fp16_128x64_sliced1x2_ldg8_f2f_nn
react_moa_mcts,measured,16,moa-map1,11,LinearOp,me,nvtx_operator_range,106272,6216737461,20317,20317,0,1,0,9553,20317,gemm,ampere_fp16_s1688gemm_fp16_128x64_sliced1x2_ldg8_f2f_nn
react_moa_mcts,measured,16,moa-map1,12,LinearOp,me,nvtx_operator_range,97480,6216851000,20124,20124,0,1,0,9413,20124,gemm,ampere_fp16_s1688gemm_fp16_128x64_sliced1x2_ldg8_f2f_nn
react_moa_mcts,measured,16,moa-map1,13,ViewOp,de,nvtx_operator_range,95574,6216968679,0,0,0,0,0,,,,
react_moa_mcts,measured,16,moa-map1,14,TransposeOp,de,nvtx_operator_range,156301,6217070966,12446,12446,0,1,0,14504,12446,copy,"void at::native::elementwise_kernel<(int)128, (int)4, void at::native::gpu_kerne"
react_moa_mcts,measured,16,moa-map2,6,RMSNormOp,ve,nvtx_operator_range,383497,6228941394,19357,19357,0,7,0,12027,196256,copy|elementwise_binary|elementwise_unary|reduce,"void at::native::unrolled_elementwise_kernel<at::native::direct_copy_kernel_cuda|void at::native::vectorized_elementwise_kernel<(int)4, void at::native::<unnamed|void at::native::reduce_kernel<(int)512, (int)1, at::native::ReduceOp<float, at:|void at::native::vectorized_elementwise_kernel<(int)4, at::native::CUDAFunctorOn|void at::native::vectorized_elementwise_kernel<(int)4, at::native::rsqrt_kernel_|void at::native::elementwise_kernel<(int)128, (int)2, void at::native::gpu_kerne|void at::native::vectorized_elementwise_kernel<(int)8, at::native::float16_copy_"
react_moa_mcts,measured,16,moa-map2,7,AddOp,ve,nvtx_operator_range,111654,6229339038,2112,2112,0,1,0,10119,2112,elementwise_binary,"void at::native::vectorized_elementwise_kernel<(int)8, at::native::CUDAFunctorOn"
react_moa_mcts,measured,16,moa-map2,8,RMSNormOp,ve,nvtx_operator_range,236577,6229458265,19195,19195,0,7,0,9409,129995,copy|elementwise_binary|elementwise_unary|reduce,"void at::native::unrolled_elementwise_kernel<at::native::direct_copy_kernel_cuda|void at::native::vectorized_elementwise_kernel<(int)4, void at::native::<unnamed|void at::native::reduce_kernel<(int)512, (int)1, at::native::ReduceOp<float, at:|void at::native::vectorized_elementwise_kernel<(int)4, at::native::CUDAFunctorOn|void at::native::vectorized_elementwise_kernel<(int)4, at::native::rsqrt_kernel_|void at::native::elementwise_kernel<(int)128, (int)2, void at::native::gpu_kerne|void at::native::vectorized_elementwise_kernel<(int)8, at::native::float16_copy_"
react_moa_mcts,measured,16,moa-map2,10,LinearOp,me,nvtx_operator_range,189674,6229702823,20125,20125,0,1,0,14594,20125,gemm,ampere_fp16_s1688gemm_fp16_128x64_sliced1x2_ldg8_f2f_nn
react_moa_mcts,measured,16,moa-map2,11,LinearOp,me,nvtx_operator_range,119368,6229900348,20253,20253,0,1,0,10234,20253,gemm,ampere_fp16_s1688gemm_fp16_128x64_sliced1x2_ldg8_f2f_nn
react_moa_mcts,measured,16,moa-map2,12,LinearOp,me,nvtx_operator_range,115040,6230027384,20124,20124,0,1,0,10126,20124,gemm,ampere_fp16_s1688gemm_fp16_128x64_sliced1x2_ldg8_f2f_nn
react_moa_mcts,measured,16,moa-map2,13,ViewOp,de,nvtx_operator_range,80091,6230149526,0,0,0,0,0,,,,
react_moa_mcts,measured,16,moa-map2,14,TransposeOp,de,nvtx_operator_range,146130,6230236326,12382,12382,0,1,0,11900,12382,copy,"void at::native::elementwise_kernel<(int)128, (int)4, void at::native::gpu_kerne"
react_moa_mcts,measured,16,mcts-root,6,RMSNormOp,ve,nvtx_operator_range,329094,6242101793,19388,19388,0,7,0,14785,170661,copy|elementwise_binary|elementwise_unary|reduce,"void at::native::unrolled_elementwise_kernel<at::native::direct_copy_kernel_cuda|void at::native::vectorized_elementwise_kernel<(int)4, void at::native::<unnamed|void at::native::reduce_kernel<(int)512, (int)1, at::native::ReduceOp<float, at:|void at::native::vectorized_elementwise_kernel<(int)4, at::native::CUDAFunctorOn|void at::native::vectorized_elementwise_kernel<(int)4, at::native::rsqrt_kernel_|void at::native::elementwise_kernel<(int)128, (int)2, void at::native::gpu_kerne|void at::native::vectorized_elementwise_kernel<(int)8, at::native::float16_copy_"
react_moa_mcts,measured,16,mcts-root,7,AddOp,ve,nvtx_operator_range,109805,6242444536,2048,2048,0,1,0,10104,2048,elementwise_binary,"void at::native::vectorized_elementwise_kernel<(int)8, at::native::CUDAFunctorOn"
react_moa_mcts,measured,16,mcts-root,8,RMSNormOp,ve,nvtx_operator_range,245975,6242562054,19134,19134,0,7,0,9773,128268,copy|elementwise_binary|elementwise_unary|reduce,"void at::native::unrolled_elementwise_kernel<at::native::direct_copy_kernel_cuda|void at::native::vectorized_elementwise_kernel<(int)4, void at::native::<unnamed|void at::native::reduce_kernel<(int)512, (int)1, at::native::ReduceOp<float, at:|void at::native::vectorized_elementwise_kernel<(int)4, at::native::CUDAFunctorOn|void at::native::vectorized_elementwise_kernel<(int)4, at::native::rsqrt_kernel_|void at::native::elementwise_kernel<(int)128, (int)2, void at::native::gpu_kerne|void at::native::vectorized_elementwise_kernel<(int)8, at::native::float16_copy_"
react_moa_mcts,measured,16,mcts-root,10,LinearOp,me,nvtx_operator_range,167103,6242816871,19932,19932,0,1,0,14485,19932,gemm,ampere_fp16_s1688gemm_fp16_128x64_sliced1x2_ldg8_f2f_nn
react_moa_mcts,measured,16,mcts-root,11,LinearOp,me,nvtx_operator_range,119318,6242991427,20253,20253,0,1,0,10085,20253,gemm,ampere_fp16_s1688gemm_fp16_128x64_sliced1x2_ldg8_f2f_nn
react_moa_mcts,measured,16,mcts-root,12,LinearOp,me,nvtx_operator_range,145480,6243117822,19997,19997,0,1,0,13902,19997,gemm,ampere_fp16_s1688gemm_fp16_128x64_sliced1x2_ldg8_f2f_nn
react_moa_mcts,measured,16,mcts-root,13,ViewOp,de,nvtx_operator_range,82499,6243272857,0,0,0,0,0,,,,
react_moa_mcts,measured,16,mcts-root,14,TransposeOp,de,nvtx_operator_range,146306,6243362258,12446,12446,0,1,0,14720,12446,copy,"void at::native::elementwise_kernel<(int)128, (int)4, void at::native::gpu_kerne"
react_moa_mcts,measured,16,mcts-actor0,6,RMSNormOp,ve,nvtx_operator_range,303403,6256648220,19293,19293,0,7,0,9806,162342,copy|elementwise_binary|elementwise_unary|reduce,"void at::native::unrolled_elementwise_kernel<at::native::direct_copy_kernel_cuda|void at::native::vectorized_elementwise_kernel<(int)4, void at::native::<unnamed|void at::native::reduce_kernel<(int)512, (int)1, at::native::ReduceOp<float, at:|void at::native::vectorized_elementwise_kernel<(int)4, at::native::CUDAFunctorOn|void at::native::vectorized_elementwise_kernel<(int)4, at::native::rsqrt_kernel_|void at::native::elementwise_kernel<(int)128, (int)2, void at::native::gpu_kerne|void at::native::vectorized_elementwise_kernel<(int)8, at::native::float16_copy_"
react_moa_mcts,measured,16,mcts-actor0,7,AddOp,ve,nvtx_operator_range,117022,6256963692,2112,2112,0,1,0,9240,2112,elementwise_binary,"void at::native::vectorized_elementwise_kernel<(int)8, at::native::CUDAFunctorOn"
react_moa_mcts,measured,16,mcts-actor0,8,RMSNormOp,ve,nvtx_operator_range,243734,6257089522,19003,19003,0,7,0,10038,131818,copy|elementwise_binary|elementwise_unary|reduce,"void at::native::unrolled_elementwise_kernel<at::native::direct_copy_kernel_cuda|void at::native::vectorized_elementwise_kernel<(int)4, void at::native::<unnamed|void at::native::reduce_kernel<(int)512, (int)1, at::native::ReduceOp<float, at:|void at::native::vectorized_elementwise_kernel<(int)4, at::native::CUDAFunctorOn|void at::native::vectorized_elementwise_kernel<(int)4, at::native::rsqrt_kernel_|void at::native::elementwise_kernel<(int)128, (int)2, void at::native::gpu_kerne|void at::native::vectorized_elementwise_kernel<(int)8, at::native::float16_copy_"
react_moa_mcts,measured,16,mcts-actor0,10,LinearOp,me,nvtx_operator_range,135574,6257341678,20060,20060,0,1,0,11884,20060,gemm,ampere_fp16_s1688gemm_fp16_128x64_sliced1x2_ldg8_f2f_nn
react_moa_mcts,measured,16,mcts-actor0,11,LinearOp,me,nvtx_operator_range,101281,6257484720,20156,20156,0,1,0,9142,20156,gemm,ampere_fp16_s1688gemm_fp16_128x64_sliced1x2_ldg8_f2f_nn
react_moa_mcts,measured,16,mcts-actor0,12,LinearOp,me,nvtx_operator_range,96495,6257593359,19837,19837,0,1,0,9563,19837,gemm,ampere_fp16_s1688gemm_fp16_128x64_sliced1x2_ldg8_f2f_nn
react_moa_mcts,measured,16,mcts-actor0,13,ViewOp,de,nvtx_operator_range,73136,6257697490,0,0,0,0,0,,,,
react_moa_mcts,measured,16,mcts-actor0,14,TransposeOp,de,nvtx_operator_range,124324,6257776823,12350,12350,0,1,0,11452,12350,copy,"void at::native::elementwise_kernel<(int)128, (int)4, void at::native::gpu_kerne"
react_moa_mcts,measured,16,mcts-actor1,6,RMSNormOp,ve,nvtx_operator_range,270547,6269251466,19581,19581,0,7,0,9470,140905,copy|elementwise_binary|elementwise_unary|reduce,"void at::native::unrolled_elementwise_kernel<at::native::direct_copy_kernel_cuda|void at::native::vectorized_elementwise_kernel<(int)4, void at::native::<unnamed|void at::native::reduce_kernel<(int)512, (int)1, at::native::ReduceOp<float, at:|void at::native::vectorized_elementwise_kernel<(int)4, at::native::CUDAFunctorOn|void at::native::vectorized_elementwise_kernel<(int)4, at::native::rsqrt_kernel_|void at::native::elementwise_kernel<(int)128, (int)2, void at::native::gpu_kerne|void at::native::vectorized_elementwise_kernel<(int)8, at::native::float16_copy_"
react_moa_mcts,measured,16,mcts-actor1,7,AddOp,ve,nvtx_operator_range,101860,6269533152,1984,1984,0,1,0,9572,1984,elementwise_binary,"void at::native::vectorized_elementwise_kernel<(int)8, at::native::CUDAFunctorOn"
react_moa_mcts,measured,16,mcts-actor1,8,RMSNormOp,ve,nvtx_operator_range,227588,6269642604,18972,18972,0,7,0,9130,125420,copy|elementwise_binary|elementwise_unary|reduce,"void at::native::unrolled_elementwise_kernel<at::native::direct_copy_kernel_cuda|void at::native::vectorized_elementwise_kernel<(int)4, void at::native::<unnamed|void at::native::reduce_kernel<(int)512, (int)1, at::native::ReduceOp<float, at:|void at::native::vectorized_elementwise_kernel<(int)4, at::native::CUDAFunctorOn|void at::native::vectorized_elementwise_kernel<(int)4, at::native::rsqrt_kernel_|void at::native::elementwise_kernel<(int)128, (int)2, void at::native::gpu_kerne|void at::native::vectorized_elementwise_kernel<(int)8, at::native::float16_copy_"
react_moa_mcts,measured,16,mcts-actor1,10,LinearOp,me,nvtx_operator_range,132321,6269878637,20093,20093,0,1,0,12382,20093,gemm,ampere_fp16_s1688gemm_fp16_128x64_sliced1x2_ldg8_f2f_nn
react_moa_mcts,measured,16,mcts-actor1,11,LinearOp,me,nvtx_operator_range,121366,6270018210,20189,20189,0,1,0,9823,20189,gemm,ampere_fp16_s1688gemm_fp16_128x64_sliced1x2_ldg8_f2f_nn
react_moa_mcts,measured,16,mcts-actor1,12,LinearOp,me,nvtx_operator_range,95572,6270146621,20092,20092,0,1,0,8594,20092,gemm,ampere_fp16_s1688gemm_fp16_128x64_sliced1x2_ldg8_f2f_nn
react_moa_mcts,measured,16,mcts-actor1,13,ViewOp,de,nvtx_operator_range,71425,6270248892,0,0,0,0,0,,,,
react_moa_mcts,measured,16,mcts-actor1,14,TransposeOp,de,nvtx_operator_range,124783,6270326479,12254,12254,0,1,0,11539,12254,copy,"void at::native::elementwise_kernel<(int)128, (int)4, void at::native::gpu_kerne"
react_moa_mcts,measured,16,moa-reduce,6,RMSNormOp,ve,nvtx_operator_range,299697,6281715858,19198,19198,0,7,0,13331,147401,copy|elementwise_binary|elementwise_unary|reduce,"void at::native::unrolled_elementwise_kernel<at::native::direct_copy_kernel_cuda|void at::native::vectorized_elementwise_kernel<(int)4, void at::native::<unnamed|void at::native::reduce_kernel<(int)512, (int)1, at::native::ReduceOp<float, at:|void at::native::vectorized_elementwise_kernel<(int)4, at::native::CUDAFunctorOn|void at::native::vectorized_elementwise_kernel<(int)4, at::native::rsqrt_kernel_|void at::native::elementwise_kernel<(int)128, (int)2, void at::native::gpu_kerne|void at::native::vectorized_elementwise_kernel<(int)8, at::native::float16_copy_"
react_moa_mcts,measured,16,moa-reduce,7,AddOp,ve,nvtx_operator_range,123185,6282027022,2080,2080,0,1,0,10329,2080,elementwise_binary,"void at::native::vectorized_elementwise_kernel<(int)8, at::native::CUDAFunctorOn"
react_moa_mcts,measured,16,moa-reduce,8,RMSNormOp,ve,nvtx_operator_range,234935,6282158381,19035,19035,0,7,0,10518,126732,copy|elementwise_binary|elementwise_unary|reduce,"void at::native::unrolled_elementwise_kernel<at::native::direct_copy_kernel_cuda|void at::native::vectorized_elementwise_kernel<(int)4, void at::native::<unnamed|void at::native::reduce_kernel<(int)512, (int)1, at::native::ReduceOp<float, at:|void at::native::vectorized_elementwise_kernel<(int)4, at::native::CUDAFunctorOn|void at::native::vectorized_elementwise_kernel<(int)4, at::native::rsqrt_kernel_|void at::native::elementwise_kernel<(int)128, (int)2, void at::native::gpu_kerne|void at::native::vectorized_elementwise_kernel<(int)8, at::native::float16_copy_"
react_moa_mcts,measured,16,moa-reduce,10,LinearOp,me,nvtx_operator_range,144810,6282402285,20157,20157,0,1,0,12356,20157,gemm,ampere_fp16_s1688gemm_fp16_128x64_sliced1x2_ldg8_f2f_nn
react_moa_mcts,measured,16,moa-reduce,11,LinearOp,me,nvtx_operator_range,106644,6282555716,20125,20125,0,1,0,9610,20125,gemm,ampere_fp16_s1688gemm_fp16_128x64_sliced1x2_ldg8_f2f_nn
react_moa_mcts,measured,16,moa-reduce,12,LinearOp,me,nvtx_operator_range,100979,6282682546,20029,20029,0,1,0,9609,20029,gemm,ampere_fp16_s1688gemm_fp16_128x64_sliced1x2_ldg8_f2f_nn
react_moa_mcts,measured,16,moa-reduce,13,ViewOp,de,nvtx_operator_range,72254,6282790435,0,0,0,0,0,,,,
react_moa_mcts,measured,16,moa-reduce,14,TransposeOp,de,nvtx_operator_range,128389,6282868051,12574,12574,0,1,0,11460,12574,copy,"void at::native::elementwise_kernel<(int)128, (int)4, void at::native::gpu_kerne"
react_moa_mcts,measured,16,react-answer,6,RMSNormOp,ve,nvtx_operator_range,294392,6292354840,18014,18014,0,7,0,9897,156359,copy|elementwise_binary|elementwise_unary|reduce,"void at::native::unrolled_elementwise_kernel<at::native::direct_copy_kernel_cuda|void at::native::vectorized_elementwise_kernel<(int)4, void at::native::<unnamed|void at::native::reduce_kernel<(int)512, (int)1, at::native::ReduceOp<float, at:|void at::native::vectorized_elementwise_kernel<(int)4, at::native::CUDAFunctorOn|void at::native::vectorized_elementwise_kernel<(int)4, at::native::rsqrt_kernel_|void at::native::elementwise_kernel<(int)128, (int)2, void at::native::gpu_kerne|void at::native::vectorized_elementwise_kernel<(int)8, at::native::float16_copy_"
react_moa_mcts,measured,16,react-answer,7,AddOp,ve,nvtx_operator_range,104651,6292661003,1759,1759,0,1,0,9471,1759,elementwise_binary,"void at::native::vectorized_elementwise_kernel<(int)8, at::native::CUDAFunctorOn"
react_moa_mcts,measured,16,react-answer,8,RMSNormOp,ve,nvtx_operator_range,297578,6292773259,17311,17311,0,7,0,9720,133227,copy|elementwise_binary|elementwise_unary|reduce,"void at::native::unrolled_elementwise_kernel<at::native::direct_copy_kernel_cuda|void at::native::vectorized_elementwise_kernel<(int)4, void at::native::<unnamed|void at::native::reduce_kernel<(int)512, (int)1, at::native::ReduceOp<float, at:|void at::native::vectorized_elementwise_kernel<(int)4, at::native::CUDAFunctorOn|void at::native::vectorized_elementwise_kernel<(int)4, at::native::rsqrt_kernel_|void at::native::elementwise_kernel<(int)128, (int)2, void at::native::gpu_kerne|void at::native::vectorized_elementwise_kernel<(int)8, at::native::float16_copy_"
react_moa_mcts,measured,16,react-answer,10,LinearOp,me,nvtx_operator_range,200138,6293086010,14590,14590,0,1,0,19118,14590,gemm,ampere_fp16_s16816gemm_fp16_128x64_ldg8_f2f_stages_32x6_nn
react_moa_mcts,measured,16,react-answer,11,LinearOp,me,nvtx_operator_range,169454,6293300339,14622,14622,0,1,0,19537,14622,gemm,ampere_fp16_s16816gemm_fp16_128x64_ldg8_f2f_stages_32x6_nn
react_moa_mcts,measured,16,react-answer,12,LinearOp,me,nvtx_operator_range,111961,6293480622,14557,14557,0,1,0,11247,14557,gemm,ampere_fp16_s16816gemm_fp16_128x64_ldg8_f2f_stages_32x6_nn
react_moa_mcts,measured,16,react-answer,13,ViewOp,de,nvtx_operator_range,80083,6293601145,0,0,0,0,0,,,,
react_moa_mcts,measured,16,react-answer,14,TransposeOp,de,nvtx_operator_range,187751,6293689985,12126,12126,0,1,0,17056,12126,copy,"void at::native::elementwise_kernel<(int)128, (int)4, void at::native::gpu_kerne"
react_moa_mcts,measured,16,mcts-critic,6,RMSNormOp,ve,nvtx_operator_range,283837,6306316432,19163,19163,0,7,0,10117,147336,copy|elementwise_binary|elementwise_unary|reduce,"void at::native::unrolled_elementwise_kernel<at::native::direct_copy_kernel_cuda|void at::native::vectorized_elementwise_kernel<(int)4, void at::native::<unnamed|void at::native::reduce_kernel<(int)512, (int)1, at::native::ReduceOp<float, at:|void at::native::vectorized_elementwise_kernel<(int)4, at::native::CUDAFunctorOn|void at::native::vectorized_elementwise_kernel<(int)4, at::native::rsqrt_kernel_|void at::native::elementwise_kernel<(int)128, (int)2, void at::native::gpu_kerne|void at::native::vectorized_elementwise_kernel<(int)8, at::native::float16_copy_"
react_moa_mcts,measured,16,mcts-critic,7,AddOp,ve,nvtx_operator_range,102688,6306611424,1984,1984,0,1,0,9412,1984,elementwise_binary,"void at::native::vectorized_elementwise_kernel<(int)8, at::native::CUDAFunctorOn"
react_moa_mcts,measured,16,mcts-critic,8,RMSNormOp,ve,nvtx_operator_range,244572,6306721838,19005,19005,0,7,0,9942,134858,copy|elementwise_binary|elementwise_unary|reduce,"void at::native::unrolled_elementwise_kernel<at::native::direct_copy_kernel_cuda|void at::native::vectorized_elementwise_kernel<(int)4, void at::native::<unnamed|void at::native::reduce_kernel<(int)512, (int)1, at::native::ReduceOp<float, at:|void at::native::vectorized_elementwise_kernel<(int)4, at::native::CUDAFunctorOn|void at::native::vectorized_elementwise_kernel<(int)4, at::native::rsqrt_kernel_|void at::native::elementwise_kernel<(int)128, (int)2, void at::native::gpu_kerne|void at::native::vectorized_elementwise_kernel<(int)8, at::native::float16_copy_"
react_moa_mcts,measured,16,mcts-critic,10,LinearOp,me,nvtx_operator_range,166880,6306975099,20188,20188,0,1,0,12895,20188,gemm,ampere_fp16_s1688gemm_fp16_128x64_sliced1x2_ldg8_f2f_nn
react_moa_mcts,measured,16,mcts-critic,11,LinearOp,me,nvtx_operator_range,115592,6307151961,20189,20189,0,1,0,11204,20189,gemm,ampere_fp16_s1688gemm_fp16_128x64_sliced1x2_ldg8_f2f_nn
react_moa_mcts,measured,16,mcts-critic,12,LinearOp,me,nvtx_operator_range,97797,6307275042,19901,19901,0,1,0,9593,19901,gemm,ampere_fp16_s1688gemm_fp16_128x64_sliced1x2_ldg8_f2f_nn
react_moa_mcts,measured,16,mcts-critic,13,ViewOp,de,nvtx_operator_range,72604,6307380445,0,0,0,0,0,,,,
react_moa_mcts,measured,16,mcts-critic,14,TransposeOp,de,nvtx_operator_range,129637,6307459473,12414,12414,0,1,0,11657,12414,copy,"void at::native::elementwise_kernel<(int)128, (int)4, void at::native::gpu_kerne"
react_moa_mcts,measured,17,react-plan,,call_overhead,,gap_before_operator,,,84594,4959,79635,2,1,15809,227643,elementwise_binary|memcpy|rng_init,"memcpy_Host-to-Device|void at::native::<unnamed>::distribution_elementwise_grid_stride_kernel<float, (|void at::native::vectorized_elementwise_kernel<(int)8, at::native::BUnaryFunctor"
react_moa_mcts,measured,17,moa-map0,,call_overhead,,gap_before_operator,,,252951,7038,245913,2,2,15688,11464272,elementwise_binary|memcpy|rng_init,"memcpy_Device-to-Host|memcpy_Host-to-Device|void at::native::<unnamed>::distribution_elementwise_grid_stride_kernel<float, (|void at::native::vectorized_elementwise_kernel<(int)8, at::native::BUnaryFunctor"
react_moa_mcts,measured,17,moa-map1,,call_overhead,,gap_before_operator,,,323724,7103,316621,2,2,14063,11163073,elementwise_binary|memcpy|rng_init,"memcpy_Device-to-Host|memcpy_Host-to-Device|void at::native::<unnamed>::distribution_elementwise_grid_stride_kernel<float, (|void at::native::vectorized_elementwise_kernel<(int)8, at::native::BUnaryFunctor"
react_moa_mcts,measured,17,moa-map2,,call_overhead,,gap_before_operator,,,323022,7040,315982,2,2,14712,11405658,elementwise_binary|memcpy|rng_init,"memcpy_Device-to-Host|memcpy_Host-to-Device|void at::native::<unnamed>::distribution_elementwise_grid_stride_kernel<float, (|void at::native::vectorized_elementwise_kernel<(int)8, at::native::BUnaryFunctor"
react_moa_mcts,measured,17,mcts-root,,call_overhead,,gap_before_operator,,,316782,7103,309679,2,2,15764,11480909,elementwise_binary|memcpy|rng_init,"memcpy_Device-to-Host|memcpy_Host-to-Device|void at::native::<unnamed>::distribution_elementwise_grid_stride_kernel<float, (|void at::native::vectorized_elementwise_kernel<(int)8, at::native::BUnaryFunctor"
react_moa_mcts,measured,17,mcts-actor0,,call_overhead,,gap_before_operator,,,323020,7103,315917,2,2,17506,12894251,elementwise_binary|memcpy|rng_init,"memcpy_Device-to-Host|memcpy_Host-to-Device|void at::native::<unnamed>::distribution_elementwise_grid_stride_kernel<float, (|void at::native::vectorized_elementwise_kernel<(int)8, at::native::BUnaryFunctor"
react_moa_mcts,measured,17,mcts-actor1,,call_overhead,,gap_before_operator,,,320619,7070,313549,2,2,15017,11175326,elementwise_binary|memcpy|rng_init,"memcpy_Device-to-Host|memcpy_Host-to-Device|void at::native::<unnamed>::distribution_elementwise_grid_stride_kernel<float, (|void at::native::vectorized_elementwise_kernel<(int)8, at::native::BUnaryFunctor"
react_moa_mcts,measured,17,moa-reduce,,call_overhead,,gap_before_operator,,,320780,7038,313742,2,2,14913,11121447,elementwise_binary|memcpy|rng_init,"memcpy_Device-to-Host|memcpy_Host-to-Device|void at::native::<unnamed>::distribution_elementwise_grid_stride_kernel<float, (|void at::native::vectorized_elementwise_kernel<(int)8, at::native::BUnaryFunctor"
react_moa_mcts,measured,17,react-answer,,call_overhead,,gap_before_operator,,,281458,6719,274739,2,2,14412,9011514,elementwise_binary|memcpy|rng_init,"memcpy_Device-to-Host|memcpy_Host-to-Device|void at::native::<unnamed>::distribution_elementwise_grid_stride_kernel<float, (|void at::native::vectorized_elementwise_kernel<(int)8, at::native::BUnaryFunctor"
react_moa_mcts,measured,17,mcts-critic,,call_overhead,,gap_before_operator,,,445463,7070,438393,2,3,14322,12681773,elementwise_binary|memcpy|rng_init,"memcpy_Device-to-Host|memcpy_Host-to-Device|void at::native::<unnamed>::distribution_elementwise_grid_stride_kernel<float, (|void at::native::vectorized_elementwise_kernel<(int)8, at::native::BUnaryFunctor"
react_moa_mcts,measured,17,react-plan,6,RMSNormOp,ve,nvtx_operator_range,274015,6315202908,15774,15774,0,7,0,9956,142057,copy|elementwise_binary|elementwise_unary|reduce,"void at::native::unrolled_elementwise_kernel<at::native::direct_copy_kernel_cuda|void at::native::vectorized_elementwise_kernel<(int)4, void at::native::<unnamed|void at::native::reduce_kernel<(int)512, (int)1, at::native::ReduceOp<float, at:|void at::native::vectorized_elementwise_kernel<(int)4, at::native::CUDAFunctorOn|void at::native::vectorized_elementwise_kernel<(int)4, at::native::rsqrt_kernel_|void at::native::elementwise_kernel<(int)128, (int)2, void at::native::gpu_kerne|void at::native::vectorized_elementwise_kernel<(int)8, at::native::float16_copy_"
react_moa_mcts,measured,17,react-plan,7,AddOp,ve,nvtx_operator_range,100389,6315487966,1440,1440,0,1,0,8951,1440,elementwise_binary,"void at::native::vectorized_elementwise_kernel<(int)8, at::native::CUDAFunctorOn"
react_moa_mcts,measured,17,react-plan,8,RMSNormOp,ve,nvtx_operator_range,236469,6315597173,15390,15390,0,7,0,15326,123980,copy|elementwise_binary|elementwise_unary|reduce,"void at::native::unrolled_elementwise_kernel<at::native::direct_copy_kernel_cuda|void at::native::vectorized_elementwise_kernel<(int)4, void at::native::<unnamed|void at::native::reduce_kernel<(int)512, (int)1, at::native::ReduceOp<float, at:|void at::native::vectorized_elementwise_kernel<(int)4, at::native::CUDAFunctorOn|void at::native::vectorized_elementwise_kernel<(int)4, at::native::rsqrt_kernel_|void at::native::elementwise_kernel<(int)128, (int)2, void at::native::gpu_kerne|void at::native::vectorized_elementwise_kernel<(int)8, at::native::float16_copy_"
react_moa_mcts,measured,17,react-plan,10,LinearOp,me,nvtx_operator_range,202607,6315842216,12926,12478,448,1,1,20742,22492,gemm|memset,memset|void cutlass::Kernel2<cutlass_80_tensorop_f16_s16816gemm_relu_f16_64x64_32x6_nn_
react_moa_mcts,measured,17,react-plan,11,LinearOp,me,nvtx_operator_range,129430,6316054594,12766,12318,448,1,1,8780,21181,gemm|memset,memset|void cutlass::Kernel2<cutlass_80_tensorop_f16_s16816gemm_relu_f16_64x64_32x6_nn_
react_moa_mcts,measured,17,react-plan,12,LinearOp,me,nvtx_operator_range,119060,6316202751,12670,12254,416,1,1,8207,21437,gemm|memset,memset|void cutlass::Kernel2<cutlass_80_tensorop_f16_s16816gemm_relu_f16_64x64_32x6_nn_
react_moa_mcts,measured,17,react-plan,13,ViewOp,de,nvtx_operator_range,73220,6316329344,0,0,0,0,0,,,,
react_moa_mcts,measured,17,react-plan,14,TransposeOp,de,nvtx_operator_range,139569,6316409383,9342,9342,0,1,0,12603,9342,copy,"void at::native::elementwise_kernel<(int)128, (int)4, void at::native::gpu_kerne"
react_moa_mcts,measured,17,moa-map0,6,RMSNormOp,ve,nvtx_operator_range,284331,6328088404,19422,19422,0,7,0,10438,143465,copy|elementwise_binary|elementwise_unary|reduce,"void at::native::unrolled_elementwise_kernel<at::native::direct_copy_kernel_cuda|void at::native::vectorized_elementwise_kernel<(int)4, void at::native::<unnamed|void at::native::reduce_kernel<(int)512, (int)1, at::native::ReduceOp<float, at:|void at::native::vectorized_elementwise_kernel<(int)4, at::native::CUDAFunctorOn|void at::native::vectorized_elementwise_kernel<(int)4, at::native::rsqrt_kernel_|void at::native::elementwise_kernel<(int)128, (int)2, void at::native::gpu_kerne|void at::native::vectorized_elementwise_kernel<(int)8, at::native::float16_copy_"
react_moa_mcts,measured,17,moa-map0,7,AddOp,ve,nvtx_operator_range,134922,6328387437,2080,2080,0,1,0,13987,2080,elementwise_binary,"void at::native::vectorized_elementwise_kernel<(int)8, at::native::CUDAFunctorOn"
react_moa_mcts,measured,17,moa-map0,8,RMSNormOp,ve,nvtx_operator_range,279443,6328531464,19198,19198,0,7,0,10497,153351,copy|elementwise_binary|elementwise_unary|reduce,"void at::native::unrolled_elementwise_kernel<at::native::direct_copy_kernel_cuda|void at::native::vectorized_elementwise_kernel<(int)4, void at::native::<unnamed|void at::native::reduce_kernel<(int)512, (int)1, at::native::ReduceOp<float, at:|void at::native::vectorized_elementwise_kernel<(int)4, at::native::CUDAFunctorOn|void at::native::vectorized_elementwise_kernel<(int)4, at::native::rsqrt_kernel_|void at::native::elementwise_kernel<(int)128, (int)2, void at::native::gpu_kerne|void at::native::vectorized_elementwise_kernel<(int)8, at::native::float16_copy_"
react_moa_mcts,measured,17,moa-map0,10,LinearOp,me,nvtx_operator_range,134354,6328821916,20157,20157,0,1,0,12511,20157,gemm,ampere_fp16_s1688gemm_fp16_128x64_sliced1x2_ldg8_f2f_nn
react_moa_mcts,measured,17,moa-map0,11,LinearOp,me,nvtx_operator_range,117115,6328964288,20125,20125,0,1,0,8816,20125,gemm,ampere_fp16_s1688gemm_fp16_128x64_sliced1x2_ldg8_f2f_nn
react_moa_mcts,measured,17,moa-map0,12,LinearOp,me,nvtx_operator_range,98045,6329089140,19964,19964,0,1,0,9666,19964,gemm,ampere_fp16_s1688gemm_fp16_128x64_sliced1x2_ldg8_f2f_nn
react_moa_mcts,measured,17,moa-map0,13,ViewOp,de,nvtx_operator_range,72656,6329194420,0,0,0,0,0,,,,
react_moa_mcts,measured,17,moa-map0,14,TransposeOp,de,nvtx_operator_range,124762,6329273697,12414,12414,0,1,0,11105,12414,copy,"void at::native::elementwise_kernel<(int)128, (int)4, void at::native::gpu_kerne"
react_moa_mcts,measured,17,moa-map1,6,RMSNormOp,ve,nvtx_operator_range,281696,6340610109,19389,19389,0,7,0,9704,139466,copy|elementwise_binary|elementwise_unary|reduce,"void at::native::unrolled_elementwise_kernel<at::native::direct_copy_kernel_cuda|void at::native::vectorized_elementwise_kernel<(int)4, void at::native::<unnamed|void at::native::reduce_kernel<(int)512, (int)1, at::native::ReduceOp<float, at:|void at::native::vectorized_elementwise_kernel<(int)4, at::native::CUDAFunctorOn|void at::native::vectorized_elementwise_kernel<(int)4, at::native::rsqrt_kernel_|void at::native::elementwise_kernel<(int)128, (int)2, void at::native::gpu_kerne|void at::native::vectorized_elementwise_kernel<(int)8, at::native::float16_copy_"
react_moa_mcts,measured,17,moa-map1,7,AddOp,ve,nvtx_operator_range,101067,6340902364,2079,2079,0,1,0,9285,2079,elementwise_binary,"void at::native::vectorized_elementwise_kernel<(int)8, at::native::CUDAFunctorOn"
react_moa_mcts,measured,17,moa-map1,8,RMSNormOp,ve,nvtx_operator_range,251957,6341010726,19230,19230,0,7,0,10160,127339,copy|elementwise_binary|elementwise_unary|reduce,"void at::native::unrolled_elementwise_kernel<at::native::direct_copy_kernel_cuda|void at::native::vectorized_elementwise_kernel<(int)4, void at::native::<unnamed|void at::native::reduce_kernel<(int)512, (int)1, at::native::ReduceOp<float, at:|void at::native::vectorized_elementwise_kernel<(int)4, at::native::CUDAFunctorOn|void at::native::vectorized_elementwise_kernel<(int)4, at::native::rsqrt_kernel_|void at::native::elementwise_kernel<(int)128, (int)2, void at::native::gpu_kerne|void at::native::vectorized_elementwise_kernel<(int)8, at::native::float16_copy_"
react_moa_mcts,measured,17,moa-map1,10,LinearOp,me,nvtx_operator_range,128261,6341271510,20221,20221,0,1,0,11171,20221,gemm,ampere_fp16_s1688gemm_fp16_128x64_sliced1x2_ldg8_f2f_nn
react_moa_mcts,measured,17,moa-map1,11,LinearOp,me,nvtx_operator_range,101649,6341407132,19996,19996,0,1,0,9385,19996,gemm,ampere_fp16_s1688gemm_fp16_128x64_sliced1x2_ldg8_f2f_nn
react_moa_mcts,measured,17,moa-map1,12,LinearOp,me,nvtx_operator_range,94946,6341515494,19997,19997,0,1,0,9237,19997,gemm,ampere_fp16_s1688gemm_fp16_128x64_sliced1x2_ldg8_f2f_nn
react_moa_mcts,measured,17,moa-map1,13,ViewOp,de,nvtx_operator_range,70321,6341616954,0,0,0,0,0,,,,
react_moa_mcts,measured,17,moa-map1,14,TransposeOp,de,nvtx_operator_range,122104,6341693752,12478,12478,0,1,0,11332,12478,copy,"void at::native::elementwise_kernel<(int)128, (int)4, void at::native::gpu_kerne"
react_moa_mcts,measured,17,moa-map2,6,RMSNormOp,ve,nvtx_operator_range,290764,6353274189,19326,19326,0,7,0,9700,144393,copy|elementwise_binary|elementwise_unary|reduce,"void at::native::unrolled_elementwise_kernel<at::native::direct_copy_kernel_cuda|void at::native::vectorized_elementwise_kernel<(int)4, void at::native::<unnamed|void at::native::reduce_kernel<(int)512, (int)1, at::native::ReduceOp<float, at:|void at::native::vectorized_elementwise_kernel<(int)4, at::native::CUDAFunctorOn|void at::native::vectorized_elementwise_kernel<(int)4, at::native::rsqrt_kernel_|void at::native::elementwise_kernel<(int)128, (int)2, void at::native::gpu_kerne|void at::native::vectorized_elementwise_kernel<(int)8, at::native::float16_copy_"
react_moa_mcts,measured,17,moa-map2,7,AddOp,ve,nvtx_operator_range,106297,6353577040,2080,2080,0,1,0,9867,2080,elementwise_binary,"void at::native::vectorized_elementwise_kernel<(int)8, at::native::CUDAFunctorOn"
react_moa_mcts,measured,17,moa-map2,8,RMSNormOp,ve,nvtx_operator_range,242790,6353691197,18845,18845,0,7,0,10296,133067,copy|elementwise_binary|elementwise_unary|reduce,"void at::native::unrolled_elementwise_kernel<at::native::direct_copy_kernel_cuda|void at::native::vectorized_elementwise_kernel<(int)4, void at::native::<unnamed|void at::native::reduce_kernel<(int)512, (int)1, at::native::ReduceOp<float, at:|void at::native::vectorized_elementwise_kernel<(int)4, at::native::CUDAFunctorOn|void at::native::vectorized_elementwise_kernel<(int)4, at::native::rsqrt_kernel_|void at::native::elementwise_kernel<(int)128, (int)2, void at::native::gpu_kerne|void at::native::vectorized_elementwise_kernel<(int)8, at::native::float16_copy_"
react_moa_mcts,measured,17,moa-map2,10,LinearOp,me,nvtx_operator_range,149509,6353943303,19997,19997,0,1,0,11851,19997,gemm,ampere_fp16_s1688gemm_fp16_128x64_sliced1x2_ldg8_f2f_nn
react_moa_mcts,measured,17,moa-map2,11,LinearOp,me,nvtx_operator_range,106854,6354101529,20125,20125,0,1,0,9721,20125,gemm,ampere_fp16_s1688gemm_fp16_128x64_sliced1x2_ldg8_f2f_nn
react_moa_mcts,measured,17,moa-map2,12,LinearOp,me,nvtx_operator_range,99205,6354216381,20060,20060,0,1,0,9744,20060,gemm,ampere_fp16_s1688gemm_fp16_128x64_sliced1x2_ldg8_f2f_nn
react_moa_mcts,measured,17,moa-map2,13,ViewOp,de,nvtx_operator_range,72597,6354322794,0,0,0,0,0,,,,
react_moa_mcts,measured,17,moa-map2,14,TransposeOp,de,nvtx_operator_range,126811,6354401851,12478,12478,0,1,0,11727,12478,copy,"void at::native::elementwise_kernel<(int)128, (int)4, void at::native::gpu_kerne"
react_moa_mcts,measured,17,mcts-root,6,RMSNormOp,ve,nvtx_operator_range,360645,6366102266,19389,19389,0,7,0,12365,192769,copy|elementwise_binary|elementwise_unary|reduce,"void at::native::unrolled_elementwise_kernel<at::native::direct_copy_kernel_cuda|void at::native::vectorized_elementwise_kernel<(int)4, void at::native::<unnamed|void at::native::reduce_kernel<(int)512, (int)1, at::native::ReduceOp<float, at:|void at::native::vectorized_elementwise_kernel<(int)4, at::native::CUDAFunctorOn|void at::native::vectorized_elementwise_kernel<(int)4, at::native::rsqrt_kernel_|void at::native::elementwise_kernel<(int)128, (int)2, void at::native::gpu_kerne|void at::native::vectorized_elementwise_kernel<(int)8, at::native::float16_copy_"
react_moa_mcts,measured,17,mcts-root,7,AddOp,ve,nvtx_operator_range,108671,6366476674,2048,2048,0,1,0,9963,2048,elementwise_binary,"void at::native::vectorized_elementwise_kernel<(int)8, at::native::CUDAFunctorOn"
react_moa_mcts,measured,17,mcts-root,8,RMSNormOp,ve,nvtx_operator_range,234128,6366593958,19069,19069,0,7,0,10112,126219,copy|elementwise_binary|elementwise_unary|reduce,"void at::native::unrolled_elementwise_kernel<at::native::direct_copy_kernel_cuda|void at::native::vectorized_elementwise_kernel<(int)4, void at::native::<unnamed|void at::native::reduce_kernel<(int)512, (int)1, at::native::ReduceOp<float, at:|void at::native::vectorized_elementwise_kernel<(int)4, at::native::CUDAFunctorOn|void at::native::vectorized_elementwise_kernel<(int)4, at::native::rsqrt_kernel_|void at::native::elementwise_kernel<(int)128, (int)2, void at::native::gpu_kerne|void at::native::vectorized_elementwise_kernel<(int)8, at::native::float16_copy_"
react_moa_mcts,measured,17,mcts-root,10,LinearOp,me,nvtx_operator_range,179550,6366837086,20253,20253,0,1,0,13800,20253,gemm,ampere_fp16_s1688gemm_fp16_128x64_sliced1x2_ldg8_f2f_nn
react_moa_mcts,measured,17,mcts-root,11,LinearOp,me,nvtx_operator_range,122452,6367024169,20220,20220,0,1,0,10050,20220,gemm,ampere_fp16_s1688gemm_fp16_128x64_sliced1x2_ldg8_f2f_nn
react_moa_mcts,measured,17,mcts-root,12,LinearOp,me,nvtx_operator_range,95801,6367153584,19996,19996,0,1,0,9058,19996,gemm,ampere_fp16_s1688gemm_fp16_128x64_sliced1x2_ldg8_f2f_nn
react_moa_mcts,measured,17,mcts-root,13,ViewOp,de,nvtx_operator_range,78294,6367256362,0,0,0,0,0,,,,
react_moa_mcts,measured,17,mcts-root,14,TransposeOp,de,nvtx_operator_range,138781,6367341515,12670,12670,0,1,0,11785,12670,copy,"void at::native::elementwise_kernel<(int)128, (int)4, void at::native::gpu_kerne"
react_moa_mcts,measured,17,mcts-actor0,6,RMSNormOp,ve,nvtx_operator_range,443756,6380444129,72115,72115,0,7,0,57759,146280,copy|elementwise_binary|elementwise_unary|reduce,"void at::native::unrolled_elementwise_kernel<at::native::direct_copy_kernel_cuda|void at::native::vectorized_elementwise_kernel<(int)4, void at::native::<unnamed|void at::native::reduce_kernel<(int)512, (int)1, at::native::ReduceOp<float, at:|void at::native::vectorized_elementwise_kernel<(int)4, at::native::CUDAFunctorOn|void at::native::vectorized_elementwise_kernel<(int)4, at::native::rsqrt_kernel_|void at::native::elementwise_kernel<(int)128, (int)2, void at::native::gpu_kerne|void at::native::vectorized_elementwise_kernel<(int)8, at::native::float16_copy_"
react_moa_mcts,measured,17,mcts-actor0,7,AddOp,ve,nvtx_operator_range,104887,6380899966,1920,1920,0,1,0,10364,1920,elementwise_binary,"void at::native::vectorized_elementwise_kernel<(int)8, at::native::CUDAFunctorOn"
react_moa_mcts,measured,17,mcts-actor0,8,RMSNormOp,ve,nvtx_operator_range,255768,6381012596,19483,19483,0,7,0,9795,131786,copy|elementwise_binary|elementwise_unary|reduce,"void at::native::unrolled_elementwise_kernel<at::native::direct_copy_kernel_cuda|void at::native::vectorized_elementwise_kernel<(int)4, void at::native::<unnamed|void at::native::reduce_kernel<(int)512, (int)1, at::native::ReduceOp<float, at:|void at::native::vectorized_elementwise_kernel<(int)4, at::native::CUDAFunctorOn|void at::native::vectorized_elementwise_kernel<(int)4, at::native::rsqrt_kernel_|void at::native::elementwise_kernel<(int)128, (int)2, void at::native::gpu_kerne|void at::native::vectorized_elementwise_kernel<(int)8, at::native::float16_copy_"
react_moa_mcts,measured,17,mcts-actor0,10,LinearOp,me,nvtx_operator_range,145705,6381277552,20061,20061,0,1,0,12967,20061,gemm,ampere_fp16_s1688gemm_fp16_128x64_sliced1x2_ldg8_f2f_nn
react_moa_mcts,measured,17,mcts-actor0,11,LinearOp,me,nvtx_operator_range,102869,6381431342,20028,20028,0,1,0,9319,20028,gemm,ampere_fp16_s1688gemm_fp16_128x64_sliced1x2_ldg8_f2f_nn
react_moa_mcts,measured,17,mcts-actor0,12,LinearOp,me,nvtx_operator_range,109644,6381541223,20061,20061,0,1,0,9972,20061,gemm,ampere_fp16_s1688gemm_fp16_128x64_sliced1x2_ldg8_f2f_nn
react_moa_mcts,measured,17,mcts-actor0,13,ViewOp,de,nvtx_operator_range,75173,6381658115,0,0,0,0,0,,,,
react_moa_mcts,measured,17,mcts-actor0,14,TransposeOp,de,nvtx_operator_range,129602,6381739742,12606,12606,0,1,0,11674,12606,copy,"void at::native::elementwise_kernel<(int)128, (int)4, void at::native::gpu_kerne"
react_moa_mcts,measured,17,mcts-actor1,6,RMSNormOp,ve,nvtx_operator_range,275491,6393124558,19102,19102,0,7,0,9946,144009,copy|elementwise_binary|elementwise_unary|reduce,"void at::native::unrolled_elementwise_kernel<at::native::direct_copy_kernel_cuda|void at::native::vectorized_elementwise_kernel<(int)4, void at::native::<unnamed|void at::native::reduce_kernel<(int)512, (int)1, at::native::ReduceOp<float, at:|void at::native::vectorized_elementwise_kernel<(int)4, at::native::CUDAFunctorOn|void at::native::vectorized_elementwise_kernel<(int)4, at::native::rsqrt_kernel_|void at::native::elementwise_kernel<(int)128, (int)2, void at::native::gpu_kerne|void at::native::vectorized_elementwise_kernel<(int)8, at::native::float16_copy_"
react_moa_mcts,measured,17,mcts-actor1,7,AddOp,ve,nvtx_operator_range,101826,6393410935,1983,1983,0,1,0,9079,1983,elementwise_binary,"void at::native::vectorized_elementwise_kernel<(int)8, at::native::CUDAFunctorOn"
react_moa_mcts,measured,17,mcts-actor1,8,RMSNormOp,ve,nvtx_operator_range,225273,6393520291,19006,19006,0,7,0,9344,121229,copy|elementwise_binary|elementwise_unary|reduce,"void at::native::unrolled_elementwise_kernel<at::native::direct_copy_kernel_cuda|void at::native::vectorized_elementwise_kernel<(int)4, void at::native::<unnamed|void at::native::reduce_kernel<(int)512, (int)1, at::native::ReduceOp<float, at:|void at::native::vectorized_elementwise_kernel<(int)4, at::native::CUDAFunctorOn|void at::native::vectorized_elementwise_kernel<(int)4, at::native::rsqrt_kernel_|void at::native::elementwise_kernel<(int)128, (int)2, void at::native::gpu_kerne|void at::native::vectorized_elementwise_kernel<(int)8, at::native::float16_copy_"
react_moa_mcts,measured,17,mcts-actor1,10,LinearOp,me,nvtx_operator_range,137009,6393754705,20189,20189,0,1,0,12419,20189,gemm,ampere_fp16_s1688gemm_fp16_128x64_sliced1x2_ldg8_f2f_nn
react_moa_mcts,measured,17,mcts-actor1,11,LinearOp,me,nvtx_operator_range,100625,6393899344,20125,20125,0,1,0,9138,20125,gemm,ampere_fp16_s1688gemm_fp16_128x64_sliced1x2_ldg8_f2f_nn
react_moa_mcts,measured,17,mcts-actor1,12,LinearOp,me,nvtx_operator_range,113063,6394006924,20029,20029,0,1,0,9538,20029,gemm,ampere_fp16_s1688gemm_fp16_128x64_sliced1x2_ldg8_f2f_nn
react_moa_mcts,measured,17,mcts-actor1,13,ViewOp,de,nvtx_operator_range,72684,6394127243,0,0,0,0,0,,,,
react_moa_mcts,measured,17,mcts-actor1,14,TransposeOp,de,nvtx_operator_range,124919,6394206153,12606,12606,0,1,0,12306,12606,copy,"void at::native::elementwise_kernel<(int)128, (int)4, void at::native::gpu_kerne"
react_moa_mcts,measured,17,moa-reduce,6,RMSNormOp,ve,nvtx_operator_range,281157,6405502304,19420,19420,0,7,0,10185,141001,copy|elementwise_binary|elementwise_unary|reduce,"void at::native::unrolled_elementwise_kernel<at::native::direct_copy_kernel_cuda|void at::native::vectorized_elementwise_kernel<(int)4, void at::native::<unnamed|void at::native::reduce_kernel<(int)512, (int)1, at::native::ReduceOp<float, at:|void at::native::vectorized_elementwise_kernel<(int)4, at::native::CUDAFunctorOn|void at::native::vectorized_elementwise_kernel<(int)4, at::native::rsqrt_kernel_|void at::native::elementwise_kernel<(int)128, (int)2, void at::native::gpu_kerne|void at::native::vectorized_elementwise_kernel<(int)8, at::native::float16_copy_"
react_moa_mcts,measured,17,moa-reduce,7,AddOp,ve,nvtx_operator_range,100867,6405795267,2111,2111,0,1,0,9199,2111,elementwise_binary,"void at::native::vectorized_elementwise_kernel<(int)8, at::native::CUDAFunctorOn"
react_moa_mcts,measured,17,moa-reduce,8,RMSNormOp,ve,nvtx_operator_range,248970,6405904013,19228,19228,0,7,0,9642,139114,copy|elementwise_binary|elementwise_unary|reduce,"void at::native::unrolled_elementwise_kernel<at::native::direct_copy_kernel_cuda|void at::native::vectorized_elementwise_kernel<(int)4, void at::native::<unnamed|void at::native::reduce_kernel<(int)512, (int)1, at::native::ReduceOp<float, at:|void at::native::vectorized_elementwise_kernel<(int)4, at::native::CUDAFunctorOn|void at::native::vectorized_elementwise_kernel<(int)4, at::native::rsqrt_kernel_|void at::native::elementwise_kernel<(int)128, (int)2, void at::native::gpu_kerne|void at::native::vectorized_elementwise_kernel<(int)8, at::native::float16_copy_"
react_moa_mcts,measured,17,moa-reduce,10,LinearOp,me,nvtx_operator_range,131171,6406162408,20253,20253,0,1,0,11129,20253,gemm,ampere_fp16_s1688gemm_fp16_128x64_sliced1x2_ldg8_f2f_nn
react_moa_mcts,measured,17,moa-reduce,11,LinearOp,me,nvtx_operator_range,100517,6406301163,20253,20253,0,1,0,9414,20253,gemm,ampere_fp16_s1688gemm_fp16_128x64_sliced1x2_ldg8_f2f_nn
react_moa_mcts,measured,17,moa-reduce,12,LinearOp,me,nvtx_operator_range,96599,6406408167,20028,20028,0,1,0,8951,20028,gemm,ampere_fp16_s1688gemm_fp16_128x64_sliced1x2_ldg8_f2f_nn
react_moa_mcts,measured,17,moa-reduce,13,ViewOp,de,nvtx_operator_range,71473,6406511603,0,0,0,0,0,,,,
react_moa_mcts,measured,17,moa-reduce,14,TransposeOp,de,nvtx_operator_range,124846,6406590183,12382,12382,0,1,0,12072,12382,copy,"void at::native::elementwise_kernel<(int)128, (int)4, void at::native::gpu_kerne"
react_moa_mcts,measured,17,react-answer,6,RMSNormOp,ve,nvtx_operator_range,284831,6415777046,17948,17948,0,7,0,9567,140137,copy|elementwise_binary|elementwise_unary|reduce,"void at::native::unrolled_elementwise_kernel<at::native::direct_copy_kernel_cuda|void at::native::vectorized_elementwise_kernel<(int)4, void at::native::<unnamed|void at::native::reduce_kernel<(int)512, (int)1, at::native::ReduceOp<float, at:|void at::native::vectorized_elementwise_kernel<(int)4, at::native::CUDAFunctorOn|void at::native::vectorized_elementwise_kernel<(int)4, at::native::rsqrt_kernel_|void at::native::elementwise_kernel<(int)128, (int)2, void at::native::gpu_kerne|void at::native::vectorized_elementwise_kernel<(int)8, at::native::float16_copy_"
react_moa_mcts,measured,17,react-answer,7,AddOp,ve,nvtx_operator_range,103595,6416073664,1695,1695,0,1,0,9906,1695,elementwise_binary,"void at::native::vectorized_elementwise_kernel<(int)8, at::native::CUDAFunctorOn"
react_moa_mcts,measured,17,react-answer,8,RMSNormOp,ve,nvtx_operator_range,231060,6416185848,17308,17308,0,7,0,9427,124812,copy|elementwise_binary|elementwise_unary|reduce,"void at::native::unrolled_elementwise_kernel<at::native::direct_copy_kernel_cuda|void at::native::vectorized_elementwise_kernel<(int)4, void at::native::<unnamed|void at::native::reduce_kernel<(int)512, (int)1, at::native::ReduceOp<float, at:|void at::native::vectorized_elementwise_kernel<(int)4, at::native::CUDAFunctorOn|void at::native::vectorized_elementwise_kernel<(int)4, at::native::rsqrt_kernel_|void at::native::elementwise_kernel<(int)128, (int)2, void at::native::gpu_kerne|void at::native::vectorized_elementwise_kernel<(int)8, at::native::float16_copy_"
react_moa_mcts,measured,17,react-answer,10,LinearOp,me,nvtx_operator_range,138291,6416426108,14590,14590,0,1,0,12387,14590,gemm,ampere_fp16_s16816gemm_fp16_128x64_ldg8_f2f_stages_32x6_nn
react_moa_mcts,measured,17,react-answer,11,LinearOp,me,nvtx_operator_range,101578,6416572190,14621,14621,0,1,0,10002,14621,gemm,ampere_fp16_s16816gemm_fp16_128x64_ldg8_f2f_stages_32x6_nn
react_moa_mcts,measured,17,react-answer,12,LinearOp,me,nvtx_operator_range,100757,6416692298,14525,14525,0,1,0,9406,14525,gemm,ampere_fp16_s16816gemm_fp16_128x64_ldg8_f2f_stages_32x6_nn
react_moa_mcts,measured,17,react-answer,13,ViewOp,de,nvtx_operator_range,71222,6416800426,0,0,0,0,0,,,,
react_moa_mcts,measured,17,react-answer,14,TransposeOp,de,nvtx_operator_range,122740,6416878695,12158,12158,0,1,0,11081,12158,copy,"void at::native::elementwise_kernel<(int)128, (int)4, void at::native::gpu_kerne"
react_moa_mcts,measured,17,mcts-critic,6,RMSNormOp,ve,nvtx_operator_range,310600,6428255064,19164,19164,0,7,0,11092,156358,copy|elementwise_binary|elementwise_unary|reduce,"void at::native::unrolled_elementwise_kernel<at::native::direct_copy_kernel_cuda|void at::native::vectorized_elementwise_kernel<(int)4, void at::native::<unnamed|void at::native::reduce_kernel<(int)512, (int)1, at::native::ReduceOp<float, at:|void at::native::vectorized_elementwise_kernel<(int)4, at::native::CUDAFunctorOn|void at::native::vectorized_elementwise_kernel<(int)4, at::native::rsqrt_kernel_|void at::native::elementwise_kernel<(int)128, (int)2, void at::native::gpu_kerne|void at::native::vectorized_elementwise_kernel<(int)8, at::native::float16_copy_"
react_moa_mcts,measured,17,mcts-critic,7,AddOp,ve,nvtx_operator_range,102199,6428578694,2112,2112,0,1,0,9228,2112,elementwise_binary,"void at::native::vectorized_elementwise_kernel<(int)8, at::native::CUDAFunctorOn"
react_moa_mcts,measured,17,mcts-critic,8,RMSNormOp,ve,nvtx_operator_range,226223,6428688831,19036,19036,0,7,0,9158,123564,copy|elementwise_binary|elementwise_unary|reduce,"void at::native::unrolled_elementwise_kernel<at::native::direct_copy_kernel_cuda|void at::native::vectorized_elementwise_kernel<(int)4, void at::native::<unnamed|void at::native::reduce_kernel<(int)512, (int)1, at::native::ReduceOp<float, at:|void at::native::vectorized_elementwise_kernel<(int)4, at::native::CUDAFunctorOn|void at::native::vectorized_elementwise_kernel<(int)4, at::native::rsqrt_kernel_|void at::native::elementwise_kernel<(int)128, (int)2, void at::native::gpu_kerne|void at::native::vectorized_elementwise_kernel<(int)8, at::native::float16_copy_"
react_moa_mcts,measured,17,mcts-critic,10,LinearOp,me,nvtx_operator_range,171539,6428923299,20157,20157,0,1,0,12232,20157,gemm,ampere_fp16_s1688gemm_fp16_128x64_sliced1x2_ldg8_f2f_nn
react_moa_mcts,measured,17,mcts-critic,11,LinearOp,me,nvtx_operator_range,109643,6429103537,20188,20188,0,1,0,9490,20188,gemm,ampere_fp16_s1688gemm_fp16_128x64_sliced1x2_ldg8_f2f_nn
react_moa_mcts,measured,17,mcts-critic,12,LinearOp,me,nvtx_operator_range,94926,6429220472,20157,20157,0,1,0,8536,20157,gemm,ampere_fp16_s1688gemm_fp16_128x64_sliced1x2_ldg8_f2f_nn
react_moa_mcts,measured,17,mcts-critic,13,ViewOp,de,nvtx_operator_range,74121,6429322551,0,0,0,0,0,,,,
react_moa_mcts,measured,17,mcts-critic,14,TransposeOp,de,nvtx_operator_range,130307,6429403309,12222,12222,0,1,0,11478,12222,copy,"void at::native::elementwise_kernel<(int)128, (int)4, void at::native::gpu_kerne"
react_moa_mcts,measured,18,react-plan,,call_overhead,,gap_before_operator,,,87218,5055,82163,2,1,16834,258871,elementwise_binary|memcpy|rng_init,"memcpy_Host-to-Device|void at::native::<unnamed>::distribution_elementwise_grid_stride_kernel<float, (|void at::native::vectorized_elementwise_kernel<(int)8, at::native::BUnaryFunctor"
react_moa_mcts,measured,18,moa-map0,,call_overhead,,gap_before_operator,,,249272,7007,242265,2,2,14196,11135173,elementwise_binary|memcpy|rng_init,"memcpy_Device-to-Host|memcpy_Host-to-Device|void at::native::<unnamed>::distribution_elementwise_grid_stride_kernel<float, (|void at::native::vectorized_elementwise_kernel<(int)8, at::native::BUnaryFunctor"
react_moa_mcts,measured,18,moa-map1,,call_overhead,,gap_before_operator,,,317773,7135,310638,2,2,14364,11209625,elementwise_binary|memcpy|rng_init,"memcpy_Device-to-Host|memcpy_Host-to-Device|void at::native::<unnamed>::distribution_elementwise_grid_stride_kernel<float, (|void at::native::vectorized_elementwise_kernel<(int)8, at::native::BUnaryFunctor"
react_moa_mcts,measured,18,moa-map2,,call_overhead,,gap_before_operator,,,324588,7007,317581,2,2,14189,11155938,elementwise_binary|memcpy|rng_init,"memcpy_Device-to-Host|memcpy_Host-to-Device|void at::native::<unnamed>::distribution_elementwise_grid_stride_kernel<float, (|void at::native::vectorized_elementwise_kernel<(int)8, at::native::BUnaryFunctor"
react_moa_mcts,measured,18,mcts-root,,call_overhead,,gap_before_operator,,,322285,7007,315278,2,2,14532,11141124,elementwise_binary|memcpy|rng_init,"memcpy_Device-to-Host|memcpy_Host-to-Device|void at::native::<unnamed>::distribution_elementwise_grid_stride_kernel<float, (|void at::native::vectorized_elementwise_kernel<(int)8, at::native::BUnaryFunctor"
react_moa_mcts,measured,18,mcts-actor0,,call_overhead,,gap_before_operator,,,323468,7071,316397,2,2,14455,12627541,elementwise_binary|memcpy|rng_init,"memcpy_Device-to-Host|memcpy_Host-to-Device|void at::native::<unnamed>::distribution_elementwise_grid_stride_kernel<float, (|void at::native::vectorized_elementwise_kernel<(int)8, at::native::BUnaryFunctor"
react_moa_mcts,measured,18,mcts-actor1,,call_overhead,,gap_before_operator,,,315085,6975,308110,2,2,14301,10937157,elementwise_binary|memcpy|rng_init,"memcpy_Device-to-Host|memcpy_Host-to-Device|void at::native::<unnamed>::distribution_elementwise_grid_stride_kernel<float, (|void at::native::vectorized_elementwise_kernel<(int)8, at::native::BUnaryFunctor"
react_moa_mcts,measured,18,moa-reduce,,call_overhead,,gap_before_operator,,,321165,7039,314126,2,2,14313,11132454,elementwise_binary|memcpy|rng_init,"memcpy_Device-to-Host|memcpy_Host-to-Device|void at::native::<unnamed>::distribution_elementwise_grid_stride_kernel<float, (|void at::native::vectorized_elementwise_kernel<(int)8, at::native::BUnaryFunctor"
react_moa_mcts,measured,18,react-answer,,call_overhead,,gap_before_operator,,,284691,6687,278004,2,2,14177,9051540,elementwise_binary|memcpy|rng_init,"memcpy_Device-to-Host|memcpy_Host-to-Device|void at::native::<unnamed>::distribution_elementwise_grid_stride_kernel<float, (|void at::native::vectorized_elementwise_kernel<(int)8, at::native::BUnaryFunctor"
react_moa_mcts,measured,18,mcts-critic,,call_overhead,,gap_before_operator,,,442585,7071,435514,2,3,13963,12494315,elementwise_binary|memcpy|rng_init,"memcpy_Device-to-Host|memcpy_Host-to-Device|void at::native::<unnamed>::distribution_elementwise_grid_stride_kernel<float, (|void at::native::vectorized_elementwise_kernel<(int)8, at::native::BUnaryFunctor"
react_moa_mcts,measured,18,react-plan,6,RMSNormOp,ve,nvtx_operator_range,294740,6436994756,16093,16093,0,7,0,10225,145929,copy|elementwise_binary|elementwise_unary|reduce,"void at::native::unrolled_elementwise_kernel<at::native::direct_copy_kernel_cuda|void at::native::vectorized_elementwise_kernel<(int)4, void at::native::<unnamed|void at::native::reduce_kernel<(int)512, (int)1, at::native::ReduceOp<float, at:|void at::native::vectorized_elementwise_kernel<(int)4, at::native::CUDAFunctorOn|void at::native::vectorized_elementwise_kernel<(int)4, at::native::rsqrt_kernel_|void at::native::elementwise_kernel<(int)128, (int)2, void at::native::gpu_kerne|void at::native::vectorized_elementwise_kernel<(int)8, at::native::float16_copy_"
react_moa_mcts,measured,18,react-plan,7,AddOp,ve,nvtx_operator_range,108423,6437311452,1440,1440,0,1,0,10526,1440,elementwise_binary,"void at::native::vectorized_elementwise_kernel<(int)8, at::native::CUDAFunctorOn"
react_moa_mcts,measured,18,react-plan,8,RMSNormOp,ve,nvtx_operator_range,244691,6437427944,15293,15293,0,7,0,9206,135978,copy|elementwise_binary|elementwise_unary|reduce,"void at::native::unrolled_elementwise_kernel<at::native::direct_copy_kernel_cuda|void at::native::vectorized_elementwise_kernel<(int)4, void at::native::<unnamed|void at::native::reduce_kernel<(int)512, (int)1, at::native::ReduceOp<float, at:|void at::native::vectorized_elementwise_kernel<(int)4, at::native::CUDAFunctorOn|void at::native::vectorized_elementwise_kernel<(int)4, at::native::rsqrt_kernel_|void at::native::elementwise_kernel<(int)128, (int)2, void at::native::gpu_kerne|void at::native::vectorized_elementwise_kernel<(int)8, at::native::float16_copy_"
react_moa_mcts,measured,18,react-plan,10,LinearOp,me,nvtx_operator_range,198868,6437682128,12798,12350,448,1,1,21373,22812,gemm|memset,memset|void cutlass::Kernel2<cutlass_80_tensorop_f16_s16816gemm_relu_f16_64x64_32x6_nn_
react_moa_mcts,measured,18,react-plan,11,LinearOp,me,nvtx_operator_range,130804,6437890746,12766,12318,448,1,1,7825,20861,gemm|memset,memset|void cutlass::Kernel2<cutlass_80_tensorop_f16_s16816gemm_relu_f16_64x64_32x6_nn_
react_moa_mcts,measured,18,react-plan,12,LinearOp,me,nvtx_operator_range,122561,6438043013,12798,12350,448,1,1,8265,22140,gemm|memset,memset|void cutlass::Kernel2<cutlass_80_tensorop_f16_s16816gemm_relu_f16_64x64_32x6_nn_
react_moa_mcts,measured,18,react-plan,13,ViewOp,de,nvtx_operator_range,74227,6438173570,0,0,0,0,0,,,,
react_moa_mcts,measured,18,react-plan,14,TransposeOp,de,nvtx_operator_range,130805,6438254405,9375,9375,0,1,0,12055,9375,copy,"void at::native::elementwise_kernel<(int)128, (int)4, void at::native::gpu_kerne"
react_moa_mcts,measured,18,moa-map0,6,RMSNormOp,ve,nvtx_operator_range,278972,6449597455,19422,19422,0,7,0,10841,141641,copy|elementwise_binary|elementwise_unary|reduce,"void at::native::unrolled_elementwise_kernel<at::native::direct_copy_kernel_cuda|void at::native::vectorized_elementwise_kernel<(int)4, void at::native::<unnamed|void at::native::reduce_kernel<(int)512, (int)1, at::native::ReduceOp<float, at:|void at::native::vectorized_elementwise_kernel<(int)4, at::native::CUDAFunctorOn|void at::native::vectorized_elementwise_kernel<(int)4, at::native::rsqrt_kernel_|void at::native::elementwise_kernel<(int)128, (int)2, void at::native::gpu_kerne|void at::native::vectorized_elementwise_kernel<(int)8, at::native::float16_copy_"
react_moa_mcts,measured,18,moa-map0,7,AddOp,ve,nvtx_operator_range,103731,6449888176,1983,1983,0,1,0,9399,1983,elementwise_binary,"void at::native::vectorized_elementwise_kernel<(int)8, at::native::CUDAFunctorOn"
react_moa_mcts,measured,18,moa-map0,8,RMSNormOp,ve,nvtx_operator_range,255407,6450000090,19036,19036,0,7,0,10320,131019,copy|elementwise_binary|elementwise_unary|reduce,"void at::native::unrolled_elementwise_kernel<at::native::direct_copy_kernel_cuda|void at::native::vectorized_elementwise_kernel<(int)4, void at::native::<unnamed|void at::native::reduce_kernel<(int)512, (int)1, at::native::ReduceOp<float, at:|void at::native::vectorized_elementwise_kernel<(int)4, at::native::CUDAFunctorOn|void at::native::vectorized_elementwise_kernel<(int)4, at::native::rsqrt_kernel_|void at::native::elementwise_kernel<(int)128, (int)2, void at::native::gpu_kerne|void at::native::vectorized_elementwise_kernel<(int)8, at::native::float16_copy_"
react_moa_mcts,measured,18,moa-map0,10,LinearOp,me,nvtx_operator_range,135355,6450264606,20189,20189,0,1,0,11842,20189,gemm,ampere_fp16_s1688gemm_fp16_128x64_sliced1x2_ldg8_f2f_nn
react_moa_mcts,measured,18,moa-map0,11,LinearOp,me,nvtx_operator_range,102706,6450407466,20157,20157,0,1,0,9165,20157,gemm,ampere_fp16_s1688gemm_fp16_128x64_sliced1x2_ldg8_f2f_nn
react_moa_mcts,measured,18,moa-map0,12,LinearOp,me,nvtx_operator_range,94878,6450517397,20061,20061,0,1,0,9511,20061,gemm,ampere_fp16_s1688gemm_fp16_128x64_sliced1x2_ldg8_f2f_nn
react_moa_mcts,measured,18,moa-map0,13,ViewOp,de,nvtx_operator_range,70354,6450619291,0,0,0,0,0,,,,
react_moa_mcts,measured,18,moa-map0,14,TransposeOp,de,nvtx_operator_range,123145,6450695677,12286,12286,0,1,0,11875,12286,copy,"void at::native::elementwise_kernel<(int)128, (int)4, void at::native::gpu_kerne"
react_moa_mcts,measured,18,moa-map1,6,RMSNormOp,ve,nvtx_operator_range,273682,6462093310,19388,19388,0,7,0,10311,141737,copy|elementwise_binary|elementwise_unary|reduce,"void at::native::unrolled_elementwise_kernel<at::native::direct_copy_kernel_cuda|void at::native::vectorized_elementwise_kernel<(int)4, void at::native::<unnamed|void at::native::reduce_kernel<(int)512, (int)1, at::native::ReduceOp<float, at:|void at::native::vectorized_elementwise_kernel<(int)4, at::native::CUDAFunctorOn|void at::native::vectorized_elementwise_kernel<(int)4, at::native::rsqrt_kernel_|void at::native::elementwise_kernel<(int)128, (int)2, void at::native::gpu_kerne|void at::native::vectorized_elementwise_kernel<(int)8, at::native::float16_copy_"
react_moa_mcts,measured,18,moa-map1,7,AddOp,ve,nvtx_operator_range,105916,6462387148,2047,2047,0,1,0,9910,2047,elementwise_binary,"void at::native::vectorized_elementwise_kernel<(int)8, at::native::CUDAFunctorOn"
react_moa_mcts,measured,18,moa-map1,8,RMSNormOp,ve,nvtx_operator_range,232587,6462500816,19068,19068,0,7,0,9880,126475,copy|elementwise_binary|elementwise_unary|reduce,"void at::native::unrolled_elementwise_kernel<at::native::direct_copy_kernel_cuda|void at::native::vectorized_elementwise_kernel<(int)4, void at::native::<unnamed|void at::native::reduce_kernel<(int)512, (int)1, at::native::ReduceOp<float, at:|void at::native::vectorized_elementwise_kernel<(int)4, at::native::CUDAFunctorOn|void at::native::vectorized_elementwise_kernel<(int)4, at::native::rsqrt_kernel_|void at::native::elementwise_kernel<(int)128, (int)2, void at::native::gpu_kerne|void at::native::vectorized_elementwise_kernel<(int)8, at::native::float16_copy_"
react_moa_mcts,measured,18,moa-map1,10,LinearOp,me,nvtx_operator_range,133265,6462742197,20189,20189,0,1,0,10795,20189,gemm,ampere_fp16_s1688gemm_fp16_128x64_sliced1x2_ldg8_f2f_nn
react_moa_mcts,measured,18,moa-map1,11,LinearOp,me,nvtx_operator_range,101514,6462882847,20093,20093,0,1,0,8800,20093,gemm,ampere_fp16_s1688gemm_fp16_128x64_sliced1x2_ldg8_f2f_nn
react_moa_mcts,measured,18,moa-map1,12,LinearOp,me,nvtx_operator_range,114834,6462990823,19997,19997,0,1,0,9887,19997,gemm,ampere_fp16_s1688gemm_fp16_128x64_sliced1x2_ldg8_f2f_nn
react_moa_mcts,measured,18,moa-map1,13,ViewOp,de,nvtx_operator_range,72634,6463113189,0,0,0,0,0,,,,
react_moa_mcts,measured,18,moa-map1,14,TransposeOp,de,nvtx_operator_range,127544,6463191801,12126,12126,0,1,0,11488,12126,copy,"void at::native::elementwise_kernel<(int)128, (int)4, void at::native::gpu_kerne"
react_moa_mcts,measured,18,moa-map2,6,RMSNormOp,ve,nvtx_operator_range,281540,6474523037,19452,19452,0,7,0,10414,141225,copy|elementwise_binary|elementwise_unary|reduce,"void at::native::unrolled_elementwise_kernel<at::native::direct_copy_kernel_cuda|void at::native::vectorized_elementwise_kernel<(int)4, void at::native::<unnamed|void at::native::reduce_kernel<(int)512, (int)1, at::native::ReduceOp<float, at:|void at::native::vectorized_elementwise_kernel<(int)4, at::native::CUDAFunctorOn|void at::native::vectorized_elementwise_kernel<(int)4, at::native::rsqrt_kernel_|void at::native::elementwise_kernel<(int)128, (int)2, void at::native::gpu_kerne|void at::native::vectorized_elementwise_kernel<(int)8, at::native::float16_copy_"
react_moa_mcts,measured,18,moa-map2,7,AddOp,ve,nvtx_operator_range,100928,6474815629,2015,2015,0,1,0,9005,2015,elementwise_binary,"void at::native::vectorized_elementwise_kernel<(int)8, at::native::CUDAFunctorOn"
react_moa_mcts,measured,18,moa-map2,8,RMSNormOp,ve,nvtx_operator_range,252293,6474923886,19326,19326,0,7,0,9730,141578,copy|elementwise_binary|elementwise_unary|reduce,"void at::native::unrolled_elementwise_kernel<at::native::direct_copy_kernel_cuda|void at::native::vectorized_elementwise_kernel<(int)4, void at::native::<unnamed|void at::native::reduce_kernel<(int)512, (int)1, at::native::ReduceOp<float, at:|void at::native::vectorized_elementwise_kernel<(int)4, at::native::CUDAFunctorOn|void at::native::vectorized_elementwise_kernel<(int)4, at::native::rsqrt_kernel_|void at::native::elementwise_kernel<(int)128, (int)2, void at::native::gpu_kerne|void at::native::vectorized_elementwise_kernel<(int)8, at::native::float16_copy_"
react_moa_mcts,measured,18,moa-map2,10,LinearOp,me,nvtx_operator_range,131638,6475185178,20061,20061,0,1,0,11450,20061,gemm,ampere_fp16_s1688gemm_fp16_128x64_sliced1x2_ldg8_f2f_nn
react_moa_mcts,measured,18,moa-map2,11,LinearOp,me,nvtx_operator_range,101556,6475324722,20093,20093,0,1,0,9225,20093,gemm,ampere_fp16_s1688gemm_fp16_128x64_sliced1x2_ldg8_f2f_nn
react_moa_mcts,measured,18,moa-map2,12,LinearOp,me,nvtx_operator_range,96320,6475433873,19933,19933,0,1,0,8884,19933,gemm,ampere_fp16_s1688gemm_fp16_128x64_sliced1x2_ldg8_f2f_nn
react_moa_mcts,measured,18,moa-map2,13,ViewOp,de,nvtx_operator_range,70491,6475538289,0,0,0,0,0,,,,
react_moa_mcts,measured,18,moa-map2,14,TransposeOp,de,nvtx_operator_range,132574,6475615387,12286,12286,0,1,0,11901,12286,copy,"void at::native::elementwise_kernel<(int)128, (int)4, void at::native::gpu_kerne"
react_moa_mcts,measured,18,mcts-root,6,RMSNormOp,ve,nvtx_operator_range,287673,6486940480,19453,19453,0,7,0,9795,157351,copy|elementwise_binary|elementwise_unary|reduce,"void at::native::unrolled_elementwise_kernel<at::native::direct_copy_kernel_cuda|void at::native::vectorized_elementwise_kernel<(int)4, void at::native::<unnamed|void at::native::reduce_kernel<(int)512, (int)1, at::native::ReduceOp<float, at:|void at::native::vectorized_elementwise_kernel<(int)4, at::native::CUDAFunctorOn|void at::native::vectorized_elementwise_kernel<(int)4, at::native::rsqrt_kernel_|void at::native::elementwise_kernel<(int)128, (int)2, void at::native::gpu_kerne|void at::native::vectorized_elementwise_kernel<(int)8, at::native::float16_copy_"
react_moa_mcts,measured,18,mcts-root,7,AddOp,ve,nvtx_operator_range,106043,6487247543,2048,2048,0,1,0,9813,2048,elementwise_binary,"void at::native::vectorized_elementwise_kernel<(int)8, at::native::CUDAFunctorOn"
react_moa_mcts,measured,18,mcts-root,8,RMSNormOp,ve,nvtx_operator_range,236298,6487361314,19260,19260,0,7,0,9742,127212,copy|elementwise_binary|elementwise_unary|reduce,"void at::native::unrolled_elementwise_kernel<at::native::direct_copy_kernel_cuda|void at::native::vectorized_elementwise_kernel<(int)4, void at::native::<unnamed|void at::native::reduce_kernel<(int)512, (int)1, at::native::ReduceOp<float, at:|void at::native::vectorized_elementwise_kernel<(int)4, at::native::CUDAFunctorOn|void at::native::vectorized_elementwise_kernel<(int)4, at::native::rsqrt_kernel_|void at::native::elementwise_kernel<(int)128, (int)2, void at::native::gpu_kerne|void at::native::vectorized_elementwise_kernel<(int)8, at::native::float16_copy_"
react_moa_mcts,measured,18,mcts-root,10,LinearOp,me,nvtx_operator_range,129633,6487605863,20093,20093,0,1,0,10378,20093,gemm,ampere_fp16_s1688gemm_fp16_128x64_sliced1x2_ldg8_f2f_nn
react_moa_mcts,measured,18,mcts-root,11,LinearOp,me,nvtx_operator_range,101326,6487742817,20221,20221,0,1,0,9811,20221,gemm,ampere_fp16_s1688gemm_fp16_128x64_sliced1x2_ldg8_f2f_nn
react_moa_mcts,measured,18,mcts-root,12,LinearOp,me,nvtx_operator_range,93708,6487850915,20092,20092,0,1,0,8528,20092,gemm,ampere_fp16_s1688gemm_fp16_128x64_sliced1x2_ldg8_f2f_nn
react_moa_mcts,measured,18,mcts-root,13,ViewOp,de,nvtx_operator_range,69772,6487952481,0,0,0,0,0,,,,
react_moa_mcts,measured,18,mcts-root,14,TransposeOp,de,nvtx_operator_range,129809,6488041247,12318,12318,0,1,0,12824,12318,copy,"void at::native::elementwise_kernel<(int)128, (int)4, void at::native::gpu_kerne"
react_moa_mcts,measured,18,mcts-actor0,6,RMSNormOp,ve,nvtx_operator_range,280400,6500873937,19198,19198,0,7,0,9298,151080,copy|elementwise_binary|elementwise_unary|reduce,"void at::native::unrolled_elementwise_kernel<at::native::direct_copy_kernel_cuda|void at::native::vectorized_elementwise_kernel<(int)4, void at::native::<unnamed|void at::native::reduce_kernel<(int)512, (int)1, at::native::ReduceOp<float, at:|void at::native::vectorized_elementwise_kernel<(int)4, at::native::CUDAFunctorOn|void at::native::vectorized_elementwise_kernel<(int)4, at::native::rsqrt_kernel_|void at::native::elementwise_kernel<(int)128, (int)2, void at::native::gpu_kerne|void at::native::vectorized_elementwise_kernel<(int)8, at::native::float16_copy_"
react_moa_mcts,measured,18,mcts-actor0,7,AddOp,ve,nvtx_operator_range,136008,6501165243,2112,2112,0,1,0,9329,2112,elementwise_binary,"void at::native::vectorized_elementwise_kernel<(int)8, at::native::CUDAFunctorOn"
react_moa_mcts,measured,18,mcts-actor0,8,RMSNormOp,ve,nvtx_operator_range,258823,6501309658,19102,19102,0,7,0,17882,134314,copy|elementwise_binary|elementwise_unary|reduce,"void at::native::unrolled_elementwise_kernel<at::native::direct_copy_kernel_cuda|void at::native::vectorized_elementwise_kernel<(int)4, void at::native::<unnamed|void at::native::reduce_kernel<(int)512, (int)1, at::native::ReduceOp<float, at:|void at::native::vectorized_elementwise_kernel<(int)4, at::native::CUDAFunctorOn|void at::native::vectorized_elementwise_kernel<(int)4, at::native::rsqrt_kernel_|void at::native::elementwise_kernel<(int)128, (int)2, void at::native::gpu_kerne|void at::native::vectorized_elementwise_kernel<(int)8, at::native::float16_copy_"
react_moa_mcts,measured,18,mcts-actor0,10,LinearOp,me,nvtx_operator_range,322429,6501577347,204831,204831,0,1,0,17281,204831,gemm,ampere_fp16_s1688gemm_fp16_128x64_sliced1x2_ldg8_f2f_nn
react_moa_mcts,measured,18,mcts-actor0,11,LinearOp,me,nvtx_operator_range,206480,6501907478,20412,20412,0,1,0,117684,20412,gemm,ampere_fp16_s1688gemm_fp16_128x64_sliced1x2_ldg8_f2f_nn
react_moa_mcts,measured,18,mcts-actor0,12,LinearOp,me,nvtx_operator_range,100296,6502121468,19933,19933,0,1,0,9086,19933,gemm,ampere_fp16_s1688gemm_fp16_128x64_sliced1x2_ldg8_f2f_nn
react_moa_mcts,measured,18,mcts-actor0,13,ViewOp,de,nvtx_operator_range,73953,6502229460,0,0,0,0,0,,,,
react_moa_mcts,measured,18,mcts-actor0,14,TransposeOp,de,nvtx_operator_range,124251,6502309351,12286,12286,0,1,0,11762,12286,copy,"void at::native::elementwise_kernel<(int)128, (int)4, void at::native::gpu_kerne"
react_moa_mcts,measured,18,mcts-actor1,6,RMSNormOp,ve,nvtx_operator_range,402438,6513447138,19454,19454,0,7,0,9766,138570,copy|elementwise_binary|elementwise_unary|reduce,"void at::native::unrolled_elementwise_kernel<at::native::direct_copy_kernel_cuda|void at::native::vectorized_elementwise_kernel<(int)4, void at::native::<unnamed|void at::native::reduce_kernel<(int)512, (int)1, at::native::ReduceOp<float, at:|void at::native::vectorized_elementwise_kernel<(int)4, at::native::CUDAFunctorOn|void at::native::vectorized_elementwise_kernel<(int)4, at::native::rsqrt_kernel_|void at::native::elementwise_kernel<(int)128, (int)2, void at::native::gpu_kerne|void at::native::vectorized_elementwise_kernel<(int)8, at::native::float16_copy_"
react_moa_mcts,measured,18,mcts-actor1,7,AddOp,ve,nvtx_operator_range,216928,6513861085,1983,1983,0,1,0,148503,1983,elementwise_binary,"void at::native::vectorized_elementwise_kernel<(int)8, at::native::CUDAFunctorOn"
react_moa_mcts,measured,18,mcts-actor1,8,RMSNormOp,ve,nvtx_operator_range,238143,6514086290,19420,19420,0,7,0,9809,127979,copy|elementwise_binary|elementwise_unary|reduce,"void at::native::unrolled_elementwise_kernel<at::native::direct_copy_kernel_cuda|void at::native::vectorized_elementwise_kernel<(int)4, void at::native::<unnamed|void at::native::reduce_kernel<(int)512, (int)1, at::native::ReduceOp<float, at:|void at::native::vectorized_elementwise_kernel<(int)4, at::native::CUDAFunctorOn|void at::native::vectorized_elementwise_kernel<(int)4, at::native::rsqrt_kernel_|void at::native::elementwise_kernel<(int)128, (int)2, void at::native::gpu_kerne|void at::native::vectorized_elementwise_kernel<(int)8, at::native::float16_copy_"
react_moa_mcts,measured,18,mcts-actor1,10,LinearOp,me,nvtx_operator_range,140865,6514333477,20381,20381,0,1,0,11471,20381,gemm,ampere_fp16_s1688gemm_fp16_128x64_sliced1x2_ldg8_f2f_nn
react_moa_mcts,measured,18,mcts-actor1,11,LinearOp,me,nvtx_operator_range,100852,6514482627,20285,20285,0,1,0,10274,20285,gemm,ampere_fp16_s1688gemm_fp16_128x64_sliced1x2_ldg8_f2f_nn
react_moa_mcts,measured,18,mcts-actor1,12,LinearOp,me,nvtx_operator_range,95867,6514590781,20252,20252,0,1,0,9137,20252,gemm,ampere_fp16_s1688gemm_fp16_128x64_sliced1x2_ldg8_f2f_nn
react_moa_mcts,measured,18,mcts-actor1,13,ViewOp,de,nvtx_operator_range,70584,6514693823,0,0,0,0,0,,,,
react_moa_mcts,measured,18,mcts-actor1,14,TransposeOp,de,nvtx_operator_range,124419,6514770546,12765,12765,0,1,0,11559,12765,copy,"void at::native::elementwise_kernel<(int)128, (int)4, void at::native::gpu_kerne"
react_moa_mcts,measured,18,moa-reduce,6,RMSNormOp,ve,nvtx_operator_range,280960,6526103155,19357,19357,0,7,0,10309,139690,copy|elementwise_binary|elementwise_unary|reduce,"void at::native::unrolled_elementwise_kernel<at::native::direct_copy_kernel_cuda|void at::native::vectorized_elementwise_kernel<(int)4, void at::native::<unnamed|void at::native::reduce_kernel<(int)512, (int)1, at::native::ReduceOp<float, at:|void at::native::vectorized_elementwise_kernel<(int)4, at::native::CUDAFunctorOn|void at::native::vectorized_elementwise_kernel<(int)4, at::native::rsqrt_kernel_|void at::native::elementwise_kernel<(int)128, (int)2, void at::native::gpu_kerne|void at::native::vectorized_elementwise_kernel<(int)8, at::native::float16_copy_"
react_moa_mcts,measured,18,moa-reduce,7,AddOp,ve,nvtx_operator_range,101537,6526395840,2079,2079,0,1,0,9262,2079,elementwise_binary,"void at::native::vectorized_elementwise_kernel<(int)8, at::native::CUDAFunctorOn"
react_moa_mcts,measured,18,moa-reduce,8,RMSNormOp,ve,nvtx_operator_range,228936,6526504928,18940,18940,0,7,0,9677,123180,copy|elementwise_binary|elementwise_unary|reduce,"void at::native::unrolled_elementwise_kernel<at::native::direct_copy_kernel_cuda|void at::native::vectorized_elementwise_kernel<(int)4, void at::native::<unnamed|void at::native::reduce_kernel<(int)512, (int)1, at::native::ReduceOp<float, at:|void at::native::vectorized_elementwise_kernel<(int)4, at::native::CUDAFunctorOn|void at::native::vectorized_elementwise_kernel<(int)4, at::native::rsqrt_kernel_|void at::native::elementwise_kernel<(int)128, (int)2, void at::native::gpu_kerne|void at::native::vectorized_elementwise_kernel<(int)8, at::native::float16_copy_"
react_moa_mcts,measured,18,moa-reduce,10,LinearOp,me,nvtx_operator_range,129461,6526742647,20125,20125,0,1,0,11226,20125,gemm,ampere_fp16_s1688gemm_fp16_128x64_sliced1x2_ldg8_f2f_nn
react_moa_mcts,measured,18,moa-reduce,11,LinearOp,me,nvtx_operator_range,103285,6526879615,20188,20188,0,1,0,9924,20188,gemm,ampere_fp16_s1688gemm_fp16_128x64_sliced1x2_ldg8_f2f_nn
react_moa_mcts,measured,18,moa-reduce,12,LinearOp,me,nvtx_operator_range,112261,6526989498,20124,20124,0,1,0,9415,20124,gemm,ampere_fp16_s1688gemm_fp16_128x64_sliced1x2_ldg8_f2f_nn
react_moa_mcts,measured,18,moa-reduce,13,ViewOp,de,nvtx_operator_range,72500,6527109349,0,0,0,0,0,,,,
react_moa_mcts,measured,18,moa-reduce,14,TransposeOp,de,nvtx_operator_range,138105,6527187850,12318,12318,0,1,0,12438,12318,copy,"void at::native::elementwise_kernel<(int)128, (int)4, void at::native::gpu_kerne"
react_moa_mcts,measured,18,react-answer,6,RMSNormOp,ve,nvtx_operator_range,268050,6536427844,18013,18013,0,7,0,9359,139530,copy|elementwise_binary|elementwise_unary|reduce,"void at::native::unrolled_elementwise_kernel<at::native::direct_copy_kernel_cuda|void at::native::vectorized_elementwise_kernel<(int)4, void at::native::<unnamed|void at::native::reduce_kernel<(int)512, (int)1, at::native::ReduceOp<float, at:|void at::native::vectorized_elementwise_kernel<(int)4, at::native::CUDAFunctorOn|void at::native::vectorized_elementwise_kernel<(int)4, at::native::rsqrt_kernel_|void at::native::elementwise_kernel<(int)128, (int)2, void at::native::gpu_kerne|void at::native::vectorized_elementwise_kernel<(int)8, at::native::float16_copy_"
react_moa_mcts,measured,18,react-answer,7,AddOp,ve,nvtx_operator_range,100601,6536706069,1664,1664,0,1,0,9152,1664,elementwise_binary,"void at::native::vectorized_elementwise_kernel<(int)8, at::native::CUDAFunctorOn"
react_moa_mcts,measured,18,react-answer,8,RMSNormOp,ve,nvtx_operator_range,242178,6536814285,17213,17213,0,7,0,9368,122380,copy|elementwise_binary|elementwise_unary|reduce,"void at::native::unrolled_elementwise_kernel<at::native::direct_copy_kernel_cuda|void at::native::vectorized_elementwise_kernel<(int)4, void at::native::<unnamed|void at::native::reduce_kernel<(int)512, (int)1, at::native::ReduceOp<float, at:|void at::native::vectorized_elementwise_kernel<(int)4, at::native::CUDAFunctorOn|void at::native::vectorized_elementwise_kernel<(int)4, at::native::rsqrt_kernel_|void at::native::elementwise_kernel<(int)128, (int)2, void at::native::gpu_kerne|void at::native::vectorized_elementwise_kernel<(int)8, at::native::float16_copy_"
react_moa_mcts,measured,18,react-answer,10,LinearOp,me,nvtx_operator_range,136558,6537066126,14590,14590,0,1,0,12852,14590,gemm,ampere_fp16_s16816gemm_fp16_128x64_ldg8_f2f_stages_32x6_nn
react_moa_mcts,measured,18,react-answer,11,LinearOp,me,nvtx_operator_range,101203,6537210406,14557,14557,0,1,0,10311,14557,gemm,ampere_fp16_s16816gemm_fp16_128x64_ldg8_f2f_stages_32x6_nn
react_moa_mcts,measured,18,react-answer,12,LinearOp,me,nvtx_operator_range,94220,6537319099,14494,14494,0,1,0,8739,14494,gemm,ampere_fp16_s16816gemm_fp16_128x64_ldg8_f2f_stages_32x6_nn
react_moa_mcts,measured,18,react-answer,13,ViewOp,de,nvtx_operator_range,70686,6537420252,0,0,0,0,0,,,,
react_moa_mcts,measured,18,react-answer,14,TransposeOp,de,nvtx_operator_range,120928,6537497236,12062,12062,0,1,0,11151,12062,copy,"void at::native::elementwise_kernel<(int)128, (int)4, void at::native::gpu_kerne"
react_moa_mcts,measured,18,mcts-critic,6,RMSNormOp,ve,nvtx_operator_range,265398,6548666943,19196,19196,0,7,0,9848,137674,copy|elementwise_binary|elementwise_unary|reduce,"void at::native::unrolled_elementwise_kernel<at::native::direct_copy_kernel_cuda|void at::native::vectorized_elementwise_kernel<(int)4, void at::native::<unnamed|void at::native::reduce_kernel<(int)512, (int)1, at::native::ReduceOp<float, at:|void at::native::vectorized_elementwise_kernel<(int)4, at::native::CUDAFunctorOn|void at::native::vectorized_elementwise_kernel<(int)4, at::native::rsqrt_kernel_|void at::native::elementwise_kernel<(int)128, (int)2, void at::native::gpu_kerne|void at::native::vectorized_elementwise_kernel<(int)8, at::native::float16_copy_"
react_moa_mcts,measured,18,mcts-critic,7,AddOp,ve,nvtx_operator_range,118431,6548942640,2015,2015,0,1,0,9303,2015,elementwise_binary,"void at::native::vectorized_elementwise_kernel<(int)8, at::native::CUDAFunctorOn"
react_moa_mcts,measured,18,mcts-critic,8,RMSNormOp,ve,nvtx_operator_range,235540,6549069323,19005,19005,0,7,0,9883,128459,copy|elementwise_binary|elementwise_unary|reduce,"void at::native::unrolled_elementwise_kernel<at::native::direct_copy_kernel_cuda|void at::native::vectorized_elementwise_kernel<(int)4, void at::native::<unnamed|void at::native::reduce_kernel<(int)512, (int)1, at::native::ReduceOp<float, at:|void at::native::vectorized_elementwise_kernel<(int)4, at::native::CUDAFunctorOn|void at::native::vectorized_elementwise_kernel<(int)4, at::native::rsqrt_kernel_|void at::native::elementwise_kernel<(int)128, (int)2, void at::native::gpu_kerne|void at::native::vectorized_elementwise_kernel<(int)8, at::native::float16_copy_"
react_moa_mcts,measured,18,mcts-critic,10,LinearOp,me,nvtx_operator_range,175227,6549313883,20157,20157,0,1,0,14968,20157,gemm,ampere_fp16_s1688gemm_fp16_128x64_sliced1x2_ldg8_f2f_nn
react_moa_mcts,measured,18,mcts-critic,11,LinearOp,me,nvtx_operator_range,121067,6549499538,20285,20285,0,1,0,11896,20285,gemm,ampere_fp16_s1688gemm_fp16_128x64_sliced1x2_ldg8_f2f_nn
react_moa_mcts,measured,18,mcts-critic,12,LinearOp,me,nvtx_operator_range,99559,6549628525,20093,20093,0,1,0,9844,20093,gemm,ampere_fp16_s1688gemm_fp16_128x64_sliced1x2_ldg8_f2f_nn
react_moa_mcts,measured,18,mcts-critic,13,ViewOp,de,nvtx_operator_range,80652,6549735289,0,0,0,0,0,,,,
react_moa_mcts,measured,18,mcts-critic,14,TransposeOp,de,nvtx_operator_range,127038,6549822435,12414,12414,0,1,0,11943,12414,copy,"void at::native::elementwise_kernel<(int)128, (int)4, void at::native::gpu_kerne"
react_moa_mcts,measured,19,react-plan,,call_overhead,,gap_before_operator,,,90865,4959,85906,2,1,15788,227163,elementwise_binary|memcpy|rng_init,"memcpy_Host-to-Device|void at::native::<unnamed>::distribution_elementwise_grid_stride_kernel<float, (|void at::native::vectorized_elementwise_kernel<(int)8, at::native::BUnaryFunctor"
react_moa_mcts,measured,19,moa-map0,,call_overhead,,gap_before_operator,,,252247,7071,245176,2,2,14101,10988604,elementwise_binary|memcpy|rng_init,"memcpy_Device-to-Host|memcpy_Host-to-Device|void at::native::<unnamed>::distribution_elementwise_grid_stride_kernel<float, (|void at::native::vectorized_elementwise_kernel<(int)8, at::native::BUnaryFunctor"
react_moa_mcts,measured,19,moa-map1,,call_overhead,,gap_before_operator,,,319021,7071,311950,2,2,14287,11131206,elementwise_binary|memcpy|rng_init,"memcpy_Device-to-Host|memcpy_Host-to-Device|void at::native::<unnamed>::distribution_elementwise_grid_stride_kernel<float, (|void at::native::vectorized_elementwise_kernel<(int)8, at::native::BUnaryFunctor"
react_moa_mcts,measured,19,moa-map2,,call_overhead,,gap_before_operator,,,325707,7071,318636,2,2,13848,11089197,elementwise_binary|memcpy|rng_init,"memcpy_Device-to-Host|memcpy_Host-to-Device|void at::native::<unnamed>::distribution_elementwise_grid_stride_kernel<float, (|void at::native::vectorized_elementwise_kernel<(int)8, at::native::BUnaryFunctor"
react_moa_mcts,measured,19,mcts-root,,call_overhead,,gap_before_operator,,,318829,7071,311758,2,2,13986,11126439,elementwise_binary|memcpy|rng_init,"memcpy_Device-to-Host|memcpy_Host-to-Device|void at::native::<unnamed>::distribution_elementwise_grid_stride_kernel<float, (|void at::native::vectorized_elementwise_kernel<(int)8, at::native::BUnaryFunctor"
react_moa_mcts,measured,19,mcts-actor0,,call_overhead,,gap_before_operator,,,322765,7039,315726,2,2,13956,12602362,elementwise_binary|memcpy|rng_init,"memcpy_Device-to-Host|memcpy_Host-to-Device|void at::native::<unnamed>::distribution_elementwise_grid_stride_kernel<float, (|void at::native::vectorized_elementwise_kernel<(int)8, at::native::BUnaryFunctor"
react_moa_mcts,measured,19,mcts-actor1,,call_overhead,,gap_before_operator,,,316396,7070,309326,2,2,13839,11100267,elementwise_binary|memcpy|rng_init,"memcpy_Device-to-Host|memcpy_Host-to-Device|void at::native::<unnamed>::distribution_elementwise_grid_stride_kernel<float, (|void at::native::vectorized_elementwise_kernel<(int)8, at::native::BUnaryFunctor"
react_moa_mcts,measured,19,moa-reduce,,call_overhead,,gap_before_operator,,,320044,7070,312974,2,2,14370,11061777,elementwise_binary|memcpy|rng_init,"memcpy_Device-to-Host|memcpy_Host-to-Device|void at::native::<unnamed>::distribution_elementwise_grid_stride_kernel<float, (|void at::native::vectorized_elementwise_kernel<(int)8, at::native::BUnaryFunctor"
react_moa_mcts,measured,19,react-answer,,call_overhead,,gap_before_operator,,,282227,6751,275476,2,2,14122,9089614,elementwise_binary|memcpy|rng_init,"memcpy_Device-to-Host|memcpy_Host-to-Device|void at::native::<unnamed>::distribution_elementwise_grid_stride_kernel<float, (|void at::native::vectorized_elementwise_kernel<(int)8, at::native::BUnaryFunctor"
react_moa_mcts,measured,19,mcts-critic,,call_overhead,,gap_before_operator,,,446265,6975,439290,2,3,14311,12668239,elementwise_binary|memcpy|rng_init,"memcpy_Device-to-Host|memcpy_Host-to-Device|void at::native::<unnamed>::distribution_elementwise_grid_stride_kernel<float, (|void at::native::vectorized_elementwise_kernel<(int)8, at::native::BUnaryFunctor"
react_moa_mcts,measured,19,react-plan,6,RMSNormOp,ve,nvtx_operator_range,273967,6557348664,15743,15743,0,7,0,9816,141354,copy|elementwise_binary|elementwise_unary|reduce,"void at::native::unrolled_elementwise_kernel<at::native::direct_copy_kernel_cuda|void at::native::vectorized_elementwise_kernel<(int)4, void at::native::<unnamed|void at::native::reduce_kernel<(int)512, (int)1, at::native::ReduceOp<float, at:|void at::native::vectorized_elementwise_kernel<(int)4, at::native::CUDAFunctorOn|void at::native::vectorized_elementwise_kernel<(int)4, at::native::rsqrt_kernel_|void at::native::elementwise_kernel<(int)128, (int)2, void at::native::gpu_kerne|void at::native::vectorized_elementwise_kernel<(int)8, at::native::float16_copy_"
react_moa_mcts,measured,19,react-plan,7,AddOp,ve,nvtx_operator_range,102142,6557633610,1439,1439,0,1,0,9668,1439,elementwise_binary,"void at::native::vectorized_elementwise_kernel<(int)8, at::native::CUDAFunctorOn"
react_moa_mcts,measured,19,react-plan,8,RMSNormOp,ve,nvtx_operator_range,225487,6557744231,15517,15517,0,7,0,9232,122509,copy|elementwise_binary|elementwise_unary|reduce,"void at::native::unrolled_elementwise_kernel<at::native::direct_copy_kernel_cuda|void at::native::vectorized_elementwise_kernel<(int)4, void at::native::<unnamed|void at::native::reduce_kernel<(int)512, (int)1, at::native::ReduceOp<float, at:|void at::native::vectorized_elementwise_kernel<(int)4, at::native::CUDAFunctorOn|void at::native::vectorized_elementwise_kernel<(int)4, at::native::rsqrt_kernel_|void at::native::elementwise_kernel<(int)128, (int)2, void at::native::gpu_kerne|void at::native::vectorized_elementwise_kernel<(int)8, at::native::float16_copy_"
react_moa_mcts,measured,19,react-plan,10,LinearOp,me,nvtx_operator_range,204295,6557978199,12894,12446,448,1,1,21654,23773,gemm|memset,memset|void cutlass::Kernel2<cutlass_80_tensorop_f16_s16816gemm_relu_f16_64x64_32x6_nn_
react_moa_mcts,measured,19,react-plan,11,LinearOp,me,nvtx_operator_range,122272,6558192883,12766,12350,416,1,1,8283,21149,gemm|memset,memset|void cutlass::Kernel2<cutlass_80_tensorop_f16_s16816gemm_relu_f16_64x64_32x6_nn_
react_moa_mcts,measured,19,react-plan,12,LinearOp,me,nvtx_operator_range,112160,6558323866,12702,12254,448,1,1,7964,20924,gemm|memset,memset|void cutlass::Kernel2<cutlass_80_tensorop_f16_s16816gemm_relu_f16_64x64_32x6_nn_
react_moa_mcts,measured,19,react-plan,13,ViewOp,de,nvtx_operator_range,73776,6558443877,0,0,0,0,0,,,,
react_moa_mcts,measured,19,react-plan,14,TransposeOp,de,nvtx_operator_range,126761,6558524294,9343,9343,0,1,0,11464,9343,copy,"void at::native::elementwise_kernel<(int)128, (int)4, void at::native::gpu_kerne"
react_moa_mcts,measured,19,moa-map0,6,RMSNormOp,ve,nvtx_operator_range,275819,6569715485,19357,19357,0,7,0,9757,139978,copy|elementwise_binary|elementwise_unary|reduce,"void at::native::unrolled_elementwise_kernel<at::native::direct_copy_kernel_cuda|void at::native::vectorized_elementwise_kernel<(int)4, void at::native::<unnamed|void at::native::reduce_kernel<(int)512, (int)1, at::native::ReduceOp<float, at:|void at::native::vectorized_elementwise_kernel<(int)4, at::native::CUDAFunctorOn|void at::native::vectorized_elementwise_kernel<(int)4, at::native::rsqrt_kernel_|void at::native::elementwise_kernel<(int)128, (int)2, void at::native::gpu_kerne|void at::native::vectorized_elementwise_kernel<(int)8, at::native::float16_copy_"
react_moa_mcts,measured,19,moa-map0,7,AddOp,ve,nvtx_operator_range,118228,6570002094,2111,2111,0,1,0,9778,2111,elementwise_binary,"void at::native::vectorized_elementwise_kernel<(int)8, at::native::CUDAFunctorOn"
react_moa_mcts,measured,19,moa-map0,8,RMSNormOp,ve,nvtx_operator_range,243999,6570128179,19069,19069,0,7,0,9662,134922,copy|elementwise_binary|elementwise_unary|reduce,"void at::native::unrolled_elementwise_kernel<at::native::direct_copy_kernel_cuda|void at::native::vectorized_elementwise_kernel<(int)4, void at::native::<unnamed|void at::native::reduce_kernel<(int)512, (int)1, at::native::ReduceOp<float, at:|void at::native::vectorized_elementwise_kernel<(int)4, at::native::CUDAFunctorOn|void at::native::vectorized_elementwise_kernel<(int)4, at::native::rsqrt_kernel_|void at::native::elementwise_kernel<(int)128, (int)2, void at::native::gpu_kerne|void at::native::vectorized_elementwise_kernel<(int)8, at::native::float16_copy_"
react_moa_mcts,measured,19,moa-map0,10,LinearOp,me,nvtx_operator_range,127740,6570381166,20029,20029,0,1,0,10997,20029,gemm,ampere_fp16_s1688gemm_fp16_128x64_sliced1x2_ldg8_f2f_nn
react_moa_mcts,measured,19,moa-map0,11,LinearOp,me,nvtx_operator_range,101115,6570516469,19997,19997,0,1,0,9190,19997,gemm,ampere_fp16_s1688gemm_fp16_128x64_sliced1x2_ldg8_f2f_nn
react_moa_mcts,measured,19,moa-map0,12,LinearOp,me,nvtx_operator_range,95265,6570624726,20029,20029,0,1,0,8922,20029,gemm,ampere_fp16_s1688gemm_fp16_128x64_sliced1x2_ldg8_f2f_nn
react_moa_mcts,measured,19,moa-map0,13,ViewOp,de,nvtx_operator_range,68508,6570726679,0,0,0,0,0,,,,
react_moa_mcts,measured,19,moa-map0,14,TransposeOp,de,nvtx_operator_range,123344,6570800886,12126,12126,0,1,0,11757,12126,copy,"void at::native::elementwise_kernel<(int)128, (int)4, void at::native::gpu_kerne"
react_moa_mcts,measured,19,moa-map1,6,RMSNormOp,ve,nvtx_operator_range,263239,6582130756,19358,19358,0,7,0,9259,136234,copy|elementwise_binary|elementwise_unary|reduce,"void at::native::unrolled_elementwise_kernel<at::native::direct_copy_kernel_cuda|void at::native::vectorized_elementwise_kernel<(int)4, void at::native::<unnamed|void at::native::reduce_kernel<(int)512, (int)1, at::native::ReduceOp<float, at:|void at::native::vectorized_elementwise_kernel<(int)4, at::native::CUDAFunctorOn|void at::native::vectorized_elementwise_kernel<(int)4, at::native::rsqrt_kernel_|void at::native::elementwise_kernel<(int)128, (int)2, void at::native::gpu_kerne|void at::native::vectorized_elementwise_kernel<(int)8, at::native::float16_copy_"
react_moa_mcts,measured,19,moa-map1,7,AddOp,ve,nvtx_operator_range,99418,6582404089,2048,2048,0,1,0,9434,2048,elementwise_binary,"void at::native::vectorized_elementwise_kernel<(int)8, at::native::CUDAFunctorOn"
react_moa_mcts,measured,19,moa-map1,8,RMSNormOp,ve,nvtx_operator_range,224793,6582511726,19003,19003,0,7,0,9575,122316,copy|elementwise_binary|elementwise_unary|reduce,"void at::native::unrolled_elementwise_kernel<at::native::direct_copy_kernel_cuda|void at::native::vectorized_elementwise_kernel<(int)4, void at::native::<unnamed|void at::native::reduce_kernel<(int)512, (int)1, at::native::ReduceOp<float, at:|void at::native::vectorized_elementwise_kernel<(int)4, at::native::CUDAFunctorOn|void at::native::vectorized_elementwise_kernel<(int)4, at::native::rsqrt_kernel_|void at::native::elementwise_kernel<(int)128, (int)2, void at::native::gpu_kerne|void at::native::vectorized_elementwise_kernel<(int)8, at::native::float16_copy_"
react_moa_mcts,measured,19,moa-map1,10,LinearOp,me,nvtx_operator_range,130166,6582745596,20157,20157,0,1,0,11510,20157,gemm,ampere_fp16_s1688gemm_fp16_128x64_sliced1x2_ldg8_f2f_nn
react_moa_mcts,measured,19,moa-map1,11,LinearOp,me,nvtx_operator_range,102095,6582883819,20189,20189,0,1,0,9632,20189,gemm,ampere_fp16_s1688gemm_fp16_128x64_sliced1x2_ldg8_f2f_nn
react_moa_mcts,measured,19,moa-map1,12,LinearOp,me,nvtx_operator_range,125877,6582993051,20060,20060,0,1,0,10731,20060,gemm,ampere_fp16_s1688gemm_fp16_128x64_sliced1x2_ldg8_f2f_nn
react_moa_mcts,measured,19,moa-map1,13,ViewOp,de,nvtx_operator_range,71354,6583126568,0,0,0,0,0,,,,
react_moa_mcts,measured,19,moa-map1,14,TransposeOp,de,nvtx_operator_range,125867,6583204146,12254,12254,0,1,0,12073,12254,copy,"void at::native::elementwise_kernel<(int)128, (int)4, void at::native::gpu_kerne"
react_moa_mcts,measured,19,moa-map2,6,RMSNormOp,ve,nvtx_operator_range,265026,6594468187,19389,19389,0,7,0,9307,138538,copy|elementwise_binary|elementwise_unary|reduce,"void at::native::unrolled_elementwise_kernel<at::native::direct_copy_kernel_cuda|void at::native::vectorized_elementwise_kernel<(int)4, void at::native::<unnamed|void at::native::reduce_kernel<(int)512, (int)1, at::native::ReduceOp<float, at:|void at::native::vectorized_elementwise_kernel<(int)4, at::native::CUDAFunctorOn|void at::native::vectorized_elementwise_kernel<(int)4, at::native::rsqrt_kernel_|void at::native::elementwise_kernel<(int)128, (int)2, void at::native::gpu_kerne|void at::native::vectorized_elementwise_kernel<(int)8, at::native::float16_copy_"
react_moa_mcts,measured,19,moa-map2,7,AddOp,ve,nvtx_operator_range,101304,6594743571,2047,2047,0,1,0,9508,2047,elementwise_binary,"void at::native::vectorized_elementwise_kernel<(int)8, at::native::CUDAFunctorOn"
react_moa_mcts,measured,19,moa-map2,8,RMSNormOp,ve,nvtx_operator_range,241309,6594852537,19197,19197,0,7,0,9671,120588,copy|elementwise_binary|elementwise_unary|reduce,"void at::native::unrolled_elementwise_kernel<at::native::direct_copy_kernel_cuda|void at::native::vectorized_elementwise_kernel<(int)4, void at::native::<unnamed|void at::native::reduce_kernel<(int)512, (int)1, at::native::ReduceOp<float, at:|void at::native::vectorized_elementwise_kernel<(int)4, at::native::CUDAFunctorOn|void at::native::vectorized_elementwise_kernel<(int)4, at::native::rsqrt_kernel_|void at::native::elementwise_kernel<(int)128, (int)2, void at::native::gpu_kerne|void at::native::vectorized_elementwise_kernel<(int)8, at::native::float16_copy_"
react_moa_mcts,measured,19,moa-map2,10,LinearOp,me,nvtx_operator_range,130017,6595102734,20125,20125,0,1,0,11853,20125,gemm,ampere_fp16_s1688gemm_fp16_128x64_sliced1x2_ldg8_f2f_nn
react_moa_mcts,measured,19,moa-map2,11,LinearOp,me,nvtx_operator_range,114967,6595240657,20189,20189,0,1,0,10634,20189,gemm,ampere_fp16_s1688gemm_fp16_128x64_sliced1x2_ldg8_f2f_nn
react_moa_mcts,measured,19,moa-map2,12,LinearOp,me,nvtx_operator_range,96646,6595363644,19933,19933,0,1,0,9269,19933,gemm,ampere_fp16_s1688gemm_fp16_128x64_sliced1x2_ldg8_f2f_nn
react_moa_mcts,measured,19,moa-map2,13,ViewOp,de,nvtx_operator_range,72716,6595467310,0,0,0,0,0,,,,
react_moa_mcts,measured,19,moa-map2,14,TransposeOp,de,nvtx_operator_range,125133,6595546214,12414,12414,0,1,0,11102,12414,copy,"void at::native::elementwise_kernel<(int)128, (int)4, void at::native::gpu_kerne"
react_moa_mcts,measured,19,mcts-root,6,RMSNormOp,ve,nvtx_operator_range,282938,6606845057,19517,19517,0,7,0,9778,153575,copy|elementwise_binary|elementwise_unary|reduce,"void at::native::unrolled_elementwise_kernel<at::native::direct_copy_kernel_cuda|void at::native::vectorized_elementwise_kernel<(int)4, void at::native::<unnamed|void at::native::reduce_kernel<(int)512, (int)1, at::native::ReduceOp<float, at:|void at::native::vectorized_elementwise_kernel<(int)4, at::native::CUDAFunctorOn|void at::native::vectorized_elementwise_kernel<(int)4, at::native::rsqrt_kernel_|void at::native::elementwise_kernel<(int)128, (int)2, void at::native::gpu_kerne|void at::native::vectorized_elementwise_kernel<(int)8, at::native::float16_copy_"
react_moa_mcts,measured,19,mcts-root,7,AddOp,ve,nvtx_operator_range,101236,6607139032,2079,2079,0,1,0,8941,2079,elementwise_binary,"void at::native::vectorized_elementwise_kernel<(int)8, at::native::CUDAFunctorOn"
react_moa_mcts,measured,19,mcts-root,8,RMSNormOp,ve,nvtx_operator_range,246074,6607248280,19166,19166,0,7,0,9612,129387,copy|elementwise_binary|elementwise_unary|reduce,"void at::native::unrolled_elementwise_kernel<at::native::direct_copy_kernel_cuda|void at::native::vectorized_elementwise_kernel<(int)4, void at::native::<unnamed|void at::native::reduce_kernel<(int)512, (int)1, at::native::ReduceOp<float, at:|void at::native::vectorized_elementwise_kernel<(int)4, at::native::CUDAFunctorOn|void at::native::vectorized_elementwise_kernel<(int)4, at::native::rsqrt_kernel_|void at::native::elementwise_kernel<(int)128, (int)2, void at::native::gpu_kerne|void at::native::vectorized_elementwise_kernel<(int)8, at::native::float16_copy_"
react_moa_mcts,measured,19,mcts-root,10,LinearOp,me,nvtx_operator_range,128525,6607503524,20125,20125,0,1,0,10705,20125,gemm,ampere_fp16_s1688gemm_fp16_128x64_sliced1x2_ldg8_f2f_nn
react_moa_mcts,measured,19,mcts-root,11,LinearOp,me,nvtx_operator_range,100451,6607640086,20253,20253,0,1,0,9319,20253,gemm,ampere_fp16_s1688gemm_fp16_128x64_sliced1x2_ldg8_f2f_nn
react_moa_mcts,measured,19,mcts-root,12,LinearOp,me,nvtx_operator_range,94850,6607747433,20124,20124,0,1,0,9228,20124,gemm,ampere_fp16_s1688gemm_fp16_128x64_sliced1x2_ldg8_f2f_nn
react_moa_mcts,measured,19,mcts-root,13,ViewOp,de,nvtx_operator_range,70460,6607849344,0,0,0,0,0,,,,
react_moa_mcts,measured,19,mcts-root,14,TransposeOp,de,nvtx_operator_range,137140,6607926636,12190,12190,0,1,0,11730,12190,copy,"void at::native::elementwise_kernel<(int)128, (int)4, void at::native::gpu_kerne"
react_moa_mcts,measured,19,mcts-actor0,6,RMSNormOp,ve,nvtx_operator_range,273644,6620716375,19389,19389,0,7,0,9435,138730,copy|elementwise_binary|elementwise_unary|reduce,"void at::native::unrolled_elementwise_kernel<at::native::direct_copy_kernel_cuda|void at::native::vectorized_elementwise_kernel<(int)4, void at::native::<unnamed|void at::native::reduce_kernel<(int)512, (int)1, at::native::ReduceOp<float, at:|void at::native::vectorized_elementwise_kernel<(int)4, at::native::CUDAFunctorOn|void at::native::vectorized_elementwise_kernel<(int)4, at::native::rsqrt_kernel_|void at::native::elementwise_kernel<(int)128, (int)2, void at::native::gpu_kerne|void at::native::vectorized_elementwise_kernel<(int)8, at::native::float16_copy_"
react_moa_mcts,measured,19,mcts-actor0,7,AddOp,ve,nvtx_operator_range,119725,6621000780,2079,2079,0,1,0,10048,2079,elementwise_binary,"void at::native::vectorized_elementwise_kernel<(int)8, at::native::CUDAFunctorOn"
react_moa_mcts,measured,19,mcts-actor0,8,RMSNormOp,ve,nvtx_operator_range,233707,6621129011,19293,19293,0,7,0,9564,127691,copy|elementwise_binary|elementwise_unary|reduce,"void at::native::unrolled_elementwise_kernel<at::native::direct_copy_kernel_cuda|void at::native::vectorized_elementwise_kernel<(int)4, void at::native::<unnamed|void at::native::reduce_kernel<(int)512, (int)1, at::native::ReduceOp<float, at:|void at::native::vectorized_elementwise_kernel<(int)4, at::native::CUDAFunctorOn|void at::native::vectorized_elementwise_kernel<(int)4, at::native::rsqrt_kernel_|void at::native::elementwise_kernel<(int)128, (int)2, void at::native::gpu_kerne|void at::native::vectorized_elementwise_kernel<(int)8, at::native::float16_copy_"
react_moa_mcts,measured,19,mcts-actor0,10,LinearOp,me,nvtx_operator_range,130726,6621370829,20157,20157,0,1,0,11058,20157,gemm,ampere_fp16_s1688gemm_fp16_128x64_sliced1x2_ldg8_f2f_nn
react_moa_mcts,measured,19,mcts-actor0,11,LinearOp,me,nvtx_operator_range,101599,6621509594,20125,20125,0,1,0,9213,20125,gemm,ampere_fp16_s1688gemm_fp16_128x64_sliced1x2_ldg8_f2f_nn
react_moa_mcts,measured,19,mcts-actor0,12,LinearOp,me,nvtx_operator_range,97595,6621618273,20060,20060,0,1,0,8772,20060,gemm,ampere_fp16_s1688gemm_fp16_128x64_sliced1x2_ldg8_f2f_nn
react_moa_mcts,measured,19,mcts-actor0,13,ViewOp,de,nvtx_operator_range,70969,6621722844,0,0,0,0,0,,,,
react_moa_mcts,measured,19,mcts-actor0,14,TransposeOp,de,nvtx_operator_range,123532,6621799817,12478,12478,0,1,0,11295,12478,copy,"void at::native::elementwise_kernel<(int)128, (int)4, void at::native::gpu_kerne"
react_moa_mcts,measured,19,mcts-actor1,6,RMSNormOp,ve,nvtx_operator_range,271016,6633099198,19292,19292,0,7,0,9502,139753,copy|elementwise_binary|elementwise_unary|reduce,"void at::native::unrolled_elementwise_kernel<at::native::direct_copy_kernel_cuda|void at::native::vectorized_elementwise_kernel<(int)4, void at::native::<unnamed|void at::native::reduce_kernel<(int)512, (int)1, at::native::ReduceOp<float, at:|void at::native::vectorized_elementwise_kernel<(int)4, at::native::CUDAFunctorOn|void at::native::vectorized_elementwise_kernel<(int)4, at::native::rsqrt_kernel_|void at::native::elementwise_kernel<(int)128, (int)2, void at::native::gpu_kerne|void at::native::vectorized_elementwise_kernel<(int)8, at::native::float16_copy_"
react_moa_mcts,measured,19,mcts-actor1,7,AddOp,ve,nvtx_operator_range,100307,6633381136,2079,2079,0,1,0,9314,2079,elementwise_binary,"void at::native::vectorized_elementwise_kernel<(int)8, at::native::CUDAFunctorOn"
react_moa_mcts,measured,19,mcts-actor1,8,RMSNormOp,ve,nvtx_operator_range,226705,6633489048,19039,19039,0,7,0,9464,122317,copy|elementwise_binary|elementwise_unary|reduce,"void at::native::unrolled_elementwise_kernel<at::native::direct_copy_kernel_cuda|void at::native::vectorized_elementwise_kernel<(int)4, void at::native::<unnamed|void at::native::reduce_kernel<(int)512, (int)1, at::native::ReduceOp<float, at:|void at::native::vectorized_elementwise_kernel<(int)4, at::native::CUDAFunctorOn|void at::native::vectorized_elementwise_kernel<(int)4, at::native::rsqrt_kernel_|void at::native::elementwise_kernel<(int)128, (int)2, void at::native::gpu_kerne|void at::native::vectorized_elementwise_kernel<(int)8, at::native::float16_copy_"
react_moa_mcts,measured,19,mcts-actor1,10,LinearOp,me,nvtx_operator_range,127537,6633723898,20284,20284,0,1,0,10975,20284,gemm,ampere_fp16_s1688gemm_fp16_128x64_sliced1x2_ldg8_f2f_nn
react_moa_mcts,measured,19,mcts-actor1,11,LinearOp,me,nvtx_operator_range,102322,6633859214,20188,20188,0,1,0,9994,20188,gemm,ampere_fp16_s1688gemm_fp16_128x64_sliced1x2_ldg8_f2f_nn
react_moa_mcts,measured,19,mcts-actor1,12,LinearOp,me,nvtx_operator_range,108401,6633968523,19965,19965,0,1,0,8731,19965,gemm,ampere_fp16_s1688gemm_fp16_128x64_sliced1x2_ldg8_f2f_nn
react_moa_mcts,measured,19,mcts-actor1,13,ViewOp,de,nvtx_operator_range,74251,6634091903,0,0,0,0,0,,,,
react_moa_mcts,measured,19,mcts-actor1,14,TransposeOp,de,nvtx_operator_range,127549,6634172240,12222,12222,0,1,0,12869,12222,copy,"void at::native::elementwise_kernel<(int)128, (int)4, void at::native::gpu_kerne"
react_moa_mcts,measured,19,moa-reduce,6,RMSNormOp,ve,nvtx_operator_range,266065,6645437045,19166,19166,0,7,0,9907,138570,copy|elementwise_binary|elementwise_unary|reduce,"void at::native::unrolled_elementwise_kernel<at::native::direct_copy_kernel_cuda|void at::native::vectorized_elementwise_kernel<(int)4, void at::native::<unnamed|void at::native::reduce_kernel<(int)512, (int)1, at::native::ReduceOp<float, at:|void at::native::vectorized_elementwise_kernel<(int)4, at::native::CUDAFunctorOn|void at::native::vectorized_elementwise_kernel<(int)4, at::native::rsqrt_kernel_|void at::native::elementwise_kernel<(int)128, (int)2, void at::native::gpu_kerne|void at::native::vectorized_elementwise_kernel<(int)8, at::native::float16_copy_"
react_moa_mcts,measured,19,moa-reduce,7,AddOp,ve,nvtx_operator_range,100509,6645713952,2111,2111,0,1,0,9910,2111,elementwise_binary,"void at::native::vectorized_elementwise_kernel<(int)8, at::native::CUDAFunctorOn"
react_moa_mcts,measured,19,moa-reduce,8,RMSNormOp,ve,nvtx_operator_range,250198,6645822321,19038,19038,0,7,0,9494,122477,copy|elementwise_binary|elementwise_unary|reduce,"void at::native::unrolled_elementwise_kernel<at::native::direct_copy_kernel_cuda|void at::native::vectorized_elementwise_kernel<(int)4, void at::native::<unnamed|void at::native::reduce_kernel<(int)512, (int)1, at::native::ReduceOp<float, at:|void at::native::vectorized_elementwise_kernel<(int)4, at::native::CUDAFunctorOn|void at::native::vectorized_elementwise_kernel<(int)4, at::native::rsqrt_kernel_|void at::native::elementwise_kernel<(int)128, (int)2, void at::native::gpu_kerne|void at::native::vectorized_elementwise_kernel<(int)8, at::native::float16_copy_"
react_moa_mcts,measured,19,moa-reduce,10,LinearOp,me,nvtx_operator_range,131327,6646082526,20061,20061,0,1,0,12870,20061,gemm,ampere_fp16_s1688gemm_fp16_128x64_sliced1x2_ldg8_f2f_nn
react_moa_mcts,measured,19,moa-reduce,11,LinearOp,me,nvtx_operator_range,99611,6646221329,19997,19997,0,1,0,9911,19997,gemm,ampere_fp16_s1688gemm_fp16_128x64_sliced1x2_ldg8_f2f_nn
react_moa_mcts,measured,19,moa-reduce,12,LinearOp,me,nvtx_operator_range,96059,6646327638,20061,20061,0,1,0,8976,20061,gemm,ampere_fp16_s1688gemm_fp16_128x64_sliced1x2_ldg8_f2f_nn
react_moa_mcts,measured,19,moa-reduce,13,ViewOp,de,nvtx_operator_range,72539,6646430646,0,0,0,0,0,,,,
react_moa_mcts,measured,19,moa-reduce,14,TransposeOp,de,nvtx_operator_range,124095,6646509194,12350,12350,0,1,0,11143,12350,copy,"void at::native::elementwise_kernel<(int)128, (int)4, void at::native::gpu_kerne"
react_moa_mcts,measured,19,react-answer,6,RMSNormOp,ve,nvtx_operator_range,288119,6655800228,17693,17693,0,7,0,9389,141449,copy|elementwise_binary|elementwise_unary|reduce,"void at::native::unrolled_elementwise_kernel<at::native::direct_copy_kernel_cuda|void at::native::vectorized_elementwise_kernel<(int)4, void at::native::<unnamed|void at::native::reduce_kernel<(int)512, (int)1, at::native::ReduceOp<float, at:|void at::native::vectorized_elementwise_kernel<(int)4, at::native::CUDAFunctorOn|void at::native::vectorized_elementwise_kernel<(int)4, at::native::rsqrt_kernel_|void at::native::elementwise_kernel<(int)128, (int)2, void at::native::gpu_kerne|void at::native::vectorized_elementwise_kernel<(int)8, at::native::float16_copy_"
react_moa_mcts,measured,19,react-answer,7,AddOp,ve,nvtx_operator_range,103729,6656099452,1727,1727,0,1,0,10055,1727,elementwise_binary,"void at::native::vectorized_elementwise_kernel<(int)8, at::native::CUDAFunctorOn"
react_moa_mcts,measured,19,react-answer,8,RMSNormOp,ve,nvtx_operator_range,233447,6656211817,17567,17567,0,7,0,10114,124588,copy|elementwise_binary|elementwise_unary|reduce,"void at::native::unrolled_elementwise_kernel<at::native::direct_copy_kernel_cuda|void at::native::vectorized_elementwise_kernel<(int)4, void at::native::<unnamed|void at::native::reduce_kernel<(int)512, (int)1, at::native::ReduceOp<float, at:|void at::native::vectorized_elementwise_kernel<(int)4, at::native::CUDAFunctorOn|void at::native::vectorized_elementwise_kernel<(int)4, at::native::rsqrt_kernel_|void at::native::elementwise_kernel<(int)128, (int)2, void at::native::gpu_kerne|void at::native::vectorized_elementwise_kernel<(int)8, at::native::float16_copy_"
react_moa_mcts,measured,19,react-answer,10,LinearOp,me,nvtx_operator_range,134619,6656454194,14590,14590,0,1,0,12336,14590,gemm,ampere_fp16_s16816gemm_fp16_128x64_ldg8_f2f_stages_32x6_nn
react_moa_mcts,measured,19,react-answer,11,LinearOp,me,nvtx_operator_range,100002,6656596718,14622,14622,0,1,0,9459,14622,gemm,ampere_fp16_s16816gemm_fp16_128x64_ldg8_f2f_stages_32x6_nn
react_moa_mcts,measured,19,react-answer,12,LinearOp,me,nvtx_operator_range,94971,6656703397,14493,14493,0,1,0,9170,14493,gemm,ampere_fp16_s16816gemm_fp16_128x64_ldg8_f2f_stages_32x6_nn
react_moa_mcts,measured,19,react-answer,13,ViewOp,de,nvtx_operator_range,71562,6656805604,0,0,0,0,0,,,,
react_moa_mcts,measured,19,react-answer,14,TransposeOp,de,nvtx_operator_range,123410,6656883752,12094,12094,0,1,0,11629,12094,copy,"void at::native::elementwise_kernel<(int)128, (int)4, void at::native::gpu_kerne"
react_moa_mcts,measured,19,mcts-critic,6,RMSNormOp,ve,nvtx_operator_range,361302,6668161391,69272,69272,0,7,0,15580,194561,copy|elementwise_binary|elementwise_unary|reduce,"void at::native::unrolled_elementwise_kernel<at::native::direct_copy_kernel_cuda|void at::native::vectorized_elementwise_kernel<(int)4, void at::native::<unnamed|void at::native::reduce_kernel<(int)512, (int)1, at::native::ReduceOp<float, at:|void at::native::vectorized_elementwise_kernel<(int)4, at::native::CUDAFunctorOn|void at::native::vectorized_elementwise_kernel<(int)4, at::native::rsqrt_kernel_|void at::native::elementwise_kernel<(int)128, (int)2, void at::native::gpu_kerne|void at::native::vectorized_elementwise_kernel<(int)8, at::native::float16_copy_"
react_moa_mcts,measured,19,mcts-critic,7,AddOp,ve,nvtx_operator_range,176021,6668534150,47064,47064,0,1,0,32532,47064,elementwise_binary,"void at::native::vectorized_elementwise_kernel<(int)8, at::native::CUDAFunctorOn"
react_moa_mcts,measured,19,mcts-critic,8,RMSNormOp,ve,nvtx_operator_range,229243,6668718352,19100,19100,0,7,0,83777,50392,copy|elementwise_binary|elementwise_unary|reduce,"void at::native::unrolled_elementwise_kernel<at::native::direct_copy_kernel_cuda|void at::native::vectorized_elementwise_kernel<(int)4, void at::native::<unnamed|void at::native::reduce_kernel<(int)512, (int)1, at::native::ReduceOp<float, at:|void at::native::vectorized_elementwise_kernel<(int)4, at::native::CUDAFunctorOn|void at::native::vectorized_elementwise_kernel<(int)4, at::native::rsqrt_kernel_|void at::native::elementwise_kernel<(int)128, (int)2, void at::native::gpu_kerne|void at::native::vectorized_elementwise_kernel<(int)8, at::native::float16_copy_"
react_moa_mcts,measured,19,mcts-critic,10,LinearOp,me,nvtx_operator_range,148595,6668956267,20125,20125,0,1,0,26965,20125,gemm,ampere_fp16_s1688gemm_fp16_128x64_sliced1x2_ldg8_f2f_nn
react_moa_mcts,measured,19,mcts-critic,11,LinearOp,me,nvtx_operator_range,106647,6669113668,20092,20092,0,1,0,10023,20092,gemm,ampere_fp16_s1688gemm_fp16_128x64_sliced1x2_ldg8_f2f_nn
react_moa_mcts,measured,19,mcts-critic,12,LinearOp,me,nvtx_operator_range,95928,6669227735,20189,20189,0,1,0,9559,20189,gemm,ampere_fp16_s1688gemm_fp16_128x64_sliced1x2_ldg8_f2f_nn
react_moa_mcts,measured,19,mcts-critic,13,ViewOp,de,nvtx_operator_range,69515,6669330739,0,0,0,0,0,,,,
react_moa_mcts,measured,19,mcts-critic,14,TransposeOp,de,nvtx_operator_range,123398,6669406570,12254,12254,0,1,0,11770,12254,copy,"void at::native::elementwise_kernel<(int)128, (int)4, void at::native::gpu_kerne"
react_moa_mcts,warmup,0,react-plan,,call_overhead,,gap_before_operator,,,81107,5663,75444,2,1,38516,23898663,elementwise_binary|memcpy|rng_init,"memcpy_Host-to-Device|void at::native::<unnamed>::distribution_elementwise_grid_stride_kernel<float, (|void at::native::vectorized_elementwise_kernel<(int)8, at::native::BUnaryFunctor"
react_moa_mcts,warmup,0,moa-map0,,call_overhead,,gap_before_operator,,,236442,7007,229435,2,2,27880,14672719,elementwise_binary|memcpy|rng_init,"memcpy_Device-to-Host|memcpy_Host-to-Device|void at::native::<unnamed>::distribution_elementwise_grid_stride_kernel<float, (|void at::native::vectorized_elementwise_kernel<(int)8, at::native::BUnaryFunctor"
react_moa_mcts,warmup,0,moa-map1,,call_overhead,,gap_before_operator,,,316301,7102,309199,2,2,17566,14405465,elementwise_binary|memcpy|rng_init,"memcpy_Device-to-Host|memcpy_Host-to-Device|void at::native::<unnamed>::distribution_elementwise_grid_stride_kernel<float, (|void at::native::vectorized_elementwise_kernel<(int)8, at::native::BUnaryFunctor"
react_moa_mcts,warmup,0,moa-map2,,call_overhead,,gap_before_operator,,,319373,7039,312334,2,2,16213,14292332,elementwise_binary|memcpy|rng_init,"memcpy_Device-to-Host|memcpy_Host-to-Device|void at::native::<unnamed>::distribution_elementwise_grid_stride_kernel<float, (|void at::native::vectorized_elementwise_kernel<(int)8, at::native::BUnaryFunctor"
react_moa_mcts,warmup,0,mcts-root,,call_overhead,,gap_before_operator,,,320493,7007,313486,2,2,16160,14320423,elementwise_binary|memcpy|rng_init,"memcpy_Device-to-Host|memcpy_Host-to-Device|void at::native::<unnamed>::distribution_elementwise_grid_stride_kernel<float, (|void at::native::vectorized_elementwise_kernel<(int)8, at::native::BUnaryFunctor"
react_moa_mcts,warmup,0,mcts-actor0,,call_overhead,,gap_before_operator,,,307151,7103,300048,2,2,16018,16309001,elementwise_binary|memcpy|rng_init,"memcpy_Device-to-Host|memcpy_Host-to-Device|void at::native::<unnamed>::distribution_elementwise_grid_stride_kernel<float, (|void at::native::vectorized_elementwise_kernel<(int)8, at::native::BUnaryFunctor"
react_moa_mcts,warmup,0,mcts-actor1,,call_overhead,,gap_before_operator,,,289011,7104,281907,2,2,15231,14095147,elementwise_binary|memcpy|rng_init,"memcpy_Device-to-Host|memcpy_Host-to-Device|void at::native::<unnamed>::distribution_elementwise_grid_stride_kernel<float, (|void at::native::vectorized_elementwise_kernel<(int)8, at::native::BUnaryFunctor"
react_moa_mcts,warmup,0,moa-reduce,,call_overhead,,gap_before_operator,,,292754,7071,285683,2,2,14476,14112872,elementwise_binary|memcpy|rng_init,"memcpy_Device-to-Host|memcpy_Host-to-Device|void at::native::<unnamed>::distribution_elementwise_grid_stride_kernel<float, (|void at::native::vectorized_elementwise_kernel<(int)8, at::native::BUnaryFunctor"
react_moa_mcts,warmup,0,react-answer,,call_overhead,,gap_before_operator,,,256376,6624,249752,2,2,14911,12052243,elementwise_binary|memcpy|rng_init,"memcpy_Device-to-Host|memcpy_Host-to-Device|void at::native::<unnamed>::distribution_elementwise_grid_stride_kernel<float, (|void at::native::vectorized_elementwise_kernel<(int)8, at::native::BUnaryFunctor"
react_moa_mcts,warmup,0,mcts-critic,,call_overhead,,gap_before_operator,,,402686,7006,395680,2,3,16401,15587580,elementwise_binary|memcpy|rng_init,"memcpy_Device-to-Host|memcpy_Host-to-Device|void at::native::<unnamed>::distribution_elementwise_grid_stride_kernel<float, (|void at::native::vectorized_elementwise_kernel<(int)8, at::native::BUnaryFunctor"
react_moa_mcts,warmup,0,react-plan,6,RMSNormOp,ve,nvtx_operator_range,182576495,2785203108,17434,17434,0,7,0,21878285,160006625,copy|elementwise_binary|elementwise_unary|reduce,"void at::native::unrolled_elementwise_kernel<at::native::direct_copy_kernel_cuda|void at::native::vectorized_elementwise_kernel<(int)4, void at::native::<unnamed|void at::native::reduce_kernel<(int)512, (int)1, at::native::ReduceOp<float, at:|void at::native::vectorized_elementwise_kernel<(int)4, at::native::CUDAFunctorOn|void at::native::vectorized_elementwise_kernel<(int)4, at::native::rsqrt_kernel_|void at::native::elementwise_kernel<(int)128, (int)2, void at::native::gpu_kerne|void at::native::vectorized_elementwise_kernel<(int)8, at::native::float16_copy_"
react_moa_mcts,warmup,0,react-plan,7,AddOp,ve,nvtx_operator_range,340200,2967815580,1440,1440,0,1,0,72135,1440,elementwise_binary,"void at::native::vectorized_elementwise_kernel<(int)8, at::native::CUDAFunctorOn"
react_moa_mcts,warmup,0,react-plan,8,RMSNormOp,ve,nvtx_operator_range,424544,2968177311,15901,15901,0,7,0,16515,218365,copy|elementwise_binary|elementwise_unary|reduce,"void at::native::unrolled_elementwise_kernel<at::native::direct_copy_kernel_cuda|void at::native::vectorized_elementwise_kernel<(int)4, void at::native::<unnamed|void at::native::reduce_kernel<(int)512, (int)1, at::native::ReduceOp<float, at:|void at::native::vectorized_elementwise_kernel<(int)4, at::native::CUDAFunctorOn|void at::native::vectorized_elementwise_kernel<(int)4, at::native::rsqrt_kernel_|void at::native::elementwise_kernel<(int)128, (int)2, void at::native::gpu_kerne|void at::native::vectorized_elementwise_kernel<(int)8, at::native::float16_copy_"
react_moa_mcts,warmup,0,react-plan,10,LinearOp,me,nvtx_operator_range,260581546,2968617922,12830,12382,448,1,1,32352,52312,gemm|memset,memset|void cutlass::Kernel2<cutlass_80_tensorop_f16_s16816gemm_relu_f16_64x64_32x6_nn_
react_moa_mcts,warmup,0,react-plan,11,LinearOp,me,nvtx_operator_range,304483,3229237922,12734,12318,416,1,1,15976,31163,gemm|memset,memset|void cutlass::Kernel2<cutlass_80_tensorop_f16_s16816gemm_relu_f16_64x64_32x6_nn_
react_moa_mcts,warmup,0,react-plan,12,LinearOp,me,nvtx_operator_range,143059,3229556971,12734,12286,448,1,1,8844,24956,gemm|memset,memset|void cutlass::Kernel2<cutlass_80_tensorop_f16_s16816gemm_relu_f16_64x64_32x6_nn_
react_moa_mcts,warmup,0,react-plan,13,ViewOp,de,nvtx_operator_range,168981,3229711032,0,0,0,0,0,,,,
react_moa_mcts,warmup,0,react-plan,14,TransposeOp,de,nvtx_operator_range,496987,3229901725,9343,9343,0,1,0,140055,9343,copy,"void at::native::elementwise_kernel<(int)128, (int)4, void at::native::gpu_kerne"
react_moa_mcts,warmup,0,moa-map0,6,RMSNormOp,ve,nvtx_operator_range,714644,3246991335,19931,19931,0,7,0,12710,486705,copy|elementwise_binary|elementwise_unary|reduce,"void at::native::unrolled_elementwise_kernel<at::native::direct_copy_kernel_cuda|void at::native::vectorized_elementwise_kernel<(int)4, void at::native::<unnamed|void at::native::reduce_kernel<(int)512, (int)1, at::native::ReduceOp<float, at:|void at::native::vectorized_elementwise_kernel<(int)4, at::native::CUDAFunctorOn|void at::native::vectorized_elementwise_kernel<(int)4, at::native::rsqrt_kernel_|void at::native::elementwise_kernel<(int)128, (int)2, void at::native::gpu_kerne|void at::native::vectorized_elementwise_kernel<(int)8, at::native::float16_copy_"
react_moa_mcts,warmup,0,moa-map0,7,AddOp,ve,nvtx_operator_range,123496,3247723239,2079,2079,0,1,0,11270,2079,elementwise_binary,"void at::native::vectorized_elementwise_kernel<(int)8, at::native::CUDAFunctorOn"
react_moa_mcts,warmup,0,moa-map0,8,RMSNormOp,ve,nvtx_operator_range,294836,3247855103,19101,19101,0,7,0,10317,162374,copy|elementwise_binary|elementwise_unary|reduce,"void at::native::unrolled_elementwise_kernel<at::native::direct_copy_kernel_cuda|void at::native::vectorized_elementwise_kernel<(int)4, void at::native::<unnamed|void at::native::reduce_kernel<(int)512, (int)1, at::native::ReduceOp<float, at:|void at::native::vectorized_elementwise_kernel<(int)4, at::native::CUDAFunctorOn|void at::native::vectorized_elementwise_kernel<(int)4, at::native::rsqrt_kernel_|void at::native::elementwise_kernel<(int)128, (int)2, void at::native::gpu_kerne|void at::native::vectorized_elementwise_kernel<(int)8, at::native::float16_copy_"
react_moa_mcts,warmup,0,moa-map0,10,LinearOp,me,nvtx_operator_range,366252,3248162041,20124,20124,0,1,0,18844,20124,gemm,ampere_fp16_s1688gemm_fp16_128x64_sliced1x2_ldg8_f2f_nn
react_moa_mcts,warmup,0,moa-map0,11,LinearOp,me,nvtx_operator_range,134203,3248541149,20285,20285,0,1,0,12330,20285,gemm,ampere_fp16_s1688gemm_fp16_128x64_sliced1x2_ldg8_f2f_nn
react_moa_mcts,warmup,0,moa-map0,12,LinearOp,me,nvtx_operator_range,107733,3248683440,20029,20029,0,1,0,11361,20029,gemm,ampere_fp16_s1688gemm_fp16_128x64_sliced1x2_ldg8_f2f_nn
react_moa_mcts,warmup,0,moa-map0,13,ViewOp,de,nvtx_operator_range,82773,3248798502,0,0,0,0,0,,,,
react_moa_mcts,warmup,0,moa-map0,14,TransposeOp,de,nvtx_operator_range,166282,3248887583,12702,12702,0,1,0,13788,12702,copy,"void at::native::elementwise_kernel<(int)128, (int)4, void at::native::gpu_kerne"
react_moa_mcts,warmup,0,moa-map1,6,RMSNormOp,ve,nvtx_operator_range,301234,3263541125,19484,19484,0,7,0,10116,157894,copy|elementwise_binary|elementwise_unary|reduce,"void at::native::unrolled_elementwise_kernel<at::native::direct_copy_kernel_cuda|void at::native::vectorized_elementwise_kernel<(int)4, void at::native::<unnamed|void at::native::reduce_kernel<(int)512, (int)1, at::native::ReduceOp<float, at:|void at::native::vectorized_elementwise_kernel<(int)4, at::native::CUDAFunctorOn|void at::native::vectorized_elementwise_kernel<(int)4, at::native::rsqrt_kernel_|void at::native::elementwise_kernel<(int)128, (int)2, void at::native::gpu_kerne|void at::native::vectorized_elementwise_kernel<(int)8, at::native::float16_copy_"
react_moa_mcts,warmup,0,moa-map1,7,AddOp,ve,nvtx_operator_range,106596,3263854354,2048,2048,0,1,0,10042,2048,elementwise_binary,"void at::native::vectorized_elementwise_kernel<(int)8, at::native::CUDAFunctorOn"
react_moa_mcts,warmup,0,moa-map1,8,RMSNormOp,ve,nvtx_operator_range,269426,3263969252,19002,19002,0,7,0,9775,154951,copy|elementwise_binary|elementwise_unary|reduce,"void at::native::unrolled_elementwise_kernel<at::native::direct_copy_kernel_cuda|void at::native::vectorized_elementwise_kernel<(int)4, void at::native::<unnamed|void at::native::reduce_kernel<(int)512, (int)1, at::native::ReduceOp<float, at:|void at::native::vectorized_elementwise_kernel<(int)4, at::native::CUDAFunctorOn|void at::native::vectorized_elementwise_kernel<(int)4, at::native::rsqrt_kernel_|void at::native::elementwise_kernel<(int)128, (int)2, void at::native::gpu_kerne|void at::native::vectorized_elementwise_kernel<(int)8, at::native::float16_copy_"
react_moa_mcts,warmup,0,moa-map1,10,LinearOp,me,nvtx_operator_range,148594,3264249235,20285,20285,0,1,0,14009,20285,gemm,ampere_fp16_s1688gemm_fp16_128x64_sliced1x2_ldg8_f2f_nn
react_moa_mcts,warmup,0,moa-map1,11,LinearOp,me,nvtx_operator_range,106236,3264405740,20253,20253,0,1,0,9588,20253,gemm,ampere_fp16_s1688gemm_fp16_128x64_sliced1x2_ldg8_f2f_nn
react_moa_mcts,warmup,0,moa-map1,12,LinearOp,me,nvtx_operator_range,96718,3264518854,20125,20125,0,1,0,10704,20125,gemm,ampere_fp16_s1688gemm_fp16_128x64_sliced1x2_ldg8_f2f_nn
react_moa_mcts,warmup,0,moa-map1,13,ViewOp,de,nvtx_operator_range,77147,3264624744,0,0,0,0,0,,,,
react_moa_mcts,warmup,0,moa-map1,14,TransposeOp,de,nvtx_operator_range,140509,3264708832,12222,12222,0,1,0,11798,12222,copy,"void at::native::elementwise_kernel<(int)128, (int)4, void at::native::gpu_kerne"
react_moa_mcts,warmup,0,moa-map2,6,RMSNormOp,ve,nvtx_operator_range,306153,3279207157,19323,19323,0,7,0,10370,151816,copy|elementwise_binary|elementwise_unary|reduce,"void at::native::unrolled_elementwise_kernel<at::native::direct_copy_kernel_cuda|void at::native::vectorized_elementwise_kernel<(int)4, void at::native::<unnamed|void at::native::reduce_kernel<(int)512, (int)1, at::native::ReduceOp<float, at:|void at::native::vectorized_elementwise_kernel<(int)4, at::native::CUDAFunctorOn|void at::native::vectorized_elementwise_kernel<(int)4, at::native::rsqrt_kernel_|void at::native::elementwise_kernel<(int)128, (int)2, void at::native::gpu_kerne|void at::native::vectorized_elementwise_kernel<(int)8, at::native::float16_copy_"
react_moa_mcts,warmup,0,moa-map2,7,AddOp,ve,nvtx_operator_range,105858,3279525094,2111,2111,0,1,0,9455,2111,elementwise_binary,"void at::native::vectorized_elementwise_kernel<(int)8, at::native::CUDAFunctorOn"
react_moa_mcts,warmup,0,moa-map2,8,RMSNormOp,ve,nvtx_operator_range,240084,3279638962,19069,19069,0,7,0,9927,127820,copy|elementwise_binary|elementwise_unary|reduce,"void at::native::unrolled_elementwise_kernel<at::native::direct_copy_kernel_cuda|void at::native::vectorized_elementwise_kernel<(int)4, void at::native::<unnamed|void at::native::reduce_kernel<(int)512, (int)1, at::native::ReduceOp<float, at:|void at::native::vectorized_elementwise_kernel<(int)4, at::native::CUDAFunctorOn|void at::native::vectorized_elementwise_kernel<(int)4, at::native::rsqrt_kernel_|void at::native::elementwise_kernel<(int)128, (int)2, void at::native::gpu_kerne|void at::native::vectorized_elementwise_kernel<(int)8, at::native::float16_copy_"
react_moa_mcts,warmup,0,moa-map2,10,LinearOp,me,nvtx_operator_range,144381,3279887576,20061,20061,0,1,0,13368,20061,gemm,ampere_fp16_s1688gemm_fp16_128x64_sliced1x2_ldg8_f2f_nn
react_moa_mcts,warmup,0,moa-map2,11,LinearOp,me,nvtx_operator_range,110739,3280055885,20252,20252,0,1,0,10313,20252,gemm,ampere_fp16_s1688gemm_fp16_128x64_sliced1x2_ldg8_f2f_nn
react_moa_mcts,warmup,0,moa-map2,12,LinearOp,me,nvtx_operator_range,99447,3280174281,20029,20029,0,1,0,10303,20029,gemm,ampere_fp16_s1688gemm_fp16_128x64_sliced1x2_ldg8_f2f_nn
react_moa_mcts,warmup,0,moa-map2,13,ViewOp,de,nvtx_operator_range,74644,3280280081,0,0,0,0,0,,,,
react_moa_mcts,warmup,0,moa-map2,14,TransposeOp,de,nvtx_operator_range,131400,3280360298,12478,12478,0,1,0,11581,12478,copy,"void at::native::elementwise_kernel<(int)128, (int)4, void at::native::gpu_kerne"
react_moa_mcts,warmup,0,mcts-root,6,RMSNormOp,ve,nvtx_operator_range,302354,3294873086,19421,19421,0,7,0,10368,162502,copy|elementwise_binary|elementwise_unary|reduce,"void at::native::unrolled_elementwise_kernel<at::native::direct_copy_kernel_cuda|void at::native::vectorized_elementwise_kernel<(int)4, void at::native::<unnamed|void at::native::reduce_kernel<(int)512, (int)1, at::native::ReduceOp<float, at:|void at::native::vectorized_elementwise_kernel<(int)4, at::native::CUDAFunctorOn|void at::native::vectorized_elementwise_kernel<(int)4, at::native::rsqrt_kernel_|void at::native::elementwise_kernel<(int)128, (int)2, void at::native::gpu_kerne|void at::native::vectorized_elementwise_kernel<(int)8, at::native::float16_copy_"
react_moa_mcts,warmup,0,mcts-root,7,AddOp,ve,nvtx_operator_range,103623,3295187931,2112,2112,0,1,0,9085,2112,elementwise_binary,"void at::native::vectorized_elementwise_kernel<(int)8, at::native::CUDAFunctorOn"
react_moa_mcts,warmup,0,mcts-root,8,RMSNormOp,ve,nvtx_operator_range,242390,3295300322,19102,19102,0,7,0,10287,132363,copy|elementwise_binary|elementwise_unary|reduce,"void at::native::unrolled_elementwise_kernel<at::native::direct_copy_kernel_cuda|void at::native::vectorized_elementwise_kernel<(int)4, void at::native::<unnamed|void at::native::reduce_kernel<(int)512, (int)1, at::native::ReduceOp<float, at:|void at::native::vectorized_elementwise_kernel<(int)4, at::native::CUDAFunctorOn|void at::native::vectorized_elementwise_kernel<(int)4, at::native::rsqrt_kernel_|void at::native::elementwise_kernel<(int)128, (int)2, void at::native::gpu_kerne|void at::native::vectorized_elementwise_kernel<(int)8, at::native::float16_copy_"
react_moa_mcts,warmup,0,mcts-root,10,LinearOp,me,nvtx_operator_range,139388,3295551309,20285,20285,0,1,0,12283,20285,gemm,ampere_fp16_s1688gemm_fp16_128x64_sliced1x2_ldg8_f2f_nn
react_moa_mcts,warmup,0,mcts-root,11,LinearOp,me,nvtx_operator_range,102884,3295697886,20157,20157,0,1,0,9212,20157,gemm,ampere_fp16_s1688gemm_fp16_128x64_sliced1x2_ldg8_f2f_nn
react_moa_mcts,warmup,0,mcts-root,12,LinearOp,me,nvtx_operator_range,97015,3295807714,19805,19805,0,1,0,10066,19805,gemm,ampere_fp16_s1688gemm_fp16_128x64_sliced1x2_ldg8_f2f_nn
react_moa_mcts,warmup,0,mcts-root,13,ViewOp,de,nvtx_operator_range,72438,3295913143,0,0,0,0,0,,,,
react_moa_mcts,warmup,0,mcts-root,14,TransposeOp,de,nvtx_operator_range,156528,3295992019,12254,12254,0,1,0,13471,12254,copy,"void at::native::elementwise_kernel<(int)128, (int)4, void at::native::gpu_kerne"
react_moa_mcts,warmup,0,mcts-actor0,6,RMSNormOp,ve,nvtx_operator_range,271123,3312540429,19165,19165,0,7,0,9013,139402,copy|elementwise_binary|elementwise_unary|reduce,"void at::native::unrolled_elementwise_kernel<at::native::direct_copy_kernel_cuda|void at::native::vectorized_elementwise_kernel<(int)4, void at::native::<unnamed|void at::native::reduce_kernel<(int)512, (int)1, at::native::ReduceOp<float, at:|void at::native::vectorized_elementwise_kernel<(int)4, at::native::CUDAFunctorOn|void at::native::vectorized_elementwise_kernel<(int)4, at::native::rsqrt_kernel_|void at::native::elementwise_kernel<(int)128, (int)2, void at::native::gpu_kerne|void at::native::vectorized_elementwise_kernel<(int)8, at::native::float16_copy_"
react_moa_mcts,warmup,0,mcts-actor0,7,AddOp,ve,nvtx_operator_range,101101,3312822634,2080,2080,0,1,0,8886,2080,elementwise_binary,"void at::native::vectorized_elementwise_kernel<(int)8, at::native::CUDAFunctorOn"
react_moa_mcts,warmup,0,mcts-actor0,8,RMSNormOp,ve,nvtx_operator_range,252351,3312931110,19134,19134,0,7,0,9159,141673,copy|elementwise_binary|elementwise_unary|reduce,"void at::native::unrolled_elementwise_kernel<at::native::direct_copy_kernel_cuda|void at::native::vectorized_elementwise_kernel<(int)4, void at::native::<unnamed|void at::native::reduce_kernel<(int)512, (int)1, at::native::ReduceOp<float, at:|void at::native::vectorized_elementwise_kernel<(int)4, at::native::CUDAFunctorOn|void at::native::vectorized_elementwise_kernel<(int)4, at::native::rsqrt_kernel_|void at::native::elementwise_kernel<(int)128, (int)2, void at::native::gpu_kerne|void at::native::vectorized_elementwise_kernel<(int)8, at::native::float16_copy_"
react_moa_mcts,warmup,0,mcts-actor0,10,LinearOp,me,nvtx_operator_range,133908,3313193256,20125,20125,0,1,0,10890,20125,gemm,ampere_fp16_s1688gemm_fp16_128x64_sliced1x2_ldg8_f2f_nn
react_moa_mcts,warmup,0,mcts-actor0,11,LinearOp,me,nvtx_operator_range,102525,3313335029,19996,19996,0,1,0,8619,19996,gemm,ampere_fp16_s1688gemm_fp16_128x64_sliced1x2_ldg8_f2f_nn
react_moa_mcts,warmup,0,mcts-actor0,12,LinearOp,me,nvtx_operator_range,94555,3313446419,19997,19997,0,1,0,9774,19997,gemm,ampere_fp16_s1688gemm_fp16_128x64_sliced1x2_ldg8_f2f_nn
react_moa_mcts,warmup,0,mcts-actor0,13,ViewOp,de,nvtx_operator_range,72546,3313548099,0,0,0,0,0,,,,
react_moa_mcts,warmup,0,mcts-actor0,14,TransposeOp,de,nvtx_operator_range,123776,3313626487,12542,12542,0,1,0,11338,12542,copy,"void at::native::elementwise_kernel<(int)128, (int)4, void at::native::gpu_kerne"
react_moa_mcts,warmup,0,mcts-actor1,6,RMSNormOp,ve,nvtx_operator_range,298119,3327898742,19454,19454,0,7,0,9621,155112,copy|elementwise_binary|elementwise_unary|reduce,"void at::native::unrolled_elementwise_kernel<at::native::direct_copy_kernel_cuda|void at::native::vectorized_elementwise_kernel<(int)4, void at::native::<unnamed|void at::native::reduce_kernel<(int)512, (int)1, at::native::ReduceOp<float, at:|void at::native::vectorized_elementwise_kernel<(int)4, at::native::CUDAFunctorOn|void at::native::vectorized_elementwise_kernel<(int)4, at::native::rsqrt_kernel_|void at::native::elementwise_kernel<(int)128, (int)2, void at::native::gpu_kerne|void at::native::vectorized_elementwise_kernel<(int)8, at::native::float16_copy_"
react_moa_mcts,warmup,0,mcts-actor1,7,AddOp,ve,nvtx_operator_range,119377,3328208670,2080,2080,0,1,0,9706,2080,elementwise_binary,"void at::native::vectorized_elementwise_kernel<(int)8, at::native::CUDAFunctorOn"
react_moa_mcts,warmup,0,mcts-actor1,8,RMSNormOp,ve,nvtx_operator_range,234751,3328335919,19229,19229,0,7,0,9897,126795,copy|elementwise_binary|elementwise_unary|reduce,"void at::native::unrolled_elementwise_kernel<at::native::direct_copy_kernel_cuda|void at::native::vectorized_elementwise_kernel<(int)4, void at::native::<unnamed|void at::native::reduce_kernel<(int)512, (int)1, at::native::ReduceOp<float, at:|void at::native::vectorized_elementwise_kernel<(int)4, at::native::CUDAFunctorOn|void at::native::vectorized_elementwise_kernel<(int)4, at::native::rsqrt_kernel_|void at::native::elementwise_kernel<(int)128, (int)2, void at::native::gpu_kerne|void at::native::vectorized_elementwise_kernel<(int)8, at::native::float16_copy_"
react_moa_mcts,warmup,0,mcts-actor1,10,LinearOp,me,nvtx_operator_range,131280,3328579132,20029,20029,0,1,0,11364,20029,gemm,ampere_fp16_s1688gemm_fp16_128x64_sliced1x2_ldg8_f2f_nn
react_moa_mcts,warmup,0,mcts-actor1,11,LinearOp,me,nvtx_operator_range,102138,3328718317,20189,20189,0,1,0,8951,20189,gemm,ampere_fp16_s1688gemm_fp16_128x64_sliced1x2_ldg8_f2f_nn
react_moa_mcts,warmup,0,mcts-actor1,12,LinearOp,me,nvtx_operator_range,95028,3328827778,20125,20125,0,1,0,8896,20125,gemm,ampere_fp16_s1688gemm_fp16_128x64_sliced1x2_ldg8_f2f_nn
react_moa_mcts,warmup,0,mcts-actor1,13,ViewOp,de,nvtx_operator_range,70945,3328930977,0,0,0,0,0,,,,
react_moa_mcts,warmup,0,mcts-actor1,14,TransposeOp,de,nvtx_operator_range,142810,3329007980,12190,12190,0,1,0,12309,12190,copy,"void at::native::elementwise_kernel<(int)128, (int)4, void at::native::gpu_kerne"
react_moa_mcts,warmup,0,moa-reduce,6,RMSNormOp,ve,nvtx_operator_range,277048,3343343205,19133,19133,0,7,0,10047,140522,copy|elementwise_binary|elementwise_unary|reduce,"void at::native::unrolled_elementwise_kernel<at::native::direct_copy_kernel_cuda|void at::native::vectorized_elementwise_kernel<(int)4, void at::native::<unnamed|void at::native::reduce_kernel<(int)512, (int)1, at::native::ReduceOp<float, at:|void at::native::vectorized_elementwise_kernel<(int)4, at::native::CUDAFunctorOn|void at::native::vectorized_elementwise_kernel<(int)4, at::native::rsqrt_kernel_|void at::native::elementwise_kernel<(int)128, (int)2, void at::native::gpu_kerne|void at::native::vectorized_elementwise_kernel<(int)8, at::native::float16_copy_"
react_moa_mcts,warmup,0,moa-reduce,7,AddOp,ve,nvtx_operator_range,101798,3343630595,2079,2079,0,1,0,9330,2079,elementwise_binary,"void at::native::vectorized_elementwise_kernel<(int)8, at::native::CUDAFunctorOn"
react_moa_mcts,warmup,0,moa-reduce,8,RMSNormOp,ve,nvtx_operator_range,229806,3343740430,19007,19007,0,7,0,9450,124108,copy|elementwise_binary|elementwise_unary|reduce,"void at::native::unrolled_elementwise_kernel<at::native::direct_copy_kernel_cuda|void at::native::vectorized_elementwise_kernel<(int)4, void at::native::<unnamed|void at::native::reduce_kernel<(int)512, (int)1, at::native::ReduceOp<float, at:|void at::native::vectorized_elementwise_kernel<(int)4, at::native::CUDAFunctorOn|void at::native::vectorized_elementwise_kernel<(int)4, at::native::rsqrt_kernel_|void at::native::elementwise_kernel<(int)128, (int)2, void at::native::gpu_kerne|void at::native::vectorized_elementwise_kernel<(int)8, at::native::float16_copy_"
react_moa_mcts,warmup,0,moa-reduce,10,LinearOp,me,nvtx_operator_range,152902,3343978989,20124,20124,0,1,0,12680,20124,gemm,ampere_fp16_s1688gemm_fp16_128x64_sliced1x2_ldg8_f2f_nn
react_moa_mcts,warmup,0,moa-reduce,11,LinearOp,me,nvtx_operator_range,112399,3344153551,20093,20093,0,1,0,11190,20093,gemm,ampere_fp16_s1688gemm_fp16_128x64_sliced1x2_ldg8_f2f_nn
react_moa_mcts,warmup,0,moa-reduce,12,LinearOp,me,nvtx_operator_range,97623,3344275026,19868,19868,0,1,0,9152,19868,gemm,ampere_fp16_s1688gemm_fp16_128x64_sliced1x2_ldg8_f2f_nn
react_moa_mcts,warmup,0,moa-reduce,13,ViewOp,de,nvtx_operator_range,72484,3344379827,0,0,0,0,0,,,,
react_moa_mcts,warmup,0,moa-reduce,14,TransposeOp,de,nvtx_operator_range,127332,3344458765,12318,12318,0,1,0,11810,12318,copy,"void at::native::elementwise_kernel<(int)128, (int)4, void at::native::gpu_kerne"
react_moa_mcts,warmup,0,react-answer,6,RMSNormOp,ve,nvtx_operator_range,274758,3356689450,17981,17981,0,7,0,9356,140649,copy|elementwise_binary|elementwise_unary|reduce,"void at::native::unrolled_elementwise_kernel<at::native::direct_copy_kernel_cuda|void at::native::vectorized_elementwise_kernel<(int)4, void at::native::<unnamed|void at::native::reduce_kernel<(int)512, (int)1, at::native::ReduceOp<float, at:|void at::native::vectorized_elementwise_kernel<(int)4, at::native::CUDAFunctorOn|void at::native::vectorized_elementwise_kernel<(int)4, at::native::rsqrt_kernel_|void at::native::elementwise_kernel<(int)128, (int)2, void at::native::gpu_kerne|void at::native::vectorized_elementwise_kernel<(int)8, at::native::float16_copy_"
react_moa_mcts,warmup,0,react-answer,7,AddOp,ve,nvtx_operator_range,119647,3356975158,1695,1695,0,1,0,9143,1695,elementwise_binary,"void at::native::vectorized_elementwise_kernel<(int)8, at::native::CUDAFunctorOn"
react_moa_mcts,warmup,0,react-answer,8,RMSNormOp,ve,nvtx_operator_range,236146,3357103362,17309,17309,0,7,0,9668,127787,copy|elementwise_binary|elementwise_unary|reduce,"void at::native::unrolled_elementwise_kernel<at::native::direct_copy_kernel_cuda|void at::native::vectorized_elementwise_kernel<(int)4, void at::native::<unnamed|void at::native::reduce_kernel<(int)512, (int)1, at::native::ReduceOp<float, at:|void at::native::vectorized_elementwise_kernel<(int)4, at::native::CUDAFunctorOn|void at::native::vectorized_elementwise_kernel<(int)4, at::native::rsqrt_kernel_|void at::native::elementwise_kernel<(int)128, (int)2, void at::native::gpu_kerne|void at::native::vectorized_elementwise_kernel<(int)8, at::native::float16_copy_"
react_moa_mcts,warmup,0,react-answer,10,LinearOp,me,nvtx_operator_range,210455,3357348206,14622,14622,0,1,0,13919,14622,gemm,ampere_fp16_s16816gemm_fp16_128x64_ldg8_f2f_stages_32x6_nn
react_moa_mcts,warmup,0,react-answer,11,LinearOp,me,nvtx_operator_range,112811,3357567600,14590,14590,0,1,0,10570,14590,gemm,ampere_fp16_s16816gemm_fp16_128x64_ldg8_f2f_stages_32x6_nn
react_moa_mcts,warmup,0,react-answer,12,LinearOp,me,nvtx_operator_range,96272,3357687511,14589,14589,0,1,0,8639,14589,gemm,ampere_fp16_s16816gemm_fp16_128x64_ldg8_f2f_stages_32x6_nn
react_moa_mcts,warmup,0,react-answer,13,ViewOp,de,nvtx_operator_range,74363,3357790446,0,0,0,0,0,,,,
react_moa_mcts,warmup,0,react-answer,14,TransposeOp,de,nvtx_operator_range,126970,3357871007,12190,12190,0,1,0,11980,12190,copy,"void at::native::elementwise_kernel<(int)128, (int)4, void at::native::gpu_kerne"
react_moa_mcts,warmup,0,mcts-critic,6,RMSNormOp,ve,nvtx_operator_range,285583,3372223750,19421,19421,0,7,0,9395,142537,copy|elementwise_binary|elementwise_unary|reduce,"void at::native::unrolled_elementwise_kernel<at::native::direct_copy_kernel_cuda|void at::native::vectorized_elementwise_kernel<(int)4, void at::native::<unnamed|void at::native::reduce_kernel<(int)512, (int)1, at::native::ReduceOp<float, at:|void at::native::vectorized_elementwise_kernel<(int)4, at::native::CUDAFunctorOn|void at::native::vectorized_elementwise_kernel<(int)4, at::native::rsqrt_kernel_|void at::native::elementwise_kernel<(int)128, (int)2, void at::native::gpu_kerne|void at::native::vectorized_elementwise_kernel<(int)8, at::native::float16_copy_"
react_moa_mcts,warmup,0,mcts-critic,7,AddOp,ve,nvtx_operator_range,104337,3372520037,2016,2016,0,1,0,9262,2016,elementwise_binary,"void at::native::vectorized_elementwise_kernel<(int)8, at::native::CUDAFunctorOn"
react_moa_mcts,warmup,0,mcts-critic,8,RMSNormOp,ve,nvtx_operator_range,231619,3372631934,19164,19164,0,7,0,9127,126252,copy|elementwise_binary|elementwise_unary|reduce,"void at::native::unrolled_elementwise_kernel<at::native::direct_copy_kernel_cuda|void at::native::vectorized_elementwise_kernel<(int)4, void at::native::<unnamed|void at::native::reduce_kernel<(int)512, (int)1, at::native::ReduceOp<float, at:|void at::native::vectorized_elementwise_kernel<(int)4, at::native::CUDAFunctorOn|void at::native::vectorized_elementwise_kernel<(int)4, at::native::rsqrt_kernel_|void at::native::elementwise_kernel<(int)128, (int)2, void at::native::gpu_kerne|void at::native::vectorized_elementwise_kernel<(int)8, at::native::float16_copy_"
react_moa_mcts,warmup,0,mcts-critic,10,LinearOp,me,nvtx_operator_range,135860,3372872214,20189,20189,0,1,0,11497,20189,gemm,ampere_fp16_s1688gemm_fp16_128x64_sliced1x2_ldg8_f2f_nn
react_moa_mcts,warmup,0,mcts-critic,11,LinearOp,me,nvtx_operator_range,124999,3373015856,20157,20157,0,1,0,10526,20157,gemm,ampere_fp16_s1688gemm_fp16_128x64_sliced1x2_ldg8_f2f_nn
react_moa_mcts,warmup,0,mcts-critic,12,LinearOp,me,nvtx_operator_range,96519,3373148483,20029,20029,0,1,0,8879,20029,gemm,ampere_fp16_s1688gemm_fp16_128x64_sliced1x2_ldg8_f2f_nn
react_moa_mcts,warmup,0,mcts-critic,13,ViewOp,de,nvtx_operator_range,71097,3373253764,0,0,0,0,0,,,,
react_moa_mcts,warmup,0,mcts-critic,14,TransposeOp,de,nvtx_operator_range,125487,3373331421,12415,12415,0,1,0,11303,12415,copy,"void at::native::elementwise_kernel<(int)128, (int)4, void at::native::gpu_kerne"
react_moa_mcts,warmup,1,react-plan,,call_overhead,,gap_before_operator,,,80052,4992,75060,2,1,15906,225852,elementwise_binary|memcpy|rng_init,"memcpy_Host-to-Device|void at::native::<unnamed>::distribution_elementwise_grid_stride_kernel<float, (|void at::native::vectorized_elementwise_kernel<(int)8, at::native::BUnaryFunctor"
react_moa_mcts,warmup,1,moa-map0,,call_overhead,,gap_before_operator,,,213278,7103,206175,2,2,14133,14180829,elementwise_binary|memcpy|rng_init,"memcpy_Device-to-Host|memcpy_Host-to-Device|void at::native::<unnamed>::distribution_elementwise_grid_stride_kernel<float, (|void at::native::vectorized_elementwise_kernel<(int)8, at::native::BUnaryFunctor"
react_moa_mcts,warmup,1,moa-map1,,call_overhead,,gap_before_operator,,,263542,7071,256471,2,2,14794,14142756,elementwise_binary|memcpy|rng_init,"memcpy_Device-to-Host|memcpy_Host-to-Device|void at::native::<unnamed>::distribution_elementwise_grid_stride_kernel<float, (|void at::native::vectorized_elementwise_kernel<(int)8, at::native::BUnaryFunctor"
react_moa_mcts,warmup,1,moa-map2,,call_overhead,,gap_before_operator,,,289873,7070,282803,2,2,15155,14201338,elementwise_binary|memcpy|rng_init,"memcpy_Device-to-Host|memcpy_Host-to-Device|void at::native::<unnamed>::distribution_elementwise_grid_stride_kernel<float, (|void at::native::vectorized_elementwise_kernel<(int)8, at::native::BUnaryFunctor"
react_moa_mcts,warmup,1,mcts-root,,call_overhead,,gap_before_operator,,,263703,7008,256695,2,2,14699,14142436,elementwise_binary|memcpy|rng_init,"memcpy_Device-to-Host|memcpy_Host-to-Device|void at::native::<unnamed>::distribution_elementwise_grid_stride_kernel<float, (|void at::native::vectorized_elementwise_kernel<(int)8, at::native::BUnaryFunctor"
react_moa_mcts,warmup,1,mcts-actor0,,call_overhead,,gap_before_operator,,,257462,7039,250423,2,2,14286,16133669,elementwise_binary|memcpy|rng_init,"memcpy_Device-to-Host|memcpy_Host-to-Device|void at::native::<unnamed>::distribution_elementwise_grid_stride_kernel<float, (|void at::native::vectorized_elementwise_kernel<(int)8, at::native::BUnaryFunctor"
react_moa_mcts,warmup,1,mcts-actor1,,call_overhead,,gap_before_operator,,,245433,6975,238458,2,2,13663,14053426,elementwise_binary|memcpy|rng_init,"memcpy_Device-to-Host|memcpy_Host-to-Device|void at::native::<unnamed>::distribution_elementwise_grid_stride_kernel<float, (|void at::native::vectorized_elementwise_kernel<(int)8, at::native::BUnaryFunctor"
react_moa_mcts,warmup,1,moa-reduce,,call_overhead,,gap_before_operator,,,241914,7103,234811,2,2,13081,13991388,elementwise_binary|memcpy|rng_init,"memcpy_Device-to-Host|memcpy_Host-to-Device|void at::native::<unnamed>::distribution_elementwise_grid_stride_kernel<float, (|void at::native::vectorized_elementwise_kernel<(int)8, at::native::BUnaryFunctor"
react_moa_mcts,warmup,1,react-answer,,call_overhead,,gap_before_operator,,,215837,6686,209151,2,2,13707,11973087,elementwise_binary|memcpy|rng_init,"memcpy_Device-to-Host|memcpy_Host-to-Device|void at::native::<unnamed>::distribution_elementwise_grid_stride_kernel<float, (|void at::native::vectorized_elementwise_kernel<(int)8, at::native::BUnaryFunctor"
react_moa_mcts,warmup,1,mcts-critic,,call_overhead,,gap_before_operator,,,337323,7039,330284,2,3,12854,15321799,elementwise_binary|memcpy|rng_init,"memcpy_Device-to-Host|memcpy_Host-to-Device|void at::native::<unnamed>::distribution_elementwise_grid_stride_kernel<float, (|void at::native::vectorized_elementwise_kernel<(int)8, at::native::BUnaryFunctor"
react_moa_mcts,warmup,1,react-plan,6,RMSNormOp,ve,nvtx_operator_range,295114,3383899638,15836,15836,0,7,0,9359,160102,copy|elementwise_binary|elementwise_unary|reduce,"void at::native::unrolled_elementwise_kernel<at::native::direct_copy_kernel_cuda|void at::native::vectorized_elementwise_kernel<(int)4, void at::native::<unnamed|void at::native::reduce_kernel<(int)512, (int)1, at::native::ReduceOp<float, at:|void at::native::vectorized_elementwise_kernel<(int)4, at::native::CUDAFunctorOn|void at::native::vectorized_elementwise_kernel<(int)4, at::native::rsqrt_kernel_|void at::native::elementwise_kernel<(int)128, (int)2, void at::native::gpu_kerne|void at::native::vectorized_elementwise_kernel<(int)8, at::native::float16_copy_"
react_moa_mcts,warmup,1,react-plan,7,AddOp,ve,nvtx_operator_range,101570,3384206358,1440,1440,0,1,0,9160,1440,elementwise_binary,"void at::native::vectorized_elementwise_kernel<(int)8, at::native::CUDAFunctorOn"
react_moa_mcts,warmup,1,react-plan,8,RMSNormOp,ve,nvtx_operator_range,232892,3384315453,15452,15452,0,7,0,9482,125388,copy|elementwise_binary|elementwise_unary|reduce,"void at::native::unrolled_elementwise_kernel<at::native::direct_copy_kernel_cuda|void at::native::vectorized_elementwise_kernel<(int)4, void at::native::<unnamed|void at::native::reduce_kernel<(int)512, (int)1, at::native::ReduceOp<float, at:|void at::native::vectorized_elementwise_kernel<(int)4, at::native::CUDAFunctorOn|void at::native::vectorized_elementwise_kernel<(int)4, at::native::rsqrt_kernel_|void at::native::elementwise_kernel<(int)128, (int)2, void at::native::gpu_kerne|void at::native::vectorized_elementwise_kernel<(int)8, at::native::float16_copy_"
react_moa_mcts,warmup,1,react-plan,10,LinearOp,me,nvtx_operator_range,187689,3384556725,12830,12414,416,1,1,19454,21948,gemm|memset,memset|void cutlass::Kernel2<cutlass_80_tensorop_f16_s16816gemm_relu_f16_64x64_32x6_nn_
react_moa_mcts,warmup,1,react-plan,11,LinearOp,me,nvtx_operator_range,122060,3384753253,12830,12414,416,1,1,8250,21436,gemm|memset,memset|void cutlass::Kernel2<cutlass_80_tensorop_f16_s16816gemm_relu_f16_64x64_32x6_nn_
react_moa_mcts,warmup,1,react-plan,12,LinearOp,me,nvtx_operator_range,124656,3384883825,12766,12318,448,1,1,18892,21085,gemm|memset,memset|void cutlass::Kernel2<cutlass_80_tensorop_f16_s16816gemm_relu_f16_64x64_32x6_nn_
react_moa_mcts,warmup,1,react-plan,13,ViewOp,de,nvtx_operator_range,90996,3385017458,0,0,0,0,0,,,,
react_moa_mcts,warmup,1,react-plan,14,TransposeOp,de,nvtx_operator_range,134700,3385116338,9375,9375,0,1,0,13555,9375,copy,"void at::native::elementwise_kernel<(int)128, (int)4, void at::native::gpu_kerne"
react_moa_mcts,warmup,1,moa-map0,6,RMSNormOp,ve,nvtx_operator_range,293110,3399511515,19228,19228,0,7,0,10558,153031,copy|elementwise_binary|elementwise_unary|reduce,"void at::native::unrolled_elementwise_kernel<at::native::direct_copy_kernel_cuda|void at::native::vectorized_elementwise_kernel<(int)4, void at::native::<unnamed|void at::native::reduce_kernel<(int)512, (int)1, at::native::ReduceOp<float, at:|void at::native::vectorized_elementwise_kernel<(int)4, at::native::CUDAFunctorOn|void at::native::vectorized_elementwise_kernel<(int)4, at::native::rsqrt_kernel_|void at::native::elementwise_kernel<(int)128, (int)2, void at::native::gpu_kerne|void at::native::vectorized_elementwise_kernel<(int)8, at::native::float16_copy_"
react_moa_mcts,warmup,1,moa-map0,7,AddOp,ve,nvtx_operator_range,102373,3399815332,2112,2112,0,1,0,9024,2112,elementwise_binary,"void at::native::vectorized_elementwise_kernel<(int)8, at::native::CUDAFunctorOn"
react_moa_mcts,warmup,1,moa-map0,8,RMSNormOp,ve,nvtx_operator_range,245950,3399925486,19069,19069,0,7,0,10027,137354,copy|elementwise_binary|elementwise_unary|reduce,"void at::native::unrolled_elementwise_kernel<at::native::direct_copy_kernel_cuda|void at::native::vectorized_elementwise_kernel<(int)4, void at::native::<unnamed|void at::native::reduce_kernel<(int)512, (int)1, at::native::ReduceOp<float, at:|void at::native::vectorized_elementwise_kernel<(int)4, at::native::CUDAFunctorOn|void at::native::vectorized_elementwise_kernel<(int)4, at::native::rsqrt_kernel_|void at::native::elementwise_kernel<(int)128, (int)2, void at::native::gpu_kerne|void at::native::vectorized_elementwise_kernel<(int)8, at::native::float16_copy_"
react_moa_mcts,warmup,1,moa-map0,10,LinearOp,me,nvtx_operator_range,147248,3400180020,20061,20061,0,1,0,13515,20061,gemm,ampere_fp16_s1688gemm_fp16_128x64_sliced1x2_ldg8_f2f_nn
react_moa_mcts,warmup,1,moa-map0,11,LinearOp,me,nvtx_operator_range,100270,3400335447,20157,20157,0,1,0,8918,20157,gemm,ampere_fp16_s1688gemm_fp16_128x64_sliced1x2_ldg8_f2f_nn
react_moa_mcts,warmup,1,moa-map0,12,LinearOp,me,nvtx_operator_range,94957,3400442589,19997,19997,0,1,0,8677,19997,gemm,ampere_fp16_s1688gemm_fp16_128x64_sliced1x2_ldg8_f2f_nn
react_moa_mcts,warmup,1,moa-map0,13,ViewOp,de,nvtx_operator_range,71490,3400546741,0,0,0,0,0,,,,
react_moa_mcts,warmup,1,moa-map0,14,TransposeOp,de,nvtx_operator_range,129360,3400624643,12510,12510,0,1,0,11640,12510,copy,"void at::native::elementwise_kernel<(int)128, (int)4, void at::native::gpu_kerne"
react_moa_mcts,warmup,1,moa-map1,6,RMSNormOp,ve,nvtx_operator_range,312135,3414953084,19421,19421,0,7,0,23603,153479,copy|elementwise_binary|elementwise_unary|reduce,"void at::native::unrolled_elementwise_kernel<at::native::direct_copy_kernel_cuda|void at::native::vectorized_elementwise_kernel<(int)4, void at::native::<unnamed|void at::native::reduce_kernel<(int)512, (int)1, at::native::ReduceOp<float, at:|void at::native::vectorized_elementwise_kernel<(int)4, at::native::CUDAFunctorOn|void at::native::vectorized_elementwise_kernel<(int)4, at::native::rsqrt_kernel_|void at::native::elementwise_kernel<(int)128, (int)2, void at::native::gpu_kerne|void at::native::vectorized_elementwise_kernel<(int)8, at::native::float16_copy_"
react_moa_mcts,warmup,1,moa-map1,7,AddOp,ve,nvtx_operator_range,106544,3415276460,2080,2080,0,1,0,9275,2080,elementwise_binary,"void at::native::vectorized_elementwise_kernel<(int)8, at::native::CUDAFunctorOn"
react_moa_mcts,warmup,1,moa-map1,8,RMSNormOp,ve,nvtx_operator_range,230247,3415390652,19261,19261,0,7,0,10089,123372,copy|elementwise_binary|elementwise_unary|reduce,"void at::native::unrolled_elementwise_kernel<at::native::direct_copy_kernel_cuda|void at::native::vectorized_elementwise_kernel<(int)4, void at::native::<unnamed|void at::native::reduce_kernel<(int)512, (int)1, at::native::ReduceOp<float, at:|void at::native::vectorized_elementwise_kernel<(int)4, at::native::CUDAFunctorOn|void at::native::vectorized_elementwise_kernel<(int)4, at::native::rsqrt_kernel_|void at::native::elementwise_kernel<(int)128, (int)2, void at::native::gpu_kerne|void at::native::vectorized_elementwise_kernel<(int)8, at::native::float16_copy_"
react_moa_mcts,warmup,1,moa-map1,10,LinearOp,me,nvtx_operator_range,141824,3415629148,20189,20189,0,1,0,12926,20189,gemm,ampere_fp16_s1688gemm_fp16_128x64_sliced1x2_ldg8_f2f_nn
react_moa_mcts,warmup,1,moa-map1,11,LinearOp,me,nvtx_operator_range,101017,3415778427,20157,20157,0,1,0,9149,20157,gemm,ampere_fp16_s1688gemm_fp16_128x64_sliced1x2_ldg8_f2f_nn
react_moa_mcts,warmup,1,moa-map1,12,LinearOp,me,nvtx_operator_range,94878,3415886381,20125,20125,0,1,0,8931,20125,gemm,ampere_fp16_s1688gemm_fp16_128x64_sliced1x2_ldg8_f2f_nn
react_moa_mcts,warmup,1,moa-map1,13,ViewOp,de,nvtx_operator_range,127521,3415991173,0,0,0,0,0,,,,
react_moa_mcts,warmup,1,moa-map1,14,TransposeOp,de,nvtx_operator_range,134204,3416126531,12414,12414,0,1,0,14604,12414,copy,"void at::native::elementwise_kernel<(int)128, (int)4, void at::native::gpu_kerne"
react_moa_mcts,warmup,1,moa-map2,6,RMSNormOp,ve,nvtx_operator_range,302398,3430544141,19262,19262,0,7,0,11330,159878,copy|elementwise_binary|elementwise_unary|reduce,"void at::native::unrolled_elementwise_kernel<at::native::direct_copy_kernel_cuda|void at::native::vectorized_elementwise_kernel<(int)4, void at::native::<unnamed|void at::native::reduce_kernel<(int)512, (int)1, at::native::ReduceOp<float, at:|void at::native::vectorized_elementwise_kernel<(int)4, at::native::CUDAFunctorOn|void at::native::vectorized_elementwise_kernel<(int)4, at::native::rsqrt_kernel_|void at::native::elementwise_kernel<(int)128, (int)2, void at::native::gpu_kerne|void at::native::vectorized_elementwise_kernel<(int)8, at::native::float16_copy_"
react_moa_mcts,warmup,1,moa-map2,7,AddOp,ve,nvtx_operator_range,102862,3430858202,1951,1951,0,1,0,9133,1951,elementwise_binary,"void at::native::vectorized_elementwise_kernel<(int)8, at::native::CUDAFunctorOn"
react_moa_mcts,warmup,1,moa-map2,8,RMSNormOp,ve,nvtx_operator_range,250313,3430968558,19103,19103,0,7,0,9832,142026,copy|elementwise_binary|elementwise_unary|reduce,"void at::native::unrolled_elementwise_kernel<at::native::direct_copy_kernel_cuda|void at::native::vectorized_elementwise_kernel<(int)4, void at::native::<unnamed|void at::native::reduce_kernel<(int)512, (int)1, at::native::ReduceOp<float, at:|void at::native::vectorized_elementwise_kernel<(int)4, at::native::CUDAFunctorOn|void at::native::vectorized_elementwise_kernel<(int)4, at::native::rsqrt_kernel_|void at::native::elementwise_kernel<(int)128, (int)2, void at::native::gpu_kerne|void at::native::vectorized_elementwise_kernel<(int)8, at::native::float16_copy_"
react_moa_mcts,warmup,1,moa-map2,10,LinearOp,me,nvtx_operator_range,146972,3431227790,19997,19997,0,1,0,13292,19997,gemm,ampere_fp16_s1688gemm_fp16_128x64_sliced1x2_ldg8_f2f_nn
react_moa_mcts,warmup,1,moa-map2,11,LinearOp,me,nvtx_operator_range,99275,3431382763,20125,20125,0,1,0,8843,20125,gemm,ampere_fp16_s1688gemm_fp16_128x64_sliced1x2_ldg8_f2f_nn
react_moa_mcts,warmup,1,moa-map2,12,LinearOp,me,nvtx_operator_range,93248,3431488607,19900,19900,0,1,0,8783,19900,gemm,ampere_fp16_s1688gemm_fp16_128x64_sliced1x2_ldg8_f2f_nn
react_moa_mcts,warmup,1,moa-map2,13,ViewOp,de,nvtx_operator_range,73333,3431587968,0,0,0,0,0,,,,
react_moa_mcts,warmup,1,moa-map2,14,TransposeOp,de,nvtx_operator_range,128972,3431667736,12446,12446,0,1,0,12439,12446,copy,"void at::native::elementwise_kernel<(int)128, (int)4, void at::native::gpu_kerne"
react_moa_mcts,warmup,1,mcts-root,6,RMSNormOp,ve,nvtx_operator_range,291777,3445992312,19485,19485,0,7,0,10095,144745,copy|elementwise_binary|elementwise_unary|reduce,"void at::native::unrolled_elementwise_kernel<at::native::direct_copy_kernel_cuda|void at::native::vectorized_elementwise_kernel<(int)4, void at::native::<unnamed|void at::native::reduce_kernel<(int)512, (int)1, at::native::ReduceOp<float, at:|void at::native::vectorized_elementwise_kernel<(int)4, at::native::CUDAFunctorOn|void at::native::vectorized_elementwise_kernel<(int)4, at::native::rsqrt_kernel_|void at::native::elementwise_kernel<(int)128, (int)2, void at::native::gpu_kerne|void at::native::vectorized_elementwise_kernel<(int)8, at::native::float16_copy_"
react_moa_mcts,warmup,1,mcts-root,7,AddOp,ve,nvtx_operator_range,102680,3446294821,2080,2080,0,1,0,9808,2080,elementwise_binary,"void at::native::vectorized_elementwise_kernel<(int)8, at::native::CUDAFunctorOn"
react_moa_mcts,warmup,1,mcts-root,8,RMSNormOp,ve,nvtx_operator_range,225905,3446405297,19229,19229,0,7,0,10400,121324,copy|elementwise_binary|elementwise_unary|reduce,"void at::native::unrolled_elementwise_kernel<at::native::direct_copy_kernel_cuda|void at::native::vectorized_elementwise_kernel<(int)4, void at::native::<unnamed|void at::native::reduce_kernel<(int)512, (int)1, at::native::ReduceOp<float, at:|void at::native::vectorized_elementwise_kernel<(int)4, at::native::CUDAFunctorOn|void at::native::vectorized_elementwise_kernel<(int)4, at::native::rsqrt_kernel_|void at::native::elementwise_kernel<(int)128, (int)2, void at::native::gpu_kerne|void at::native::vectorized_elementwise_kernel<(int)8, at::native::float16_copy_"
react_moa_mcts,warmup,1,mcts-root,10,LinearOp,me,nvtx_operator_range,135778,3446640132,20124,20124,0,1,0,13080,20124,gemm,ampere_fp16_s1688gemm_fp16_128x64_sliced1x2_ldg8_f2f_nn
react_moa_mcts,warmup,1,mcts-root,11,LinearOp,me,nvtx_operator_range,101506,3446784069,20253,20253,0,1,0,9437,20253,gemm,ampere_fp16_s1688gemm_fp16_128x64_sliced1x2_ldg8_f2f_nn
react_moa_mcts,warmup,1,mcts-root,12,LinearOp,me,nvtx_operator_range,93864,3446892060,19965,19965,0,1,0,8625,19965,gemm,ampere_fp16_s1688gemm_fp16_128x64_sliced1x2_ldg8_f2f_nn
react_moa_mcts,warmup,1,mcts-root,13,ViewOp,de,nvtx_operator_range,87511,3446994192,0,0,0,0,0,,,,
react_moa_mcts,warmup,1,mcts-root,14,TransposeOp,de,nvtx_operator_range,128642,3447088554,12606,12606,0,1,0,12599,12606,copy,"void at::native::elementwise_kernel<(int)128, (int)4, void at::native::gpu_kerne"
react_moa_mcts,warmup,1,mcts-actor0,6,RMSNormOp,ve,nvtx_operator_range,274528,3463400471,19358,19358,0,7,0,9513,137514,copy|elementwise_binary|elementwise_unary|reduce,"void at::native::unrolled_elementwise_kernel<at::native::direct_copy_kernel_cuda|void at::native::vectorized_elementwise_kernel<(int)4, void at::native::<unnamed|void at::native::reduce_kernel<(int)512, (int)1, at::native::ReduceOp<float, at:|void at::native::vectorized_elementwise_kernel<(int)4, at::native::CUDAFunctorOn|void at::native::vectorized_elementwise_kernel<(int)4, at::native::rsqrt_kernel_|void at::native::elementwise_kernel<(int)128, (int)2, void at::native::gpu_kerne|void at::native::vectorized_elementwise_kernel<(int)8, at::native::float16_copy_"
react_moa_mcts,warmup,1,mcts-actor0,7,AddOp,ve,nvtx_operator_range,98687,3463685972,2112,2112,0,1,0,9122,2112,elementwise_binary,"void at::native::vectorized_elementwise_kernel<(int)8, at::native::CUDAFunctorOn"
react_moa_mcts,warmup,1,mcts-actor0,8,RMSNormOp,ve,nvtx_operator_range,219049,3463792242,18812,18812,0,7,0,9374,117261,copy|elementwise_binary|elementwise_unary|reduce,"void at::native::unrolled_elementwise_kernel<at::native::direct_copy_kernel_cuda|void at::native::vectorized_elementwise_kernel<(int)4, void at::native::<unnamed|void at::native::reduce_kernel<(int)512, (int)1, at::native::ReduceOp<float, at:|void at::native::vectorized_elementwise_kernel<(int)4, at::native::CUDAFunctorOn|void at::native::vectorized_elementwise_kernel<(int)4, at::native::rsqrt_kernel_|void at::native::elementwise_kernel<(int)128, (int)2, void at::native::gpu_kerne|void at::native::vectorized_elementwise_kernel<(int)8, at::native::float16_copy_"
react_moa_mcts,warmup,1,mcts-actor0,10,LinearOp,me,nvtx_operator_range,152907,3464030843,20029,20029,0,1,0,14467,20029,gemm,ampere_fp16_s1688gemm_fp16_128x64_sliced1x2_ldg8_f2f_nn
react_moa_mcts,warmup,1,mcts-actor0,11,LinearOp,me,nvtx_operator_range,100119,3464192908,20092,20092,0,1,0,9317,20092,gemm,ampere_fp16_s1688gemm_fp16_128x64_sliced1x2_ldg8_f2f_nn
react_moa_mcts,warmup,1,mcts-actor0,12,LinearOp,me,nvtx_operator_range,93373,3464299714,20189,20189,0,1,0,8781,20189,gemm,ampere_fp16_s1688gemm_fp16_128x64_sliced1x2_ldg8_f2f_nn
react_moa_mcts,warmup,1,mcts-actor0,13,ViewOp,de,nvtx_operator_range,69749,3464402099,0,0,0,0,0,,,,
react_moa_mcts,warmup,1,mcts-actor0,14,TransposeOp,de,nvtx_operator_range,121551,3464478055,12190,12190,0,1,0,11506,12190,copy,"void at::native::elementwise_kernel<(int)128, (int)4, void at::native::gpu_kerne"
react_moa_mcts,warmup,1,mcts-actor1,6,RMSNormOp,ve,nvtx_operator_range,259365,3478697603,19323,19323,0,7,0,9034,134826,copy|elementwise_binary|elementwise_unary|reduce,"void at::native::unrolled_elementwise_kernel<at::native::direct_copy_kernel_cuda|void at::native::vectorized_elementwise_kernel<(int)4, void at::native::<unnamed|void at::native::reduce_kernel<(int)512, (int)1, at::native::ReduceOp<float, at:|void at::native::vectorized_elementwise_kernel<(int)4, at::native::CUDAFunctorOn|void at::native::vectorized_elementwise_kernel<(int)4, at::native::rsqrt_kernel_|void at::native::elementwise_kernel<(int)128, (int)2, void at::native::gpu_kerne|void at::native::vectorized_elementwise_kernel<(int)8, at::native::float16_copy_"
react_moa_mcts,warmup,1,mcts-actor1,7,AddOp,ve,nvtx_operator_range,113067,3478967446,2080,2080,0,1,0,8938,2080,elementwise_binary,"void at::native::vectorized_elementwise_kernel<(int)8, at::native::CUDAFunctorOn"
react_moa_mcts,warmup,1,mcts-actor1,8,RMSNormOp,ve,nvtx_operator_range,225201,3479087630,19099,19099,0,7,0,9732,121228,copy|elementwise_binary|elementwise_unary|reduce,"void at::native::unrolled_elementwise_kernel<at::native::direct_copy_kernel_cuda|void at::native::vectorized_elementwise_kernel<(int)4, void at::native::<unnamed|void at::native::reduce_kernel<(int)512, (int)1, at::native::ReduceOp<float, at:|void at::native::vectorized_elementwise_kernel<(int)4, at::native::CUDAFunctorOn|void at::native::vectorized_elementwise_kernel<(int)4, at::native::rsqrt_kernel_|void at::native::elementwise_kernel<(int)128, (int)2, void at::native::gpu_kerne|void at::native::vectorized_elementwise_kernel<(int)8, at::native::float16_copy_"
react_moa_mcts,warmup,1,mcts-actor1,10,LinearOp,me,nvtx_operator_range,126352,3479321562,20125,20125,0,1,0,11750,20125,gemm,ampere_fp16_s1688gemm_fp16_128x64_sliced1x2_ldg8_f2f_nn
react_moa_mcts,warmup,1,mcts-actor1,11,LinearOp,me,nvtx_operator_range,99083,3479455548,20157,20157,0,1,0,8428,20157,gemm,ampere_fp16_s1688gemm_fp16_128x64_sliced1x2_ldg8_f2f_nn
react_moa_mcts,warmup,1,mcts-actor1,12,LinearOp,me,nvtx_operator_range,93902,3479564550,20189,20189,0,1,0,8733,20189,gemm,ampere_fp16_s1688gemm_fp16_128x64_sliced1x2_ldg8_f2f_nn
react_moa_mcts,warmup,1,mcts-actor1,13,ViewOp,de,nvtx_operator_range,68392,3479665183,0,0,0,0,0,,,,
react_moa_mcts,warmup,1,mcts-actor1,14,TransposeOp,de,nvtx_operator_range,120779,3479740366,12382,12382,0,1,0,11398,12382,copy,"void at::native::elementwise_kernel<(int)128, (int)4, void at::native::gpu_kerne"
react_moa_mcts,warmup,1,moa-reduce,6,RMSNormOp,ve,nvtx_operator_range,278117,3493895530,19422,19422,0,7,0,9283,149800,copy|elementwise_binary|elementwise_unary|reduce,"void at::native::unrolled_elementwise_kernel<at::native::direct_copy_kernel_cuda|void at::native::vectorized_elementwise_kernel<(int)4, void at::native::<unnamed|void at::native::reduce_kernel<(int)512, (int)1, at::native::ReduceOp<float, at:|void at::native::vectorized_elementwise_kernel<(int)4, at::native::CUDAFunctorOn|void at::native::vectorized_elementwise_kernel<(int)4, at::native::rsqrt_kernel_|void at::native::elementwise_kernel<(int)128, (int)2, void at::native::gpu_kerne|void at::native::vectorized_elementwise_kernel<(int)8, at::native::float16_copy_"
react_moa_mcts,warmup,1,moa-reduce,7,AddOp,ve,nvtx_operator_range,101852,3494183792,2112,2112,0,1,0,9432,2112,elementwise_binary,"void at::native::vectorized_elementwise_kernel<(int)8, at::native::CUDAFunctorOn"
react_moa_mcts,warmup,1,moa-reduce,8,RMSNormOp,ve,nvtx_operator_range,223461,3494292515,19229,19229,0,7,0,10080,118669,copy|elementwise_binary|elementwise_unary|reduce,"void at::native::unrolled_elementwise_kernel<at::native::direct_copy_kernel_cuda|void at::native::vectorized_elementwise_kernel<(int)4, void at::native::<unnamed|void at::native::reduce_kernel<(int)512, (int)1, at::native::ReduceOp<float, at:|void at::native::vectorized_elementwise_kernel<(int)4, at::native::CUDAFunctorOn|void at::native::vectorized_elementwise_kernel<(int)4, at::native::rsqrt_kernel_|void at::native::elementwise_kernel<(int)128, (int)2, void at::native::gpu_kerne|void at::native::vectorized_elementwise_kernel<(int)8, at::native::float16_copy_"
react_moa_mcts,warmup,1,moa-reduce,10,LinearOp,me,nvtx_operator_range,126409,3494524070,20221,20221,0,1,0,11085,20221,gemm,ampere_fp16_s1688gemm_fp16_128x64_sliced1x2_ldg8_f2f_nn
react_moa_mcts,warmup,1,moa-reduce,11,LinearOp,me,nvtx_operator_range,99280,3494657526,20124,20124,0,1,0,8771,20124,gemm,ampere_fp16_s1688gemm_fp16_128x64_sliced1x2_ldg8_f2f_nn
react_moa_mcts,warmup,1,moa-reduce,12,LinearOp,me,nvtx_operator_range,94253,3494763120,20061,20061,0,1,0,9172,20061,gemm,ampere_fp16_s1688gemm_fp16_128x64_sliced1x2_ldg8_f2f_nn
react_moa_mcts,warmup,1,moa-reduce,13,ViewOp,de,nvtx_operator_range,69788,3494866974,0,0,0,0,0,,,,
react_moa_mcts,warmup,1,moa-reduce,14,TransposeOp,de,nvtx_operator_range,1200250,3494943117,12190,12190,0,1,0,11649,12190,copy,"void at::native::elementwise_kernel<(int)128, (int)4, void at::native::gpu_kerne"
react_moa_mcts,warmup,1,react-answer,6,RMSNormOp,ve,nvtx_operator_range,269229,3508190286,18015,18015,0,7,0,9952,134091,copy|elementwise_binary|elementwise_unary|reduce,"void at::native::unrolled_elementwise_kernel<at::native::direct_copy_kernel_cuda|void at::native::vectorized_elementwise_kernel<(int)4, void at::native::<unnamed|void at::native::reduce_kernel<(int)512, (int)1, at::native::ReduceOp<float, at:|void at::native::vectorized_elementwise_kernel<(int)4, at::native::CUDAFunctorOn|void at::native::vectorized_elementwise_kernel<(int)4, at::native::rsqrt_kernel_|void at::native::elementwise_kernel<(int)128, (int)2, void at::native::gpu_kerne|void at::native::vectorized_elementwise_kernel<(int)8, at::native::float16_copy_"
react_moa_mcts,warmup,1,react-answer,7,AddOp,ve,nvtx_operator_range,99435,3508469163,1663,1663,0,1,0,9283,1663,elementwise_binary,"void at::native::vectorized_elementwise_kernel<(int)8, at::native::CUDAFunctorOn"
react_moa_mcts,warmup,1,react-answer,8,RMSNormOp,ve,nvtx_operator_range,223137,3508575864,17309,17309,0,7,0,9171,118989,copy|elementwise_binary|elementwise_unary|reduce,"void at::native::unrolled_elementwise_kernel<at::native::direct_copy_kernel_cuda|void at::native::vectorized_elementwise_kernel<(int)4, void at::native::<unnamed|void at::native::reduce_kernel<(int)512, (int)1, at::native::ReduceOp<float, at:|void at::native::vectorized_elementwise_kernel<(int)4, at::native::CUDAFunctorOn|void at::native::vectorized_elementwise_kernel<(int)4, at::native::rsqrt_kernel_|void at::native::elementwise_kernel<(int)128, (int)2, void at::native::gpu_kerne|void at::native::vectorized_elementwise_kernel<(int)8, at::native::float16_copy_"
react_moa_mcts,warmup,1,react-answer,10,LinearOp,me,nvtx_operator_range,129354,3508807233,14589,14589,0,1,0,11803,14589,gemm,ampere_fp16_s16816gemm_fp16_128x64_ldg8_f2f_stages_32x6_nn
react_moa_mcts,warmup,1,react-answer,11,LinearOp,me,nvtx_operator_range,113244,3508944024,14590,14590,0,1,0,8597,14590,gemm,ampere_fp16_s16816gemm_fp16_128x64_ldg8_f2f_stages_32x6_nn
react_moa_mcts,warmup,1,react-answer,12,LinearOp,me,nvtx_operator_range,96991,3509064256,14558,14558,0,1,0,9034,14558,gemm,ampere_fp16_s16816gemm_fp16_128x64_ldg8_f2f_stages_32x6_nn
react_moa_mcts,warmup,1,react-answer,13,ViewOp,de,nvtx_operator_range,71116,3509170187,0,0,0,0,0,,,,
react_moa_mcts,warmup,1,react-answer,14,TransposeOp,de,nvtx_operator_range,119937,3509247488,12094,12094,0,1,0,11512,12094,copy,"void at::native::elementwise_kernel<(int)128, (int)4, void at::native::gpu_kerne"
react_moa_mcts,warmup,1,mcts-critic,6,RMSNormOp,ve,nvtx_operator_range,261125,3523406256,19359,19359,0,7,0,9998,133035,copy|elementwise_binary|elementwise_unary|reduce,"void at::native::unrolled_elementwise_kernel<at::native::direct_copy_kernel_cuda|void at::native::vectorized_elementwise_kernel<(int)4, void at::native::<unnamed|void at::native::reduce_kernel<(int)512, (int)1, at::native::ReduceOp<float, at:|void at::native::vectorized_elementwise_kernel<(int)4, at::native::CUDAFunctorOn|void at::native::vectorized_elementwise_kernel<(int)4, at::native::rsqrt_kernel_|void at::native::elementwise_kernel<(int)128, (int)2, void at::native::gpu_kerne|void at::native::vectorized_elementwise_kernel<(int)8, at::native::float16_copy_"
react_moa_mcts,warmup,1,mcts-critic,7,AddOp,ve,nvtx_operator_range,99470,3523677207,2080,2080,0,1,0,10034,2080,elementwise_binary,"void at::native::vectorized_elementwise_kernel<(int)8, at::native::CUDAFunctorOn"
react_moa_mcts,warmup,1,mcts-critic,8,RMSNormOp,ve,nvtx_operator_range,223264,3523784326,19070,19070,0,7,0,8987,120621,copy|elementwise_binary|elementwise_unary|reduce,"void at::native::unrolled_elementwise_kernel<at::native::direct_copy_kernel_cuda|void at::native::vectorized_elementwise_kernel<(int)4, void at::native::<unnamed|void at::native::reduce_kernel<(int)512, (int)1, at::native::ReduceOp<float, at:|void at::native::vectorized_elementwise_kernel<(int)4, at::native::CUDAFunctorOn|void at::native::vectorized_elementwise_kernel<(int)4, at::native::rsqrt_kernel_|void at::native::elementwise_kernel<(int)128, (int)2, void at::native::gpu_kerne|void at::native::vectorized_elementwise_kernel<(int)8, at::native::float16_copy_"
react_moa_mcts,warmup,1,mcts-critic,10,LinearOp,me,nvtx_operator_range,143658,3524015361,20189,20189,0,1,0,11267,20189,gemm,ampere_fp16_s1688gemm_fp16_128x64_sliced1x2_ldg8_f2f_nn
react_moa_mcts,warmup,1,mcts-critic,11,LinearOp,me,nvtx_operator_range,99423,3524167084,20124,20124,0,1,0,8901,20124,gemm,ampere_fp16_s1688gemm_fp16_128x64_sliced1x2_ldg8_f2f_nn
react_moa_mcts,warmup,1,mcts-critic,12,LinearOp,me,nvtx_operator_range,94222,3524272965,20061,20061,0,1,0,8658,20061,gemm,ampere_fp16_s1688gemm_fp16_128x64_sliced1x2_ldg8_f2f_nn
react_moa_mcts,warmup,1,mcts-critic,13,ViewOp,de,nvtx_operator_range,68988,3524374907,0,0,0,0,0,,,,
react_moa_mcts,warmup,1,mcts-critic,14,TransposeOp,de,nvtx_operator_range,120951,3524450045,12350,12350,0,1,0,11589,12350,copy,"void at::native::elementwise_kernel<(int)128, (int)4, void at::native::gpu_kerne"
react_moa_mcts,warmup,2,react-plan,,call_overhead,,gap_before_operator,,,69941,4991,64950,2,1,13754,198112,elementwise_binary|memcpy|rng_init,"memcpy_Host-to-Device|void at::native::<unnamed>::distribution_elementwise_grid_stride_kernel<float, (|void at::native::vectorized_elementwise_kernel<(int)8, at::native::BUnaryFunctor"
react_moa_mcts,warmup,2,moa-map0,,call_overhead,,gap_before_operator,,,195200,7070,188130,2,2,13064,13889484,elementwise_binary|memcpy|rng_init,"memcpy_Device-to-Host|memcpy_Host-to-Device|void at::native::<unnamed>::distribution_elementwise_grid_stride_kernel<float, (|void at::native::vectorized_elementwise_kernel<(int)8, at::native::BUnaryFunctor"
react_moa_mcts,warmup,2,moa-map1,,call_overhead,,gap_before_operator,,,245305,7007,238298,2,2,12830,13998011,elementwise_binary|memcpy|rng_init,"memcpy_Device-to-Host|memcpy_Host-to-Device|void at::native::<unnamed>::distribution_elementwise_grid_stride_kernel<float, (|void at::native::vectorized_elementwise_kernel<(int)8, at::native::BUnaryFunctor"
react_moa_mcts,warmup,2,moa-map2,,call_overhead,,gap_before_operator,,,245113,7007,238106,2,2,12829,14064080,elementwise_binary|memcpy|rng_init,"memcpy_Device-to-Host|memcpy_Host-to-Device|void at::native::<unnamed>::distribution_elementwise_grid_stride_kernel<float, (|void at::native::vectorized_elementwise_kernel<(int)8, at::native::BUnaryFunctor"
react_moa_mcts,warmup,2,mcts-root,,call_overhead,,gap_before_operator,,,243193,7007,236186,2,2,13959,14043956,elementwise_binary|memcpy|rng_init,"memcpy_Device-to-Host|memcpy_Host-to-Device|void at::native::<unnamed>::distribution_elementwise_grid_stride_kernel<float, (|void at::native::vectorized_elementwise_kernel<(int)8, at::native::BUnaryFunctor"
react_moa_mcts,warmup,2,mcts-actor0,,call_overhead,,gap_before_operator,,,247160,7007,240153,2,2,13159,16018711,elementwise_binary|memcpy|rng_init,"memcpy_Device-to-Host|memcpy_Host-to-Device|void at::native::<unnamed>::distribution_elementwise_grid_stride_kernel<float, (|void at::native::vectorized_elementwise_kernel<(int)8, at::native::BUnaryFunctor"
react_moa_mcts,warmup,2,mcts-actor1,,call_overhead,,gap_before_operator,,,244473,7007,237466,2,2,13050,14042004,elementwise_binary|memcpy|rng_init,"memcpy_Device-to-Host|memcpy_Host-to-Device|void at::native::<unnamed>::distribution_elementwise_grid_stride_kernel<float, (|void at::native::vectorized_elementwise_kernel<(int)8, at::native::BUnaryFunctor"
react_moa_mcts,warmup,2,moa-reduce,,call_overhead,,gap_before_operator,,,246327,7038,239289,2,2,12762,13930501,elementwise_binary|memcpy|rng_init,"memcpy_Device-to-Host|memcpy_Host-to-Device|void at::native::<unnamed>::distribution_elementwise_grid_stride_kernel<float, (|void at::native::vectorized_elementwise_kernel<(int)8, at::native::BUnaryFunctor"
react_moa_mcts,warmup,2,react-answer,,call_overhead,,gap_before_operator,,,213661,6718,206943,2,2,12988,11907626,elementwise_binary|memcpy|rng_init,"memcpy_Device-to-Host|memcpy_Host-to-Device|void at::native::<unnamed>::distribution_elementwise_grid_stride_kernel<float, (|void at::native::vectorized_elementwise_kernel<(int)8, at::native::BUnaryFunctor"
react_moa_mcts,warmup,2,mcts-critic,,call_overhead,,gap_before_operator,,,318539,6974,311565,2,3,13231,15217975,elementwise_binary|memcpy|rng_init,"memcpy_Device-to-Host|memcpy_Host-to-Device|void at::native::<unnamed>::distribution_elementwise_grid_stride_kernel<float, (|void at::native::vectorized_elementwise_kernel<(int)8, at::native::BUnaryFunctor"
react_moa_mcts,warmup,2,react-plan,6,RMSNormOp,ve,nvtx_operator_range,270820,3534846186,15837,15837,0,7,0,9224,143785,copy|elementwise_binary|elementwise_unary|reduce,"void at::native::unrolled_elementwise_kernel<at::native::direct_copy_kernel_cuda|void at::native::vectorized_elementwise_kernel<(int)4, void at::native::<unnamed|void at::native::reduce_kernel<(int)512, (int)1, at::native::ReduceOp<float, at:|void at::native::vectorized_elementwise_kernel<(int)4, at::native::CUDAFunctorOn|void at::native::vectorized_elementwise_kernel<(int)4, at::native::rsqrt_kernel_|void at::native::elementwise_kernel<(int)128, (int)2, void at::native::gpu_kerne|void at::native::vectorized_elementwise_kernel<(int)8, at::native::float16_copy_"
react_moa_mcts,warmup,2,react-plan,7,AddOp,ve,nvtx_operator_range,100167,3535127544,1440,1440,0,1,0,9862,1440,elementwise_binary,"void at::native::vectorized_elementwise_kernel<(int)8, at::native::CUDAFunctorOn"
react_moa_mcts,warmup,2,react-plan,8,RMSNormOp,ve,nvtx_operator_range,222404,3535235324,15549,15549,0,7,0,8784,119661,copy|elementwise_binary|elementwise_unary|reduce,"void at::native::unrolled_elementwise_kernel<at::native::direct_copy_kernel_cuda|void at::native::vectorized_elementwise_kernel<(int)4, void at::native::<unnamed|void at::native::reduce_kernel<(int)512, (int)1, at::native::ReduceOp<float, at:|void at::native::vectorized_elementwise_kernel<(int)4, at::native::CUDAFunctorOn|void at::native::vectorized_elementwise_kernel<(int)4, at::native::rsqrt_kernel_|void at::native::elementwise_kernel<(int)128, (int)2, void at::native::gpu_kerne|void at::native::vectorized_elementwise_kernel<(int)8, at::native::float16_copy_"
react_moa_mcts,warmup,2,react-plan,10,LinearOp,me,nvtx_operator_range,190748,3535466265,12894,12478,416,1,1,19214,23292,gemm|memset,memset|void cutlass::Kernel2<cutlass_80_tensorop_f16_s16816gemm_relu_f16_64x64_32x6_nn_
react_moa_mcts,warmup,2,react-plan,11,LinearOp,me,nvtx_operator_range,117630,3535665727,12766,12318,448,1,1,7552,20189,gemm|memset,memset|void cutlass::Kernel2<cutlass_80_tensorop_f16_s16816gemm_relu_f16_64x64_32x6_nn_
react_moa_mcts,warmup,2,react-plan,12,LinearOp,me,nvtx_operator_range,110089,3535791214,12766,12350,416,1,1,7547,20221,gemm|memset,memset|void cutlass::Kernel2<cutlass_80_tensorop_f16_s16816gemm_relu_f16_64x64_32x6_nn_
react_moa_mcts,warmup,2,react-plan,13,ViewOp,de,nvtx_operator_range,70536,3535909489,0,0,0,0,0,,,,
react_moa_mcts,warmup,2,react-plan,14,TransposeOp,de,nvtx_operator_range,139839,3535986848,9343,9343,0,1,0,12452,9343,copy,"void at::native::elementwise_kernel<(int)128, (int)4, void at::native::gpu_kerne"
react_moa_mcts,warmup,2,moa-map0,6,RMSNormOp,ve,nvtx_operator_range,267114,3550089041,19293,19293,0,7,0,9458,133163,copy|elementwise_binary|elementwise_unary|reduce,"void at::native::unrolled_elementwise_kernel<at::native::direct_copy_kernel_cuda|void at::native::vectorized_elementwise_kernel<(int)4, void at::native::<unnamed|void at::native::reduce_kernel<(int)512, (int)1, at::native::ReduceOp<float, at:|void at::native::vectorized_elementwise_kernel<(int)4, at::native::CUDAFunctorOn|void at::native::vectorized_elementwise_kernel<(int)4, at::native::rsqrt_kernel_|void at::native::elementwise_kernel<(int)128, (int)2, void at::native::gpu_kerne|void at::native::vectorized_elementwise_kernel<(int)8, at::native::float16_copy_"
react_moa_mcts,warmup,2,moa-map0,7,AddOp,ve,nvtx_operator_range,97685,3550365987,2112,2112,0,1,0,8749,2112,elementwise_binary,"void at::native::vectorized_elementwise_kernel<(int)8, at::native::CUDAFunctorOn"
react_moa_mcts,warmup,2,moa-map0,8,RMSNormOp,ve,nvtx_operator_range,217839,3550470698,18943,18943,0,7,0,9071,117582,copy|elementwise_binary|elementwise_unary|reduce,"void at::native::unrolled_elementwise_kernel<at::native::direct_copy_kernel_cuda|void at::native::vectorized_elementwise_kernel<(int)4, void at::native::<unnamed|void at::native::reduce_kernel<(int)512, (int)1, at::native::ReduceOp<float, at:|void at::native::vectorized_elementwise_kernel<(int)4, at::native::CUDAFunctorOn|void at::native::vectorized_elementwise_kernel<(int)4, at::native::rsqrt_kernel_|void at::native::elementwise_kernel<(int)128, (int)2, void at::native::gpu_kerne|void at::native::vectorized_elementwise_kernel<(int)8, at::native::float16_copy_"
react_moa_mcts,warmup,2,moa-map0,10,LinearOp,me,nvtx_operator_range,126228,3550696507,20093,20093,0,1,0,11112,20093,gemm,ampere_fp16_s1688gemm_fp16_128x64_sliced1x2_ldg8_f2f_nn
react_moa_mcts,warmup,2,moa-map0,11,LinearOp,me,nvtx_operator_range,113063,3550829861,20125,20125,0,1,0,19466,20125,gemm,ampere_fp16_s1688gemm_fp16_128x64_sliced1x2_ldg8_f2f_nn
react_moa_mcts,warmup,2,moa-map0,12,LinearOp,me,nvtx_operator_range,109451,3550950348,19997,19997,0,1,0,9349,19997,gemm,ampere_fp16_s1688gemm_fp16_128x64_sliced1x2_ldg8_f2f_nn
react_moa_mcts,warmup,2,moa-map0,13,ViewOp,de,nvtx_operator_range,74012,3551067313,0,0,0,0,0,,,,
react_moa_mcts,warmup,2,moa-map0,14,TransposeOp,de,nvtx_operator_range,123334,3551147492,12350,12350,0,1,0,12060,12350,copy,"void at::native::elementwise_kernel<(int)128, (int)4, void at::native::gpu_kerne"
react_moa_mcts,warmup,2,moa-map1,6,RMSNormOp,ve,nvtx_operator_range,257619,3565342284,19389,19389,0,7,0,9477,132267,copy|elementwise_binary|elementwise_unary|reduce,"void at::native::unrolled_elementwise_kernel<at::native::direct_copy_kernel_cuda|void at::native::vectorized_elementwise_kernel<(int)4, void at::native::<unnamed|void at::native::reduce_kernel<(int)512, (int)1, at::native::ReduceOp<float, at:|void at::native::vectorized_elementwise_kernel<(int)4, at::native::CUDAFunctorOn|void at::native::vectorized_elementwise_kernel<(int)4, at::native::rsqrt_kernel_|void at::native::elementwise_kernel<(int)128, (int)2, void at::native::gpu_kerne|void at::native::vectorized_elementwise_kernel<(int)8, at::native::float16_copy_"
react_moa_mcts,warmup,2,moa-map1,7,AddOp,ve,nvtx_operator_range,97600,3565610102,2080,2080,0,1,0,8687,2080,elementwise_binary,"void at::native::vectorized_elementwise_kernel<(int)8, at::native::CUDAFunctorOn"
react_moa_mcts,warmup,2,moa-map1,8,RMSNormOp,ve,nvtx_operator_range,219363,3565714915,19006,19006,0,7,0,8746,117453,copy|elementwise_binary|elementwise_unary|reduce,"void at::native::unrolled_elementwise_kernel<at::native::direct_copy_kernel_cuda|void at::native::vectorized_elementwise_kernel<(int)4, void at::native::<unnamed|void at::native::reduce_kernel<(int)512, (int)1, at::native::ReduceOp<float, at:|void at::native::vectorized_elementwise_kernel<(int)4, at::native::CUDAFunctorOn|void at::native::vectorized_elementwise_kernel<(int)4, at::native::rsqrt_kernel_|void at::native::elementwise_kernel<(int)128, (int)2, void at::native::gpu_kerne|void at::native::vectorized_elementwise_kernel<(int)8, at::native::float16_copy_"
react_moa_mcts,warmup,2,moa-map1,10,LinearOp,me,nvtx_operator_range,139887,3565942380,20093,20093,0,1,0,10781,20093,gemm,ampere_fp16_s1688gemm_fp16_128x64_sliced1x2_ldg8_f2f_nn
react_moa_mcts,warmup,2,moa-map1,11,LinearOp,me,nvtx_operator_range,103602,3566089311,20124,20124,0,1,0,9262,20124,gemm,ampere_fp16_s1688gemm_fp16_128x64_sliced1x2_ldg8_f2f_nn
react_moa_mcts,warmup,2,moa-map1,12,LinearOp,me,nvtx_operator_range,96127,3566199215,19901,19901,0,1,0,9507,19901,gemm,ampere_fp16_s1688gemm_fp16_128x64_sliced1x2_ldg8_f2f_nn
react_moa_mcts,warmup,2,moa-map1,13,ViewOp,de,nvtx_operator_range,71934,3566303986,0,0,0,0,0,,,,
react_moa_mcts,warmup,2,moa-map1,14,TransposeOp,de,nvtx_operator_range,118370,3566382346,12638,12638,0,1,0,10292,12638,copy,"void at::native::elementwise_kernel<(int)128, (int)4, void at::native::gpu_kerne"
react_moa_mcts,warmup,2,moa-map2,6,RMSNormOp,ve,nvtx_operator_range,270823,3580612697,19358,19358,0,7,0,9551,140586,copy|elementwise_binary|elementwise_unary|reduce,"void at::native::unrolled_elementwise_kernel<at::native::direct_copy_kernel_cuda|void at::native::vectorized_elementwise_kernel<(int)4, void at::native::<unnamed|void at::native::reduce_kernel<(int)512, (int)1, at::native::ReduceOp<float, at:|void at::native::vectorized_elementwise_kernel<(int)4, at::native::CUDAFunctorOn|void at::native::vectorized_elementwise_kernel<(int)4, at::native::rsqrt_kernel_|void at::native::elementwise_kernel<(int)128, (int)2, void at::native::gpu_kerne|void at::native::vectorized_elementwise_kernel<(int)8, at::native::float16_copy_"
react_moa_mcts,warmup,2,moa-map2,7,AddOp,ve,nvtx_operator_range,98902,3580893817,2048,2048,0,1,0,8728,2048,elementwise_binary,"void at::native::vectorized_elementwise_kernel<(int)8, at::native::CUDAFunctorOn"
react_moa_mcts,warmup,2,moa-map2,8,RMSNormOp,ve,nvtx_operator_range,247186,3581011677,19132,19132,0,7,0,10722,124428,copy|elementwise_binary|elementwise_unary|reduce,"void at::native::unrolled_elementwise_kernel<at::native::direct_copy_kernel_cuda|void at::native::vectorized_elementwise_kernel<(int)4, void at::native::<unnamed|void at::native::reduce_kernel<(int)512, (int)1, at::native::ReduceOp<float, at:|void at::native::vectorized_elementwise_kernel<(int)4, at::native::CUDAFunctorOn|void at::native::vectorized_elementwise_kernel<(int)4, at::native::rsqrt_kernel_|void at::native::elementwise_kernel<(int)128, (int)2, void at::native::gpu_kerne|void at::native::vectorized_elementwise_kernel<(int)8, at::native::float16_copy_"
react_moa_mcts,warmup,2,moa-map2,10,LinearOp,me,nvtx_operator_range,136290,3581267417,20125,20125,0,1,0,11526,20125,gemm,ampere_fp16_s1688gemm_fp16_128x64_sliced1x2_ldg8_f2f_nn
react_moa_mcts,warmup,2,moa-map2,11,LinearOp,me,nvtx_operator_range,100021,3581410889,20253,20253,0,1,0,8878,20253,gemm,ampere_fp16_s1688gemm_fp16_128x64_sliced1x2_ldg8_f2f_nn
react_moa_mcts,warmup,2,moa-map2,12,LinearOp,me,nvtx_operator_range,94201,3581517554,19805,19805,0,1,0,8415,19805,gemm,ampere_fp16_s1688gemm_fp16_128x64_sliced1x2_ldg8_f2f_nn
react_moa_mcts,warmup,2,moa-map2,13,ViewOp,de,nvtx_operator_range,68897,3581619830,0,0,0,0,0,,,,
react_moa_mcts,warmup,2,moa-map2,14,TransposeOp,de,nvtx_operator_range,122995,3581694059,12382,12382,0,1,0,10959,12382,copy,"void at::native::elementwise_kernel<(int)128, (int)4, void at::native::gpu_kerne"
react_moa_mcts,warmup,2,mcts-root,6,RMSNormOp,ve,nvtx_operator_range,288351,3595908454,19359,19359,0,7,0,9312,149672,copy|elementwise_binary|elementwise_unary|reduce,"void at::native::unrolled_elementwise_kernel<at::native::direct_copy_kernel_cuda|void at::native::vectorized_elementwise_kernel<(int)4, void at::native::<unnamed|void at::native::reduce_kernel<(int)512, (int)1, at::native::ReduceOp<float, at:|void at::native::vectorized_elementwise_kernel<(int)4, at::native::CUDAFunctorOn|void at::native::vectorized_elementwise_kernel<(int)4, at::native::rsqrt_kernel_|void at::native::elementwise_kernel<(int)128, (int)2, void at::native::gpu_kerne|void at::native::vectorized_elementwise_kernel<(int)8, at::native::float16_copy_"
react_moa_mcts,warmup,2,mcts-root,7,AddOp,ve,nvtx_operator_range,100166,3596207169,2079,2079,0,1,0,8955,2079,elementwise_binary,"void at::native::vectorized_elementwise_kernel<(int)8, at::native::CUDAFunctorOn"
react_moa_mcts,warmup,2,mcts-root,8,RMSNormOp,ve,nvtx_operator_range,221949,3596314918,19198,19198,0,7,0,9105,117421,copy|elementwise_binary|elementwise_unary|reduce,"void at::native::unrolled_elementwise_kernel<at::native::direct_copy_kernel_cuda|void at::native::vectorized_elementwise_kernel<(int)4, void at::native::<unnamed|void at::native::reduce_kernel<(int)512, (int)1, at::native::ReduceOp<float, at:|void at::native::vectorized_elementwise_kernel<(int)4, at::native::CUDAFunctorOn|void at::native::vectorized_elementwise_kernel<(int)4, at::native::rsqrt_kernel_|void at::native::elementwise_kernel<(int)128, (int)2, void at::native::gpu_kerne|void at::native::vectorized_elementwise_kernel<(int)8, at::native::float16_copy_"
react_moa_mcts,warmup,2,mcts-root,10,LinearOp,me,nvtx_operator_range,131725,3596545111,20220,20220,0,1,0,10973,20220,gemm,ampere_fp16_s1688gemm_fp16_128x64_sliced1x2_ldg8_f2f_nn
react_moa_mcts,warmup,2,mcts-root,11,LinearOp,me,nvtx_operator_range,98330,3596684183,20317,20317,0,1,0,9232,20317,gemm,ampere_fp16_s1688gemm_fp16_128x64_sliced1x2_ldg8_f2f_nn
react_moa_mcts,warmup,2,mcts-root,12,LinearOp,me,nvtx_operator_range,92590,3596791623,20061,20061,0,1,0,8410,20061,gemm,ampere_fp16_s1688gemm_fp16_128x64_sliced1x2_ldg8_f2f_nn
react_moa_mcts,warmup,2,mcts-root,13,ViewOp,de,nvtx_operator_range,71095,3596891493,0,0,0,0,0,,,,
react_moa_mcts,warmup,2,mcts-root,14,TransposeOp,de,nvtx_operator_range,139175,3596968985,12414,12414,0,1,0,25345,12414,copy,"void at::native::elementwise_kernel<(int)128, (int)4, void at::native::gpu_kerne"
react_moa_mcts,warmup,2,mcts-actor0,6,RMSNormOp,ve,nvtx_operator_range,265855,3613204575,19197,19197,0,7,0,9271,136138,copy|elementwise_binary|elementwise_unary|reduce,"void at::native::unrolled_elementwise_kernel<at::native::direct_copy_kernel_cuda|void at::native::vectorized_elementwise_kernel<(int)4, void at::native::<unnamed|void at::native::reduce_kernel<(int)512, (int)1, at::native::ReduceOp<float, at:|void at::native::vectorized_elementwise_kernel<(int)4, at::native::CUDAFunctorOn|void at::native::vectorized_elementwise_kernel<(int)4, at::native::rsqrt_kernel_|void at::native::elementwise_kernel<(int)128, (int)2, void at::native::gpu_kerne|void at::native::vectorized_elementwise_kernel<(int)8, at::native::float16_copy_"
react_moa_mcts,warmup,2,mcts-actor0,7,AddOp,ve,nvtx_operator_range,99406,3613480843,2080,2080,0,1,0,8736,2080,elementwise_binary,"void at::native::vectorized_elementwise_kernel<(int)8, at::native::CUDAFunctorOn"
react_moa_mcts,warmup,2,mcts-actor0,8,RMSNormOp,ve,nvtx_operator_range,223757,3613588059,19134,19134,0,7,0,8649,119149,copy|elementwise_binary|elementwise_unary|reduce,"void at::native::unrolled_elementwise_kernel<at::native::direct_copy_kernel_cuda|void at::native::vectorized_elementwise_kernel<(int)4, void at::native::<unnamed|void at::native::reduce_kernel<(int)512, (int)1, at::native::ReduceOp<float, at:|void at::native::vectorized_elementwise_kernel<(int)4, at::native::CUDAFunctorOn|void at::native::vectorized_elementwise_kernel<(int)4, at::native::rsqrt_kernel_|void at::native::elementwise_kernel<(int)128, (int)2, void at::native::gpu_kerne|void at::native::vectorized_elementwise_kernel<(int)8, at::native::float16_copy_"
react_moa_mcts,warmup,2,mcts-actor0,10,LinearOp,me,nvtx_operator_range,129619,3613820785,20125,20125,0,1,0,10857,20125,gemm,ampere_fp16_s1688gemm_fp16_128x64_sliced1x2_ldg8_f2f_nn
react_moa_mcts,warmup,2,mcts-actor0,11,LinearOp,me,nvtx_operator_range,114778,3613958069,20188,20188,0,1,0,9320,20188,gemm,ampere_fp16_s1688gemm_fp16_128x64_sliced1x2_ldg8_f2f_nn
react_moa_mcts,warmup,2,mcts-actor0,12,LinearOp,me,nvtx_operator_range,95987,3614080135,19901,19901,0,1,0,8664,19901,gemm,ampere_fp16_s1688gemm_fp16_128x64_sliced1x2_ldg8_f2f_nn
react_moa_mcts,warmup,2,mcts-actor0,13,ViewOp,de,nvtx_operator_range,70723,3614185001,0,0,0,0,0,,,,
react_moa_mcts,warmup,2,mcts-actor0,14,TransposeOp,de,nvtx_operator_range,120497,3614262183,12542,12542,0,1,0,10448,12542,copy,"void at::native::elementwise_kernel<(int)128, (int)4, void at::native::gpu_kerne"
react_moa_mcts,warmup,2,mcts-actor1,6,RMSNormOp,ve,nvtx_operator_range,258220,3628470120,19386,19386,0,7,0,8766,133546,copy|elementwise_binary|elementwise_unary|reduce,"void at::native::unrolled_elementwise_kernel<at::native::direct_copy_kernel_cuda|void at::native::vectorized_elementwise_kernel<(int)4, void at::native::<unnamed|void at::native::reduce_kernel<(int)512, (int)1, at::native::ReduceOp<float, at:|void at::native::vectorized_elementwise_kernel<(int)4, at::native::CUDAFunctorOn|void at::native::vectorized_elementwise_kernel<(int)4, at::native::rsqrt_kernel_|void at::native::elementwise_kernel<(int)128, (int)2, void at::native::gpu_kerne|void at::native::vectorized_elementwise_kernel<(int)8, at::native::float16_copy_"
react_moa_mcts,warmup,2,mcts-actor1,7,AddOp,ve,nvtx_operator_range,100375,3628739159,1984,1984,0,1,0,8707,1984,elementwise_binary,"void at::native::vectorized_elementwise_kernel<(int)8, at::native::CUDAFunctorOn"
react_moa_mcts,warmup,2,mcts-actor1,8,RMSNormOp,ve,nvtx_operator_range,246696,3628846407,19227,19227,0,7,0,9302,117389,copy|elementwise_binary|elementwise_unary|reduce,"void at::native::unrolled_elementwise_kernel<at::native::direct_copy_kernel_cuda|void at::native::vectorized_elementwise_kernel<(int)4, void at::native::<unnamed|void at::native::reduce_kernel<(int)512, (int)1, at::native::ReduceOp<float, at:|void at::native::vectorized_elementwise_kernel<(int)4, at::native::CUDAFunctorOn|void at::native::vectorized_elementwise_kernel<(int)4, at::native::rsqrt_kernel_|void at::native::elementwise_kernel<(int)128, (int)2, void at::native::gpu_kerne|void at::native::vectorized_elementwise_kernel<(int)8, at::native::float16_copy_"
react_moa_mcts,warmup,2,mcts-actor1,10,LinearOp,me,nvtx_operator_range,132187,3629102568,20189,20189,0,1,0,12315,20189,gemm,ampere_fp16_s1688gemm_fp16_128x64_sliced1x2_ldg8_f2f_nn
react_moa_mcts,warmup,2,mcts-actor1,11,LinearOp,me,nvtx_operator_range,97668,3629242714,20189,20189,0,1,0,8899,20189,gemm,ampere_fp16_s1688gemm_fp16_128x64_sliced1x2_ldg8_f2f_nn
react_moa_mcts,warmup,2,mcts-actor1,12,LinearOp,me,nvtx_operator_range,95226,3629347284,20029,20029,0,1,0,8615,20029,gemm,ampere_fp16_s1688gemm_fp16_128x64_sliced1x2_ldg8_f2f_nn
react_moa_mcts,warmup,2,mcts-actor1,13,ViewOp,de,nvtx_operator_range,69066,3629452048,0,0,0,0,0,,,,
react_moa_mcts,warmup,2,mcts-actor1,14,TransposeOp,de,nvtx_operator_range,120497,3629527607,12542,12542,0,1,0,11067,12542,copy,"void at::native::elementwise_kernel<(int)128, (int)4, void at::native::gpu_kerne"
react_moa_mcts,warmup,2,moa-reduce,6,RMSNormOp,ve,nvtx_operator_range,267662,3643653127,19166,19166,0,7,0,8961,131211,copy|elementwise_binary|elementwise_unary|reduce,"void at::native::unrolled_elementwise_kernel<at::native::direct_copy_kernel_cuda|void at::native::vectorized_elementwise_kernel<(int)4, void at::native::<unnamed|void at::native::reduce_kernel<(int)512, (int)1, at::native::ReduceOp<float, at:|void at::native::vectorized_elementwise_kernel<(int)4, at::native::CUDAFunctorOn|void at::native::vectorized_elementwise_kernel<(int)4, at::native::rsqrt_kernel_|void at::native::elementwise_kernel<(int)128, (int)2, void at::native::gpu_kerne|void at::native::vectorized_elementwise_kernel<(int)8, at::native::float16_copy_"
react_moa_mcts,warmup,2,moa-reduce,7,AddOp,ve,nvtx_operator_range,100056,3643930945,2111,2111,0,1,0,8701,2111,elementwise_binary,"void at::native::vectorized_elementwise_kernel<(int)8, at::native::CUDAFunctorOn"
react_moa_mcts,warmup,2,moa-reduce,8,RMSNormOp,ve,nvtx_operator_range,225277,3644051164,18941,18941,0,7,0,9362,120429,copy|elementwise_binary|elementwise_unary|reduce,"void at::native::unrolled_elementwise_kernel<at::native::direct_copy_kernel_cuda|void at::native::vectorized_elementwise_kernel<(int)4, void at::native::<unnamed|void at::native::reduce_kernel<(int)512, (int)1, at::native::ReduceOp<float, at:|void at::native::vectorized_elementwise_kernel<(int)4, at::native::CUDAFunctorOn|void at::native::vectorized_elementwise_kernel<(int)4, at::native::rsqrt_kernel_|void at::native::elementwise_kernel<(int)128, (int)2, void at::native::gpu_kerne|void at::native::vectorized_elementwise_kernel<(int)8, at::native::float16_copy_"
react_moa_mcts,warmup,2,moa-reduce,10,LinearOp,me,nvtx_operator_range,126580,3644284261,20029,20029,0,1,0,10280,20029,gemm,ampere_fp16_s1688gemm_fp16_128x64_sliced1x2_ldg8_f2f_nn
react_moa_mcts,warmup,2,moa-reduce,11,LinearOp,me,nvtx_operator_range,98808,3644417719,20189,20189,0,1,0,8908,20189,gemm,ampere_fp16_s1688gemm_fp16_128x64_sliced1x2_ldg8_f2f_nn
react_moa_mcts,warmup,2,moa-reduce,12,LinearOp,me,nvtx_operator_range,94390,3644523137,20061,20061,0,1,0,8529,20061,gemm,ampere_fp16_s1688gemm_fp16_128x64_sliced1x2_ldg8_f2f_nn
react_moa_mcts,warmup,2,moa-reduce,13,ViewOp,de,nvtx_operator_range,71493,3644624345,0,0,0,0,0,,,,
react_moa_mcts,warmup,2,moa-reduce,14,TransposeOp,de,nvtx_operator_range,119283,3644702222,12254,12254,0,1,0,10386,12254,copy,"void at::native::elementwise_kernel<(int)128, (int)4, void at::native::gpu_kerne"
react_moa_mcts,warmup,2,react-answer,6,RMSNormOp,ve,nvtx_operator_range,412944,3656801913,17756,17756,0,7,0,9463,129516,copy|elementwise_binary|elementwise_unary|reduce,"void at::native::unrolled_elementwise_kernel<at::native::direct_copy_kernel_cuda|void at::native::vectorized_elementwise_kernel<(int)4, void at::native::<unnamed|void at::native::reduce_kernel<(int)512, (int)1, at::native::ReduceOp<float, at:|void at::native::vectorized_elementwise_kernel<(int)4, at::native::CUDAFunctorOn|void at::native::vectorized_elementwise_kernel<(int)4, at::native::rsqrt_kernel_|void at::native::elementwise_kernel<(int)128, (int)2, void at::native::gpu_kerne|void at::native::vectorized_elementwise_kernel<(int)8, at::native::float16_copy_"
react_moa_mcts,warmup,2,react-answer,7,AddOp,ve,nvtx_operator_range,108265,3657225928,1728,1728,0,1,0,11021,1728,elementwise_binary,"void at::native::vectorized_elementwise_kernel<(int)8, at::native::CUDAFunctorOn"
react_moa_mcts,warmup,2,react-answer,8,RMSNormOp,ve,nvtx_operator_range,229062,3657341455,17949,17949,0,7,0,8920,123116,copy|elementwise_binary|elementwise_unary|reduce,"void at::native::unrolled_elementwise_kernel<at::native::direct_copy_kernel_cuda|void at::native::vectorized_elementwise_kernel<(int)4, void at::native::<unnamed|void at::native::reduce_kernel<(int)512, (int)1, at::native::ReduceOp<float, at:|void at::native::vectorized_elementwise_kernel<(int)4, at::native::CUDAFunctorOn|void at::native::vectorized_elementwise_kernel<(int)4, at::native::rsqrt_kernel_|void at::native::elementwise_kernel<(int)128, (int)2, void at::native::gpu_kerne|void at::native::vectorized_elementwise_kernel<(int)8, at::native::float16_copy_"
react_moa_mcts,warmup,2,react-answer,10,LinearOp,me,nvtx_operator_range,127464,3657579407,14590,14590,0,1,0,10621,14590,gemm,ampere_fp16_s16816gemm_fp16_128x64_ldg8_f2f_stages_32x6_nn
react_moa_mcts,warmup,2,react-answer,11,LinearOp,me,nvtx_operator_range,98529,3657714128,14590,14590,0,1,0,8517,14590,gemm,ampere_fp16_s16816gemm_fp16_128x64_ldg8_f2f_stages_32x6_nn
react_moa_mcts,warmup,2,react-answer,12,LinearOp,me,nvtx_operator_range,93829,3657819464,14525,14525,0,1,0,8296,14525,gemm,ampere_fp16_s16816gemm_fp16_128x64_ldg8_f2f_stages_32x6_nn
react_moa_mcts,warmup,2,react-answer,13,ViewOp,de,nvtx_operator_range,69503,3657922538,0,0,0,0,0,,,,
react_moa_mcts,warmup,2,react-answer,14,TransposeOp,de,nvtx_operator_range,137034,3657998154,12062,12062,0,1,0,12087,12062,copy,"void at::native::elementwise_kernel<(int)128, (int)4, void at::native::gpu_kerne"
react_moa_mcts,warmup,2,mcts-critic,6,RMSNormOp,ve,nvtx_operator_range,253568,3672108104,19325,19325,0,7,0,9139,127627,copy|elementwise_binary|elementwise_unary|reduce,"void at::native::unrolled_elementwise_kernel<at::native::direct_copy_kernel_cuda|void at::native::vectorized_elementwise_kernel<(int)4, void at::native::<unnamed|void at::native::reduce_kernel<(int)512, (int)1, at::native::ReduceOp<float, at:|void at::native::vectorized_elementwise_kernel<(int)4, at::native::CUDAFunctorOn|void at::native::vectorized_elementwise_kernel<(int)4, at::native::rsqrt_kernel_|void at::native::elementwise_kernel<(int)128, (int)2, void at::native::gpu_kerne|void at::native::vectorized_elementwise_kernel<(int)8, at::native::float16_copy_"
react_moa_mcts,warmup,2,mcts-critic,7,AddOp,ve,nvtx_operator_range,98679,3672371253,2048,2048,0,1,0,8781,2048,elementwise_binary,"void at::native::vectorized_elementwise_kernel<(int)8, at::native::CUDAFunctorOn"
react_moa_mcts,warmup,2,mcts-critic,8,RMSNormOp,ve,nvtx_operator_range,214995,3672476930,19069,19069,0,7,0,8650,114349,copy|elementwise_binary|elementwise_unary|reduce,"void at::native::unrolled_elementwise_kernel<at::native::direct_copy_kernel_cuda|void at::native::vectorized_elementwise_kernel<(int)4, void at::native::<unnamed|void at::native::reduce_kernel<(int)512, (int)1, at::native::ReduceOp<float, at:|void at::native::vectorized_elementwise_kernel<(int)4, at::native::CUDAFunctorOn|void at::native::vectorized_elementwise_kernel<(int)4, at::native::rsqrt_kernel_|void at::native::elementwise_kernel<(int)128, (int)2, void at::native::gpu_kerne|void at::native::vectorized_elementwise_kernel<(int)8, at::native::float16_copy_"
react_moa_mcts,warmup,2,mcts-critic,10,LinearOp,me,nvtx_operator_range,122428,3672700329,19965,19965,0,1,0,10640,19965,gemm,ampere_fp16_s1688gemm_fp16_128x64_sliced1x2_ldg8_f2f_nn
react_moa_mcts,warmup,2,mcts-critic,11,LinearOp,me,nvtx_operator_range,97822,3672829766,20093,20093,0,1,0,8806,20093,gemm,ampere_fp16_s1688gemm_fp16_128x64_sliced1x2_ldg8_f2f_nn
react_moa_mcts,warmup,2,mcts-critic,12,LinearOp,me,nvtx_operator_range,93595,3672934629,20124,20124,0,1,0,8384,20124,gemm,ampere_fp16_s1688gemm_fp16_128x64_sliced1x2_ldg8_f2f_nn
react_moa_mcts,warmup,2,mcts-critic,13,ViewOp,de,nvtx_operator_range,70966,3673048073,0,0,0,0,0,,,,
react_moa_mcts,warmup,2,mcts-critic,14,TransposeOp,de,nvtx_operator_range,118428,3673127160,12222,12222,0,1,0,11367,12222,copy,"void at::native::elementwise_kernel<(int)128, (int)4, void at::native::gpu_kerne"
react_moa_mcts,warmup,3,react-plan,,call_overhead,,gap_before_operator,,,67156,5022,62134,2,1,13654,196160,elementwise_binary|memcpy|rng_init,"memcpy_Host-to-Device|void at::native::<unnamed>::distribution_elementwise_grid_stride_kernel<float, (|void at::native::vectorized_elementwise_kernel<(int)8, at::native::BUnaryFunctor"
react_moa_mcts,warmup,3,moa-map0,,call_overhead,,gap_before_operator,,,168677,7039,161638,2,2,12210,13938501,elementwise_binary|memcpy|rng_init,"memcpy_Device-to-Host|memcpy_Host-to-Device|void at::native::<unnamed>::distribution_elementwise_grid_stride_kernel<float, (|void at::native::vectorized_elementwise_kernel<(int)8, at::native::BUnaryFunctor"
react_moa_mcts,warmup,3,moa-map1,,call_overhead,,gap_before_operator,,,213982,7007,206975,2,2,11956,13948963,elementwise_binary|memcpy|rng_init,"memcpy_Device-to-Host|memcpy_Host-to-Device|void at::native::<unnamed>::distribution_elementwise_grid_stride_kernel<float, (|void at::native::vectorized_elementwise_kernel<(int)8, at::native::BUnaryFunctor"
react_moa_mcts,warmup,3,moa-map2,,call_overhead,,gap_before_operator,,,209438,7135,202303,2,2,12129,14019288,elementwise_binary|memcpy|rng_init,"memcpy_Device-to-Host|memcpy_Host-to-Device|void at::native::<unnamed>::distribution_elementwise_grid_stride_kernel<float, (|void at::native::vectorized_elementwise_kernel<(int)8, at::native::BUnaryFunctor"
react_moa_mcts,warmup,3,mcts-root,,call_overhead,,gap_before_operator,,,215389,7038,208351,2,2,12202,14061425,elementwise_binary|memcpy|rng_init,"memcpy_Device-to-Host|memcpy_Host-to-Device|void at::native::<unnamed>::distribution_elementwise_grid_stride_kernel<float, (|void at::native::vectorized_elementwise_kernel<(int)8, at::native::BUnaryFunctor"
react_moa_mcts,warmup,3,mcts-actor0,,call_overhead,,gap_before_operator,,,211391,6975,204416,2,2,12898,15982685,elementwise_binary|memcpy|rng_init,"memcpy_Device-to-Host|memcpy_Host-to-Device|void at::native::<unnamed>::distribution_elementwise_grid_stride_kernel<float, (|void at::native::vectorized_elementwise_kernel<(int)8, at::native::BUnaryFunctor"
react_moa_mcts,warmup,3,mcts-actor1,,call_overhead,,gap_before_operator,,,216413,7071,209342,2,2,12299,13949059,elementwise_binary|memcpy|rng_init,"memcpy_Device-to-Host|memcpy_Host-to-Device|void at::native::<unnamed>::distribution_elementwise_grid_stride_kernel<float, (|void at::native::vectorized_elementwise_kernel<(int)8, at::native::BUnaryFunctor"
react_moa_mcts,warmup,3,moa-reduce,,call_overhead,,gap_before_operator,,,216894,7007,209887,2,2,11849,13942564,elementwise_binary|memcpy|rng_init,"memcpy_Device-to-Host|memcpy_Host-to-Device|void at::native::<unnamed>::distribution_elementwise_grid_stride_kernel<float, (|void at::native::vectorized_elementwise_kernel<(int)8, at::native::BUnaryFunctor"
react_moa_mcts,warmup,3,react-answer,,call_overhead,,gap_before_operator,,,189954,6751,183203,2,2,12703,11815385,elementwise_binary|memcpy|rng_init,"memcpy_Device-to-Host|memcpy_Host-to-Device|void at::native::<unnamed>::distribution_elementwise_grid_stride_kernel<float, (|void at::native::vectorized_elementwise_kernel<(int)8, at::native::BUnaryFunctor"
react_moa_mcts,warmup,3,mcts-critic,,call_overhead,,gap_before_operator,,,294482,7103,287379,2,3,12343,15174589,elementwise_binary|memcpy|rng_init,"memcpy_Device-to-Host|memcpy_Host-to-Device|void at::native::<unnamed>::distribution_elementwise_grid_stride_kernel<float, (|void at::native::vectorized_elementwise_kernel<(int)8, at::native::BUnaryFunctor"
react_moa_mcts,warmup,3,react-plan,6,RMSNormOp,ve,nvtx_operator_range,254070,3683389100,15742,15742,0,7,0,9022,129611,copy|elementwise_binary|elementwise_unary|reduce,"void at::native::unrolled_elementwise_kernel<at::native::direct_copy_kernel_cuda|void at::native::vectorized_elementwise_kernel<(int)4, void at::native::<unnamed|void at::native::reduce_kernel<(int)512, (int)1, at::native::ReduceOp<float, at:|void at::native::vectorized_elementwise_kernel<(int)4, at::native::CUDAFunctorOn|void at::native::vectorized_elementwise_kernel<(int)4, at::native::rsqrt_kernel_|void at::native::elementwise_kernel<(int)128, (int)2, void at::native::gpu_kerne|void at::native::vectorized_elementwise_kernel<(int)8, at::native::float16_copy_"
react_moa_mcts,warmup,3,react-plan,7,AddOp,ve,nvtx_operator_range,99102,3683653125,1440,1440,0,1,0,8950,1440,elementwise_binary,"void at::native::vectorized_elementwise_kernel<(int)8, at::native::CUDAFunctorOn"
react_moa_mcts,warmup,3,react-plan,8,RMSNormOp,ve,nvtx_operator_range,217307,3683759559,15551,15551,0,7,0,8803,115982,copy|elementwise_binary|elementwise_unary|reduce,"void at::native::unrolled_elementwise_kernel<at::native::direct_copy_kernel_cuda|void at::native::vectorized_elementwise_kernel<(int)4, void at::native::<unnamed|void at::native::reduce_kernel<(int)512, (int)1, at::native::ReduceOp<float, at:|void at::native::vectorized_elementwise_kernel<(int)4, at::native::CUDAFunctorOn|void at::native::vectorized_elementwise_kernel<(int)4, at::native::rsqrt_kernel_|void at::native::elementwise_kernel<(int)128, (int)2, void at::native::gpu_kerne|void at::native::vectorized_elementwise_kernel<(int)8, at::native::float16_copy_"
react_moa_mcts,warmup,3,react-plan,10,LinearOp,me,nvtx_operator_range,190014,3683984762,12830,12382,448,1,1,18900,22909,gemm|memset,memset|void cutlass::Kernel2<cutlass_80_tensorop_f16_s16816gemm_relu_f16_64x64_32x6_nn_
react_moa_mcts,warmup,3,react-plan,11,LinearOp,me,nvtx_operator_range,118078,3684183498,12734,12286,448,1,1,7379,20957,gemm|memset,memset|void cutlass::Kernel2<cutlass_80_tensorop_f16_s16816gemm_relu_f16_64x64_32x6_nn_
react_moa_mcts,warmup,3,react-plan,12,LinearOp,me,nvtx_operator_range,109576,3684309556,12766,12318,448,1,1,8959,20445,gemm|memset,memset|void cutlass::Kernel2<cutlass_80_tensorop_f16_s16816gemm_relu_f16_64x64_32x6_nn_
react_moa_mcts,warmup,3,react-plan,13,ViewOp,de,nvtx_operator_range,70764,3684426720,0,0,0,0,0,,,,
react_moa_mcts,warmup,3,react-plan,14,TransposeOp,de,nvtx_operator_range,122784,3684503618,9374,9374,0,1,0,11217,9374,copy,"void at::native::elementwise_kernel<(int)128, (int)4, void at::native::gpu_kerne"
react_moa_mcts,warmup,3,moa-map0,6,RMSNormOp,ve,nvtx_operator_range,257090,3698602485,19358,19358,0,7,0,8763,127883,copy|elementwise_binary|elementwise_unary|reduce,"void at::native::unrolled_elementwise_kernel<at::native::direct_copy_kernel_cuda|void at::native::vectorized_elementwise_kernel<(int)4, void at::native::<unnamed|void at::native::reduce_kernel<(int)512, (int)1, at::native::ReduceOp<float, at:|void at::native::vectorized_elementwise_kernel<(int)4, at::native::CUDAFunctorOn|void at::native::vectorized_elementwise_kernel<(int)4, at::native::rsqrt_kernel_|void at::native::elementwise_kernel<(int)128, (int)2, void at::native::gpu_kerne|void at::native::vectorized_elementwise_kernel<(int)8, at::native::float16_copy_"
react_moa_mcts,warmup,3,moa-map0,7,AddOp,ve,nvtx_operator_range,100264,3698878717,2112,2112,0,1,0,8942,2112,elementwise_binary,"void at::native::vectorized_elementwise_kernel<(int)8, at::native::CUDAFunctorOn"
react_moa_mcts,warmup,3,moa-map0,8,RMSNormOp,ve,nvtx_operator_range,236539,3698986261,18781,18781,0,7,0,19954,120237,copy|elementwise_binary|elementwise_unary|reduce,"void at::native::unrolled_elementwise_kernel<at::native::direct_copy_kernel_cuda|void at::native::vectorized_elementwise_kernel<(int)4, void at::native::<unnamed|void at::native::reduce_kernel<(int)512, (int)1, at::native::ReduceOp<float, at:|void at::native::vectorized_elementwise_kernel<(int)4, at::native::CUDAFunctorOn|void at::native::vectorized_elementwise_kernel<(int)4, at::native::rsqrt_kernel_|void at::native::elementwise_kernel<(int)128, (int)2, void at::native::gpu_kerne|void at::native::vectorized_elementwise_kernel<(int)8, at::native::float16_copy_"
react_moa_mcts,warmup,3,moa-map0,10,LinearOp,me,nvtx_operator_range,121859,3699231726,20157,20157,0,1,0,10321,20157,gemm,ampere_fp16_s1688gemm_fp16_128x64_sliced1x2_ldg8_f2f_nn
react_moa_mcts,warmup,3,moa-map0,11,LinearOp,me,nvtx_operator_range,98074,3699360661,20189,20189,0,1,0,8358,20189,gemm,ampere_fp16_s1688gemm_fp16_128x64_sliced1x2_ldg8_f2f_nn
react_moa_mcts,warmup,3,moa-map0,12,LinearOp,me,nvtx_operator_range,92631,3699465905,19997,19997,0,1,0,8530,19997,gemm,ampere_fp16_s1688gemm_fp16_128x64_sliced1x2_ldg8_f2f_nn
react_moa_mcts,warmup,3,moa-map0,13,ViewOp,de,nvtx_operator_range,67888,3699567190,0,0,0,0,0,,,,
react_moa_mcts,warmup,3,moa-map0,14,TransposeOp,de,nvtx_operator_range,116090,3699640936,12254,12254,0,1,0,10472,12254,copy,"void at::native::elementwise_kernel<(int)128, (int)4, void at::native::gpu_kerne"
react_moa_mcts,warmup,3,moa-map1,6,RMSNormOp,ve,nvtx_operator_range,250460,3713740785,19421,19421,0,7,0,8869,128843,copy|elementwise_binary|elementwise_unary|reduce,"void at::native::unrolled_elementwise_kernel<at::native::direct_copy_kernel_cuda|void at::native::vectorized_elementwise_kernel<(int)4, void at::native::<unnamed|void at::native::reduce_kernel<(int)512, (int)1, at::native::ReduceOp<float, at:|void at::native::vectorized_elementwise_kernel<(int)4, at::native::CUDAFunctorOn|void at::native::vectorized_elementwise_kernel<(int)4, at::native::rsqrt_kernel_|void at::native::elementwise_kernel<(int)128, (int)2, void at::native::gpu_kerne|void at::native::vectorized_elementwise_kernel<(int)8, at::native::float16_copy_"
react_moa_mcts,warmup,3,moa-map1,7,AddOp,ve,nvtx_operator_range,112373,3714000715,2048,2048,0,1,0,9293,2048,elementwise_binary,"void at::native::vectorized_elementwise_kernel<(int)8, at::native::CUDAFunctorOn"
react_moa_mcts,warmup,3,moa-map1,8,RMSNormOp,ve,nvtx_operator_range,219723,3714120522,19198,19198,0,7,0,9203,117421,copy|elementwise_binary|elementwise_unary|reduce,"void at::native::unrolled_elementwise_kernel<at::native::direct_copy_kernel_cuda|void at::native::vectorized_elementwise_kernel<(int)4, void at::native::<unnamed|void at::native::reduce_kernel<(int)512, (int)1, at::native::ReduceOp<float, at:|void at::native::vectorized_elementwise_kernel<(int)4, at::native::CUDAFunctorOn|void at::native::vectorized_elementwise_kernel<(int)4, at::native::rsqrt_kernel_|void at::native::elementwise_kernel<(int)128, (int)2, void at::native::gpu_kerne|void at::native::vectorized_elementwise_kernel<(int)8, at::native::float16_copy_"
react_moa_mcts,warmup,3,moa-map1,10,LinearOp,me,nvtx_operator_range,119611,3714347693,20061,20061,0,1,0,10170,20061,gemm,ampere_fp16_s1688gemm_fp16_128x64_sliced1x2_ldg8_f2f_nn
react_moa_mcts,warmup,3,moa-map1,11,LinearOp,me,nvtx_operator_range,107527,3714474511,20285,20285,0,1,0,17585,20285,gemm,ampere_fp16_s1688gemm_fp16_128x64_sliced1x2_ldg8_f2f_nn
react_moa_mcts,warmup,3,moa-map1,12,LinearOp,me,nvtx_operator_range,95903,3714589156,19996,19996,0,1,0,8504,19996,gemm,ampere_fp16_s1688gemm_fp16_128x64_sliced1x2_ldg8_f2f_nn
react_moa_mcts,warmup,3,moa-map1,13,ViewOp,de,nvtx_operator_range,68071,3714694053,0,0,0,0,0,,,,
react_moa_mcts,warmup,3,moa-map1,14,TransposeOp,de,nvtx_operator_range,117057,3714768302,12254,12254,0,1,0,10830,12254,copy,"void at::native::elementwise_kernel<(int)128, (int)4, void at::native::gpu_kerne"
react_moa_mcts,warmup,3,moa-map2,6,RMSNormOp,ve,nvtx_operator_range,267782,3728975522,19101,19101,0,7,0,9382,132938,copy|elementwise_binary|elementwise_unary|reduce,"void at::native::unrolled_elementwise_kernel<at::native::direct_copy_kernel_cuda|void at::native::vectorized_elementwise_kernel<(int)4, void at::native::<unnamed|void at::native::reduce_kernel<(int)512, (int)1, at::native::ReduceOp<float, at:|void at::native::vectorized_elementwise_kernel<(int)4, at::native::CUDAFunctorOn|void at::native::vectorized_elementwise_kernel<(int)4, at::native::rsqrt_kernel_|void at::native::elementwise_kernel<(int)128, (int)2, void at::native::gpu_kerne|void at::native::vectorized_elementwise_kernel<(int)8, at::native::float16_copy_"
react_moa_mcts,warmup,3,moa-map2,7,AddOp,ve,nvtx_operator_range,100108,3729253585,2112,2112,0,1,0,8546,2112,elementwise_binary,"void at::native::vectorized_elementwise_kernel<(int)8, at::native::CUDAFunctorOn"
react_moa_mcts,warmup,3,moa-map2,8,RMSNormOp,ve,nvtx_operator_range,218598,3729360530,19103,19103,0,7,0,9307,115342,copy|elementwise_binary|elementwise_unary|reduce,"void at::native::unrolled_elementwise_kernel<at::native::direct_copy_kernel_cuda|void at::native::vectorized_elementwise_kernel<(int)4, void at::native::<unnamed|void at::native::reduce_kernel<(int)512, (int)1, at::native::ReduceOp<float, at:|void at::native::vectorized_elementwise_kernel<(int)4, at::native::CUDAFunctorOn|void at::native::vectorized_elementwise_kernel<(int)4, at::native::rsqrt_kernel_|void at::native::elementwise_kernel<(int)128, (int)2, void at::native::gpu_kerne|void at::native::vectorized_elementwise_kernel<(int)8, at::native::float16_copy_"
react_moa_mcts,warmup,3,moa-map2,10,LinearOp,me,nvtx_operator_range,126044,3729586784,20061,20061,0,1,0,11041,20061,gemm,ampere_fp16_s1688gemm_fp16_128x64_sliced1x2_ldg8_f2f_nn
react_moa_mcts,warmup,3,moa-map2,11,LinearOp,me,nvtx_operator_range,97708,3729719714,20092,20092,0,1,0,8671,20092,gemm,ampere_fp16_s1688gemm_fp16_128x64_sliced1x2_ldg8_f2f_nn
react_moa_mcts,warmup,3,moa-map2,12,LinearOp,me,nvtx_operator_range,93674,3729824504,20093,20093,0,1,0,8500,20093,gemm,ampere_fp16_s1688gemm_fp16_128x64_sliced1x2_ldg8_f2f_nn
react_moa_mcts,warmup,3,moa-map2,13,ViewOp,de,nvtx_operator_range,68267,3729926034,0,0,0,0,0,,,,
react_moa_mcts,warmup,3,moa-map2,14,TransposeOp,de,nvtx_operator_range,134767,3729999880,12254,12254,0,1,0,11342,12254,copy,"void at::native::elementwise_kernel<(int)128, (int)4, void at::native::gpu_kerne"
react_moa_mcts,warmup,3,mcts-root,6,RMSNormOp,ve,nvtx_operator_range,267644,3744268070,19358,19358,0,7,0,9550,133675,copy|elementwise_binary|elementwise_unary|reduce,"void at::native::unrolled_elementwise_kernel<at::native::direct_copy_kernel_cuda|void at::native::vectorized_elementwise_kernel<(int)4, void at::native::<unnamed|void at::native::reduce_kernel<(int)512, (int)1, at::native::ReduceOp<float, at:|void at::native::vectorized_elementwise_kernel<(int)4, at::native::CUDAFunctorOn|void at::native::vectorized_elementwise_kernel<(int)4, at::native::rsqrt_kernel_|void at::native::elementwise_kernel<(int)128, (int)2, void at::native::gpu_kerne|void at::native::vectorized_elementwise_kernel<(int)8, at::native::float16_copy_"
react_moa_mcts,warmup,3,mcts-root,7,AddOp,ve,nvtx_operator_range,101185,3744545875,2079,2079,0,1,0,8730,2079,elementwise_binary,"void at::native::vectorized_elementwise_kernel<(int)8, at::native::CUDAFunctorOn"
react_moa_mcts,warmup,3,mcts-root,8,RMSNormOp,ve,nvtx_operator_range,218881,3744653938,18974,18974,0,7,0,8756,117389,copy|elementwise_binary|elementwise_unary|reduce,"void at::native::unrolled_elementwise_kernel<at::native::direct_copy_kernel_cuda|void at::native::vectorized_elementwise_kernel<(int)4, void at::native::<unnamed|void at::native::reduce_kernel<(int)512, (int)1, at::native::ReduceOp<float, at:|void at::native::vectorized_elementwise_kernel<(int)4, at::native::CUDAFunctorOn|void at::native::vectorized_elementwise_kernel<(int)4, at::native::rsqrt_kernel_|void at::native::elementwise_kernel<(int)128, (int)2, void at::native::gpu_kerne|void at::native::vectorized_elementwise_kernel<(int)8, at::native::float16_copy_"
react_moa_mcts,warmup,3,mcts-root,10,LinearOp,me,nvtx_operator_range,125381,3744881079,20157,20157,0,1,0,10069,20157,gemm,ampere_fp16_s1688gemm_fp16_128x64_sliced1x2_ldg8_f2f_nn
react_moa_mcts,warmup,3,mcts-root,11,LinearOp,me,nvtx_operator_range,115292,3745013344,20221,20221,0,1,0,9228,20221,gemm,ampere_fp16_s1688gemm_fp16_128x64_sliced1x2_ldg8_f2f_nn
react_moa_mcts,warmup,3,mcts-root,12,LinearOp,me,nvtx_operator_range,93936,3745136001,20028,20028,0,1,0,8916,20028,gemm,ampere_fp16_s1688gemm_fp16_128x64_sliced1x2_ldg8_f2f_nn
react_moa_mcts,warmup,3,mcts-root,13,ViewOp,de,nvtx_operator_range,71423,3745239323,0,0,0,0,0,,,,
react_moa_mcts,warmup,3,mcts-root,14,TransposeOp,de,nvtx_operator_range,120618,3745317184,12766,12766,0,1,0,11209,12766,copy,"void at::native::elementwise_kernel<(int)128, (int)4, void at::native::gpu_kerne"
react_moa_mcts,warmup,3,mcts-actor0,6,RMSNormOp,ve,nvtx_operator_range,255418,3761460301,19324,19324,0,7,0,9294,130571,copy|elementwise_binary|elementwise_unary|reduce,"void at::native::unrolled_elementwise_kernel<at::native::direct_copy_kernel_cuda|void at::native::vectorized_elementwise_kernel<(int)4, void at::native::<unnamed|void at::native::reduce_kernel<(int)512, (int)1, at::native::ReduceOp<float, at:|void at::native::vectorized_elementwise_kernel<(int)4, at::native::CUDAFunctorOn|void at::native::vectorized_elementwise_kernel<(int)4, at::native::rsqrt_kernel_|void at::native::elementwise_kernel<(int)128, (int)2, void at::native::gpu_kerne|void at::native::vectorized_elementwise_kernel<(int)8, at::native::float16_copy_"
react_moa_mcts,warmup,3,mcts-actor0,7,AddOp,ve,nvtx_operator_range,98013,3761725296,1983,1983,0,1,0,8852,1983,elementwise_binary,"void at::native::vectorized_elementwise_kernel<(int)8, at::native::CUDAFunctorOn"
react_moa_mcts,warmup,3,mcts-actor0,8,RMSNormOp,ve,nvtx_operator_range,228066,3761830452,19068,19068,0,7,0,8812,115789,copy|elementwise_binary|elementwise_unary|reduce,"void at::native::unrolled_elementwise_kernel<at::native::direct_copy_kernel_cuda|void at::native::vectorized_elementwise_kernel<(int)4, void at::native::<unnamed|void at::native::reduce_kernel<(int)512, (int)1, at::native::ReduceOp<float, at:|void at::native::vectorized_elementwise_kernel<(int)4, at::native::CUDAFunctorOn|void at::native::vectorized_elementwise_kernel<(int)4, at::native::rsqrt_kernel_|void at::native::elementwise_kernel<(int)128, (int)2, void at::native::gpu_kerne|void at::native::vectorized_elementwise_kernel<(int)8, at::native::float16_copy_"
react_moa_mcts,warmup,3,mcts-actor0,10,LinearOp,me,nvtx_operator_range,127129,3762067150,19996,19996,0,1,0,11592,19996,gemm,ampere_fp16_s1688gemm_fp16_128x64_sliced1x2_ldg8_f2f_nn
react_moa_mcts,warmup,3,mcts-actor0,11,LinearOp,me,nvtx_operator_range,98220,3762201729,20221,20221,0,1,0,8828,20221,gemm,ampere_fp16_s1688gemm_fp16_128x64_sliced1x2_ldg8_f2f_nn
react_moa_mcts,warmup,3,mcts-actor0,12,LinearOp,me,nvtx_operator_range,92594,3762306802,19933,19933,0,1,0,8545,19933,gemm,ampere_fp16_s1688gemm_fp16_128x64_sliced1x2_ldg8_f2f_nn
react_moa_mcts,warmup,3,mcts-actor0,13,ViewOp,de,nvtx_operator_range,68558,3762407477,0,0,0,0,0,,,,
react_moa_mcts,warmup,3,mcts-actor0,14,TransposeOp,de,nvtx_operator_range,117218,3762482117,12254,12254,0,1,0,10475,12254,copy,"void at::native::elementwise_kernel<(int)128, (int)4, void at::native::gpu_kerne"
react_moa_mcts,warmup,3,mcts-actor1,6,RMSNormOp,ve,nvtx_operator_range,249405,3776585525,19387,19387,0,7,0,8987,127051,copy|elementwise_binary|elementwise_unary|reduce,"void at::native::unrolled_elementwise_kernel<at::native::direct_copy_kernel_cuda|void at::native::vectorized_elementwise_kernel<(int)4, void at::native::<unnamed|void at::native::reduce_kernel<(int)512, (int)1, at::native::ReduceOp<float, at:|void at::native::vectorized_elementwise_kernel<(int)4, at::native::CUDAFunctorOn|void at::native::vectorized_elementwise_kernel<(int)4, at::native::rsqrt_kernel_|void at::native::elementwise_kernel<(int)128, (int)2, void at::native::gpu_kerne|void at::native::vectorized_elementwise_kernel<(int)8, at::native::float16_copy_"
react_moa_mcts,warmup,3,mcts-actor1,7,AddOp,ve,nvtx_operator_range,99052,3776844246,2111,2111,0,1,0,8763,2111,elementwise_binary,"void at::native::vectorized_elementwise_kernel<(int)8, at::native::CUDAFunctorOn"
react_moa_mcts,warmup,3,mcts-actor1,8,RMSNormOp,ve,nvtx_operator_range,235513,3776951060,19230,19230,0,7,0,8752,131403,copy|elementwise_binary|elementwise_unary|reduce,"void at::native::unrolled_elementwise_kernel<at::native::direct_copy_kernel_cuda|void at::native::vectorized_elementwise_kernel<(int)4, void at::native::<unnamed|void at::native::reduce_kernel<(int)512, (int)1, at::native::ReduceOp<float, at:|void at::native::vectorized_elementwise_kernel<(int)4, at::native::CUDAFunctorOn|void at::native::vectorized_elementwise_kernel<(int)4, at::native::rsqrt_kernel_|void at::native::elementwise_kernel<(int)128, (int)2, void at::native::gpu_kerne|void at::native::vectorized_elementwise_kernel<(int)8, at::native::float16_copy_"
react_moa_mcts,warmup,3,mcts-actor1,10,LinearOp,me,nvtx_operator_range,121930,3777194756,20221,20221,0,1,0,9844,20221,gemm,ampere_fp16_s1688gemm_fp16_128x64_sliced1x2_ldg8_f2f_nn
react_moa_mcts,warmup,3,mcts-actor1,11,LinearOp,me,nvtx_operator_range,98693,3777324797,20220,20220,0,1,0,8519,20220,gemm,ampere_fp16_s1688gemm_fp16_128x64_sliced1x2_ldg8_f2f_nn
react_moa_mcts,warmup,3,mcts-actor1,12,LinearOp,me,nvtx_operator_range,94147,3777430347,19965,19965,0,1,0,8162,19965,gemm,ampere_fp16_s1688gemm_fp16_128x64_sliced1x2_ldg8_f2f_nn
react_moa_mcts,warmup,3,mcts-actor1,13,ViewOp,de,nvtx_operator_range,68786,3777532403,0,0,0,0,0,,,,
react_moa_mcts,warmup,3,mcts-actor1,14,TransposeOp,de,nvtx_operator_range,115702,3777607426,12222,12222,0,1,0,10151,12222,copy,"void at::native::elementwise_kernel<(int)128, (int)4, void at::native::gpu_kerne"
react_moa_mcts,warmup,3,moa-reduce,6,RMSNormOp,ve,nvtx_operator_range,254722,3791700225,19357,19357,0,7,0,8938,126667,copy|elementwise_binary|elementwise_unary|reduce,"void at::native::unrolled_elementwise_kernel<at::native::direct_copy_kernel_cuda|void at::native::vectorized_elementwise_kernel<(int)4, void at::native::<unnamed|void at::native::reduce_kernel<(int)512, (int)1, at::native::ReduceOp<float, at:|void at::native::vectorized_elementwise_kernel<(int)4, at::native::CUDAFunctorOn|void at::native::vectorized_elementwise_kernel<(int)4, at::native::rsqrt_kernel_|void at::native::elementwise_kernel<(int)128, (int)2, void at::native::gpu_kerne|void at::native::vectorized_elementwise_kernel<(int)8, at::native::float16_copy_"
react_moa_mcts,warmup,3,moa-reduce,7,AddOp,ve,nvtx_operator_range,108428,3791964105,2015,2015,0,1,0,8663,2015,elementwise_binary,"void at::native::vectorized_elementwise_kernel<(int)8, at::native::CUDAFunctorOn"
react_moa_mcts,warmup,3,moa-reduce,8,RMSNormOp,ve,nvtx_operator_range,218628,3792079636,18907,18907,0,7,0,9464,116813,copy|elementwise_binary|elementwise_unary|reduce,"void at::native::unrolled_elementwise_kernel<at::native::direct_copy_kernel_cuda|void at::native::vectorized_elementwise_kernel<(int)4, void at::native::<unnamed|void at::native::reduce_kernel<(int)512, (int)1, at::native::ReduceOp<float, at:|void at::native::vectorized_elementwise_kernel<(int)4, at::native::CUDAFunctorOn|void at::native::vectorized_elementwise_kernel<(int)4, at::native::rsqrt_kernel_|void at::native::elementwise_kernel<(int)128, (int)2, void at::native::gpu_kerne|void at::native::vectorized_elementwise_kernel<(int)8, at::native::float16_copy_"
react_moa_mcts,warmup,3,moa-reduce,10,LinearOp,me,nvtx_operator_range,121282,3792306392,20188,20188,0,1,0,10343,20188,gemm,ampere_fp16_s1688gemm_fp16_128x64_sliced1x2_ldg8_f2f_nn
react_moa_mcts,warmup,3,moa-reduce,11,LinearOp,me,nvtx_operator_range,98105,3792435329,20093,20093,0,1,0,9166,20093,gemm,ampere_fp16_s1688gemm_fp16_128x64_sliced1x2_ldg8_f2f_nn
react_moa_mcts,warmup,3,moa-reduce,12,LinearOp,me,nvtx_operator_range,93755,3792539574,20125,20125,0,1,0,8356,20125,gemm,ampere_fp16_s1688gemm_fp16_128x64_sliced1x2_ldg8_f2f_nn
react_moa_mcts,warmup,3,moa-reduce,13,ViewOp,de,nvtx_operator_range,69162,3792641471,0,0,0,0,0,,,,
react_moa_mcts,warmup,3,moa-reduce,14,TransposeOp,de,nvtx_operator_range,115064,3792717179,12414,12414,0,1,0,10255,12414,copy,"void at::native::elementwise_kernel<(int)128, (int)4, void at::native::gpu_kerne"
react_moa_mcts,warmup,3,react-answer,6,RMSNormOp,ve,nvtx_operator_range,249673,3804684960,17918,17918,0,7,0,9153,127947,copy|elementwise_binary|elementwise_unary|reduce,"void at::native::unrolled_elementwise_kernel<at::native::direct_copy_kernel_cuda|void at::native::vectorized_elementwise_kernel<(int)4, void at::native::<unnamed|void at::native::reduce_kernel<(int)512, (int)1, at::native::ReduceOp<float, at:|void at::native::vectorized_elementwise_kernel<(int)4, at::native::CUDAFunctorOn|void at::native::vectorized_elementwise_kernel<(int)4, at::native::rsqrt_kernel_|void at::native::elementwise_kernel<(int)128, (int)2, void at::native::gpu_kerne|void at::native::vectorized_elementwise_kernel<(int)8, at::native::float16_copy_"
react_moa_mcts,warmup,3,react-answer,7,AddOp,ve,nvtx_operator_range,108561,3804943848,1728,1728,0,1,0,8892,1728,elementwise_binary,"void at::native::vectorized_elementwise_kernel<(int)8, at::native::CUDAFunctorOn"
react_moa_mcts,warmup,3,react-answer,8,RMSNormOp,ve,nvtx_operator_range,221217,3805059967,17340,17340,0,7,0,9350,117741,copy|elementwise_binary|elementwise_unary|reduce,"void at::native::unrolled_elementwise_kernel<at::native::direct_copy_kernel_cuda|void at::native::vectorized_elementwise_kernel<(int)4, void at::native::<unnamed|void at::native::reduce_kernel<(int)512, (int)1, at::native::ReduceOp<float, at:|void at::native::vectorized_elementwise_kernel<(int)4, at::native::CUDAFunctorOn|void at::native::vectorized_elementwise_kernel<(int)4, at::native::rsqrt_kernel_|void at::native::elementwise_kernel<(int)128, (int)2, void at::native::gpu_kerne|void at::native::vectorized_elementwise_kernel<(int)8, at::native::float16_copy_"
react_moa_mcts,warmup,3,react-answer,10,LinearOp,me,nvtx_operator_range,127141,3805289802,14589,14589,0,1,0,10412,14589,gemm,ampere_fp16_s16816gemm_fp16_128x64_ldg8_f2f_stages_32x6_nn
react_moa_mcts,warmup,3,react-answer,11,LinearOp,me,nvtx_operator_range,97406,3805424914,14589,14589,0,1,0,8222,14589,gemm,ampere_fp16_s16816gemm_fp16_128x64_ldg8_f2f_stages_32x6_nn
react_moa_mcts,warmup,3,react-answer,12,LinearOp,me,nvtx_operator_range,92911,3805529167,14525,14525,0,1,0,8154,14525,gemm,ampere_fp16_s16816gemm_fp16_128x64_ldg8_f2f_stages_32x6_nn
react_moa_mcts,warmup,3,react-answer,13,ViewOp,de,nvtx_operator_range,68102,3805629003,0,0,0,0,0,,,,
react_moa_mcts,warmup,3,react-answer,14,TransposeOp,de,nvtx_operator_range,114249,3805703681,12126,12126,0,1,0,10338,12126,copy,"void at::native::elementwise_kernel<(int)128, (int)4, void at::native::gpu_kerne"
react_moa_mcts,warmup,3,mcts-critic,6,RMSNormOp,ve,nvtx_operator_range,245251,3819733919,19293,19293,0,7,0,8710,125963,copy|elementwise_binary|elementwise_unary|reduce,"void at::native::unrolled_elementwise_kernel<at::native::direct_copy_kernel_cuda|void at::native::vectorized_elementwise_kernel<(int)4, void at::native::<unnamed|void at::native::reduce_kernel<(int)512, (int)1, at::native::ReduceOp<float, at:|void at::native::vectorized_elementwise_kernel<(int)4, at::native::CUDAFunctorOn|void at::native::vectorized_elementwise_kernel<(int)4, at::native::rsqrt_kernel_|void at::native::elementwise_kernel<(int)128, (int)2, void at::native::gpu_kerne|void at::native::vectorized_elementwise_kernel<(int)8, at::native::float16_copy_"
react_moa_mcts,warmup,3,mcts-critic,7,AddOp,ve,nvtx_operator_range,126934,3819997199,2112,2112,0,1,0,10302,2112,elementwise_binary,"void at::native::vectorized_elementwise_kernel<(int)8, at::native::CUDAFunctorOn"
react_moa_mcts,warmup,3,mcts-critic,8,RMSNormOp,ve,nvtx_operator_range,226531,3820132037,18973,18973,0,7,0,9477,120205,copy|elementwise_binary|elementwise_unary|reduce,"void at::native::unrolled_elementwise_kernel<at::native::direct_copy_kernel_cuda|void at::native::vectorized_elementwise_kernel<(int)4, void at::native::<unnamed|void at::native::reduce_kernel<(int)512, (int)1, at::native::ReduceOp<float, at:|void at::native::vectorized_elementwise_kernel<(int)4, at::native::CUDAFunctorOn|void at::native::vectorized_elementwise_kernel<(int)4, at::native::rsqrt_kernel_|void at::native::elementwise_kernel<(int)128, (int)2, void at::native::gpu_kerne|void at::native::vectorized_elementwise_kernel<(int)8, at::native::float16_copy_"
react_moa_mcts,warmup,3,mcts-critic,10,LinearOp,me,nvtx_operator_range,119766,3820367166,20253,20253,0,1,0,9859,20253,gemm,ampere_fp16_s1688gemm_fp16_128x64_sliced1x2_ldg8_f2f_nn
react_moa_mcts,warmup,3,mcts-critic,11,LinearOp,me,nvtx_operator_range,98225,3820494188,20220,20220,0,1,0,8663,20220,gemm,ampere_fp16_s1688gemm_fp16_128x64_sliced1x2_ldg8_f2f_nn
react_moa_mcts,warmup,3,mcts-critic,12,LinearOp,me,nvtx_operator_range,92999,3820600547,19965,19965,0,1,0,8444,19965,gemm,ampere_fp16_s1688gemm_fp16_128x64_sliced1x2_ldg8_f2f_nn
react_moa_mcts,warmup,3,mcts-critic,13,ViewOp,de,nvtx_operator_range,68393,3820700626,0,0,0,0,0,,,,
react_moa_mcts,warmup,3,mcts-critic,14,TransposeOp,de,nvtx_operator_range,116577,3820775127,12254,12254,0,1,0,10304,12254,copy,"void at::native::elementwise_kernel<(int)128, (int)4, void at::native::gpu_kerne"
react_moa_mcts,warmup,4,react-plan,,call_overhead,,gap_before_operator,,,64247,4992,59255,2,1,13280,188674,elementwise_binary|memcpy|rng_init,"memcpy_Host-to-Device|void at::native::<unnamed>::distribution_elementwise_grid_stride_kernel<float, (|void at::native::vectorized_elementwise_kernel<(int)8, at::native::BUnaryFunctor"
react_moa_mcts,warmup,4,moa-map0,,call_overhead,,gap_before_operator,,,169445,7039,162406,2,2,13155,13893131,elementwise_binary|memcpy|rng_init,"memcpy_Device-to-Host|memcpy_Host-to-Device|void at::native::<unnamed>::distribution_elementwise_grid_stride_kernel<float, (|void at::native::vectorized_elementwise_kernel<(int)8, at::native::BUnaryFunctor"
react_moa_mcts,warmup,4,moa-map1,,call_overhead,,gap_before_operator,,,208670,7039,201631,2,2,12416,13885804,elementwise_binary|memcpy|rng_init,"memcpy_Device-to-Host|memcpy_Host-to-Device|void at::native::<unnamed>::distribution_elementwise_grid_stride_kernel<float, (|void at::native::vectorized_elementwise_kernel<(int)8, at::native::BUnaryFunctor"
react_moa_mcts,warmup,4,moa-map2,,call_overhead,,gap_before_operator,,,209693,7006,202687,2,2,12545,13907112,elementwise_binary|memcpy|rng_init,"memcpy_Device-to-Host|memcpy_Host-to-Device|void at::native::<unnamed>::distribution_elementwise_grid_stride_kernel<float, (|void at::native::vectorized_elementwise_kernel<(int)8, at::native::BUnaryFunctor"
react_moa_mcts,warmup,4,mcts-root,,call_overhead,,gap_before_operator,,,205567,7071,198496,2,2,11670,13919494,elementwise_binary|memcpy|rng_init,"memcpy_Device-to-Host|memcpy_Host-to-Device|void at::native::<unnamed>::distribution_elementwise_grid_stride_kernel<float, (|void at::native::vectorized_elementwise_kernel<(int)8, at::native::BUnaryFunctor"
react_moa_mcts,warmup,4,mcts-actor0,,call_overhead,,gap_before_operator,,,206078,7071,199007,2,2,11536,15887178,elementwise_binary|memcpy|rng_init,"memcpy_Device-to-Host|memcpy_Host-to-Device|void at::native::<unnamed>::distribution_elementwise_grid_stride_kernel<float, (|void at::native::vectorized_elementwise_kernel<(int)8, at::native::BUnaryFunctor"
react_moa_mcts,warmup,4,mcts-actor1,,call_overhead,,gap_before_operator,,,201536,7039,194497,2,2,11827,13909128,elementwise_binary|memcpy|rng_init,"memcpy_Device-to-Host|memcpy_Host-to-Device|void at::native::<unnamed>::distribution_elementwise_grid_stride_kernel<float, (|void at::native::vectorized_elementwise_kernel<(int)8, at::native::BUnaryFunctor"
react_moa_mcts,warmup,4,moa-reduce,,call_overhead,,gap_before_operator,,,207678,7135,200543,2,2,11611,13930533,elementwise_binary|memcpy|rng_init,"memcpy_Device-to-Host|memcpy_Host-to-Device|void at::native::<unnamed>::distribution_elementwise_grid_stride_kernel<float, (|void at::native::vectorized_elementwise_kernel<(int)8, at::native::BUnaryFunctor"
react_moa_mcts,warmup,4,react-answer,,call_overhead,,gap_before_operator,,,184802,6783,178019,2,2,11703,11803002,elementwise_binary|memcpy|rng_init,"memcpy_Device-to-Host|memcpy_Host-to-Device|void at::native::<unnamed>::distribution_elementwise_grid_stride_kernel<float, (|void at::native::vectorized_elementwise_kernel<(int)8, at::native::BUnaryFunctor"
react_moa_mcts,warmup,4,mcts-critic,,call_overhead,,gap_before_operator,,,282515,7071,275444,2,3,11842,15177180,elementwise_binary|memcpy|rng_init,"memcpy_Device-to-Host|memcpy_Host-to-Device|void at::native::<unnamed>::distribution_elementwise_grid_stride_kernel<float, (|void at::native::vectorized_elementwise_kernel<(int)8, at::native::BUnaryFunctor"
react_moa_mcts,warmup,4,react-plan,6,RMSNormOp,ve,nvtx_operator_range,268202,3831010228,15805,15805,0,7,0,9219,130251,copy|elementwise_binary|elementwise_unary|reduce,"void at::native::unrolled_elementwise_kernel<at::native::direct_copy_kernel_cuda|void at::native::vectorized_elementwise_kernel<(int)4, void at::native::<unnamed|void at::native::reduce_kernel<(int)512, (int)1, at::native::ReduceOp<float, at:|void at::native::vectorized_elementwise_kernel<(int)4, at::native::CUDAFunctorOn|void at::native::vectorized_elementwise_kernel<(int)4, at::native::rsqrt_kernel_|void at::native::elementwise_kernel<(int)128, (int)2, void at::native::gpu_kerne|void at::native::vectorized_elementwise_kernel<(int)8, at::native::float16_copy_"
react_moa_mcts,warmup,4,react-plan,7,AddOp,ve,nvtx_operator_range,98497,3831288884,1440,1440,0,1,0,8556,1440,elementwise_binary,"void at::native::vectorized_elementwise_kernel<(int)8, at::native::CUDAFunctorOn"
react_moa_mcts,warmup,4,react-plan,8,RMSNormOp,ve,nvtx_operator_range,215875,3831395046,15452,15452,0,7,0,8589,114893,copy|elementwise_binary|elementwise_unary|reduce,"void at::native::unrolled_elementwise_kernel<at::native::direct_copy_kernel_cuda|void at::native::vectorized_elementwise_kernel<(int)4, void at::native::<unnamed|void at::native::reduce_kernel<(int)512, (int)1, at::native::ReduceOp<float, at:|void at::native::vectorized_elementwise_kernel<(int)4, at::native::CUDAFunctorOn|void at::native::vectorized_elementwise_kernel<(int)4, at::native::rsqrt_kernel_|void at::native::elementwise_kernel<(int)128, (int)2, void at::native::gpu_kerne|void at::native::vectorized_elementwise_kernel<(int)8, at::native::float16_copy_"
react_moa_mcts,warmup,4,react-plan,10,LinearOp,me,nvtx_operator_range,171456,3831618951,12798,12382,416,1,1,18608,21916,gemm|memset,memset|void cutlass::Kernel2<cutlass_80_tensorop_f16_s16816gemm_relu_f16_64x64_32x6_nn_
react_moa_mcts,warmup,4,react-plan,11,LinearOp,me,nvtx_operator_range,114377,3831798590,12734,12286,448,1,1,7020,20285,gemm|memset,memset|void cutlass::Kernel2<cutlass_80_tensorop_f16_s16816gemm_relu_f16_64x64_32x6_nn_
react_moa_mcts,warmup,4,react-plan,12,LinearOp,me,nvtx_operator_range,108442,3831921058,12734,12286,448,1,1,6789,19581,gemm|memset,memset|void cutlass::Kernel2<cutlass_80_tensorop_f16_s16816gemm_relu_f16_64x64_32x6_nn_
react_moa_mcts,warmup,4,react-plan,13,ViewOp,de,nvtx_operator_range,70660,3832047484,0,0,0,0,0,,,,
react_moa_mcts,warmup,4,react-plan,14,TransposeOp,de,nvtx_operator_range,120708,3832124627,9406,9406,0,1,0,11633,9406,copy,"void at::native::elementwise_kernel<(int)128, (int)4, void at::native::gpu_kerne"
react_moa_mcts,warmup,4,moa-map0,6,RMSNormOp,ve,nvtx_operator_range,260499,3846179728,19358,19358,0,7,0,9130,129099,copy|elementwise_binary|elementwise_unary|reduce,"void at::native::unrolled_elementwise_kernel<at::native::direct_copy_kernel_cuda|void at::native::vectorized_elementwise_kernel<(int)4, void at::native::<unnamed|void at::native::reduce_kernel<(int)512, (int)1, at::native::ReduceOp<float, at:|void at::native::vectorized_elementwise_kernel<(int)4, at::native::CUDAFunctorOn|void at::native::vectorized_elementwise_kernel<(int)4, at::native::rsqrt_kernel_|void at::native::elementwise_kernel<(int)128, (int)2, void at::native::gpu_kerne|void at::native::vectorized_elementwise_kernel<(int)8, at::native::float16_copy_"
react_moa_mcts,warmup,4,moa-map0,7,AddOp,ve,nvtx_operator_range,98481,3846449506,2112,2112,0,1,0,9045,2112,elementwise_binary,"void at::native::vectorized_elementwise_kernel<(int)8, at::native::CUDAFunctorOn"
react_moa_mcts,warmup,4,moa-map0,8,RMSNormOp,ve,nvtx_operator_range,214209,3846554692,19100,19100,0,7,0,8685,114445,copy|elementwise_binary|elementwise_unary|reduce,"void at::native::unrolled_elementwise_kernel<at::native::direct_copy_kernel_cuda|void at::native::vectorized_elementwise_kernel<(int)4, void at::native::<unnamed|void at::native::reduce_kernel<(int)512, (int)1, at::native::ReduceOp<float, at:|void at::native::vectorized_elementwise_kernel<(int)4, at::native::CUDAFunctorOn|void at::native::vectorized_elementwise_kernel<(int)4, at::native::rsqrt_kernel_|void at::native::elementwise_kernel<(int)128, (int)2, void at::native::gpu_kerne|void at::native::vectorized_elementwise_kernel<(int)8, at::native::float16_copy_"
react_moa_mcts,warmup,4,moa-map0,10,LinearOp,me,nvtx_operator_range,124727,3846776612,20061,20061,0,1,0,11702,20061,gemm,ampere_fp16_s1688gemm_fp16_128x64_sliced1x2_ldg8_f2f_nn
react_moa_mcts,warmup,4,moa-map0,11,LinearOp,me,nvtx_operator_range,98314,3846909100,20060,20060,0,1,0,8479,20060,gemm,ampere_fp16_s1688gemm_fp16_128x64_sliced1x2_ldg8_f2f_nn
react_moa_mcts,warmup,4,moa-map0,12,LinearOp,me,nvtx_operator_range,107791,3847014050,20061,20061,0,1,0,8774,20061,gemm,ampere_fp16_s1688gemm_fp16_128x64_sliced1x2_ldg8_f2f_nn
react_moa_mcts,warmup,4,moa-map0,13,ViewOp,de,nvtx_operator_range,69785,3847129841,0,0,0,0,0,,,,
react_moa_mcts,warmup,4,moa-map0,14,TransposeOp,de,nvtx_operator_range,115511,3847205733,12222,12222,0,1,0,10728,12222,copy,"void at::native::elementwise_kernel<(int)128, (int)4, void at::native::gpu_kerne"
react_moa_mcts,warmup,4,moa-map1,6,RMSNormOp,ve,nvtx_operator_range,248515,3861276147,19293,19293,0,7,0,9012,127052,copy|elementwise_binary|elementwise_unary|reduce,"void at::native::unrolled_elementwise_kernel<at::native::direct_copy_kernel_cuda|void at::native::vectorized_elementwise_kernel<(int)4, void at::native::<unnamed|void at::native::reduce_kernel<(int)512, (int)1, at::native::ReduceOp<float, at:|void at::native::vectorized_elementwise_kernel<(int)4, at::native::CUDAFunctorOn|void at::native::vectorized_elementwise_kernel<(int)4, at::native::rsqrt_kernel_|void at::native::elementwise_kernel<(int)128, (int)2, void at::native::gpu_kerne|void at::native::vectorized_elementwise_kernel<(int)8, at::native::float16_copy_"
react_moa_mcts,warmup,4,moa-map1,7,AddOp,ve,nvtx_operator_range,95741,3861534345,2111,2111,0,1,0,8862,2111,elementwise_binary,"void at::native::vectorized_elementwise_kernel<(int)8, at::native::CUDAFunctorOn"
react_moa_mcts,warmup,4,moa-map1,8,RMSNormOp,ve,nvtx_operator_range,213600,3861637208,18975,18975,0,7,0,8921,114350,copy|elementwise_binary|elementwise_unary|reduce,"void at::native::unrolled_elementwise_kernel<at::native::direct_copy_kernel_cuda|void at::native::vectorized_elementwise_kernel<(int)4, void at::native::<unnamed|void at::native::reduce_kernel<(int)512, (int)1, at::native::ReduceOp<float, at:|void at::native::vectorized_elementwise_kernel<(int)4, at::native::CUDAFunctorOn|void at::native::vectorized_elementwise_kernel<(int)4, at::native::rsqrt_kernel_|void at::native::elementwise_kernel<(int)128, (int)2, void at::native::gpu_kerne|void at::native::vectorized_elementwise_kernel<(int)8, at::native::float16_copy_"
react_moa_mcts,warmup,4,moa-map1,10,LinearOp,me,nvtx_operator_range,119344,3861858253,20157,20157,0,1,0,10678,20157,gemm,ampere_fp16_s1688gemm_fp16_128x64_sliced1x2_ldg8_f2f_nn
react_moa_mcts,warmup,4,moa-map1,11,LinearOp,me,nvtx_operator_range,687805,3861984303,20252,20252,0,1,0,553961,20252,gemm,ampere_fp16_s1688gemm_fp16_128x64_sliced1x2_ldg8_f2f_nn
react_moa_mcts,warmup,4,moa-map1,12,LinearOp,me,nvtx_operator_range,123681,3862682619,20317,20317,0,1,0,12883,20317,gemm,ampere_fp16_s1688gemm_fp16_128x64_sliced1x2_ldg8_f2f_nn
react_moa_mcts,warmup,4,moa-map1,13,ViewOp,de,nvtx_operator_range,70961,3862814031,0,0,0,0,0,,,,
react_moa_mcts,warmup,4,moa-map1,14,TransposeOp,de,nvtx_operator_range,122589,3862891969,12478,12478,0,1,0,11363,12478,copy,"void at::native::elementwise_kernel<(int)128, (int)4, void at::native::gpu_kerne"
react_moa_mcts,warmup,4,moa-map2,6,RMSNormOp,ve,nvtx_operator_range,260596,3876970445,19292,19292,0,7,0,18013,127692,copy|elementwise_binary|elementwise_unary|reduce,"void at::native::unrolled_elementwise_kernel<at::native::direct_copy_kernel_cuda|void at::native::vectorized_elementwise_kernel<(int)4, void at::native::<unnamed|void at::native::reduce_kernel<(int)512, (int)1, at::native::ReduceOp<float, at:|void at::native::vectorized_elementwise_kernel<(int)4, at::native::CUDAFunctorOn|void at::native::vectorized_elementwise_kernel<(int)4, at::native::rsqrt_kernel_|void at::native::elementwise_kernel<(int)128, (int)2, void at::native::gpu_kerne|void at::native::vectorized_elementwise_kernel<(int)8, at::native::float16_copy_"
react_moa_mcts,warmup,4,moa-map2,7,AddOp,ve,nvtx_operator_range,98443,3877240676,2047,2047,0,1,0,8507,2047,elementwise_binary,"void at::native::vectorized_elementwise_kernel<(int)8, at::native::CUDAFunctorOn"
react_moa_mcts,warmup,4,moa-map2,8,RMSNormOp,ve,nvtx_operator_range,216422,3877345935,19230,19230,0,7,0,9025,114382,copy|elementwise_binary|elementwise_unary|reduce,"void at::native::unrolled_elementwise_kernel<at::native::direct_copy_kernel_cuda|void at::native::vectorized_elementwise_kernel<(int)4, void at::native::<unnamed|void at::native::reduce_kernel<(int)512, (int)1, at::native::ReduceOp<float, at:|void at::native::vectorized_elementwise_kernel<(int)4, at::native::CUDAFunctorOn|void at::native::vectorized_elementwise_kernel<(int)4, at::native::rsqrt_kernel_|void at::native::elementwise_kernel<(int)128, (int)2, void at::native::gpu_kerne|void at::native::vectorized_elementwise_kernel<(int)8, at::native::float16_copy_"
react_moa_mcts,warmup,4,moa-map2,10,LinearOp,me,nvtx_operator_range,117928,3877570293,20061,20061,0,1,0,10015,20061,gemm,ampere_fp16_s1688gemm_fp16_128x64_sliced1x2_ldg8_f2f_nn
react_moa_mcts,warmup,4,moa-map2,11,LinearOp,me,nvtx_operator_range,107087,3877694716,20028,20028,0,1,0,17356,20028,gemm,ampere_fp16_s1688gemm_fp16_128x64_sliced1x2_ldg8_f2f_nn
react_moa_mcts,warmup,4,moa-map2,12,LinearOp,me,nvtx_operator_range,93980,3877808614,19965,19965,0,1,0,8399,19965,gemm,ampere_fp16_s1688gemm_fp16_128x64_sliced1x2_ldg8_f2f_nn
react_moa_mcts,warmup,4,moa-map2,13,ViewOp,de,nvtx_operator_range,68547,3877910896,0,0,0,0,0,,,,
react_moa_mcts,warmup,4,moa-map2,14,TransposeOp,de,nvtx_operator_range,130727,3877985331,12382,12382,0,1,0,11105,12382,copy,"void at::native::elementwise_kernel<(int)128, (int)4, void at::native::gpu_kerne"
react_moa_mcts,warmup,4,mcts-root,6,RMSNormOp,ve,nvtx_operator_range,252110,3892082969,19390,19390,0,7,0,8882,125004,copy|elementwise_binary|elementwise_unary|reduce,"void at::native::unrolled_elementwise_kernel<at::native::direct_copy_kernel_cuda|void at::native::vectorized_elementwise_kernel<(int)4, void at::native::<unnamed|void at::native::reduce_kernel<(int)512, (int)1, at::native::ReduceOp<float, at:|void at::native::vectorized_elementwise_kernel<(int)4, at::native::CUDAFunctorOn|void at::native::vectorized_elementwise_kernel<(int)4, at::native::rsqrt_kernel_|void at::native::elementwise_kernel<(int)128, (int)2, void at::native::gpu_kerne|void at::native::vectorized_elementwise_kernel<(int)8, at::native::float16_copy_"
react_moa_mcts,warmup,4,mcts-root,7,AddOp,ve,nvtx_operator_range,97135,3892343877,2112,2112,0,1,0,8219,2112,elementwise_binary,"void at::native::vectorized_elementwise_kernel<(int)8, at::native::CUDAFunctorOn"
react_moa_mcts,warmup,4,mcts-root,8,RMSNormOp,ve,nvtx_operator_range,214096,3892448001,19324,19324,0,7,0,8711,113518,copy|elementwise_binary|elementwise_unary|reduce,"void at::native::unrolled_elementwise_kernel<at::native::direct_copy_kernel_cuda|void at::native::vectorized_elementwise_kernel<(int)4, void at::native::<unnamed|void at::native::reduce_kernel<(int)512, (int)1, at::native::ReduceOp<float, at:|void at::native::vectorized_elementwise_kernel<(int)4, at::native::CUDAFunctorOn|void at::native::vectorized_elementwise_kernel<(int)4, at::native::rsqrt_kernel_|void at::native::elementwise_kernel<(int)128, (int)2, void at::native::gpu_kerne|void at::native::vectorized_elementwise_kernel<(int)8, at::native::float16_copy_"
react_moa_mcts,warmup,4,mcts-root,10,LinearOp,me,nvtx_operator_range,117600,3892669902,20189,20189,0,1,0,9786,20189,gemm,ampere_fp16_s1688gemm_fp16_128x64_sliced1x2_ldg8_f2f_nn
react_moa_mcts,warmup,4,mcts-root,11,LinearOp,me,nvtx_operator_range,96084,3892794431,20156,20156,0,1,0,8281,20156,gemm,ampere_fp16_s1688gemm_fp16_128x64_sliced1x2_ldg8_f2f_nn
react_moa_mcts,warmup,4,mcts-root,12,LinearOp,me,nvtx_operator_range,93436,3892897237,19996,19996,0,1,0,8382,19996,gemm,ampere_fp16_s1688gemm_fp16_128x64_sliced1x2_ldg8_f2f_nn
react_moa_mcts,warmup,4,mcts-root,13,ViewOp,de,nvtx_operator_range,80746,3892998144,0,0,0,0,0,,,,
react_moa_mcts,warmup,4,mcts-root,14,TransposeOp,de,nvtx_operator_range,117045,3893085448,12766,12766,0,1,0,11108,12766,copy,"void at::native::elementwise_kernel<(int)128, (int)4, void at::native::gpu_kerne"
react_moa_mcts,warmup,4,mcts-actor0,6,RMSNormOp,ve,nvtx_operator_range,246004,3909122860,19359,19359,0,7,0,9100,123788,copy|elementwise_binary|elementwise_unary|reduce,"void at::native::unrolled_elementwise_kernel<at::native::direct_copy_kernel_cuda|void at::native::vectorized_elementwise_kernel<(int)4, void at::native::<unnamed|void at::native::reduce_kernel<(int)512, (int)1, at::native::ReduceOp<float, at:|void at::native::vectorized_elementwise_kernel<(int)4, at::native::CUDAFunctorOn|void at::native::vectorized_elementwise_kernel<(int)4, at::native::rsqrt_kernel_|void at::native::elementwise_kernel<(int)128, (int)2, void at::native::gpu_kerne|void at::native::vectorized_elementwise_kernel<(int)8, at::native::float16_copy_"
react_moa_mcts,warmup,4,mcts-actor0,7,AddOp,ve,nvtx_operator_range,96725,3909378142,2048,2048,0,1,0,8835,2048,elementwise_binary,"void at::native::vectorized_elementwise_kernel<(int)8, at::native::CUDAFunctorOn"
react_moa_mcts,warmup,4,mcts-actor0,8,RMSNormOp,ve,nvtx_operator_range,212566,3909482216,19102,19102,0,7,0,8535,113198,copy|elementwise_binary|elementwise_unary|reduce,"void at::native::unrolled_elementwise_kernel<at::native::direct_copy_kernel_cuda|void at::native::vectorized_elementwise_kernel<(int)4, void at::native::<unnamed|void at::native::reduce_kernel<(int)512, (int)1, at::native::ReduceOp<float, at:|void at::native::vectorized_elementwise_kernel<(int)4, at::native::CUDAFunctorOn|void at::native::vectorized_elementwise_kernel<(int)4, at::native::rsqrt_kernel_|void at::native::elementwise_kernel<(int)128, (int)2, void at::native::gpu_kerne|void at::native::vectorized_elementwise_kernel<(int)8, at::native::float16_copy_"
react_moa_mcts,warmup,4,mcts-actor0,10,LinearOp,me,nvtx_operator_range,117264,3909702275,20093,20093,0,1,0,9868,20093,gemm,ampere_fp16_s1688gemm_fp16_128x64_sliced1x2_ldg8_f2f_nn
react_moa_mcts,warmup,4,mcts-actor0,11,LinearOp,me,nvtx_operator_range,95993,3909827406,20253,20253,0,1,0,8267,20253,gemm,ampere_fp16_s1688gemm_fp16_128x64_sliced1x2_ldg8_f2f_nn
react_moa_mcts,warmup,4,mcts-actor0,12,LinearOp,me,nvtx_operator_range,92645,3909929529,19997,19997,0,1,0,8258,19997,gemm,ampere_fp16_s1688gemm_fp16_128x64_sliced1x2_ldg8_f2f_nn
react_moa_mcts,warmup,4,mcts-actor0,13,ViewOp,de,nvtx_operator_range,81841,3910029518,0,0,0,0,0,,,,
react_moa_mcts,warmup,4,mcts-actor0,14,TransposeOp,de,nvtx_operator_range,116535,3910117490,12223,12223,0,1,0,10989,12223,copy,"void at::native::elementwise_kernel<(int)128, (int)4, void at::native::gpu_kerne"
react_moa_mcts,warmup,4,mcts-actor1,6,RMSNormOp,ve,nvtx_operator_range,245528,3924176618,19420,19420,0,7,0,8508,123244,copy|elementwise_binary|elementwise_unary|reduce,"void at::native::unrolled_elementwise_kernel<at::native::direct_copy_kernel_cuda|void at::native::vectorized_elementwise_kernel<(int)4, void at::native::<unnamed|void at::native::reduce_kernel<(int)512, (int)1, at::native::ReduceOp<float, at:|void at::native::vectorized_elementwise_kernel<(int)4, at::native::CUDAFunctorOn|void at::native::vectorized_elementwise_kernel<(int)4, at::native::rsqrt_kernel_|void at::native::elementwise_kernel<(int)128, (int)2, void at::native::gpu_kerne|void at::native::vectorized_elementwise_kernel<(int)8, at::native::float16_copy_"
react_moa_mcts,warmup,4,mcts-actor1,7,AddOp,ve,nvtx_operator_range,98136,3924431324,1984,1984,0,1,0,8693,1984,elementwise_binary,"void at::native::vectorized_elementwise_kernel<(int)8, at::native::CUDAFunctorOn"
react_moa_mcts,warmup,4,mcts-actor1,8,RMSNormOp,ve,nvtx_operator_range,215454,3924536794,19259,19259,0,7,0,8870,115373,copy|elementwise_binary|elementwise_unary|reduce,"void at::native::unrolled_elementwise_kernel<at::native::direct_copy_kernel_cuda|void at::native::vectorized_elementwise_kernel<(int)4, void at::native::<unnamed|void at::native::reduce_kernel<(int)512, (int)1, at::native::ReduceOp<float, at:|void at::native::vectorized_elementwise_kernel<(int)4, at::native::CUDAFunctorOn|void at::native::vectorized_elementwise_kernel<(int)4, at::native::rsqrt_kernel_|void at::native::elementwise_kernel<(int)128, (int)2, void at::native::gpu_kerne|void at::native::vectorized_elementwise_kernel<(int)8, at::native::float16_copy_"
react_moa_mcts,warmup,4,mcts-actor1,10,LinearOp,me,nvtx_operator_range,116880,3924760292,20189,20189,0,1,0,9541,20189,gemm,ampere_fp16_s1688gemm_fp16_128x64_sliced1x2_ldg8_f2f_nn
react_moa_mcts,warmup,4,mcts-actor1,11,LinearOp,me,nvtx_operator_range,96074,3924884228,19997,19997,0,1,0,8306,19997,gemm,ampere_fp16_s1688gemm_fp16_128x64_sliced1x2_ldg8_f2f_nn
react_moa_mcts,warmup,4,mcts-actor1,12,LinearOp,me,nvtx_operator_range,108285,3924986680,20156,20156,0,1,0,21030,20156,gemm,ampere_fp16_s1688gemm_fp16_128x64_sliced1x2_ldg8_f2f_nn
react_moa_mcts,warmup,4,mcts-actor1,13,ViewOp,de,nvtx_operator_range,68182,3925103548,0,0,0,0,0,,,,
react_moa_mcts,warmup,4,mcts-actor1,14,TransposeOp,de,nvtx_operator_range,115677,3925177503,12318,12318,0,1,0,10468,12318,copy,"void at::native::elementwise_kernel<(int)128, (int)4, void at::native::gpu_kerne"
react_moa_mcts,warmup,4,moa-reduce,6,RMSNormOp,ve,nvtx_operator_range,253898,3939268370,19327,19327,0,7,0,9577,126348,copy|elementwise_binary|elementwise_unary|reduce,"void at::native::unrolled_elementwise_kernel<at::native::direct_copy_kernel_cuda|void at::native::vectorized_elementwise_kernel<(int)4, void at::native::<unnamed|void at::native::reduce_kernel<(int)512, (int)1, at::native::ReduceOp<float, at:|void at::native::vectorized_elementwise_kernel<(int)4, at::native::CUDAFunctorOn|void at::native::vectorized_elementwise_kernel<(int)4, at::native::rsqrt_kernel_|void at::native::elementwise_kernel<(int)128, (int)2, void at::native::gpu_kerne|void at::native::vectorized_elementwise_kernel<(int)8, at::native::float16_copy_"
react_moa_mcts,warmup,4,moa-reduce,7,AddOp,ve,nvtx_operator_range,96625,3939531785,2080,2080,0,1,0,8896,2080,elementwise_binary,"void at::native::vectorized_elementwise_kernel<(int)8, at::native::CUDAFunctorOn"
react_moa_mcts,warmup,4,moa-reduce,8,RMSNormOp,ve,nvtx_operator_range,215359,3939635065,18780,18780,0,7,0,9214,115213,copy|elementwise_binary|elementwise_unary|reduce,"void at::native::unrolled_elementwise_kernel<at::native::direct_copy_kernel_cuda|void at::native::vectorized_elementwise_kernel<(int)4, void at::native::<unnamed|void at::native::reduce_kernel<(int)512, (int)1, at::native::ReduceOp<float, at:|void at::native::vectorized_elementwise_kernel<(int)4, at::native::CUDAFunctorOn|void at::native::vectorized_elementwise_kernel<(int)4, at::native::rsqrt_kernel_|void at::native::elementwise_kernel<(int)128, (int)2, void at::native::gpu_kerne|void at::native::vectorized_elementwise_kernel<(int)8, at::native::float16_copy_"
react_moa_mcts,warmup,4,moa-reduce,10,LinearOp,me,nvtx_operator_range,118358,3939858401,20188,20188,0,1,0,10720,20188,gemm,ampere_fp16_s1688gemm_fp16_128x64_sliced1x2_ldg8_f2f_nn
react_moa_mcts,warmup,4,moa-reduce,11,LinearOp,me,nvtx_operator_range,109789,3939983418,20093,20093,0,1,0,19127,20093,gemm,ampere_fp16_s1688gemm_fp16_128x64_sliced1x2_ldg8_f2f_nn
react_moa_mcts,warmup,4,moa-reduce,12,LinearOp,me,nvtx_operator_range,93955,3940100199,19965,19965,0,1,0,8430,19965,gemm,ampere_fp16_s1688gemm_fp16_128x64_sliced1x2_ldg8_f2f_nn
react_moa_mcts,warmup,4,moa-reduce,13,ViewOp,de,nvtx_operator_range,68636,3940202271,0,0,0,0,0,,,,
react_moa_mcts,warmup,4,moa-reduce,14,TransposeOp,de,nvtx_operator_range,117699,3940277088,12382,12382,0,1,0,10433,12382,copy,"void at::native::elementwise_kernel<(int)128, (int)4, void at::native::gpu_kerne"
react_moa_mcts,warmup,4,react-answer,6,RMSNormOp,ve,nvtx_operator_range,245117,3952265735,17788,17788,0,7,0,8450,125260,copy|elementwise_binary|elementwise_unary|reduce,"void at::native::unrolled_elementwise_kernel<at::native::direct_copy_kernel_cuda|void at::native::vectorized_elementwise_kernel<(int)4, void at::native::<unnamed|void at::native::reduce_kernel<(int)512, (int)1, at::native::ReduceOp<float, at:|void at::native::vectorized_elementwise_kernel<(int)4, at::native::CUDAFunctorOn|void at::native::vectorized_elementwise_kernel<(int)4, at::native::rsqrt_kernel_|void at::native::elementwise_kernel<(int)128, (int)2, void at::native::gpu_kerne|void at::native::vectorized_elementwise_kernel<(int)8, at::native::float16_copy_"
react_moa_mcts,warmup,4,react-answer,7,AddOp,ve,nvtx_operator_range,96024,3952520160,1695,1695,0,1,0,8599,1695,elementwise_binary,"void at::native::vectorized_elementwise_kernel<(int)8, at::native::CUDAFunctorOn"
react_moa_mcts,warmup,4,react-answer,8,RMSNormOp,ve,nvtx_operator_range,214022,3952623104,17534,17534,0,7,0,8457,113230,copy|elementwise_binary|elementwise_unary|reduce,"void at::native::unrolled_elementwise_kernel<at::native::direct_copy_kernel_cuda|void at::native::vectorized_elementwise_kernel<(int)4, void at::native::<unnamed|void at::native::reduce_kernel<(int)512, (int)1, at::native::ReduceOp<float, at:|void at::native::vectorized_elementwise_kernel<(int)4, at::native::CUDAFunctorOn|void at::native::vectorized_elementwise_kernel<(int)4, at::native::rsqrt_kernel_|void at::native::elementwise_kernel<(int)128, (int)2, void at::native::gpu_kerne|void at::native::vectorized_elementwise_kernel<(int)8, at::native::float16_copy_"
react_moa_mcts,warmup,4,react-answer,10,LinearOp,me,nvtx_operator_range,121382,3952845618,14589,14589,0,1,0,10899,14589,gemm,ampere_fp16_s16816gemm_fp16_128x64_ldg8_f2f_stages_32x6_nn
react_moa_mcts,warmup,4,react-answer,11,LinearOp,me,nvtx_operator_range,106966,3952974360,14589,14589,0,1,0,8089,14589,gemm,ampere_fp16_s16816gemm_fp16_128x64_ldg8_f2f_stages_32x6_nn
react_moa_mcts,warmup,4,react-answer,12,LinearOp,me,nvtx_operator_range,96336,3953088117,14557,14557,0,1,0,8547,14557,gemm,ampere_fp16_s16816gemm_fp16_128x64_ldg8_f2f_stages_32x6_nn
react_moa_mcts,warmup,4,react-answer,13,ViewOp,de,nvtx_operator_range,68077,3953190836,0,0,0,0,0,,,,
react_moa_mcts,warmup,4,react-answer,14,TransposeOp,de,nvtx_operator_range,113595,3953264699,12030,12030,0,1,0,9954,12030,copy,"void at::native::elementwise_kernel<(int)128, (int)4, void at::native::gpu_kerne"
react_moa_mcts,warmup,4,mcts-critic,6,RMSNormOp,ve,nvtx_operator_range,247808,3967339073,19130,19130,0,7,0,8537,128299,copy|elementwise_binary|elementwise_unary|reduce,"void at::native::unrolled_elementwise_kernel<at::native::direct_copy_kernel_cuda|void at::native::vectorized_elementwise_kernel<(int)4, void at::native::<unnamed|void at::native::reduce_kernel<(int)512, (int)1, at::native::ReduceOp<float, at:|void at::native::vectorized_elementwise_kernel<(int)4, at::native::CUDAFunctorOn|void at::native::vectorized_elementwise_kernel<(int)4, at::native::rsqrt_kernel_|void at::native::elementwise_kernel<(int)128, (int)2, void at::native::gpu_kerne|void at::native::vectorized_elementwise_kernel<(int)8, at::native::float16_copy_"
react_moa_mcts,warmup,4,mcts-critic,7,AddOp,ve,nvtx_operator_range,96597,3967595809,2048,2048,0,1,0,8956,2048,elementwise_binary,"void at::native::vectorized_elementwise_kernel<(int)8, at::native::CUDAFunctorOn"
react_moa_mcts,warmup,4,mcts-critic,8,RMSNormOp,ve,nvtx_operator_range,212615,3967699312,19038,19038,0,7,0,8486,113390,copy|elementwise_binary|elementwise_unary|reduce,"void at::native::unrolled_elementwise_kernel<at::native::direct_copy_kernel_cuda|void at::native::vectorized_elementwise_kernel<(int)4, void at::native::<unnamed|void at::native::reduce_kernel<(int)512, (int)1, at::native::ReduceOp<float, at:|void at::native::vectorized_elementwise_kernel<(int)4, at::native::CUDAFunctorOn|void at::native::vectorized_elementwise_kernel<(int)4, at::native::rsqrt_kernel_|void at::native::elementwise_kernel<(int)128, (int)2, void at::native::gpu_kerne|void at::native::vectorized_elementwise_kernel<(int)8, at::native::float16_copy_"
react_moa_mcts,warmup,4,mcts-critic,10,LinearOp,me,nvtx_operator_range,131102,3967919355,20189,20189,0,1,0,9686,20189,gemm,ampere_fp16_s1688gemm_fp16_128x64_sliced1x2_ldg8_f2f_nn
react_moa_mcts,warmup,4,mcts-critic,11,LinearOp,me,nvtx_operator_range,101112,3968058000,20189,20189,0,1,0,8703,20189,gemm,ampere_fp16_s1688gemm_fp16_128x64_sliced1x2_ldg8_f2f_nn
react_moa_mcts,warmup,4,mcts-critic,12,LinearOp,me,nvtx_operator_range,92731,3968166839,19869,19869,0,1,0,8184,19869,gemm,ampere_fp16_s1688gemm_fp16_128x64_sliced1x2_ldg8_f2f_nn
react_moa_mcts,warmup,4,mcts-critic,13,ViewOp,de,nvtx_operator_range,67316,3968268165,0,0,0,0,0,,,,
react_moa_mcts,warmup,4,mcts-critic,14,TransposeOp,de,nvtx_operator_range,116306,3968341413,12542,12542,0,1,0,10023,12542,copy,"void at::native::elementwise_kernel<(int)128, (int)4, void at::native::gpu_kerne"
