lineage,workload,process,iteration,call_id,op_index,host_ns,median_ns,threshold_ns,excess_ns,classification,cuda_api_top,gpu_work_ns
base,react_tool,dag_schedule_gap,0,,,1196906,61983.0,218338,1134923,warm_or_first_iteration,cudaEventRecord,0
base,react_tool,dag_schedule_gap,1,,,1194524,61983.0,218338,1132541,sporadic,cudaEventRecord,0
base,react_tool,dag_schedule_gap,2,,,1203266,61983.0,218338,1141283,sporadic,cudaEventRecord,0
base,react_tool,dag_schedule_gap,3,,,1244536,61983.0,218338,1182553,sporadic,cudaEventRecord,0
base,react_tool,dag_schedule_gap,4,,,1229296,61983.0,218338,1167313,sporadic,cudaEventRecord,0
base,react_tool,dag_schedule_gap,5,,,1235967,61983.0,218338,1173984,sporadic,cudaEventRecord,0
base,react_tool,dag_schedule_gap,6,,,1243523,61983.0,218338,1181540,sporadic,cudaEventRecord,0
base,react_tool,dag_schedule_gap,7,,,1175197,61983.0,218338,1113214,sporadic,cudaEventRecord,0
base,react_tool,dag_schedule_gap,8,,,1182531,61983.0,218338,1120548,sporadic,cudaEventRecord,0
base,react_tool,dag_schedule_gap,9,,,1108853,61983.0,218338,1046870,sporadic,cudaEventRecord,0
base,react_tool,dag_schedule_gap,10,,,1225511,61983.0,218338,1163528,sporadic,cudaEventRecord,0
base,react_tool,dag_schedule_gap,11,,,1118949,61983.0,218338,1056966,sporadic,cudaEventRecord,0
base,react_tool,dag_schedule_gap,12,,,1122149,61983.0,218338,1060166,sporadic,cudaEventRecord,0
base,react_tool,dag_schedule_gap,13,,,1139142,61983.0,218338,1077159,sporadic,cudaEventRecord,0
base,react_tool,dag_schedule_gap,14,,,1165534,61983.0,218338,1103551,sporadic,cudaEventRecord,0
base,react_tool,dag_schedule_gap,15,,,1166182,61983.0,218338,1104199,sporadic,cudaEventRecord,0
base,react_tool,dag_schedule_gap,16,,,1213548,61983.0,218338,1151565,sporadic,cudaEventRecord,0
base,react_tool,dag_schedule_gap,17,,,1180614,61983.0,218338,1118631,sporadic,cudaEventRecord,0
base,react_tool,dag_schedule_gap,18,,,1186826,61983.0,218338,1124843,sporadic,cudaEventRecord,0
base,react_tool,dag_schedule_gap,19,,,1224975,61983.0,218338,1162992,sporadic,cudaEventRecord,0
base,react_tool,adapter_dispatch,4,answer,,1813024,1229312.5,1447580,583712,sporadic,,0
base,react_tool,host_input_generate,4,answer,,8124617,5093904.5,5348600,3030712,sporadic,cudaEventQuery,0
base,react_tool,host_input_generate,5,plan,,8194767,5093904.5,5348600,3100862,sporadic,cudaEventQuery,0
base,react_tool,host_input_generate,16,plan,,5385410,5093904.5,5348600,291506,sporadic,cudaEventQuery,0
base,react_tool,h2d_stage,4,answer,,317136,179949.0,199174,137187,sporadic,cudaMemcpyAsync,82512
base,react_tool,h2d_stage,5,plan,,218783,179949.0,199174,38834,sporadic,cudaEventSynchronize,86127
base,react_tool,h2d_stage,19,answer,,199462,179949.0,199174,19513,sporadic,cudaEventSynchronize,83600
base,react_tool,weight_init,1,answer,,172942,149558.5,170000,23384,sporadic,cudaLaunchKernel,4991
base,react_tool,weight_init,4,answer,,173973,149558.5,170000,24414,sporadic,cudaLaunchKernel,4991
base,react_tool,weight_init,17,plan,,177829,149558.5,170000,28270,sporadic,cudaLaunchKernel,4990
base,react_tool,weight_init,19,plan,,172583,149558.5,170000,23024,sporadic,cudaLaunchKernel,4991
base,react_tool,inter_operator_dispatch,0,plan,,11193,7819.0,10314,3374,warm_or_first_iteration,,0
base,react_tool,inter_operator_dispatch,0,answer,,10423,7819.0,10314,2604,warm_or_first_iteration,,0
base,react_tool,inter_operator_dispatch,1,plan,,11687,7819.0,10314,3868,sporadic,,0
base,react_tool,inter_operator_dispatch,1,answer,,11242,7819.0,10314,3423,sporadic,,0
base,react_tool,inter_operator_dispatch,1,answer,,19127,7819.0,10314,11308,sporadic,,0
base,react_tool,inter_operator_dispatch,2,plan,,11677,7819.0,10314,3858,sporadic,,0
base,react_tool,inter_operator_dispatch,2,answer,,11005,7819.0,10314,3186,sporadic,,0
base,react_tool,inter_operator_dispatch,3,answer,,20294,7819.0,10314,12475,sporadic,,0
base,react_tool,inter_operator_dispatch,4,plan,,11726,7819.0,10314,3907,sporadic,,0
base,react_tool,inter_operator_dispatch,4,answer,,11046,7819.0,10314,3227,sporadic,,0
base,react_tool,inter_operator_dispatch,4,answer,,10331,7819.0,10314,2512,sporadic,,0
base,react_tool,inter_operator_dispatch,4,answer,,17573,7819.0,10314,9754,sporadic,,0
base,react_tool,inter_operator_dispatch,5,plan,,12564,7819.0,10314,4745,sporadic,,0
base,react_tool,inter_operator_dispatch,5,answer,,10819,7819.0,10314,3000,sporadic,,0
base,react_tool,inter_operator_dispatch,6,plan,,11536,7819.0,10314,3717,sporadic,,0
base,react_tool,inter_operator_dispatch,6,answer,,10568,7819.0,10314,2749,sporadic,,0
base,react_tool,inter_operator_dispatch,8,plan,,10754,7819.0,10314,2935,sporadic,,0
base,react_tool,inter_operator_dispatch,8,answer,,10835,7819.0,10314,3016,sporadic,,0
base,react_tool,inter_operator_dispatch,9,plan,,11487,7819.0,10314,3668,sporadic,,0
base,react_tool,inter_operator_dispatch,12,answer,,10448,7819.0,10314,2629,sporadic,,0
base,react_tool,inter_operator_dispatch,13,plan,,18743,7819.0,10314,10924,sporadic,,0
base,react_tool,inter_operator_dispatch,13,answer,,26109,7819.0,10314,18290,sporadic,,0
base,react_tool,inter_operator_dispatch,13,answer,,14496,7819.0,10314,6677,sporadic,,0
base,react_tool,inter_operator_dispatch,15,plan,,10331,7819.0,10314,2512,sporadic,,0
base,react_tool,inter_operator_dispatch,15,answer,,10583,7819.0,10314,2764,sporadic,,0
base,react_tool,inter_operator_dispatch,16,plan,,10331,7819.0,10314,2512,sporadic,,0
base,react_tool,inter_operator_dispatch,16,answer,,11214,7819.0,10314,3395,sporadic,,0
base,react_tool,inter_operator_dispatch,17,plan,,11904,7819.0,10314,4085,sporadic,,0
base,react_tool,inter_operator_dispatch,19,plan,,18457,7819.0,10314,10638,sporadic,,0
base,react_tool,inter_operator_dispatch,19,answer,,10956,7819.0,10314,3137,sporadic,,0
base,react_tool,mir_operator:AddOp,4,answer,7,118093,101140.0,107356,16953,sporadic,cudaLaunchKernel,1472
base,react_tool,mir_operator:AddOp,11,answer,7,161804,101140.0,107356,60664,sporadic,cudaEventSynchronize,1471
base,react_tool,mir_operator:AddOp,12,answer,7,120695,101140.0,107356,19555,sporadic,cudaEventSynchronize,23835
base,react_tool,mir_operator:AddOp,14,answer,7,124422,101140.0,107356,23282,sporadic,cudaLaunchKernel,1439
base,react_tool,mir_operator:AddOp,18,plan,7,112812,101140.0,107356,11672,sporadic,cudaLaunchKernel,1440
base,react_tool,mir_operator:AddOp,18,answer,7,109898,101140.0,107356,8758,sporadic,cudaLaunchKernel,1439
base,react_tool,mir_operator:LinearOp,0,plan,10,169222,119817.0,153924,49405,warm_or_first_iteration,cuLaunchKernel,12893
base,react_tool,mir_operator:LinearOp,0,answer,10,174009,119817.0,153924,54192,warm_or_first_iteration,cudaEventRecord,12893
base,react_tool,mir_operator:LinearOp,1,plan,10,154861,119817.0,153924,35044,sporadic,cuLaunchKernel,12734
base,react_tool,mir_operator:LinearOp,1,answer,10,155592,119817.0,153924,35775,sporadic,cudaMemsetAsync,12797
base,react_tool,mir_operator:LinearOp,2,plan,10,157492,119817.0,153924,37675,sporadic,cudaMemsetAsync,12958
base,react_tool,mir_operator:LinearOp,2,answer,10,155513,119817.0,153924,35696,sporadic,cudaMemsetAsync,12733
base,react_tool,mir_operator:LinearOp,3,plan,10,178098,119817.0,153924,58281,sporadic,cuLaunchKernel,12766
base,react_tool,mir_operator:LinearOp,3,answer,10,157591,119817.0,153924,37774,sporadic,cuLaunchKernel,12894
base,react_tool,mir_operator:LinearOp,4,plan,10,154993,119817.0,153924,35176,sporadic,cuLaunchKernel,12797
base,react_tool,mir_operator:LinearOp,4,answer,10,156520,119817.0,153924,36703,sporadic,cuLaunchKernel,12894
base,react_tool,mir_operator:LinearOp,5,plan,10,168411,119817.0,153924,48594,sporadic,cuLaunchKernel,12829
base,react_tool,mir_operator:LinearOp,12,answer,11,853409,119817.0,153924,733592,sporadic,cuLaunchKernel,12636
base,react_tool,mir_operator:LinearOp,16,plan,10,154104,119817.0,153924,34287,sporadic,cuLaunchKernel,12925
base,react_tool,mir_operator:LinearOp,17,plan,10,163499,119817.0,153924,43682,sporadic,cuLaunchKernel,12862
base,react_tool,mir_operator:ViewOp,1,plan,13,138412,72548.5,79352,65864,sporadic,cudaEventRecord,0
base,react_tool,mir_operator:ViewOp,3,plan,13,88894,72548.5,79352,16346,sporadic,cudaEventRecord,0
base,react_tool,mir_operator:ViewOp,4,plan,13,89328,72548.5,79352,16780,sporadic,cudaEventRecord,0
base,react_tool,mir_operator:ViewOp,7,plan,13,82449,72548.5,79352,9900,sporadic,cudaEventRecord,0
base,react_tool,mir_operator:ViewOp,8,plan,13,95927,72548.5,79352,23378,sporadic,cudaEventSynchronize,0
base,react_tool,mir_operator:ViewOp,12,answer,13,87675,72548.5,79352,15126,sporadic,cudaEventRecord,0
base,react_tool,mir_operator:ViewOp,14,plan,13,79625,72548.5,79352,7076,sporadic,cudaEventRecord,0
base,react_tool,mir_operator:TransposeOp,1,plan,14,162707,127297.0,143245,35410,sporadic,cudaLaunchKernel,9406
base,react_tool,mir_operator:TransposeOp,2,plan,14,145347,127297.0,143245,18050,sporadic,cudaEventRecord,9438
base,react_tool,mir_operator:TransposeOp,2,answer,14,143947,127297.0,143245,16650,sporadic,cudaEventRecord,9438
base,react_tool,mir_operator:TransposeOp,15,plan,14,162854,127297.0,143245,35557,sporadic,cudaLaunchKernel,9406
base,react_tool,pre_d2h_alloc,10,answer,,18747,13856.0,15593,4891,sporadic,,0
base,react_tool,d2h_stage,1,plan,,241618,144755.5,153896,96862,sporadic,cudaEventSynchronize,102988
base,react_tool,d2h_stage,2,answer,,175760,144755.5,153896,31004,sporadic,cudaEventSynchronize,90414
base,react_tool,d2h_stage,4,answer,,160712,144755.5,153896,15956,sporadic,cudaEventSynchronize,90287
base,react_tool,d2h_stage,18,plan,,154615,144755.5,153896,9860,sporadic,cudaEventSynchronize,90190
base,react_tool,checksum_complete,7,plan,,82478,70027.5,77670,12450,sporadic,cudaEventDestroy,0
base,react_tool,checksum_complete,7,answer,,83890,70027.5,77670,13862,sporadic,cudaEventDestroy,0
base,react_tool,checksum_complete,16,plan,,83010,70027.5,77670,12982,sporadic,cudaEventDestroy,0
base,react_tool,iteration_tail_sync,2,,,67681,49537.5,58774,18144,sporadic,cudaDeviceSynchronize,0
base,react_tool,iteration_tail_sync,3,,,78264,49537.5,58774,28726,sporadic,cudaEventRecord,0
base,react_tool,iteration_tail_sync,5,,,67435,49537.5,58774,17898,sporadic,cudaDeviceSynchronize,0
base,react_tool,iteration_tail_sync,7,,,59082,49537.5,58774,9544,sporadic,cudaDeviceSynchronize,0
base,planner_debate,dag_schedule_gap,0,,,1145981,39229.5,81020,1106752,warm_or_first_iteration,cudaEventRecord,0
base,planner_debate,dag_schedule_gap,1,,,1185722,39229.5,81020,1146492,sporadic,cudaEventRecord,0
base,planner_debate,dag_schedule_gap,2,,,1220555,39229.5,81020,1181326,sporadic,cudaEventRecord,0
base,planner_debate,dag_schedule_gap,3,,,1232264,39229.5,81020,1193034,sporadic,cudaEventRecord,0
base,planner_debate,dag_schedule_gap,3,,,81726,39229.5,81020,42496,sporadic,,0
base,planner_debate,dag_schedule_gap,4,,,1204133,39229.5,81020,1164904,sporadic,cudaEventRecord,0
base,planner_debate,dag_schedule_gap,5,,,1211068,39229.5,81020,1171838,sporadic,cudaEventRecord,0
base,planner_debate,dag_schedule_gap,6,,,1198599,39229.5,81020,1159370,sporadic,cudaEventRecord,0
base,planner_debate,dag_schedule_gap,7,,,1275724,39229.5,81020,1236494,sporadic,cudaEventRecord,0
base,planner_debate,dag_schedule_gap,8,,,1233128,39229.5,81020,1193898,sporadic,cudaEventRecord,0
base,planner_debate,dag_schedule_gap,9,,,1359011,39229.5,81020,1319782,sporadic,cudaEventRecord,0
base,planner_debate,dag_schedule_gap,10,,,1519765,39229.5,81020,1480536,sporadic,cudaEventRecord,0
base,planner_debate,dag_schedule_gap,10,,,92178,39229.5,81020,52948,sporadic,,0
base,planner_debate,dag_schedule_gap,11,,,1288503,39229.5,81020,1249274,sporadic,cudaEventRecord,0
base,planner_debate,dag_schedule_gap,12,,,1232170,39229.5,81020,1192940,sporadic,cudaEventRecord,0
base,planner_debate,dag_schedule_gap,13,,,1204990,39229.5,81020,1165760,sporadic,cudaEventRecord,0
base,planner_debate,dag_schedule_gap,14,,,1237896,39229.5,81020,1198666,sporadic,cudaEventRecord,0
base,planner_debate,dag_schedule_gap,15,,,2196982,39229.5,81020,2157752,sporadic,cudaEventRecord,0
base,planner_debate,dag_schedule_gap,16,,,1143893,39229.5,81020,1104664,sporadic,cudaEventRecord,0
base,planner_debate,dag_schedule_gap,17,,,2250080,39229.5,81020,2210850,sporadic,cudaEventRecord,0
base,planner_debate,dag_schedule_gap,17,,,94914,39229.5,81020,55684,sporadic,,0
base,planner_debate,dag_schedule_gap,18,,,1186565,39229.5,81020,1147336,sporadic,cudaEventRecord,0
base,planner_debate,dag_schedule_gap,19,,,1214136,39229.5,81020,1174906,sporadic,cudaEventRecord,0
base,planner_debate,adapter_dispatch,0,critic-merge,,1798039,1175876.0,1240022,622163,warm_or_first_iteration,,0
base,planner_debate,adapter_dispatch,1,critic-merge,,1798658,1175876.0,1240022,622782,sporadic,,0
base,planner_debate,adapter_dispatch,2,critic-merge,,1875757,1175876.0,1240022,699881,sporadic,,0
base,planner_debate,adapter_dispatch,3,critic-merge,,1816905,1175876.0,1240022,641029,sporadic,,0
base,planner_debate,adapter_dispatch,4,critic-merge,,1805704,1175876.0,1240022,629828,sporadic,,0
base,planner_debate,adapter_dispatch,5,critic-merge,,1329893,1175876.0,1240022,154017,sporadic,,0
base,planner_debate,adapter_dispatch,6,critic-merge,,1276010,1175876.0,1240022,100134,sporadic,,0
base,planner_debate,adapter_dispatch,7,critic-merge,,1304557,1175876.0,1240022,128681,sporadic,,0
base,planner_debate,adapter_dispatch,8,critic-b,,1258448,1175876.0,1240022,82572,sporadic,,0
base,planner_debate,adapter_dispatch,8,critic-merge,,1308377,1175876.0,1240022,132501,sporadic,,0
base,planner_debate,adapter_dispatch,9,critic-merge,,1298332,1175876.0,1240022,122456,sporadic,,0
base,planner_debate,adapter_dispatch,10,critic-merge,,1317598,1175876.0,1240022,141722,sporadic,,0
base,planner_debate,adapter_dispatch,11,critic-merge,,1308596,1175876.0,1240022,132720,sporadic,,0
base,planner_debate,adapter_dispatch,12,critic-b,,1297822,1175876.0,1240022,121946,sporadic,,0
base,planner_debate,adapter_dispatch,12,critic-merge,,1298516,1175876.0,1240022,122640,sporadic,,0
base,planner_debate,adapter_dispatch,13,critic-merge,,1315857,1175876.0,1240022,139981,sporadic,,0
base,planner_debate,adapter_dispatch,14,planner-seed,,1259079,1175876.0,1240022,83203,sporadic,,0
base,planner_debate,adapter_dispatch,14,critic-merge,,1286783,1175876.0,1240022,110907,sporadic,,0
base,planner_debate,adapter_dispatch,15,critic-merge,,1334832,1175876.0,1240022,158956,sporadic,,0
base,planner_debate,adapter_dispatch,16,planner-seed,,2052719,1175876.0,1240022,876843,sporadic,,0
base,planner_debate,adapter_dispatch,16,critic-merge,,1243254,1175876.0,1240022,67378,sporadic,,0
base,planner_debate,adapter_dispatch,17,critic-merge,,2230748,1175876.0,1240022,1054872,sporadic,,0
base,planner_debate,adapter_dispatch,18,critic-merge,,1240096,1175876.0,1240022,64220,sporadic,,0
base,planner_debate,adapter_dispatch,19,critic-merge,,1351748,1175876.0,1240022,175872,sporadic,,0
base,planner_debate,adapter_dispatch,19,planner-final,,1248339,1175876.0,1240022,72463,sporadic,,0
base,planner_debate,token_preprocess_cpu,19,planner-final,,420653,331966.5,414104,88686,sporadic,,0
base,planner_debate,host_input_generate,0,critic-a,,11942872,9087162.5,11585906,2855710,warm_or_first_iteration,cudaEventQuery,0
base,planner_debate,host_input_generate,0,critic-b,,11908548,9087162.5,11585906,2821386,warm_or_first_iteration,cudaEventQuery,0
base,planner_debate,host_input_generate,0,critic-merge,,11929021,9087162.5,11585906,2841858,warm_or_first_iteration,cudaEventQuery,0
base,planner_debate,host_input_generate,1,critic-a,,11976246,9087162.5,11585906,2889084,sporadic,cudaEventQuery,0
base,planner_debate,host_input_generate,1,critic-b,,11934706,9087162.5,11585906,2847544,sporadic,cudaEventQuery,0
base,planner_debate,host_input_generate,1,critic-merge,,11966397,9087162.5,11585906,2879234,sporadic,cudaEventQuery,0
base,planner_debate,host_input_generate,2,critic-a,,12017931,9087162.5,11585906,2930768,sporadic,cudaEventQuery,0
base,planner_debate,host_input_generate,2,critic-b,,11985030,9087162.5,11585906,2897868,sporadic,cudaEventQuery,0
base,planner_debate,host_input_generate,2,critic-merge,,12030494,9087162.5,11585906,2943332,sporadic,cudaEventQuery,0
base,planner_debate,host_input_generate,3,critic-a,,12006396,9087162.5,11585906,2919234,sporadic,cudaEventQuery,0
base,planner_debate,host_input_generate,3,critic-b,,12008528,9087162.5,11585906,2921366,sporadic,cudaEventQuery,0
base,planner_debate,host_input_generate,3,critic-merge,,12011432,9087162.5,11585906,2924270,sporadic,cudaEventQuery,0
base,planner_debate,host_input_generate,4,critic-a,,12396857,9087162.5,11585906,3309694,sporadic,cudaEventQuery,0
base,planner_debate,host_input_generate,4,critic-b,,11996233,9087162.5,11585906,2909070,sporadic,cudaEventQuery,0
base,planner_debate,host_input_generate,4,critic-merge,,11970961,9087162.5,11585906,2883798,sporadic,cudaEventQuery,0
base,planner_debate,host_input_generate,16,planner-seed,,13582326,9087162.5,11585906,4495164,sporadic,cudaEventQuery,0
base,planner_debate,host_input_generate,17,critic-b,,16050981,9087162.5,11585906,6963818,sporadic,cudaEventQuery,0
base,planner_debate,host_input_generate,19,planner-final,,12535138,9087162.5,11585906,3447976,sporadic,cudaEventQuery,0
base,planner_debate,h2d_stage,5,critic-a,,331440,256654.5,329210,74786,sporadic,cudaEventSynchronize,154853
base,planner_debate,h2d_stage,7,critic-b,,332524,256654.5,329210,75870,sporadic,cudaEventSynchronize,150149
base,planner_debate,h2d_stage,10,critic-merge,,336623,256654.5,329210,79968,sporadic,cudaEventSynchronize,151173
base,planner_debate,h2d_stage,13,critic-b,,663932,256654.5,329210,407278,sporadic,cudaEventSynchronize,154501
base,planner_debate,weight_init,2,critic-merge,,226788,168676.0,200695,58112,sporadic,cudaLaunchKernel,7038
base,planner_debate,weight_init,3,critic-b,,217023,168676.0,200695,48347,sporadic,cudaLaunchKernel,7102
base,planner_debate,weight_init,5,critic-a,,245386,168676.0,200695,76710,sporadic,cudaLaunchKernel,7103
base,planner_debate,weight_init,7,critic-b,,233749,168676.0,200695,65073,sporadic,cudaLaunchKernel,7134
base,planner_debate,weight_init,8,critic-a,,235444,168676.0,200695,66768,sporadic,cudaLaunchKernel,7007
base,planner_debate,weight_init,9,critic-merge,,229744,168676.0,200695,61068,sporadic,cudaLaunchKernel,7007
base,planner_debate,weight_init,10,critic-merge,,261325,168676.0,200695,92649,sporadic,cudaLaunchKernel,7007
base,planner_debate,weight_init,12,planner-final,,210096,168676.0,200695,41420,sporadic,cudaLaunchKernel,6782
base,planner_debate,weight_init,15,planner-final,,201700,168676.0,200695,33024,sporadic,cudaLaunchKernel,6751
base,planner_debate,weight_init,17,critic-b,,293863,168676.0,200695,125187,sporadic,cudaLaunchKernel,7135
base,planner_debate,weight_init,19,planner-final,,253713,168676.0,200695,85037,sporadic,cudaLaunchKernel,6783
base,planner_debate,mir_operator:RMSNormOp,2,critic-merge,6,355556,271766.5,351031,83790,sporadic,cudaLaunchKernel,19454
base,planner_debate,mir_operator:RMSNormOp,5,critic-a,6,472062,271766.5,351031,200296,sporadic,cudaLaunchKernel,19100
base,planner_debate,mir_operator:RMSNormOp,6,planner-seed,8,443978,271766.5,351031,172212,sporadic,cudaEventRecord,17276
base,planner_debate,mir_operator:RMSNormOp,7,critic-b,6,373843,271766.5,351031,102076,sporadic,cudaLaunchKernel,19390
base,planner_debate,mir_operator:RMSNormOp,7,critic-merge,6,383583,271766.5,351031,111816,sporadic,cudaEventSynchronize,19452
base,planner_debate,mir_operator:RMSNormOp,9,planner-seed,6,363842,271766.5,351031,92076,sporadic,cudaLaunchKernel,17690
base,planner_debate,mir_operator:RMSNormOp,10,critic-merge,6,360474,271766.5,351031,88708,sporadic,cudaLaunchKernel,19452
base,planner_debate,mir_operator:RMSNormOp,12,planner-final,6,365984,271766.5,351031,94218,sporadic,cudaLaunchKernel,17724
base,planner_debate,mir_operator:RMSNormOp,15,planner-final,6,402342,271766.5,351031,130576,sporadic,cudaLaunchKernel,17950
base,planner_debate,mir_operator:RMSNormOp,15,planner-final,8,368951,271766.5,351031,97184,sporadic,cudaLaunchKernel,17181
base,planner_debate,mir_operator:RMSNormOp,16,planner-seed,6,398746,271766.5,351031,126980,sporadic,cudaLaunchKernel,17659
base,planner_debate,mir_operator:RMSNormOp,16,planner-seed,8,372635,271766.5,351031,100868,sporadic,cudaLaunchKernel,17565
base,planner_debate,mir_operator:RMSNormOp,17,critic-b,6,481426,271766.5,351031,209660,sporadic,cudaLaunchKernel,19420
base,planner_debate,mir_operator:RMSNormOp,17,critic-b,8,424758,271766.5,351031,152992,sporadic,cudaLaunchKernel,19196
base,planner_debate,mir_operator:RMSNormOp,19,planner-final,6,447571,271766.5,351031,175804,sporadic,cudaLaunchKernel,17691
base,planner_debate,mir_operator:RMSNormOp,19,planner-final,8,364520,271766.5,351031,92754,sporadic,cudaLaunchKernel,17532
base,planner_debate,inter_operator_dispatch,1,planner-seed,,11877,8219.0,11638,3658,sporadic,,0
base,planner_debate,inter_operator_dispatch,1,critic-merge,,19416,8219.0,11638,11197,sporadic,,0
base,planner_debate,inter_operator_dispatch,1,critic-merge,,12491,8219.0,11638,4272,sporadic,,0
base,planner_debate,inter_operator_dispatch,1,planner-final,,12053,8219.0,11638,3834,sporadic,,0
base,planner_debate,inter_operator_dispatch,2,planner-seed,,22425,8219.0,11638,14206,sporadic,,0
base,planner_debate,inter_operator_dispatch,2,critic-a,,18277,8219.0,11638,10058,sporadic,,0
base,planner_debate,inter_operator_dispatch,2,critic-b,,21668,8219.0,11638,13449,sporadic,,0
base,planner_debate,inter_operator_dispatch,2,critic-b,,21628,8219.0,11638,13409,sporadic,,0
base,planner_debate,inter_operator_dispatch,2,critic-merge,,14590,8219.0,11638,6371,sporadic,,0
base,planner_debate,inter_operator_dispatch,2,planner-final,,12041,8219.0,11638,3822,sporadic,,0
base,planner_debate,inter_operator_dispatch,3,planner-seed,,12290,8219.0,11638,4071,sporadic,,0
base,planner_debate,inter_operator_dispatch,3,critic-b,,13741,8219.0,11638,5522,sporadic,,0
base,planner_debate,inter_operator_dispatch,3,critic-merge,,12246,8219.0,11638,4027,sporadic,,0
base,planner_debate,inter_operator_dispatch,4,planner-seed,,12311,8219.0,11638,4092,sporadic,,0
base,planner_debate,inter_operator_dispatch,4,critic-a,,12852,8219.0,11638,4633,sporadic,,0
base,planner_debate,inter_operator_dispatch,4,critic-b,,21949,8219.0,11638,13730,sporadic,,0
base,planner_debate,inter_operator_dispatch,4,critic-merge,,12036,8219.0,11638,3817,sporadic,,0
base,planner_debate,inter_operator_dispatch,4,critic-merge,,21535,8219.0,11638,13316,sporadic,,0
base,planner_debate,inter_operator_dispatch,4,planner-final,,13058,8219.0,11638,4839,sporadic,,0
base,planner_debate,inter_operator_dispatch,5,planner-seed,,12357,8219.0,11638,4138,sporadic,,0
base,planner_debate,inter_operator_dispatch,5,planner-seed,,21835,8219.0,11638,13616,sporadic,,0
base,planner_debate,inter_operator_dispatch,5,critic-a,,17757,8219.0,11638,9538,sporadic,,0
base,planner_debate,inter_operator_dispatch,5,critic-a,,22296,8219.0,11638,14077,sporadic,,0
base,planner_debate,inter_operator_dispatch,5,critic-b,,13379,8219.0,11638,5160,sporadic,,0
base,planner_debate,inter_operator_dispatch,5,planner-final,,26431,8219.0,11638,18212,sporadic,,0
base,planner_debate,inter_operator_dispatch,6,planner-seed,,12443,8219.0,11638,4224,sporadic,,0
base,planner_debate,inter_operator_dispatch,6,planner-seed,,11978,8219.0,11638,3759,sporadic,,0
base,planner_debate,inter_operator_dispatch,6,critic-a,,12048,8219.0,11638,3829,sporadic,,0
base,planner_debate,inter_operator_dispatch,6,critic-b,,15450,8219.0,11638,7231,sporadic,,0
base,planner_debate,inter_operator_dispatch,6,critic-merge,,20845,8219.0,11638,12626,sporadic,,0
base,planner_debate,inter_operator_dispatch,6,planner-final,,24971,8219.0,11638,16752,sporadic,,0
base,planner_debate,inter_operator_dispatch,6,planner-final,,11758,8219.0,11638,3539,sporadic,,0
base,planner_debate,inter_operator_dispatch,7,planner-seed,,19154,8219.0,11638,10935,sporadic,,0
base,planner_debate,inter_operator_dispatch,7,critic-b,,29211,8219.0,11638,20992,sporadic,,0
base,planner_debate,inter_operator_dispatch,7,critic-merge,,13584,8219.0,11638,5365,sporadic,,0
base,planner_debate,inter_operator_dispatch,7,planner-final,,12095,8219.0,11638,3876,sporadic,,0
base,planner_debate,inter_operator_dispatch,8,critic-a,,12102,8219.0,11638,3883,sporadic,,0
base,planner_debate,inter_operator_dispatch,8,critic-a,,15210,8219.0,11638,6991,sporadic,,0
base,planner_debate,inter_operator_dispatch,8,critic-b,,14251,8219.0,11638,6032,sporadic,,0
base,planner_debate,inter_operator_dispatch,8,critic-merge,,11651,8219.0,11638,3432,sporadic,,0
base,planner_debate,inter_operator_dispatch,9,planner-seed,,12521,8219.0,11638,4302,sporadic,,0
base,planner_debate,inter_operator_dispatch,9,critic-a,,12166,8219.0,11638,3947,sporadic,,0
base,planner_debate,inter_operator_dispatch,9,critic-merge,,13701,8219.0,11638,5482,sporadic,,0
base,planner_debate,inter_operator_dispatch,9,planner-final,,18500,8219.0,11638,10281,sporadic,,0
base,planner_debate,inter_operator_dispatch,10,planner-seed,,12638,8219.0,11638,4419,sporadic,,0
base,planner_debate,inter_operator_dispatch,10,critic-merge,,13576,8219.0,11638,5357,sporadic,,0
base,planner_debate,inter_operator_dispatch,10,critic-merge,,19403,8219.0,11638,11184,sporadic,,0
base,planner_debate,inter_operator_dispatch,10,planner-final,,13589,8219.0,11638,5370,sporadic,,0
base,planner_debate,inter_operator_dispatch,11,planner-seed,,14018,8219.0,11638,5799,sporadic,,0
base,planner_debate,inter_operator_dispatch,11,critic-a,,13859,8219.0,11638,5640,sporadic,,0
base,planner_debate,inter_operator_dispatch,11,critic-a,,18979,8219.0,11638,10760,sporadic,,0
base,planner_debate,inter_operator_dispatch,11,critic-b,,11999,8219.0,11638,3780,sporadic,,0
base,planner_debate,inter_operator_dispatch,11,critic-b,,21942,8219.0,11638,13723,sporadic,,0
base,planner_debate,inter_operator_dispatch,11,critic-merge,,23705,8219.0,11638,15486,sporadic,,0
base,planner_debate,inter_operator_dispatch,11,planner-final,,12556,8219.0,11638,4337,sporadic,,0
base,planner_debate,inter_operator_dispatch,12,planner-seed,,22986,8219.0,11638,14767,sporadic,,0
base,planner_debate,inter_operator_dispatch,12,critic-b,,22482,8219.0,11638,14263,sporadic,,0
base,planner_debate,inter_operator_dispatch,12,critic-b,,13374,8219.0,11638,5155,sporadic,,0
base,planner_debate,inter_operator_dispatch,12,critic-merge,,12476,8219.0,11638,4257,sporadic,,0
base,planner_debate,inter_operator_dispatch,12,planner-final,,14714,8219.0,11638,6495,sporadic,,0
base,planner_debate,inter_operator_dispatch,13,planner-seed,,12744,8219.0,11638,4525,sporadic,,0
base,planner_debate,inter_operator_dispatch,13,planner-seed,,21557,8219.0,11638,13338,sporadic,,0
base,planner_debate,inter_operator_dispatch,13,critic-a,,11910,8219.0,11638,3691,sporadic,,0
base,planner_debate,inter_operator_dispatch,13,critic-b,,11898,8219.0,11638,3679,sporadic,,0
base,planner_debate,inter_operator_dispatch,13,critic-merge,,12297,8219.0,11638,4078,sporadic,,0
base,planner_debate,inter_operator_dispatch,13,planner-final,,12854,8219.0,11638,4635,sporadic,,0
base,planner_debate,inter_operator_dispatch,14,planner-seed,,11689,8219.0,11638,3470,sporadic,,0
base,planner_debate,inter_operator_dispatch,14,critic-b,,12302,8219.0,11638,4083,sporadic,,0
base,planner_debate,inter_operator_dispatch,14,critic-merge,,23454,8219.0,11638,15235,sporadic,,0
base,planner_debate,inter_operator_dispatch,14,critic-merge,,13456,8219.0,11638,5237,sporadic,,0
base,planner_debate,inter_operator_dispatch,14,planner-final,,11783,8219.0,11638,3564,sporadic,,0
base,planner_debate,inter_operator_dispatch,15,planner-seed,,15253,8219.0,11638,7034,sporadic,,0
base,planner_debate,inter_operator_dispatch,15,critic-a,,16846,8219.0,11638,8627,sporadic,,0
base,planner_debate,inter_operator_dispatch,15,critic-a,,11774,8219.0,11638,3555,sporadic,,0
base,planner_debate,inter_operator_dispatch,15,critic-merge,,14896,8219.0,11638,6677,sporadic,,0
base,planner_debate,inter_operator_dispatch,15,planner-final,,14901,8219.0,11638,6682,sporadic,,0
base,planner_debate,inter_operator_dispatch,15,planner-final,,11934,8219.0,11638,3715,sporadic,,0
base,planner_debate,inter_operator_dispatch,15,planner-final,,12491,8219.0,11638,4272,sporadic,,0
base,planner_debate,inter_operator_dispatch,15,planner-final,,12228,8219.0,11638,4009,sporadic,,0
base,planner_debate,inter_operator_dispatch,16,planner-seed,,14441,8219.0,11638,6222,sporadic,,0
base,planner_debate,inter_operator_dispatch,16,planner-seed,,12044,8219.0,11638,3825,sporadic,,0
base,planner_debate,inter_operator_dispatch,16,planner-seed,,14427,8219.0,11638,6208,sporadic,,0
base,planner_debate,inter_operator_dispatch,16,planner-seed,,11880,8219.0,11638,3661,sporadic,,0
base,planner_debate,inter_operator_dispatch,16,planner-seed,,14118,8219.0,11638,5899,sporadic,,0
base,planner_debate,inter_operator_dispatch,16,planner-seed,,15888,8219.0,11638,7669,sporadic,,0
base,planner_debate,inter_operator_dispatch,16,critic-b,,15338,8219.0,11638,7119,sporadic,,0
base,planner_debate,inter_operator_dispatch,16,critic-merge,,15825,8219.0,11638,7606,sporadic,,0
base,planner_debate,inter_operator_dispatch,17,planner-seed,,17357,8219.0,11638,9138,sporadic,,0
base,planner_debate,inter_operator_dispatch,17,critic-b,,28424,8219.0,11638,20205,sporadic,,0
base,planner_debate,inter_operator_dispatch,17,critic-b,,13532,8219.0,11638,5313,sporadic,,0
base,planner_debate,inter_operator_dispatch,17,critic-b,,16214,8219.0,11638,7995,sporadic,,0
base,planner_debate,inter_operator_dispatch,17,critic-b,,12797,8219.0,11638,4578,sporadic,,0
base,planner_debate,inter_operator_dispatch,17,critic-b,,13317,8219.0,11638,5098,sporadic,,0
base,planner_debate,inter_operator_dispatch,17,critic-merge,,13413,8219.0,11638,5194,sporadic,,0
base,planner_debate,inter_operator_dispatch,17,critic-merge,,25220,8219.0,11638,17001,sporadic,,0
base,planner_debate,inter_operator_dispatch,17,planner-final,,13084,8219.0,11638,4865,sporadic,,0
base,planner_debate,inter_operator_dispatch,18,planner-seed,,11812,8219.0,11638,3593,sporadic,,0
base,planner_debate,inter_operator_dispatch,18,critic-a,,12003,8219.0,11638,3784,sporadic,,0
base,planner_debate,inter_operator_dispatch,19,planner-seed,,12816,8219.0,11638,4597,sporadic,,0
base,planner_debate,inter_operator_dispatch,19,planner-seed,,13351,8219.0,11638,5132,sporadic,,0
base,planner_debate,inter_operator_dispatch,19,planner-seed,,12489,8219.0,11638,4270,sporadic,,0
base,planner_debate,inter_operator_dispatch,19,critic-a,,18944,8219.0,11638,10725,sporadic,,0
base,planner_debate,inter_operator_dispatch,19,critic-b,,12130,8219.0,11638,3911,sporadic,,0
base,planner_debate,inter_operator_dispatch,19,critic-merge,,13062,8219.0,11638,4843,sporadic,,0
base,planner_debate,inter_operator_dispatch,19,planner-final,,17310,8219.0,11638,9091,sporadic,,0
base,planner_debate,inter_operator_dispatch,19,planner-final,,46444,8219.0,11638,38225,sporadic,,0
base,planner_debate,inter_operator_dispatch,19,planner-final,,14178,8219.0,11638,5959,sporadic,,0
base,planner_debate,inter_operator_dispatch,19,planner-final,,11817,8219.0,11638,3598,sporadic,,0
base,planner_debate,inter_operator_dispatch,19,planner-final,,11788,8219.0,11638,3569,sporadic,,0
base,planner_debate,mir_operator:AddOp,2,critic-a,7,116688,104637.5,114612,12050,sporadic,cudaLaunchKernel,2080
base,planner_debate,mir_operator:AddOp,3,planner-seed,7,158406,104637.5,114612,53768,sporadic,cudaEventSynchronize,32794
base,planner_debate,mir_operator:AddOp,4,planner-final,7,119584,104637.5,114612,14946,sporadic,cudaLaunchKernel,1728
base,planner_debate,mir_operator:AddOp,6,critic-b,7,124737,104637.5,114612,20100,sporadic,cudaLaunchKernel,2080
base,planner_debate,mir_operator:AddOp,7,planner-seed,7,135980,104637.5,114612,31342,sporadic,cudaEventRecord,1728
base,planner_debate,mir_operator:AddOp,7,critic-b,7,122542,104637.5,114612,17904,sporadic,cudaLaunchKernel,1984
base,planner_debate,mir_operator:AddOp,7,critic-merge,7,116778,104637.5,114612,12140,sporadic,cudaLaunchKernel,2016
base,planner_debate,mir_operator:AddOp,8,planner-seed,7,118165,104637.5,114612,13528,sporadic,cudaLaunchKernel,1727
base,planner_debate,mir_operator:AddOp,10,critic-a,7,122363,104637.5,114612,17726,sporadic,cudaLaunchKernel,2048
base,planner_debate,mir_operator:AddOp,11,critic-a,7,123537,104637.5,114612,18900,sporadic,cudaLaunchKernel,2112
base,planner_debate,mir_operator:AddOp,11,critic-b,7,123398,104637.5,114612,18760,sporadic,cudaEventRecord,1984
base,planner_debate,mir_operator:AddOp,11,planner-final,7,120531,104637.5,114612,15894,sporadic,cudaLaunchKernel,1792
base,planner_debate,mir_operator:AddOp,12,planner-seed,7,137436,104637.5,114612,32798,sporadic,cudaLaunchKernel,1696
base,planner_debate,mir_operator:AddOp,12,critic-b,7,116157,104637.5,114612,11520,sporadic,cudaLaunchKernel,2112
base,planner_debate,mir_operator:AddOp,13,planner-seed,7,122587,104637.5,114612,17950,sporadic,cudaLaunchKernel,1695
base,planner_debate,mir_operator:AddOp,13,critic-merge,7,136746,104637.5,114612,32108,sporadic,cudaLaunchKernel,2079
base,planner_debate,mir_operator:AddOp,13,planner-final,7,123255,104637.5,114612,18618,sporadic,cudaEventRecord,1696
base,planner_debate,mir_operator:AddOp,14,critic-merge,7,133381,104637.5,114612,28744,sporadic,cudaLaunchKernel,2047
base,planner_debate,mir_operator:AddOp,15,planner-final,7,177481,104637.5,114612,72844,sporadic,cudaLaunchKernel,1759
base,planner_debate,mir_operator:AddOp,16,planner-seed,7,163350,104637.5,114612,58712,sporadic,cudaLaunchKernel,1728
base,planner_debate,mir_operator:AddOp,16,planner-final,7,116749,104637.5,114612,12112,sporadic,cudaEventSynchronize,21437
base,planner_debate,mir_operator:AddOp,17,critic-b,7,184226,104637.5,114612,79588,sporadic,cudaLaunchKernel,1983
base,planner_debate,mir_operator:AddOp,19,critic-a,7,115692,104637.5,114612,11054,sporadic,cudaEventCreateWithFlags,2047
base,planner_debate,mir_operator:AddOp,19,planner-final,7,151853,104637.5,114612,47216,sporadic,cudaLaunchKernel,1696
base,planner_debate,mir_operator:LinearOp,1,planner-final,10,172742,110519.5,153358,62222,sporadic,cudaLaunchKernel,14557
base,planner_debate,mir_operator:LinearOp,2,critic-merge,10,172230,110519.5,153358,61710,sporadic,cudaLaunchKernel,19773
base,planner_debate,mir_operator:LinearOp,3,planner-seed,10,218962,110519.5,153358,108442,sporadic,cudaEventSynchronize,14526
base,planner_debate,mir_operator:LinearOp,3,critic-b,10,178750,110519.5,153358,68230,sporadic,cudaLaunchKernel,19549
base,planner_debate,mir_operator:LinearOp,5,critic-a,10,175694,110519.5,153358,65174,sporadic,cudaLaunchKernel,19900
base,planner_debate,mir_operator:LinearOp,5,critic-b,10,157278,110519.5,153358,46758,sporadic,cudaLaunchKernel,19740
base,planner_debate,mir_operator:LinearOp,5,critic-merge,10,161983,110519.5,153358,51464,sporadic,cudaLaunchKernel,19709
base,planner_debate,mir_operator:LinearOp,5,planner-final,12,252288,110519.5,153358,141768,sporadic,cudaEventSynchronize,154213
base,planner_debate,mir_operator:LinearOp,6,critic-b,10,159976,110519.5,153358,49456,sporadic,cudaLaunchKernel,19581
base,planner_debate,mir_operator:LinearOp,6,critic-merge,10,155596,110519.5,153358,45076,sporadic,cudaLaunchKernel,19549
base,planner_debate,mir_operator:LinearOp,6,planner-final,12,199805,110519.5,153358,89286,sporadic,cudaLaunchKernel,14525
base,planner_debate,mir_operator:LinearOp,7,critic-b,10,168585,110519.5,153358,58066,sporadic,cudaLaunchKernel,19772
base,planner_debate,mir_operator:LinearOp,9,critic-merge,10,185393,110519.5,153358,74874,sporadic,cudaEventCreateWithFlags,19868
base,planner_debate,mir_operator:LinearOp,10,critic-b,10,161249,110519.5,153358,50730,sporadic,cudaLaunchKernel,19453
base,planner_debate,mir_operator:LinearOp,10,critic-merge,10,210827,110519.5,153358,100308,sporadic,cudaLaunchKernel,19868
base,planner_debate,mir_operator:LinearOp,10,planner-final,10,153670,110519.5,153358,43150,sporadic,cudaLaunchKernel,14525
base,planner_debate,mir_operator:LinearOp,11,critic-merge,10,153797,110519.5,153358,43278,sporadic,cudaLaunchKernel,19804
base,planner_debate,mir_operator:LinearOp,12,critic-b,10,178703,110519.5,153358,68184,sporadic,cudaLaunchKernel,19644
base,planner_debate,mir_operator:LinearOp,12,planner-final,10,167226,110519.5,153358,56706,sporadic,cudaLaunchKernel,14621
base,planner_debate,mir_operator:LinearOp,13,critic-merge,10,340985,110519.5,153358,230466,sporadic,cudaEventSynchronize,222777
base,planner_debate,mir_operator:LinearOp,13,critic-merge,12,219127,110519.5,153358,108608,sporadic,cudaEventSynchronize,19676
base,planner_debate,mir_operator:LinearOp,13,planner-final,10,157406,110519.5,153358,46886,sporadic,cudaLaunchKernel,14526
base,planner_debate,mir_operator:LinearOp,14,critic-merge,10,159791,110519.5,153358,49272,sporadic,cudaLaunchKernel,19836
base,planner_debate,mir_operator:LinearOp,15,planner-seed,10,157764,110519.5,153358,47244,sporadic,cudaLaunchKernel,14590
base,planner_debate,mir_operator:LinearOp,15,critic-a,10,180306,110519.5,153358,69786,sporadic,cudaLaunchKernel,19900
base,planner_debate,mir_operator:LinearOp,15,critic-a,12,204638,110519.5,153358,94118,sporadic,cudaLaunchKernel,19709
base,planner_debate,mir_operator:LinearOp,15,critic-b,10,160335,110519.5,153358,49816,sporadic,cudaLaunchKernel,19741
base,planner_debate,mir_operator:LinearOp,15,planner-final,10,187920,110519.5,153358,77400,sporadic,cudaLaunchKernel,14557
base,planner_debate,mir_operator:LinearOp,15,planner-final,11,165297,110519.5,153358,54778,sporadic,cudaLaunchKernel,14621
base,planner_debate,mir_operator:LinearOp,15,planner-final,12,206375,110519.5,153358,95856,sporadic,cudaLaunchKernel,14525
base,planner_debate,mir_operator:LinearOp,16,planner-seed,10,154664,110519.5,153358,44144,sporadic,cudaLaunchKernel,14526
base,planner_debate,mir_operator:LinearOp,16,planner-seed,11,158994,110519.5,153358,48474,sporadic,cudaLaunchKernel,14621
base,planner_debate,mir_operator:LinearOp,16,planner-seed,12,174724,110519.5,153358,64204,sporadic,cudaLaunchKernel,14493
base,planner_debate,mir_operator:LinearOp,17,planner-seed,11,157500,110519.5,153358,46980,sporadic,cudaLaunchKernel,14653
base,planner_debate,mir_operator:LinearOp,17,critic-b,10,210264,110519.5,153358,99744,sporadic,cudaLaunchKernel,19708
base,planner_debate,mir_operator:LinearOp,17,critic-b,11,178089,110519.5,153358,67570,sporadic,cudaLaunchKernel,19805
base,planner_debate,mir_operator:LinearOp,17,critic-b,12,171956,110519.5,153358,61436,sporadic,cudaLaunchKernel,19741
base,planner_debate,mir_operator:LinearOp,19,planner-seed,10,154265,110519.5,153358,43746,sporadic,cudaLaunchKernel,14557
base,planner_debate,mir_operator:LinearOp,19,planner-seed,11,160092,110519.5,153358,49572,sporadic,cudaLaunchKernel,14589
base,planner_debate,mir_operator:LinearOp,19,planner-final,10,214448,110519.5,153358,103928,sporadic,cudaLaunchKernel,14621
base,planner_debate,mir_operator:ViewOp,5,critic-a,13,85031,75783.5,82043,9248,sporadic,cudaEventRecord,0
base,planner_debate,mir_operator:ViewOp,5,critic-b,13,106280,75783.5,82043,30496,sporadic,cudaEventRecord,0
base,planner_debate,mir_operator:ViewOp,5,planner-final,13,197308,75783.5,82043,121524,sporadic,cudaEventSynchronize,0
base,planner_debate,mir_operator:ViewOp,8,planner-seed,13,84390,75783.5,82043,8606,sporadic,cudaEventSynchronize,0
base,planner_debate,mir_operator:ViewOp,8,critic-merge,13,93777,75783.5,82043,17994,sporadic,cudaEventRecord,0
base,planner_debate,mir_operator:ViewOp,10,critic-merge,13,83187,75783.5,82043,7404,sporadic,cudaEventRecord,0
base,planner_debate,mir_operator:ViewOp,10,planner-final,13,92459,75783.5,82043,16676,sporadic,cudaEventRecord,0
base,planner_debate,mir_operator:ViewOp,11,critic-merge,13,94159,75783.5,82043,18376,sporadic,cudaEventRecord,0
base,planner_debate,mir_operator:ViewOp,14,critic-b,13,83099,75783.5,82043,7316,sporadic,cudaEventRecord,0
base,planner_debate,mir_operator:ViewOp,15,planner-final,13,120415,75783.5,82043,44632,sporadic,cudaEventRecord,0
base,planner_debate,mir_operator:ViewOp,16,planner-seed,13,91817,75783.5,82043,16034,sporadic,cudaEventRecord,0
base,planner_debate,mir_operator:ViewOp,16,critic-b,13,128609,75783.5,82043,52826,sporadic,cudaEventRecord,0
base,planner_debate,mir_operator:ViewOp,17,critic-b,13,125829,75783.5,82043,50046,sporadic,cudaEventRecord,0
base,planner_debate,mir_operator:ViewOp,17,planner-final,13,90671,75783.5,82043,14888,sporadic,cudaEventRecord,0
base,planner_debate,mir_operator:ViewOp,18,critic-a,13,94600,75783.5,82043,18816,sporadic,cudaEventRecord,0
base,planner_debate,mir_operator:ViewOp,18,critic-b,13,440153,75783.5,82043,364370,sporadic,cudaEventRecord,0
base,planner_debate,mir_operator:ViewOp,19,planner-seed,13,84345,75783.5,82043,8562,sporadic,cudaEventRecord,0
base,planner_debate,mir_operator:ViewOp,19,critic-b,13,86874,75783.5,82043,11090,sporadic,cudaEventRecord,0
base,planner_debate,mir_operator:ViewOp,19,planner-final,13,125760,75783.5,82043,49976,sporadic,cudaEventRecord,0
base,planner_debate,mir_operator:TransposeOp,1,critic-merge,14,143314,129437.5,140982,13876,sporadic,cudaLaunchKernel,12285
base,planner_debate,mir_operator:TransposeOp,2,planner-seed,14,148878,129437.5,140982,19440,sporadic,cudaLaunchKernel,12094
base,planner_debate,mir_operator:TransposeOp,2,critic-merge,14,143292,129437.5,140982,13854,sporadic,cudaLaunchKernel,12381
base,planner_debate,mir_operator:TransposeOp,2,planner-final,14,142243,129437.5,140982,12806,sporadic,cudaLaunchKernel,12093
base,planner_debate,mir_operator:TransposeOp,5,critic-a,14,151214,129437.5,140982,21776,sporadic,cudaLaunchKernel,12221
base,planner_debate,mir_operator:TransposeOp,5,critic-b,14,145979,129437.5,140982,16542,sporadic,cudaLaunchKernel,12510
base,planner_debate,mir_operator:TransposeOp,7,critic-b,14,143353,129437.5,140982,13916,sporadic,cudaLaunchKernel,12254
base,planner_debate,mir_operator:TransposeOp,7,critic-merge,14,146264,129437.5,140982,16826,sporadic,cudaLaunchKernel,12350
base,planner_debate,mir_operator:TransposeOp,9,planner-seed,14,216479,129437.5,140982,87042,sporadic,cudaLaunchKernel,12062
base,planner_debate,mir_operator:TransposeOp,10,critic-merge,14,153015,129437.5,140982,23578,sporadic,cudaLaunchKernel,12413
base,planner_debate,mir_operator:TransposeOp,11,planner-seed,14,154753,129437.5,140982,25316,sporadic,cudaLaunchKernel,12158
base,planner_debate,mir_operator:TransposeOp,12,planner-seed,14,166304,129437.5,140982,36866,sporadic,cudaLaunchKernel,12062
base,planner_debate,mir_operator:TransposeOp,14,critic-b,14,148338,129437.5,140982,18900,sporadic,cudaLaunchKernel,12606
base,planner_debate,mir_operator:TransposeOp,15,planner-seed,14,152630,129437.5,140982,23192,sporadic,cudaLaunchKernel,12126
base,planner_debate,mir_operator:TransposeOp,15,critic-a,14,149417,129437.5,140982,19980,sporadic,cudaLaunchKernel,12221
base,planner_debate,mir_operator:TransposeOp,15,planner-final,14,185220,129437.5,140982,55782,sporadic,cudaLaunchKernel,12094
base,planner_debate,mir_operator:TransposeOp,17,critic-b,14,221822,129437.5,140982,92384,sporadic,cudaLaunchKernel,12382
base,planner_debate,mir_operator:TransposeOp,18,critic-b,14,145328,129437.5,140982,15890,sporadic,cudaLaunchKernel,12542
base,planner_debate,mir_operator:TransposeOp,19,planner-seed,14,142689,129437.5,140982,13252,sporadic,cudaLaunchKernel,12062
base,planner_debate,mir_operator:TransposeOp,19,planner-final,14,185561,129437.5,140982,56124,sporadic,cudaLaunchKernel,12253
base,planner_debate,pre_d2h_alloc,10,critic-merge,,18710,13845.5,16740,4864,sporadic,,0
base,planner_debate,pre_d2h_alloc,11,planner-final,,40770,13845.5,16740,26924,sporadic,,0
base,planner_debate,pre_d2h_alloc,12,planner-seed,,17942,13845.5,16740,4096,sporadic,,0
base,planner_debate,pre_d2h_alloc,12,critic-merge,,18554,13845.5,16740,4708,sporadic,,0
base,planner_debate,pre_d2h_alloc,15,planner-final,,17781,13845.5,16740,3936,sporadic,,0
base,planner_debate,pre_d2h_alloc,17,critic-b,,22260,13845.5,16740,8414,sporadic,,0
base,planner_debate,pre_d2h_alloc,19,planner-final,,21358,13845.5,16740,7512,sporadic,,0
base,planner_debate,d2h_stage,8,planner-seed,,441233,217647.5,264096,223586,sporadic,cudaEventSynchronize,365055
base,planner_debate,checksum_complete,5,critic-a,,97660,76081.0,90540,21579,sporadic,cudaEventDestroy,0
base,planner_debate,checksum_complete,6,planner-seed,,91505,76081.0,90540,15424,sporadic,cudaEventDestroy,0
base,planner_debate,checksum_complete,7,critic-b,,99931,76081.0,90540,23850,sporadic,cudaEventDestroy,0
base,planner_debate,checksum_complete,8,critic-a,,98808,76081.0,90540,22727,sporadic,cudaEventDestroy,0
base,planner_debate,checksum_complete,8,critic-b,,91351,76081.0,90540,15270,sporadic,cudaEventDestroy,0
base,planner_debate,checksum_complete,8,planner-final,,91899,76081.0,90540,15818,sporadic,cudaEventDestroy,0
base,planner_debate,checksum_complete,10,critic-b,,99178,76081.0,90540,23097,sporadic,cudaEventDestroy,0
base,planner_debate,checksum_complete,10,critic-merge,,109953,76081.0,90540,33872,sporadic,cudaEventDestroy,0
base,planner_debate,checksum_complete,12,critic-a,,92983,76081.0,90540,16902,sporadic,cudaEventDestroy,0
base,planner_debate,checksum_complete,12,critic-b,,99512,76081.0,90540,23431,sporadic,cudaEventDestroy,0
base,planner_debate,checksum_complete,17,critic-b,,105131,76081.0,90540,29050,sporadic,cudaEventDestroy,0
base,planner_debate,checksum_complete,18,critic-a,,150063,76081.0,90540,73982,sporadic,cudaEventDestroy,0
base,planner_debate,checksum_complete,19,planner-final,,108196,76081.0,90540,32115,sporadic,cudaEventDestroy,0
base,planner_debate,agent_tool_execute_cpu,8,planner-tool,,393922,350298.5,393108,43624,sporadic,,0
base,planner_debate,agent_tool_execute_cpu,17,planner-tool,,408011,350298.5,393108,57712,sporadic,,0
base,planner_debate,agent_tool_execute_cpu,18,planner-tool,,422485,350298.5,393108,72186,sporadic,,0
base,planner_debate,iteration_tail_sync,2,,,85430,68240.0,82442,17190,sporadic,cudaDeviceSynchronize,0
base,planner_debate,iteration_tail_sync,15,,,82733,68240.0,82442,14493,sporadic,cudaDeviceSynchronize,0
base,planner_debate,iteration_tail_sync,19,,,84745,68240.0,82442,16505,sporadic,cudaDeviceSynchronize,0
base,react_moa_mcts,dag_schedule_gap,0,,,1133477,30840.5,48682,1102636,warm_or_first_iteration,cudaEventRecord,0
base,react_moa_mcts,dag_schedule_gap,0,,,58881,30840.5,48682,28040,warm_or_first_iteration,,0
base,react_moa_mcts,dag_schedule_gap,1,,,1132848,30840.5,48682,1102008,sporadic,cudaEventRecord,0
base,react_moa_mcts,dag_schedule_gap,1,,,54833,30840.5,48682,23992,sporadic,,0
base,react_moa_mcts,dag_schedule_gap,2,,,1120950,30840.5,48682,1090110,sporadic,cudaEventRecord,0
base,react_moa_mcts,dag_schedule_gap,2,,,56389,30840.5,48682,25548,sporadic,,0
base,react_moa_mcts,dag_schedule_gap,3,,,1112657,30840.5,48682,1081816,sporadic,cudaEventRecord,0
base,react_moa_mcts,dag_schedule_gap,3,,,52219,30840.5,48682,21378,sporadic,,0
base,react_moa_mcts,dag_schedule_gap,4,,,1108851,30840.5,48682,1078010,sporadic,cudaEventRecord,0
base,react_moa_mcts,dag_schedule_gap,4,,,51666,30840.5,48682,20826,sporadic,,0
base,react_moa_mcts,dag_schedule_gap,5,,,1124926,30840.5,48682,1094086,sporadic,cudaEventRecord,0
base,react_moa_mcts,dag_schedule_gap,5,,,50683,30840.5,48682,19842,sporadic,,0
base,react_moa_mcts,dag_schedule_gap,6,,,1128954,30840.5,48682,1098114,sporadic,cudaEventRecord,0
base,react_moa_mcts,dag_schedule_gap,6,,,50109,30840.5,48682,19268,sporadic,,0
base,react_moa_mcts,dag_schedule_gap,7,,,1123640,30840.5,48682,1092800,sporadic,cudaEventRecord,0
base,react_moa_mcts,dag_schedule_gap,8,,,1117549,30840.5,48682,1086708,sporadic,cudaEventRecord,0
base,react_moa_mcts,dag_schedule_gap,9,,,1118899,30840.5,48682,1088058,sporadic,cudaEventRecord,0
base,react_moa_mcts,dag_schedule_gap,9,,,51575,30840.5,48682,20734,sporadic,,0
base,react_moa_mcts,dag_schedule_gap,10,,,1116799,30840.5,48682,1085958,sporadic,cudaEventRecord,0
base,react_moa_mcts,dag_schedule_gap,10,,,49242,30840.5,48682,18402,sporadic,,0
base,react_moa_mcts,dag_schedule_gap,11,,,1148363,30840.5,48682,1117522,sporadic,cudaEventRecord,0
base,react_moa_mcts,dag_schedule_gap,11,,,51692,30840.5,48682,20852,sporadic,,0
base,react_moa_mcts,dag_schedule_gap,12,,,1187100,30840.5,48682,1156260,sporadic,cudaEventRecord,0
base,react_moa_mcts,dag_schedule_gap,12,,,90027,30840.5,48682,59186,sporadic,,0
base,react_moa_mcts,dag_schedule_gap,13,,,1207949,30840.5,48682,1177108,sporadic,cudaEventRecord,0
base,react_moa_mcts,dag_schedule_gap,13,,,74433,30840.5,48682,43592,sporadic,,0
base,react_moa_mcts,dag_schedule_gap,14,,,1226184,30840.5,48682,1195344,sporadic,cudaEventRecord,0
base,react_moa_mcts,dag_schedule_gap,14,,,61760,30840.5,48682,30920,sporadic,,0
base,react_moa_mcts,dag_schedule_gap,15,,,1396947,30840.5,48682,1366106,sporadic,cudaEventRecord,0
base,react_moa_mcts,dag_schedule_gap,15,,,71437,30840.5,48682,40596,sporadic,,0
base,react_moa_mcts,dag_schedule_gap,16,,,1212404,30840.5,48682,1181564,sporadic,cudaEventRecord,0
base,react_moa_mcts,dag_schedule_gap,16,,,60386,30840.5,48682,29546,sporadic,,0
base,react_moa_mcts,dag_schedule_gap,17,,,1250820,30840.5,48682,1219980,sporadic,cudaEventRecord,0
base,react_moa_mcts,dag_schedule_gap,17,,,72267,30840.5,48682,41426,sporadic,,0
base,react_moa_mcts,dag_schedule_gap,17,,,54470,30840.5,48682,23630,sporadic,cudaEventRecord,0
base,react_moa_mcts,dag_schedule_gap,18,,,1194633,30840.5,48682,1163792,sporadic,cudaEventRecord,0
base,react_moa_mcts,dag_schedule_gap,18,,,68016,30840.5,48682,37176,sporadic,,0
base,react_moa_mcts,dag_schedule_gap,19,,,1185070,30840.5,48682,1154230,sporadic,cudaEventRecord,0
base,react_moa_mcts,dag_schedule_gap,19,,,58027,30840.5,48682,27186,sporadic,,0
base,react_moa_mcts,adapter_dispatch,0,mcts-actor0,,1783183,1114569.5,1209413,668614,warm_or_first_iteration,,0
base,react_moa_mcts,adapter_dispatch,1,mcts-actor0,,1775992,1114569.5,1209413,661422,sporadic,,0
base,react_moa_mcts,adapter_dispatch,2,mcts-actor0,,1790133,1114569.5,1209413,675564,sporadic,,0
base,react_moa_mcts,adapter_dispatch,3,mcts-actor0,,1772609,1114569.5,1209413,658040,sporadic,,0
base,react_moa_mcts,adapter_dispatch,4,moa-map0,,2009508,1114569.5,1209413,894938,sporadic,,0
base,react_moa_mcts,adapter_dispatch,4,mcts-actor0,,1793206,1114569.5,1209413,678636,sporadic,,0
base,react_moa_mcts,adapter_dispatch,5,mcts-actor0,,1765986,1114569.5,1209413,651416,sporadic,,0
base,react_moa_mcts,adapter_dispatch,6,mcts-actor0,,1245148,1114569.5,1209413,130578,sporadic,,0
base,react_moa_mcts,adapter_dispatch,7,mcts-actor0,,1264912,1114569.5,1209413,150342,sporadic,,0
base,react_moa_mcts,adapter_dispatch,8,mcts-actor0,,1250680,1114569.5,1209413,136110,sporadic,,0
base,react_moa_mcts,adapter_dispatch,9,mcts-actor0,,1765989,1114569.5,1209413,651420,sporadic,,0
base,react_moa_mcts,adapter_dispatch,10,mcts-actor0,,1767905,1114569.5,1209413,653336,sporadic,,0
base,react_moa_mcts,adapter_dispatch,11,mcts-actor0,,1772478,1114569.5,1209413,657908,sporadic,,0
base,react_moa_mcts,adapter_dispatch,12,mcts-actor0,,1781690,1114569.5,1209413,667120,sporadic,,0
base,react_moa_mcts,adapter_dispatch,12,mcts-critic,,1635939,1114569.5,1209413,521370,sporadic,,0
base,react_moa_mcts,adapter_dispatch,13,mcts-actor0,,1818051,1114569.5,1209413,703482,sporadic,,0
base,react_moa_mcts,adapter_dispatch,14,react-plan,,1264865,1114569.5,1209413,150296,sporadic,,0
base,react_moa_mcts,adapter_dispatch,14,moa-map1,,1242617,1114569.5,1209413,128048,sporadic,,0
base,react_moa_mcts,adapter_dispatch,14,moa-map2,,1239341,1114569.5,1209413,124772,sporadic,,0
base,react_moa_mcts,adapter_dispatch,14,mcts-root,,1248484,1114569.5,1209413,133914,sporadic,,0
base,react_moa_mcts,adapter_dispatch,14,mcts-actor0,,1315478,1114569.5,1209413,200908,sporadic,,0
base,react_moa_mcts,adapter_dispatch,14,mcts-actor1,,1223112,1114569.5,1209413,108542,sporadic,,0
base,react_moa_mcts,adapter_dispatch,14,moa-reduce,,1326059,1114569.5,1209413,211490,sporadic,,0
base,react_moa_mcts,adapter_dispatch,15,mcts-root,,1260297,1114569.5,1209413,145728,sporadic,,0
base,react_moa_mcts,adapter_dispatch,15,mcts-actor0,,1368175,1114569.5,1209413,253606,sporadic,,0
base,react_moa_mcts,adapter_dispatch,15,mcts-actor1,,1223883,1114569.5,1209413,109314,sporadic,,0
base,react_moa_mcts,adapter_dispatch,15,moa-reduce,,1211024,1114569.5,1209413,96454,sporadic,,0
base,react_moa_mcts,adapter_dispatch,15,react-answer,,1209742,1114569.5,1209413,95172,sporadic,,0
base,react_moa_mcts,adapter_dispatch,16,react-plan,,1220494,1114569.5,1209413,105924,sporadic,,0
base,react_moa_mcts,adapter_dispatch,16,moa-map1,,1286920,1114569.5,1209413,172350,sporadic,,0
base,react_moa_mcts,adapter_dispatch,16,mcts-actor0,,1308650,1114569.5,1209413,194080,sporadic,,0
base,react_moa_mcts,adapter_dispatch,16,react-answer,,1298946,1114569.5,1209413,184376,sporadic,,0
base,react_moa_mcts,adapter_dispatch,16,mcts-critic,,1218048,1114569.5,1209413,103478,sporadic,,0
base,react_moa_mcts,adapter_dispatch,17,react-plan,,1224918,1114569.5,1209413,110348,sporadic,,0
base,react_moa_mcts,adapter_dispatch,17,moa-map0,,1216934,1114569.5,1209413,102364,sporadic,,0
base,react_moa_mcts,adapter_dispatch,17,mcts-actor0,,1267213,1114569.5,1209413,152644,sporadic,,0
base,react_moa_mcts,adapter_dispatch,18,mcts-actor0,,1276264,1114569.5,1209413,161694,sporadic,,0
base,react_moa_mcts,adapter_dispatch,19,mcts-actor0,,1290012,1114569.5,1209413,175442,sporadic,,0
base,react_moa_mcts,token_preprocess_cpu,13,moa-reduce,,391946,302144.0,386728,89802,sporadic,,0
base,react_moa_mcts,token_preprocess_cpu,14,moa-map1,,400269,302144.0,386728,98125,sporadic,,0
base,react_moa_mcts,token_preprocess_cpu,15,react-plan,,389271,302144.0,386728,87127,sporadic,,0
base,react_moa_mcts,token_preprocess_cpu,15,mcts-root,,410916,302144.0,386728,108772,sporadic,,0
base,react_moa_mcts,h2d_stage,0,mcts-actor1,,252817,169223.0,240720,83594,warm_or_first_iteration,cudaEventSynchronize,96464
base,react_moa_mcts,h2d_stage,2,moa-map0,,573049,169223.0,240720,403826,sporadic,cudaEventSynchronize,92369
base,react_moa_mcts,h2d_stage,12,moa-map0,,438868,169223.0,240720,269645,sporadic,cudaEventSynchronize,108783
base,react_moa_mcts,h2d_stage,12,mcts-root,,261175,169223.0,240720,91952,sporadic,cudaEventSynchronize,137610
base,react_moa_mcts,h2d_stage,12,mcts-actor0,,265560,169223.0,240720,96337,sporadic,cudaEventSynchronize,152936
base,react_moa_mcts,h2d_stage,12,mcts-actor1,,253034,169223.0,240720,83811,sporadic,cudaEventSynchronize,149192
base,react_moa_mcts,h2d_stage,12,moa-reduce,,258905,169223.0,240720,89682,sporadic,cudaEventSynchronize,152263
base,react_moa_mcts,h2d_stage,12,react-answer,,242324,169223.0,240720,73101,sporadic,cudaEventSynchronize,117998
base,react_moa_mcts,h2d_stage,12,mcts-critic,,273265,169223.0,240720,104042,sporadic,cudaEventSynchronize,154439
base,react_moa_mcts,h2d_stage,13,moa-map0,,257682,169223.0,240720,88459,sporadic,cudaEventSynchronize,151656
base,react_moa_mcts,h2d_stage,13,moa-map1,,261042,169223.0,240720,91819,sporadic,cudaEventSynchronize,147465
base,react_moa_mcts,h2d_stage,13,moa-map2,,256982,169223.0,240720,87759,sporadic,cudaEventSynchronize,151784
base,react_moa_mcts,h2d_stage,13,mcts-root,,258464,169223.0,240720,89241,sporadic,cudaEventSynchronize,154824
base,react_moa_mcts,h2d_stage,13,mcts-actor0,,272173,169223.0,240720,102950,sporadic,cudaEventSynchronize,156103
base,react_moa_mcts,h2d_stage,13,mcts-actor1,,260751,169223.0,240720,91528,sporadic,cudaEventSynchronize,157031
base,react_moa_mcts,h2d_stage,13,moa-reduce,,260134,169223.0,240720,90911,sporadic,cudaEventSynchronize,154823
base,react_moa_mcts,h2d_stage,13,mcts-critic,,258179,169223.0,240720,88956,sporadic,cudaEventSynchronize,154439
base,react_moa_mcts,h2d_stage,14,moa-map0,,267765,169223.0,240720,98542,sporadic,cudaEventSynchronize,155943
base,react_moa_mcts,h2d_stage,14,moa-map1,,263387,169223.0,240720,94164,sporadic,cudaEventSynchronize,158086
base,react_moa_mcts,h2d_stage,14,moa-map2,,259585,169223.0,240720,90362,sporadic,cudaEventSynchronize,156711
base,react_moa_mcts,h2d_stage,14,mcts-root,,255960,169223.0,240720,86737,sporadic,cudaEventSynchronize,151879
base,react_moa_mcts,h2d_stage,14,mcts-actor0,,273428,169223.0,240720,104205,sporadic,cudaEventSynchronize,151271
base,react_moa_mcts,h2d_stage,14,mcts-actor1,,258440,169223.0,240720,89217,sporadic,cudaEventSynchronize,153895
base,react_moa_mcts,h2d_stage,14,moa-reduce,,257712,169223.0,240720,88489,sporadic,cudaEventSynchronize,155335
base,react_moa_mcts,h2d_stage,14,mcts-critic,,258055,169223.0,240720,88832,sporadic,cudaEventSynchronize,156935
base,react_moa_mcts,h2d_stage,15,moa-map0,,255155,169223.0,240720,85932,sporadic,cudaEventSynchronize,152808
base,react_moa_mcts,h2d_stage,15,moa-map1,,254838,169223.0,240720,85615,sporadic,cudaEventSynchronize,153031
base,react_moa_mcts,h2d_stage,15,moa-map2,,272743,169223.0,240720,103520,sporadic,cudaEventSynchronize,154119
base,react_moa_mcts,h2d_stage,15,mcts-root,,267375,169223.0,240720,98152,sporadic,cudaEventSynchronize,147369
base,react_moa_mcts,h2d_stage,15,mcts-actor0,,269864,169223.0,240720,100641,sporadic,cudaEventSynchronize,152616
base,react_moa_mcts,h2d_stage,15,mcts-actor1,,255676,169223.0,240720,86453,sporadic,cudaEventSynchronize,147496
base,react_moa_mcts,h2d_stage,15,moa-reduce,,259947,169223.0,240720,90724,sporadic,cudaEventSynchronize,151528
base,react_moa_mcts,h2d_stage,15,mcts-critic,,296866,169223.0,240720,127643,sporadic,cudaEventSynchronize,147976
base,react_moa_mcts,h2d_stage,16,moa-map0,,373006,169223.0,240720,203783,sporadic,cudaEventSynchronize,149256
base,react_moa_mcts,h2d_stage,16,moa-map1,,341814,169223.0,240720,172591,sporadic,cudaEventSynchronize,144201
base,react_moa_mcts,h2d_stage,16,moa-map2,,331402,169223.0,240720,162179,sporadic,cudaEventSynchronize,150568
base,react_moa_mcts,h2d_stage,16,mcts-root,,292936,169223.0,240720,123713,sporadic,cudaEventSynchronize,146568
base,react_moa_mcts,h2d_stage,16,mcts-actor0,,266780,169223.0,240720,97557,sporadic,cudaEventSynchronize,150184
base,react_moa_mcts,h2d_stage,16,mcts-actor1,,310538,169223.0,240720,141315,sporadic,cudaEventSynchronize,153671
base,react_moa_mcts,h2d_stage,16,moa-reduce,,251319,169223.0,240720,82096,sporadic,cudaEventSynchronize,146569
base,react_moa_mcts,h2d_stage,16,mcts-critic,,255390,169223.0,240720,86167,sporadic,cudaEventSynchronize,148040
base,react_moa_mcts,h2d_stage,17,moa-map0,,259627,169223.0,240720,90404,sporadic,cudaEventSynchronize,155591
base,react_moa_mcts,h2d_stage,17,moa-map1,,255161,169223.0,240720,85938,sporadic,cudaEventSynchronize,154375
base,react_moa_mcts,h2d_stage,17,moa-map2,,267016,169223.0,240720,97793,sporadic,cudaEventSynchronize,153928
base,react_moa_mcts,h2d_stage,17,mcts-root,,320644,169223.0,240720,151421,sporadic,cudaEventSynchronize,147657
base,react_moa_mcts,h2d_stage,17,mcts-actor0,,286833,169223.0,240720,117610,sporadic,cudaEventSynchronize,153831
base,react_moa_mcts,h2d_stage,17,mcts-actor1,,257901,169223.0,240720,88678,sporadic,cudaEventSynchronize,151463
base,react_moa_mcts,h2d_stage,17,moa-reduce,,253130,169223.0,240720,83907,sporadic,cudaEventSynchronize,151624
base,react_moa_mcts,h2d_stage,17,mcts-critic,,277655,169223.0,240720,108432,sporadic,cudaEventSynchronize,152775
base,react_moa_mcts,h2d_stage,18,moa-map0,,280126,169223.0,240720,110903,sporadic,cudaEventSynchronize,151912
base,react_moa_mcts,h2d_stage,18,moa-map1,,248633,169223.0,240720,79410,sporadic,cudaEventSynchronize,148520
base,react_moa_mcts,h2d_stage,18,moa-map2,,253972,169223.0,240720,84749,sporadic,cudaEventSynchronize,155463
base,react_moa_mcts,h2d_stage,18,mcts-root,,250915,169223.0,240720,81692,sporadic,cudaEventSynchronize,153192
base,react_moa_mcts,h2d_stage,18,mcts-actor0,,256337,169223.0,240720,87114,sporadic,cudaEventSynchronize,154375
base,react_moa_mcts,h2d_stage,18,mcts-actor1,,245623,169223.0,240720,76400,sporadic,cudaEventSynchronize,146056
base,react_moa_mcts,h2d_stage,18,moa-reduce,,249074,169223.0,240720,79851,sporadic,cudaEventSynchronize,152200
base,react_moa_mcts,h2d_stage,18,mcts-critic,,246561,169223.0,240720,77338,sporadic,cudaEventSynchronize,150152
base,react_moa_mcts,h2d_stage,19,moa-map0,,252309,169223.0,240720,83086,sporadic,cudaEventSynchronize,154983
base,react_moa_mcts,h2d_stage,19,moa-map1,,247525,169223.0,240720,78302,sporadic,cudaEventSynchronize,149736
base,react_moa_mcts,h2d_stage,19,moa-map2,,255071,169223.0,240720,85848,sporadic,cudaEventSynchronize,156710
base,react_moa_mcts,h2d_stage,19,mcts-root,,248720,169223.0,240720,79497,sporadic,cudaEventSynchronize,149672
base,react_moa_mcts,h2d_stage,19,mcts-actor0,,264286,169223.0,240720,95063,sporadic,cudaEventSynchronize,153864
base,react_moa_mcts,h2d_stage,19,mcts-actor1,,244567,169223.0,240720,75344,sporadic,cudaEventSynchronize,147304
base,react_moa_mcts,h2d_stage,19,moa-reduce,,250156,169223.0,240720,80933,sporadic,cudaEventSynchronize,151016
base,react_moa_mcts,h2d_stage,19,mcts-critic,,251177,169223.0,240720,81954,sporadic,cudaEventSynchronize,153768
base,react_moa_mcts,weight_init,11,moa-map0,,173885,130127.5,163668,43758,sporadic,cudaLaunchKernel,7072
base,react_moa_mcts,weight_init,12,mcts-root,,170669,130127.5,163668,40542,sporadic,cudaLaunchKernel,7135
base,react_moa_mcts,weight_init,12,mcts-actor0,,166125,130127.5,163668,35998,sporadic,cudaLaunchKernel,7039
base,react_moa_mcts,weight_init,12,react-answer,,176951,130127.5,163668,46824,sporadic,cudaLaunchKernel,6688
base,react_moa_mcts,weight_init,12,mcts-critic,,171951,130127.5,163668,41824,sporadic,cudaLaunchKernel,7102
base,react_moa_mcts,weight_init,13,moa-map0,,173043,130127.5,163668,42916,sporadic,cudaLaunchKernel,6974
base,react_moa_mcts,weight_init,13,moa-map2,,168739,130127.5,163668,38612,sporadic,cudaLaunchKernel,7039
base,react_moa_mcts,weight_init,13,mcts-actor0,,165961,130127.5,163668,35834,sporadic,cudaLaunchKernel,7072
base,react_moa_mcts,weight_init,13,mcts-actor1,,164650,130127.5,163668,34522,sporadic,cudaLaunchKernel,7071
base,react_moa_mcts,weight_init,13,react-answer,,178151,130127.5,163668,48024,sporadic,cudaLaunchKernel,6687
base,react_moa_mcts,weight_init,14,react-plan,,166517,130127.5,163668,36390,sporadic,cudaLaunchKernel,5055
base,react_moa_mcts,weight_init,14,moa-map2,,163818,130127.5,163668,33690,sporadic,cudaLaunchKernel,7007
base,react_moa_mcts,weight_init,14,mcts-actor0,,207734,130127.5,163668,77606,sporadic,cudaLaunchKernel,7072
base,react_moa_mcts,weight_init,15,moa-map1,,180501,130127.5,163668,50374,sporadic,cudaLaunchKernel,7070
base,react_moa_mcts,weight_init,15,moa-map2,,195610,130127.5,163668,65482,sporadic,cudaLaunchKernel,7102
base,react_moa_mcts,weight_init,15,mcts-root,,172899,130127.5,163668,42772,sporadic,cudaLaunchKernel,7103
base,react_moa_mcts,weight_init,15,mcts-actor0,,164384,130127.5,163668,34256,sporadic,cudaLaunchKernel,7040
base,react_moa_mcts,weight_init,15,mcts-actor1,,168957,130127.5,163668,38830,sporadic,cudaLaunchKernel,7007
base,react_moa_mcts,weight_init,15,react-answer,,172526,130127.5,163668,42398,sporadic,cudaLaunchKernel,6751
base,react_moa_mcts,weight_init,15,mcts-critic,,204882,130127.5,163668,74754,sporadic,cudaLaunchKernel,6975
base,react_moa_mcts,weight_init,16,react-plan,,197193,130127.5,163668,67066,sporadic,cudaLaunchKernel,5087
base,react_moa_mcts,weight_init,16,moa-map0,,306518,130127.5,163668,176390,sporadic,cudaLaunchKernel,6975
base,react_moa_mcts,weight_init,16,moa-map1,,248802,130127.5,163668,118674,sporadic,cudaLaunchKernel,7071
base,react_moa_mcts,weight_init,16,moa-map2,,249744,130127.5,163668,119616,sporadic,cudaLaunchKernel,7039
base,react_moa_mcts,weight_init,16,mcts-root,,214319,130127.5,163668,84192,sporadic,cudaLaunchKernel,7070
base,react_moa_mcts,weight_init,16,mcts-actor0,,168973,130127.5,163668,38846,sporadic,cudaLaunchKernel,7070
base,react_moa_mcts,weight_init,17,moa-map0,,168266,130127.5,163668,38138,sporadic,cudaLaunchKernel,7038
base,react_moa_mcts,weight_init,17,mcts-root,,249366,130127.5,163668,119238,sporadic,cudaLaunchKernel,7103
base,react_moa_mcts,weight_init,17,mcts-actor0,,180124,130127.5,163668,49996,sporadic,cudaLaunchKernel,7103
base,react_moa_mcts,weight_init,17,mcts-actor1,,170193,130127.5,163668,40066,sporadic,cudaLaunchKernel,7070
base,react_moa_mcts,weight_init,17,mcts-critic,,187692,130127.5,163668,57564,sporadic,cudaLaunchKernel,7070
base,react_moa_mcts,weight_init,18,moa-map1,,169836,130127.5,163668,39708,sporadic,cudaLaunchKernel,7135
base,react_moa_mcts,mir_operator:RMSNormOp,0,mcts-actor0,8,348748,233961.0,282651,114787,warm_or_first_iteration,cudaEventRecord,18940
base,react_moa_mcts,mir_operator:RMSNormOp,1,mcts-root,6,365233,233961.0,282651,131272,sporadic,cudaLaunchKernel,19486
base,react_moa_mcts,mir_operator:RMSNormOp,12,mcts-root,6,313352,233961.0,282651,79391,sporadic,cudaLaunchKernel,19231
base,react_moa_mcts,mir_operator:RMSNormOp,12,mcts-actor1,6,290927,233961.0,282651,56966,sporadic,cudaLaunchKernel,19389
base,react_moa_mcts,mir_operator:RMSNormOp,12,moa-reduce,6,288379,233961.0,282651,54418,sporadic,cudaLaunchKernel,19196
base,react_moa_mcts,mir_operator:RMSNormOp,12,react-answer,6,308185,233961.0,282651,74224,sporadic,cudaLaunchKernel,17948
base,react_moa_mcts,mir_operator:RMSNormOp,12,mcts-critic,6,305267,233961.0,282651,71306,sporadic,cudaLaunchKernel,19070
base,react_moa_mcts,mir_operator:RMSNormOp,13,moa-map2,6,285019,233961.0,282651,51058,sporadic,cudaLaunchKernel,19260
base,react_moa_mcts,mir_operator:RMSNormOp,13,mcts-root,6,282799,233961.0,282651,48838,sporadic,cudaLaunchKernel,19453
base,react_moa_mcts,mir_operator:RMSNormOp,13,mcts-actor1,6,308072,233961.0,282651,74111,sporadic,cudaLaunchKernel,19292
base,react_moa_mcts,mir_operator:RMSNormOp,13,mcts-critic,6,283370,233961.0,282651,49409,sporadic,cudaLaunchKernel,19325
base,react_moa_mcts,mir_operator:RMSNormOp,14,react-plan,6,297317,233961.0,282651,63356,sporadic,cudaLaunchKernel,16031
base,react_moa_mcts,mir_operator:RMSNormOp,14,moa-map1,8,312680,233961.0,282651,78719,sporadic,cudaLaunchKernel,19003
base,react_moa_mcts,mir_operator:RMSNormOp,14,mcts-actor0,6,322294,233961.0,282651,88333,sporadic,cudaLaunchKernel,19421
base,react_moa_mcts,mir_operator:RMSNormOp,14,mcts-actor1,6,288850,233961.0,282651,54889,sporadic,cudaLaunchKernel,19388
base,react_moa_mcts,mir_operator:RMSNormOp,14,moa-reduce,6,309379,233961.0,282651,75418,sporadic,cudaLaunchKernel,19325
base,react_moa_mcts,mir_operator:RMSNormOp,14,mcts-critic,6,391051,233961.0,282651,157090,sporadic,cudaEventSynchronize,133483
base,react_moa_mcts,mir_operator:RMSNormOp,15,moa-map0,6,292299,233961.0,282651,58338,sporadic,cudaLaunchKernel,19357
base,react_moa_mcts,mir_operator:RMSNormOp,15,moa-map2,6,319292,233961.0,282651,85331,sporadic,cudaLaunchKernel,19133
base,react_moa_mcts,mir_operator:RMSNormOp,15,mcts-root,6,294292,233961.0,282651,60331,sporadic,cudaLaunchKernel,19519
base,react_moa_mcts,mir_operator:RMSNormOp,15,mcts-actor0,6,313908,233961.0,282651,79947,sporadic,cudaLaunchKernel,19418
base,react_moa_mcts,mir_operator:RMSNormOp,15,mcts-actor1,6,360587,233961.0,282651,126626,sporadic,cudaLaunchKernel,19388
base,react_moa_mcts,mir_operator:RMSNormOp,15,react-answer,6,290475,233961.0,282651,56514,sporadic,cudaLaunchKernel,17691
base,react_moa_mcts,mir_operator:RMSNormOp,15,react-answer,8,290786,233961.0,282651,56825,sporadic,cudaLaunchKernel,17535
base,react_moa_mcts,mir_operator:RMSNormOp,15,mcts-critic,6,355010,233961.0,282651,121049,sporadic,cudaLaunchKernel,19451
base,react_moa_mcts,mir_operator:RMSNormOp,16,react-plan,6,297744,233961.0,282651,63783,sporadic,cudaLaunchKernel,16030
base,react_moa_mcts,mir_operator:RMSNormOp,16,moa-map0,6,402330,233961.0,282651,168369,sporadic,cudaLaunchKernel,19390
base,react_moa_mcts,mir_operator:RMSNormOp,16,moa-map1,6,394624,233961.0,282651,160663,sporadic,cudaLaunchKernel,19359
base,react_moa_mcts,mir_operator:RMSNormOp,16,moa-map2,6,383497,233961.0,282651,149536,sporadic,cudaLaunchKernel,19357
base,react_moa_mcts,mir_operator:RMSNormOp,16,mcts-root,6,329094,233961.0,282651,95133,sporadic,cudaLaunchKernel,19388
base,react_moa_mcts,mir_operator:RMSNormOp,16,mcts-actor0,6,303403,233961.0,282651,69442,sporadic,cudaLaunchKernel,19293
base,react_moa_mcts,mir_operator:RMSNormOp,16,moa-reduce,6,299697,233961.0,282651,65736,sporadic,cudaLaunchKernel,19198
base,react_moa_mcts,mir_operator:RMSNormOp,16,react-answer,6,294392,233961.0,282651,60431,sporadic,cudaLaunchKernel,18014
base,react_moa_mcts,mir_operator:RMSNormOp,16,react-answer,8,297578,233961.0,282651,63617,sporadic,cudaLaunchKernel,17311
base,react_moa_mcts,mir_operator:RMSNormOp,16,mcts-critic,6,283837,233961.0,282651,49876,sporadic,cudaLaunchKernel,19163
base,react_moa_mcts,mir_operator:RMSNormOp,17,moa-map0,6,284331,233961.0,282651,50370,sporadic,cudaLaunchKernel,19422
base,react_moa_mcts,mir_operator:RMSNormOp,17,moa-map2,6,290764,233961.0,282651,56803,sporadic,cudaLaunchKernel,19326
base,react_moa_mcts,mir_operator:RMSNormOp,17,mcts-root,6,360645,233961.0,282651,126684,sporadic,cudaLaunchKernel,19389
base,react_moa_mcts,mir_operator:RMSNormOp,17,mcts-actor0,6,443756,233961.0,282651,209795,sporadic,cudaEventSynchronize,72115
base,react_moa_mcts,mir_operator:RMSNormOp,17,react-answer,6,284831,233961.0,282651,50870,sporadic,cudaLaunchKernel,17948
base,react_moa_mcts,mir_operator:RMSNormOp,17,mcts-critic,6,310600,233961.0,282651,76639,sporadic,cudaLaunchKernel,19164
base,react_moa_mcts,mir_operator:RMSNormOp,18,react-plan,6,294740,233961.0,282651,60779,sporadic,cudaLaunchKernel,16093
base,react_moa_mcts,mir_operator:RMSNormOp,18,mcts-root,6,287673,233961.0,282651,53712,sporadic,cudaLaunchKernel,19453
base,react_moa_mcts,mir_operator:RMSNormOp,18,mcts-actor1,6,402438,233961.0,282651,168477,sporadic,cudaEventSynchronize,19454
base,react_moa_mcts,mir_operator:RMSNormOp,19,mcts-root,6,282938,233961.0,282651,48977,sporadic,cudaLaunchKernel,19517
base,react_moa_mcts,mir_operator:RMSNormOp,19,react-answer,6,288119,233961.0,282651,54158,sporadic,cudaLaunchKernel,17693
base,react_moa_mcts,mir_operator:RMSNormOp,19,mcts-critic,6,361302,233961.0,282651,127341,sporadic,cudaEventSynchronize,69272
base,react_moa_mcts,inter_operator_dispatch,0,moa-map0,,9821,7379.0,9785,2442,warm_or_first_iteration,,0
base,react_moa_mcts,inter_operator_dispatch,0,moa-map2,,9949,7379.0,9785,2570,warm_or_first_iteration,,0
base,react_moa_mcts,inter_operator_dispatch,0,mcts-root,,11307,7379.0,9785,3928,warm_or_first_iteration,,0
base,react_moa_mcts,inter_operator_dispatch,0,mcts-actor0,,15889,7379.0,9785,8510,warm_or_first_iteration,,0
base,react_moa_mcts,inter_operator_dispatch,0,moa-reduce,,15244,7379.0,9785,7865,warm_or_first_iteration,,0
base,react_moa_mcts,inter_operator_dispatch,0,mcts-critic,,14704,7379.0,9785,7325,warm_or_first_iteration,,0
base,react_moa_mcts,inter_operator_dispatch,1,react-plan,,9952,7379.0,9785,2573,sporadic,,0
base,react_moa_mcts,inter_operator_dispatch,1,moa-map1,,14235,7379.0,9785,6856,sporadic,,0
base,react_moa_mcts,inter_operator_dispatch,1,mcts-root,,10488,7379.0,9785,3109,sporadic,,0
base,react_moa_mcts,inter_operator_dispatch,2,react-plan,,13236,7379.0,9785,5857,sporadic,,0
base,react_moa_mcts,inter_operator_dispatch,2,react-answer,,13213,7379.0,9785,5834,sporadic,,0
base,react_moa_mcts,inter_operator_dispatch,2,react-answer,,11865,7379.0,9785,4486,sporadic,,0
base,react_moa_mcts,inter_operator_dispatch,2,mcts-critic,,16304,7379.0,9785,8925,sporadic,,0
base,react_moa_mcts,inter_operator_dispatch,3,react-plan,,12307,7379.0,9785,4928,sporadic,,0
base,react_moa_mcts,inter_operator_dispatch,3,moa-map0,,13229,7379.0,9785,5850,sporadic,,0
base,react_moa_mcts,inter_operator_dispatch,3,moa-map1,,14477,7379.0,9785,7098,sporadic,,0
base,react_moa_mcts,inter_operator_dispatch,3,mcts-root,,13822,7379.0,9785,6443,sporadic,,0
base,react_moa_mcts,inter_operator_dispatch,3,mcts-actor1,,12908,7379.0,9785,5529,sporadic,,0
base,react_moa_mcts,inter_operator_dispatch,4,mcts-root,,13965,7379.0,9785,6586,sporadic,,0
base,react_moa_mcts,inter_operator_dispatch,5,react-plan,,16099,7379.0,9785,8720,sporadic,,0
base,react_moa_mcts,inter_operator_dispatch,5,moa-map1,,13158,7379.0,9785,5779,sporadic,,0
base,react_moa_mcts,inter_operator_dispatch,5,mcts-actor0,,15198,7379.0,9785,7819,sporadic,,0
base,react_moa_mcts,inter_operator_dispatch,5,moa-reduce,,19015,7379.0,9785,11636,sporadic,,0
base,react_moa_mcts,inter_operator_dispatch,5,mcts-critic,,15589,7379.0,9785,8210,sporadic,,0
base,react_moa_mcts,inter_operator_dispatch,6,react-plan,,16196,7379.0,9785,8817,sporadic,,0
base,react_moa_mcts,inter_operator_dispatch,6,react-plan,,10704,7379.0,9785,3325,sporadic,,0
base,react_moa_mcts,inter_operator_dispatch,6,react-answer,,14822,7379.0,9785,7443,sporadic,,0
base,react_moa_mcts,inter_operator_dispatch,7,react-plan,,10653,7379.0,9785,3274,sporadic,,0
base,react_moa_mcts,inter_operator_dispatch,8,react-plan,,14174,7379.0,9785,6795,sporadic,,0
base,react_moa_mcts,inter_operator_dispatch,8,moa-map0,,10071,7379.0,9785,2692,sporadic,,0
base,react_moa_mcts,inter_operator_dispatch,8,moa-map1,,14535,7379.0,9785,7156,sporadic,,0
base,react_moa_mcts,inter_operator_dispatch,8,moa-map2,,11771,7379.0,9785,4392,sporadic,,0
base,react_moa_mcts,inter_operator_dispatch,8,mcts-root,,15392,7379.0,9785,8013,sporadic,,0
base,react_moa_mcts,inter_operator_dispatch,8,mcts-actor1,,15266,7379.0,9785,7887,sporadic,,0
base,react_moa_mcts,inter_operator_dispatch,8,react-answer,,15412,7379.0,9785,8033,sporadic,,0
base,react_moa_mcts,inter_operator_dispatch,8,mcts-critic,,10506,7379.0,9785,3127,sporadic,,0
base,react_moa_mcts,inter_operator_dispatch,9,react-plan,,18604,7379.0,9785,11225,sporadic,,0
base,react_moa_mcts,inter_operator_dispatch,9,moa-map0,,17001,7379.0,9785,9622,sporadic,,0
base,react_moa_mcts,inter_operator_dispatch,9,moa-map0,,12826,7379.0,9785,5447,sporadic,,0
base,react_moa_mcts,inter_operator_dispatch,9,moa-map1,,15300,7379.0,9785,7921,sporadic,,0
base,react_moa_mcts,inter_operator_dispatch,9,mcts-critic,,10148,7379.0,9785,2769,sporadic,,0
base,react_moa_mcts,inter_operator_dispatch,10,react-plan,,9854,7379.0,9785,2475,sporadic,,0
base,react_moa_mcts,inter_operator_dispatch,10,react-plan,,12427,7379.0,9785,5048,sporadic,,0
base,react_moa_mcts,inter_operator_dispatch,10,moa-map0,,12805,7379.0,9785,5426,sporadic,,0
base,react_moa_mcts,inter_operator_dispatch,10,mcts-root,,14721,7379.0,9785,7342,sporadic,,0
base,react_moa_mcts,inter_operator_dispatch,10,mcts-actor0,,14929,7379.0,9785,7550,sporadic,,0
base,react_moa_mcts,inter_operator_dispatch,10,mcts-actor1,,15420,7379.0,9785,8041,sporadic,,0
base,react_moa_mcts,inter_operator_dispatch,10,moa-reduce,,15205,7379.0,9785,7826,sporadic,,0
base,react_moa_mcts,inter_operator_dispatch,10,moa-reduce,,13215,7379.0,9785,5836,sporadic,,0
base,react_moa_mcts,inter_operator_dispatch,10,mcts-critic,,14844,7379.0,9785,7465,sporadic,,0
base,react_moa_mcts,inter_operator_dispatch,11,mcts-actor0,,13964,7379.0,9785,6585,sporadic,,0
base,react_moa_mcts,inter_operator_dispatch,12,react-plan,,10453,7379.0,9785,3074,sporadic,,0
base,react_moa_mcts,inter_operator_dispatch,12,moa-map0,,10409,7379.0,9785,3030,sporadic,,0
base,react_moa_mcts,inter_operator_dispatch,12,moa-map1,,17200,7379.0,9785,9821,sporadic,,0
base,react_moa_mcts,inter_operator_dispatch,12,moa-map2,,10204,7379.0,9785,2825,sporadic,,0
base,react_moa_mcts,inter_operator_dispatch,12,moa-map2,,17786,7379.0,9785,10407,sporadic,,0
base,react_moa_mcts,inter_operator_dispatch,12,mcts-root,,11747,7379.0,9785,4368,sporadic,,0
base,react_moa_mcts,inter_operator_dispatch,12,mcts-root,,18816,7379.0,9785,11437,sporadic,,0
base,react_moa_mcts,inter_operator_dispatch,12,mcts-actor0,,10913,7379.0,9785,3534,sporadic,,0
base,react_moa_mcts,inter_operator_dispatch,12,mcts-actor0,,10279,7379.0,9785,2900,sporadic,,0
base,react_moa_mcts,inter_operator_dispatch,12,mcts-actor1,,11608,7379.0,9785,4229,sporadic,,0
base,react_moa_mcts,inter_operator_dispatch,12,moa-reduce,,10967,7379.0,9785,3588,sporadic,,0
base,react_moa_mcts,inter_operator_dispatch,12,react-answer,,12259,7379.0,9785,4880,sporadic,,0
base,react_moa_mcts,inter_operator_dispatch,12,mcts-critic,,12872,7379.0,9785,5493,sporadic,,0
base,react_moa_mcts,inter_operator_dispatch,13,react-plan,,21729,7379.0,9785,14350,sporadic,,0
base,react_moa_mcts,inter_operator_dispatch,13,react-plan,,20899,7379.0,9785,13520,sporadic,,0
base,react_moa_mcts,inter_operator_dispatch,13,react-plan,,10229,7379.0,9785,2850,sporadic,,0
base,react_moa_mcts,inter_operator_dispatch,13,moa-map0,,12419,7379.0,9785,5040,sporadic,,0
base,react_moa_mcts,inter_operator_dispatch,13,moa-map0,,19010,7379.0,9785,11631,sporadic,,0
base,react_moa_mcts,inter_operator_dispatch,13,moa-map1,,20269,7379.0,9785,12890,sporadic,,0
base,react_moa_mcts,inter_operator_dispatch,13,moa-map2,,11154,7379.0,9785,3775,sporadic,,0
base,react_moa_mcts,inter_operator_dispatch,13,moa-map2,,22486,7379.0,9785,15107,sporadic,,0
base,react_moa_mcts,inter_operator_dispatch,13,mcts-root,,20329,7379.0,9785,12950,sporadic,,0
base,react_moa_mcts,inter_operator_dispatch,13,mcts-actor0,,11636,7379.0,9785,4257,sporadic,,0
base,react_moa_mcts,inter_operator_dispatch,13,mcts-actor1,,12386,7379.0,9785,5007,sporadic,,0
base,react_moa_mcts,inter_operator_dispatch,13,mcts-actor1,,10008,7379.0,9785,2629,sporadic,,0
base,react_moa_mcts,inter_operator_dispatch,13,moa-reduce,,10931,7379.0,9785,3552,sporadic,,0
base,react_moa_mcts,inter_operator_dispatch,13,react-answer,,10565,7379.0,9785,3186,sporadic,,0
base,react_moa_mcts,inter_operator_dispatch,13,mcts-critic,,11749,7379.0,9785,4370,sporadic,,0
base,react_moa_mcts,inter_operator_dispatch,13,mcts-critic,,14723,7379.0,9785,7344,sporadic,,0
base,react_moa_mcts,inter_operator_dispatch,14,react-plan,,12818,7379.0,9785,5439,sporadic,,0
base,react_moa_mcts,inter_operator_dispatch,14,moa-map0,,10655,7379.0,9785,3276,sporadic,,0
base,react_moa_mcts,inter_operator_dispatch,14,moa-map0,,9913,7379.0,9785,2534,sporadic,,0
base,react_moa_mcts,inter_operator_dispatch,14,moa-map1,,10809,7379.0,9785,3430,sporadic,,0
base,react_moa_mcts,inter_operator_dispatch,14,moa-map1,,13497,7379.0,9785,6118,sporadic,,0
base,react_moa_mcts,inter_operator_dispatch,14,moa-map2,,11630,7379.0,9785,4251,sporadic,,0
base,react_moa_mcts,inter_operator_dispatch,14,mcts-root,,10867,7379.0,9785,3488,sporadic,,0
base,react_moa_mcts,inter_operator_dispatch,14,mcts-actor0,,13724,7379.0,9785,6345,sporadic,,0
base,react_moa_mcts,inter_operator_dispatch,14,mcts-actor1,,11985,7379.0,9785,4606,sporadic,,0
base,react_moa_mcts,inter_operator_dispatch,14,moa-reduce,,12122,7379.0,9785,4743,sporadic,,0
base,react_moa_mcts,inter_operator_dispatch,14,react-answer,,10850,7379.0,9785,3471,sporadic,,0
base,react_moa_mcts,inter_operator_dispatch,14,mcts-critic,,12573,7379.0,9785,5194,sporadic,,0
base,react_moa_mcts,inter_operator_dispatch,15,react-plan,,10782,7379.0,9785,3403,sporadic,,0
base,react_moa_mcts,inter_operator_dispatch,15,moa-map0,,11714,7379.0,9785,4335,sporadic,,0
base,react_moa_mcts,inter_operator_dispatch,15,moa-map0,,15018,7379.0,9785,7639,sporadic,,0
base,react_moa_mcts,inter_operator_dispatch,15,moa-map1,,23806,7379.0,9785,16427,sporadic,,0
base,react_moa_mcts,inter_operator_dispatch,15,moa-map2,,14577,7379.0,9785,7198,sporadic,,0
base,react_moa_mcts,inter_operator_dispatch,15,mcts-root,,11456,7379.0,9785,4077,sporadic,,0
base,react_moa_mcts,inter_operator_dispatch,15,mcts-root,,12803,7379.0,9785,5424,sporadic,,0
base,react_moa_mcts,inter_operator_dispatch,15,mcts-actor0,,22194,7379.0,9785,14815,sporadic,,0
base,react_moa_mcts,inter_operator_dispatch,15,mcts-actor1,,14347,7379.0,9785,6968,sporadic,,0
base,react_moa_mcts,inter_operator_dispatch,15,moa-reduce,,20983,7379.0,9785,13604,sporadic,,0
base,react_moa_mcts,inter_operator_dispatch,15,react-answer,,12312,7379.0,9785,4933,sporadic,,0
base,react_moa_mcts,inter_operator_dispatch,15,react-answer,,12421,7379.0,9785,5042,sporadic,,0
base,react_moa_mcts,inter_operator_dispatch,15,mcts-critic,,24279,7379.0,9785,16900,sporadic,,0
base,react_moa_mcts,inter_operator_dispatch,16,react-plan,,11381,7379.0,9785,4002,sporadic,,0
base,react_moa_mcts,inter_operator_dispatch,16,moa-map0,,17229,7379.0,9785,9850,sporadic,,0
base,react_moa_mcts,inter_operator_dispatch,16,moa-map0,,23195,7379.0,9785,15816,sporadic,,0
base,react_moa_mcts,inter_operator_dispatch,16,moa-map1,,15073,7379.0,9785,7694,sporadic,,0
base,react_moa_mcts,inter_operator_dispatch,16,moa-map1,,10833,7379.0,9785,3454,sporadic,,0
base,react_moa_mcts,inter_operator_dispatch,16,moa-map1,,20199,7379.0,9785,12820,sporadic,,0
base,react_moa_mcts,inter_operator_dispatch,16,moa-map2,,14147,7379.0,9785,6768,sporadic,,0
base,react_moa_mcts,inter_operator_dispatch,16,mcts-root,,13649,7379.0,9785,6270,sporadic,,0
base,react_moa_mcts,inter_operator_dispatch,16,mcts-actor0,,12069,7379.0,9785,4690,sporadic,,0
base,react_moa_mcts,inter_operator_dispatch,16,mcts-actor1,,11139,7379.0,9785,3760,sporadic,,0
base,react_moa_mcts,inter_operator_dispatch,16,moa-reduce,,11467,7379.0,9785,4088,sporadic,,0
base,react_moa_mcts,inter_operator_dispatch,16,moa-reduce,,20186,7379.0,9785,12807,sporadic,,0
base,react_moa_mcts,inter_operator_dispatch,16,react-answer,,11771,7379.0,9785,4392,sporadic,,0
base,react_moa_mcts,inter_operator_dispatch,16,react-answer,,15173,7379.0,9785,7794,sporadic,,0
base,react_moa_mcts,inter_operator_dispatch,16,react-answer,,14191,7379.0,9785,6812,sporadic,,0
base,react_moa_mcts,inter_operator_dispatch,16,react-answer,,10829,7379.0,9785,3450,sporadic,,0
base,react_moa_mcts,inter_operator_dispatch,16,mcts-critic,,11155,7379.0,9785,3776,sporadic,,0
base,react_moa_mcts,inter_operator_dispatch,16,mcts-critic,,9982,7379.0,9785,2603,sporadic,,0
base,react_moa_mcts,inter_operator_dispatch,17,react-plan,,11043,7379.0,9785,3664,sporadic,,0
base,react_moa_mcts,inter_operator_dispatch,17,react-plan,,18727,7379.0,9785,11348,sporadic,,0
base,react_moa_mcts,inter_operator_dispatch,17,moa-map0,,14702,7379.0,9785,7323,sporadic,,0
base,react_moa_mcts,inter_operator_dispatch,17,moa-map0,,11009,7379.0,9785,3630,sporadic,,0
base,react_moa_mcts,inter_operator_dispatch,17,moa-map1,,10559,7379.0,9785,3180,sporadic,,0
base,react_moa_mcts,inter_operator_dispatch,17,moa-map2,,12087,7379.0,9785,4708,sporadic,,0
base,react_moa_mcts,inter_operator_dispatch,17,mcts-root,,13763,7379.0,9785,6384,sporadic,,0
base,react_moa_mcts,inter_operator_dispatch,17,mcts-actor0,,12081,7379.0,9785,4702,sporadic,,0
base,react_moa_mcts,inter_operator_dispatch,17,mcts-actor1,,10886,7379.0,9785,3507,sporadic,,0
base,react_moa_mcts,inter_operator_dispatch,17,moa-reduce,,11806,7379.0,9785,4427,sporadic,,0
base,react_moa_mcts,inter_operator_dispatch,17,react-answer,,11787,7379.0,9785,4408,sporadic,,0
base,react_moa_mcts,inter_operator_dispatch,17,react-answer,,18530,7379.0,9785,11151,sporadic,,0
base,react_moa_mcts,inter_operator_dispatch,17,mcts-critic,,13030,7379.0,9785,5651,sporadic,,0
base,react_moa_mcts,inter_operator_dispatch,18,react-plan,,21956,7379.0,9785,14577,sporadic,,0
base,react_moa_mcts,inter_operator_dispatch,18,react-plan,,21463,7379.0,9785,14084,sporadic,,0
base,react_moa_mcts,inter_operator_dispatch,18,moa-map0,,11749,7379.0,9785,4370,sporadic,,0
base,react_moa_mcts,inter_operator_dispatch,18,moa-map1,,20156,7379.0,9785,12777,sporadic,,0
base,react_moa_mcts,inter_operator_dispatch,18,moa-map2,,11052,7379.0,9785,3673,sporadic,,0
base,react_moa_mcts,inter_operator_dispatch,18,mcts-root,,19390,7379.0,9785,12011,sporadic,,0
base,react_moa_mcts,inter_operator_dispatch,18,mcts-root,,18994,7379.0,9785,11615,sporadic,,0
base,react_moa_mcts,inter_operator_dispatch,18,mcts-actor0,,10906,7379.0,9785,3527,sporadic,,0
base,react_moa_mcts,inter_operator_dispatch,18,mcts-actor1,,11509,7379.0,9785,4130,sporadic,,0
base,react_moa_mcts,inter_operator_dispatch,18,moa-reduce,,11725,7379.0,9785,4346,sporadic,,0
base,react_moa_mcts,inter_operator_dispatch,18,react-answer,,10175,7379.0,9785,2796,sporadic,,0
base,react_moa_mcts,inter_operator_dispatch,18,mcts-critic,,10299,7379.0,9785,2920,sporadic,,0
base,react_moa_mcts,inter_operator_dispatch,18,mcts-critic,,10428,7379.0,9785,3049,sporadic,,0
base,react_moa_mcts,inter_operator_dispatch,19,react-plan,,10979,7379.0,9785,3600,sporadic,,0
base,react_moa_mcts,inter_operator_dispatch,19,react-plan,,10389,7379.0,9785,3010,sporadic,,0
base,react_moa_mcts,inter_operator_dispatch,19,moa-map0,,10790,7379.0,9785,3411,sporadic,,0
base,react_moa_mcts,inter_operator_dispatch,19,moa-map1,,10094,7379.0,9785,2715,sporadic,,0
base,react_moa_mcts,inter_operator_dispatch,19,moa-map2,,10358,7379.0,9785,2979,sporadic,,0
base,react_moa_mcts,inter_operator_dispatch,19,mcts-root,,11037,7379.0,9785,3658,sporadic,,0
base,react_moa_mcts,inter_operator_dispatch,19,mcts-actor0,,10761,7379.0,9785,3382,sporadic,,0
base,react_moa_mcts,inter_operator_dispatch,19,mcts-actor1,,10922,7379.0,9785,3543,sporadic,,0
base,react_moa_mcts,inter_operator_dispatch,19,mcts-actor1,,14979,7379.0,9785,7600,sporadic,,0
base,react_moa_mcts,inter_operator_dispatch,19,moa-reduce,,10842,7379.0,9785,3463,sporadic,,0
base,react_moa_mcts,inter_operator_dispatch,19,moa-reduce,,10007,7379.0,9785,2628,sporadic,,0
base,react_moa_mcts,inter_operator_dispatch,19,react-answer,,11105,7379.0,9785,3726,sporadic,,0
base,react_moa_mcts,inter_operator_dispatch,19,mcts-critic,,11457,7379.0,9785,4078,sporadic,,0
base,react_moa_mcts,mir_operator:AddOp,13,moa-map1,7,118532,100348.0,115372,18184,sporadic,cudaLaunchKernel,1952
base,react_moa_mcts,mir_operator:AddOp,14,react-plan,7,126884,100348.0,115372,26536,sporadic,cudaLaunchKernel,1440
base,react_moa_mcts,mir_operator:AddOp,14,mcts-root,7,118062,100348.0,115372,17714,sporadic,cudaLaunchKernel,2080
base,react_moa_mcts,mir_operator:AddOp,14,mcts-critic,7,122650,100348.0,115372,22302,sporadic,cudaEventSynchronize,18717
base,react_moa_mcts,mir_operator:AddOp,15,mcts-actor1,7,116646,100348.0,115372,16298,sporadic,cudaLaunchKernel,2111
base,react_moa_mcts,mir_operator:AddOp,15,moa-reduce,7,143078,100348.0,115372,42730,sporadic,cudaLaunchKernel,2048
base,react_moa_mcts,mir_operator:AddOp,16,mcts-actor0,7,117022,100348.0,115372,16674,sporadic,cudaLaunchKernel,2112
base,react_moa_mcts,mir_operator:AddOp,16,moa-reduce,7,123185,100348.0,115372,22837,sporadic,cudaLaunchKernel,2080
base,react_moa_mcts,mir_operator:AddOp,17,moa-map0,7,134922,100348.0,115372,34574,sporadic,cudaLaunchKernel,2080
base,react_moa_mcts,mir_operator:AddOp,18,mcts-actor0,7,136008,100348.0,115372,35660,sporadic,cudaLaunchKernel,2112
base,react_moa_mcts,mir_operator:AddOp,18,mcts-actor1,7,216928,100348.0,115372,116580,sporadic,cudaEventSynchronize,1983
base,react_moa_mcts,mir_operator:AddOp,18,mcts-critic,7,118431,100348.0,115372,18083,sporadic,cudaEventSynchronize,2015
base,react_moa_mcts,mir_operator:AddOp,19,moa-map0,7,118228,100348.0,115372,17880,sporadic,cudaEventRecord,2111
base,react_moa_mcts,mir_operator:AddOp,19,mcts-actor0,7,119725,100348.0,115372,19377,sporadic,cudaLaunchKernel,2079
base,react_moa_mcts,mir_operator:AddOp,19,mcts-critic,7,176021,100348.0,115372,75673,sporadic,cudaEventSynchronize,47064
base,react_moa_mcts,mir_operator:LinearOp,0,react-plan,10,169479,102990.5,130742,66488,warm_or_first_iteration,cudaMemsetAsync,12926
base,react_moa_mcts,mir_operator:LinearOp,1,react-plan,10,153578,102990.5,130742,50588,sporadic,cudaMemsetAsync,12958
base,react_moa_mcts,mir_operator:LinearOp,1,mcts-actor1,10,241556,102990.5,130742,138566,sporadic,cudaEventSynchronize,20157
base,react_moa_mcts,mir_operator:LinearOp,2,react-plan,10,160762,102990.5,130742,57772,sporadic,cudaMemsetAsync,13086
base,react_moa_mcts,mir_operator:LinearOp,3,react-plan,10,159874,102990.5,130742,56884,sporadic,cudaMemsetAsync,12830
base,react_moa_mcts,mir_operator:LinearOp,4,react-plan,10,163378,102990.5,130742,60388,sporadic,cudaMemsetAsync,12894
base,react_moa_mcts,mir_operator:LinearOp,5,react-plan,10,149406,102990.5,130742,46416,sporadic,cudaMemsetAsync,12894
base,react_moa_mcts,mir_operator:LinearOp,6,react-plan,10,160714,102990.5,130742,57724,sporadic,cudaMemsetAsync,12958
base,react_moa_mcts,mir_operator:LinearOp,6,react-plan,11,139120,102990.5,130742,36130,sporadic,cuLaunchKernel,12733
base,react_moa_mcts,mir_operator:LinearOp,7,react-plan,10,155520,102990.5,130742,52530,sporadic,cuLaunchKernel,12958
base,react_moa_mcts,mir_operator:LinearOp,7,moa-map1,12,201066,102990.5,130742,98076,sporadic,cudaEventSynchronize,129260
base,react_moa_mcts,mir_operator:LinearOp,8,react-plan,10,151900,102990.5,130742,48910,sporadic,cudaMemsetAsync,12893
base,react_moa_mcts,mir_operator:LinearOp,8,mcts-critic,11,131040,102990.5,130742,28050,sporadic,cudaLaunchKernel,20125
base,react_moa_mcts,mir_operator:LinearOp,8,mcts-critic,12,147403,102990.5,130742,44412,sporadic,cudaLaunchKernel,20188
base,react_moa_mcts,mir_operator:LinearOp,9,react-plan,10,156300,102990.5,130742,53310,sporadic,cudaMemsetAsync,12862
base,react_moa_mcts,mir_operator:LinearOp,10,react-plan,10,223599,102990.5,130742,120608,sporadic,cudaMemsetAsync,12862
base,react_moa_mcts,mir_operator:LinearOp,10,react-plan,11,152821,102990.5,130742,49830,sporadic,cuLaunchKernel,12702
base,react_moa_mcts,mir_operator:LinearOp,11,react-plan,10,154833,102990.5,130742,51842,sporadic,cudaMemsetAsync,12830
base,react_moa_mcts,mir_operator:LinearOp,11,moa-map0,10,139597,102990.5,130742,36606,sporadic,cudaLaunchKernel,20157
base,react_moa_mcts,mir_operator:LinearOp,11,mcts-actor0,10,140160,102990.5,130742,37170,sporadic,cudaLaunchKernel,20093
base,react_moa_mcts,mir_operator:LinearOp,11,moa-reduce,10,133697,102990.5,130742,30706,sporadic,cudaLaunchKernel,20156
base,react_moa_mcts,mir_operator:LinearOp,12,react-plan,10,165268,102990.5,130742,62278,sporadic,cudaMemsetAsync,12926
base,react_moa_mcts,mir_operator:LinearOp,12,moa-map1,10,134937,102990.5,130742,31946,sporadic,cudaLaunchKernel,20188
base,react_moa_mcts,mir_operator:LinearOp,12,mcts-root,10,135578,102990.5,130742,32588,sporadic,cudaLaunchKernel,20125
base,react_moa_mcts,mir_operator:LinearOp,12,mcts-actor0,10,145323,102990.5,130742,42332,sporadic,cudaLaunchKernel,20092
base,react_moa_mcts,mir_operator:LinearOp,12,mcts-actor1,10,133419,102990.5,130742,30428,sporadic,cudaLaunchKernel,20188
base,react_moa_mcts,mir_operator:LinearOp,12,moa-reduce,10,162577,102990.5,130742,59586,sporadic,cudaLaunchKernel,20125
base,react_moa_mcts,mir_operator:LinearOp,12,react-answer,10,145058,102990.5,130742,42068,sporadic,cudaLaunchKernel,14622
base,react_moa_mcts,mir_operator:LinearOp,12,mcts-critic,10,145160,102990.5,130742,42170,sporadic,cudaLaunchKernel,20221
base,react_moa_mcts,mir_operator:LinearOp,13,react-plan,10,196550,102990.5,130742,93560,sporadic,cudaMemsetAsync,12990
base,react_moa_mcts,mir_operator:LinearOp,13,moa-map0,10,136177,102990.5,130742,33186,sporadic,cudaLaunchKernel,20221
base,react_moa_mcts,mir_operator:LinearOp,13,moa-map1,10,132143,102990.5,130742,29152,sporadic,cudaLaunchKernel,20157
base,react_moa_mcts,mir_operator:LinearOp,13,moa-map2,10,133229,102990.5,130742,30238,sporadic,cudaLaunchKernel,19933
base,react_moa_mcts,mir_operator:LinearOp,13,mcts-root,10,140718,102990.5,130742,37728,sporadic,cudaLaunchKernel,20125
base,react_moa_mcts,mir_operator:LinearOp,13,mcts-actor0,10,153544,102990.5,130742,50554,sporadic,cudaLaunchKernel,20125
base,react_moa_mcts,mir_operator:LinearOp,13,mcts-actor1,10,133742,102990.5,130742,30752,sporadic,cudaLaunchKernel,20093
base,react_moa_mcts,mir_operator:LinearOp,13,moa-reduce,10,262629,102990.5,130742,159638,sporadic,cudaEventSynchronize,20029
base,react_moa_mcts,mir_operator:LinearOp,13,moa-reduce,12,170087,102990.5,130742,67096,sporadic,cudaEventSynchronize,20125
base,react_moa_mcts,mir_operator:LinearOp,13,react-answer,10,148938,102990.5,130742,45948,sporadic,cudaLaunchKernel,14589
base,react_moa_mcts,mir_operator:LinearOp,14,react-plan,10,190212,102990.5,130742,87222,sporadic,cudaMemsetAsync,12894
base,react_moa_mcts,mir_operator:LinearOp,14,moa-map1,10,163911,102990.5,130742,60920,sporadic,cudaLaunchKernel,20157
base,react_moa_mcts,mir_operator:LinearOp,14,mcts-actor0,10,137239,102990.5,130742,34248,sporadic,cudaLaunchKernel,20124
base,react_moa_mcts,mir_operator:LinearOp,14,mcts-actor0,12,149249,102990.5,130742,46258,sporadic,cudaLaunchKernel,19965
base,react_moa_mcts,mir_operator:LinearOp,14,mcts-actor1,10,133015,102990.5,130742,30024,sporadic,cudaLaunchKernel,20093
base,react_moa_mcts,mir_operator:LinearOp,14,react-answer,10,154762,102990.5,130742,51772,sporadic,cudaLaunchKernel,14557
base,react_moa_mcts,mir_operator:LinearOp,15,react-plan,10,189728,102990.5,130742,86738,sporadic,cudaMemsetAsync,13022
base,react_moa_mcts,mir_operator:LinearOp,15,moa-map0,10,149818,102990.5,130742,46828,sporadic,cudaLaunchKernel,20125
base,react_moa_mcts,mir_operator:LinearOp,15,moa-map2,10,147648,102990.5,130742,44658,sporadic,cudaLaunchKernel,20093
base,react_moa_mcts,mir_operator:LinearOp,15,mcts-root,10,163832,102990.5,130742,60842,sporadic,cudaLaunchKernel,20093
base,react_moa_mcts,mir_operator:LinearOp,15,mcts-actor0,10,139136,102990.5,130742,36146,sporadic,cudaLaunchKernel,20060
base,react_moa_mcts,mir_operator:LinearOp,15,mcts-actor1,10,133249,102990.5,130742,30258,sporadic,cudaLaunchKernel,20189
base,react_moa_mcts,mir_operator:LinearOp,15,moa-reduce,10,157936,102990.5,130742,54946,sporadic,cudaLaunchKernel,19965
base,react_moa_mcts,mir_operator:LinearOp,15,react-answer,10,150573,102990.5,130742,47582,sporadic,cudaLaunchKernel,14589
base,react_moa_mcts,mir_operator:LinearOp,15,mcts-critic,10,159674,102990.5,130742,56684,sporadic,cudaLaunchKernel,19997
base,react_moa_mcts,mir_operator:LinearOp,16,react-plan,10,204742,102990.5,130742,101752,sporadic,cudaMemsetAsync,12958
base,react_moa_mcts,mir_operator:LinearOp,16,react-plan,11,141105,102990.5,130742,38114,sporadic,cuLaunchKernel,12734
base,react_moa_mcts,mir_operator:LinearOp,16,moa-map0,10,198427,102990.5,130742,95436,sporadic,cudaLaunchKernel,20061
base,react_moa_mcts,mir_operator:LinearOp,16,moa-map1,10,198419,102990.5,130742,95428,sporadic,cudaLaunchKernel,20349
base,react_moa_mcts,mir_operator:LinearOp,16,moa-map2,10,189674,102990.5,130742,86684,sporadic,cudaLaunchKernel,20125
base,react_moa_mcts,mir_operator:LinearOp,16,mcts-root,10,167103,102990.5,130742,64112,sporadic,cudaLaunchKernel,19932
base,react_moa_mcts,mir_operator:LinearOp,16,mcts-root,12,145480,102990.5,130742,42490,sporadic,cudaLaunchKernel,19997
base,react_moa_mcts,mir_operator:LinearOp,16,mcts-actor0,10,135574,102990.5,130742,32584,sporadic,cudaLaunchKernel,20060
base,react_moa_mcts,mir_operator:LinearOp,16,mcts-actor1,10,132321,102990.5,130742,29330,sporadic,cudaLaunchKernel,20093
base,react_moa_mcts,mir_operator:LinearOp,16,moa-reduce,10,144810,102990.5,130742,41820,sporadic,cudaLaunchKernel,20157
base,react_moa_mcts,mir_operator:LinearOp,16,react-answer,10,200138,102990.5,130742,97148,sporadic,cudaLaunchKernel,14590
base,react_moa_mcts,mir_operator:LinearOp,16,react-answer,11,169454,102990.5,130742,66464,sporadic,cudaLaunchKernel,14622
base,react_moa_mcts,mir_operator:LinearOp,16,mcts-critic,10,166880,102990.5,130742,63890,sporadic,cudaLaunchKernel,20188
base,react_moa_mcts,mir_operator:LinearOp,17,react-plan,10,202607,102990.5,130742,99616,sporadic,cudaMemsetAsync,12926
base,react_moa_mcts,mir_operator:LinearOp,17,moa-map0,10,134354,102990.5,130742,31364,sporadic,cudaLaunchKernel,20157
base,react_moa_mcts,mir_operator:LinearOp,17,moa-map2,10,149509,102990.5,130742,46518,sporadic,cudaLaunchKernel,19997
base,react_moa_mcts,mir_operator:LinearOp,17,mcts-root,10,179550,102990.5,130742,76560,sporadic,cudaLaunchKernel,20253
base,react_moa_mcts,mir_operator:LinearOp,17,mcts-actor0,10,145705,102990.5,130742,42714,sporadic,cudaLaunchKernel,20061
base,react_moa_mcts,mir_operator:LinearOp,17,mcts-actor1,10,137009,102990.5,130742,34018,sporadic,cudaLaunchKernel,20189
base,react_moa_mcts,mir_operator:LinearOp,17,moa-reduce,10,131171,102990.5,130742,28180,sporadic,cudaLaunchKernel,20253
base,react_moa_mcts,mir_operator:LinearOp,17,react-answer,10,138291,102990.5,130742,35300,sporadic,cudaLaunchKernel,14590
base,react_moa_mcts,mir_operator:LinearOp,17,mcts-critic,10,171539,102990.5,130742,68548,sporadic,cudaLaunchKernel,20157
base,react_moa_mcts,mir_operator:LinearOp,18,react-plan,10,198868,102990.5,130742,95878,sporadic,cudaMemsetAsync,12798
base,react_moa_mcts,mir_operator:LinearOp,18,react-plan,11,130804,102990.5,130742,27814,sporadic,cuLaunchKernel,12766
base,react_moa_mcts,mir_operator:LinearOp,18,moa-map0,10,135355,102990.5,130742,32364,sporadic,cudaLaunchKernel,20189
base,react_moa_mcts,mir_operator:LinearOp,18,moa-map1,10,133265,102990.5,130742,30274,sporadic,cudaLaunchKernel,20189
base,react_moa_mcts,mir_operator:LinearOp,18,moa-map2,10,131638,102990.5,130742,28648,sporadic,cudaLaunchKernel,20061
base,react_moa_mcts,mir_operator:LinearOp,18,mcts-actor0,10,322429,102990.5,130742,219438,sporadic,cudaEventSynchronize,204831
base,react_moa_mcts,mir_operator:LinearOp,18,mcts-actor0,11,206480,102990.5,130742,103490,sporadic,cudaEventSynchronize,20412
base,react_moa_mcts,mir_operator:LinearOp,18,mcts-actor1,10,140865,102990.5,130742,37874,sporadic,cudaLaunchKernel,20381
base,react_moa_mcts,mir_operator:LinearOp,18,react-answer,10,136558,102990.5,130742,33568,sporadic,cudaLaunchKernel,14590
base,react_moa_mcts,mir_operator:LinearOp,18,mcts-critic,10,175227,102990.5,130742,72236,sporadic,cudaLaunchKernel,20157
base,react_moa_mcts,mir_operator:LinearOp,19,react-plan,10,204295,102990.5,130742,101304,sporadic,cudaMemsetAsync,12894
base,react_moa_mcts,mir_operator:LinearOp,19,moa-reduce,10,131327,102990.5,130742,28336,sporadic,cudaLaunchKernel,20061
base,react_moa_mcts,mir_operator:LinearOp,19,react-answer,10,134619,102990.5,130742,31628,sporadic,cudaLaunchKernel,14590
base,react_moa_mcts,mir_operator:LinearOp,19,mcts-critic,10,148595,102990.5,130742,45604,sporadic,cudaLaunchKernel,20125
base,react_moa_mcts,mir_operator:ViewOp,6,moa-reduce,13,305601,68861.5,77728,236740,sporadic,cudaEventRecord,0
base,react_moa_mcts,mir_operator:ViewOp,7,moa-map1,13,131862,68861.5,77728,63000,sporadic,cudaEventSynchronize,0
base,react_moa_mcts,mir_operator:ViewOp,10,mcts-actor1,13,78306,68861.5,77728,9444,sporadic,cudaEventSynchronize,0
base,react_moa_mcts,mir_operator:ViewOp,14,moa-map0,13,81267,68861.5,77728,12406,sporadic,cudaEventRecord,0
base,react_moa_mcts,mir_operator:ViewOp,14,mcts-actor1,13,87839,68861.5,77728,18978,sporadic,cudaEventRecord,0
base,react_moa_mcts,mir_operator:ViewOp,15,mcts-root,13,84211,68861.5,77728,15350,sporadic,cudaEventRecord,0
base,react_moa_mcts,mir_operator:ViewOp,15,mcts-actor1,13,93785,68861.5,77728,24924,sporadic,cudaEventRecord,0
base,react_moa_mcts,mir_operator:ViewOp,16,moa-map0,13,83831,68861.5,77728,14970,sporadic,cudaEventRecord,0
base,react_moa_mcts,mir_operator:ViewOp,16,moa-map1,13,95574,68861.5,77728,26712,sporadic,cudaEventCreateWithFlags,0
base,react_moa_mcts,mir_operator:ViewOp,16,moa-map2,13,80091,68861.5,77728,11230,sporadic,cudaEventRecord,0
base,react_moa_mcts,mir_operator:ViewOp,16,mcts-root,13,82499,68861.5,77728,13638,sporadic,cudaEventRecord,0
base,react_moa_mcts,mir_operator:ViewOp,16,react-answer,13,80083,68861.5,77728,11222,sporadic,cudaEventRecord,0
base,react_moa_mcts,mir_operator:ViewOp,17,mcts-root,13,78294,68861.5,77728,9432,sporadic,cudaEventRecord,0
base,react_moa_mcts,mir_operator:ViewOp,18,mcts-critic,13,80652,68861.5,77728,11790,sporadic,cudaEventRecord,0
base,react_moa_mcts,mir_operator:TransposeOp,5,mcts-actor1,14,196461,116141.5,138240,80320,sporadic,cudaEventSynchronize,108879
base,react_moa_mcts,mir_operator:TransposeOp,12,mcts-root,14,141710,116141.5,138240,25568,sporadic,cudaLaunchKernel,12254
base,react_moa_mcts,mir_operator:TransposeOp,12,react-answer,14,159432,116141.5,138240,43290,sporadic,cudaLaunchKernel,12222
base,react_moa_mcts,mir_operator:TransposeOp,12,mcts-critic,14,148554,116141.5,138240,32412,sporadic,cudaLaunchKernel,12318
base,react_moa_mcts,mir_operator:TransposeOp,13,moa-map2,14,140846,116141.5,138240,24704,sporadic,cudaEventSynchronize,12574
base,react_moa_mcts,mir_operator:TransposeOp,13,mcts-actor1,14,146339,116141.5,138240,30198,sporadic,cudaLaunchKernel,12446
base,react_moa_mcts,mir_operator:TransposeOp,14,react-plan,14,145663,116141.5,138240,29522,sporadic,cudaLaunchKernel,9406
base,react_moa_mcts,mir_operator:TransposeOp,14,moa-map1,14,151379,116141.5,138240,35238,sporadic,cudaLaunchKernel,12734
base,react_moa_mcts,mir_operator:TransposeOp,15,mcts-critic,14,154061,116141.5,138240,37920,sporadic,cudaLaunchKernel,12574
base,react_moa_mcts,mir_operator:TransposeOp,16,moa-map0,14,155402,116141.5,138240,39260,sporadic,cudaLaunchKernel,12190
base,react_moa_mcts,mir_operator:TransposeOp,16,moa-map1,14,156301,116141.5,138240,40160,sporadic,cudaLaunchKernel,12446
base,react_moa_mcts,mir_operator:TransposeOp,16,moa-map2,14,146130,116141.5,138240,29988,sporadic,cudaLaunchKernel,12382
base,react_moa_mcts,mir_operator:TransposeOp,16,mcts-root,14,146306,116141.5,138240,30164,sporadic,cudaLaunchKernel,12446
base,react_moa_mcts,mir_operator:TransposeOp,16,react-answer,14,187751,116141.5,138240,71610,sporadic,cudaLaunchKernel,12126
base,react_moa_mcts,mir_operator:TransposeOp,17,react-plan,14,139569,116141.5,138240,23428,sporadic,cudaLaunchKernel,9342
base,react_moa_mcts,mir_operator:TransposeOp,17,mcts-root,14,138781,116141.5,138240,22640,sporadic,cudaLaunchKernel,12670
base,react_moa_mcts,pre_d2h_alloc,2,moa-map2,,18658,10710.0,15388,7948,sporadic,,0
base,react_moa_mcts,pre_d2h_alloc,6,react-plan,,16186,10710.0,15388,5476,sporadic,,0
base,react_moa_mcts,pre_d2h_alloc,7,mcts-actor0,,17243,10710.0,15388,6533,sporadic,,0
base,react_moa_mcts,pre_d2h_alloc,12,mcts-root,,15972,10710.0,15388,5262,sporadic,,0
base,react_moa_mcts,pre_d2h_alloc,12,mcts-actor1,,28823,10710.0,15388,18113,sporadic,,0
base,react_moa_mcts,pre_d2h_alloc,12,react-answer,,17485,10710.0,15388,6775,sporadic,,0
base,react_moa_mcts,pre_d2h_alloc,12,mcts-critic,,17376,10710.0,15388,6666,sporadic,,0
base,react_moa_mcts,pre_d2h_alloc,13,react-plan,,16335,10710.0,15388,5625,sporadic,,0
base,react_moa_mcts,pre_d2h_alloc,13,moa-map0,,16071,10710.0,15388,5361,sporadic,,0
base,react_moa_mcts,pre_d2h_alloc,13,moa-map1,,15841,10710.0,15388,5131,sporadic,,0
base,react_moa_mcts,pre_d2h_alloc,13,moa-map2,,15718,10710.0,15388,5008,sporadic,,0
base,react_moa_mcts,pre_d2h_alloc,13,mcts-root,,15881,10710.0,15388,5171,sporadic,,0
base,react_moa_mcts,pre_d2h_alloc,13,mcts-actor1,,16396,10710.0,15388,5686,sporadic,,0
base,react_moa_mcts,pre_d2h_alloc,13,moa-reduce,,15758,10710.0,15388,5048,sporadic,,0
base,react_moa_mcts,pre_d2h_alloc,13,react-answer,,15929,10710.0,15388,5219,sporadic,,0
base,react_moa_mcts,pre_d2h_alloc,13,mcts-critic,,16063,10710.0,15388,5353,sporadic,,0
base,react_moa_mcts,pre_d2h_alloc,14,react-plan,,17577,10710.0,15388,6867,sporadic,,0
base,react_moa_mcts,pre_d2h_alloc,14,moa-map0,,15811,10710.0,15388,5101,sporadic,,0
base,react_moa_mcts,pre_d2h_alloc,14,moa-map1,,16913,10710.0,15388,6203,sporadic,,0
base,react_moa_mcts,pre_d2h_alloc,14,mcts-actor0,,16957,10710.0,15388,6247,sporadic,,0
base,react_moa_mcts,pre_d2h_alloc,14,mcts-actor1,,15522,10710.0,15388,4812,sporadic,,0
base,react_moa_mcts,pre_d2h_alloc,14,moa-reduce,,16003,10710.0,15388,5293,sporadic,,0
base,react_moa_mcts,pre_d2h_alloc,14,mcts-critic,,15786,10710.0,15388,5076,sporadic,,0
base,react_moa_mcts,pre_d2h_alloc,15,react-plan,,15461,10710.0,15388,4751,sporadic,,0
base,react_moa_mcts,pre_d2h_alloc,15,moa-map0,,15860,10710.0,15388,5150,sporadic,,0
base,react_moa_mcts,pre_d2h_alloc,15,moa-map2,,16184,10710.0,15388,5474,sporadic,,0
base,react_moa_mcts,pre_d2h_alloc,15,mcts-root,,15591,10710.0,15388,4881,sporadic,,0
base,react_moa_mcts,pre_d2h_alloc,15,mcts-actor0,,15688,10710.0,15388,4978,sporadic,,0
base,react_moa_mcts,pre_d2h_alloc,15,mcts-actor1,,15794,10710.0,15388,5084,sporadic,,0
base,react_moa_mcts,pre_d2h_alloc,15,moa-reduce,,16030,10710.0,15388,5320,sporadic,,0
base,react_moa_mcts,pre_d2h_alloc,15,react-answer,,16643,10710.0,15388,5933,sporadic,,0
base,react_moa_mcts,pre_d2h_alloc,15,mcts-critic,,19661,10710.0,15388,8951,sporadic,,0
base,react_moa_mcts,pre_d2h_alloc,16,react-plan,,18037,10710.0,15388,7327,sporadic,,0
base,react_moa_mcts,pre_d2h_alloc,16,moa-map0,,30677,10710.0,15388,19967,sporadic,,0
base,react_moa_mcts,pre_d2h_alloc,16,moa-map1,,20319,10710.0,15388,9609,sporadic,,0
base,react_moa_mcts,pre_d2h_alloc,16,moa-map2,,20639,10710.0,15388,9929,sporadic,,0
base,react_moa_mcts,pre_d2h_alloc,16,mcts-root,,17140,10710.0,15388,6430,sporadic,,0
base,react_moa_mcts,pre_d2h_alloc,16,mcts-actor0,,15933,10710.0,15388,5223,sporadic,,0
base,react_moa_mcts,pre_d2h_alloc,16,mcts-actor1,,16154,10710.0,15388,5444,sporadic,,0
base,react_moa_mcts,pre_d2h_alloc,16,moa-reduce,,16631,10710.0,15388,5921,sporadic,,0
base,react_moa_mcts,pre_d2h_alloc,16,react-answer,,22762,10710.0,15388,12052,sporadic,,0
base,react_moa_mcts,pre_d2h_alloc,16,mcts-critic,,17203,10710.0,15388,6493,sporadic,,0
base,react_moa_mcts,pre_d2h_alloc,17,react-plan,,23488,10710.0,15388,12778,sporadic,,0
base,react_moa_mcts,pre_d2h_alloc,17,moa-map0,,16050,10710.0,15388,5340,sporadic,,0
base,react_moa_mcts,pre_d2h_alloc,17,moa-map1,,15657,10710.0,15388,4947,sporadic,,0
base,react_moa_mcts,pre_d2h_alloc,17,moa-map2,,16545,10710.0,15388,5835,sporadic,,0
base,react_moa_mcts,pre_d2h_alloc,17,mcts-root,,19703,10710.0,15388,8993,sporadic,,0
base,react_moa_mcts,pre_d2h_alloc,17,mcts-actor0,,17219,10710.0,15388,6509,sporadic,,0
base,react_moa_mcts,pre_d2h_alloc,17,mcts-actor1,,15846,10710.0,15388,5136,sporadic,,0
base,react_moa_mcts,pre_d2h_alloc,17,moa-reduce,,16285,10710.0,15388,5575,sporadic,,0
base,react_moa_mcts,pre_d2h_alloc,17,react-answer,,16080,10710.0,15388,5370,sporadic,,0
base,react_moa_mcts,pre_d2h_alloc,17,mcts-critic,,17372,10710.0,15388,6662,sporadic,,0
base,react_moa_mcts,pre_d2h_alloc,18,react-plan,,17143,10710.0,15388,6433,sporadic,,0
base,react_moa_mcts,pre_d2h_alloc,18,moa-map0,,16902,10710.0,15388,6192,sporadic,,0
base,react_moa_mcts,pre_d2h_alloc,18,moa-map1,,16694,10710.0,15388,5984,sporadic,,0
base,react_moa_mcts,pre_d2h_alloc,18,moa-map2,,16936,10710.0,15388,6226,sporadic,,0
base,react_moa_mcts,pre_d2h_alloc,18,mcts-root,,16687,10710.0,15388,5977,sporadic,,0
base,react_moa_mcts,pre_d2h_alloc,18,mcts-actor0,,16714,10710.0,15388,6004,sporadic,,0
base,react_moa_mcts,pre_d2h_alloc,18,mcts-actor1,,16671,10710.0,15388,5961,sporadic,,0
base,react_moa_mcts,pre_d2h_alloc,18,moa-reduce,,17172,10710.0,15388,6462,sporadic,,0
base,react_moa_mcts,pre_d2h_alloc,18,react-answer,,16411,10710.0,15388,5701,sporadic,,0
base,react_moa_mcts,pre_d2h_alloc,18,mcts-critic,,17071,10710.0,15388,6361,sporadic,,0
base,react_moa_mcts,pre_d2h_alloc,19,react-plan,,17012,10710.0,15388,6302,sporadic,,0
base,react_moa_mcts,pre_d2h_alloc,19,moa-map0,,16836,10710.0,15388,6126,sporadic,,0
base,react_moa_mcts,pre_d2h_alloc,19,moa-map1,,17146,10710.0,15388,6436,sporadic,,0
base,react_moa_mcts,pre_d2h_alloc,19,moa-map2,,16292,10710.0,15388,5582,sporadic,,0
base,react_moa_mcts,pre_d2h_alloc,19,mcts-root,,17728,10710.0,15388,7018,sporadic,,0
base,react_moa_mcts,pre_d2h_alloc,19,mcts-actor0,,16655,10710.0,15388,5945,sporadic,,0
base,react_moa_mcts,pre_d2h_alloc,19,mcts-actor1,,16933,10710.0,15388,6223,sporadic,,0
base,react_moa_mcts,pre_d2h_alloc,19,moa-reduce,,17679,10710.0,15388,6969,sporadic,,0
base,react_moa_mcts,pre_d2h_alloc,19,react-answer,,17252,10710.0,15388,6542,sporadic,,0
base,react_moa_mcts,pre_d2h_alloc,19,mcts-critic,,17061,10710.0,15388,6351,sporadic,,0
base,react_moa_mcts,d2h_stage,4,mcts-critic,,235134,138912.0,177944,96222,sporadic,cudaEventSynchronize,98256
base,react_moa_mcts,d2h_stage,5,mcts-actor1,,267042,138912.0,177944,128130,sporadic,cudaEventSynchronize,89553
base,react_moa_mcts,d2h_stage,10,mcts-actor1,,249310,138912.0,177944,110398,sporadic,cudaEventSynchronize,191425
base,react_moa_mcts,d2h_stage,12,moa-map2,,182012,138912.0,177944,43100,sporadic,cudaEventSynchronize,129964
base,react_moa_mcts,d2h_stage,12,mcts-root,,199274,138912.0,177944,60362,sporadic,cudaEventSynchronize,144265
base,react_moa_mcts,d2h_stage,12,mcts-actor0,,218771,138912.0,177944,79859,sporadic,cudaEventSynchronize,162086
base,react_moa_mcts,d2h_stage,12,mcts-actor1,,218536,138912.0,177944,79624,sporadic,cudaEventSynchronize,162054
base,react_moa_mcts,d2h_stage,12,moa-reduce,,218044,138912.0,177944,79132,sporadic,cudaEventSynchronize,162054
base,react_moa_mcts,d2h_stage,12,react-answer,,180995,138912.0,177944,42083,sporadic,cudaEventSynchronize,123564
base,react_moa_mcts,d2h_stage,12,mcts-critic,,218759,138912.0,177944,79847,sporadic,cudaEventSynchronize,162086
base,react_moa_mcts,d2h_stage,13,moa-map0,,218500,138912.0,177944,79588,sporadic,cudaEventSynchronize,162118
base,react_moa_mcts,d2h_stage,13,moa-map1,,217559,138912.0,177944,78647,sporadic,cudaEventSynchronize,161990
base,react_moa_mcts,d2h_stage,13,moa-map2,,345059,138912.0,177944,206147,sporadic,cudaEventSynchronize,177155
base,react_moa_mcts,d2h_stage,13,mcts-root,,244645,138912.0,177944,105733,sporadic,cudaEventSynchronize,161894
base,react_moa_mcts,d2h_stage,13,mcts-actor0,,217260,138912.0,177944,78348,sporadic,cudaEventSynchronize,162054
base,react_moa_mcts,d2h_stage,13,mcts-actor1,,218458,138912.0,177944,79546,sporadic,cudaEventSynchronize,162022
base,react_moa_mcts,d2h_stage,13,moa-reduce,,217435,138912.0,177944,78523,sporadic,cudaEventSynchronize,161926
base,react_moa_mcts,d2h_stage,13,react-answer,,179799,138912.0,177944,40887,sporadic,cudaEventSynchronize,123468
base,react_moa_mcts,d2h_stage,13,mcts-critic,,218218,138912.0,177944,79306,sporadic,cudaEventSynchronize,161894
base,react_moa_mcts,d2h_stage,14,moa-map0,,218858,138912.0,177944,79946,sporadic,cudaEventSynchronize,162054
base,react_moa_mcts,d2h_stage,14,moa-map1,,220014,138912.0,177944,81102,sporadic,cudaEventSynchronize,161958
base,react_moa_mcts,d2h_stage,14,moa-map2,,217587,138912.0,177944,78675,sporadic,cudaEventSynchronize,161958
base,react_moa_mcts,d2h_stage,14,mcts-root,,217854,138912.0,177944,78942,sporadic,cudaEventSynchronize,162022
base,react_moa_mcts,d2h_stage,14,mcts-actor0,,218995,138912.0,177944,80083,sporadic,cudaEventSynchronize,162374
base,react_moa_mcts,d2h_stage,14,mcts-actor1,,217649,138912.0,177944,78737,sporadic,cudaEventSynchronize,162086
base,react_moa_mcts,d2h_stage,14,moa-reduce,,217740,138912.0,177944,78828,sporadic,cudaEventSynchronize,162150
base,react_moa_mcts,d2h_stage,14,react-answer,,178434,138912.0,177944,39522,sporadic,cudaEventSynchronize,123596
base,react_moa_mcts,d2h_stage,14,mcts-critic,,217880,138912.0,177944,78968,sporadic,cudaEventSynchronize,162118
base,react_moa_mcts,d2h_stage,15,moa-map0,,217498,138912.0,177944,78586,sporadic,cudaEventSynchronize,162022
base,react_moa_mcts,d2h_stage,15,moa-map1,,216549,138912.0,177944,77637,sporadic,cudaEventSynchronize,162022
base,react_moa_mcts,d2h_stage,15,moa-map2,,220238,138912.0,177944,81326,sporadic,cudaEventSynchronize,162086
base,react_moa_mcts,d2h_stage,15,mcts-root,,218425,138912.0,177944,79513,sporadic,cudaEventSynchronize,162118
base,react_moa_mcts,d2h_stage,15,mcts-actor0,,217076,138912.0,177944,78164,sporadic,cudaEventSynchronize,162117
base,react_moa_mcts,d2h_stage,15,mcts-actor1,,217020,138912.0,177944,78108,sporadic,cudaEventSynchronize,162118
base,react_moa_mcts,d2h_stage,15,moa-reduce,,241112,138912.0,177944,102200,sporadic,cudaEventSynchronize,162117
base,react_moa_mcts,d2h_stage,15,react-answer,,181121,138912.0,177944,42209,sporadic,cudaEventSynchronize,123724
base,react_moa_mcts,d2h_stage,15,mcts-critic,,224027,138912.0,177944,85115,sporadic,cudaEventSynchronize,162150
base,react_moa_mcts,d2h_stage,16,moa-map0,,240053,138912.0,177944,101141,sporadic,cudaEventSynchronize,165573
base,react_moa_mcts,d2h_stage,16,moa-map1,,223618,138912.0,177944,84706,sporadic,cudaEventSynchronize,162342
base,react_moa_mcts,d2h_stage,16,moa-map2,,222137,138912.0,177944,83225,sporadic,cudaEventSynchronize,162118
base,react_moa_mcts,d2h_stage,16,mcts-root,,219072,138912.0,177944,80160,sporadic,cudaEventSynchronize,162118
base,react_moa_mcts,d2h_stage,16,mcts-actor0,,217480,138912.0,177944,78568,sporadic,cudaEventSynchronize,162118
base,react_moa_mcts,d2h_stage,16,mcts-actor1,,217908,138912.0,177944,78996,sporadic,cudaEventSynchronize,162086
base,react_moa_mcts,d2h_stage,16,moa-reduce,,232215,138912.0,177944,93303,sporadic,cudaEventSynchronize,162086
base,react_moa_mcts,d2h_stage,16,react-answer,,190259,138912.0,177944,51347,sporadic,cudaEventSynchronize,123980
base,react_moa_mcts,d2h_stage,16,mcts-critic,,218009,138912.0,177944,79097,sporadic,cudaEventSynchronize,162406
base,react_moa_mcts,d2h_stage,17,moa-map0,,216775,138912.0,177944,77863,sporadic,cudaEventSynchronize,162246
base,react_moa_mcts,d2h_stage,17,moa-map1,,216931,138912.0,177944,78019,sporadic,cudaEventSynchronize,162054
base,react_moa_mcts,d2h_stage,17,moa-map2,,219525,138912.0,177944,80613,sporadic,cudaEventSynchronize,162022
base,react_moa_mcts,d2h_stage,17,mcts-root,,220382,138912.0,177944,81470,sporadic,cudaEventSynchronize,162086
base,react_moa_mcts,d2h_stage,17,mcts-actor0,,218391,138912.0,177944,79479,sporadic,cudaEventSynchronize,162086
base,react_moa_mcts,d2h_stage,17,mcts-actor1,,217924,138912.0,177944,79012,sporadic,cudaEventSynchronize,162118
base,react_moa_mcts,d2h_stage,17,moa-reduce,,218058,138912.0,177944,79146,sporadic,cudaEventSynchronize,162086
base,react_moa_mcts,d2h_stage,17,react-answer,,193410,138912.0,177944,54498,sporadic,cudaEventSynchronize,123564
base,react_moa_mcts,d2h_stage,17,mcts-critic,,218315,138912.0,177944,79403,sporadic,cudaEventSynchronize,162054
base,react_moa_mcts,d2h_stage,18,moa-map0,,216275,138912.0,177944,77363,sporadic,cudaEventSynchronize,162118
base,react_moa_mcts,d2h_stage,18,moa-map1,,216338,138912.0,177944,77426,sporadic,cudaEventSynchronize,162118
base,react_moa_mcts,d2h_stage,18,moa-map2,,218761,138912.0,177944,79849,sporadic,cudaEventSynchronize,162086
base,react_moa_mcts,d2h_stage,18,mcts-root,,216350,138912.0,177944,77438,sporadic,cudaEventSynchronize,162022
base,react_moa_mcts,d2h_stage,18,mcts-actor0,,217179,138912.0,177944,78267,sporadic,cudaEventSynchronize,162054
base,react_moa_mcts,d2h_stage,18,mcts-actor1,,216606,138912.0,177944,77694,sporadic,cudaEventSynchronize,161926
base,react_moa_mcts,d2h_stage,18,moa-reduce,,216735,138912.0,177944,77823,sporadic,cudaEventSynchronize,162086
base,react_moa_mcts,d2h_stage,18,mcts-critic,,217394,138912.0,177944,78482,sporadic,cudaEventSynchronize,161926
base,react_moa_mcts,d2h_stage,19,moa-map0,,216975,138912.0,177944,78063,sporadic,cudaEventSynchronize,162214
base,react_moa_mcts,d2h_stage,19,moa-map1,,217296,138912.0,177944,78384,sporadic,cudaEventSynchronize,161926
base,react_moa_mcts,d2h_stage,19,moa-map2,,216569,138912.0,177944,77657,sporadic,cudaEventSynchronize,162086
base,react_moa_mcts,d2h_stage,19,mcts-root,,218017,138912.0,177944,79105,sporadic,cudaEventSynchronize,161862
base,react_moa_mcts,d2h_stage,19,mcts-actor0,,217283,138912.0,177944,78371,sporadic,cudaEventSynchronize,162022
base,react_moa_mcts,d2h_stage,19,mcts-actor1,,216569,138912.0,177944,77657,sporadic,cudaEventSynchronize,161958
base,react_moa_mcts,d2h_stage,19,moa-reduce,,215974,138912.0,177944,77062,sporadic,cudaEventSynchronize,161894
base,react_moa_mcts,d2h_stage,19,react-answer,,196083,138912.0,177944,57171,sporadic,cudaEventSynchronize,123500
base,react_moa_mcts,d2h_stage,19,mcts-critic,,218171,138912.0,177944,79259,sporadic,cudaEventSynchronize,162022
base,react_moa_mcts,checksum_complete,12,mcts-actor0,,87071,62083.5,82498,24988,sporadic,cudaEventDestroy,0
base,react_moa_mcts,checksum_complete,13,mcts-critic,,85436,62083.5,82498,23352,sporadic,cudaEventDestroy,0
base,react_moa_mcts,checksum_complete,14,moa-map0,,87678,62083.5,82498,25594,sporadic,cudaEventDestroy,0
base,react_moa_mcts,checksum_complete,15,moa-map2,,84499,62083.5,82498,22416,sporadic,cudaEventDestroy,0
base,react_moa_mcts,checksum_complete,15,react-answer,,91274,62083.5,82498,29190,sporadic,cudaEventDestroy,0
base,react_moa_mcts,checksum_complete,15,mcts-critic,,87504,62083.5,82498,25420,sporadic,cudaEventDestroy,0
base,react_moa_mcts,checksum_complete,16,moa-map0,,113936,62083.5,82498,51852,sporadic,cudaEventDestroy,0
base,react_moa_mcts,checksum_complete,16,moa-map1,,94182,62083.5,82498,32098,sporadic,cudaEventDestroy,0
base,react_moa_mcts,checksum_complete,16,moa-map2,,94661,62083.5,82498,32578,sporadic,cudaEventDestroy,0
base,react_moa_mcts,checksum_complete,16,react-answer,,103759,62083.5,82498,41676,sporadic,cudaEventDestroy,0
base,react_moa_mcts,checksum_complete,17,mcts-root,,87729,62083.5,82498,25646,sporadic,cudaEventDestroy,0
base,react_moa_mcts,checksum_complete,18,moa-map2,,84258,62083.5,82498,22174,sporadic,cudaEventDestroy,0
base,react_moa_mcts,agent_tool_execute_cpu,17,react-tool,,402522,314499.0,359252,88023,sporadic,,0
base,react_moa_mcts,iteration_tail_sync,11,,,76293,60232.5,74486,16060,sporadic,cudaDeviceSynchronize,0
