lineage,workload,process,selected,share_pct,resource_status,reason,family,sm_pct,tensor_pct,dram_active_pct,dram_bw_pct_peak,l2_pct,occupancy_pct,waves_per_sm,hw_source_workload
llm_vl,react_tool,dag_schedule_gap,False,0.02,not_collected_cpu_process,host-side Python/CPU segment; no GPU counters exist for it,,,,,,,,,
llm_vl,react_tool,adapter_dispatch,False,0.0,not_collected_cpu_process,host-side Python/CPU segment; no GPU counters exist for it,,,,,,,,,
llm_vl,react_tool,token_preprocess_cpu,False,0.05,not_collected_cpu_process,host-side Python/CPU segment; no GPU counters exist for it,,,,,,,,,
llm_vl,react_tool,host_input_generate,False,0.01,not_collected_cpu_process,host-side Python/CPU segment; no GPU counters exist for it,,,,,,,,,
llm_vl,react_tool,h2d_stage,False,0.01,not_collected_memcpy,"PCIe copy; not a kernel, see w02 h2d/d2h bytes and cuda_ms",memcpy,,,,,,,,react_tool
llm_vl,react_tool,weight_init,False,0.01,not_collected_cpu_process,host-side Python/CPU segment; no GPU counters exist for it,,,,,,,,,
llm_vl,react_tool,mir_operator:prefill_embed,False,0.0,profiled,"latency/launch-bound: 0.25 waves per SM, no unit above 30 % of peak",other,2.82,0.0,11.19,0.0,16.48,23.61,0.27,react_tool
llm_vl,react_tool,inter_operator_dispatch,False,3.89,not_collected,no w03 family row,,,,,,,,,
llm_vl,react_tool,mir_operator:prefill_layer*,False,1.83,profiled,"latency/launch-bound: 0.50 waves per SM, no unit above 30 % of peak",copy,7.07,0.0,34.7,0.0,20.26,32.66,0.4,react_tool
llm_vl,react_tool,mir_operator:prefill_layer*,False,1.83,profiled,"underutilised: SM 1 %, DRAM 44 %, L2 20 %, occ 18 %",elementwise_unary,0.67,0.0,23.53,0.0,10.92,13.03,0.12,react_tool
llm_vl,react_tool,mir_operator:prefill_layer*,False,1.83,profiled,"latency/launch-bound: 0.03 waves per SM, no unit above 30 % of peak",reduce,4.2,0.0,25.76,0.0,10.14,32.9,0.14,react_tool
llm_vl,react_tool,mir_operator:prefill_layer*,False,1.83,profiled,"latency/launch-bound: 0.00 waves per SM, no unit above 30 % of peak",elementwise_binary,10.77,0.0,23.81,0.0,15.22,43.54,0.5,react_tool
llm_vl,react_tool,mir_operator:prefill_layer*,False,1.83,profiled,tensor-core compute-bound,gemm,35.22,39.18,51.76,0.0,68.76,8.33,1.0,react_tool
llm_vl,react_tool,mir_operator:prefill_layer*,False,1.83,profiled,"underutilised: SM 15 %, DRAM 2 %, L2 2 %, occ 68 %",concat,11.65,0.0,3.3,0.0,2.29,67.4,1.33,react_tool
llm_vl,react_tool,mir_operator:prefill_layer*,False,1.83,profiled,"latency/launch-bound: 0.25 waves per SM, no unit above 30 % of peak",elementwise_other,2.33,0.0,41.21,0.0,16.31,21.4,0.27,react_tool
llm_vl,react_tool,mir_operator:prefill_layer*,False,1.83,profiled,"latency/launch-bound: 0.75 waves per SM, no unit above 30 % of peak",attention,15.76,8.38,28.47,0.0,18.34,24.98,0.77,react_tool
llm_vl,react_tool,mir_operator:prefill_layer*,False,1.83,profiled,"latency/launch-bound: 0.50 waves per SM, no unit above 30 % of peak",copy,6.88,0.0,34.92,0.0,19.74,32.41,0.4,react_tool
llm_vl,react_tool,mir_operator:prefill_layer*,False,1.83,profiled,"underutilised: SM 1 %, DRAM 44 %, L2 21 %, occ 18 %",elementwise_unary,0.65,0.0,22.33,0.0,10.79,12.91,0.12,react_tool
llm_vl,react_tool,mir_operator:prefill_layer*,False,1.83,profiled,"latency/launch-bound: 0.03 waves per SM, no unit above 30 % of peak",reduce,4.29,0.0,26.3,0.0,10.35,32.55,0.14,react_tool
llm_vl,react_tool,mir_operator:prefill_layer*,False,1.83,profiled,"latency/launch-bound: 0.00 waves per SM, no unit above 30 % of peak",elementwise_binary,11.01,0.0,24.34,0.0,15.3,43.78,0.5,react_tool
llm_vl,react_tool,mir_operator:prefill_layer*,False,1.83,profiled,tensor-core compute-bound,gemm,31.76,39.24,51.98,0.0,69.04,8.33,1.0,react_tool
llm_vl,react_tool,mir_operator:prefill_layer*,False,1.83,profiled,"underutilised: SM 14 %, DRAM 2 %, L2 2 %, occ 68 %",concat,11.69,0.0,3.36,0.0,2.34,67.63,1.33,react_tool
llm_vl,react_tool,mir_operator:prefill_layer*,False,1.83,profiled,"latency/launch-bound: 0.25 waves per SM, no unit above 30 % of peak",elementwise_other,2.29,0.0,41.9,0.0,16.54,21.75,0.27,react_tool
llm_vl,react_tool,mir_operator:prefill_layer*,False,1.83,profiled,"latency/launch-bound: 0.75 waves per SM, no unit above 30 % of peak",attention,15.63,8.11,28.58,0.0,18.79,24.99,0.77,react_tool
llm_vl,react_tool,mir_operator:prefill_layer*,False,1.83,profiled,"latency/launch-bound: 0.50 waves per SM, no unit above 30 % of peak",copy,7.01,0.0,36.08,0.0,20.08,32.74,0.4,react_tool
llm_vl,react_tool,mir_operator:prefill_layer*,False,1.83,profiled,"underutilised: SM 1 %, DRAM 45 %, L2 21 %, occ 18 %",elementwise_unary,0.66,0.0,22.18,0.0,10.88,13.13,0.12,react_tool
llm_vl,react_tool,mir_operator:prefill_layer*,False,1.83,profiled,"latency/launch-bound: 0.03 waves per SM, no unit above 30 % of peak",reduce,4.18,0.0,26.24,0.0,10.3,32.74,0.14,react_tool
llm_vl,react_tool,mir_operator:prefill_layer*,False,1.83,profiled,"latency/launch-bound: 0.00 waves per SM, no unit above 30 % of peak",elementwise_binary,10.79,0.0,24.45,0.0,15.39,42.84,0.5,react_tool
llm_vl,react_tool,mir_operator:prefill_layer*,False,1.83,profiled,tensor-core compute-bound,gemm,35.41,38.98,51.88,0.0,69.82,8.33,1.0,react_tool
llm_vl,react_tool,mir_operator:prefill_layer*,False,1.83,profiled,"underutilised: SM 15 %, DRAM 2 %, L2 2 %, occ 67 %",concat,11.75,0.0,3.38,0.0,2.35,67.42,1.33,react_tool
llm_vl,react_tool,mir_operator:prefill_layer*,False,1.83,profiled,"latency/launch-bound: 0.25 waves per SM, no unit above 30 % of peak",elementwise_other,2.27,0.0,41.75,0.0,16.45,21.77,0.27,react_tool
llm_vl,react_tool,mir_operator:prefill_layer*,False,1.83,profiled,"latency/launch-bound: 0.75 waves per SM, no unit above 30 % of peak",attention,15.67,8.3,26.47,0.0,18.62,25.27,0.77,react_tool
llm_vl,react_tool,mir_operator:prefill_layer*,False,1.83,profiled,"latency/launch-bound: 0.50 waves per SM, no unit above 30 % of peak",copy,7.18,0.0,35.66,0.0,20.18,32.48,0.4,react_tool
llm_vl,react_tool,mir_operator:prefill_layer*,False,1.83,profiled,"underutilised: SM 1 %, DRAM 44 %, L2 20 %, occ 18 %",elementwise_unary,0.65,0.0,22.12,0.0,10.68,13.09,0.12,react_tool
llm_vl,react_tool,mir_operator:prefill_layer*,False,1.83,profiled,"latency/launch-bound: 0.03 waves per SM, no unit above 30 % of peak",reduce,4.24,0.0,25.86,0.0,10.15,32.69,0.14,react_tool
llm_vl,react_tool,mir_operator:prefill_layer*,False,1.83,profiled,"latency/launch-bound: 0.00 waves per SM, no unit above 30 % of peak",elementwise_binary,10.86,0.0,23.79,0.0,15.45,43.7,0.5,react_tool
llm_vl,react_tool,mir_operator:prefill_layer*,False,1.83,profiled,tensor-core compute-bound,gemm,35.22,39.17,50.67,0.0,68.99,8.33,1.0,react_tool
llm_vl,react_tool,mir_operator:prefill_layer*,False,1.83,profiled,"underutilised: SM 15 %, DRAM 2 %, L2 2 %, occ 67 %",concat,11.73,0.0,3.26,0.0,2.37,67.01,1.33,react_tool
llm_vl,react_tool,mir_operator:prefill_layer*,False,1.83,profiled,"latency/launch-bound: 0.25 waves per SM, no unit above 30 % of peak",elementwise_other,2.27,0.0,40.45,0.0,15.97,21.74,0.27,react_tool
llm_vl,react_tool,mir_operator:prefill_layer*,False,1.83,profiled,"latency/launch-bound: 0.75 waves per SM, no unit above 30 % of peak",attention,15.7,8.19,28.62,0.0,18.66,25.22,0.77,react_tool
llm_vl,react_tool,mir_operator:prefill_layer*,False,1.83,profiled,"latency/launch-bound: 0.50 waves per SM, no unit above 30 % of peak",copy,7.08,0.0,34.52,0.0,20.48,32.68,0.4,react_tool
llm_vl,react_tool,mir_operator:prefill_layer*,False,1.83,profiled,"underutilised: SM 1 %, DRAM 45 %, L2 21 %, occ 18 %",elementwise_unary,0.66,0.0,24.12,0.0,11.15,12.96,0.12,react_tool
llm_vl,react_tool,mir_operator:prefill_layer*,False,1.83,profiled,"latency/launch-bound: 0.03 waves per SM, no unit above 30 % of peak",reduce,4.17,0.0,25.54,0.0,10.01,32.69,0.14,react_tool
llm_vl,react_tool,mir_operator:prefill_layer*,False,1.83,profiled,"latency/launch-bound: 0.00 waves per SM, no unit above 30 % of peak",elementwise_binary,10.51,0.0,23.92,0.0,15.57,43.12,0.5,react_tool
llm_vl,react_tool,mir_operator:prefill_layer*,False,1.83,profiled,tensor-core compute-bound,gemm,35.02,38.92,51.11,0.0,64.77,8.33,1.0,react_tool
llm_vl,react_tool,mir_operator:prefill_layer*,False,1.83,profiled,"underutilised: SM 14 %, DRAM 2 %, L2 2 %, occ 67 %",concat,11.47,0.0,3.3,0.0,2.36,67.01,1.33,react_tool
llm_vl,react_tool,mir_operator:prefill_layer*,False,1.83,profiled,"latency/launch-bound: 0.25 waves per SM, no unit above 30 % of peak",elementwise_other,2.31,0.0,41.38,0.0,16.37,21.74,0.27,react_tool
llm_vl,react_tool,mir_operator:prefill_layer*,False,1.83,profiled,"latency/launch-bound: 0.75 waves per SM, no unit above 30 % of peak",attention,15.61,8.2,28.19,0.0,18.76,25.12,0.77,react_tool
llm_vl,react_tool,mir_operator:prefill_layer*,False,1.83,profiled,"latency/launch-bound: 0.50 waves per SM, no unit above 30 % of peak",copy,7.14,0.0,35.26,0.0,20.45,32.9,0.4,react_tool
llm_vl,react_tool,mir_operator:prefill_layer*,False,1.83,profiled,"underutilised: SM 1 %, DRAM 44 %, L2 21 %, occ 18 %",elementwise_unary,0.65,0.0,23.62,0.0,11.04,13.06,0.12,react_tool
llm_vl,react_tool,mir_operator:prefill_layer*,False,1.83,profiled,"latency/launch-bound: 0.03 waves per SM, no unit above 30 % of peak",reduce,4.16,0.0,26.32,0.0,10.36,32.78,0.14,react_tool
llm_vl,react_tool,mir_operator:prefill_layer*,False,1.83,profiled,"latency/launch-bound: 0.00 waves per SM, no unit above 30 % of peak",elementwise_binary,10.29,0.0,25.18,0.0,15.5,44.0,0.5,react_tool
llm_vl,react_tool,mir_operator:prefill_layer*,False,1.83,profiled,tensor-core compute-bound,gemm,35.3,39.25,51.86,0.0,69.2,8.33,1.0,react_tool
llm_vl,react_tool,mir_operator:prefill_layer*,False,1.83,profiled,"underutilised: SM 14 %, DRAM 2 %, L2 2 %, occ 67 %",concat,11.62,0.0,3.35,0.0,2.28,67.13,1.33,react_tool
llm_vl,react_tool,mir_operator:prefill_layer*,False,1.83,profiled,"latency/launch-bound: 0.25 waves per SM, no unit above 30 % of peak",elementwise_other,2.25,0.0,40.66,0.0,16.05,21.53,0.27,react_tool
llm_vl,react_tool,mir_operator:prefill_layer*,False,1.83,profiled,"latency/launch-bound: 0.75 waves per SM, no unit above 30 % of peak",attention,15.71,8.49,28.42,0.0,18.69,24.99,0.77,react_tool
llm_vl,react_tool,mir_operator:prefill_layer*,False,1.83,profiled,"latency/launch-bound: 0.50 waves per SM, no unit above 30 % of peak",copy,7.17,0.0,34.71,0.0,20.1,32.43,0.4,react_tool
llm_vl,react_tool,mir_operator:prefill_layer*,False,1.83,profiled,"underutilised: SM 1 %, DRAM 45 %, L2 21 %, occ 18 %",elementwise_unary,0.67,0.0,22.38,0.0,10.82,13.1,0.12,react_tool
llm_vl,react_tool,mir_operator:prefill_layer*,False,1.83,profiled,"latency/launch-bound: 0.03 waves per SM, no unit above 30 % of peak",reduce,4.24,0.0,25.8,0.0,10.17,32.55,0.14,react_tool
llm_vl,react_tool,mir_operator:prefill_layer*,False,1.83,profiled,"latency/launch-bound: 0.00 waves per SM, no unit above 30 % of peak",elementwise_binary,10.71,0.0,23.18,0.0,14.84,43.37,0.5,react_tool
llm_vl,react_tool,mir_operator:prefill_layer*,False,1.83,profiled,tensor-core compute-bound,gemm,34.99,39.05,52.12,0.0,67.92,8.33,1.0,react_tool
llm_vl,react_tool,mir_operator:prefill_layer*,False,1.83,profiled,"underutilised: SM 14 %, DRAM 2 %, L2 2 %, occ 68 %",concat,11.79,0.0,3.39,0.0,2.31,67.01,1.33,react_tool
llm_vl,react_tool,mir_operator:prefill_layer*,False,1.83,profiled,"latency/launch-bound: 0.25 waves per SM, no unit above 30 % of peak",elementwise_other,2.31,0.0,41.67,0.0,16.38,20.36,0.27,react_tool
llm_vl,react_tool,mir_operator:prefill_layer*,False,1.83,profiled,"latency/launch-bound: 0.75 waves per SM, no unit above 30 % of peak",attention,15.67,8.29,28.38,0.0,18.66,25.31,0.77,react_tool
llm_vl,react_tool,mir_operator:prefill_layer*,False,1.83,profiled,"latency/launch-bound: 0.50 waves per SM, no unit above 30 % of peak",copy,7.17,0.0,34.88,0.0,20.72,32.22,0.4,react_tool
llm_vl,react_tool,mir_operator:prefill_layer*,False,1.83,profiled,"underutilised: SM 1 %, DRAM 44 %, L2 20 %, occ 18 %",elementwise_unary,0.66,0.0,22.08,0.0,10.65,13.11,0.12,react_tool
llm_vl,react_tool,mir_operator:prefill_layer*,False,1.83,profiled,"latency/launch-bound: 0.03 waves per SM, no unit above 30 % of peak",reduce,4.19,0.0,26.91,0.0,10.59,32.85,0.14,react_tool
llm_vl,react_tool,mir_operator:prefill_layer*,False,1.83,profiled,"latency/launch-bound: 0.00 waves per SM, no unit above 30 % of peak",elementwise_binary,10.69,0.0,24.67,0.0,15.45,43.25,0.5,react_tool
llm_vl,react_tool,mir_operator:prefill_layer*,False,1.83,profiled,tensor-core compute-bound,gemm,35.09,39.2,50.55,0.0,64.16,8.33,1.0,react_tool
llm_vl,react_tool,mir_operator:prefill_layer*,False,1.83,profiled,"underutilised: SM 15 %, DRAM 2 %, L2 2 %, occ 67 %",concat,11.78,0.0,3.19,0.0,2.36,66.64,1.33,react_tool
llm_vl,react_tool,mir_operator:prefill_layer*,False,1.83,profiled,"latency/launch-bound: 0.25 waves per SM, no unit above 30 % of peak",elementwise_other,2.29,0.0,40.6,0.0,16.07,21.74,0.27,react_tool
llm_vl,react_tool,mir_operator:prefill_layer*,False,1.83,profiled,"latency/launch-bound: 0.75 waves per SM, no unit above 30 % of peak",attention,15.69,8.27,28.23,0.0,18.75,25.15,0.77,react_tool
llm_vl,react_tool,mir_operator:prefill_layer*,False,1.83,profiled,"latency/launch-bound: 0.50 waves per SM, no unit above 30 % of peak",copy,6.93,0.0,34.9,0.0,20.9,32.81,0.4,react_tool
llm_vl,react_tool,mir_operator:prefill_layer*,False,1.83,profiled,"underutilised: SM 1 %, DRAM 44 %, L2 21 %, occ 18 %",elementwise_unary,0.66,0.0,22.18,0.0,10.69,13.1,0.12,react_tool
llm_vl,react_tool,mir_operator:prefill_layer*,False,1.83,profiled,"latency/launch-bound: 0.03 waves per SM, no unit above 30 % of peak",reduce,4.21,0.0,26.47,0.0,10.4,32.72,0.14,react_tool
llm_vl,react_tool,mir_operator:prefill_layer*,False,1.83,profiled,"latency/launch-bound: 0.00 waves per SM, no unit above 30 % of peak",elementwise_binary,10.5,0.0,25.01,0.0,15.37,43.43,0.5,react_tool
llm_vl,react_tool,mir_operator:prefill_layer*,False,1.83,profiled,tensor-core compute-bound,gemm,35.42,39.06,51.99,0.0,69.11,8.33,1.0,react_tool
llm_vl,react_tool,mir_operator:prefill_layer*,False,1.83,profiled,"underutilised: SM 14 %, DRAM 2 %, L2 2 %, occ 67 %",concat,11.7,0.0,3.38,0.0,2.31,67.0,1.33,react_tool
llm_vl,react_tool,mir_operator:prefill_layer*,False,1.83,profiled,"latency/launch-bound: 0.25 waves per SM, no unit above 30 % of peak",elementwise_other,2.24,0.0,41.47,0.0,16.41,20.44,0.27,react_tool
llm_vl,react_tool,mir_operator:prefill_layer*,False,1.83,profiled,"latency/launch-bound: 0.75 waves per SM, no unit above 30 % of peak",attention,15.74,8.32,28.49,0.0,18.65,25.1,0.77,react_tool
llm_vl,react_tool,mir_operator:prefill_layer*,False,1.83,profiled,"latency/launch-bound: 0.50 waves per SM, no unit above 30 % of peak",copy,7.06,0.0,35.5,0.0,20.34,32.53,0.4,react_tool
llm_vl,react_tool,mir_operator:prefill_layer*,False,1.83,profiled,"underutilised: SM 1 %, DRAM 46 %, L2 21 %, occ 18 %",elementwise_unary,0.66,0.0,22.18,0.0,10.72,13.0,0.12,react_tool
llm_vl,react_tool,mir_operator:prefill_layer*,False,1.83,profiled,"latency/launch-bound: 0.03 waves per SM, no unit above 30 % of peak",reduce,4.41,0.0,26.17,0.0,10.3,32.74,0.14,react_tool
llm_vl,react_tool,mir_operator:prefill_layer*,False,1.83,profiled,"latency/launch-bound: 0.00 waves per SM, no unit above 30 % of peak",elementwise_binary,10.31,0.0,24.29,0.0,15.77,43.78,0.5,react_tool
llm_vl,react_tool,mir_operator:prefill_layer*,False,1.83,profiled,tensor-core compute-bound,gemm,35.34,39.25,51.4,0.0,69.01,8.33,1.0,react_tool
llm_vl,react_tool,mir_operator:prefill_layer*,False,1.83,profiled,"underutilised: SM 14 %, DRAM 2 %, L2 2 %, occ 67 %",concat,11.6,0.0,3.36,0.0,2.3,66.95,1.33,react_tool
llm_vl,react_tool,mir_operator:prefill_layer*,False,1.83,profiled,"latency/launch-bound: 0.25 waves per SM, no unit above 30 % of peak",elementwise_other,2.21,0.0,40.81,0.0,16.14,21.63,0.27,react_tool
llm_vl,react_tool,mir_operator:prefill_layer*,False,1.83,profiled,"latency/launch-bound: 0.75 waves per SM, no unit above 30 % of peak",attention,15.72,8.32,29.84,0.0,18.28,25.27,0.77,react_tool
llm_vl,react_tool,mir_operator:prefill_layer*,False,1.83,profiled,"latency/launch-bound: 0.50 waves per SM, no unit above 30 % of peak",copy,7.21,0.0,35.2,0.0,20.86,32.68,0.4,react_tool
llm_vl,react_tool,mir_operator:prefill_layer*,False,1.83,profiled,"underutilised: SM 1 %, DRAM 45 %, L2 21 %, occ 18 %",elementwise_unary,0.69,0.0,22.33,0.0,10.72,12.96,0.12,react_tool
llm_vl,react_tool,mir_operator:prefill_layer*,False,1.83,profiled,"latency/launch-bound: 0.03 waves per SM, no unit above 30 % of peak",reduce,4.12,0.0,26.61,0.0,10.47,32.43,0.14,react_tool
llm_vl,react_tool,mir_operator:prefill_layer*,False,1.83,profiled,"latency/launch-bound: 0.00 waves per SM, no unit above 30 % of peak",elementwise_binary,10.59,0.0,24.98,0.0,15.6,43.55,0.5,react_tool
llm_vl,react_tool,mir_operator:prefill_layer*,False,1.83,profiled,tensor-core compute-bound,gemm,35.24,38.9,51.89,0.0,68.85,8.33,1.0,react_tool
llm_vl,react_tool,mir_operator:prefill_layer*,False,1.83,profiled,"underutilised: SM 15 %, DRAM 2 %, L2 2 %, occ 67 %",concat,11.8,0.0,3.37,0.0,2.28,67.18,1.33,react_tool
llm_vl,react_tool,mir_operator:prefill_layer*,False,1.83,profiled,"latency/launch-bound: 0.25 waves per SM, no unit above 30 % of peak",elementwise_other,2.31,0.0,37.62,0.0,14.85,21.59,0.27,react_tool
llm_vl,react_tool,mir_operator:prefill_layer*,False,1.83,profiled,"latency/launch-bound: 0.75 waves per SM, no unit above 30 % of peak",attention,15.67,8.33,29.0,0.0,19.45,25.01,0.77,react_tool
llm_vl,react_tool,mir_operator:prefill_layer*,False,1.83,profiled,"latency/launch-bound: 0.50 waves per SM, no unit above 30 % of peak",copy,7.17,0.0,34.6,0.0,20.03,32.97,0.4,react_tool
llm_vl,react_tool,mir_operator:prefill_layer*,False,1.83,profiled,"underutilised: SM 1 %, DRAM 46 %, L2 21 %, occ 18 %",elementwise_unary,0.66,0.0,22.58,0.0,10.87,13.22,0.12,react_tool
llm_vl,react_tool,mir_operator:prefill_layer*,False,1.83,profiled,"latency/launch-bound: 0.03 waves per SM, no unit above 30 % of peak",reduce,4.23,0.0,26.23,0.0,10.34,32.87,0.14,react_tool
llm_vl,react_tool,mir_operator:prefill_layer*,False,1.83,profiled,"latency/launch-bound: 0.00 waves per SM, no unit above 30 % of peak",elementwise_binary,11.09,0.0,24.12,0.0,15.49,43.41,0.5,react_tool
llm_vl,react_tool,mir_operator:prefill_layer*,False,1.83,profiled,tensor-core compute-bound,gemm,35.85,39.27,51.55,0.0,70.0,8.33,1.0,react_tool
llm_vl,react_tool,mir_operator:prefill_layer*,False,1.83,profiled,"underutilised: SM 15 %, DRAM 2 %, L2 2 %, occ 67 %",concat,11.64,0.0,3.33,0.0,2.32,67.3,1.33,react_tool
llm_vl,react_tool,mir_operator:prefill_layer*,False,1.83,profiled,"latency/launch-bound: 0.25 waves per SM, no unit above 30 % of peak",elementwise_other,2.31,0.0,41.25,0.0,16.29,21.73,0.27,react_tool
llm_vl,react_tool,mir_operator:prefill_layer*,False,1.83,profiled,"latency/launch-bound: 0.75 waves per SM, no unit above 30 % of peak",attention,15.68,8.3,28.15,0.0,18.83,25.08,0.77,react_tool
llm_vl,react_tool,mir_operator:prefill_layer*,False,1.83,profiled,"latency/launch-bound: 0.50 waves per SM, no unit above 30 % of peak",copy,6.97,0.0,26.08,0.0,20.07,32.67,0.4,react_tool
llm_vl,react_tool,mir_operator:prefill_layer*,False,1.83,profiled,"underutilised: SM 1 %, DRAM 46 %, L2 21 %, occ 18 %",elementwise_unary,0.65,0.0,22.43,0.0,10.78,13.09,0.12,react_tool
llm_vl,react_tool,mir_operator:prefill_layer*,False,1.83,profiled,"latency/launch-bound: 0.03 waves per SM, no unit above 30 % of peak",reduce,4.16,0.0,25.69,0.0,10.08,32.8,0.14,react_tool
llm_vl,react_tool,mir_operator:prefill_layer*,False,1.83,profiled,"latency/launch-bound: 0.00 waves per SM, no unit above 30 % of peak",elementwise_binary,10.36,0.0,24.9,0.0,15.61,43.34,0.5,react_tool
llm_vl,react_tool,mir_operator:prefill_layer*,False,1.83,profiled,tensor-core compute-bound,gemm,35.23,39.13,51.78,0.0,69.52,8.33,1.0,react_tool
llm_vl,react_tool,mir_operator:prefill_layer*,False,1.83,profiled,"underutilised: SM 15 %, DRAM 2 %, L2 2 %, occ 68 %",concat,11.73,0.0,3.39,0.0,2.36,67.16,1.33,react_tool
llm_vl,react_tool,mir_operator:prefill_layer*,False,1.83,profiled,"latency/launch-bound: 0.25 waves per SM, no unit above 30 % of peak",elementwise_other,2.33,0.0,41.66,0.0,16.45,21.52,0.27,react_tool
llm_vl,react_tool,mir_operator:prefill_layer*,False,1.83,profiled,"latency/launch-bound: 0.75 waves per SM, no unit above 30 % of peak",attention,15.64,8.4,28.47,0.0,18.48,25.05,0.77,react_tool
llm_vl,react_tool,mir_operator:prefill_layer*,False,1.83,profiled,"latency/launch-bound: 0.50 waves per SM, no unit above 30 % of peak",copy,7.19,0.0,34.93,0.0,20.65,32.15,0.4,react_tool
llm_vl,react_tool,mir_operator:prefill_layer*,False,1.83,profiled,"underutilised: SM 1 %, DRAM 47 %, L2 22 %, occ 18 %",elementwise_unary,0.67,0.0,22.08,0.0,10.65,12.99,0.12,react_tool
llm_vl,react_tool,mir_operator:prefill_layer*,False,1.83,profiled,"latency/launch-bound: 0.03 waves per SM, no unit above 30 % of peak",reduce,4.38,0.0,27.16,0.0,10.21,32.86,0.14,react_tool
llm_vl,react_tool,mir_operator:prefill_layer*,False,1.83,profiled,"latency/launch-bound: 0.00 waves per SM, no unit above 30 % of peak",elementwise_binary,10.89,0.0,24.54,0.0,15.84,43.47,0.5,react_tool
llm_vl,react_tool,mir_operator:prefill_layer*,False,1.83,profiled,tensor-core compute-bound,gemm,35.23,39.16,51.78,0.0,69.01,8.33,1.0,react_tool
llm_vl,react_tool,mir_operator:prefill_layer*,False,1.83,profiled,"underutilised: SM 15 %, DRAM 2 %, L2 2 %, occ 68 %",concat,11.73,0.0,3.36,0.0,2.33,67.13,1.33,react_tool
llm_vl,react_tool,mir_operator:prefill_layer*,False,1.83,profiled,"latency/launch-bound: 0.25 waves per SM, no unit above 30 % of peak",elementwise_other,2.32,0.0,40.27,0.0,15.88,21.82,0.27,react_tool
llm_vl,react_tool,mir_operator:prefill_layer*,False,1.83,profiled,"latency/launch-bound: 0.75 waves per SM, no unit above 30 % of peak",attention,15.68,8.28,28.44,0.0,18.57,25.21,0.77,react_tool
llm_vl,react_tool,mir_operator:prefill_layer*,False,1.83,profiled,"latency/launch-bound: 0.50 waves per SM, no unit above 30 % of peak",copy,7.03,0.0,34.77,0.0,20.81,32.3,0.4,react_tool
llm_vl,react_tool,mir_operator:prefill_layer*,False,1.83,profiled,"underutilised: SM 1 %, DRAM 44 %, L2 20 %, occ 18 %",elementwise_unary,0.67,0.0,22.17,0.0,10.69,13.04,0.12,react_tool
llm_vl,react_tool,mir_operator:prefill_layer*,False,1.83,profiled,"latency/launch-bound: 0.03 waves per SM, no unit above 30 % of peak",reduce,4.26,0.0,26.08,0.0,10.22,32.68,0.14,react_tool
llm_vl,react_tool,mir_operator:prefill_layer*,False,1.83,profiled,"latency/launch-bound: 0.00 waves per SM, no unit above 30 % of peak",elementwise_binary,10.67,0.0,23.47,0.0,15.11,43.77,0.5,react_tool
llm_vl,react_tool,mir_operator:prefill_layer*,False,1.83,profiled,tensor-core compute-bound,gemm,35.42,39.29,52.16,0.0,69.02,8.33,1.0,react_tool
llm_vl,react_tool,mir_operator:prefill_layer*,False,1.83,profiled,"underutilised: SM 15 %, DRAM 2 %, L2 2 %, occ 68 %",concat,11.92,0.0,3.45,0.0,2.28,66.73,1.33,react_tool
llm_vl,react_tool,mir_operator:prefill_layer*,False,1.83,profiled,"latency/launch-bound: 0.25 waves per SM, no unit above 30 % of peak",elementwise_other,2.22,0.0,40.93,0.0,16.1,21.17,0.27,react_tool
llm_vl,react_tool,mir_operator:prefill_layer*,False,1.83,profiled,"latency/launch-bound: 0.75 waves per SM, no unit above 30 % of peak",attention,15.62,8.33,28.48,0.0,18.49,25.16,0.77,react_tool
llm_vl,react_tool,mir_operator:prefill_layer*,False,1.83,profiled,"latency/launch-bound: 0.50 waves per SM, no unit above 30 % of peak",copy,7.17,0.0,34.99,0.0,20.3,32.83,0.4,react_tool
llm_vl,react_tool,mir_operator:prefill_layer*,False,1.83,profiled,"underutilised: SM 1 %, DRAM 44 %, L2 21 %, occ 18 %",elementwise_unary,0.66,0.0,22.43,0.0,10.81,13.18,0.12,react_tool
llm_vl,react_tool,mir_operator:prefill_layer*,False,1.83,profiled,"latency/launch-bound: 0.03 waves per SM, no unit above 30 % of peak",reduce,4.14,0.0,26.09,0.0,10.27,32.96,0.14,react_tool
llm_vl,react_tool,mir_operator:prefill_layer*,False,1.83,profiled,"latency/launch-bound: 0.00 waves per SM, no unit above 30 % of peak",elementwise_binary,10.65,0.0,24.6,0.0,15.48,43.7,0.5,react_tool
llm_vl,react_tool,mir_operator:prefill_layer*,False,1.83,profiled,tensor-core compute-bound,gemm,35.46,39.1,51.9,0.0,69.38,8.33,1.0,react_tool
llm_vl,react_tool,mir_operator:prefill_layer*,False,1.83,profiled,"underutilised: SM 14 %, DRAM 2 %, L2 2 %, occ 67 %",concat,11.75,0.0,3.35,0.0,2.33,67.08,1.33,react_tool
llm_vl,react_tool,mir_operator:prefill_layer*,False,1.83,profiled,"latency/launch-bound: 0.25 waves per SM, no unit above 30 % of peak",elementwise_other,2.29,0.0,41.65,0.0,16.45,21.4,0.27,react_tool
llm_vl,react_tool,mir_operator:prefill_layer*,False,1.83,profiled,"latency/launch-bound: 0.75 waves per SM, no unit above 30 % of peak",attention,15.77,8.23,28.12,0.0,18.58,24.99,0.77,react_tool
llm_vl,react_tool,mir_operator:prefill_layer*,False,1.83,profiled,"latency/launch-bound: 0.50 waves per SM, no unit above 30 % of peak",copy,7.18,0.0,33.89,0.0,20.06,32.16,0.4,react_tool
llm_vl,react_tool,mir_operator:prefill_layer*,False,1.83,profiled,"underutilised: SM 1 %, DRAM 45 %, L2 21 %, occ 18 %",elementwise_unary,0.65,0.0,22.58,0.0,10.83,13.23,0.12,react_tool
llm_vl,react_tool,mir_operator:prefill_layer*,False,1.83,profiled,"latency/launch-bound: 0.03 waves per SM, no unit above 30 % of peak",reduce,4.16,0.0,25.8,0.0,10.16,32.71,0.14,react_tool
llm_vl,react_tool,mir_operator:prefill_layer*,False,1.83,profiled,"latency/launch-bound: 0.00 waves per SM, no unit above 30 % of peak",elementwise_binary,10.43,0.0,24.31,0.0,15.15,43.64,0.5,react_tool
llm_vl,react_tool,mir_operator:prefill_layer*,False,1.83,profiled,tensor-core compute-bound,gemm,35.22,39.28,52.13,0.0,69.21,8.33,1.0,react_tool
llm_vl,react_tool,mir_operator:prefill_layer*,False,1.83,profiled,"underutilised: SM 14 %, DRAM 2 %, L2 2 %, occ 68 %",concat,11.55,0.0,3.38,0.0,2.28,66.97,1.33,react_tool
llm_vl,react_tool,mir_operator:prefill_layer*,False,1.83,profiled,"latency/launch-bound: 0.25 waves per SM, no unit above 30 % of peak",elementwise_other,2.19,0.0,40.72,0.0,16.15,21.43,0.27,react_tool
llm_vl,react_tool,mir_operator:prefill_layer*,False,1.83,profiled,"latency/launch-bound: 0.75 waves per SM, no unit above 30 % of peak",attention,15.34,8.25,28.43,0.0,18.88,25.04,0.77,react_tool
llm_vl,react_tool,mir_operator:prefill_layer*,False,1.83,profiled,"latency/launch-bound: 0.50 waves per SM, no unit above 30 % of peak",copy,7.21,0.0,34.98,0.0,20.39,32.82,0.4,react_tool
llm_vl,react_tool,mir_operator:prefill_layer*,False,1.83,profiled,"underutilised: SM 1 %, DRAM 46 %, L2 22 %, occ 18 %",elementwise_unary,0.65,0.0,23.24,0.0,11.51,13.08,0.12,react_tool
llm_vl,react_tool,mir_operator:prefill_layer*,False,1.83,profiled,"latency/launch-bound: 0.03 waves per SM, no unit above 30 % of peak",reduce,4.24,0.0,26.45,0.0,10.38,32.77,0.14,react_tool
llm_vl,react_tool,mir_operator:prefill_layer*,False,1.83,profiled,"latency/launch-bound: 0.00 waves per SM, no unit above 30 % of peak",elementwise_binary,10.6,0.0,24.34,0.0,15.19,43.63,0.5,react_tool
llm_vl,react_tool,mir_operator:prefill_layer*,False,1.83,profiled,tensor-core compute-bound,gemm,35.47,38.76,52.09,0.0,69.02,8.33,1.0,react_tool
llm_vl,react_tool,mir_operator:prefill_layer*,False,1.83,profiled,"underutilised: SM 14 %, DRAM 2 %, L2 2 %, occ 67 %",concat,11.76,0.0,3.35,0.0,2.28,66.68,1.33,react_tool
llm_vl,react_tool,mir_operator:prefill_layer*,False,1.83,profiled,"latency/launch-bound: 0.25 waves per SM, no unit above 30 % of peak",elementwise_other,2.29,0.0,40.62,0.0,16.09,21.81,0.27,react_tool
llm_vl,react_tool,mir_operator:prefill_layer*,False,1.83,profiled,"latency/launch-bound: 0.75 waves per SM, no unit above 30 % of peak",attention,15.76,8.38,28.73,0.0,20.62,25.02,0.77,react_tool
llm_vl,react_tool,mir_operator:prefill_layer*,False,1.83,profiled,"latency/launch-bound: 0.50 waves per SM, no unit above 30 % of peak",copy,6.77,0.0,34.6,0.0,20.88,32.89,0.4,react_tool
llm_vl,react_tool,mir_operator:prefill_layer*,False,1.83,profiled,"underutilised: SM 1 %, DRAM 46 %, L2 21 %, occ 18 %",elementwise_unary,0.66,0.0,21.78,0.0,10.54,13.12,0.12,react_tool
llm_vl,react_tool,mir_operator:prefill_layer*,False,1.83,profiled,"latency/launch-bound: 0.03 waves per SM, no unit above 30 % of peak",reduce,4.21,0.0,26.17,0.0,10.28,32.6,0.14,react_tool
llm_vl,react_tool,mir_operator:prefill_layer*,False,1.83,profiled,"latency/launch-bound: 0.00 waves per SM, no unit above 30 % of peak",elementwise_binary,10.53,0.0,24.26,0.0,15.26,44.06,0.5,react_tool
llm_vl,react_tool,mir_operator:prefill_layer*,False,1.83,profiled,tensor-core compute-bound,gemm,35.27,39.19,52.09,0.0,69.11,8.33,1.0,react_tool
llm_vl,react_tool,mir_operator:prefill_layer*,False,1.83,profiled,"underutilised: SM 14 %, DRAM 2 %, L2 2 %, occ 68 %",concat,11.72,0.0,3.44,0.0,2.31,67.21,1.33,react_tool
llm_vl,react_tool,mir_operator:prefill_layer*,False,1.83,profiled,"latency/launch-bound: 0.25 waves per SM, no unit above 30 % of peak",elementwise_other,2.29,0.0,41.17,0.0,16.21,21.39,0.27,react_tool
llm_vl,react_tool,mir_operator:prefill_layer*,False,1.83,profiled,"latency/launch-bound: 0.75 waves per SM, no unit above 30 % of peak",attention,15.62,8.3,28.95,0.0,18.8,25.12,0.77,react_tool
llm_vl,react_tool,mir_operator:prefill_layer*,False,1.83,profiled,"latency/launch-bound: 0.50 waves per SM, no unit above 30 % of peak",copy,7.2,0.0,35.89,0.0,20.27,32.57,0.4,react_tool
llm_vl,react_tool,mir_operator:prefill_layer*,False,1.83,profiled,"underutilised: SM 1 %, DRAM 44 %, L2 20 %, occ 18 %",elementwise_unary,0.66,0.0,22.18,0.0,10.7,13.03,0.12,react_tool
llm_vl,react_tool,mir_operator:prefill_layer*,False,1.83,profiled,"latency/launch-bound: 0.03 waves per SM, no unit above 30 % of peak",reduce,4.26,0.0,25.9,0.0,10.18,33.0,0.14,react_tool
llm_vl,react_tool,mir_operator:prefill_layer*,False,1.83,profiled,"latency/launch-bound: 0.00 waves per SM, no unit above 30 % of peak",elementwise_binary,10.33,0.0,25.04,0.0,15.67,43.25,0.5,react_tool
llm_vl,react_tool,mir_operator:prefill_layer*,False,1.83,profiled,tensor-core compute-bound,gemm,35.33,38.93,51.77,0.0,69.05,8.33,1.0,react_tool
llm_vl,react_tool,mir_operator:prefill_layer*,False,1.83,profiled,"underutilised: SM 14 %, DRAM 2 %, L2 2 %, occ 67 %",concat,11.76,0.0,3.29,0.0,2.27,67.54,1.33,react_tool
llm_vl,react_tool,mir_operator:prefill_layer*,False,1.83,profiled,"latency/launch-bound: 0.25 waves per SM, no unit above 30 % of peak",elementwise_other,2.2,0.0,41.78,0.0,15.94,21.75,0.27,react_tool
llm_vl,react_tool,mir_operator:prefill_layer*,False,1.83,profiled,"latency/launch-bound: 0.75 waves per SM, no unit above 30 % of peak",attention,15.57,8.27,28.35,0.0,18.79,25.19,0.77,react_tool
llm_vl,react_tool,mir_operator:prefill_layer*,False,1.83,profiled,"latency/launch-bound: 0.50 waves per SM, no unit above 30 % of peak",copy,6.72,0.0,35.14,0.0,20.76,23.16,0.4,react_tool
llm_vl,react_tool,mir_operator:prefill_layer*,False,1.83,profiled,"underutilised: SM 1 %, DRAM 44 %, L2 21 %, occ 18 %",elementwise_unary,0.67,0.0,22.33,0.0,10.75,13.14,0.12,react_tool
llm_vl,react_tool,mir_operator:prefill_layer*,False,1.83,profiled,"latency/launch-bound: 0.03 waves per SM, no unit above 30 % of peak",reduce,4.23,0.0,26.24,0.0,10.3,33.12,0.14,react_tool
llm_vl,react_tool,mir_operator:prefill_layer*,False,1.83,profiled,"latency/launch-bound: 0.00 waves per SM, no unit above 30 % of peak",elementwise_binary,10.75,0.0,24.28,0.0,15.35,43.91,0.5,react_tool
llm_vl,react_tool,mir_operator:prefill_layer*,False,1.83,profiled,tensor-core compute-bound,gemm,35.49,39.34,51.94,0.0,69.94,8.33,1.0,react_tool
llm_vl,react_tool,mir_operator:prefill_layer*,False,1.83,profiled,"underutilised: SM 15 %, DRAM 2 %, L2 2 %, occ 68 %",concat,11.68,0.0,3.34,0.0,2.29,67.15,1.33,react_tool
llm_vl,react_tool,mir_operator:prefill_layer*,False,1.83,profiled,"latency/launch-bound: 0.25 waves per SM, no unit above 30 % of peak",elementwise_other,2.27,0.0,40.41,0.0,15.96,21.61,0.27,react_tool
llm_vl,react_tool,mir_operator:prefill_layer*,False,1.83,profiled,"latency/launch-bound: 0.75 waves per SM, no unit above 30 % of peak",attention,15.51,8.24,28.85,0.0,18.72,24.98,0.77,react_tool
llm_vl,react_tool,mir_operator:prefill_layer*,False,1.83,profiled,"latency/launch-bound: 0.50 waves per SM, no unit above 30 % of peak",copy,6.57,0.0,35.07,0.0,20.45,32.79,0.4,react_tool
llm_vl,react_tool,mir_operator:prefill_layer*,False,1.83,profiled,"underutilised: SM 1 %, DRAM 43 %, L2 20 %, occ 18 %",elementwise_unary,0.64,0.0,21.73,0.0,10.7,13.18,0.12,react_tool
llm_vl,react_tool,mir_operator:prefill_layer*,False,1.83,profiled,"latency/launch-bound: 0.03 waves per SM, no unit above 30 % of peak",reduce,4.24,0.0,26.13,0.0,10.27,32.79,0.14,react_tool
llm_vl,react_tool,mir_operator:prefill_layer*,False,1.83,profiled,"latency/launch-bound: 0.00 waves per SM, no unit above 30 % of peak",elementwise_binary,10.48,0.0,24.18,0.0,15.73,42.96,0.5,react_tool
llm_vl,react_tool,mir_operator:prefill_layer*,False,1.83,profiled,tensor-core compute-bound,gemm,35.57,39.25,52.07,0.0,69.42,8.33,1.0,react_tool
llm_vl,react_tool,mir_operator:prefill_layer*,False,1.83,profiled,"underutilised: SM 14 %, DRAM 2 %, L2 2 %, occ 67 %",concat,11.76,0.0,3.15,0.0,2.26,66.97,1.33,react_tool
llm_vl,react_tool,mir_operator:prefill_layer*,False,1.83,profiled,"latency/launch-bound: 0.25 waves per SM, no unit above 30 % of peak",elementwise_other,2.31,0.0,40.91,0.0,16.13,21.88,0.27,react_tool
llm_vl,react_tool,mir_operator:prefill_layer*,False,1.83,profiled,"latency/launch-bound: 0.75 waves per SM, no unit above 30 % of peak",attention,15.68,8.21,28.51,0.0,18.62,25.15,0.77,react_tool
llm_vl,react_tool,mir_operator:prefill_layer*,False,1.83,profiled,"latency/launch-bound: 0.50 waves per SM, no unit above 30 % of peak",copy,7.16,0.0,34.72,0.0,20.25,32.58,0.4,react_tool
llm_vl,react_tool,mir_operator:prefill_layer*,False,1.83,profiled,"underutilised: SM 1 %, DRAM 44 %, L2 20 %, occ 18 %",elementwise_unary,0.66,0.0,22.18,0.0,10.83,12.93,0.12,react_tool
llm_vl,react_tool,mir_operator:prefill_layer*,False,1.83,profiled,"latency/launch-bound: 0.03 waves per SM, no unit above 30 % of peak",reduce,4.2,0.0,26.37,0.0,10.35,33.18,0.14,react_tool
llm_vl,react_tool,mir_operator:prefill_layer*,False,1.83,profiled,"latency/launch-bound: 0.00 waves per SM, no unit above 30 % of peak",elementwise_binary,10.72,0.0,24.43,0.0,15.47,43.83,0.5,react_tool
llm_vl,react_tool,mir_operator:prefill_layer*,False,1.83,profiled,tensor-core compute-bound,gemm,35.45,39.31,51.85,0.0,69.83,8.33,1.0,react_tool
llm_vl,react_tool,mir_operator:prefill_layer*,False,1.83,profiled,"underutilised: SM 14 %, DRAM 2 %, L2 2 %, occ 68 %",concat,11.69,0.0,3.35,0.0,2.29,67.16,1.33,react_tool
llm_vl,react_tool,mir_operator:prefill_layer*,False,1.83,profiled,"latency/launch-bound: 0.25 waves per SM, no unit above 30 % of peak",elementwise_other,2.31,0.0,41.81,0.0,16.5,21.75,0.27,react_tool
llm_vl,react_tool,mir_operator:prefill_layer*,False,1.83,profiled,"latency/launch-bound: 0.75 waves per SM, no unit above 30 % of peak",attention,15.78,8.24,28.67,0.0,18.68,25.26,0.77,react_tool
llm_vl,react_tool,mir_operator:prefill_layer*,False,1.83,profiled,"latency/launch-bound: 0.50 waves per SM, no unit above 30 % of peak",copy,6.83,0.0,35.32,0.0,20.21,32.58,0.4,react_tool
llm_vl,react_tool,mir_operator:prefill_layer*,False,1.83,profiled,"underutilised: SM 1 %, DRAM 47 %, L2 22 %, occ 18 %",elementwise_unary,0.69,0.0,22.48,0.0,10.78,13.23,0.12,react_tool
llm_vl,react_tool,mir_operator:prefill_layer*,False,1.83,profiled,"latency/launch-bound: 0.03 waves per SM, no unit above 30 % of peak",reduce,4.35,0.0,26.14,0.0,10.3,33.14,0.14,react_tool
llm_vl,react_tool,mir_operator:prefill_layer*,False,1.83,profiled,"latency/launch-bound: 0.00 waves per SM, no unit above 30 % of peak",elementwise_binary,10.67,0.0,24.21,0.0,15.51,43.19,0.5,react_tool
llm_vl,react_tool,mir_operator:prefill_layer*,False,1.83,profiled,tensor-core compute-bound,gemm,31.84,39.11,52.1,0.0,69.42,8.33,1.0,react_tool
llm_vl,react_tool,mir_operator:prefill_layer*,False,1.83,profiled,"underutilised: SM 15 %, DRAM 5 %, L2 2 %, occ 67 %",concat,11.8,0.0,3.43,0.0,2.3,66.99,1.33,react_tool
llm_vl,react_tool,mir_operator:prefill_layer*,False,1.83,profiled,"latency/launch-bound: 0.25 waves per SM, no unit above 30 % of peak",elementwise_other,2.23,0.0,40.54,0.0,16.11,21.65,0.27,react_tool
llm_vl,react_tool,mir_operator:prefill_layer*,False,1.83,profiled,"latency/launch-bound: 0.75 waves per SM, no unit above 30 % of peak",attention,15.59,8.35,16.93,0.0,18.21,25.03,0.77,react_tool
llm_vl,react_tool,mir_operator:prefill_layer*,False,1.83,profiled,"latency/launch-bound: 0.50 waves per SM, no unit above 30 % of peak",copy,7.11,0.0,35.21,0.0,19.53,32.61,0.4,react_tool
llm_vl,react_tool,mir_operator:prefill_layer*,False,1.83,profiled,"underutilised: SM 1 %, DRAM 44 %, L2 21 %, occ 18 %",elementwise_unary,0.68,0.0,22.38,0.0,11.05,13.25,0.12,react_tool
llm_vl,react_tool,mir_operator:prefill_layer*,False,1.83,profiled,"latency/launch-bound: 0.03 waves per SM, no unit above 30 % of peak",reduce,4.31,0.0,25.56,0.0,10.06,33.03,0.14,react_tool
llm_vl,react_tool,mir_operator:prefill_layer*,False,1.83,profiled,"latency/launch-bound: 0.00 waves per SM, no unit above 30 % of peak",elementwise_binary,10.69,0.0,24.95,0.0,15.35,43.59,0.5,react_tool
llm_vl,react_tool,mir_operator:prefill_layer*,False,1.83,profiled,tensor-core compute-bound,gemm,35.45,39.27,52.13,0.0,69.69,8.33,1.0,react_tool
llm_vl,react_tool,mir_operator:prefill_layer*,False,1.83,profiled,"underutilised: SM 14 %, DRAM 2 %, L2 2 %, occ 66 %",concat,11.74,0.0,3.35,0.0,2.3,66.61,1.33,react_tool
llm_vl,react_tool,mir_operator:prefill_layer*,False,1.83,profiled,"latency/launch-bound: 0.25 waves per SM, no unit above 30 % of peak",elementwise_other,2.31,0.0,41.13,0.0,16.31,21.56,0.27,react_tool
llm_vl,react_tool,mir_operator:prefill_layer*,False,1.83,profiled,"latency/launch-bound: 0.75 waves per SM, no unit above 30 % of peak",attention,15.63,8.36,29.53,0.0,18.92,25.19,0.77,react_tool
llm_vl,react_tool,mir_operator:prefill_layer*,False,1.83,profiled,"latency/launch-bound: 0.50 waves per SM, no unit above 30 % of peak",copy,6.98,0.0,34.69,0.0,20.85,32.17,0.4,react_tool
llm_vl,react_tool,mir_operator:prefill_layer*,False,1.83,profiled,"underutilised: SM 1 %, DRAM 44 %, L2 20 %, occ 18 %",elementwise_unary,0.65,0.0,23.49,0.0,10.86,13.08,0.12,react_tool
llm_vl,react_tool,mir_operator:prefill_layer*,False,1.83,profiled,"latency/launch-bound: 0.03 waves per SM, no unit above 30 % of peak",reduce,4.2,0.0,25.95,0.0,10.6,32.94,0.14,react_tool
llm_vl,react_tool,mir_operator:prefill_layer*,False,1.83,profiled,"latency/launch-bound: 0.00 waves per SM, no unit above 30 % of peak",elementwise_binary,10.53,0.0,24.31,0.0,15.53,43.55,0.5,react_tool
llm_vl,react_tool,mir_operator:prefill_layer*,False,1.83,profiled,tensor-core compute-bound,gemm,35.25,39.27,51.88,0.0,69.36,8.33,1.0,react_tool
llm_vl,react_tool,mir_operator:prefill_layer*,False,1.83,profiled,"underutilised: SM 15 %, DRAM 2 %, L2 2 %, occ 68 %",concat,11.73,0.0,3.26,0.0,2.26,67.32,1.33,react_tool
llm_vl,react_tool,mir_operator:prefill_layer*,False,1.83,profiled,"latency/launch-bound: 0.25 waves per SM, no unit above 30 % of peak",elementwise_other,2.22,0.0,40.58,0.0,16.03,21.48,0.27,react_tool
llm_vl,react_tool,mir_operator:prefill_layer*,False,1.83,profiled,"latency/launch-bound: 0.75 waves per SM, no unit above 30 % of peak",attention,15.66,8.18,28.3,0.0,18.73,25.13,0.77,react_tool
llm_vl,react_tool,mir_operator:prefill_layer*,False,1.83,profiled,"latency/launch-bound: 0.50 waves per SM, no unit above 30 % of peak",copy,7.08,0.0,35.13,0.0,20.29,32.69,0.4,react_tool
llm_vl,react_tool,mir_operator:prefill_layer*,False,1.83,profiled,"underutilised: SM 1 %, DRAM 45 %, L2 21 %, occ 18 %",elementwise_unary,0.64,0.0,22.03,0.0,10.6,13.19,0.12,react_tool
llm_vl,react_tool,mir_operator:prefill_layer*,False,1.83,profiled,"latency/launch-bound: 0.03 waves per SM, no unit above 30 % of peak",reduce,4.19,0.0,26.19,0.0,10.27,32.62,0.14,react_tool
llm_vl,react_tool,mir_operator:prefill_layer*,False,1.83,profiled,"latency/launch-bound: 0.00 waves per SM, no unit above 30 % of peak",elementwise_binary,10.71,0.0,24.14,0.0,14.95,43.71,0.5,react_tool
llm_vl,react_tool,mir_operator:prefill_layer*,False,1.83,profiled,tensor-core compute-bound,gemm,35.56,39.29,52.02,0.0,69.86,8.33,1.0,react_tool
llm_vl,react_tool,mir_operator:prefill_layer*,False,1.83,profiled,"underutilised: SM 14 %, DRAM 2 %, L2 2 %, occ 67 %",concat,11.67,0.0,3.38,0.0,2.33,67.08,1.33,react_tool
llm_vl,react_tool,mir_operator:prefill_layer*,False,1.83,profiled,"latency/launch-bound: 0.25 waves per SM, no unit above 30 % of peak",elementwise_other,2.22,0.0,40.84,0.0,16.38,21.91,0.27,react_tool
llm_vl,react_tool,mir_operator:prefill_layer*,False,1.83,profiled,"latency/launch-bound: 0.75 waves per SM, no unit above 30 % of peak",attention,15.67,8.42,28.17,0.0,18.67,25.05,0.77,react_tool
llm_vl,react_tool,mir_operator:prefill_layer*,False,1.83,profiled,"latency/launch-bound: 0.50 waves per SM, no unit above 30 % of peak",copy,7.16,0.0,35.36,0.0,20.97,32.83,0.4,react_tool
llm_vl,react_tool,mir_operator:prefill_layer*,False,1.83,profiled,"underutilised: SM 1 %, DRAM 43 %, L2 20 %, occ 18 %",elementwise_unary,0.66,0.0,21.93,0.0,10.64,13.01,0.12,react_tool
llm_vl,react_tool,mir_operator:prefill_layer*,False,1.83,profiled,"latency/launch-bound: 0.03 waves per SM, no unit above 30 % of peak",reduce,4.09,0.0,26.26,0.0,10.22,32.89,0.14,react_tool
llm_vl,react_tool,mir_operator:prefill_layer*,False,1.83,profiled,"latency/launch-bound: 0.00 waves per SM, no unit above 30 % of peak",elementwise_binary,10.41,0.0,24.77,0.0,15.27,43.5,0.5,react_tool
llm_vl,react_tool,mir_operator:prefill_layer*,False,1.83,profiled,tensor-core compute-bound,gemm,35.55,39.03,52.44,0.0,69.47,8.33,1.0,react_tool
llm_vl,react_tool,mir_operator:prefill_layer*,False,1.83,profiled,"underutilised: SM 14 %, DRAM 2 %, L2 2 %, occ 67 %",concat,11.68,0.0,3.36,0.0,2.29,66.93,1.33,react_tool
llm_vl,react_tool,mir_operator:prefill_layer*,False,1.83,profiled,"latency/launch-bound: 0.25 waves per SM, no unit above 30 % of peak",elementwise_other,2.32,0.0,41.71,0.0,15.86,21.68,0.27,react_tool
llm_vl,react_tool,mir_operator:prefill_layer*,False,1.83,profiled,"latency/launch-bound: 0.75 waves per SM, no unit above 30 % of peak",attention,15.7,8.34,28.34,0.0,19.08,25.28,0.77,react_tool
llm_vl,react_tool,mir_operator:prefill_layer*,False,1.83,profiled,"latency/launch-bound: 0.50 waves per SM, no unit above 30 % of peak",copy,7.15,0.0,35.24,0.0,20.1,32.08,0.4,react_tool
llm_vl,react_tool,mir_operator:prefill_layer*,False,1.83,profiled,"underutilised: SM 1 %, DRAM 44 %, L2 21 %, occ 18 %",elementwise_unary,0.66,0.0,22.22,0.0,10.7,13.1,0.12,react_tool
llm_vl,react_tool,mir_operator:prefill_layer*,False,1.83,profiled,"latency/launch-bound: 0.03 waves per SM, no unit above 30 % of peak",reduce,4.2,0.0,25.85,0.0,10.16,32.72,0.14,react_tool
llm_vl,react_tool,mir_operator:prefill_layer*,False,1.83,profiled,"latency/launch-bound: 0.00 waves per SM, no unit above 30 % of peak",elementwise_binary,10.78,0.0,25.16,0.0,15.59,43.68,0.5,react_tool
llm_vl,react_tool,mir_operator:prefill_layer*,False,1.83,profiled,tensor-core compute-bound,gemm,32.23,39.09,52.13,0.0,69.65,8.33,1.0,react_tool
llm_vl,react_tool,mir_operator:prefill_layer*,False,1.83,profiled,"underutilised: SM 15 %, DRAM 2 %, L2 10 %, occ 68 %",concat,11.65,0.0,3.37,0.0,2.37,66.96,1.33,react_tool
llm_vl,react_tool,mir_operator:prefill_layer*,False,1.83,profiled,"latency/launch-bound: 0.25 waves per SM, no unit above 30 % of peak",elementwise_other,2.29,0.0,31.0,0.0,11.89,21.5,0.27,react_tool
llm_vl,react_tool,mir_operator:prefill_layer*,False,1.83,profiled,"latency/launch-bound: 0.75 waves per SM, no unit above 30 % of peak",attention,15.68,8.25,28.12,0.0,18.63,25.19,0.77,react_tool
llm_vl,react_tool,mir_operator:prefill_layer*,False,1.83,profiled,"latency/launch-bound: 0.50 waves per SM, no unit above 30 % of peak",copy,7.18,0.0,35.11,0.0,20.35,32.88,0.4,react_tool
llm_vl,react_tool,mir_operator:prefill_layer*,False,1.83,profiled,"underutilised: SM 1 %, DRAM 44 %, L2 20 %, occ 18 %",elementwise_unary,0.66,0.0,22.28,0.0,10.69,13.1,0.12,react_tool
llm_vl,react_tool,mir_operator:prefill_layer*,False,1.83,profiled,"latency/launch-bound: 0.03 waves per SM, no unit above 30 % of peak",reduce,4.15,0.0,26.09,0.0,10.26,32.88,0.14,react_tool
llm_vl,react_tool,mir_operator:prefill_layer*,False,1.83,profiled,"latency/launch-bound: 0.00 waves per SM, no unit above 30 % of peak",elementwise_binary,10.65,0.0,24.63,0.0,15.31,43.29,0.5,react_tool
llm_vl,react_tool,mir_operator:prefill_layer*,False,1.83,profiled,tensor-core compute-bound,gemm,35.48,39.02,52.56,0.0,68.57,8.33,1.0,react_tool
llm_vl,react_tool,mir_operator:prefill_layer*,False,1.83,profiled,"underutilised: SM 15 %, DRAM 2 %, L2 2 %, occ 67 %",concat,11.62,0.0,3.32,0.0,2.28,67.04,1.33,react_tool
llm_vl,react_tool,mir_operator:prefill_layer*,False,1.83,profiled,"latency/launch-bound: 0.25 waves per SM, no unit above 30 % of peak",elementwise_other,2.25,0.0,42.26,0.0,16.64,21.47,0.27,react_tool
llm_vl,react_tool,mir_operator:prefill_layer*,False,1.83,profiled,"latency/launch-bound: 0.75 waves per SM, no unit above 30 % of peak",attention,15.64,8.23,28.02,0.0,19.02,25.13,0.77,react_tool
llm_vl,react_tool,mir_operator:prefill_layer*,False,1.83,profiled,"latency/launch-bound: 0.50 waves per SM, no unit above 30 % of peak",copy,6.83,0.0,34.52,0.0,20.2,32.49,0.4,react_tool
llm_vl,react_tool,mir_operator:prefill_layer*,False,1.83,profiled,"underutilised: SM 1 %, DRAM 44 %, L2 20 %, occ 18 %",elementwise_unary,0.66,0.0,22.08,0.0,10.68,13.01,0.12,react_tool
llm_vl,react_tool,mir_operator:prefill_layer*,False,1.83,profiled,"latency/launch-bound: 0.03 waves per SM, no unit above 30 % of peak",reduce,4.16,0.0,26.74,0.0,10.53,32.72,0.14,react_tool
llm_vl,react_tool,mir_operator:prefill_layer*,False,1.83,profiled,"latency/launch-bound: 0.00 waves per SM, no unit above 30 % of peak",elementwise_binary,10.71,0.0,23.87,0.0,15.45,43.78,0.5,react_tool
llm_vl,react_tool,mir_operator:prefill_layer*,False,1.83,profiled,tensor-core compute-bound,gemm,35.51,39.22,51.85,0.0,69.93,8.33,1.0,react_tool
llm_vl,react_tool,mir_operator:prefill_layer*,False,1.83,profiled,"underutilised: SM 14 %, DRAM 2 %, L2 2 %, occ 67 %",concat,11.67,0.0,3.36,0.0,2.29,67.18,1.33,react_tool
llm_vl,react_tool,mir_operator:prefill_layer*,False,1.83,profiled,"latency/launch-bound: 0.25 waves per SM, no unit above 30 % of peak",elementwise_other,2.3,0.0,41.16,0.0,16.33,21.48,0.27,react_tool
llm_vl,react_tool,mir_operator:prefill_layer*,False,1.83,profiled,"latency/launch-bound: 0.75 waves per SM, no unit above 30 % of peak",attention,15.72,8.38,27.19,0.0,18.64,25.26,0.77,react_tool
llm_vl,react_tool,mir_operator:prefill_layer*,False,1.83,profiled,"latency/launch-bound: 0.50 waves per SM, no unit above 30 % of peak",copy,7.14,0.0,35.1,0.0,20.44,32.82,0.4,react_tool
llm_vl,react_tool,mir_operator:prefill_layer*,False,1.83,profiled,"underutilised: SM 1 %, DRAM 44 %, L2 20 %, occ 18 %",elementwise_unary,0.66,0.0,22.13,0.0,10.67,13.15,0.12,react_tool
llm_vl,react_tool,mir_operator:prefill_layer*,False,1.83,profiled,"latency/launch-bound: 0.03 waves per SM, no unit above 30 % of peak",reduce,4.25,0.0,26.58,0.0,10.45,32.94,0.14,react_tool
llm_vl,react_tool,mir_operator:prefill_layer*,False,1.83,profiled,"latency/launch-bound: 0.00 waves per SM, no unit above 30 % of peak",elementwise_binary,10.72,0.0,23.94,0.0,15.72,43.61,0.5,react_tool
llm_vl,react_tool,mir_operator:prefill_layer*,False,1.83,profiled,tensor-core compute-bound,gemm,35.22,39.28,51.9,0.0,69.07,8.33,1.0,react_tool
llm_vl,react_tool,mir_operator:prefill_layer*,False,1.83,profiled,"underutilised: SM 14 %, DRAM 2 %, L2 2 %, occ 66 %",concat,11.53,0.0,3.29,0.0,2.29,66.89,1.33,react_tool
llm_vl,react_tool,mir_operator:prefill_layer*,False,1.83,profiled,"latency/launch-bound: 0.25 waves per SM, no unit above 30 % of peak",elementwise_other,2.23,0.0,40.77,0.0,15.69,21.84,0.27,react_tool
llm_vl,react_tool,mir_operator:prefill_layer*,False,1.83,profiled,"latency/launch-bound: 0.75 waves per SM, no unit above 30 % of peak",attention,15.62,8.17,28.26,0.0,18.56,25.15,0.77,react_tool
llm_vl,react_tool,mir_operator:prefill_layer*,False,1.83,profiled,"latency/launch-bound: 0.50 waves per SM, no unit above 30 % of peak",copy,7.2,0.0,34.56,0.0,20.44,32.08,0.4,react_tool
llm_vl,react_tool,mir_operator:prefill_layer*,False,1.83,profiled,"underutilised: SM 1 %, DRAM 46 %, L2 21 %, occ 18 %",elementwise_unary,0.66,0.0,21.88,0.0,10.5,13.08,0.12,react_tool
llm_vl,react_tool,mir_operator:prefill_layer*,False,1.83,profiled,"latency/launch-bound: 0.03 waves per SM, no unit above 30 % of peak",reduce,4.14,0.0,26.45,0.0,10.4,32.61,0.14,react_tool
llm_vl,react_tool,mir_operator:prefill_layer*,False,1.83,profiled,"latency/launch-bound: 0.00 waves per SM, no unit above 30 % of peak",elementwise_binary,10.96,0.0,24.06,0.0,15.66,43.65,0.5,react_tool
llm_vl,react_tool,mir_operator:prefill_layer*,False,1.83,profiled,tensor-core compute-bound,gemm,35.65,39.14,52.05,0.0,69.75,8.33,1.0,react_tool
llm_vl,react_tool,mir_operator:prefill_layer*,False,1.83,profiled,"underutilised: SM 14 %, DRAM 2 %, L2 2 %, occ 68 %",concat,11.69,0.0,3.28,0.0,2.26,67.19,1.33,react_tool
llm_vl,react_tool,mir_operator:prefill_layer*,False,1.83,profiled,"latency/launch-bound: 0.25 waves per SM, no unit above 30 % of peak",elementwise_other,2.29,0.0,41.12,0.0,16.28,21.56,0.27,react_tool
llm_vl,react_tool,mir_operator:prefill_layer*,False,1.83,profiled,"latency/launch-bound: 0.75 waves per SM, no unit above 30 % of peak",attention,15.74,8.39,28.53,0.0,18.59,25.32,0.77,react_tool
llm_vl,react_tool,mir_operator:prefill_layer*,False,1.83,profiled,"latency/launch-bound: 0.50 waves per SM, no unit above 30 % of peak",copy,6.79,0.0,34.95,0.0,20.8,32.68,0.4,react_tool
llm_vl,react_tool,mir_operator:prefill_layer*,False,1.83,profiled,"underutilised: SM 1 %, DRAM 38 %, L2 17 %, occ 19 %",elementwise_unary,0.66,0.0,19.37,0.0,8.96,13.06,0.12,react_tool
llm_vl,react_tool,mir_operator:prefill_layer*,False,1.83,profiled,"latency/launch-bound: 0.03 waves per SM, no unit above 30 % of peak",reduce,4.34,0.0,25.86,0.0,10.15,32.81,0.14,react_tool
llm_vl,react_tool,mir_operator:prefill_layer*,False,1.83,profiled,"latency/launch-bound: 0.00 waves per SM, no unit above 30 % of peak",elementwise_binary,10.05,0.0,24.27,0.0,15.42,43.72,0.5,react_tool
llm_vl,react_tool,mir_operator:prefill_layer*,False,1.83,profiled,tensor-core compute-bound,gemm,35.29,39.22,51.84,0.0,69.71,8.33,1.0,react_tool
llm_vl,react_tool,mir_operator:prefill_layer*,False,1.83,profiled,"underutilised: SM 15 %, DRAM 2 %, L2 2 %, occ 68 %",concat,11.77,0.0,3.33,0.0,2.26,67.1,1.33,react_tool
llm_vl,react_tool,mir_operator:prefill_layer*,False,1.83,profiled,"latency/launch-bound: 0.25 waves per SM, no unit above 30 % of peak",elementwise_other,2.26,0.0,42.32,0.0,16.06,21.79,0.27,react_tool
llm_vl,react_tool,mir_operator:prefill_layer*,False,1.83,profiled,"latency/launch-bound: 0.75 waves per SM, no unit above 30 % of peak",attention,15.86,8.22,28.49,0.0,18.66,25.09,0.77,react_tool
llm_vl,react_tool,mir_operator:prefill_layer*,False,1.83,profiled,"latency/launch-bound: 0.50 waves per SM, no unit above 30 % of peak",copy,6.99,0.0,34.45,0.0,19.84,32.47,0.4,react_tool
llm_vl,react_tool,mir_operator:prefill_layer*,False,1.83,profiled,"underutilised: SM 1 %, DRAM 45 %, L2 21 %, occ 18 %",elementwise_unary,0.67,0.0,22.02,0.0,10.67,13.06,0.12,react_tool
llm_vl,react_tool,mir_operator:prefill_layer*,False,1.83,profiled,"latency/launch-bound: 0.03 waves per SM, no unit above 30 % of peak",reduce,4.18,0.0,26.22,0.0,10.31,32.56,0.14,react_tool
llm_vl,react_tool,mir_operator:prefill_layer*,False,1.83,profiled,"latency/launch-bound: 0.00 waves per SM, no unit above 30 % of peak",elementwise_binary,7.18,0.0,24.15,0.0,15.74,43.62,0.5,react_tool
llm_vl,react_tool,mir_operator:prefill_layer*,False,1.83,profiled,tensor-core compute-bound,gemm,35.02,39.22,51.9,0.0,69.37,8.33,1.0,react_tool
llm_vl,react_tool,mir_operator:prefill_layer*,False,1.83,profiled,"underutilised: SM 14 %, DRAM 2 %, L2 2 %, occ 67 %",concat,11.78,0.0,3.36,0.0,2.25,67.07,1.33,react_tool
llm_vl,react_tool,mir_operator:prefill_layer*,False,1.83,profiled,"latency/launch-bound: 0.25 waves per SM, no unit above 30 % of peak",elementwise_other,2.27,0.0,42.28,0.0,16.78,21.4,0.27,react_tool
llm_vl,react_tool,mir_operator:prefill_layer*,False,1.83,profiled,"latency/launch-bound: 0.75 waves per SM, no unit above 30 % of peak",attention,15.7,8.28,28.94,0.0,18.5,25.18,0.77,react_tool
llm_vl,react_tool,mir_operator:prefill_layer*,False,1.83,profiled,"latency/launch-bound: 0.50 waves per SM, no unit above 30 % of peak",copy,7.05,0.0,35.25,0.0,20.77,32.78,0.4,react_tool
llm_vl,react_tool,mir_operator:prefill_layer*,False,1.83,profiled,"underutilised: SM 1 %, DRAM 44 %, L2 20 %, occ 18 %",elementwise_unary,0.67,0.0,21.98,0.0,10.57,13.1,0.12,react_tool
llm_vl,react_tool,mir_operator:prefill_layer*,False,1.83,profiled,"latency/launch-bound: 0.03 waves per SM, no unit above 30 % of peak",reduce,4.22,0.0,26.52,0.0,10.42,32.75,0.14,react_tool
llm_vl,react_tool,mir_operator:prefill_layer*,False,1.83,profiled,"latency/launch-bound: 0.00 waves per SM, no unit above 30 % of peak",elementwise_binary,10.26,0.0,24.74,0.0,15.41,43.34,0.5,react_tool
llm_vl,react_tool,mir_operator:prefill_layer*,False,1.83,profiled,tensor-core compute-bound,gemm,35.68,39.29,52.27,0.0,69.4,8.33,1.0,react_tool
llm_vl,react_tool,mir_operator:prefill_layer*,False,1.83,profiled,"underutilised: SM 15 %, DRAM 2 %, L2 2 %, occ 67 %",concat,11.63,0.0,3.28,0.0,2.27,67.19,1.33,react_tool
llm_vl,react_tool,mir_operator:prefill_layer*,False,1.83,profiled,"latency/launch-bound: 0.25 waves per SM, no unit above 30 % of peak",elementwise_other,2.24,0.0,39.8,0.0,15.75,21.79,0.27,react_tool
llm_vl,react_tool,mir_operator:prefill_layer*,False,1.83,profiled,"latency/launch-bound: 0.75 waves per SM, no unit above 30 % of peak",attention,15.86,8.3,28.25,0.0,19.03,25.0,0.77,react_tool
llm_vl,react_tool,mir_operator:prefill_head,False,0.01,profiled,"latency/launch-bound: 0.50 waves per SM, no unit above 30 % of peak",copy,7.25,0.0,35.16,0.0,20.61,32.78,0.4,react_tool
llm_vl,react_tool,mir_operator:prefill_head,False,0.01,profiled,"underutilised: SM 1 %, DRAM 47 %, L2 22 %, occ 18 %",elementwise_unary,0.69,0.0,23.45,0.0,11.26,13.11,0.12,react_tool
llm_vl,react_tool,mir_operator:prefill_head,False,0.01,profiled,"latency/launch-bound: 0.03 waves per SM, no unit above 30 % of peak",reduce,0.75,0.0,23.82,0.0,9.36,33.27,0.04,react_tool
llm_vl,react_tool,mir_operator:prefill_head,False,0.01,profiled,"latency/launch-bound: 0.00 waves per SM, no unit above 30 % of peak",elementwise_binary,11.09,0.0,24.52,0.0,16.19,46.13,0.54,react_tool
llm_vl,react_tool,mir_operator:prefill_head,False,0.01,profiled,tensor-core compute-bound,gemm,44.6,46.55,76.1,0.0,69.27,16.3,12.76,react_tool
llm_vl,react_tool,mir_operator:prefill_sample,False,0.04,profiled,"latency/launch-bound: 0.05 waves per SM, no unit above 30 % of peak",reduce,2.76,0.0,5.27,0.0,3.04,33.12,0.05,react_tool
llm_vl,react_tool,mir_operator:decode_embed,False,0.13,profiled,"latency/launch-bound: 0.01 waves per SM, no unit above 30 % of peak",other,0.26,0.0,0.34,0.0,0.72,8.31,0.01,react_tool
llm_vl,react_tool,mir_operator:decode_layer*,True,91.73,profiled,"latency/launch-bound: 0.00 waves per SM, no unit above 30 % of peak",copy,0.04,0.0,0.93,0.0,1.65,8.29,0.0,react_tool
llm_vl,react_tool,mir_operator:decode_layer*,True,91.73,profiled,"latency/launch-bound: 0.00 waves per SM, no unit above 30 % of peak",elementwise_unary,0.02,0.0,0.52,0.0,0.99,7.58,0.0,react_tool
llm_vl,react_tool,mir_operator:decode_layer*,True,91.73,profiled,"latency/launch-bound: 0.00 waves per SM, no unit above 30 % of peak",reduce,0.09,0.0,1.97,0.0,3.86,31.85,0.0,react_tool
llm_vl,react_tool,mir_operator:decode_layer*,True,91.73,profiled,"latency/launch-bound: 0.00 waves per SM, no unit above 30 % of peak",elementwise_binary,0.02,0.0,0.83,0.0,1.48,8.3,0.0,react_tool
llm_vl,react_tool,mir_operator:decode_layer*,True,91.73,profiled,DRAM-bandwidth-bound,gemv,15.18,0.0,74.18,0.0,45.27,16.04,0.67,react_tool
llm_vl,react_tool,mir_operator:decode_layer*,True,91.73,profiled,"latency/launch-bound: 0.00 waves per SM, no unit above 30 % of peak",concat,0.72,0.0,0.31,0.0,0.83,8.18,0.07,react_tool
llm_vl,react_tool,mir_operator:decode_layer*,True,91.73,profiled,"latency/launch-bound: 0.00 waves per SM, no unit above 30 % of peak",elementwise_other,0.02,0.0,0.8,0.0,1.13,8.29,0.0,react_tool
llm_vl,react_tool,mir_operator:decode_layer*,True,91.73,profiled,"latency/launch-bound: 0.03 waves per SM, no unit above 30 % of peak",attention,0.43,12.41,2.29,0.0,2.01,8.31,0.01,react_tool
llm_vl,react_tool,mir_operator:decode_layer*,True,91.73,profiled,"latency/launch-bound: 0.00 waves per SM, no unit above 30 % of peak",copy,0.04,0.0,0.91,0.0,1.65,8.27,0.0,react_tool
llm_vl,react_tool,mir_operator:decode_layer*,True,91.73,profiled,"latency/launch-bound: 0.00 waves per SM, no unit above 30 % of peak",elementwise_unary,0.02,0.0,0.47,0.0,0.93,7.68,0.0,react_tool
llm_vl,react_tool,mir_operator:decode_layer*,True,91.73,profiled,"latency/launch-bound: 0.00 waves per SM, no unit above 30 % of peak",reduce,0.09,0.0,1.95,0.0,3.84,31.88,0.0,react_tool
llm_vl,react_tool,mir_operator:decode_layer*,True,91.73,profiled,"latency/launch-bound: 0.00 waves per SM, no unit above 30 % of peak",elementwise_binary,0.02,0.0,0.83,0.0,1.49,8.31,0.0,react_tool
llm_vl,react_tool,mir_operator:decode_layer*,True,91.73,profiled,DRAM-bandwidth-bound,gemv,15.37,0.0,74.92,0.0,45.14,16.05,0.67,react_tool
llm_vl,react_tool,mir_operator:decode_layer*,True,91.73,profiled,"latency/launch-bound: 0.00 waves per SM, no unit above 30 % of peak",concat,0.72,0.0,0.31,0.0,0.76,8.19,0.07,react_tool
llm_vl,react_tool,mir_operator:decode_layer*,True,91.73,profiled,"latency/launch-bound: 0.00 waves per SM, no unit above 30 % of peak",elementwise_other,0.02,0.0,0.82,0.0,1.46,8.3,0.0,react_tool
llm_vl,react_tool,mir_operator:decode_layer*,True,91.73,profiled,"latency/launch-bound: 0.03 waves per SM, no unit above 30 % of peak",attention,0.43,12.36,2.28,0.0,2.01,8.31,0.01,react_tool
llm_vl,react_tool,mir_operator:decode_layer*,True,91.73,profiled,"latency/launch-bound: 0.00 waves per SM, no unit above 30 % of peak",copy,0.04,0.0,0.92,0.0,1.63,8.29,0.0,react_tool
llm_vl,react_tool,mir_operator:decode_layer*,True,91.73,profiled,"latency/launch-bound: 0.00 waves per SM, no unit above 30 % of peak",elementwise_unary,0.02,0.0,0.72,0.0,0.99,7.52,0.0,react_tool
llm_vl,react_tool,mir_operator:decode_layer*,True,91.73,profiled,"latency/launch-bound: 0.00 waves per SM, no unit above 30 % of peak",reduce,0.09,0.0,1.96,0.0,3.86,31.83,0.0,react_tool
llm_vl,react_tool,mir_operator:decode_layer*,True,91.73,profiled,"latency/launch-bound: 0.00 waves per SM, no unit above 30 % of peak",elementwise_binary,0.02,0.0,0.84,0.0,1.56,8.31,0.0,react_tool
llm_vl,react_tool,mir_operator:decode_layer*,True,91.73,profiled,DRAM-bandwidth-bound,gemv,15.36,0.0,73.73,0.0,45.34,16.12,0.67,react_tool
llm_vl,react_tool,mir_operator:decode_layer*,True,91.73,profiled,"latency/launch-bound: 0.00 waves per SM, no unit above 30 % of peak",concat,0.71,0.0,0.35,0.0,0.82,8.18,0.07,react_tool
llm_vl,react_tool,mir_operator:decode_layer*,True,91.73,profiled,"latency/launch-bound: 0.00 waves per SM, no unit above 30 % of peak",elementwise_other,0.02,0.0,0.82,0.0,1.18,8.29,0.0,react_tool
llm_vl,react_tool,mir_operator:decode_layer*,True,91.73,profiled,"latency/launch-bound: 0.03 waves per SM, no unit above 30 % of peak",attention,0.44,12.42,2.28,0.0,2.0,8.31,0.01,react_tool
llm_vl,react_tool,mir_operator:decode_layer*,True,91.73,profiled,"latency/launch-bound: 0.00 waves per SM, no unit above 30 % of peak",copy,0.04,0.0,0.92,0.0,1.66,8.26,0.0,react_tool
llm_vl,react_tool,mir_operator:decode_layer*,True,91.73,profiled,"latency/launch-bound: 0.00 waves per SM, no unit above 30 % of peak",elementwise_unary,0.02,0.0,0.53,0.0,0.96,7.69,0.0,react_tool
llm_vl,react_tool,mir_operator:decode_layer*,True,91.73,profiled,"latency/launch-bound: 0.00 waves per SM, no unit above 30 % of peak",reduce,0.09,0.0,1.96,0.0,3.84,31.95,0.0,react_tool
llm_vl,react_tool,mir_operator:decode_layer*,True,91.73,profiled,"latency/launch-bound: 0.00 waves per SM, no unit above 30 % of peak",elementwise_binary,0.02,0.0,0.81,0.0,1.48,8.31,0.0,react_tool
llm_vl,react_tool,mir_operator:decode_layer*,True,91.73,profiled,DRAM-bandwidth-bound,gemv,15.38,0.0,73.73,0.0,43.59,16.0,0.67,react_tool
llm_vl,react_tool,mir_operator:decode_layer*,True,91.73,profiled,"latency/launch-bound: 0.00 waves per SM, no unit above 30 % of peak",concat,0.73,0.0,0.31,0.0,0.78,8.2,0.07,react_tool
llm_vl,react_tool,mir_operator:decode_layer*,True,91.73,profiled,"latency/launch-bound: 0.00 waves per SM, no unit above 30 % of peak",elementwise_other,0.02,0.0,0.82,0.0,1.45,8.3,0.0,react_tool
llm_vl,react_tool,mir_operator:decode_layer*,True,91.73,profiled,"latency/launch-bound: 0.03 waves per SM, no unit above 30 % of peak",attention,0.43,12.34,2.29,0.0,2.03,8.3,0.01,react_tool
llm_vl,react_tool,mir_operator:decode_layer*,True,91.73,profiled,"latency/launch-bound: 0.00 waves per SM, no unit above 30 % of peak",copy,0.04,0.0,0.92,0.0,1.62,8.27,0.0,react_tool
llm_vl,react_tool,mir_operator:decode_layer*,True,91.73,profiled,"latency/launch-bound: 0.00 waves per SM, no unit above 30 % of peak",elementwise_unary,0.02,0.0,0.47,0.0,0.95,7.67,0.0,react_tool
llm_vl,react_tool,mir_operator:decode_layer*,True,91.73,profiled,"latency/launch-bound: 0.00 waves per SM, no unit above 30 % of peak",reduce,0.09,0.0,1.95,0.0,3.89,31.83,0.0,react_tool
llm_vl,react_tool,mir_operator:decode_layer*,True,91.73,profiled,"latency/launch-bound: 0.00 waves per SM, no unit above 30 % of peak",elementwise_binary,0.02,0.0,0.81,0.0,1.45,8.31,0.0,react_tool
llm_vl,react_tool,mir_operator:decode_layer*,True,91.73,profiled,DRAM-bandwidth-bound,gemv,15.28,0.0,74.66,0.0,45.57,16.08,0.67,react_tool
llm_vl,react_tool,mir_operator:decode_layer*,True,91.73,profiled,"latency/launch-bound: 0.00 waves per SM, no unit above 30 % of peak",concat,0.71,0.0,0.31,0.0,0.84,8.17,0.07,react_tool
llm_vl,react_tool,mir_operator:decode_layer*,True,91.73,profiled,"latency/launch-bound: 0.00 waves per SM, no unit above 30 % of peak",elementwise_other,0.02,0.0,0.8,0.0,1.15,8.28,0.0,react_tool
llm_vl,react_tool,mir_operator:decode_layer*,True,91.73,profiled,"latency/launch-bound: 0.03 waves per SM, no unit above 30 % of peak",attention,0.43,12.38,2.29,0.0,2.22,8.3,0.01,react_tool
llm_vl,react_tool,mir_operator:decode_layer*,True,91.73,profiled,"latency/launch-bound: 0.00 waves per SM, no unit above 30 % of peak",copy,0.04,0.0,0.91,0.0,1.59,8.29,0.0,react_tool
llm_vl,react_tool,mir_operator:decode_layer*,True,91.73,profiled,"latency/launch-bound: 0.00 waves per SM, no unit above 30 % of peak",elementwise_unary,0.02,0.0,0.52,0.0,0.99,7.69,0.0,react_tool
llm_vl,react_tool,mir_operator:decode_layer*,True,91.73,profiled,"latency/launch-bound: 0.00 waves per SM, no unit above 30 % of peak",reduce,0.09,0.0,1.95,0.0,3.85,31.9,0.0,react_tool
llm_vl,react_tool,mir_operator:decode_layer*,True,91.73,profiled,"latency/launch-bound: 0.00 waves per SM, no unit above 30 % of peak",elementwise_binary,0.02,0.0,0.82,0.0,1.46,8.31,0.0,react_tool
llm_vl,react_tool,mir_operator:decode_layer*,True,91.73,profiled,DRAM-bandwidth-bound,gemv,15.29,0.0,74.11,0.0,45.79,16.05,0.67,react_tool
llm_vl,react_tool,mir_operator:decode_layer*,True,91.73,profiled,"latency/launch-bound: 0.00 waves per SM, no unit above 30 % of peak",concat,0.72,0.0,0.31,0.0,0.8,8.18,0.07,react_tool
llm_vl,react_tool,mir_operator:decode_layer*,True,91.73,profiled,"latency/launch-bound: 0.00 waves per SM, no unit above 30 % of peak",elementwise_other,0.02,0.0,0.81,0.0,1.32,8.3,0.0,react_tool
llm_vl,react_tool,mir_operator:decode_layer*,True,91.73,profiled,"latency/launch-bound: 0.03 waves per SM, no unit above 30 % of peak",attention,0.44,12.34,2.29,0.0,2.04,8.31,0.01,react_tool
llm_vl,react_tool,mir_operator:decode_layer*,True,91.73,profiled,"latency/launch-bound: 0.00 waves per SM, no unit above 30 % of peak",copy,0.04,0.0,0.91,0.0,1.62,8.29,0.0,react_tool
llm_vl,react_tool,mir_operator:decode_layer*,True,91.73,profiled,"latency/launch-bound: 0.00 waves per SM, no unit above 30 % of peak",elementwise_unary,0.02,0.0,0.54,0.0,0.98,7.42,0.0,react_tool
llm_vl,react_tool,mir_operator:decode_layer*,True,91.73,profiled,"latency/launch-bound: 0.00 waves per SM, no unit above 30 % of peak",reduce,0.09,0.0,1.96,0.0,3.85,31.87,0.0,react_tool
llm_vl,react_tool,mir_operator:decode_layer*,True,91.73,profiled,"latency/launch-bound: 0.00 waves per SM, no unit above 30 % of peak",elementwise_binary,0.02,0.0,0.82,0.0,1.52,8.31,0.0,react_tool
llm_vl,react_tool,mir_operator:decode_layer*,True,91.73,profiled,DRAM-bandwidth-bound,gemv,15.3,0.0,74.14,0.0,46.06,16.12,0.67,react_tool
llm_vl,react_tool,mir_operator:decode_layer*,True,91.73,profiled,"latency/launch-bound: 0.00 waves per SM, no unit above 30 % of peak",concat,0.71,0.0,0.31,0.0,0.78,8.2,0.07,react_tool
llm_vl,react_tool,mir_operator:decode_layer*,True,91.73,profiled,"latency/launch-bound: 0.00 waves per SM, no unit above 30 % of peak",elementwise_other,0.02,0.0,0.81,0.0,1.19,8.29,0.0,react_tool
llm_vl,react_tool,mir_operator:decode_layer*,True,91.73,profiled,"latency/launch-bound: 0.03 waves per SM, no unit above 30 % of peak",attention,0.43,12.41,2.29,0.0,2.03,8.3,0.01,react_tool
llm_vl,react_tool,mir_operator:decode_layer*,True,91.73,profiled,"latency/launch-bound: 0.00 waves per SM, no unit above 30 % of peak",copy,0.04,0.0,0.92,0.0,1.66,8.28,0.0,react_tool
llm_vl,react_tool,mir_operator:decode_layer*,True,91.73,profiled,"latency/launch-bound: 0.00 waves per SM, no unit above 30 % of peak",elementwise_unary,0.02,0.0,0.53,0.0,0.98,7.56,0.0,react_tool
llm_vl,react_tool,mir_operator:decode_layer*,True,91.73,profiled,"latency/launch-bound: 0.00 waves per SM, no unit above 30 % of peak",reduce,0.09,0.0,1.96,0.0,3.87,31.89,0.0,react_tool
llm_vl,react_tool,mir_operator:decode_layer*,True,91.73,profiled,"latency/launch-bound: 0.00 waves per SM, no unit above 30 % of peak",elementwise_binary,0.02,0.0,0.82,0.0,1.48,8.31,0.0,react_tool
llm_vl,react_tool,mir_operator:decode_layer*,True,91.73,profiled,DRAM-bandwidth-bound,gemv,15.39,0.0,75.22,0.0,45.41,16.08,0.67,react_tool
llm_vl,react_tool,mir_operator:decode_layer*,True,91.73,profiled,"latency/launch-bound: 0.00 waves per SM, no unit above 30 % of peak",concat,0.72,0.0,0.31,0.0,0.76,8.2,0.07,react_tool
llm_vl,react_tool,mir_operator:decode_layer*,True,91.73,profiled,"latency/launch-bound: 0.00 waves per SM, no unit above 30 % of peak",elementwise_other,0.02,0.0,0.82,0.0,1.48,8.3,0.0,react_tool
llm_vl,react_tool,mir_operator:decode_layer*,True,91.73,profiled,"latency/launch-bound: 0.03 waves per SM, no unit above 30 % of peak",attention,0.44,12.33,2.3,0.0,2.03,8.3,0.01,react_tool
llm_vl,react_tool,mir_operator:decode_layer*,True,91.73,profiled,"latency/launch-bound: 0.00 waves per SM, no unit above 30 % of peak",copy,0.04,0.0,0.91,0.0,1.79,8.28,0.0,react_tool
llm_vl,react_tool,mir_operator:decode_layer*,True,91.73,profiled,"latency/launch-bound: 0.00 waves per SM, no unit above 30 % of peak",elementwise_unary,0.02,0.0,0.54,0.0,0.92,7.68,0.0,react_tool
llm_vl,react_tool,mir_operator:decode_layer*,True,91.73,profiled,"latency/launch-bound: 0.00 waves per SM, no unit above 30 % of peak",reduce,0.09,0.0,1.95,0.0,3.85,31.87,0.0,react_tool
llm_vl,react_tool,mir_operator:decode_layer*,True,91.73,profiled,"latency/launch-bound: 0.00 waves per SM, no unit above 30 % of peak",elementwise_binary,0.02,0.0,0.82,0.0,1.49,8.31,0.0,react_tool
llm_vl,react_tool,mir_operator:decode_layer*,True,91.73,profiled,DRAM-bandwidth-bound,gemv,15.46,0.0,73.84,0.0,45.38,16.08,0.67,react_tool
llm_vl,react_tool,mir_operator:decode_layer*,True,91.73,profiled,"latency/launch-bound: 0.00 waves per SM, no unit above 30 % of peak",concat,0.73,0.0,0.31,0.0,0.74,8.19,0.07,react_tool
llm_vl,react_tool,mir_operator:decode_layer*,True,91.73,profiled,"latency/launch-bound: 0.00 waves per SM, no unit above 30 % of peak",elementwise_other,0.02,0.0,0.8,0.0,1.31,8.29,0.0,react_tool
llm_vl,react_tool,mir_operator:decode_layer*,True,91.73,profiled,"latency/launch-bound: 0.03 waves per SM, no unit above 30 % of peak",attention,0.43,12.4,2.29,0.0,2.21,8.3,0.01,react_tool
llm_vl,react_tool,mir_operator:decode_layer*,True,91.73,profiled,"latency/launch-bound: 0.00 waves per SM, no unit above 30 % of peak",copy,0.04,0.0,0.91,0.0,1.62,8.27,0.0,react_tool
llm_vl,react_tool,mir_operator:decode_layer*,True,91.73,profiled,"latency/launch-bound: 0.00 waves per SM, no unit above 30 % of peak",elementwise_unary,0.02,0.0,0.54,0.0,0.97,7.66,0.0,react_tool
llm_vl,react_tool,mir_operator:decode_layer*,True,91.73,profiled,"latency/launch-bound: 0.00 waves per SM, no unit above 30 % of peak",reduce,0.09,0.0,1.95,0.0,3.85,31.84,0.0,react_tool
llm_vl,react_tool,mir_operator:decode_layer*,True,91.73,profiled,"latency/launch-bound: 0.00 waves per SM, no unit above 30 % of peak",elementwise_binary,0.02,0.0,0.81,0.0,1.54,8.31,0.0,react_tool
llm_vl,react_tool,mir_operator:decode_layer*,True,91.73,profiled,DRAM-bandwidth-bound,gemv,15.27,0.0,74.25,0.0,45.38,16.09,0.67,react_tool
llm_vl,react_tool,mir_operator:decode_layer*,True,91.73,profiled,"latency/launch-bound: 0.00 waves per SM, no unit above 30 % of peak",concat,0.72,0.0,0.31,0.0,0.84,8.19,0.07,react_tool
llm_vl,react_tool,mir_operator:decode_layer*,True,91.73,profiled,"latency/launch-bound: 0.00 waves per SM, no unit above 30 % of peak",elementwise_other,0.02,0.0,0.83,0.0,1.19,8.28,0.0,react_tool
llm_vl,react_tool,mir_operator:decode_layer*,True,91.73,profiled,"latency/launch-bound: 0.03 waves per SM, no unit above 30 % of peak",attention,0.43,12.36,2.29,0.0,2.01,8.3,0.01,react_tool
llm_vl,react_tool,mir_operator:decode_layer*,True,91.73,profiled,"latency/launch-bound: 0.00 waves per SM, no unit above 30 % of peak",copy,0.04,0.0,0.92,0.0,1.69,8.26,0.0,react_tool
llm_vl,react_tool,mir_operator:decode_layer*,True,91.73,profiled,"latency/launch-bound: 0.00 waves per SM, no unit above 30 % of peak",elementwise_unary,0.02,0.0,0.54,0.0,0.96,7.67,0.0,react_tool
llm_vl,react_tool,mir_operator:decode_layer*,True,91.73,profiled,"latency/launch-bound: 0.00 waves per SM, no unit above 30 % of peak",reduce,0.09,0.0,1.97,0.0,3.89,31.87,0.0,react_tool
llm_vl,react_tool,mir_operator:decode_layer*,True,91.73,profiled,"latency/launch-bound: 0.00 waves per SM, no unit above 30 % of peak",elementwise_binary,0.02,0.0,0.83,0.0,1.66,8.31,0.0,react_tool
llm_vl,react_tool,mir_operator:decode_layer*,True,91.73,profiled,DRAM-bandwidth-bound,gemv,15.04,0.0,74.38,0.0,46.57,16.06,0.67,react_tool
llm_vl,react_tool,mir_operator:decode_layer*,True,91.73,profiled,"latency/launch-bound: 0.00 waves per SM, no unit above 30 % of peak",concat,0.71,0.0,0.32,0.0,0.75,8.2,0.07,react_tool
llm_vl,react_tool,mir_operator:decode_layer*,True,91.73,profiled,"latency/launch-bound: 0.00 waves per SM, no unit above 30 % of peak",elementwise_other,0.02,0.0,0.82,0.0,1.29,8.29,0.0,react_tool
llm_vl,react_tool,mir_operator:decode_layer*,True,91.73,profiled,"latency/launch-bound: 0.03 waves per SM, no unit above 30 % of peak",attention,0.44,12.43,2.3,0.0,2.09,8.3,0.01,react_tool
llm_vl,react_tool,mir_operator:decode_layer*,True,91.73,profiled,"latency/launch-bound: 0.00 waves per SM, no unit above 30 % of peak",copy,0.04,0.0,0.9,0.0,1.8,8.28,0.0,react_tool
llm_vl,react_tool,mir_operator:decode_layer*,True,91.73,profiled,"latency/launch-bound: 0.00 waves per SM, no unit above 30 % of peak",elementwise_unary,0.02,0.0,0.53,0.0,0.98,7.42,0.0,react_tool
llm_vl,react_tool,mir_operator:decode_layer*,True,91.73,profiled,"latency/launch-bound: 0.00 waves per SM, no unit above 30 % of peak",reduce,0.08,0.0,1.96,0.0,3.87,31.8,0.0,react_tool
llm_vl,react_tool,mir_operator:decode_layer*,True,91.73,profiled,"latency/launch-bound: 0.00 waves per SM, no unit above 30 % of peak",elementwise_binary,0.02,0.0,0.81,0.0,1.46,8.31,0.0,react_tool
llm_vl,react_tool,mir_operator:decode_layer*,True,91.73,profiled,DRAM-bandwidth-bound,gemv,15.32,0.0,73.75,0.0,45.34,16.04,0.67,react_tool
llm_vl,react_tool,mir_operator:decode_layer*,True,91.73,profiled,"latency/launch-bound: 0.00 waves per SM, no unit above 30 % of peak",concat,0.72,0.0,0.31,0.0,0.79,8.18,0.07,react_tool
llm_vl,react_tool,mir_operator:decode_layer*,True,91.73,profiled,"latency/launch-bound: 0.00 waves per SM, no unit above 30 % of peak",elementwise_other,0.02,0.0,0.82,0.0,1.31,8.29,0.0,react_tool
llm_vl,react_tool,mir_operator:decode_layer*,True,91.73,profiled,"latency/launch-bound: 0.03 waves per SM, no unit above 30 % of peak",attention,0.43,12.32,2.29,0.0,2.08,8.3,0.01,react_tool
llm_vl,react_tool,mir_operator:decode_layer*,True,91.73,profiled,"latency/launch-bound: 0.00 waves per SM, no unit above 30 % of peak",copy,0.04,0.0,0.92,0.0,1.88,8.27,0.0,react_tool
llm_vl,react_tool,mir_operator:decode_layer*,True,91.73,profiled,"latency/launch-bound: 0.00 waves per SM, no unit above 30 % of peak",elementwise_unary,0.02,0.0,0.54,0.0,1.0,7.7,0.0,react_tool
llm_vl,react_tool,mir_operator:decode_layer*,True,91.73,profiled,"latency/launch-bound: 0.00 waves per SM, no unit above 30 % of peak",reduce,0.08,0.0,1.96,0.0,3.9,31.86,0.0,react_tool
llm_vl,react_tool,mir_operator:decode_layer*,True,91.73,profiled,"latency/launch-bound: 0.00 waves per SM, no unit above 30 % of peak",elementwise_binary,0.02,0.0,0.82,0.0,1.5,8.31,0.0,react_tool
llm_vl,react_tool,mir_operator:decode_layer*,True,91.73,profiled,DRAM-bandwidth-bound,gemv,15.51,0.0,74.76,0.0,45.32,16.13,0.67,react_tool
llm_vl,react_tool,mir_operator:decode_layer*,True,91.73,profiled,"latency/launch-bound: 0.00 waves per SM, no unit above 30 % of peak",concat,0.73,0.0,0.31,0.0,0.8,8.18,0.07,react_tool
llm_vl,react_tool,mir_operator:decode_layer*,True,91.73,profiled,"latency/launch-bound: 0.00 waves per SM, no unit above 30 % of peak",elementwise_other,0.02,0.0,0.81,0.0,1.18,8.29,0.0,react_tool
llm_vl,react_tool,mir_operator:decode_layer*,True,91.73,profiled,"latency/launch-bound: 0.03 waves per SM, no unit above 30 % of peak",attention,0.43,12.4,2.29,0.0,2.05,8.29,0.01,react_tool
llm_vl,react_tool,mir_operator:decode_layer*,True,91.73,profiled,"latency/launch-bound: 0.00 waves per SM, no unit above 30 % of peak",copy,0.04,0.0,0.92,0.0,1.67,8.28,0.0,react_tool
llm_vl,react_tool,mir_operator:decode_layer*,True,91.73,profiled,"latency/launch-bound: 0.00 waves per SM, no unit above 30 % of peak",elementwise_unary,0.02,0.0,0.51,0.0,0.94,7.69,0.0,react_tool
llm_vl,react_tool,mir_operator:decode_layer*,True,91.73,profiled,"latency/launch-bound: 0.00 waves per SM, no unit above 30 % of peak",reduce,0.09,0.0,1.95,0.0,3.83,31.84,0.0,react_tool
llm_vl,react_tool,mir_operator:decode_layer*,True,91.73,profiled,"latency/launch-bound: 0.00 waves per SM, no unit above 30 % of peak",elementwise_binary,0.02,0.0,0.82,0.0,1.46,8.31,0.0,react_tool
llm_vl,react_tool,mir_operator:decode_layer*,True,91.73,profiled,DRAM-bandwidth-bound,gemv,15.17,0.0,73.98,0.0,44.1,16.04,0.67,react_tool
llm_vl,react_tool,mir_operator:decode_layer*,True,91.73,profiled,"latency/launch-bound: 0.00 waves per SM, no unit above 30 % of peak",concat,0.73,0.0,0.31,0.0,0.99,8.19,0.07,react_tool
llm_vl,react_tool,mir_operator:decode_layer*,True,91.73,profiled,"latency/launch-bound: 0.00 waves per SM, no unit above 30 % of peak",elementwise_other,0.02,0.0,0.81,0.0,1.19,8.3,0.0,react_tool
llm_vl,react_tool,mir_operator:decode_layer*,True,91.73,profiled,"latency/launch-bound: 0.03 waves per SM, no unit above 30 % of peak",attention,0.43,12.3,2.27,0.0,2.02,8.31,0.01,react_tool
llm_vl,react_tool,mir_operator:decode_layer*,True,91.73,profiled,"latency/launch-bound: 0.00 waves per SM, no unit above 30 % of peak",copy,0.04,0.0,0.92,0.0,1.65,8.29,0.0,react_tool
llm_vl,react_tool,mir_operator:decode_layer*,True,91.73,profiled,"latency/launch-bound: 0.00 waves per SM, no unit above 30 % of peak",elementwise_unary,0.02,0.0,0.52,0.0,0.96,7.69,0.0,react_tool
llm_vl,react_tool,mir_operator:decode_layer*,True,91.73,profiled,"latency/launch-bound: 0.00 waves per SM, no unit above 30 % of peak",reduce,0.09,0.0,1.95,0.0,3.9,31.82,0.0,react_tool
llm_vl,react_tool,mir_operator:decode_layer*,True,91.73,profiled,"latency/launch-bound: 0.00 waves per SM, no unit above 30 % of peak",elementwise_binary,0.02,0.0,0.82,0.0,1.48,8.31,0.0,react_tool
llm_vl,react_tool,mir_operator:decode_layer*,True,91.73,profiled,DRAM-bandwidth-bound,gemv,15.29,0.0,74.95,0.0,46.57,16.08,0.67,react_tool
llm_vl,react_tool,mir_operator:decode_layer*,True,91.73,profiled,"latency/launch-bound: 0.00 waves per SM, no unit above 30 % of peak",concat,0.72,0.0,0.35,0.0,0.84,8.19,0.07,react_tool
llm_vl,react_tool,mir_operator:decode_layer*,True,91.73,profiled,"latency/launch-bound: 0.00 waves per SM, no unit above 30 % of peak",elementwise_other,0.02,0.0,0.81,0.0,1.19,8.29,0.0,react_tool
llm_vl,react_tool,mir_operator:decode_layer*,True,91.73,profiled,"latency/launch-bound: 0.03 waves per SM, no unit above 30 % of peak",attention,0.43,12.35,2.29,0.0,1.99,8.29,0.01,react_tool
llm_vl,react_tool,mir_operator:decode_layer*,True,91.73,profiled,"latency/launch-bound: 0.00 waves per SM, no unit above 30 % of peak",copy,0.04,0.0,0.92,0.0,1.64,8.29,0.0,react_tool
llm_vl,react_tool,mir_operator:decode_layer*,True,91.73,profiled,"latency/launch-bound: 0.00 waves per SM, no unit above 30 % of peak",elementwise_unary,0.02,0.0,0.52,0.0,0.98,7.62,0.0,react_tool
llm_vl,react_tool,mir_operator:decode_layer*,True,91.73,profiled,"latency/launch-bound: 0.00 waves per SM, no unit above 30 % of peak",reduce,0.09,0.0,1.96,0.0,3.9,31.88,0.0,react_tool
llm_vl,react_tool,mir_operator:decode_layer*,True,91.73,profiled,"latency/launch-bound: 0.00 waves per SM, no unit above 30 % of peak",elementwise_binary,0.02,0.0,0.83,0.0,1.45,8.31,0.0,react_tool
llm_vl,react_tool,mir_operator:decode_layer*,True,91.73,profiled,DRAM-bandwidth-bound,gemv,15.4,0.0,74.48,0.0,45.52,16.02,0.67,react_tool
llm_vl,react_tool,mir_operator:decode_layer*,True,91.73,profiled,"latency/launch-bound: 0.00 waves per SM, no unit above 30 % of peak",concat,0.72,0.0,0.32,0.0,0.79,8.2,0.07,react_tool
llm_vl,react_tool,mir_operator:decode_layer*,True,91.73,profiled,"latency/launch-bound: 0.00 waves per SM, no unit above 30 % of peak",elementwise_other,0.02,0.0,0.82,0.0,1.13,8.28,0.0,react_tool
llm_vl,react_tool,mir_operator:decode_layer*,True,91.73,profiled,"latency/launch-bound: 0.03 waves per SM, no unit above 30 % of peak",attention,0.43,12.4,2.51,0.0,2.07,8.3,0.01,react_tool
llm_vl,react_tool,mir_operator:decode_layer*,True,91.73,profiled,"latency/launch-bound: 0.00 waves per SM, no unit above 30 % of peak",copy,0.04,0.0,0.91,0.0,1.62,8.29,0.0,react_tool
llm_vl,react_tool,mir_operator:decode_layer*,True,91.73,profiled,"latency/launch-bound: 0.00 waves per SM, no unit above 30 % of peak",elementwise_unary,0.02,0.0,0.47,0.0,0.92,7.65,0.0,react_tool
llm_vl,react_tool,mir_operator:decode_layer*,True,91.73,profiled,"latency/launch-bound: 0.00 waves per SM, no unit above 30 % of peak",reduce,0.09,0.0,1.96,0.0,3.86,31.81,0.0,react_tool
llm_vl,react_tool,mir_operator:decode_layer*,True,91.73,profiled,"latency/launch-bound: 0.00 waves per SM, no unit above 30 % of peak",elementwise_binary,0.02,0.0,0.83,0.0,1.43,8.31,0.0,react_tool
llm_vl,react_tool,mir_operator:decode_layer*,True,91.73,profiled,DRAM-bandwidth-bound,gemv,15.25,0.0,74.03,0.0,46.16,16.14,0.67,react_tool
llm_vl,react_tool,mir_operator:decode_layer*,True,91.73,profiled,"latency/launch-bound: 0.00 waves per SM, no unit above 30 % of peak",concat,0.71,0.0,0.31,0.0,0.77,8.18,0.07,react_tool
llm_vl,react_tool,mir_operator:decode_layer*,True,91.73,profiled,"latency/launch-bound: 0.00 waves per SM, no unit above 30 % of peak",elementwise_other,0.02,0.0,0.81,0.0,1.17,8.29,0.0,react_tool
llm_vl,react_tool,mir_operator:decode_layer*,True,91.73,profiled,"latency/launch-bound: 0.03 waves per SM, no unit above 30 % of peak",attention,0.43,12.4,2.29,0.0,1.99,8.3,0.01,react_tool
llm_vl,react_tool,mir_operator:decode_layer*,True,91.73,profiled,"latency/launch-bound: 0.00 waves per SM, no unit above 30 % of peak",copy,0.04,0.0,0.91,0.0,1.64,8.28,0.0,react_tool
llm_vl,react_tool,mir_operator:decode_layer*,True,91.73,profiled,"latency/launch-bound: 0.00 waves per SM, no unit above 30 % of peak",elementwise_unary,0.02,0.0,0.54,0.0,0.95,7.65,0.0,react_tool
llm_vl,react_tool,mir_operator:decode_layer*,True,91.73,profiled,"latency/launch-bound: 0.00 waves per SM, no unit above 30 % of peak",reduce,0.09,0.0,1.96,0.0,3.85,31.84,0.0,react_tool
llm_vl,react_tool,mir_operator:decode_layer*,True,91.73,profiled,"latency/launch-bound: 0.00 waves per SM, no unit above 30 % of peak",elementwise_binary,0.02,0.0,0.83,0.0,1.51,8.31,0.0,react_tool
llm_vl,react_tool,mir_operator:decode_layer*,True,91.73,profiled,DRAM-bandwidth-bound,gemv,15.37,0.0,73.87,0.0,45.57,16.05,0.67,react_tool
llm_vl,react_tool,mir_operator:decode_layer*,True,91.73,profiled,"latency/launch-bound: 0.00 waves per SM, no unit above 30 % of peak",concat,0.68,0.0,0.31,0.0,0.75,8.18,0.07,react_tool
llm_vl,react_tool,mir_operator:decode_layer*,True,91.73,profiled,"latency/launch-bound: 0.00 waves per SM, no unit above 30 % of peak",elementwise_other,0.02,0.0,0.82,0.0,1.39,8.28,0.0,react_tool
llm_vl,react_tool,mir_operator:decode_layer*,True,91.73,profiled,"latency/launch-bound: 0.03 waves per SM, no unit above 30 % of peak",attention,0.43,12.34,2.29,0.0,2.02,8.3,0.01,react_tool
llm_vl,react_tool,mir_operator:decode_layer*,True,91.73,profiled,"latency/launch-bound: 0.00 waves per SM, no unit above 30 % of peak",copy,0.04,0.0,0.92,0.0,1.65,8.29,0.0,react_tool
llm_vl,react_tool,mir_operator:decode_layer*,True,91.73,profiled,"latency/launch-bound: 0.00 waves per SM, no unit above 30 % of peak",elementwise_unary,0.02,0.0,0.45,0.0,0.92,7.64,0.0,react_tool
llm_vl,react_tool,mir_operator:decode_layer*,True,91.73,profiled,"latency/launch-bound: 0.00 waves per SM, no unit above 30 % of peak",reduce,0.09,0.0,1.97,0.0,3.86,31.85,0.0,react_tool
llm_vl,react_tool,mir_operator:decode_layer*,True,91.73,profiled,"latency/launch-bound: 0.00 waves per SM, no unit above 30 % of peak",elementwise_binary,0.02,0.0,0.82,0.0,1.53,8.31,0.0,react_tool
llm_vl,react_tool,mir_operator:decode_layer*,True,91.73,profiled,DRAM-bandwidth-bound,gemv,15.16,0.0,73.81,0.0,45.58,16.09,0.67,react_tool
llm_vl,react_tool,mir_operator:decode_layer*,True,91.73,profiled,"latency/launch-bound: 0.00 waves per SM, no unit above 30 % of peak",concat,0.71,0.0,0.32,0.0,0.75,8.19,0.07,react_tool
llm_vl,react_tool,mir_operator:decode_layer*,True,91.73,profiled,"latency/launch-bound: 0.00 waves per SM, no unit above 30 % of peak",elementwise_other,0.02,0.0,0.81,0.0,1.28,8.29,0.0,react_tool
llm_vl,react_tool,mir_operator:decode_layer*,True,91.73,profiled,"latency/launch-bound: 0.03 waves per SM, no unit above 30 % of peak",attention,0.44,12.42,2.28,0.0,2.01,8.29,0.01,react_tool
llm_vl,react_tool,mir_operator:decode_layer*,True,91.73,profiled,"latency/launch-bound: 0.00 waves per SM, no unit above 30 % of peak",copy,0.04,0.0,0.91,0.0,1.63,8.26,0.0,react_tool
llm_vl,react_tool,mir_operator:decode_layer*,True,91.73,profiled,"latency/launch-bound: 0.00 waves per SM, no unit above 30 % of peak",elementwise_unary,0.02,0.0,0.54,0.0,0.96,7.53,0.0,react_tool
llm_vl,react_tool,mir_operator:decode_layer*,True,91.73,profiled,"latency/launch-bound: 0.00 waves per SM, no unit above 30 % of peak",reduce,0.09,0.0,1.97,0.0,3.87,31.83,0.0,react_tool
llm_vl,react_tool,mir_operator:decode_layer*,True,91.73,profiled,"latency/launch-bound: 0.00 waves per SM, no unit above 30 % of peak",elementwise_binary,0.02,0.0,0.82,0.0,1.49,8.31,0.0,react_tool
llm_vl,react_tool,mir_operator:decode_layer*,True,91.73,profiled,DRAM-bandwidth-bound,gemv,15.45,0.0,74.55,0.0,45.14,15.96,0.67,react_tool
llm_vl,react_tool,mir_operator:decode_layer*,True,91.73,profiled,"latency/launch-bound: 0.00 waves per SM, no unit above 30 % of peak",concat,0.68,0.0,0.32,0.0,0.96,8.2,0.07,react_tool
llm_vl,react_tool,mir_operator:decode_layer*,True,91.73,profiled,"latency/launch-bound: 0.00 waves per SM, no unit above 30 % of peak",elementwise_other,0.02,0.0,0.82,0.0,1.2,8.3,0.0,react_tool
llm_vl,react_tool,mir_operator:decode_layer*,True,91.73,profiled,"latency/launch-bound: 0.03 waves per SM, no unit above 30 % of peak",attention,0.44,12.41,2.28,0.0,2.05,8.3,0.01,react_tool
llm_vl,react_tool,mir_operator:decode_layer*,True,91.73,profiled,"latency/launch-bound: 0.00 waves per SM, no unit above 30 % of peak",copy,0.04,0.0,0.92,0.0,1.68,8.28,0.0,react_tool
llm_vl,react_tool,mir_operator:decode_layer*,True,91.73,profiled,"latency/launch-bound: 0.00 waves per SM, no unit above 30 % of peak",elementwise_unary,0.02,0.0,0.52,0.0,0.95,7.66,0.0,react_tool
llm_vl,react_tool,mir_operator:decode_layer*,True,91.73,profiled,"latency/launch-bound: 0.00 waves per SM, no unit above 30 % of peak",reduce,0.09,0.0,1.96,0.0,3.87,31.91,0.0,react_tool
llm_vl,react_tool,mir_operator:decode_layer*,True,91.73,profiled,"latency/launch-bound: 0.00 waves per SM, no unit above 30 % of peak",elementwise_binary,0.02,0.0,0.82,0.0,1.62,8.3,0.0,react_tool
llm_vl,react_tool,mir_operator:decode_layer*,True,91.73,profiled,DRAM-bandwidth-bound,gemv,15.41,0.0,74.28,0.0,45.9,16.03,0.67,react_tool
llm_vl,react_tool,mir_operator:decode_layer*,True,91.73,profiled,"latency/launch-bound: 0.00 waves per SM, no unit above 30 % of peak",concat,0.72,0.0,0.32,0.0,0.74,8.19,0.07,react_tool
llm_vl,react_tool,mir_operator:decode_layer*,True,91.73,profiled,"latency/launch-bound: 0.00 waves per SM, no unit above 30 % of peak",elementwise_other,0.02,0.0,0.81,0.0,1.48,8.29,0.0,react_tool
llm_vl,react_tool,mir_operator:decode_layer*,True,91.73,profiled,"latency/launch-bound: 0.03 waves per SM, no unit above 30 % of peak",attention,0.43,12.4,2.28,0.0,2.24,8.29,0.01,react_tool
llm_vl,react_tool,mir_operator:decode_layer*,True,91.73,profiled,"latency/launch-bound: 0.00 waves per SM, no unit above 30 % of peak",copy,0.04,0.0,0.93,0.0,1.66,8.28,0.0,react_tool
llm_vl,react_tool,mir_operator:decode_layer*,True,91.73,profiled,"latency/launch-bound: 0.00 waves per SM, no unit above 30 % of peak",elementwise_unary,0.02,0.0,0.53,0.0,0.92,7.7,0.0,react_tool
llm_vl,react_tool,mir_operator:decode_layer*,True,91.73,profiled,"latency/launch-bound: 0.00 waves per SM, no unit above 30 % of peak",reduce,0.09,0.0,1.95,0.0,3.86,31.84,0.0,react_tool
llm_vl,react_tool,mir_operator:decode_layer*,True,91.73,profiled,"latency/launch-bound: 0.00 waves per SM, no unit above 30 % of peak",elementwise_binary,0.02,0.0,0.82,0.0,1.48,8.31,0.0,react_tool
llm_vl,react_tool,mir_operator:decode_layer*,True,91.73,profiled,DRAM-bandwidth-bound,gemv,15.36,0.0,74.95,0.0,45.96,16.09,0.67,react_tool
llm_vl,react_tool,mir_operator:decode_layer*,True,91.73,profiled,"latency/launch-bound: 0.00 waves per SM, no unit above 30 % of peak",concat,0.7,0.0,0.31,0.0,0.83,8.2,0.07,react_tool
llm_vl,react_tool,mir_operator:decode_layer*,True,91.73,profiled,"latency/launch-bound: 0.00 waves per SM, no unit above 30 % of peak",elementwise_other,0.02,0.0,0.82,0.0,1.34,8.29,0.0,react_tool
llm_vl,react_tool,mir_operator:decode_layer*,True,91.73,profiled,"latency/launch-bound: 0.03 waves per SM, no unit above 30 % of peak",attention,0.43,12.34,2.28,0.0,1.99,8.29,0.01,react_tool
llm_vl,react_tool,mir_operator:decode_layer*,True,91.73,profiled,"latency/launch-bound: 0.00 waves per SM, no unit above 30 % of peak",copy,0.04,0.0,0.91,0.0,1.64,8.29,0.0,react_tool
llm_vl,react_tool,mir_operator:decode_layer*,True,91.73,profiled,"latency/launch-bound: 0.00 waves per SM, no unit above 30 % of peak",elementwise_unary,0.02,0.0,0.54,0.0,0.98,7.64,0.0,react_tool
llm_vl,react_tool,mir_operator:decode_layer*,True,91.73,profiled,"latency/launch-bound: 0.00 waves per SM, no unit above 30 % of peak",reduce,0.09,0.0,1.91,0.0,3.84,31.87,0.0,react_tool
llm_vl,react_tool,mir_operator:decode_layer*,True,91.73,profiled,"latency/launch-bound: 0.00 waves per SM, no unit above 30 % of peak",elementwise_binary,0.02,0.0,0.81,0.0,1.5,8.31,0.0,react_tool
llm_vl,react_tool,mir_operator:decode_layer*,True,91.73,profiled,DRAM-bandwidth-bound,gemv,15.18,0.0,74.03,0.0,44.95,16.07,0.67,react_tool
llm_vl,react_tool,mir_operator:decode_layer*,True,91.73,profiled,"latency/launch-bound: 0.00 waves per SM, no unit above 30 % of peak",concat,0.72,0.0,0.31,0.0,0.75,8.19,0.07,react_tool
llm_vl,react_tool,mir_operator:decode_layer*,True,91.73,profiled,"latency/launch-bound: 0.00 waves per SM, no unit above 30 % of peak",elementwise_other,0.02,0.0,0.81,0.0,1.16,8.28,0.0,react_tool
llm_vl,react_tool,mir_operator:decode_layer*,True,91.73,profiled,"latency/launch-bound: 0.03 waves per SM, no unit above 30 % of peak",attention,0.44,12.42,2.3,0.0,2.04,8.29,0.01,react_tool
llm_vl,react_tool,mir_operator:decode_layer*,True,91.73,profiled,"latency/launch-bound: 0.00 waves per SM, no unit above 30 % of peak",copy,0.04,0.0,0.91,0.0,1.82,8.27,0.0,react_tool
llm_vl,react_tool,mir_operator:decode_layer*,True,91.73,profiled,"latency/launch-bound: 0.00 waves per SM, no unit above 30 % of peak",elementwise_unary,0.02,0.0,0.53,0.0,1.0,7.64,0.0,react_tool
llm_vl,react_tool,mir_operator:decode_layer*,True,91.73,profiled,"latency/launch-bound: 0.00 waves per SM, no unit above 30 % of peak",reduce,0.09,0.0,1.96,0.0,3.86,31.9,0.0,react_tool
llm_vl,react_tool,mir_operator:decode_layer*,True,91.73,profiled,"latency/launch-bound: 0.00 waves per SM, no unit above 30 % of peak",elementwise_binary,0.02,0.0,0.83,0.0,1.47,8.31,0.0,react_tool
llm_vl,react_tool,mir_operator:decode_layer*,True,91.73,profiled,DRAM-bandwidth-bound,gemv,15.47,0.0,74.32,0.0,46.17,16.04,0.67,react_tool
llm_vl,react_tool,mir_operator:decode_layer*,True,91.73,profiled,"latency/launch-bound: 0.00 waves per SM, no unit above 30 % of peak",concat,0.69,0.0,0.31,0.0,0.79,8.2,0.07,react_tool
llm_vl,react_tool,mir_operator:decode_layer*,True,91.73,profiled,"latency/launch-bound: 0.00 waves per SM, no unit above 30 % of peak",elementwise_other,0.02,0.0,0.81,0.0,1.3,8.28,0.0,react_tool
llm_vl,react_tool,mir_operator:decode_layer*,True,91.73,profiled,"latency/launch-bound: 0.03 waves per SM, no unit above 30 % of peak",attention,0.44,12.39,2.28,0.0,2.03,8.29,0.01,react_tool
llm_vl,react_tool,mir_operator:decode_layer*,True,91.73,profiled,"latency/launch-bound: 0.00 waves per SM, no unit above 30 % of peak",copy,0.04,0.0,0.9,0.0,1.66,8.25,0.0,react_tool
llm_vl,react_tool,mir_operator:decode_layer*,True,91.73,profiled,"latency/launch-bound: 0.00 waves per SM, no unit above 30 % of peak",elementwise_unary,0.02,0.0,0.52,0.0,0.96,7.65,0.0,react_tool
llm_vl,react_tool,mir_operator:decode_layer*,True,91.73,profiled,"latency/launch-bound: 0.00 waves per SM, no unit above 30 % of peak",reduce,0.09,0.0,1.96,0.0,3.86,31.9,0.0,react_tool
llm_vl,react_tool,mir_operator:decode_layer*,True,91.73,profiled,"latency/launch-bound: 0.00 waves per SM, no unit above 30 % of peak",elementwise_binary,0.02,0.0,0.83,0.0,1.48,8.31,0.0,react_tool
llm_vl,react_tool,mir_operator:decode_layer*,True,91.73,profiled,DRAM-bandwidth-bound,gemv,15.36,0.0,74.52,0.0,46.51,16.12,0.67,react_tool
llm_vl,react_tool,mir_operator:decode_layer*,True,91.73,profiled,"latency/launch-bound: 0.00 waves per SM, no unit above 30 % of peak",concat,0.7,0.0,0.31,0.0,0.77,8.2,0.07,react_tool
llm_vl,react_tool,mir_operator:decode_layer*,True,91.73,profiled,"latency/launch-bound: 0.00 waves per SM, no unit above 30 % of peak",elementwise_other,0.02,0.0,0.82,0.0,1.31,8.29,0.0,react_tool
llm_vl,react_tool,mir_operator:decode_layer*,True,91.73,profiled,"latency/launch-bound: 0.03 waves per SM, no unit above 30 % of peak",attention,0.43,12.35,2.29,0.0,2.02,8.28,0.01,react_tool
llm_vl,react_tool,mir_operator:decode_layer*,True,91.73,profiled,"latency/launch-bound: 0.00 waves per SM, no unit above 30 % of peak",copy,0.04,0.0,0.91,0.0,1.67,8.29,0.0,react_tool
llm_vl,react_tool,mir_operator:decode_layer*,True,91.73,profiled,"latency/launch-bound: 0.00 waves per SM, no unit above 30 % of peak",elementwise_unary,0.02,0.0,0.54,0.0,0.99,7.54,0.0,react_tool
llm_vl,react_tool,mir_operator:decode_layer*,True,91.73,profiled,"latency/launch-bound: 0.00 waves per SM, no unit above 30 % of peak",reduce,0.09,0.0,1.96,0.0,3.83,31.9,0.0,react_tool
llm_vl,react_tool,mir_operator:decode_layer*,True,91.73,profiled,"latency/launch-bound: 0.00 waves per SM, no unit above 30 % of peak",elementwise_binary,0.02,0.0,0.82,0.0,1.5,8.31,0.0,react_tool
llm_vl,react_tool,mir_operator:decode_layer*,True,91.73,profiled,DRAM-bandwidth-bound,gemv,15.28,0.0,73.45,0.0,44.53,16.08,0.67,react_tool
llm_vl,react_tool,mir_operator:decode_layer*,True,91.73,profiled,"latency/launch-bound: 0.00 waves per SM, no unit above 30 % of peak",concat,0.7,0.0,0.31,0.0,0.79,8.19,0.07,react_tool
llm_vl,react_tool,mir_operator:decode_layer*,True,91.73,profiled,"latency/launch-bound: 0.00 waves per SM, no unit above 30 % of peak",elementwise_other,0.02,0.0,0.82,0.0,1.18,8.29,0.0,react_tool
llm_vl,react_tool,mir_operator:decode_layer*,True,91.73,profiled,"latency/launch-bound: 0.03 waves per SM, no unit above 30 % of peak",attention,0.43,12.32,2.29,0.0,2.02,8.3,0.01,react_tool
llm_vl,react_tool,mir_operator:decode_layer*,True,91.73,profiled,"latency/launch-bound: 0.00 waves per SM, no unit above 30 % of peak",copy,0.04,0.0,0.91,0.0,1.81,8.28,0.0,react_tool
llm_vl,react_tool,mir_operator:decode_layer*,True,91.73,profiled,"latency/launch-bound: 0.00 waves per SM, no unit above 30 % of peak",elementwise_unary,0.02,0.0,0.54,0.0,0.98,7.55,0.0,react_tool
llm_vl,react_tool,mir_operator:decode_layer*,True,91.73,profiled,"latency/launch-bound: 0.00 waves per SM, no unit above 30 % of peak",reduce,0.09,0.0,1.96,0.0,3.86,31.86,0.0,react_tool
llm_vl,react_tool,mir_operator:decode_layer*,True,91.73,profiled,"latency/launch-bound: 0.00 waves per SM, no unit above 30 % of peak",elementwise_binary,0.02,0.0,0.82,0.0,1.47,8.31,0.0,react_tool
llm_vl,react_tool,mir_operator:decode_layer*,True,91.73,profiled,DRAM-bandwidth-bound,gemv,15.39,0.0,73.58,0.0,44.73,16.04,0.67,react_tool
llm_vl,react_tool,mir_operator:decode_layer*,True,91.73,profiled,"latency/launch-bound: 0.00 waves per SM, no unit above 30 % of peak",concat,0.71,0.0,0.32,0.0,0.84,8.19,0.07,react_tool
llm_vl,react_tool,mir_operator:decode_layer*,True,91.73,profiled,"latency/launch-bound: 0.00 waves per SM, no unit above 30 % of peak",elementwise_other,0.02,0.0,0.81,0.0,1.43,8.29,0.0,react_tool
llm_vl,react_tool,mir_operator:decode_layer*,True,91.73,profiled,"latency/launch-bound: 0.03 waves per SM, no unit above 30 % of peak",attention,0.43,12.4,2.27,0.0,1.99,8.3,0.01,react_tool
llm_vl,react_tool,mir_operator:decode_layer*,True,91.73,profiled,"latency/launch-bound: 0.00 waves per SM, no unit above 30 % of peak",copy,0.04,0.0,0.91,0.0,1.66,8.28,0.0,react_tool
llm_vl,react_tool,mir_operator:decode_layer*,True,91.73,profiled,"latency/launch-bound: 0.00 waves per SM, no unit above 30 % of peak",elementwise_unary,0.02,0.0,0.53,0.0,1.01,7.58,0.0,react_tool
llm_vl,react_tool,mir_operator:decode_layer*,True,91.73,profiled,"latency/launch-bound: 0.00 waves per SM, no unit above 30 % of peak",reduce,0.09,0.0,1.97,0.0,3.86,31.91,0.0,react_tool
llm_vl,react_tool,mir_operator:decode_layer*,True,91.73,profiled,"latency/launch-bound: 0.00 waves per SM, no unit above 30 % of peak",elementwise_binary,0.02,0.0,0.82,0.0,1.48,8.31,0.0,react_tool
llm_vl,react_tool,mir_operator:decode_layer*,True,91.73,profiled,DRAM-bandwidth-bound,gemv,15.41,0.0,74.78,0.0,45.78,16.15,0.67,react_tool
llm_vl,react_tool,mir_operator:decode_layer*,True,91.73,profiled,"latency/launch-bound: 0.00 waves per SM, no unit above 30 % of peak",concat,0.72,0.0,0.32,0.0,0.76,8.19,0.07,react_tool
llm_vl,react_tool,mir_operator:decode_layer*,True,91.73,profiled,"latency/launch-bound: 0.00 waves per SM, no unit above 30 % of peak",elementwise_other,0.02,0.0,0.82,0.0,1.33,8.29,0.0,react_tool
llm_vl,react_tool,mir_operator:decode_layer*,True,91.73,profiled,"latency/launch-bound: 0.03 waves per SM, no unit above 30 % of peak",attention,0.43,12.43,2.28,0.0,2.04,8.29,0.01,react_tool
llm_vl,react_tool,mir_operator:decode_layer*,True,91.73,profiled,"latency/launch-bound: 0.00 waves per SM, no unit above 30 % of peak",copy,0.04,0.0,0.92,0.0,1.66,8.28,0.0,react_tool
llm_vl,react_tool,mir_operator:decode_layer*,True,91.73,profiled,"latency/launch-bound: 0.00 waves per SM, no unit above 30 % of peak",elementwise_unary,0.02,0.0,0.54,0.0,0.91,7.66,0.0,react_tool
llm_vl,react_tool,mir_operator:decode_layer*,True,91.73,profiled,"latency/launch-bound: 0.00 waves per SM, no unit above 30 % of peak",reduce,0.09,0.0,1.97,0.0,3.88,31.84,0.0,react_tool
llm_vl,react_tool,mir_operator:decode_layer*,True,91.73,profiled,"latency/launch-bound: 0.00 waves per SM, no unit above 30 % of peak",elementwise_binary,0.02,0.0,0.81,0.0,1.47,8.31,0.0,react_tool
llm_vl,react_tool,mir_operator:decode_layer*,True,91.73,profiled,DRAM-bandwidth-bound,gemv,15.29,0.0,74.52,0.0,44.97,16.1,0.67,react_tool
llm_vl,react_tool,mir_operator:decode_layer*,True,91.73,profiled,"latency/launch-bound: 0.00 waves per SM, no unit above 30 % of peak",concat,0.73,0.0,0.31,0.0,0.76,8.21,0.07,react_tool
llm_vl,react_tool,mir_operator:decode_layer*,True,91.73,profiled,"latency/launch-bound: 0.00 waves per SM, no unit above 30 % of peak",elementwise_other,0.02,0.0,0.81,0.0,1.31,8.29,0.0,react_tool
llm_vl,react_tool,mir_operator:decode_layer*,True,91.73,profiled,"latency/launch-bound: 0.03 waves per SM, no unit above 30 % of peak",attention,0.43,12.28,2.31,0.0,2.02,8.31,0.01,react_tool
llm_vl,react_tool,mir_operator:decode_layer*,True,91.73,profiled,"latency/launch-bound: 0.00 waves per SM, no unit above 30 % of peak",copy,0.04,0.0,0.91,0.0,1.65,8.28,0.0,react_tool
llm_vl,react_tool,mir_operator:decode_layer*,True,91.73,profiled,"latency/launch-bound: 0.00 waves per SM, no unit above 30 % of peak",elementwise_unary,0.02,0.0,0.51,0.0,0.88,7.7,0.0,react_tool
llm_vl,react_tool,mir_operator:decode_layer*,True,91.73,profiled,"latency/launch-bound: 0.00 waves per SM, no unit above 30 % of peak",reduce,0.09,0.0,1.96,0.0,3.82,31.86,0.0,react_tool
llm_vl,react_tool,mir_operator:decode_layer*,True,91.73,profiled,"latency/launch-bound: 0.00 waves per SM, no unit above 30 % of peak",elementwise_binary,0.02,0.0,0.82,0.0,1.51,8.31,0.0,react_tool
llm_vl,react_tool,mir_operator:decode_layer*,True,91.73,profiled,DRAM-bandwidth-bound,gemv,15.3,0.0,73.61,0.0,44.29,16.09,0.67,react_tool
llm_vl,react_tool,mir_operator:decode_layer*,True,91.73,profiled,"latency/launch-bound: 0.00 waves per SM, no unit above 30 % of peak",concat,0.73,0.0,0.32,0.0,0.74,8.19,0.07,react_tool
llm_vl,react_tool,mir_operator:decode_layer*,True,91.73,profiled,"latency/launch-bound: 0.00 waves per SM, no unit above 30 % of peak",elementwise_other,0.02,0.0,0.82,0.0,1.34,8.28,0.0,react_tool
llm_vl,react_tool,mir_operator:decode_layer*,True,91.73,profiled,"latency/launch-bound: 0.03 waves per SM, no unit above 30 % of peak",attention,0.44,12.34,2.28,0.0,2.01,8.29,0.01,react_tool
llm_vl,react_tool,mir_operator:decode_layer*,True,91.73,profiled,"latency/launch-bound: 0.00 waves per SM, no unit above 30 % of peak",copy,0.04,0.0,0.92,0.0,1.63,8.29,0.0,react_tool
llm_vl,react_tool,mir_operator:decode_layer*,True,91.73,profiled,"latency/launch-bound: 0.00 waves per SM, no unit above 30 % of peak",elementwise_unary,0.02,0.0,0.54,0.0,0.96,7.7,0.0,react_tool
llm_vl,react_tool,mir_operator:decode_layer*,True,91.73,profiled,"latency/launch-bound: 0.00 waves per SM, no unit above 30 % of peak",reduce,0.09,0.0,1.96,0.0,3.82,31.88,0.0,react_tool
llm_vl,react_tool,mir_operator:decode_layer*,True,91.73,profiled,"latency/launch-bound: 0.00 waves per SM, no unit above 30 % of peak",elementwise_binary,0.02,0.0,0.82,0.0,1.48,8.31,0.0,react_tool
llm_vl,react_tool,mir_operator:decode_layer*,True,91.73,profiled,DRAM-bandwidth-bound,gemv,15.46,0.0,74.62,0.0,45.13,16.12,0.67,react_tool
llm_vl,react_tool,mir_operator:decode_layer*,True,91.73,profiled,"latency/launch-bound: 0.00 waves per SM, no unit above 30 % of peak",concat,0.71,0.0,0.31,0.0,0.79,8.16,0.07,react_tool
llm_vl,react_tool,mir_operator:decode_layer*,True,91.73,profiled,"latency/launch-bound: 0.00 waves per SM, no unit above 30 % of peak",elementwise_other,0.02,0.0,0.81,0.0,1.34,8.29,0.0,react_tool
llm_vl,react_tool,mir_operator:decode_layer*,True,91.73,profiled,"latency/launch-bound: 0.03 waves per SM, no unit above 30 % of peak",attention,0.43,12.45,2.5,0.0,2.05,8.29,0.01,react_tool
llm_vl,react_tool,mir_operator:decode_layer*,True,91.73,profiled,"latency/launch-bound: 0.00 waves per SM, no unit above 30 % of peak",copy,0.04,0.0,0.92,0.0,1.67,8.27,0.0,react_tool
llm_vl,react_tool,mir_operator:decode_layer*,True,91.73,profiled,"latency/launch-bound: 0.00 waves per SM, no unit above 30 % of peak",elementwise_unary,0.02,0.0,0.52,0.0,0.97,7.71,0.0,react_tool
llm_vl,react_tool,mir_operator:decode_layer*,True,91.73,profiled,"latency/launch-bound: 0.00 waves per SM, no unit above 30 % of peak",reduce,0.09,0.0,1.96,0.0,3.88,31.86,0.0,react_tool
llm_vl,react_tool,mir_operator:decode_layer*,True,91.73,profiled,"latency/launch-bound: 0.00 waves per SM, no unit above 30 % of peak",elementwise_binary,0.02,0.0,0.81,0.0,1.51,8.31,0.0,react_tool
llm_vl,react_tool,mir_operator:decode_layer*,True,91.73,profiled,DRAM-bandwidth-bound,gemv,15.28,0.0,75.17,0.0,46.09,16.12,0.67,react_tool
llm_vl,react_tool,mir_operator:decode_layer*,True,91.73,profiled,"latency/launch-bound: 0.00 waves per SM, no unit above 30 % of peak",concat,0.72,0.0,0.32,0.0,0.75,8.19,0.07,react_tool
llm_vl,react_tool,mir_operator:decode_layer*,True,91.73,profiled,"latency/launch-bound: 0.00 waves per SM, no unit above 30 % of peak",elementwise_other,0.02,0.0,0.82,0.0,1.31,8.29,0.0,react_tool
llm_vl,react_tool,mir_operator:decode_layer*,True,91.73,profiled,"latency/launch-bound: 0.03 waves per SM, no unit above 30 % of peak",attention,0.44,12.37,1.39,0.0,1.67,8.3,0.01,react_tool
llm_vl,react_tool,mir_operator:decode_layer*,True,91.73,profiled,"latency/launch-bound: 0.00 waves per SM, no unit above 30 % of peak",copy,0.04,0.0,0.92,0.0,1.68,8.29,0.0,react_tool
llm_vl,react_tool,mir_operator:decode_layer*,True,91.73,profiled,"latency/launch-bound: 0.00 waves per SM, no unit above 30 % of peak",elementwise_unary,0.02,0.0,0.47,0.0,0.92,7.68,0.0,react_tool
llm_vl,react_tool,mir_operator:decode_layer*,True,91.73,profiled,"latency/launch-bound: 0.00 waves per SM, no unit above 30 % of peak",reduce,0.09,0.0,1.96,0.0,3.87,31.91,0.0,react_tool
llm_vl,react_tool,mir_operator:decode_layer*,True,91.73,profiled,"latency/launch-bound: 0.00 waves per SM, no unit above 30 % of peak",elementwise_binary,0.02,0.0,0.83,0.0,1.51,8.31,0.0,react_tool
llm_vl,react_tool,mir_operator:decode_layer*,True,91.73,profiled,DRAM-bandwidth-bound,gemv,15.06,0.0,74.73,0.0,46.22,16.03,0.67,react_tool
llm_vl,react_tool,mir_operator:decode_layer*,True,91.73,profiled,"latency/launch-bound: 0.00 waves per SM, no unit above 30 % of peak",concat,0.72,0.0,0.32,0.0,0.77,8.19,0.07,react_tool
llm_vl,react_tool,mir_operator:decode_layer*,True,91.73,profiled,"latency/launch-bound: 0.00 waves per SM, no unit above 30 % of peak",elementwise_other,0.02,0.0,0.81,0.0,1.33,8.29,0.0,react_tool
llm_vl,react_tool,mir_operator:decode_layer*,True,91.73,profiled,"latency/launch-bound: 0.03 waves per SM, no unit above 30 % of peak",attention,0.43,12.46,2.29,0.0,2.04,8.3,0.01,react_tool
llm_vl,react_tool,mir_operator:decode_layer*,True,91.73,profiled,"latency/launch-bound: 0.00 waves per SM, no unit above 30 % of peak",copy,0.04,0.0,0.92,0.0,1.68,8.27,0.0,react_tool
llm_vl,react_tool,mir_operator:decode_layer*,True,91.73,profiled,"latency/launch-bound: 0.00 waves per SM, no unit above 30 % of peak",elementwise_unary,0.02,0.0,0.54,0.0,0.99,7.71,0.0,react_tool
llm_vl,react_tool,mir_operator:decode_layer*,True,91.73,profiled,"latency/launch-bound: 0.00 waves per SM, no unit above 30 % of peak",reduce,0.08,0.0,1.96,0.0,3.88,31.84,0.0,react_tool
llm_vl,react_tool,mir_operator:decode_layer*,True,91.73,profiled,"latency/launch-bound: 0.00 waves per SM, no unit above 30 % of peak",elementwise_binary,0.02,0.0,0.81,0.0,1.45,8.31,0.0,react_tool
llm_vl,react_tool,mir_operator:decode_layer*,True,91.73,profiled,DRAM-bandwidth-bound,gemv,15.36,0.0,74.29,0.0,46.48,16.13,0.67,react_tool
llm_vl,react_tool,mir_operator:decode_layer*,True,91.73,profiled,"latency/launch-bound: 0.00 waves per SM, no unit above 30 % of peak",concat,0.73,0.0,0.32,0.0,0.83,8.16,0.07,react_tool
llm_vl,react_tool,mir_operator:decode_layer*,True,91.73,profiled,"latency/launch-bound: 0.00 waves per SM, no unit above 30 % of peak",elementwise_other,0.02,0.0,0.82,0.0,1.19,8.29,0.0,react_tool
llm_vl,react_tool,mir_operator:decode_layer*,True,91.73,profiled,"latency/launch-bound: 0.03 waves per SM, no unit above 30 % of peak",attention,0.43,12.32,2.29,0.0,2.06,8.29,0.01,react_tool
llm_vl,react_tool,mir_operator:decode_layer*,True,91.73,profiled,"latency/launch-bound: 0.00 waves per SM, no unit above 30 % of peak",copy,0.04,0.0,0.9,0.0,1.64,8.29,0.0,react_tool
llm_vl,react_tool,mir_operator:decode_layer*,True,91.73,profiled,"latency/launch-bound: 0.00 waves per SM, no unit above 30 % of peak",elementwise_unary,0.02,0.0,0.53,0.0,0.95,7.47,0.0,react_tool
llm_vl,react_tool,mir_operator:decode_layer*,True,91.73,profiled,"latency/launch-bound: 0.00 waves per SM, no unit above 30 % of peak",reduce,0.09,0.0,1.96,0.0,3.87,31.86,0.0,react_tool
llm_vl,react_tool,mir_operator:decode_layer*,True,91.73,profiled,"latency/launch-bound: 0.00 waves per SM, no unit above 30 % of peak",elementwise_binary,0.02,0.0,0.82,0.0,1.5,8.31,0.0,react_tool
llm_vl,react_tool,mir_operator:decode_layer*,True,91.73,profiled,DRAM-bandwidth-bound,gemv,15.34,0.0,74.63,0.0,46.22,16.08,0.67,react_tool
llm_vl,react_tool,mir_operator:decode_layer*,True,91.73,profiled,"latency/launch-bound: 0.00 waves per SM, no unit above 30 % of peak",concat,0.72,0.0,0.31,0.0,0.75,8.2,0.07,react_tool
llm_vl,react_tool,mir_operator:decode_layer*,True,91.73,profiled,"latency/launch-bound: 0.00 waves per SM, no unit above 30 % of peak",elementwise_other,0.02,0.0,0.82,0.0,1.32,8.29,0.0,react_tool
llm_vl,react_tool,mir_operator:decode_layer*,True,91.73,profiled,"latency/launch-bound: 0.03 waves per SM, no unit above 30 % of peak",attention,0.44,12.39,2.28,0.0,2.02,8.31,0.01,react_tool
llm_vl,react_tool,mir_operator:decode_layer*,True,91.73,profiled,"latency/launch-bound: 0.00 waves per SM, no unit above 30 % of peak",copy,0.04,0.0,0.92,0.0,1.66,8.28,0.0,react_tool
llm_vl,react_tool,mir_operator:decode_layer*,True,91.73,profiled,"latency/launch-bound: 0.00 waves per SM, no unit above 30 % of peak",elementwise_unary,0.02,0.0,0.53,0.0,0.96,7.56,0.0,react_tool
llm_vl,react_tool,mir_operator:decode_layer*,True,91.73,profiled,"latency/launch-bound: 0.00 waves per SM, no unit above 30 % of peak",reduce,0.09,0.0,1.97,0.0,3.89,31.87,0.0,react_tool
llm_vl,react_tool,mir_operator:decode_layer*,True,91.73,profiled,"latency/launch-bound: 0.00 waves per SM, no unit above 30 % of peak",elementwise_binary,0.02,0.0,0.84,0.0,1.56,8.31,0.0,react_tool
llm_vl,react_tool,mir_operator:decode_layer*,True,91.73,profiled,DRAM-bandwidth-bound,gemv,15.45,0.0,74.71,0.0,45.08,16.12,0.67,react_tool
llm_vl,react_tool,mir_operator:decode_layer*,True,91.73,profiled,"latency/launch-bound: 0.00 waves per SM, no unit above 30 % of peak",concat,0.73,0.0,0.31,0.0,0.75,8.14,0.07,react_tool
llm_vl,react_tool,mir_operator:decode_layer*,True,91.73,profiled,"latency/launch-bound: 0.00 waves per SM, no unit above 30 % of peak",elementwise_other,0.02,0.0,0.82,0.0,1.18,8.28,0.0,react_tool
llm_vl,react_tool,mir_operator:decode_layer*,True,91.73,profiled,"latency/launch-bound: 0.03 waves per SM, no unit above 30 % of peak",attention,0.44,12.39,2.29,0.0,2.07,8.3,0.01,react_tool
llm_vl,react_tool,mir_operator:decode_head,False,0.66,profiled,"latency/launch-bound: 0.00 waves per SM, no unit above 30 % of peak",copy,0.04,0.0,0.93,0.0,1.71,8.26,0.0,react_tool
llm_vl,react_tool,mir_operator:decode_head,False,0.66,profiled,"latency/launch-bound: 0.00 waves per SM, no unit above 30 % of peak",elementwise_unary,0.02,0.0,0.52,0.0,0.9,7.67,0.0,react_tool
llm_vl,react_tool,mir_operator:decode_head,False,0.66,profiled,"latency/launch-bound: 0.00 waves per SM, no unit above 30 % of peak",reduce,0.09,0.0,1.95,0.0,3.78,31.9,0.0,react_tool
llm_vl,react_tool,mir_operator:decode_head,False,0.66,profiled,"latency/launch-bound: 0.00 waves per SM, no unit above 30 % of peak",elementwise_binary,0.02,0.0,0.81,0.0,1.1,8.25,0.0,react_tool
llm_vl,react_tool,mir_operator:decode_head,False,0.66,profiled,DRAM-bandwidth-bound,gemv,19.95,0.0,96.7,0.0,61.03,24.49,49.46,react_tool
llm_vl,react_tool,mir_operator:decode_sample,False,1.57,profiled,"latency/launch-bound: 0.05 waves per SM, no unit above 30 % of peak",reduce,2.8,0.0,5.26,0.0,3.05,33.12,0.05,react_tool
llm_vl,react_tool,pre_d2h_alloc,False,0.02,not_collected_cpu_process,host-side process; no GPU counters,,,,,,,,,react_tool
llm_vl,react_tool,d2h_stage,False,0.01,not_collected_memcpy,"PCIe copy; not a kernel, see w02 h2d/d2h bytes and cuda_ms",memcpy,,,,,,,,react_tool
llm_vl,react_tool,checksum_complete,False,0.0,not_collected_cpu_process,host-side Python/CPU segment; no GPU counters exist for it,,,,,,,,,
llm_vl,react_tool,agent_tool_execute_cpu,False,0.01,not_collected_cpu_process,host-side Python/CPU segment; no GPU counters exist for it,,,,,,,,,
llm_vl,react_tool,iteration_tail_sync,False,0.0,not_collected_cpu_process,host-side Python/CPU segment; no GPU counters exist for it,,,,,,,,,
llm_vl,planner_debate,dag_schedule_gap,False,0.01,not_collected_cpu_process,host-side Python/CPU segment; no GPU counters exist for it,,,,,,,,,
llm_vl,planner_debate,adapter_dispatch,False,0.0,not_collected_cpu_process,host-side Python/CPU segment; no GPU counters exist for it,,,,,,,,,
llm_vl,planner_debate,token_preprocess_cpu,False,0.05,not_collected_cpu_process,host-side Python/CPU segment; no GPU counters exist for it,,,,,,,,,
llm_vl,planner_debate,host_input_generate,False,0.0,not_collected_cpu_process,host-side Python/CPU segment; no GPU counters exist for it,,,,,,,,,
llm_vl,planner_debate,h2d_stage,False,0.0,not_collected_memcpy,"PCIe copy; not a kernel, see w02 h2d/d2h bytes and cuda_ms",memcpy,,,,,,,,planner_debate
llm_vl,planner_debate,weight_init,False,0.01,not_collected_cpu_process,host-side Python/CPU segment; no GPU counters exist for it,,,,,,,,,
llm_vl,planner_debate,mir_operator:prefill_embed,False,0.0,profiled,"underutilised: SM 6 %, DRAM 10 %, L2 31 %, occ 48 %",other,5.57,0.0,9.64,0.0,31.29,48.47,0.67,planner_debate
llm_vl,planner_debate,mir_operator:prefill_embed,False,0.0,profiled,"latency/launch-bound: 0.42 waves per SM, no unit above 30 % of peak",other,4.38,0.0,10.81,0.0,25.06,35.13,0.46,planner_debate
llm_vl,planner_debate,inter_operator_dispatch,False,4.09,not_collected,no w03 family row,,,,,,,,,
llm_vl,planner_debate,mir_operator:prefill_layer*,False,1.16,profiled,"underutilised: SM 20 %, DRAM 35 %, L2 33 %, occ 65 %",copy,10.02,0.0,53.1,0.0,28.97,55.57,1.0,planner_debate
llm_vl,planner_debate,mir_operator:prefill_layer*,False,1.16,profiled,DRAM-bandwidth-bound,elementwise_unary,0.93,0.0,31.25,0.0,14.63,23.17,0.29,planner_debate
llm_vl,planner_debate,mir_operator:prefill_layer*,False,1.16,profiled,"underutilised: SM 2 %, DRAM 51 %, L2 20 %, occ 33 %",reduce,8.43,0.0,39.79,0.0,17.04,43.08,0.34,planner_debate
llm_vl,planner_debate,mir_operator:prefill_layer*,False,1.16,profiled,"latency/launch-bound: 0.00 waves per SM, no unit above 30 % of peak",elementwise_binary,15.8,0.0,37.91,0.0,23.2,64.88,1.33,planner_debate
llm_vl,planner_debate,mir_operator:prefill_layer*,False,1.16,profiled,"underutilised: SM 33 %, DRAM 27 %, L2 53 %, occ 8 %",gemm,37.01,44.01,34.1,0.0,66.96,13.72,1.0,planner_debate
llm_vl,planner_debate,mir_operator:prefill_layer*,False,1.16,profiled,"underutilised: SM 17 %, DRAM 5 %, L2 5 %, occ 69 %",concat,17.5,0.0,7.17,0.0,5.23,68.29,1.33,planner_debate
llm_vl,planner_debate,mir_operator:prefill_layer*,False,1.16,profiled,"underutilised: SM 13 %, DRAM 30 %, L2 18 %, occ 55 %",elementwise_other,5.17,0.0,61.1,0.0,24.25,50.11,0.67,planner_debate
llm_vl,planner_debate,mir_operator:prefill_layer*,False,1.16,profiled,"underutilised: SM 18 %, DRAM 12 %, L2 30 %, occ 8 %",attention,22.37,12.24,37.23,0.0,28.17,33.69,1.89,planner_debate
llm_vl,planner_debate,mir_operator:prefill_layer*,False,1.16,profiled,"underutilised: SM 20 %, DRAM 35 %, L2 33 %, occ 64 %",copy,9.69,0.0,53.33,0.0,29.18,55.03,1.0,planner_debate
llm_vl,planner_debate,mir_operator:prefill_layer*,False,1.16,profiled,DRAM-bandwidth-bound,elementwise_unary,0.86,0.0,31.34,0.0,14.57,23.04,0.29,planner_debate
llm_vl,planner_debate,mir_operator:prefill_layer*,False,1.16,profiled,"underutilised: SM 2 %, DRAM 51 %, L2 20 %, occ 33 %",reduce,8.46,0.0,39.8,0.0,16.91,41.99,0.34,planner_debate
llm_vl,planner_debate,mir_operator:prefill_layer*,False,1.16,profiled,"latency/launch-bound: 0.00 waves per SM, no unit above 30 % of peak",elementwise_binary,15.68,0.0,39.59,0.0,23.86,65.37,1.33,planner_debate
llm_vl,planner_debate,mir_operator:prefill_layer*,False,1.16,profiled,"underutilised: SM 34 %, DRAM 28 %, L2 55 %, occ 8 %",gemm,37.65,43.86,33.46,0.0,67.14,13.75,1.0,planner_debate
llm_vl,planner_debate,mir_operator:prefill_layer*,False,1.16,profiled,"underutilised: SM 18 %, DRAM 5 %, L2 5 %, occ 68 %",concat,17.75,0.0,7.1,0.0,5.18,67.95,1.33,planner_debate
llm_vl,planner_debate,mir_operator:prefill_layer*,False,1.16,profiled,"latency/launch-bound: 0.67 waves per SM, no unit above 30 % of peak",elementwise_other,5.44,0.0,60.86,0.0,25.02,49.95,0.67,planner_debate
llm_vl,planner_debate,mir_operator:prefill_layer*,False,1.16,profiled,"underutilised: SM 18 %, DRAM 12 %, L2 30 %, occ 8 %",attention,22.17,12.33,37.59,0.0,28.05,33.78,1.89,planner_debate
llm_vl,planner_debate,mir_operator:prefill_layer*,False,1.16,profiled,"underutilised: SM 20 %, DRAM 34 %, L2 32 %, occ 63 %",copy,9.87,0.0,53.6,0.0,28.52,55.07,1.0,planner_debate
llm_vl,planner_debate,mir_operator:prefill_layer*,False,1.16,profiled,DRAM-bandwidth-bound,elementwise_unary,0.93,0.0,31.38,0.0,14.54,22.99,0.29,planner_debate
llm_vl,planner_debate,mir_operator:prefill_layer*,False,1.16,profiled,"underutilised: SM 2 %, DRAM 51 %, L2 20 %, occ 33 %",reduce,8.4,0.0,39.15,0.0,16.74,42.43,0.34,planner_debate
llm_vl,planner_debate,mir_operator:prefill_layer*,False,1.16,profiled,"latency/launch-bound: 0.00 waves per SM, no unit above 30 % of peak",elementwise_binary,15.23,0.0,39.77,0.0,23.9,64.97,1.33,planner_debate
llm_vl,planner_debate,mir_operator:prefill_layer*,False,1.16,profiled,"underutilised: SM 34 %, DRAM 28 %, L2 55 %, occ 8 %",gemm,36.93,44.02,33.1,0.0,66.62,13.71,1.0,planner_debate
llm_vl,planner_debate,mir_operator:prefill_layer*,False,1.16,profiled,"underutilised: SM 18 %, DRAM 5 %, L2 5 %, occ 69 %",concat,17.69,0.0,7.15,0.0,5.23,68.44,1.33,planner_debate
llm_vl,planner_debate,mir_operator:prefill_layer*,False,1.16,profiled,"latency/launch-bound: 0.67 waves per SM, no unit above 30 % of peak",elementwise_other,5.14,0.0,60.03,0.0,23.75,49.15,0.67,planner_debate
llm_vl,planner_debate,mir_operator:prefill_layer*,False,1.16,profiled,"underutilised: SM 18 %, DRAM 12 %, L2 30 %, occ 8 %",attention,22.09,12.24,38.55,0.0,28.13,33.7,1.89,planner_debate
llm_vl,planner_debate,mir_operator:prefill_layer*,False,1.16,profiled,"underutilised: SM 20 %, DRAM 35 %, L2 33 %, occ 64 %",copy,10.0,0.0,53.2,0.0,28.67,54.88,1.0,planner_debate
llm_vl,planner_debate,mir_operator:prefill_layer*,False,1.16,profiled,DRAM-bandwidth-bound,elementwise_unary,0.87,0.0,31.53,0.0,14.8,23.01,0.29,planner_debate
llm_vl,planner_debate,mir_operator:prefill_layer*,False,1.16,profiled,"underutilised: SM 2 %, DRAM 49 %, L2 19 %, occ 33 %",reduce,8.52,0.0,39.5,0.0,17.04,41.62,0.34,planner_debate
llm_vl,planner_debate,mir_operator:prefill_layer*,False,1.16,profiled,"latency/launch-bound: 0.00 waves per SM, no unit above 30 % of peak",elementwise_binary,15.8,0.0,39.35,0.0,23.79,65.45,1.33,planner_debate
llm_vl,planner_debate,mir_operator:prefill_layer*,False,1.16,profiled,"underutilised: SM 34 %, DRAM 28 %, L2 54 %, occ 8 %",gemm,37.69,44.01,33.42,0.0,66.71,13.78,1.0,planner_debate
llm_vl,planner_debate,mir_operator:prefill_layer*,False,1.16,profiled,"underutilised: SM 18 %, DRAM 5 %, L2 5 %, occ 69 %",concat,17.64,0.0,7.18,0.0,5.21,67.87,1.33,planner_debate
llm_vl,planner_debate,mir_operator:prefill_layer*,False,1.16,profiled,"latency/launch-bound: 0.67 waves per SM, no unit above 30 % of peak",elementwise_other,5.46,0.0,60.8,0.0,24.0,49.7,0.67,planner_debate
llm_vl,planner_debate,mir_operator:prefill_layer*,False,1.16,profiled,"underutilised: SM 18 %, DRAM 12 %, L2 30 %, occ 8 %",attention,22.4,12.26,38.84,0.0,28.04,33.86,1.89,planner_debate
llm_vl,planner_debate,mir_operator:prefill_layer*,False,1.16,profiled,"underutilised: SM 20 %, DRAM 35 %, L2 33 %, occ 63 %",copy,9.9,0.0,52.81,0.0,28.72,55.13,1.0,planner_debate
llm_vl,planner_debate,mir_operator:prefill_layer*,False,1.16,profiled,DRAM-bandwidth-bound,elementwise_unary,0.93,0.0,31.38,0.0,14.58,23.09,0.29,planner_debate
llm_vl,planner_debate,mir_operator:prefill_layer*,False,1.16,profiled,"underutilised: SM 2 %, DRAM 52 %, L2 20 %, occ 33 %",reduce,8.47,0.0,39.2,0.0,16.7,42.81,0.34,planner_debate
llm_vl,planner_debate,mir_operator:prefill_layer*,False,1.16,profiled,"latency/launch-bound: 0.00 waves per SM, no unit above 30 % of peak",elementwise_binary,15.58,0.0,38.93,0.0,23.5,65.65,1.33,planner_debate
llm_vl,planner_debate,mir_operator:prefill_layer*,False,1.16,profiled,"underutilised: SM 34 %, DRAM 27 %, L2 53 %, occ 8 %",gemm,37.37,43.97,33.81,0.0,66.51,13.74,1.0,planner_debate
llm_vl,planner_debate,mir_operator:prefill_layer*,False,1.16,profiled,"underutilised: SM 18 %, DRAM 5 %, L2 5 %, occ 68 %",concat,17.63,0.0,7.21,0.0,5.24,67.6,1.33,planner_debate
llm_vl,planner_debate,mir_operator:prefill_layer*,False,1.16,profiled,"latency/launch-bound: 0.67 waves per SM, no unit above 30 % of peak",elementwise_other,5.47,0.0,55.33,0.0,21.92,49.79,0.67,planner_debate
llm_vl,planner_debate,mir_operator:prefill_layer*,False,1.16,profiled,"underutilised: SM 18 %, DRAM 12 %, L2 30 %, occ 8 %",attention,22.41,12.19,38.26,0.0,27.99,33.67,1.89,planner_debate
llm_vl,planner_debate,mir_operator:prefill_layer*,False,1.16,profiled,"underutilised: SM 20 %, DRAM 34 %, L2 32 %, occ 64 %",copy,10.04,0.0,52.82,0.0,29.06,55.56,1.0,planner_debate
llm_vl,planner_debate,mir_operator:prefill_layer*,False,1.16,profiled,DRAM-bandwidth-bound,elementwise_unary,0.92,0.0,31.17,0.0,14.71,22.92,0.29,planner_debate
llm_vl,planner_debate,mir_operator:prefill_layer*,False,1.16,profiled,"underutilised: SM 2 %, DRAM 52 %, L2 20 %, occ 33 %",reduce,8.6,0.0,39.66,0.0,16.79,42.79,0.34,planner_debate
llm_vl,planner_debate,mir_operator:prefill_layer*,False,1.16,profiled,"latency/launch-bound: 0.00 waves per SM, no unit above 30 % of peak",elementwise_binary,15.79,0.0,39.71,0.0,24.22,64.89,1.33,planner_debate
llm_vl,planner_debate,mir_operator:prefill_layer*,False,1.16,profiled,"underutilised: SM 33 %, DRAM 28 %, L2 55 %, occ 8 %",gemm,37.13,43.99,34.05,0.0,66.77,13.8,1.0,planner_debate
llm_vl,planner_debate,mir_operator:prefill_layer*,False,1.16,profiled,"underutilised: SM 17 %, DRAM 5 %, L2 5 %, occ 68 %",concat,17.6,0.0,7.14,0.0,5.04,68.04,1.33,planner_debate
llm_vl,planner_debate,mir_operator:prefill_layer*,False,1.16,profiled,"underutilised: SM 13 %, DRAM 31 %, L2 18 %, occ 54 %",elementwise_other,5.12,0.0,60.8,0.0,24.03,49.97,0.67,planner_debate
llm_vl,planner_debate,mir_operator:prefill_layer*,False,1.16,profiled,"underutilised: SM 18 %, DRAM 12 %, L2 29 %, occ 8 %",attention,22.23,12.22,37.79,0.0,27.85,33.98,1.89,planner_debate
llm_vl,planner_debate,mir_operator:prefill_layer*,False,1.16,profiled,"underutilised: SM 20 %, DRAM 34 %, L2 32 %, occ 65 %",copy,9.75,0.0,52.94,0.0,28.74,55.32,1.0,planner_debate
llm_vl,planner_debate,mir_operator:prefill_layer*,False,1.16,profiled,DRAM-bandwidth-bound,elementwise_unary,0.92,0.0,32.98,0.0,14.39,23.04,0.29,planner_debate
llm_vl,planner_debate,mir_operator:prefill_layer*,False,1.16,profiled,"underutilised: SM 2 %, DRAM 51 %, L2 20 %, occ 33 %",reduce,8.37,0.0,39.44,0.0,16.89,42.75,0.34,planner_debate
llm_vl,planner_debate,mir_operator:prefill_layer*,False,1.16,profiled,"latency/launch-bound: 0.00 waves per SM, no unit above 30 % of peak",elementwise_binary,15.93,0.0,38.73,0.0,23.26,64.99,1.33,planner_debate
llm_vl,planner_debate,mir_operator:prefill_layer*,False,1.16,profiled,"underutilised: SM 34 %, DRAM 27 %, L2 52 %, occ 8 %",gemm,37.16,43.94,34.12,0.0,66.8,13.72,1.0,planner_debate
llm_vl,planner_debate,mir_operator:prefill_layer*,False,1.16,profiled,"underutilised: SM 17 %, DRAM 5 %, L2 5 %, occ 69 %",concat,17.63,0.0,7.66,0.0,5.08,68.12,1.33,planner_debate
llm_vl,planner_debate,mir_operator:prefill_layer*,False,1.16,profiled,"underutilised: SM 14 %, DRAM 31 %, L2 18 %, occ 56 %",elementwise_other,5.39,0.0,61.46,0.0,24.31,49.13,0.67,planner_debate
llm_vl,planner_debate,mir_operator:prefill_layer*,False,1.16,profiled,"underutilised: SM 18 %, DRAM 12 %, L2 29 %, occ 8 %",attention,22.46,12.25,37.87,0.0,27.98,33.56,1.89,planner_debate
llm_vl,planner_debate,mir_operator:prefill_layer*,False,1.16,profiled,"underutilised: SM 20 %, DRAM 35 %, L2 33 %, occ 63 %",copy,9.95,0.0,52.52,0.0,28.71,54.58,1.0,planner_debate
llm_vl,planner_debate,mir_operator:prefill_layer*,False,1.16,profiled,DRAM-bandwidth-bound,elementwise_unary,0.95,0.0,31.25,0.0,14.77,23.04,0.29,planner_debate
llm_vl,planner_debate,mir_operator:prefill_layer*,False,1.16,profiled,"underutilised: SM 2 %, DRAM 52 %, L2 20 %, occ 33 %",reduce,8.3,0.0,40.8,0.0,17.18,42.76,0.34,planner_debate
llm_vl,planner_debate,mir_operator:prefill_layer*,False,1.16,profiled,"latency/launch-bound: 0.00 waves per SM, no unit above 30 % of peak",elementwise_binary,15.76,0.0,38.1,0.0,23.53,65.75,1.33,planner_debate
llm_vl,planner_debate,mir_operator:prefill_layer*,False,1.16,profiled,"underutilised: SM 35 %, DRAM 28 %, L2 55 %, occ 8 %",gemm,37.33,43.94,33.94,0.0,66.91,13.75,1.0,planner_debate
llm_vl,planner_debate,mir_operator:prefill_layer*,False,1.16,profiled,"underutilised: SM 18 %, DRAM 5 %, L2 5 %, occ 69 %",concat,17.56,0.0,7.54,0.0,5.13,68.46,1.33,planner_debate
llm_vl,planner_debate,mir_operator:prefill_layer*,False,1.16,profiled,"latency/launch-bound: 0.67 waves per SM, no unit above 30 % of peak",elementwise_other,5.48,0.0,60.52,0.0,23.86,48.94,0.67,planner_debate
llm_vl,planner_debate,mir_operator:prefill_layer*,False,1.16,profiled,"underutilised: SM 18 %, DRAM 12 %, L2 30 %, occ 8 %",attention,22.34,12.16,37.12,0.0,27.88,33.62,1.89,planner_debate
llm_vl,planner_debate,mir_operator:prefill_layer*,False,1.16,profiled,"underutilised: SM 20 %, DRAM 34 %, L2 32 %, occ 64 %",copy,9.8,0.0,52.76,0.0,28.71,49.94,1.0,planner_debate
llm_vl,planner_debate,mir_operator:prefill_layer*,False,1.16,profiled,DRAM-bandwidth-bound,elementwise_unary,0.92,0.0,31.38,0.0,14.55,22.99,0.29,planner_debate
llm_vl,planner_debate,mir_operator:prefill_layer*,False,1.16,profiled,"underutilised: SM 2 %, DRAM 52 %, L2 20 %, occ 33 %",reduce,2.87,0.0,39.59,0.0,16.94,42.46,0.34,planner_debate
llm_vl,planner_debate,mir_operator:prefill_layer*,False,1.16,profiled,"latency/launch-bound: 0.00 waves per SM, no unit above 30 % of peak",elementwise_binary,15.7,0.0,39.89,0.0,23.99,65.04,1.33,planner_debate
llm_vl,planner_debate,mir_operator:prefill_layer*,False,1.16,profiled,"underutilised: SM 34 %, DRAM 27 %, L2 53 %, occ 8 %",gemm,37.1,43.95,33.23,0.0,67.09,13.76,1.0,planner_debate
llm_vl,planner_debate,mir_operator:prefill_layer*,False,1.16,profiled,"underutilised: SM 17 %, DRAM 5 %, L2 5 %, occ 69 %",concat,17.57,0.0,7.09,0.0,5.01,68.34,1.33,planner_debate
llm_vl,planner_debate,mir_operator:prefill_layer*,False,1.16,profiled,"underutilised: SM 14 %, DRAM 31 %, L2 18 %, occ 55 %",elementwise_other,5.42,0.0,61.1,0.0,24.17,49.46,0.67,planner_debate
llm_vl,planner_debate,mir_operator:prefill_layer*,False,1.16,profiled,"underutilised: SM 18 %, DRAM 12 %, L2 30 %, occ 8 %",attention,22.53,12.23,38.44,0.0,28.04,33.82,1.89,planner_debate
llm_vl,planner_debate,mir_operator:prefill_layer*,False,1.16,profiled,"underutilised: SM 20 %, DRAM 35 %, L2 33 %, occ 64 %",copy,9.77,0.0,52.29,0.0,28.78,54.95,1.0,planner_debate
llm_vl,planner_debate,mir_operator:prefill_layer*,False,1.16,profiled,DRAM-bandwidth-bound,elementwise_unary,0.92,0.0,31.26,0.0,14.75,23.01,0.29,planner_debate
llm_vl,planner_debate,mir_operator:prefill_layer*,False,1.16,profiled,"underutilised: SM 2 %, DRAM 50 %, L2 20 %, occ 33 %",reduce,8.4,0.0,39.69,0.0,16.86,43.25,0.34,planner_debate
llm_vl,planner_debate,mir_operator:prefill_layer*,False,1.16,profiled,"latency/launch-bound: 0.00 waves per SM, no unit above 30 % of peak",elementwise_binary,15.86,0.0,39.77,0.0,23.81,64.43,1.33,planner_debate
llm_vl,planner_debate,mir_operator:prefill_layer*,False,1.16,profiled,"underutilised: SM 35 %, DRAM 28 %, L2 54 %, occ 8 %",gemm,37.46,43.79,34.27,0.0,66.98,13.69,1.0,planner_debate
llm_vl,planner_debate,mir_operator:prefill_layer*,False,1.16,profiled,"underutilised: SM 18 %, DRAM 5 %, L2 5 %, occ 69 %",concat,17.78,0.0,7.16,0.0,5.32,68.39,1.33,planner_debate
llm_vl,planner_debate,mir_operator:prefill_layer*,False,1.16,profiled,"underutilised: SM 14 %, DRAM 31 %, L2 18 %, occ 54 %",elementwise_other,5.48,0.0,61.09,0.0,24.12,50.01,0.67,planner_debate
llm_vl,planner_debate,mir_operator:prefill_layer*,False,1.16,profiled,"underutilised: SM 18 %, DRAM 12 %, L2 29 %, occ 8 %",attention,22.46,12.23,37.72,0.0,27.48,33.77,1.89,planner_debate
llm_vl,planner_debate,mir_operator:prefill_layer*,False,1.16,profiled,"underutilised: SM 20 %, DRAM 34 %, L2 32 %, occ 63 %",copy,9.95,0.0,52.63,0.0,28.78,54.65,1.0,planner_debate
llm_vl,planner_debate,mir_operator:prefill_layer*,False,1.16,profiled,DRAM-bandwidth-bound,elementwise_unary,0.92,0.0,31.47,0.0,14.83,23.09,0.29,planner_debate
llm_vl,planner_debate,mir_operator:prefill_layer*,False,1.16,profiled,"underutilised: SM 2 %, DRAM 50 %, L2 21 %, occ 33 %",reduce,8.42,0.0,39.37,0.0,16.79,41.32,0.34,planner_debate
llm_vl,planner_debate,mir_operator:prefill_layer*,False,1.16,profiled,"latency/launch-bound: 0.00 waves per SM, no unit above 30 % of peak",elementwise_binary,15.69,0.0,39.47,0.0,23.71,65.32,1.33,planner_debate
llm_vl,planner_debate,mir_operator:prefill_layer*,False,1.16,profiled,"underutilised: SM 34 %, DRAM 28 %, L2 56 %, occ 8 %",gemm,38.01,43.85,33.6,0.0,66.97,13.82,1.0,planner_debate
llm_vl,planner_debate,mir_operator:prefill_layer*,False,1.16,profiled,"underutilised: SM 18 %, DRAM 5 %, L2 5 %, occ 69 %",concat,17.73,0.0,7.44,0.0,5.19,68.25,1.33,planner_debate
llm_vl,planner_debate,mir_operator:prefill_layer*,False,1.16,profiled,"latency/launch-bound: 0.67 waves per SM, no unit above 30 % of peak",elementwise_other,5.48,0.0,63.03,0.0,23.82,49.62,0.67,planner_debate
llm_vl,planner_debate,mir_operator:prefill_layer*,False,1.16,profiled,"underutilised: SM 18 %, DRAM 12 %, L2 30 %, occ 8 %",attention,22.42,12.15,37.77,0.0,28.19,33.57,1.89,planner_debate
llm_vl,planner_debate,mir_operator:prefill_layer*,False,1.16,profiled,"underutilised: SM 20 %, DRAM 34 %, L2 32 %, occ 64 %",copy,9.82,0.0,51.59,0.0,29.06,54.84,1.0,planner_debate
llm_vl,planner_debate,mir_operator:prefill_layer*,False,1.16,profiled,DRAM-bandwidth-bound,elementwise_unary,0.93,0.0,30.79,0.0,14.27,22.97,0.29,planner_debate
llm_vl,planner_debate,mir_operator:prefill_layer*,False,1.16,profiled,"underutilised: SM 2 %, DRAM 49 %, L2 19 %, occ 33 %",reduce,8.47,0.0,39.13,0.0,16.71,42.43,0.34,planner_debate
llm_vl,planner_debate,mir_operator:prefill_layer*,False,1.16,profiled,"latency/launch-bound: 0.00 waves per SM, no unit above 30 % of peak",elementwise_binary,15.67,0.0,39.41,0.0,23.71,64.42,1.33,planner_debate
llm_vl,planner_debate,mir_operator:prefill_layer*,False,1.16,profiled,"underutilised: SM 35 %, DRAM 28 %, L2 55 %, occ 8 %",gemm,37.06,42.92,33.51,0.0,66.91,13.74,1.0,planner_debate
llm_vl,planner_debate,mir_operator:prefill_layer*,False,1.16,profiled,"underutilised: SM 18 %, DRAM 5 %, L2 5 %, occ 69 %",concat,17.61,0.0,7.2,0.0,5.2,68.46,1.33,planner_debate
llm_vl,planner_debate,mir_operator:prefill_layer*,False,1.16,profiled,"underutilised: SM 13 %, DRAM 30 %, L2 18 %, occ 56 %",elementwise_other,5.31,0.0,61.61,0.0,24.3,48.68,0.67,planner_debate
llm_vl,planner_debate,mir_operator:prefill_layer*,False,1.16,profiled,"underutilised: SM 18 %, DRAM 12 %, L2 30 %, occ 8 %",attention,22.38,12.34,39.22,0.0,28.44,33.76,1.89,planner_debate
llm_vl,planner_debate,mir_operator:prefill_layer*,False,1.16,profiled,"underutilised: SM 20 %, DRAM 35 %, L2 33 %, occ 64 %",copy,9.9,0.0,53.11,0.0,28.97,55.22,1.0,planner_debate
llm_vl,planner_debate,mir_operator:prefill_layer*,False,1.16,profiled,DRAM-bandwidth-bound,elementwise_unary,0.93,0.0,31.43,0.0,14.59,22.98,0.29,planner_debate
llm_vl,planner_debate,mir_operator:prefill_layer*,False,1.16,profiled,"underutilised: SM 2 %, DRAM 51 %, L2 20 %, occ 33 %",reduce,8.5,0.0,39.26,0.0,16.79,43.34,0.34,planner_debate
llm_vl,planner_debate,mir_operator:prefill_layer*,False,1.16,profiled,"latency/launch-bound: 0.00 waves per SM, no unit above 30 % of peak",elementwise_binary,15.65,0.0,39.41,0.0,23.72,64.32,1.33,planner_debate
llm_vl,planner_debate,mir_operator:prefill_layer*,False,1.16,profiled,"underutilised: SM 34 %, DRAM 28 %, L2 54 %, occ 8 %",gemm,37.07,43.92,34.24,0.0,66.71,13.75,1.0,planner_debate
llm_vl,planner_debate,mir_operator:prefill_layer*,False,1.16,profiled,"underutilised: SM 17 %, DRAM 5 %, L2 5 %, occ 69 %",concat,17.61,0.0,7.07,0.0,5.22,67.91,1.33,planner_debate
llm_vl,planner_debate,mir_operator:prefill_layer*,False,1.16,profiled,"underutilised: SM 13 %, DRAM 31 %, L2 18 %, occ 56 %",elementwise_other,5.26,0.0,61.17,0.0,24.17,49.43,0.67,planner_debate
llm_vl,planner_debate,mir_operator:prefill_layer*,False,1.16,profiled,"underutilised: SM 18 %, DRAM 12 %, L2 29 %, occ 8 %",attention,22.59,12.23,38.1,0.0,27.83,33.64,1.89,planner_debate
llm_vl,planner_debate,mir_operator:prefill_layer*,False,1.16,profiled,"underutilised: SM 19 %, DRAM 35 %, L2 33 %, occ 63 %",copy,9.95,0.0,52.17,0.0,28.31,54.54,1.0,planner_debate
llm_vl,planner_debate,mir_operator:prefill_layer*,False,1.16,profiled,DRAM-bandwidth-bound,elementwise_unary,0.93,0.0,30.9,0.0,14.43,22.98,0.29,planner_debate
llm_vl,planner_debate,mir_operator:prefill_layer*,False,1.16,profiled,"underutilised: SM 2 %, DRAM 51 %, L2 20 %, occ 33 %",reduce,8.69,0.0,38.81,0.0,16.73,41.59,0.34,planner_debate
llm_vl,planner_debate,mir_operator:prefill_layer*,False,1.16,profiled,"latency/launch-bound: 0.00 waves per SM, no unit above 30 % of peak",elementwise_binary,15.69,0.0,39.59,0.0,23.82,65.36,1.33,planner_debate
llm_vl,planner_debate,mir_operator:prefill_layer*,False,1.16,profiled,"underutilised: SM 34 %, DRAM 27 %, L2 53 %, occ 8 %",gemm,37.11,43.36,33.52,0.0,58.52,13.8,1.0,planner_debate
llm_vl,planner_debate,mir_operator:prefill_layer*,False,1.16,profiled,"underutilised: SM 17 %, DRAM 5 %, L2 5 %, occ 69 %",concat,17.76,0.0,7.09,0.0,5.14,68.74,1.33,planner_debate
llm_vl,planner_debate,mir_operator:prefill_layer*,False,1.16,profiled,"underutilised: SM 13 %, DRAM 30 %, L2 18 %, occ 56 %",elementwise_other,5.37,0.0,60.88,0.0,24.08,49.89,0.67,planner_debate
llm_vl,planner_debate,mir_operator:prefill_layer*,False,1.16,profiled,"underutilised: SM 18 %, DRAM 12 %, L2 30 %, occ 8 %",attention,22.43,12.28,37.96,0.0,28.18,34.11,1.89,planner_debate
llm_vl,planner_debate,mir_operator:prefill_layer*,False,1.16,profiled,"underutilised: SM 20 %, DRAM 35 %, L2 33 %, occ 64 %",copy,9.84,0.0,53.03,0.0,28.88,54.54,1.0,planner_debate
llm_vl,planner_debate,mir_operator:prefill_layer*,False,1.16,profiled,DRAM-bandwidth-bound,elementwise_unary,0.93,0.0,31.39,0.0,14.8,22.96,0.29,planner_debate
llm_vl,planner_debate,mir_operator:prefill_layer*,False,1.16,profiled,"underutilised: SM 2 %, DRAM 51 %, L2 20 %, occ 33 %",reduce,8.51,0.0,39.64,0.0,17.41,41.98,0.34,planner_debate
llm_vl,planner_debate,mir_operator:prefill_layer*,False,1.16,profiled,"latency/launch-bound: 0.00 waves per SM, no unit above 30 % of peak",elementwise_binary,15.91,0.0,40.21,0.0,23.81,65.72,1.33,planner_debate
llm_vl,planner_debate,mir_operator:prefill_layer*,False,1.16,profiled,"underutilised: SM 34 %, DRAM 28 %, L2 55 %, occ 8 %",gemm,37.75,43.97,33.63,0.0,66.86,13.84,1.0,planner_debate
llm_vl,planner_debate,mir_operator:prefill_layer*,False,1.16,profiled,"underutilised: SM 18 %, DRAM 5 %, L2 5 %, occ 68 %",concat,17.69,0.0,7.18,0.0,5.14,68.06,1.33,planner_debate
llm_vl,planner_debate,mir_operator:prefill_layer*,False,1.16,profiled,"latency/launch-bound: 0.67 waves per SM, no unit above 30 % of peak",elementwise_other,4.5,0.0,59.9,0.0,23.26,49.9,0.67,planner_debate
llm_vl,planner_debate,mir_operator:prefill_layer*,False,1.16,profiled,"underutilised: SM 18 %, DRAM 12 %, L2 29 %, occ 8 %",attention,22.32,12.26,38.29,0.0,27.73,33.67,1.89,planner_debate
llm_vl,planner_debate,mir_operator:prefill_layer*,False,1.16,profiled,"underutilised: SM 20 %, DRAM 35 %, L2 33 %, occ 64 %",copy,9.81,0.0,53.09,0.0,28.74,53.55,1.0,planner_debate
llm_vl,planner_debate,mir_operator:prefill_layer*,False,1.16,profiled,DRAM-bandwidth-bound,elementwise_unary,0.93,0.0,31.38,0.0,14.61,23.11,0.29,planner_debate
llm_vl,planner_debate,mir_operator:prefill_layer*,False,1.16,profiled,"underutilised: SM 2 %, DRAM 52 %, L2 20 %, occ 33 %",reduce,8.58,0.0,39.96,0.0,17.12,42.52,0.34,planner_debate
llm_vl,planner_debate,mir_operator:prefill_layer*,False,1.16,profiled,"latency/launch-bound: 0.00 waves per SM, no unit above 30 % of peak",elementwise_binary,15.95,0.0,39.11,0.0,23.59,65.63,1.33,planner_debate
llm_vl,planner_debate,mir_operator:prefill_layer*,False,1.16,profiled,"underutilised: SM 34 %, DRAM 28 %, L2 54 %, occ 8 %",gemm,36.89,44.02,33.63,0.0,67.07,13.72,1.0,planner_debate
llm_vl,planner_debate,mir_operator:prefill_layer*,False,1.16,profiled,"underutilised: SM 18 %, DRAM 5 %, L2 5 %, occ 68 %",concat,17.7,0.0,7.17,0.0,5.27,67.9,1.33,planner_debate
llm_vl,planner_debate,mir_operator:prefill_layer*,False,1.16,profiled,"latency/launch-bound: 0.67 waves per SM, no unit above 30 % of peak",elementwise_other,5.52,0.0,59.75,0.0,23.6,50.0,0.67,planner_debate
llm_vl,planner_debate,mir_operator:prefill_layer*,False,1.16,profiled,"underutilised: SM 18 %, DRAM 12 %, L2 29 %, occ 8 %",attention,22.46,12.32,37.76,0.0,28.12,33.74,1.89,planner_debate
llm_vl,planner_debate,mir_operator:prefill_layer*,False,1.16,profiled,"underutilised: SM 20 %, DRAM 35 %, L2 33 %, occ 64 %",copy,10.01,0.0,53.23,0.0,28.48,55.48,1.0,planner_debate
llm_vl,planner_debate,mir_operator:prefill_layer*,False,1.16,profiled,DRAM-bandwidth-bound,elementwise_unary,0.93,0.0,31.38,0.0,14.58,23.11,0.29,planner_debate
llm_vl,planner_debate,mir_operator:prefill_layer*,False,1.16,profiled,"underutilised: SM 2 %, DRAM 51 %, L2 20 %, occ 33 %",reduce,8.36,0.0,40.44,0.0,17.25,42.87,0.34,planner_debate
llm_vl,planner_debate,mir_operator:prefill_layer*,False,1.16,profiled,"latency/launch-bound: 0.00 waves per SM, no unit above 30 % of peak",elementwise_binary,15.74,0.0,39.59,0.0,23.97,64.7,1.33,planner_debate
llm_vl,planner_debate,mir_operator:prefill_layer*,False,1.16,profiled,"underutilised: SM 34 %, DRAM 27 %, L2 53 %, occ 8 %",gemm,37.24,43.99,34.33,0.0,67.15,13.83,1.0,planner_debate
llm_vl,planner_debate,mir_operator:prefill_layer*,False,1.16,profiled,"underutilised: SM 17 %, DRAM 5 %, L2 5 %, occ 69 %",concat,17.77,0.0,7.12,0.0,5.24,67.94,1.33,planner_debate
llm_vl,planner_debate,mir_operator:prefill_layer*,False,1.16,profiled,"latency/launch-bound: 0.67 waves per SM, no unit above 30 % of peak",elementwise_other,5.51,0.0,59.06,0.0,23.38,48.8,0.67,planner_debate
llm_vl,planner_debate,mir_operator:prefill_layer*,False,1.16,profiled,"underutilised: SM 18 %, DRAM 12 %, L2 30 %, occ 8 %",attention,22.48,12.21,37.69,0.0,28.18,33.76,1.89,planner_debate
llm_vl,planner_debate,mir_operator:prefill_layer*,False,1.16,profiled,"underutilised: SM 20 %, DRAM 36 %, L2 33 %, occ 64 %",copy,9.79,0.0,52.84,0.0,28.47,55.09,1.0,planner_debate
llm_vl,planner_debate,mir_operator:prefill_layer*,False,1.16,profiled,DRAM-bandwidth-bound,elementwise_unary,0.92,0.0,31.3,0.0,14.77,23.03,0.29,planner_debate
llm_vl,planner_debate,mir_operator:prefill_layer*,False,1.16,profiled,"underutilised: SM 2 %, DRAM 51 %, L2 20 %, occ 33 %",reduce,8.21,0.0,39.7,0.0,16.95,43.34,0.34,planner_debate
llm_vl,planner_debate,mir_operator:prefill_layer*,False,1.16,profiled,"latency/launch-bound: 0.00 waves per SM, no unit above 30 % of peak",elementwise_binary,15.45,0.0,39.95,0.0,24.04,64.66,1.33,planner_debate
llm_vl,planner_debate,mir_operator:prefill_layer*,False,1.16,profiled,"underutilised: SM 35 %, DRAM 28 %, L2 54 %, occ 8 %",gemm,37.08,44.02,34.31,0.0,67.16,13.75,1.0,planner_debate
llm_vl,planner_debate,mir_operator:prefill_layer*,False,1.16,profiled,"underutilised: SM 18 %, DRAM 5 %, L2 5 %, occ 69 %",concat,17.49,0.0,6.96,0.0,4.97,67.85,1.33,planner_debate
llm_vl,planner_debate,mir_operator:prefill_layer*,False,1.16,profiled,"latency/launch-bound: 0.67 waves per SM, no unit above 30 % of peak",elementwise_other,5.21,0.0,61.02,0.0,24.11,49.47,0.67,planner_debate
llm_vl,planner_debate,mir_operator:prefill_layer*,False,1.16,profiled,"underutilised: SM 18 %, DRAM 12 %, L2 30 %, occ 8 %",attention,22.54,12.21,37.87,0.0,28.18,33.69,1.89,planner_debate
llm_vl,planner_debate,mir_operator:prefill_layer*,False,1.16,profiled,"underutilised: SM 20 %, DRAM 35 %, L2 33 %, occ 63 %",copy,9.8,0.0,53.1,0.0,28.68,55.54,1.0,planner_debate
llm_vl,planner_debate,mir_operator:prefill_layer*,False,1.16,profiled,DRAM-bandwidth-bound,elementwise_unary,0.92,0.0,31.42,0.0,14.6,22.98,0.29,planner_debate
llm_vl,planner_debate,mir_operator:prefill_layer*,False,1.16,profiled,"underutilised: SM 2 %, DRAM 51 %, L2 20 %, occ 33 %",reduce,8.46,0.0,39.51,0.0,17.01,41.93,0.34,planner_debate
llm_vl,planner_debate,mir_operator:prefill_layer*,False,1.16,profiled,"latency/launch-bound: 0.00 waves per SM, no unit above 30 % of peak",elementwise_binary,15.76,0.0,39.41,0.0,23.85,65.57,1.33,planner_debate
llm_vl,planner_debate,mir_operator:prefill_layer*,False,1.16,profiled,"underutilised: SM 35 %, DRAM 27 %, L2 54 %, occ 8 %",gemm,37.03,43.91,33.54,0.0,66.87,13.84,1.0,planner_debate
llm_vl,planner_debate,mir_operator:prefill_layer*,False,1.16,profiled,"underutilised: SM 17 %, DRAM 5 %, L2 5 %, occ 69 %",concat,17.68,0.0,7.58,0.0,5.15,68.76,1.33,planner_debate
llm_vl,planner_debate,mir_operator:prefill_layer*,False,1.16,profiled,"underutilised: SM 13 %, DRAM 31 %, L2 18 %, occ 54 %",elementwise_other,5.48,0.0,61.02,0.0,24.08,49.97,0.67,planner_debate
llm_vl,planner_debate,mir_operator:prefill_layer*,False,1.16,profiled,"underutilised: SM 18 %, DRAM 12 %, L2 30 %, occ 8 %",attention,22.2,12.31,37.92,0.0,28.15,34.07,1.89,planner_debate
llm_vl,planner_debate,mir_operator:prefill_layer*,False,1.16,profiled,"underutilised: SM 20 %, DRAM 35 %, L2 33 %, occ 64 %",copy,9.8,0.0,52.66,0.0,28.83,55.3,1.0,planner_debate
llm_vl,planner_debate,mir_operator:prefill_layer*,False,1.16,profiled,DRAM-bandwidth-bound,elementwise_unary,0.93,0.0,31.08,0.0,14.42,23.08,0.29,planner_debate
llm_vl,planner_debate,mir_operator:prefill_layer*,False,1.16,profiled,"underutilised: SM 2 %, DRAM 51 %, L2 20 %, occ 33 %",reduce,8.32,0.0,39.11,0.0,16.52,44.2,0.34,planner_debate
llm_vl,planner_debate,mir_operator:prefill_layer*,False,1.16,profiled,"latency/launch-bound: 0.00 waves per SM, no unit above 30 % of peak",elementwise_binary,15.22,0.0,39.95,0.0,23.99,65.37,1.33,planner_debate
llm_vl,planner_debate,mir_operator:prefill_layer*,False,1.16,profiled,"underutilised: SM 35 %, DRAM 28 %, L2 56 %, occ 8 %",gemm,37.13,44.01,34.22,0.0,67.09,13.79,1.0,planner_debate
llm_vl,planner_debate,mir_operator:prefill_layer*,False,1.16,profiled,"underutilised: SM 18 %, DRAM 5 %, L2 5 %, occ 69 %",concat,17.57,0.0,7.16,0.0,5.25,68.0,1.33,planner_debate
llm_vl,planner_debate,mir_operator:prefill_layer*,False,1.16,profiled,"underutilised: SM 14 %, DRAM 30 %, L2 18 %, occ 54 %",elementwise_other,5.12,0.0,59.2,0.0,23.48,47.89,0.67,planner_debate
llm_vl,planner_debate,mir_operator:prefill_layer*,False,1.16,profiled,"underutilised: SM 18 %, DRAM 12 %, L2 30 %, occ 8 %",attention,22.58,12.24,38.5,0.0,28.04,33.82,1.89,planner_debate
llm_vl,planner_debate,mir_operator:prefill_layer*,False,1.16,profiled,"underutilised: SM 20 %, DRAM 35 %, L2 33 %, occ 63 %",copy,9.81,0.0,52.89,0.0,29.08,55.01,1.0,planner_debate
llm_vl,planner_debate,mir_operator:prefill_layer*,False,1.16,profiled,DRAM-bandwidth-bound,elementwise_unary,0.93,0.0,31.17,0.0,14.51,22.92,0.29,planner_debate
llm_vl,planner_debate,mir_operator:prefill_layer*,False,1.16,profiled,"underutilised: SM 2 %, DRAM 51 %, L2 20 %, occ 33 %",reduce,8.32,0.0,39.3,0.0,16.98,43.47,0.34,planner_debate
llm_vl,planner_debate,mir_operator:prefill_layer*,False,1.16,profiled,"latency/launch-bound: 0.00 waves per SM, no unit above 30 % of peak",elementwise_binary,15.83,0.0,39.77,0.0,24.02,65.25,1.33,planner_debate
llm_vl,planner_debate,mir_operator:prefill_layer*,False,1.16,profiled,"underutilised: SM 34 %, DRAM 27 %, L2 54 %, occ 8 %",gemm,36.75,42.67,34.24,0.0,66.95,13.79,1.0,planner_debate
llm_vl,planner_debate,mir_operator:prefill_layer*,False,1.16,profiled,"underutilised: SM 18 %, DRAM 5 %, L2 5 %, occ 69 %",concat,17.76,0.0,7.62,0.0,5.17,68.32,1.33,planner_debate
llm_vl,planner_debate,mir_operator:prefill_layer*,False,1.16,profiled,"latency/launch-bound: 0.67 waves per SM, no unit above 30 % of peak",elementwise_other,5.33,0.0,54.73,0.0,21.66,49.96,0.67,planner_debate
llm_vl,planner_debate,mir_operator:prefill_layer*,False,1.16,profiled,"underutilised: SM 18 %, DRAM 12 %, L2 30 %, occ 8 %",attention,22.35,12.22,38.24,0.0,28.06,33.79,1.89,planner_debate
llm_vl,planner_debate,mir_operator:prefill_layer*,False,1.16,profiled,"underutilised: SM 20 %, DRAM 35 %, L2 33 %, occ 65 %",copy,9.86,0.0,53.21,0.0,28.43,55.06,1.0,planner_debate
llm_vl,planner_debate,mir_operator:prefill_layer*,False,1.16,profiled,DRAM-bandwidth-bound,elementwise_unary,0.93,0.0,31.56,0.0,14.94,23.08,0.29,planner_debate
llm_vl,planner_debate,mir_operator:prefill_layer*,False,1.16,profiled,"underutilised: SM 2 %, DRAM 51 %, L2 20 %, occ 33 %",reduce,8.52,0.0,38.95,0.0,16.95,43.85,0.34,planner_debate
llm_vl,planner_debate,mir_operator:prefill_layer*,False,1.16,profiled,"latency/launch-bound: 0.00 waves per SM, no unit above 30 % of peak",elementwise_binary,15.51,0.0,39.23,0.0,23.53,65.24,1.33,planner_debate
llm_vl,planner_debate,mir_operator:prefill_layer*,False,1.16,profiled,"underutilised: SM 34 %, DRAM 27 %, L2 53 %, occ 8 %",gemm,37.6,43.95,34.0,0.0,66.81,13.65,1.0,planner_debate
llm_vl,planner_debate,mir_operator:prefill_layer*,False,1.16,profiled,"underutilised: SM 18 %, DRAM 5 %, L2 5 %, occ 69 %",concat,17.76,0.0,7.2,0.0,5.15,68.63,1.33,planner_debate
llm_vl,planner_debate,mir_operator:prefill_layer*,False,1.16,profiled,"latency/launch-bound: 0.67 waves per SM, no unit above 30 % of peak",elementwise_other,5.46,0.0,59.13,0.0,23.38,47.95,0.67,planner_debate
llm_vl,planner_debate,mir_operator:prefill_layer*,False,1.16,profiled,"underutilised: SM 18 %, DRAM 12 %, L2 30 %, occ 8 %",attention,22.34,12.22,38.28,0.0,28.15,34.05,1.89,planner_debate
llm_vl,planner_debate,mir_operator:prefill_layer*,False,1.16,profiled,"underutilised: SM 20 %, DRAM 34 %, L2 32 %, occ 63 %",copy,3.19,0.0,52.55,0.0,28.83,55.06,1.0,planner_debate
llm_vl,planner_debate,mir_operator:prefill_layer*,False,1.16,profiled,DRAM-bandwidth-bound,elementwise_unary,0.93,0.0,32.83,0.0,14.83,22.87,0.29,planner_debate
llm_vl,planner_debate,mir_operator:prefill_layer*,False,1.16,profiled,"underutilised: SM 2 %, DRAM 51 %, L2 20 %, occ 33 %",reduce,8.42,0.0,38.43,0.0,16.71,43.01,0.34,planner_debate
llm_vl,planner_debate,mir_operator:prefill_layer*,False,1.16,profiled,"latency/launch-bound: 0.00 waves per SM, no unit above 30 % of peak",elementwise_binary,15.88,0.0,39.95,0.0,24.01,65.16,1.33,planner_debate
llm_vl,planner_debate,mir_operator:prefill_layer*,False,1.16,profiled,"underutilised: SM 35 %, DRAM 27 %, L2 54 %, occ 8 %",gemm,37.0,43.95,33.43,0.0,58.59,13.79,1.0,planner_debate
llm_vl,planner_debate,mir_operator:prefill_layer*,False,1.16,profiled,"underutilised: SM 17 %, DRAM 5 %, L2 5 %, occ 70 %",concat,17.61,0.0,7.17,0.0,5.13,68.84,1.33,planner_debate
llm_vl,planner_debate,mir_operator:prefill_layer*,False,1.16,profiled,"underutilised: SM 14 %, DRAM 30 %, L2 18 %, occ 55 %",elementwise_other,5.49,0.0,59.96,0.0,23.69,49.94,0.67,planner_debate
llm_vl,planner_debate,mir_operator:prefill_layer*,False,1.16,profiled,"underutilised: SM 18 %, DRAM 12 %, L2 30 %, occ 8 %",attention,22.42,12.2,38.39,0.0,28.18,33.85,1.89,planner_debate
llm_vl,planner_debate,mir_operator:prefill_layer*,False,1.16,profiled,"underutilised: SM 20 %, DRAM 34 %, L2 32 %, occ 64 %",copy,9.83,0.0,51.45,0.0,29.07,54.92,1.0,planner_debate
llm_vl,planner_debate,mir_operator:prefill_layer*,False,1.16,profiled,DRAM-bandwidth-bound,elementwise_unary,0.92,0.0,31.04,0.0,14.37,23.0,0.29,planner_debate
llm_vl,planner_debate,mir_operator:prefill_layer*,False,1.16,profiled,"underutilised: SM 2 %, DRAM 52 %, L2 21 %, occ 33 %",reduce,8.23,0.0,39.57,0.0,17.09,43.41,0.34,planner_debate
llm_vl,planner_debate,mir_operator:prefill_layer*,False,1.16,profiled,"latency/launch-bound: 0.00 waves per SM, no unit above 30 % of peak",elementwise_binary,15.71,0.0,40.14,0.0,24.01,64.83,1.33,planner_debate
llm_vl,planner_debate,mir_operator:prefill_layer*,False,1.16,profiled,"underutilised: SM 34 %, DRAM 28 %, L2 55 %, occ 8 %",gemm,37.13,44.0,33.94,0.0,66.72,13.82,1.0,planner_debate
llm_vl,planner_debate,mir_operator:prefill_layer*,False,1.16,profiled,"underutilised: SM 18 %, DRAM 5 %, L2 5 %, occ 69 %",concat,17.68,0.0,7.13,0.0,5.31,68.03,1.33,planner_debate
llm_vl,planner_debate,mir_operator:prefill_layer*,False,1.16,profiled,"underutilised: SM 14 %, DRAM 31 %, L2 18 %, occ 53 %",elementwise_other,5.19,0.0,59.96,0.0,23.69,49.92,0.67,planner_debate
llm_vl,planner_debate,mir_operator:prefill_layer*,False,1.16,profiled,"underutilised: SM 18 %, DRAM 12 %, L2 30 %, occ 8 %",attention,22.49,12.3,38.4,0.0,28.49,34.03,1.89,planner_debate
llm_vl,planner_debate,mir_operator:prefill_layer*,False,1.16,profiled,"underutilised: SM 20 %, DRAM 35 %, L2 33 %, occ 64 %",copy,9.86,0.0,53.32,0.0,28.69,54.3,1.0,planner_debate
llm_vl,planner_debate,mir_operator:prefill_layer*,False,1.16,profiled,DRAM-bandwidth-bound,elementwise_unary,0.92,0.0,31.47,0.0,14.56,23.1,0.29,planner_debate
llm_vl,planner_debate,mir_operator:prefill_layer*,False,1.16,profiled,"underutilised: SM 2 %, DRAM 51 %, L2 20 %, occ 33 %",reduce,8.32,0.0,39.76,0.0,17.04,42.66,0.34,planner_debate
llm_vl,planner_debate,mir_operator:prefill_layer*,False,1.16,profiled,"latency/launch-bound: 0.00 waves per SM, no unit above 30 % of peak",elementwise_binary,15.58,0.0,39.17,0.0,23.63,64.66,1.33,planner_debate
llm_vl,planner_debate,mir_operator:prefill_layer*,False,1.16,profiled,"underutilised: SM 35 %, DRAM 28 %, L2 55 %, occ 8 %",gemm,37.08,43.9,33.43,0.0,66.53,13.74,1.0,planner_debate
llm_vl,planner_debate,mir_operator:prefill_layer*,False,1.16,profiled,"underutilised: SM 17 %, DRAM 5 %, L2 5 %, occ 67 %",concat,17.6,0.0,6.77,0.0,5.08,68.4,1.33,planner_debate
llm_vl,planner_debate,mir_operator:prefill_layer*,False,1.16,profiled,"latency/launch-bound: 0.67 waves per SM, no unit above 30 % of peak",elementwise_other,5.37,0.0,61.46,0.0,24.33,49.35,0.67,planner_debate
llm_vl,planner_debate,mir_operator:prefill_layer*,False,1.16,profiled,"underutilised: SM 18 %, DRAM 12 %, L2 30 %, occ 8 %",attention,22.39,12.25,38.19,0.0,28.32,34.01,1.89,planner_debate
llm_vl,planner_debate,mir_operator:prefill_layer*,False,1.16,profiled,"underutilised: SM 20 %, DRAM 36 %, L2 33 %, occ 63 %",copy,9.72,0.0,53.18,0.0,28.76,55.09,1.0,planner_debate
llm_vl,planner_debate,mir_operator:prefill_layer*,False,1.16,profiled,DRAM-bandwidth-bound,elementwise_unary,0.93,0.0,31.47,0.0,14.78,22.94,0.29,planner_debate
llm_vl,planner_debate,mir_operator:prefill_layer*,False,1.16,profiled,"underutilised: SM 2 %, DRAM 53 %, L2 21 %, occ 33 %",reduce,8.2,0.0,38.52,0.0,16.49,42.55,0.34,planner_debate
llm_vl,planner_debate,mir_operator:prefill_layer*,False,1.16,profiled,"latency/launch-bound: 0.00 waves per SM, no unit above 30 % of peak",elementwise_binary,15.84,0.0,38.68,0.0,22.5,64.86,1.33,planner_debate
llm_vl,planner_debate,mir_operator:prefill_layer*,False,1.16,profiled,"underutilised: SM 33 %, DRAM 27 %, L2 53 %, occ 8 %",gemm,37.02,43.94,33.97,0.0,66.81,13.67,1.0,planner_debate
llm_vl,planner_debate,mir_operator:prefill_layer*,False,1.16,profiled,"underutilised: SM 18 %, DRAM 5 %, L2 5 %, occ 68 %",concat,17.71,0.0,7.02,0.0,5.14,67.74,1.33,planner_debate
llm_vl,planner_debate,mir_operator:prefill_layer*,False,1.16,profiled,"latency/launch-bound: 0.67 waves per SM, no unit above 30 % of peak",elementwise_other,5.38,0.0,60.8,0.0,24.12,48.66,0.67,planner_debate
llm_vl,planner_debate,mir_operator:prefill_layer*,False,1.16,profiled,"underutilised: SM 18 %, DRAM 12 %, L2 30 %, occ 8 %",attention,22.49,12.26,38.2,0.0,28.17,33.69,1.89,planner_debate
llm_vl,planner_debate,mir_operator:prefill_layer*,False,1.16,profiled,"underutilised: SM 20 %, DRAM 34 %, L2 32 %, occ 64 %",copy,9.84,0.0,52.82,0.0,28.59,54.97,1.0,planner_debate
llm_vl,planner_debate,mir_operator:prefill_layer*,False,1.16,profiled,DRAM-bandwidth-bound,elementwise_unary,0.93,0.0,31.34,0.0,14.79,22.95,0.29,planner_debate
llm_vl,planner_debate,mir_operator:prefill_layer*,False,1.16,profiled,"underutilised: SM 2 %, DRAM 50 %, L2 20 %, occ 33 %",reduce,8.31,0.0,39.27,0.0,16.92,41.92,0.34,planner_debate
llm_vl,planner_debate,mir_operator:prefill_layer*,False,1.16,profiled,"latency/launch-bound: 0.00 waves per SM, no unit above 30 % of peak",elementwise_binary,15.97,0.0,39.53,0.0,23.91,64.89,1.33,planner_debate
llm_vl,planner_debate,mir_operator:prefill_layer*,False,1.16,profiled,"underutilised: SM 35 %, DRAM 28 %, L2 55 %, occ 8 %",gemm,37.26,43.89,33.77,0.0,67.25,13.71,1.0,planner_debate
llm_vl,planner_debate,mir_operator:prefill_layer*,False,1.16,profiled,"underutilised: SM 18 %, DRAM 5 %, L2 5 %, occ 68 %",concat,17.72,0.0,7.03,0.0,5.29,67.96,1.33,planner_debate
llm_vl,planner_debate,mir_operator:prefill_layer*,False,1.16,profiled,"latency/launch-bound: 0.67 waves per SM, no unit above 30 % of peak",elementwise_other,4.69,0.0,60.31,0.0,23.84,48.63,0.67,planner_debate
llm_vl,planner_debate,mir_operator:prefill_layer*,False,1.16,profiled,"underutilised: SM 18 %, DRAM 12 %, L2 29 %, occ 8 %",attention,22.52,12.33,37.35,0.0,25.71,33.65,1.89,planner_debate
llm_vl,planner_debate,mir_operator:prefill_layer*,False,1.16,profiled,"underutilised: SM 20 %, DRAM 35 %, L2 33 %, occ 64 %",copy,2.44,0.0,53.02,0.0,28.72,55.8,1.0,planner_debate
llm_vl,planner_debate,mir_operator:prefill_layer*,False,1.16,profiled,DRAM-bandwidth-bound,elementwise_unary,0.93,0.0,31.38,0.0,14.59,23.07,0.29,planner_debate
llm_vl,planner_debate,mir_operator:prefill_layer*,False,1.16,profiled,"underutilised: SM 2 %, DRAM 50 %, L2 20 %, occ 33 %",reduce,8.24,0.0,39.9,0.0,17.07,42.18,0.34,planner_debate
llm_vl,planner_debate,mir_operator:prefill_layer*,False,1.16,profiled,"latency/launch-bound: 0.00 waves per SM, no unit above 30 % of peak",elementwise_binary,15.83,0.0,40.21,0.0,24.19,64.65,1.33,planner_debate
llm_vl,planner_debate,mir_operator:prefill_layer*,False,1.16,profiled,"underutilised: SM 35 %, DRAM 28 %, L2 55 %, occ 8 %",gemm,36.79,44.01,33.34,0.0,67.17,14.95,1.0,planner_debate
llm_vl,planner_debate,mir_operator:prefill_layer*,False,1.16,profiled,"underutilised: SM 18 %, DRAM 5 %, L2 5 %, occ 69 %",concat,17.59,0.0,7.13,0.0,5.21,68.41,1.33,planner_debate
llm_vl,planner_debate,mir_operator:prefill_layer*,False,1.16,profiled,"latency/launch-bound: 0.67 waves per SM, no unit above 30 % of peak",elementwise_other,5.52,0.0,59.54,0.0,23.49,49.96,0.67,planner_debate
llm_vl,planner_debate,mir_operator:prefill_layer*,False,1.16,profiled,"underutilised: SM 18 %, DRAM 12 %, L2 30 %, occ 8 %",attention,22.59,12.22,38.39,0.0,28.19,33.77,1.89,planner_debate
llm_vl,planner_debate,mir_operator:prefill_layer*,False,1.16,profiled,"underutilised: SM 20 %, DRAM 35 %, L2 33 %, occ 64 %",copy,9.95,0.0,53.2,0.0,28.86,49.89,1.0,planner_debate
llm_vl,planner_debate,mir_operator:prefill_layer*,False,1.16,profiled,DRAM-bandwidth-bound,elementwise_unary,0.93,0.0,30.88,0.0,14.34,23.05,0.29,planner_debate
llm_vl,planner_debate,mir_operator:prefill_layer*,False,1.16,profiled,"underutilised: SM 2 %, DRAM 51 %, L2 20 %, occ 33 %",reduce,8.21,0.0,39.4,0.0,16.9,41.92,0.34,planner_debate
llm_vl,planner_debate,mir_operator:prefill_layer*,False,1.16,profiled,"latency/launch-bound: 0.00 waves per SM, no unit above 30 % of peak",elementwise_binary,15.6,0.0,39.77,0.0,23.98,65.69,1.33,planner_debate
llm_vl,planner_debate,mir_operator:prefill_layer*,False,1.16,profiled,"underutilised: SM 35 %, DRAM 28 %, L2 55 %, occ 8 %",gemm,37.61,44.02,33.71,0.0,67.08,13.8,1.0,planner_debate
llm_vl,planner_debate,mir_operator:prefill_layer*,False,1.16,profiled,"underutilised: SM 17 %, DRAM 5 %, L2 5 %, occ 68 %",concat,17.54,0.0,6.94,0.0,5.22,68.29,1.33,planner_debate
llm_vl,planner_debate,mir_operator:prefill_layer*,False,1.16,profiled,"latency/launch-bound: 0.67 waves per SM, no unit above 30 % of peak",elementwise_other,5.48,0.0,60.6,0.0,23.92,48.89,0.67,planner_debate
llm_vl,planner_debate,mir_operator:prefill_layer*,False,1.16,profiled,"underutilised: SM 18 %, DRAM 12 %, L2 30 %, occ 8 %",attention,22.38,12.32,38.2,0.0,28.16,33.68,1.89,planner_debate
llm_vl,planner_debate,mir_operator:prefill_layer*,False,1.16,profiled,"underutilised: SM 20 %, DRAM 35 %, L2 33 %, occ 64 %",copy,9.73,0.0,53.22,0.0,28.53,55.0,1.0,planner_debate
llm_vl,planner_debate,mir_operator:prefill_layer*,False,1.16,profiled,DRAM-bandwidth-bound,elementwise_unary,0.93,0.0,33.33,0.0,14.83,23.05,0.29,planner_debate
llm_vl,planner_debate,mir_operator:prefill_layer*,False,1.16,profiled,"underutilised: SM 2 %, DRAM 51 %, L2 20 %, occ 33 %",reduce,8.36,0.0,39.49,0.0,17.2,42.56,0.34,planner_debate
llm_vl,planner_debate,mir_operator:prefill_layer*,False,1.16,profiled,"latency/launch-bound: 0.00 waves per SM, no unit above 30 % of peak",elementwise_binary,15.57,0.0,39.59,0.0,23.83,65.75,1.33,planner_debate
llm_vl,planner_debate,mir_operator:prefill_layer*,False,1.16,profiled,"underutilised: SM 35 %, DRAM 28 %, L2 55 %, occ 8 %",gemm,37.06,44.0,33.54,0.0,66.89,13.75,1.0,planner_debate
llm_vl,planner_debate,mir_operator:prefill_layer*,False,1.16,profiled,"underutilised: SM 17 %, DRAM 8 %, L2 5 %, occ 69 %",concat,17.7,0.0,7.49,0.0,5.1,68.41,1.33,planner_debate
llm_vl,planner_debate,mir_operator:prefill_layer*,False,1.16,profiled,"latency/launch-bound: 0.67 waves per SM, no unit above 30 % of peak",elementwise_other,5.25,0.0,60.16,0.0,23.78,48.57,0.67,planner_debate
llm_vl,planner_debate,mir_operator:prefill_layer*,False,1.16,profiled,"underutilised: SM 18 %, DRAM 12 %, L2 30 %, occ 8 %",attention,22.34,12.2,38.05,0.0,28.2,33.64,1.89,planner_debate
llm_vl,planner_debate,mir_operator:prefill_layer*,False,1.16,profiled,"underutilised: SM 20 %, DRAM 35 %, L2 32 %, occ 64 %",copy,9.71,0.0,52.96,0.0,28.53,54.5,1.0,planner_debate
llm_vl,planner_debate,mir_operator:prefill_layer*,False,1.16,profiled,DRAM-bandwidth-bound,elementwise_unary,0.93,0.0,31.17,0.0,14.48,23.01,0.29,planner_debate
llm_vl,planner_debate,mir_operator:prefill_layer*,False,1.16,profiled,"underutilised: SM 2 %, DRAM 51 %, L2 20 %, occ 33 %",reduce,8.37,0.0,40.86,0.0,16.78,43.26,0.34,planner_debate
llm_vl,planner_debate,mir_operator:prefill_layer*,False,1.16,profiled,"latency/launch-bound: 0.00 waves per SM, no unit above 30 % of peak",elementwise_binary,15.49,0.0,39.53,0.0,23.59,65.67,1.33,planner_debate
llm_vl,planner_debate,mir_operator:prefill_layer*,False,1.16,profiled,"underutilised: SM 35 %, DRAM 28 %, L2 54 %, occ 8 %",gemm,37.09,43.84,33.59,0.0,66.94,13.79,1.0,planner_debate
llm_vl,planner_debate,mir_operator:prefill_layer*,False,1.16,profiled,"underutilised: SM 17 %, DRAM 5 %, L2 5 %, occ 69 %",concat,17.75,0.0,7.2,0.0,5.26,68.12,1.33,planner_debate
llm_vl,planner_debate,mir_operator:prefill_layer*,False,1.16,profiled,"underutilised: SM 14 %, DRAM 31 %, L2 18 %, occ 54 %",elementwise_other,5.37,0.0,59.61,0.0,23.65,49.35,0.67,planner_debate
llm_vl,planner_debate,mir_operator:prefill_layer*,False,1.16,profiled,"underutilised: SM 18 %, DRAM 12 %, L2 30 %, occ 8 %",attention,22.57,12.24,37.83,0.0,28.08,34.03,1.89,planner_debate
llm_vl,planner_debate,mir_operator:prefill_layer*,False,1.16,profiled,"underutilised: SM 19 %, DRAM 34 %, L2 32 %, occ 64 %",copy,10.01,0.0,48.8,0.0,28.93,55.44,1.0,planner_debate
llm_vl,planner_debate,mir_operator:prefill_layer*,False,1.16,profiled,DRAM-bandwidth-bound,elementwise_unary,0.93,0.0,31.38,0.0,14.61,22.93,0.29,planner_debate
llm_vl,planner_debate,mir_operator:prefill_layer*,False,1.16,profiled,"underutilised: SM 2 %, DRAM 52 %, L2 20 %, occ 33 %",reduce,8.37,0.0,39.67,0.0,17.01,42.28,0.34,planner_debate
llm_vl,planner_debate,mir_operator:prefill_layer*,False,1.16,profiled,"latency/launch-bound: 0.00 waves per SM, no unit above 30 % of peak",elementwise_binary,15.92,0.0,39.41,0.0,23.78,64.65,1.33,planner_debate
llm_vl,planner_debate,mir_operator:prefill_layer*,False,1.16,profiled,"underutilised: SM 34 %, DRAM 28 %, L2 55 %, occ 8 %",gemm,37.85,43.95,33.68,0.0,67.03,13.72,1.0,planner_debate
llm_vl,planner_debate,mir_operator:prefill_layer*,False,1.16,profiled,"underutilised: SM 17 %, DRAM 5 %, L2 5 %, occ 70 %",concat,17.44,0.0,6.93,0.0,5.16,68.52,1.33,planner_debate
llm_vl,planner_debate,mir_operator:prefill_layer*,False,1.16,profiled,"underutilised: SM 14 %, DRAM 31 %, L2 19 %, occ 54 %",elementwise_other,5.19,0.0,60.24,0.0,23.89,49.88,0.67,planner_debate
llm_vl,planner_debate,mir_operator:prefill_layer*,False,1.16,profiled,"underutilised: SM 18 %, DRAM 12 %, L2 30 %, occ 8 %",attention,22.17,12.24,38.48,0.0,28.21,33.8,1.89,planner_debate
llm_vl,planner_debate,mir_operator:prefill_layer*,False,1.16,profiled,"underutilised: SM 20 %, DRAM 34 %, L2 32 %, occ 64 %",copy,9.74,0.0,49.22,0.0,28.61,54.55,1.0,planner_debate
llm_vl,planner_debate,mir_operator:prefill_layer*,False,1.16,profiled,DRAM-bandwidth-bound,elementwise_unary,0.92,0.0,31.17,0.0,14.48,23.15,0.29,planner_debate
llm_vl,planner_debate,mir_operator:prefill_layer*,False,1.16,profiled,"underutilised: SM 2 %, DRAM 53 %, L2 21 %, occ 33 %",reduce,8.4,0.0,39.83,0.0,17.28,43.14,0.34,planner_debate
llm_vl,planner_debate,mir_operator:prefill_layer*,False,1.16,profiled,"latency/launch-bound: 0.00 waves per SM, no unit above 30 % of peak",elementwise_binary,16.01,0.0,38.78,0.0,22.62,65.3,1.33,planner_debate
llm_vl,planner_debate,mir_operator:prefill_layer*,False,1.16,profiled,"underutilised: SM 34 %, DRAM 28 %, L2 55 %, occ 8 %",gemm,37.34,43.23,34.0,0.0,66.66,13.78,1.0,planner_debate
llm_vl,planner_debate,mir_operator:prefill_layer*,False,1.16,profiled,"underutilised: SM 17 %, DRAM 5 %, L2 5 %, occ 69 %",concat,17.81,0.0,7.21,0.0,5.28,68.75,1.33,planner_debate
llm_vl,planner_debate,mir_operator:prefill_layer*,False,1.16,profiled,"underutilised: SM 13 %, DRAM 31 %, L2 18 %, occ 55 %",elementwise_other,5.42,0.0,59.68,0.0,23.57,48.06,0.67,planner_debate
llm_vl,planner_debate,mir_operator:prefill_layer*,False,1.16,profiled,"underutilised: SM 18 %, DRAM 12 %, L2 30 %, occ 8 %",attention,22.46,12.25,37.65,0.0,28.09,33.68,1.89,planner_debate
llm_vl,planner_debate,mir_operator:prefill_layer*,False,1.16,profiled,"underutilised: SM 20 %, DRAM 35 %, L2 33 %, occ 64 %",copy,9.85,0.0,52.99,0.0,28.9,55.26,1.0,planner_debate
llm_vl,planner_debate,mir_operator:prefill_layer*,False,1.16,profiled,DRAM-bandwidth-bound,elementwise_unary,0.93,0.0,31.6,0.0,14.63,22.94,0.29,planner_debate
llm_vl,planner_debate,mir_operator:prefill_layer*,False,1.16,profiled,"underutilised: SM 2 %, DRAM 52 %, L2 20 %, occ 33 %",reduce,8.3,0.0,39.79,0.0,16.77,42.49,0.34,planner_debate
llm_vl,planner_debate,mir_operator:prefill_layer*,False,1.16,profiled,"latency/launch-bound: 0.00 waves per SM, no unit above 30 % of peak",elementwise_binary,15.63,0.0,39.59,0.0,23.84,64.92,1.33,planner_debate
llm_vl,planner_debate,mir_operator:prefill_layer*,False,1.16,profiled,"underutilised: SM 35 %, DRAM 28 %, L2 54 %, occ 8 %",gemm,37.91,43.97,34.25,0.0,67.16,13.74,1.0,planner_debate
llm_vl,planner_debate,mir_operator:prefill_layer*,False,1.16,profiled,"underutilised: SM 17 %, DRAM 5 %, L2 5 %, occ 69 %",concat,17.73,0.0,7.19,0.0,5.21,68.01,1.33,planner_debate
llm_vl,planner_debate,mir_operator:prefill_layer*,False,1.16,profiled,"underutilised: SM 14 %, DRAM 31 %, L2 18 %, occ 55 %",elementwise_other,5.47,0.0,59.33,0.0,23.56,48.85,0.67,planner_debate
llm_vl,planner_debate,mir_operator:prefill_layer*,False,1.16,profiled,"underutilised: SM 18 %, DRAM 12 %, L2 30 %, occ 8 %",attention,22.31,12.2,37.24,0.0,28.08,33.71,1.89,planner_debate
llm_vl,planner_debate,mir_operator:prefill_layer*,False,1.16,profiled,"underutilised: SM 20 %, DRAM 35 %, L2 33 %, occ 64 %",copy,9.83,0.0,53.01,0.0,28.67,54.75,1.0,planner_debate
llm_vl,planner_debate,mir_operator:prefill_layer*,False,1.16,profiled,DRAM-bandwidth-bound,elementwise_unary,0.94,0.0,31.13,0.0,14.44,22.92,0.29,planner_debate
llm_vl,planner_debate,mir_operator:prefill_layer*,False,1.16,profiled,"underutilised: SM 2 %, DRAM 51 %, L2 20 %, occ 33 %",reduce,8.13,0.0,40.11,0.0,17.11,42.75,0.34,planner_debate
llm_vl,planner_debate,mir_operator:prefill_layer*,False,1.16,profiled,"latency/launch-bound: 0.00 waves per SM, no unit above 30 % of peak",elementwise_binary,15.73,0.0,39.65,0.0,23.82,65.5,1.33,planner_debate
llm_vl,planner_debate,mir_operator:prefill_layer*,False,1.16,profiled,"underutilised: SM 34 %, DRAM 28 %, L2 54 %, occ 8 %",gemm,37.07,44.0,33.44,0.0,66.95,13.8,1.0,planner_debate
llm_vl,planner_debate,mir_operator:prefill_layer*,False,1.16,profiled,"underutilised: SM 17 %, DRAM 5 %, L2 5 %, occ 69 %",concat,17.65,0.0,6.99,0.0,5.17,68.67,1.33,planner_debate
llm_vl,planner_debate,mir_operator:prefill_layer*,False,1.16,profiled,"latency/launch-bound: 0.67 waves per SM, no unit above 30 % of peak",elementwise_other,5.43,0.0,59.06,0.0,24.49,41.16,0.67,planner_debate
llm_vl,planner_debate,mir_operator:prefill_layer*,False,1.16,profiled,"underutilised: SM 18 %, DRAM 12 %, L2 30 %, occ 8 %",attention,22.41,12.24,38.13,0.0,28.13,33.72,1.89,planner_debate
llm_vl,planner_debate,mir_operator:prefill_layer*,False,1.16,profiled,"underutilised: SM 20 %, DRAM 35 %, L2 33 %, occ 64 %",copy,9.69,0.0,53.05,0.0,29.05,54.89,1.0,planner_debate
llm_vl,planner_debate,mir_operator:prefill_layer*,False,1.16,profiled,DRAM-bandwidth-bound,elementwise_unary,0.93,0.0,31.39,0.0,14.54,22.95,0.29,planner_debate
llm_vl,planner_debate,mir_operator:prefill_layer*,False,1.16,profiled,"underutilised: SM 2 %, DRAM 53 %, L2 21 %, occ 33 %",reduce,8.59,0.0,39.2,0.0,16.85,41.98,0.34,planner_debate
llm_vl,planner_debate,mir_operator:prefill_layer*,False,1.16,profiled,"latency/launch-bound: 0.00 waves per SM, no unit above 30 % of peak",elementwise_binary,15.71,0.0,40.08,0.0,24.26,64.56,1.33,planner_debate
llm_vl,planner_debate,mir_operator:prefill_layer*,False,1.16,profiled,"underutilised: SM 35 %, DRAM 28 %, L2 55 %, occ 8 %",gemm,37.58,43.9,34.16,0.0,66.83,13.88,1.0,planner_debate
llm_vl,planner_debate,mir_operator:prefill_layer*,False,1.16,profiled,"underutilised: SM 18 %, DRAM 5 %, L2 5 %, occ 68 %",concat,17.58,0.0,7.11,0.0,5.2,68.22,1.33,planner_debate
llm_vl,planner_debate,mir_operator:prefill_layer*,False,1.16,profiled,"underutilised: SM 13 %, DRAM 30 %, L2 18 %, occ 55 %",elementwise_other,5.36,0.0,59.68,0.0,23.64,48.26,0.67,planner_debate
llm_vl,planner_debate,mir_operator:prefill_layer*,False,1.16,profiled,"underutilised: SM 18 %, DRAM 12 %, L2 30 %, occ 8 %",attention,22.43,12.26,37.91,0.0,28.27,33.88,1.89,planner_debate
llm_vl,planner_debate,mir_operator:prefill_layer*,False,1.16,profiled,"underutilised: SM 18 %, DRAM 32 %, L2 30 %, occ 67 %",copy,9.8,0.0,45.43,0.0,27.1,49.23,0.67,planner_debate
llm_vl,planner_debate,mir_operator:prefill_layer*,False,1.16,profiled,"underutilised: SM 2 %, DRAM 57 %, L2 26 %, occ 28 %",elementwise_unary,0.83,0.0,26.33,0.0,12.34,17.98,0.21,planner_debate
llm_vl,planner_debate,mir_operator:prefill_layer*,False,1.16,profiled,"underutilised: SM 1 %, DRAM 35 %, L2 14 %, occ 33 %",reduce,6.11,0.0,32.74,0.0,12.89,36.15,0.24,planner_debate
llm_vl,planner_debate,mir_operator:prefill_layer*,False,1.16,profiled,"latency/launch-bound: 0.00 waves per SM, no unit above 30 % of peak",elementwise_binary,14.06,0.0,36.65,0.0,22.31,66.81,0.83,planner_debate
llm_vl,planner_debate,mir_operator:prefill_layer*,False,1.16,profiled,L2-bandwidth-bound (working set in L2),gemm,33.0,36.88,37.93,0.0,67.81,15.22,2.5,planner_debate
llm_vl,planner_debate,mir_operator:prefill_layer*,False,1.16,profiled,"underutilised: SM 15 %, DRAM 3 %, L2 4 %, occ 52 %",concat,14.52,0.0,4.93,0.0,3.69,66.06,1.33,planner_debate
llm_vl,planner_debate,mir_operator:prefill_layer*,False,1.16,profiled,"latency/launch-bound: 0.42 waves per SM, no unit above 30 % of peak",elementwise_other,3.71,0.0,54.68,0.0,21.59,33.06,0.46,planner_debate
llm_vl,planner_debate,mir_operator:prefill_layer*,False,1.16,profiled,"underutilised: SM 11 %, DRAM 10 %, L2 26 %, occ 8 %",attention,18.49,8.97,37.6,0.0,25.86,32.97,1.42,planner_debate
llm_vl,planner_debate,mir_operator:prefill_layer*,False,1.16,profiled,"underutilised: SM 19 %, DRAM 34 %, L2 32 %, occ 67 %",copy,10.18,0.0,44.82,0.0,26.72,49.6,0.67,planner_debate
llm_vl,planner_debate,mir_operator:prefill_layer*,False,1.16,profiled,"underutilised: SM 2 %, DRAM 56 %, L2 26 %, occ 28 %",elementwise_unary,0.85,0.0,28.13,0.0,13.23,17.96,0.21,planner_debate
llm_vl,planner_debate,mir_operator:prefill_layer*,False,1.16,profiled,"underutilised: SM 1 %, DRAM 36 %, L2 14 %, occ 33 %",reduce,6.18,0.0,32.82,0.0,12.89,36.74,0.24,planner_debate
llm_vl,planner_debate,mir_operator:prefill_layer*,False,1.16,profiled,"latency/launch-bound: 0.00 waves per SM, no unit above 30 % of peak",elementwise_binary,13.44,0.0,36.96,0.0,21.88,67.25,0.83,planner_debate
llm_vl,planner_debate,mir_operator:prefill_layer*,False,1.16,profiled,L2-bandwidth-bound (working set in L2),gemm,30.7,36.96,37.08,0.0,68.49,15.25,2.5,planner_debate
llm_vl,planner_debate,mir_operator:prefill_layer*,False,1.16,profiled,"underutilised: SM 16 %, DRAM 3 %, L2 3 %, occ 68 %",concat,14.29,0.0,4.93,0.0,3.67,66.7,1.33,planner_debate
llm_vl,planner_debate,mir_operator:prefill_layer*,False,1.16,profiled,"latency/launch-bound: 0.42 waves per SM, no unit above 30 % of peak",elementwise_other,3.7,0.0,54.26,0.0,21.44,32.9,0.46,planner_debate
llm_vl,planner_debate,mir_operator:prefill_layer*,False,1.16,profiled,"underutilised: SM 11 %, DRAM 10 %, L2 26 %, occ 8 %",attention,17.59,8.91,37.61,0.0,25.68,33.18,1.42,planner_debate
llm_vl,planner_debate,mir_operator:prefill_layer*,False,1.16,profiled,"underutilised: SM 19 %, DRAM 33 %, L2 31 %, occ 66 %",copy,9.87,0.0,45.72,0.0,27.55,49.31,0.67,planner_debate
llm_vl,planner_debate,mir_operator:prefill_layer*,False,1.16,profiled,"underutilised: SM 2 %, DRAM 56 %, L2 26 %, occ 28 %",elementwise_unary,0.85,0.0,28.08,0.0,13.2,18.04,0.21,planner_debate
llm_vl,planner_debate,mir_operator:prefill_layer*,False,1.16,profiled,"underutilised: SM 1 %, DRAM 34 %, L2 13 %, occ 33 %",reduce,6.25,0.0,32.01,0.0,12.61,35.89,0.24,planner_debate
llm_vl,planner_debate,mir_operator:prefill_layer*,False,1.16,profiled,"latency/launch-bound: 0.00 waves per SM, no unit above 30 % of peak",elementwise_binary,14.1,0.0,36.53,0.0,22.49,67.85,0.83,planner_debate
llm_vl,planner_debate,mir_operator:prefill_layer*,False,1.16,profiled,L2-bandwidth-bound (working set in L2),gemm,33.09,36.82,36.69,0.0,68.47,15.18,2.5,planner_debate
llm_vl,planner_debate,mir_operator:prefill_layer*,False,1.16,profiled,"underutilised: SM 16 %, DRAM 3 %, L2 3 %, occ 68 %",concat,14.65,0.0,4.92,0.0,3.86,67.08,1.33,planner_debate
llm_vl,planner_debate,mir_operator:prefill_layer*,False,1.16,profiled,"latency/launch-bound: 0.42 waves per SM, no unit above 30 % of peak",elementwise_other,3.66,0.0,53.46,0.0,21.07,32.93,0.46,planner_debate
llm_vl,planner_debate,mir_operator:prefill_layer*,False,1.16,profiled,"underutilised: SM 11 %, DRAM 10 %, L2 25 %, occ 8 %",attention,14.14,8.82,37.36,0.0,25.56,33.09,1.42,planner_debate
llm_vl,planner_debate,mir_operator:prefill_layer*,False,1.16,profiled,"underutilised: SM 18 %, DRAM 30 %, L2 29 %, occ 68 %",copy,9.8,0.0,45.15,0.0,26.43,49.53,0.67,planner_debate
llm_vl,planner_debate,mir_operator:prefill_layer*,False,1.16,profiled,"underutilised: SM 2 %, DRAM 56 %, L2 26 %, occ 28 %",elementwise_unary,0.83,0.0,28.13,0.0,13.26,18.0,0.21,planner_debate
llm_vl,planner_debate,mir_operator:prefill_layer*,False,1.16,profiled,"underutilised: SM 1 %, DRAM 35 %, L2 14 %, occ 33 %",reduce,6.17,0.0,32.62,0.0,12.84,36.12,0.24,planner_debate
llm_vl,planner_debate,mir_operator:prefill_layer*,False,1.16,profiled,"latency/launch-bound: 0.00 waves per SM, no unit above 30 % of peak",elementwise_binary,13.87,0.0,35.65,0.0,22.25,66.65,0.83,planner_debate
llm_vl,planner_debate,mir_operator:prefill_layer*,False,1.16,profiled,L2-bandwidth-bound (working set in L2),gemm,33.11,37.07,36.29,0.0,67.19,15.24,2.5,planner_debate
llm_vl,planner_debate,mir_operator:prefill_layer*,False,1.16,profiled,"underutilised: SM 15 %, DRAM 3 %, L2 3 %, occ 68 %",concat,14.54,0.0,4.92,0.0,3.82,67.34,1.33,planner_debate
llm_vl,planner_debate,mir_operator:prefill_layer*,False,1.16,profiled,"latency/launch-bound: 0.42 waves per SM, no unit above 30 % of peak",elementwise_other,3.73,0.0,55.51,0.0,21.89,32.93,0.46,planner_debate
llm_vl,planner_debate,mir_operator:prefill_layer*,False,1.16,profiled,"underutilised: SM 11 %, DRAM 10 %, L2 25 %, occ 8 %",attention,18.56,8.8,37.66,0.0,25.42,32.97,1.42,planner_debate
llm_vl,planner_debate,mir_operator:prefill_layer*,False,1.16,profiled,"underutilised: SM 19 %, DRAM 32 %, L2 31 %, occ 67 %",copy,10.5,0.0,46.31,0.0,27.26,49.54,0.67,planner_debate
llm_vl,planner_debate,mir_operator:prefill_layer*,False,1.16,profiled,"underutilised: SM 2 %, DRAM 57 %, L2 26 %, occ 28 %",elementwise_unary,0.84,0.0,28.47,0.0,13.38,18.01,0.21,planner_debate
llm_vl,planner_debate,mir_operator:prefill_layer*,False,1.16,profiled,"underutilised: SM 1 %, DRAM 35 %, L2 14 %, occ 33 %",reduce,5.99,0.0,32.62,0.0,12.84,36.33,0.24,planner_debate
llm_vl,planner_debate,mir_operator:prefill_layer*,False,1.16,profiled,"latency/launch-bound: 0.00 waves per SM, no unit above 30 % of peak",elementwise_binary,13.51,0.0,36.61,0.0,22.56,66.86,0.83,planner_debate
llm_vl,planner_debate,mir_operator:prefill_layer*,False,1.16,profiled,L2-bandwidth-bound (working set in L2),gemm,30.88,36.8,36.57,0.0,67.79,15.24,2.5,planner_debate
llm_vl,planner_debate,mir_operator:prefill_layer*,False,1.16,profiled,"underutilised: SM 15 %, DRAM 3 %, L2 4 %, occ 67 %",concat,14.54,0.0,4.91,0.0,3.84,67.17,1.33,planner_debate
llm_vl,planner_debate,mir_operator:prefill_layer*,False,1.16,profiled,"latency/launch-bound: 0.42 waves per SM, no unit above 30 % of peak",elementwise_other,3.8,0.0,53.97,0.0,21.26,32.99,0.46,planner_debate
llm_vl,planner_debate,mir_operator:prefill_layer*,False,1.16,profiled,"underutilised: SM 11 %, DRAM 10 %, L2 26 %, occ 8 %",attention,18.27,8.89,37.81,0.0,25.78,33.09,1.42,planner_debate
llm_vl,planner_debate,mir_operator:prefill_layer*,False,1.16,profiled,"underutilised: SM 18 %, DRAM 32 %, L2 31 %, occ 68 %",copy,10.0,0.0,45.24,0.0,27.2,49.53,0.67,planner_debate
llm_vl,planner_debate,mir_operator:prefill_layer*,False,1.16,profiled,"underutilised: SM 2 %, DRAM 56 %, L2 26 %, occ 28 %",elementwise_unary,0.83,0.0,28.13,0.0,13.25,17.88,0.21,planner_debate
llm_vl,planner_debate,mir_operator:prefill_layer*,False,1.16,profiled,"underutilised: SM 1 %, DRAM 35 %, L2 14 %, occ 33 %",reduce,6.16,0.0,32.52,0.0,12.82,35.91,0.24,planner_debate
llm_vl,planner_debate,mir_operator:prefill_layer*,False,1.16,profiled,"latency/launch-bound: 0.00 waves per SM, no unit above 30 % of peak",elementwise_binary,13.52,0.0,36.33,0.0,22.74,66.91,0.83,planner_debate
llm_vl,planner_debate,mir_operator:prefill_layer*,False,1.16,profiled,L2-bandwidth-bound (working set in L2),gemm,33.25,36.76,37.0,0.0,69.41,15.21,2.5,planner_debate
llm_vl,planner_debate,mir_operator:prefill_layer*,False,1.16,profiled,"underutilised: SM 16 %, DRAM 3 %, L2 4 %, occ 68 %",concat,15.01,0.0,4.91,0.0,3.75,67.29,1.33,planner_debate
llm_vl,planner_debate,mir_operator:prefill_layer*,False,1.16,profiled,"latency/launch-bound: 0.42 waves per SM, no unit above 30 % of peak",elementwise_other,3.68,0.0,54.38,0.0,21.49,33.12,0.46,planner_debate
llm_vl,planner_debate,mir_operator:prefill_layer*,False,1.16,profiled,"underutilised: SM 11 %, DRAM 10 %, L2 26 %, occ 8 %",attention,18.37,9.0,37.78,0.0,25.57,32.97,1.42,planner_debate
llm_vl,planner_debate,mir_operator:prefill_layer*,False,1.16,profiled,"underutilised: SM 18 %, DRAM 33 %, L2 31 %, occ 67 %",copy,9.92,0.0,45.35,0.0,26.66,48.83,0.67,planner_debate
llm_vl,planner_debate,mir_operator:prefill_layer*,False,1.16,profiled,"underutilised: SM 2 %, DRAM 56 %, L2 26 %, occ 28 %",elementwise_unary,0.84,0.0,28.33,0.0,13.37,17.91,0.21,planner_debate
llm_vl,planner_debate,mir_operator:prefill_layer*,False,1.16,profiled,"underutilised: SM 1 %, DRAM 35 %, L2 14 %, occ 33 %",reduce,6.38,0.0,31.93,0.0,12.57,36.1,0.24,planner_debate
llm_vl,planner_debate,mir_operator:prefill_layer*,False,1.16,profiled,"latency/launch-bound: 0.00 waves per SM, no unit above 30 % of peak",elementwise_binary,13.95,0.0,36.0,0.0,21.74,67.56,0.83,planner_debate
llm_vl,planner_debate,mir_operator:prefill_layer*,False,1.16,profiled,L2-bandwidth-bound (working set in L2),gemm,33.15,36.91,37.29,0.0,68.29,15.26,2.5,planner_debate
llm_vl,planner_debate,mir_operator:prefill_layer*,False,1.16,profiled,"underutilised: SM 16 %, DRAM 3 %, L2 3 %, occ 68 %",concat,14.86,0.0,4.89,0.0,3.87,67.41,1.33,planner_debate
llm_vl,planner_debate,mir_operator:prefill_layer*,False,1.16,profiled,"latency/launch-bound: 0.42 waves per SM, no unit above 30 % of peak",elementwise_other,3.75,0.0,53.04,0.0,20.94,32.88,0.46,planner_debate
llm_vl,planner_debate,mir_operator:prefill_layer*,False,1.16,profiled,"underutilised: SM 11 %, DRAM 10 %, L2 26 %, occ 8 %",attention,18.46,8.81,37.39,0.0,25.42,33.36,1.42,planner_debate
llm_vl,planner_debate,mir_operator:prefill_layer*,False,1.16,profiled,"underutilised: SM 18 %, DRAM 30 %, L2 29 %, occ 68 %",copy,10.13,0.0,33.4,0.0,26.75,49.76,0.67,planner_debate
llm_vl,planner_debate,mir_operator:prefill_layer*,False,1.16,profiled,"underutilised: SM 2 %, DRAM 56 %, L2 26 %, occ 28 %",elementwise_unary,0.84,0.0,28.32,0.0,13.53,18.11,0.21,planner_debate
llm_vl,planner_debate,mir_operator:prefill_layer*,False,1.16,profiled,"underutilised: SM 1 %, DRAM 35 %, L2 14 %, occ 33 %",reduce,6.0,0.0,32.85,0.0,12.9,36.04,0.24,planner_debate
llm_vl,planner_debate,mir_operator:prefill_layer*,False,1.16,profiled,"latency/launch-bound: 0.00 waves per SM, no unit above 30 % of peak",elementwise_binary,13.98,0.0,36.48,0.0,22.51,67.15,0.83,planner_debate
llm_vl,planner_debate,mir_operator:prefill_layer*,False,1.16,profiled,L2-bandwidth-bound (working set in L2),gemm,30.82,36.76,36.98,0.0,68.35,15.23,2.5,planner_debate
llm_vl,planner_debate,mir_operator:prefill_layer*,False,1.16,profiled,"underutilised: SM 15 %, DRAM 3 %, L2 4 %, occ 68 %",concat,14.5,0.0,4.87,0.0,3.82,66.88,1.33,planner_debate
llm_vl,planner_debate,mir_operator:prefill_layer*,False,1.16,profiled,"latency/launch-bound: 0.42 waves per SM, no unit above 30 % of peak",elementwise_other,3.71,0.0,53.73,0.0,21.25,32.87,0.46,planner_debate
llm_vl,planner_debate,mir_operator:prefill_layer*,False,1.16,profiled,"underutilised: SM 11 %, DRAM 10 %, L2 26 %, occ 8 %",attention,18.57,8.91,37.8,0.0,25.65,33.01,1.42,planner_debate
llm_vl,planner_debate,mir_operator:prefill_layer*,False,1.16,profiled,"underutilised: SM 19 %, DRAM 33 %, L2 32 %, occ 68 %",copy,9.99,0.0,45.23,0.0,26.73,49.23,0.67,planner_debate
llm_vl,planner_debate,mir_operator:prefill_layer*,False,1.16,profiled,"underutilised: SM 2 %, DRAM 55 %, L2 25 %, occ 28 %",elementwise_unary,0.85,0.0,27.7,0.0,13.08,17.89,0.21,planner_debate
llm_vl,planner_debate,mir_operator:prefill_layer*,False,1.16,profiled,"underutilised: SM 1 %, DRAM 35 %, L2 14 %, occ 33 %",reduce,6.18,0.0,32.52,0.0,12.78,35.88,0.24,planner_debate
llm_vl,planner_debate,mir_operator:prefill_layer*,False,1.16,profiled,"latency/launch-bound: 0.00 waves per SM, no unit above 30 % of peak",elementwise_binary,13.65,0.0,37.16,0.0,22.62,67.01,0.83,planner_debate
llm_vl,planner_debate,mir_operator:prefill_layer*,False,1.16,profiled,L2-bandwidth-bound (working set in L2),gemm,30.87,36.75,36.89,0.0,68.1,15.27,2.5,planner_debate
llm_vl,planner_debate,mir_operator:prefill_layer*,False,1.16,profiled,"underutilised: SM 16 %, DRAM 3 %, L2 3 %, occ 67 %",concat,14.47,0.0,4.91,0.0,3.81,66.83,1.33,planner_debate
llm_vl,planner_debate,mir_operator:prefill_layer*,False,1.16,profiled,"latency/launch-bound: 0.42 waves per SM, no unit above 30 % of peak",elementwise_other,3.75,0.0,54.58,0.0,21.58,32.75,0.46,planner_debate
llm_vl,planner_debate,mir_operator:prefill_layer*,False,1.16,profiled,"underutilised: SM 11 %, DRAM 10 %, L2 25 %, occ 8 %",attention,18.34,8.88,36.97,0.0,25.38,33.02,1.42,planner_debate
llm_vl,planner_debate,mir_operator:prefill_layer*,False,1.16,profiled,"underutilised: SM 18 %, DRAM 33 %, L2 32 %, occ 65 %",copy,9.7,0.0,46.94,0.0,26.3,48.61,0.67,planner_debate
llm_vl,planner_debate,mir_operator:prefill_layer*,False,1.16,profiled,"underutilised: SM 2 %, DRAM 57 %, L2 26 %, occ 28 %",elementwise_unary,0.85,0.0,27.7,0.0,13.25,17.97,0.21,planner_debate
llm_vl,planner_debate,mir_operator:prefill_layer*,False,1.16,profiled,"underutilised: SM 1 %, DRAM 35 %, L2 14 %, occ 33 %",reduce,6.14,0.0,32.55,0.0,12.86,36.67,0.24,planner_debate
llm_vl,planner_debate,mir_operator:prefill_layer*,False,1.16,profiled,"latency/launch-bound: 0.00 waves per SM, no unit above 30 % of peak",elementwise_binary,14.0,0.0,36.24,0.0,22.4,67.95,0.83,planner_debate
llm_vl,planner_debate,mir_operator:prefill_layer*,False,1.16,profiled,L2-bandwidth-bound (working set in L2),gemm,31.11,37.02,37.51,0.0,67.51,15.24,2.5,planner_debate
llm_vl,planner_debate,mir_operator:prefill_layer*,False,1.16,profiled,"underutilised: SM 16 %, DRAM 3 %, L2 3 %, occ 67 %",concat,15.06,0.0,4.93,0.0,3.72,67.48,1.33,planner_debate
llm_vl,planner_debate,mir_operator:prefill_layer*,False,1.16,profiled,"latency/launch-bound: 0.42 waves per SM, no unit above 30 % of peak",elementwise_other,3.58,0.0,54.25,0.0,21.47,33.0,0.46,planner_debate
llm_vl,planner_debate,mir_operator:prefill_layer*,False,1.16,profiled,"underutilised: SM 11 %, DRAM 10 %, L2 26 %, occ 8 %",attention,18.36,8.76,37.66,0.0,25.38,33.08,1.42,planner_debate
llm_vl,planner_debate,mir_operator:prefill_layer*,False,1.16,profiled,"underutilised: SM 18 %, DRAM 33 %, L2 31 %, occ 67 %",copy,9.9,0.0,45.88,0.0,27.69,49.03,0.67,planner_debate
llm_vl,planner_debate,mir_operator:prefill_layer*,False,1.16,profiled,"underutilised: SM 2 %, DRAM 55 %, L2 25 %, occ 28 %",elementwise_unary,0.83,0.0,27.75,0.0,13.04,17.92,0.21,planner_debate
llm_vl,planner_debate,mir_operator:prefill_layer*,False,1.16,profiled,"underutilised: SM 1 %, DRAM 36 %, L2 14 %, occ 33 %",reduce,5.87,0.0,32.57,0.0,12.86,36.14,0.24,planner_debate
llm_vl,planner_debate,mir_operator:prefill_layer*,False,1.16,profiled,"latency/launch-bound: 0.00 waves per SM, no unit above 30 % of peak",elementwise_binary,13.88,0.0,36.59,0.0,22.54,66.97,0.83,planner_debate
llm_vl,planner_debate,mir_operator:prefill_layer*,False,1.16,profiled,"underutilised: SM 30 %, DRAM 18 %, L2 34 %, occ 15 %",gemm,30.92,36.9,37.67,0.0,66.73,15.21,2.5,planner_debate
llm_vl,planner_debate,mir_operator:prefill_layer*,False,1.16,profiled,"underutilised: SM 16 %, DRAM 3 %, L2 3 %, occ 67 %",concat,14.38,0.0,4.92,0.0,3.91,67.19,1.33,planner_debate
llm_vl,planner_debate,mir_operator:prefill_layer*,False,1.16,profiled,"latency/launch-bound: 0.42 waves per SM, no unit above 30 % of peak",elementwise_other,3.79,0.0,54.54,0.0,21.54,33.03,0.46,planner_debate
llm_vl,planner_debate,mir_operator:prefill_layer*,False,1.16,profiled,"underutilised: SM 11 %, DRAM 10 %, L2 26 %, occ 8 %",attention,18.16,8.93,38.44,0.0,25.76,32.91,1.42,planner_debate
llm_vl,planner_debate,mir_operator:prefill_layer*,False,1.16,profiled,"underutilised: SM 18 %, DRAM 33 %, L2 31 %, occ 68 %",copy,9.71,0.0,46.1,0.0,27.09,49.9,0.67,planner_debate
llm_vl,planner_debate,mir_operator:prefill_layer*,False,1.16,profiled,"underutilised: SM 2 %, DRAM 55 %, L2 25 %, occ 27 %",elementwise_unary,0.83,0.0,27.89,0.0,13.14,17.87,0.21,planner_debate
llm_vl,planner_debate,mir_operator:prefill_layer*,False,1.16,profiled,"underutilised: SM 1 %, DRAM 36 %, L2 14 %, occ 33 %",reduce,6.15,0.0,32.71,0.0,12.86,35.67,0.24,planner_debate
llm_vl,planner_debate,mir_operator:prefill_layer*,False,1.16,profiled,"latency/launch-bound: 0.00 waves per SM, no unit above 30 % of peak",elementwise_binary,13.91,0.0,36.96,0.0,22.77,67.36,0.83,planner_debate
llm_vl,planner_debate,mir_operator:prefill_layer*,False,1.16,profiled,L2-bandwidth-bound (working set in L2),gemm,30.97,36.93,37.21,0.0,67.49,15.28,2.5,planner_debate
llm_vl,planner_debate,mir_operator:prefill_layer*,False,1.16,profiled,"underutilised: SM 16 %, DRAM 3 %, L2 3 %, occ 67 %",concat,14.73,0.0,5.3,0.0,3.72,67.55,1.33,planner_debate
llm_vl,planner_debate,mir_operator:prefill_layer*,False,1.16,profiled,"latency/launch-bound: 0.42 waves per SM, no unit above 30 % of peak",elementwise_other,3.78,0.0,54.27,0.0,21.41,32.95,0.46,planner_debate
llm_vl,planner_debate,mir_operator:prefill_layer*,False,1.16,profiled,"underutilised: SM 11 %, DRAM 10 %, L2 25 %, occ 8 %",attention,18.56,8.94,38.05,0.0,25.44,33.39,1.42,planner_debate
llm_vl,planner_debate,mir_operator:prefill_layer*,False,1.16,profiled,"underutilised: SM 19 %, DRAM 30 %, L2 29 %, occ 68 %",copy,9.65,0.0,45.48,0.0,26.3,48.78,0.67,planner_debate
llm_vl,planner_debate,mir_operator:prefill_layer*,False,1.16,profiled,"underutilised: SM 2 %, DRAM 58 %, L2 26 %, occ 28 %",elementwise_unary,0.83,0.0,28.13,0.0,13.25,17.89,0.21,planner_debate
llm_vl,planner_debate,mir_operator:prefill_layer*,False,1.16,profiled,"underutilised: SM 1 %, DRAM 34 %, L2 13 %, occ 33 %",reduce,6.35,0.0,32.43,0.0,12.75,36.65,0.24,planner_debate
llm_vl,planner_debate,mir_operator:prefill_layer*,False,1.16,profiled,"latency/launch-bound: 0.00 waves per SM, no unit above 30 % of peak",elementwise_binary,13.99,0.0,36.49,0.0,21.61,67.61,0.83,planner_debate
llm_vl,planner_debate,mir_operator:prefill_layer*,False,1.16,profiled,L2-bandwidth-bound (working set in L2),gemm,30.81,37.04,37.0,0.0,68.09,15.25,2.5,planner_debate
llm_vl,planner_debate,mir_operator:prefill_layer*,False,1.16,profiled,"underutilised: SM 15 %, DRAM 3 %, L2 3 %, occ 68 %",concat,14.59,0.0,4.95,0.0,3.81,66.73,1.33,planner_debate
llm_vl,planner_debate,mir_operator:prefill_layer*,False,1.16,profiled,"latency/launch-bound: 0.42 waves per SM, no unit above 30 % of peak",elementwise_other,3.74,0.0,55.6,0.0,21.95,32.7,0.46,planner_debate
llm_vl,planner_debate,mir_operator:prefill_layer*,False,1.16,profiled,"underutilised: SM 11 %, DRAM 10 %, L2 26 %, occ 8 %",attention,18.5,8.81,38.26,0.0,25.69,33.02,1.42,planner_debate
llm_vl,planner_debate,mir_operator:prefill_layer*,False,1.16,profiled,"underutilised: SM 19 %, DRAM 32 %, L2 31 %, occ 66 %",copy,9.72,0.0,45.16,0.0,27.21,49.01,0.67,planner_debate
llm_vl,planner_debate,mir_operator:prefill_layer*,False,1.16,profiled,"underutilised: SM 2 %, DRAM 55 %, L2 25 %, occ 28 %",elementwise_unary,0.83,0.0,27.75,0.0,13.06,17.93,0.21,planner_debate
llm_vl,planner_debate,mir_operator:prefill_layer*,False,1.16,profiled,"underutilised: SM 1 %, DRAM 34 %, L2 13 %, occ 33 %",reduce,6.22,0.0,30.6,0.0,12.06,36.24,0.24,planner_debate
llm_vl,planner_debate,mir_operator:prefill_layer*,False,1.16,profiled,"latency/launch-bound: 0.00 waves per SM, no unit above 30 % of peak",elementwise_binary,13.39,0.0,36.01,0.0,22.06,67.77,0.83,planner_debate
llm_vl,planner_debate,mir_operator:prefill_layer*,False,1.16,profiled,L2-bandwidth-bound (working set in L2),gemm,33.44,35.13,36.44,0.0,69.24,15.23,2.5,planner_debate
llm_vl,planner_debate,mir_operator:prefill_layer*,False,1.16,profiled,"underutilised: SM 17 %, DRAM 6 %, L2 3 %, occ 69 %",concat,15.01,0.0,5.38,0.0,3.7,67.04,1.33,planner_debate
llm_vl,planner_debate,mir_operator:prefill_layer*,False,1.16,profiled,"latency/launch-bound: 0.42 waves per SM, no unit above 30 % of peak",elementwise_other,3.74,0.0,54.19,0.0,21.38,32.94,0.46,planner_debate
llm_vl,planner_debate,mir_operator:prefill_layer*,False,1.16,profiled,"underutilised: SM 11 %, DRAM 10 %, L2 26 %, occ 8 %",attention,18.41,8.87,37.71,0.0,25.59,33.57,1.42,planner_debate
llm_vl,planner_debate,mir_operator:prefill_layer*,False,1.16,profiled,"underutilised: SM 18 %, DRAM 34 %, L2 32 %, occ 67 %",copy,9.9,0.0,45.48,0.0,28.36,49.31,0.67,planner_debate
llm_vl,planner_debate,mir_operator:prefill_layer*,False,1.16,profiled,"underutilised: SM 2 %, DRAM 58 %, L2 27 %, occ 28 %",elementwise_unary,0.83,0.0,28.37,0.0,13.37,17.9,0.21,planner_debate
llm_vl,planner_debate,mir_operator:prefill_layer*,False,1.16,profiled,"underutilised: SM 1 %, DRAM 35 %, L2 14 %, occ 33 %",reduce,6.33,0.0,32.41,0.0,12.75,36.13,0.24,planner_debate
llm_vl,planner_debate,mir_operator:prefill_layer*,False,1.16,profiled,"latency/launch-bound: 0.00 waves per SM, no unit above 30 % of peak",elementwise_binary,13.32,0.0,36.19,0.0,21.83,67.06,0.83,planner_debate
llm_vl,planner_debate,mir_operator:prefill_layer*,False,1.16,profiled,L2-bandwidth-bound (working set in L2),gemm,33.13,36.86,36.57,0.0,67.76,15.19,2.5,planner_debate
llm_vl,planner_debate,mir_operator:prefill_layer*,False,1.16,profiled,"underutilised: SM 16 %, DRAM 3 %, L2 3 %, occ 67 %",concat,14.51,0.0,5.26,0.0,3.68,66.73,1.33,planner_debate
llm_vl,planner_debate,mir_operator:prefill_layer*,False,1.16,profiled,"latency/launch-bound: 0.42 waves per SM, no unit above 30 % of peak",elementwise_other,3.83,0.0,53.58,0.0,21.19,33.06,0.46,planner_debate
llm_vl,planner_debate,mir_operator:prefill_layer*,False,1.16,profiled,"underutilised: SM 11 %, DRAM 10 %, L2 26 %, occ 8 %",attention,18.49,8.85,38.32,0.0,25.86,33.34,1.42,planner_debate
llm_vl,planner_debate,mir_operator:prefill_layer*,False,1.16,profiled,"underutilised: SM 19 %, DRAM 31 %, L2 30 %, occ 68 %",copy,9.97,0.0,44.87,0.0,26.63,49.63,0.67,planner_debate
llm_vl,planner_debate,mir_operator:prefill_layer*,False,1.16,profiled,"underutilised: SM 2 %, DRAM 57 %, L2 25 %, occ 28 %",elementwise_unary,0.84,0.0,28.28,0.0,12.89,18.02,0.21,planner_debate
llm_vl,planner_debate,mir_operator:prefill_layer*,False,1.16,profiled,"underutilised: SM 1 %, DRAM 35 %, L2 14 %, occ 33 %",reduce,6.21,0.0,32.0,0.0,12.59,36.46,0.24,planner_debate
llm_vl,planner_debate,mir_operator:prefill_layer*,False,1.16,profiled,"latency/launch-bound: 0.00 waves per SM, no unit above 30 % of peak",elementwise_binary,13.41,0.0,36.21,0.0,22.41,67.51,0.83,planner_debate
llm_vl,planner_debate,mir_operator:prefill_layer*,False,1.16,profiled,L2-bandwidth-bound (working set in L2),gemm,30.9,36.8,37.12,0.0,69.55,15.23,2.5,planner_debate
llm_vl,planner_debate,mir_operator:prefill_layer*,False,1.16,profiled,"underutilised: SM 15 %, DRAM 3 %, L2 4 %, occ 68 %",concat,14.54,0.0,4.92,0.0,3.74,67.23,1.33,planner_debate
llm_vl,planner_debate,mir_operator:prefill_layer*,False,1.16,profiled,"latency/launch-bound: 0.42 waves per SM, no unit above 30 % of peak",elementwise_other,3.7,0.0,53.91,0.0,21.37,33.05,0.46,planner_debate
llm_vl,planner_debate,mir_operator:prefill_layer*,False,1.16,profiled,"underutilised: SM 11 %, DRAM 10 %, L2 26 %, occ 8 %",attention,18.43,8.89,38.31,0.0,25.2,32.83,1.42,planner_debate
llm_vl,planner_debate,mir_operator:prefill_layer*,False,1.16,profiled,"underutilised: SM 19 %, DRAM 33 %, L2 32 %, occ 67 %",copy,10.22,0.0,44.5,0.0,27.76,48.86,0.67,planner_debate
llm_vl,planner_debate,mir_operator:prefill_layer*,False,1.16,profiled,"underutilised: SM 2 %, DRAM 56 %, L2 26 %, occ 27 %",elementwise_unary,0.84,0.0,28.18,0.0,13.29,17.9,0.21,planner_debate
llm_vl,planner_debate,mir_operator:prefill_layer*,False,1.16,profiled,"underutilised: SM 1 %, DRAM 35 %, L2 14 %, occ 33 %",reduce,6.11,0.0,34.09,0.0,12.88,36.52,0.24,planner_debate
llm_vl,planner_debate,mir_operator:prefill_layer*,False,1.16,profiled,"latency/launch-bound: 0.00 waves per SM, no unit above 30 % of peak",elementwise_binary,14.15,0.0,36.26,0.0,21.92,66.57,0.83,planner_debate
llm_vl,planner_debate,mir_operator:prefill_layer*,False,1.16,profiled,L2-bandwidth-bound (working set in L2),gemm,33.06,36.96,36.41,0.0,68.48,15.23,2.5,planner_debate
llm_vl,planner_debate,mir_operator:prefill_layer*,False,1.16,profiled,"underutilised: SM 16 %, DRAM 3 %, L2 4 %, occ 68 %",concat,14.45,0.0,4.92,0.0,3.77,66.82,1.33,planner_debate
llm_vl,planner_debate,mir_operator:prefill_layer*,False,1.16,profiled,"latency/launch-bound: 0.42 waves per SM, no unit above 30 % of peak",elementwise_other,3.76,0.0,53.1,0.0,20.97,33.15,0.46,planner_debate
llm_vl,planner_debate,mir_operator:prefill_layer*,False,1.16,profiled,"underutilised: SM 11 %, DRAM 10 %, L2 26 %, occ 8 %",attention,18.54,8.77,37.52,0.0,25.57,33.06,1.42,planner_debate
llm_vl,planner_debate,mir_operator:prefill_layer*,False,1.16,profiled,"latency/launch-bound: 0.83 waves per SM, no unit above 30 % of peak",copy,9.34,0.0,45.59,0.0,26.32,48.93,0.67,planner_debate
llm_vl,planner_debate,mir_operator:prefill_layer*,False,1.16,profiled,"underutilised: SM 2 %, DRAM 57 %, L2 26 %, occ 28 %",elementwise_unary,0.84,0.0,28.48,0.0,13.66,17.86,0.21,planner_debate
llm_vl,planner_debate,mir_operator:prefill_layer*,False,1.16,profiled,"underutilised: SM 1 %, DRAM 38 %, L2 14 %, occ 33 %",reduce,6.36,0.0,32.21,0.0,12.71,36.42,0.24,planner_debate
llm_vl,planner_debate,mir_operator:prefill_layer*,False,1.16,profiled,"latency/launch-bound: 0.00 waves per SM, no unit above 30 % of peak",elementwise_binary,13.79,0.0,36.11,0.0,22.45,67.35,0.83,planner_debate
llm_vl,planner_debate,mir_operator:prefill_layer*,False,1.16,profiled,L2-bandwidth-bound (working set in L2),gemm,33.26,36.96,37.98,0.0,68.93,15.25,2.5,planner_debate
llm_vl,planner_debate,mir_operator:prefill_layer*,False,1.16,profiled,"underutilised: SM 16 %, DRAM 3 %, L2 3 %, occ 68 %",concat,14.51,0.0,4.92,0.0,3.75,67.01,1.33,planner_debate
llm_vl,planner_debate,mir_operator:prefill_layer*,False,1.16,profiled,"latency/launch-bound: 0.42 waves per SM, no unit above 30 % of peak",elementwise_other,3.74,0.0,55.08,0.0,21.76,32.76,0.46,planner_debate
llm_vl,planner_debate,mir_operator:prefill_layer*,False,1.16,profiled,"underutilised: SM 11 %, DRAM 10 %, L2 26 %, occ 8 %",attention,14.97,8.96,37.66,0.0,25.75,33.19,1.42,planner_debate
llm_vl,planner_debate,mir_operator:prefill_layer*,False,1.16,profiled,"underutilised: SM 18 %, DRAM 33 %, L2 32 %, occ 68 %",copy,9.8,0.0,45.21,0.0,27.12,49.41,0.67,planner_debate
llm_vl,planner_debate,mir_operator:prefill_layer*,False,1.16,profiled,"underutilised: SM 2 %, DRAM 58 %, L2 27 %, occ 28 %",elementwise_unary,0.84,0.0,28.08,0.0,13.24,18.08,0.21,planner_debate
llm_vl,planner_debate,mir_operator:prefill_layer*,False,1.16,profiled,"underutilised: SM 1 %, DRAM 35 %, L2 14 %, occ 33 %",reduce,6.3,0.0,32.74,0.0,12.91,36.52,0.24,planner_debate
llm_vl,planner_debate,mir_operator:prefill_layer*,False,1.16,profiled,"latency/launch-bound: 0.00 waves per SM, no unit above 30 % of peak",elementwise_binary,13.99,0.0,36.42,0.0,22.29,67.03,0.83,planner_debate
llm_vl,planner_debate,mir_operator:prefill_layer*,False,1.16,profiled,L2-bandwidth-bound (working set in L2),gemm,33.26,36.85,37.72,0.0,68.41,15.19,2.5,planner_debate
llm_vl,planner_debate,mir_operator:prefill_layer*,False,1.16,profiled,"underutilised: SM 16 %, DRAM 3 %, L2 4 %, occ 68 %",concat,14.79,0.0,4.9,0.0,3.66,66.58,1.33,planner_debate
llm_vl,planner_debate,mir_operator:prefill_layer*,False,1.16,profiled,"latency/launch-bound: 0.42 waves per SM, no unit above 30 % of peak",elementwise_other,3.71,0.0,54.54,0.0,21.53,33.24,0.46,planner_debate
llm_vl,planner_debate,mir_operator:prefill_layer*,False,1.16,profiled,"underutilised: SM 11 %, DRAM 10 %, L2 26 %, occ 8 %",attention,18.57,8.91,37.23,0.0,25.75,33.04,1.42,planner_debate
llm_vl,planner_debate,mir_operator:prefill_layer*,False,1.16,profiled,"underutilised: SM 18 %, DRAM 31 %, L2 30 %, occ 66 %",copy,9.81,0.0,45.28,0.0,27.12,49.22,0.67,planner_debate
llm_vl,planner_debate,mir_operator:prefill_layer*,False,1.16,profiled,"underutilised: SM 2 %, DRAM 56 %, L2 26 %, occ 28 %",elementwise_unary,0.85,0.0,28.13,0.0,13.25,18.03,0.21,planner_debate
llm_vl,planner_debate,mir_operator:prefill_layer*,False,1.16,profiled,"underutilised: SM 1 %, DRAM 35 %, L2 14 %, occ 33 %",reduce,6.06,0.0,32.61,0.0,12.7,36.13,0.24,planner_debate
llm_vl,planner_debate,mir_operator:prefill_layer*,False,1.16,profiled,"latency/launch-bound: 0.00 waves per SM, no unit above 30 % of peak",elementwise_binary,13.61,0.0,36.8,0.0,22.8,66.9,0.83,planner_debate
llm_vl,planner_debate,mir_operator:prefill_layer*,False,1.16,profiled,L2-bandwidth-bound (working set in L2),gemm,30.78,36.85,37.36,0.0,69.01,15.22,2.5,planner_debate
llm_vl,planner_debate,mir_operator:prefill_layer*,False,1.16,profiled,"underutilised: SM 16 %, DRAM 3 %, L2 4 %, occ 67 %",concat,13.92,0.0,4.86,0.0,3.7,66.85,1.33,planner_debate
llm_vl,planner_debate,mir_operator:prefill_layer*,False,1.16,profiled,"latency/launch-bound: 0.42 waves per SM, no unit above 30 % of peak",elementwise_other,3.56,0.0,54.64,0.0,21.5,32.97,0.46,planner_debate
llm_vl,planner_debate,mir_operator:prefill_layer*,False,1.16,profiled,"underutilised: SM 11 %, DRAM 10 %, L2 26 %, occ 8 %",attention,18.33,8.95,37.79,0.0,25.77,32.93,1.42,planner_debate
llm_vl,planner_debate,mir_operator:prefill_layer*,False,1.16,profiled,"underutilised: SM 19 %, DRAM 34 %, L2 32 %, occ 68 %",copy,9.62,0.0,46.16,0.0,27.96,49.39,0.67,planner_debate
llm_vl,planner_debate,mir_operator:prefill_layer*,False,1.16,profiled,"underutilised: SM 2 %, DRAM 56 %, L2 26 %, occ 28 %",elementwise_unary,0.84,0.0,28.28,0.0,13.28,18.1,0.21,planner_debate
llm_vl,planner_debate,mir_operator:prefill_layer*,False,1.16,profiled,"underutilised: SM 1 %, DRAM 35 %, L2 14 %, occ 33 %",reduce,6.17,0.0,32.22,0.0,12.69,36.53,0.24,planner_debate
llm_vl,planner_debate,mir_operator:prefill_layer*,False,1.16,profiled,"latency/launch-bound: 0.00 waves per SM, no unit above 30 % of peak",elementwise_binary,13.89,0.0,36.29,0.0,22.41,67.23,0.83,planner_debate
llm_vl,planner_debate,mir_operator:prefill_layer*,False,1.16,profiled,L2-bandwidth-bound (working set in L2),gemm,30.95,36.93,36.41,0.0,68.19,15.19,2.5,planner_debate
llm_vl,planner_debate,mir_operator:prefill_layer*,False,1.16,profiled,"underutilised: SM 15 %, DRAM 3 %, L2 3 %, occ 67 %",concat,14.57,0.0,4.95,0.0,3.77,67.07,1.33,planner_debate
llm_vl,planner_debate,mir_operator:prefill_layer*,False,1.16,profiled,"latency/launch-bound: 0.42 waves per SM, no unit above 30 % of peak",elementwise_other,3.67,0.0,54.96,0.0,21.69,30.84,0.46,planner_debate
llm_vl,planner_debate,mir_operator:prefill_layer*,False,1.16,profiled,"underutilised: SM 11 %, DRAM 10 %, L2 25 %, occ 8 %",attention,18.31,8.9,37.89,0.0,25.58,33.36,1.42,planner_debate
llm_vl,planner_debate,mir_operator:prefill_layer*,False,1.16,profiled,"underutilised: SM 18 %, DRAM 33 %, L2 31 %, occ 67 %",copy,9.77,0.0,44.47,0.0,27.21,49.74,0.67,planner_debate
llm_vl,planner_debate,mir_operator:prefill_layer*,False,1.16,profiled,"underutilised: SM 2 %, DRAM 58 %, L2 27 %, occ 28 %",elementwise_unary,0.85,0.0,28.62,0.0,13.51,17.93,0.21,planner_debate
llm_vl,planner_debate,mir_operator:prefill_layer*,False,1.16,profiled,"underutilised: SM 1 %, DRAM 36 %, L2 14 %, occ 33 %",reduce,6.32,0.0,32.88,0.0,12.96,35.97,0.24,planner_debate
llm_vl,planner_debate,mir_operator:prefill_layer*,False,1.16,profiled,"latency/launch-bound: 0.00 waves per SM, no unit above 30 % of peak",elementwise_binary,13.5,0.0,36.8,0.0,22.75,67.52,0.83,planner_debate
llm_vl,planner_debate,mir_operator:prefill_layer*,False,1.16,profiled,L2-bandwidth-bound (working set in L2),gemm,31.03,36.9,37.06,0.0,68.39,15.21,2.5,planner_debate
llm_vl,planner_debate,mir_operator:prefill_layer*,False,1.16,profiled,"underutilised: SM 16 %, DRAM 3 %, L2 3 %, occ 67 %",concat,14.91,0.0,4.95,0.0,3.77,67.23,1.33,planner_debate
llm_vl,planner_debate,mir_operator:prefill_layer*,False,1.16,profiled,"latency/launch-bound: 0.42 waves per SM, no unit above 30 % of peak",elementwise_other,3.73,0.0,54.19,0.0,21.99,32.92,0.46,planner_debate
llm_vl,planner_debate,mir_operator:prefill_layer*,False,1.16,profiled,"underutilised: SM 11 %, DRAM 10 %, L2 26 %, occ 8 %",attention,18.38,9.05,37.74,0.0,25.76,33.15,1.42,planner_debate
llm_vl,planner_debate,mir_operator:prefill_layer*,False,1.16,profiled,"underutilised: SM 18 %, DRAM 33 %, L2 32 %, occ 65 %",copy,9.58,0.0,44.64,0.0,27.65,48.7,0.67,planner_debate
llm_vl,planner_debate,mir_operator:prefill_layer*,False,1.16,profiled,"underutilised: SM 2 %, DRAM 56 %, L2 26 %, occ 27 %",elementwise_unary,0.84,0.0,28.13,0.0,16.99,17.83,0.21,planner_debate
llm_vl,planner_debate,mir_operator:prefill_layer*,False,1.16,profiled,"underutilised: SM 1 %, DRAM 34 %, L2 13 %, occ 33 %",reduce,6.21,0.0,30.71,0.0,12.06,36.3,0.24,planner_debate
llm_vl,planner_debate,mir_operator:prefill_layer*,False,1.16,profiled,"latency/launch-bound: 0.00 waves per SM, no unit above 30 % of peak",elementwise_binary,14.16,0.0,36.13,0.0,22.01,67.36,0.83,planner_debate
llm_vl,planner_debate,mir_operator:prefill_layer*,False,1.16,profiled,L2-bandwidth-bound (working set in L2),gemm,32.9,36.78,36.99,0.0,69.16,15.28,2.5,planner_debate
llm_vl,planner_debate,mir_operator:prefill_layer*,False,1.16,profiled,"underutilised: SM 16 %, DRAM 3 %, L2 3 %, occ 68 %",concat,14.92,0.0,4.88,0.0,3.76,66.98,1.33,planner_debate
llm_vl,planner_debate,mir_operator:prefill_layer*,False,1.16,profiled,"latency/launch-bound: 0.42 waves per SM, no unit above 30 % of peak",elementwise_other,3.69,0.0,55.05,0.0,21.79,33.0,0.46,planner_debate
llm_vl,planner_debate,mir_operator:prefill_layer*,False,1.16,profiled,"underutilised: SM 11 %, DRAM 10 %, L2 26 %, occ 8 %",attention,18.15,8.93,38.0,0.0,25.74,33.29,1.42,planner_debate
llm_vl,planner_debate,mir_operator:prefill_layer*,False,1.16,profiled,"underutilised: SM 17 %, DRAM 31 %, L2 29 %, occ 68 %",copy,9.63,0.0,33.87,0.0,26.3,49.08,0.67,planner_debate
llm_vl,planner_debate,mir_operator:prefill_layer*,False,1.16,profiled,"underutilised: SM 2 %, DRAM 59 %, L2 27 %, occ 28 %",elementwise_unary,0.83,0.0,28.04,0.0,13.25,17.94,0.21,planner_debate
llm_vl,planner_debate,mir_operator:prefill_layer*,False,1.16,profiled,"underutilised: SM 1 %, DRAM 35 %, L2 14 %, occ 33 %",reduce,6.16,0.0,32.61,0.0,12.85,36.16,0.24,planner_debate
llm_vl,planner_debate,mir_operator:prefill_layer*,False,1.16,profiled,"latency/launch-bound: 0.00 waves per SM, no unit above 30 % of peak",elementwise_binary,13.95,0.0,36.17,0.0,22.16,67.26,0.83,planner_debate
llm_vl,planner_debate,mir_operator:prefill_layer*,False,1.16,profiled,L2-bandwidth-bound (working set in L2),gemm,33.11,37.11,36.8,0.0,69.29,15.27,2.5,planner_debate
llm_vl,planner_debate,mir_operator:prefill_layer*,False,1.16,profiled,"underutilised: SM 16 %, DRAM 3 %, L2 3 %, occ 68 %",concat,14.67,0.0,4.93,0.0,3.74,66.96,1.33,planner_debate
llm_vl,planner_debate,mir_operator:prefill_layer*,False,1.16,profiled,"latency/launch-bound: 0.42 waves per SM, no unit above 30 % of peak",elementwise_other,3.6,0.0,55.04,0.0,21.67,32.94,0.46,planner_debate
llm_vl,planner_debate,mir_operator:prefill_layer*,False,1.16,profiled,"underutilised: SM 11 %, DRAM 10 %, L2 26 %, occ 8 %",attention,18.38,8.94,38.19,0.0,25.61,33.17,1.42,planner_debate
llm_vl,planner_debate,mir_operator:prefill_layer*,False,1.16,profiled,"underutilised: SM 18 %, DRAM 34 %, L2 32 %, occ 68 %",copy,9.88,0.0,45.04,0.0,27.39,49.94,0.67,planner_debate
llm_vl,planner_debate,mir_operator:prefill_layer*,False,1.16,profiled,"underutilised: SM 2 %, DRAM 56 %, L2 26 %, occ 28 %",elementwise_unary,0.85,0.0,28.13,0.0,13.48,17.88,0.21,planner_debate
llm_vl,planner_debate,mir_operator:prefill_layer*,False,1.16,profiled,"underutilised: SM 1 %, DRAM 35 %, L2 14 %, occ 33 %",reduce,6.12,0.0,32.62,0.0,12.83,36.1,0.24,planner_debate
llm_vl,planner_debate,mir_operator:prefill_layer*,False,1.16,profiled,"latency/launch-bound: 0.00 waves per SM, no unit above 30 % of peak",elementwise_binary,13.72,0.0,37.03,0.0,22.08,67.14,0.83,planner_debate
llm_vl,planner_debate,mir_operator:prefill_layer*,False,1.16,profiled,L2-bandwidth-bound (working set in L2),gemm,33.49,37.04,36.51,0.0,69.5,15.2,2.5,planner_debate
llm_vl,planner_debate,mir_operator:prefill_layer*,False,1.16,profiled,"underutilised: SM 16 %, DRAM 3 %, L2 3 %, occ 67 %",concat,14.99,0.0,4.95,0.0,3.76,66.93,1.33,planner_debate
llm_vl,planner_debate,mir_operator:prefill_layer*,False,1.16,profiled,"latency/launch-bound: 0.42 waves per SM, no unit above 30 % of peak",elementwise_other,3.64,0.0,53.73,0.0,21.24,32.92,0.46,planner_debate
llm_vl,planner_debate,mir_operator:prefill_layer*,False,1.16,profiled,"underutilised: SM 11 %, DRAM 10 %, L2 26 %, occ 8 %",attention,18.47,8.92,37.79,0.0,25.74,33.33,1.42,planner_debate
llm_vl,planner_debate,mir_operator:prefill_layer*,False,1.16,profiled,"underutilised: SM 18 %, DRAM 31 %, L2 30 %, occ 66 %",copy,9.95,0.0,45.08,0.0,26.83,49.33,0.67,planner_debate
llm_vl,planner_debate,mir_operator:prefill_layer*,False,1.16,profiled,"underutilised: SM 2 %, DRAM 56 %, L2 26 %, occ 28 %",elementwise_unary,0.85,0.0,28.33,0.0,14.72,18.03,0.21,planner_debate
llm_vl,planner_debate,mir_operator:prefill_layer*,False,1.16,profiled,"underutilised: SM 1 %, DRAM 34 %, L2 13 %, occ 33 %",reduce,6.25,0.0,32.03,0.0,12.58,36.12,0.24,planner_debate
llm_vl,planner_debate,mir_operator:prefill_layer*,False,1.16,profiled,"latency/launch-bound: 0.00 waves per SM, no unit above 30 % of peak",elementwise_binary,13.95,0.0,36.79,0.0,22.45,66.65,0.83,planner_debate
llm_vl,planner_debate,mir_operator:prefill_layer*,False,1.16,profiled,L2-bandwidth-bound (working set in L2),gemm,33.13,36.94,36.85,0.0,69.32,15.24,2.5,planner_debate
llm_vl,planner_debate,mir_operator:prefill_layer*,False,1.16,profiled,"underutilised: SM 16 %, DRAM 3 %, L2 4 %, occ 67 %",concat,14.81,0.0,4.91,0.0,3.66,66.5,1.33,planner_debate
llm_vl,planner_debate,mir_operator:prefill_layer*,False,1.16,profiled,"latency/launch-bound: 0.42 waves per SM, no unit above 30 % of peak",elementwise_other,3.65,0.0,53.35,0.0,21.06,32.75,0.46,planner_debate
llm_vl,planner_debate,mir_operator:prefill_layer*,False,1.16,profiled,"underutilised: SM 11 %, DRAM 10 %, L2 26 %, occ 8 %",attention,18.38,8.88,37.76,0.0,25.53,33.5,1.42,planner_debate
llm_vl,planner_debate,mir_operator:prefill_layer*,False,1.16,profiled,"underutilised: SM 18 %, DRAM 33 %, L2 32 %, occ 68 %",copy,9.95,0.0,45.8,0.0,28.01,49.59,0.67,planner_debate
llm_vl,planner_debate,mir_operator:prefill_layer*,False,1.16,profiled,"underutilised: SM 2 %, DRAM 56 %, L2 26 %, occ 27 %",elementwise_unary,0.83,0.0,28.08,0.0,13.21,17.87,0.21,planner_debate
llm_vl,planner_debate,mir_operator:prefill_layer*,False,1.16,profiled,"underutilised: SM 1 %, DRAM 35 %, L2 14 %, occ 33 %",reduce,6.23,0.0,32.69,0.0,12.85,36.67,0.24,planner_debate
llm_vl,planner_debate,mir_operator:prefill_layer*,False,1.16,profiled,"latency/launch-bound: 0.00 waves per SM, no unit above 30 % of peak",elementwise_binary,13.76,0.0,35.74,0.0,22.61,67.2,0.83,planner_debate
llm_vl,planner_debate,mir_operator:prefill_layer*,False,1.16,profiled,L2-bandwidth-bound (working set in L2),gemm,30.99,37.03,37.26,0.0,69.17,15.25,2.5,planner_debate
llm_vl,planner_debate,mir_operator:prefill_layer*,False,1.16,profiled,"underutilised: SM 16 %, DRAM 3 %, L2 3 %, occ 70 %",concat,14.88,0.0,4.92,0.0,3.7,66.6,1.33,planner_debate
llm_vl,planner_debate,mir_operator:prefill_layer*,False,1.16,profiled,"latency/launch-bound: 0.42 waves per SM, no unit above 30 % of peak",elementwise_other,3.73,0.0,54.42,0.0,21.52,33.05,0.46,planner_debate
llm_vl,planner_debate,mir_operator:prefill_layer*,False,1.16,profiled,"underutilised: SM 11 %, DRAM 13 %, L2 25 %, occ 8 %",attention,18.36,8.91,38.27,0.0,25.58,33.11,1.42,planner_debate
llm_vl,planner_debate,mir_operator:prefill_layer*,False,1.16,profiled,"underutilised: SM 18 %, DRAM 33 %, L2 32 %, occ 64 %",copy,9.53,0.0,44.99,0.0,27.68,48.12,0.67,planner_debate
llm_vl,planner_debate,mir_operator:prefill_layer*,False,1.16,profiled,"underutilised: SM 2 %, DRAM 56 %, L2 26 %, occ 28 %",elementwise_unary,0.82,0.0,28.38,0.0,13.38,17.94,0.21,planner_debate
llm_vl,planner_debate,mir_operator:prefill_layer*,False,1.16,profiled,"underutilised: SM 1 %, DRAM 35 %, L2 14 %, occ 33 %",reduce,6.11,0.0,32.74,0.0,12.96,35.7,0.24,planner_debate
llm_vl,planner_debate,mir_operator:prefill_layer*,False,1.16,profiled,"latency/launch-bound: 0.00 waves per SM, no unit above 30 % of peak",elementwise_binary,9.79,0.0,34.78,0.0,21.62,66.67,0.83,planner_debate
llm_vl,planner_debate,mir_operator:prefill_layer*,False,1.16,profiled,L2-bandwidth-bound (working set in L2),gemm,33.2,37.03,37.76,0.0,69.14,15.25,2.5,planner_debate
llm_vl,planner_debate,mir_operator:prefill_layer*,False,1.16,profiled,"underutilised: SM 16 %, DRAM 3 %, L2 3 %, occ 67 %",concat,14.84,0.0,4.91,0.0,3.73,66.83,1.33,planner_debate
llm_vl,planner_debate,mir_operator:prefill_layer*,False,1.16,profiled,"latency/launch-bound: 0.42 waves per SM, no unit above 30 % of peak",elementwise_other,3.62,0.0,54.08,0.0,21.41,32.95,0.46,planner_debate
llm_vl,planner_debate,mir_operator:prefill_layer*,False,1.16,profiled,"underutilised: SM 11 %, DRAM 10 %, L2 26 %, occ 8 %",attention,18.35,8.89,37.37,0.0,25.7,33.29,1.42,planner_debate
llm_vl,planner_debate,mir_operator:prefill_layer*,False,1.16,profiled,"underutilised: SM 19 %, DRAM 30 %, L2 29 %, occ 68 %",copy,10.22,0.0,46.28,0.0,26.4,49.5,0.67,planner_debate
llm_vl,planner_debate,mir_operator:prefill_layer*,False,1.16,profiled,"underutilised: SM 2 %, DRAM 57 %, L2 26 %, occ 28 %",elementwise_unary,0.83,0.0,30.81,0.0,13.69,17.91,0.21,planner_debate
llm_vl,planner_debate,mir_operator:prefill_layer*,False,1.16,profiled,"underutilised: SM 1 %, DRAM 35 %, L2 14 %, occ 33 %",reduce,6.35,0.0,32.56,0.0,12.82,36.32,0.24,planner_debate
llm_vl,planner_debate,mir_operator:prefill_layer*,False,1.16,profiled,"latency/launch-bound: 0.00 waves per SM, no unit above 30 % of peak",elementwise_binary,14.02,0.0,35.4,0.0,21.99,67.77,0.83,planner_debate
llm_vl,planner_debate,mir_operator:prefill_layer*,False,1.16,profiled,L2-bandwidth-bound (working set in L2),gemm,33.35,37.04,36.98,0.0,69.45,15.26,2.5,planner_debate
llm_vl,planner_debate,mir_operator:prefill_layer*,False,1.16,profiled,"underutilised: SM 16 %, DRAM 3 %, L2 4 %, occ 67 %",concat,14.8,0.0,4.94,0.0,3.73,67.27,1.33,planner_debate
llm_vl,planner_debate,mir_operator:prefill_layer*,False,1.16,profiled,"latency/launch-bound: 0.42 waves per SM, no unit above 30 % of peak",elementwise_other,3.76,0.0,55.41,0.0,21.84,32.78,0.46,planner_debate
llm_vl,planner_debate,mir_operator:prefill_layer*,False,1.16,profiled,"underutilised: SM 11 %, DRAM 10 %, L2 26 %, occ 8 %",attention,18.42,8.85,38.17,0.0,25.7,33.05,1.42,planner_debate
llm_vl,planner_debate,mir_operator:prefill_layer*,False,1.16,profiled,"underutilised: SM 17 %, DRAM 32 %, L2 30 %, occ 67 %",copy,9.52,0.0,45.08,0.0,27.38,49.7,0.67,planner_debate
llm_vl,planner_debate,mir_operator:prefill_layer*,False,1.16,profiled,"underutilised: SM 2 %, DRAM 56 %, L2 26 %, occ 27 %",elementwise_unary,0.84,0.0,28.23,0.0,13.3,17.87,0.21,planner_debate
llm_vl,planner_debate,mir_operator:prefill_layer*,False,1.16,profiled,"underutilised: SM 1 %, DRAM 34 %, L2 13 %, occ 33 %",reduce,6.01,0.0,32.1,0.0,13.26,36.25,0.24,planner_debate
llm_vl,planner_debate,mir_operator:prefill_layer*,False,1.16,profiled,"latency/launch-bound: 0.00 waves per SM, no unit above 30 % of peak",elementwise_binary,13.54,0.0,36.2,0.0,21.82,67.62,0.83,planner_debate
llm_vl,planner_debate,mir_operator:prefill_layer*,False,1.16,profiled,L2-bandwidth-bound (working set in L2),gemm,33.52,36.89,37.13,0.0,69.24,15.21,2.5,planner_debate
llm_vl,planner_debate,mir_operator:prefill_layer*,False,1.16,profiled,"underutilised: SM 16 %, DRAM 3 %, L2 3 %, occ 67 %",concat,14.26,0.0,4.87,0.0,3.6,66.95,1.33,planner_debate
llm_vl,planner_debate,mir_operator:prefill_layer*,False,1.16,profiled,"latency/launch-bound: 0.42 waves per SM, no unit above 30 % of peak",elementwise_other,3.82,0.0,55.03,0.0,21.79,32.98,0.46,planner_debate
llm_vl,planner_debate,mir_operator:prefill_layer*,False,1.16,profiled,"underutilised: SM 11 %, DRAM 10 %, L2 26 %, occ 8 %",attention,18.4,8.96,37.64,0.0,25.83,33.13,1.42,planner_debate
llm_vl,planner_debate,mir_operator:prefill_layer*,False,1.16,profiled,"underutilised: SM 18 %, DRAM 32 %, L2 31 %, occ 68 %",copy,10.09,0.0,44.69,0.0,27.41,49.15,0.67,planner_debate
llm_vl,planner_debate,mir_operator:prefill_layer*,False,1.16,profiled,"underutilised: SM 2 %, DRAM 56 %, L2 26 %, occ 28 %",elementwise_unary,0.84,0.0,28.13,0.0,13.31,18.04,0.21,planner_debate
llm_vl,planner_debate,mir_operator:prefill_layer*,False,1.16,profiled,"underutilised: SM 1 %, DRAM 36 %, L2 14 %, occ 33 %",reduce,4.96,0.0,33.17,0.0,13.06,35.9,0.24,planner_debate
llm_vl,planner_debate,mir_operator:prefill_layer*,False,1.16,profiled,"latency/launch-bound: 0.00 waves per SM, no unit above 30 % of peak",elementwise_binary,13.64,0.0,36.26,0.0,22.62,67.07,0.83,planner_debate
llm_vl,planner_debate,mir_operator:prefill_layer*,False,1.16,profiled,L2-bandwidth-bound (working set in L2),gemm,30.65,36.88,37.12,0.0,67.85,15.26,2.5,planner_debate
llm_vl,planner_debate,mir_operator:prefill_layer*,False,1.16,profiled,"underutilised: SM 16 %, DRAM 3 %, L2 3 %, occ 68 %",concat,14.82,0.0,4.9,0.0,3.7,66.49,1.33,planner_debate
llm_vl,planner_debate,mir_operator:prefill_layer*,False,1.16,profiled,"latency/launch-bound: 0.42 waves per SM, no unit above 30 % of peak",elementwise_other,3.73,0.0,54.97,0.0,21.71,33.12,0.46,planner_debate
llm_vl,planner_debate,mir_operator:prefill_layer*,False,1.16,profiled,"underutilised: SM 11 %, DRAM 10 %, L2 26 %, occ 8 %",attention,18.54,8.98,37.8,0.0,25.55,33.04,1.42,planner_debate
llm_vl,planner_debate,mir_operator:prefill_layer*,False,1.16,profiled,"underutilised: SM 19 %, DRAM 32 %, L2 31 %, occ 68 %",copy,10.33,0.0,45.97,0.0,27.03,48.72,0.67,planner_debate
llm_vl,planner_debate,mir_operator:prefill_layer*,False,1.16,profiled,"underutilised: SM 2 %, DRAM 59 %, L2 27 %, occ 28 %",elementwise_unary,0.84,0.0,26.69,0.0,12.47,18.09,0.21,planner_debate
llm_vl,planner_debate,mir_operator:prefill_layer*,False,1.16,profiled,"underutilised: SM 1 %, DRAM 34 %, L2 13 %, occ 33 %",reduce,6.23,0.0,32.23,0.0,12.7,36.22,0.24,planner_debate
llm_vl,planner_debate,mir_operator:prefill_layer*,False,1.16,profiled,"latency/launch-bound: 0.00 waves per SM, no unit above 30 % of peak",elementwise_binary,13.76,0.0,36.28,0.0,22.17,67.3,0.83,planner_debate
llm_vl,planner_debate,mir_operator:prefill_layer*,False,1.16,profiled,L2-bandwidth-bound (working set in L2),gemm,30.93,36.94,36.78,0.0,68.24,15.22,2.5,planner_debate
llm_vl,planner_debate,mir_operator:prefill_layer*,False,1.16,profiled,"underutilised: SM 15 %, DRAM 3 %, L2 3 %, occ 68 %",concat,14.51,0.0,4.93,0.0,3.76,67.17,1.33,planner_debate
llm_vl,planner_debate,mir_operator:prefill_layer*,False,1.16,profiled,"latency/launch-bound: 0.42 waves per SM, no unit above 30 % of peak",elementwise_other,3.75,0.0,38.49,0.0,17.78,32.82,0.46,planner_debate
llm_vl,planner_debate,mir_operator:prefill_layer*,False,1.16,profiled,"underutilised: SM 11 %, DRAM 10 %, L2 26 %, occ 8 %",attention,18.45,8.77,37.67,0.0,25.43,32.92,1.42,planner_debate
llm_vl,planner_debate,mir_operator:prefill_layer*,False,1.16,profiled,"underutilised: SM 19 %, DRAM 34 %, L2 32 %, occ 68 %",copy,9.78,0.0,45.72,0.0,27.92,49.21,0.67,planner_debate
llm_vl,planner_debate,mir_operator:prefill_layer*,False,1.16,profiled,"underutilised: SM 2 %, DRAM 59 %, L2 25 %, occ 28 %",elementwise_unary,0.84,0.0,29.24,0.0,13.34,17.93,0.21,planner_debate
llm_vl,planner_debate,mir_operator:prefill_layer*,False,1.16,profiled,"underutilised: SM 1 %, DRAM 36 %, L2 14 %, occ 33 %",reduce,6.14,0.0,32.74,0.0,12.93,36.05,0.24,planner_debate
llm_vl,planner_debate,mir_operator:prefill_layer*,False,1.16,profiled,"latency/launch-bound: 0.00 waves per SM, no unit above 30 % of peak",elementwise_binary,13.72,0.0,36.8,0.0,21.51,66.41,0.83,planner_debate
llm_vl,planner_debate,mir_operator:prefill_layer*,False,1.16,profiled,L2-bandwidth-bound (working set in L2),gemm,33.1,36.95,37.34,0.0,68.49,15.21,2.5,planner_debate
llm_vl,planner_debate,mir_operator:prefill_layer*,False,1.16,profiled,"underutilised: SM 16 %, DRAM 3 %, L2 3 %, occ 67 %",concat,14.49,0.0,4.93,0.0,3.7,67.2,1.33,planner_debate
llm_vl,planner_debate,mir_operator:prefill_layer*,False,1.16,profiled,"latency/launch-bound: 0.42 waves per SM, no unit above 30 % of peak",elementwise_other,3.84,0.0,55.17,0.0,21.35,33.14,0.46,planner_debate
llm_vl,planner_debate,mir_operator:prefill_layer*,False,1.16,profiled,"underutilised: SM 11 %, DRAM 10 %, L2 26 %, occ 8 %",attention,18.49,9.01,37.5,0.0,25.75,33.8,1.42,planner_debate
llm_vl,planner_debate,mir_operator:prefill_layer*,False,1.16,profiled,"underutilised: SM 18 %, DRAM 33 %, L2 32 %, occ 67 %",copy,9.96,0.0,45.19,0.0,28.0,49.61,0.67,planner_debate
llm_vl,planner_debate,mir_operator:prefill_layer*,False,1.16,profiled,"underutilised: SM 2 %, DRAM 56 %, L2 26 %, occ 28 %",elementwise_unary,0.86,0.0,28.28,0.0,13.55,17.97,0.21,planner_debate
llm_vl,planner_debate,mir_operator:prefill_layer*,False,1.16,profiled,"underutilised: SM 1 %, DRAM 35 %, L2 14 %, occ 33 %",reduce,6.05,0.0,32.05,0.0,12.63,36.47,0.24,planner_debate
llm_vl,planner_debate,mir_operator:prefill_layer*,False,1.16,profiled,"latency/launch-bound: 0.00 waves per SM, no unit above 30 % of peak",elementwise_binary,13.9,0.0,37.06,0.0,22.28,66.76,0.83,planner_debate
llm_vl,planner_debate,mir_operator:prefill_layer*,False,1.16,profiled,L2-bandwidth-bound (working set in L2),gemm,33.48,37.09,36.39,0.0,68.14,15.22,2.5,planner_debate
llm_vl,planner_debate,mir_operator:prefill_layer*,False,1.16,profiled,"underutilised: SM 16 %, DRAM 3 %, L2 3 %, occ 68 %",concat,13.83,0.0,4.91,0.0,3.72,67.14,1.33,planner_debate
llm_vl,planner_debate,mir_operator:prefill_layer*,False,1.16,profiled,"latency/launch-bound: 0.42 waves per SM, no unit above 30 % of peak",elementwise_other,3.77,0.0,54.44,0.0,21.49,32.68,0.46,planner_debate
llm_vl,planner_debate,mir_operator:prefill_layer*,False,1.16,profiled,"underutilised: SM 11 %, DRAM 10 %, L2 26 %, occ 8 %",attention,18.51,8.92,37.33,0.0,25.56,33.47,1.42,planner_debate
llm_vl,planner_debate,mir_operator:prefill_layer*,False,1.16,profiled,"underutilised: SM 19 %, DRAM 32 %, L2 30 %, occ 67 %",copy,9.68,0.0,45.29,0.0,26.87,48.37,0.67,planner_debate
llm_vl,planner_debate,mir_operator:prefill_layer*,False,1.16,profiled,"underutilised: SM 2 %, DRAM 55 %, L2 25 %, occ 28 %",elementwise_unary,0.84,0.0,27.79,0.0,13.09,17.97,0.21,planner_debate
llm_vl,planner_debate,mir_operator:prefill_layer*,False,1.16,profiled,"underutilised: SM 1 %, DRAM 35 %, L2 14 %, occ 33 %",reduce,6.1,0.0,32.63,0.0,12.67,36.78,0.24,planner_debate
llm_vl,planner_debate,mir_operator:prefill_layer*,False,1.16,profiled,"latency/launch-bound: 0.00 waves per SM, no unit above 30 % of peak",elementwise_binary,13.6,0.0,35.97,0.0,22.53,67.38,0.83,planner_debate
llm_vl,planner_debate,mir_operator:prefill_layer*,False,1.16,profiled,L2-bandwidth-bound (working set in L2),gemm,30.84,36.86,36.96,0.0,67.88,15.21,2.5,planner_debate
llm_vl,planner_debate,mir_operator:prefill_layer*,False,1.16,profiled,"underutilised: SM 15 %, DRAM 3 %, L2 3 %, occ 68 %",concat,14.48,0.0,4.93,0.0,3.79,67.5,1.33,planner_debate
llm_vl,planner_debate,mir_operator:prefill_layer*,False,1.16,profiled,"latency/launch-bound: 0.42 waves per SM, no unit above 30 % of peak",elementwise_other,3.71,0.0,54.7,0.0,21.57,33.08,0.46,planner_debate
llm_vl,planner_debate,mir_operator:prefill_layer*,False,1.16,profiled,"underutilised: SM 11 %, DRAM 10 %, L2 26 %, occ 8 %",attention,18.44,9.08,37.67,0.0,25.32,33.14,1.42,planner_debate
llm_vl,planner_debate,mir_operator:prefill_layer*,False,1.16,profiled,"underutilised: SM 19 %, DRAM 32 %, L2 31 %, occ 66 %",copy,9.99,0.0,45.31,0.0,27.52,49.13,0.67,planner_debate
llm_vl,planner_debate,mir_operator:prefill_layer*,False,1.16,profiled,"underutilised: SM 2 %, DRAM 56 %, L2 26 %, occ 28 %",elementwise_unary,0.83,0.0,28.37,0.0,13.4,18.02,0.21,planner_debate
llm_vl,planner_debate,mir_operator:prefill_layer*,False,1.16,profiled,"underutilised: SM 1 %, DRAM 35 %, L2 14 %, occ 33 %",reduce,6.04,0.0,32.52,0.0,12.79,36.41,0.24,planner_debate
llm_vl,planner_debate,mir_operator:prefill_layer*,False,1.16,profiled,"latency/launch-bound: 0.00 waves per SM, no unit above 30 % of peak",elementwise_binary,13.35,0.0,36.46,0.0,22.18,67.8,0.83,planner_debate
llm_vl,planner_debate,mir_operator:prefill_layer*,False,1.16,profiled,L2-bandwidth-bound (working set in L2),gemm,30.73,37.04,36.91,0.0,67.19,15.23,2.5,planner_debate
llm_vl,planner_debate,mir_operator:prefill_layer*,False,1.16,profiled,"underutilised: SM 16 %, DRAM 3 %, L2 4 %, occ 68 %",concat,14.71,0.0,4.93,0.0,3.85,66.76,1.33,planner_debate
llm_vl,planner_debate,mir_operator:prefill_layer*,False,1.16,profiled,"latency/launch-bound: 0.42 waves per SM, no unit above 30 % of peak",elementwise_other,3.71,0.0,55.37,0.0,21.89,33.11,0.46,planner_debate
llm_vl,planner_debate,mir_operator:prefill_layer*,False,1.16,profiled,"underutilised: SM 11 %, DRAM 10 %, L2 26 %, occ 8 %",attention,18.31,8.79,37.58,0.0,25.79,33.89,1.42,planner_debate
llm_vl,planner_debate,mir_operator:prefill_head,False,0.01,profiled,"underutilised: SM 20 %, DRAM 34 %, L2 32 %, occ 63 %",copy,10.0,0.0,53.38,0.0,28.82,55.66,1.0,planner_debate
llm_vl,planner_debate,mir_operator:prefill_head,False,0.01,profiled,DRAM-bandwidth-bound,elementwise_unary,0.93,0.0,31.0,0.0,14.76,23.22,0.29,planner_debate
llm_vl,planner_debate,mir_operator:prefill_head,False,0.01,profiled,"underutilised: SM 2 %, DRAM 52 %, L2 21 %, occ 33 %",reduce,1.67,0.0,52.34,0.0,20.59,33.27,0.08,planner_debate
llm_vl,planner_debate,mir_operator:prefill_head,False,0.01,profiled,"latency/launch-bound: 0.00 waves per SM, no unit above 30 % of peak",elementwise_binary,16.36,0.0,39.53,0.0,23.7,65.36,1.33,planner_debate
llm_vl,planner_debate,mir_operator:prefill_head,False,0.01,profiled,tensor-core compute-bound,gemm,46.81,47.48,51.78,0.0,74.67,16.55,37.09,planner_debate
llm_vl,planner_debate,mir_operator:prefill_head,False,0.01,profiled,"underutilised: SM 18 %, DRAM 33 %, L2 32 %, occ 68 %",copy,10.0,0.0,45.28,0.0,28.01,50.24,0.67,planner_debate
llm_vl,planner_debate,mir_operator:prefill_head,False,0.01,profiled,"underutilised: SM 2 %, DRAM 56 %, L2 26 %, occ 28 %",elementwise_unary,0.84,0.0,28.37,0.0,13.38,17.96,0.21,planner_debate
llm_vl,planner_debate,mir_operator:prefill_head,False,0.01,profiled,"underutilised: SM 1 %, DRAM 34 %, L2 14 %, occ 33 %",reduce,1.22,0.0,38.05,0.0,14.93,33.27,0.06,planner_debate
llm_vl,planner_debate,mir_operator:prefill_head,False,0.01,profiled,"latency/launch-bound: 0.00 waves per SM, no unit above 30 % of peak",elementwise_binary,13.89,0.0,36.09,0.0,22.49,68.38,0.92,planner_debate
llm_vl,planner_debate,mir_operator:prefill_head,False,0.01,profiled,DRAM-bandwidth-bound,gemm,41.79,42.3,64.5,0.0,67.04,16.31,19.7,planner_debate
llm_vl,planner_debate,mir_operator:prefill_sample,False,0.06,profiled,"latency/launch-bound: 0.05 waves per SM, no unit above 30 % of peak",reduce,2.81,0.0,5.3,0.0,3.03,33.12,0.05,planner_debate
llm_vl,planner_debate,mir_operator:prefill_sample,False,0.06,profiled,"latency/launch-bound: 0.05 waves per SM, no unit above 30 % of peak",reduce,2.75,0.0,5.26,0.0,2.99,33.12,0.05,planner_debate
llm_vl,planner_debate,mir_operator:decode_embed,False,0.14,profiled,"latency/launch-bound: 0.01 waves per SM, no unit above 30 % of peak",other,0.26,0.0,0.34,0.0,0.66,8.31,0.01,planner_debate
llm_vl,planner_debate,mir_operator:decode_embed,False,0.14,profiled,"latency/launch-bound: 0.01 waves per SM, no unit above 30 % of peak",other,0.25,0.0,0.34,0.0,0.65,8.32,0.01,planner_debate
llm_vl,planner_debate,mir_operator:decode_layer*,True,92.18,profiled,"latency/launch-bound: 0.00 waves per SM, no unit above 30 % of peak",copy,0.04,0.0,0.92,0.0,1.58,8.3,0.0,planner_debate
llm_vl,planner_debate,mir_operator:decode_layer*,True,92.18,profiled,"latency/launch-bound: 0.00 waves per SM, no unit above 30 % of peak",elementwise_unary,0.02,0.0,0.54,0.0,0.89,7.73,0.0,planner_debate
llm_vl,planner_debate,mir_operator:decode_layer*,True,92.18,profiled,"latency/launch-bound: 0.00 waves per SM, no unit above 30 % of peak",reduce,0.09,0.0,1.96,0.0,3.8,31.86,0.0,planner_debate
llm_vl,planner_debate,mir_operator:decode_layer*,True,92.18,profiled,"latency/launch-bound: 0.00 waves per SM, no unit above 30 % of peak",elementwise_binary,0.02,0.0,0.82,0.0,1.39,8.3,0.0,planner_debate
llm_vl,planner_debate,mir_operator:decode_layer*,True,92.18,profiled,DRAM-bandwidth-bound,gemv,15.14,0.0,73.81,0.0,46.43,16.02,0.67,planner_debate
llm_vl,planner_debate,mir_operator:decode_layer*,True,92.18,profiled,"latency/launch-bound: 0.00 waves per SM, no unit above 30 % of peak",concat,1.59,0.0,0.31,0.0,0.73,9.73,0.17,planner_debate
llm_vl,planner_debate,mir_operator:decode_layer*,True,92.18,profiled,"latency/launch-bound: 0.00 waves per SM, no unit above 30 % of peak",elementwise_other,0.02,0.0,0.81,0.0,1.07,8.28,0.0,planner_debate
llm_vl,planner_debate,mir_operator:decode_layer*,True,92.18,profiled,"latency/launch-bound: 0.08 waves per SM, no unit above 30 % of peak",attention,0.77,12.57,4.29,0.0,2.29,8.27,0.03,planner_debate
llm_vl,planner_debate,mir_operator:decode_layer*,True,92.18,profiled,"latency/launch-bound: 0.00 waves per SM, no unit above 30 % of peak",copy,0.04,0.0,0.92,0.0,1.85,8.3,0.0,planner_debate
llm_vl,planner_debate,mir_operator:decode_layer*,True,92.18,profiled,"latency/launch-bound: 0.00 waves per SM, no unit above 30 % of peak",elementwise_unary,0.02,0.0,0.52,0.0,0.9,7.67,0.0,planner_debate
llm_vl,planner_debate,mir_operator:decode_layer*,True,92.18,profiled,"latency/launch-bound: 0.00 waves per SM, no unit above 30 % of peak",reduce,0.09,0.0,1.97,0.0,3.8,31.9,0.0,planner_debate
llm_vl,planner_debate,mir_operator:decode_layer*,True,92.18,profiled,"latency/launch-bound: 0.00 waves per SM, no unit above 30 % of peak",elementwise_binary,0.02,0.0,0.81,0.0,1.39,8.31,0.0,planner_debate
llm_vl,planner_debate,mir_operator:decode_layer*,True,92.18,profiled,DRAM-bandwidth-bound,gemv,15.39,0.0,73.7,0.0,45.6,16.0,0.67,planner_debate
llm_vl,planner_debate,mir_operator:decode_layer*,True,92.18,profiled,"latency/launch-bound: 0.00 waves per SM, no unit above 30 % of peak",concat,1.65,0.0,0.31,0.0,0.69,9.72,0.17,planner_debate
llm_vl,planner_debate,mir_operator:decode_layer*,True,92.18,profiled,"latency/launch-bound: 0.00 waves per SM, no unit above 30 % of peak",elementwise_other,0.02,0.0,0.81,0.0,1.05,8.28,0.0,planner_debate
llm_vl,planner_debate,mir_operator:decode_layer*,True,92.18,profiled,"latency/launch-bound: 0.08 waves per SM, no unit above 30 % of peak",attention,0.76,12.51,4.03,0.0,2.19,8.29,0.03,planner_debate
llm_vl,planner_debate,mir_operator:decode_layer*,True,92.18,profiled,"latency/launch-bound: 0.00 waves per SM, no unit above 30 % of peak",copy,0.04,0.0,0.93,0.0,1.81,8.3,0.0,planner_debate
llm_vl,planner_debate,mir_operator:decode_layer*,True,92.18,profiled,"latency/launch-bound: 0.00 waves per SM, no unit above 30 % of peak",elementwise_unary,0.02,0.0,0.54,0.0,0.89,7.71,0.0,planner_debate
llm_vl,planner_debate,mir_operator:decode_layer*,True,92.18,profiled,"latency/launch-bound: 0.00 waves per SM, no unit above 30 % of peak",reduce,0.09,0.0,1.96,0.0,3.79,31.94,0.0,planner_debate
llm_vl,planner_debate,mir_operator:decode_layer*,True,92.18,profiled,"latency/launch-bound: 0.00 waves per SM, no unit above 30 % of peak",elementwise_binary,0.02,0.0,0.82,0.0,1.49,8.31,0.0,planner_debate
llm_vl,planner_debate,mir_operator:decode_layer*,True,92.18,profiled,DRAM-bandwidth-bound,gemv,14.94,0.0,73.86,0.0,44.72,16.13,0.67,planner_debate
llm_vl,planner_debate,mir_operator:decode_layer*,True,92.18,profiled,"latency/launch-bound: 0.00 waves per SM, no unit above 30 % of peak",concat,1.61,0.0,0.32,0.0,0.7,9.75,0.17,planner_debate
llm_vl,planner_debate,mir_operator:decode_layer*,True,92.18,profiled,"latency/launch-bound: 0.00 waves per SM, no unit above 30 % of peak",elementwise_other,0.02,0.0,0.81,0.0,1.08,8.29,0.0,planner_debate
llm_vl,planner_debate,mir_operator:decode_layer*,True,92.18,profiled,"latency/launch-bound: 0.08 waves per SM, no unit above 30 % of peak",attention,0.76,12.63,4.28,0.0,2.54,8.3,0.03,planner_debate
llm_vl,planner_debate,mir_operator:decode_layer*,True,92.18,profiled,"latency/launch-bound: 0.00 waves per SM, no unit above 30 % of peak",copy,0.04,0.0,0.93,0.0,1.6,8.3,0.0,planner_debate
llm_vl,planner_debate,mir_operator:decode_layer*,True,92.18,profiled,"latency/launch-bound: 0.00 waves per SM, no unit above 30 % of peak",elementwise_unary,0.02,0.0,0.52,0.0,0.87,7.76,0.0,planner_debate
llm_vl,planner_debate,mir_operator:decode_layer*,True,92.18,profiled,"latency/launch-bound: 0.00 waves per SM, no unit above 30 % of peak",reduce,0.09,0.0,1.94,0.0,3.77,31.84,0.0,planner_debate
llm_vl,planner_debate,mir_operator:decode_layer*,True,92.18,profiled,"latency/launch-bound: 0.00 waves per SM, no unit above 30 % of peak",elementwise_binary,0.02,0.0,0.82,0.0,1.4,8.31,0.0,planner_debate
llm_vl,planner_debate,mir_operator:decode_layer*,True,92.18,profiled,DRAM-bandwidth-bound,gemv,15.04,0.0,72.61,0.0,44.12,15.96,0.67,planner_debate
llm_vl,planner_debate,mir_operator:decode_layer*,True,92.18,profiled,"latency/launch-bound: 0.00 waves per SM, no unit above 30 % of peak",concat,1.63,0.0,0.31,0.0,0.7,9.76,0.17,planner_debate
llm_vl,planner_debate,mir_operator:decode_layer*,True,92.18,profiled,"latency/launch-bound: 0.00 waves per SM, no unit above 30 % of peak",elementwise_other,0.02,0.0,0.81,0.0,1.07,8.28,0.0,planner_debate
llm_vl,planner_debate,mir_operator:decode_layer*,True,92.18,profiled,"latency/launch-bound: 0.08 waves per SM, no unit above 30 % of peak",attention,0.76,12.43,4.28,0.0,2.31,8.29,0.03,planner_debate
llm_vl,planner_debate,mir_operator:decode_layer*,True,92.18,profiled,"latency/launch-bound: 0.00 waves per SM, no unit above 30 % of peak",copy,0.04,0.0,1.1,0.0,1.86,8.29,0.0,planner_debate
llm_vl,planner_debate,mir_operator:decode_layer*,True,92.18,profiled,"latency/launch-bound: 0.00 waves per SM, no unit above 30 % of peak",elementwise_unary,0.02,0.0,0.54,0.0,0.9,7.62,0.0,planner_debate
llm_vl,planner_debate,mir_operator:decode_layer*,True,92.18,profiled,"latency/launch-bound: 0.00 waves per SM, no unit above 30 % of peak",reduce,0.09,0.0,1.96,0.0,3.78,31.87,0.0,planner_debate
llm_vl,planner_debate,mir_operator:decode_layer*,True,92.18,profiled,"latency/launch-bound: 0.00 waves per SM, no unit above 30 % of peak",elementwise_binary,0.02,0.0,0.82,0.0,1.38,8.31,0.0,planner_debate
llm_vl,planner_debate,mir_operator:decode_layer*,True,92.18,profiled,DRAM-bandwidth-bound,gemv,15.14,0.0,73.78,0.0,45.61,15.98,0.67,planner_debate
llm_vl,planner_debate,mir_operator:decode_layer*,True,92.18,profiled,"latency/launch-bound: 0.00 waves per SM, no unit above 30 % of peak",concat,1.62,0.0,0.31,0.0,0.7,9.78,0.17,planner_debate
llm_vl,planner_debate,mir_operator:decode_layer*,True,92.18,profiled,"latency/launch-bound: 0.00 waves per SM, no unit above 30 % of peak",elementwise_other,0.02,0.0,0.8,0.0,1.4,8.28,0.0,planner_debate
llm_vl,planner_debate,mir_operator:decode_layer*,True,92.18,profiled,"latency/launch-bound: 0.08 waves per SM, no unit above 30 % of peak",attention,0.77,12.44,4.33,0.0,2.32,8.3,0.03,planner_debate
llm_vl,planner_debate,mir_operator:decode_layer*,True,92.18,profiled,"latency/launch-bound: 0.00 waves per SM, no unit above 30 % of peak",copy,0.04,0.0,0.92,0.0,1.59,8.29,0.0,planner_debate
llm_vl,planner_debate,mir_operator:decode_layer*,True,92.18,profiled,"latency/launch-bound: 0.00 waves per SM, no unit above 30 % of peak",elementwise_unary,0.02,0.0,0.54,0.0,0.89,7.71,0.0,planner_debate
llm_vl,planner_debate,mir_operator:decode_layer*,True,92.18,profiled,"latency/launch-bound: 0.00 waves per SM, no unit above 30 % of peak",reduce,0.09,0.0,1.95,0.0,3.77,31.83,0.0,planner_debate
llm_vl,planner_debate,mir_operator:decode_layer*,True,92.18,profiled,"latency/launch-bound: 0.00 waves per SM, no unit above 30 % of peak",elementwise_binary,0.02,0.0,0.83,0.0,1.38,8.31,0.0,planner_debate
llm_vl,planner_debate,mir_operator:decode_layer*,True,92.18,profiled,DRAM-bandwidth-bound,gemv,15.17,0.0,73.44,0.0,45.21,16.03,0.67,planner_debate
llm_vl,planner_debate,mir_operator:decode_layer*,True,92.18,profiled,"latency/launch-bound: 0.00 waves per SM, no unit above 30 % of peak",concat,1.65,0.0,0.31,0.0,0.73,9.77,0.17,planner_debate
llm_vl,planner_debate,mir_operator:decode_layer*,True,92.18,profiled,"latency/launch-bound: 0.00 waves per SM, no unit above 30 % of peak",elementwise_other,0.02,0.0,0.81,0.0,1.07,8.27,0.0,planner_debate
llm_vl,planner_debate,mir_operator:decode_layer*,True,92.18,profiled,"latency/launch-bound: 0.08 waves per SM, no unit above 30 % of peak",attention,0.76,12.52,4.34,0.0,2.57,8.3,0.03,planner_debate
llm_vl,planner_debate,mir_operator:decode_layer*,True,92.18,profiled,"latency/launch-bound: 0.00 waves per SM, no unit above 30 % of peak",copy,0.04,0.0,0.93,0.0,1.77,8.28,0.0,planner_debate
llm_vl,planner_debate,mir_operator:decode_layer*,True,92.18,profiled,"latency/launch-bound: 0.00 waves per SM, no unit above 30 % of peak",elementwise_unary,0.02,0.0,0.53,0.0,0.89,7.64,0.0,planner_debate
llm_vl,planner_debate,mir_operator:decode_layer*,True,92.18,profiled,"latency/launch-bound: 0.00 waves per SM, no unit above 30 % of peak",reduce,0.09,0.0,1.96,0.0,3.79,31.85,0.0,planner_debate
llm_vl,planner_debate,mir_operator:decode_layer*,True,92.18,profiled,"latency/launch-bound: 0.00 waves per SM, no unit above 30 % of peak",elementwise_binary,0.02,0.0,0.81,0.0,1.59,8.31,0.0,planner_debate
llm_vl,planner_debate,mir_operator:decode_layer*,True,92.18,profiled,DRAM-bandwidth-bound,gemv,15.09,0.0,73.18,0.0,43.24,16.04,0.67,planner_debate
llm_vl,planner_debate,mir_operator:decode_layer*,True,92.18,profiled,"latency/launch-bound: 0.00 waves per SM, no unit above 30 % of peak",concat,1.6,0.0,0.31,0.0,0.73,9.79,0.17,planner_debate
llm_vl,planner_debate,mir_operator:decode_layer*,True,92.18,profiled,"latency/launch-bound: 0.00 waves per SM, no unit above 30 % of peak",elementwise_other,0.02,0.0,0.81,0.0,1.06,8.29,0.0,planner_debate
llm_vl,planner_debate,mir_operator:decode_layer*,True,92.18,profiled,"latency/launch-bound: 0.08 waves per SM, no unit above 30 % of peak",attention,0.77,12.57,4.3,0.0,2.32,8.32,0.03,planner_debate
llm_vl,planner_debate,mir_operator:decode_layer*,True,92.18,profiled,"latency/launch-bound: 0.00 waves per SM, no unit above 30 % of peak",copy,0.04,0.0,0.92,0.0,1.57,8.29,0.0,planner_debate
llm_vl,planner_debate,mir_operator:decode_layer*,True,92.18,profiled,"latency/launch-bound: 0.00 waves per SM, no unit above 30 % of peak",elementwise_unary,0.02,0.0,0.53,0.0,0.9,7.59,0.0,planner_debate
llm_vl,planner_debate,mir_operator:decode_layer*,True,92.18,profiled,"latency/launch-bound: 0.00 waves per SM, no unit above 30 % of peak",reduce,0.09,0.0,1.95,0.0,3.79,31.89,0.0,planner_debate
llm_vl,planner_debate,mir_operator:decode_layer*,True,92.18,profiled,"latency/launch-bound: 0.00 waves per SM, no unit above 30 % of peak",elementwise_binary,0.02,0.0,0.82,0.0,1.43,8.31,0.0,planner_debate
llm_vl,planner_debate,mir_operator:decode_layer*,True,92.18,profiled,DRAM-bandwidth-bound,gemv,15.06,0.0,73.56,0.0,45.04,16.02,0.67,planner_debate
llm_vl,planner_debate,mir_operator:decode_layer*,True,92.18,profiled,"latency/launch-bound: 0.00 waves per SM, no unit above 30 % of peak",concat,1.64,0.0,0.31,0.0,0.7,9.69,0.17,planner_debate
llm_vl,planner_debate,mir_operator:decode_layer*,True,92.18,profiled,"latency/launch-bound: 0.00 waves per SM, no unit above 30 % of peak",elementwise_other,0.02,0.0,0.81,0.0,1.07,8.28,0.0,planner_debate
llm_vl,planner_debate,mir_operator:decode_layer*,True,92.18,profiled,"latency/launch-bound: 0.08 waves per SM, no unit above 30 % of peak",attention,0.76,12.35,5.7,0.0,2.6,8.3,0.03,planner_debate
llm_vl,planner_debate,mir_operator:decode_layer*,True,92.18,profiled,"latency/launch-bound: 0.00 waves per SM, no unit above 30 % of peak",copy,0.04,0.0,0.92,0.0,1.59,8.3,0.0,planner_debate
llm_vl,planner_debate,mir_operator:decode_layer*,True,92.18,profiled,"latency/launch-bound: 0.00 waves per SM, no unit above 30 % of peak",elementwise_unary,0.02,0.0,0.54,0.0,0.89,7.74,0.0,planner_debate
llm_vl,planner_debate,mir_operator:decode_layer*,True,92.18,profiled,"latency/launch-bound: 0.00 waves per SM, no unit above 30 % of peak",reduce,0.09,0.0,1.96,0.0,3.8,31.78,0.0,planner_debate
llm_vl,planner_debate,mir_operator:decode_layer*,True,92.18,profiled,"latency/launch-bound: 0.00 waves per SM, no unit above 30 % of peak",elementwise_binary,0.02,0.0,0.82,0.0,1.39,8.31,0.0,planner_debate
llm_vl,planner_debate,mir_operator:decode_layer*,True,92.18,profiled,DRAM-bandwidth-bound,gemv,15.32,0.0,73.88,0.0,45.39,16.12,0.67,planner_debate
llm_vl,planner_debate,mir_operator:decode_layer*,True,92.18,profiled,"latency/launch-bound: 0.00 waves per SM, no unit above 30 % of peak",concat,1.65,0.0,0.31,0.0,0.71,9.83,0.17,planner_debate
llm_vl,planner_debate,mir_operator:decode_layer*,True,92.18,profiled,"latency/launch-bound: 0.00 waves per SM, no unit above 30 % of peak",elementwise_other,0.02,0.0,0.81,0.0,1.05,8.28,0.0,planner_debate
llm_vl,planner_debate,mir_operator:decode_layer*,True,92.18,profiled,"latency/launch-bound: 0.08 waves per SM, no unit above 30 % of peak",attention,0.77,12.5,5.77,0.0,2.53,8.29,0.03,planner_debate
llm_vl,planner_debate,mir_operator:decode_layer*,True,92.18,profiled,"latency/launch-bound: 0.00 waves per SM, no unit above 30 % of peak",copy,0.04,0.0,0.93,0.0,1.59,8.29,0.0,planner_debate
llm_vl,planner_debate,mir_operator:decode_layer*,True,92.18,profiled,"latency/launch-bound: 0.00 waves per SM, no unit above 30 % of peak",elementwise_unary,0.01,0.0,0.53,0.0,0.89,7.65,0.0,planner_debate
llm_vl,planner_debate,mir_operator:decode_layer*,True,92.18,profiled,"latency/launch-bound: 0.00 waves per SM, no unit above 30 % of peak",reduce,0.09,0.0,1.96,0.0,3.81,31.89,0.0,planner_debate
llm_vl,planner_debate,mir_operator:decode_layer*,True,92.18,profiled,"latency/launch-bound: 0.00 waves per SM, no unit above 30 % of peak",elementwise_binary,0.02,0.0,0.83,0.0,1.51,8.31,0.0,planner_debate
llm_vl,planner_debate,mir_operator:decode_layer*,True,92.18,profiled,DRAM-bandwidth-bound,gemv,15.23,0.0,73.15,0.0,45.31,16.1,0.67,planner_debate
llm_vl,planner_debate,mir_operator:decode_layer*,True,92.18,profiled,"latency/launch-bound: 0.00 waves per SM, no unit above 30 % of peak",concat,1.59,0.0,0.32,0.0,0.7,9.76,0.17,planner_debate
llm_vl,planner_debate,mir_operator:decode_layer*,True,92.18,profiled,"latency/launch-bound: 0.00 waves per SM, no unit above 30 % of peak",elementwise_other,0.02,0.0,0.81,0.0,1.08,8.28,0.0,planner_debate
llm_vl,planner_debate,mir_operator:decode_layer*,True,92.18,profiled,"latency/launch-bound: 0.08 waves per SM, no unit above 30 % of peak",attention,0.75,12.6,4.27,0.0,2.27,8.3,0.03,planner_debate
llm_vl,planner_debate,mir_operator:decode_layer*,True,92.18,profiled,"latency/launch-bound: 0.00 waves per SM, no unit above 30 % of peak",copy,0.04,0.0,1.09,0.0,1.59,8.3,0.0,planner_debate
llm_vl,planner_debate,mir_operator:decode_layer*,True,92.18,profiled,"latency/launch-bound: 0.00 waves per SM, no unit above 30 % of peak",elementwise_unary,0.02,0.0,0.52,0.0,0.89,7.55,0.0,planner_debate
llm_vl,planner_debate,mir_operator:decode_layer*,True,92.18,profiled,"latency/launch-bound: 0.00 waves per SM, no unit above 30 % of peak",reduce,0.09,0.0,1.96,0.0,3.81,31.82,0.0,planner_debate
llm_vl,planner_debate,mir_operator:decode_layer*,True,92.18,profiled,"latency/launch-bound: 0.00 waves per SM, no unit above 30 % of peak",elementwise_binary,0.02,0.0,0.82,0.0,1.39,8.31,0.0,planner_debate
llm_vl,planner_debate,mir_operator:decode_layer*,True,92.18,profiled,DRAM-bandwidth-bound,gemv,15.28,0.0,73.97,0.0,44.41,15.92,0.67,planner_debate
llm_vl,planner_debate,mir_operator:decode_layer*,True,92.18,profiled,"latency/launch-bound: 0.00 waves per SM, no unit above 30 % of peak",concat,1.59,0.0,0.31,0.0,0.73,9.79,0.17,planner_debate
llm_vl,planner_debate,mir_operator:decode_layer*,True,92.18,profiled,"latency/launch-bound: 0.00 waves per SM, no unit above 30 % of peak",elementwise_other,0.02,0.0,0.81,0.0,1.06,8.28,0.0,planner_debate
llm_vl,planner_debate,mir_operator:decode_layer*,True,92.18,profiled,"latency/launch-bound: 0.08 waves per SM, no unit above 30 % of peak",attention,0.76,12.54,5.66,0.0,2.5,8.3,0.03,planner_debate
llm_vl,planner_debate,mir_operator:decode_layer*,True,92.18,profiled,"latency/launch-bound: 0.00 waves per SM, no unit above 30 % of peak",copy,0.03,0.0,0.92,0.0,1.58,8.29,0.0,planner_debate
llm_vl,planner_debate,mir_operator:decode_layer*,True,92.18,profiled,"latency/launch-bound: 0.00 waves per SM, no unit above 30 % of peak",elementwise_unary,0.02,0.0,0.53,0.0,0.91,7.56,0.0,planner_debate
llm_vl,planner_debate,mir_operator:decode_layer*,True,92.18,profiled,"latency/launch-bound: 0.00 waves per SM, no unit above 30 % of peak",reduce,0.09,0.0,1.96,0.0,3.8,31.94,0.0,planner_debate
llm_vl,planner_debate,mir_operator:decode_layer*,True,92.18,profiled,"latency/launch-bound: 0.00 waves per SM, no unit above 30 % of peak",elementwise_binary,0.02,0.0,0.83,0.0,1.4,8.31,0.0,planner_debate
llm_vl,planner_debate,mir_operator:decode_layer*,True,92.18,profiled,DRAM-bandwidth-bound,gemv,14.98,0.0,72.83,0.0,44.34,15.91,0.67,planner_debate
llm_vl,planner_debate,mir_operator:decode_layer*,True,92.18,profiled,"latency/launch-bound: 0.00 waves per SM, no unit above 30 % of peak",concat,1.56,0.0,0.31,0.0,0.88,9.75,0.17,planner_debate
llm_vl,planner_debate,mir_operator:decode_layer*,True,92.18,profiled,"latency/launch-bound: 0.00 waves per SM, no unit above 30 % of peak",elementwise_other,0.02,0.0,0.81,0.0,1.2,8.27,0.0,planner_debate
llm_vl,planner_debate,mir_operator:decode_layer*,True,92.18,profiled,"latency/launch-bound: 0.08 waves per SM, no unit above 30 % of peak",attention,0.77,12.51,4.35,0.0,2.31,8.27,0.03,planner_debate
llm_vl,planner_debate,mir_operator:decode_layer*,True,92.18,profiled,"latency/launch-bound: 0.00 waves per SM, no unit above 30 % of peak",copy,0.04,0.0,0.93,0.0,1.6,8.29,0.0,planner_debate
llm_vl,planner_debate,mir_operator:decode_layer*,True,92.18,profiled,"latency/launch-bound: 0.00 waves per SM, no unit above 30 % of peak",elementwise_unary,0.02,0.0,0.51,0.0,0.88,7.69,0.0,planner_debate
llm_vl,planner_debate,mir_operator:decode_layer*,True,92.18,profiled,"latency/launch-bound: 0.00 waves per SM, no unit above 30 % of peak",reduce,0.09,0.0,1.95,0.0,3.78,31.87,0.0,planner_debate
llm_vl,planner_debate,mir_operator:decode_layer*,True,92.18,profiled,"latency/launch-bound: 0.00 waves per SM, no unit above 30 % of peak",elementwise_binary,0.02,0.0,0.83,0.0,1.38,8.3,0.0,planner_debate
llm_vl,planner_debate,mir_operator:decode_layer*,True,92.18,profiled,DRAM-bandwidth-bound,gemv,15.23,0.0,73.25,0.0,45.07,16.01,0.67,planner_debate
llm_vl,planner_debate,mir_operator:decode_layer*,True,92.18,profiled,"latency/launch-bound: 0.00 waves per SM, no unit above 30 % of peak",concat,1.66,0.0,0.31,0.0,0.71,9.74,0.17,planner_debate
llm_vl,planner_debate,mir_operator:decode_layer*,True,92.18,profiled,"latency/launch-bound: 0.00 waves per SM, no unit above 30 % of peak",elementwise_other,0.02,0.0,0.82,0.0,1.05,8.29,0.0,planner_debate
llm_vl,planner_debate,mir_operator:decode_layer*,True,92.18,profiled,"latency/launch-bound: 0.08 waves per SM, no unit above 30 % of peak",attention,0.77,12.53,4.35,0.0,2.31,8.3,0.03,planner_debate
llm_vl,planner_debate,mir_operator:decode_layer*,True,92.18,profiled,"latency/launch-bound: 0.00 waves per SM, no unit above 30 % of peak",copy,0.04,0.0,0.9,0.0,1.77,8.28,0.0,planner_debate
llm_vl,planner_debate,mir_operator:decode_layer*,True,92.18,profiled,"latency/launch-bound: 0.00 waves per SM, no unit above 30 % of peak",elementwise_unary,0.02,0.0,0.71,0.0,0.9,7.75,0.0,planner_debate
llm_vl,planner_debate,mir_operator:decode_layer*,True,92.18,profiled,"latency/launch-bound: 0.00 waves per SM, no unit above 30 % of peak",reduce,0.09,0.0,1.96,0.0,3.8,31.85,0.0,planner_debate
llm_vl,planner_debate,mir_operator:decode_layer*,True,92.18,profiled,"latency/launch-bound: 0.00 waves per SM, no unit above 30 % of peak",elementwise_binary,0.02,0.0,0.82,0.0,1.57,8.3,0.0,planner_debate
llm_vl,planner_debate,mir_operator:decode_layer*,True,92.18,profiled,DRAM-bandwidth-bound,gemv,15.34,0.0,74.58,0.0,42.87,16.02,0.67,planner_debate
llm_vl,planner_debate,mir_operator:decode_layer*,True,92.18,profiled,"latency/launch-bound: 0.00 waves per SM, no unit above 30 % of peak",concat,1.58,0.0,0.31,0.0,0.73,9.78,0.17,planner_debate
llm_vl,planner_debate,mir_operator:decode_layer*,True,92.18,profiled,"latency/launch-bound: 0.00 waves per SM, no unit above 30 % of peak",elementwise_other,0.02,0.0,0.81,0.0,1.09,8.26,0.0,planner_debate
llm_vl,planner_debate,mir_operator:decode_layer*,True,92.18,profiled,"latency/launch-bound: 0.08 waves per SM, no unit above 30 % of peak",attention,0.75,12.53,4.33,0.0,2.34,8.31,0.03,planner_debate
llm_vl,planner_debate,mir_operator:decode_layer*,True,92.18,profiled,"latency/launch-bound: 0.00 waves per SM, no unit above 30 % of peak",copy,0.04,0.0,0.91,0.0,2.02,8.3,0.0,planner_debate
llm_vl,planner_debate,mir_operator:decode_layer*,True,92.18,profiled,"latency/launch-bound: 0.00 waves per SM, no unit above 30 % of peak",elementwise_unary,0.02,0.0,0.54,0.0,0.89,7.71,0.0,planner_debate
llm_vl,planner_debate,mir_operator:decode_layer*,True,92.18,profiled,"latency/launch-bound: 0.00 waves per SM, no unit above 30 % of peak",reduce,0.09,0.0,1.96,0.0,3.79,31.86,0.0,planner_debate
llm_vl,planner_debate,mir_operator:decode_layer*,True,92.18,profiled,"latency/launch-bound: 0.00 waves per SM, no unit above 30 % of peak",elementwise_binary,0.02,0.0,0.82,0.0,1.48,8.3,0.0,planner_debate
llm_vl,planner_debate,mir_operator:decode_layer*,True,92.18,profiled,DRAM-bandwidth-bound,gemv,15.17,0.0,73.77,0.0,43.44,15.99,0.67,planner_debate
llm_vl,planner_debate,mir_operator:decode_layer*,True,92.18,profiled,"latency/launch-bound: 0.00 waves per SM, no unit above 30 % of peak",concat,1.53,0.0,0.31,0.0,0.73,9.79,0.17,planner_debate
llm_vl,planner_debate,mir_operator:decode_layer*,True,92.18,profiled,"latency/launch-bound: 0.00 waves per SM, no unit above 30 % of peak",elementwise_other,0.02,0.0,0.81,0.0,1.07,8.28,0.0,planner_debate
llm_vl,planner_debate,mir_operator:decode_layer*,True,92.18,profiled,"latency/launch-bound: 0.08 waves per SM, no unit above 30 % of peak",attention,0.77,12.48,4.72,0.0,2.4,8.3,0.03,planner_debate
llm_vl,planner_debate,mir_operator:decode_layer*,True,92.18,profiled,"latency/launch-bound: 0.00 waves per SM, no unit above 30 % of peak",copy,0.04,0.0,0.92,0.0,1.57,8.29,0.0,planner_debate
llm_vl,planner_debate,mir_operator:decode_layer*,True,92.18,profiled,"latency/launch-bound: 0.00 waves per SM, no unit above 30 % of peak",elementwise_unary,0.02,0.0,0.53,0.0,0.89,7.68,0.0,planner_debate
llm_vl,planner_debate,mir_operator:decode_layer*,True,92.18,profiled,"latency/launch-bound: 0.00 waves per SM, no unit above 30 % of peak",reduce,0.09,0.0,1.96,0.0,3.79,31.86,0.0,planner_debate
llm_vl,planner_debate,mir_operator:decode_layer*,True,92.18,profiled,"latency/launch-bound: 0.00 waves per SM, no unit above 30 % of peak",elementwise_binary,0.02,0.0,0.82,0.0,1.47,8.31,0.0,planner_debate
llm_vl,planner_debate,mir_operator:decode_layer*,True,92.18,profiled,DRAM-bandwidth-bound,gemv,15.11,0.0,73.61,0.0,44.01,16.02,0.67,planner_debate
llm_vl,planner_debate,mir_operator:decode_layer*,True,92.18,profiled,"latency/launch-bound: 0.00 waves per SM, no unit above 30 % of peak",concat,1.65,0.0,0.31,0.0,0.71,9.82,0.17,planner_debate
llm_vl,planner_debate,mir_operator:decode_layer*,True,92.18,profiled,"latency/launch-bound: 0.00 waves per SM, no unit above 30 % of peak",elementwise_other,0.02,0.0,0.82,0.0,1.08,8.28,0.0,planner_debate
llm_vl,planner_debate,mir_operator:decode_layer*,True,92.18,profiled,"latency/launch-bound: 0.08 waves per SM, no unit above 30 % of peak",attention,0.77,12.37,4.36,0.0,2.33,8.3,0.03,planner_debate
llm_vl,planner_debate,mir_operator:decode_layer*,True,92.18,profiled,"latency/launch-bound: 0.00 waves per SM, no unit above 30 % of peak",copy,0.03,0.0,0.92,0.0,1.86,8.29,0.0,planner_debate
llm_vl,planner_debate,mir_operator:decode_layer*,True,92.18,profiled,"latency/launch-bound: 0.00 waves per SM, no unit above 30 % of peak",elementwise_unary,0.02,0.0,0.52,0.0,0.91,7.67,0.0,planner_debate
llm_vl,planner_debate,mir_operator:decode_layer*,True,92.18,profiled,"latency/launch-bound: 0.00 waves per SM, no unit above 30 % of peak",reduce,0.09,0.0,1.95,0.0,3.8,31.87,0.0,planner_debate
llm_vl,planner_debate,mir_operator:decode_layer*,True,92.18,profiled,"latency/launch-bound: 0.00 waves per SM, no unit above 30 % of peak",elementwise_binary,0.02,0.0,0.82,0.0,1.37,8.31,0.0,planner_debate
llm_vl,planner_debate,mir_operator:decode_layer*,True,92.18,profiled,DRAM-bandwidth-bound,gemv,15.4,0.0,73.83,0.0,44.77,16.04,0.67,planner_debate
llm_vl,planner_debate,mir_operator:decode_layer*,True,92.18,profiled,"latency/launch-bound: 0.00 waves per SM, no unit above 30 % of peak",concat,1.61,0.0,0.35,0.0,0.73,9.72,0.17,planner_debate
llm_vl,planner_debate,mir_operator:decode_layer*,True,92.18,profiled,"latency/launch-bound: 0.00 waves per SM, no unit above 30 % of peak",elementwise_other,0.02,0.0,0.82,0.0,1.33,8.28,0.0,planner_debate
llm_vl,planner_debate,mir_operator:decode_layer*,True,92.18,profiled,"latency/launch-bound: 0.08 waves per SM, no unit above 30 % of peak",attention,0.76,12.56,4.28,0.0,2.46,8.31,0.03,planner_debate
llm_vl,planner_debate,mir_operator:decode_layer*,True,92.18,profiled,"latency/launch-bound: 0.00 waves per SM, no unit above 30 % of peak",copy,0.04,0.0,0.92,0.0,1.96,8.3,0.0,planner_debate
llm_vl,planner_debate,mir_operator:decode_layer*,True,92.18,profiled,"latency/launch-bound: 0.00 waves per SM, no unit above 30 % of peak",elementwise_unary,0.02,0.0,0.53,0.0,0.89,7.67,0.0,planner_debate
llm_vl,planner_debate,mir_operator:decode_layer*,True,92.18,profiled,"latency/launch-bound: 0.00 waves per SM, no unit above 30 % of peak",reduce,0.09,0.0,1.96,0.0,3.8,31.83,0.0,planner_debate
llm_vl,planner_debate,mir_operator:decode_layer*,True,92.18,profiled,"latency/launch-bound: 0.00 waves per SM, no unit above 30 % of peak",elementwise_binary,0.02,0.0,0.83,0.0,1.39,8.31,0.0,planner_debate
llm_vl,planner_debate,mir_operator:decode_layer*,True,92.18,profiled,DRAM-bandwidth-bound,gemv,15.21,0.0,74.15,0.0,44.94,16.08,0.67,planner_debate
llm_vl,planner_debate,mir_operator:decode_layer*,True,92.18,profiled,"latency/launch-bound: 0.00 waves per SM, no unit above 30 % of peak",concat,1.65,0.0,0.32,0.0,0.74,9.68,0.17,planner_debate
llm_vl,planner_debate,mir_operator:decode_layer*,True,92.18,profiled,"latency/launch-bound: 0.00 waves per SM, no unit above 30 % of peak",elementwise_other,0.02,0.0,0.81,0.0,1.05,8.28,0.0,planner_debate
llm_vl,planner_debate,mir_operator:decode_layer*,True,92.18,profiled,"latency/launch-bound: 0.08 waves per SM, no unit above 30 % of peak",attention,0.75,12.56,4.33,0.0,2.32,8.3,0.03,planner_debate
llm_vl,planner_debate,mir_operator:decode_layer*,True,92.18,profiled,"latency/launch-bound: 0.00 waves per SM, no unit above 30 % of peak",copy,0.04,0.0,0.93,0.0,1.55,8.3,0.0,planner_debate
llm_vl,planner_debate,mir_operator:decode_layer*,True,92.18,profiled,"latency/launch-bound: 0.00 waves per SM, no unit above 30 % of peak",elementwise_unary,0.02,0.0,0.53,0.0,0.88,7.69,0.0,planner_debate
llm_vl,planner_debate,mir_operator:decode_layer*,True,92.18,profiled,"latency/launch-bound: 0.00 waves per SM, no unit above 30 % of peak",reduce,0.09,0.0,1.96,0.0,3.8,31.83,0.0,planner_debate
llm_vl,planner_debate,mir_operator:decode_layer*,True,92.18,profiled,"latency/launch-bound: 0.00 waves per SM, no unit above 30 % of peak",elementwise_binary,0.02,0.0,0.82,0.0,1.4,8.31,0.0,planner_debate
llm_vl,planner_debate,mir_operator:decode_layer*,True,92.18,profiled,DRAM-bandwidth-bound,gemv,15.05,0.0,72.84,0.0,44.78,16.11,0.67,planner_debate
llm_vl,planner_debate,mir_operator:decode_layer*,True,92.18,profiled,"latency/launch-bound: 0.00 waves per SM, no unit above 30 % of peak",concat,1.64,0.0,0.3,0.0,0.7,9.82,0.17,planner_debate
llm_vl,planner_debate,mir_operator:decode_layer*,True,92.18,profiled,"latency/launch-bound: 0.00 waves per SM, no unit above 30 % of peak",elementwise_other,0.02,0.0,0.81,0.0,1.05,8.28,0.0,planner_debate
llm_vl,planner_debate,mir_operator:decode_layer*,True,92.18,profiled,"latency/launch-bound: 0.08 waves per SM, no unit above 30 % of peak",attention,0.77,12.55,4.3,0.0,2.29,8.3,0.03,planner_debate
llm_vl,planner_debate,mir_operator:decode_layer*,True,92.18,profiled,"latency/launch-bound: 0.00 waves per SM, no unit above 30 % of peak",copy,0.04,0.0,0.92,0.0,1.58,8.29,0.0,planner_debate
llm_vl,planner_debate,mir_operator:decode_layer*,True,92.18,profiled,"latency/launch-bound: 0.00 waves per SM, no unit above 30 % of peak",elementwise_unary,0.02,0.0,0.54,0.0,0.9,7.45,0.0,planner_debate
llm_vl,planner_debate,mir_operator:decode_layer*,True,92.18,profiled,"latency/launch-bound: 0.00 waves per SM, no unit above 30 % of peak",reduce,0.09,0.0,1.96,0.0,3.8,31.84,0.0,planner_debate
llm_vl,planner_debate,mir_operator:decode_layer*,True,92.18,profiled,"latency/launch-bound: 0.00 waves per SM, no unit above 30 % of peak",elementwise_binary,0.02,0.0,0.82,0.0,1.37,8.31,0.0,planner_debate
llm_vl,planner_debate,mir_operator:decode_layer*,True,92.18,profiled,DRAM-bandwidth-bound,gemv,15.28,0.0,74.31,0.0,44.45,16.12,0.67,planner_debate
llm_vl,planner_debate,mir_operator:decode_layer*,True,92.18,profiled,"latency/launch-bound: 0.00 waves per SM, no unit above 30 % of peak",concat,1.67,0.0,0.32,0.0,0.7,9.77,0.17,planner_debate
llm_vl,planner_debate,mir_operator:decode_layer*,True,92.18,profiled,"latency/launch-bound: 0.00 waves per SM, no unit above 30 % of peak",elementwise_other,0.02,0.0,0.81,0.0,1.4,8.28,0.0,planner_debate
llm_vl,planner_debate,mir_operator:decode_layer*,True,92.18,profiled,"latency/launch-bound: 0.08 waves per SM, no unit above 30 % of peak",attention,0.77,12.55,4.35,0.0,2.33,8.3,0.03,planner_debate
llm_vl,planner_debate,mir_operator:decode_layer*,True,92.18,profiled,"latency/launch-bound: 0.00 waves per SM, no unit above 30 % of peak",copy,0.04,0.0,0.9,0.0,1.55,8.29,0.0,planner_debate
llm_vl,planner_debate,mir_operator:decode_layer*,True,92.18,profiled,"latency/launch-bound: 0.00 waves per SM, no unit above 30 % of peak",elementwise_unary,0.02,0.0,0.53,0.0,0.9,7.58,0.0,planner_debate
llm_vl,planner_debate,mir_operator:decode_layer*,True,92.18,profiled,"latency/launch-bound: 0.00 waves per SM, no unit above 30 % of peak",reduce,0.09,0.0,1.96,0.0,3.79,31.86,0.0,planner_debate
llm_vl,planner_debate,mir_operator:decode_layer*,True,92.18,profiled,"latency/launch-bound: 0.00 waves per SM, no unit above 30 % of peak",elementwise_binary,0.02,0.0,0.82,0.0,1.38,8.3,0.0,planner_debate
llm_vl,planner_debate,mir_operator:decode_layer*,True,92.18,profiled,DRAM-bandwidth-bound,gemv,15.16,0.0,73.77,0.0,43.85,15.88,0.67,planner_debate
llm_vl,planner_debate,mir_operator:decode_layer*,True,92.18,profiled,"latency/launch-bound: 0.00 waves per SM, no unit above 30 % of peak",concat,1.65,0.0,0.32,0.0,0.71,9.75,0.17,planner_debate
llm_vl,planner_debate,mir_operator:decode_layer*,True,92.18,profiled,"latency/launch-bound: 0.00 waves per SM, no unit above 30 % of peak",elementwise_other,0.02,0.0,0.81,0.0,1.06,8.28,0.0,planner_debate
llm_vl,planner_debate,mir_operator:decode_layer*,True,92.18,profiled,"latency/launch-bound: 0.08 waves per SM, no unit above 30 % of peak",attention,0.77,5.9,4.34,0.0,2.35,8.3,0.03,planner_debate
llm_vl,planner_debate,mir_operator:decode_layer*,True,92.18,profiled,"latency/launch-bound: 0.00 waves per SM, no unit above 30 % of peak",copy,0.04,0.0,0.97,0.0,1.58,8.29,0.0,planner_debate
llm_vl,planner_debate,mir_operator:decode_layer*,True,92.18,profiled,"latency/launch-bound: 0.00 waves per SM, no unit above 30 % of peak",elementwise_unary,0.02,0.0,0.51,0.0,0.88,7.63,0.0,planner_debate
llm_vl,planner_debate,mir_operator:decode_layer*,True,92.18,profiled,"latency/launch-bound: 0.00 waves per SM, no unit above 30 % of peak",reduce,0.09,0.0,1.94,0.0,3.77,31.91,0.0,planner_debate
llm_vl,planner_debate,mir_operator:decode_layer*,True,92.18,profiled,"latency/launch-bound: 0.00 waves per SM, no unit above 30 % of peak",elementwise_binary,0.02,0.0,0.82,0.0,1.38,8.31,0.0,planner_debate
llm_vl,planner_debate,mir_operator:decode_layer*,True,92.18,profiled,DRAM-bandwidth-bound,gemv,15.43,0.0,74.52,0.0,44.93,16.02,0.67,planner_debate
llm_vl,planner_debate,mir_operator:decode_layer*,True,92.18,profiled,"latency/launch-bound: 0.00 waves per SM, no unit above 30 % of peak",concat,1.61,0.0,0.31,0.0,0.7,9.96,0.17,planner_debate
llm_vl,planner_debate,mir_operator:decode_layer*,True,92.18,profiled,"latency/launch-bound: 0.00 waves per SM, no unit above 30 % of peak",elementwise_other,0.02,0.0,0.81,0.0,1.09,8.29,0.0,planner_debate
llm_vl,planner_debate,mir_operator:decode_layer*,True,92.18,profiled,"latency/launch-bound: 0.08 waves per SM, no unit above 30 % of peak",attention,0.75,12.49,4.34,0.0,2.31,8.3,0.03,planner_debate
llm_vl,planner_debate,mir_operator:decode_layer*,True,92.18,profiled,"latency/launch-bound: 0.00 waves per SM, no unit above 30 % of peak",copy,0.01,0.0,0.93,0.0,1.87,8.3,0.0,planner_debate
llm_vl,planner_debate,mir_operator:decode_layer*,True,92.18,profiled,"latency/launch-bound: 0.00 waves per SM, no unit above 30 % of peak",elementwise_unary,0.02,0.0,0.54,0.0,0.9,7.49,0.0,planner_debate
llm_vl,planner_debate,mir_operator:decode_layer*,True,92.18,profiled,"latency/launch-bound: 0.00 waves per SM, no unit above 30 % of peak",reduce,0.09,0.0,1.96,0.0,3.8,31.85,0.0,planner_debate
llm_vl,planner_debate,mir_operator:decode_layer*,True,92.18,profiled,"latency/launch-bound: 0.00 waves per SM, no unit above 30 % of peak",elementwise_binary,0.02,0.0,0.82,0.0,1.4,8.31,0.0,planner_debate
llm_vl,planner_debate,mir_operator:decode_layer*,True,92.18,profiled,DRAM-bandwidth-bound,gemv,14.99,0.0,72.51,0.0,44.48,15.92,0.67,planner_debate
llm_vl,planner_debate,mir_operator:decode_layer*,True,92.18,profiled,"latency/launch-bound: 0.00 waves per SM, no unit above 30 % of peak",concat,1.65,0.0,0.31,0.0,0.7,9.91,0.17,planner_debate
llm_vl,planner_debate,mir_operator:decode_layer*,True,92.18,profiled,"latency/launch-bound: 0.00 waves per SM, no unit above 30 % of peak",elementwise_other,0.02,0.0,0.82,0.0,1.07,8.28,0.0,planner_debate
llm_vl,planner_debate,mir_operator:decode_layer*,True,92.18,profiled,"latency/launch-bound: 0.08 waves per SM, no unit above 30 % of peak",attention,0.77,12.42,2.53,0.0,1.49,8.3,0.03,planner_debate
llm_vl,planner_debate,mir_operator:decode_layer*,True,92.18,profiled,"latency/launch-bound: 0.00 waves per SM, no unit above 30 % of peak",copy,0.04,0.0,0.91,0.0,1.56,8.29,0.0,planner_debate
llm_vl,planner_debate,mir_operator:decode_layer*,True,92.18,profiled,"latency/launch-bound: 0.00 waves per SM, no unit above 30 % of peak",elementwise_unary,0.02,0.0,0.73,0.0,0.92,7.73,0.0,planner_debate
llm_vl,planner_debate,mir_operator:decode_layer*,True,92.18,profiled,"latency/launch-bound: 0.00 waves per SM, no unit above 30 % of peak",reduce,0.09,0.0,1.96,0.0,3.79,31.86,0.0,planner_debate
llm_vl,planner_debate,mir_operator:decode_layer*,True,92.18,profiled,"latency/launch-bound: 0.00 waves per SM, no unit above 30 % of peak",elementwise_binary,0.02,0.0,0.82,0.0,1.38,8.3,0.0,planner_debate
llm_vl,planner_debate,mir_operator:decode_layer*,True,92.18,profiled,DRAM-bandwidth-bound,gemv,15.15,0.0,73.61,0.0,45.37,15.96,0.67,planner_debate
llm_vl,planner_debate,mir_operator:decode_layer*,True,92.18,profiled,"latency/launch-bound: 0.00 waves per SM, no unit above 30 % of peak",concat,1.57,0.0,0.31,0.0,0.69,10.08,0.17,planner_debate
llm_vl,planner_debate,mir_operator:decode_layer*,True,92.18,profiled,"latency/launch-bound: 0.00 waves per SM, no unit above 30 % of peak",elementwise_other,0.02,0.0,0.81,0.0,1.09,8.27,0.0,planner_debate
llm_vl,planner_debate,mir_operator:decode_layer*,True,92.18,profiled,"latency/launch-bound: 0.08 waves per SM, no unit above 30 % of peak",attention,0.76,12.52,4.33,0.0,2.32,8.29,0.03,planner_debate
llm_vl,planner_debate,mir_operator:decode_layer*,True,92.18,profiled,"latency/launch-bound: 0.00 waves per SM, no unit above 30 % of peak",copy,0.04,0.0,0.93,0.0,1.58,8.3,0.0,planner_debate
llm_vl,planner_debate,mir_operator:decode_layer*,True,92.18,profiled,"latency/launch-bound: 0.00 waves per SM, no unit above 30 % of peak",elementwise_unary,0.02,0.0,0.52,0.0,0.89,7.71,0.0,planner_debate
llm_vl,planner_debate,mir_operator:decode_layer*,True,92.18,profiled,"latency/launch-bound: 0.00 waves per SM, no unit above 30 % of peak",reduce,0.09,0.0,1.95,0.0,3.78,31.92,0.0,planner_debate
llm_vl,planner_debate,mir_operator:decode_layer*,True,92.18,profiled,"latency/launch-bound: 0.00 waves per SM, no unit above 30 % of peak",elementwise_binary,0.02,0.0,0.83,0.0,1.4,8.3,0.0,planner_debate
llm_vl,planner_debate,mir_operator:decode_layer*,True,92.18,profiled,DRAM-bandwidth-bound,gemv,15.22,0.0,73.7,0.0,44.38,16.08,0.67,planner_debate
llm_vl,planner_debate,mir_operator:decode_layer*,True,92.18,profiled,"latency/launch-bound: 0.00 waves per SM, no unit above 30 % of peak",concat,1.58,0.0,0.31,0.0,0.7,9.82,0.17,planner_debate
llm_vl,planner_debate,mir_operator:decode_layer*,True,92.18,profiled,"latency/launch-bound: 0.00 waves per SM, no unit above 30 % of peak",elementwise_other,0.02,0.0,0.81,0.0,1.06,8.28,0.0,planner_debate
llm_vl,planner_debate,mir_operator:decode_layer*,True,92.18,profiled,"latency/launch-bound: 0.08 waves per SM, no unit above 30 % of peak",attention,0.77,12.55,4.31,0.0,2.31,8.29,0.03,planner_debate
llm_vl,planner_debate,mir_operator:decode_layer*,True,92.18,profiled,"latency/launch-bound: 0.00 waves per SM, no unit above 30 % of peak",copy,0.04,0.0,0.93,0.0,1.69,8.27,0.0,planner_debate
llm_vl,planner_debate,mir_operator:decode_layer*,True,92.18,profiled,"latency/launch-bound: 0.00 waves per SM, no unit above 30 % of peak",elementwise_unary,0.02,0.0,0.54,0.0,0.9,7.69,0.0,planner_debate
llm_vl,planner_debate,mir_operator:decode_layer*,True,92.18,profiled,"latency/launch-bound: 0.00 waves per SM, no unit above 30 % of peak",reduce,0.09,0.0,1.96,0.0,3.77,31.91,0.0,planner_debate
llm_vl,planner_debate,mir_operator:decode_layer*,True,92.18,profiled,"latency/launch-bound: 0.00 waves per SM, no unit above 30 % of peak",elementwise_binary,0.02,0.0,0.83,0.0,1.4,8.31,0.0,planner_debate
llm_vl,planner_debate,mir_operator:decode_layer*,True,92.18,profiled,DRAM-bandwidth-bound,gemv,15.28,0.0,73.97,0.0,43.52,16.0,0.67,planner_debate
llm_vl,planner_debate,mir_operator:decode_layer*,True,92.18,profiled,"latency/launch-bound: 0.00 waves per SM, no unit above 30 % of peak",concat,1.66,0.0,0.31,0.0,0.74,9.72,0.17,planner_debate
llm_vl,planner_debate,mir_operator:decode_layer*,True,92.18,profiled,"latency/launch-bound: 0.00 waves per SM, no unit above 30 % of peak",elementwise_other,0.02,0.0,0.81,0.0,1.08,8.28,0.0,planner_debate
llm_vl,planner_debate,mir_operator:decode_layer*,True,92.18,profiled,"latency/launch-bound: 0.08 waves per SM, no unit above 30 % of peak",attention,0.75,12.42,4.35,0.0,2.33,8.3,0.03,planner_debate
llm_vl,planner_debate,mir_operator:decode_layer*,True,92.18,profiled,"latency/launch-bound: 0.00 waves per SM, no unit above 30 % of peak",copy,0.04,0.0,0.92,0.0,1.57,8.29,0.0,planner_debate
llm_vl,planner_debate,mir_operator:decode_layer*,True,92.18,profiled,"latency/launch-bound: 0.00 waves per SM, no unit above 30 % of peak",elementwise_unary,0.02,0.0,0.51,0.0,0.89,7.69,0.0,planner_debate
llm_vl,planner_debate,mir_operator:decode_layer*,True,92.18,profiled,"latency/launch-bound: 0.00 waves per SM, no unit above 30 % of peak",reduce,0.09,0.0,1.96,0.0,3.8,31.92,0.0,planner_debate
llm_vl,planner_debate,mir_operator:decode_layer*,True,92.18,profiled,"latency/launch-bound: 0.00 waves per SM, no unit above 30 % of peak",elementwise_binary,0.02,0.0,0.83,0.0,1.39,8.3,0.0,planner_debate
llm_vl,planner_debate,mir_operator:decode_layer*,True,92.18,profiled,DRAM-bandwidth-bound,gemv,15.17,0.0,73.77,0.0,44.98,15.96,0.67,planner_debate
llm_vl,planner_debate,mir_operator:decode_layer*,True,92.18,profiled,"latency/launch-bound: 0.00 waves per SM, no unit above 30 % of peak",concat,1.58,0.0,0.31,0.0,0.69,9.73,0.17,planner_debate
llm_vl,planner_debate,mir_operator:decode_layer*,True,92.18,profiled,"latency/launch-bound: 0.00 waves per SM, no unit above 30 % of peak",elementwise_other,0.02,0.0,0.81,0.0,1.05,8.28,0.0,planner_debate
llm_vl,planner_debate,mir_operator:decode_layer*,True,92.18,profiled,"latency/launch-bound: 0.08 waves per SM, no unit above 30 % of peak",attention,0.77,12.41,4.34,0.0,2.33,8.31,0.03,planner_debate
llm_vl,planner_debate,mir_operator:decode_layer*,True,92.18,profiled,"latency/launch-bound: 0.00 waves per SM, no unit above 30 % of peak",copy,0.04,0.0,0.92,0.0,1.57,8.29,0.0,planner_debate
llm_vl,planner_debate,mir_operator:decode_layer*,True,92.18,profiled,"latency/launch-bound: 0.00 waves per SM, no unit above 30 % of peak",elementwise_unary,0.02,0.0,0.53,0.0,0.92,7.6,0.0,planner_debate
llm_vl,planner_debate,mir_operator:decode_layer*,True,92.18,profiled,"latency/launch-bound: 0.00 waves per SM, no unit above 30 % of peak",reduce,0.09,0.0,1.96,0.0,3.78,31.9,0.0,planner_debate
llm_vl,planner_debate,mir_operator:decode_layer*,True,92.18,profiled,"latency/launch-bound: 0.00 waves per SM, no unit above 30 % of peak",elementwise_binary,0.02,0.0,0.82,0.0,1.4,8.31,0.0,planner_debate
llm_vl,planner_debate,mir_operator:decode_layer*,True,92.18,profiled,DRAM-bandwidth-bound,gemv,15.03,0.0,73.77,0.0,45.43,16.04,0.67,planner_debate
llm_vl,planner_debate,mir_operator:decode_layer*,True,92.18,profiled,"latency/launch-bound: 0.00 waves per SM, no unit above 30 % of peak",concat,1.66,0.0,0.31,0.0,0.73,9.71,0.17,planner_debate
llm_vl,planner_debate,mir_operator:decode_layer*,True,92.18,profiled,"latency/launch-bound: 0.00 waves per SM, no unit above 30 % of peak",elementwise_other,0.02,0.0,0.82,0.0,1.07,8.27,0.0,planner_debate
llm_vl,planner_debate,mir_operator:decode_layer*,True,92.18,profiled,"latency/launch-bound: 0.08 waves per SM, no unit above 30 % of peak",attention,0.76,12.51,4.34,0.0,2.32,8.28,0.03,planner_debate
llm_vl,planner_debate,mir_operator:decode_layer*,True,92.18,profiled,"latency/launch-bound: 0.00 waves per SM, no unit above 30 % of peak",copy,0.04,0.0,1.09,0.0,1.86,8.29,0.0,planner_debate
llm_vl,planner_debate,mir_operator:decode_layer*,True,92.18,profiled,"latency/launch-bound: 0.00 waves per SM, no unit above 30 % of peak",elementwise_unary,0.02,0.0,0.52,0.0,0.9,7.67,0.0,planner_debate
llm_vl,planner_debate,mir_operator:decode_layer*,True,92.18,profiled,"latency/launch-bound: 0.00 waves per SM, no unit above 30 % of peak",reduce,0.09,0.0,1.95,0.0,3.77,31.86,0.0,planner_debate
llm_vl,planner_debate,mir_operator:decode_layer*,True,92.18,profiled,"latency/launch-bound: 0.00 waves per SM, no unit above 30 % of peak",elementwise_binary,0.02,0.0,0.82,0.0,1.37,8.3,0.0,planner_debate
llm_vl,planner_debate,mir_operator:decode_layer*,True,92.18,profiled,DRAM-bandwidth-bound,gemv,15.29,0.0,74.74,0.0,44.24,16.03,0.67,planner_debate
llm_vl,planner_debate,mir_operator:decode_layer*,True,92.18,profiled,"latency/launch-bound: 0.00 waves per SM, no unit above 30 % of peak",concat,1.58,0.0,0.32,0.0,0.7,9.82,0.17,planner_debate
llm_vl,planner_debate,mir_operator:decode_layer*,True,92.18,profiled,"latency/launch-bound: 0.00 waves per SM, no unit above 30 % of peak",elementwise_other,0.02,0.0,0.81,0.0,1.07,8.28,0.0,planner_debate
llm_vl,planner_debate,mir_operator:decode_layer*,True,92.18,profiled,"latency/launch-bound: 0.08 waves per SM, no unit above 30 % of peak",attention,0.77,12.54,4.33,0.0,2.31,8.29,0.03,planner_debate
llm_vl,planner_debate,mir_operator:decode_layer*,True,92.18,profiled,"latency/launch-bound: 0.00 waves per SM, no unit above 30 % of peak",copy,0.03,0.0,0.76,0.0,1.04,8.3,0.0,planner_debate
llm_vl,planner_debate,mir_operator:decode_layer*,True,92.18,profiled,"latency/launch-bound: 0.00 waves per SM, no unit above 30 % of peak",elementwise_unary,0.02,0.0,0.71,0.0,0.91,7.73,0.0,planner_debate
llm_vl,planner_debate,mir_operator:decode_layer*,True,92.18,profiled,"latency/launch-bound: 0.00 waves per SM, no unit above 30 % of peak",reduce,0.09,0.0,1.96,0.0,3.79,31.88,0.0,planner_debate
llm_vl,planner_debate,mir_operator:decode_layer*,True,92.18,profiled,"latency/launch-bound: 0.00 waves per SM, no unit above 30 % of peak",elementwise_binary,0.02,0.0,0.82,0.0,1.41,8.31,0.0,planner_debate
llm_vl,planner_debate,mir_operator:decode_layer*,True,92.18,profiled,DRAM-bandwidth-bound,gemv,15.12,0.0,73.56,0.0,45.38,16.09,0.67,planner_debate
llm_vl,planner_debate,mir_operator:decode_layer*,True,92.18,profiled,"latency/launch-bound: 0.00 waves per SM, no unit above 30 % of peak",concat,1.61,0.0,0.31,0.0,0.7,9.83,0.17,planner_debate
llm_vl,planner_debate,mir_operator:decode_layer*,True,92.18,profiled,"latency/launch-bound: 0.00 waves per SM, no unit above 30 % of peak",elementwise_other,0.02,0.0,0.81,0.0,1.05,8.28,0.0,planner_debate
llm_vl,planner_debate,mir_operator:decode_layer*,True,92.18,profiled,"latency/launch-bound: 0.08 waves per SM, no unit above 30 % of peak",attention,0.76,12.38,4.33,0.0,2.33,8.3,0.03,planner_debate
llm_vl,planner_debate,mir_operator:decode_layer*,True,92.18,profiled,"latency/launch-bound: 0.00 waves per SM, no unit above 30 % of peak",copy,0.04,0.0,0.92,0.0,1.61,8.29,0.0,planner_debate
llm_vl,planner_debate,mir_operator:decode_layer*,True,92.18,profiled,"latency/launch-bound: 0.00 waves per SM, no unit above 30 % of peak",elementwise_unary,0.02,0.0,0.53,0.0,0.89,7.65,0.0,planner_debate
llm_vl,planner_debate,mir_operator:decode_layer*,True,92.18,profiled,"latency/launch-bound: 0.00 waves per SM, no unit above 30 % of peak",reduce,0.09,0.0,1.96,0.0,3.78,31.87,0.0,planner_debate
llm_vl,planner_debate,mir_operator:decode_layer*,True,92.18,profiled,"latency/launch-bound: 0.00 waves per SM, no unit above 30 % of peak",elementwise_binary,0.02,0.0,0.82,0.0,1.4,8.3,0.0,planner_debate
llm_vl,planner_debate,mir_operator:decode_layer*,True,92.18,profiled,DRAM-bandwidth-bound,gemv,15.15,0.0,73.56,0.0,44.99,16.0,0.67,planner_debate
llm_vl,planner_debate,mir_operator:decode_layer*,True,92.18,profiled,"latency/launch-bound: 0.00 waves per SM, no unit above 30 % of peak",concat,1.56,0.0,0.31,0.0,0.7,9.71,0.17,planner_debate
llm_vl,planner_debate,mir_operator:decode_layer*,True,92.18,profiled,"latency/launch-bound: 0.00 waves per SM, no unit above 30 % of peak",elementwise_other,0.02,0.0,0.81,0.0,1.38,8.28,0.0,planner_debate
llm_vl,planner_debate,mir_operator:decode_layer*,True,92.18,profiled,"latency/launch-bound: 0.08 waves per SM, no unit above 30 % of peak",attention,0.77,12.56,4.34,0.0,2.33,8.3,0.03,planner_debate
llm_vl,planner_debate,mir_operator:decode_layer*,True,92.18,profiled,"latency/launch-bound: 0.00 waves per SM, no unit above 30 % of peak",copy,0.04,0.0,0.93,0.0,1.6,8.29,0.0,planner_debate
llm_vl,planner_debate,mir_operator:decode_layer*,True,92.18,profiled,"latency/launch-bound: 0.00 waves per SM, no unit above 30 % of peak",elementwise_unary,0.02,0.0,0.72,0.0,0.9,7.6,0.0,planner_debate
llm_vl,planner_debate,mir_operator:decode_layer*,True,92.18,profiled,"latency/launch-bound: 0.00 waves per SM, no unit above 30 % of peak",reduce,0.09,0.0,1.96,0.0,3.8,31.92,0.0,planner_debate
llm_vl,planner_debate,mir_operator:decode_layer*,True,92.18,profiled,"latency/launch-bound: 0.00 waves per SM, no unit above 30 % of peak",elementwise_binary,0.02,0.0,0.82,0.0,1.57,8.31,0.0,planner_debate
llm_vl,planner_debate,mir_operator:decode_layer*,True,92.18,profiled,DRAM-bandwidth-bound,gemv,15.07,0.0,73.75,0.0,44.68,16.01,0.67,planner_debate
llm_vl,planner_debate,mir_operator:decode_layer*,True,92.18,profiled,"latency/launch-bound: 0.00 waves per SM, no unit above 30 % of peak",concat,1.66,0.0,0.32,0.0,1.01,9.72,0.17,planner_debate
llm_vl,planner_debate,mir_operator:decode_layer*,True,92.18,profiled,"latency/launch-bound: 0.00 waves per SM, no unit above 30 % of peak",elementwise_other,0.02,0.0,0.82,0.0,1.06,8.28,0.0,planner_debate
llm_vl,planner_debate,mir_operator:decode_layer*,True,92.18,profiled,"latency/launch-bound: 0.08 waves per SM, no unit above 30 % of peak",attention,0.78,12.48,4.3,0.0,2.29,8.3,0.03,planner_debate
llm_vl,planner_debate,mir_operator:decode_layer*,True,92.18,profiled,"latency/launch-bound: 0.00 waves per SM, no unit above 30 % of peak",copy,0.04,0.0,0.94,0.0,1.61,8.28,0.0,planner_debate
llm_vl,planner_debate,mir_operator:decode_layer*,True,92.18,profiled,"latency/launch-bound: 0.00 waves per SM, no unit above 30 % of peak",elementwise_unary,0.02,0.0,0.52,0.0,0.91,7.7,0.0,planner_debate
llm_vl,planner_debate,mir_operator:decode_layer*,True,92.18,profiled,"latency/launch-bound: 0.00 waves per SM, no unit above 30 % of peak",reduce,0.09,0.0,1.96,0.0,3.8,31.84,0.0,planner_debate
llm_vl,planner_debate,mir_operator:decode_layer*,True,92.18,profiled,"latency/launch-bound: 0.00 waves per SM, no unit above 30 % of peak",elementwise_binary,0.02,0.0,0.83,0.0,1.4,8.3,0.0,planner_debate
llm_vl,planner_debate,mir_operator:decode_layer*,True,92.18,profiled,DRAM-bandwidth-bound,gemv,15.03,0.0,72.78,0.0,44.78,16.01,0.67,planner_debate
llm_vl,planner_debate,mir_operator:decode_layer*,True,92.18,profiled,"latency/launch-bound: 0.00 waves per SM, no unit above 30 % of peak",concat,1.67,0.0,0.31,0.0,0.7,9.71,0.17,planner_debate
llm_vl,planner_debate,mir_operator:decode_layer*,True,92.18,profiled,"latency/launch-bound: 0.00 waves per SM, no unit above 30 % of peak",elementwise_other,0.02,0.0,0.81,0.0,1.25,8.28,0.0,planner_debate
llm_vl,planner_debate,mir_operator:decode_layer*,True,92.18,profiled,"latency/launch-bound: 0.08 waves per SM, no unit above 30 % of peak",attention,0.77,12.42,4.3,0.0,2.31,8.3,0.03,planner_debate
llm_vl,planner_debate,mir_operator:decode_layer*,True,92.18,profiled,"latency/launch-bound: 0.00 waves per SM, no unit above 30 % of peak",copy,0.04,0.0,0.92,0.0,1.58,8.31,0.0,planner_debate
llm_vl,planner_debate,mir_operator:decode_layer*,True,92.18,profiled,"latency/launch-bound: 0.00 waves per SM, no unit above 30 % of peak",elementwise_unary,0.02,0.0,0.52,0.0,0.92,7.72,0.0,planner_debate
llm_vl,planner_debate,mir_operator:decode_layer*,True,92.18,profiled,"latency/launch-bound: 0.00 waves per SM, no unit above 30 % of peak",reduce,0.09,0.0,1.96,0.0,3.79,31.87,0.0,planner_debate
llm_vl,planner_debate,mir_operator:decode_layer*,True,92.18,profiled,"latency/launch-bound: 0.00 waves per SM, no unit above 30 % of peak",elementwise_binary,0.02,0.0,0.83,0.0,1.49,8.31,0.0,planner_debate
llm_vl,planner_debate,mir_operator:decode_layer*,True,92.18,profiled,DRAM-bandwidth-bound,gemv,15.38,0.0,73.77,0.0,45.29,16.13,0.67,planner_debate
llm_vl,planner_debate,mir_operator:decode_layer*,True,92.18,profiled,"latency/launch-bound: 0.00 waves per SM, no unit above 30 % of peak",concat,1.6,0.0,0.32,0.0,0.7,9.64,0.17,planner_debate
llm_vl,planner_debate,mir_operator:decode_layer*,True,92.18,profiled,"latency/launch-bound: 0.00 waves per SM, no unit above 30 % of peak",elementwise_other,0.02,0.0,0.81,0.0,1.11,8.28,0.0,planner_debate
llm_vl,planner_debate,mir_operator:decode_layer*,True,92.18,profiled,"latency/launch-bound: 0.08 waves per SM, no unit above 30 % of peak",attention,0.76,12.52,4.35,0.0,3.53,8.29,0.03,planner_debate
llm_vl,planner_debate,mir_operator:decode_layer*,True,92.18,profiled,"latency/launch-bound: 0.00 waves per SM, no unit above 30 % of peak",copy,0.04,0.0,0.92,0.0,1.97,8.29,0.0,planner_debate
llm_vl,planner_debate,mir_operator:decode_layer*,True,92.18,profiled,"latency/launch-bound: 0.00 waves per SM, no unit above 30 % of peak",elementwise_unary,0.02,0.0,0.53,0.0,0.88,7.64,0.0,planner_debate
llm_vl,planner_debate,mir_operator:decode_layer*,True,92.18,profiled,"latency/launch-bound: 0.00 waves per SM, no unit above 30 % of peak",reduce,0.09,0.0,1.96,0.0,3.8,31.87,0.0,planner_debate
llm_vl,planner_debate,mir_operator:decode_layer*,True,92.18,profiled,"latency/launch-bound: 0.00 waves per SM, no unit above 30 % of peak",elementwise_binary,0.02,0.0,0.82,0.0,1.45,8.31,0.0,planner_debate
llm_vl,planner_debate,mir_operator:decode_layer*,True,92.18,profiled,DRAM-bandwidth-bound,gemv,15.17,0.0,73.98,0.0,45.31,15.99,0.67,planner_debate
llm_vl,planner_debate,mir_operator:decode_layer*,True,92.18,profiled,"latency/launch-bound: 0.00 waves per SM, no unit above 30 % of peak",concat,1.59,0.0,0.31,0.0,0.72,9.88,0.17,planner_debate
llm_vl,planner_debate,mir_operator:decode_layer*,True,92.18,profiled,"latency/launch-bound: 0.00 waves per SM, no unit above 30 % of peak",elementwise_other,0.02,0.0,0.82,0.0,1.06,8.28,0.0,planner_debate
llm_vl,planner_debate,mir_operator:decode_layer*,True,92.18,profiled,"latency/launch-bound: 0.08 waves per SM, no unit above 30 % of peak",attention,0.76,12.33,4.31,0.0,2.3,8.31,0.03,planner_debate
llm_vl,planner_debate,mir_operator:decode_layer*,True,92.18,profiled,"latency/launch-bound: 0.00 waves per SM, no unit above 30 % of peak",copy,0.04,0.0,0.93,0.0,1.59,8.29,0.0,planner_debate
llm_vl,planner_debate,mir_operator:decode_layer*,True,92.18,profiled,"latency/launch-bound: 0.00 waves per SM, no unit above 30 % of peak",elementwise_unary,0.02,0.0,0.53,0.0,0.89,7.73,0.0,planner_debate
llm_vl,planner_debate,mir_operator:decode_layer*,True,92.18,profiled,"latency/launch-bound: 0.00 waves per SM, no unit above 30 % of peak",reduce,0.09,0.0,1.96,0.0,3.81,31.83,0.0,planner_debate
llm_vl,planner_debate,mir_operator:decode_layer*,True,92.18,profiled,"latency/launch-bound: 0.00 waves per SM, no unit above 30 % of peak",elementwise_binary,0.02,0.0,0.82,0.0,1.39,8.31,0.0,planner_debate
llm_vl,planner_debate,mir_operator:decode_layer*,True,92.18,profiled,DRAM-bandwidth-bound,gemv,15.29,0.0,73.39,0.0,45.4,15.97,0.67,planner_debate
llm_vl,planner_debate,mir_operator:decode_layer*,True,92.18,profiled,"latency/launch-bound: 0.00 waves per SM, no unit above 30 % of peak",concat,1.59,0.0,0.31,0.0,0.72,9.76,0.17,planner_debate
llm_vl,planner_debate,mir_operator:decode_layer*,True,92.18,profiled,"latency/launch-bound: 0.00 waves per SM, no unit above 30 % of peak",elementwise_other,0.02,0.0,0.81,0.0,1.05,8.28,0.0,planner_debate
llm_vl,planner_debate,mir_operator:decode_layer*,True,92.18,profiled,"latency/launch-bound: 0.08 waves per SM, no unit above 30 % of peak",attention,0.78,12.55,5.71,0.0,2.61,8.3,0.03,planner_debate
llm_vl,planner_debate,mir_operator:decode_layer*,True,92.18,profiled,"latency/launch-bound: 0.00 waves per SM, no unit above 30 % of peak",copy,0.04,0.0,0.92,0.0,1.85,8.3,0.0,planner_debate
llm_vl,planner_debate,mir_operator:decode_layer*,True,92.18,profiled,"latency/launch-bound: 0.00 waves per SM, no unit above 30 % of peak",elementwise_unary,0.02,0.0,0.54,0.0,0.9,7.58,0.0,planner_debate
llm_vl,planner_debate,mir_operator:decode_layer*,True,92.18,profiled,"latency/launch-bound: 0.00 waves per SM, no unit above 30 % of peak",reduce,0.09,0.0,1.98,0.0,3.83,31.94,0.0,planner_debate
llm_vl,planner_debate,mir_operator:decode_layer*,True,92.18,profiled,"latency/launch-bound: 0.00 waves per SM, no unit above 30 % of peak",elementwise_binary,0.02,0.0,0.83,0.0,1.51,8.31,0.0,planner_debate
llm_vl,planner_debate,mir_operator:decode_layer*,True,92.18,profiled,DRAM-bandwidth-bound,gemv,15.2,0.0,73.88,0.0,44.15,16.06,0.67,planner_debate
llm_vl,planner_debate,mir_operator:decode_layer*,True,92.18,profiled,"latency/launch-bound: 0.00 waves per SM, no unit above 30 % of peak",concat,1.19,0.0,0.31,0.0,0.7,9.14,0.11,planner_debate
llm_vl,planner_debate,mir_operator:decode_layer*,True,92.18,profiled,"latency/launch-bound: 0.00 waves per SM, no unit above 30 % of peak",elementwise_other,0.02,0.0,0.82,0.0,1.07,8.27,0.0,planner_debate
llm_vl,planner_debate,mir_operator:decode_layer*,True,92.18,profiled,"latency/launch-bound: 0.05 waves per SM, no unit above 30 % of peak",attention,0.6,12.74,3.33,0.0,2.11,8.29,0.03,planner_debate
llm_vl,planner_debate,mir_operator:decode_layer*,True,92.18,profiled,"latency/launch-bound: 0.00 waves per SM, no unit above 30 % of peak",copy,0.04,0.0,0.92,0.0,1.57,8.3,0.0,planner_debate
llm_vl,planner_debate,mir_operator:decode_layer*,True,92.18,profiled,"latency/launch-bound: 0.00 waves per SM, no unit above 30 % of peak",elementwise_unary,0.02,0.0,0.53,0.0,0.89,7.69,0.0,planner_debate
llm_vl,planner_debate,mir_operator:decode_layer*,True,92.18,profiled,"latency/launch-bound: 0.00 waves per SM, no unit above 30 % of peak",reduce,0.09,0.0,1.97,0.0,3.82,31.93,0.0,planner_debate
llm_vl,planner_debate,mir_operator:decode_layer*,True,92.18,profiled,"latency/launch-bound: 0.00 waves per SM, no unit above 30 % of peak",elementwise_binary,0.02,0.0,0.83,0.0,1.4,8.31,0.0,planner_debate
llm_vl,planner_debate,mir_operator:decode_layer*,True,92.18,profiled,DRAM-bandwidth-bound,gemv,15.17,0.0,74.64,0.0,45.59,16.1,0.67,planner_debate
llm_vl,planner_debate,mir_operator:decode_layer*,True,92.18,profiled,"latency/launch-bound: 0.00 waves per SM, no unit above 30 % of peak",concat,1.18,0.0,0.31,0.0,0.71,9.13,0.11,planner_debate
llm_vl,planner_debate,mir_operator:decode_layer*,True,92.18,profiled,"latency/launch-bound: 0.00 waves per SM, no unit above 30 % of peak",elementwise_other,0.02,0.0,0.83,0.0,1.08,8.3,0.0,planner_debate
llm_vl,planner_debate,mir_operator:decode_layer*,True,92.18,profiled,"latency/launch-bound: 0.05 waves per SM, no unit above 30 % of peak",attention,0.6,12.62,3.32,0.0,2.14,8.31,0.03,planner_debate
llm_vl,planner_debate,mir_operator:decode_layer*,True,92.18,profiled,"latency/launch-bound: 0.00 waves per SM, no unit above 30 % of peak",copy,0.04,0.0,0.9,0.0,1.75,8.28,0.0,planner_debate
llm_vl,planner_debate,mir_operator:decode_layer*,True,92.18,profiled,"latency/launch-bound: 0.00 waves per SM, no unit above 30 % of peak",elementwise_unary,0.02,0.0,0.54,0.0,0.92,7.64,0.0,planner_debate
llm_vl,planner_debate,mir_operator:decode_layer*,True,92.18,profiled,"latency/launch-bound: 0.00 waves per SM, no unit above 30 % of peak",reduce,0.09,0.0,1.99,0.0,3.85,31.91,0.0,planner_debate
llm_vl,planner_debate,mir_operator:decode_layer*,True,92.18,profiled,"latency/launch-bound: 0.00 waves per SM, no unit above 30 % of peak",elementwise_binary,0.02,0.0,0.83,0.0,1.41,8.31,0.0,planner_debate
llm_vl,planner_debate,mir_operator:decode_layer*,True,92.18,profiled,DRAM-bandwidth-bound,gemv,15.3,0.0,75.28,0.0,44.27,16.02,0.67,planner_debate
llm_vl,planner_debate,mir_operator:decode_layer*,True,92.18,profiled,"latency/launch-bound: 0.00 waves per SM, no unit above 30 % of peak",concat,1.15,0.0,0.32,0.0,0.9,9.08,0.11,planner_debate
llm_vl,planner_debate,mir_operator:decode_layer*,True,92.18,profiled,"latency/launch-bound: 0.00 waves per SM, no unit above 30 % of peak",elementwise_other,0.02,0.0,0.82,0.0,1.42,8.28,0.0,planner_debate
llm_vl,planner_debate,mir_operator:decode_layer*,True,92.18,profiled,"latency/launch-bound: 0.05 waves per SM, no unit above 30 % of peak",attention,0.6,12.62,3.37,0.0,2.14,8.29,0.03,planner_debate
llm_vl,planner_debate,mir_operator:decode_layer*,True,92.18,profiled,"latency/launch-bound: 0.00 waves per SM, no unit above 30 % of peak",copy,0.04,0.0,1.08,0.0,1.84,8.29,0.0,planner_debate
llm_vl,planner_debate,mir_operator:decode_layer*,True,92.18,profiled,"latency/launch-bound: 0.00 waves per SM, no unit above 30 % of peak",elementwise_unary,0.02,0.0,0.54,0.0,0.9,7.66,0.0,planner_debate
llm_vl,planner_debate,mir_operator:decode_layer*,True,92.18,profiled,"latency/launch-bound: 0.00 waves per SM, no unit above 30 % of peak",reduce,0.09,0.0,1.97,0.0,3.81,31.96,0.0,planner_debate
llm_vl,planner_debate,mir_operator:decode_layer*,True,92.18,profiled,"latency/launch-bound: 0.00 waves per SM, no unit above 30 % of peak",elementwise_binary,0.02,0.0,0.82,0.0,1.46,8.31,0.0,planner_debate
llm_vl,planner_debate,mir_operator:decode_layer*,True,92.18,profiled,DRAM-bandwidth-bound,gemv,15.41,0.0,74.9,0.0,45.41,16.13,0.67,planner_debate
llm_vl,planner_debate,mir_operator:decode_layer*,True,92.18,profiled,"latency/launch-bound: 0.00 waves per SM, no unit above 30 % of peak",concat,1.2,0.0,0.35,0.0,0.92,9.13,0.11,planner_debate
llm_vl,planner_debate,mir_operator:decode_layer*,True,92.18,profiled,"latency/launch-bound: 0.00 waves per SM, no unit above 30 % of peak",elementwise_other,0.02,0.0,0.82,0.0,1.12,8.27,0.0,planner_debate
llm_vl,planner_debate,mir_operator:decode_layer*,True,92.18,profiled,"latency/launch-bound: 0.05 waves per SM, no unit above 30 % of peak",attention,0.61,12.65,3.37,0.0,2.14,8.28,0.03,planner_debate
llm_vl,planner_debate,mir_operator:decode_layer*,True,92.18,profiled,"latency/launch-bound: 0.00 waves per SM, no unit above 30 % of peak",copy,0.04,0.0,0.91,0.0,1.77,8.29,0.0,planner_debate
llm_vl,planner_debate,mir_operator:decode_layer*,True,92.18,profiled,"latency/launch-bound: 0.00 waves per SM, no unit above 30 % of peak",elementwise_unary,0.02,0.0,0.54,0.0,0.89,7.66,0.0,planner_debate
llm_vl,planner_debate,mir_operator:decode_layer*,True,92.18,profiled,"latency/launch-bound: 0.00 waves per SM, no unit above 30 % of peak",reduce,0.09,0.0,1.96,0.0,3.79,31.89,0.0,planner_debate
llm_vl,planner_debate,mir_operator:decode_layer*,True,92.18,profiled,"latency/launch-bound: 0.00 waves per SM, no unit above 30 % of peak",elementwise_binary,0.02,0.0,0.83,0.0,1.5,8.31,0.0,planner_debate
llm_vl,planner_debate,mir_operator:decode_layer*,True,92.18,profiled,DRAM-bandwidth-bound,gemv,15.35,0.0,74.65,0.0,45.96,16.13,0.67,planner_debate
llm_vl,planner_debate,mir_operator:decode_layer*,True,92.18,profiled,"latency/launch-bound: 0.00 waves per SM, no unit above 30 % of peak",concat,1.15,0.0,0.31,0.0,0.7,9.1,0.11,planner_debate
llm_vl,planner_debate,mir_operator:decode_layer*,True,92.18,profiled,"latency/launch-bound: 0.00 waves per SM, no unit above 30 % of peak",elementwise_other,0.02,0.0,0.82,0.0,1.24,8.27,0.0,planner_debate
llm_vl,planner_debate,mir_operator:decode_layer*,True,92.18,profiled,"latency/launch-bound: 0.05 waves per SM, no unit above 30 % of peak",attention,0.6,12.52,3.36,0.0,2.2,8.28,0.03,planner_debate
llm_vl,planner_debate,mir_operator:decode_layer*,True,92.18,profiled,"latency/launch-bound: 0.00 waves per SM, no unit above 30 % of peak",copy,0.04,0.0,0.93,0.0,1.63,8.29,0.0,planner_debate
llm_vl,planner_debate,mir_operator:decode_layer*,True,92.18,profiled,"latency/launch-bound: 0.00 waves per SM, no unit above 30 % of peak",elementwise_unary,0.02,0.0,0.54,0.0,0.9,7.68,0.0,planner_debate
llm_vl,planner_debate,mir_operator:decode_layer*,True,92.18,profiled,"latency/launch-bound: 0.00 waves per SM, no unit above 30 % of peak",reduce,0.09,0.0,1.98,0.0,3.84,31.88,0.0,planner_debate
llm_vl,planner_debate,mir_operator:decode_layer*,True,92.18,profiled,"latency/launch-bound: 0.00 waves per SM, no unit above 30 % of peak",elementwise_binary,0.02,0.0,0.83,0.0,1.41,8.3,0.0,planner_debate
llm_vl,planner_debate,mir_operator:decode_layer*,True,92.18,profiled,DRAM-bandwidth-bound,gemv,15.41,0.0,74.87,0.0,45.61,16.09,0.67,planner_debate
llm_vl,planner_debate,mir_operator:decode_layer*,True,92.18,profiled,"latency/launch-bound: 0.00 waves per SM, no unit above 30 % of peak",concat,1.18,0.0,0.31,0.0,0.71,9.17,0.11,planner_debate
llm_vl,planner_debate,mir_operator:decode_layer*,True,92.18,profiled,"latency/launch-bound: 0.00 waves per SM, no unit above 30 % of peak",elementwise_other,0.02,0.0,0.82,0.0,1.13,8.29,0.0,planner_debate
llm_vl,planner_debate,mir_operator:decode_layer*,True,92.18,profiled,"latency/launch-bound: 0.05 waves per SM, no unit above 30 % of peak",attention,0.61,12.57,3.33,0.0,2.14,8.29,0.03,planner_debate
llm_vl,planner_debate,mir_operator:decode_layer*,True,92.18,profiled,"latency/launch-bound: 0.00 waves per SM, no unit above 30 % of peak",copy,0.04,0.0,0.92,0.0,2.26,8.29,0.0,planner_debate
llm_vl,planner_debate,mir_operator:decode_layer*,True,92.18,profiled,"latency/launch-bound: 0.00 waves per SM, no unit above 30 % of peak",elementwise_unary,0.02,0.0,0.43,0.0,0.92,7.35,0.0,planner_debate
llm_vl,planner_debate,mir_operator:decode_layer*,True,92.18,profiled,"latency/launch-bound: 0.00 waves per SM, no unit above 30 % of peak",reduce,0.09,0.0,1.97,0.0,3.81,31.83,0.0,planner_debate
llm_vl,planner_debate,mir_operator:decode_layer*,True,92.18,profiled,"latency/launch-bound: 0.00 waves per SM, no unit above 30 % of peak",elementwise_binary,0.02,0.0,0.83,0.0,1.49,8.31,0.0,planner_debate
llm_vl,planner_debate,mir_operator:decode_layer*,True,92.18,profiled,DRAM-bandwidth-bound,gemv,15.45,0.0,75.08,0.0,45.67,16.06,0.67,planner_debate
llm_vl,planner_debate,mir_operator:decode_layer*,True,92.18,profiled,"latency/launch-bound: 0.00 waves per SM, no unit above 30 % of peak",concat,1.19,0.0,0.28,0.0,0.74,9.14,0.11,planner_debate
llm_vl,planner_debate,mir_operator:decode_layer*,True,92.18,profiled,"latency/launch-bound: 0.00 waves per SM, no unit above 30 % of peak",elementwise_other,0.02,0.0,0.82,0.0,1.25,8.29,0.0,planner_debate
llm_vl,planner_debate,mir_operator:decode_layer*,True,92.18,profiled,"latency/launch-bound: 0.05 waves per SM, no unit above 30 % of peak",attention,0.61,12.58,3.34,0.0,2.13,8.25,0.03,planner_debate
llm_vl,planner_debate,mir_operator:decode_layer*,True,92.18,profiled,"latency/launch-bound: 0.00 waves per SM, no unit above 30 % of peak",copy,0.04,0.0,0.92,0.0,1.57,8.29,0.0,planner_debate
llm_vl,planner_debate,mir_operator:decode_layer*,True,92.18,profiled,"latency/launch-bound: 0.00 waves per SM, no unit above 30 % of peak",elementwise_unary,0.02,0.0,0.53,0.0,0.88,7.62,0.0,planner_debate
llm_vl,planner_debate,mir_operator:decode_layer*,True,92.18,profiled,"latency/launch-bound: 0.00 waves per SM, no unit above 30 % of peak",reduce,0.09,0.0,1.99,0.0,3.83,31.86,0.0,planner_debate
llm_vl,planner_debate,mir_operator:decode_layer*,True,92.18,profiled,"latency/launch-bound: 0.00 waves per SM, no unit above 30 % of peak",elementwise_binary,0.02,0.0,0.83,0.0,1.45,8.31,0.0,planner_debate
llm_vl,planner_debate,mir_operator:decode_layer*,True,92.18,profiled,DRAM-bandwidth-bound,gemv,15.52,0.0,75.32,0.0,46.0,16.16,0.67,planner_debate
llm_vl,planner_debate,mir_operator:decode_layer*,True,92.18,profiled,"latency/launch-bound: 0.00 waves per SM, no unit above 30 % of peak",concat,1.14,0.0,0.32,0.0,0.74,9.12,0.11,planner_debate
llm_vl,planner_debate,mir_operator:decode_layer*,True,92.18,profiled,"latency/launch-bound: 0.00 waves per SM, no unit above 30 % of peak",elementwise_other,0.02,0.0,0.83,0.0,1.08,8.29,0.0,planner_debate
llm_vl,planner_debate,mir_operator:decode_layer*,True,92.18,profiled,"latency/launch-bound: 0.05 waves per SM, no unit above 30 % of peak",attention,0.61,12.76,3.37,0.0,2.17,8.29,0.03,planner_debate
llm_vl,planner_debate,mir_operator:decode_layer*,True,92.18,profiled,"latency/launch-bound: 0.00 waves per SM, no unit above 30 % of peak",copy,0.04,0.0,0.92,0.0,1.6,8.29,0.0,planner_debate
llm_vl,planner_debate,mir_operator:decode_layer*,True,92.18,profiled,"latency/launch-bound: 0.00 waves per SM, no unit above 30 % of peak",elementwise_unary,0.02,0.0,0.54,0.0,0.91,7.56,0.0,planner_debate
llm_vl,planner_debate,mir_operator:decode_layer*,True,92.18,profiled,"latency/launch-bound: 0.00 waves per SM, no unit above 30 % of peak",reduce,0.09,0.0,1.98,0.0,3.81,31.89,0.0,planner_debate
llm_vl,planner_debate,mir_operator:decode_layer*,True,92.18,profiled,"latency/launch-bound: 0.00 waves per SM, no unit above 30 % of peak",elementwise_binary,0.02,0.0,0.83,0.0,1.41,8.31,0.0,planner_debate
llm_vl,planner_debate,mir_operator:decode_layer*,True,92.18,profiled,DRAM-bandwidth-bound,gemv,15.47,0.0,75.43,0.0,46.05,16.14,0.67,planner_debate
llm_vl,planner_debate,mir_operator:decode_layer*,True,92.18,profiled,"latency/launch-bound: 0.00 waves per SM, no unit above 30 % of peak",concat,1.15,0.0,0.35,0.0,0.9,9.11,0.11,planner_debate
llm_vl,planner_debate,mir_operator:decode_layer*,True,92.18,profiled,"latency/launch-bound: 0.00 waves per SM, no unit above 30 % of peak",elementwise_other,0.02,0.0,0.83,0.0,1.07,8.29,0.0,planner_debate
llm_vl,planner_debate,mir_operator:decode_layer*,True,92.18,profiled,"latency/launch-bound: 0.05 waves per SM, no unit above 30 % of peak",attention,0.6,12.38,3.36,0.0,2.17,8.29,0.03,planner_debate
llm_vl,planner_debate,mir_operator:decode_layer*,True,92.18,profiled,"latency/launch-bound: 0.00 waves per SM, no unit above 30 % of peak",copy,0.04,0.0,0.92,0.0,1.62,8.29,0.0,planner_debate
llm_vl,planner_debate,mir_operator:decode_layer*,True,92.18,profiled,"latency/launch-bound: 0.00 waves per SM, no unit above 30 % of peak",elementwise_unary,0.02,0.0,0.54,0.0,0.91,7.53,0.0,planner_debate
llm_vl,planner_debate,mir_operator:decode_layer*,True,92.18,profiled,"latency/launch-bound: 0.00 waves per SM, no unit above 30 % of peak",reduce,0.09,0.0,1.98,0.0,3.87,31.89,0.0,planner_debate
llm_vl,planner_debate,mir_operator:decode_layer*,True,92.18,profiled,"latency/launch-bound: 0.00 waves per SM, no unit above 30 % of peak",elementwise_binary,0.02,0.0,0.83,0.0,1.53,8.31,0.0,planner_debate
llm_vl,planner_debate,mir_operator:decode_layer*,True,92.18,profiled,DRAM-bandwidth-bound,gemv,15.62,0.0,75.29,0.0,46.0,16.12,0.67,planner_debate
llm_vl,planner_debate,mir_operator:decode_layer*,True,92.18,profiled,"latency/launch-bound: 0.00 waves per SM, no unit above 30 % of peak",concat,1.15,0.0,0.31,0.0,0.7,9.13,0.11,planner_debate
llm_vl,planner_debate,mir_operator:decode_layer*,True,92.18,profiled,"latency/launch-bound: 0.00 waves per SM, no unit above 30 % of peak",elementwise_other,0.02,0.0,0.82,0.0,1.09,8.3,0.0,planner_debate
llm_vl,planner_debate,mir_operator:decode_layer*,True,92.18,profiled,"latency/launch-bound: 0.05 waves per SM, no unit above 30 % of peak",attention,0.61,12.58,3.34,0.0,2.14,8.3,0.03,planner_debate
llm_vl,planner_debate,mir_operator:decode_layer*,True,92.18,profiled,"latency/launch-bound: 0.00 waves per SM, no unit above 30 % of peak",copy,0.04,0.0,0.93,0.0,1.87,8.29,0.0,planner_debate
llm_vl,planner_debate,mir_operator:decode_layer*,True,92.18,profiled,"latency/launch-bound: 0.00 waves per SM, no unit above 30 % of peak",elementwise_unary,0.02,0.0,0.54,0.0,0.95,7.65,0.0,planner_debate
llm_vl,planner_debate,mir_operator:decode_layer*,True,92.18,profiled,"latency/launch-bound: 0.00 waves per SM, no unit above 30 % of peak",reduce,0.09,0.0,1.98,0.0,3.87,31.89,0.0,planner_debate
llm_vl,planner_debate,mir_operator:decode_layer*,True,92.18,profiled,"latency/launch-bound: 0.00 waves per SM, no unit above 30 % of peak",elementwise_binary,0.02,0.0,0.84,0.0,1.41,8.31,0.0,planner_debate
llm_vl,planner_debate,mir_operator:decode_layer*,True,92.18,profiled,DRAM-bandwidth-bound,gemv,15.46,0.0,75.29,0.0,46.28,16.12,0.67,planner_debate
llm_vl,planner_debate,mir_operator:decode_layer*,True,92.18,profiled,"latency/launch-bound: 0.00 waves per SM, no unit above 30 % of peak",concat,1.17,0.0,0.32,0.0,0.71,9.08,0.11,planner_debate
llm_vl,planner_debate,mir_operator:decode_layer*,True,92.18,profiled,"latency/launch-bound: 0.00 waves per SM, no unit above 30 % of peak",elementwise_other,0.02,0.0,0.82,0.0,1.37,8.3,0.0,planner_debate
llm_vl,planner_debate,mir_operator:decode_layer*,True,92.18,profiled,"latency/launch-bound: 0.05 waves per SM, no unit above 30 % of peak",attention,0.61,12.52,3.36,0.0,2.25,8.29,0.03,planner_debate
llm_vl,planner_debate,mir_operator:decode_layer*,True,92.18,profiled,"latency/launch-bound: 0.00 waves per SM, no unit above 30 % of peak",copy,0.04,0.0,1.08,0.0,1.86,8.3,0.0,planner_debate
llm_vl,planner_debate,mir_operator:decode_layer*,True,92.18,profiled,"latency/launch-bound: 0.00 waves per SM, no unit above 30 % of peak",elementwise_unary,0.02,0.0,0.73,0.0,0.91,7.69,0.0,planner_debate
llm_vl,planner_debate,mir_operator:decode_layer*,True,92.18,profiled,"latency/launch-bound: 0.00 waves per SM, no unit above 30 % of peak",reduce,0.09,0.0,1.96,0.0,3.83,31.82,0.0,planner_debate
llm_vl,planner_debate,mir_operator:decode_layer*,True,92.18,profiled,"latency/launch-bound: 0.00 waves per SM, no unit above 30 % of peak",elementwise_binary,0.02,0.0,0.83,0.0,1.39,8.31,0.0,planner_debate
llm_vl,planner_debate,mir_operator:decode_layer*,True,92.18,profiled,DRAM-bandwidth-bound,gemv,15.52,0.0,73.84,0.0,45.64,16.12,0.67,planner_debate
llm_vl,planner_debate,mir_operator:decode_layer*,True,92.18,profiled,"latency/launch-bound: 0.00 waves per SM, no unit above 30 % of peak",concat,1.18,0.0,0.31,0.0,0.7,9.14,0.11,planner_debate
llm_vl,planner_debate,mir_operator:decode_layer*,True,92.18,profiled,"latency/launch-bound: 0.00 waves per SM, no unit above 30 % of peak",elementwise_other,0.02,0.0,0.83,0.0,1.12,8.3,0.0,planner_debate
llm_vl,planner_debate,mir_operator:decode_layer*,True,92.18,profiled,"latency/launch-bound: 0.05 waves per SM, no unit above 30 % of peak",attention,0.61,12.6,3.37,0.0,2.16,8.29,0.03,planner_debate
llm_vl,planner_debate,mir_operator:decode_layer*,True,92.18,profiled,"latency/launch-bound: 0.00 waves per SM, no unit above 30 % of peak",copy,0.04,0.0,0.92,0.0,1.6,8.28,0.0,planner_debate
llm_vl,planner_debate,mir_operator:decode_layer*,True,92.18,profiled,"latency/launch-bound: 0.00 waves per SM, no unit above 30 % of peak",elementwise_unary,0.02,0.0,0.55,0.0,0.92,7.62,0.0,planner_debate
llm_vl,planner_debate,mir_operator:decode_layer*,True,92.18,profiled,"latency/launch-bound: 0.00 waves per SM, no unit above 30 % of peak",reduce,0.09,0.0,1.99,0.0,3.84,31.87,0.0,planner_debate
llm_vl,planner_debate,mir_operator:decode_layer*,True,92.18,profiled,"latency/launch-bound: 0.00 waves per SM, no unit above 30 % of peak",elementwise_binary,0.02,0.0,0.83,0.0,1.41,8.31,0.0,planner_debate
llm_vl,planner_debate,mir_operator:decode_layer*,True,92.18,profiled,DRAM-bandwidth-bound,gemv,15.51,0.0,75.29,0.0,45.44,16.13,0.67,planner_debate
llm_vl,planner_debate,mir_operator:decode_layer*,True,92.18,profiled,"latency/launch-bound: 0.00 waves per SM, no unit above 30 % of peak",concat,1.18,0.0,0.31,0.0,0.99,9.14,0.11,planner_debate
llm_vl,planner_debate,mir_operator:decode_layer*,True,92.18,profiled,"latency/launch-bound: 0.00 waves per SM, no unit above 30 % of peak",elementwise_other,0.02,0.0,0.83,0.0,1.08,8.28,0.0,planner_debate
llm_vl,planner_debate,mir_operator:decode_layer*,True,92.18,profiled,"latency/launch-bound: 0.05 waves per SM, no unit above 30 % of peak",attention,0.6,12.69,3.36,0.0,2.16,8.3,0.03,planner_debate
llm_vl,planner_debate,mir_operator:decode_layer*,True,92.18,profiled,"latency/launch-bound: 0.00 waves per SM, no unit above 30 % of peak",copy,0.04,0.0,0.93,0.0,1.59,8.3,0.0,planner_debate
llm_vl,planner_debate,mir_operator:decode_layer*,True,92.18,profiled,"latency/launch-bound: 0.00 waves per SM, no unit above 30 % of peak",elementwise_unary,0.02,0.0,0.54,0.0,0.91,7.66,0.0,planner_debate
llm_vl,planner_debate,mir_operator:decode_layer*,True,92.18,profiled,"latency/launch-bound: 0.00 waves per SM, no unit above 30 % of peak",reduce,0.09,0.0,1.99,0.0,3.84,31.89,0.0,planner_debate
llm_vl,planner_debate,mir_operator:decode_layer*,True,92.18,profiled,"latency/launch-bound: 0.00 waves per SM, no unit above 30 % of peak",elementwise_binary,0.02,0.0,0.84,0.0,1.41,8.31,0.0,planner_debate
llm_vl,planner_debate,mir_operator:decode_layer*,True,92.18,profiled,DRAM-bandwidth-bound,gemv,15.52,0.0,73.87,0.0,45.5,16.07,0.67,planner_debate
llm_vl,planner_debate,mir_operator:decode_layer*,True,92.18,profiled,"latency/launch-bound: 0.00 waves per SM, no unit above 30 % of peak",concat,1.19,0.0,0.31,0.0,0.7,9.17,0.11,planner_debate
llm_vl,planner_debate,mir_operator:decode_layer*,True,92.18,profiled,"latency/launch-bound: 0.00 waves per SM, no unit above 30 % of peak",elementwise_other,0.02,0.0,0.82,0.0,1.27,8.28,0.0,planner_debate
llm_vl,planner_debate,mir_operator:decode_layer*,True,92.18,profiled,"latency/launch-bound: 0.05 waves per SM, no unit above 30 % of peak",attention,0.61,12.48,3.32,0.0,2.11,8.28,0.03,planner_debate
llm_vl,planner_debate,mir_operator:decode_layer*,True,92.18,profiled,"latency/launch-bound: 0.00 waves per SM, no unit above 30 % of peak",copy,0.04,0.0,0.92,0.0,1.56,8.29,0.0,planner_debate
llm_vl,planner_debate,mir_operator:decode_layer*,True,92.18,profiled,"latency/launch-bound: 0.00 waves per SM, no unit above 30 % of peak",elementwise_unary,0.02,0.0,0.54,0.0,0.89,7.65,0.0,planner_debate
llm_vl,planner_debate,mir_operator:decode_layer*,True,92.18,profiled,"latency/launch-bound: 0.00 waves per SM, no unit above 30 % of peak",reduce,0.09,0.0,1.98,0.0,3.84,31.86,0.0,planner_debate
llm_vl,planner_debate,mir_operator:decode_layer*,True,92.18,profiled,"latency/launch-bound: 0.00 waves per SM, no unit above 30 % of peak",elementwise_binary,0.02,0.0,0.84,0.0,1.45,8.31,0.0,planner_debate
llm_vl,planner_debate,mir_operator:decode_layer*,True,92.18,profiled,DRAM-bandwidth-bound,gemv,15.39,0.0,75.17,0.0,46.53,16.1,0.67,planner_debate
llm_vl,planner_debate,mir_operator:decode_layer*,True,92.18,profiled,"latency/launch-bound: 0.00 waves per SM, no unit above 30 % of peak",concat,1.19,0.0,0.35,0.0,0.7,9.15,0.11,planner_debate
llm_vl,planner_debate,mir_operator:decode_layer*,True,92.18,profiled,"latency/launch-bound: 0.00 waves per SM, no unit above 30 % of peak",elementwise_other,0.02,0.0,0.83,0.0,1.44,8.28,0.0,planner_debate
llm_vl,planner_debate,mir_operator:decode_layer*,True,92.18,profiled,"latency/launch-bound: 0.05 waves per SM, no unit above 30 % of peak",attention,0.61,12.59,3.8,0.0,2.28,8.29,0.03,planner_debate
llm_vl,planner_debate,mir_operator:decode_layer*,True,92.18,profiled,"latency/launch-bound: 0.00 waves per SM, no unit above 30 % of peak",copy,0.04,0.0,0.92,0.0,1.59,8.29,0.0,planner_debate
llm_vl,planner_debate,mir_operator:decode_layer*,True,92.18,profiled,"latency/launch-bound: 0.00 waves per SM, no unit above 30 % of peak",elementwise_unary,0.02,0.0,0.54,0.0,0.92,7.69,0.0,planner_debate
llm_vl,planner_debate,mir_operator:decode_layer*,True,92.18,profiled,"latency/launch-bound: 0.00 waves per SM, no unit above 30 % of peak",reduce,0.09,0.0,1.98,0.0,3.82,31.86,0.0,planner_debate
llm_vl,planner_debate,mir_operator:decode_layer*,True,92.18,profiled,"latency/launch-bound: 0.00 waves per SM, no unit above 30 % of peak",elementwise_binary,0.02,0.0,0.82,0.0,1.45,8.3,0.0,planner_debate
llm_vl,planner_debate,mir_operator:decode_layer*,True,92.18,profiled,DRAM-bandwidth-bound,gemv,15.45,0.0,74.15,0.0,45.65,16.13,0.67,planner_debate
llm_vl,planner_debate,mir_operator:decode_layer*,True,92.18,profiled,"latency/launch-bound: 0.00 waves per SM, no unit above 30 % of peak",concat,1.15,0.0,0.32,0.0,0.74,9.12,0.11,planner_debate
llm_vl,planner_debate,mir_operator:decode_layer*,True,92.18,profiled,"latency/launch-bound: 0.00 waves per SM, no unit above 30 % of peak",elementwise_other,0.02,0.0,0.83,0.0,1.1,8.29,0.0,planner_debate
llm_vl,planner_debate,mir_operator:decode_layer*,True,92.18,profiled,"latency/launch-bound: 0.05 waves per SM, no unit above 30 % of peak",attention,0.61,12.63,3.37,0.0,2.23,8.3,0.03,planner_debate
llm_vl,planner_debate,mir_operator:decode_layer*,True,92.18,profiled,"latency/launch-bound: 0.00 waves per SM, no unit above 30 % of peak",copy,0.04,0.0,1.08,0.0,1.86,8.27,0.0,planner_debate
llm_vl,planner_debate,mir_operator:decode_layer*,True,92.18,profiled,"latency/launch-bound: 0.00 waves per SM, no unit above 30 % of peak",elementwise_unary,0.02,0.0,0.54,0.0,0.9,7.67,0.0,planner_debate
llm_vl,planner_debate,mir_operator:decode_layer*,True,92.18,profiled,"latency/launch-bound: 0.00 waves per SM, no unit above 30 % of peak",reduce,0.09,0.0,1.97,0.0,3.81,31.92,0.0,planner_debate
llm_vl,planner_debate,mir_operator:decode_layer*,True,92.18,profiled,"latency/launch-bound: 0.00 waves per SM, no unit above 30 % of peak",elementwise_binary,0.02,0.0,0.83,0.0,1.41,8.31,0.0,planner_debate
llm_vl,planner_debate,mir_operator:decode_layer*,True,92.18,profiled,DRAM-bandwidth-bound,gemv,15.51,0.0,75.16,0.0,44.75,16.18,0.67,planner_debate
llm_vl,planner_debate,mir_operator:decode_layer*,True,92.18,profiled,"latency/launch-bound: 0.00 waves per SM, no unit above 30 % of peak",concat,1.19,0.0,0.32,0.0,0.74,9.15,0.11,planner_debate
llm_vl,planner_debate,mir_operator:decode_layer*,True,92.18,profiled,"latency/launch-bound: 0.00 waves per SM, no unit above 30 % of peak",elementwise_other,0.02,0.0,0.82,0.0,1.07,8.3,0.0,planner_debate
llm_vl,planner_debate,mir_operator:decode_layer*,True,92.18,profiled,"latency/launch-bound: 0.05 waves per SM, no unit above 30 % of peak",attention,0.6,12.74,3.37,0.0,2.17,8.26,0.03,planner_debate
llm_vl,planner_debate,mir_operator:decode_layer*,True,92.18,profiled,"latency/launch-bound: 0.00 waves per SM, no unit above 30 % of peak",copy,0.04,0.0,0.91,0.0,1.57,8.29,0.0,planner_debate
llm_vl,planner_debate,mir_operator:decode_layer*,True,92.18,profiled,"latency/launch-bound: 0.00 waves per SM, no unit above 30 % of peak",elementwise_unary,0.02,0.0,0.54,0.0,0.92,7.79,0.0,planner_debate
llm_vl,planner_debate,mir_operator:decode_layer*,True,92.18,profiled,"latency/launch-bound: 0.00 waves per SM, no unit above 30 % of peak",reduce,0.09,0.0,1.99,0.0,3.83,31.82,0.0,planner_debate
llm_vl,planner_debate,mir_operator:decode_layer*,True,92.18,profiled,"latency/launch-bound: 0.00 waves per SM, no unit above 30 % of peak",elementwise_binary,0.02,0.0,0.83,0.0,1.41,8.31,0.0,planner_debate
llm_vl,planner_debate,mir_operator:decode_layer*,True,92.18,profiled,DRAM-bandwidth-bound,gemv,15.29,0.0,74.69,0.0,45.59,16.09,0.67,planner_debate
llm_vl,planner_debate,mir_operator:decode_layer*,True,92.18,profiled,"latency/launch-bound: 0.00 waves per SM, no unit above 30 % of peak",concat,1.18,0.0,0.32,0.0,0.74,9.05,0.11,planner_debate
llm_vl,planner_debate,mir_operator:decode_layer*,True,92.18,profiled,"latency/launch-bound: 0.00 waves per SM, no unit above 30 % of peak",elementwise_other,0.02,0.0,0.82,0.0,1.07,8.27,0.0,planner_debate
llm_vl,planner_debate,mir_operator:decode_layer*,True,92.18,profiled,"latency/launch-bound: 0.05 waves per SM, no unit above 30 % of peak",attention,0.61,12.71,3.33,0.0,2.16,8.29,0.03,planner_debate
llm_vl,planner_debate,mir_operator:decode_layer*,True,92.18,profiled,"latency/launch-bound: 0.00 waves per SM, no unit above 30 % of peak",copy,0.04,0.0,0.93,0.0,1.65,8.29,0.0,planner_debate
llm_vl,planner_debate,mir_operator:decode_layer*,True,92.18,profiled,"latency/launch-bound: 0.00 waves per SM, no unit above 30 % of peak",elementwise_unary,0.02,0.0,0.54,0.0,0.92,7.68,0.0,planner_debate
llm_vl,planner_debate,mir_operator:decode_layer*,True,92.18,profiled,"latency/launch-bound: 0.00 waves per SM, no unit above 30 % of peak",reduce,0.09,0.0,1.98,0.0,3.83,31.84,0.0,planner_debate
llm_vl,planner_debate,mir_operator:decode_layer*,True,92.18,profiled,"latency/launch-bound: 0.00 waves per SM, no unit above 30 % of peak",elementwise_binary,0.02,0.0,0.83,0.0,1.46,8.31,0.0,planner_debate
llm_vl,planner_debate,mir_operator:decode_layer*,True,92.18,profiled,DRAM-bandwidth-bound,gemv,15.29,0.0,75.18,0.0,46.31,16.17,0.67,planner_debate
llm_vl,planner_debate,mir_operator:decode_layer*,True,92.18,profiled,"latency/launch-bound: 0.00 waves per SM, no unit above 30 % of peak",concat,1.19,0.0,0.35,0.0,0.7,9.12,0.11,planner_debate
llm_vl,planner_debate,mir_operator:decode_layer*,True,92.18,profiled,"latency/launch-bound: 0.00 waves per SM, no unit above 30 % of peak",elementwise_other,0.02,0.0,0.82,0.0,1.27,8.29,0.0,planner_debate
llm_vl,planner_debate,mir_operator:decode_layer*,True,92.18,profiled,"latency/launch-bound: 0.05 waves per SM, no unit above 30 % of peak",attention,0.61,12.55,3.36,0.0,2.16,8.29,0.03,planner_debate
llm_vl,planner_debate,mir_operator:decode_layer*,True,92.18,profiled,"latency/launch-bound: 0.00 waves per SM, no unit above 30 % of peak",copy,0.04,0.0,0.93,0.0,1.64,8.29,0.0,planner_debate
llm_vl,planner_debate,mir_operator:decode_layer*,True,92.18,profiled,"latency/launch-bound: 0.00 waves per SM, no unit above 30 % of peak",elementwise_unary,0.02,0.0,0.54,0.0,0.91,7.68,0.0,planner_debate
llm_vl,planner_debate,mir_operator:decode_layer*,True,92.18,profiled,"latency/launch-bound: 0.00 waves per SM, no unit above 30 % of peak",reduce,0.09,0.0,1.98,0.0,3.9,31.87,0.0,planner_debate
llm_vl,planner_debate,mir_operator:decode_layer*,True,92.18,profiled,"latency/launch-bound: 0.00 waves per SM, no unit above 30 % of peak",elementwise_binary,0.02,0.0,0.83,0.0,1.4,8.31,0.0,planner_debate
llm_vl,planner_debate,mir_operator:decode_layer*,True,92.18,profiled,DRAM-bandwidth-bound,gemv,15.43,0.0,75.09,0.0,46.12,16.12,0.67,planner_debate
llm_vl,planner_debate,mir_operator:decode_layer*,True,92.18,profiled,"latency/launch-bound: 0.00 waves per SM, no unit above 30 % of peak",concat,1.19,0.0,0.31,0.0,0.71,9.13,0.11,planner_debate
llm_vl,planner_debate,mir_operator:decode_layer*,True,92.18,profiled,"latency/launch-bound: 0.00 waves per SM, no unit above 30 % of peak",elementwise_other,0.02,0.0,0.82,0.0,1.08,8.29,0.0,planner_debate
llm_vl,planner_debate,mir_operator:decode_layer*,True,92.18,profiled,"latency/launch-bound: 0.05 waves per SM, no unit above 30 % of peak",attention,0.61,12.5,3.35,0.0,2.16,8.28,0.03,planner_debate
llm_vl,planner_debate,mir_operator:decode_layer*,True,92.18,profiled,"latency/launch-bound: 0.00 waves per SM, no unit above 30 % of peak",copy,0.04,0.0,0.93,0.0,1.84,8.3,0.0,planner_debate
llm_vl,planner_debate,mir_operator:decode_layer*,True,92.18,profiled,"latency/launch-bound: 0.00 waves per SM, no unit above 30 % of peak",elementwise_unary,0.02,0.0,0.54,0.0,0.91,7.69,0.0,planner_debate
llm_vl,planner_debate,mir_operator:decode_layer*,True,92.18,profiled,"latency/launch-bound: 0.00 waves per SM, no unit above 30 % of peak",reduce,0.09,0.0,1.97,0.0,3.84,31.86,0.0,planner_debate
llm_vl,planner_debate,mir_operator:decode_layer*,True,92.18,profiled,"latency/launch-bound: 0.00 waves per SM, no unit above 30 % of peak",elementwise_binary,0.02,0.0,0.83,0.0,1.41,8.31,0.0,planner_debate
llm_vl,planner_debate,mir_operator:decode_layer*,True,92.18,profiled,DRAM-bandwidth-bound,gemv,15.51,0.0,74.41,0.0,45.45,16.07,0.67,planner_debate
llm_vl,planner_debate,mir_operator:decode_layer*,True,92.18,profiled,"latency/launch-bound: 0.00 waves per SM, no unit above 30 % of peak",concat,1.11,0.0,0.31,0.0,1.0,9.13,0.11,planner_debate
llm_vl,planner_debate,mir_operator:decode_layer*,True,92.18,profiled,"latency/launch-bound: 0.00 waves per SM, no unit above 30 % of peak",elementwise_other,0.02,0.0,0.83,0.0,1.23,8.28,0.0,planner_debate
llm_vl,planner_debate,mir_operator:decode_layer*,True,92.18,profiled,"latency/launch-bound: 0.05 waves per SM, no unit above 30 % of peak",attention,0.6,12.78,3.35,0.0,2.25,8.29,0.03,planner_debate
llm_vl,planner_debate,mir_operator:decode_layer*,True,92.18,profiled,"latency/launch-bound: 0.00 waves per SM, no unit above 30 % of peak",copy,0.04,0.0,0.91,0.0,1.57,8.29,0.0,planner_debate
llm_vl,planner_debate,mir_operator:decode_layer*,True,92.18,profiled,"latency/launch-bound: 0.00 waves per SM, no unit above 30 % of peak",elementwise_unary,0.02,0.0,0.55,0.0,0.93,7.72,0.0,planner_debate
llm_vl,planner_debate,mir_operator:decode_layer*,True,92.18,profiled,"latency/launch-bound: 0.00 waves per SM, no unit above 30 % of peak",reduce,0.09,0.0,1.98,0.0,3.84,31.88,0.0,planner_debate
llm_vl,planner_debate,mir_operator:decode_layer*,True,92.18,profiled,"latency/launch-bound: 0.00 waves per SM, no unit above 30 % of peak",elementwise_binary,0.02,0.0,0.83,0.0,1.46,8.3,0.0,planner_debate
llm_vl,planner_debate,mir_operator:decode_layer*,True,92.18,profiled,DRAM-bandwidth-bound,gemv,15.45,0.0,74.51,0.0,45.69,16.1,0.67,planner_debate
llm_vl,planner_debate,mir_operator:decode_layer*,True,92.18,profiled,"latency/launch-bound: 0.00 waves per SM, no unit above 30 % of peak",concat,1.18,0.0,0.32,0.0,0.74,9.15,0.11,planner_debate
llm_vl,planner_debate,mir_operator:decode_layer*,True,92.18,profiled,"latency/launch-bound: 0.00 waves per SM, no unit above 30 % of peak",elementwise_other,0.02,0.0,0.82,0.0,1.08,8.29,0.0,planner_debate
llm_vl,planner_debate,mir_operator:decode_layer*,True,92.18,profiled,"latency/launch-bound: 0.05 waves per SM, no unit above 30 % of peak",attention,0.61,12.78,3.36,0.0,2.16,8.3,0.03,planner_debate
llm_vl,planner_debate,mir_operator:decode_layer*,True,92.18,profiled,"latency/launch-bound: 0.00 waves per SM, no unit above 30 % of peak",copy,0.04,0.0,0.92,0.0,1.57,8.32,0.0,planner_debate
llm_vl,planner_debate,mir_operator:decode_layer*,True,92.18,profiled,"latency/launch-bound: 0.00 waves per SM, no unit above 30 % of peak",elementwise_unary,0.02,0.0,0.54,0.0,0.93,7.7,0.0,planner_debate
llm_vl,planner_debate,mir_operator:decode_layer*,True,92.18,profiled,"latency/launch-bound: 0.00 waves per SM, no unit above 30 % of peak",reduce,0.09,0.0,1.97,0.0,3.83,31.83,0.0,planner_debate
llm_vl,planner_debate,mir_operator:decode_layer*,True,92.18,profiled,"latency/launch-bound: 0.00 waves per SM, no unit above 30 % of peak",elementwise_binary,0.02,0.0,0.83,0.0,1.42,8.31,0.0,planner_debate
llm_vl,planner_debate,mir_operator:decode_layer*,True,92.18,profiled,DRAM-bandwidth-bound,gemv,15.41,0.0,74.19,0.0,45.96,16.1,0.67,planner_debate
llm_vl,planner_debate,mir_operator:decode_layer*,True,92.18,profiled,"latency/launch-bound: 0.00 waves per SM, no unit above 30 % of peak",concat,1.14,0.0,0.31,0.0,0.71,9.15,0.11,planner_debate
llm_vl,planner_debate,mir_operator:decode_layer*,True,92.18,profiled,"latency/launch-bound: 0.00 waves per SM, no unit above 30 % of peak",elementwise_other,0.02,0.0,0.82,0.0,1.25,8.28,0.0,planner_debate
llm_vl,planner_debate,mir_operator:decode_layer*,True,92.18,profiled,"latency/launch-bound: 0.05 waves per SM, no unit above 30 % of peak",attention,0.61,12.6,3.36,0.0,2.16,8.29,0.03,planner_debate
llm_vl,planner_debate,mir_operator:decode_layer*,True,92.18,profiled,"latency/launch-bound: 0.00 waves per SM, no unit above 30 % of peak",copy,0.04,0.0,0.93,0.0,1.59,8.29,0.0,planner_debate
llm_vl,planner_debate,mir_operator:decode_layer*,True,92.18,profiled,"latency/launch-bound: 0.00 waves per SM, no unit above 30 % of peak",elementwise_unary,0.02,0.0,0.54,0.0,0.9,7.58,0.0,planner_debate
llm_vl,planner_debate,mir_operator:decode_layer*,True,92.18,profiled,"latency/launch-bound: 0.00 waves per SM, no unit above 30 % of peak",reduce,0.09,0.0,1.98,0.0,3.82,31.9,0.0,planner_debate
llm_vl,planner_debate,mir_operator:decode_layer*,True,92.18,profiled,"latency/launch-bound: 0.00 waves per SM, no unit above 30 % of peak",elementwise_binary,0.02,0.0,0.82,0.0,1.4,8.31,0.0,planner_debate
llm_vl,planner_debate,mir_operator:decode_layer*,True,92.18,profiled,DRAM-bandwidth-bound,gemv,15.45,0.0,75.15,0.0,45.64,16.11,0.67,planner_debate
llm_vl,planner_debate,mir_operator:decode_layer*,True,92.18,profiled,"latency/launch-bound: 0.00 waves per SM, no unit above 30 % of peak",concat,1.19,0.0,0.32,0.0,0.7,9.15,0.11,planner_debate
llm_vl,planner_debate,mir_operator:decode_layer*,True,92.18,profiled,"latency/launch-bound: 0.00 waves per SM, no unit above 30 % of peak",elementwise_other,0.02,0.0,0.83,0.0,1.08,8.28,0.0,planner_debate
llm_vl,planner_debate,mir_operator:decode_layer*,True,92.18,profiled,"latency/launch-bound: 0.05 waves per SM, no unit above 30 % of peak",attention,0.6,12.62,3.36,0.0,2.26,8.28,0.03,planner_debate
llm_vl,planner_debate,mir_operator:decode_layer*,True,92.18,profiled,"latency/launch-bound: 0.00 waves per SM, no unit above 30 % of peak",copy,0.04,0.0,0.92,0.0,1.65,8.29,0.0,planner_debate
llm_vl,planner_debate,mir_operator:decode_layer*,True,92.18,profiled,"latency/launch-bound: 0.00 waves per SM, no unit above 30 % of peak",elementwise_unary,0.02,0.0,0.54,0.0,0.9,7.71,0.0,planner_debate
llm_vl,planner_debate,mir_operator:decode_layer*,True,92.18,profiled,"latency/launch-bound: 0.00 waves per SM, no unit above 30 % of peak",reduce,0.09,0.0,1.98,0.0,3.84,31.91,0.0,planner_debate
llm_vl,planner_debate,mir_operator:decode_layer*,True,92.18,profiled,"latency/launch-bound: 0.00 waves per SM, no unit above 30 % of peak",elementwise_binary,0.02,0.0,0.83,0.0,1.4,8.31,0.0,planner_debate
llm_vl,planner_debate,mir_operator:decode_layer*,True,92.18,profiled,DRAM-bandwidth-bound,gemv,15.48,0.0,75.2,0.0,44.66,16.12,0.67,planner_debate
llm_vl,planner_debate,mir_operator:decode_layer*,True,92.18,profiled,"latency/launch-bound: 0.00 waves per SM, no unit above 30 % of peak",concat,1.18,0.0,0.31,0.0,0.74,9.08,0.11,planner_debate
llm_vl,planner_debate,mir_operator:decode_layer*,True,92.18,profiled,"latency/launch-bound: 0.00 waves per SM, no unit above 30 % of peak",elementwise_other,0.02,0.0,0.85,0.0,1.27,8.28,0.0,planner_debate
llm_vl,planner_debate,mir_operator:decode_layer*,True,92.18,profiled,"latency/launch-bound: 0.05 waves per SM, no unit above 30 % of peak",attention,0.6,12.58,3.28,0.0,2.15,8.29,0.03,planner_debate
llm_vl,planner_debate,mir_operator:decode_layer*,True,92.18,profiled,"latency/launch-bound: 0.00 waves per SM, no unit above 30 % of peak",copy,0.04,0.0,0.93,0.0,1.63,8.29,0.0,planner_debate
llm_vl,planner_debate,mir_operator:decode_layer*,True,92.18,profiled,"latency/launch-bound: 0.00 waves per SM, no unit above 30 % of peak",elementwise_unary,0.02,0.0,0.53,0.0,0.91,7.71,0.0,planner_debate
llm_vl,planner_debate,mir_operator:decode_layer*,True,92.18,profiled,"latency/launch-bound: 0.00 waves per SM, no unit above 30 % of peak",reduce,0.09,0.0,1.99,0.0,3.84,31.85,0.0,planner_debate
llm_vl,planner_debate,mir_operator:decode_layer*,True,92.18,profiled,"latency/launch-bound: 0.00 waves per SM, no unit above 30 % of peak",elementwise_binary,0.02,0.0,0.83,0.0,1.49,8.29,0.0,planner_debate
llm_vl,planner_debate,mir_operator:decode_layer*,True,92.18,profiled,DRAM-bandwidth-bound,gemv,15.49,0.0,75.2,0.0,45.96,16.09,0.67,planner_debate
llm_vl,planner_debate,mir_operator:decode_layer*,True,92.18,profiled,"latency/launch-bound: 0.00 waves per SM, no unit above 30 % of peak",concat,1.18,0.0,0.31,0.0,0.7,9.15,0.11,planner_debate
llm_vl,planner_debate,mir_operator:decode_layer*,True,92.18,profiled,"latency/launch-bound: 0.00 waves per SM, no unit above 30 % of peak",elementwise_other,0.02,0.0,0.82,0.0,1.27,8.3,0.0,planner_debate
llm_vl,planner_debate,mir_operator:decode_layer*,True,92.18,profiled,"latency/launch-bound: 0.05 waves per SM, no unit above 30 % of peak",attention,0.61,12.57,3.31,0.0,2.17,8.31,0.03,planner_debate
llm_vl,planner_debate,mir_operator:decode_layer*,True,92.18,profiled,"latency/launch-bound: 0.00 waves per SM, no unit above 30 % of peak",copy,0.04,0.0,0.91,0.0,1.88,8.3,0.0,planner_debate
llm_vl,planner_debate,mir_operator:decode_layer*,True,92.18,profiled,"latency/launch-bound: 0.00 waves per SM, no unit above 30 % of peak",elementwise_unary,0.02,0.0,0.54,0.0,0.9,7.7,0.0,planner_debate
llm_vl,planner_debate,mir_operator:decode_layer*,True,92.18,profiled,"latency/launch-bound: 0.00 waves per SM, no unit above 30 % of peak",reduce,0.09,0.0,1.96,0.0,3.81,31.89,0.0,planner_debate
llm_vl,planner_debate,mir_operator:decode_layer*,True,92.18,profiled,"latency/launch-bound: 0.00 waves per SM, no unit above 30 % of peak",elementwise_binary,0.02,0.0,0.83,0.0,1.6,8.3,0.0,planner_debate
llm_vl,planner_debate,mir_operator:decode_layer*,True,92.18,profiled,DRAM-bandwidth-bound,gemv,15.29,0.0,74.42,0.0,45.0,16.12,0.67,planner_debate
llm_vl,planner_debate,mir_operator:decode_layer*,True,92.18,profiled,"latency/launch-bound: 0.00 waves per SM, no unit above 30 % of peak",concat,1.15,0.0,0.32,0.0,0.71,9.15,0.11,planner_debate
llm_vl,planner_debate,mir_operator:decode_layer*,True,92.18,profiled,"latency/launch-bound: 0.00 waves per SM, no unit above 30 % of peak",elementwise_other,0.02,0.0,0.82,0.0,1.25,8.29,0.0,planner_debate
llm_vl,planner_debate,mir_operator:decode_layer*,True,92.18,profiled,"latency/launch-bound: 0.05 waves per SM, no unit above 30 % of peak",attention,0.61,12.59,3.36,0.0,2.17,8.3,0.03,planner_debate
llm_vl,planner_debate,mir_operator:decode_layer*,True,92.18,profiled,"latency/launch-bound: 0.00 waves per SM, no unit above 30 % of peak",copy,0.04,0.0,0.91,0.0,1.55,8.29,0.0,planner_debate
llm_vl,planner_debate,mir_operator:decode_layer*,True,92.18,profiled,"latency/launch-bound: 0.00 waves per SM, no unit above 30 % of peak",elementwise_unary,0.02,0.0,0.51,0.0,0.89,7.7,0.0,planner_debate
llm_vl,planner_debate,mir_operator:decode_layer*,True,92.18,profiled,"latency/launch-bound: 0.00 waves per SM, no unit above 30 % of peak",reduce,0.08,0.0,1.96,0.0,3.8,31.87,0.0,planner_debate
llm_vl,planner_debate,mir_operator:decode_layer*,True,92.18,profiled,"latency/launch-bound: 0.00 waves per SM, no unit above 30 % of peak",elementwise_binary,0.02,0.0,0.82,0.0,1.5,8.31,0.0,planner_debate
llm_vl,planner_debate,mir_operator:decode_layer*,True,92.18,profiled,DRAM-bandwidth-bound,gemv,15.4,0.0,74.65,0.0,45.79,16.13,0.67,planner_debate
llm_vl,planner_debate,mir_operator:decode_layer*,True,92.18,profiled,"latency/launch-bound: 0.00 waves per SM, no unit above 30 % of peak",concat,1.16,0.0,0.31,0.0,0.75,9.13,0.11,planner_debate
llm_vl,planner_debate,mir_operator:decode_layer*,True,92.18,profiled,"latency/launch-bound: 0.00 waves per SM, no unit above 30 % of peak",elementwise_other,0.02,0.0,0.82,0.0,1.07,8.3,0.0,planner_debate
llm_vl,planner_debate,mir_operator:decode_layer*,True,92.18,profiled,"latency/launch-bound: 0.05 waves per SM, no unit above 30 % of peak",attention,0.61,12.65,3.35,0.0,2.17,8.29,0.03,planner_debate
llm_vl,planner_debate,mir_operator:decode_layer*,True,92.18,profiled,"latency/launch-bound: 0.00 waves per SM, no unit above 30 % of peak",copy,0.04,0.0,0.91,0.0,1.56,8.3,0.0,planner_debate
llm_vl,planner_debate,mir_operator:decode_layer*,True,92.18,profiled,"latency/launch-bound: 0.00 waves per SM, no unit above 30 % of peak",elementwise_unary,0.02,0.0,0.53,0.0,0.9,7.69,0.0,planner_debate
llm_vl,planner_debate,mir_operator:decode_layer*,True,92.18,profiled,"latency/launch-bound: 0.00 waves per SM, no unit above 30 % of peak",reduce,0.09,0.0,1.98,0.0,3.83,31.92,0.0,planner_debate
llm_vl,planner_debate,mir_operator:decode_layer*,True,92.18,profiled,"latency/launch-bound: 0.00 waves per SM, no unit above 30 % of peak",elementwise_binary,0.02,0.0,0.82,0.0,1.41,8.31,0.0,planner_debate
llm_vl,planner_debate,mir_operator:decode_layer*,True,92.18,profiled,DRAM-bandwidth-bound,gemv,15.44,0.0,74.6,0.0,45.78,16.14,0.67,planner_debate
llm_vl,planner_debate,mir_operator:decode_layer*,True,92.18,profiled,"latency/launch-bound: 0.00 waves per SM, no unit above 30 % of peak",concat,1.15,0.0,0.31,0.0,0.69,9.13,0.11,planner_debate
llm_vl,planner_debate,mir_operator:decode_layer*,True,92.18,profiled,"latency/launch-bound: 0.00 waves per SM, no unit above 30 % of peak",elementwise_other,0.02,0.0,0.82,0.0,1.08,8.29,0.0,planner_debate
llm_vl,planner_debate,mir_operator:decode_layer*,True,92.18,profiled,"latency/launch-bound: 0.05 waves per SM, no unit above 30 % of peak",attention,0.6,12.7,3.34,0.0,2.17,8.3,0.03,planner_debate
llm_vl,planner_debate,mir_operator:decode_layer*,True,92.18,profiled,"latency/launch-bound: 0.00 waves per SM, no unit above 30 % of peak",copy,0.04,0.0,0.92,0.0,1.59,8.3,0.0,planner_debate
llm_vl,planner_debate,mir_operator:decode_layer*,True,92.18,profiled,"latency/launch-bound: 0.00 waves per SM, no unit above 30 % of peak",elementwise_unary,0.02,0.0,0.54,0.0,0.9,7.7,0.0,planner_debate
llm_vl,planner_debate,mir_operator:decode_layer*,True,92.18,profiled,"latency/launch-bound: 0.00 waves per SM, no unit above 30 % of peak",reduce,0.09,0.0,1.97,0.0,3.8,31.94,0.0,planner_debate
llm_vl,planner_debate,mir_operator:decode_layer*,True,92.18,profiled,"latency/launch-bound: 0.00 waves per SM, no unit above 30 % of peak",elementwise_binary,0.02,0.0,0.82,0.0,1.41,8.31,0.0,planner_debate
llm_vl,planner_debate,mir_operator:decode_layer*,True,92.18,profiled,DRAM-bandwidth-bound,gemv,15.53,0.0,74.68,0.0,46.12,16.15,0.67,planner_debate
llm_vl,planner_debate,mir_operator:decode_layer*,True,92.18,profiled,"latency/launch-bound: 0.00 waves per SM, no unit above 30 % of peak",concat,1.15,0.0,0.31,0.0,0.71,9.09,0.11,planner_debate
llm_vl,planner_debate,mir_operator:decode_layer*,True,92.18,profiled,"latency/launch-bound: 0.00 waves per SM, no unit above 30 % of peak",elementwise_other,0.02,0.0,0.82,0.0,1.27,8.29,0.0,planner_debate
llm_vl,planner_debate,mir_operator:decode_layer*,True,92.18,profiled,"latency/launch-bound: 0.05 waves per SM, no unit above 30 % of peak",attention,0.61,12.68,3.32,0.0,2.16,8.29,0.03,planner_debate
llm_vl,planner_debate,mir_operator:decode_layer*,True,92.18,profiled,"latency/launch-bound: 0.00 waves per SM, no unit above 30 % of peak",copy,0.04,0.0,0.93,0.0,1.6,8.29,0.0,planner_debate
llm_vl,planner_debate,mir_operator:decode_layer*,True,92.18,profiled,"latency/launch-bound: 0.00 waves per SM, no unit above 30 % of peak",elementwise_unary,0.02,0.0,0.54,0.0,0.91,7.69,0.0,planner_debate
llm_vl,planner_debate,mir_operator:decode_layer*,True,92.18,profiled,"latency/launch-bound: 0.00 waves per SM, no unit above 30 % of peak",reduce,0.09,0.0,1.96,0.0,3.83,31.92,0.0,planner_debate
llm_vl,planner_debate,mir_operator:decode_layer*,True,92.18,profiled,"latency/launch-bound: 0.00 waves per SM, no unit above 30 % of peak",elementwise_binary,0.02,0.0,0.83,0.0,1.41,8.31,0.0,planner_debate
llm_vl,planner_debate,mir_operator:decode_layer*,True,92.18,profiled,DRAM-bandwidth-bound,gemv,15.54,0.0,74.9,0.0,45.62,16.13,0.67,planner_debate
llm_vl,planner_debate,mir_operator:decode_layer*,True,92.18,profiled,"latency/launch-bound: 0.00 waves per SM, no unit above 30 % of peak",concat,1.15,0.0,0.31,0.0,0.73,9.15,0.11,planner_debate
llm_vl,planner_debate,mir_operator:decode_layer*,True,92.18,profiled,"latency/launch-bound: 0.00 waves per SM, no unit above 30 % of peak",elementwise_other,0.02,0.0,0.83,0.0,1.09,8.28,0.0,planner_debate
llm_vl,planner_debate,mir_operator:decode_layer*,True,92.18,profiled,"latency/launch-bound: 0.05 waves per SM, no unit above 30 % of peak",attention,0.61,12.45,3.37,0.0,2.18,8.29,0.03,planner_debate
llm_vl,planner_debate,mir_operator:decode_layer*,True,92.18,profiled,"latency/launch-bound: 0.00 waves per SM, no unit above 30 % of peak",copy,0.04,0.0,0.9,0.0,1.55,8.3,0.0,planner_debate
llm_vl,planner_debate,mir_operator:decode_layer*,True,92.18,profiled,"latency/launch-bound: 0.00 waves per SM, no unit above 30 % of peak",elementwise_unary,0.02,0.0,0.54,0.0,0.91,7.6,0.0,planner_debate
llm_vl,planner_debate,mir_operator:decode_layer*,True,92.18,profiled,"latency/launch-bound: 0.00 waves per SM, no unit above 30 % of peak",reduce,0.09,0.0,1.96,0.0,3.82,31.84,0.0,planner_debate
llm_vl,planner_debate,mir_operator:decode_layer*,True,92.18,profiled,"latency/launch-bound: 0.00 waves per SM, no unit above 30 % of peak",elementwise_binary,0.02,0.0,0.83,0.0,1.54,8.31,0.0,planner_debate
llm_vl,planner_debate,mir_operator:decode_layer*,True,92.18,profiled,DRAM-bandwidth-bound,gemv,15.4,0.0,74.43,0.0,45.43,16.14,0.67,planner_debate
llm_vl,planner_debate,mir_operator:decode_layer*,True,92.18,profiled,"latency/launch-bound: 0.00 waves per SM, no unit above 30 % of peak",concat,1.15,0.0,0.31,0.0,0.69,9.13,0.11,planner_debate
llm_vl,planner_debate,mir_operator:decode_layer*,True,92.18,profiled,"latency/launch-bound: 0.00 waves per SM, no unit above 30 % of peak",elementwise_other,0.02,0.0,0.81,0.0,1.26,8.29,0.0,planner_debate
llm_vl,planner_debate,mir_operator:decode_layer*,True,92.18,profiled,"latency/launch-bound: 0.05 waves per SM, no unit above 30 % of peak",attention,0.61,12.54,3.25,0.0,2.11,8.29,0.03,planner_debate
llm_vl,planner_debate,mir_operator:decode_layer*,True,92.18,profiled,"latency/launch-bound: 0.00 waves per SM, no unit above 30 % of peak",copy,0.04,0.0,0.91,0.0,1.56,8.28,0.0,planner_debate
llm_vl,planner_debate,mir_operator:decode_layer*,True,92.18,profiled,"latency/launch-bound: 0.00 waves per SM, no unit above 30 % of peak",elementwise_unary,0.02,0.0,0.54,0.0,0.91,7.72,0.0,planner_debate
llm_vl,planner_debate,mir_operator:decode_layer*,True,92.18,profiled,"latency/launch-bound: 0.00 waves per SM, no unit above 30 % of peak",reduce,0.09,0.0,1.98,0.0,3.84,31.82,0.0,planner_debate
llm_vl,planner_debate,mir_operator:decode_layer*,True,92.18,profiled,"latency/launch-bound: 0.00 waves per SM, no unit above 30 % of peak",elementwise_binary,0.02,0.0,0.82,0.0,1.41,8.31,0.0,planner_debate
llm_vl,planner_debate,mir_operator:decode_layer*,True,92.18,profiled,DRAM-bandwidth-bound,gemv,15.52,0.0,74.41,0.0,45.51,16.09,0.67,planner_debate
llm_vl,planner_debate,mir_operator:decode_layer*,True,92.18,profiled,"latency/launch-bound: 0.00 waves per SM, no unit above 30 % of peak",concat,1.15,0.0,0.31,0.0,0.7,8.92,0.11,planner_debate
llm_vl,planner_debate,mir_operator:decode_layer*,True,92.18,profiled,"latency/launch-bound: 0.00 waves per SM, no unit above 30 % of peak",elementwise_other,0.02,0.0,0.83,0.0,1.09,8.29,0.0,planner_debate
llm_vl,planner_debate,mir_operator:decode_layer*,True,92.18,profiled,"latency/launch-bound: 0.05 waves per SM, no unit above 30 % of peak",attention,0.6,12.56,3.07,0.0,2.01,8.24,0.03,planner_debate
llm_vl,planner_debate,mir_operator:decode_layer*,True,92.18,profiled,"latency/launch-bound: 0.00 waves per SM, no unit above 30 % of peak",copy,0.04,0.0,0.92,0.0,1.58,8.29,0.0,planner_debate
llm_vl,planner_debate,mir_operator:decode_layer*,True,92.18,profiled,"latency/launch-bound: 0.00 waves per SM, no unit above 30 % of peak",elementwise_unary,0.02,0.0,0.53,0.0,0.89,7.7,0.0,planner_debate
llm_vl,planner_debate,mir_operator:decode_layer*,True,92.18,profiled,"latency/launch-bound: 0.00 waves per SM, no unit above 30 % of peak",reduce,0.09,0.0,1.97,0.0,3.82,31.86,0.0,planner_debate
llm_vl,planner_debate,mir_operator:decode_layer*,True,92.18,profiled,"latency/launch-bound: 0.00 waves per SM, no unit above 30 % of peak",elementwise_binary,0.02,0.0,0.83,0.0,1.42,8.3,0.0,planner_debate
llm_vl,planner_debate,mir_operator:decode_layer*,True,92.18,profiled,DRAM-bandwidth-bound,gemv,15.36,0.0,74.43,0.0,45.8,16.06,0.67,planner_debate
llm_vl,planner_debate,mir_operator:decode_layer*,True,92.18,profiled,"latency/launch-bound: 0.00 waves per SM, no unit above 30 % of peak",concat,1.16,0.0,0.32,0.0,0.7,9.11,0.11,planner_debate
llm_vl,planner_debate,mir_operator:decode_layer*,True,92.18,profiled,"latency/launch-bound: 0.00 waves per SM, no unit above 30 % of peak",elementwise_other,0.02,0.0,0.83,0.0,1.1,8.29,0.0,planner_debate
llm_vl,planner_debate,mir_operator:decode_layer*,True,92.18,profiled,"latency/launch-bound: 0.05 waves per SM, no unit above 30 % of peak",attention,0.6,12.47,3.34,0.0,2.15,8.3,0.03,planner_debate
llm_vl,planner_debate,mir_operator:decode_layer*,True,92.18,profiled,"latency/launch-bound: 0.00 waves per SM, no unit above 30 % of peak",copy,0.04,0.0,0.91,0.0,1.56,8.3,0.0,planner_debate
llm_vl,planner_debate,mir_operator:decode_layer*,True,92.18,profiled,"latency/launch-bound: 0.00 waves per SM, no unit above 30 % of peak",elementwise_unary,0.02,0.0,0.54,0.0,0.9,7.71,0.0,planner_debate
llm_vl,planner_debate,mir_operator:decode_layer*,True,92.18,profiled,"latency/launch-bound: 0.00 waves per SM, no unit above 30 % of peak",reduce,0.09,0.0,1.98,0.0,3.84,31.85,0.0,planner_debate
llm_vl,planner_debate,mir_operator:decode_layer*,True,92.18,profiled,"latency/launch-bound: 0.00 waves per SM, no unit above 30 % of peak",elementwise_binary,0.02,0.0,0.83,0.0,1.47,8.31,0.0,planner_debate
llm_vl,planner_debate,mir_operator:decode_layer*,True,92.18,profiled,DRAM-bandwidth-bound,gemv,15.42,0.0,74.84,0.0,46.01,16.13,0.67,planner_debate
llm_vl,planner_debate,mir_operator:decode_layer*,True,92.18,profiled,"latency/launch-bound: 0.00 waves per SM, no unit above 30 % of peak",concat,1.2,0.0,0.28,0.0,0.7,9.09,0.11,planner_debate
llm_vl,planner_debate,mir_operator:decode_layer*,True,92.18,profiled,"latency/launch-bound: 0.00 waves per SM, no unit above 30 % of peak",elementwise_other,0.02,0.0,0.83,0.0,1.09,8.29,0.0,planner_debate
llm_vl,planner_debate,mir_operator:decode_layer*,True,92.18,profiled,"latency/launch-bound: 0.05 waves per SM, no unit above 30 % of peak",attention,0.61,12.73,3.36,0.0,2.15,8.29,0.03,planner_debate
llm_vl,planner_debate,mir_operator:decode_layer*,True,92.18,profiled,"latency/launch-bound: 0.00 waves per SM, no unit above 30 % of peak",copy,0.04,0.0,0.9,0.0,1.54,8.29,0.0,planner_debate
llm_vl,planner_debate,mir_operator:decode_layer*,True,92.18,profiled,"latency/launch-bound: 0.00 waves per SM, no unit above 30 % of peak",elementwise_unary,0.02,0.0,0.55,0.0,0.89,7.65,0.0,planner_debate
llm_vl,planner_debate,mir_operator:decode_layer*,True,92.18,profiled,"latency/launch-bound: 0.00 waves per SM, no unit above 30 % of peak",reduce,0.09,0.0,1.97,0.0,3.82,31.87,0.0,planner_debate
llm_vl,planner_debate,mir_operator:decode_layer*,True,92.18,profiled,"latency/launch-bound: 0.00 waves per SM, no unit above 30 % of peak",elementwise_binary,0.02,0.0,0.83,0.0,1.56,8.3,0.0,planner_debate
llm_vl,planner_debate,mir_operator:decode_layer*,True,92.18,profiled,DRAM-bandwidth-bound,gemv,15.58,0.0,74.87,0.0,45.9,16.14,0.67,planner_debate
llm_vl,planner_debate,mir_operator:decode_layer*,True,92.18,profiled,"latency/launch-bound: 0.00 waves per SM, no unit above 30 % of peak",concat,1.14,0.0,0.32,0.0,0.71,9.11,0.11,planner_debate
llm_vl,planner_debate,mir_operator:decode_layer*,True,92.18,profiled,"latency/launch-bound: 0.00 waves per SM, no unit above 30 % of peak",elementwise_other,0.02,0.0,0.82,0.0,1.08,8.28,0.0,planner_debate
llm_vl,planner_debate,mir_operator:decode_layer*,True,92.18,profiled,"latency/launch-bound: 0.05 waves per SM, no unit above 30 % of peak",attention,0.61,12.71,4.82,0.0,2.43,8.3,0.03,planner_debate
llm_vl,planner_debate,mir_operator:decode_head,False,0.68,profiled,"latency/launch-bound: 0.00 waves per SM, no unit above 30 % of peak",copy,0.04,0.0,0.92,0.0,1.57,8.29,0.0,planner_debate
llm_vl,planner_debate,mir_operator:decode_head,False,0.68,profiled,"latency/launch-bound: 0.00 waves per SM, no unit above 30 % of peak",elementwise_unary,0.02,0.0,0.54,0.0,0.9,7.71,0.0,planner_debate
llm_vl,planner_debate,mir_operator:decode_head,False,0.68,profiled,"latency/launch-bound: 0.00 waves per SM, no unit above 30 % of peak",reduce,0.09,0.0,1.95,0.0,3.78,31.85,0.0,planner_debate
llm_vl,planner_debate,mir_operator:decode_head,False,0.68,profiled,"latency/launch-bound: 0.00 waves per SM, no unit above 30 % of peak",elementwise_binary,0.02,0.0,0.81,0.0,1.05,8.27,0.0,planner_debate
llm_vl,planner_debate,mir_operator:decode_head,False,0.68,profiled,DRAM-bandwidth-bound,gemv,19.92,0.0,96.75,0.0,61.25,24.48,49.46,planner_debate
llm_vl,planner_debate,mir_operator:decode_head,False,0.68,profiled,"latency/launch-bound: 0.00 waves per SM, no unit above 30 % of peak",copy,0.04,0.0,0.91,0.0,1.55,8.28,0.0,planner_debate
llm_vl,planner_debate,mir_operator:decode_head,False,0.68,profiled,"latency/launch-bound: 0.00 waves per SM, no unit above 30 % of peak",elementwise_unary,0.02,0.0,0.54,0.0,0.92,7.72,0.0,planner_debate
llm_vl,planner_debate,mir_operator:decode_head,False,0.68,profiled,"latency/launch-bound: 0.00 waves per SM, no unit above 30 % of peak",reduce,0.09,0.0,1.96,0.0,3.81,31.88,0.0,planner_debate
llm_vl,planner_debate,mir_operator:decode_head,False,0.68,profiled,"latency/launch-bound: 0.00 waves per SM, no unit above 30 % of peak",elementwise_binary,0.02,0.0,0.81,0.0,1.06,8.28,0.0,planner_debate
llm_vl,planner_debate,mir_operator:decode_head,False,0.68,profiled,DRAM-bandwidth-bound,gemv,19.92,0.0,97.06,0.0,61.64,24.49,49.46,planner_debate
llm_vl,planner_debate,mir_operator:decode_sample,False,1.57,profiled,"latency/launch-bound: 0.05 waves per SM, no unit above 30 % of peak",reduce,2.8,0.0,5.26,0.0,2.99,33.12,0.05,planner_debate
llm_vl,planner_debate,mir_operator:decode_sample,False,1.57,profiled,"latency/launch-bound: 0.05 waves per SM, no unit above 30 % of peak",reduce,2.19,0.0,5.29,0.0,3.01,33.12,0.05,planner_debate
llm_vl,planner_debate,pre_d2h_alloc,False,0.02,not_collected_cpu_process,host-side process; no GPU counters,,,,,,,,,planner_debate
llm_vl,planner_debate,d2h_stage,False,0.0,not_collected_memcpy,"PCIe copy; not a kernel, see w02 h2d/d2h bytes and cuda_ms",memcpy,,,,,,,,planner_debate
llm_vl,planner_debate,checksum_complete,False,0.0,not_collected_cpu_process,host-side Python/CPU segment; no GPU counters exist for it,,,,,,,,,
llm_vl,planner_debate,agent_tool_execute_cpu,False,0.0,not_collected_cpu_process,host-side Python/CPU segment; no GPU counters exist for it,,,,,,,,,
llm_vl,planner_debate,iteration_tail_sync,False,0.0,not_collected_cpu_process,host-side Python/CPU segment; no GPU counters exist for it,,,,,,,,,
llm_vl,react_moa_mcts,dag_schedule_gap,False,0.01,not_collected_cpu_process,host-side Python/CPU segment; no GPU counters exist for it,,,,,,,,,
llm_vl,react_moa_mcts,adapter_dispatch,False,0.0,not_collected_cpu_process,host-side Python/CPU segment; no GPU counters exist for it,,,,,,,,,
llm_vl,react_moa_mcts,token_preprocess_cpu,False,0.05,not_collected_cpu_process,host-side Python/CPU segment; no GPU counters exist for it,,,,,,,,,
llm_vl,react_moa_mcts,host_input_generate,False,0.0,not_collected_cpu_process,host-side Python/CPU segment; no GPU counters exist for it,,,,,,,,,
llm_vl,react_moa_mcts,h2d_stage,False,0.0,not_collected_memcpy,"PCIe copy; not a kernel, see w02 h2d/d2h bytes and cuda_ms",memcpy,,,,,,,,react_tool
llm_vl,react_moa_mcts,h2d_stage,False,0.0,not_collected_memcpy,"PCIe copy; not a kernel, see w02 h2d/d2h bytes and cuda_ms",memcpy,,,,,,,,planner_debate
llm_vl,react_moa_mcts,weight_init,False,0.01,not_collected_cpu_process,host-side Python/CPU segment; no GPU counters exist for it,,,,,,,,,
llm_vl,react_moa_mcts,mir_operator:prefill_embed,False,0.0,profiled,"underutilised: SM 6 %, DRAM 10 %, L2 31 %, occ 48 %",other,5.57,0.0,9.64,0.0,31.29,48.47,0.67,planner_debate
llm_vl,react_moa_mcts,mir_operator:prefill_embed,False,0.0,profiled,"latency/launch-bound: 0.42 waves per SM, no unit above 30 % of peak",other,4.38,0.0,10.81,0.0,25.06,35.13,0.46,planner_debate
llm_vl,react_moa_mcts,mir_operator:prefill_embed,False,0.0,profiled,"latency/launch-bound: 0.25 waves per SM, no unit above 30 % of peak",other,2.82,0.0,11.19,0.0,16.48,23.61,0.27,react_tool
llm_vl,react_moa_mcts,inter_operator_dispatch,False,4.02,not_collected,no w03 family row,,,,,,,,,
llm_vl,react_moa_mcts,mir_operator:prefill_layer*,False,1.21,profiled,"underutilised: SM 20 %, DRAM 35 %, L2 33 %, occ 65 %",copy,10.02,0.0,53.1,0.0,28.97,55.57,1.0,planner_debate
llm_vl,react_moa_mcts,mir_operator:prefill_layer*,False,1.21,profiled,DRAM-bandwidth-bound,elementwise_unary,0.93,0.0,31.25,0.0,14.63,23.17,0.29,planner_debate
llm_vl,react_moa_mcts,mir_operator:prefill_layer*,False,1.21,profiled,"underutilised: SM 2 %, DRAM 51 %, L2 20 %, occ 33 %",reduce,8.43,0.0,39.79,0.0,17.04,43.08,0.34,planner_debate
llm_vl,react_moa_mcts,mir_operator:prefill_layer*,False,1.21,profiled,"latency/launch-bound: 0.00 waves per SM, no unit above 30 % of peak",elementwise_binary,15.8,0.0,37.91,0.0,23.2,64.88,1.33,planner_debate
llm_vl,react_moa_mcts,mir_operator:prefill_layer*,False,1.21,profiled,"underutilised: SM 33 %, DRAM 27 %, L2 53 %, occ 8 %",gemm,37.01,44.01,34.1,0.0,66.96,13.72,1.0,planner_debate
llm_vl,react_moa_mcts,mir_operator:prefill_layer*,False,1.21,profiled,"underutilised: SM 17 %, DRAM 5 %, L2 5 %, occ 69 %",concat,17.5,0.0,7.17,0.0,5.23,68.29,1.33,planner_debate
llm_vl,react_moa_mcts,mir_operator:prefill_layer*,False,1.21,profiled,"underutilised: SM 13 %, DRAM 30 %, L2 18 %, occ 55 %",elementwise_other,5.17,0.0,61.1,0.0,24.25,50.11,0.67,planner_debate
llm_vl,react_moa_mcts,mir_operator:prefill_layer*,False,1.21,profiled,"underutilised: SM 18 %, DRAM 12 %, L2 30 %, occ 8 %",attention,22.37,12.24,37.23,0.0,28.17,33.69,1.89,planner_debate
llm_vl,react_moa_mcts,mir_operator:prefill_layer*,False,1.21,profiled,"underutilised: SM 20 %, DRAM 35 %, L2 33 %, occ 64 %",copy,9.69,0.0,53.33,0.0,29.18,55.03,1.0,planner_debate
llm_vl,react_moa_mcts,mir_operator:prefill_layer*,False,1.21,profiled,DRAM-bandwidth-bound,elementwise_unary,0.86,0.0,31.34,0.0,14.57,23.04,0.29,planner_debate
llm_vl,react_moa_mcts,mir_operator:prefill_layer*,False,1.21,profiled,"underutilised: SM 2 %, DRAM 51 %, L2 20 %, occ 33 %",reduce,8.46,0.0,39.8,0.0,16.91,41.99,0.34,planner_debate
llm_vl,react_moa_mcts,mir_operator:prefill_layer*,False,1.21,profiled,"latency/launch-bound: 0.00 waves per SM, no unit above 30 % of peak",elementwise_binary,15.68,0.0,39.59,0.0,23.86,65.37,1.33,planner_debate
llm_vl,react_moa_mcts,mir_operator:prefill_layer*,False,1.21,profiled,"underutilised: SM 34 %, DRAM 28 %, L2 55 %, occ 8 %",gemm,37.65,43.86,33.46,0.0,67.14,13.75,1.0,planner_debate
llm_vl,react_moa_mcts,mir_operator:prefill_layer*,False,1.21,profiled,"underutilised: SM 18 %, DRAM 5 %, L2 5 %, occ 68 %",concat,17.75,0.0,7.1,0.0,5.18,67.95,1.33,planner_debate
llm_vl,react_moa_mcts,mir_operator:prefill_layer*,False,1.21,profiled,"latency/launch-bound: 0.67 waves per SM, no unit above 30 % of peak",elementwise_other,5.44,0.0,60.86,0.0,25.02,49.95,0.67,planner_debate
llm_vl,react_moa_mcts,mir_operator:prefill_layer*,False,1.21,profiled,"underutilised: SM 18 %, DRAM 12 %, L2 30 %, occ 8 %",attention,22.17,12.33,37.59,0.0,28.05,33.78,1.89,planner_debate
llm_vl,react_moa_mcts,mir_operator:prefill_layer*,False,1.21,profiled,"underutilised: SM 20 %, DRAM 34 %, L2 32 %, occ 63 %",copy,9.87,0.0,53.6,0.0,28.52,55.07,1.0,planner_debate
llm_vl,react_moa_mcts,mir_operator:prefill_layer*,False,1.21,profiled,DRAM-bandwidth-bound,elementwise_unary,0.93,0.0,31.38,0.0,14.54,22.99,0.29,planner_debate
llm_vl,react_moa_mcts,mir_operator:prefill_layer*,False,1.21,profiled,"underutilised: SM 2 %, DRAM 51 %, L2 20 %, occ 33 %",reduce,8.4,0.0,39.15,0.0,16.74,42.43,0.34,planner_debate
llm_vl,react_moa_mcts,mir_operator:prefill_layer*,False,1.21,profiled,"latency/launch-bound: 0.00 waves per SM, no unit above 30 % of peak",elementwise_binary,15.23,0.0,39.77,0.0,23.9,64.97,1.33,planner_debate
llm_vl,react_moa_mcts,mir_operator:prefill_layer*,False,1.21,profiled,"underutilised: SM 34 %, DRAM 28 %, L2 55 %, occ 8 %",gemm,36.93,44.02,33.1,0.0,66.62,13.71,1.0,planner_debate
llm_vl,react_moa_mcts,mir_operator:prefill_layer*,False,1.21,profiled,"underutilised: SM 18 %, DRAM 5 %, L2 5 %, occ 69 %",concat,17.69,0.0,7.15,0.0,5.23,68.44,1.33,planner_debate
llm_vl,react_moa_mcts,mir_operator:prefill_layer*,False,1.21,profiled,"latency/launch-bound: 0.67 waves per SM, no unit above 30 % of peak",elementwise_other,5.14,0.0,60.03,0.0,23.75,49.15,0.67,planner_debate
llm_vl,react_moa_mcts,mir_operator:prefill_layer*,False,1.21,profiled,"underutilised: SM 18 %, DRAM 12 %, L2 30 %, occ 8 %",attention,22.09,12.24,38.55,0.0,28.13,33.7,1.89,planner_debate
llm_vl,react_moa_mcts,mir_operator:prefill_layer*,False,1.21,profiled,"underutilised: SM 20 %, DRAM 35 %, L2 33 %, occ 64 %",copy,10.0,0.0,53.2,0.0,28.67,54.88,1.0,planner_debate
llm_vl,react_moa_mcts,mir_operator:prefill_layer*,False,1.21,profiled,DRAM-bandwidth-bound,elementwise_unary,0.87,0.0,31.53,0.0,14.8,23.01,0.29,planner_debate
llm_vl,react_moa_mcts,mir_operator:prefill_layer*,False,1.21,profiled,"underutilised: SM 2 %, DRAM 49 %, L2 19 %, occ 33 %",reduce,8.52,0.0,39.5,0.0,17.04,41.62,0.34,planner_debate
llm_vl,react_moa_mcts,mir_operator:prefill_layer*,False,1.21,profiled,"latency/launch-bound: 0.00 waves per SM, no unit above 30 % of peak",elementwise_binary,15.8,0.0,39.35,0.0,23.79,65.45,1.33,planner_debate
llm_vl,react_moa_mcts,mir_operator:prefill_layer*,False,1.21,profiled,"underutilised: SM 34 %, DRAM 28 %, L2 54 %, occ 8 %",gemm,37.69,44.01,33.42,0.0,66.71,13.78,1.0,planner_debate
llm_vl,react_moa_mcts,mir_operator:prefill_layer*,False,1.21,profiled,"underutilised: SM 18 %, DRAM 5 %, L2 5 %, occ 69 %",concat,17.64,0.0,7.18,0.0,5.21,67.87,1.33,planner_debate
llm_vl,react_moa_mcts,mir_operator:prefill_layer*,False,1.21,profiled,"latency/launch-bound: 0.67 waves per SM, no unit above 30 % of peak",elementwise_other,5.46,0.0,60.8,0.0,24.0,49.7,0.67,planner_debate
llm_vl,react_moa_mcts,mir_operator:prefill_layer*,False,1.21,profiled,"underutilised: SM 18 %, DRAM 12 %, L2 30 %, occ 8 %",attention,22.4,12.26,38.84,0.0,28.04,33.86,1.89,planner_debate
llm_vl,react_moa_mcts,mir_operator:prefill_layer*,False,1.21,profiled,"underutilised: SM 20 %, DRAM 35 %, L2 33 %, occ 63 %",copy,9.9,0.0,52.81,0.0,28.72,55.13,1.0,planner_debate
llm_vl,react_moa_mcts,mir_operator:prefill_layer*,False,1.21,profiled,DRAM-bandwidth-bound,elementwise_unary,0.93,0.0,31.38,0.0,14.58,23.09,0.29,planner_debate
llm_vl,react_moa_mcts,mir_operator:prefill_layer*,False,1.21,profiled,"underutilised: SM 2 %, DRAM 52 %, L2 20 %, occ 33 %",reduce,8.47,0.0,39.2,0.0,16.7,42.81,0.34,planner_debate
llm_vl,react_moa_mcts,mir_operator:prefill_layer*,False,1.21,profiled,"latency/launch-bound: 0.00 waves per SM, no unit above 30 % of peak",elementwise_binary,15.58,0.0,38.93,0.0,23.5,65.65,1.33,planner_debate
llm_vl,react_moa_mcts,mir_operator:prefill_layer*,False,1.21,profiled,"underutilised: SM 34 %, DRAM 27 %, L2 53 %, occ 8 %",gemm,37.37,43.97,33.81,0.0,66.51,13.74,1.0,planner_debate
llm_vl,react_moa_mcts,mir_operator:prefill_layer*,False,1.21,profiled,"underutilised: SM 18 %, DRAM 5 %, L2 5 %, occ 68 %",concat,17.63,0.0,7.21,0.0,5.24,67.6,1.33,planner_debate
llm_vl,react_moa_mcts,mir_operator:prefill_layer*,False,1.21,profiled,"latency/launch-bound: 0.67 waves per SM, no unit above 30 % of peak",elementwise_other,5.47,0.0,55.33,0.0,21.92,49.79,0.67,planner_debate
llm_vl,react_moa_mcts,mir_operator:prefill_layer*,False,1.21,profiled,"underutilised: SM 18 %, DRAM 12 %, L2 30 %, occ 8 %",attention,22.41,12.19,38.26,0.0,27.99,33.67,1.89,planner_debate
llm_vl,react_moa_mcts,mir_operator:prefill_layer*,False,1.21,profiled,"underutilised: SM 20 %, DRAM 34 %, L2 32 %, occ 64 %",copy,10.04,0.0,52.82,0.0,29.06,55.56,1.0,planner_debate
llm_vl,react_moa_mcts,mir_operator:prefill_layer*,False,1.21,profiled,DRAM-bandwidth-bound,elementwise_unary,0.92,0.0,31.17,0.0,14.71,22.92,0.29,planner_debate
llm_vl,react_moa_mcts,mir_operator:prefill_layer*,False,1.21,profiled,"underutilised: SM 2 %, DRAM 52 %, L2 20 %, occ 33 %",reduce,8.6,0.0,39.66,0.0,16.79,42.79,0.34,planner_debate
llm_vl,react_moa_mcts,mir_operator:prefill_layer*,False,1.21,profiled,"latency/launch-bound: 0.00 waves per SM, no unit above 30 % of peak",elementwise_binary,15.79,0.0,39.71,0.0,24.22,64.89,1.33,planner_debate
llm_vl,react_moa_mcts,mir_operator:prefill_layer*,False,1.21,profiled,"underutilised: SM 33 %, DRAM 28 %, L2 55 %, occ 8 %",gemm,37.13,43.99,34.05,0.0,66.77,13.8,1.0,planner_debate
llm_vl,react_moa_mcts,mir_operator:prefill_layer*,False,1.21,profiled,"underutilised: SM 17 %, DRAM 5 %, L2 5 %, occ 68 %",concat,17.6,0.0,7.14,0.0,5.04,68.04,1.33,planner_debate
llm_vl,react_moa_mcts,mir_operator:prefill_layer*,False,1.21,profiled,"underutilised: SM 13 %, DRAM 31 %, L2 18 %, occ 54 %",elementwise_other,5.12,0.0,60.8,0.0,24.03,49.97,0.67,planner_debate
llm_vl,react_moa_mcts,mir_operator:prefill_layer*,False,1.21,profiled,"underutilised: SM 18 %, DRAM 12 %, L2 29 %, occ 8 %",attention,22.23,12.22,37.79,0.0,27.85,33.98,1.89,planner_debate
llm_vl,react_moa_mcts,mir_operator:prefill_layer*,False,1.21,profiled,"underutilised: SM 20 %, DRAM 34 %, L2 32 %, occ 65 %",copy,9.75,0.0,52.94,0.0,28.74,55.32,1.0,planner_debate
llm_vl,react_moa_mcts,mir_operator:prefill_layer*,False,1.21,profiled,DRAM-bandwidth-bound,elementwise_unary,0.92,0.0,32.98,0.0,14.39,23.04,0.29,planner_debate
llm_vl,react_moa_mcts,mir_operator:prefill_layer*,False,1.21,profiled,"underutilised: SM 2 %, DRAM 51 %, L2 20 %, occ 33 %",reduce,8.37,0.0,39.44,0.0,16.89,42.75,0.34,planner_debate
llm_vl,react_moa_mcts,mir_operator:prefill_layer*,False,1.21,profiled,"latency/launch-bound: 0.00 waves per SM, no unit above 30 % of peak",elementwise_binary,15.93,0.0,38.73,0.0,23.26,64.99,1.33,planner_debate
llm_vl,react_moa_mcts,mir_operator:prefill_layer*,False,1.21,profiled,"underutilised: SM 34 %, DRAM 27 %, L2 52 %, occ 8 %",gemm,37.16,43.94,34.12,0.0,66.8,13.72,1.0,planner_debate
llm_vl,react_moa_mcts,mir_operator:prefill_layer*,False,1.21,profiled,"underutilised: SM 17 %, DRAM 5 %, L2 5 %, occ 69 %",concat,17.63,0.0,7.66,0.0,5.08,68.12,1.33,planner_debate
llm_vl,react_moa_mcts,mir_operator:prefill_layer*,False,1.21,profiled,"underutilised: SM 14 %, DRAM 31 %, L2 18 %, occ 56 %",elementwise_other,5.39,0.0,61.46,0.0,24.31,49.13,0.67,planner_debate
llm_vl,react_moa_mcts,mir_operator:prefill_layer*,False,1.21,profiled,"underutilised: SM 18 %, DRAM 12 %, L2 29 %, occ 8 %",attention,22.46,12.25,37.87,0.0,27.98,33.56,1.89,planner_debate
llm_vl,react_moa_mcts,mir_operator:prefill_layer*,False,1.21,profiled,"underutilised: SM 20 %, DRAM 35 %, L2 33 %, occ 63 %",copy,9.95,0.0,52.52,0.0,28.71,54.58,1.0,planner_debate
llm_vl,react_moa_mcts,mir_operator:prefill_layer*,False,1.21,profiled,DRAM-bandwidth-bound,elementwise_unary,0.95,0.0,31.25,0.0,14.77,23.04,0.29,planner_debate
llm_vl,react_moa_mcts,mir_operator:prefill_layer*,False,1.21,profiled,"underutilised: SM 2 %, DRAM 52 %, L2 20 %, occ 33 %",reduce,8.3,0.0,40.8,0.0,17.18,42.76,0.34,planner_debate
llm_vl,react_moa_mcts,mir_operator:prefill_layer*,False,1.21,profiled,"latency/launch-bound: 0.00 waves per SM, no unit above 30 % of peak",elementwise_binary,15.76,0.0,38.1,0.0,23.53,65.75,1.33,planner_debate
llm_vl,react_moa_mcts,mir_operator:prefill_layer*,False,1.21,profiled,"underutilised: SM 35 %, DRAM 28 %, L2 55 %, occ 8 %",gemm,37.33,43.94,33.94,0.0,66.91,13.75,1.0,planner_debate
llm_vl,react_moa_mcts,mir_operator:prefill_layer*,False,1.21,profiled,"underutilised: SM 18 %, DRAM 5 %, L2 5 %, occ 69 %",concat,17.56,0.0,7.54,0.0,5.13,68.46,1.33,planner_debate
llm_vl,react_moa_mcts,mir_operator:prefill_layer*,False,1.21,profiled,"latency/launch-bound: 0.67 waves per SM, no unit above 30 % of peak",elementwise_other,5.48,0.0,60.52,0.0,23.86,48.94,0.67,planner_debate
llm_vl,react_moa_mcts,mir_operator:prefill_layer*,False,1.21,profiled,"underutilised: SM 18 %, DRAM 12 %, L2 30 %, occ 8 %",attention,22.34,12.16,37.12,0.0,27.88,33.62,1.89,planner_debate
llm_vl,react_moa_mcts,mir_operator:prefill_layer*,False,1.21,profiled,"underutilised: SM 20 %, DRAM 34 %, L2 32 %, occ 64 %",copy,9.8,0.0,52.76,0.0,28.71,49.94,1.0,planner_debate
llm_vl,react_moa_mcts,mir_operator:prefill_layer*,False,1.21,profiled,DRAM-bandwidth-bound,elementwise_unary,0.92,0.0,31.38,0.0,14.55,22.99,0.29,planner_debate
llm_vl,react_moa_mcts,mir_operator:prefill_layer*,False,1.21,profiled,"underutilised: SM 2 %, DRAM 52 %, L2 20 %, occ 33 %",reduce,2.87,0.0,39.59,0.0,16.94,42.46,0.34,planner_debate
llm_vl,react_moa_mcts,mir_operator:prefill_layer*,False,1.21,profiled,"latency/launch-bound: 0.00 waves per SM, no unit above 30 % of peak",elementwise_binary,15.7,0.0,39.89,0.0,23.99,65.04,1.33,planner_debate
llm_vl,react_moa_mcts,mir_operator:prefill_layer*,False,1.21,profiled,"underutilised: SM 34 %, DRAM 27 %, L2 53 %, occ 8 %",gemm,37.1,43.95,33.23,0.0,67.09,13.76,1.0,planner_debate
llm_vl,react_moa_mcts,mir_operator:prefill_layer*,False,1.21,profiled,"underutilised: SM 17 %, DRAM 5 %, L2 5 %, occ 69 %",concat,17.57,0.0,7.09,0.0,5.01,68.34,1.33,planner_debate
llm_vl,react_moa_mcts,mir_operator:prefill_layer*,False,1.21,profiled,"underutilised: SM 14 %, DRAM 31 %, L2 18 %, occ 55 %",elementwise_other,5.42,0.0,61.1,0.0,24.17,49.46,0.67,planner_debate
llm_vl,react_moa_mcts,mir_operator:prefill_layer*,False,1.21,profiled,"underutilised: SM 18 %, DRAM 12 %, L2 30 %, occ 8 %",attention,22.53,12.23,38.44,0.0,28.04,33.82,1.89,planner_debate
llm_vl,react_moa_mcts,mir_operator:prefill_layer*,False,1.21,profiled,"underutilised: SM 20 %, DRAM 35 %, L2 33 %, occ 64 %",copy,9.77,0.0,52.29,0.0,28.78,54.95,1.0,planner_debate
llm_vl,react_moa_mcts,mir_operator:prefill_layer*,False,1.21,profiled,DRAM-bandwidth-bound,elementwise_unary,0.92,0.0,31.26,0.0,14.75,23.01,0.29,planner_debate
llm_vl,react_moa_mcts,mir_operator:prefill_layer*,False,1.21,profiled,"underutilised: SM 2 %, DRAM 50 %, L2 20 %, occ 33 %",reduce,8.4,0.0,39.69,0.0,16.86,43.25,0.34,planner_debate
llm_vl,react_moa_mcts,mir_operator:prefill_layer*,False,1.21,profiled,"latency/launch-bound: 0.00 waves per SM, no unit above 30 % of peak",elementwise_binary,15.86,0.0,39.77,0.0,23.81,64.43,1.33,planner_debate
llm_vl,react_moa_mcts,mir_operator:prefill_layer*,False,1.21,profiled,"underutilised: SM 35 %, DRAM 28 %, L2 54 %, occ 8 %",gemm,37.46,43.79,34.27,0.0,66.98,13.69,1.0,planner_debate
llm_vl,react_moa_mcts,mir_operator:prefill_layer*,False,1.21,profiled,"underutilised: SM 18 %, DRAM 5 %, L2 5 %, occ 69 %",concat,17.78,0.0,7.16,0.0,5.32,68.39,1.33,planner_debate
llm_vl,react_moa_mcts,mir_operator:prefill_layer*,False,1.21,profiled,"underutilised: SM 14 %, DRAM 31 %, L2 18 %, occ 54 %",elementwise_other,5.48,0.0,61.09,0.0,24.12,50.01,0.67,planner_debate
llm_vl,react_moa_mcts,mir_operator:prefill_layer*,False,1.21,profiled,"underutilised: SM 18 %, DRAM 12 %, L2 29 %, occ 8 %",attention,22.46,12.23,37.72,0.0,27.48,33.77,1.89,planner_debate
llm_vl,react_moa_mcts,mir_operator:prefill_layer*,False,1.21,profiled,"underutilised: SM 20 %, DRAM 34 %, L2 32 %, occ 63 %",copy,9.95,0.0,52.63,0.0,28.78,54.65,1.0,planner_debate
llm_vl,react_moa_mcts,mir_operator:prefill_layer*,False,1.21,profiled,DRAM-bandwidth-bound,elementwise_unary,0.92,0.0,31.47,0.0,14.83,23.09,0.29,planner_debate
llm_vl,react_moa_mcts,mir_operator:prefill_layer*,False,1.21,profiled,"underutilised: SM 2 %, DRAM 50 %, L2 21 %, occ 33 %",reduce,8.42,0.0,39.37,0.0,16.79,41.32,0.34,planner_debate
llm_vl,react_moa_mcts,mir_operator:prefill_layer*,False,1.21,profiled,"latency/launch-bound: 0.00 waves per SM, no unit above 30 % of peak",elementwise_binary,15.69,0.0,39.47,0.0,23.71,65.32,1.33,planner_debate
llm_vl,react_moa_mcts,mir_operator:prefill_layer*,False,1.21,profiled,"underutilised: SM 34 %, DRAM 28 %, L2 56 %, occ 8 %",gemm,38.01,43.85,33.6,0.0,66.97,13.82,1.0,planner_debate
llm_vl,react_moa_mcts,mir_operator:prefill_layer*,False,1.21,profiled,"underutilised: SM 18 %, DRAM 5 %, L2 5 %, occ 69 %",concat,17.73,0.0,7.44,0.0,5.19,68.25,1.33,planner_debate
llm_vl,react_moa_mcts,mir_operator:prefill_layer*,False,1.21,profiled,"latency/launch-bound: 0.67 waves per SM, no unit above 30 % of peak",elementwise_other,5.48,0.0,63.03,0.0,23.82,49.62,0.67,planner_debate
llm_vl,react_moa_mcts,mir_operator:prefill_layer*,False,1.21,profiled,"underutilised: SM 18 %, DRAM 12 %, L2 30 %, occ 8 %",attention,22.42,12.15,37.77,0.0,28.19,33.57,1.89,planner_debate
llm_vl,react_moa_mcts,mir_operator:prefill_layer*,False,1.21,profiled,"underutilised: SM 20 %, DRAM 34 %, L2 32 %, occ 64 %",copy,9.82,0.0,51.59,0.0,29.06,54.84,1.0,planner_debate
llm_vl,react_moa_mcts,mir_operator:prefill_layer*,False,1.21,profiled,DRAM-bandwidth-bound,elementwise_unary,0.93,0.0,30.79,0.0,14.27,22.97,0.29,planner_debate
llm_vl,react_moa_mcts,mir_operator:prefill_layer*,False,1.21,profiled,"underutilised: SM 2 %, DRAM 49 %, L2 19 %, occ 33 %",reduce,8.47,0.0,39.13,0.0,16.71,42.43,0.34,planner_debate
llm_vl,react_moa_mcts,mir_operator:prefill_layer*,False,1.21,profiled,"latency/launch-bound: 0.00 waves per SM, no unit above 30 % of peak",elementwise_binary,15.67,0.0,39.41,0.0,23.71,64.42,1.33,planner_debate
llm_vl,react_moa_mcts,mir_operator:prefill_layer*,False,1.21,profiled,"underutilised: SM 35 %, DRAM 28 %, L2 55 %, occ 8 %",gemm,37.06,42.92,33.51,0.0,66.91,13.74,1.0,planner_debate
llm_vl,react_moa_mcts,mir_operator:prefill_layer*,False,1.21,profiled,"underutilised: SM 18 %, DRAM 5 %, L2 5 %, occ 69 %",concat,17.61,0.0,7.2,0.0,5.2,68.46,1.33,planner_debate
llm_vl,react_moa_mcts,mir_operator:prefill_layer*,False,1.21,profiled,"underutilised: SM 13 %, DRAM 30 %, L2 18 %, occ 56 %",elementwise_other,5.31,0.0,61.61,0.0,24.3,48.68,0.67,planner_debate
llm_vl,react_moa_mcts,mir_operator:prefill_layer*,False,1.21,profiled,"underutilised: SM 18 %, DRAM 12 %, L2 30 %, occ 8 %",attention,22.38,12.34,39.22,0.0,28.44,33.76,1.89,planner_debate
llm_vl,react_moa_mcts,mir_operator:prefill_layer*,False,1.21,profiled,"underutilised: SM 20 %, DRAM 35 %, L2 33 %, occ 64 %",copy,9.9,0.0,53.11,0.0,28.97,55.22,1.0,planner_debate
llm_vl,react_moa_mcts,mir_operator:prefill_layer*,False,1.21,profiled,DRAM-bandwidth-bound,elementwise_unary,0.93,0.0,31.43,0.0,14.59,22.98,0.29,planner_debate
llm_vl,react_moa_mcts,mir_operator:prefill_layer*,False,1.21,profiled,"underutilised: SM 2 %, DRAM 51 %, L2 20 %, occ 33 %",reduce,8.5,0.0,39.26,0.0,16.79,43.34,0.34,planner_debate
llm_vl,react_moa_mcts,mir_operator:prefill_layer*,False,1.21,profiled,"latency/launch-bound: 0.00 waves per SM, no unit above 30 % of peak",elementwise_binary,15.65,0.0,39.41,0.0,23.72,64.32,1.33,planner_debate
llm_vl,react_moa_mcts,mir_operator:prefill_layer*,False,1.21,profiled,"underutilised: SM 34 %, DRAM 28 %, L2 54 %, occ 8 %",gemm,37.07,43.92,34.24,0.0,66.71,13.75,1.0,planner_debate
llm_vl,react_moa_mcts,mir_operator:prefill_layer*,False,1.21,profiled,"underutilised: SM 17 %, DRAM 5 %, L2 5 %, occ 69 %",concat,17.61,0.0,7.07,0.0,5.22,67.91,1.33,planner_debate
llm_vl,react_moa_mcts,mir_operator:prefill_layer*,False,1.21,profiled,"underutilised: SM 13 %, DRAM 31 %, L2 18 %, occ 56 %",elementwise_other,5.26,0.0,61.17,0.0,24.17,49.43,0.67,planner_debate
llm_vl,react_moa_mcts,mir_operator:prefill_layer*,False,1.21,profiled,"underutilised: SM 18 %, DRAM 12 %, L2 29 %, occ 8 %",attention,22.59,12.23,38.1,0.0,27.83,33.64,1.89,planner_debate
llm_vl,react_moa_mcts,mir_operator:prefill_layer*,False,1.21,profiled,"underutilised: SM 19 %, DRAM 35 %, L2 33 %, occ 63 %",copy,9.95,0.0,52.17,0.0,28.31,54.54,1.0,planner_debate
llm_vl,react_moa_mcts,mir_operator:prefill_layer*,False,1.21,profiled,DRAM-bandwidth-bound,elementwise_unary,0.93,0.0,30.9,0.0,14.43,22.98,0.29,planner_debate
llm_vl,react_moa_mcts,mir_operator:prefill_layer*,False,1.21,profiled,"underutilised: SM 2 %, DRAM 51 %, L2 20 %, occ 33 %",reduce,8.69,0.0,38.81,0.0,16.73,41.59,0.34,planner_debate
llm_vl,react_moa_mcts,mir_operator:prefill_layer*,False,1.21,profiled,"latency/launch-bound: 0.00 waves per SM, no unit above 30 % of peak",elementwise_binary,15.69,0.0,39.59,0.0,23.82,65.36,1.33,planner_debate
llm_vl,react_moa_mcts,mir_operator:prefill_layer*,False,1.21,profiled,"underutilised: SM 34 %, DRAM 27 %, L2 53 %, occ 8 %",gemm,37.11,43.36,33.52,0.0,58.52,13.8,1.0,planner_debate
llm_vl,react_moa_mcts,mir_operator:prefill_layer*,False,1.21,profiled,"underutilised: SM 17 %, DRAM 5 %, L2 5 %, occ 69 %",concat,17.76,0.0,7.09,0.0,5.14,68.74,1.33,planner_debate
llm_vl,react_moa_mcts,mir_operator:prefill_layer*,False,1.21,profiled,"underutilised: SM 13 %, DRAM 30 %, L2 18 %, occ 56 %",elementwise_other,5.37,0.0,60.88,0.0,24.08,49.89,0.67,planner_debate
llm_vl,react_moa_mcts,mir_operator:prefill_layer*,False,1.21,profiled,"underutilised: SM 18 %, DRAM 12 %, L2 30 %, occ 8 %",attention,22.43,12.28,37.96,0.0,28.18,34.11,1.89,planner_debate
llm_vl,react_moa_mcts,mir_operator:prefill_layer*,False,1.21,profiled,"underutilised: SM 20 %, DRAM 35 %, L2 33 %, occ 64 %",copy,9.84,0.0,53.03,0.0,28.88,54.54,1.0,planner_debate
llm_vl,react_moa_mcts,mir_operator:prefill_layer*,False,1.21,profiled,DRAM-bandwidth-bound,elementwise_unary,0.93,0.0,31.39,0.0,14.8,22.96,0.29,planner_debate
llm_vl,react_moa_mcts,mir_operator:prefill_layer*,False,1.21,profiled,"underutilised: SM 2 %, DRAM 51 %, L2 20 %, occ 33 %",reduce,8.51,0.0,39.64,0.0,17.41,41.98,0.34,planner_debate
llm_vl,react_moa_mcts,mir_operator:prefill_layer*,False,1.21,profiled,"latency/launch-bound: 0.00 waves per SM, no unit above 30 % of peak",elementwise_binary,15.91,0.0,40.21,0.0,23.81,65.72,1.33,planner_debate
llm_vl,react_moa_mcts,mir_operator:prefill_layer*,False,1.21,profiled,"underutilised: SM 34 %, DRAM 28 %, L2 55 %, occ 8 %",gemm,37.75,43.97,33.63,0.0,66.86,13.84,1.0,planner_debate
llm_vl,react_moa_mcts,mir_operator:prefill_layer*,False,1.21,profiled,"underutilised: SM 18 %, DRAM 5 %, L2 5 %, occ 68 %",concat,17.69,0.0,7.18,0.0,5.14,68.06,1.33,planner_debate
llm_vl,react_moa_mcts,mir_operator:prefill_layer*,False,1.21,profiled,"latency/launch-bound: 0.67 waves per SM, no unit above 30 % of peak",elementwise_other,4.5,0.0,59.9,0.0,23.26,49.9,0.67,planner_debate
llm_vl,react_moa_mcts,mir_operator:prefill_layer*,False,1.21,profiled,"underutilised: SM 18 %, DRAM 12 %, L2 29 %, occ 8 %",attention,22.32,12.26,38.29,0.0,27.73,33.67,1.89,planner_debate
llm_vl,react_moa_mcts,mir_operator:prefill_layer*,False,1.21,profiled,"underutilised: SM 20 %, DRAM 35 %, L2 33 %, occ 64 %",copy,9.81,0.0,53.09,0.0,28.74,53.55,1.0,planner_debate
llm_vl,react_moa_mcts,mir_operator:prefill_layer*,False,1.21,profiled,DRAM-bandwidth-bound,elementwise_unary,0.93,0.0,31.38,0.0,14.61,23.11,0.29,planner_debate
llm_vl,react_moa_mcts,mir_operator:prefill_layer*,False,1.21,profiled,"underutilised: SM 2 %, DRAM 52 %, L2 20 %, occ 33 %",reduce,8.58,0.0,39.96,0.0,17.12,42.52,0.34,planner_debate
llm_vl,react_moa_mcts,mir_operator:prefill_layer*,False,1.21,profiled,"latency/launch-bound: 0.00 waves per SM, no unit above 30 % of peak",elementwise_binary,15.95,0.0,39.11,0.0,23.59,65.63,1.33,planner_debate
llm_vl,react_moa_mcts,mir_operator:prefill_layer*,False,1.21,profiled,"underutilised: SM 34 %, DRAM 28 %, L2 54 %, occ 8 %",gemm,36.89,44.02,33.63,0.0,67.07,13.72,1.0,planner_debate
llm_vl,react_moa_mcts,mir_operator:prefill_layer*,False,1.21,profiled,"underutilised: SM 18 %, DRAM 5 %, L2 5 %, occ 68 %",concat,17.7,0.0,7.17,0.0,5.27,67.9,1.33,planner_debate
llm_vl,react_moa_mcts,mir_operator:prefill_layer*,False,1.21,profiled,"latency/launch-bound: 0.67 waves per SM, no unit above 30 % of peak",elementwise_other,5.52,0.0,59.75,0.0,23.6,50.0,0.67,planner_debate
llm_vl,react_moa_mcts,mir_operator:prefill_layer*,False,1.21,profiled,"underutilised: SM 18 %, DRAM 12 %, L2 29 %, occ 8 %",attention,22.46,12.32,37.76,0.0,28.12,33.74,1.89,planner_debate
llm_vl,react_moa_mcts,mir_operator:prefill_layer*,False,1.21,profiled,"underutilised: SM 20 %, DRAM 35 %, L2 33 %, occ 64 %",copy,10.01,0.0,53.23,0.0,28.48,55.48,1.0,planner_debate
llm_vl,react_moa_mcts,mir_operator:prefill_layer*,False,1.21,profiled,DRAM-bandwidth-bound,elementwise_unary,0.93,0.0,31.38,0.0,14.58,23.11,0.29,planner_debate
llm_vl,react_moa_mcts,mir_operator:prefill_layer*,False,1.21,profiled,"underutilised: SM 2 %, DRAM 51 %, L2 20 %, occ 33 %",reduce,8.36,0.0,40.44,0.0,17.25,42.87,0.34,planner_debate
llm_vl,react_moa_mcts,mir_operator:prefill_layer*,False,1.21,profiled,"latency/launch-bound: 0.00 waves per SM, no unit above 30 % of peak",elementwise_binary,15.74,0.0,39.59,0.0,23.97,64.7,1.33,planner_debate
llm_vl,react_moa_mcts,mir_operator:prefill_layer*,False,1.21,profiled,"underutilised: SM 34 %, DRAM 27 %, L2 53 %, occ 8 %",gemm,37.24,43.99,34.33,0.0,67.15,13.83,1.0,planner_debate
llm_vl,react_moa_mcts,mir_operator:prefill_layer*,False,1.21,profiled,"underutilised: SM 17 %, DRAM 5 %, L2 5 %, occ 69 %",concat,17.77,0.0,7.12,0.0,5.24,67.94,1.33,planner_debate
llm_vl,react_moa_mcts,mir_operator:prefill_layer*,False,1.21,profiled,"latency/launch-bound: 0.67 waves per SM, no unit above 30 % of peak",elementwise_other,5.51,0.0,59.06,0.0,23.38,48.8,0.67,planner_debate
llm_vl,react_moa_mcts,mir_operator:prefill_layer*,False,1.21,profiled,"underutilised: SM 18 %, DRAM 12 %, L2 30 %, occ 8 %",attention,22.48,12.21,37.69,0.0,28.18,33.76,1.89,planner_debate
llm_vl,react_moa_mcts,mir_operator:prefill_layer*,False,1.21,profiled,"underutilised: SM 20 %, DRAM 36 %, L2 33 %, occ 64 %",copy,9.79,0.0,52.84,0.0,28.47,55.09,1.0,planner_debate
llm_vl,react_moa_mcts,mir_operator:prefill_layer*,False,1.21,profiled,DRAM-bandwidth-bound,elementwise_unary,0.92,0.0,31.3,0.0,14.77,23.03,0.29,planner_debate
llm_vl,react_moa_mcts,mir_operator:prefill_layer*,False,1.21,profiled,"underutilised: SM 2 %, DRAM 51 %, L2 20 %, occ 33 %",reduce,8.21,0.0,39.7,0.0,16.95,43.34,0.34,planner_debate
llm_vl,react_moa_mcts,mir_operator:prefill_layer*,False,1.21,profiled,"latency/launch-bound: 0.00 waves per SM, no unit above 30 % of peak",elementwise_binary,15.45,0.0,39.95,0.0,24.04,64.66,1.33,planner_debate
llm_vl,react_moa_mcts,mir_operator:prefill_layer*,False,1.21,profiled,"underutilised: SM 35 %, DRAM 28 %, L2 54 %, occ 8 %",gemm,37.08,44.02,34.31,0.0,67.16,13.75,1.0,planner_debate
llm_vl,react_moa_mcts,mir_operator:prefill_layer*,False,1.21,profiled,"underutilised: SM 18 %, DRAM 5 %, L2 5 %, occ 69 %",concat,17.49,0.0,6.96,0.0,4.97,67.85,1.33,planner_debate
llm_vl,react_moa_mcts,mir_operator:prefill_layer*,False,1.21,profiled,"latency/launch-bound: 0.67 waves per SM, no unit above 30 % of peak",elementwise_other,5.21,0.0,61.02,0.0,24.11,49.47,0.67,planner_debate
llm_vl,react_moa_mcts,mir_operator:prefill_layer*,False,1.21,profiled,"underutilised: SM 18 %, DRAM 12 %, L2 30 %, occ 8 %",attention,22.54,12.21,37.87,0.0,28.18,33.69,1.89,planner_debate
llm_vl,react_moa_mcts,mir_operator:prefill_layer*,False,1.21,profiled,"underutilised: SM 20 %, DRAM 35 %, L2 33 %, occ 63 %",copy,9.8,0.0,53.1,0.0,28.68,55.54,1.0,planner_debate
llm_vl,react_moa_mcts,mir_operator:prefill_layer*,False,1.21,profiled,DRAM-bandwidth-bound,elementwise_unary,0.92,0.0,31.42,0.0,14.6,22.98,0.29,planner_debate
llm_vl,react_moa_mcts,mir_operator:prefill_layer*,False,1.21,profiled,"underutilised: SM 2 %, DRAM 51 %, L2 20 %, occ 33 %",reduce,8.46,0.0,39.51,0.0,17.01,41.93,0.34,planner_debate
llm_vl,react_moa_mcts,mir_operator:prefill_layer*,False,1.21,profiled,"latency/launch-bound: 0.00 waves per SM, no unit above 30 % of peak",elementwise_binary,15.76,0.0,39.41,0.0,23.85,65.57,1.33,planner_debate
llm_vl,react_moa_mcts,mir_operator:prefill_layer*,False,1.21,profiled,"underutilised: SM 35 %, DRAM 27 %, L2 54 %, occ 8 %",gemm,37.03,43.91,33.54,0.0,66.87,13.84,1.0,planner_debate
llm_vl,react_moa_mcts,mir_operator:prefill_layer*,False,1.21,profiled,"underutilised: SM 17 %, DRAM 5 %, L2 5 %, occ 69 %",concat,17.68,0.0,7.58,0.0,5.15,68.76,1.33,planner_debate
llm_vl,react_moa_mcts,mir_operator:prefill_layer*,False,1.21,profiled,"underutilised: SM 13 %, DRAM 31 %, L2 18 %, occ 54 %",elementwise_other,5.48,0.0,61.02,0.0,24.08,49.97,0.67,planner_debate
llm_vl,react_moa_mcts,mir_operator:prefill_layer*,False,1.21,profiled,"underutilised: SM 18 %, DRAM 12 %, L2 30 %, occ 8 %",attention,22.2,12.31,37.92,0.0,28.15,34.07,1.89,planner_debate
llm_vl,react_moa_mcts,mir_operator:prefill_layer*,False,1.21,profiled,"underutilised: SM 20 %, DRAM 35 %, L2 33 %, occ 64 %",copy,9.8,0.0,52.66,0.0,28.83,55.3,1.0,planner_debate
llm_vl,react_moa_mcts,mir_operator:prefill_layer*,False,1.21,profiled,DRAM-bandwidth-bound,elementwise_unary,0.93,0.0,31.08,0.0,14.42,23.08,0.29,planner_debate
llm_vl,react_moa_mcts,mir_operator:prefill_layer*,False,1.21,profiled,"underutilised: SM 2 %, DRAM 51 %, L2 20 %, occ 33 %",reduce,8.32,0.0,39.11,0.0,16.52,44.2,0.34,planner_debate
llm_vl,react_moa_mcts,mir_operator:prefill_layer*,False,1.21,profiled,"latency/launch-bound: 0.00 waves per SM, no unit above 30 % of peak",elementwise_binary,15.22,0.0,39.95,0.0,23.99,65.37,1.33,planner_debate
llm_vl,react_moa_mcts,mir_operator:prefill_layer*,False,1.21,profiled,"underutilised: SM 35 %, DRAM 28 %, L2 56 %, occ 8 %",gemm,37.13,44.01,34.22,0.0,67.09,13.79,1.0,planner_debate
llm_vl,react_moa_mcts,mir_operator:prefill_layer*,False,1.21,profiled,"underutilised: SM 18 %, DRAM 5 %, L2 5 %, occ 69 %",concat,17.57,0.0,7.16,0.0,5.25,68.0,1.33,planner_debate
llm_vl,react_moa_mcts,mir_operator:prefill_layer*,False,1.21,profiled,"underutilised: SM 14 %, DRAM 30 %, L2 18 %, occ 54 %",elementwise_other,5.12,0.0,59.2,0.0,23.48,47.89,0.67,planner_debate
llm_vl,react_moa_mcts,mir_operator:prefill_layer*,False,1.21,profiled,"underutilised: SM 18 %, DRAM 12 %, L2 30 %, occ 8 %",attention,22.58,12.24,38.5,0.0,28.04,33.82,1.89,planner_debate
llm_vl,react_moa_mcts,mir_operator:prefill_layer*,False,1.21,profiled,"underutilised: SM 20 %, DRAM 35 %, L2 33 %, occ 63 %",copy,9.81,0.0,52.89,0.0,29.08,55.01,1.0,planner_debate
llm_vl,react_moa_mcts,mir_operator:prefill_layer*,False,1.21,profiled,DRAM-bandwidth-bound,elementwise_unary,0.93,0.0,31.17,0.0,14.51,22.92,0.29,planner_debate
llm_vl,react_moa_mcts,mir_operator:prefill_layer*,False,1.21,profiled,"underutilised: SM 2 %, DRAM 51 %, L2 20 %, occ 33 %",reduce,8.32,0.0,39.3,0.0,16.98,43.47,0.34,planner_debate
llm_vl,react_moa_mcts,mir_operator:prefill_layer*,False,1.21,profiled,"latency/launch-bound: 0.00 waves per SM, no unit above 30 % of peak",elementwise_binary,15.83,0.0,39.77,0.0,24.02,65.25,1.33,planner_debate
llm_vl,react_moa_mcts,mir_operator:prefill_layer*,False,1.21,profiled,"underutilised: SM 34 %, DRAM 27 %, L2 54 %, occ 8 %",gemm,36.75,42.67,34.24,0.0,66.95,13.79,1.0,planner_debate
llm_vl,react_moa_mcts,mir_operator:prefill_layer*,False,1.21,profiled,"underutilised: SM 18 %, DRAM 5 %, L2 5 %, occ 69 %",concat,17.76,0.0,7.62,0.0,5.17,68.32,1.33,planner_debate
llm_vl,react_moa_mcts,mir_operator:prefill_layer*,False,1.21,profiled,"latency/launch-bound: 0.67 waves per SM, no unit above 30 % of peak",elementwise_other,5.33,0.0,54.73,0.0,21.66,49.96,0.67,planner_debate
llm_vl,react_moa_mcts,mir_operator:prefill_layer*,False,1.21,profiled,"underutilised: SM 18 %, DRAM 12 %, L2 30 %, occ 8 %",attention,22.35,12.22,38.24,0.0,28.06,33.79,1.89,planner_debate
llm_vl,react_moa_mcts,mir_operator:prefill_layer*,False,1.21,profiled,"underutilised: SM 20 %, DRAM 35 %, L2 33 %, occ 65 %",copy,9.86,0.0,53.21,0.0,28.43,55.06,1.0,planner_debate
llm_vl,react_moa_mcts,mir_operator:prefill_layer*,False,1.21,profiled,DRAM-bandwidth-bound,elementwise_unary,0.93,0.0,31.56,0.0,14.94,23.08,0.29,planner_debate
llm_vl,react_moa_mcts,mir_operator:prefill_layer*,False,1.21,profiled,"underutilised: SM 2 %, DRAM 51 %, L2 20 %, occ 33 %",reduce,8.52,0.0,38.95,0.0,16.95,43.85,0.34,planner_debate
llm_vl,react_moa_mcts,mir_operator:prefill_layer*,False,1.21,profiled,"latency/launch-bound: 0.00 waves per SM, no unit above 30 % of peak",elementwise_binary,15.51,0.0,39.23,0.0,23.53,65.24,1.33,planner_debate
llm_vl,react_moa_mcts,mir_operator:prefill_layer*,False,1.21,profiled,"underutilised: SM 34 %, DRAM 27 %, L2 53 %, occ 8 %",gemm,37.6,43.95,34.0,0.0,66.81,13.65,1.0,planner_debate
llm_vl,react_moa_mcts,mir_operator:prefill_layer*,False,1.21,profiled,"underutilised: SM 18 %, DRAM 5 %, L2 5 %, occ 69 %",concat,17.76,0.0,7.2,0.0,5.15,68.63,1.33,planner_debate
llm_vl,react_moa_mcts,mir_operator:prefill_layer*,False,1.21,profiled,"latency/launch-bound: 0.67 waves per SM, no unit above 30 % of peak",elementwise_other,5.46,0.0,59.13,0.0,23.38,47.95,0.67,planner_debate
llm_vl,react_moa_mcts,mir_operator:prefill_layer*,False,1.21,profiled,"underutilised: SM 18 %, DRAM 12 %, L2 30 %, occ 8 %",attention,22.34,12.22,38.28,0.0,28.15,34.05,1.89,planner_debate
llm_vl,react_moa_mcts,mir_operator:prefill_layer*,False,1.21,profiled,"underutilised: SM 20 %, DRAM 34 %, L2 32 %, occ 63 %",copy,3.19,0.0,52.55,0.0,28.83,55.06,1.0,planner_debate
llm_vl,react_moa_mcts,mir_operator:prefill_layer*,False,1.21,profiled,DRAM-bandwidth-bound,elementwise_unary,0.93,0.0,32.83,0.0,14.83,22.87,0.29,planner_debate
llm_vl,react_moa_mcts,mir_operator:prefill_layer*,False,1.21,profiled,"underutilised: SM 2 %, DRAM 51 %, L2 20 %, occ 33 %",reduce,8.42,0.0,38.43,0.0,16.71,43.01,0.34,planner_debate
llm_vl,react_moa_mcts,mir_operator:prefill_layer*,False,1.21,profiled,"latency/launch-bound: 0.00 waves per SM, no unit above 30 % of peak",elementwise_binary,15.88,0.0,39.95,0.0,24.01,65.16,1.33,planner_debate
llm_vl,react_moa_mcts,mir_operator:prefill_layer*,False,1.21,profiled,"underutilised: SM 35 %, DRAM 27 %, L2 54 %, occ 8 %",gemm,37.0,43.95,33.43,0.0,58.59,13.79,1.0,planner_debate
llm_vl,react_moa_mcts,mir_operator:prefill_layer*,False,1.21,profiled,"underutilised: SM 17 %, DRAM 5 %, L2 5 %, occ 70 %",concat,17.61,0.0,7.17,0.0,5.13,68.84,1.33,planner_debate
llm_vl,react_moa_mcts,mir_operator:prefill_layer*,False,1.21,profiled,"underutilised: SM 14 %, DRAM 30 %, L2 18 %, occ 55 %",elementwise_other,5.49,0.0,59.96,0.0,23.69,49.94,0.67,planner_debate
llm_vl,react_moa_mcts,mir_operator:prefill_layer*,False,1.21,profiled,"underutilised: SM 18 %, DRAM 12 %, L2 30 %, occ 8 %",attention,22.42,12.2,38.39,0.0,28.18,33.85,1.89,planner_debate
llm_vl,react_moa_mcts,mir_operator:prefill_layer*,False,1.21,profiled,"underutilised: SM 20 %, DRAM 34 %, L2 32 %, occ 64 %",copy,9.83,0.0,51.45,0.0,29.07,54.92,1.0,planner_debate
llm_vl,react_moa_mcts,mir_operator:prefill_layer*,False,1.21,profiled,DRAM-bandwidth-bound,elementwise_unary,0.92,0.0,31.04,0.0,14.37,23.0,0.29,planner_debate
llm_vl,react_moa_mcts,mir_operator:prefill_layer*,False,1.21,profiled,"underutilised: SM 2 %, DRAM 52 %, L2 21 %, occ 33 %",reduce,8.23,0.0,39.57,0.0,17.09,43.41,0.34,planner_debate
llm_vl,react_moa_mcts,mir_operator:prefill_layer*,False,1.21,profiled,"latency/launch-bound: 0.00 waves per SM, no unit above 30 % of peak",elementwise_binary,15.71,0.0,40.14,0.0,24.01,64.83,1.33,planner_debate
llm_vl,react_moa_mcts,mir_operator:prefill_layer*,False,1.21,profiled,"underutilised: SM 34 %, DRAM 28 %, L2 55 %, occ 8 %",gemm,37.13,44.0,33.94,0.0,66.72,13.82,1.0,planner_debate
llm_vl,react_moa_mcts,mir_operator:prefill_layer*,False,1.21,profiled,"underutilised: SM 18 %, DRAM 5 %, L2 5 %, occ 69 %",concat,17.68,0.0,7.13,0.0,5.31,68.03,1.33,planner_debate
llm_vl,react_moa_mcts,mir_operator:prefill_layer*,False,1.21,profiled,"underutilised: SM 14 %, DRAM 31 %, L2 18 %, occ 53 %",elementwise_other,5.19,0.0,59.96,0.0,23.69,49.92,0.67,planner_debate
llm_vl,react_moa_mcts,mir_operator:prefill_layer*,False,1.21,profiled,"underutilised: SM 18 %, DRAM 12 %, L2 30 %, occ 8 %",attention,22.49,12.3,38.4,0.0,28.49,34.03,1.89,planner_debate
llm_vl,react_moa_mcts,mir_operator:prefill_layer*,False,1.21,profiled,"underutilised: SM 20 %, DRAM 35 %, L2 33 %, occ 64 %",copy,9.86,0.0,53.32,0.0,28.69,54.3,1.0,planner_debate
llm_vl,react_moa_mcts,mir_operator:prefill_layer*,False,1.21,profiled,DRAM-bandwidth-bound,elementwise_unary,0.92,0.0,31.47,0.0,14.56,23.1,0.29,planner_debate
llm_vl,react_moa_mcts,mir_operator:prefill_layer*,False,1.21,profiled,"underutilised: SM 2 %, DRAM 51 %, L2 20 %, occ 33 %",reduce,8.32,0.0,39.76,0.0,17.04,42.66,0.34,planner_debate
llm_vl,react_moa_mcts,mir_operator:prefill_layer*,False,1.21,profiled,"latency/launch-bound: 0.00 waves per SM, no unit above 30 % of peak",elementwise_binary,15.58,0.0,39.17,0.0,23.63,64.66,1.33,planner_debate
llm_vl,react_moa_mcts,mir_operator:prefill_layer*,False,1.21,profiled,"underutilised: SM 35 %, DRAM 28 %, L2 55 %, occ 8 %",gemm,37.08,43.9,33.43,0.0,66.53,13.74,1.0,planner_debate
llm_vl,react_moa_mcts,mir_operator:prefill_layer*,False,1.21,profiled,"underutilised: SM 17 %, DRAM 5 %, L2 5 %, occ 67 %",concat,17.6,0.0,6.77,0.0,5.08,68.4,1.33,planner_debate
llm_vl,react_moa_mcts,mir_operator:prefill_layer*,False,1.21,profiled,"latency/launch-bound: 0.67 waves per SM, no unit above 30 % of peak",elementwise_other,5.37,0.0,61.46,0.0,24.33,49.35,0.67,planner_debate
llm_vl,react_moa_mcts,mir_operator:prefill_layer*,False,1.21,profiled,"underutilised: SM 18 %, DRAM 12 %, L2 30 %, occ 8 %",attention,22.39,12.25,38.19,0.0,28.32,34.01,1.89,planner_debate
llm_vl,react_moa_mcts,mir_operator:prefill_layer*,False,1.21,profiled,"underutilised: SM 20 %, DRAM 36 %, L2 33 %, occ 63 %",copy,9.72,0.0,53.18,0.0,28.76,55.09,1.0,planner_debate
llm_vl,react_moa_mcts,mir_operator:prefill_layer*,False,1.21,profiled,DRAM-bandwidth-bound,elementwise_unary,0.93,0.0,31.47,0.0,14.78,22.94,0.29,planner_debate
llm_vl,react_moa_mcts,mir_operator:prefill_layer*,False,1.21,profiled,"underutilised: SM 2 %, DRAM 53 %, L2 21 %, occ 33 %",reduce,8.2,0.0,38.52,0.0,16.49,42.55,0.34,planner_debate
llm_vl,react_moa_mcts,mir_operator:prefill_layer*,False,1.21,profiled,"latency/launch-bound: 0.00 waves per SM, no unit above 30 % of peak",elementwise_binary,15.84,0.0,38.68,0.0,22.5,64.86,1.33,planner_debate
llm_vl,react_moa_mcts,mir_operator:prefill_layer*,False,1.21,profiled,"underutilised: SM 33 %, DRAM 27 %, L2 53 %, occ 8 %",gemm,37.02,43.94,33.97,0.0,66.81,13.67,1.0,planner_debate
llm_vl,react_moa_mcts,mir_operator:prefill_layer*,False,1.21,profiled,"underutilised: SM 18 %, DRAM 5 %, L2 5 %, occ 68 %",concat,17.71,0.0,7.02,0.0,5.14,67.74,1.33,planner_debate
llm_vl,react_moa_mcts,mir_operator:prefill_layer*,False,1.21,profiled,"latency/launch-bound: 0.67 waves per SM, no unit above 30 % of peak",elementwise_other,5.38,0.0,60.8,0.0,24.12,48.66,0.67,planner_debate
llm_vl,react_moa_mcts,mir_operator:prefill_layer*,False,1.21,profiled,"underutilised: SM 18 %, DRAM 12 %, L2 30 %, occ 8 %",attention,22.49,12.26,38.2,0.0,28.17,33.69,1.89,planner_debate
llm_vl,react_moa_mcts,mir_operator:prefill_layer*,False,1.21,profiled,"underutilised: SM 20 %, DRAM 34 %, L2 32 %, occ 64 %",copy,9.84,0.0,52.82,0.0,28.59,54.97,1.0,planner_debate
llm_vl,react_moa_mcts,mir_operator:prefill_layer*,False,1.21,profiled,DRAM-bandwidth-bound,elementwise_unary,0.93,0.0,31.34,0.0,14.79,22.95,0.29,planner_debate
llm_vl,react_moa_mcts,mir_operator:prefill_layer*,False,1.21,profiled,"underutilised: SM 2 %, DRAM 50 %, L2 20 %, occ 33 %",reduce,8.31,0.0,39.27,0.0,16.92,41.92,0.34,planner_debate
llm_vl,react_moa_mcts,mir_operator:prefill_layer*,False,1.21,profiled,"latency/launch-bound: 0.00 waves per SM, no unit above 30 % of peak",elementwise_binary,15.97,0.0,39.53,0.0,23.91,64.89,1.33,planner_debate
llm_vl,react_moa_mcts,mir_operator:prefill_layer*,False,1.21,profiled,"underutilised: SM 35 %, DRAM 28 %, L2 55 %, occ 8 %",gemm,37.26,43.89,33.77,0.0,67.25,13.71,1.0,planner_debate
llm_vl,react_moa_mcts,mir_operator:prefill_layer*,False,1.21,profiled,"underutilised: SM 18 %, DRAM 5 %, L2 5 %, occ 68 %",concat,17.72,0.0,7.03,0.0,5.29,67.96,1.33,planner_debate
llm_vl,react_moa_mcts,mir_operator:prefill_layer*,False,1.21,profiled,"latency/launch-bound: 0.67 waves per SM, no unit above 30 % of peak",elementwise_other,4.69,0.0,60.31,0.0,23.84,48.63,0.67,planner_debate
llm_vl,react_moa_mcts,mir_operator:prefill_layer*,False,1.21,profiled,"underutilised: SM 18 %, DRAM 12 %, L2 29 %, occ 8 %",attention,22.52,12.33,37.35,0.0,25.71,33.65,1.89,planner_debate
llm_vl,react_moa_mcts,mir_operator:prefill_layer*,False,1.21,profiled,"underutilised: SM 20 %, DRAM 35 %, L2 33 %, occ 64 %",copy,2.44,0.0,53.02,0.0,28.72,55.8,1.0,planner_debate
llm_vl,react_moa_mcts,mir_operator:prefill_layer*,False,1.21,profiled,DRAM-bandwidth-bound,elementwise_unary,0.93,0.0,31.38,0.0,14.59,23.07,0.29,planner_debate
llm_vl,react_moa_mcts,mir_operator:prefill_layer*,False,1.21,profiled,"underutilised: SM 2 %, DRAM 50 %, L2 20 %, occ 33 %",reduce,8.24,0.0,39.9,0.0,17.07,42.18,0.34,planner_debate
llm_vl,react_moa_mcts,mir_operator:prefill_layer*,False,1.21,profiled,"latency/launch-bound: 0.00 waves per SM, no unit above 30 % of peak",elementwise_binary,15.83,0.0,40.21,0.0,24.19,64.65,1.33,planner_debate
llm_vl,react_moa_mcts,mir_operator:prefill_layer*,False,1.21,profiled,"underutilised: SM 35 %, DRAM 28 %, L2 55 %, occ 8 %",gemm,36.79,44.01,33.34,0.0,67.17,14.95,1.0,planner_debate
llm_vl,react_moa_mcts,mir_operator:prefill_layer*,False,1.21,profiled,"underutilised: SM 18 %, DRAM 5 %, L2 5 %, occ 69 %",concat,17.59,0.0,7.13,0.0,5.21,68.41,1.33,planner_debate
llm_vl,react_moa_mcts,mir_operator:prefill_layer*,False,1.21,profiled,"latency/launch-bound: 0.67 waves per SM, no unit above 30 % of peak",elementwise_other,5.52,0.0,59.54,0.0,23.49,49.96,0.67,planner_debate
llm_vl,react_moa_mcts,mir_operator:prefill_layer*,False,1.21,profiled,"underutilised: SM 18 %, DRAM 12 %, L2 30 %, occ 8 %",attention,22.59,12.22,38.39,0.0,28.19,33.77,1.89,planner_debate
llm_vl,react_moa_mcts,mir_operator:prefill_layer*,False,1.21,profiled,"underutilised: SM 20 %, DRAM 35 %, L2 33 %, occ 64 %",copy,9.95,0.0,53.2,0.0,28.86,49.89,1.0,planner_debate
llm_vl,react_moa_mcts,mir_operator:prefill_layer*,False,1.21,profiled,DRAM-bandwidth-bound,elementwise_unary,0.93,0.0,30.88,0.0,14.34,23.05,0.29,planner_debate
llm_vl,react_moa_mcts,mir_operator:prefill_layer*,False,1.21,profiled,"underutilised: SM 2 %, DRAM 51 %, L2 20 %, occ 33 %",reduce,8.21,0.0,39.4,0.0,16.9,41.92,0.34,planner_debate
llm_vl,react_moa_mcts,mir_operator:prefill_layer*,False,1.21,profiled,"latency/launch-bound: 0.00 waves per SM, no unit above 30 % of peak",elementwise_binary,15.6,0.0,39.77,0.0,23.98,65.69,1.33,planner_debate
llm_vl,react_moa_mcts,mir_operator:prefill_layer*,False,1.21,profiled,"underutilised: SM 35 %, DRAM 28 %, L2 55 %, occ 8 %",gemm,37.61,44.02,33.71,0.0,67.08,13.8,1.0,planner_debate
llm_vl,react_moa_mcts,mir_operator:prefill_layer*,False,1.21,profiled,"underutilised: SM 17 %, DRAM 5 %, L2 5 %, occ 68 %",concat,17.54,0.0,6.94,0.0,5.22,68.29,1.33,planner_debate
llm_vl,react_moa_mcts,mir_operator:prefill_layer*,False,1.21,profiled,"latency/launch-bound: 0.67 waves per SM, no unit above 30 % of peak",elementwise_other,5.48,0.0,60.6,0.0,23.92,48.89,0.67,planner_debate
llm_vl,react_moa_mcts,mir_operator:prefill_layer*,False,1.21,profiled,"underutilised: SM 18 %, DRAM 12 %, L2 30 %, occ 8 %",attention,22.38,12.32,38.2,0.0,28.16,33.68,1.89,planner_debate
llm_vl,react_moa_mcts,mir_operator:prefill_layer*,False,1.21,profiled,"underutilised: SM 20 %, DRAM 35 %, L2 33 %, occ 64 %",copy,9.73,0.0,53.22,0.0,28.53,55.0,1.0,planner_debate
llm_vl,react_moa_mcts,mir_operator:prefill_layer*,False,1.21,profiled,DRAM-bandwidth-bound,elementwise_unary,0.93,0.0,33.33,0.0,14.83,23.05,0.29,planner_debate
llm_vl,react_moa_mcts,mir_operator:prefill_layer*,False,1.21,profiled,"underutilised: SM 2 %, DRAM 51 %, L2 20 %, occ 33 %",reduce,8.36,0.0,39.49,0.0,17.2,42.56,0.34,planner_debate
llm_vl,react_moa_mcts,mir_operator:prefill_layer*,False,1.21,profiled,"latency/launch-bound: 0.00 waves per SM, no unit above 30 % of peak",elementwise_binary,15.57,0.0,39.59,0.0,23.83,65.75,1.33,planner_debate
llm_vl,react_moa_mcts,mir_operator:prefill_layer*,False,1.21,profiled,"underutilised: SM 35 %, DRAM 28 %, L2 55 %, occ 8 %",gemm,37.06,44.0,33.54,0.0,66.89,13.75,1.0,planner_debate
llm_vl,react_moa_mcts,mir_operator:prefill_layer*,False,1.21,profiled,"underutilised: SM 17 %, DRAM 8 %, L2 5 %, occ 69 %",concat,17.7,0.0,7.49,0.0,5.1,68.41,1.33,planner_debate
llm_vl,react_moa_mcts,mir_operator:prefill_layer*,False,1.21,profiled,"latency/launch-bound: 0.67 waves per SM, no unit above 30 % of peak",elementwise_other,5.25,0.0,60.16,0.0,23.78,48.57,0.67,planner_debate
llm_vl,react_moa_mcts,mir_operator:prefill_layer*,False,1.21,profiled,"underutilised: SM 18 %, DRAM 12 %, L2 30 %, occ 8 %",attention,22.34,12.2,38.05,0.0,28.2,33.64,1.89,planner_debate
llm_vl,react_moa_mcts,mir_operator:prefill_layer*,False,1.21,profiled,"underutilised: SM 20 %, DRAM 35 %, L2 32 %, occ 64 %",copy,9.71,0.0,52.96,0.0,28.53,54.5,1.0,planner_debate
llm_vl,react_moa_mcts,mir_operator:prefill_layer*,False,1.21,profiled,DRAM-bandwidth-bound,elementwise_unary,0.93,0.0,31.17,0.0,14.48,23.01,0.29,planner_debate
llm_vl,react_moa_mcts,mir_operator:prefill_layer*,False,1.21,profiled,"underutilised: SM 2 %, DRAM 51 %, L2 20 %, occ 33 %",reduce,8.37,0.0,40.86,0.0,16.78,43.26,0.34,planner_debate
llm_vl,react_moa_mcts,mir_operator:prefill_layer*,False,1.21,profiled,"latency/launch-bound: 0.00 waves per SM, no unit above 30 % of peak",elementwise_binary,15.49,0.0,39.53,0.0,23.59,65.67,1.33,planner_debate
llm_vl,react_moa_mcts,mir_operator:prefill_layer*,False,1.21,profiled,"underutilised: SM 35 %, DRAM 28 %, L2 54 %, occ 8 %",gemm,37.09,43.84,33.59,0.0,66.94,13.79,1.0,planner_debate
llm_vl,react_moa_mcts,mir_operator:prefill_layer*,False,1.21,profiled,"underutilised: SM 17 %, DRAM 5 %, L2 5 %, occ 69 %",concat,17.75,0.0,7.2,0.0,5.26,68.12,1.33,planner_debate
llm_vl,react_moa_mcts,mir_operator:prefill_layer*,False,1.21,profiled,"underutilised: SM 14 %, DRAM 31 %, L2 18 %, occ 54 %",elementwise_other,5.37,0.0,59.61,0.0,23.65,49.35,0.67,planner_debate
llm_vl,react_moa_mcts,mir_operator:prefill_layer*,False,1.21,profiled,"underutilised: SM 18 %, DRAM 12 %, L2 30 %, occ 8 %",attention,22.57,12.24,37.83,0.0,28.08,34.03,1.89,planner_debate
llm_vl,react_moa_mcts,mir_operator:prefill_layer*,False,1.21,profiled,"underutilised: SM 19 %, DRAM 34 %, L2 32 %, occ 64 %",copy,10.01,0.0,48.8,0.0,28.93,55.44,1.0,planner_debate
llm_vl,react_moa_mcts,mir_operator:prefill_layer*,False,1.21,profiled,DRAM-bandwidth-bound,elementwise_unary,0.93,0.0,31.38,0.0,14.61,22.93,0.29,planner_debate
llm_vl,react_moa_mcts,mir_operator:prefill_layer*,False,1.21,profiled,"underutilised: SM 2 %, DRAM 52 %, L2 20 %, occ 33 %",reduce,8.37,0.0,39.67,0.0,17.01,42.28,0.34,planner_debate
llm_vl,react_moa_mcts,mir_operator:prefill_layer*,False,1.21,profiled,"latency/launch-bound: 0.00 waves per SM, no unit above 30 % of peak",elementwise_binary,15.92,0.0,39.41,0.0,23.78,64.65,1.33,planner_debate
llm_vl,react_moa_mcts,mir_operator:prefill_layer*,False,1.21,profiled,"underutilised: SM 34 %, DRAM 28 %, L2 55 %, occ 8 %",gemm,37.85,43.95,33.68,0.0,67.03,13.72,1.0,planner_debate
llm_vl,react_moa_mcts,mir_operator:prefill_layer*,False,1.21,profiled,"underutilised: SM 17 %, DRAM 5 %, L2 5 %, occ 70 %",concat,17.44,0.0,6.93,0.0,5.16,68.52,1.33,planner_debate
llm_vl,react_moa_mcts,mir_operator:prefill_layer*,False,1.21,profiled,"underutilised: SM 14 %, DRAM 31 %, L2 19 %, occ 54 %",elementwise_other,5.19,0.0,60.24,0.0,23.89,49.88,0.67,planner_debate
llm_vl,react_moa_mcts,mir_operator:prefill_layer*,False,1.21,profiled,"underutilised: SM 18 %, DRAM 12 %, L2 30 %, occ 8 %",attention,22.17,12.24,38.48,0.0,28.21,33.8,1.89,planner_debate
llm_vl,react_moa_mcts,mir_operator:prefill_layer*,False,1.21,profiled,"underutilised: SM 20 %, DRAM 34 %, L2 32 %, occ 64 %",copy,9.74,0.0,49.22,0.0,28.61,54.55,1.0,planner_debate
llm_vl,react_moa_mcts,mir_operator:prefill_layer*,False,1.21,profiled,DRAM-bandwidth-bound,elementwise_unary,0.92,0.0,31.17,0.0,14.48,23.15,0.29,planner_debate
llm_vl,react_moa_mcts,mir_operator:prefill_layer*,False,1.21,profiled,"underutilised: SM 2 %, DRAM 53 %, L2 21 %, occ 33 %",reduce,8.4,0.0,39.83,0.0,17.28,43.14,0.34,planner_debate
llm_vl,react_moa_mcts,mir_operator:prefill_layer*,False,1.21,profiled,"latency/launch-bound: 0.00 waves per SM, no unit above 30 % of peak",elementwise_binary,16.01,0.0,38.78,0.0,22.62,65.3,1.33,planner_debate
llm_vl,react_moa_mcts,mir_operator:prefill_layer*,False,1.21,profiled,"underutilised: SM 34 %, DRAM 28 %, L2 55 %, occ 8 %",gemm,37.34,43.23,34.0,0.0,66.66,13.78,1.0,planner_debate
llm_vl,react_moa_mcts,mir_operator:prefill_layer*,False,1.21,profiled,"underutilised: SM 17 %, DRAM 5 %, L2 5 %, occ 69 %",concat,17.81,0.0,7.21,0.0,5.28,68.75,1.33,planner_debate
llm_vl,react_moa_mcts,mir_operator:prefill_layer*,False,1.21,profiled,"underutilised: SM 13 %, DRAM 31 %, L2 18 %, occ 55 %",elementwise_other,5.42,0.0,59.68,0.0,23.57,48.06,0.67,planner_debate
llm_vl,react_moa_mcts,mir_operator:prefill_layer*,False,1.21,profiled,"underutilised: SM 18 %, DRAM 12 %, L2 30 %, occ 8 %",attention,22.46,12.25,37.65,0.0,28.09,33.68,1.89,planner_debate
llm_vl,react_moa_mcts,mir_operator:prefill_layer*,False,1.21,profiled,"underutilised: SM 20 %, DRAM 35 %, L2 33 %, occ 64 %",copy,9.85,0.0,52.99,0.0,28.9,55.26,1.0,planner_debate
llm_vl,react_moa_mcts,mir_operator:prefill_layer*,False,1.21,profiled,DRAM-bandwidth-bound,elementwise_unary,0.93,0.0,31.6,0.0,14.63,22.94,0.29,planner_debate
llm_vl,react_moa_mcts,mir_operator:prefill_layer*,False,1.21,profiled,"underutilised: SM 2 %, DRAM 52 %, L2 20 %, occ 33 %",reduce,8.3,0.0,39.79,0.0,16.77,42.49,0.34,planner_debate
llm_vl,react_moa_mcts,mir_operator:prefill_layer*,False,1.21,profiled,"latency/launch-bound: 0.00 waves per SM, no unit above 30 % of peak",elementwise_binary,15.63,0.0,39.59,0.0,23.84,64.92,1.33,planner_debate
llm_vl,react_moa_mcts,mir_operator:prefill_layer*,False,1.21,profiled,"underutilised: SM 35 %, DRAM 28 %, L2 54 %, occ 8 %",gemm,37.91,43.97,34.25,0.0,67.16,13.74,1.0,planner_debate
llm_vl,react_moa_mcts,mir_operator:prefill_layer*,False,1.21,profiled,"underutilised: SM 17 %, DRAM 5 %, L2 5 %, occ 69 %",concat,17.73,0.0,7.19,0.0,5.21,68.01,1.33,planner_debate
llm_vl,react_moa_mcts,mir_operator:prefill_layer*,False,1.21,profiled,"underutilised: SM 14 %, DRAM 31 %, L2 18 %, occ 55 %",elementwise_other,5.47,0.0,59.33,0.0,23.56,48.85,0.67,planner_debate
llm_vl,react_moa_mcts,mir_operator:prefill_layer*,False,1.21,profiled,"underutilised: SM 18 %, DRAM 12 %, L2 30 %, occ 8 %",attention,22.31,12.2,37.24,0.0,28.08,33.71,1.89,planner_debate
llm_vl,react_moa_mcts,mir_operator:prefill_layer*,False,1.21,profiled,"underutilised: SM 20 %, DRAM 35 %, L2 33 %, occ 64 %",copy,9.83,0.0,53.01,0.0,28.67,54.75,1.0,planner_debate
llm_vl,react_moa_mcts,mir_operator:prefill_layer*,False,1.21,profiled,DRAM-bandwidth-bound,elementwise_unary,0.94,0.0,31.13,0.0,14.44,22.92,0.29,planner_debate
llm_vl,react_moa_mcts,mir_operator:prefill_layer*,False,1.21,profiled,"underutilised: SM 2 %, DRAM 51 %, L2 20 %, occ 33 %",reduce,8.13,0.0,40.11,0.0,17.11,42.75,0.34,planner_debate
llm_vl,react_moa_mcts,mir_operator:prefill_layer*,False,1.21,profiled,"latency/launch-bound: 0.00 waves per SM, no unit above 30 % of peak",elementwise_binary,15.73,0.0,39.65,0.0,23.82,65.5,1.33,planner_debate
llm_vl,react_moa_mcts,mir_operator:prefill_layer*,False,1.21,profiled,"underutilised: SM 34 %, DRAM 28 %, L2 54 %, occ 8 %",gemm,37.07,44.0,33.44,0.0,66.95,13.8,1.0,planner_debate
llm_vl,react_moa_mcts,mir_operator:prefill_layer*,False,1.21,profiled,"underutilised: SM 17 %, DRAM 5 %, L2 5 %, occ 69 %",concat,17.65,0.0,6.99,0.0,5.17,68.67,1.33,planner_debate
llm_vl,react_moa_mcts,mir_operator:prefill_layer*,False,1.21,profiled,"latency/launch-bound: 0.67 waves per SM, no unit above 30 % of peak",elementwise_other,5.43,0.0,59.06,0.0,24.49,41.16,0.67,planner_debate
llm_vl,react_moa_mcts,mir_operator:prefill_layer*,False,1.21,profiled,"underutilised: SM 18 %, DRAM 12 %, L2 30 %, occ 8 %",attention,22.41,12.24,38.13,0.0,28.13,33.72,1.89,planner_debate
llm_vl,react_moa_mcts,mir_operator:prefill_layer*,False,1.21,profiled,"underutilised: SM 20 %, DRAM 35 %, L2 33 %, occ 64 %",copy,9.69,0.0,53.05,0.0,29.05,54.89,1.0,planner_debate
llm_vl,react_moa_mcts,mir_operator:prefill_layer*,False,1.21,profiled,DRAM-bandwidth-bound,elementwise_unary,0.93,0.0,31.39,0.0,14.54,22.95,0.29,planner_debate
llm_vl,react_moa_mcts,mir_operator:prefill_layer*,False,1.21,profiled,"underutilised: SM 2 %, DRAM 53 %, L2 21 %, occ 33 %",reduce,8.59,0.0,39.2,0.0,16.85,41.98,0.34,planner_debate
llm_vl,react_moa_mcts,mir_operator:prefill_layer*,False,1.21,profiled,"latency/launch-bound: 0.00 waves per SM, no unit above 30 % of peak",elementwise_binary,15.71,0.0,40.08,0.0,24.26,64.56,1.33,planner_debate
llm_vl,react_moa_mcts,mir_operator:prefill_layer*,False,1.21,profiled,"underutilised: SM 35 %, DRAM 28 %, L2 55 %, occ 8 %",gemm,37.58,43.9,34.16,0.0,66.83,13.88,1.0,planner_debate
llm_vl,react_moa_mcts,mir_operator:prefill_layer*,False,1.21,profiled,"underutilised: SM 18 %, DRAM 5 %, L2 5 %, occ 68 %",concat,17.58,0.0,7.11,0.0,5.2,68.22,1.33,planner_debate
llm_vl,react_moa_mcts,mir_operator:prefill_layer*,False,1.21,profiled,"underutilised: SM 13 %, DRAM 30 %, L2 18 %, occ 55 %",elementwise_other,5.36,0.0,59.68,0.0,23.64,48.26,0.67,planner_debate
llm_vl,react_moa_mcts,mir_operator:prefill_layer*,False,1.21,profiled,"underutilised: SM 18 %, DRAM 12 %, L2 30 %, occ 8 %",attention,22.43,12.26,37.91,0.0,28.27,33.88,1.89,planner_debate
llm_vl,react_moa_mcts,mir_operator:prefill_layer*,False,1.21,profiled,"underutilised: SM 18 %, DRAM 32 %, L2 30 %, occ 67 %",copy,9.8,0.0,45.43,0.0,27.1,49.23,0.67,planner_debate
llm_vl,react_moa_mcts,mir_operator:prefill_layer*,False,1.21,profiled,"underutilised: SM 2 %, DRAM 57 %, L2 26 %, occ 28 %",elementwise_unary,0.83,0.0,26.33,0.0,12.34,17.98,0.21,planner_debate
llm_vl,react_moa_mcts,mir_operator:prefill_layer*,False,1.21,profiled,"underutilised: SM 1 %, DRAM 35 %, L2 14 %, occ 33 %",reduce,6.11,0.0,32.74,0.0,12.89,36.15,0.24,planner_debate
llm_vl,react_moa_mcts,mir_operator:prefill_layer*,False,1.21,profiled,"latency/launch-bound: 0.00 waves per SM, no unit above 30 % of peak",elementwise_binary,14.06,0.0,36.65,0.0,22.31,66.81,0.83,planner_debate
llm_vl,react_moa_mcts,mir_operator:prefill_layer*,False,1.21,profiled,L2-bandwidth-bound (working set in L2),gemm,33.0,36.88,37.93,0.0,67.81,15.22,2.5,planner_debate
llm_vl,react_moa_mcts,mir_operator:prefill_layer*,False,1.21,profiled,"underutilised: SM 15 %, DRAM 3 %, L2 4 %, occ 52 %",concat,14.52,0.0,4.93,0.0,3.69,66.06,1.33,planner_debate
llm_vl,react_moa_mcts,mir_operator:prefill_layer*,False,1.21,profiled,"latency/launch-bound: 0.42 waves per SM, no unit above 30 % of peak",elementwise_other,3.71,0.0,54.68,0.0,21.59,33.06,0.46,planner_debate
llm_vl,react_moa_mcts,mir_operator:prefill_layer*,False,1.21,profiled,"underutilised: SM 11 %, DRAM 10 %, L2 26 %, occ 8 %",attention,18.49,8.97,37.6,0.0,25.86,32.97,1.42,planner_debate
llm_vl,react_moa_mcts,mir_operator:prefill_layer*,False,1.21,profiled,"underutilised: SM 19 %, DRAM 34 %, L2 32 %, occ 67 %",copy,10.18,0.0,44.82,0.0,26.72,49.6,0.67,planner_debate
llm_vl,react_moa_mcts,mir_operator:prefill_layer*,False,1.21,profiled,"underutilised: SM 2 %, DRAM 56 %, L2 26 %, occ 28 %",elementwise_unary,0.85,0.0,28.13,0.0,13.23,17.96,0.21,planner_debate
llm_vl,react_moa_mcts,mir_operator:prefill_layer*,False,1.21,profiled,"underutilised: SM 1 %, DRAM 36 %, L2 14 %, occ 33 %",reduce,6.18,0.0,32.82,0.0,12.89,36.74,0.24,planner_debate
llm_vl,react_moa_mcts,mir_operator:prefill_layer*,False,1.21,profiled,"latency/launch-bound: 0.00 waves per SM, no unit above 30 % of peak",elementwise_binary,13.44,0.0,36.96,0.0,21.88,67.25,0.83,planner_debate
llm_vl,react_moa_mcts,mir_operator:prefill_layer*,False,1.21,profiled,L2-bandwidth-bound (working set in L2),gemm,30.7,36.96,37.08,0.0,68.49,15.25,2.5,planner_debate
llm_vl,react_moa_mcts,mir_operator:prefill_layer*,False,1.21,profiled,"underutilised: SM 16 %, DRAM 3 %, L2 3 %, occ 68 %",concat,14.29,0.0,4.93,0.0,3.67,66.7,1.33,planner_debate
llm_vl,react_moa_mcts,mir_operator:prefill_layer*,False,1.21,profiled,"latency/launch-bound: 0.42 waves per SM, no unit above 30 % of peak",elementwise_other,3.7,0.0,54.26,0.0,21.44,32.9,0.46,planner_debate
llm_vl,react_moa_mcts,mir_operator:prefill_layer*,False,1.21,profiled,"underutilised: SM 11 %, DRAM 10 %, L2 26 %, occ 8 %",attention,17.59,8.91,37.61,0.0,25.68,33.18,1.42,planner_debate
llm_vl,react_moa_mcts,mir_operator:prefill_layer*,False,1.21,profiled,"underutilised: SM 19 %, DRAM 33 %, L2 31 %, occ 66 %",copy,9.87,0.0,45.72,0.0,27.55,49.31,0.67,planner_debate
llm_vl,react_moa_mcts,mir_operator:prefill_layer*,False,1.21,profiled,"underutilised: SM 2 %, DRAM 56 %, L2 26 %, occ 28 %",elementwise_unary,0.85,0.0,28.08,0.0,13.2,18.04,0.21,planner_debate
llm_vl,react_moa_mcts,mir_operator:prefill_layer*,False,1.21,profiled,"underutilised: SM 1 %, DRAM 34 %, L2 13 %, occ 33 %",reduce,6.25,0.0,32.01,0.0,12.61,35.89,0.24,planner_debate
llm_vl,react_moa_mcts,mir_operator:prefill_layer*,False,1.21,profiled,"latency/launch-bound: 0.00 waves per SM, no unit above 30 % of peak",elementwise_binary,14.1,0.0,36.53,0.0,22.49,67.85,0.83,planner_debate
llm_vl,react_moa_mcts,mir_operator:prefill_layer*,False,1.21,profiled,L2-bandwidth-bound (working set in L2),gemm,33.09,36.82,36.69,0.0,68.47,15.18,2.5,planner_debate
llm_vl,react_moa_mcts,mir_operator:prefill_layer*,False,1.21,profiled,"underutilised: SM 16 %, DRAM 3 %, L2 3 %, occ 68 %",concat,14.65,0.0,4.92,0.0,3.86,67.08,1.33,planner_debate
llm_vl,react_moa_mcts,mir_operator:prefill_layer*,False,1.21,profiled,"latency/launch-bound: 0.42 waves per SM, no unit above 30 % of peak",elementwise_other,3.66,0.0,53.46,0.0,21.07,32.93,0.46,planner_debate
llm_vl,react_moa_mcts,mir_operator:prefill_layer*,False,1.21,profiled,"underutilised: SM 11 %, DRAM 10 %, L2 25 %, occ 8 %",attention,14.14,8.82,37.36,0.0,25.56,33.09,1.42,planner_debate
llm_vl,react_moa_mcts,mir_operator:prefill_layer*,False,1.21,profiled,"underutilised: SM 18 %, DRAM 30 %, L2 29 %, occ 68 %",copy,9.8,0.0,45.15,0.0,26.43,49.53,0.67,planner_debate
llm_vl,react_moa_mcts,mir_operator:prefill_layer*,False,1.21,profiled,"underutilised: SM 2 %, DRAM 56 %, L2 26 %, occ 28 %",elementwise_unary,0.83,0.0,28.13,0.0,13.26,18.0,0.21,planner_debate
llm_vl,react_moa_mcts,mir_operator:prefill_layer*,False,1.21,profiled,"underutilised: SM 1 %, DRAM 35 %, L2 14 %, occ 33 %",reduce,6.17,0.0,32.62,0.0,12.84,36.12,0.24,planner_debate
llm_vl,react_moa_mcts,mir_operator:prefill_layer*,False,1.21,profiled,"latency/launch-bound: 0.00 waves per SM, no unit above 30 % of peak",elementwise_binary,13.87,0.0,35.65,0.0,22.25,66.65,0.83,planner_debate
llm_vl,react_moa_mcts,mir_operator:prefill_layer*,False,1.21,profiled,L2-bandwidth-bound (working set in L2),gemm,33.11,37.07,36.29,0.0,67.19,15.24,2.5,planner_debate
llm_vl,react_moa_mcts,mir_operator:prefill_layer*,False,1.21,profiled,"underutilised: SM 15 %, DRAM 3 %, L2 3 %, occ 68 %",concat,14.54,0.0,4.92,0.0,3.82,67.34,1.33,planner_debate
llm_vl,react_moa_mcts,mir_operator:prefill_layer*,False,1.21,profiled,"latency/launch-bound: 0.42 waves per SM, no unit above 30 % of peak",elementwise_other,3.73,0.0,55.51,0.0,21.89,32.93,0.46,planner_debate
llm_vl,react_moa_mcts,mir_operator:prefill_layer*,False,1.21,profiled,"underutilised: SM 11 %, DRAM 10 %, L2 25 %, occ 8 %",attention,18.56,8.8,37.66,0.0,25.42,32.97,1.42,planner_debate
llm_vl,react_moa_mcts,mir_operator:prefill_layer*,False,1.21,profiled,"underutilised: SM 19 %, DRAM 32 %, L2 31 %, occ 67 %",copy,10.5,0.0,46.31,0.0,27.26,49.54,0.67,planner_debate
llm_vl,react_moa_mcts,mir_operator:prefill_layer*,False,1.21,profiled,"underutilised: SM 2 %, DRAM 57 %, L2 26 %, occ 28 %",elementwise_unary,0.84,0.0,28.47,0.0,13.38,18.01,0.21,planner_debate
llm_vl,react_moa_mcts,mir_operator:prefill_layer*,False,1.21,profiled,"underutilised: SM 1 %, DRAM 35 %, L2 14 %, occ 33 %",reduce,5.99,0.0,32.62,0.0,12.84,36.33,0.24,planner_debate
llm_vl,react_moa_mcts,mir_operator:prefill_layer*,False,1.21,profiled,"latency/launch-bound: 0.00 waves per SM, no unit above 30 % of peak",elementwise_binary,13.51,0.0,36.61,0.0,22.56,66.86,0.83,planner_debate
llm_vl,react_moa_mcts,mir_operator:prefill_layer*,False,1.21,profiled,L2-bandwidth-bound (working set in L2),gemm,30.88,36.8,36.57,0.0,67.79,15.24,2.5,planner_debate
llm_vl,react_moa_mcts,mir_operator:prefill_layer*,False,1.21,profiled,"underutilised: SM 15 %, DRAM 3 %, L2 4 %, occ 67 %",concat,14.54,0.0,4.91,0.0,3.84,67.17,1.33,planner_debate
llm_vl,react_moa_mcts,mir_operator:prefill_layer*,False,1.21,profiled,"latency/launch-bound: 0.42 waves per SM, no unit above 30 % of peak",elementwise_other,3.8,0.0,53.97,0.0,21.26,32.99,0.46,planner_debate
llm_vl,react_moa_mcts,mir_operator:prefill_layer*,False,1.21,profiled,"underutilised: SM 11 %, DRAM 10 %, L2 26 %, occ 8 %",attention,18.27,8.89,37.81,0.0,25.78,33.09,1.42,planner_debate
llm_vl,react_moa_mcts,mir_operator:prefill_layer*,False,1.21,profiled,"underutilised: SM 18 %, DRAM 32 %, L2 31 %, occ 68 %",copy,10.0,0.0,45.24,0.0,27.2,49.53,0.67,planner_debate
llm_vl,react_moa_mcts,mir_operator:prefill_layer*,False,1.21,profiled,"underutilised: SM 2 %, DRAM 56 %, L2 26 %, occ 28 %",elementwise_unary,0.83,0.0,28.13,0.0,13.25,17.88,0.21,planner_debate
llm_vl,react_moa_mcts,mir_operator:prefill_layer*,False,1.21,profiled,"underutilised: SM 1 %, DRAM 35 %, L2 14 %, occ 33 %",reduce,6.16,0.0,32.52,0.0,12.82,35.91,0.24,planner_debate
llm_vl,react_moa_mcts,mir_operator:prefill_layer*,False,1.21,profiled,"latency/launch-bound: 0.00 waves per SM, no unit above 30 % of peak",elementwise_binary,13.52,0.0,36.33,0.0,22.74,66.91,0.83,planner_debate
llm_vl,react_moa_mcts,mir_operator:prefill_layer*,False,1.21,profiled,L2-bandwidth-bound (working set in L2),gemm,33.25,36.76,37.0,0.0,69.41,15.21,2.5,planner_debate
llm_vl,react_moa_mcts,mir_operator:prefill_layer*,False,1.21,profiled,"underutilised: SM 16 %, DRAM 3 %, L2 4 %, occ 68 %",concat,15.01,0.0,4.91,0.0,3.75,67.29,1.33,planner_debate
llm_vl,react_moa_mcts,mir_operator:prefill_layer*,False,1.21,profiled,"latency/launch-bound: 0.42 waves per SM, no unit above 30 % of peak",elementwise_other,3.68,0.0,54.38,0.0,21.49,33.12,0.46,planner_debate
llm_vl,react_moa_mcts,mir_operator:prefill_layer*,False,1.21,profiled,"underutilised: SM 11 %, DRAM 10 %, L2 26 %, occ 8 %",attention,18.37,9.0,37.78,0.0,25.57,32.97,1.42,planner_debate
llm_vl,react_moa_mcts,mir_operator:prefill_layer*,False,1.21,profiled,"underutilised: SM 18 %, DRAM 33 %, L2 31 %, occ 67 %",copy,9.92,0.0,45.35,0.0,26.66,48.83,0.67,planner_debate
llm_vl,react_moa_mcts,mir_operator:prefill_layer*,False,1.21,profiled,"underutilised: SM 2 %, DRAM 56 %, L2 26 %, occ 28 %",elementwise_unary,0.84,0.0,28.33,0.0,13.37,17.91,0.21,planner_debate
llm_vl,react_moa_mcts,mir_operator:prefill_layer*,False,1.21,profiled,"underutilised: SM 1 %, DRAM 35 %, L2 14 %, occ 33 %",reduce,6.38,0.0,31.93,0.0,12.57,36.1,0.24,planner_debate
llm_vl,react_moa_mcts,mir_operator:prefill_layer*,False,1.21,profiled,"latency/launch-bound: 0.00 waves per SM, no unit above 30 % of peak",elementwise_binary,13.95,0.0,36.0,0.0,21.74,67.56,0.83,planner_debate
llm_vl,react_moa_mcts,mir_operator:prefill_layer*,False,1.21,profiled,L2-bandwidth-bound (working set in L2),gemm,33.15,36.91,37.29,0.0,68.29,15.26,2.5,planner_debate
llm_vl,react_moa_mcts,mir_operator:prefill_layer*,False,1.21,profiled,"underutilised: SM 16 %, DRAM 3 %, L2 3 %, occ 68 %",concat,14.86,0.0,4.89,0.0,3.87,67.41,1.33,planner_debate
llm_vl,react_moa_mcts,mir_operator:prefill_layer*,False,1.21,profiled,"latency/launch-bound: 0.42 waves per SM, no unit above 30 % of peak",elementwise_other,3.75,0.0,53.04,0.0,20.94,32.88,0.46,planner_debate
llm_vl,react_moa_mcts,mir_operator:prefill_layer*,False,1.21,profiled,"underutilised: SM 11 %, DRAM 10 %, L2 26 %, occ 8 %",attention,18.46,8.81,37.39,0.0,25.42,33.36,1.42,planner_debate
llm_vl,react_moa_mcts,mir_operator:prefill_layer*,False,1.21,profiled,"underutilised: SM 18 %, DRAM 30 %, L2 29 %, occ 68 %",copy,10.13,0.0,33.4,0.0,26.75,49.76,0.67,planner_debate
llm_vl,react_moa_mcts,mir_operator:prefill_layer*,False,1.21,profiled,"underutilised: SM 2 %, DRAM 56 %, L2 26 %, occ 28 %",elementwise_unary,0.84,0.0,28.32,0.0,13.53,18.11,0.21,planner_debate
llm_vl,react_moa_mcts,mir_operator:prefill_layer*,False,1.21,profiled,"underutilised: SM 1 %, DRAM 35 %, L2 14 %, occ 33 %",reduce,6.0,0.0,32.85,0.0,12.9,36.04,0.24,planner_debate
llm_vl,react_moa_mcts,mir_operator:prefill_layer*,False,1.21,profiled,"latency/launch-bound: 0.00 waves per SM, no unit above 30 % of peak",elementwise_binary,13.98,0.0,36.48,0.0,22.51,67.15,0.83,planner_debate
llm_vl,react_moa_mcts,mir_operator:prefill_layer*,False,1.21,profiled,L2-bandwidth-bound (working set in L2),gemm,30.82,36.76,36.98,0.0,68.35,15.23,2.5,planner_debate
llm_vl,react_moa_mcts,mir_operator:prefill_layer*,False,1.21,profiled,"underutilised: SM 15 %, DRAM 3 %, L2 4 %, occ 68 %",concat,14.5,0.0,4.87,0.0,3.82,66.88,1.33,planner_debate
llm_vl,react_moa_mcts,mir_operator:prefill_layer*,False,1.21,profiled,"latency/launch-bound: 0.42 waves per SM, no unit above 30 % of peak",elementwise_other,3.71,0.0,53.73,0.0,21.25,32.87,0.46,planner_debate
llm_vl,react_moa_mcts,mir_operator:prefill_layer*,False,1.21,profiled,"underutilised: SM 11 %, DRAM 10 %, L2 26 %, occ 8 %",attention,18.57,8.91,37.8,0.0,25.65,33.01,1.42,planner_debate
llm_vl,react_moa_mcts,mir_operator:prefill_layer*,False,1.21,profiled,"underutilised: SM 19 %, DRAM 33 %, L2 32 %, occ 68 %",copy,9.99,0.0,45.23,0.0,26.73,49.23,0.67,planner_debate
llm_vl,react_moa_mcts,mir_operator:prefill_layer*,False,1.21,profiled,"underutilised: SM 2 %, DRAM 55 %, L2 25 %, occ 28 %",elementwise_unary,0.85,0.0,27.7,0.0,13.08,17.89,0.21,planner_debate
llm_vl,react_moa_mcts,mir_operator:prefill_layer*,False,1.21,profiled,"underutilised: SM 1 %, DRAM 35 %, L2 14 %, occ 33 %",reduce,6.18,0.0,32.52,0.0,12.78,35.88,0.24,planner_debate
llm_vl,react_moa_mcts,mir_operator:prefill_layer*,False,1.21,profiled,"latency/launch-bound: 0.00 waves per SM, no unit above 30 % of peak",elementwise_binary,13.65,0.0,37.16,0.0,22.62,67.01,0.83,planner_debate
llm_vl,react_moa_mcts,mir_operator:prefill_layer*,False,1.21,profiled,L2-bandwidth-bound (working set in L2),gemm,30.87,36.75,36.89,0.0,68.1,15.27,2.5,planner_debate
llm_vl,react_moa_mcts,mir_operator:prefill_layer*,False,1.21,profiled,"underutilised: SM 16 %, DRAM 3 %, L2 3 %, occ 67 %",concat,14.47,0.0,4.91,0.0,3.81,66.83,1.33,planner_debate
llm_vl,react_moa_mcts,mir_operator:prefill_layer*,False,1.21,profiled,"latency/launch-bound: 0.42 waves per SM, no unit above 30 % of peak",elementwise_other,3.75,0.0,54.58,0.0,21.58,32.75,0.46,planner_debate
llm_vl,react_moa_mcts,mir_operator:prefill_layer*,False,1.21,profiled,"underutilised: SM 11 %, DRAM 10 %, L2 25 %, occ 8 %",attention,18.34,8.88,36.97,0.0,25.38,33.02,1.42,planner_debate
llm_vl,react_moa_mcts,mir_operator:prefill_layer*,False,1.21,profiled,"underutilised: SM 18 %, DRAM 33 %, L2 32 %, occ 65 %",copy,9.7,0.0,46.94,0.0,26.3,48.61,0.67,planner_debate
llm_vl,react_moa_mcts,mir_operator:prefill_layer*,False,1.21,profiled,"underutilised: SM 2 %, DRAM 57 %, L2 26 %, occ 28 %",elementwise_unary,0.85,0.0,27.7,0.0,13.25,17.97,0.21,planner_debate
llm_vl,react_moa_mcts,mir_operator:prefill_layer*,False,1.21,profiled,"underutilised: SM 1 %, DRAM 35 %, L2 14 %, occ 33 %",reduce,6.14,0.0,32.55,0.0,12.86,36.67,0.24,planner_debate
llm_vl,react_moa_mcts,mir_operator:prefill_layer*,False,1.21,profiled,"latency/launch-bound: 0.00 waves per SM, no unit above 30 % of peak",elementwise_binary,14.0,0.0,36.24,0.0,22.4,67.95,0.83,planner_debate
llm_vl,react_moa_mcts,mir_operator:prefill_layer*,False,1.21,profiled,L2-bandwidth-bound (working set in L2),gemm,31.11,37.02,37.51,0.0,67.51,15.24,2.5,planner_debate
llm_vl,react_moa_mcts,mir_operator:prefill_layer*,False,1.21,profiled,"underutilised: SM 16 %, DRAM 3 %, L2 3 %, occ 67 %",concat,15.06,0.0,4.93,0.0,3.72,67.48,1.33,planner_debate
llm_vl,react_moa_mcts,mir_operator:prefill_layer*,False,1.21,profiled,"latency/launch-bound: 0.42 waves per SM, no unit above 30 % of peak",elementwise_other,3.58,0.0,54.25,0.0,21.47,33.0,0.46,planner_debate
llm_vl,react_moa_mcts,mir_operator:prefill_layer*,False,1.21,profiled,"underutilised: SM 11 %, DRAM 10 %, L2 26 %, occ 8 %",attention,18.36,8.76,37.66,0.0,25.38,33.08,1.42,planner_debate
llm_vl,react_moa_mcts,mir_operator:prefill_layer*,False,1.21,profiled,"underutilised: SM 18 %, DRAM 33 %, L2 31 %, occ 67 %",copy,9.9,0.0,45.88,0.0,27.69,49.03,0.67,planner_debate
llm_vl,react_moa_mcts,mir_operator:prefill_layer*,False,1.21,profiled,"underutilised: SM 2 %, DRAM 55 %, L2 25 %, occ 28 %",elementwise_unary,0.83,0.0,27.75,0.0,13.04,17.92,0.21,planner_debate
llm_vl,react_moa_mcts,mir_operator:prefill_layer*,False,1.21,profiled,"underutilised: SM 1 %, DRAM 36 %, L2 14 %, occ 33 %",reduce,5.87,0.0,32.57,0.0,12.86,36.14,0.24,planner_debate
llm_vl,react_moa_mcts,mir_operator:prefill_layer*,False,1.21,profiled,"latency/launch-bound: 0.00 waves per SM, no unit above 30 % of peak",elementwise_binary,13.88,0.0,36.59,0.0,22.54,66.97,0.83,planner_debate
llm_vl,react_moa_mcts,mir_operator:prefill_layer*,False,1.21,profiled,"underutilised: SM 30 %, DRAM 18 %, L2 34 %, occ 15 %",gemm,30.92,36.9,37.67,0.0,66.73,15.21,2.5,planner_debate
llm_vl,react_moa_mcts,mir_operator:prefill_layer*,False,1.21,profiled,"underutilised: SM 16 %, DRAM 3 %, L2 3 %, occ 67 %",concat,14.38,0.0,4.92,0.0,3.91,67.19,1.33,planner_debate
llm_vl,react_moa_mcts,mir_operator:prefill_layer*,False,1.21,profiled,"latency/launch-bound: 0.42 waves per SM, no unit above 30 % of peak",elementwise_other,3.79,0.0,54.54,0.0,21.54,33.03,0.46,planner_debate
llm_vl,react_moa_mcts,mir_operator:prefill_layer*,False,1.21,profiled,"underutilised: SM 11 %, DRAM 10 %, L2 26 %, occ 8 %",attention,18.16,8.93,38.44,0.0,25.76,32.91,1.42,planner_debate
llm_vl,react_moa_mcts,mir_operator:prefill_layer*,False,1.21,profiled,"underutilised: SM 18 %, DRAM 33 %, L2 31 %, occ 68 %",copy,9.71,0.0,46.1,0.0,27.09,49.9,0.67,planner_debate
llm_vl,react_moa_mcts,mir_operator:prefill_layer*,False,1.21,profiled,"underutilised: SM 2 %, DRAM 55 %, L2 25 %, occ 27 %",elementwise_unary,0.83,0.0,27.89,0.0,13.14,17.87,0.21,planner_debate
llm_vl,react_moa_mcts,mir_operator:prefill_layer*,False,1.21,profiled,"underutilised: SM 1 %, DRAM 36 %, L2 14 %, occ 33 %",reduce,6.15,0.0,32.71,0.0,12.86,35.67,0.24,planner_debate
llm_vl,react_moa_mcts,mir_operator:prefill_layer*,False,1.21,profiled,"latency/launch-bound: 0.00 waves per SM, no unit above 30 % of peak",elementwise_binary,13.91,0.0,36.96,0.0,22.77,67.36,0.83,planner_debate
llm_vl,react_moa_mcts,mir_operator:prefill_layer*,False,1.21,profiled,L2-bandwidth-bound (working set in L2),gemm,30.97,36.93,37.21,0.0,67.49,15.28,2.5,planner_debate
llm_vl,react_moa_mcts,mir_operator:prefill_layer*,False,1.21,profiled,"underutilised: SM 16 %, DRAM 3 %, L2 3 %, occ 67 %",concat,14.73,0.0,5.3,0.0,3.72,67.55,1.33,planner_debate
llm_vl,react_moa_mcts,mir_operator:prefill_layer*,False,1.21,profiled,"latency/launch-bound: 0.42 waves per SM, no unit above 30 % of peak",elementwise_other,3.78,0.0,54.27,0.0,21.41,32.95,0.46,planner_debate
llm_vl,react_moa_mcts,mir_operator:prefill_layer*,False,1.21,profiled,"underutilised: SM 11 %, DRAM 10 %, L2 25 %, occ 8 %",attention,18.56,8.94,38.05,0.0,25.44,33.39,1.42,planner_debate
llm_vl,react_moa_mcts,mir_operator:prefill_layer*,False,1.21,profiled,"underutilised: SM 19 %, DRAM 30 %, L2 29 %, occ 68 %",copy,9.65,0.0,45.48,0.0,26.3,48.78,0.67,planner_debate
llm_vl,react_moa_mcts,mir_operator:prefill_layer*,False,1.21,profiled,"underutilised: SM 2 %, DRAM 58 %, L2 26 %, occ 28 %",elementwise_unary,0.83,0.0,28.13,0.0,13.25,17.89,0.21,planner_debate
llm_vl,react_moa_mcts,mir_operator:prefill_layer*,False,1.21,profiled,"underutilised: SM 1 %, DRAM 34 %, L2 13 %, occ 33 %",reduce,6.35,0.0,32.43,0.0,12.75,36.65,0.24,planner_debate
llm_vl,react_moa_mcts,mir_operator:prefill_layer*,False,1.21,profiled,"latency/launch-bound: 0.00 waves per SM, no unit above 30 % of peak",elementwise_binary,13.99,0.0,36.49,0.0,21.61,67.61,0.83,planner_debate
llm_vl,react_moa_mcts,mir_operator:prefill_layer*,False,1.21,profiled,L2-bandwidth-bound (working set in L2),gemm,30.81,37.04,37.0,0.0,68.09,15.25,2.5,planner_debate
llm_vl,react_moa_mcts,mir_operator:prefill_layer*,False,1.21,profiled,"underutilised: SM 15 %, DRAM 3 %, L2 3 %, occ 68 %",concat,14.59,0.0,4.95,0.0,3.81,66.73,1.33,planner_debate
llm_vl,react_moa_mcts,mir_operator:prefill_layer*,False,1.21,profiled,"latency/launch-bound: 0.42 waves per SM, no unit above 30 % of peak",elementwise_other,3.74,0.0,55.6,0.0,21.95,32.7,0.46,planner_debate
llm_vl,react_moa_mcts,mir_operator:prefill_layer*,False,1.21,profiled,"underutilised: SM 11 %, DRAM 10 %, L2 26 %, occ 8 %",attention,18.5,8.81,38.26,0.0,25.69,33.02,1.42,planner_debate
llm_vl,react_moa_mcts,mir_operator:prefill_layer*,False,1.21,profiled,"underutilised: SM 19 %, DRAM 32 %, L2 31 %, occ 66 %",copy,9.72,0.0,45.16,0.0,27.21,49.01,0.67,planner_debate
llm_vl,react_moa_mcts,mir_operator:prefill_layer*,False,1.21,profiled,"underutilised: SM 2 %, DRAM 55 %, L2 25 %, occ 28 %",elementwise_unary,0.83,0.0,27.75,0.0,13.06,17.93,0.21,planner_debate
llm_vl,react_moa_mcts,mir_operator:prefill_layer*,False,1.21,profiled,"underutilised: SM 1 %, DRAM 34 %, L2 13 %, occ 33 %",reduce,6.22,0.0,30.6,0.0,12.06,36.24,0.24,planner_debate
llm_vl,react_moa_mcts,mir_operator:prefill_layer*,False,1.21,profiled,"latency/launch-bound: 0.00 waves per SM, no unit above 30 % of peak",elementwise_binary,13.39,0.0,36.01,0.0,22.06,67.77,0.83,planner_debate
llm_vl,react_moa_mcts,mir_operator:prefill_layer*,False,1.21,profiled,L2-bandwidth-bound (working set in L2),gemm,33.44,35.13,36.44,0.0,69.24,15.23,2.5,planner_debate
llm_vl,react_moa_mcts,mir_operator:prefill_layer*,False,1.21,profiled,"underutilised: SM 17 %, DRAM 6 %, L2 3 %, occ 69 %",concat,15.01,0.0,5.38,0.0,3.7,67.04,1.33,planner_debate
llm_vl,react_moa_mcts,mir_operator:prefill_layer*,False,1.21,profiled,"latency/launch-bound: 0.42 waves per SM, no unit above 30 % of peak",elementwise_other,3.74,0.0,54.19,0.0,21.38,32.94,0.46,planner_debate
llm_vl,react_moa_mcts,mir_operator:prefill_layer*,False,1.21,profiled,"underutilised: SM 11 %, DRAM 10 %, L2 26 %, occ 8 %",attention,18.41,8.87,37.71,0.0,25.59,33.57,1.42,planner_debate
llm_vl,react_moa_mcts,mir_operator:prefill_layer*,False,1.21,profiled,"underutilised: SM 18 %, DRAM 34 %, L2 32 %, occ 67 %",copy,9.9,0.0,45.48,0.0,28.36,49.31,0.67,planner_debate
llm_vl,react_moa_mcts,mir_operator:prefill_layer*,False,1.21,profiled,"underutilised: SM 2 %, DRAM 58 %, L2 27 %, occ 28 %",elementwise_unary,0.83,0.0,28.37,0.0,13.37,17.9,0.21,planner_debate
llm_vl,react_moa_mcts,mir_operator:prefill_layer*,False,1.21,profiled,"underutilised: SM 1 %, DRAM 35 %, L2 14 %, occ 33 %",reduce,6.33,0.0,32.41,0.0,12.75,36.13,0.24,planner_debate
llm_vl,react_moa_mcts,mir_operator:prefill_layer*,False,1.21,profiled,"latency/launch-bound: 0.00 waves per SM, no unit above 30 % of peak",elementwise_binary,13.32,0.0,36.19,0.0,21.83,67.06,0.83,planner_debate
llm_vl,react_moa_mcts,mir_operator:prefill_layer*,False,1.21,profiled,L2-bandwidth-bound (working set in L2),gemm,33.13,36.86,36.57,0.0,67.76,15.19,2.5,planner_debate
llm_vl,react_moa_mcts,mir_operator:prefill_layer*,False,1.21,profiled,"underutilised: SM 16 %, DRAM 3 %, L2 3 %, occ 67 %",concat,14.51,0.0,5.26,0.0,3.68,66.73,1.33,planner_debate
llm_vl,react_moa_mcts,mir_operator:prefill_layer*,False,1.21,profiled,"latency/launch-bound: 0.42 waves per SM, no unit above 30 % of peak",elementwise_other,3.83,0.0,53.58,0.0,21.19,33.06,0.46,planner_debate
llm_vl,react_moa_mcts,mir_operator:prefill_layer*,False,1.21,profiled,"underutilised: SM 11 %, DRAM 10 %, L2 26 %, occ 8 %",attention,18.49,8.85,38.32,0.0,25.86,33.34,1.42,planner_debate
llm_vl,react_moa_mcts,mir_operator:prefill_layer*,False,1.21,profiled,"underutilised: SM 19 %, DRAM 31 %, L2 30 %, occ 68 %",copy,9.97,0.0,44.87,0.0,26.63,49.63,0.67,planner_debate
llm_vl,react_moa_mcts,mir_operator:prefill_layer*,False,1.21,profiled,"underutilised: SM 2 %, DRAM 57 %, L2 25 %, occ 28 %",elementwise_unary,0.84,0.0,28.28,0.0,12.89,18.02,0.21,planner_debate
llm_vl,react_moa_mcts,mir_operator:prefill_layer*,False,1.21,profiled,"underutilised: SM 1 %, DRAM 35 %, L2 14 %, occ 33 %",reduce,6.21,0.0,32.0,0.0,12.59,36.46,0.24,planner_debate
llm_vl,react_moa_mcts,mir_operator:prefill_layer*,False,1.21,profiled,"latency/launch-bound: 0.00 waves per SM, no unit above 30 % of peak",elementwise_binary,13.41,0.0,36.21,0.0,22.41,67.51,0.83,planner_debate
llm_vl,react_moa_mcts,mir_operator:prefill_layer*,False,1.21,profiled,L2-bandwidth-bound (working set in L2),gemm,30.9,36.8,37.12,0.0,69.55,15.23,2.5,planner_debate
llm_vl,react_moa_mcts,mir_operator:prefill_layer*,False,1.21,profiled,"underutilised: SM 15 %, DRAM 3 %, L2 4 %, occ 68 %",concat,14.54,0.0,4.92,0.0,3.74,67.23,1.33,planner_debate
llm_vl,react_moa_mcts,mir_operator:prefill_layer*,False,1.21,profiled,"latency/launch-bound: 0.42 waves per SM, no unit above 30 % of peak",elementwise_other,3.7,0.0,53.91,0.0,21.37,33.05,0.46,planner_debate
llm_vl,react_moa_mcts,mir_operator:prefill_layer*,False,1.21,profiled,"underutilised: SM 11 %, DRAM 10 %, L2 26 %, occ 8 %",attention,18.43,8.89,38.31,0.0,25.2,32.83,1.42,planner_debate
llm_vl,react_moa_mcts,mir_operator:prefill_layer*,False,1.21,profiled,"underutilised: SM 19 %, DRAM 33 %, L2 32 %, occ 67 %",copy,10.22,0.0,44.5,0.0,27.76,48.86,0.67,planner_debate
llm_vl,react_moa_mcts,mir_operator:prefill_layer*,False,1.21,profiled,"underutilised: SM 2 %, DRAM 56 %, L2 26 %, occ 27 %",elementwise_unary,0.84,0.0,28.18,0.0,13.29,17.9,0.21,planner_debate
llm_vl,react_moa_mcts,mir_operator:prefill_layer*,False,1.21,profiled,"underutilised: SM 1 %, DRAM 35 %, L2 14 %, occ 33 %",reduce,6.11,0.0,34.09,0.0,12.88,36.52,0.24,planner_debate
llm_vl,react_moa_mcts,mir_operator:prefill_layer*,False,1.21,profiled,"latency/launch-bound: 0.00 waves per SM, no unit above 30 % of peak",elementwise_binary,14.15,0.0,36.26,0.0,21.92,66.57,0.83,planner_debate
llm_vl,react_moa_mcts,mir_operator:prefill_layer*,False,1.21,profiled,L2-bandwidth-bound (working set in L2),gemm,33.06,36.96,36.41,0.0,68.48,15.23,2.5,planner_debate
llm_vl,react_moa_mcts,mir_operator:prefill_layer*,False,1.21,profiled,"underutilised: SM 16 %, DRAM 3 %, L2 4 %, occ 68 %",concat,14.45,0.0,4.92,0.0,3.77,66.82,1.33,planner_debate
llm_vl,react_moa_mcts,mir_operator:prefill_layer*,False,1.21,profiled,"latency/launch-bound: 0.42 waves per SM, no unit above 30 % of peak",elementwise_other,3.76,0.0,53.1,0.0,20.97,33.15,0.46,planner_debate
llm_vl,react_moa_mcts,mir_operator:prefill_layer*,False,1.21,profiled,"underutilised: SM 11 %, DRAM 10 %, L2 26 %, occ 8 %",attention,18.54,8.77,37.52,0.0,25.57,33.06,1.42,planner_debate
llm_vl,react_moa_mcts,mir_operator:prefill_layer*,False,1.21,profiled,"latency/launch-bound: 0.83 waves per SM, no unit above 30 % of peak",copy,9.34,0.0,45.59,0.0,26.32,48.93,0.67,planner_debate
llm_vl,react_moa_mcts,mir_operator:prefill_layer*,False,1.21,profiled,"underutilised: SM 2 %, DRAM 57 %, L2 26 %, occ 28 %",elementwise_unary,0.84,0.0,28.48,0.0,13.66,17.86,0.21,planner_debate
llm_vl,react_moa_mcts,mir_operator:prefill_layer*,False,1.21,profiled,"underutilised: SM 1 %, DRAM 38 %, L2 14 %, occ 33 %",reduce,6.36,0.0,32.21,0.0,12.71,36.42,0.24,planner_debate
llm_vl,react_moa_mcts,mir_operator:prefill_layer*,False,1.21,profiled,"latency/launch-bound: 0.00 waves per SM, no unit above 30 % of peak",elementwise_binary,13.79,0.0,36.11,0.0,22.45,67.35,0.83,planner_debate
llm_vl,react_moa_mcts,mir_operator:prefill_layer*,False,1.21,profiled,L2-bandwidth-bound (working set in L2),gemm,33.26,36.96,37.98,0.0,68.93,15.25,2.5,planner_debate
llm_vl,react_moa_mcts,mir_operator:prefill_layer*,False,1.21,profiled,"underutilised: SM 16 %, DRAM 3 %, L2 3 %, occ 68 %",concat,14.51,0.0,4.92,0.0,3.75,67.01,1.33,planner_debate
llm_vl,react_moa_mcts,mir_operator:prefill_layer*,False,1.21,profiled,"latency/launch-bound: 0.42 waves per SM, no unit above 30 % of peak",elementwise_other,3.74,0.0,55.08,0.0,21.76,32.76,0.46,planner_debate
llm_vl,react_moa_mcts,mir_operator:prefill_layer*,False,1.21,profiled,"underutilised: SM 11 %, DRAM 10 %, L2 26 %, occ 8 %",attention,14.97,8.96,37.66,0.0,25.75,33.19,1.42,planner_debate
llm_vl,react_moa_mcts,mir_operator:prefill_layer*,False,1.21,profiled,"underutilised: SM 18 %, DRAM 33 %, L2 32 %, occ 68 %",copy,9.8,0.0,45.21,0.0,27.12,49.41,0.67,planner_debate
llm_vl,react_moa_mcts,mir_operator:prefill_layer*,False,1.21,profiled,"underutilised: SM 2 %, DRAM 58 %, L2 27 %, occ 28 %",elementwise_unary,0.84,0.0,28.08,0.0,13.24,18.08,0.21,planner_debate
llm_vl,react_moa_mcts,mir_operator:prefill_layer*,False,1.21,profiled,"underutilised: SM 1 %, DRAM 35 %, L2 14 %, occ 33 %",reduce,6.3,0.0,32.74,0.0,12.91,36.52,0.24,planner_debate
llm_vl,react_moa_mcts,mir_operator:prefill_layer*,False,1.21,profiled,"latency/launch-bound: 0.00 waves per SM, no unit above 30 % of peak",elementwise_binary,13.99,0.0,36.42,0.0,22.29,67.03,0.83,planner_debate
llm_vl,react_moa_mcts,mir_operator:prefill_layer*,False,1.21,profiled,L2-bandwidth-bound (working set in L2),gemm,33.26,36.85,37.72,0.0,68.41,15.19,2.5,planner_debate
llm_vl,react_moa_mcts,mir_operator:prefill_layer*,False,1.21,profiled,"underutilised: SM 16 %, DRAM 3 %, L2 4 %, occ 68 %",concat,14.79,0.0,4.9,0.0,3.66,66.58,1.33,planner_debate
llm_vl,react_moa_mcts,mir_operator:prefill_layer*,False,1.21,profiled,"latency/launch-bound: 0.42 waves per SM, no unit above 30 % of peak",elementwise_other,3.71,0.0,54.54,0.0,21.53,33.24,0.46,planner_debate
llm_vl,react_moa_mcts,mir_operator:prefill_layer*,False,1.21,profiled,"underutilised: SM 11 %, DRAM 10 %, L2 26 %, occ 8 %",attention,18.57,8.91,37.23,0.0,25.75,33.04,1.42,planner_debate
llm_vl,react_moa_mcts,mir_operator:prefill_layer*,False,1.21,profiled,"underutilised: SM 18 %, DRAM 31 %, L2 30 %, occ 66 %",copy,9.81,0.0,45.28,0.0,27.12,49.22,0.67,planner_debate
llm_vl,react_moa_mcts,mir_operator:prefill_layer*,False,1.21,profiled,"underutilised: SM 2 %, DRAM 56 %, L2 26 %, occ 28 %",elementwise_unary,0.85,0.0,28.13,0.0,13.25,18.03,0.21,planner_debate
llm_vl,react_moa_mcts,mir_operator:prefill_layer*,False,1.21,profiled,"underutilised: SM 1 %, DRAM 35 %, L2 14 %, occ 33 %",reduce,6.06,0.0,32.61,0.0,12.7,36.13,0.24,planner_debate
llm_vl,react_moa_mcts,mir_operator:prefill_layer*,False,1.21,profiled,"latency/launch-bound: 0.00 waves per SM, no unit above 30 % of peak",elementwise_binary,13.61,0.0,36.8,0.0,22.8,66.9,0.83,planner_debate
llm_vl,react_moa_mcts,mir_operator:prefill_layer*,False,1.21,profiled,L2-bandwidth-bound (working set in L2),gemm,30.78,36.85,37.36,0.0,69.01,15.22,2.5,planner_debate
llm_vl,react_moa_mcts,mir_operator:prefill_layer*,False,1.21,profiled,"underutilised: SM 16 %, DRAM 3 %, L2 4 %, occ 67 %",concat,13.92,0.0,4.86,0.0,3.7,66.85,1.33,planner_debate
llm_vl,react_moa_mcts,mir_operator:prefill_layer*,False,1.21,profiled,"latency/launch-bound: 0.42 waves per SM, no unit above 30 % of peak",elementwise_other,3.56,0.0,54.64,0.0,21.5,32.97,0.46,planner_debate
llm_vl,react_moa_mcts,mir_operator:prefill_layer*,False,1.21,profiled,"underutilised: SM 11 %, DRAM 10 %, L2 26 %, occ 8 %",attention,18.33,8.95,37.79,0.0,25.77,32.93,1.42,planner_debate
llm_vl,react_moa_mcts,mir_operator:prefill_layer*,False,1.21,profiled,"underutilised: SM 19 %, DRAM 34 %, L2 32 %, occ 68 %",copy,9.62,0.0,46.16,0.0,27.96,49.39,0.67,planner_debate
llm_vl,react_moa_mcts,mir_operator:prefill_layer*,False,1.21,profiled,"underutilised: SM 2 %, DRAM 56 %, L2 26 %, occ 28 %",elementwise_unary,0.84,0.0,28.28,0.0,13.28,18.1,0.21,planner_debate
llm_vl,react_moa_mcts,mir_operator:prefill_layer*,False,1.21,profiled,"underutilised: SM 1 %, DRAM 35 %, L2 14 %, occ 33 %",reduce,6.17,0.0,32.22,0.0,12.69,36.53,0.24,planner_debate
llm_vl,react_moa_mcts,mir_operator:prefill_layer*,False,1.21,profiled,"latency/launch-bound: 0.00 waves per SM, no unit above 30 % of peak",elementwise_binary,13.89,0.0,36.29,0.0,22.41,67.23,0.83,planner_debate
llm_vl,react_moa_mcts,mir_operator:prefill_layer*,False,1.21,profiled,L2-bandwidth-bound (working set in L2),gemm,30.95,36.93,36.41,0.0,68.19,15.19,2.5,planner_debate
llm_vl,react_moa_mcts,mir_operator:prefill_layer*,False,1.21,profiled,"underutilised: SM 15 %, DRAM 3 %, L2 3 %, occ 67 %",concat,14.57,0.0,4.95,0.0,3.77,67.07,1.33,planner_debate
llm_vl,react_moa_mcts,mir_operator:prefill_layer*,False,1.21,profiled,"latency/launch-bound: 0.42 waves per SM, no unit above 30 % of peak",elementwise_other,3.67,0.0,54.96,0.0,21.69,30.84,0.46,planner_debate
llm_vl,react_moa_mcts,mir_operator:prefill_layer*,False,1.21,profiled,"underutilised: SM 11 %, DRAM 10 %, L2 25 %, occ 8 %",attention,18.31,8.9,37.89,0.0,25.58,33.36,1.42,planner_debate
llm_vl,react_moa_mcts,mir_operator:prefill_layer*,False,1.21,profiled,"underutilised: SM 18 %, DRAM 33 %, L2 31 %, occ 67 %",copy,9.77,0.0,44.47,0.0,27.21,49.74,0.67,planner_debate
llm_vl,react_moa_mcts,mir_operator:prefill_layer*,False,1.21,profiled,"underutilised: SM 2 %, DRAM 58 %, L2 27 %, occ 28 %",elementwise_unary,0.85,0.0,28.62,0.0,13.51,17.93,0.21,planner_debate
llm_vl,react_moa_mcts,mir_operator:prefill_layer*,False,1.21,profiled,"underutilised: SM 1 %, DRAM 36 %, L2 14 %, occ 33 %",reduce,6.32,0.0,32.88,0.0,12.96,35.97,0.24,planner_debate
llm_vl,react_moa_mcts,mir_operator:prefill_layer*,False,1.21,profiled,"latency/launch-bound: 0.00 waves per SM, no unit above 30 % of peak",elementwise_binary,13.5,0.0,36.8,0.0,22.75,67.52,0.83,planner_debate
llm_vl,react_moa_mcts,mir_operator:prefill_layer*,False,1.21,profiled,L2-bandwidth-bound (working set in L2),gemm,31.03,36.9,37.06,0.0,68.39,15.21,2.5,planner_debate
llm_vl,react_moa_mcts,mir_operator:prefill_layer*,False,1.21,profiled,"underutilised: SM 16 %, DRAM 3 %, L2 3 %, occ 67 %",concat,14.91,0.0,4.95,0.0,3.77,67.23,1.33,planner_debate
llm_vl,react_moa_mcts,mir_operator:prefill_layer*,False,1.21,profiled,"latency/launch-bound: 0.42 waves per SM, no unit above 30 % of peak",elementwise_other,3.73,0.0,54.19,0.0,21.99,32.92,0.46,planner_debate
llm_vl,react_moa_mcts,mir_operator:prefill_layer*,False,1.21,profiled,"underutilised: SM 11 %, DRAM 10 %, L2 26 %, occ 8 %",attention,18.38,9.05,37.74,0.0,25.76,33.15,1.42,planner_debate
llm_vl,react_moa_mcts,mir_operator:prefill_layer*,False,1.21,profiled,"underutilised: SM 18 %, DRAM 33 %, L2 32 %, occ 65 %",copy,9.58,0.0,44.64,0.0,27.65,48.7,0.67,planner_debate
llm_vl,react_moa_mcts,mir_operator:prefill_layer*,False,1.21,profiled,"underutilised: SM 2 %, DRAM 56 %, L2 26 %, occ 27 %",elementwise_unary,0.84,0.0,28.13,0.0,16.99,17.83,0.21,planner_debate
llm_vl,react_moa_mcts,mir_operator:prefill_layer*,False,1.21,profiled,"underutilised: SM 1 %, DRAM 34 %, L2 13 %, occ 33 %",reduce,6.21,0.0,30.71,0.0,12.06,36.3,0.24,planner_debate
llm_vl,react_moa_mcts,mir_operator:prefill_layer*,False,1.21,profiled,"latency/launch-bound: 0.00 waves per SM, no unit above 30 % of peak",elementwise_binary,14.16,0.0,36.13,0.0,22.01,67.36,0.83,planner_debate
llm_vl,react_moa_mcts,mir_operator:prefill_layer*,False,1.21,profiled,L2-bandwidth-bound (working set in L2),gemm,32.9,36.78,36.99,0.0,69.16,15.28,2.5,planner_debate
llm_vl,react_moa_mcts,mir_operator:prefill_layer*,False,1.21,profiled,"underutilised: SM 16 %, DRAM 3 %, L2 3 %, occ 68 %",concat,14.92,0.0,4.88,0.0,3.76,66.98,1.33,planner_debate
llm_vl,react_moa_mcts,mir_operator:prefill_layer*,False,1.21,profiled,"latency/launch-bound: 0.42 waves per SM, no unit above 30 % of peak",elementwise_other,3.69,0.0,55.05,0.0,21.79,33.0,0.46,planner_debate
llm_vl,react_moa_mcts,mir_operator:prefill_layer*,False,1.21,profiled,"underutilised: SM 11 %, DRAM 10 %, L2 26 %, occ 8 %",attention,18.15,8.93,38.0,0.0,25.74,33.29,1.42,planner_debate
llm_vl,react_moa_mcts,mir_operator:prefill_layer*,False,1.21,profiled,"underutilised: SM 17 %, DRAM 31 %, L2 29 %, occ 68 %",copy,9.63,0.0,33.87,0.0,26.3,49.08,0.67,planner_debate
llm_vl,react_moa_mcts,mir_operator:prefill_layer*,False,1.21,profiled,"underutilised: SM 2 %, DRAM 59 %, L2 27 %, occ 28 %",elementwise_unary,0.83,0.0,28.04,0.0,13.25,17.94,0.21,planner_debate
llm_vl,react_moa_mcts,mir_operator:prefill_layer*,False,1.21,profiled,"underutilised: SM 1 %, DRAM 35 %, L2 14 %, occ 33 %",reduce,6.16,0.0,32.61,0.0,12.85,36.16,0.24,planner_debate
llm_vl,react_moa_mcts,mir_operator:prefill_layer*,False,1.21,profiled,"latency/launch-bound: 0.00 waves per SM, no unit above 30 % of peak",elementwise_binary,13.95,0.0,36.17,0.0,22.16,67.26,0.83,planner_debate
llm_vl,react_moa_mcts,mir_operator:prefill_layer*,False,1.21,profiled,L2-bandwidth-bound (working set in L2),gemm,33.11,37.11,36.8,0.0,69.29,15.27,2.5,planner_debate
llm_vl,react_moa_mcts,mir_operator:prefill_layer*,False,1.21,profiled,"underutilised: SM 16 %, DRAM 3 %, L2 3 %, occ 68 %",concat,14.67,0.0,4.93,0.0,3.74,66.96,1.33,planner_debate
llm_vl,react_moa_mcts,mir_operator:prefill_layer*,False,1.21,profiled,"latency/launch-bound: 0.42 waves per SM, no unit above 30 % of peak",elementwise_other,3.6,0.0,55.04,0.0,21.67,32.94,0.46,planner_debate
llm_vl,react_moa_mcts,mir_operator:prefill_layer*,False,1.21,profiled,"underutilised: SM 11 %, DRAM 10 %, L2 26 %, occ 8 %",attention,18.38,8.94,38.19,0.0,25.61,33.17,1.42,planner_debate
llm_vl,react_moa_mcts,mir_operator:prefill_layer*,False,1.21,profiled,"underutilised: SM 18 %, DRAM 34 %, L2 32 %, occ 68 %",copy,9.88,0.0,45.04,0.0,27.39,49.94,0.67,planner_debate
llm_vl,react_moa_mcts,mir_operator:prefill_layer*,False,1.21,profiled,"underutilised: SM 2 %, DRAM 56 %, L2 26 %, occ 28 %",elementwise_unary,0.85,0.0,28.13,0.0,13.48,17.88,0.21,planner_debate
llm_vl,react_moa_mcts,mir_operator:prefill_layer*,False,1.21,profiled,"underutilised: SM 1 %, DRAM 35 %, L2 14 %, occ 33 %",reduce,6.12,0.0,32.62,0.0,12.83,36.1,0.24,planner_debate
llm_vl,react_moa_mcts,mir_operator:prefill_layer*,False,1.21,profiled,"latency/launch-bound: 0.00 waves per SM, no unit above 30 % of peak",elementwise_binary,13.72,0.0,37.03,0.0,22.08,67.14,0.83,planner_debate
llm_vl,react_moa_mcts,mir_operator:prefill_layer*,False,1.21,profiled,L2-bandwidth-bound (working set in L2),gemm,33.49,37.04,36.51,0.0,69.5,15.2,2.5,planner_debate
llm_vl,react_moa_mcts,mir_operator:prefill_layer*,False,1.21,profiled,"underutilised: SM 16 %, DRAM 3 %, L2 3 %, occ 67 %",concat,14.99,0.0,4.95,0.0,3.76,66.93,1.33,planner_debate
llm_vl,react_moa_mcts,mir_operator:prefill_layer*,False,1.21,profiled,"latency/launch-bound: 0.42 waves per SM, no unit above 30 % of peak",elementwise_other,3.64,0.0,53.73,0.0,21.24,32.92,0.46,planner_debate
llm_vl,react_moa_mcts,mir_operator:prefill_layer*,False,1.21,profiled,"underutilised: SM 11 %, DRAM 10 %, L2 26 %, occ 8 %",attention,18.47,8.92,37.79,0.0,25.74,33.33,1.42,planner_debate
llm_vl,react_moa_mcts,mir_operator:prefill_layer*,False,1.21,profiled,"underutilised: SM 18 %, DRAM 31 %, L2 30 %, occ 66 %",copy,9.95,0.0,45.08,0.0,26.83,49.33,0.67,planner_debate
llm_vl,react_moa_mcts,mir_operator:prefill_layer*,False,1.21,profiled,"underutilised: SM 2 %, DRAM 56 %, L2 26 %, occ 28 %",elementwise_unary,0.85,0.0,28.33,0.0,14.72,18.03,0.21,planner_debate
llm_vl,react_moa_mcts,mir_operator:prefill_layer*,False,1.21,profiled,"underutilised: SM 1 %, DRAM 34 %, L2 13 %, occ 33 %",reduce,6.25,0.0,32.03,0.0,12.58,36.12,0.24,planner_debate
llm_vl,react_moa_mcts,mir_operator:prefill_layer*,False,1.21,profiled,"latency/launch-bound: 0.00 waves per SM, no unit above 30 % of peak",elementwise_binary,13.95,0.0,36.79,0.0,22.45,66.65,0.83,planner_debate
llm_vl,react_moa_mcts,mir_operator:prefill_layer*,False,1.21,profiled,L2-bandwidth-bound (working set in L2),gemm,33.13,36.94,36.85,0.0,69.32,15.24,2.5,planner_debate
llm_vl,react_moa_mcts,mir_operator:prefill_layer*,False,1.21,profiled,"underutilised: SM 16 %, DRAM 3 %, L2 4 %, occ 67 %",concat,14.81,0.0,4.91,0.0,3.66,66.5,1.33,planner_debate
llm_vl,react_moa_mcts,mir_operator:prefill_layer*,False,1.21,profiled,"latency/launch-bound: 0.42 waves per SM, no unit above 30 % of peak",elementwise_other,3.65,0.0,53.35,0.0,21.06,32.75,0.46,planner_debate
llm_vl,react_moa_mcts,mir_operator:prefill_layer*,False,1.21,profiled,"underutilised: SM 11 %, DRAM 10 %, L2 26 %, occ 8 %",attention,18.38,8.88,37.76,0.0,25.53,33.5,1.42,planner_debate
llm_vl,react_moa_mcts,mir_operator:prefill_layer*,False,1.21,profiled,"underutilised: SM 18 %, DRAM 33 %, L2 32 %, occ 68 %",copy,9.95,0.0,45.8,0.0,28.01,49.59,0.67,planner_debate
llm_vl,react_moa_mcts,mir_operator:prefill_layer*,False,1.21,profiled,"underutilised: SM 2 %, DRAM 56 %, L2 26 %, occ 27 %",elementwise_unary,0.83,0.0,28.08,0.0,13.21,17.87,0.21,planner_debate
llm_vl,react_moa_mcts,mir_operator:prefill_layer*,False,1.21,profiled,"underutilised: SM 1 %, DRAM 35 %, L2 14 %, occ 33 %",reduce,6.23,0.0,32.69,0.0,12.85,36.67,0.24,planner_debate
llm_vl,react_moa_mcts,mir_operator:prefill_layer*,False,1.21,profiled,"latency/launch-bound: 0.00 waves per SM, no unit above 30 % of peak",elementwise_binary,13.76,0.0,35.74,0.0,22.61,67.2,0.83,planner_debate
llm_vl,react_moa_mcts,mir_operator:prefill_layer*,False,1.21,profiled,L2-bandwidth-bound (working set in L2),gemm,30.99,37.03,37.26,0.0,69.17,15.25,2.5,planner_debate
llm_vl,react_moa_mcts,mir_operator:prefill_layer*,False,1.21,profiled,"underutilised: SM 16 %, DRAM 3 %, L2 3 %, occ 70 %",concat,14.88,0.0,4.92,0.0,3.7,66.6,1.33,planner_debate
llm_vl,react_moa_mcts,mir_operator:prefill_layer*,False,1.21,profiled,"latency/launch-bound: 0.42 waves per SM, no unit above 30 % of peak",elementwise_other,3.73,0.0,54.42,0.0,21.52,33.05,0.46,planner_debate
llm_vl,react_moa_mcts,mir_operator:prefill_layer*,False,1.21,profiled,"underutilised: SM 11 %, DRAM 13 %, L2 25 %, occ 8 %",attention,18.36,8.91,38.27,0.0,25.58,33.11,1.42,planner_debate
llm_vl,react_moa_mcts,mir_operator:prefill_layer*,False,1.21,profiled,"underutilised: SM 18 %, DRAM 33 %, L2 32 %, occ 64 %",copy,9.53,0.0,44.99,0.0,27.68,48.12,0.67,planner_debate
llm_vl,react_moa_mcts,mir_operator:prefill_layer*,False,1.21,profiled,"underutilised: SM 2 %, DRAM 56 %, L2 26 %, occ 28 %",elementwise_unary,0.82,0.0,28.38,0.0,13.38,17.94,0.21,planner_debate
llm_vl,react_moa_mcts,mir_operator:prefill_layer*,False,1.21,profiled,"underutilised: SM 1 %, DRAM 35 %, L2 14 %, occ 33 %",reduce,6.11,0.0,32.74,0.0,12.96,35.7,0.24,planner_debate
llm_vl,react_moa_mcts,mir_operator:prefill_layer*,False,1.21,profiled,"latency/launch-bound: 0.00 waves per SM, no unit above 30 % of peak",elementwise_binary,9.79,0.0,34.78,0.0,21.62,66.67,0.83,planner_debate
llm_vl,react_moa_mcts,mir_operator:prefill_layer*,False,1.21,profiled,L2-bandwidth-bound (working set in L2),gemm,33.2,37.03,37.76,0.0,69.14,15.25,2.5,planner_debate
llm_vl,react_moa_mcts,mir_operator:prefill_layer*,False,1.21,profiled,"underutilised: SM 16 %, DRAM 3 %, L2 3 %, occ 67 %",concat,14.84,0.0,4.91,0.0,3.73,66.83,1.33,planner_debate
llm_vl,react_moa_mcts,mir_operator:prefill_layer*,False,1.21,profiled,"latency/launch-bound: 0.42 waves per SM, no unit above 30 % of peak",elementwise_other,3.62,0.0,54.08,0.0,21.41,32.95,0.46,planner_debate
llm_vl,react_moa_mcts,mir_operator:prefill_layer*,False,1.21,profiled,"underutilised: SM 11 %, DRAM 10 %, L2 26 %, occ 8 %",attention,18.35,8.89,37.37,0.0,25.7,33.29,1.42,planner_debate
llm_vl,react_moa_mcts,mir_operator:prefill_layer*,False,1.21,profiled,"underutilised: SM 19 %, DRAM 30 %, L2 29 %, occ 68 %",copy,10.22,0.0,46.28,0.0,26.4,49.5,0.67,planner_debate
llm_vl,react_moa_mcts,mir_operator:prefill_layer*,False,1.21,profiled,"underutilised: SM 2 %, DRAM 57 %, L2 26 %, occ 28 %",elementwise_unary,0.83,0.0,30.81,0.0,13.69,17.91,0.21,planner_debate
llm_vl,react_moa_mcts,mir_operator:prefill_layer*,False,1.21,profiled,"underutilised: SM 1 %, DRAM 35 %, L2 14 %, occ 33 %",reduce,6.35,0.0,32.56,0.0,12.82,36.32,0.24,planner_debate
llm_vl,react_moa_mcts,mir_operator:prefill_layer*,False,1.21,profiled,"latency/launch-bound: 0.00 waves per SM, no unit above 30 % of peak",elementwise_binary,14.02,0.0,35.4,0.0,21.99,67.77,0.83,planner_debate
llm_vl,react_moa_mcts,mir_operator:prefill_layer*,False,1.21,profiled,L2-bandwidth-bound (working set in L2),gemm,33.35,37.04,36.98,0.0,69.45,15.26,2.5,planner_debate
llm_vl,react_moa_mcts,mir_operator:prefill_layer*,False,1.21,profiled,"underutilised: SM 16 %, DRAM 3 %, L2 4 %, occ 67 %",concat,14.8,0.0,4.94,0.0,3.73,67.27,1.33,planner_debate
llm_vl,react_moa_mcts,mir_operator:prefill_layer*,False,1.21,profiled,"latency/launch-bound: 0.42 waves per SM, no unit above 30 % of peak",elementwise_other,3.76,0.0,55.41,0.0,21.84,32.78,0.46,planner_debate
llm_vl,react_moa_mcts,mir_operator:prefill_layer*,False,1.21,profiled,"underutilised: SM 11 %, DRAM 10 %, L2 26 %, occ 8 %",attention,18.42,8.85,38.17,0.0,25.7,33.05,1.42,planner_debate
llm_vl,react_moa_mcts,mir_operator:prefill_layer*,False,1.21,profiled,"underutilised: SM 17 %, DRAM 32 %, L2 30 %, occ 67 %",copy,9.52,0.0,45.08,0.0,27.38,49.7,0.67,planner_debate
llm_vl,react_moa_mcts,mir_operator:prefill_layer*,False,1.21,profiled,"underutilised: SM 2 %, DRAM 56 %, L2 26 %, occ 27 %",elementwise_unary,0.84,0.0,28.23,0.0,13.3,17.87,0.21,planner_debate
llm_vl,react_moa_mcts,mir_operator:prefill_layer*,False,1.21,profiled,"underutilised: SM 1 %, DRAM 34 %, L2 13 %, occ 33 %",reduce,6.01,0.0,32.1,0.0,13.26,36.25,0.24,planner_debate
llm_vl,react_moa_mcts,mir_operator:prefill_layer*,False,1.21,profiled,"latency/launch-bound: 0.00 waves per SM, no unit above 30 % of peak",elementwise_binary,13.54,0.0,36.2,0.0,21.82,67.62,0.83,planner_debate
llm_vl,react_moa_mcts,mir_operator:prefill_layer*,False,1.21,profiled,L2-bandwidth-bound (working set in L2),gemm,33.52,36.89,37.13,0.0,69.24,15.21,2.5,planner_debate
llm_vl,react_moa_mcts,mir_operator:prefill_layer*,False,1.21,profiled,"underutilised: SM 16 %, DRAM 3 %, L2 3 %, occ 67 %",concat,14.26,0.0,4.87,0.0,3.6,66.95,1.33,planner_debate
llm_vl,react_moa_mcts,mir_operator:prefill_layer*,False,1.21,profiled,"latency/launch-bound: 0.42 waves per SM, no unit above 30 % of peak",elementwise_other,3.82,0.0,55.03,0.0,21.79,32.98,0.46,planner_debate
llm_vl,react_moa_mcts,mir_operator:prefill_layer*,False,1.21,profiled,"underutilised: SM 11 %, DRAM 10 %, L2 26 %, occ 8 %",attention,18.4,8.96,37.64,0.0,25.83,33.13,1.42,planner_debate
llm_vl,react_moa_mcts,mir_operator:prefill_layer*,False,1.21,profiled,"underutilised: SM 18 %, DRAM 32 %, L2 31 %, occ 68 %",copy,10.09,0.0,44.69,0.0,27.41,49.15,0.67,planner_debate
llm_vl,react_moa_mcts,mir_operator:prefill_layer*,False,1.21,profiled,"underutilised: SM 2 %, DRAM 56 %, L2 26 %, occ 28 %",elementwise_unary,0.84,0.0,28.13,0.0,13.31,18.04,0.21,planner_debate
llm_vl,react_moa_mcts,mir_operator:prefill_layer*,False,1.21,profiled,"underutilised: SM 1 %, DRAM 36 %, L2 14 %, occ 33 %",reduce,4.96,0.0,33.17,0.0,13.06,35.9,0.24,planner_debate
llm_vl,react_moa_mcts,mir_operator:prefill_layer*,False,1.21,profiled,"latency/launch-bound: 0.00 waves per SM, no unit above 30 % of peak",elementwise_binary,13.64,0.0,36.26,0.0,22.62,67.07,0.83,planner_debate
llm_vl,react_moa_mcts,mir_operator:prefill_layer*,False,1.21,profiled,L2-bandwidth-bound (working set in L2),gemm,30.65,36.88,37.12,0.0,67.85,15.26,2.5,planner_debate
llm_vl,react_moa_mcts,mir_operator:prefill_layer*,False,1.21,profiled,"underutilised: SM 16 %, DRAM 3 %, L2 3 %, occ 68 %",concat,14.82,0.0,4.9,0.0,3.7,66.49,1.33,planner_debate
llm_vl,react_moa_mcts,mir_operator:prefill_layer*,False,1.21,profiled,"latency/launch-bound: 0.42 waves per SM, no unit above 30 % of peak",elementwise_other,3.73,0.0,54.97,0.0,21.71,33.12,0.46,planner_debate
llm_vl,react_moa_mcts,mir_operator:prefill_layer*,False,1.21,profiled,"underutilised: SM 11 %, DRAM 10 %, L2 26 %, occ 8 %",attention,18.54,8.98,37.8,0.0,25.55,33.04,1.42,planner_debate
llm_vl,react_moa_mcts,mir_operator:prefill_layer*,False,1.21,profiled,"underutilised: SM 19 %, DRAM 32 %, L2 31 %, occ 68 %",copy,10.33,0.0,45.97,0.0,27.03,48.72,0.67,planner_debate
llm_vl,react_moa_mcts,mir_operator:prefill_layer*,False,1.21,profiled,"underutilised: SM 2 %, DRAM 59 %, L2 27 %, occ 28 %",elementwise_unary,0.84,0.0,26.69,0.0,12.47,18.09,0.21,planner_debate
llm_vl,react_moa_mcts,mir_operator:prefill_layer*,False,1.21,profiled,"underutilised: SM 1 %, DRAM 34 %, L2 13 %, occ 33 %",reduce,6.23,0.0,32.23,0.0,12.7,36.22,0.24,planner_debate
llm_vl,react_moa_mcts,mir_operator:prefill_layer*,False,1.21,profiled,"latency/launch-bound: 0.00 waves per SM, no unit above 30 % of peak",elementwise_binary,13.76,0.0,36.28,0.0,22.17,67.3,0.83,planner_debate
llm_vl,react_moa_mcts,mir_operator:prefill_layer*,False,1.21,profiled,L2-bandwidth-bound (working set in L2),gemm,30.93,36.94,36.78,0.0,68.24,15.22,2.5,planner_debate
llm_vl,react_moa_mcts,mir_operator:prefill_layer*,False,1.21,profiled,"underutilised: SM 15 %, DRAM 3 %, L2 3 %, occ 68 %",concat,14.51,0.0,4.93,0.0,3.76,67.17,1.33,planner_debate
llm_vl,react_moa_mcts,mir_operator:prefill_layer*,False,1.21,profiled,"latency/launch-bound: 0.42 waves per SM, no unit above 30 % of peak",elementwise_other,3.75,0.0,38.49,0.0,17.78,32.82,0.46,planner_debate
llm_vl,react_moa_mcts,mir_operator:prefill_layer*,False,1.21,profiled,"underutilised: SM 11 %, DRAM 10 %, L2 26 %, occ 8 %",attention,18.45,8.77,37.67,0.0,25.43,32.92,1.42,planner_debate
llm_vl,react_moa_mcts,mir_operator:prefill_layer*,False,1.21,profiled,"underutilised: SM 19 %, DRAM 34 %, L2 32 %, occ 68 %",copy,9.78,0.0,45.72,0.0,27.92,49.21,0.67,planner_debate
llm_vl,react_moa_mcts,mir_operator:prefill_layer*,False,1.21,profiled,"underutilised: SM 2 %, DRAM 59 %, L2 25 %, occ 28 %",elementwise_unary,0.84,0.0,29.24,0.0,13.34,17.93,0.21,planner_debate
llm_vl,react_moa_mcts,mir_operator:prefill_layer*,False,1.21,profiled,"underutilised: SM 1 %, DRAM 36 %, L2 14 %, occ 33 %",reduce,6.14,0.0,32.74,0.0,12.93,36.05,0.24,planner_debate
llm_vl,react_moa_mcts,mir_operator:prefill_layer*,False,1.21,profiled,"latency/launch-bound: 0.00 waves per SM, no unit above 30 % of peak",elementwise_binary,13.72,0.0,36.8,0.0,21.51,66.41,0.83,planner_debate
llm_vl,react_moa_mcts,mir_operator:prefill_layer*,False,1.21,profiled,L2-bandwidth-bound (working set in L2),gemm,33.1,36.95,37.34,0.0,68.49,15.21,2.5,planner_debate
llm_vl,react_moa_mcts,mir_operator:prefill_layer*,False,1.21,profiled,"underutilised: SM 16 %, DRAM 3 %, L2 3 %, occ 67 %",concat,14.49,0.0,4.93,0.0,3.7,67.2,1.33,planner_debate
llm_vl,react_moa_mcts,mir_operator:prefill_layer*,False,1.21,profiled,"latency/launch-bound: 0.42 waves per SM, no unit above 30 % of peak",elementwise_other,3.84,0.0,55.17,0.0,21.35,33.14,0.46,planner_debate
llm_vl,react_moa_mcts,mir_operator:prefill_layer*,False,1.21,profiled,"underutilised: SM 11 %, DRAM 10 %, L2 26 %, occ 8 %",attention,18.49,9.01,37.5,0.0,25.75,33.8,1.42,planner_debate
llm_vl,react_moa_mcts,mir_operator:prefill_layer*,False,1.21,profiled,"underutilised: SM 18 %, DRAM 33 %, L2 32 %, occ 67 %",copy,9.96,0.0,45.19,0.0,28.0,49.61,0.67,planner_debate
llm_vl,react_moa_mcts,mir_operator:prefill_layer*,False,1.21,profiled,"underutilised: SM 2 %, DRAM 56 %, L2 26 %, occ 28 %",elementwise_unary,0.86,0.0,28.28,0.0,13.55,17.97,0.21,planner_debate
llm_vl,react_moa_mcts,mir_operator:prefill_layer*,False,1.21,profiled,"underutilised: SM 1 %, DRAM 35 %, L2 14 %, occ 33 %",reduce,6.05,0.0,32.05,0.0,12.63,36.47,0.24,planner_debate
llm_vl,react_moa_mcts,mir_operator:prefill_layer*,False,1.21,profiled,"latency/launch-bound: 0.00 waves per SM, no unit above 30 % of peak",elementwise_binary,13.9,0.0,37.06,0.0,22.28,66.76,0.83,planner_debate
llm_vl,react_moa_mcts,mir_operator:prefill_layer*,False,1.21,profiled,L2-bandwidth-bound (working set in L2),gemm,33.48,37.09,36.39,0.0,68.14,15.22,2.5,planner_debate
llm_vl,react_moa_mcts,mir_operator:prefill_layer*,False,1.21,profiled,"underutilised: SM 16 %, DRAM 3 %, L2 3 %, occ 68 %",concat,13.83,0.0,4.91,0.0,3.72,67.14,1.33,planner_debate
llm_vl,react_moa_mcts,mir_operator:prefill_layer*,False,1.21,profiled,"latency/launch-bound: 0.42 waves per SM, no unit above 30 % of peak",elementwise_other,3.77,0.0,54.44,0.0,21.49,32.68,0.46,planner_debate
llm_vl,react_moa_mcts,mir_operator:prefill_layer*,False,1.21,profiled,"underutilised: SM 11 %, DRAM 10 %, L2 26 %, occ 8 %",attention,18.51,8.92,37.33,0.0,25.56,33.47,1.42,planner_debate
llm_vl,react_moa_mcts,mir_operator:prefill_layer*,False,1.21,profiled,"underutilised: SM 19 %, DRAM 32 %, L2 30 %, occ 67 %",copy,9.68,0.0,45.29,0.0,26.87,48.37,0.67,planner_debate
llm_vl,react_moa_mcts,mir_operator:prefill_layer*,False,1.21,profiled,"underutilised: SM 2 %, DRAM 55 %, L2 25 %, occ 28 %",elementwise_unary,0.84,0.0,27.79,0.0,13.09,17.97,0.21,planner_debate
llm_vl,react_moa_mcts,mir_operator:prefill_layer*,False,1.21,profiled,"underutilised: SM 1 %, DRAM 35 %, L2 14 %, occ 33 %",reduce,6.1,0.0,32.63,0.0,12.67,36.78,0.24,planner_debate
llm_vl,react_moa_mcts,mir_operator:prefill_layer*,False,1.21,profiled,"latency/launch-bound: 0.00 waves per SM, no unit above 30 % of peak",elementwise_binary,13.6,0.0,35.97,0.0,22.53,67.38,0.83,planner_debate
llm_vl,react_moa_mcts,mir_operator:prefill_layer*,False,1.21,profiled,L2-bandwidth-bound (working set in L2),gemm,30.84,36.86,36.96,0.0,67.88,15.21,2.5,planner_debate
llm_vl,react_moa_mcts,mir_operator:prefill_layer*,False,1.21,profiled,"underutilised: SM 15 %, DRAM 3 %, L2 3 %, occ 68 %",concat,14.48,0.0,4.93,0.0,3.79,67.5,1.33,planner_debate
llm_vl,react_moa_mcts,mir_operator:prefill_layer*,False,1.21,profiled,"latency/launch-bound: 0.42 waves per SM, no unit above 30 % of peak",elementwise_other,3.71,0.0,54.7,0.0,21.57,33.08,0.46,planner_debate
llm_vl,react_moa_mcts,mir_operator:prefill_layer*,False,1.21,profiled,"underutilised: SM 11 %, DRAM 10 %, L2 26 %, occ 8 %",attention,18.44,9.08,37.67,0.0,25.32,33.14,1.42,planner_debate
llm_vl,react_moa_mcts,mir_operator:prefill_layer*,False,1.21,profiled,"underutilised: SM 19 %, DRAM 32 %, L2 31 %, occ 66 %",copy,9.99,0.0,45.31,0.0,27.52,49.13,0.67,planner_debate
llm_vl,react_moa_mcts,mir_operator:prefill_layer*,False,1.21,profiled,"underutilised: SM 2 %, DRAM 56 %, L2 26 %, occ 28 %",elementwise_unary,0.83,0.0,28.37,0.0,13.4,18.02,0.21,planner_debate
llm_vl,react_moa_mcts,mir_operator:prefill_layer*,False,1.21,profiled,"underutilised: SM 1 %, DRAM 35 %, L2 14 %, occ 33 %",reduce,6.04,0.0,32.52,0.0,12.79,36.41,0.24,planner_debate
llm_vl,react_moa_mcts,mir_operator:prefill_layer*,False,1.21,profiled,"latency/launch-bound: 0.00 waves per SM, no unit above 30 % of peak",elementwise_binary,13.35,0.0,36.46,0.0,22.18,67.8,0.83,planner_debate
llm_vl,react_moa_mcts,mir_operator:prefill_layer*,False,1.21,profiled,L2-bandwidth-bound (working set in L2),gemm,30.73,37.04,36.91,0.0,67.19,15.23,2.5,planner_debate
llm_vl,react_moa_mcts,mir_operator:prefill_layer*,False,1.21,profiled,"underutilised: SM 16 %, DRAM 3 %, L2 4 %, occ 68 %",concat,14.71,0.0,4.93,0.0,3.85,66.76,1.33,planner_debate
llm_vl,react_moa_mcts,mir_operator:prefill_layer*,False,1.21,profiled,"latency/launch-bound: 0.42 waves per SM, no unit above 30 % of peak",elementwise_other,3.71,0.0,55.37,0.0,21.89,33.11,0.46,planner_debate
llm_vl,react_moa_mcts,mir_operator:prefill_layer*,False,1.21,profiled,"underutilised: SM 11 %, DRAM 10 %, L2 26 %, occ 8 %",attention,18.31,8.79,37.58,0.0,25.79,33.89,1.42,planner_debate
llm_vl,react_moa_mcts,mir_operator:prefill_layer*,False,1.21,profiled,"latency/launch-bound: 0.50 waves per SM, no unit above 30 % of peak",copy,7.07,0.0,34.7,0.0,20.26,32.66,0.4,react_tool
llm_vl,react_moa_mcts,mir_operator:prefill_layer*,False,1.21,profiled,"underutilised: SM 1 %, DRAM 44 %, L2 20 %, occ 18 %",elementwise_unary,0.67,0.0,23.53,0.0,10.92,13.03,0.12,react_tool
llm_vl,react_moa_mcts,mir_operator:prefill_layer*,False,1.21,profiled,"latency/launch-bound: 0.03 waves per SM, no unit above 30 % of peak",reduce,4.2,0.0,25.76,0.0,10.14,32.9,0.14,react_tool
llm_vl,react_moa_mcts,mir_operator:prefill_layer*,False,1.21,profiled,"latency/launch-bound: 0.00 waves per SM, no unit above 30 % of peak",elementwise_binary,10.77,0.0,23.81,0.0,15.22,43.54,0.5,react_tool
llm_vl,react_moa_mcts,mir_operator:prefill_layer*,False,1.21,profiled,tensor-core compute-bound,gemm,35.22,39.18,51.76,0.0,68.76,8.33,1.0,react_tool
llm_vl,react_moa_mcts,mir_operator:prefill_layer*,False,1.21,profiled,"underutilised: SM 15 %, DRAM 2 %, L2 2 %, occ 68 %",concat,11.65,0.0,3.3,0.0,2.29,67.4,1.33,react_tool
llm_vl,react_moa_mcts,mir_operator:prefill_layer*,False,1.21,profiled,"latency/launch-bound: 0.25 waves per SM, no unit above 30 % of peak",elementwise_other,2.33,0.0,41.21,0.0,16.31,21.4,0.27,react_tool
llm_vl,react_moa_mcts,mir_operator:prefill_layer*,False,1.21,profiled,"latency/launch-bound: 0.75 waves per SM, no unit above 30 % of peak",attention,15.76,8.38,28.47,0.0,18.34,24.98,0.77,react_tool
llm_vl,react_moa_mcts,mir_operator:prefill_layer*,False,1.21,profiled,"latency/launch-bound: 0.50 waves per SM, no unit above 30 % of peak",copy,6.88,0.0,34.92,0.0,19.74,32.41,0.4,react_tool
llm_vl,react_moa_mcts,mir_operator:prefill_layer*,False,1.21,profiled,"underutilised: SM 1 %, DRAM 44 %, L2 21 %, occ 18 %",elementwise_unary,0.65,0.0,22.33,0.0,10.79,12.91,0.12,react_tool
llm_vl,react_moa_mcts,mir_operator:prefill_layer*,False,1.21,profiled,"latency/launch-bound: 0.03 waves per SM, no unit above 30 % of peak",reduce,4.29,0.0,26.3,0.0,10.35,32.55,0.14,react_tool
llm_vl,react_moa_mcts,mir_operator:prefill_layer*,False,1.21,profiled,"latency/launch-bound: 0.00 waves per SM, no unit above 30 % of peak",elementwise_binary,11.01,0.0,24.34,0.0,15.3,43.78,0.5,react_tool
llm_vl,react_moa_mcts,mir_operator:prefill_layer*,False,1.21,profiled,tensor-core compute-bound,gemm,31.76,39.24,51.98,0.0,69.04,8.33,1.0,react_tool
llm_vl,react_moa_mcts,mir_operator:prefill_layer*,False,1.21,profiled,"underutilised: SM 14 %, DRAM 2 %, L2 2 %, occ 68 %",concat,11.69,0.0,3.36,0.0,2.34,67.63,1.33,react_tool
llm_vl,react_moa_mcts,mir_operator:prefill_layer*,False,1.21,profiled,"latency/launch-bound: 0.25 waves per SM, no unit above 30 % of peak",elementwise_other,2.29,0.0,41.9,0.0,16.54,21.75,0.27,react_tool
llm_vl,react_moa_mcts,mir_operator:prefill_layer*,False,1.21,profiled,"latency/launch-bound: 0.75 waves per SM, no unit above 30 % of peak",attention,15.63,8.11,28.58,0.0,18.79,24.99,0.77,react_tool
llm_vl,react_moa_mcts,mir_operator:prefill_layer*,False,1.21,profiled,"latency/launch-bound: 0.50 waves per SM, no unit above 30 % of peak",copy,7.01,0.0,36.08,0.0,20.08,32.74,0.4,react_tool
llm_vl,react_moa_mcts,mir_operator:prefill_layer*,False,1.21,profiled,"underutilised: SM 1 %, DRAM 45 %, L2 21 %, occ 18 %",elementwise_unary,0.66,0.0,22.18,0.0,10.88,13.13,0.12,react_tool
llm_vl,react_moa_mcts,mir_operator:prefill_layer*,False,1.21,profiled,"latency/launch-bound: 0.03 waves per SM, no unit above 30 % of peak",reduce,4.18,0.0,26.24,0.0,10.3,32.74,0.14,react_tool
llm_vl,react_moa_mcts,mir_operator:prefill_layer*,False,1.21,profiled,"latency/launch-bound: 0.00 waves per SM, no unit above 30 % of peak",elementwise_binary,10.79,0.0,24.45,0.0,15.39,42.84,0.5,react_tool
llm_vl,react_moa_mcts,mir_operator:prefill_layer*,False,1.21,profiled,tensor-core compute-bound,gemm,35.41,38.98,51.88,0.0,69.82,8.33,1.0,react_tool
llm_vl,react_moa_mcts,mir_operator:prefill_layer*,False,1.21,profiled,"underutilised: SM 15 %, DRAM 2 %, L2 2 %, occ 67 %",concat,11.75,0.0,3.38,0.0,2.35,67.42,1.33,react_tool
llm_vl,react_moa_mcts,mir_operator:prefill_layer*,False,1.21,profiled,"latency/launch-bound: 0.25 waves per SM, no unit above 30 % of peak",elementwise_other,2.27,0.0,41.75,0.0,16.45,21.77,0.27,react_tool
llm_vl,react_moa_mcts,mir_operator:prefill_layer*,False,1.21,profiled,"latency/launch-bound: 0.75 waves per SM, no unit above 30 % of peak",attention,15.67,8.3,26.47,0.0,18.62,25.27,0.77,react_tool
llm_vl,react_moa_mcts,mir_operator:prefill_layer*,False,1.21,profiled,"latency/launch-bound: 0.50 waves per SM, no unit above 30 % of peak",copy,7.18,0.0,35.66,0.0,20.18,32.48,0.4,react_tool
llm_vl,react_moa_mcts,mir_operator:prefill_layer*,False,1.21,profiled,"underutilised: SM 1 %, DRAM 44 %, L2 20 %, occ 18 %",elementwise_unary,0.65,0.0,22.12,0.0,10.68,13.09,0.12,react_tool
llm_vl,react_moa_mcts,mir_operator:prefill_layer*,False,1.21,profiled,"latency/launch-bound: 0.03 waves per SM, no unit above 30 % of peak",reduce,4.24,0.0,25.86,0.0,10.15,32.69,0.14,react_tool
llm_vl,react_moa_mcts,mir_operator:prefill_layer*,False,1.21,profiled,"latency/launch-bound: 0.00 waves per SM, no unit above 30 % of peak",elementwise_binary,10.86,0.0,23.79,0.0,15.45,43.7,0.5,react_tool
llm_vl,react_moa_mcts,mir_operator:prefill_layer*,False,1.21,profiled,tensor-core compute-bound,gemm,35.22,39.17,50.67,0.0,68.99,8.33,1.0,react_tool
llm_vl,react_moa_mcts,mir_operator:prefill_layer*,False,1.21,profiled,"underutilised: SM 15 %, DRAM 2 %, L2 2 %, occ 67 %",concat,11.73,0.0,3.26,0.0,2.37,67.01,1.33,react_tool
llm_vl,react_moa_mcts,mir_operator:prefill_layer*,False,1.21,profiled,"latency/launch-bound: 0.25 waves per SM, no unit above 30 % of peak",elementwise_other,2.27,0.0,40.45,0.0,15.97,21.74,0.27,react_tool
llm_vl,react_moa_mcts,mir_operator:prefill_layer*,False,1.21,profiled,"latency/launch-bound: 0.75 waves per SM, no unit above 30 % of peak",attention,15.7,8.19,28.62,0.0,18.66,25.22,0.77,react_tool
llm_vl,react_moa_mcts,mir_operator:prefill_layer*,False,1.21,profiled,"latency/launch-bound: 0.50 waves per SM, no unit above 30 % of peak",copy,7.08,0.0,34.52,0.0,20.48,32.68,0.4,react_tool
llm_vl,react_moa_mcts,mir_operator:prefill_layer*,False,1.21,profiled,"underutilised: SM 1 %, DRAM 45 %, L2 21 %, occ 18 %",elementwise_unary,0.66,0.0,24.12,0.0,11.15,12.96,0.12,react_tool
llm_vl,react_moa_mcts,mir_operator:prefill_layer*,False,1.21,profiled,"latency/launch-bound: 0.03 waves per SM, no unit above 30 % of peak",reduce,4.17,0.0,25.54,0.0,10.01,32.69,0.14,react_tool
llm_vl,react_moa_mcts,mir_operator:prefill_layer*,False,1.21,profiled,"latency/launch-bound: 0.00 waves per SM, no unit above 30 % of peak",elementwise_binary,10.51,0.0,23.92,0.0,15.57,43.12,0.5,react_tool
llm_vl,react_moa_mcts,mir_operator:prefill_layer*,False,1.21,profiled,tensor-core compute-bound,gemm,35.02,38.92,51.11,0.0,64.77,8.33,1.0,react_tool
llm_vl,react_moa_mcts,mir_operator:prefill_layer*,False,1.21,profiled,"underutilised: SM 14 %, DRAM 2 %, L2 2 %, occ 67 %",concat,11.47,0.0,3.3,0.0,2.36,67.01,1.33,react_tool
llm_vl,react_moa_mcts,mir_operator:prefill_layer*,False,1.21,profiled,"latency/launch-bound: 0.25 waves per SM, no unit above 30 % of peak",elementwise_other,2.31,0.0,41.38,0.0,16.37,21.74,0.27,react_tool
llm_vl,react_moa_mcts,mir_operator:prefill_layer*,False,1.21,profiled,"latency/launch-bound: 0.75 waves per SM, no unit above 30 % of peak",attention,15.61,8.2,28.19,0.0,18.76,25.12,0.77,react_tool
llm_vl,react_moa_mcts,mir_operator:prefill_layer*,False,1.21,profiled,"latency/launch-bound: 0.50 waves per SM, no unit above 30 % of peak",copy,7.14,0.0,35.26,0.0,20.45,32.9,0.4,react_tool
llm_vl,react_moa_mcts,mir_operator:prefill_layer*,False,1.21,profiled,"underutilised: SM 1 %, DRAM 44 %, L2 21 %, occ 18 %",elementwise_unary,0.65,0.0,23.62,0.0,11.04,13.06,0.12,react_tool
llm_vl,react_moa_mcts,mir_operator:prefill_layer*,False,1.21,profiled,"latency/launch-bound: 0.03 waves per SM, no unit above 30 % of peak",reduce,4.16,0.0,26.32,0.0,10.36,32.78,0.14,react_tool
llm_vl,react_moa_mcts,mir_operator:prefill_layer*,False,1.21,profiled,"latency/launch-bound: 0.00 waves per SM, no unit above 30 % of peak",elementwise_binary,10.29,0.0,25.18,0.0,15.5,44.0,0.5,react_tool
llm_vl,react_moa_mcts,mir_operator:prefill_layer*,False,1.21,profiled,tensor-core compute-bound,gemm,35.3,39.25,51.86,0.0,69.2,8.33,1.0,react_tool
llm_vl,react_moa_mcts,mir_operator:prefill_layer*,False,1.21,profiled,"underutilised: SM 14 %, DRAM 2 %, L2 2 %, occ 67 %",concat,11.62,0.0,3.35,0.0,2.28,67.13,1.33,react_tool
llm_vl,react_moa_mcts,mir_operator:prefill_layer*,False,1.21,profiled,"latency/launch-bound: 0.25 waves per SM, no unit above 30 % of peak",elementwise_other,2.25,0.0,40.66,0.0,16.05,21.53,0.27,react_tool
llm_vl,react_moa_mcts,mir_operator:prefill_layer*,False,1.21,profiled,"latency/launch-bound: 0.75 waves per SM, no unit above 30 % of peak",attention,15.71,8.49,28.42,0.0,18.69,24.99,0.77,react_tool
llm_vl,react_moa_mcts,mir_operator:prefill_layer*,False,1.21,profiled,"latency/launch-bound: 0.50 waves per SM, no unit above 30 % of peak",copy,7.17,0.0,34.71,0.0,20.1,32.43,0.4,react_tool
llm_vl,react_moa_mcts,mir_operator:prefill_layer*,False,1.21,profiled,"underutilised: SM 1 %, DRAM 45 %, L2 21 %, occ 18 %",elementwise_unary,0.67,0.0,22.38,0.0,10.82,13.1,0.12,react_tool
llm_vl,react_moa_mcts,mir_operator:prefill_layer*,False,1.21,profiled,"latency/launch-bound: 0.03 waves per SM, no unit above 30 % of peak",reduce,4.24,0.0,25.8,0.0,10.17,32.55,0.14,react_tool
llm_vl,react_moa_mcts,mir_operator:prefill_layer*,False,1.21,profiled,"latency/launch-bound: 0.00 waves per SM, no unit above 30 % of peak",elementwise_binary,10.71,0.0,23.18,0.0,14.84,43.37,0.5,react_tool
llm_vl,react_moa_mcts,mir_operator:prefill_layer*,False,1.21,profiled,tensor-core compute-bound,gemm,34.99,39.05,52.12,0.0,67.92,8.33,1.0,react_tool
llm_vl,react_moa_mcts,mir_operator:prefill_layer*,False,1.21,profiled,"underutilised: SM 14 %, DRAM 2 %, L2 2 %, occ 68 %",concat,11.79,0.0,3.39,0.0,2.31,67.01,1.33,react_tool
llm_vl,react_moa_mcts,mir_operator:prefill_layer*,False,1.21,profiled,"latency/launch-bound: 0.25 waves per SM, no unit above 30 % of peak",elementwise_other,2.31,0.0,41.67,0.0,16.38,20.36,0.27,react_tool
llm_vl,react_moa_mcts,mir_operator:prefill_layer*,False,1.21,profiled,"latency/launch-bound: 0.75 waves per SM, no unit above 30 % of peak",attention,15.67,8.29,28.38,0.0,18.66,25.31,0.77,react_tool
llm_vl,react_moa_mcts,mir_operator:prefill_layer*,False,1.21,profiled,"latency/launch-bound: 0.50 waves per SM, no unit above 30 % of peak",copy,7.17,0.0,34.88,0.0,20.72,32.22,0.4,react_tool
llm_vl,react_moa_mcts,mir_operator:prefill_layer*,False,1.21,profiled,"underutilised: SM 1 %, DRAM 44 %, L2 20 %, occ 18 %",elementwise_unary,0.66,0.0,22.08,0.0,10.65,13.11,0.12,react_tool
llm_vl,react_moa_mcts,mir_operator:prefill_layer*,False,1.21,profiled,"latency/launch-bound: 0.03 waves per SM, no unit above 30 % of peak",reduce,4.19,0.0,26.91,0.0,10.59,32.85,0.14,react_tool
llm_vl,react_moa_mcts,mir_operator:prefill_layer*,False,1.21,profiled,"latency/launch-bound: 0.00 waves per SM, no unit above 30 % of peak",elementwise_binary,10.69,0.0,24.67,0.0,15.45,43.25,0.5,react_tool
llm_vl,react_moa_mcts,mir_operator:prefill_layer*,False,1.21,profiled,tensor-core compute-bound,gemm,35.09,39.2,50.55,0.0,64.16,8.33,1.0,react_tool
llm_vl,react_moa_mcts,mir_operator:prefill_layer*,False,1.21,profiled,"underutilised: SM 15 %, DRAM 2 %, L2 2 %, occ 67 %",concat,11.78,0.0,3.19,0.0,2.36,66.64,1.33,react_tool
llm_vl,react_moa_mcts,mir_operator:prefill_layer*,False,1.21,profiled,"latency/launch-bound: 0.25 waves per SM, no unit above 30 % of peak",elementwise_other,2.29,0.0,40.6,0.0,16.07,21.74,0.27,react_tool
llm_vl,react_moa_mcts,mir_operator:prefill_layer*,False,1.21,profiled,"latency/launch-bound: 0.75 waves per SM, no unit above 30 % of peak",attention,15.69,8.27,28.23,0.0,18.75,25.15,0.77,react_tool
llm_vl,react_moa_mcts,mir_operator:prefill_layer*,False,1.21,profiled,"latency/launch-bound: 0.50 waves per SM, no unit above 30 % of peak",copy,6.93,0.0,34.9,0.0,20.9,32.81,0.4,react_tool
llm_vl,react_moa_mcts,mir_operator:prefill_layer*,False,1.21,profiled,"underutilised: SM 1 %, DRAM 44 %, L2 21 %, occ 18 %",elementwise_unary,0.66,0.0,22.18,0.0,10.69,13.1,0.12,react_tool
llm_vl,react_moa_mcts,mir_operator:prefill_layer*,False,1.21,profiled,"latency/launch-bound: 0.03 waves per SM, no unit above 30 % of peak",reduce,4.21,0.0,26.47,0.0,10.4,32.72,0.14,react_tool
llm_vl,react_moa_mcts,mir_operator:prefill_layer*,False,1.21,profiled,"latency/launch-bound: 0.00 waves per SM, no unit above 30 % of peak",elementwise_binary,10.5,0.0,25.01,0.0,15.37,43.43,0.5,react_tool
llm_vl,react_moa_mcts,mir_operator:prefill_layer*,False,1.21,profiled,tensor-core compute-bound,gemm,35.42,39.06,51.99,0.0,69.11,8.33,1.0,react_tool
llm_vl,react_moa_mcts,mir_operator:prefill_layer*,False,1.21,profiled,"underutilised: SM 14 %, DRAM 2 %, L2 2 %, occ 67 %",concat,11.7,0.0,3.38,0.0,2.31,67.0,1.33,react_tool
llm_vl,react_moa_mcts,mir_operator:prefill_layer*,False,1.21,profiled,"latency/launch-bound: 0.25 waves per SM, no unit above 30 % of peak",elementwise_other,2.24,0.0,41.47,0.0,16.41,20.44,0.27,react_tool
llm_vl,react_moa_mcts,mir_operator:prefill_layer*,False,1.21,profiled,"latency/launch-bound: 0.75 waves per SM, no unit above 30 % of peak",attention,15.74,8.32,28.49,0.0,18.65,25.1,0.77,react_tool
llm_vl,react_moa_mcts,mir_operator:prefill_layer*,False,1.21,profiled,"latency/launch-bound: 0.50 waves per SM, no unit above 30 % of peak",copy,7.06,0.0,35.5,0.0,20.34,32.53,0.4,react_tool
llm_vl,react_moa_mcts,mir_operator:prefill_layer*,False,1.21,profiled,"underutilised: SM 1 %, DRAM 46 %, L2 21 %, occ 18 %",elementwise_unary,0.66,0.0,22.18,0.0,10.72,13.0,0.12,react_tool
llm_vl,react_moa_mcts,mir_operator:prefill_layer*,False,1.21,profiled,"latency/launch-bound: 0.03 waves per SM, no unit above 30 % of peak",reduce,4.41,0.0,26.17,0.0,10.3,32.74,0.14,react_tool
llm_vl,react_moa_mcts,mir_operator:prefill_layer*,False,1.21,profiled,"latency/launch-bound: 0.00 waves per SM, no unit above 30 % of peak",elementwise_binary,10.31,0.0,24.29,0.0,15.77,43.78,0.5,react_tool
llm_vl,react_moa_mcts,mir_operator:prefill_layer*,False,1.21,profiled,tensor-core compute-bound,gemm,35.34,39.25,51.4,0.0,69.01,8.33,1.0,react_tool
llm_vl,react_moa_mcts,mir_operator:prefill_layer*,False,1.21,profiled,"underutilised: SM 14 %, DRAM 2 %, L2 2 %, occ 67 %",concat,11.6,0.0,3.36,0.0,2.3,66.95,1.33,react_tool
llm_vl,react_moa_mcts,mir_operator:prefill_layer*,False,1.21,profiled,"latency/launch-bound: 0.25 waves per SM, no unit above 30 % of peak",elementwise_other,2.21,0.0,40.81,0.0,16.14,21.63,0.27,react_tool
llm_vl,react_moa_mcts,mir_operator:prefill_layer*,False,1.21,profiled,"latency/launch-bound: 0.75 waves per SM, no unit above 30 % of peak",attention,15.72,8.32,29.84,0.0,18.28,25.27,0.77,react_tool
llm_vl,react_moa_mcts,mir_operator:prefill_layer*,False,1.21,profiled,"latency/launch-bound: 0.50 waves per SM, no unit above 30 % of peak",copy,7.21,0.0,35.2,0.0,20.86,32.68,0.4,react_tool
llm_vl,react_moa_mcts,mir_operator:prefill_layer*,False,1.21,profiled,"underutilised: SM 1 %, DRAM 45 %, L2 21 %, occ 18 %",elementwise_unary,0.69,0.0,22.33,0.0,10.72,12.96,0.12,react_tool
llm_vl,react_moa_mcts,mir_operator:prefill_layer*,False,1.21,profiled,"latency/launch-bound: 0.03 waves per SM, no unit above 30 % of peak",reduce,4.12,0.0,26.61,0.0,10.47,32.43,0.14,react_tool
llm_vl,react_moa_mcts,mir_operator:prefill_layer*,False,1.21,profiled,"latency/launch-bound: 0.00 waves per SM, no unit above 30 % of peak",elementwise_binary,10.59,0.0,24.98,0.0,15.6,43.55,0.5,react_tool
llm_vl,react_moa_mcts,mir_operator:prefill_layer*,False,1.21,profiled,tensor-core compute-bound,gemm,35.24,38.9,51.89,0.0,68.85,8.33,1.0,react_tool
llm_vl,react_moa_mcts,mir_operator:prefill_layer*,False,1.21,profiled,"underutilised: SM 15 %, DRAM 2 %, L2 2 %, occ 67 %",concat,11.8,0.0,3.37,0.0,2.28,67.18,1.33,react_tool
llm_vl,react_moa_mcts,mir_operator:prefill_layer*,False,1.21,profiled,"latency/launch-bound: 0.25 waves per SM, no unit above 30 % of peak",elementwise_other,2.31,0.0,37.62,0.0,14.85,21.59,0.27,react_tool
llm_vl,react_moa_mcts,mir_operator:prefill_layer*,False,1.21,profiled,"latency/launch-bound: 0.75 waves per SM, no unit above 30 % of peak",attention,15.67,8.33,29.0,0.0,19.45,25.01,0.77,react_tool
llm_vl,react_moa_mcts,mir_operator:prefill_layer*,False,1.21,profiled,"latency/launch-bound: 0.50 waves per SM, no unit above 30 % of peak",copy,7.17,0.0,34.6,0.0,20.03,32.97,0.4,react_tool
llm_vl,react_moa_mcts,mir_operator:prefill_layer*,False,1.21,profiled,"underutilised: SM 1 %, DRAM 46 %, L2 21 %, occ 18 %",elementwise_unary,0.66,0.0,22.58,0.0,10.87,13.22,0.12,react_tool
llm_vl,react_moa_mcts,mir_operator:prefill_layer*,False,1.21,profiled,"latency/launch-bound: 0.03 waves per SM, no unit above 30 % of peak",reduce,4.23,0.0,26.23,0.0,10.34,32.87,0.14,react_tool
llm_vl,react_moa_mcts,mir_operator:prefill_layer*,False,1.21,profiled,"latency/launch-bound: 0.00 waves per SM, no unit above 30 % of peak",elementwise_binary,11.09,0.0,24.12,0.0,15.49,43.41,0.5,react_tool
llm_vl,react_moa_mcts,mir_operator:prefill_layer*,False,1.21,profiled,tensor-core compute-bound,gemm,35.85,39.27,51.55,0.0,70.0,8.33,1.0,react_tool
llm_vl,react_moa_mcts,mir_operator:prefill_layer*,False,1.21,profiled,"underutilised: SM 15 %, DRAM 2 %, L2 2 %, occ 67 %",concat,11.64,0.0,3.33,0.0,2.32,67.3,1.33,react_tool
llm_vl,react_moa_mcts,mir_operator:prefill_layer*,False,1.21,profiled,"latency/launch-bound: 0.25 waves per SM, no unit above 30 % of peak",elementwise_other,2.31,0.0,41.25,0.0,16.29,21.73,0.27,react_tool
llm_vl,react_moa_mcts,mir_operator:prefill_layer*,False,1.21,profiled,"latency/launch-bound: 0.75 waves per SM, no unit above 30 % of peak",attention,15.68,8.3,28.15,0.0,18.83,25.08,0.77,react_tool
llm_vl,react_moa_mcts,mir_operator:prefill_layer*,False,1.21,profiled,"latency/launch-bound: 0.50 waves per SM, no unit above 30 % of peak",copy,6.97,0.0,26.08,0.0,20.07,32.67,0.4,react_tool
llm_vl,react_moa_mcts,mir_operator:prefill_layer*,False,1.21,profiled,"underutilised: SM 1 %, DRAM 46 %, L2 21 %, occ 18 %",elementwise_unary,0.65,0.0,22.43,0.0,10.78,13.09,0.12,react_tool
llm_vl,react_moa_mcts,mir_operator:prefill_layer*,False,1.21,profiled,"latency/launch-bound: 0.03 waves per SM, no unit above 30 % of peak",reduce,4.16,0.0,25.69,0.0,10.08,32.8,0.14,react_tool
llm_vl,react_moa_mcts,mir_operator:prefill_layer*,False,1.21,profiled,"latency/launch-bound: 0.00 waves per SM, no unit above 30 % of peak",elementwise_binary,10.36,0.0,24.9,0.0,15.61,43.34,0.5,react_tool
llm_vl,react_moa_mcts,mir_operator:prefill_layer*,False,1.21,profiled,tensor-core compute-bound,gemm,35.23,39.13,51.78,0.0,69.52,8.33,1.0,react_tool
llm_vl,react_moa_mcts,mir_operator:prefill_layer*,False,1.21,profiled,"underutilised: SM 15 %, DRAM 2 %, L2 2 %, occ 68 %",concat,11.73,0.0,3.39,0.0,2.36,67.16,1.33,react_tool
llm_vl,react_moa_mcts,mir_operator:prefill_layer*,False,1.21,profiled,"latency/launch-bound: 0.25 waves per SM, no unit above 30 % of peak",elementwise_other,2.33,0.0,41.66,0.0,16.45,21.52,0.27,react_tool
llm_vl,react_moa_mcts,mir_operator:prefill_layer*,False,1.21,profiled,"latency/launch-bound: 0.75 waves per SM, no unit above 30 % of peak",attention,15.64,8.4,28.47,0.0,18.48,25.05,0.77,react_tool
llm_vl,react_moa_mcts,mir_operator:prefill_layer*,False,1.21,profiled,"latency/launch-bound: 0.50 waves per SM, no unit above 30 % of peak",copy,7.19,0.0,34.93,0.0,20.65,32.15,0.4,react_tool
llm_vl,react_moa_mcts,mir_operator:prefill_layer*,False,1.21,profiled,"underutilised: SM 1 %, DRAM 47 %, L2 22 %, occ 18 %",elementwise_unary,0.67,0.0,22.08,0.0,10.65,12.99,0.12,react_tool
llm_vl,react_moa_mcts,mir_operator:prefill_layer*,False,1.21,profiled,"latency/launch-bound: 0.03 waves per SM, no unit above 30 % of peak",reduce,4.38,0.0,27.16,0.0,10.21,32.86,0.14,react_tool
llm_vl,react_moa_mcts,mir_operator:prefill_layer*,False,1.21,profiled,"latency/launch-bound: 0.00 waves per SM, no unit above 30 % of peak",elementwise_binary,10.89,0.0,24.54,0.0,15.84,43.47,0.5,react_tool
llm_vl,react_moa_mcts,mir_operator:prefill_layer*,False,1.21,profiled,tensor-core compute-bound,gemm,35.23,39.16,51.78,0.0,69.01,8.33,1.0,react_tool
llm_vl,react_moa_mcts,mir_operator:prefill_layer*,False,1.21,profiled,"underutilised: SM 15 %, DRAM 2 %, L2 2 %, occ 68 %",concat,11.73,0.0,3.36,0.0,2.33,67.13,1.33,react_tool
llm_vl,react_moa_mcts,mir_operator:prefill_layer*,False,1.21,profiled,"latency/launch-bound: 0.25 waves per SM, no unit above 30 % of peak",elementwise_other,2.32,0.0,40.27,0.0,15.88,21.82,0.27,react_tool
llm_vl,react_moa_mcts,mir_operator:prefill_layer*,False,1.21,profiled,"latency/launch-bound: 0.75 waves per SM, no unit above 30 % of peak",attention,15.68,8.28,28.44,0.0,18.57,25.21,0.77,react_tool
llm_vl,react_moa_mcts,mir_operator:prefill_layer*,False,1.21,profiled,"latency/launch-bound: 0.50 waves per SM, no unit above 30 % of peak",copy,7.03,0.0,34.77,0.0,20.81,32.3,0.4,react_tool
llm_vl,react_moa_mcts,mir_operator:prefill_layer*,False,1.21,profiled,"underutilised: SM 1 %, DRAM 44 %, L2 20 %, occ 18 %",elementwise_unary,0.67,0.0,22.17,0.0,10.69,13.04,0.12,react_tool
llm_vl,react_moa_mcts,mir_operator:prefill_layer*,False,1.21,profiled,"latency/launch-bound: 0.03 waves per SM, no unit above 30 % of peak",reduce,4.26,0.0,26.08,0.0,10.22,32.68,0.14,react_tool
llm_vl,react_moa_mcts,mir_operator:prefill_layer*,False,1.21,profiled,"latency/launch-bound: 0.00 waves per SM, no unit above 30 % of peak",elementwise_binary,10.67,0.0,23.47,0.0,15.11,43.77,0.5,react_tool
llm_vl,react_moa_mcts,mir_operator:prefill_layer*,False,1.21,profiled,tensor-core compute-bound,gemm,35.42,39.29,52.16,0.0,69.02,8.33,1.0,react_tool
llm_vl,react_moa_mcts,mir_operator:prefill_layer*,False,1.21,profiled,"underutilised: SM 15 %, DRAM 2 %, L2 2 %, occ 68 %",concat,11.92,0.0,3.45,0.0,2.28,66.73,1.33,react_tool
llm_vl,react_moa_mcts,mir_operator:prefill_layer*,False,1.21,profiled,"latency/launch-bound: 0.25 waves per SM, no unit above 30 % of peak",elementwise_other,2.22,0.0,40.93,0.0,16.1,21.17,0.27,react_tool
llm_vl,react_moa_mcts,mir_operator:prefill_layer*,False,1.21,profiled,"latency/launch-bound: 0.75 waves per SM, no unit above 30 % of peak",attention,15.62,8.33,28.48,0.0,18.49,25.16,0.77,react_tool
llm_vl,react_moa_mcts,mir_operator:prefill_layer*,False,1.21,profiled,"latency/launch-bound: 0.50 waves per SM, no unit above 30 % of peak",copy,7.17,0.0,34.99,0.0,20.3,32.83,0.4,react_tool
llm_vl,react_moa_mcts,mir_operator:prefill_layer*,False,1.21,profiled,"underutilised: SM 1 %, DRAM 44 %, L2 21 %, occ 18 %",elementwise_unary,0.66,0.0,22.43,0.0,10.81,13.18,0.12,react_tool
llm_vl,react_moa_mcts,mir_operator:prefill_layer*,False,1.21,profiled,"latency/launch-bound: 0.03 waves per SM, no unit above 30 % of peak",reduce,4.14,0.0,26.09,0.0,10.27,32.96,0.14,react_tool
llm_vl,react_moa_mcts,mir_operator:prefill_layer*,False,1.21,profiled,"latency/launch-bound: 0.00 waves per SM, no unit above 30 % of peak",elementwise_binary,10.65,0.0,24.6,0.0,15.48,43.7,0.5,react_tool
llm_vl,react_moa_mcts,mir_operator:prefill_layer*,False,1.21,profiled,tensor-core compute-bound,gemm,35.46,39.1,51.9,0.0,69.38,8.33,1.0,react_tool
llm_vl,react_moa_mcts,mir_operator:prefill_layer*,False,1.21,profiled,"underutilised: SM 14 %, DRAM 2 %, L2 2 %, occ 67 %",concat,11.75,0.0,3.35,0.0,2.33,67.08,1.33,react_tool
llm_vl,react_moa_mcts,mir_operator:prefill_layer*,False,1.21,profiled,"latency/launch-bound: 0.25 waves per SM, no unit above 30 % of peak",elementwise_other,2.29,0.0,41.65,0.0,16.45,21.4,0.27,react_tool
llm_vl,react_moa_mcts,mir_operator:prefill_layer*,False,1.21,profiled,"latency/launch-bound: 0.75 waves per SM, no unit above 30 % of peak",attention,15.77,8.23,28.12,0.0,18.58,24.99,0.77,react_tool
llm_vl,react_moa_mcts,mir_operator:prefill_layer*,False,1.21,profiled,"latency/launch-bound: 0.50 waves per SM, no unit above 30 % of peak",copy,7.18,0.0,33.89,0.0,20.06,32.16,0.4,react_tool
llm_vl,react_moa_mcts,mir_operator:prefill_layer*,False,1.21,profiled,"underutilised: SM 1 %, DRAM 45 %, L2 21 %, occ 18 %",elementwise_unary,0.65,0.0,22.58,0.0,10.83,13.23,0.12,react_tool
llm_vl,react_moa_mcts,mir_operator:prefill_layer*,False,1.21,profiled,"latency/launch-bound: 0.03 waves per SM, no unit above 30 % of peak",reduce,4.16,0.0,25.8,0.0,10.16,32.71,0.14,react_tool
llm_vl,react_moa_mcts,mir_operator:prefill_layer*,False,1.21,profiled,"latency/launch-bound: 0.00 waves per SM, no unit above 30 % of peak",elementwise_binary,10.43,0.0,24.31,0.0,15.15,43.64,0.5,react_tool
llm_vl,react_moa_mcts,mir_operator:prefill_layer*,False,1.21,profiled,tensor-core compute-bound,gemm,35.22,39.28,52.13,0.0,69.21,8.33,1.0,react_tool
llm_vl,react_moa_mcts,mir_operator:prefill_layer*,False,1.21,profiled,"underutilised: SM 14 %, DRAM 2 %, L2 2 %, occ 68 %",concat,11.55,0.0,3.38,0.0,2.28,66.97,1.33,react_tool
llm_vl,react_moa_mcts,mir_operator:prefill_layer*,False,1.21,profiled,"latency/launch-bound: 0.25 waves per SM, no unit above 30 % of peak",elementwise_other,2.19,0.0,40.72,0.0,16.15,21.43,0.27,react_tool
llm_vl,react_moa_mcts,mir_operator:prefill_layer*,False,1.21,profiled,"latency/launch-bound: 0.75 waves per SM, no unit above 30 % of peak",attention,15.34,8.25,28.43,0.0,18.88,25.04,0.77,react_tool
llm_vl,react_moa_mcts,mir_operator:prefill_layer*,False,1.21,profiled,"latency/launch-bound: 0.50 waves per SM, no unit above 30 % of peak",copy,7.21,0.0,34.98,0.0,20.39,32.82,0.4,react_tool
llm_vl,react_moa_mcts,mir_operator:prefill_layer*,False,1.21,profiled,"underutilised: SM 1 %, DRAM 46 %, L2 22 %, occ 18 %",elementwise_unary,0.65,0.0,23.24,0.0,11.51,13.08,0.12,react_tool
llm_vl,react_moa_mcts,mir_operator:prefill_layer*,False,1.21,profiled,"latency/launch-bound: 0.03 waves per SM, no unit above 30 % of peak",reduce,4.24,0.0,26.45,0.0,10.38,32.77,0.14,react_tool
llm_vl,react_moa_mcts,mir_operator:prefill_layer*,False,1.21,profiled,"latency/launch-bound: 0.00 waves per SM, no unit above 30 % of peak",elementwise_binary,10.6,0.0,24.34,0.0,15.19,43.63,0.5,react_tool
llm_vl,react_moa_mcts,mir_operator:prefill_layer*,False,1.21,profiled,tensor-core compute-bound,gemm,35.47,38.76,52.09,0.0,69.02,8.33,1.0,react_tool
llm_vl,react_moa_mcts,mir_operator:prefill_layer*,False,1.21,profiled,"underutilised: SM 14 %, DRAM 2 %, L2 2 %, occ 67 %",concat,11.76,0.0,3.35,0.0,2.28,66.68,1.33,react_tool
llm_vl,react_moa_mcts,mir_operator:prefill_layer*,False,1.21,profiled,"latency/launch-bound: 0.25 waves per SM, no unit above 30 % of peak",elementwise_other,2.29,0.0,40.62,0.0,16.09,21.81,0.27,react_tool
llm_vl,react_moa_mcts,mir_operator:prefill_layer*,False,1.21,profiled,"latency/launch-bound: 0.75 waves per SM, no unit above 30 % of peak",attention,15.76,8.38,28.73,0.0,20.62,25.02,0.77,react_tool
llm_vl,react_moa_mcts,mir_operator:prefill_layer*,False,1.21,profiled,"latency/launch-bound: 0.50 waves per SM, no unit above 30 % of peak",copy,6.77,0.0,34.6,0.0,20.88,32.89,0.4,react_tool
llm_vl,react_moa_mcts,mir_operator:prefill_layer*,False,1.21,profiled,"underutilised: SM 1 %, DRAM 46 %, L2 21 %, occ 18 %",elementwise_unary,0.66,0.0,21.78,0.0,10.54,13.12,0.12,react_tool
llm_vl,react_moa_mcts,mir_operator:prefill_layer*,False,1.21,profiled,"latency/launch-bound: 0.03 waves per SM, no unit above 30 % of peak",reduce,4.21,0.0,26.17,0.0,10.28,32.6,0.14,react_tool
llm_vl,react_moa_mcts,mir_operator:prefill_layer*,False,1.21,profiled,"latency/launch-bound: 0.00 waves per SM, no unit above 30 % of peak",elementwise_binary,10.53,0.0,24.26,0.0,15.26,44.06,0.5,react_tool
llm_vl,react_moa_mcts,mir_operator:prefill_layer*,False,1.21,profiled,tensor-core compute-bound,gemm,35.27,39.19,52.09,0.0,69.11,8.33,1.0,react_tool
llm_vl,react_moa_mcts,mir_operator:prefill_layer*,False,1.21,profiled,"underutilised: SM 14 %, DRAM 2 %, L2 2 %, occ 68 %",concat,11.72,0.0,3.44,0.0,2.31,67.21,1.33,react_tool
llm_vl,react_moa_mcts,mir_operator:prefill_layer*,False,1.21,profiled,"latency/launch-bound: 0.25 waves per SM, no unit above 30 % of peak",elementwise_other,2.29,0.0,41.17,0.0,16.21,21.39,0.27,react_tool
llm_vl,react_moa_mcts,mir_operator:prefill_layer*,False,1.21,profiled,"latency/launch-bound: 0.75 waves per SM, no unit above 30 % of peak",attention,15.62,8.3,28.95,0.0,18.8,25.12,0.77,react_tool
llm_vl,react_moa_mcts,mir_operator:prefill_layer*,False,1.21,profiled,"latency/launch-bound: 0.50 waves per SM, no unit above 30 % of peak",copy,7.2,0.0,35.89,0.0,20.27,32.57,0.4,react_tool
llm_vl,react_moa_mcts,mir_operator:prefill_layer*,False,1.21,profiled,"underutilised: SM 1 %, DRAM 44 %, L2 20 %, occ 18 %",elementwise_unary,0.66,0.0,22.18,0.0,10.7,13.03,0.12,react_tool
llm_vl,react_moa_mcts,mir_operator:prefill_layer*,False,1.21,profiled,"latency/launch-bound: 0.03 waves per SM, no unit above 30 % of peak",reduce,4.26,0.0,25.9,0.0,10.18,33.0,0.14,react_tool
llm_vl,react_moa_mcts,mir_operator:prefill_layer*,False,1.21,profiled,"latency/launch-bound: 0.00 waves per SM, no unit above 30 % of peak",elementwise_binary,10.33,0.0,25.04,0.0,15.67,43.25,0.5,react_tool
llm_vl,react_moa_mcts,mir_operator:prefill_layer*,False,1.21,profiled,tensor-core compute-bound,gemm,35.33,38.93,51.77,0.0,69.05,8.33,1.0,react_tool
llm_vl,react_moa_mcts,mir_operator:prefill_layer*,False,1.21,profiled,"underutilised: SM 14 %, DRAM 2 %, L2 2 %, occ 67 %",concat,11.76,0.0,3.29,0.0,2.27,67.54,1.33,react_tool
llm_vl,react_moa_mcts,mir_operator:prefill_layer*,False,1.21,profiled,"latency/launch-bound: 0.25 waves per SM, no unit above 30 % of peak",elementwise_other,2.2,0.0,41.78,0.0,15.94,21.75,0.27,react_tool
llm_vl,react_moa_mcts,mir_operator:prefill_layer*,False,1.21,profiled,"latency/launch-bound: 0.75 waves per SM, no unit above 30 % of peak",attention,15.57,8.27,28.35,0.0,18.79,25.19,0.77,react_tool
llm_vl,react_moa_mcts,mir_operator:prefill_layer*,False,1.21,profiled,"latency/launch-bound: 0.50 waves per SM, no unit above 30 % of peak",copy,6.72,0.0,35.14,0.0,20.76,23.16,0.4,react_tool
llm_vl,react_moa_mcts,mir_operator:prefill_layer*,False,1.21,profiled,"underutilised: SM 1 %, DRAM 44 %, L2 21 %, occ 18 %",elementwise_unary,0.67,0.0,22.33,0.0,10.75,13.14,0.12,react_tool
llm_vl,react_moa_mcts,mir_operator:prefill_layer*,False,1.21,profiled,"latency/launch-bound: 0.03 waves per SM, no unit above 30 % of peak",reduce,4.23,0.0,26.24,0.0,10.3,33.12,0.14,react_tool
llm_vl,react_moa_mcts,mir_operator:prefill_layer*,False,1.21,profiled,"latency/launch-bound: 0.00 waves per SM, no unit above 30 % of peak",elementwise_binary,10.75,0.0,24.28,0.0,15.35,43.91,0.5,react_tool
llm_vl,react_moa_mcts,mir_operator:prefill_layer*,False,1.21,profiled,tensor-core compute-bound,gemm,35.49,39.34,51.94,0.0,69.94,8.33,1.0,react_tool
llm_vl,react_moa_mcts,mir_operator:prefill_layer*,False,1.21,profiled,"underutilised: SM 15 %, DRAM 2 %, L2 2 %, occ 68 %",concat,11.68,0.0,3.34,0.0,2.29,67.15,1.33,react_tool
llm_vl,react_moa_mcts,mir_operator:prefill_layer*,False,1.21,profiled,"latency/launch-bound: 0.25 waves per SM, no unit above 30 % of peak",elementwise_other,2.27,0.0,40.41,0.0,15.96,21.61,0.27,react_tool
llm_vl,react_moa_mcts,mir_operator:prefill_layer*,False,1.21,profiled,"latency/launch-bound: 0.75 waves per SM, no unit above 30 % of peak",attention,15.51,8.24,28.85,0.0,18.72,24.98,0.77,react_tool
llm_vl,react_moa_mcts,mir_operator:prefill_layer*,False,1.21,profiled,"latency/launch-bound: 0.50 waves per SM, no unit above 30 % of peak",copy,6.57,0.0,35.07,0.0,20.45,32.79,0.4,react_tool
llm_vl,react_moa_mcts,mir_operator:prefill_layer*,False,1.21,profiled,"underutilised: SM 1 %, DRAM 43 %, L2 20 %, occ 18 %",elementwise_unary,0.64,0.0,21.73,0.0,10.7,13.18,0.12,react_tool
llm_vl,react_moa_mcts,mir_operator:prefill_layer*,False,1.21,profiled,"latency/launch-bound: 0.03 waves per SM, no unit above 30 % of peak",reduce,4.24,0.0,26.13,0.0,10.27,32.79,0.14,react_tool
llm_vl,react_moa_mcts,mir_operator:prefill_layer*,False,1.21,profiled,"latency/launch-bound: 0.00 waves per SM, no unit above 30 % of peak",elementwise_binary,10.48,0.0,24.18,0.0,15.73,42.96,0.5,react_tool
llm_vl,react_moa_mcts,mir_operator:prefill_layer*,False,1.21,profiled,tensor-core compute-bound,gemm,35.57,39.25,52.07,0.0,69.42,8.33,1.0,react_tool
llm_vl,react_moa_mcts,mir_operator:prefill_layer*,False,1.21,profiled,"underutilised: SM 14 %, DRAM 2 %, L2 2 %, occ 67 %",concat,11.76,0.0,3.15,0.0,2.26,66.97,1.33,react_tool
llm_vl,react_moa_mcts,mir_operator:prefill_layer*,False,1.21,profiled,"latency/launch-bound: 0.25 waves per SM, no unit above 30 % of peak",elementwise_other,2.31,0.0,40.91,0.0,16.13,21.88,0.27,react_tool
llm_vl,react_moa_mcts,mir_operator:prefill_layer*,False,1.21,profiled,"latency/launch-bound: 0.75 waves per SM, no unit above 30 % of peak",attention,15.68,8.21,28.51,0.0,18.62,25.15,0.77,react_tool
llm_vl,react_moa_mcts,mir_operator:prefill_layer*,False,1.21,profiled,"latency/launch-bound: 0.50 waves per SM, no unit above 30 % of peak",copy,7.16,0.0,34.72,0.0,20.25,32.58,0.4,react_tool
llm_vl,react_moa_mcts,mir_operator:prefill_layer*,False,1.21,profiled,"underutilised: SM 1 %, DRAM 44 %, L2 20 %, occ 18 %",elementwise_unary,0.66,0.0,22.18,0.0,10.83,12.93,0.12,react_tool
llm_vl,react_moa_mcts,mir_operator:prefill_layer*,False,1.21,profiled,"latency/launch-bound: 0.03 waves per SM, no unit above 30 % of peak",reduce,4.2,0.0,26.37,0.0,10.35,33.18,0.14,react_tool
llm_vl,react_moa_mcts,mir_operator:prefill_layer*,False,1.21,profiled,"latency/launch-bound: 0.00 waves per SM, no unit above 30 % of peak",elementwise_binary,10.72,0.0,24.43,0.0,15.47,43.83,0.5,react_tool
llm_vl,react_moa_mcts,mir_operator:prefill_layer*,False,1.21,profiled,tensor-core compute-bound,gemm,35.45,39.31,51.85,0.0,69.83,8.33,1.0,react_tool
llm_vl,react_moa_mcts,mir_operator:prefill_layer*,False,1.21,profiled,"underutilised: SM 14 %, DRAM 2 %, L2 2 %, occ 68 %",concat,11.69,0.0,3.35,0.0,2.29,67.16,1.33,react_tool
llm_vl,react_moa_mcts,mir_operator:prefill_layer*,False,1.21,profiled,"latency/launch-bound: 0.25 waves per SM, no unit above 30 % of peak",elementwise_other,2.31,0.0,41.81,0.0,16.5,21.75,0.27,react_tool
llm_vl,react_moa_mcts,mir_operator:prefill_layer*,False,1.21,profiled,"latency/launch-bound: 0.75 waves per SM, no unit above 30 % of peak",attention,15.78,8.24,28.67,0.0,18.68,25.26,0.77,react_tool
llm_vl,react_moa_mcts,mir_operator:prefill_layer*,False,1.21,profiled,"latency/launch-bound: 0.50 waves per SM, no unit above 30 % of peak",copy,6.83,0.0,35.32,0.0,20.21,32.58,0.4,react_tool
llm_vl,react_moa_mcts,mir_operator:prefill_layer*,False,1.21,profiled,"underutilised: SM 1 %, DRAM 47 %, L2 22 %, occ 18 %",elementwise_unary,0.69,0.0,22.48,0.0,10.78,13.23,0.12,react_tool
llm_vl,react_moa_mcts,mir_operator:prefill_layer*,False,1.21,profiled,"latency/launch-bound: 0.03 waves per SM, no unit above 30 % of peak",reduce,4.35,0.0,26.14,0.0,10.3,33.14,0.14,react_tool
llm_vl,react_moa_mcts,mir_operator:prefill_layer*,False,1.21,profiled,"latency/launch-bound: 0.00 waves per SM, no unit above 30 % of peak",elementwise_binary,10.67,0.0,24.21,0.0,15.51,43.19,0.5,react_tool
llm_vl,react_moa_mcts,mir_operator:prefill_layer*,False,1.21,profiled,tensor-core compute-bound,gemm,31.84,39.11,52.1,0.0,69.42,8.33,1.0,react_tool
llm_vl,react_moa_mcts,mir_operator:prefill_layer*,False,1.21,profiled,"underutilised: SM 15 %, DRAM 5 %, L2 2 %, occ 67 %",concat,11.8,0.0,3.43,0.0,2.3,66.99,1.33,react_tool
llm_vl,react_moa_mcts,mir_operator:prefill_layer*,False,1.21,profiled,"latency/launch-bound: 0.25 waves per SM, no unit above 30 % of peak",elementwise_other,2.23,0.0,40.54,0.0,16.11,21.65,0.27,react_tool
llm_vl,react_moa_mcts,mir_operator:prefill_layer*,False,1.21,profiled,"latency/launch-bound: 0.75 waves per SM, no unit above 30 % of peak",attention,15.59,8.35,16.93,0.0,18.21,25.03,0.77,react_tool
llm_vl,react_moa_mcts,mir_operator:prefill_layer*,False,1.21,profiled,"latency/launch-bound: 0.50 waves per SM, no unit above 30 % of peak",copy,7.11,0.0,35.21,0.0,19.53,32.61,0.4,react_tool
llm_vl,react_moa_mcts,mir_operator:prefill_layer*,False,1.21,profiled,"underutilised: SM 1 %, DRAM 44 %, L2 21 %, occ 18 %",elementwise_unary,0.68,0.0,22.38,0.0,11.05,13.25,0.12,react_tool
llm_vl,react_moa_mcts,mir_operator:prefill_layer*,False,1.21,profiled,"latency/launch-bound: 0.03 waves per SM, no unit above 30 % of peak",reduce,4.31,0.0,25.56,0.0,10.06,33.03,0.14,react_tool
llm_vl,react_moa_mcts,mir_operator:prefill_layer*,False,1.21,profiled,"latency/launch-bound: 0.00 waves per SM, no unit above 30 % of peak",elementwise_binary,10.69,0.0,24.95,0.0,15.35,43.59,0.5,react_tool
llm_vl,react_moa_mcts,mir_operator:prefill_layer*,False,1.21,profiled,tensor-core compute-bound,gemm,35.45,39.27,52.13,0.0,69.69,8.33,1.0,react_tool
llm_vl,react_moa_mcts,mir_operator:prefill_layer*,False,1.21,profiled,"underutilised: SM 14 %, DRAM 2 %, L2 2 %, occ 66 %",concat,11.74,0.0,3.35,0.0,2.3,66.61,1.33,react_tool
llm_vl,react_moa_mcts,mir_operator:prefill_layer*,False,1.21,profiled,"latency/launch-bound: 0.25 waves per SM, no unit above 30 % of peak",elementwise_other,2.31,0.0,41.13,0.0,16.31,21.56,0.27,react_tool
llm_vl,react_moa_mcts,mir_operator:prefill_layer*,False,1.21,profiled,"latency/launch-bound: 0.75 waves per SM, no unit above 30 % of peak",attention,15.63,8.36,29.53,0.0,18.92,25.19,0.77,react_tool
llm_vl,react_moa_mcts,mir_operator:prefill_layer*,False,1.21,profiled,"latency/launch-bound: 0.50 waves per SM, no unit above 30 % of peak",copy,6.98,0.0,34.69,0.0,20.85,32.17,0.4,react_tool
llm_vl,react_moa_mcts,mir_operator:prefill_layer*,False,1.21,profiled,"underutilised: SM 1 %, DRAM 44 %, L2 20 %, occ 18 %",elementwise_unary,0.65,0.0,23.49,0.0,10.86,13.08,0.12,react_tool
llm_vl,react_moa_mcts,mir_operator:prefill_layer*,False,1.21,profiled,"latency/launch-bound: 0.03 waves per SM, no unit above 30 % of peak",reduce,4.2,0.0,25.95,0.0,10.6,32.94,0.14,react_tool
llm_vl,react_moa_mcts,mir_operator:prefill_layer*,False,1.21,profiled,"latency/launch-bound: 0.00 waves per SM, no unit above 30 % of peak",elementwise_binary,10.53,0.0,24.31,0.0,15.53,43.55,0.5,react_tool
llm_vl,react_moa_mcts,mir_operator:prefill_layer*,False,1.21,profiled,tensor-core compute-bound,gemm,35.25,39.27,51.88,0.0,69.36,8.33,1.0,react_tool
llm_vl,react_moa_mcts,mir_operator:prefill_layer*,False,1.21,profiled,"underutilised: SM 15 %, DRAM 2 %, L2 2 %, occ 68 %",concat,11.73,0.0,3.26,0.0,2.26,67.32,1.33,react_tool
llm_vl,react_moa_mcts,mir_operator:prefill_layer*,False,1.21,profiled,"latency/launch-bound: 0.25 waves per SM, no unit above 30 % of peak",elementwise_other,2.22,0.0,40.58,0.0,16.03,21.48,0.27,react_tool
llm_vl,react_moa_mcts,mir_operator:prefill_layer*,False,1.21,profiled,"latency/launch-bound: 0.75 waves per SM, no unit above 30 % of peak",attention,15.66,8.18,28.3,0.0,18.73,25.13,0.77,react_tool
llm_vl,react_moa_mcts,mir_operator:prefill_layer*,False,1.21,profiled,"latency/launch-bound: 0.50 waves per SM, no unit above 30 % of peak",copy,7.08,0.0,35.13,0.0,20.29,32.69,0.4,react_tool
llm_vl,react_moa_mcts,mir_operator:prefill_layer*,False,1.21,profiled,"underutilised: SM 1 %, DRAM 45 %, L2 21 %, occ 18 %",elementwise_unary,0.64,0.0,22.03,0.0,10.6,13.19,0.12,react_tool
llm_vl,react_moa_mcts,mir_operator:prefill_layer*,False,1.21,profiled,"latency/launch-bound: 0.03 waves per SM, no unit above 30 % of peak",reduce,4.19,0.0,26.19,0.0,10.27,32.62,0.14,react_tool
llm_vl,react_moa_mcts,mir_operator:prefill_layer*,False,1.21,profiled,"latency/launch-bound: 0.00 waves per SM, no unit above 30 % of peak",elementwise_binary,10.71,0.0,24.14,0.0,14.95,43.71,0.5,react_tool
llm_vl,react_moa_mcts,mir_operator:prefill_layer*,False,1.21,profiled,tensor-core compute-bound,gemm,35.56,39.29,52.02,0.0,69.86,8.33,1.0,react_tool
llm_vl,react_moa_mcts,mir_operator:prefill_layer*,False,1.21,profiled,"underutilised: SM 14 %, DRAM 2 %, L2 2 %, occ 67 %",concat,11.67,0.0,3.38,0.0,2.33,67.08,1.33,react_tool
llm_vl,react_moa_mcts,mir_operator:prefill_layer*,False,1.21,profiled,"latency/launch-bound: 0.25 waves per SM, no unit above 30 % of peak",elementwise_other,2.22,0.0,40.84,0.0,16.38,21.91,0.27,react_tool
llm_vl,react_moa_mcts,mir_operator:prefill_layer*,False,1.21,profiled,"latency/launch-bound: 0.75 waves per SM, no unit above 30 % of peak",attention,15.67,8.42,28.17,0.0,18.67,25.05,0.77,react_tool
llm_vl,react_moa_mcts,mir_operator:prefill_layer*,False,1.21,profiled,"latency/launch-bound: 0.50 waves per SM, no unit above 30 % of peak",copy,7.16,0.0,35.36,0.0,20.97,32.83,0.4,react_tool
llm_vl,react_moa_mcts,mir_operator:prefill_layer*,False,1.21,profiled,"underutilised: SM 1 %, DRAM 43 %, L2 20 %, occ 18 %",elementwise_unary,0.66,0.0,21.93,0.0,10.64,13.01,0.12,react_tool
llm_vl,react_moa_mcts,mir_operator:prefill_layer*,False,1.21,profiled,"latency/launch-bound: 0.03 waves per SM, no unit above 30 % of peak",reduce,4.09,0.0,26.26,0.0,10.22,32.89,0.14,react_tool
llm_vl,react_moa_mcts,mir_operator:prefill_layer*,False,1.21,profiled,"latency/launch-bound: 0.00 waves per SM, no unit above 30 % of peak",elementwise_binary,10.41,0.0,24.77,0.0,15.27,43.5,0.5,react_tool
llm_vl,react_moa_mcts,mir_operator:prefill_layer*,False,1.21,profiled,tensor-core compute-bound,gemm,35.55,39.03,52.44,0.0,69.47,8.33,1.0,react_tool
llm_vl,react_moa_mcts,mir_operator:prefill_layer*,False,1.21,profiled,"underutilised: SM 14 %, DRAM 2 %, L2 2 %, occ 67 %",concat,11.68,0.0,3.36,0.0,2.29,66.93,1.33,react_tool
llm_vl,react_moa_mcts,mir_operator:prefill_layer*,False,1.21,profiled,"latency/launch-bound: 0.25 waves per SM, no unit above 30 % of peak",elementwise_other,2.32,0.0,41.71,0.0,15.86,21.68,0.27,react_tool
llm_vl,react_moa_mcts,mir_operator:prefill_layer*,False,1.21,profiled,"latency/launch-bound: 0.75 waves per SM, no unit above 30 % of peak",attention,15.7,8.34,28.34,0.0,19.08,25.28,0.77,react_tool
llm_vl,react_moa_mcts,mir_operator:prefill_layer*,False,1.21,profiled,"latency/launch-bound: 0.50 waves per SM, no unit above 30 % of peak",copy,7.15,0.0,35.24,0.0,20.1,32.08,0.4,react_tool
llm_vl,react_moa_mcts,mir_operator:prefill_layer*,False,1.21,profiled,"underutilised: SM 1 %, DRAM 44 %, L2 21 %, occ 18 %",elementwise_unary,0.66,0.0,22.22,0.0,10.7,13.1,0.12,react_tool
llm_vl,react_moa_mcts,mir_operator:prefill_layer*,False,1.21,profiled,"latency/launch-bound: 0.03 waves per SM, no unit above 30 % of peak",reduce,4.2,0.0,25.85,0.0,10.16,32.72,0.14,react_tool
llm_vl,react_moa_mcts,mir_operator:prefill_layer*,False,1.21,profiled,"latency/launch-bound: 0.00 waves per SM, no unit above 30 % of peak",elementwise_binary,10.78,0.0,25.16,0.0,15.59,43.68,0.5,react_tool
llm_vl,react_moa_mcts,mir_operator:prefill_layer*,False,1.21,profiled,tensor-core compute-bound,gemm,32.23,39.09,52.13,0.0,69.65,8.33,1.0,react_tool
llm_vl,react_moa_mcts,mir_operator:prefill_layer*,False,1.21,profiled,"underutilised: SM 15 %, DRAM 2 %, L2 10 %, occ 68 %",concat,11.65,0.0,3.37,0.0,2.37,66.96,1.33,react_tool
llm_vl,react_moa_mcts,mir_operator:prefill_layer*,False,1.21,profiled,"latency/launch-bound: 0.25 waves per SM, no unit above 30 % of peak",elementwise_other,2.29,0.0,31.0,0.0,11.89,21.5,0.27,react_tool
llm_vl,react_moa_mcts,mir_operator:prefill_layer*,False,1.21,profiled,"latency/launch-bound: 0.75 waves per SM, no unit above 30 % of peak",attention,15.68,8.25,28.12,0.0,18.63,25.19,0.77,react_tool
llm_vl,react_moa_mcts,mir_operator:prefill_layer*,False,1.21,profiled,"latency/launch-bound: 0.50 waves per SM, no unit above 30 % of peak",copy,7.18,0.0,35.11,0.0,20.35,32.88,0.4,react_tool
llm_vl,react_moa_mcts,mir_operator:prefill_layer*,False,1.21,profiled,"underutilised: SM 1 %, DRAM 44 %, L2 20 %, occ 18 %",elementwise_unary,0.66,0.0,22.28,0.0,10.69,13.1,0.12,react_tool
llm_vl,react_moa_mcts,mir_operator:prefill_layer*,False,1.21,profiled,"latency/launch-bound: 0.03 waves per SM, no unit above 30 % of peak",reduce,4.15,0.0,26.09,0.0,10.26,32.88,0.14,react_tool
llm_vl,react_moa_mcts,mir_operator:prefill_layer*,False,1.21,profiled,"latency/launch-bound: 0.00 waves per SM, no unit above 30 % of peak",elementwise_binary,10.65,0.0,24.63,0.0,15.31,43.29,0.5,react_tool
llm_vl,react_moa_mcts,mir_operator:prefill_layer*,False,1.21,profiled,tensor-core compute-bound,gemm,35.48,39.02,52.56,0.0,68.57,8.33,1.0,react_tool
llm_vl,react_moa_mcts,mir_operator:prefill_layer*,False,1.21,profiled,"underutilised: SM 15 %, DRAM 2 %, L2 2 %, occ 67 %",concat,11.62,0.0,3.32,0.0,2.28,67.04,1.33,react_tool
llm_vl,react_moa_mcts,mir_operator:prefill_layer*,False,1.21,profiled,"latency/launch-bound: 0.25 waves per SM, no unit above 30 % of peak",elementwise_other,2.25,0.0,42.26,0.0,16.64,21.47,0.27,react_tool
llm_vl,react_moa_mcts,mir_operator:prefill_layer*,False,1.21,profiled,"latency/launch-bound: 0.75 waves per SM, no unit above 30 % of peak",attention,15.64,8.23,28.02,0.0,19.02,25.13,0.77,react_tool
llm_vl,react_moa_mcts,mir_operator:prefill_layer*,False,1.21,profiled,"latency/launch-bound: 0.50 waves per SM, no unit above 30 % of peak",copy,6.83,0.0,34.52,0.0,20.2,32.49,0.4,react_tool
llm_vl,react_moa_mcts,mir_operator:prefill_layer*,False,1.21,profiled,"underutilised: SM 1 %, DRAM 44 %, L2 20 %, occ 18 %",elementwise_unary,0.66,0.0,22.08,0.0,10.68,13.01,0.12,react_tool
llm_vl,react_moa_mcts,mir_operator:prefill_layer*,False,1.21,profiled,"latency/launch-bound: 0.03 waves per SM, no unit above 30 % of peak",reduce,4.16,0.0,26.74,0.0,10.53,32.72,0.14,react_tool
llm_vl,react_moa_mcts,mir_operator:prefill_layer*,False,1.21,profiled,"latency/launch-bound: 0.00 waves per SM, no unit above 30 % of peak",elementwise_binary,10.71,0.0,23.87,0.0,15.45,43.78,0.5,react_tool
llm_vl,react_moa_mcts,mir_operator:prefill_layer*,False,1.21,profiled,tensor-core compute-bound,gemm,35.51,39.22,51.85,0.0,69.93,8.33,1.0,react_tool
llm_vl,react_moa_mcts,mir_operator:prefill_layer*,False,1.21,profiled,"underutilised: SM 14 %, DRAM 2 %, L2 2 %, occ 67 %",concat,11.67,0.0,3.36,0.0,2.29,67.18,1.33,react_tool
llm_vl,react_moa_mcts,mir_operator:prefill_layer*,False,1.21,profiled,"latency/launch-bound: 0.25 waves per SM, no unit above 30 % of peak",elementwise_other,2.3,0.0,41.16,0.0,16.33,21.48,0.27,react_tool
llm_vl,react_moa_mcts,mir_operator:prefill_layer*,False,1.21,profiled,"latency/launch-bound: 0.75 waves per SM, no unit above 30 % of peak",attention,15.72,8.38,27.19,0.0,18.64,25.26,0.77,react_tool
llm_vl,react_moa_mcts,mir_operator:prefill_layer*,False,1.21,profiled,"latency/launch-bound: 0.50 waves per SM, no unit above 30 % of peak",copy,7.14,0.0,35.1,0.0,20.44,32.82,0.4,react_tool
llm_vl,react_moa_mcts,mir_operator:prefill_layer*,False,1.21,profiled,"underutilised: SM 1 %, DRAM 44 %, L2 20 %, occ 18 %",elementwise_unary,0.66,0.0,22.13,0.0,10.67,13.15,0.12,react_tool
llm_vl,react_moa_mcts,mir_operator:prefill_layer*,False,1.21,profiled,"latency/launch-bound: 0.03 waves per SM, no unit above 30 % of peak",reduce,4.25,0.0,26.58,0.0,10.45,32.94,0.14,react_tool
llm_vl,react_moa_mcts,mir_operator:prefill_layer*,False,1.21,profiled,"latency/launch-bound: 0.00 waves per SM, no unit above 30 % of peak",elementwise_binary,10.72,0.0,23.94,0.0,15.72,43.61,0.5,react_tool
llm_vl,react_moa_mcts,mir_operator:prefill_layer*,False,1.21,profiled,tensor-core compute-bound,gemm,35.22,39.28,51.9,0.0,69.07,8.33,1.0,react_tool
llm_vl,react_moa_mcts,mir_operator:prefill_layer*,False,1.21,profiled,"underutilised: SM 14 %, DRAM 2 %, L2 2 %, occ 66 %",concat,11.53,0.0,3.29,0.0,2.29,66.89,1.33,react_tool
llm_vl,react_moa_mcts,mir_operator:prefill_layer*,False,1.21,profiled,"latency/launch-bound: 0.25 waves per SM, no unit above 30 % of peak",elementwise_other,2.23,0.0,40.77,0.0,15.69,21.84,0.27,react_tool
llm_vl,react_moa_mcts,mir_operator:prefill_layer*,False,1.21,profiled,"latency/launch-bound: 0.75 waves per SM, no unit above 30 % of peak",attention,15.62,8.17,28.26,0.0,18.56,25.15,0.77,react_tool
llm_vl,react_moa_mcts,mir_operator:prefill_layer*,False,1.21,profiled,"latency/launch-bound: 0.50 waves per SM, no unit above 30 % of peak",copy,7.2,0.0,34.56,0.0,20.44,32.08,0.4,react_tool
llm_vl,react_moa_mcts,mir_operator:prefill_layer*,False,1.21,profiled,"underutilised: SM 1 %, DRAM 46 %, L2 21 %, occ 18 %",elementwise_unary,0.66,0.0,21.88,0.0,10.5,13.08,0.12,react_tool
llm_vl,react_moa_mcts,mir_operator:prefill_layer*,False,1.21,profiled,"latency/launch-bound: 0.03 waves per SM, no unit above 30 % of peak",reduce,4.14,0.0,26.45,0.0,10.4,32.61,0.14,react_tool
llm_vl,react_moa_mcts,mir_operator:prefill_layer*,False,1.21,profiled,"latency/launch-bound: 0.00 waves per SM, no unit above 30 % of peak",elementwise_binary,10.96,0.0,24.06,0.0,15.66,43.65,0.5,react_tool
llm_vl,react_moa_mcts,mir_operator:prefill_layer*,False,1.21,profiled,tensor-core compute-bound,gemm,35.65,39.14,52.05,0.0,69.75,8.33,1.0,react_tool
llm_vl,react_moa_mcts,mir_operator:prefill_layer*,False,1.21,profiled,"underutilised: SM 14 %, DRAM 2 %, L2 2 %, occ 68 %",concat,11.69,0.0,3.28,0.0,2.26,67.19,1.33,react_tool
llm_vl,react_moa_mcts,mir_operator:prefill_layer*,False,1.21,profiled,"latency/launch-bound: 0.25 waves per SM, no unit above 30 % of peak",elementwise_other,2.29,0.0,41.12,0.0,16.28,21.56,0.27,react_tool
llm_vl,react_moa_mcts,mir_operator:prefill_layer*,False,1.21,profiled,"latency/launch-bound: 0.75 waves per SM, no unit above 30 % of peak",attention,15.74,8.39,28.53,0.0,18.59,25.32,0.77,react_tool
llm_vl,react_moa_mcts,mir_operator:prefill_layer*,False,1.21,profiled,"latency/launch-bound: 0.50 waves per SM, no unit above 30 % of peak",copy,6.79,0.0,34.95,0.0,20.8,32.68,0.4,react_tool
llm_vl,react_moa_mcts,mir_operator:prefill_layer*,False,1.21,profiled,"underutilised: SM 1 %, DRAM 38 %, L2 17 %, occ 19 %",elementwise_unary,0.66,0.0,19.37,0.0,8.96,13.06,0.12,react_tool
llm_vl,react_moa_mcts,mir_operator:prefill_layer*,False,1.21,profiled,"latency/launch-bound: 0.03 waves per SM, no unit above 30 % of peak",reduce,4.34,0.0,25.86,0.0,10.15,32.81,0.14,react_tool
llm_vl,react_moa_mcts,mir_operator:prefill_layer*,False,1.21,profiled,"latency/launch-bound: 0.00 waves per SM, no unit above 30 % of peak",elementwise_binary,10.05,0.0,24.27,0.0,15.42,43.72,0.5,react_tool
llm_vl,react_moa_mcts,mir_operator:prefill_layer*,False,1.21,profiled,tensor-core compute-bound,gemm,35.29,39.22,51.84,0.0,69.71,8.33,1.0,react_tool
llm_vl,react_moa_mcts,mir_operator:prefill_layer*,False,1.21,profiled,"underutilised: SM 15 %, DRAM 2 %, L2 2 %, occ 68 %",concat,11.77,0.0,3.33,0.0,2.26,67.1,1.33,react_tool
llm_vl,react_moa_mcts,mir_operator:prefill_layer*,False,1.21,profiled,"latency/launch-bound: 0.25 waves per SM, no unit above 30 % of peak",elementwise_other,2.26,0.0,42.32,0.0,16.06,21.79,0.27,react_tool
llm_vl,react_moa_mcts,mir_operator:prefill_layer*,False,1.21,profiled,"latency/launch-bound: 0.75 waves per SM, no unit above 30 % of peak",attention,15.86,8.22,28.49,0.0,18.66,25.09,0.77,react_tool
llm_vl,react_moa_mcts,mir_operator:prefill_layer*,False,1.21,profiled,"latency/launch-bound: 0.50 waves per SM, no unit above 30 % of peak",copy,6.99,0.0,34.45,0.0,19.84,32.47,0.4,react_tool
llm_vl,react_moa_mcts,mir_operator:prefill_layer*,False,1.21,profiled,"underutilised: SM 1 %, DRAM 45 %, L2 21 %, occ 18 %",elementwise_unary,0.67,0.0,22.02,0.0,10.67,13.06,0.12,react_tool
llm_vl,react_moa_mcts,mir_operator:prefill_layer*,False,1.21,profiled,"latency/launch-bound: 0.03 waves per SM, no unit above 30 % of peak",reduce,4.18,0.0,26.22,0.0,10.31,32.56,0.14,react_tool
llm_vl,react_moa_mcts,mir_operator:prefill_layer*,False,1.21,profiled,"latency/launch-bound: 0.00 waves per SM, no unit above 30 % of peak",elementwise_binary,7.18,0.0,24.15,0.0,15.74,43.62,0.5,react_tool
llm_vl,react_moa_mcts,mir_operator:prefill_layer*,False,1.21,profiled,tensor-core compute-bound,gemm,35.02,39.22,51.9,0.0,69.37,8.33,1.0,react_tool
llm_vl,react_moa_mcts,mir_operator:prefill_layer*,False,1.21,profiled,"underutilised: SM 14 %, DRAM 2 %, L2 2 %, occ 67 %",concat,11.78,0.0,3.36,0.0,2.25,67.07,1.33,react_tool
llm_vl,react_moa_mcts,mir_operator:prefill_layer*,False,1.21,profiled,"latency/launch-bound: 0.25 waves per SM, no unit above 30 % of peak",elementwise_other,2.27,0.0,42.28,0.0,16.78,21.4,0.27,react_tool
llm_vl,react_moa_mcts,mir_operator:prefill_layer*,False,1.21,profiled,"latency/launch-bound: 0.75 waves per SM, no unit above 30 % of peak",attention,15.7,8.28,28.94,0.0,18.5,25.18,0.77,react_tool
llm_vl,react_moa_mcts,mir_operator:prefill_layer*,False,1.21,profiled,"latency/launch-bound: 0.50 waves per SM, no unit above 30 % of peak",copy,7.05,0.0,35.25,0.0,20.77,32.78,0.4,react_tool
llm_vl,react_moa_mcts,mir_operator:prefill_layer*,False,1.21,profiled,"underutilised: SM 1 %, DRAM 44 %, L2 20 %, occ 18 %",elementwise_unary,0.67,0.0,21.98,0.0,10.57,13.1,0.12,react_tool
llm_vl,react_moa_mcts,mir_operator:prefill_layer*,False,1.21,profiled,"latency/launch-bound: 0.03 waves per SM, no unit above 30 % of peak",reduce,4.22,0.0,26.52,0.0,10.42,32.75,0.14,react_tool
llm_vl,react_moa_mcts,mir_operator:prefill_layer*,False,1.21,profiled,"latency/launch-bound: 0.00 waves per SM, no unit above 30 % of peak",elementwise_binary,10.26,0.0,24.74,0.0,15.41,43.34,0.5,react_tool
llm_vl,react_moa_mcts,mir_operator:prefill_layer*,False,1.21,profiled,tensor-core compute-bound,gemm,35.68,39.29,52.27,0.0,69.4,8.33,1.0,react_tool
llm_vl,react_moa_mcts,mir_operator:prefill_layer*,False,1.21,profiled,"underutilised: SM 15 %, DRAM 2 %, L2 2 %, occ 67 %",concat,11.63,0.0,3.28,0.0,2.27,67.19,1.33,react_tool
llm_vl,react_moa_mcts,mir_operator:prefill_layer*,False,1.21,profiled,"latency/launch-bound: 0.25 waves per SM, no unit above 30 % of peak",elementwise_other,2.24,0.0,39.8,0.0,15.75,21.79,0.27,react_tool
llm_vl,react_moa_mcts,mir_operator:prefill_layer*,False,1.21,profiled,"latency/launch-bound: 0.75 waves per SM, no unit above 30 % of peak",attention,15.86,8.3,28.25,0.0,19.03,25.0,0.77,react_tool
llm_vl,react_moa_mcts,mir_operator:prefill_head,False,0.01,profiled,"underutilised: SM 20 %, DRAM 34 %, L2 32 %, occ 63 %",copy,10.0,0.0,53.38,0.0,28.82,55.66,1.0,planner_debate
llm_vl,react_moa_mcts,mir_operator:prefill_head,False,0.01,profiled,DRAM-bandwidth-bound,elementwise_unary,0.93,0.0,31.0,0.0,14.76,23.22,0.29,planner_debate
llm_vl,react_moa_mcts,mir_operator:prefill_head,False,0.01,profiled,"underutilised: SM 2 %, DRAM 52 %, L2 21 %, occ 33 %",reduce,1.67,0.0,52.34,0.0,20.59,33.27,0.08,planner_debate
llm_vl,react_moa_mcts,mir_operator:prefill_head,False,0.01,profiled,"latency/launch-bound: 0.00 waves per SM, no unit above 30 % of peak",elementwise_binary,16.36,0.0,39.53,0.0,23.7,65.36,1.33,planner_debate
llm_vl,react_moa_mcts,mir_operator:prefill_head,False,0.01,profiled,tensor-core compute-bound,gemm,46.81,47.48,51.78,0.0,74.67,16.55,37.09,planner_debate
llm_vl,react_moa_mcts,mir_operator:prefill_head,False,0.01,profiled,"underutilised: SM 18 %, DRAM 33 %, L2 32 %, occ 68 %",copy,10.0,0.0,45.28,0.0,28.01,50.24,0.67,planner_debate
llm_vl,react_moa_mcts,mir_operator:prefill_head,False,0.01,profiled,"underutilised: SM 2 %, DRAM 56 %, L2 26 %, occ 28 %",elementwise_unary,0.84,0.0,28.37,0.0,13.38,17.96,0.21,planner_debate
llm_vl,react_moa_mcts,mir_operator:prefill_head,False,0.01,profiled,"underutilised: SM 1 %, DRAM 34 %, L2 14 %, occ 33 %",reduce,1.22,0.0,38.05,0.0,14.93,33.27,0.06,planner_debate
llm_vl,react_moa_mcts,mir_operator:prefill_head,False,0.01,profiled,"latency/launch-bound: 0.00 waves per SM, no unit above 30 % of peak",elementwise_binary,13.89,0.0,36.09,0.0,22.49,68.38,0.92,planner_debate
llm_vl,react_moa_mcts,mir_operator:prefill_head,False,0.01,profiled,DRAM-bandwidth-bound,gemm,41.79,42.3,64.5,0.0,67.04,16.31,19.7,planner_debate
llm_vl,react_moa_mcts,mir_operator:prefill_head,False,0.01,profiled,"latency/launch-bound: 0.50 waves per SM, no unit above 30 % of peak",copy,7.25,0.0,35.16,0.0,20.61,32.78,0.4,react_tool
llm_vl,react_moa_mcts,mir_operator:prefill_head,False,0.01,profiled,"underutilised: SM 1 %, DRAM 47 %, L2 22 %, occ 18 %",elementwise_unary,0.69,0.0,23.45,0.0,11.26,13.11,0.12,react_tool
llm_vl,react_moa_mcts,mir_operator:prefill_head,False,0.01,profiled,"latency/launch-bound: 0.03 waves per SM, no unit above 30 % of peak",reduce,0.75,0.0,23.82,0.0,9.36,33.27,0.04,react_tool
llm_vl,react_moa_mcts,mir_operator:prefill_head,False,0.01,profiled,"latency/launch-bound: 0.00 waves per SM, no unit above 30 % of peak",elementwise_binary,11.09,0.0,24.52,0.0,16.19,46.13,0.54,react_tool
llm_vl,react_moa_mcts,mir_operator:prefill_head,False,0.01,profiled,tensor-core compute-bound,gemm,44.6,46.55,76.1,0.0,69.27,16.3,12.76,react_tool
llm_vl,react_moa_mcts,mir_operator:prefill_sample,False,0.07,profiled,"latency/launch-bound: 0.05 waves per SM, no unit above 30 % of peak",reduce,2.81,0.0,5.3,0.0,3.03,33.12,0.05,planner_debate
llm_vl,react_moa_mcts,mir_operator:prefill_sample,False,0.07,profiled,"latency/launch-bound: 0.05 waves per SM, no unit above 30 % of peak",reduce,2.75,0.0,5.26,0.0,2.99,33.12,0.05,planner_debate
llm_vl,react_moa_mcts,mir_operator:prefill_sample,False,0.07,profiled,"latency/launch-bound: 0.05 waves per SM, no unit above 30 % of peak",reduce,2.76,0.0,5.27,0.0,3.04,33.12,0.05,react_tool
llm_vl,react_moa_mcts,mir_operator:decode_embed,False,0.14,profiled,"latency/launch-bound: 0.01 waves per SM, no unit above 30 % of peak",other,0.26,0.0,0.34,0.0,0.66,8.31,0.01,planner_debate
llm_vl,react_moa_mcts,mir_operator:decode_embed,False,0.14,profiled,"latency/launch-bound: 0.01 waves per SM, no unit above 30 % of peak",other,0.25,0.0,0.34,0.0,0.65,8.32,0.01,planner_debate
llm_vl,react_moa_mcts,mir_operator:decode_embed,False,0.14,profiled,"latency/launch-bound: 0.01 waves per SM, no unit above 30 % of peak",other,0.26,0.0,0.34,0.0,0.72,8.31,0.01,react_tool
llm_vl,react_moa_mcts,mir_operator:decode_layer*,True,92.25,profiled,"latency/launch-bound: 0.00 waves per SM, no unit above 30 % of peak",copy,0.04,0.0,0.92,0.0,1.58,8.3,0.0,planner_debate
llm_vl,react_moa_mcts,mir_operator:decode_layer*,True,92.25,profiled,"latency/launch-bound: 0.00 waves per SM, no unit above 30 % of peak",elementwise_unary,0.02,0.0,0.54,0.0,0.89,7.73,0.0,planner_debate
llm_vl,react_moa_mcts,mir_operator:decode_layer*,True,92.25,profiled,"latency/launch-bound: 0.00 waves per SM, no unit above 30 % of peak",reduce,0.09,0.0,1.96,0.0,3.8,31.86,0.0,planner_debate
llm_vl,react_moa_mcts,mir_operator:decode_layer*,True,92.25,profiled,"latency/launch-bound: 0.00 waves per SM, no unit above 30 % of peak",elementwise_binary,0.02,0.0,0.82,0.0,1.39,8.3,0.0,planner_debate
llm_vl,react_moa_mcts,mir_operator:decode_layer*,True,92.25,profiled,DRAM-bandwidth-bound,gemv,15.14,0.0,73.81,0.0,46.43,16.02,0.67,planner_debate
llm_vl,react_moa_mcts,mir_operator:decode_layer*,True,92.25,profiled,"latency/launch-bound: 0.00 waves per SM, no unit above 30 % of peak",concat,1.59,0.0,0.31,0.0,0.73,9.73,0.17,planner_debate
llm_vl,react_moa_mcts,mir_operator:decode_layer*,True,92.25,profiled,"latency/launch-bound: 0.00 waves per SM, no unit above 30 % of peak",elementwise_other,0.02,0.0,0.81,0.0,1.07,8.28,0.0,planner_debate
llm_vl,react_moa_mcts,mir_operator:decode_layer*,True,92.25,profiled,"latency/launch-bound: 0.08 waves per SM, no unit above 30 % of peak",attention,0.77,12.57,4.29,0.0,2.29,8.27,0.03,planner_debate
llm_vl,react_moa_mcts,mir_operator:decode_layer*,True,92.25,profiled,"latency/launch-bound: 0.00 waves per SM, no unit above 30 % of peak",copy,0.04,0.0,0.92,0.0,1.85,8.3,0.0,planner_debate
llm_vl,react_moa_mcts,mir_operator:decode_layer*,True,92.25,profiled,"latency/launch-bound: 0.00 waves per SM, no unit above 30 % of peak",elementwise_unary,0.02,0.0,0.52,0.0,0.9,7.67,0.0,planner_debate
llm_vl,react_moa_mcts,mir_operator:decode_layer*,True,92.25,profiled,"latency/launch-bound: 0.00 waves per SM, no unit above 30 % of peak",reduce,0.09,0.0,1.97,0.0,3.8,31.9,0.0,planner_debate
llm_vl,react_moa_mcts,mir_operator:decode_layer*,True,92.25,profiled,"latency/launch-bound: 0.00 waves per SM, no unit above 30 % of peak",elementwise_binary,0.02,0.0,0.81,0.0,1.39,8.31,0.0,planner_debate
llm_vl,react_moa_mcts,mir_operator:decode_layer*,True,92.25,profiled,DRAM-bandwidth-bound,gemv,15.39,0.0,73.7,0.0,45.6,16.0,0.67,planner_debate
llm_vl,react_moa_mcts,mir_operator:decode_layer*,True,92.25,profiled,"latency/launch-bound: 0.00 waves per SM, no unit above 30 % of peak",concat,1.65,0.0,0.31,0.0,0.69,9.72,0.17,planner_debate
llm_vl,react_moa_mcts,mir_operator:decode_layer*,True,92.25,profiled,"latency/launch-bound: 0.00 waves per SM, no unit above 30 % of peak",elementwise_other,0.02,0.0,0.81,0.0,1.05,8.28,0.0,planner_debate
llm_vl,react_moa_mcts,mir_operator:decode_layer*,True,92.25,profiled,"latency/launch-bound: 0.08 waves per SM, no unit above 30 % of peak",attention,0.76,12.51,4.03,0.0,2.19,8.29,0.03,planner_debate
llm_vl,react_moa_mcts,mir_operator:decode_layer*,True,92.25,profiled,"latency/launch-bound: 0.00 waves per SM, no unit above 30 % of peak",copy,0.04,0.0,0.93,0.0,1.81,8.3,0.0,planner_debate
llm_vl,react_moa_mcts,mir_operator:decode_layer*,True,92.25,profiled,"latency/launch-bound: 0.00 waves per SM, no unit above 30 % of peak",elementwise_unary,0.02,0.0,0.54,0.0,0.89,7.71,0.0,planner_debate
llm_vl,react_moa_mcts,mir_operator:decode_layer*,True,92.25,profiled,"latency/launch-bound: 0.00 waves per SM, no unit above 30 % of peak",reduce,0.09,0.0,1.96,0.0,3.79,31.94,0.0,planner_debate
llm_vl,react_moa_mcts,mir_operator:decode_layer*,True,92.25,profiled,"latency/launch-bound: 0.00 waves per SM, no unit above 30 % of peak",elementwise_binary,0.02,0.0,0.82,0.0,1.49,8.31,0.0,planner_debate
llm_vl,react_moa_mcts,mir_operator:decode_layer*,True,92.25,profiled,DRAM-bandwidth-bound,gemv,14.94,0.0,73.86,0.0,44.72,16.13,0.67,planner_debate
llm_vl,react_moa_mcts,mir_operator:decode_layer*,True,92.25,profiled,"latency/launch-bound: 0.00 waves per SM, no unit above 30 % of peak",concat,1.61,0.0,0.32,0.0,0.7,9.75,0.17,planner_debate
llm_vl,react_moa_mcts,mir_operator:decode_layer*,True,92.25,profiled,"latency/launch-bound: 0.00 waves per SM, no unit above 30 % of peak",elementwise_other,0.02,0.0,0.81,0.0,1.08,8.29,0.0,planner_debate
llm_vl,react_moa_mcts,mir_operator:decode_layer*,True,92.25,profiled,"latency/launch-bound: 0.08 waves per SM, no unit above 30 % of peak",attention,0.76,12.63,4.28,0.0,2.54,8.3,0.03,planner_debate
llm_vl,react_moa_mcts,mir_operator:decode_layer*,True,92.25,profiled,"latency/launch-bound: 0.00 waves per SM, no unit above 30 % of peak",copy,0.04,0.0,0.93,0.0,1.6,8.3,0.0,planner_debate
llm_vl,react_moa_mcts,mir_operator:decode_layer*,True,92.25,profiled,"latency/launch-bound: 0.00 waves per SM, no unit above 30 % of peak",elementwise_unary,0.02,0.0,0.52,0.0,0.87,7.76,0.0,planner_debate
llm_vl,react_moa_mcts,mir_operator:decode_layer*,True,92.25,profiled,"latency/launch-bound: 0.00 waves per SM, no unit above 30 % of peak",reduce,0.09,0.0,1.94,0.0,3.77,31.84,0.0,planner_debate
llm_vl,react_moa_mcts,mir_operator:decode_layer*,True,92.25,profiled,"latency/launch-bound: 0.00 waves per SM, no unit above 30 % of peak",elementwise_binary,0.02,0.0,0.82,0.0,1.4,8.31,0.0,planner_debate
llm_vl,react_moa_mcts,mir_operator:decode_layer*,True,92.25,profiled,DRAM-bandwidth-bound,gemv,15.04,0.0,72.61,0.0,44.12,15.96,0.67,planner_debate
llm_vl,react_moa_mcts,mir_operator:decode_layer*,True,92.25,profiled,"latency/launch-bound: 0.00 waves per SM, no unit above 30 % of peak",concat,1.63,0.0,0.31,0.0,0.7,9.76,0.17,planner_debate
llm_vl,react_moa_mcts,mir_operator:decode_layer*,True,92.25,profiled,"latency/launch-bound: 0.00 waves per SM, no unit above 30 % of peak",elementwise_other,0.02,0.0,0.81,0.0,1.07,8.28,0.0,planner_debate
llm_vl,react_moa_mcts,mir_operator:decode_layer*,True,92.25,profiled,"latency/launch-bound: 0.08 waves per SM, no unit above 30 % of peak",attention,0.76,12.43,4.28,0.0,2.31,8.29,0.03,planner_debate
llm_vl,react_moa_mcts,mir_operator:decode_layer*,True,92.25,profiled,"latency/launch-bound: 0.00 waves per SM, no unit above 30 % of peak",copy,0.04,0.0,1.1,0.0,1.86,8.29,0.0,planner_debate
llm_vl,react_moa_mcts,mir_operator:decode_layer*,True,92.25,profiled,"latency/launch-bound: 0.00 waves per SM, no unit above 30 % of peak",elementwise_unary,0.02,0.0,0.54,0.0,0.9,7.62,0.0,planner_debate
llm_vl,react_moa_mcts,mir_operator:decode_layer*,True,92.25,profiled,"latency/launch-bound: 0.00 waves per SM, no unit above 30 % of peak",reduce,0.09,0.0,1.96,0.0,3.78,31.87,0.0,planner_debate
llm_vl,react_moa_mcts,mir_operator:decode_layer*,True,92.25,profiled,"latency/launch-bound: 0.00 waves per SM, no unit above 30 % of peak",elementwise_binary,0.02,0.0,0.82,0.0,1.38,8.31,0.0,planner_debate
llm_vl,react_moa_mcts,mir_operator:decode_layer*,True,92.25,profiled,DRAM-bandwidth-bound,gemv,15.14,0.0,73.78,0.0,45.61,15.98,0.67,planner_debate
llm_vl,react_moa_mcts,mir_operator:decode_layer*,True,92.25,profiled,"latency/launch-bound: 0.00 waves per SM, no unit above 30 % of peak",concat,1.62,0.0,0.31,0.0,0.7,9.78,0.17,planner_debate
llm_vl,react_moa_mcts,mir_operator:decode_layer*,True,92.25,profiled,"latency/launch-bound: 0.00 waves per SM, no unit above 30 % of peak",elementwise_other,0.02,0.0,0.8,0.0,1.4,8.28,0.0,planner_debate
llm_vl,react_moa_mcts,mir_operator:decode_layer*,True,92.25,profiled,"latency/launch-bound: 0.08 waves per SM, no unit above 30 % of peak",attention,0.77,12.44,4.33,0.0,2.32,8.3,0.03,planner_debate
llm_vl,react_moa_mcts,mir_operator:decode_layer*,True,92.25,profiled,"latency/launch-bound: 0.00 waves per SM, no unit above 30 % of peak",copy,0.04,0.0,0.92,0.0,1.59,8.29,0.0,planner_debate
llm_vl,react_moa_mcts,mir_operator:decode_layer*,True,92.25,profiled,"latency/launch-bound: 0.00 waves per SM, no unit above 30 % of peak",elementwise_unary,0.02,0.0,0.54,0.0,0.89,7.71,0.0,planner_debate
llm_vl,react_moa_mcts,mir_operator:decode_layer*,True,92.25,profiled,"latency/launch-bound: 0.00 waves per SM, no unit above 30 % of peak",reduce,0.09,0.0,1.95,0.0,3.77,31.83,0.0,planner_debate
llm_vl,react_moa_mcts,mir_operator:decode_layer*,True,92.25,profiled,"latency/launch-bound: 0.00 waves per SM, no unit above 30 % of peak",elementwise_binary,0.02,0.0,0.83,0.0,1.38,8.31,0.0,planner_debate
llm_vl,react_moa_mcts,mir_operator:decode_layer*,True,92.25,profiled,DRAM-bandwidth-bound,gemv,15.17,0.0,73.44,0.0,45.21,16.03,0.67,planner_debate
llm_vl,react_moa_mcts,mir_operator:decode_layer*,True,92.25,profiled,"latency/launch-bound: 0.00 waves per SM, no unit above 30 % of peak",concat,1.65,0.0,0.31,0.0,0.73,9.77,0.17,planner_debate
llm_vl,react_moa_mcts,mir_operator:decode_layer*,True,92.25,profiled,"latency/launch-bound: 0.00 waves per SM, no unit above 30 % of peak",elementwise_other,0.02,0.0,0.81,0.0,1.07,8.27,0.0,planner_debate
llm_vl,react_moa_mcts,mir_operator:decode_layer*,True,92.25,profiled,"latency/launch-bound: 0.08 waves per SM, no unit above 30 % of peak",attention,0.76,12.52,4.34,0.0,2.57,8.3,0.03,planner_debate
llm_vl,react_moa_mcts,mir_operator:decode_layer*,True,92.25,profiled,"latency/launch-bound: 0.00 waves per SM, no unit above 30 % of peak",copy,0.04,0.0,0.93,0.0,1.77,8.28,0.0,planner_debate
llm_vl,react_moa_mcts,mir_operator:decode_layer*,True,92.25,profiled,"latency/launch-bound: 0.00 waves per SM, no unit above 30 % of peak",elementwise_unary,0.02,0.0,0.53,0.0,0.89,7.64,0.0,planner_debate
llm_vl,react_moa_mcts,mir_operator:decode_layer*,True,92.25,profiled,"latency/launch-bound: 0.00 waves per SM, no unit above 30 % of peak",reduce,0.09,0.0,1.96,0.0,3.79,31.85,0.0,planner_debate
llm_vl,react_moa_mcts,mir_operator:decode_layer*,True,92.25,profiled,"latency/launch-bound: 0.00 waves per SM, no unit above 30 % of peak",elementwise_binary,0.02,0.0,0.81,0.0,1.59,8.31,0.0,planner_debate
llm_vl,react_moa_mcts,mir_operator:decode_layer*,True,92.25,profiled,DRAM-bandwidth-bound,gemv,15.09,0.0,73.18,0.0,43.24,16.04,0.67,planner_debate
llm_vl,react_moa_mcts,mir_operator:decode_layer*,True,92.25,profiled,"latency/launch-bound: 0.00 waves per SM, no unit above 30 % of peak",concat,1.6,0.0,0.31,0.0,0.73,9.79,0.17,planner_debate
llm_vl,react_moa_mcts,mir_operator:decode_layer*,True,92.25,profiled,"latency/launch-bound: 0.00 waves per SM, no unit above 30 % of peak",elementwise_other,0.02,0.0,0.81,0.0,1.06,8.29,0.0,planner_debate
llm_vl,react_moa_mcts,mir_operator:decode_layer*,True,92.25,profiled,"latency/launch-bound: 0.08 waves per SM, no unit above 30 % of peak",attention,0.77,12.57,4.3,0.0,2.32,8.32,0.03,planner_debate
llm_vl,react_moa_mcts,mir_operator:decode_layer*,True,92.25,profiled,"latency/launch-bound: 0.00 waves per SM, no unit above 30 % of peak",copy,0.04,0.0,0.92,0.0,1.57,8.29,0.0,planner_debate
llm_vl,react_moa_mcts,mir_operator:decode_layer*,True,92.25,profiled,"latency/launch-bound: 0.00 waves per SM, no unit above 30 % of peak",elementwise_unary,0.02,0.0,0.53,0.0,0.9,7.59,0.0,planner_debate
llm_vl,react_moa_mcts,mir_operator:decode_layer*,True,92.25,profiled,"latency/launch-bound: 0.00 waves per SM, no unit above 30 % of peak",reduce,0.09,0.0,1.95,0.0,3.79,31.89,0.0,planner_debate
llm_vl,react_moa_mcts,mir_operator:decode_layer*,True,92.25,profiled,"latency/launch-bound: 0.00 waves per SM, no unit above 30 % of peak",elementwise_binary,0.02,0.0,0.82,0.0,1.43,8.31,0.0,planner_debate
llm_vl,react_moa_mcts,mir_operator:decode_layer*,True,92.25,profiled,DRAM-bandwidth-bound,gemv,15.06,0.0,73.56,0.0,45.04,16.02,0.67,planner_debate
llm_vl,react_moa_mcts,mir_operator:decode_layer*,True,92.25,profiled,"latency/launch-bound: 0.00 waves per SM, no unit above 30 % of peak",concat,1.64,0.0,0.31,0.0,0.7,9.69,0.17,planner_debate
llm_vl,react_moa_mcts,mir_operator:decode_layer*,True,92.25,profiled,"latency/launch-bound: 0.00 waves per SM, no unit above 30 % of peak",elementwise_other,0.02,0.0,0.81,0.0,1.07,8.28,0.0,planner_debate
llm_vl,react_moa_mcts,mir_operator:decode_layer*,True,92.25,profiled,"latency/launch-bound: 0.08 waves per SM, no unit above 30 % of peak",attention,0.76,12.35,5.7,0.0,2.6,8.3,0.03,planner_debate
llm_vl,react_moa_mcts,mir_operator:decode_layer*,True,92.25,profiled,"latency/launch-bound: 0.00 waves per SM, no unit above 30 % of peak",copy,0.04,0.0,0.92,0.0,1.59,8.3,0.0,planner_debate
llm_vl,react_moa_mcts,mir_operator:decode_layer*,True,92.25,profiled,"latency/launch-bound: 0.00 waves per SM, no unit above 30 % of peak",elementwise_unary,0.02,0.0,0.54,0.0,0.89,7.74,0.0,planner_debate
llm_vl,react_moa_mcts,mir_operator:decode_layer*,True,92.25,profiled,"latency/launch-bound: 0.00 waves per SM, no unit above 30 % of peak",reduce,0.09,0.0,1.96,0.0,3.8,31.78,0.0,planner_debate
llm_vl,react_moa_mcts,mir_operator:decode_layer*,True,92.25,profiled,"latency/launch-bound: 0.00 waves per SM, no unit above 30 % of peak",elementwise_binary,0.02,0.0,0.82,0.0,1.39,8.31,0.0,planner_debate
llm_vl,react_moa_mcts,mir_operator:decode_layer*,True,92.25,profiled,DRAM-bandwidth-bound,gemv,15.32,0.0,73.88,0.0,45.39,16.12,0.67,planner_debate
llm_vl,react_moa_mcts,mir_operator:decode_layer*,True,92.25,profiled,"latency/launch-bound: 0.00 waves per SM, no unit above 30 % of peak",concat,1.65,0.0,0.31,0.0,0.71,9.83,0.17,planner_debate
llm_vl,react_moa_mcts,mir_operator:decode_layer*,True,92.25,profiled,"latency/launch-bound: 0.00 waves per SM, no unit above 30 % of peak",elementwise_other,0.02,0.0,0.81,0.0,1.05,8.28,0.0,planner_debate
llm_vl,react_moa_mcts,mir_operator:decode_layer*,True,92.25,profiled,"latency/launch-bound: 0.08 waves per SM, no unit above 30 % of peak",attention,0.77,12.5,5.77,0.0,2.53,8.29,0.03,planner_debate
llm_vl,react_moa_mcts,mir_operator:decode_layer*,True,92.25,profiled,"latency/launch-bound: 0.00 waves per SM, no unit above 30 % of peak",copy,0.04,0.0,0.93,0.0,1.59,8.29,0.0,planner_debate
llm_vl,react_moa_mcts,mir_operator:decode_layer*,True,92.25,profiled,"latency/launch-bound: 0.00 waves per SM, no unit above 30 % of peak",elementwise_unary,0.01,0.0,0.53,0.0,0.89,7.65,0.0,planner_debate
llm_vl,react_moa_mcts,mir_operator:decode_layer*,True,92.25,profiled,"latency/launch-bound: 0.00 waves per SM, no unit above 30 % of peak",reduce,0.09,0.0,1.96,0.0,3.81,31.89,0.0,planner_debate
llm_vl,react_moa_mcts,mir_operator:decode_layer*,True,92.25,profiled,"latency/launch-bound: 0.00 waves per SM, no unit above 30 % of peak",elementwise_binary,0.02,0.0,0.83,0.0,1.51,8.31,0.0,planner_debate
llm_vl,react_moa_mcts,mir_operator:decode_layer*,True,92.25,profiled,DRAM-bandwidth-bound,gemv,15.23,0.0,73.15,0.0,45.31,16.1,0.67,planner_debate
llm_vl,react_moa_mcts,mir_operator:decode_layer*,True,92.25,profiled,"latency/launch-bound: 0.00 waves per SM, no unit above 30 % of peak",concat,1.59,0.0,0.32,0.0,0.7,9.76,0.17,planner_debate
llm_vl,react_moa_mcts,mir_operator:decode_layer*,True,92.25,profiled,"latency/launch-bound: 0.00 waves per SM, no unit above 30 % of peak",elementwise_other,0.02,0.0,0.81,0.0,1.08,8.28,0.0,planner_debate
llm_vl,react_moa_mcts,mir_operator:decode_layer*,True,92.25,profiled,"latency/launch-bound: 0.08 waves per SM, no unit above 30 % of peak",attention,0.75,12.6,4.27,0.0,2.27,8.3,0.03,planner_debate
llm_vl,react_moa_mcts,mir_operator:decode_layer*,True,92.25,profiled,"latency/launch-bound: 0.00 waves per SM, no unit above 30 % of peak",copy,0.04,0.0,1.09,0.0,1.59,8.3,0.0,planner_debate
llm_vl,react_moa_mcts,mir_operator:decode_layer*,True,92.25,profiled,"latency/launch-bound: 0.00 waves per SM, no unit above 30 % of peak",elementwise_unary,0.02,0.0,0.52,0.0,0.89,7.55,0.0,planner_debate
llm_vl,react_moa_mcts,mir_operator:decode_layer*,True,92.25,profiled,"latency/launch-bound: 0.00 waves per SM, no unit above 30 % of peak",reduce,0.09,0.0,1.96,0.0,3.81,31.82,0.0,planner_debate
llm_vl,react_moa_mcts,mir_operator:decode_layer*,True,92.25,profiled,"latency/launch-bound: 0.00 waves per SM, no unit above 30 % of peak",elementwise_binary,0.02,0.0,0.82,0.0,1.39,8.31,0.0,planner_debate
llm_vl,react_moa_mcts,mir_operator:decode_layer*,True,92.25,profiled,DRAM-bandwidth-bound,gemv,15.28,0.0,73.97,0.0,44.41,15.92,0.67,planner_debate
llm_vl,react_moa_mcts,mir_operator:decode_layer*,True,92.25,profiled,"latency/launch-bound: 0.00 waves per SM, no unit above 30 % of peak",concat,1.59,0.0,0.31,0.0,0.73,9.79,0.17,planner_debate
llm_vl,react_moa_mcts,mir_operator:decode_layer*,True,92.25,profiled,"latency/launch-bound: 0.00 waves per SM, no unit above 30 % of peak",elementwise_other,0.02,0.0,0.81,0.0,1.06,8.28,0.0,planner_debate
llm_vl,react_moa_mcts,mir_operator:decode_layer*,True,92.25,profiled,"latency/launch-bound: 0.08 waves per SM, no unit above 30 % of peak",attention,0.76,12.54,5.66,0.0,2.5,8.3,0.03,planner_debate
llm_vl,react_moa_mcts,mir_operator:decode_layer*,True,92.25,profiled,"latency/launch-bound: 0.00 waves per SM, no unit above 30 % of peak",copy,0.03,0.0,0.92,0.0,1.58,8.29,0.0,planner_debate
llm_vl,react_moa_mcts,mir_operator:decode_layer*,True,92.25,profiled,"latency/launch-bound: 0.00 waves per SM, no unit above 30 % of peak",elementwise_unary,0.02,0.0,0.53,0.0,0.91,7.56,0.0,planner_debate
llm_vl,react_moa_mcts,mir_operator:decode_layer*,True,92.25,profiled,"latency/launch-bound: 0.00 waves per SM, no unit above 30 % of peak",reduce,0.09,0.0,1.96,0.0,3.8,31.94,0.0,planner_debate
llm_vl,react_moa_mcts,mir_operator:decode_layer*,True,92.25,profiled,"latency/launch-bound: 0.00 waves per SM, no unit above 30 % of peak",elementwise_binary,0.02,0.0,0.83,0.0,1.4,8.31,0.0,planner_debate
llm_vl,react_moa_mcts,mir_operator:decode_layer*,True,92.25,profiled,DRAM-bandwidth-bound,gemv,14.98,0.0,72.83,0.0,44.34,15.91,0.67,planner_debate
llm_vl,react_moa_mcts,mir_operator:decode_layer*,True,92.25,profiled,"latency/launch-bound: 0.00 waves per SM, no unit above 30 % of peak",concat,1.56,0.0,0.31,0.0,0.88,9.75,0.17,planner_debate
llm_vl,react_moa_mcts,mir_operator:decode_layer*,True,92.25,profiled,"latency/launch-bound: 0.00 waves per SM, no unit above 30 % of peak",elementwise_other,0.02,0.0,0.81,0.0,1.2,8.27,0.0,planner_debate
llm_vl,react_moa_mcts,mir_operator:decode_layer*,True,92.25,profiled,"latency/launch-bound: 0.08 waves per SM, no unit above 30 % of peak",attention,0.77,12.51,4.35,0.0,2.31,8.27,0.03,planner_debate
llm_vl,react_moa_mcts,mir_operator:decode_layer*,True,92.25,profiled,"latency/launch-bound: 0.00 waves per SM, no unit above 30 % of peak",copy,0.04,0.0,0.93,0.0,1.6,8.29,0.0,planner_debate
llm_vl,react_moa_mcts,mir_operator:decode_layer*,True,92.25,profiled,"latency/launch-bound: 0.00 waves per SM, no unit above 30 % of peak",elementwise_unary,0.02,0.0,0.51,0.0,0.88,7.69,0.0,planner_debate
llm_vl,react_moa_mcts,mir_operator:decode_layer*,True,92.25,profiled,"latency/launch-bound: 0.00 waves per SM, no unit above 30 % of peak",reduce,0.09,0.0,1.95,0.0,3.78,31.87,0.0,planner_debate
llm_vl,react_moa_mcts,mir_operator:decode_layer*,True,92.25,profiled,"latency/launch-bound: 0.00 waves per SM, no unit above 30 % of peak",elementwise_binary,0.02,0.0,0.83,0.0,1.38,8.3,0.0,planner_debate
llm_vl,react_moa_mcts,mir_operator:decode_layer*,True,92.25,profiled,DRAM-bandwidth-bound,gemv,15.23,0.0,73.25,0.0,45.07,16.01,0.67,planner_debate
llm_vl,react_moa_mcts,mir_operator:decode_layer*,True,92.25,profiled,"latency/launch-bound: 0.00 waves per SM, no unit above 30 % of peak",concat,1.66,0.0,0.31,0.0,0.71,9.74,0.17,planner_debate
llm_vl,react_moa_mcts,mir_operator:decode_layer*,True,92.25,profiled,"latency/launch-bound: 0.00 waves per SM, no unit above 30 % of peak",elementwise_other,0.02,0.0,0.82,0.0,1.05,8.29,0.0,planner_debate
llm_vl,react_moa_mcts,mir_operator:decode_layer*,True,92.25,profiled,"latency/launch-bound: 0.08 waves per SM, no unit above 30 % of peak",attention,0.77,12.53,4.35,0.0,2.31,8.3,0.03,planner_debate
llm_vl,react_moa_mcts,mir_operator:decode_layer*,True,92.25,profiled,"latency/launch-bound: 0.00 waves per SM, no unit above 30 % of peak",copy,0.04,0.0,0.9,0.0,1.77,8.28,0.0,planner_debate
llm_vl,react_moa_mcts,mir_operator:decode_layer*,True,92.25,profiled,"latency/launch-bound: 0.00 waves per SM, no unit above 30 % of peak",elementwise_unary,0.02,0.0,0.71,0.0,0.9,7.75,0.0,planner_debate
llm_vl,react_moa_mcts,mir_operator:decode_layer*,True,92.25,profiled,"latency/launch-bound: 0.00 waves per SM, no unit above 30 % of peak",reduce,0.09,0.0,1.96,0.0,3.8,31.85,0.0,planner_debate
llm_vl,react_moa_mcts,mir_operator:decode_layer*,True,92.25,profiled,"latency/launch-bound: 0.00 waves per SM, no unit above 30 % of peak",elementwise_binary,0.02,0.0,0.82,0.0,1.57,8.3,0.0,planner_debate
llm_vl,react_moa_mcts,mir_operator:decode_layer*,True,92.25,profiled,DRAM-bandwidth-bound,gemv,15.34,0.0,74.58,0.0,42.87,16.02,0.67,planner_debate
llm_vl,react_moa_mcts,mir_operator:decode_layer*,True,92.25,profiled,"latency/launch-bound: 0.00 waves per SM, no unit above 30 % of peak",concat,1.58,0.0,0.31,0.0,0.73,9.78,0.17,planner_debate
llm_vl,react_moa_mcts,mir_operator:decode_layer*,True,92.25,profiled,"latency/launch-bound: 0.00 waves per SM, no unit above 30 % of peak",elementwise_other,0.02,0.0,0.81,0.0,1.09,8.26,0.0,planner_debate
llm_vl,react_moa_mcts,mir_operator:decode_layer*,True,92.25,profiled,"latency/launch-bound: 0.08 waves per SM, no unit above 30 % of peak",attention,0.75,12.53,4.33,0.0,2.34,8.31,0.03,planner_debate
llm_vl,react_moa_mcts,mir_operator:decode_layer*,True,92.25,profiled,"latency/launch-bound: 0.00 waves per SM, no unit above 30 % of peak",copy,0.04,0.0,0.91,0.0,2.02,8.3,0.0,planner_debate
llm_vl,react_moa_mcts,mir_operator:decode_layer*,True,92.25,profiled,"latency/launch-bound: 0.00 waves per SM, no unit above 30 % of peak",elementwise_unary,0.02,0.0,0.54,0.0,0.89,7.71,0.0,planner_debate
llm_vl,react_moa_mcts,mir_operator:decode_layer*,True,92.25,profiled,"latency/launch-bound: 0.00 waves per SM, no unit above 30 % of peak",reduce,0.09,0.0,1.96,0.0,3.79,31.86,0.0,planner_debate
llm_vl,react_moa_mcts,mir_operator:decode_layer*,True,92.25,profiled,"latency/launch-bound: 0.00 waves per SM, no unit above 30 % of peak",elementwise_binary,0.02,0.0,0.82,0.0,1.48,8.3,0.0,planner_debate
llm_vl,react_moa_mcts,mir_operator:decode_layer*,True,92.25,profiled,DRAM-bandwidth-bound,gemv,15.17,0.0,73.77,0.0,43.44,15.99,0.67,planner_debate
llm_vl,react_moa_mcts,mir_operator:decode_layer*,True,92.25,profiled,"latency/launch-bound: 0.00 waves per SM, no unit above 30 % of peak",concat,1.53,0.0,0.31,0.0,0.73,9.79,0.17,planner_debate
llm_vl,react_moa_mcts,mir_operator:decode_layer*,True,92.25,profiled,"latency/launch-bound: 0.00 waves per SM, no unit above 30 % of peak",elementwise_other,0.02,0.0,0.81,0.0,1.07,8.28,0.0,planner_debate
llm_vl,react_moa_mcts,mir_operator:decode_layer*,True,92.25,profiled,"latency/launch-bound: 0.08 waves per SM, no unit above 30 % of peak",attention,0.77,12.48,4.72,0.0,2.4,8.3,0.03,planner_debate
llm_vl,react_moa_mcts,mir_operator:decode_layer*,True,92.25,profiled,"latency/launch-bound: 0.00 waves per SM, no unit above 30 % of peak",copy,0.04,0.0,0.92,0.0,1.57,8.29,0.0,planner_debate
llm_vl,react_moa_mcts,mir_operator:decode_layer*,True,92.25,profiled,"latency/launch-bound: 0.00 waves per SM, no unit above 30 % of peak",elementwise_unary,0.02,0.0,0.53,0.0,0.89,7.68,0.0,planner_debate
llm_vl,react_moa_mcts,mir_operator:decode_layer*,True,92.25,profiled,"latency/launch-bound: 0.00 waves per SM, no unit above 30 % of peak",reduce,0.09,0.0,1.96,0.0,3.79,31.86,0.0,planner_debate
llm_vl,react_moa_mcts,mir_operator:decode_layer*,True,92.25,profiled,"latency/launch-bound: 0.00 waves per SM, no unit above 30 % of peak",elementwise_binary,0.02,0.0,0.82,0.0,1.47,8.31,0.0,planner_debate
llm_vl,react_moa_mcts,mir_operator:decode_layer*,True,92.25,profiled,DRAM-bandwidth-bound,gemv,15.11,0.0,73.61,0.0,44.01,16.02,0.67,planner_debate
llm_vl,react_moa_mcts,mir_operator:decode_layer*,True,92.25,profiled,"latency/launch-bound: 0.00 waves per SM, no unit above 30 % of peak",concat,1.65,0.0,0.31,0.0,0.71,9.82,0.17,planner_debate
llm_vl,react_moa_mcts,mir_operator:decode_layer*,True,92.25,profiled,"latency/launch-bound: 0.00 waves per SM, no unit above 30 % of peak",elementwise_other,0.02,0.0,0.82,0.0,1.08,8.28,0.0,planner_debate
llm_vl,react_moa_mcts,mir_operator:decode_layer*,True,92.25,profiled,"latency/launch-bound: 0.08 waves per SM, no unit above 30 % of peak",attention,0.77,12.37,4.36,0.0,2.33,8.3,0.03,planner_debate
llm_vl,react_moa_mcts,mir_operator:decode_layer*,True,92.25,profiled,"latency/launch-bound: 0.00 waves per SM, no unit above 30 % of peak",copy,0.03,0.0,0.92,0.0,1.86,8.29,0.0,planner_debate
llm_vl,react_moa_mcts,mir_operator:decode_layer*,True,92.25,profiled,"latency/launch-bound: 0.00 waves per SM, no unit above 30 % of peak",elementwise_unary,0.02,0.0,0.52,0.0,0.91,7.67,0.0,planner_debate
llm_vl,react_moa_mcts,mir_operator:decode_layer*,True,92.25,profiled,"latency/launch-bound: 0.00 waves per SM, no unit above 30 % of peak",reduce,0.09,0.0,1.95,0.0,3.8,31.87,0.0,planner_debate
llm_vl,react_moa_mcts,mir_operator:decode_layer*,True,92.25,profiled,"latency/launch-bound: 0.00 waves per SM, no unit above 30 % of peak",elementwise_binary,0.02,0.0,0.82,0.0,1.37,8.31,0.0,planner_debate
llm_vl,react_moa_mcts,mir_operator:decode_layer*,True,92.25,profiled,DRAM-bandwidth-bound,gemv,15.4,0.0,73.83,0.0,44.77,16.04,0.67,planner_debate
llm_vl,react_moa_mcts,mir_operator:decode_layer*,True,92.25,profiled,"latency/launch-bound: 0.00 waves per SM, no unit above 30 % of peak",concat,1.61,0.0,0.35,0.0,0.73,9.72,0.17,planner_debate
llm_vl,react_moa_mcts,mir_operator:decode_layer*,True,92.25,profiled,"latency/launch-bound: 0.00 waves per SM, no unit above 30 % of peak",elementwise_other,0.02,0.0,0.82,0.0,1.33,8.28,0.0,planner_debate
llm_vl,react_moa_mcts,mir_operator:decode_layer*,True,92.25,profiled,"latency/launch-bound: 0.08 waves per SM, no unit above 30 % of peak",attention,0.76,12.56,4.28,0.0,2.46,8.31,0.03,planner_debate
llm_vl,react_moa_mcts,mir_operator:decode_layer*,True,92.25,profiled,"latency/launch-bound: 0.00 waves per SM, no unit above 30 % of peak",copy,0.04,0.0,0.92,0.0,1.96,8.3,0.0,planner_debate
llm_vl,react_moa_mcts,mir_operator:decode_layer*,True,92.25,profiled,"latency/launch-bound: 0.00 waves per SM, no unit above 30 % of peak",elementwise_unary,0.02,0.0,0.53,0.0,0.89,7.67,0.0,planner_debate
llm_vl,react_moa_mcts,mir_operator:decode_layer*,True,92.25,profiled,"latency/launch-bound: 0.00 waves per SM, no unit above 30 % of peak",reduce,0.09,0.0,1.96,0.0,3.8,31.83,0.0,planner_debate
llm_vl,react_moa_mcts,mir_operator:decode_layer*,True,92.25,profiled,"latency/launch-bound: 0.00 waves per SM, no unit above 30 % of peak",elementwise_binary,0.02,0.0,0.83,0.0,1.39,8.31,0.0,planner_debate
llm_vl,react_moa_mcts,mir_operator:decode_layer*,True,92.25,profiled,DRAM-bandwidth-bound,gemv,15.21,0.0,74.15,0.0,44.94,16.08,0.67,planner_debate
llm_vl,react_moa_mcts,mir_operator:decode_layer*,True,92.25,profiled,"latency/launch-bound: 0.00 waves per SM, no unit above 30 % of peak",concat,1.65,0.0,0.32,0.0,0.74,9.68,0.17,planner_debate
llm_vl,react_moa_mcts,mir_operator:decode_layer*,True,92.25,profiled,"latency/launch-bound: 0.00 waves per SM, no unit above 30 % of peak",elementwise_other,0.02,0.0,0.81,0.0,1.05,8.28,0.0,planner_debate
llm_vl,react_moa_mcts,mir_operator:decode_layer*,True,92.25,profiled,"latency/launch-bound: 0.08 waves per SM, no unit above 30 % of peak",attention,0.75,12.56,4.33,0.0,2.32,8.3,0.03,planner_debate
llm_vl,react_moa_mcts,mir_operator:decode_layer*,True,92.25,profiled,"latency/launch-bound: 0.00 waves per SM, no unit above 30 % of peak",copy,0.04,0.0,0.93,0.0,1.55,8.3,0.0,planner_debate
llm_vl,react_moa_mcts,mir_operator:decode_layer*,True,92.25,profiled,"latency/launch-bound: 0.00 waves per SM, no unit above 30 % of peak",elementwise_unary,0.02,0.0,0.53,0.0,0.88,7.69,0.0,planner_debate
llm_vl,react_moa_mcts,mir_operator:decode_layer*,True,92.25,profiled,"latency/launch-bound: 0.00 waves per SM, no unit above 30 % of peak",reduce,0.09,0.0,1.96,0.0,3.8,31.83,0.0,planner_debate
llm_vl,react_moa_mcts,mir_operator:decode_layer*,True,92.25,profiled,"latency/launch-bound: 0.00 waves per SM, no unit above 30 % of peak",elementwise_binary,0.02,0.0,0.82,0.0,1.4,8.31,0.0,planner_debate
llm_vl,react_moa_mcts,mir_operator:decode_layer*,True,92.25,profiled,DRAM-bandwidth-bound,gemv,15.05,0.0,72.84,0.0,44.78,16.11,0.67,planner_debate
llm_vl,react_moa_mcts,mir_operator:decode_layer*,True,92.25,profiled,"latency/launch-bound: 0.00 waves per SM, no unit above 30 % of peak",concat,1.64,0.0,0.3,0.0,0.7,9.82,0.17,planner_debate
llm_vl,react_moa_mcts,mir_operator:decode_layer*,True,92.25,profiled,"latency/launch-bound: 0.00 waves per SM, no unit above 30 % of peak",elementwise_other,0.02,0.0,0.81,0.0,1.05,8.28,0.0,planner_debate
llm_vl,react_moa_mcts,mir_operator:decode_layer*,True,92.25,profiled,"latency/launch-bound: 0.08 waves per SM, no unit above 30 % of peak",attention,0.77,12.55,4.3,0.0,2.29,8.3,0.03,planner_debate
llm_vl,react_moa_mcts,mir_operator:decode_layer*,True,92.25,profiled,"latency/launch-bound: 0.00 waves per SM, no unit above 30 % of peak",copy,0.04,0.0,0.92,0.0,1.58,8.29,0.0,planner_debate
llm_vl,react_moa_mcts,mir_operator:decode_layer*,True,92.25,profiled,"latency/launch-bound: 0.00 waves per SM, no unit above 30 % of peak",elementwise_unary,0.02,0.0,0.54,0.0,0.9,7.45,0.0,planner_debate
llm_vl,react_moa_mcts,mir_operator:decode_layer*,True,92.25,profiled,"latency/launch-bound: 0.00 waves per SM, no unit above 30 % of peak",reduce,0.09,0.0,1.96,0.0,3.8,31.84,0.0,planner_debate
llm_vl,react_moa_mcts,mir_operator:decode_layer*,True,92.25,profiled,"latency/launch-bound: 0.00 waves per SM, no unit above 30 % of peak",elementwise_binary,0.02,0.0,0.82,0.0,1.37,8.31,0.0,planner_debate
llm_vl,react_moa_mcts,mir_operator:decode_layer*,True,92.25,profiled,DRAM-bandwidth-bound,gemv,15.28,0.0,74.31,0.0,44.45,16.12,0.67,planner_debate
llm_vl,react_moa_mcts,mir_operator:decode_layer*,True,92.25,profiled,"latency/launch-bound: 0.00 waves per SM, no unit above 30 % of peak",concat,1.67,0.0,0.32,0.0,0.7,9.77,0.17,planner_debate
llm_vl,react_moa_mcts,mir_operator:decode_layer*,True,92.25,profiled,"latency/launch-bound: 0.00 waves per SM, no unit above 30 % of peak",elementwise_other,0.02,0.0,0.81,0.0,1.4,8.28,0.0,planner_debate
llm_vl,react_moa_mcts,mir_operator:decode_layer*,True,92.25,profiled,"latency/launch-bound: 0.08 waves per SM, no unit above 30 % of peak",attention,0.77,12.55,4.35,0.0,2.33,8.3,0.03,planner_debate
llm_vl,react_moa_mcts,mir_operator:decode_layer*,True,92.25,profiled,"latency/launch-bound: 0.00 waves per SM, no unit above 30 % of peak",copy,0.04,0.0,0.9,0.0,1.55,8.29,0.0,planner_debate
llm_vl,react_moa_mcts,mir_operator:decode_layer*,True,92.25,profiled,"latency/launch-bound: 0.00 waves per SM, no unit above 30 % of peak",elementwise_unary,0.02,0.0,0.53,0.0,0.9,7.58,0.0,planner_debate
llm_vl,react_moa_mcts,mir_operator:decode_layer*,True,92.25,profiled,"latency/launch-bound: 0.00 waves per SM, no unit above 30 % of peak",reduce,0.09,0.0,1.96,0.0,3.79,31.86,0.0,planner_debate
llm_vl,react_moa_mcts,mir_operator:decode_layer*,True,92.25,profiled,"latency/launch-bound: 0.00 waves per SM, no unit above 30 % of peak",elementwise_binary,0.02,0.0,0.82,0.0,1.38,8.3,0.0,planner_debate
llm_vl,react_moa_mcts,mir_operator:decode_layer*,True,92.25,profiled,DRAM-bandwidth-bound,gemv,15.16,0.0,73.77,0.0,43.85,15.88,0.67,planner_debate
llm_vl,react_moa_mcts,mir_operator:decode_layer*,True,92.25,profiled,"latency/launch-bound: 0.00 waves per SM, no unit above 30 % of peak",concat,1.65,0.0,0.32,0.0,0.71,9.75,0.17,planner_debate
llm_vl,react_moa_mcts,mir_operator:decode_layer*,True,92.25,profiled,"latency/launch-bound: 0.00 waves per SM, no unit above 30 % of peak",elementwise_other,0.02,0.0,0.81,0.0,1.06,8.28,0.0,planner_debate
llm_vl,react_moa_mcts,mir_operator:decode_layer*,True,92.25,profiled,"latency/launch-bound: 0.08 waves per SM, no unit above 30 % of peak",attention,0.77,5.9,4.34,0.0,2.35,8.3,0.03,planner_debate
llm_vl,react_moa_mcts,mir_operator:decode_layer*,True,92.25,profiled,"latency/launch-bound: 0.00 waves per SM, no unit above 30 % of peak",copy,0.04,0.0,0.97,0.0,1.58,8.29,0.0,planner_debate
llm_vl,react_moa_mcts,mir_operator:decode_layer*,True,92.25,profiled,"latency/launch-bound: 0.00 waves per SM, no unit above 30 % of peak",elementwise_unary,0.02,0.0,0.51,0.0,0.88,7.63,0.0,planner_debate
llm_vl,react_moa_mcts,mir_operator:decode_layer*,True,92.25,profiled,"latency/launch-bound: 0.00 waves per SM, no unit above 30 % of peak",reduce,0.09,0.0,1.94,0.0,3.77,31.91,0.0,planner_debate
llm_vl,react_moa_mcts,mir_operator:decode_layer*,True,92.25,profiled,"latency/launch-bound: 0.00 waves per SM, no unit above 30 % of peak",elementwise_binary,0.02,0.0,0.82,0.0,1.38,8.31,0.0,planner_debate
llm_vl,react_moa_mcts,mir_operator:decode_layer*,True,92.25,profiled,DRAM-bandwidth-bound,gemv,15.43,0.0,74.52,0.0,44.93,16.02,0.67,planner_debate
llm_vl,react_moa_mcts,mir_operator:decode_layer*,True,92.25,profiled,"latency/launch-bound: 0.00 waves per SM, no unit above 30 % of peak",concat,1.61,0.0,0.31,0.0,0.7,9.96,0.17,planner_debate
llm_vl,react_moa_mcts,mir_operator:decode_layer*,True,92.25,profiled,"latency/launch-bound: 0.00 waves per SM, no unit above 30 % of peak",elementwise_other,0.02,0.0,0.81,0.0,1.09,8.29,0.0,planner_debate
llm_vl,react_moa_mcts,mir_operator:decode_layer*,True,92.25,profiled,"latency/launch-bound: 0.08 waves per SM, no unit above 30 % of peak",attention,0.75,12.49,4.34,0.0,2.31,8.3,0.03,planner_debate
llm_vl,react_moa_mcts,mir_operator:decode_layer*,True,92.25,profiled,"latency/launch-bound: 0.00 waves per SM, no unit above 30 % of peak",copy,0.01,0.0,0.93,0.0,1.87,8.3,0.0,planner_debate
llm_vl,react_moa_mcts,mir_operator:decode_layer*,True,92.25,profiled,"latency/launch-bound: 0.00 waves per SM, no unit above 30 % of peak",elementwise_unary,0.02,0.0,0.54,0.0,0.9,7.49,0.0,planner_debate
llm_vl,react_moa_mcts,mir_operator:decode_layer*,True,92.25,profiled,"latency/launch-bound: 0.00 waves per SM, no unit above 30 % of peak",reduce,0.09,0.0,1.96,0.0,3.8,31.85,0.0,planner_debate
llm_vl,react_moa_mcts,mir_operator:decode_layer*,True,92.25,profiled,"latency/launch-bound: 0.00 waves per SM, no unit above 30 % of peak",elementwise_binary,0.02,0.0,0.82,0.0,1.4,8.31,0.0,planner_debate
llm_vl,react_moa_mcts,mir_operator:decode_layer*,True,92.25,profiled,DRAM-bandwidth-bound,gemv,14.99,0.0,72.51,0.0,44.48,15.92,0.67,planner_debate
llm_vl,react_moa_mcts,mir_operator:decode_layer*,True,92.25,profiled,"latency/launch-bound: 0.00 waves per SM, no unit above 30 % of peak",concat,1.65,0.0,0.31,0.0,0.7,9.91,0.17,planner_debate
llm_vl,react_moa_mcts,mir_operator:decode_layer*,True,92.25,profiled,"latency/launch-bound: 0.00 waves per SM, no unit above 30 % of peak",elementwise_other,0.02,0.0,0.82,0.0,1.07,8.28,0.0,planner_debate
llm_vl,react_moa_mcts,mir_operator:decode_layer*,True,92.25,profiled,"latency/launch-bound: 0.08 waves per SM, no unit above 30 % of peak",attention,0.77,12.42,2.53,0.0,1.49,8.3,0.03,planner_debate
llm_vl,react_moa_mcts,mir_operator:decode_layer*,True,92.25,profiled,"latency/launch-bound: 0.00 waves per SM, no unit above 30 % of peak",copy,0.04,0.0,0.91,0.0,1.56,8.29,0.0,planner_debate
llm_vl,react_moa_mcts,mir_operator:decode_layer*,True,92.25,profiled,"latency/launch-bound: 0.00 waves per SM, no unit above 30 % of peak",elementwise_unary,0.02,0.0,0.73,0.0,0.92,7.73,0.0,planner_debate
llm_vl,react_moa_mcts,mir_operator:decode_layer*,True,92.25,profiled,"latency/launch-bound: 0.00 waves per SM, no unit above 30 % of peak",reduce,0.09,0.0,1.96,0.0,3.79,31.86,0.0,planner_debate
llm_vl,react_moa_mcts,mir_operator:decode_layer*,True,92.25,profiled,"latency/launch-bound: 0.00 waves per SM, no unit above 30 % of peak",elementwise_binary,0.02,0.0,0.82,0.0,1.38,8.3,0.0,planner_debate
llm_vl,react_moa_mcts,mir_operator:decode_layer*,True,92.25,profiled,DRAM-bandwidth-bound,gemv,15.15,0.0,73.61,0.0,45.37,15.96,0.67,planner_debate
llm_vl,react_moa_mcts,mir_operator:decode_layer*,True,92.25,profiled,"latency/launch-bound: 0.00 waves per SM, no unit above 30 % of peak",concat,1.57,0.0,0.31,0.0,0.69,10.08,0.17,planner_debate
llm_vl,react_moa_mcts,mir_operator:decode_layer*,True,92.25,profiled,"latency/launch-bound: 0.00 waves per SM, no unit above 30 % of peak",elementwise_other,0.02,0.0,0.81,0.0,1.09,8.27,0.0,planner_debate
llm_vl,react_moa_mcts,mir_operator:decode_layer*,True,92.25,profiled,"latency/launch-bound: 0.08 waves per SM, no unit above 30 % of peak",attention,0.76,12.52,4.33,0.0,2.32,8.29,0.03,planner_debate
llm_vl,react_moa_mcts,mir_operator:decode_layer*,True,92.25,profiled,"latency/launch-bound: 0.00 waves per SM, no unit above 30 % of peak",copy,0.04,0.0,0.93,0.0,1.58,8.3,0.0,planner_debate
llm_vl,react_moa_mcts,mir_operator:decode_layer*,True,92.25,profiled,"latency/launch-bound: 0.00 waves per SM, no unit above 30 % of peak",elementwise_unary,0.02,0.0,0.52,0.0,0.89,7.71,0.0,planner_debate
llm_vl,react_moa_mcts,mir_operator:decode_layer*,True,92.25,profiled,"latency/launch-bound: 0.00 waves per SM, no unit above 30 % of peak",reduce,0.09,0.0,1.95,0.0,3.78,31.92,0.0,planner_debate
llm_vl,react_moa_mcts,mir_operator:decode_layer*,True,92.25,profiled,"latency/launch-bound: 0.00 waves per SM, no unit above 30 % of peak",elementwise_binary,0.02,0.0,0.83,0.0,1.4,8.3,0.0,planner_debate
llm_vl,react_moa_mcts,mir_operator:decode_layer*,True,92.25,profiled,DRAM-bandwidth-bound,gemv,15.22,0.0,73.7,0.0,44.38,16.08,0.67,planner_debate
llm_vl,react_moa_mcts,mir_operator:decode_layer*,True,92.25,profiled,"latency/launch-bound: 0.00 waves per SM, no unit above 30 % of peak",concat,1.58,0.0,0.31,0.0,0.7,9.82,0.17,planner_debate
llm_vl,react_moa_mcts,mir_operator:decode_layer*,True,92.25,profiled,"latency/launch-bound: 0.00 waves per SM, no unit above 30 % of peak",elementwise_other,0.02,0.0,0.81,0.0,1.06,8.28,0.0,planner_debate
llm_vl,react_moa_mcts,mir_operator:decode_layer*,True,92.25,profiled,"latency/launch-bound: 0.08 waves per SM, no unit above 30 % of peak",attention,0.77,12.55,4.31,0.0,2.31,8.29,0.03,planner_debate
llm_vl,react_moa_mcts,mir_operator:decode_layer*,True,92.25,profiled,"latency/launch-bound: 0.00 waves per SM, no unit above 30 % of peak",copy,0.04,0.0,0.93,0.0,1.69,8.27,0.0,planner_debate
llm_vl,react_moa_mcts,mir_operator:decode_layer*,True,92.25,profiled,"latency/launch-bound: 0.00 waves per SM, no unit above 30 % of peak",elementwise_unary,0.02,0.0,0.54,0.0,0.9,7.69,0.0,planner_debate
llm_vl,react_moa_mcts,mir_operator:decode_layer*,True,92.25,profiled,"latency/launch-bound: 0.00 waves per SM, no unit above 30 % of peak",reduce,0.09,0.0,1.96,0.0,3.77,31.91,0.0,planner_debate
llm_vl,react_moa_mcts,mir_operator:decode_layer*,True,92.25,profiled,"latency/launch-bound: 0.00 waves per SM, no unit above 30 % of peak",elementwise_binary,0.02,0.0,0.83,0.0,1.4,8.31,0.0,planner_debate
llm_vl,react_moa_mcts,mir_operator:decode_layer*,True,92.25,profiled,DRAM-bandwidth-bound,gemv,15.28,0.0,73.97,0.0,43.52,16.0,0.67,planner_debate
llm_vl,react_moa_mcts,mir_operator:decode_layer*,True,92.25,profiled,"latency/launch-bound: 0.00 waves per SM, no unit above 30 % of peak",concat,1.66,0.0,0.31,0.0,0.74,9.72,0.17,planner_debate
llm_vl,react_moa_mcts,mir_operator:decode_layer*,True,92.25,profiled,"latency/launch-bound: 0.00 waves per SM, no unit above 30 % of peak",elementwise_other,0.02,0.0,0.81,0.0,1.08,8.28,0.0,planner_debate
llm_vl,react_moa_mcts,mir_operator:decode_layer*,True,92.25,profiled,"latency/launch-bound: 0.08 waves per SM, no unit above 30 % of peak",attention,0.75,12.42,4.35,0.0,2.33,8.3,0.03,planner_debate
llm_vl,react_moa_mcts,mir_operator:decode_layer*,True,92.25,profiled,"latency/launch-bound: 0.00 waves per SM, no unit above 30 % of peak",copy,0.04,0.0,0.92,0.0,1.57,8.29,0.0,planner_debate
llm_vl,react_moa_mcts,mir_operator:decode_layer*,True,92.25,profiled,"latency/launch-bound: 0.00 waves per SM, no unit above 30 % of peak",elementwise_unary,0.02,0.0,0.51,0.0,0.89,7.69,0.0,planner_debate
llm_vl,react_moa_mcts,mir_operator:decode_layer*,True,92.25,profiled,"latency/launch-bound: 0.00 waves per SM, no unit above 30 % of peak",reduce,0.09,0.0,1.96,0.0,3.8,31.92,0.0,planner_debate
llm_vl,react_moa_mcts,mir_operator:decode_layer*,True,92.25,profiled,"latency/launch-bound: 0.00 waves per SM, no unit above 30 % of peak",elementwise_binary,0.02,0.0,0.83,0.0,1.39,8.3,0.0,planner_debate
llm_vl,react_moa_mcts,mir_operator:decode_layer*,True,92.25,profiled,DRAM-bandwidth-bound,gemv,15.17,0.0,73.77,0.0,44.98,15.96,0.67,planner_debate
llm_vl,react_moa_mcts,mir_operator:decode_layer*,True,92.25,profiled,"latency/launch-bound: 0.00 waves per SM, no unit above 30 % of peak",concat,1.58,0.0,0.31,0.0,0.69,9.73,0.17,planner_debate
llm_vl,react_moa_mcts,mir_operator:decode_layer*,True,92.25,profiled,"latency/launch-bound: 0.00 waves per SM, no unit above 30 % of peak",elementwise_other,0.02,0.0,0.81,0.0,1.05,8.28,0.0,planner_debate
llm_vl,react_moa_mcts,mir_operator:decode_layer*,True,92.25,profiled,"latency/launch-bound: 0.08 waves per SM, no unit above 30 % of peak",attention,0.77,12.41,4.34,0.0,2.33,8.31,0.03,planner_debate
llm_vl,react_moa_mcts,mir_operator:decode_layer*,True,92.25,profiled,"latency/launch-bound: 0.00 waves per SM, no unit above 30 % of peak",copy,0.04,0.0,0.92,0.0,1.57,8.29,0.0,planner_debate
llm_vl,react_moa_mcts,mir_operator:decode_layer*,True,92.25,profiled,"latency/launch-bound: 0.00 waves per SM, no unit above 30 % of peak",elementwise_unary,0.02,0.0,0.53,0.0,0.92,7.6,0.0,planner_debate
llm_vl,react_moa_mcts,mir_operator:decode_layer*,True,92.25,profiled,"latency/launch-bound: 0.00 waves per SM, no unit above 30 % of peak",reduce,0.09,0.0,1.96,0.0,3.78,31.9,0.0,planner_debate
llm_vl,react_moa_mcts,mir_operator:decode_layer*,True,92.25,profiled,"latency/launch-bound: 0.00 waves per SM, no unit above 30 % of peak",elementwise_binary,0.02,0.0,0.82,0.0,1.4,8.31,0.0,planner_debate
llm_vl,react_moa_mcts,mir_operator:decode_layer*,True,92.25,profiled,DRAM-bandwidth-bound,gemv,15.03,0.0,73.77,0.0,45.43,16.04,0.67,planner_debate
llm_vl,react_moa_mcts,mir_operator:decode_layer*,True,92.25,profiled,"latency/launch-bound: 0.00 waves per SM, no unit above 30 % of peak",concat,1.66,0.0,0.31,0.0,0.73,9.71,0.17,planner_debate
llm_vl,react_moa_mcts,mir_operator:decode_layer*,True,92.25,profiled,"latency/launch-bound: 0.00 waves per SM, no unit above 30 % of peak",elementwise_other,0.02,0.0,0.82,0.0,1.07,8.27,0.0,planner_debate
llm_vl,react_moa_mcts,mir_operator:decode_layer*,True,92.25,profiled,"latency/launch-bound: 0.08 waves per SM, no unit above 30 % of peak",attention,0.76,12.51,4.34,0.0,2.32,8.28,0.03,planner_debate
llm_vl,react_moa_mcts,mir_operator:decode_layer*,True,92.25,profiled,"latency/launch-bound: 0.00 waves per SM, no unit above 30 % of peak",copy,0.04,0.0,1.09,0.0,1.86,8.29,0.0,planner_debate
llm_vl,react_moa_mcts,mir_operator:decode_layer*,True,92.25,profiled,"latency/launch-bound: 0.00 waves per SM, no unit above 30 % of peak",elementwise_unary,0.02,0.0,0.52,0.0,0.9,7.67,0.0,planner_debate
llm_vl,react_moa_mcts,mir_operator:decode_layer*,True,92.25,profiled,"latency/launch-bound: 0.00 waves per SM, no unit above 30 % of peak",reduce,0.09,0.0,1.95,0.0,3.77,31.86,0.0,planner_debate
llm_vl,react_moa_mcts,mir_operator:decode_layer*,True,92.25,profiled,"latency/launch-bound: 0.00 waves per SM, no unit above 30 % of peak",elementwise_binary,0.02,0.0,0.82,0.0,1.37,8.3,0.0,planner_debate
llm_vl,react_moa_mcts,mir_operator:decode_layer*,True,92.25,profiled,DRAM-bandwidth-bound,gemv,15.29,0.0,74.74,0.0,44.24,16.03,0.67,planner_debate
llm_vl,react_moa_mcts,mir_operator:decode_layer*,True,92.25,profiled,"latency/launch-bound: 0.00 waves per SM, no unit above 30 % of peak",concat,1.58,0.0,0.32,0.0,0.7,9.82,0.17,planner_debate
llm_vl,react_moa_mcts,mir_operator:decode_layer*,True,92.25,profiled,"latency/launch-bound: 0.00 waves per SM, no unit above 30 % of peak",elementwise_other,0.02,0.0,0.81,0.0,1.07,8.28,0.0,planner_debate
llm_vl,react_moa_mcts,mir_operator:decode_layer*,True,92.25,profiled,"latency/launch-bound: 0.08 waves per SM, no unit above 30 % of peak",attention,0.77,12.54,4.33,0.0,2.31,8.29,0.03,planner_debate
llm_vl,react_moa_mcts,mir_operator:decode_layer*,True,92.25,profiled,"latency/launch-bound: 0.00 waves per SM, no unit above 30 % of peak",copy,0.03,0.0,0.76,0.0,1.04,8.3,0.0,planner_debate
llm_vl,react_moa_mcts,mir_operator:decode_layer*,True,92.25,profiled,"latency/launch-bound: 0.00 waves per SM, no unit above 30 % of peak",elementwise_unary,0.02,0.0,0.71,0.0,0.91,7.73,0.0,planner_debate
llm_vl,react_moa_mcts,mir_operator:decode_layer*,True,92.25,profiled,"latency/launch-bound: 0.00 waves per SM, no unit above 30 % of peak",reduce,0.09,0.0,1.96,0.0,3.79,31.88,0.0,planner_debate
llm_vl,react_moa_mcts,mir_operator:decode_layer*,True,92.25,profiled,"latency/launch-bound: 0.00 waves per SM, no unit above 30 % of peak",elementwise_binary,0.02,0.0,0.82,0.0,1.41,8.31,0.0,planner_debate
llm_vl,react_moa_mcts,mir_operator:decode_layer*,True,92.25,profiled,DRAM-bandwidth-bound,gemv,15.12,0.0,73.56,0.0,45.38,16.09,0.67,planner_debate
llm_vl,react_moa_mcts,mir_operator:decode_layer*,True,92.25,profiled,"latency/launch-bound: 0.00 waves per SM, no unit above 30 % of peak",concat,1.61,0.0,0.31,0.0,0.7,9.83,0.17,planner_debate
llm_vl,react_moa_mcts,mir_operator:decode_layer*,True,92.25,profiled,"latency/launch-bound: 0.00 waves per SM, no unit above 30 % of peak",elementwise_other,0.02,0.0,0.81,0.0,1.05,8.28,0.0,planner_debate
llm_vl,react_moa_mcts,mir_operator:decode_layer*,True,92.25,profiled,"latency/launch-bound: 0.08 waves per SM, no unit above 30 % of peak",attention,0.76,12.38,4.33,0.0,2.33,8.3,0.03,planner_debate
llm_vl,react_moa_mcts,mir_operator:decode_layer*,True,92.25,profiled,"latency/launch-bound: 0.00 waves per SM, no unit above 30 % of peak",copy,0.04,0.0,0.92,0.0,1.61,8.29,0.0,planner_debate
llm_vl,react_moa_mcts,mir_operator:decode_layer*,True,92.25,profiled,"latency/launch-bound: 0.00 waves per SM, no unit above 30 % of peak",elementwise_unary,0.02,0.0,0.53,0.0,0.89,7.65,0.0,planner_debate
llm_vl,react_moa_mcts,mir_operator:decode_layer*,True,92.25,profiled,"latency/launch-bound: 0.00 waves per SM, no unit above 30 % of peak",reduce,0.09,0.0,1.96,0.0,3.78,31.87,0.0,planner_debate
llm_vl,react_moa_mcts,mir_operator:decode_layer*,True,92.25,profiled,"latency/launch-bound: 0.00 waves per SM, no unit above 30 % of peak",elementwise_binary,0.02,0.0,0.82,0.0,1.4,8.3,0.0,planner_debate
llm_vl,react_moa_mcts,mir_operator:decode_layer*,True,92.25,profiled,DRAM-bandwidth-bound,gemv,15.15,0.0,73.56,0.0,44.99,16.0,0.67,planner_debate
llm_vl,react_moa_mcts,mir_operator:decode_layer*,True,92.25,profiled,"latency/launch-bound: 0.00 waves per SM, no unit above 30 % of peak",concat,1.56,0.0,0.31,0.0,0.7,9.71,0.17,planner_debate
llm_vl,react_moa_mcts,mir_operator:decode_layer*,True,92.25,profiled,"latency/launch-bound: 0.00 waves per SM, no unit above 30 % of peak",elementwise_other,0.02,0.0,0.81,0.0,1.38,8.28,0.0,planner_debate
llm_vl,react_moa_mcts,mir_operator:decode_layer*,True,92.25,profiled,"latency/launch-bound: 0.08 waves per SM, no unit above 30 % of peak",attention,0.77,12.56,4.34,0.0,2.33,8.3,0.03,planner_debate
llm_vl,react_moa_mcts,mir_operator:decode_layer*,True,92.25,profiled,"latency/launch-bound: 0.00 waves per SM, no unit above 30 % of peak",copy,0.04,0.0,0.93,0.0,1.6,8.29,0.0,planner_debate
llm_vl,react_moa_mcts,mir_operator:decode_layer*,True,92.25,profiled,"latency/launch-bound: 0.00 waves per SM, no unit above 30 % of peak",elementwise_unary,0.02,0.0,0.72,0.0,0.9,7.6,0.0,planner_debate
llm_vl,react_moa_mcts,mir_operator:decode_layer*,True,92.25,profiled,"latency/launch-bound: 0.00 waves per SM, no unit above 30 % of peak",reduce,0.09,0.0,1.96,0.0,3.8,31.92,0.0,planner_debate
llm_vl,react_moa_mcts,mir_operator:decode_layer*,True,92.25,profiled,"latency/launch-bound: 0.00 waves per SM, no unit above 30 % of peak",elementwise_binary,0.02,0.0,0.82,0.0,1.57,8.31,0.0,planner_debate
llm_vl,react_moa_mcts,mir_operator:decode_layer*,True,92.25,profiled,DRAM-bandwidth-bound,gemv,15.07,0.0,73.75,0.0,44.68,16.01,0.67,planner_debate
llm_vl,react_moa_mcts,mir_operator:decode_layer*,True,92.25,profiled,"latency/launch-bound: 0.00 waves per SM, no unit above 30 % of peak",concat,1.66,0.0,0.32,0.0,1.01,9.72,0.17,planner_debate
llm_vl,react_moa_mcts,mir_operator:decode_layer*,True,92.25,profiled,"latency/launch-bound: 0.00 waves per SM, no unit above 30 % of peak",elementwise_other,0.02,0.0,0.82,0.0,1.06,8.28,0.0,planner_debate
llm_vl,react_moa_mcts,mir_operator:decode_layer*,True,92.25,profiled,"latency/launch-bound: 0.08 waves per SM, no unit above 30 % of peak",attention,0.78,12.48,4.3,0.0,2.29,8.3,0.03,planner_debate
llm_vl,react_moa_mcts,mir_operator:decode_layer*,True,92.25,profiled,"latency/launch-bound: 0.00 waves per SM, no unit above 30 % of peak",copy,0.04,0.0,0.94,0.0,1.61,8.28,0.0,planner_debate
llm_vl,react_moa_mcts,mir_operator:decode_layer*,True,92.25,profiled,"latency/launch-bound: 0.00 waves per SM, no unit above 30 % of peak",elementwise_unary,0.02,0.0,0.52,0.0,0.91,7.7,0.0,planner_debate
llm_vl,react_moa_mcts,mir_operator:decode_layer*,True,92.25,profiled,"latency/launch-bound: 0.00 waves per SM, no unit above 30 % of peak",reduce,0.09,0.0,1.96,0.0,3.8,31.84,0.0,planner_debate
llm_vl,react_moa_mcts,mir_operator:decode_layer*,True,92.25,profiled,"latency/launch-bound: 0.00 waves per SM, no unit above 30 % of peak",elementwise_binary,0.02,0.0,0.83,0.0,1.4,8.3,0.0,planner_debate
llm_vl,react_moa_mcts,mir_operator:decode_layer*,True,92.25,profiled,DRAM-bandwidth-bound,gemv,15.03,0.0,72.78,0.0,44.78,16.01,0.67,planner_debate
llm_vl,react_moa_mcts,mir_operator:decode_layer*,True,92.25,profiled,"latency/launch-bound: 0.00 waves per SM, no unit above 30 % of peak",concat,1.67,0.0,0.31,0.0,0.7,9.71,0.17,planner_debate
llm_vl,react_moa_mcts,mir_operator:decode_layer*,True,92.25,profiled,"latency/launch-bound: 0.00 waves per SM, no unit above 30 % of peak",elementwise_other,0.02,0.0,0.81,0.0,1.25,8.28,0.0,planner_debate
llm_vl,react_moa_mcts,mir_operator:decode_layer*,True,92.25,profiled,"latency/launch-bound: 0.08 waves per SM, no unit above 30 % of peak",attention,0.77,12.42,4.3,0.0,2.31,8.3,0.03,planner_debate
llm_vl,react_moa_mcts,mir_operator:decode_layer*,True,92.25,profiled,"latency/launch-bound: 0.00 waves per SM, no unit above 30 % of peak",copy,0.04,0.0,0.92,0.0,1.58,8.31,0.0,planner_debate
llm_vl,react_moa_mcts,mir_operator:decode_layer*,True,92.25,profiled,"latency/launch-bound: 0.00 waves per SM, no unit above 30 % of peak",elementwise_unary,0.02,0.0,0.52,0.0,0.92,7.72,0.0,planner_debate
llm_vl,react_moa_mcts,mir_operator:decode_layer*,True,92.25,profiled,"latency/launch-bound: 0.00 waves per SM, no unit above 30 % of peak",reduce,0.09,0.0,1.96,0.0,3.79,31.87,0.0,planner_debate
llm_vl,react_moa_mcts,mir_operator:decode_layer*,True,92.25,profiled,"latency/launch-bound: 0.00 waves per SM, no unit above 30 % of peak",elementwise_binary,0.02,0.0,0.83,0.0,1.49,8.31,0.0,planner_debate
llm_vl,react_moa_mcts,mir_operator:decode_layer*,True,92.25,profiled,DRAM-bandwidth-bound,gemv,15.38,0.0,73.77,0.0,45.29,16.13,0.67,planner_debate
llm_vl,react_moa_mcts,mir_operator:decode_layer*,True,92.25,profiled,"latency/launch-bound: 0.00 waves per SM, no unit above 30 % of peak",concat,1.6,0.0,0.32,0.0,0.7,9.64,0.17,planner_debate
llm_vl,react_moa_mcts,mir_operator:decode_layer*,True,92.25,profiled,"latency/launch-bound: 0.00 waves per SM, no unit above 30 % of peak",elementwise_other,0.02,0.0,0.81,0.0,1.11,8.28,0.0,planner_debate
llm_vl,react_moa_mcts,mir_operator:decode_layer*,True,92.25,profiled,"latency/launch-bound: 0.08 waves per SM, no unit above 30 % of peak",attention,0.76,12.52,4.35,0.0,3.53,8.29,0.03,planner_debate
llm_vl,react_moa_mcts,mir_operator:decode_layer*,True,92.25,profiled,"latency/launch-bound: 0.00 waves per SM, no unit above 30 % of peak",copy,0.04,0.0,0.92,0.0,1.97,8.29,0.0,planner_debate
llm_vl,react_moa_mcts,mir_operator:decode_layer*,True,92.25,profiled,"latency/launch-bound: 0.00 waves per SM, no unit above 30 % of peak",elementwise_unary,0.02,0.0,0.53,0.0,0.88,7.64,0.0,planner_debate
llm_vl,react_moa_mcts,mir_operator:decode_layer*,True,92.25,profiled,"latency/launch-bound: 0.00 waves per SM, no unit above 30 % of peak",reduce,0.09,0.0,1.96,0.0,3.8,31.87,0.0,planner_debate
llm_vl,react_moa_mcts,mir_operator:decode_layer*,True,92.25,profiled,"latency/launch-bound: 0.00 waves per SM, no unit above 30 % of peak",elementwise_binary,0.02,0.0,0.82,0.0,1.45,8.31,0.0,planner_debate
llm_vl,react_moa_mcts,mir_operator:decode_layer*,True,92.25,profiled,DRAM-bandwidth-bound,gemv,15.17,0.0,73.98,0.0,45.31,15.99,0.67,planner_debate
llm_vl,react_moa_mcts,mir_operator:decode_layer*,True,92.25,profiled,"latency/launch-bound: 0.00 waves per SM, no unit above 30 % of peak",concat,1.59,0.0,0.31,0.0,0.72,9.88,0.17,planner_debate
llm_vl,react_moa_mcts,mir_operator:decode_layer*,True,92.25,profiled,"latency/launch-bound: 0.00 waves per SM, no unit above 30 % of peak",elementwise_other,0.02,0.0,0.82,0.0,1.06,8.28,0.0,planner_debate
llm_vl,react_moa_mcts,mir_operator:decode_layer*,True,92.25,profiled,"latency/launch-bound: 0.08 waves per SM, no unit above 30 % of peak",attention,0.76,12.33,4.31,0.0,2.3,8.31,0.03,planner_debate
llm_vl,react_moa_mcts,mir_operator:decode_layer*,True,92.25,profiled,"latency/launch-bound: 0.00 waves per SM, no unit above 30 % of peak",copy,0.04,0.0,0.93,0.0,1.59,8.29,0.0,planner_debate
llm_vl,react_moa_mcts,mir_operator:decode_layer*,True,92.25,profiled,"latency/launch-bound: 0.00 waves per SM, no unit above 30 % of peak",elementwise_unary,0.02,0.0,0.53,0.0,0.89,7.73,0.0,planner_debate
llm_vl,react_moa_mcts,mir_operator:decode_layer*,True,92.25,profiled,"latency/launch-bound: 0.00 waves per SM, no unit above 30 % of peak",reduce,0.09,0.0,1.96,0.0,3.81,31.83,0.0,planner_debate
llm_vl,react_moa_mcts,mir_operator:decode_layer*,True,92.25,profiled,"latency/launch-bound: 0.00 waves per SM, no unit above 30 % of peak",elementwise_binary,0.02,0.0,0.82,0.0,1.39,8.31,0.0,planner_debate
llm_vl,react_moa_mcts,mir_operator:decode_layer*,True,92.25,profiled,DRAM-bandwidth-bound,gemv,15.29,0.0,73.39,0.0,45.4,15.97,0.67,planner_debate
llm_vl,react_moa_mcts,mir_operator:decode_layer*,True,92.25,profiled,"latency/launch-bound: 0.00 waves per SM, no unit above 30 % of peak",concat,1.59,0.0,0.31,0.0,0.72,9.76,0.17,planner_debate
llm_vl,react_moa_mcts,mir_operator:decode_layer*,True,92.25,profiled,"latency/launch-bound: 0.00 waves per SM, no unit above 30 % of peak",elementwise_other,0.02,0.0,0.81,0.0,1.05,8.28,0.0,planner_debate
llm_vl,react_moa_mcts,mir_operator:decode_layer*,True,92.25,profiled,"latency/launch-bound: 0.08 waves per SM, no unit above 30 % of peak",attention,0.78,12.55,5.71,0.0,2.61,8.3,0.03,planner_debate
llm_vl,react_moa_mcts,mir_operator:decode_layer*,True,92.25,profiled,"latency/launch-bound: 0.00 waves per SM, no unit above 30 % of peak",copy,0.04,0.0,0.92,0.0,1.85,8.3,0.0,planner_debate
llm_vl,react_moa_mcts,mir_operator:decode_layer*,True,92.25,profiled,"latency/launch-bound: 0.00 waves per SM, no unit above 30 % of peak",elementwise_unary,0.02,0.0,0.54,0.0,0.9,7.58,0.0,planner_debate
llm_vl,react_moa_mcts,mir_operator:decode_layer*,True,92.25,profiled,"latency/launch-bound: 0.00 waves per SM, no unit above 30 % of peak",reduce,0.09,0.0,1.98,0.0,3.83,31.94,0.0,planner_debate
llm_vl,react_moa_mcts,mir_operator:decode_layer*,True,92.25,profiled,"latency/launch-bound: 0.00 waves per SM, no unit above 30 % of peak",elementwise_binary,0.02,0.0,0.83,0.0,1.51,8.31,0.0,planner_debate
llm_vl,react_moa_mcts,mir_operator:decode_layer*,True,92.25,profiled,DRAM-bandwidth-bound,gemv,15.2,0.0,73.88,0.0,44.15,16.06,0.67,planner_debate
llm_vl,react_moa_mcts,mir_operator:decode_layer*,True,92.25,profiled,"latency/launch-bound: 0.00 waves per SM, no unit above 30 % of peak",concat,1.19,0.0,0.31,0.0,0.7,9.14,0.11,planner_debate
llm_vl,react_moa_mcts,mir_operator:decode_layer*,True,92.25,profiled,"latency/launch-bound: 0.00 waves per SM, no unit above 30 % of peak",elementwise_other,0.02,0.0,0.82,0.0,1.07,8.27,0.0,planner_debate
llm_vl,react_moa_mcts,mir_operator:decode_layer*,True,92.25,profiled,"latency/launch-bound: 0.05 waves per SM, no unit above 30 % of peak",attention,0.6,12.74,3.33,0.0,2.11,8.29,0.03,planner_debate
llm_vl,react_moa_mcts,mir_operator:decode_layer*,True,92.25,profiled,"latency/launch-bound: 0.00 waves per SM, no unit above 30 % of peak",copy,0.04,0.0,0.92,0.0,1.57,8.3,0.0,planner_debate
llm_vl,react_moa_mcts,mir_operator:decode_layer*,True,92.25,profiled,"latency/launch-bound: 0.00 waves per SM, no unit above 30 % of peak",elementwise_unary,0.02,0.0,0.53,0.0,0.89,7.69,0.0,planner_debate
llm_vl,react_moa_mcts,mir_operator:decode_layer*,True,92.25,profiled,"latency/launch-bound: 0.00 waves per SM, no unit above 30 % of peak",reduce,0.09,0.0,1.97,0.0,3.82,31.93,0.0,planner_debate
llm_vl,react_moa_mcts,mir_operator:decode_layer*,True,92.25,profiled,"latency/launch-bound: 0.00 waves per SM, no unit above 30 % of peak",elementwise_binary,0.02,0.0,0.83,0.0,1.4,8.31,0.0,planner_debate
llm_vl,react_moa_mcts,mir_operator:decode_layer*,True,92.25,profiled,DRAM-bandwidth-bound,gemv,15.17,0.0,74.64,0.0,45.59,16.1,0.67,planner_debate
llm_vl,react_moa_mcts,mir_operator:decode_layer*,True,92.25,profiled,"latency/launch-bound: 0.00 waves per SM, no unit above 30 % of peak",concat,1.18,0.0,0.31,0.0,0.71,9.13,0.11,planner_debate
llm_vl,react_moa_mcts,mir_operator:decode_layer*,True,92.25,profiled,"latency/launch-bound: 0.00 waves per SM, no unit above 30 % of peak",elementwise_other,0.02,0.0,0.83,0.0,1.08,8.3,0.0,planner_debate
llm_vl,react_moa_mcts,mir_operator:decode_layer*,True,92.25,profiled,"latency/launch-bound: 0.05 waves per SM, no unit above 30 % of peak",attention,0.6,12.62,3.32,0.0,2.14,8.31,0.03,planner_debate
llm_vl,react_moa_mcts,mir_operator:decode_layer*,True,92.25,profiled,"latency/launch-bound: 0.00 waves per SM, no unit above 30 % of peak",copy,0.04,0.0,0.9,0.0,1.75,8.28,0.0,planner_debate
llm_vl,react_moa_mcts,mir_operator:decode_layer*,True,92.25,profiled,"latency/launch-bound: 0.00 waves per SM, no unit above 30 % of peak",elementwise_unary,0.02,0.0,0.54,0.0,0.92,7.64,0.0,planner_debate
llm_vl,react_moa_mcts,mir_operator:decode_layer*,True,92.25,profiled,"latency/launch-bound: 0.00 waves per SM, no unit above 30 % of peak",reduce,0.09,0.0,1.99,0.0,3.85,31.91,0.0,planner_debate
llm_vl,react_moa_mcts,mir_operator:decode_layer*,True,92.25,profiled,"latency/launch-bound: 0.00 waves per SM, no unit above 30 % of peak",elementwise_binary,0.02,0.0,0.83,0.0,1.41,8.31,0.0,planner_debate
llm_vl,react_moa_mcts,mir_operator:decode_layer*,True,92.25,profiled,DRAM-bandwidth-bound,gemv,15.3,0.0,75.28,0.0,44.27,16.02,0.67,planner_debate
llm_vl,react_moa_mcts,mir_operator:decode_layer*,True,92.25,profiled,"latency/launch-bound: 0.00 waves per SM, no unit above 30 % of peak",concat,1.15,0.0,0.32,0.0,0.9,9.08,0.11,planner_debate
llm_vl,react_moa_mcts,mir_operator:decode_layer*,True,92.25,profiled,"latency/launch-bound: 0.00 waves per SM, no unit above 30 % of peak",elementwise_other,0.02,0.0,0.82,0.0,1.42,8.28,0.0,planner_debate
llm_vl,react_moa_mcts,mir_operator:decode_layer*,True,92.25,profiled,"latency/launch-bound: 0.05 waves per SM, no unit above 30 % of peak",attention,0.6,12.62,3.37,0.0,2.14,8.29,0.03,planner_debate
llm_vl,react_moa_mcts,mir_operator:decode_layer*,True,92.25,profiled,"latency/launch-bound: 0.00 waves per SM, no unit above 30 % of peak",copy,0.04,0.0,1.08,0.0,1.84,8.29,0.0,planner_debate
llm_vl,react_moa_mcts,mir_operator:decode_layer*,True,92.25,profiled,"latency/launch-bound: 0.00 waves per SM, no unit above 30 % of peak",elementwise_unary,0.02,0.0,0.54,0.0,0.9,7.66,0.0,planner_debate
llm_vl,react_moa_mcts,mir_operator:decode_layer*,True,92.25,profiled,"latency/launch-bound: 0.00 waves per SM, no unit above 30 % of peak",reduce,0.09,0.0,1.97,0.0,3.81,31.96,0.0,planner_debate
llm_vl,react_moa_mcts,mir_operator:decode_layer*,True,92.25,profiled,"latency/launch-bound: 0.00 waves per SM, no unit above 30 % of peak",elementwise_binary,0.02,0.0,0.82,0.0,1.46,8.31,0.0,planner_debate
llm_vl,react_moa_mcts,mir_operator:decode_layer*,True,92.25,profiled,DRAM-bandwidth-bound,gemv,15.41,0.0,74.9,0.0,45.41,16.13,0.67,planner_debate
llm_vl,react_moa_mcts,mir_operator:decode_layer*,True,92.25,profiled,"latency/launch-bound: 0.00 waves per SM, no unit above 30 % of peak",concat,1.2,0.0,0.35,0.0,0.92,9.13,0.11,planner_debate
llm_vl,react_moa_mcts,mir_operator:decode_layer*,True,92.25,profiled,"latency/launch-bound: 0.00 waves per SM, no unit above 30 % of peak",elementwise_other,0.02,0.0,0.82,0.0,1.12,8.27,0.0,planner_debate
llm_vl,react_moa_mcts,mir_operator:decode_layer*,True,92.25,profiled,"latency/launch-bound: 0.05 waves per SM, no unit above 30 % of peak",attention,0.61,12.65,3.37,0.0,2.14,8.28,0.03,planner_debate
llm_vl,react_moa_mcts,mir_operator:decode_layer*,True,92.25,profiled,"latency/launch-bound: 0.00 waves per SM, no unit above 30 % of peak",copy,0.04,0.0,0.91,0.0,1.77,8.29,0.0,planner_debate
llm_vl,react_moa_mcts,mir_operator:decode_layer*,True,92.25,profiled,"latency/launch-bound: 0.00 waves per SM, no unit above 30 % of peak",elementwise_unary,0.02,0.0,0.54,0.0,0.89,7.66,0.0,planner_debate
llm_vl,react_moa_mcts,mir_operator:decode_layer*,True,92.25,profiled,"latency/launch-bound: 0.00 waves per SM, no unit above 30 % of peak",reduce,0.09,0.0,1.96,0.0,3.79,31.89,0.0,planner_debate
llm_vl,react_moa_mcts,mir_operator:decode_layer*,True,92.25,profiled,"latency/launch-bound: 0.00 waves per SM, no unit above 30 % of peak",elementwise_binary,0.02,0.0,0.83,0.0,1.5,8.31,0.0,planner_debate
llm_vl,react_moa_mcts,mir_operator:decode_layer*,True,92.25,profiled,DRAM-bandwidth-bound,gemv,15.35,0.0,74.65,0.0,45.96,16.13,0.67,planner_debate
llm_vl,react_moa_mcts,mir_operator:decode_layer*,True,92.25,profiled,"latency/launch-bound: 0.00 waves per SM, no unit above 30 % of peak",concat,1.15,0.0,0.31,0.0,0.7,9.1,0.11,planner_debate
llm_vl,react_moa_mcts,mir_operator:decode_layer*,True,92.25,profiled,"latency/launch-bound: 0.00 waves per SM, no unit above 30 % of peak",elementwise_other,0.02,0.0,0.82,0.0,1.24,8.27,0.0,planner_debate
llm_vl,react_moa_mcts,mir_operator:decode_layer*,True,92.25,profiled,"latency/launch-bound: 0.05 waves per SM, no unit above 30 % of peak",attention,0.6,12.52,3.36,0.0,2.2,8.28,0.03,planner_debate
llm_vl,react_moa_mcts,mir_operator:decode_layer*,True,92.25,profiled,"latency/launch-bound: 0.00 waves per SM, no unit above 30 % of peak",copy,0.04,0.0,0.93,0.0,1.63,8.29,0.0,planner_debate
llm_vl,react_moa_mcts,mir_operator:decode_layer*,True,92.25,profiled,"latency/launch-bound: 0.00 waves per SM, no unit above 30 % of peak",elementwise_unary,0.02,0.0,0.54,0.0,0.9,7.68,0.0,planner_debate
llm_vl,react_moa_mcts,mir_operator:decode_layer*,True,92.25,profiled,"latency/launch-bound: 0.00 waves per SM, no unit above 30 % of peak",reduce,0.09,0.0,1.98,0.0,3.84,31.88,0.0,planner_debate
llm_vl,react_moa_mcts,mir_operator:decode_layer*,True,92.25,profiled,"latency/launch-bound: 0.00 waves per SM, no unit above 30 % of peak",elementwise_binary,0.02,0.0,0.83,0.0,1.41,8.3,0.0,planner_debate
llm_vl,react_moa_mcts,mir_operator:decode_layer*,True,92.25,profiled,DRAM-bandwidth-bound,gemv,15.41,0.0,74.87,0.0,45.61,16.09,0.67,planner_debate
llm_vl,react_moa_mcts,mir_operator:decode_layer*,True,92.25,profiled,"latency/launch-bound: 0.00 waves per SM, no unit above 30 % of peak",concat,1.18,0.0,0.31,0.0,0.71,9.17,0.11,planner_debate
llm_vl,react_moa_mcts,mir_operator:decode_layer*,True,92.25,profiled,"latency/launch-bound: 0.00 waves per SM, no unit above 30 % of peak",elementwise_other,0.02,0.0,0.82,0.0,1.13,8.29,0.0,planner_debate
llm_vl,react_moa_mcts,mir_operator:decode_layer*,True,92.25,profiled,"latency/launch-bound: 0.05 waves per SM, no unit above 30 % of peak",attention,0.61,12.57,3.33,0.0,2.14,8.29,0.03,planner_debate
llm_vl,react_moa_mcts,mir_operator:decode_layer*,True,92.25,profiled,"latency/launch-bound: 0.00 waves per SM, no unit above 30 % of peak",copy,0.04,0.0,0.92,0.0,2.26,8.29,0.0,planner_debate
llm_vl,react_moa_mcts,mir_operator:decode_layer*,True,92.25,profiled,"latency/launch-bound: 0.00 waves per SM, no unit above 30 % of peak",elementwise_unary,0.02,0.0,0.43,0.0,0.92,7.35,0.0,planner_debate
llm_vl,react_moa_mcts,mir_operator:decode_layer*,True,92.25,profiled,"latency/launch-bound: 0.00 waves per SM, no unit above 30 % of peak",reduce,0.09,0.0,1.97,0.0,3.81,31.83,0.0,planner_debate
llm_vl,react_moa_mcts,mir_operator:decode_layer*,True,92.25,profiled,"latency/launch-bound: 0.00 waves per SM, no unit above 30 % of peak",elementwise_binary,0.02,0.0,0.83,0.0,1.49,8.31,0.0,planner_debate
llm_vl,react_moa_mcts,mir_operator:decode_layer*,True,92.25,profiled,DRAM-bandwidth-bound,gemv,15.45,0.0,75.08,0.0,45.67,16.06,0.67,planner_debate
llm_vl,react_moa_mcts,mir_operator:decode_layer*,True,92.25,profiled,"latency/launch-bound: 0.00 waves per SM, no unit above 30 % of peak",concat,1.19,0.0,0.28,0.0,0.74,9.14,0.11,planner_debate
llm_vl,react_moa_mcts,mir_operator:decode_layer*,True,92.25,profiled,"latency/launch-bound: 0.00 waves per SM, no unit above 30 % of peak",elementwise_other,0.02,0.0,0.82,0.0,1.25,8.29,0.0,planner_debate
llm_vl,react_moa_mcts,mir_operator:decode_layer*,True,92.25,profiled,"latency/launch-bound: 0.05 waves per SM, no unit above 30 % of peak",attention,0.61,12.58,3.34,0.0,2.13,8.25,0.03,planner_debate
llm_vl,react_moa_mcts,mir_operator:decode_layer*,True,92.25,profiled,"latency/launch-bound: 0.00 waves per SM, no unit above 30 % of peak",copy,0.04,0.0,0.92,0.0,1.57,8.29,0.0,planner_debate
llm_vl,react_moa_mcts,mir_operator:decode_layer*,True,92.25,profiled,"latency/launch-bound: 0.00 waves per SM, no unit above 30 % of peak",elementwise_unary,0.02,0.0,0.53,0.0,0.88,7.62,0.0,planner_debate
llm_vl,react_moa_mcts,mir_operator:decode_layer*,True,92.25,profiled,"latency/launch-bound: 0.00 waves per SM, no unit above 30 % of peak",reduce,0.09,0.0,1.99,0.0,3.83,31.86,0.0,planner_debate
llm_vl,react_moa_mcts,mir_operator:decode_layer*,True,92.25,profiled,"latency/launch-bound: 0.00 waves per SM, no unit above 30 % of peak",elementwise_binary,0.02,0.0,0.83,0.0,1.45,8.31,0.0,planner_debate
llm_vl,react_moa_mcts,mir_operator:decode_layer*,True,92.25,profiled,DRAM-bandwidth-bound,gemv,15.52,0.0,75.32,0.0,46.0,16.16,0.67,planner_debate
llm_vl,react_moa_mcts,mir_operator:decode_layer*,True,92.25,profiled,"latency/launch-bound: 0.00 waves per SM, no unit above 30 % of peak",concat,1.14,0.0,0.32,0.0,0.74,9.12,0.11,planner_debate
llm_vl,react_moa_mcts,mir_operator:decode_layer*,True,92.25,profiled,"latency/launch-bound: 0.00 waves per SM, no unit above 30 % of peak",elementwise_other,0.02,0.0,0.83,0.0,1.08,8.29,0.0,planner_debate
llm_vl,react_moa_mcts,mir_operator:decode_layer*,True,92.25,profiled,"latency/launch-bound: 0.05 waves per SM, no unit above 30 % of peak",attention,0.61,12.76,3.37,0.0,2.17,8.29,0.03,planner_debate
llm_vl,react_moa_mcts,mir_operator:decode_layer*,True,92.25,profiled,"latency/launch-bound: 0.00 waves per SM, no unit above 30 % of peak",copy,0.04,0.0,0.92,0.0,1.6,8.29,0.0,planner_debate
llm_vl,react_moa_mcts,mir_operator:decode_layer*,True,92.25,profiled,"latency/launch-bound: 0.00 waves per SM, no unit above 30 % of peak",elementwise_unary,0.02,0.0,0.54,0.0,0.91,7.56,0.0,planner_debate
llm_vl,react_moa_mcts,mir_operator:decode_layer*,True,92.25,profiled,"latency/launch-bound: 0.00 waves per SM, no unit above 30 % of peak",reduce,0.09,0.0,1.98,0.0,3.81,31.89,0.0,planner_debate
llm_vl,react_moa_mcts,mir_operator:decode_layer*,True,92.25,profiled,"latency/launch-bound: 0.00 waves per SM, no unit above 30 % of peak",elementwise_binary,0.02,0.0,0.83,0.0,1.41,8.31,0.0,planner_debate
llm_vl,react_moa_mcts,mir_operator:decode_layer*,True,92.25,profiled,DRAM-bandwidth-bound,gemv,15.47,0.0,75.43,0.0,46.05,16.14,0.67,planner_debate
llm_vl,react_moa_mcts,mir_operator:decode_layer*,True,92.25,profiled,"latency/launch-bound: 0.00 waves per SM, no unit above 30 % of peak",concat,1.15,0.0,0.35,0.0,0.9,9.11,0.11,planner_debate
llm_vl,react_moa_mcts,mir_operator:decode_layer*,True,92.25,profiled,"latency/launch-bound: 0.00 waves per SM, no unit above 30 % of peak",elementwise_other,0.02,0.0,0.83,0.0,1.07,8.29,0.0,planner_debate
llm_vl,react_moa_mcts,mir_operator:decode_layer*,True,92.25,profiled,"latency/launch-bound: 0.05 waves per SM, no unit above 30 % of peak",attention,0.6,12.38,3.36,0.0,2.17,8.29,0.03,planner_debate
llm_vl,react_moa_mcts,mir_operator:decode_layer*,True,92.25,profiled,"latency/launch-bound: 0.00 waves per SM, no unit above 30 % of peak",copy,0.04,0.0,0.92,0.0,1.62,8.29,0.0,planner_debate
llm_vl,react_moa_mcts,mir_operator:decode_layer*,True,92.25,profiled,"latency/launch-bound: 0.00 waves per SM, no unit above 30 % of peak",elementwise_unary,0.02,0.0,0.54,0.0,0.91,7.53,0.0,planner_debate
llm_vl,react_moa_mcts,mir_operator:decode_layer*,True,92.25,profiled,"latency/launch-bound: 0.00 waves per SM, no unit above 30 % of peak",reduce,0.09,0.0,1.98,0.0,3.87,31.89,0.0,planner_debate
llm_vl,react_moa_mcts,mir_operator:decode_layer*,True,92.25,profiled,"latency/launch-bound: 0.00 waves per SM, no unit above 30 % of peak",elementwise_binary,0.02,0.0,0.83,0.0,1.53,8.31,0.0,planner_debate
llm_vl,react_moa_mcts,mir_operator:decode_layer*,True,92.25,profiled,DRAM-bandwidth-bound,gemv,15.62,0.0,75.29,0.0,46.0,16.12,0.67,planner_debate
llm_vl,react_moa_mcts,mir_operator:decode_layer*,True,92.25,profiled,"latency/launch-bound: 0.00 waves per SM, no unit above 30 % of peak",concat,1.15,0.0,0.31,0.0,0.7,9.13,0.11,planner_debate
llm_vl,react_moa_mcts,mir_operator:decode_layer*,True,92.25,profiled,"latency/launch-bound: 0.00 waves per SM, no unit above 30 % of peak",elementwise_other,0.02,0.0,0.82,0.0,1.09,8.3,0.0,planner_debate
llm_vl,react_moa_mcts,mir_operator:decode_layer*,True,92.25,profiled,"latency/launch-bound: 0.05 waves per SM, no unit above 30 % of peak",attention,0.61,12.58,3.34,0.0,2.14,8.3,0.03,planner_debate
llm_vl,react_moa_mcts,mir_operator:decode_layer*,True,92.25,profiled,"latency/launch-bound: 0.00 waves per SM, no unit above 30 % of peak",copy,0.04,0.0,0.93,0.0,1.87,8.29,0.0,planner_debate
llm_vl,react_moa_mcts,mir_operator:decode_layer*,True,92.25,profiled,"latency/launch-bound: 0.00 waves per SM, no unit above 30 % of peak",elementwise_unary,0.02,0.0,0.54,0.0,0.95,7.65,0.0,planner_debate
llm_vl,react_moa_mcts,mir_operator:decode_layer*,True,92.25,profiled,"latency/launch-bound: 0.00 waves per SM, no unit above 30 % of peak",reduce,0.09,0.0,1.98,0.0,3.87,31.89,0.0,planner_debate
llm_vl,react_moa_mcts,mir_operator:decode_layer*,True,92.25,profiled,"latency/launch-bound: 0.00 waves per SM, no unit above 30 % of peak",elementwise_binary,0.02,0.0,0.84,0.0,1.41,8.31,0.0,planner_debate
llm_vl,react_moa_mcts,mir_operator:decode_layer*,True,92.25,profiled,DRAM-bandwidth-bound,gemv,15.46,0.0,75.29,0.0,46.28,16.12,0.67,planner_debate
llm_vl,react_moa_mcts,mir_operator:decode_layer*,True,92.25,profiled,"latency/launch-bound: 0.00 waves per SM, no unit above 30 % of peak",concat,1.17,0.0,0.32,0.0,0.71,9.08,0.11,planner_debate
llm_vl,react_moa_mcts,mir_operator:decode_layer*,True,92.25,profiled,"latency/launch-bound: 0.00 waves per SM, no unit above 30 % of peak",elementwise_other,0.02,0.0,0.82,0.0,1.37,8.3,0.0,planner_debate
llm_vl,react_moa_mcts,mir_operator:decode_layer*,True,92.25,profiled,"latency/launch-bound: 0.05 waves per SM, no unit above 30 % of peak",attention,0.61,12.52,3.36,0.0,2.25,8.29,0.03,planner_debate
llm_vl,react_moa_mcts,mir_operator:decode_layer*,True,92.25,profiled,"latency/launch-bound: 0.00 waves per SM, no unit above 30 % of peak",copy,0.04,0.0,1.08,0.0,1.86,8.3,0.0,planner_debate
llm_vl,react_moa_mcts,mir_operator:decode_layer*,True,92.25,profiled,"latency/launch-bound: 0.00 waves per SM, no unit above 30 % of peak",elementwise_unary,0.02,0.0,0.73,0.0,0.91,7.69,0.0,planner_debate
llm_vl,react_moa_mcts,mir_operator:decode_layer*,True,92.25,profiled,"latency/launch-bound: 0.00 waves per SM, no unit above 30 % of peak",reduce,0.09,0.0,1.96,0.0,3.83,31.82,0.0,planner_debate
llm_vl,react_moa_mcts,mir_operator:decode_layer*,True,92.25,profiled,"latency/launch-bound: 0.00 waves per SM, no unit above 30 % of peak",elementwise_binary,0.02,0.0,0.83,0.0,1.39,8.31,0.0,planner_debate
llm_vl,react_moa_mcts,mir_operator:decode_layer*,True,92.25,profiled,DRAM-bandwidth-bound,gemv,15.52,0.0,73.84,0.0,45.64,16.12,0.67,planner_debate
llm_vl,react_moa_mcts,mir_operator:decode_layer*,True,92.25,profiled,"latency/launch-bound: 0.00 waves per SM, no unit above 30 % of peak",concat,1.18,0.0,0.31,0.0,0.7,9.14,0.11,planner_debate
llm_vl,react_moa_mcts,mir_operator:decode_layer*,True,92.25,profiled,"latency/launch-bound: 0.00 waves per SM, no unit above 30 % of peak",elementwise_other,0.02,0.0,0.83,0.0,1.12,8.3,0.0,planner_debate
llm_vl,react_moa_mcts,mir_operator:decode_layer*,True,92.25,profiled,"latency/launch-bound: 0.05 waves per SM, no unit above 30 % of peak",attention,0.61,12.6,3.37,0.0,2.16,8.29,0.03,planner_debate
llm_vl,react_moa_mcts,mir_operator:decode_layer*,True,92.25,profiled,"latency/launch-bound: 0.00 waves per SM, no unit above 30 % of peak",copy,0.04,0.0,0.92,0.0,1.6,8.28,0.0,planner_debate
llm_vl,react_moa_mcts,mir_operator:decode_layer*,True,92.25,profiled,"latency/launch-bound: 0.00 waves per SM, no unit above 30 % of peak",elementwise_unary,0.02,0.0,0.55,0.0,0.92,7.62,0.0,planner_debate
llm_vl,react_moa_mcts,mir_operator:decode_layer*,True,92.25,profiled,"latency/launch-bound: 0.00 waves per SM, no unit above 30 % of peak",reduce,0.09,0.0,1.99,0.0,3.84,31.87,0.0,planner_debate
llm_vl,react_moa_mcts,mir_operator:decode_layer*,True,92.25,profiled,"latency/launch-bound: 0.00 waves per SM, no unit above 30 % of peak",elementwise_binary,0.02,0.0,0.83,0.0,1.41,8.31,0.0,planner_debate
llm_vl,react_moa_mcts,mir_operator:decode_layer*,True,92.25,profiled,DRAM-bandwidth-bound,gemv,15.51,0.0,75.29,0.0,45.44,16.13,0.67,planner_debate
llm_vl,react_moa_mcts,mir_operator:decode_layer*,True,92.25,profiled,"latency/launch-bound: 0.00 waves per SM, no unit above 30 % of peak",concat,1.18,0.0,0.31,0.0,0.99,9.14,0.11,planner_debate
llm_vl,react_moa_mcts,mir_operator:decode_layer*,True,92.25,profiled,"latency/launch-bound: 0.00 waves per SM, no unit above 30 % of peak",elementwise_other,0.02,0.0,0.83,0.0,1.08,8.28,0.0,planner_debate
llm_vl,react_moa_mcts,mir_operator:decode_layer*,True,92.25,profiled,"latency/launch-bound: 0.05 waves per SM, no unit above 30 % of peak",attention,0.6,12.69,3.36,0.0,2.16,8.3,0.03,planner_debate
llm_vl,react_moa_mcts,mir_operator:decode_layer*,True,92.25,profiled,"latency/launch-bound: 0.00 waves per SM, no unit above 30 % of peak",copy,0.04,0.0,0.93,0.0,1.59,8.3,0.0,planner_debate
llm_vl,react_moa_mcts,mir_operator:decode_layer*,True,92.25,profiled,"latency/launch-bound: 0.00 waves per SM, no unit above 30 % of peak",elementwise_unary,0.02,0.0,0.54,0.0,0.91,7.66,0.0,planner_debate
llm_vl,react_moa_mcts,mir_operator:decode_layer*,True,92.25,profiled,"latency/launch-bound: 0.00 waves per SM, no unit above 30 % of peak",reduce,0.09,0.0,1.99,0.0,3.84,31.89,0.0,planner_debate
llm_vl,react_moa_mcts,mir_operator:decode_layer*,True,92.25,profiled,"latency/launch-bound: 0.00 waves per SM, no unit above 30 % of peak",elementwise_binary,0.02,0.0,0.84,0.0,1.41,8.31,0.0,planner_debate
llm_vl,react_moa_mcts,mir_operator:decode_layer*,True,92.25,profiled,DRAM-bandwidth-bound,gemv,15.52,0.0,73.87,0.0,45.5,16.07,0.67,planner_debate
llm_vl,react_moa_mcts,mir_operator:decode_layer*,True,92.25,profiled,"latency/launch-bound: 0.00 waves per SM, no unit above 30 % of peak",concat,1.19,0.0,0.31,0.0,0.7,9.17,0.11,planner_debate
llm_vl,react_moa_mcts,mir_operator:decode_layer*,True,92.25,profiled,"latency/launch-bound: 0.00 waves per SM, no unit above 30 % of peak",elementwise_other,0.02,0.0,0.82,0.0,1.27,8.28,0.0,planner_debate
llm_vl,react_moa_mcts,mir_operator:decode_layer*,True,92.25,profiled,"latency/launch-bound: 0.05 waves per SM, no unit above 30 % of peak",attention,0.61,12.48,3.32,0.0,2.11,8.28,0.03,planner_debate
llm_vl,react_moa_mcts,mir_operator:decode_layer*,True,92.25,profiled,"latency/launch-bound: 0.00 waves per SM, no unit above 30 % of peak",copy,0.04,0.0,0.92,0.0,1.56,8.29,0.0,planner_debate
llm_vl,react_moa_mcts,mir_operator:decode_layer*,True,92.25,profiled,"latency/launch-bound: 0.00 waves per SM, no unit above 30 % of peak",elementwise_unary,0.02,0.0,0.54,0.0,0.89,7.65,0.0,planner_debate
llm_vl,react_moa_mcts,mir_operator:decode_layer*,True,92.25,profiled,"latency/launch-bound: 0.00 waves per SM, no unit above 30 % of peak",reduce,0.09,0.0,1.98,0.0,3.84,31.86,0.0,planner_debate
llm_vl,react_moa_mcts,mir_operator:decode_layer*,True,92.25,profiled,"latency/launch-bound: 0.00 waves per SM, no unit above 30 % of peak",elementwise_binary,0.02,0.0,0.84,0.0,1.45,8.31,0.0,planner_debate
llm_vl,react_moa_mcts,mir_operator:decode_layer*,True,92.25,profiled,DRAM-bandwidth-bound,gemv,15.39,0.0,75.17,0.0,46.53,16.1,0.67,planner_debate
llm_vl,react_moa_mcts,mir_operator:decode_layer*,True,92.25,profiled,"latency/launch-bound: 0.00 waves per SM, no unit above 30 % of peak",concat,1.19,0.0,0.35,0.0,0.7,9.15,0.11,planner_debate
llm_vl,react_moa_mcts,mir_operator:decode_layer*,True,92.25,profiled,"latency/launch-bound: 0.00 waves per SM, no unit above 30 % of peak",elementwise_other,0.02,0.0,0.83,0.0,1.44,8.28,0.0,planner_debate
llm_vl,react_moa_mcts,mir_operator:decode_layer*,True,92.25,profiled,"latency/launch-bound: 0.05 waves per SM, no unit above 30 % of peak",attention,0.61,12.59,3.8,0.0,2.28,8.29,0.03,planner_debate
llm_vl,react_moa_mcts,mir_operator:decode_layer*,True,92.25,profiled,"latency/launch-bound: 0.00 waves per SM, no unit above 30 % of peak",copy,0.04,0.0,0.92,0.0,1.59,8.29,0.0,planner_debate
llm_vl,react_moa_mcts,mir_operator:decode_layer*,True,92.25,profiled,"latency/launch-bound: 0.00 waves per SM, no unit above 30 % of peak",elementwise_unary,0.02,0.0,0.54,0.0,0.92,7.69,0.0,planner_debate
llm_vl,react_moa_mcts,mir_operator:decode_layer*,True,92.25,profiled,"latency/launch-bound: 0.00 waves per SM, no unit above 30 % of peak",reduce,0.09,0.0,1.98,0.0,3.82,31.86,0.0,planner_debate
llm_vl,react_moa_mcts,mir_operator:decode_layer*,True,92.25,profiled,"latency/launch-bound: 0.00 waves per SM, no unit above 30 % of peak",elementwise_binary,0.02,0.0,0.82,0.0,1.45,8.3,0.0,planner_debate
llm_vl,react_moa_mcts,mir_operator:decode_layer*,True,92.25,profiled,DRAM-bandwidth-bound,gemv,15.45,0.0,74.15,0.0,45.65,16.13,0.67,planner_debate
llm_vl,react_moa_mcts,mir_operator:decode_layer*,True,92.25,profiled,"latency/launch-bound: 0.00 waves per SM, no unit above 30 % of peak",concat,1.15,0.0,0.32,0.0,0.74,9.12,0.11,planner_debate
llm_vl,react_moa_mcts,mir_operator:decode_layer*,True,92.25,profiled,"latency/launch-bound: 0.00 waves per SM, no unit above 30 % of peak",elementwise_other,0.02,0.0,0.83,0.0,1.1,8.29,0.0,planner_debate
llm_vl,react_moa_mcts,mir_operator:decode_layer*,True,92.25,profiled,"latency/launch-bound: 0.05 waves per SM, no unit above 30 % of peak",attention,0.61,12.63,3.37,0.0,2.23,8.3,0.03,planner_debate
llm_vl,react_moa_mcts,mir_operator:decode_layer*,True,92.25,profiled,"latency/launch-bound: 0.00 waves per SM, no unit above 30 % of peak",copy,0.04,0.0,1.08,0.0,1.86,8.27,0.0,planner_debate
llm_vl,react_moa_mcts,mir_operator:decode_layer*,True,92.25,profiled,"latency/launch-bound: 0.00 waves per SM, no unit above 30 % of peak",elementwise_unary,0.02,0.0,0.54,0.0,0.9,7.67,0.0,planner_debate
llm_vl,react_moa_mcts,mir_operator:decode_layer*,True,92.25,profiled,"latency/launch-bound: 0.00 waves per SM, no unit above 30 % of peak",reduce,0.09,0.0,1.97,0.0,3.81,31.92,0.0,planner_debate
llm_vl,react_moa_mcts,mir_operator:decode_layer*,True,92.25,profiled,"latency/launch-bound: 0.00 waves per SM, no unit above 30 % of peak",elementwise_binary,0.02,0.0,0.83,0.0,1.41,8.31,0.0,planner_debate
llm_vl,react_moa_mcts,mir_operator:decode_layer*,True,92.25,profiled,DRAM-bandwidth-bound,gemv,15.51,0.0,75.16,0.0,44.75,16.18,0.67,planner_debate
llm_vl,react_moa_mcts,mir_operator:decode_layer*,True,92.25,profiled,"latency/launch-bound: 0.00 waves per SM, no unit above 30 % of peak",concat,1.19,0.0,0.32,0.0,0.74,9.15,0.11,planner_debate
llm_vl,react_moa_mcts,mir_operator:decode_layer*,True,92.25,profiled,"latency/launch-bound: 0.00 waves per SM, no unit above 30 % of peak",elementwise_other,0.02,0.0,0.82,0.0,1.07,8.3,0.0,planner_debate
llm_vl,react_moa_mcts,mir_operator:decode_layer*,True,92.25,profiled,"latency/launch-bound: 0.05 waves per SM, no unit above 30 % of peak",attention,0.6,12.74,3.37,0.0,2.17,8.26,0.03,planner_debate
llm_vl,react_moa_mcts,mir_operator:decode_layer*,True,92.25,profiled,"latency/launch-bound: 0.00 waves per SM, no unit above 30 % of peak",copy,0.04,0.0,0.91,0.0,1.57,8.29,0.0,planner_debate
llm_vl,react_moa_mcts,mir_operator:decode_layer*,True,92.25,profiled,"latency/launch-bound: 0.00 waves per SM, no unit above 30 % of peak",elementwise_unary,0.02,0.0,0.54,0.0,0.92,7.79,0.0,planner_debate
llm_vl,react_moa_mcts,mir_operator:decode_layer*,True,92.25,profiled,"latency/launch-bound: 0.00 waves per SM, no unit above 30 % of peak",reduce,0.09,0.0,1.99,0.0,3.83,31.82,0.0,planner_debate
llm_vl,react_moa_mcts,mir_operator:decode_layer*,True,92.25,profiled,"latency/launch-bound: 0.00 waves per SM, no unit above 30 % of peak",elementwise_binary,0.02,0.0,0.83,0.0,1.41,8.31,0.0,planner_debate
llm_vl,react_moa_mcts,mir_operator:decode_layer*,True,92.25,profiled,DRAM-bandwidth-bound,gemv,15.29,0.0,74.69,0.0,45.59,16.09,0.67,planner_debate
llm_vl,react_moa_mcts,mir_operator:decode_layer*,True,92.25,profiled,"latency/launch-bound: 0.00 waves per SM, no unit above 30 % of peak",concat,1.18,0.0,0.32,0.0,0.74,9.05,0.11,planner_debate
llm_vl,react_moa_mcts,mir_operator:decode_layer*,True,92.25,profiled,"latency/launch-bound: 0.00 waves per SM, no unit above 30 % of peak",elementwise_other,0.02,0.0,0.82,0.0,1.07,8.27,0.0,planner_debate
llm_vl,react_moa_mcts,mir_operator:decode_layer*,True,92.25,profiled,"latency/launch-bound: 0.05 waves per SM, no unit above 30 % of peak",attention,0.61,12.71,3.33,0.0,2.16,8.29,0.03,planner_debate
llm_vl,react_moa_mcts,mir_operator:decode_layer*,True,92.25,profiled,"latency/launch-bound: 0.00 waves per SM, no unit above 30 % of peak",copy,0.04,0.0,0.93,0.0,1.65,8.29,0.0,planner_debate
llm_vl,react_moa_mcts,mir_operator:decode_layer*,True,92.25,profiled,"latency/launch-bound: 0.00 waves per SM, no unit above 30 % of peak",elementwise_unary,0.02,0.0,0.54,0.0,0.92,7.68,0.0,planner_debate
llm_vl,react_moa_mcts,mir_operator:decode_layer*,True,92.25,profiled,"latency/launch-bound: 0.00 waves per SM, no unit above 30 % of peak",reduce,0.09,0.0,1.98,0.0,3.83,31.84,0.0,planner_debate
llm_vl,react_moa_mcts,mir_operator:decode_layer*,True,92.25,profiled,"latency/launch-bound: 0.00 waves per SM, no unit above 30 % of peak",elementwise_binary,0.02,0.0,0.83,0.0,1.46,8.31,0.0,planner_debate
llm_vl,react_moa_mcts,mir_operator:decode_layer*,True,92.25,profiled,DRAM-bandwidth-bound,gemv,15.29,0.0,75.18,0.0,46.31,16.17,0.67,planner_debate
llm_vl,react_moa_mcts,mir_operator:decode_layer*,True,92.25,profiled,"latency/launch-bound: 0.00 waves per SM, no unit above 30 % of peak",concat,1.19,0.0,0.35,0.0,0.7,9.12,0.11,planner_debate
llm_vl,react_moa_mcts,mir_operator:decode_layer*,True,92.25,profiled,"latency/launch-bound: 0.00 waves per SM, no unit above 30 % of peak",elementwise_other,0.02,0.0,0.82,0.0,1.27,8.29,0.0,planner_debate
llm_vl,react_moa_mcts,mir_operator:decode_layer*,True,92.25,profiled,"latency/launch-bound: 0.05 waves per SM, no unit above 30 % of peak",attention,0.61,12.55,3.36,0.0,2.16,8.29,0.03,planner_debate
llm_vl,react_moa_mcts,mir_operator:decode_layer*,True,92.25,profiled,"latency/launch-bound: 0.00 waves per SM, no unit above 30 % of peak",copy,0.04,0.0,0.93,0.0,1.64,8.29,0.0,planner_debate
llm_vl,react_moa_mcts,mir_operator:decode_layer*,True,92.25,profiled,"latency/launch-bound: 0.00 waves per SM, no unit above 30 % of peak",elementwise_unary,0.02,0.0,0.54,0.0,0.91,7.68,0.0,planner_debate
llm_vl,react_moa_mcts,mir_operator:decode_layer*,True,92.25,profiled,"latency/launch-bound: 0.00 waves per SM, no unit above 30 % of peak",reduce,0.09,0.0,1.98,0.0,3.9,31.87,0.0,planner_debate
llm_vl,react_moa_mcts,mir_operator:decode_layer*,True,92.25,profiled,"latency/launch-bound: 0.00 waves per SM, no unit above 30 % of peak",elementwise_binary,0.02,0.0,0.83,0.0,1.4,8.31,0.0,planner_debate
llm_vl,react_moa_mcts,mir_operator:decode_layer*,True,92.25,profiled,DRAM-bandwidth-bound,gemv,15.43,0.0,75.09,0.0,46.12,16.12,0.67,planner_debate
llm_vl,react_moa_mcts,mir_operator:decode_layer*,True,92.25,profiled,"latency/launch-bound: 0.00 waves per SM, no unit above 30 % of peak",concat,1.19,0.0,0.31,0.0,0.71,9.13,0.11,planner_debate
llm_vl,react_moa_mcts,mir_operator:decode_layer*,True,92.25,profiled,"latency/launch-bound: 0.00 waves per SM, no unit above 30 % of peak",elementwise_other,0.02,0.0,0.82,0.0,1.08,8.29,0.0,planner_debate
llm_vl,react_moa_mcts,mir_operator:decode_layer*,True,92.25,profiled,"latency/launch-bound: 0.05 waves per SM, no unit above 30 % of peak",attention,0.61,12.5,3.35,0.0,2.16,8.28,0.03,planner_debate
llm_vl,react_moa_mcts,mir_operator:decode_layer*,True,92.25,profiled,"latency/launch-bound: 0.00 waves per SM, no unit above 30 % of peak",copy,0.04,0.0,0.93,0.0,1.84,8.3,0.0,planner_debate
llm_vl,react_moa_mcts,mir_operator:decode_layer*,True,92.25,profiled,"latency/launch-bound: 0.00 waves per SM, no unit above 30 % of peak",elementwise_unary,0.02,0.0,0.54,0.0,0.91,7.69,0.0,planner_debate
llm_vl,react_moa_mcts,mir_operator:decode_layer*,True,92.25,profiled,"latency/launch-bound: 0.00 waves per SM, no unit above 30 % of peak",reduce,0.09,0.0,1.97,0.0,3.84,31.86,0.0,planner_debate
llm_vl,react_moa_mcts,mir_operator:decode_layer*,True,92.25,profiled,"latency/launch-bound: 0.00 waves per SM, no unit above 30 % of peak",elementwise_binary,0.02,0.0,0.83,0.0,1.41,8.31,0.0,planner_debate
llm_vl,react_moa_mcts,mir_operator:decode_layer*,True,92.25,profiled,DRAM-bandwidth-bound,gemv,15.51,0.0,74.41,0.0,45.45,16.07,0.67,planner_debate
llm_vl,react_moa_mcts,mir_operator:decode_layer*,True,92.25,profiled,"latency/launch-bound: 0.00 waves per SM, no unit above 30 % of peak",concat,1.11,0.0,0.31,0.0,1.0,9.13,0.11,planner_debate
llm_vl,react_moa_mcts,mir_operator:decode_layer*,True,92.25,profiled,"latency/launch-bound: 0.00 waves per SM, no unit above 30 % of peak",elementwise_other,0.02,0.0,0.83,0.0,1.23,8.28,0.0,planner_debate
llm_vl,react_moa_mcts,mir_operator:decode_layer*,True,92.25,profiled,"latency/launch-bound: 0.05 waves per SM, no unit above 30 % of peak",attention,0.6,12.78,3.35,0.0,2.25,8.29,0.03,planner_debate
llm_vl,react_moa_mcts,mir_operator:decode_layer*,True,92.25,profiled,"latency/launch-bound: 0.00 waves per SM, no unit above 30 % of peak",copy,0.04,0.0,0.91,0.0,1.57,8.29,0.0,planner_debate
llm_vl,react_moa_mcts,mir_operator:decode_layer*,True,92.25,profiled,"latency/launch-bound: 0.00 waves per SM, no unit above 30 % of peak",elementwise_unary,0.02,0.0,0.55,0.0,0.93,7.72,0.0,planner_debate
llm_vl,react_moa_mcts,mir_operator:decode_layer*,True,92.25,profiled,"latency/launch-bound: 0.00 waves per SM, no unit above 30 % of peak",reduce,0.09,0.0,1.98,0.0,3.84,31.88,0.0,planner_debate
llm_vl,react_moa_mcts,mir_operator:decode_layer*,True,92.25,profiled,"latency/launch-bound: 0.00 waves per SM, no unit above 30 % of peak",elementwise_binary,0.02,0.0,0.83,0.0,1.46,8.3,0.0,planner_debate
llm_vl,react_moa_mcts,mir_operator:decode_layer*,True,92.25,profiled,DRAM-bandwidth-bound,gemv,15.45,0.0,74.51,0.0,45.69,16.1,0.67,planner_debate
llm_vl,react_moa_mcts,mir_operator:decode_layer*,True,92.25,profiled,"latency/launch-bound: 0.00 waves per SM, no unit above 30 % of peak",concat,1.18,0.0,0.32,0.0,0.74,9.15,0.11,planner_debate
llm_vl,react_moa_mcts,mir_operator:decode_layer*,True,92.25,profiled,"latency/launch-bound: 0.00 waves per SM, no unit above 30 % of peak",elementwise_other,0.02,0.0,0.82,0.0,1.08,8.29,0.0,planner_debate
llm_vl,react_moa_mcts,mir_operator:decode_layer*,True,92.25,profiled,"latency/launch-bound: 0.05 waves per SM, no unit above 30 % of peak",attention,0.61,12.78,3.36,0.0,2.16,8.3,0.03,planner_debate
llm_vl,react_moa_mcts,mir_operator:decode_layer*,True,92.25,profiled,"latency/launch-bound: 0.00 waves per SM, no unit above 30 % of peak",copy,0.04,0.0,0.92,0.0,1.57,8.32,0.0,planner_debate
llm_vl,react_moa_mcts,mir_operator:decode_layer*,True,92.25,profiled,"latency/launch-bound: 0.00 waves per SM, no unit above 30 % of peak",elementwise_unary,0.02,0.0,0.54,0.0,0.93,7.7,0.0,planner_debate
llm_vl,react_moa_mcts,mir_operator:decode_layer*,True,92.25,profiled,"latency/launch-bound: 0.00 waves per SM, no unit above 30 % of peak",reduce,0.09,0.0,1.97,0.0,3.83,31.83,0.0,planner_debate
llm_vl,react_moa_mcts,mir_operator:decode_layer*,True,92.25,profiled,"latency/launch-bound: 0.00 waves per SM, no unit above 30 % of peak",elementwise_binary,0.02,0.0,0.83,0.0,1.42,8.31,0.0,planner_debate
llm_vl,react_moa_mcts,mir_operator:decode_layer*,True,92.25,profiled,DRAM-bandwidth-bound,gemv,15.41,0.0,74.19,0.0,45.96,16.1,0.67,planner_debate
llm_vl,react_moa_mcts,mir_operator:decode_layer*,True,92.25,profiled,"latency/launch-bound: 0.00 waves per SM, no unit above 30 % of peak",concat,1.14,0.0,0.31,0.0,0.71,9.15,0.11,planner_debate
llm_vl,react_moa_mcts,mir_operator:decode_layer*,True,92.25,profiled,"latency/launch-bound: 0.00 waves per SM, no unit above 30 % of peak",elementwise_other,0.02,0.0,0.82,0.0,1.25,8.28,0.0,planner_debate
llm_vl,react_moa_mcts,mir_operator:decode_layer*,True,92.25,profiled,"latency/launch-bound: 0.05 waves per SM, no unit above 30 % of peak",attention,0.61,12.6,3.36,0.0,2.16,8.29,0.03,planner_debate
llm_vl,react_moa_mcts,mir_operator:decode_layer*,True,92.25,profiled,"latency/launch-bound: 0.00 waves per SM, no unit above 30 % of peak",copy,0.04,0.0,0.93,0.0,1.59,8.29,0.0,planner_debate
llm_vl,react_moa_mcts,mir_operator:decode_layer*,True,92.25,profiled,"latency/launch-bound: 0.00 waves per SM, no unit above 30 % of peak",elementwise_unary,0.02,0.0,0.54,0.0,0.9,7.58,0.0,planner_debate
llm_vl,react_moa_mcts,mir_operator:decode_layer*,True,92.25,profiled,"latency/launch-bound: 0.00 waves per SM, no unit above 30 % of peak",reduce,0.09,0.0,1.98,0.0,3.82,31.9,0.0,planner_debate
llm_vl,react_moa_mcts,mir_operator:decode_layer*,True,92.25,profiled,"latency/launch-bound: 0.00 waves per SM, no unit above 30 % of peak",elementwise_binary,0.02,0.0,0.82,0.0,1.4,8.31,0.0,planner_debate
llm_vl,react_moa_mcts,mir_operator:decode_layer*,True,92.25,profiled,DRAM-bandwidth-bound,gemv,15.45,0.0,75.15,0.0,45.64,16.11,0.67,planner_debate
llm_vl,react_moa_mcts,mir_operator:decode_layer*,True,92.25,profiled,"latency/launch-bound: 0.00 waves per SM, no unit above 30 % of peak",concat,1.19,0.0,0.32,0.0,0.7,9.15,0.11,planner_debate
llm_vl,react_moa_mcts,mir_operator:decode_layer*,True,92.25,profiled,"latency/launch-bound: 0.00 waves per SM, no unit above 30 % of peak",elementwise_other,0.02,0.0,0.83,0.0,1.08,8.28,0.0,planner_debate
llm_vl,react_moa_mcts,mir_operator:decode_layer*,True,92.25,profiled,"latency/launch-bound: 0.05 waves per SM, no unit above 30 % of peak",attention,0.6,12.62,3.36,0.0,2.26,8.28,0.03,planner_debate
llm_vl,react_moa_mcts,mir_operator:decode_layer*,True,92.25,profiled,"latency/launch-bound: 0.00 waves per SM, no unit above 30 % of peak",copy,0.04,0.0,0.92,0.0,1.65,8.29,0.0,planner_debate
llm_vl,react_moa_mcts,mir_operator:decode_layer*,True,92.25,profiled,"latency/launch-bound: 0.00 waves per SM, no unit above 30 % of peak",elementwise_unary,0.02,0.0,0.54,0.0,0.9,7.71,0.0,planner_debate
llm_vl,react_moa_mcts,mir_operator:decode_layer*,True,92.25,profiled,"latency/launch-bound: 0.00 waves per SM, no unit above 30 % of peak",reduce,0.09,0.0,1.98,0.0,3.84,31.91,0.0,planner_debate
llm_vl,react_moa_mcts,mir_operator:decode_layer*,True,92.25,profiled,"latency/launch-bound: 0.00 waves per SM, no unit above 30 % of peak",elementwise_binary,0.02,0.0,0.83,0.0,1.4,8.31,0.0,planner_debate
llm_vl,react_moa_mcts,mir_operator:decode_layer*,True,92.25,profiled,DRAM-bandwidth-bound,gemv,15.48,0.0,75.2,0.0,44.66,16.12,0.67,planner_debate
llm_vl,react_moa_mcts,mir_operator:decode_layer*,True,92.25,profiled,"latency/launch-bound: 0.00 waves per SM, no unit above 30 % of peak",concat,1.18,0.0,0.31,0.0,0.74,9.08,0.11,planner_debate
llm_vl,react_moa_mcts,mir_operator:decode_layer*,True,92.25,profiled,"latency/launch-bound: 0.00 waves per SM, no unit above 30 % of peak",elementwise_other,0.02,0.0,0.85,0.0,1.27,8.28,0.0,planner_debate
llm_vl,react_moa_mcts,mir_operator:decode_layer*,True,92.25,profiled,"latency/launch-bound: 0.05 waves per SM, no unit above 30 % of peak",attention,0.6,12.58,3.28,0.0,2.15,8.29,0.03,planner_debate
llm_vl,react_moa_mcts,mir_operator:decode_layer*,True,92.25,profiled,"latency/launch-bound: 0.00 waves per SM, no unit above 30 % of peak",copy,0.04,0.0,0.93,0.0,1.63,8.29,0.0,planner_debate
llm_vl,react_moa_mcts,mir_operator:decode_layer*,True,92.25,profiled,"latency/launch-bound: 0.00 waves per SM, no unit above 30 % of peak",elementwise_unary,0.02,0.0,0.53,0.0,0.91,7.71,0.0,planner_debate
llm_vl,react_moa_mcts,mir_operator:decode_layer*,True,92.25,profiled,"latency/launch-bound: 0.00 waves per SM, no unit above 30 % of peak",reduce,0.09,0.0,1.99,0.0,3.84,31.85,0.0,planner_debate
llm_vl,react_moa_mcts,mir_operator:decode_layer*,True,92.25,profiled,"latency/launch-bound: 0.00 waves per SM, no unit above 30 % of peak",elementwise_binary,0.02,0.0,0.83,0.0,1.49,8.29,0.0,planner_debate
llm_vl,react_moa_mcts,mir_operator:decode_layer*,True,92.25,profiled,DRAM-bandwidth-bound,gemv,15.49,0.0,75.2,0.0,45.96,16.09,0.67,planner_debate
llm_vl,react_moa_mcts,mir_operator:decode_layer*,True,92.25,profiled,"latency/launch-bound: 0.00 waves per SM, no unit above 30 % of peak",concat,1.18,0.0,0.31,0.0,0.7,9.15,0.11,planner_debate
llm_vl,react_moa_mcts,mir_operator:decode_layer*,True,92.25,profiled,"latency/launch-bound: 0.00 waves per SM, no unit above 30 % of peak",elementwise_other,0.02,0.0,0.82,0.0,1.27,8.3,0.0,planner_debate
llm_vl,react_moa_mcts,mir_operator:decode_layer*,True,92.25,profiled,"latency/launch-bound: 0.05 waves per SM, no unit above 30 % of peak",attention,0.61,12.57,3.31,0.0,2.17,8.31,0.03,planner_debate
llm_vl,react_moa_mcts,mir_operator:decode_layer*,True,92.25,profiled,"latency/launch-bound: 0.00 waves per SM, no unit above 30 % of peak",copy,0.04,0.0,0.91,0.0,1.88,8.3,0.0,planner_debate
llm_vl,react_moa_mcts,mir_operator:decode_layer*,True,92.25,profiled,"latency/launch-bound: 0.00 waves per SM, no unit above 30 % of peak",elementwise_unary,0.02,0.0,0.54,0.0,0.9,7.7,0.0,planner_debate
llm_vl,react_moa_mcts,mir_operator:decode_layer*,True,92.25,profiled,"latency/launch-bound: 0.00 waves per SM, no unit above 30 % of peak",reduce,0.09,0.0,1.96,0.0,3.81,31.89,0.0,planner_debate
llm_vl,react_moa_mcts,mir_operator:decode_layer*,True,92.25,profiled,"latency/launch-bound: 0.00 waves per SM, no unit above 30 % of peak",elementwise_binary,0.02,0.0,0.83,0.0,1.6,8.3,0.0,planner_debate
llm_vl,react_moa_mcts,mir_operator:decode_layer*,True,92.25,profiled,DRAM-bandwidth-bound,gemv,15.29,0.0,74.42,0.0,45.0,16.12,0.67,planner_debate
llm_vl,react_moa_mcts,mir_operator:decode_layer*,True,92.25,profiled,"latency/launch-bound: 0.00 waves per SM, no unit above 30 % of peak",concat,1.15,0.0,0.32,0.0,0.71,9.15,0.11,planner_debate
llm_vl,react_moa_mcts,mir_operator:decode_layer*,True,92.25,profiled,"latency/launch-bound: 0.00 waves per SM, no unit above 30 % of peak",elementwise_other,0.02,0.0,0.82,0.0,1.25,8.29,0.0,planner_debate
llm_vl,react_moa_mcts,mir_operator:decode_layer*,True,92.25,profiled,"latency/launch-bound: 0.05 waves per SM, no unit above 30 % of peak",attention,0.61,12.59,3.36,0.0,2.17,8.3,0.03,planner_debate
llm_vl,react_moa_mcts,mir_operator:decode_layer*,True,92.25,profiled,"latency/launch-bound: 0.00 waves per SM, no unit above 30 % of peak",copy,0.04,0.0,0.91,0.0,1.55,8.29,0.0,planner_debate
llm_vl,react_moa_mcts,mir_operator:decode_layer*,True,92.25,profiled,"latency/launch-bound: 0.00 waves per SM, no unit above 30 % of peak",elementwise_unary,0.02,0.0,0.51,0.0,0.89,7.7,0.0,planner_debate
llm_vl,react_moa_mcts,mir_operator:decode_layer*,True,92.25,profiled,"latency/launch-bound: 0.00 waves per SM, no unit above 30 % of peak",reduce,0.08,0.0,1.96,0.0,3.8,31.87,0.0,planner_debate
llm_vl,react_moa_mcts,mir_operator:decode_layer*,True,92.25,profiled,"latency/launch-bound: 0.00 waves per SM, no unit above 30 % of peak",elementwise_binary,0.02,0.0,0.82,0.0,1.5,8.31,0.0,planner_debate
llm_vl,react_moa_mcts,mir_operator:decode_layer*,True,92.25,profiled,DRAM-bandwidth-bound,gemv,15.4,0.0,74.65,0.0,45.79,16.13,0.67,planner_debate
llm_vl,react_moa_mcts,mir_operator:decode_layer*,True,92.25,profiled,"latency/launch-bound: 0.00 waves per SM, no unit above 30 % of peak",concat,1.16,0.0,0.31,0.0,0.75,9.13,0.11,planner_debate
llm_vl,react_moa_mcts,mir_operator:decode_layer*,True,92.25,profiled,"latency/launch-bound: 0.00 waves per SM, no unit above 30 % of peak",elementwise_other,0.02,0.0,0.82,0.0,1.07,8.3,0.0,planner_debate
llm_vl,react_moa_mcts,mir_operator:decode_layer*,True,92.25,profiled,"latency/launch-bound: 0.05 waves per SM, no unit above 30 % of peak",attention,0.61,12.65,3.35,0.0,2.17,8.29,0.03,planner_debate
llm_vl,react_moa_mcts,mir_operator:decode_layer*,True,92.25,profiled,"latency/launch-bound: 0.00 waves per SM, no unit above 30 % of peak",copy,0.04,0.0,0.91,0.0,1.56,8.3,0.0,planner_debate
llm_vl,react_moa_mcts,mir_operator:decode_layer*,True,92.25,profiled,"latency/launch-bound: 0.00 waves per SM, no unit above 30 % of peak",elementwise_unary,0.02,0.0,0.53,0.0,0.9,7.69,0.0,planner_debate
llm_vl,react_moa_mcts,mir_operator:decode_layer*,True,92.25,profiled,"latency/launch-bound: 0.00 waves per SM, no unit above 30 % of peak",reduce,0.09,0.0,1.98,0.0,3.83,31.92,0.0,planner_debate
llm_vl,react_moa_mcts,mir_operator:decode_layer*,True,92.25,profiled,"latency/launch-bound: 0.00 waves per SM, no unit above 30 % of peak",elementwise_binary,0.02,0.0,0.82,0.0,1.41,8.31,0.0,planner_debate
llm_vl,react_moa_mcts,mir_operator:decode_layer*,True,92.25,profiled,DRAM-bandwidth-bound,gemv,15.44,0.0,74.6,0.0,45.78,16.14,0.67,planner_debate
llm_vl,react_moa_mcts,mir_operator:decode_layer*,True,92.25,profiled,"latency/launch-bound: 0.00 waves per SM, no unit above 30 % of peak",concat,1.15,0.0,0.31,0.0,0.69,9.13,0.11,planner_debate
llm_vl,react_moa_mcts,mir_operator:decode_layer*,True,92.25,profiled,"latency/launch-bound: 0.00 waves per SM, no unit above 30 % of peak",elementwise_other,0.02,0.0,0.82,0.0,1.08,8.29,0.0,planner_debate
llm_vl,react_moa_mcts,mir_operator:decode_layer*,True,92.25,profiled,"latency/launch-bound: 0.05 waves per SM, no unit above 30 % of peak",attention,0.6,12.7,3.34,0.0,2.17,8.3,0.03,planner_debate
llm_vl,react_moa_mcts,mir_operator:decode_layer*,True,92.25,profiled,"latency/launch-bound: 0.00 waves per SM, no unit above 30 % of peak",copy,0.04,0.0,0.92,0.0,1.59,8.3,0.0,planner_debate
llm_vl,react_moa_mcts,mir_operator:decode_layer*,True,92.25,profiled,"latency/launch-bound: 0.00 waves per SM, no unit above 30 % of peak",elementwise_unary,0.02,0.0,0.54,0.0,0.9,7.7,0.0,planner_debate
llm_vl,react_moa_mcts,mir_operator:decode_layer*,True,92.25,profiled,"latency/launch-bound: 0.00 waves per SM, no unit above 30 % of peak",reduce,0.09,0.0,1.97,0.0,3.8,31.94,0.0,planner_debate
llm_vl,react_moa_mcts,mir_operator:decode_layer*,True,92.25,profiled,"latency/launch-bound: 0.00 waves per SM, no unit above 30 % of peak",elementwise_binary,0.02,0.0,0.82,0.0,1.41,8.31,0.0,planner_debate
llm_vl,react_moa_mcts,mir_operator:decode_layer*,True,92.25,profiled,DRAM-bandwidth-bound,gemv,15.53,0.0,74.68,0.0,46.12,16.15,0.67,planner_debate
llm_vl,react_moa_mcts,mir_operator:decode_layer*,True,92.25,profiled,"latency/launch-bound: 0.00 waves per SM, no unit above 30 % of peak",concat,1.15,0.0,0.31,0.0,0.71,9.09,0.11,planner_debate
llm_vl,react_moa_mcts,mir_operator:decode_layer*,True,92.25,profiled,"latency/launch-bound: 0.00 waves per SM, no unit above 30 % of peak",elementwise_other,0.02,0.0,0.82,0.0,1.27,8.29,0.0,planner_debate
llm_vl,react_moa_mcts,mir_operator:decode_layer*,True,92.25,profiled,"latency/launch-bound: 0.05 waves per SM, no unit above 30 % of peak",attention,0.61,12.68,3.32,0.0,2.16,8.29,0.03,planner_debate
llm_vl,react_moa_mcts,mir_operator:decode_layer*,True,92.25,profiled,"latency/launch-bound: 0.00 waves per SM, no unit above 30 % of peak",copy,0.04,0.0,0.93,0.0,1.6,8.29,0.0,planner_debate
llm_vl,react_moa_mcts,mir_operator:decode_layer*,True,92.25,profiled,"latency/launch-bound: 0.00 waves per SM, no unit above 30 % of peak",elementwise_unary,0.02,0.0,0.54,0.0,0.91,7.69,0.0,planner_debate
llm_vl,react_moa_mcts,mir_operator:decode_layer*,True,92.25,profiled,"latency/launch-bound: 0.00 waves per SM, no unit above 30 % of peak",reduce,0.09,0.0,1.96,0.0,3.83,31.92,0.0,planner_debate
llm_vl,react_moa_mcts,mir_operator:decode_layer*,True,92.25,profiled,"latency/launch-bound: 0.00 waves per SM, no unit above 30 % of peak",elementwise_binary,0.02,0.0,0.83,0.0,1.41,8.31,0.0,planner_debate
llm_vl,react_moa_mcts,mir_operator:decode_layer*,True,92.25,profiled,DRAM-bandwidth-bound,gemv,15.54,0.0,74.9,0.0,45.62,16.13,0.67,planner_debate
llm_vl,react_moa_mcts,mir_operator:decode_layer*,True,92.25,profiled,"latency/launch-bound: 0.00 waves per SM, no unit above 30 % of peak",concat,1.15,0.0,0.31,0.0,0.73,9.15,0.11,planner_debate
llm_vl,react_moa_mcts,mir_operator:decode_layer*,True,92.25,profiled,"latency/launch-bound: 0.00 waves per SM, no unit above 30 % of peak",elementwise_other,0.02,0.0,0.83,0.0,1.09,8.28,0.0,planner_debate
llm_vl,react_moa_mcts,mir_operator:decode_layer*,True,92.25,profiled,"latency/launch-bound: 0.05 waves per SM, no unit above 30 % of peak",attention,0.61,12.45,3.37,0.0,2.18,8.29,0.03,planner_debate
llm_vl,react_moa_mcts,mir_operator:decode_layer*,True,92.25,profiled,"latency/launch-bound: 0.00 waves per SM, no unit above 30 % of peak",copy,0.04,0.0,0.9,0.0,1.55,8.3,0.0,planner_debate
llm_vl,react_moa_mcts,mir_operator:decode_layer*,True,92.25,profiled,"latency/launch-bound: 0.00 waves per SM, no unit above 30 % of peak",elementwise_unary,0.02,0.0,0.54,0.0,0.91,7.6,0.0,planner_debate
llm_vl,react_moa_mcts,mir_operator:decode_layer*,True,92.25,profiled,"latency/launch-bound: 0.00 waves per SM, no unit above 30 % of peak",reduce,0.09,0.0,1.96,0.0,3.82,31.84,0.0,planner_debate
llm_vl,react_moa_mcts,mir_operator:decode_layer*,True,92.25,profiled,"latency/launch-bound: 0.00 waves per SM, no unit above 30 % of peak",elementwise_binary,0.02,0.0,0.83,0.0,1.54,8.31,0.0,planner_debate
llm_vl,react_moa_mcts,mir_operator:decode_layer*,True,92.25,profiled,DRAM-bandwidth-bound,gemv,15.4,0.0,74.43,0.0,45.43,16.14,0.67,planner_debate
llm_vl,react_moa_mcts,mir_operator:decode_layer*,True,92.25,profiled,"latency/launch-bound: 0.00 waves per SM, no unit above 30 % of peak",concat,1.15,0.0,0.31,0.0,0.69,9.13,0.11,planner_debate
llm_vl,react_moa_mcts,mir_operator:decode_layer*,True,92.25,profiled,"latency/launch-bound: 0.00 waves per SM, no unit above 30 % of peak",elementwise_other,0.02,0.0,0.81,0.0,1.26,8.29,0.0,planner_debate
llm_vl,react_moa_mcts,mir_operator:decode_layer*,True,92.25,profiled,"latency/launch-bound: 0.05 waves per SM, no unit above 30 % of peak",attention,0.61,12.54,3.25,0.0,2.11,8.29,0.03,planner_debate
llm_vl,react_moa_mcts,mir_operator:decode_layer*,True,92.25,profiled,"latency/launch-bound: 0.00 waves per SM, no unit above 30 % of peak",copy,0.04,0.0,0.91,0.0,1.56,8.28,0.0,planner_debate
llm_vl,react_moa_mcts,mir_operator:decode_layer*,True,92.25,profiled,"latency/launch-bound: 0.00 waves per SM, no unit above 30 % of peak",elementwise_unary,0.02,0.0,0.54,0.0,0.91,7.72,0.0,planner_debate
llm_vl,react_moa_mcts,mir_operator:decode_layer*,True,92.25,profiled,"latency/launch-bound: 0.00 waves per SM, no unit above 30 % of peak",reduce,0.09,0.0,1.98,0.0,3.84,31.82,0.0,planner_debate
llm_vl,react_moa_mcts,mir_operator:decode_layer*,True,92.25,profiled,"latency/launch-bound: 0.00 waves per SM, no unit above 30 % of peak",elementwise_binary,0.02,0.0,0.82,0.0,1.41,8.31,0.0,planner_debate
llm_vl,react_moa_mcts,mir_operator:decode_layer*,True,92.25,profiled,DRAM-bandwidth-bound,gemv,15.52,0.0,74.41,0.0,45.51,16.09,0.67,planner_debate
llm_vl,react_moa_mcts,mir_operator:decode_layer*,True,92.25,profiled,"latency/launch-bound: 0.00 waves per SM, no unit above 30 % of peak",concat,1.15,0.0,0.31,0.0,0.7,8.92,0.11,planner_debate
llm_vl,react_moa_mcts,mir_operator:decode_layer*,True,92.25,profiled,"latency/launch-bound: 0.00 waves per SM, no unit above 30 % of peak",elementwise_other,0.02,0.0,0.83,0.0,1.09,8.29,0.0,planner_debate
llm_vl,react_moa_mcts,mir_operator:decode_layer*,True,92.25,profiled,"latency/launch-bound: 0.05 waves per SM, no unit above 30 % of peak",attention,0.6,12.56,3.07,0.0,2.01,8.24,0.03,planner_debate
llm_vl,react_moa_mcts,mir_operator:decode_layer*,True,92.25,profiled,"latency/launch-bound: 0.00 waves per SM, no unit above 30 % of peak",copy,0.04,0.0,0.92,0.0,1.58,8.29,0.0,planner_debate
llm_vl,react_moa_mcts,mir_operator:decode_layer*,True,92.25,profiled,"latency/launch-bound: 0.00 waves per SM, no unit above 30 % of peak",elementwise_unary,0.02,0.0,0.53,0.0,0.89,7.7,0.0,planner_debate
llm_vl,react_moa_mcts,mir_operator:decode_layer*,True,92.25,profiled,"latency/launch-bound: 0.00 waves per SM, no unit above 30 % of peak",reduce,0.09,0.0,1.97,0.0,3.82,31.86,0.0,planner_debate
llm_vl,react_moa_mcts,mir_operator:decode_layer*,True,92.25,profiled,"latency/launch-bound: 0.00 waves per SM, no unit above 30 % of peak",elementwise_binary,0.02,0.0,0.83,0.0,1.42,8.3,0.0,planner_debate
llm_vl,react_moa_mcts,mir_operator:decode_layer*,True,92.25,profiled,DRAM-bandwidth-bound,gemv,15.36,0.0,74.43,0.0,45.8,16.06,0.67,planner_debate
llm_vl,react_moa_mcts,mir_operator:decode_layer*,True,92.25,profiled,"latency/launch-bound: 0.00 waves per SM, no unit above 30 % of peak",concat,1.16,0.0,0.32,0.0,0.7,9.11,0.11,planner_debate
llm_vl,react_moa_mcts,mir_operator:decode_layer*,True,92.25,profiled,"latency/launch-bound: 0.00 waves per SM, no unit above 30 % of peak",elementwise_other,0.02,0.0,0.83,0.0,1.1,8.29,0.0,planner_debate
llm_vl,react_moa_mcts,mir_operator:decode_layer*,True,92.25,profiled,"latency/launch-bound: 0.05 waves per SM, no unit above 30 % of peak",attention,0.6,12.47,3.34,0.0,2.15,8.3,0.03,planner_debate
llm_vl,react_moa_mcts,mir_operator:decode_layer*,True,92.25,profiled,"latency/launch-bound: 0.00 waves per SM, no unit above 30 % of peak",copy,0.04,0.0,0.91,0.0,1.56,8.3,0.0,planner_debate
llm_vl,react_moa_mcts,mir_operator:decode_layer*,True,92.25,profiled,"latency/launch-bound: 0.00 waves per SM, no unit above 30 % of peak",elementwise_unary,0.02,0.0,0.54,0.0,0.9,7.71,0.0,planner_debate
llm_vl,react_moa_mcts,mir_operator:decode_layer*,True,92.25,profiled,"latency/launch-bound: 0.00 waves per SM, no unit above 30 % of peak",reduce,0.09,0.0,1.98,0.0,3.84,31.85,0.0,planner_debate
llm_vl,react_moa_mcts,mir_operator:decode_layer*,True,92.25,profiled,"latency/launch-bound: 0.00 waves per SM, no unit above 30 % of peak",elementwise_binary,0.02,0.0,0.83,0.0,1.47,8.31,0.0,planner_debate
llm_vl,react_moa_mcts,mir_operator:decode_layer*,True,92.25,profiled,DRAM-bandwidth-bound,gemv,15.42,0.0,74.84,0.0,46.01,16.13,0.67,planner_debate
llm_vl,react_moa_mcts,mir_operator:decode_layer*,True,92.25,profiled,"latency/launch-bound: 0.00 waves per SM, no unit above 30 % of peak",concat,1.2,0.0,0.28,0.0,0.7,9.09,0.11,planner_debate
llm_vl,react_moa_mcts,mir_operator:decode_layer*,True,92.25,profiled,"latency/launch-bound: 0.00 waves per SM, no unit above 30 % of peak",elementwise_other,0.02,0.0,0.83,0.0,1.09,8.29,0.0,planner_debate
llm_vl,react_moa_mcts,mir_operator:decode_layer*,True,92.25,profiled,"latency/launch-bound: 0.05 waves per SM, no unit above 30 % of peak",attention,0.61,12.73,3.36,0.0,2.15,8.29,0.03,planner_debate
llm_vl,react_moa_mcts,mir_operator:decode_layer*,True,92.25,profiled,"latency/launch-bound: 0.00 waves per SM, no unit above 30 % of peak",copy,0.04,0.0,0.9,0.0,1.54,8.29,0.0,planner_debate
llm_vl,react_moa_mcts,mir_operator:decode_layer*,True,92.25,profiled,"latency/launch-bound: 0.00 waves per SM, no unit above 30 % of peak",elementwise_unary,0.02,0.0,0.55,0.0,0.89,7.65,0.0,planner_debate
llm_vl,react_moa_mcts,mir_operator:decode_layer*,True,92.25,profiled,"latency/launch-bound: 0.00 waves per SM, no unit above 30 % of peak",reduce,0.09,0.0,1.97,0.0,3.82,31.87,0.0,planner_debate
llm_vl,react_moa_mcts,mir_operator:decode_layer*,True,92.25,profiled,"latency/launch-bound: 0.00 waves per SM, no unit above 30 % of peak",elementwise_binary,0.02,0.0,0.83,0.0,1.56,8.3,0.0,planner_debate
llm_vl,react_moa_mcts,mir_operator:decode_layer*,True,92.25,profiled,DRAM-bandwidth-bound,gemv,15.58,0.0,74.87,0.0,45.9,16.14,0.67,planner_debate
llm_vl,react_moa_mcts,mir_operator:decode_layer*,True,92.25,profiled,"latency/launch-bound: 0.00 waves per SM, no unit above 30 % of peak",concat,1.14,0.0,0.32,0.0,0.71,9.11,0.11,planner_debate
llm_vl,react_moa_mcts,mir_operator:decode_layer*,True,92.25,profiled,"latency/launch-bound: 0.00 waves per SM, no unit above 30 % of peak",elementwise_other,0.02,0.0,0.82,0.0,1.08,8.28,0.0,planner_debate
llm_vl,react_moa_mcts,mir_operator:decode_layer*,True,92.25,profiled,"latency/launch-bound: 0.05 waves per SM, no unit above 30 % of peak",attention,0.61,12.71,4.82,0.0,2.43,8.3,0.03,planner_debate
llm_vl,react_moa_mcts,mir_operator:decode_layer*,True,92.25,profiled,"latency/launch-bound: 0.00 waves per SM, no unit above 30 % of peak",copy,0.04,0.0,0.93,0.0,1.65,8.29,0.0,react_tool
llm_vl,react_moa_mcts,mir_operator:decode_layer*,True,92.25,profiled,"latency/launch-bound: 0.00 waves per SM, no unit above 30 % of peak",elementwise_unary,0.02,0.0,0.52,0.0,0.99,7.58,0.0,react_tool
llm_vl,react_moa_mcts,mir_operator:decode_layer*,True,92.25,profiled,"latency/launch-bound: 0.00 waves per SM, no unit above 30 % of peak",reduce,0.09,0.0,1.97,0.0,3.86,31.85,0.0,react_tool
llm_vl,react_moa_mcts,mir_operator:decode_layer*,True,92.25,profiled,"latency/launch-bound: 0.00 waves per SM, no unit above 30 % of peak",elementwise_binary,0.02,0.0,0.83,0.0,1.48,8.3,0.0,react_tool
llm_vl,react_moa_mcts,mir_operator:decode_layer*,True,92.25,profiled,DRAM-bandwidth-bound,gemv,15.18,0.0,74.18,0.0,45.27,16.04,0.67,react_tool
llm_vl,react_moa_mcts,mir_operator:decode_layer*,True,92.25,profiled,"latency/launch-bound: 0.00 waves per SM, no unit above 30 % of peak",concat,0.72,0.0,0.31,0.0,0.83,8.18,0.07,react_tool
llm_vl,react_moa_mcts,mir_operator:decode_layer*,True,92.25,profiled,"latency/launch-bound: 0.00 waves per SM, no unit above 30 % of peak",elementwise_other,0.02,0.0,0.8,0.0,1.13,8.29,0.0,react_tool
llm_vl,react_moa_mcts,mir_operator:decode_layer*,True,92.25,profiled,"latency/launch-bound: 0.03 waves per SM, no unit above 30 % of peak",attention,0.43,12.41,2.29,0.0,2.01,8.31,0.01,react_tool
llm_vl,react_moa_mcts,mir_operator:decode_layer*,True,92.25,profiled,"latency/launch-bound: 0.00 waves per SM, no unit above 30 % of peak",copy,0.04,0.0,0.91,0.0,1.65,8.27,0.0,react_tool
llm_vl,react_moa_mcts,mir_operator:decode_layer*,True,92.25,profiled,"latency/launch-bound: 0.00 waves per SM, no unit above 30 % of peak",elementwise_unary,0.02,0.0,0.47,0.0,0.93,7.68,0.0,react_tool
llm_vl,react_moa_mcts,mir_operator:decode_layer*,True,92.25,profiled,"latency/launch-bound: 0.00 waves per SM, no unit above 30 % of peak",reduce,0.09,0.0,1.95,0.0,3.84,31.88,0.0,react_tool
llm_vl,react_moa_mcts,mir_operator:decode_layer*,True,92.25,profiled,"latency/launch-bound: 0.00 waves per SM, no unit above 30 % of peak",elementwise_binary,0.02,0.0,0.83,0.0,1.49,8.31,0.0,react_tool
llm_vl,react_moa_mcts,mir_operator:decode_layer*,True,92.25,profiled,DRAM-bandwidth-bound,gemv,15.37,0.0,74.92,0.0,45.14,16.05,0.67,react_tool
llm_vl,react_moa_mcts,mir_operator:decode_layer*,True,92.25,profiled,"latency/launch-bound: 0.00 waves per SM, no unit above 30 % of peak",concat,0.72,0.0,0.31,0.0,0.76,8.19,0.07,react_tool
llm_vl,react_moa_mcts,mir_operator:decode_layer*,True,92.25,profiled,"latency/launch-bound: 0.00 waves per SM, no unit above 30 % of peak",elementwise_other,0.02,0.0,0.82,0.0,1.46,8.3,0.0,react_tool
llm_vl,react_moa_mcts,mir_operator:decode_layer*,True,92.25,profiled,"latency/launch-bound: 0.03 waves per SM, no unit above 30 % of peak",attention,0.43,12.36,2.28,0.0,2.01,8.31,0.01,react_tool
llm_vl,react_moa_mcts,mir_operator:decode_layer*,True,92.25,profiled,"latency/launch-bound: 0.00 waves per SM, no unit above 30 % of peak",copy,0.04,0.0,0.92,0.0,1.63,8.29,0.0,react_tool
llm_vl,react_moa_mcts,mir_operator:decode_layer*,True,92.25,profiled,"latency/launch-bound: 0.00 waves per SM, no unit above 30 % of peak",elementwise_unary,0.02,0.0,0.72,0.0,0.99,7.52,0.0,react_tool
llm_vl,react_moa_mcts,mir_operator:decode_layer*,True,92.25,profiled,"latency/launch-bound: 0.00 waves per SM, no unit above 30 % of peak",reduce,0.09,0.0,1.96,0.0,3.86,31.83,0.0,react_tool
llm_vl,react_moa_mcts,mir_operator:decode_layer*,True,92.25,profiled,"latency/launch-bound: 0.00 waves per SM, no unit above 30 % of peak",elementwise_binary,0.02,0.0,0.84,0.0,1.56,8.31,0.0,react_tool
llm_vl,react_moa_mcts,mir_operator:decode_layer*,True,92.25,profiled,DRAM-bandwidth-bound,gemv,15.36,0.0,73.73,0.0,45.34,16.12,0.67,react_tool
llm_vl,react_moa_mcts,mir_operator:decode_layer*,True,92.25,profiled,"latency/launch-bound: 0.00 waves per SM, no unit above 30 % of peak",concat,0.71,0.0,0.35,0.0,0.82,8.18,0.07,react_tool
llm_vl,react_moa_mcts,mir_operator:decode_layer*,True,92.25,profiled,"latency/launch-bound: 0.00 waves per SM, no unit above 30 % of peak",elementwise_other,0.02,0.0,0.82,0.0,1.18,8.29,0.0,react_tool
llm_vl,react_moa_mcts,mir_operator:decode_layer*,True,92.25,profiled,"latency/launch-bound: 0.03 waves per SM, no unit above 30 % of peak",attention,0.44,12.42,2.28,0.0,2.0,8.31,0.01,react_tool
llm_vl,react_moa_mcts,mir_operator:decode_layer*,True,92.25,profiled,"latency/launch-bound: 0.00 waves per SM, no unit above 30 % of peak",copy,0.04,0.0,0.92,0.0,1.66,8.26,0.0,react_tool
llm_vl,react_moa_mcts,mir_operator:decode_layer*,True,92.25,profiled,"latency/launch-bound: 0.00 waves per SM, no unit above 30 % of peak",elementwise_unary,0.02,0.0,0.53,0.0,0.96,7.69,0.0,react_tool
llm_vl,react_moa_mcts,mir_operator:decode_layer*,True,92.25,profiled,"latency/launch-bound: 0.00 waves per SM, no unit above 30 % of peak",reduce,0.09,0.0,1.96,0.0,3.84,31.95,0.0,react_tool
llm_vl,react_moa_mcts,mir_operator:decode_layer*,True,92.25,profiled,"latency/launch-bound: 0.00 waves per SM, no unit above 30 % of peak",elementwise_binary,0.02,0.0,0.81,0.0,1.48,8.31,0.0,react_tool
llm_vl,react_moa_mcts,mir_operator:decode_layer*,True,92.25,profiled,DRAM-bandwidth-bound,gemv,15.38,0.0,73.73,0.0,43.59,16.0,0.67,react_tool
llm_vl,react_moa_mcts,mir_operator:decode_layer*,True,92.25,profiled,"latency/launch-bound: 0.00 waves per SM, no unit above 30 % of peak",concat,0.73,0.0,0.31,0.0,0.78,8.2,0.07,react_tool
llm_vl,react_moa_mcts,mir_operator:decode_layer*,True,92.25,profiled,"latency/launch-bound: 0.00 waves per SM, no unit above 30 % of peak",elementwise_other,0.02,0.0,0.82,0.0,1.45,8.3,0.0,react_tool
llm_vl,react_moa_mcts,mir_operator:decode_layer*,True,92.25,profiled,"latency/launch-bound: 0.03 waves per SM, no unit above 30 % of peak",attention,0.43,12.34,2.29,0.0,2.03,8.3,0.01,react_tool
llm_vl,react_moa_mcts,mir_operator:decode_layer*,True,92.25,profiled,"latency/launch-bound: 0.00 waves per SM, no unit above 30 % of peak",copy,0.04,0.0,0.92,0.0,1.62,8.27,0.0,react_tool
llm_vl,react_moa_mcts,mir_operator:decode_layer*,True,92.25,profiled,"latency/launch-bound: 0.00 waves per SM, no unit above 30 % of peak",elementwise_unary,0.02,0.0,0.47,0.0,0.95,7.67,0.0,react_tool
llm_vl,react_moa_mcts,mir_operator:decode_layer*,True,92.25,profiled,"latency/launch-bound: 0.00 waves per SM, no unit above 30 % of peak",reduce,0.09,0.0,1.95,0.0,3.89,31.83,0.0,react_tool
llm_vl,react_moa_mcts,mir_operator:decode_layer*,True,92.25,profiled,"latency/launch-bound: 0.00 waves per SM, no unit above 30 % of peak",elementwise_binary,0.02,0.0,0.81,0.0,1.45,8.31,0.0,react_tool
llm_vl,react_moa_mcts,mir_operator:decode_layer*,True,92.25,profiled,DRAM-bandwidth-bound,gemv,15.28,0.0,74.66,0.0,45.57,16.08,0.67,react_tool
llm_vl,react_moa_mcts,mir_operator:decode_layer*,True,92.25,profiled,"latency/launch-bound: 0.00 waves per SM, no unit above 30 % of peak",concat,0.71,0.0,0.31,0.0,0.84,8.17,0.07,react_tool
llm_vl,react_moa_mcts,mir_operator:decode_layer*,True,92.25,profiled,"latency/launch-bound: 0.00 waves per SM, no unit above 30 % of peak",elementwise_other,0.02,0.0,0.8,0.0,1.15,8.28,0.0,react_tool
llm_vl,react_moa_mcts,mir_operator:decode_layer*,True,92.25,profiled,"latency/launch-bound: 0.03 waves per SM, no unit above 30 % of peak",attention,0.43,12.38,2.29,0.0,2.22,8.3,0.01,react_tool
llm_vl,react_moa_mcts,mir_operator:decode_layer*,True,92.25,profiled,"latency/launch-bound: 0.00 waves per SM, no unit above 30 % of peak",copy,0.04,0.0,0.91,0.0,1.59,8.29,0.0,react_tool
llm_vl,react_moa_mcts,mir_operator:decode_layer*,True,92.25,profiled,"latency/launch-bound: 0.00 waves per SM, no unit above 30 % of peak",elementwise_unary,0.02,0.0,0.52,0.0,0.99,7.69,0.0,react_tool
llm_vl,react_moa_mcts,mir_operator:decode_layer*,True,92.25,profiled,"latency/launch-bound: 0.00 waves per SM, no unit above 30 % of peak",reduce,0.09,0.0,1.95,0.0,3.85,31.9,0.0,react_tool
llm_vl,react_moa_mcts,mir_operator:decode_layer*,True,92.25,profiled,"latency/launch-bound: 0.00 waves per SM, no unit above 30 % of peak",elementwise_binary,0.02,0.0,0.82,0.0,1.46,8.31,0.0,react_tool
llm_vl,react_moa_mcts,mir_operator:decode_layer*,True,92.25,profiled,DRAM-bandwidth-bound,gemv,15.29,0.0,74.11,0.0,45.79,16.05,0.67,react_tool
llm_vl,react_moa_mcts,mir_operator:decode_layer*,True,92.25,profiled,"latency/launch-bound: 0.00 waves per SM, no unit above 30 % of peak",concat,0.72,0.0,0.31,0.0,0.8,8.18,0.07,react_tool
llm_vl,react_moa_mcts,mir_operator:decode_layer*,True,92.25,profiled,"latency/launch-bound: 0.00 waves per SM, no unit above 30 % of peak",elementwise_other,0.02,0.0,0.81,0.0,1.32,8.3,0.0,react_tool
llm_vl,react_moa_mcts,mir_operator:decode_layer*,True,92.25,profiled,"latency/launch-bound: 0.03 waves per SM, no unit above 30 % of peak",attention,0.44,12.34,2.29,0.0,2.04,8.31,0.01,react_tool
llm_vl,react_moa_mcts,mir_operator:decode_layer*,True,92.25,profiled,"latency/launch-bound: 0.00 waves per SM, no unit above 30 % of peak",copy,0.04,0.0,0.91,0.0,1.62,8.29,0.0,react_tool
llm_vl,react_moa_mcts,mir_operator:decode_layer*,True,92.25,profiled,"latency/launch-bound: 0.00 waves per SM, no unit above 30 % of peak",elementwise_unary,0.02,0.0,0.54,0.0,0.98,7.42,0.0,react_tool
llm_vl,react_moa_mcts,mir_operator:decode_layer*,True,92.25,profiled,"latency/launch-bound: 0.00 waves per SM, no unit above 30 % of peak",reduce,0.09,0.0,1.96,0.0,3.85,31.87,0.0,react_tool
llm_vl,react_moa_mcts,mir_operator:decode_layer*,True,92.25,profiled,"latency/launch-bound: 0.00 waves per SM, no unit above 30 % of peak",elementwise_binary,0.02,0.0,0.82,0.0,1.52,8.31,0.0,react_tool
llm_vl,react_moa_mcts,mir_operator:decode_layer*,True,92.25,profiled,DRAM-bandwidth-bound,gemv,15.3,0.0,74.14,0.0,46.06,16.12,0.67,react_tool
llm_vl,react_moa_mcts,mir_operator:decode_layer*,True,92.25,profiled,"latency/launch-bound: 0.00 waves per SM, no unit above 30 % of peak",concat,0.71,0.0,0.31,0.0,0.78,8.2,0.07,react_tool
llm_vl,react_moa_mcts,mir_operator:decode_layer*,True,92.25,profiled,"latency/launch-bound: 0.00 waves per SM, no unit above 30 % of peak",elementwise_other,0.02,0.0,0.81,0.0,1.19,8.29,0.0,react_tool
llm_vl,react_moa_mcts,mir_operator:decode_layer*,True,92.25,profiled,"latency/launch-bound: 0.03 waves per SM, no unit above 30 % of peak",attention,0.43,12.41,2.29,0.0,2.03,8.3,0.01,react_tool
llm_vl,react_moa_mcts,mir_operator:decode_layer*,True,92.25,profiled,"latency/launch-bound: 0.00 waves per SM, no unit above 30 % of peak",copy,0.04,0.0,0.92,0.0,1.66,8.28,0.0,react_tool
llm_vl,react_moa_mcts,mir_operator:decode_layer*,True,92.25,profiled,"latency/launch-bound: 0.00 waves per SM, no unit above 30 % of peak",elementwise_unary,0.02,0.0,0.53,0.0,0.98,7.56,0.0,react_tool
llm_vl,react_moa_mcts,mir_operator:decode_layer*,True,92.25,profiled,"latency/launch-bound: 0.00 waves per SM, no unit above 30 % of peak",reduce,0.09,0.0,1.96,0.0,3.87,31.89,0.0,react_tool
llm_vl,react_moa_mcts,mir_operator:decode_layer*,True,92.25,profiled,"latency/launch-bound: 0.00 waves per SM, no unit above 30 % of peak",elementwise_binary,0.02,0.0,0.82,0.0,1.48,8.31,0.0,react_tool
llm_vl,react_moa_mcts,mir_operator:decode_layer*,True,92.25,profiled,DRAM-bandwidth-bound,gemv,15.39,0.0,75.22,0.0,45.41,16.08,0.67,react_tool
llm_vl,react_moa_mcts,mir_operator:decode_layer*,True,92.25,profiled,"latency/launch-bound: 0.00 waves per SM, no unit above 30 % of peak",concat,0.72,0.0,0.31,0.0,0.76,8.2,0.07,react_tool
llm_vl,react_moa_mcts,mir_operator:decode_layer*,True,92.25,profiled,"latency/launch-bound: 0.00 waves per SM, no unit above 30 % of peak",elementwise_other,0.02,0.0,0.82,0.0,1.48,8.3,0.0,react_tool
llm_vl,react_moa_mcts,mir_operator:decode_layer*,True,92.25,profiled,"latency/launch-bound: 0.03 waves per SM, no unit above 30 % of peak",attention,0.44,12.33,2.3,0.0,2.03,8.3,0.01,react_tool
llm_vl,react_moa_mcts,mir_operator:decode_layer*,True,92.25,profiled,"latency/launch-bound: 0.00 waves per SM, no unit above 30 % of peak",copy,0.04,0.0,0.91,0.0,1.79,8.28,0.0,react_tool
llm_vl,react_moa_mcts,mir_operator:decode_layer*,True,92.25,profiled,"latency/launch-bound: 0.00 waves per SM, no unit above 30 % of peak",elementwise_unary,0.02,0.0,0.54,0.0,0.92,7.68,0.0,react_tool
llm_vl,react_moa_mcts,mir_operator:decode_layer*,True,92.25,profiled,"latency/launch-bound: 0.00 waves per SM, no unit above 30 % of peak",reduce,0.09,0.0,1.95,0.0,3.85,31.87,0.0,react_tool
llm_vl,react_moa_mcts,mir_operator:decode_layer*,True,92.25,profiled,"latency/launch-bound: 0.00 waves per SM, no unit above 30 % of peak",elementwise_binary,0.02,0.0,0.82,0.0,1.49,8.31,0.0,react_tool
llm_vl,react_moa_mcts,mir_operator:decode_layer*,True,92.25,profiled,DRAM-bandwidth-bound,gemv,15.46,0.0,73.84,0.0,45.38,16.08,0.67,react_tool
llm_vl,react_moa_mcts,mir_operator:decode_layer*,True,92.25,profiled,"latency/launch-bound: 0.00 waves per SM, no unit above 30 % of peak",concat,0.73,0.0,0.31,0.0,0.74,8.19,0.07,react_tool
llm_vl,react_moa_mcts,mir_operator:decode_layer*,True,92.25,profiled,"latency/launch-bound: 0.00 waves per SM, no unit above 30 % of peak",elementwise_other,0.02,0.0,0.8,0.0,1.31,8.29,0.0,react_tool
llm_vl,react_moa_mcts,mir_operator:decode_layer*,True,92.25,profiled,"latency/launch-bound: 0.03 waves per SM, no unit above 30 % of peak",attention,0.43,12.4,2.29,0.0,2.21,8.3,0.01,react_tool
llm_vl,react_moa_mcts,mir_operator:decode_layer*,True,92.25,profiled,"latency/launch-bound: 0.00 waves per SM, no unit above 30 % of peak",copy,0.04,0.0,0.91,0.0,1.62,8.27,0.0,react_tool
llm_vl,react_moa_mcts,mir_operator:decode_layer*,True,92.25,profiled,"latency/launch-bound: 0.00 waves per SM, no unit above 30 % of peak",elementwise_unary,0.02,0.0,0.54,0.0,0.97,7.66,0.0,react_tool
llm_vl,react_moa_mcts,mir_operator:decode_layer*,True,92.25,profiled,"latency/launch-bound: 0.00 waves per SM, no unit above 30 % of peak",reduce,0.09,0.0,1.95,0.0,3.85,31.84,0.0,react_tool
llm_vl,react_moa_mcts,mir_operator:decode_layer*,True,92.25,profiled,"latency/launch-bound: 0.00 waves per SM, no unit above 30 % of peak",elementwise_binary,0.02,0.0,0.81,0.0,1.54,8.31,0.0,react_tool
llm_vl,react_moa_mcts,mir_operator:decode_layer*,True,92.25,profiled,DRAM-bandwidth-bound,gemv,15.27,0.0,74.25,0.0,45.38,16.09,0.67,react_tool
llm_vl,react_moa_mcts,mir_operator:decode_layer*,True,92.25,profiled,"latency/launch-bound: 0.00 waves per SM, no unit above 30 % of peak",concat,0.72,0.0,0.31,0.0,0.84,8.19,0.07,react_tool
llm_vl,react_moa_mcts,mir_operator:decode_layer*,True,92.25,profiled,"latency/launch-bound: 0.00 waves per SM, no unit above 30 % of peak",elementwise_other,0.02,0.0,0.83,0.0,1.19,8.28,0.0,react_tool
llm_vl,react_moa_mcts,mir_operator:decode_layer*,True,92.25,profiled,"latency/launch-bound: 0.03 waves per SM, no unit above 30 % of peak",attention,0.43,12.36,2.29,0.0,2.01,8.3,0.01,react_tool
llm_vl,react_moa_mcts,mir_operator:decode_layer*,True,92.25,profiled,"latency/launch-bound: 0.00 waves per SM, no unit above 30 % of peak",copy,0.04,0.0,0.92,0.0,1.69,8.26,0.0,react_tool
llm_vl,react_moa_mcts,mir_operator:decode_layer*,True,92.25,profiled,"latency/launch-bound: 0.00 waves per SM, no unit above 30 % of peak",elementwise_unary,0.02,0.0,0.54,0.0,0.96,7.67,0.0,react_tool
llm_vl,react_moa_mcts,mir_operator:decode_layer*,True,92.25,profiled,"latency/launch-bound: 0.00 waves per SM, no unit above 30 % of peak",reduce,0.09,0.0,1.97,0.0,3.89,31.87,0.0,react_tool
llm_vl,react_moa_mcts,mir_operator:decode_layer*,True,92.25,profiled,"latency/launch-bound: 0.00 waves per SM, no unit above 30 % of peak",elementwise_binary,0.02,0.0,0.83,0.0,1.66,8.31,0.0,react_tool
llm_vl,react_moa_mcts,mir_operator:decode_layer*,True,92.25,profiled,DRAM-bandwidth-bound,gemv,15.04,0.0,74.38,0.0,46.57,16.06,0.67,react_tool
llm_vl,react_moa_mcts,mir_operator:decode_layer*,True,92.25,profiled,"latency/launch-bound: 0.00 waves per SM, no unit above 30 % of peak",concat,0.71,0.0,0.32,0.0,0.75,8.2,0.07,react_tool
llm_vl,react_moa_mcts,mir_operator:decode_layer*,True,92.25,profiled,"latency/launch-bound: 0.00 waves per SM, no unit above 30 % of peak",elementwise_other,0.02,0.0,0.82,0.0,1.29,8.29,0.0,react_tool
llm_vl,react_moa_mcts,mir_operator:decode_layer*,True,92.25,profiled,"latency/launch-bound: 0.03 waves per SM, no unit above 30 % of peak",attention,0.44,12.43,2.3,0.0,2.09,8.3,0.01,react_tool
llm_vl,react_moa_mcts,mir_operator:decode_layer*,True,92.25,profiled,"latency/launch-bound: 0.00 waves per SM, no unit above 30 % of peak",copy,0.04,0.0,0.9,0.0,1.8,8.28,0.0,react_tool
llm_vl,react_moa_mcts,mir_operator:decode_layer*,True,92.25,profiled,"latency/launch-bound: 0.00 waves per SM, no unit above 30 % of peak",elementwise_unary,0.02,0.0,0.53,0.0,0.98,7.42,0.0,react_tool
llm_vl,react_moa_mcts,mir_operator:decode_layer*,True,92.25,profiled,"latency/launch-bound: 0.00 waves per SM, no unit above 30 % of peak",reduce,0.08,0.0,1.96,0.0,3.87,31.8,0.0,react_tool
llm_vl,react_moa_mcts,mir_operator:decode_layer*,True,92.25,profiled,"latency/launch-bound: 0.00 waves per SM, no unit above 30 % of peak",elementwise_binary,0.02,0.0,0.81,0.0,1.46,8.31,0.0,react_tool
llm_vl,react_moa_mcts,mir_operator:decode_layer*,True,92.25,profiled,DRAM-bandwidth-bound,gemv,15.32,0.0,73.75,0.0,45.34,16.04,0.67,react_tool
llm_vl,react_moa_mcts,mir_operator:decode_layer*,True,92.25,profiled,"latency/launch-bound: 0.00 waves per SM, no unit above 30 % of peak",concat,0.72,0.0,0.31,0.0,0.79,8.18,0.07,react_tool
llm_vl,react_moa_mcts,mir_operator:decode_layer*,True,92.25,profiled,"latency/launch-bound: 0.00 waves per SM, no unit above 30 % of peak",elementwise_other,0.02,0.0,0.82,0.0,1.31,8.29,0.0,react_tool
llm_vl,react_moa_mcts,mir_operator:decode_layer*,True,92.25,profiled,"latency/launch-bound: 0.03 waves per SM, no unit above 30 % of peak",attention,0.43,12.32,2.29,0.0,2.08,8.3,0.01,react_tool
llm_vl,react_moa_mcts,mir_operator:decode_layer*,True,92.25,profiled,"latency/launch-bound: 0.00 waves per SM, no unit above 30 % of peak",copy,0.04,0.0,0.92,0.0,1.88,8.27,0.0,react_tool
llm_vl,react_moa_mcts,mir_operator:decode_layer*,True,92.25,profiled,"latency/launch-bound: 0.00 waves per SM, no unit above 30 % of peak",elementwise_unary,0.02,0.0,0.54,0.0,1.0,7.7,0.0,react_tool
llm_vl,react_moa_mcts,mir_operator:decode_layer*,True,92.25,profiled,"latency/launch-bound: 0.00 waves per SM, no unit above 30 % of peak",reduce,0.08,0.0,1.96,0.0,3.9,31.86,0.0,react_tool
llm_vl,react_moa_mcts,mir_operator:decode_layer*,True,92.25,profiled,"latency/launch-bound: 0.00 waves per SM, no unit above 30 % of peak",elementwise_binary,0.02,0.0,0.82,0.0,1.5,8.31,0.0,react_tool
llm_vl,react_moa_mcts,mir_operator:decode_layer*,True,92.25,profiled,DRAM-bandwidth-bound,gemv,15.51,0.0,74.76,0.0,45.32,16.13,0.67,react_tool
llm_vl,react_moa_mcts,mir_operator:decode_layer*,True,92.25,profiled,"latency/launch-bound: 0.00 waves per SM, no unit above 30 % of peak",concat,0.73,0.0,0.31,0.0,0.8,8.18,0.07,react_tool
llm_vl,react_moa_mcts,mir_operator:decode_layer*,True,92.25,profiled,"latency/launch-bound: 0.00 waves per SM, no unit above 30 % of peak",elementwise_other,0.02,0.0,0.81,0.0,1.18,8.29,0.0,react_tool
llm_vl,react_moa_mcts,mir_operator:decode_layer*,True,92.25,profiled,"latency/launch-bound: 0.03 waves per SM, no unit above 30 % of peak",attention,0.43,12.4,2.29,0.0,2.05,8.29,0.01,react_tool
llm_vl,react_moa_mcts,mir_operator:decode_layer*,True,92.25,profiled,"latency/launch-bound: 0.00 waves per SM, no unit above 30 % of peak",copy,0.04,0.0,0.92,0.0,1.67,8.28,0.0,react_tool
llm_vl,react_moa_mcts,mir_operator:decode_layer*,True,92.25,profiled,"latency/launch-bound: 0.00 waves per SM, no unit above 30 % of peak",elementwise_unary,0.02,0.0,0.51,0.0,0.94,7.69,0.0,react_tool
llm_vl,react_moa_mcts,mir_operator:decode_layer*,True,92.25,profiled,"latency/launch-bound: 0.00 waves per SM, no unit above 30 % of peak",reduce,0.09,0.0,1.95,0.0,3.83,31.84,0.0,react_tool
llm_vl,react_moa_mcts,mir_operator:decode_layer*,True,92.25,profiled,"latency/launch-bound: 0.00 waves per SM, no unit above 30 % of peak",elementwise_binary,0.02,0.0,0.82,0.0,1.46,8.31,0.0,react_tool
llm_vl,react_moa_mcts,mir_operator:decode_layer*,True,92.25,profiled,DRAM-bandwidth-bound,gemv,15.17,0.0,73.98,0.0,44.1,16.04,0.67,react_tool
llm_vl,react_moa_mcts,mir_operator:decode_layer*,True,92.25,profiled,"latency/launch-bound: 0.00 waves per SM, no unit above 30 % of peak",concat,0.73,0.0,0.31,0.0,0.99,8.19,0.07,react_tool
llm_vl,react_moa_mcts,mir_operator:decode_layer*,True,92.25,profiled,"latency/launch-bound: 0.00 waves per SM, no unit above 30 % of peak",elementwise_other,0.02,0.0,0.81,0.0,1.19,8.3,0.0,react_tool
llm_vl,react_moa_mcts,mir_operator:decode_layer*,True,92.25,profiled,"latency/launch-bound: 0.03 waves per SM, no unit above 30 % of peak",attention,0.43,12.3,2.27,0.0,2.02,8.31,0.01,react_tool
llm_vl,react_moa_mcts,mir_operator:decode_layer*,True,92.25,profiled,"latency/launch-bound: 0.00 waves per SM, no unit above 30 % of peak",copy,0.04,0.0,0.92,0.0,1.65,8.29,0.0,react_tool
llm_vl,react_moa_mcts,mir_operator:decode_layer*,True,92.25,profiled,"latency/launch-bound: 0.00 waves per SM, no unit above 30 % of peak",elementwise_unary,0.02,0.0,0.52,0.0,0.96,7.69,0.0,react_tool
llm_vl,react_moa_mcts,mir_operator:decode_layer*,True,92.25,profiled,"latency/launch-bound: 0.00 waves per SM, no unit above 30 % of peak",reduce,0.09,0.0,1.95,0.0,3.9,31.82,0.0,react_tool
llm_vl,react_moa_mcts,mir_operator:decode_layer*,True,92.25,profiled,"latency/launch-bound: 0.00 waves per SM, no unit above 30 % of peak",elementwise_binary,0.02,0.0,0.82,0.0,1.48,8.31,0.0,react_tool
llm_vl,react_moa_mcts,mir_operator:decode_layer*,True,92.25,profiled,DRAM-bandwidth-bound,gemv,15.29,0.0,74.95,0.0,46.57,16.08,0.67,react_tool
llm_vl,react_moa_mcts,mir_operator:decode_layer*,True,92.25,profiled,"latency/launch-bound: 0.00 waves per SM, no unit above 30 % of peak",concat,0.72,0.0,0.35,0.0,0.84,8.19,0.07,react_tool
llm_vl,react_moa_mcts,mir_operator:decode_layer*,True,92.25,profiled,"latency/launch-bound: 0.00 waves per SM, no unit above 30 % of peak",elementwise_other,0.02,0.0,0.81,0.0,1.19,8.29,0.0,react_tool
llm_vl,react_moa_mcts,mir_operator:decode_layer*,True,92.25,profiled,"latency/launch-bound: 0.03 waves per SM, no unit above 30 % of peak",attention,0.43,12.35,2.29,0.0,1.99,8.29,0.01,react_tool
llm_vl,react_moa_mcts,mir_operator:decode_layer*,True,92.25,profiled,"latency/launch-bound: 0.00 waves per SM, no unit above 30 % of peak",copy,0.04,0.0,0.92,0.0,1.64,8.29,0.0,react_tool
llm_vl,react_moa_mcts,mir_operator:decode_layer*,True,92.25,profiled,"latency/launch-bound: 0.00 waves per SM, no unit above 30 % of peak",elementwise_unary,0.02,0.0,0.52,0.0,0.98,7.62,0.0,react_tool
llm_vl,react_moa_mcts,mir_operator:decode_layer*,True,92.25,profiled,"latency/launch-bound: 0.00 waves per SM, no unit above 30 % of peak",reduce,0.09,0.0,1.96,0.0,3.9,31.88,0.0,react_tool
llm_vl,react_moa_mcts,mir_operator:decode_layer*,True,92.25,profiled,"latency/launch-bound: 0.00 waves per SM, no unit above 30 % of peak",elementwise_binary,0.02,0.0,0.83,0.0,1.45,8.31,0.0,react_tool
llm_vl,react_moa_mcts,mir_operator:decode_layer*,True,92.25,profiled,DRAM-bandwidth-bound,gemv,15.4,0.0,74.48,0.0,45.52,16.02,0.67,react_tool
llm_vl,react_moa_mcts,mir_operator:decode_layer*,True,92.25,profiled,"latency/launch-bound: 0.00 waves per SM, no unit above 30 % of peak",concat,0.72,0.0,0.32,0.0,0.79,8.2,0.07,react_tool
llm_vl,react_moa_mcts,mir_operator:decode_layer*,True,92.25,profiled,"latency/launch-bound: 0.00 waves per SM, no unit above 30 % of peak",elementwise_other,0.02,0.0,0.82,0.0,1.13,8.28,0.0,react_tool
llm_vl,react_moa_mcts,mir_operator:decode_layer*,True,92.25,profiled,"latency/launch-bound: 0.03 waves per SM, no unit above 30 % of peak",attention,0.43,12.4,2.51,0.0,2.07,8.3,0.01,react_tool
llm_vl,react_moa_mcts,mir_operator:decode_layer*,True,92.25,profiled,"latency/launch-bound: 0.00 waves per SM, no unit above 30 % of peak",copy,0.04,0.0,0.91,0.0,1.62,8.29,0.0,react_tool
llm_vl,react_moa_mcts,mir_operator:decode_layer*,True,92.25,profiled,"latency/launch-bound: 0.00 waves per SM, no unit above 30 % of peak",elementwise_unary,0.02,0.0,0.47,0.0,0.92,7.65,0.0,react_tool
llm_vl,react_moa_mcts,mir_operator:decode_layer*,True,92.25,profiled,"latency/launch-bound: 0.00 waves per SM, no unit above 30 % of peak",reduce,0.09,0.0,1.96,0.0,3.86,31.81,0.0,react_tool
llm_vl,react_moa_mcts,mir_operator:decode_layer*,True,92.25,profiled,"latency/launch-bound: 0.00 waves per SM, no unit above 30 % of peak",elementwise_binary,0.02,0.0,0.83,0.0,1.43,8.31,0.0,react_tool
llm_vl,react_moa_mcts,mir_operator:decode_layer*,True,92.25,profiled,DRAM-bandwidth-bound,gemv,15.25,0.0,74.03,0.0,46.16,16.14,0.67,react_tool
llm_vl,react_moa_mcts,mir_operator:decode_layer*,True,92.25,profiled,"latency/launch-bound: 0.00 waves per SM, no unit above 30 % of peak",concat,0.71,0.0,0.31,0.0,0.77,8.18,0.07,react_tool
llm_vl,react_moa_mcts,mir_operator:decode_layer*,True,92.25,profiled,"latency/launch-bound: 0.00 waves per SM, no unit above 30 % of peak",elementwise_other,0.02,0.0,0.81,0.0,1.17,8.29,0.0,react_tool
llm_vl,react_moa_mcts,mir_operator:decode_layer*,True,92.25,profiled,"latency/launch-bound: 0.03 waves per SM, no unit above 30 % of peak",attention,0.43,12.4,2.29,0.0,1.99,8.3,0.01,react_tool
llm_vl,react_moa_mcts,mir_operator:decode_layer*,True,92.25,profiled,"latency/launch-bound: 0.00 waves per SM, no unit above 30 % of peak",copy,0.04,0.0,0.91,0.0,1.64,8.28,0.0,react_tool
llm_vl,react_moa_mcts,mir_operator:decode_layer*,True,92.25,profiled,"latency/launch-bound: 0.00 waves per SM, no unit above 30 % of peak",elementwise_unary,0.02,0.0,0.54,0.0,0.95,7.65,0.0,react_tool
llm_vl,react_moa_mcts,mir_operator:decode_layer*,True,92.25,profiled,"latency/launch-bound: 0.00 waves per SM, no unit above 30 % of peak",reduce,0.09,0.0,1.96,0.0,3.85,31.84,0.0,react_tool
llm_vl,react_moa_mcts,mir_operator:decode_layer*,True,92.25,profiled,"latency/launch-bound: 0.00 waves per SM, no unit above 30 % of peak",elementwise_binary,0.02,0.0,0.83,0.0,1.51,8.31,0.0,react_tool
llm_vl,react_moa_mcts,mir_operator:decode_layer*,True,92.25,profiled,DRAM-bandwidth-bound,gemv,15.37,0.0,73.87,0.0,45.57,16.05,0.67,react_tool
llm_vl,react_moa_mcts,mir_operator:decode_layer*,True,92.25,profiled,"latency/launch-bound: 0.00 waves per SM, no unit above 30 % of peak",concat,0.68,0.0,0.31,0.0,0.75,8.18,0.07,react_tool
llm_vl,react_moa_mcts,mir_operator:decode_layer*,True,92.25,profiled,"latency/launch-bound: 0.00 waves per SM, no unit above 30 % of peak",elementwise_other,0.02,0.0,0.82,0.0,1.39,8.28,0.0,react_tool
llm_vl,react_moa_mcts,mir_operator:decode_layer*,True,92.25,profiled,"latency/launch-bound: 0.03 waves per SM, no unit above 30 % of peak",attention,0.43,12.34,2.29,0.0,2.02,8.3,0.01,react_tool
llm_vl,react_moa_mcts,mir_operator:decode_layer*,True,92.25,profiled,"latency/launch-bound: 0.00 waves per SM, no unit above 30 % of peak",copy,0.04,0.0,0.92,0.0,1.65,8.29,0.0,react_tool
llm_vl,react_moa_mcts,mir_operator:decode_layer*,True,92.25,profiled,"latency/launch-bound: 0.00 waves per SM, no unit above 30 % of peak",elementwise_unary,0.02,0.0,0.45,0.0,0.92,7.64,0.0,react_tool
llm_vl,react_moa_mcts,mir_operator:decode_layer*,True,92.25,profiled,"latency/launch-bound: 0.00 waves per SM, no unit above 30 % of peak",reduce,0.09,0.0,1.97,0.0,3.86,31.85,0.0,react_tool
llm_vl,react_moa_mcts,mir_operator:decode_layer*,True,92.25,profiled,"latency/launch-bound: 0.00 waves per SM, no unit above 30 % of peak",elementwise_binary,0.02,0.0,0.82,0.0,1.53,8.31,0.0,react_tool
llm_vl,react_moa_mcts,mir_operator:decode_layer*,True,92.25,profiled,DRAM-bandwidth-bound,gemv,15.16,0.0,73.81,0.0,45.58,16.09,0.67,react_tool
llm_vl,react_moa_mcts,mir_operator:decode_layer*,True,92.25,profiled,"latency/launch-bound: 0.00 waves per SM, no unit above 30 % of peak",concat,0.71,0.0,0.32,0.0,0.75,8.19,0.07,react_tool
llm_vl,react_moa_mcts,mir_operator:decode_layer*,True,92.25,profiled,"latency/launch-bound: 0.00 waves per SM, no unit above 30 % of peak",elementwise_other,0.02,0.0,0.81,0.0,1.28,8.29,0.0,react_tool
llm_vl,react_moa_mcts,mir_operator:decode_layer*,True,92.25,profiled,"latency/launch-bound: 0.03 waves per SM, no unit above 30 % of peak",attention,0.44,12.42,2.28,0.0,2.01,8.29,0.01,react_tool
llm_vl,react_moa_mcts,mir_operator:decode_layer*,True,92.25,profiled,"latency/launch-bound: 0.00 waves per SM, no unit above 30 % of peak",copy,0.04,0.0,0.91,0.0,1.63,8.26,0.0,react_tool
llm_vl,react_moa_mcts,mir_operator:decode_layer*,True,92.25,profiled,"latency/launch-bound: 0.00 waves per SM, no unit above 30 % of peak",elementwise_unary,0.02,0.0,0.54,0.0,0.96,7.53,0.0,react_tool
llm_vl,react_moa_mcts,mir_operator:decode_layer*,True,92.25,profiled,"latency/launch-bound: 0.00 waves per SM, no unit above 30 % of peak",reduce,0.09,0.0,1.97,0.0,3.87,31.83,0.0,react_tool
llm_vl,react_moa_mcts,mir_operator:decode_layer*,True,92.25,profiled,"latency/launch-bound: 0.00 waves per SM, no unit above 30 % of peak",elementwise_binary,0.02,0.0,0.82,0.0,1.49,8.31,0.0,react_tool
llm_vl,react_moa_mcts,mir_operator:decode_layer*,True,92.25,profiled,DRAM-bandwidth-bound,gemv,15.45,0.0,74.55,0.0,45.14,15.96,0.67,react_tool
llm_vl,react_moa_mcts,mir_operator:decode_layer*,True,92.25,profiled,"latency/launch-bound: 0.00 waves per SM, no unit above 30 % of peak",concat,0.68,0.0,0.32,0.0,0.96,8.2,0.07,react_tool
llm_vl,react_moa_mcts,mir_operator:decode_layer*,True,92.25,profiled,"latency/launch-bound: 0.00 waves per SM, no unit above 30 % of peak",elementwise_other,0.02,0.0,0.82,0.0,1.2,8.3,0.0,react_tool
llm_vl,react_moa_mcts,mir_operator:decode_layer*,True,92.25,profiled,"latency/launch-bound: 0.03 waves per SM, no unit above 30 % of peak",attention,0.44,12.41,2.28,0.0,2.05,8.3,0.01,react_tool
llm_vl,react_moa_mcts,mir_operator:decode_layer*,True,92.25,profiled,"latency/launch-bound: 0.00 waves per SM, no unit above 30 % of peak",copy,0.04,0.0,0.92,0.0,1.68,8.28,0.0,react_tool
llm_vl,react_moa_mcts,mir_operator:decode_layer*,True,92.25,profiled,"latency/launch-bound: 0.00 waves per SM, no unit above 30 % of peak",elementwise_unary,0.02,0.0,0.52,0.0,0.95,7.66,0.0,react_tool
llm_vl,react_moa_mcts,mir_operator:decode_layer*,True,92.25,profiled,"latency/launch-bound: 0.00 waves per SM, no unit above 30 % of peak",reduce,0.09,0.0,1.96,0.0,3.87,31.91,0.0,react_tool
llm_vl,react_moa_mcts,mir_operator:decode_layer*,True,92.25,profiled,"latency/launch-bound: 0.00 waves per SM, no unit above 30 % of peak",elementwise_binary,0.02,0.0,0.82,0.0,1.62,8.3,0.0,react_tool
llm_vl,react_moa_mcts,mir_operator:decode_layer*,True,92.25,profiled,DRAM-bandwidth-bound,gemv,15.41,0.0,74.28,0.0,45.9,16.03,0.67,react_tool
llm_vl,react_moa_mcts,mir_operator:decode_layer*,True,92.25,profiled,"latency/launch-bound: 0.00 waves per SM, no unit above 30 % of peak",concat,0.72,0.0,0.32,0.0,0.74,8.19,0.07,react_tool
llm_vl,react_moa_mcts,mir_operator:decode_layer*,True,92.25,profiled,"latency/launch-bound: 0.00 waves per SM, no unit above 30 % of peak",elementwise_other,0.02,0.0,0.81,0.0,1.48,8.29,0.0,react_tool
llm_vl,react_moa_mcts,mir_operator:decode_layer*,True,92.25,profiled,"latency/launch-bound: 0.03 waves per SM, no unit above 30 % of peak",attention,0.43,12.4,2.28,0.0,2.24,8.29,0.01,react_tool
llm_vl,react_moa_mcts,mir_operator:decode_layer*,True,92.25,profiled,"latency/launch-bound: 0.00 waves per SM, no unit above 30 % of peak",copy,0.04,0.0,0.93,0.0,1.66,8.28,0.0,react_tool
llm_vl,react_moa_mcts,mir_operator:decode_layer*,True,92.25,profiled,"latency/launch-bound: 0.00 waves per SM, no unit above 30 % of peak",elementwise_unary,0.02,0.0,0.53,0.0,0.92,7.7,0.0,react_tool
llm_vl,react_moa_mcts,mir_operator:decode_layer*,True,92.25,profiled,"latency/launch-bound: 0.00 waves per SM, no unit above 30 % of peak",reduce,0.09,0.0,1.95,0.0,3.86,31.84,0.0,react_tool
llm_vl,react_moa_mcts,mir_operator:decode_layer*,True,92.25,profiled,"latency/launch-bound: 0.00 waves per SM, no unit above 30 % of peak",elementwise_binary,0.02,0.0,0.82,0.0,1.48,8.31,0.0,react_tool
llm_vl,react_moa_mcts,mir_operator:decode_layer*,True,92.25,profiled,DRAM-bandwidth-bound,gemv,15.36,0.0,74.95,0.0,45.96,16.09,0.67,react_tool
llm_vl,react_moa_mcts,mir_operator:decode_layer*,True,92.25,profiled,"latency/launch-bound: 0.00 waves per SM, no unit above 30 % of peak",concat,0.7,0.0,0.31,0.0,0.83,8.2,0.07,react_tool
llm_vl,react_moa_mcts,mir_operator:decode_layer*,True,92.25,profiled,"latency/launch-bound: 0.00 waves per SM, no unit above 30 % of peak",elementwise_other,0.02,0.0,0.82,0.0,1.34,8.29,0.0,react_tool
llm_vl,react_moa_mcts,mir_operator:decode_layer*,True,92.25,profiled,"latency/launch-bound: 0.03 waves per SM, no unit above 30 % of peak",attention,0.43,12.34,2.28,0.0,1.99,8.29,0.01,react_tool
llm_vl,react_moa_mcts,mir_operator:decode_layer*,True,92.25,profiled,"latency/launch-bound: 0.00 waves per SM, no unit above 30 % of peak",copy,0.04,0.0,0.91,0.0,1.64,8.29,0.0,react_tool
llm_vl,react_moa_mcts,mir_operator:decode_layer*,True,92.25,profiled,"latency/launch-bound: 0.00 waves per SM, no unit above 30 % of peak",elementwise_unary,0.02,0.0,0.54,0.0,0.98,7.64,0.0,react_tool
llm_vl,react_moa_mcts,mir_operator:decode_layer*,True,92.25,profiled,"latency/launch-bound: 0.00 waves per SM, no unit above 30 % of peak",reduce,0.09,0.0,1.91,0.0,3.84,31.87,0.0,react_tool
llm_vl,react_moa_mcts,mir_operator:decode_layer*,True,92.25,profiled,"latency/launch-bound: 0.00 waves per SM, no unit above 30 % of peak",elementwise_binary,0.02,0.0,0.81,0.0,1.5,8.31,0.0,react_tool
llm_vl,react_moa_mcts,mir_operator:decode_layer*,True,92.25,profiled,DRAM-bandwidth-bound,gemv,15.18,0.0,74.03,0.0,44.95,16.07,0.67,react_tool
llm_vl,react_moa_mcts,mir_operator:decode_layer*,True,92.25,profiled,"latency/launch-bound: 0.00 waves per SM, no unit above 30 % of peak",concat,0.72,0.0,0.31,0.0,0.75,8.19,0.07,react_tool
llm_vl,react_moa_mcts,mir_operator:decode_layer*,True,92.25,profiled,"latency/launch-bound: 0.00 waves per SM, no unit above 30 % of peak",elementwise_other,0.02,0.0,0.81,0.0,1.16,8.28,0.0,react_tool
llm_vl,react_moa_mcts,mir_operator:decode_layer*,True,92.25,profiled,"latency/launch-bound: 0.03 waves per SM, no unit above 30 % of peak",attention,0.44,12.42,2.3,0.0,2.04,8.29,0.01,react_tool
llm_vl,react_moa_mcts,mir_operator:decode_layer*,True,92.25,profiled,"latency/launch-bound: 0.00 waves per SM, no unit above 30 % of peak",copy,0.04,0.0,0.91,0.0,1.82,8.27,0.0,react_tool
llm_vl,react_moa_mcts,mir_operator:decode_layer*,True,92.25,profiled,"latency/launch-bound: 0.00 waves per SM, no unit above 30 % of peak",elementwise_unary,0.02,0.0,0.53,0.0,1.0,7.64,0.0,react_tool
llm_vl,react_moa_mcts,mir_operator:decode_layer*,True,92.25,profiled,"latency/launch-bound: 0.00 waves per SM, no unit above 30 % of peak",reduce,0.09,0.0,1.96,0.0,3.86,31.9,0.0,react_tool
llm_vl,react_moa_mcts,mir_operator:decode_layer*,True,92.25,profiled,"latency/launch-bound: 0.00 waves per SM, no unit above 30 % of peak",elementwise_binary,0.02,0.0,0.83,0.0,1.47,8.31,0.0,react_tool
llm_vl,react_moa_mcts,mir_operator:decode_layer*,True,92.25,profiled,DRAM-bandwidth-bound,gemv,15.47,0.0,74.32,0.0,46.17,16.04,0.67,react_tool
llm_vl,react_moa_mcts,mir_operator:decode_layer*,True,92.25,profiled,"latency/launch-bound: 0.00 waves per SM, no unit above 30 % of peak",concat,0.69,0.0,0.31,0.0,0.79,8.2,0.07,react_tool
llm_vl,react_moa_mcts,mir_operator:decode_layer*,True,92.25,profiled,"latency/launch-bound: 0.00 waves per SM, no unit above 30 % of peak",elementwise_other,0.02,0.0,0.81,0.0,1.3,8.28,0.0,react_tool
llm_vl,react_moa_mcts,mir_operator:decode_layer*,True,92.25,profiled,"latency/launch-bound: 0.03 waves per SM, no unit above 30 % of peak",attention,0.44,12.39,2.28,0.0,2.03,8.29,0.01,react_tool
llm_vl,react_moa_mcts,mir_operator:decode_layer*,True,92.25,profiled,"latency/launch-bound: 0.00 waves per SM, no unit above 30 % of peak",copy,0.04,0.0,0.9,0.0,1.66,8.25,0.0,react_tool
llm_vl,react_moa_mcts,mir_operator:decode_layer*,True,92.25,profiled,"latency/launch-bound: 0.00 waves per SM, no unit above 30 % of peak",elementwise_unary,0.02,0.0,0.52,0.0,0.96,7.65,0.0,react_tool
llm_vl,react_moa_mcts,mir_operator:decode_layer*,True,92.25,profiled,"latency/launch-bound: 0.00 waves per SM, no unit above 30 % of peak",reduce,0.09,0.0,1.96,0.0,3.86,31.9,0.0,react_tool
llm_vl,react_moa_mcts,mir_operator:decode_layer*,True,92.25,profiled,"latency/launch-bound: 0.00 waves per SM, no unit above 30 % of peak",elementwise_binary,0.02,0.0,0.83,0.0,1.48,8.31,0.0,react_tool
llm_vl,react_moa_mcts,mir_operator:decode_layer*,True,92.25,profiled,DRAM-bandwidth-bound,gemv,15.36,0.0,74.52,0.0,46.51,16.12,0.67,react_tool
llm_vl,react_moa_mcts,mir_operator:decode_layer*,True,92.25,profiled,"latency/launch-bound: 0.00 waves per SM, no unit above 30 % of peak",concat,0.7,0.0,0.31,0.0,0.77,8.2,0.07,react_tool
llm_vl,react_moa_mcts,mir_operator:decode_layer*,True,92.25,profiled,"latency/launch-bound: 0.00 waves per SM, no unit above 30 % of peak",elementwise_other,0.02,0.0,0.82,0.0,1.31,8.29,0.0,react_tool
llm_vl,react_moa_mcts,mir_operator:decode_layer*,True,92.25,profiled,"latency/launch-bound: 0.03 waves per SM, no unit above 30 % of peak",attention,0.43,12.35,2.29,0.0,2.02,8.28,0.01,react_tool
llm_vl,react_moa_mcts,mir_operator:decode_layer*,True,92.25,profiled,"latency/launch-bound: 0.00 waves per SM, no unit above 30 % of peak",copy,0.04,0.0,0.91,0.0,1.67,8.29,0.0,react_tool
llm_vl,react_moa_mcts,mir_operator:decode_layer*,True,92.25,profiled,"latency/launch-bound: 0.00 waves per SM, no unit above 30 % of peak",elementwise_unary,0.02,0.0,0.54,0.0,0.99,7.54,0.0,react_tool
llm_vl,react_moa_mcts,mir_operator:decode_layer*,True,92.25,profiled,"latency/launch-bound: 0.00 waves per SM, no unit above 30 % of peak",reduce,0.09,0.0,1.96,0.0,3.83,31.9,0.0,react_tool
llm_vl,react_moa_mcts,mir_operator:decode_layer*,True,92.25,profiled,"latency/launch-bound: 0.00 waves per SM, no unit above 30 % of peak",elementwise_binary,0.02,0.0,0.82,0.0,1.5,8.31,0.0,react_tool
llm_vl,react_moa_mcts,mir_operator:decode_layer*,True,92.25,profiled,DRAM-bandwidth-bound,gemv,15.28,0.0,73.45,0.0,44.53,16.08,0.67,react_tool
llm_vl,react_moa_mcts,mir_operator:decode_layer*,True,92.25,profiled,"latency/launch-bound: 0.00 waves per SM, no unit above 30 % of peak",concat,0.7,0.0,0.31,0.0,0.79,8.19,0.07,react_tool
llm_vl,react_moa_mcts,mir_operator:decode_layer*,True,92.25,profiled,"latency/launch-bound: 0.00 waves per SM, no unit above 30 % of peak",elementwise_other,0.02,0.0,0.82,0.0,1.18,8.29,0.0,react_tool
llm_vl,react_moa_mcts,mir_operator:decode_layer*,True,92.25,profiled,"latency/launch-bound: 0.03 waves per SM, no unit above 30 % of peak",attention,0.43,12.32,2.29,0.0,2.02,8.3,0.01,react_tool
llm_vl,react_moa_mcts,mir_operator:decode_layer*,True,92.25,profiled,"latency/launch-bound: 0.00 waves per SM, no unit above 30 % of peak",copy,0.04,0.0,0.91,0.0,1.81,8.28,0.0,react_tool
llm_vl,react_moa_mcts,mir_operator:decode_layer*,True,92.25,profiled,"latency/launch-bound: 0.00 waves per SM, no unit above 30 % of peak",elementwise_unary,0.02,0.0,0.54,0.0,0.98,7.55,0.0,react_tool
llm_vl,react_moa_mcts,mir_operator:decode_layer*,True,92.25,profiled,"latency/launch-bound: 0.00 waves per SM, no unit above 30 % of peak",reduce,0.09,0.0,1.96,0.0,3.86,31.86,0.0,react_tool
llm_vl,react_moa_mcts,mir_operator:decode_layer*,True,92.25,profiled,"latency/launch-bound: 0.00 waves per SM, no unit above 30 % of peak",elementwise_binary,0.02,0.0,0.82,0.0,1.47,8.31,0.0,react_tool
llm_vl,react_moa_mcts,mir_operator:decode_layer*,True,92.25,profiled,DRAM-bandwidth-bound,gemv,15.39,0.0,73.58,0.0,44.73,16.04,0.67,react_tool
llm_vl,react_moa_mcts,mir_operator:decode_layer*,True,92.25,profiled,"latency/launch-bound: 0.00 waves per SM, no unit above 30 % of peak",concat,0.71,0.0,0.32,0.0,0.84,8.19,0.07,react_tool
llm_vl,react_moa_mcts,mir_operator:decode_layer*,True,92.25,profiled,"latency/launch-bound: 0.00 waves per SM, no unit above 30 % of peak",elementwise_other,0.02,0.0,0.81,0.0,1.43,8.29,0.0,react_tool
llm_vl,react_moa_mcts,mir_operator:decode_layer*,True,92.25,profiled,"latency/launch-bound: 0.03 waves per SM, no unit above 30 % of peak",attention,0.43,12.4,2.27,0.0,1.99,8.3,0.01,react_tool
llm_vl,react_moa_mcts,mir_operator:decode_layer*,True,92.25,profiled,"latency/launch-bound: 0.00 waves per SM, no unit above 30 % of peak",copy,0.04,0.0,0.91,0.0,1.66,8.28,0.0,react_tool
llm_vl,react_moa_mcts,mir_operator:decode_layer*,True,92.25,profiled,"latency/launch-bound: 0.00 waves per SM, no unit above 30 % of peak",elementwise_unary,0.02,0.0,0.53,0.0,1.01,7.58,0.0,react_tool
llm_vl,react_moa_mcts,mir_operator:decode_layer*,True,92.25,profiled,"latency/launch-bound: 0.00 waves per SM, no unit above 30 % of peak",reduce,0.09,0.0,1.97,0.0,3.86,31.91,0.0,react_tool
llm_vl,react_moa_mcts,mir_operator:decode_layer*,True,92.25,profiled,"latency/launch-bound: 0.00 waves per SM, no unit above 30 % of peak",elementwise_binary,0.02,0.0,0.82,0.0,1.48,8.31,0.0,react_tool
llm_vl,react_moa_mcts,mir_operator:decode_layer*,True,92.25,profiled,DRAM-bandwidth-bound,gemv,15.41,0.0,74.78,0.0,45.78,16.15,0.67,react_tool
llm_vl,react_moa_mcts,mir_operator:decode_layer*,True,92.25,profiled,"latency/launch-bound: 0.00 waves per SM, no unit above 30 % of peak",concat,0.72,0.0,0.32,0.0,0.76,8.19,0.07,react_tool
llm_vl,react_moa_mcts,mir_operator:decode_layer*,True,92.25,profiled,"latency/launch-bound: 0.00 waves per SM, no unit above 30 % of peak",elementwise_other,0.02,0.0,0.82,0.0,1.33,8.29,0.0,react_tool
llm_vl,react_moa_mcts,mir_operator:decode_layer*,True,92.25,profiled,"latency/launch-bound: 0.03 waves per SM, no unit above 30 % of peak",attention,0.43,12.43,2.28,0.0,2.04,8.29,0.01,react_tool
llm_vl,react_moa_mcts,mir_operator:decode_layer*,True,92.25,profiled,"latency/launch-bound: 0.00 waves per SM, no unit above 30 % of peak",copy,0.04,0.0,0.92,0.0,1.66,8.28,0.0,react_tool
llm_vl,react_moa_mcts,mir_operator:decode_layer*,True,92.25,profiled,"latency/launch-bound: 0.00 waves per SM, no unit above 30 % of peak",elementwise_unary,0.02,0.0,0.54,0.0,0.91,7.66,0.0,react_tool
llm_vl,react_moa_mcts,mir_operator:decode_layer*,True,92.25,profiled,"latency/launch-bound: 0.00 waves per SM, no unit above 30 % of peak",reduce,0.09,0.0,1.97,0.0,3.88,31.84,0.0,react_tool
llm_vl,react_moa_mcts,mir_operator:decode_layer*,True,92.25,profiled,"latency/launch-bound: 0.00 waves per SM, no unit above 30 % of peak",elementwise_binary,0.02,0.0,0.81,0.0,1.47,8.31,0.0,react_tool
llm_vl,react_moa_mcts,mir_operator:decode_layer*,True,92.25,profiled,DRAM-bandwidth-bound,gemv,15.29,0.0,74.52,0.0,44.97,16.1,0.67,react_tool
llm_vl,react_moa_mcts,mir_operator:decode_layer*,True,92.25,profiled,"latency/launch-bound: 0.00 waves per SM, no unit above 30 % of peak",concat,0.73,0.0,0.31,0.0,0.76,8.21,0.07,react_tool
llm_vl,react_moa_mcts,mir_operator:decode_layer*,True,92.25,profiled,"latency/launch-bound: 0.00 waves per SM, no unit above 30 % of peak",elementwise_other,0.02,0.0,0.81,0.0,1.31,8.29,0.0,react_tool
llm_vl,react_moa_mcts,mir_operator:decode_layer*,True,92.25,profiled,"latency/launch-bound: 0.03 waves per SM, no unit above 30 % of peak",attention,0.43,12.28,2.31,0.0,2.02,8.31,0.01,react_tool
llm_vl,react_moa_mcts,mir_operator:decode_layer*,True,92.25,profiled,"latency/launch-bound: 0.00 waves per SM, no unit above 30 % of peak",copy,0.04,0.0,0.91,0.0,1.65,8.28,0.0,react_tool
llm_vl,react_moa_mcts,mir_operator:decode_layer*,True,92.25,profiled,"latency/launch-bound: 0.00 waves per SM, no unit above 30 % of peak",elementwise_unary,0.02,0.0,0.51,0.0,0.88,7.7,0.0,react_tool
llm_vl,react_moa_mcts,mir_operator:decode_layer*,True,92.25,profiled,"latency/launch-bound: 0.00 waves per SM, no unit above 30 % of peak",reduce,0.09,0.0,1.96,0.0,3.82,31.86,0.0,react_tool
llm_vl,react_moa_mcts,mir_operator:decode_layer*,True,92.25,profiled,"latency/launch-bound: 0.00 waves per SM, no unit above 30 % of peak",elementwise_binary,0.02,0.0,0.82,0.0,1.51,8.31,0.0,react_tool
llm_vl,react_moa_mcts,mir_operator:decode_layer*,True,92.25,profiled,DRAM-bandwidth-bound,gemv,15.3,0.0,73.61,0.0,44.29,16.09,0.67,react_tool
llm_vl,react_moa_mcts,mir_operator:decode_layer*,True,92.25,profiled,"latency/launch-bound: 0.00 waves per SM, no unit above 30 % of peak",concat,0.73,0.0,0.32,0.0,0.74,8.19,0.07,react_tool
llm_vl,react_moa_mcts,mir_operator:decode_layer*,True,92.25,profiled,"latency/launch-bound: 0.00 waves per SM, no unit above 30 % of peak",elementwise_other,0.02,0.0,0.82,0.0,1.34,8.28,0.0,react_tool
llm_vl,react_moa_mcts,mir_operator:decode_layer*,True,92.25,profiled,"latency/launch-bound: 0.03 waves per SM, no unit above 30 % of peak",attention,0.44,12.34,2.28,0.0,2.01,8.29,0.01,react_tool
llm_vl,react_moa_mcts,mir_operator:decode_layer*,True,92.25,profiled,"latency/launch-bound: 0.00 waves per SM, no unit above 30 % of peak",copy,0.04,0.0,0.92,0.0,1.63,8.29,0.0,react_tool
llm_vl,react_moa_mcts,mir_operator:decode_layer*,True,92.25,profiled,"latency/launch-bound: 0.00 waves per SM, no unit above 30 % of peak",elementwise_unary,0.02,0.0,0.54,0.0,0.96,7.7,0.0,react_tool
llm_vl,react_moa_mcts,mir_operator:decode_layer*,True,92.25,profiled,"latency/launch-bound: 0.00 waves per SM, no unit above 30 % of peak",reduce,0.09,0.0,1.96,0.0,3.82,31.88,0.0,react_tool
llm_vl,react_moa_mcts,mir_operator:decode_layer*,True,92.25,profiled,"latency/launch-bound: 0.00 waves per SM, no unit above 30 % of peak",elementwise_binary,0.02,0.0,0.82,0.0,1.48,8.31,0.0,react_tool
llm_vl,react_moa_mcts,mir_operator:decode_layer*,True,92.25,profiled,DRAM-bandwidth-bound,gemv,15.46,0.0,74.62,0.0,45.13,16.12,0.67,react_tool
llm_vl,react_moa_mcts,mir_operator:decode_layer*,True,92.25,profiled,"latency/launch-bound: 0.00 waves per SM, no unit above 30 % of peak",concat,0.71,0.0,0.31,0.0,0.79,8.16,0.07,react_tool
llm_vl,react_moa_mcts,mir_operator:decode_layer*,True,92.25,profiled,"latency/launch-bound: 0.00 waves per SM, no unit above 30 % of peak",elementwise_other,0.02,0.0,0.81,0.0,1.34,8.29,0.0,react_tool
llm_vl,react_moa_mcts,mir_operator:decode_layer*,True,92.25,profiled,"latency/launch-bound: 0.03 waves per SM, no unit above 30 % of peak",attention,0.43,12.45,2.5,0.0,2.05,8.29,0.01,react_tool
llm_vl,react_moa_mcts,mir_operator:decode_layer*,True,92.25,profiled,"latency/launch-bound: 0.00 waves per SM, no unit above 30 % of peak",copy,0.04,0.0,0.92,0.0,1.67,8.27,0.0,react_tool
llm_vl,react_moa_mcts,mir_operator:decode_layer*,True,92.25,profiled,"latency/launch-bound: 0.00 waves per SM, no unit above 30 % of peak",elementwise_unary,0.02,0.0,0.52,0.0,0.97,7.71,0.0,react_tool
llm_vl,react_moa_mcts,mir_operator:decode_layer*,True,92.25,profiled,"latency/launch-bound: 0.00 waves per SM, no unit above 30 % of peak",reduce,0.09,0.0,1.96,0.0,3.88,31.86,0.0,react_tool
llm_vl,react_moa_mcts,mir_operator:decode_layer*,True,92.25,profiled,"latency/launch-bound: 0.00 waves per SM, no unit above 30 % of peak",elementwise_binary,0.02,0.0,0.81,0.0,1.51,8.31,0.0,react_tool
llm_vl,react_moa_mcts,mir_operator:decode_layer*,True,92.25,profiled,DRAM-bandwidth-bound,gemv,15.28,0.0,75.17,0.0,46.09,16.12,0.67,react_tool
llm_vl,react_moa_mcts,mir_operator:decode_layer*,True,92.25,profiled,"latency/launch-bound: 0.00 waves per SM, no unit above 30 % of peak",concat,0.72,0.0,0.32,0.0,0.75,8.19,0.07,react_tool
llm_vl,react_moa_mcts,mir_operator:decode_layer*,True,92.25,profiled,"latency/launch-bound: 0.00 waves per SM, no unit above 30 % of peak",elementwise_other,0.02,0.0,0.82,0.0,1.31,8.29,0.0,react_tool
llm_vl,react_moa_mcts,mir_operator:decode_layer*,True,92.25,profiled,"latency/launch-bound: 0.03 waves per SM, no unit above 30 % of peak",attention,0.44,12.37,1.39,0.0,1.67,8.3,0.01,react_tool
llm_vl,react_moa_mcts,mir_operator:decode_layer*,True,92.25,profiled,"latency/launch-bound: 0.00 waves per SM, no unit above 30 % of peak",copy,0.04,0.0,0.92,0.0,1.68,8.29,0.0,react_tool
llm_vl,react_moa_mcts,mir_operator:decode_layer*,True,92.25,profiled,"latency/launch-bound: 0.00 waves per SM, no unit above 30 % of peak",elementwise_unary,0.02,0.0,0.47,0.0,0.92,7.68,0.0,react_tool
llm_vl,react_moa_mcts,mir_operator:decode_layer*,True,92.25,profiled,"latency/launch-bound: 0.00 waves per SM, no unit above 30 % of peak",reduce,0.09,0.0,1.96,0.0,3.87,31.91,0.0,react_tool
llm_vl,react_moa_mcts,mir_operator:decode_layer*,True,92.25,profiled,"latency/launch-bound: 0.00 waves per SM, no unit above 30 % of peak",elementwise_binary,0.02,0.0,0.83,0.0,1.51,8.31,0.0,react_tool
llm_vl,react_moa_mcts,mir_operator:decode_layer*,True,92.25,profiled,DRAM-bandwidth-bound,gemv,15.06,0.0,74.73,0.0,46.22,16.03,0.67,react_tool
llm_vl,react_moa_mcts,mir_operator:decode_layer*,True,92.25,profiled,"latency/launch-bound: 0.00 waves per SM, no unit above 30 % of peak",concat,0.72,0.0,0.32,0.0,0.77,8.19,0.07,react_tool
llm_vl,react_moa_mcts,mir_operator:decode_layer*,True,92.25,profiled,"latency/launch-bound: 0.00 waves per SM, no unit above 30 % of peak",elementwise_other,0.02,0.0,0.81,0.0,1.33,8.29,0.0,react_tool
llm_vl,react_moa_mcts,mir_operator:decode_layer*,True,92.25,profiled,"latency/launch-bound: 0.03 waves per SM, no unit above 30 % of peak",attention,0.43,12.46,2.29,0.0,2.04,8.3,0.01,react_tool
llm_vl,react_moa_mcts,mir_operator:decode_layer*,True,92.25,profiled,"latency/launch-bound: 0.00 waves per SM, no unit above 30 % of peak",copy,0.04,0.0,0.92,0.0,1.68,8.27,0.0,react_tool
llm_vl,react_moa_mcts,mir_operator:decode_layer*,True,92.25,profiled,"latency/launch-bound: 0.00 waves per SM, no unit above 30 % of peak",elementwise_unary,0.02,0.0,0.54,0.0,0.99,7.71,0.0,react_tool
llm_vl,react_moa_mcts,mir_operator:decode_layer*,True,92.25,profiled,"latency/launch-bound: 0.00 waves per SM, no unit above 30 % of peak",reduce,0.08,0.0,1.96,0.0,3.88,31.84,0.0,react_tool
llm_vl,react_moa_mcts,mir_operator:decode_layer*,True,92.25,profiled,"latency/launch-bound: 0.00 waves per SM, no unit above 30 % of peak",elementwise_binary,0.02,0.0,0.81,0.0,1.45,8.31,0.0,react_tool
llm_vl,react_moa_mcts,mir_operator:decode_layer*,True,92.25,profiled,DRAM-bandwidth-bound,gemv,15.36,0.0,74.29,0.0,46.48,16.13,0.67,react_tool
llm_vl,react_moa_mcts,mir_operator:decode_layer*,True,92.25,profiled,"latency/launch-bound: 0.00 waves per SM, no unit above 30 % of peak",concat,0.73,0.0,0.32,0.0,0.83,8.16,0.07,react_tool
llm_vl,react_moa_mcts,mir_operator:decode_layer*,True,92.25,profiled,"latency/launch-bound: 0.00 waves per SM, no unit above 30 % of peak",elementwise_other,0.02,0.0,0.82,0.0,1.19,8.29,0.0,react_tool
llm_vl,react_moa_mcts,mir_operator:decode_layer*,True,92.25,profiled,"latency/launch-bound: 0.03 waves per SM, no unit above 30 % of peak",attention,0.43,12.32,2.29,0.0,2.06,8.29,0.01,react_tool
llm_vl,react_moa_mcts,mir_operator:decode_layer*,True,92.25,profiled,"latency/launch-bound: 0.00 waves per SM, no unit above 30 % of peak",copy,0.04,0.0,0.9,0.0,1.64,8.29,0.0,react_tool
llm_vl,react_moa_mcts,mir_operator:decode_layer*,True,92.25,profiled,"latency/launch-bound: 0.00 waves per SM, no unit above 30 % of peak",elementwise_unary,0.02,0.0,0.53,0.0,0.95,7.47,0.0,react_tool
llm_vl,react_moa_mcts,mir_operator:decode_layer*,True,92.25,profiled,"latency/launch-bound: 0.00 waves per SM, no unit above 30 % of peak",reduce,0.09,0.0,1.96,0.0,3.87,31.86,0.0,react_tool
llm_vl,react_moa_mcts,mir_operator:decode_layer*,True,92.25,profiled,"latency/launch-bound: 0.00 waves per SM, no unit above 30 % of peak",elementwise_binary,0.02,0.0,0.82,0.0,1.5,8.31,0.0,react_tool
llm_vl,react_moa_mcts,mir_operator:decode_layer*,True,92.25,profiled,DRAM-bandwidth-bound,gemv,15.34,0.0,74.63,0.0,46.22,16.08,0.67,react_tool
llm_vl,react_moa_mcts,mir_operator:decode_layer*,True,92.25,profiled,"latency/launch-bound: 0.00 waves per SM, no unit above 30 % of peak",concat,0.72,0.0,0.31,0.0,0.75,8.2,0.07,react_tool
llm_vl,react_moa_mcts,mir_operator:decode_layer*,True,92.25,profiled,"latency/launch-bound: 0.00 waves per SM, no unit above 30 % of peak",elementwise_other,0.02,0.0,0.82,0.0,1.32,8.29,0.0,react_tool
llm_vl,react_moa_mcts,mir_operator:decode_layer*,True,92.25,profiled,"latency/launch-bound: 0.03 waves per SM, no unit above 30 % of peak",attention,0.44,12.39,2.28,0.0,2.02,8.31,0.01,react_tool
llm_vl,react_moa_mcts,mir_operator:decode_layer*,True,92.25,profiled,"latency/launch-bound: 0.00 waves per SM, no unit above 30 % of peak",copy,0.04,0.0,0.92,0.0,1.66,8.28,0.0,react_tool
llm_vl,react_moa_mcts,mir_operator:decode_layer*,True,92.25,profiled,"latency/launch-bound: 0.00 waves per SM, no unit above 30 % of peak",elementwise_unary,0.02,0.0,0.53,0.0,0.96,7.56,0.0,react_tool
llm_vl,react_moa_mcts,mir_operator:decode_layer*,True,92.25,profiled,"latency/launch-bound: 0.00 waves per SM, no unit above 30 % of peak",reduce,0.09,0.0,1.97,0.0,3.89,31.87,0.0,react_tool
llm_vl,react_moa_mcts,mir_operator:decode_layer*,True,92.25,profiled,"latency/launch-bound: 0.00 waves per SM, no unit above 30 % of peak",elementwise_binary,0.02,0.0,0.84,0.0,1.56,8.31,0.0,react_tool
llm_vl,react_moa_mcts,mir_operator:decode_layer*,True,92.25,profiled,DRAM-bandwidth-bound,gemv,15.45,0.0,74.71,0.0,45.08,16.12,0.67,react_tool
llm_vl,react_moa_mcts,mir_operator:decode_layer*,True,92.25,profiled,"latency/launch-bound: 0.00 waves per SM, no unit above 30 % of peak",concat,0.73,0.0,0.31,0.0,0.75,8.14,0.07,react_tool
llm_vl,react_moa_mcts,mir_operator:decode_layer*,True,92.25,profiled,"latency/launch-bound: 0.00 waves per SM, no unit above 30 % of peak",elementwise_other,0.02,0.0,0.82,0.0,1.18,8.28,0.0,react_tool
llm_vl,react_moa_mcts,mir_operator:decode_layer*,True,92.25,profiled,"latency/launch-bound: 0.03 waves per SM, no unit above 30 % of peak",attention,0.44,12.39,2.29,0.0,2.07,8.3,0.01,react_tool
llm_vl,react_moa_mcts,mir_operator:decode_head,False,0.67,profiled,"latency/launch-bound: 0.00 waves per SM, no unit above 30 % of peak",copy,0.04,0.0,0.92,0.0,1.57,8.29,0.0,planner_debate
llm_vl,react_moa_mcts,mir_operator:decode_head,False,0.67,profiled,"latency/launch-bound: 0.00 waves per SM, no unit above 30 % of peak",elementwise_unary,0.02,0.0,0.54,0.0,0.9,7.71,0.0,planner_debate
llm_vl,react_moa_mcts,mir_operator:decode_head,False,0.67,profiled,"latency/launch-bound: 0.00 waves per SM, no unit above 30 % of peak",reduce,0.09,0.0,1.95,0.0,3.78,31.85,0.0,planner_debate
llm_vl,react_moa_mcts,mir_operator:decode_head,False,0.67,profiled,"latency/launch-bound: 0.00 waves per SM, no unit above 30 % of peak",elementwise_binary,0.02,0.0,0.81,0.0,1.05,8.27,0.0,planner_debate
llm_vl,react_moa_mcts,mir_operator:decode_head,False,0.67,profiled,DRAM-bandwidth-bound,gemv,19.92,0.0,96.75,0.0,61.25,24.48,49.46,planner_debate
llm_vl,react_moa_mcts,mir_operator:decode_head,False,0.67,profiled,"latency/launch-bound: 0.00 waves per SM, no unit above 30 % of peak",copy,0.04,0.0,0.91,0.0,1.55,8.28,0.0,planner_debate
llm_vl,react_moa_mcts,mir_operator:decode_head,False,0.67,profiled,"latency/launch-bound: 0.00 waves per SM, no unit above 30 % of peak",elementwise_unary,0.02,0.0,0.54,0.0,0.92,7.72,0.0,planner_debate
llm_vl,react_moa_mcts,mir_operator:decode_head,False,0.67,profiled,"latency/launch-bound: 0.00 waves per SM, no unit above 30 % of peak",reduce,0.09,0.0,1.96,0.0,3.81,31.88,0.0,planner_debate
llm_vl,react_moa_mcts,mir_operator:decode_head,False,0.67,profiled,"latency/launch-bound: 0.00 waves per SM, no unit above 30 % of peak",elementwise_binary,0.02,0.0,0.81,0.0,1.06,8.28,0.0,planner_debate
llm_vl,react_moa_mcts,mir_operator:decode_head,False,0.67,profiled,DRAM-bandwidth-bound,gemv,19.92,0.0,97.06,0.0,61.64,24.49,49.46,planner_debate
llm_vl,react_moa_mcts,mir_operator:decode_head,False,0.67,profiled,"latency/launch-bound: 0.00 waves per SM, no unit above 30 % of peak",copy,0.04,0.0,0.93,0.0,1.71,8.26,0.0,react_tool
llm_vl,react_moa_mcts,mir_operator:decode_head,False,0.67,profiled,"latency/launch-bound: 0.00 waves per SM, no unit above 30 % of peak",elementwise_unary,0.02,0.0,0.52,0.0,0.9,7.67,0.0,react_tool
llm_vl,react_moa_mcts,mir_operator:decode_head,False,0.67,profiled,"latency/launch-bound: 0.00 waves per SM, no unit above 30 % of peak",reduce,0.09,0.0,1.95,0.0,3.78,31.9,0.0,react_tool
llm_vl,react_moa_mcts,mir_operator:decode_head,False,0.67,profiled,"latency/launch-bound: 0.00 waves per SM, no unit above 30 % of peak",elementwise_binary,0.02,0.0,0.81,0.0,1.1,8.25,0.0,react_tool
llm_vl,react_moa_mcts,mir_operator:decode_head,False,0.67,profiled,DRAM-bandwidth-bound,gemv,19.95,0.0,96.7,0.0,61.03,24.49,49.46,react_tool
llm_vl,react_moa_mcts,mir_operator:decode_sample,False,1.55,profiled,"latency/launch-bound: 0.05 waves per SM, no unit above 30 % of peak",reduce,2.8,0.0,5.26,0.0,2.99,33.12,0.05,planner_debate
llm_vl,react_moa_mcts,mir_operator:decode_sample,False,1.55,profiled,"latency/launch-bound: 0.05 waves per SM, no unit above 30 % of peak",reduce,2.19,0.0,5.29,0.0,3.01,33.12,0.05,planner_debate
llm_vl,react_moa_mcts,mir_operator:decode_sample,False,1.55,profiled,"latency/launch-bound: 0.05 waves per SM, no unit above 30 % of peak",reduce,2.8,0.0,5.26,0.0,3.05,33.12,0.05,react_tool
llm_vl,react_moa_mcts,pre_d2h_alloc,False,0.01,not_collected_cpu_process,host-side process; no GPU counters,,,,,,,,,react_tool
llm_vl,react_moa_mcts,pre_d2h_alloc,False,0.01,not_collected_cpu_process,host-side process; no GPU counters,,,,,,,,,planner_debate
llm_vl,react_moa_mcts,d2h_stage,False,0.0,not_collected_memcpy,"PCIe copy; not a kernel, see w02 h2d/d2h bytes and cuda_ms",memcpy,,,,,,,,react_tool
llm_vl,react_moa_mcts,d2h_stage,False,0.0,not_collected_memcpy,"PCIe copy; not a kernel, see w02 h2d/d2h bytes and cuda_ms",memcpy,,,,,,,,planner_debate
llm_vl,react_moa_mcts,checksum_complete,False,0.0,not_collected_cpu_process,host-side Python/CPU segment; no GPU counters exist for it,,,,,,,,,
llm_vl,react_moa_mcts,agent_tool_execute_cpu,False,0.0,not_collected_cpu_process,host-side Python/CPU segment; no GPU counters exist for it,,,,,,,,,
llm_vl,react_moa_mcts,iteration_tail_sync,False,0.0,not_collected_cpu_process,host-side Python/CPU segment; no GPU counters exist for it,,,,,,,,,
