==PROF== Connected to process 30923 (/home/descfly/miniconda3/bin/python3.13)
Loading checkpoint shards:   0%|          | 0/2 [00:00<?, ?it/s]Loading checkpoint shards: 100%|██████████| 2/2 [00:00<00:00, 54.96it/s]
==PROF== Profiling "vectorized_gather_kernel" - 0: 0%....50%....100% - 18 passes
==PROF== Profiling "elementwise_kernel_with_index" - 1: 0%....50%....100% - 18 passes
==PROF== Profiling "unrolled_elementwise_kernel" - 2: 0%....50%....100% - 18 passes
==PROF== Profiling "gemmk1_kernel" - 3: 0%....50%....100% - 18 passes
==PROF== Profiling "CatArrayBatchedCopy" - 4: 0%....50%....100% - 18 passes
==PROF== Profiling "vectorized_elementwise_kernel" - 5: 0%....50%....100% - 18 passes
==PROF== Profiling "vectorized_elementwise_kernel" - 6: 0%....50%....100% - 18 passes
==PROF== Profiling "vectorized_elementwise_kernel" - 7: 0%....50%....100% - 18 passes
==PROF== Profiling "vectorized_elementwise_kernel" - 8: 0%....50%....100% - 18 passes
==PROF== Profiling "vectorized_elementwise_kernel" - 9: 0%....50%....100% - 18 passes
==PROF== Profiling "vectorized_elementwise_kernel" - 10: 0%....50%....100% - 18 passes
==PROF== Profiling "unrolled_elementwise_kernel" - 11: 0%....50%....100% - 18 passes
==PROF== Profiling "vectorized_elementwise_kernel" - 12: 0%....50%....100% - 18 passes
==PROF== Profiling "reduce_kernel" - 13: 0%....50%....100% - 18 passes
==PROF== Profiling "vectorized_elementwise_kernel" - 14: 0%....50%....100% - 18 passes
==PROF== Profiling "vectorized_elementwise_kernel" - 15: 0%....50%....100% - 18 passes
==PROF== Profiling "elementwise_kernel" - 16: 0%....50%....100% - 18 passes
==PROF== Profiling "vectorized_elementwise_kernel" - 17: 0%....50%....100% - 18 passes
==PROF== Profiling "elementwise_kernel" - 18: 0%....50%....100% - 18 passes
==PROF== Profiling "ampere_bf16_s16816gemm_bf16_6..." - 19: 0%....50%....100% - 18 passes
==PROF== Profiling "unrolled_elementwise_kernel" - 20: 0%....50%....100% - 18 passes
==PROF== Profiling "vectorized_elementwise_kernel" - 21: 0%....50%....100% - 18 passes
==PROF== Profiling "reduce_kernel" - 22: 0%....50%....100% - 18 passes
==PROF== Profiling "vectorized_elementwise_kernel" - 23: 0%....50%....100% - 18 passes
==PROF== Profiling "vectorized_elementwise_kernel" - 24: 0%....50%....100% - 18 passes
==PROF== Profiling "elementwise_kernel" - 25: 0%....50%....100% - 18 passes
==PROF== Profiling "vectorized_elementwise_kernel" - 26: 0%....50%....100% - 18 passes
==PROF== Profiling "elementwise_kernel" - 27: 0%....50%....100% - 18 passes
==PROF== Profiling "Kernel2" - 28: 0%....50%....100% - 18 passes
==PROF== Profiling "splitKreduce_kernel" - 29: 0%....50%....100% - 18 passes
==PROF== Profiling "unrolled_elementwise_kernel" - 30: 0%....50%....100% - 18 passes
==PROF== Profiling "vectorized_elementwise_kernel" - 31: 0%....50%....100% - 18 passes
==PROF== Profiling "reduce_kernel" - 32: 0%....50%....100% - 18 passes
==PROF== Profiling "vectorized_elementwise_kernel" - 33: 0%....50%....100% - 18 passes
==PROF== Profiling "vectorized_elementwise_kernel" - 34: 0%....50%....100% - 18 passes
==PROF== Profiling "elementwise_kernel" - 35: 0%....50%....100% - 18 passes
==PROF== Profiling "vectorized_elementwise_kernel" - 36: 0%....50%....100% - 18 passes
==PROF== Profiling "elementwise_kernel" - 37: 0%....50%....100% - 18 passes
==PROF== Profiling "Kernel2" - 38: 0%....50%....100% - 18 passes
==PROF== Profiling "splitKreduce_kernel" - 39: 0%....50%....100% - 18 passes
==PROF== Profiling "elementwise_kernel" - 40: 0%....50%....100% - 18 passes
==PROF== Profiling "elementwise_kernel" - 41: 0%....50%....100% - 18 passes
==PROF== Profiling "CatArrayBatchedCopy" - 42: 0%....50%....100% - 18 passes
==PROF== Profiling "elementwise_kernel" - 43: 0%....50%....100% - 18 passes
==PROF== Profiling "elementwise_kernel" - 44: 0%....50%....100% - 18 passes
==PROF== Profiling "elementwise_kernel" - 45: 0%....50%....100% - 18 passes
==PROF== Profiling "elementwise_kernel" - 46: 0%....50%....100% - 18 passes
==PROF== Profiling "CatArrayBatchedCopy" - 47: 0%....50%....100% - 18 passes
==PROF== Profiling "elementwise_kernel" - 48: 0%....50%....100% - 18 passes
==PROF== Profiling "elementwise_kernel" - 49: 0%....50%....100% - 18 passes
==PROF== Profiling "CatArrayBatchedCopy" - 50: 0%....50%....100% - 18 passes
==PROF== Profiling "CatArrayBatchedCopy" - 51: 0%....50%....100% - 18 passes
==PROF== Profiling "flash_fwd_splitkv_kernel" - 52: 0%....50%....100% - 18 passes
==PROF== Profiling "flash_fwd_splitkv_combine_ker..." - 53: 0%....50%....100% - 18 passes
==PROF== Profiling "ampere_bf16_s16816gemm_bf16_6..." - 54: 0%....50%....100% - 18 passes
==PROF== Profiling "vectorized_elementwise_kernel" - 55: 0%....50%....100% - 18 passes
==PROF== Profiling "unrolled_elementwise_kernel" - 56: 0%....50%....100% - 18 passes
==PROF== Profiling "vectorized_elementwise_kernel" - 57: 0%....50%....100% - 18 passes
==PROF== Profiling "reduce_kernel" - 58: 0%....50%....100% - 18 passes
==PROF== Profiling "vectorized_elementwise_kernel" - 59: 0%....50%....100% - 18 passes
==PROF== Profiling "vectorized_elementwise_kernel" - 60: 0%....50%....100% - 18 passes
==PROF== Profiling "elementwise_kernel" - 61: 0%....50%....100% - 18 passes
==PROF== Profiling "vectorized_elementwise_kernel" - 62: 0%....50%....100% - 18 passes
==PROF== Profiling "elementwise_kernel" - 63: 0%....50%....100% - 18 passes
==PROF== Profiling "Kernel2" - 64: 0%....50%....100% - 18 passes
==PROF== Profiling "vectorized_elementwise_kernel" - 65: 0%....50%....100% - 18 passes
==PROF== Profiling "Kernel2" - 66: 0%....50%....100% - 18 passes
==PROF== Profiling "vectorized_elementwise_kernel" - 67: 0%....50%....100% - 18 passes
==PROF== Profiling "Kernel2" - 68: 0%....50%....100% - 18 passes
==PROF== Profiling "splitKreduce_kernel" - 69: 0%....50%....100% - 18 passes
==PROF== Profiling "vectorized_elementwise_kernel" - 70: 0%....50%....100% - 18 passes
==PROF== Profiling "unrolled_elementwise_kernel" - 71: 0%....50%....100% - 18 passes
==PROF== Profiling "vectorized_elementwise_kernel" - 72: 0%....50%....100% - 18 passes
==PROF== Profiling "reduce_kernel" - 73: 0%....50%....100% - 18 passes
==PROF== Profiling "vectorized_elementwise_kernel" - 74: 0%....50%....100% - 18 passes
==PROF== Profiling "vectorized_elementwise_kernel" - 75: 0%....50%....100% - 18 passes
==PROF== Profiling "elementwise_kernel" - 76: 0%....50%....100% - 18 passes
==PROF== Profiling "vectorized_elementwise_kernel" - 77: 0%....50%....100% - 18 passes
==PROF== Profiling "elementwise_kernel" - 78: 0%....50%....100% - 18 passes
==PROF== Profiling "ampere_bf16_s16816gemm_bf16_6..." - 79: 0%....50%....100% - 18 passes
==PROF== Profiling "unrolled_elementwise_kernel" - 80: 0%....50%....100% - 18 passes
==PROF== Profiling "vectorized_elementwise_kernel" - 81: 0%....50%....100% - 18 passes
==PROF== Profiling "reduce_kernel" - 82: 0%....50%....100% - 18 passes
==PROF== Profiling "vectorized_elementwise_kernel" - 83: 0%....50%....100% - 18 passes
==PROF== Profiling "vectorized_elementwise_kernel" - 84: 0%....50%....100% - 18 passes
==PROF== Profiling "elementwise_kernel" - 85: 0%....50%....100% - 18 passes
==PROF== Profiling "vectorized_elementwise_kernel" - 86: 0%....50%....100% - 18 passes
==PROF== Profiling "elementwise_kernel" - 87: 0%....50%....100% - 18 passes
==PROF== Profiling "Kernel2" - 88: 0%....50%....100% - 18 passes
==PROF== Profiling "splitKreduce_kernel" - 89: 0%....50%....100% - 18 passes
==PROF== Profiling "unrolled_elementwise_kernel" - 90: 0%....50%....100% - 18 passes
==PROF== Profiling "vectorized_elementwise_kernel" - 91: 0%....50%....100% - 18 passes
==PROF== Profiling "reduce_kernel" - 92: 0%....50%....100% - 18 passes
==PROF== Profiling "vectorized_elementwise_kernel" - 93: 0%....50%....100% - 18 passes
==PROF== Profiling "vectorized_elementwise_kernel" - 94: 0%....50%....100% - 18 passes
==PROF== Profiling "elementwise_kernel" - 95: 0%....50%....100% - 18 passes
==PROF== Profiling "vectorized_elementwise_kernel" - 96: 0%....50%....100% - 18 passes
==PROF== Profiling "elementwise_kernel" - 97: 0%....50%....100% - 18 passes
==PROF== Profiling "Kernel2" - 98: 0%....50%....100% - 18 passes
==PROF== Profiling "splitKreduce_kernel" - 99: 0%....50%....100% - 18 passes
==PROF== Profiling "elementwise_kernel" - 100: 0%....50%....100% - 18 passes
==PROF== Profiling "elementwise_kernel" - 101: 0%....50%....100% - 18 passes
==PROF== Profiling "CatArrayBatchedCopy" - 102: 0%....50%....100% - 18 passes
==PROF== Profiling "elementwise_kernel" - 103: 0%....50%....100% - 18 passes
==PROF== Profiling "elementwise_kernel" - 104: 0%....50%....100% - 18 passes
==PROF== Profiling "elementwise_kernel" - 105: 0%....50%....100% - 18 passes
==PROF== Profiling "elementwise_kernel" - 106: 0%....50%....100% - 18 passes
==PROF== Profiling "CatArrayBatchedCopy" - 107: 0%....50%....100% - 18 passes
==PROF== Profiling "elementwise_kernel" - 108: 0%....50%....100% - 18 passes
==PROF== Profiling "elementwise_kernel" - 109: 0%....50%....100% - 18 passes
==PROF== Profiling "CatArrayBatchedCopy" - 110: 0%....50%....100% - 18 passes
==PROF== Profiling "CatArrayBatchedCopy" - 111: 0%....50%....100% - 18 passes
==PROF== Profiling "flash_fwd_splitkv_kernel" - 112: 0%....50%....100% - 18 passes
==PROF== Profiling "flash_fwd_splitkv_combine_ker..." - 113: 0%....50%....100% - 18 passes
==PROF== Profiling "ampere_bf16_s16816gemm_bf16_6..." - 114: 0%....50%....100% - 18 passes
==PROF== Profiling "vectorized_elementwise_kernel" - 115: 0%....50%....100% - 18 passes
==PROF== Profiling "unrolled_elementwise_kernel" - 116: 0%....50%....100% - 18 passes
==PROF== Profiling "vectorized_elementwise_kernel" - 117: 0%....50%....100% - 18 passes
==PROF== Profiling "reduce_kernel" - 118: 0%....50%....100% - 18 passes
==PROF== Profiling "vectorized_elementwise_kernel" - 119: 0%....50%....100% - 18 passes
==PROF== Profiling "vectorized_elementwise_kernel" - 120: 0%....50%....100% - 18 passes
==PROF== Profiling "elementwise_kernel" - 121: 0%....50%....100% - 18 passes
==PROF== Profiling "vectorized_elementwise_kernel" - 122: 0%....50%....100% - 18 passes
==PROF== Profiling "elementwise_kernel" - 123: 0%....50%....100% - 18 passes
==PROF== Profiling "Kernel2" - 124: 0%....50%....100% - 18 passes
==PROF== Profiling "vectorized_elementwise_kernel" - 125: 0%....50%....100% - 18 passes
==PROF== Profiling "Kernel2" - 126: 0%....50%....100% - 18 passes
==PROF== Profiling "vectorized_elementwise_kernel" - 127: 0%....50%....100% - 18 passes
==PROF== Profiling "Kernel2" - 128: 0%....50%....100% - 18 passes
==PROF== Profiling "splitKreduce_kernel" - 129: 0%....50%....100% - 18 passes
==PROF== Profiling "vectorized_elementwise_kernel" - 130: 0%....50%....100% - 18 passes
==PROF== Profiling "unrolled_elementwise_kernel" - 131: 0%....50%....100% - 18 passes
==PROF== Profiling "vectorized_elementwise_kernel" - 132: 0%....50%....100% - 18 passes
==PROF== Profiling "reduce_kernel" - 133: 0%....50%....100% - 18 passes
==PROF== Profiling "vectorized_elementwise_kernel" - 134: 0%....50%....100% - 18 passes
==PROF== Profiling "vectorized_elementwise_kernel" - 135: 0%....50%....100% - 18 passes
==PROF== Profiling "elementwise_kernel" - 136: 0%....50%....100% - 18 passes
==PROF== Profiling "vectorized_elementwise_kernel" - 137: 0%....50%....100% - 18 passes
==PROF== Profiling "elementwise_kernel" - 138: 0%....50%....100% - 18 passes
==PROF== Profiling "ampere_bf16_s16816gemm_bf16_6..." - 139: 0%....50%....100% - 18 passes
==PROF== Profiling "unrolled_elementwise_kernel" - 140: 0%....50%....100% - 18 passes
==PROF== Profiling "vectorized_elementwise_kernel" - 141: 0%....50%....100% - 18 passes
==PROF== Profiling "reduce_kernel" - 142: 0%....50%....100% - 18 passes
==PROF== Profiling "vectorized_elementwise_kernel" - 143: 0%....50%....100% - 18 passes
==PROF== Profiling "vectorized_elementwise_kernel" - 144: 0%....50%....100% - 18 passes
==PROF== Profiling "elementwise_kernel" - 145: 0%....50%....100% - 18 passes
==PROF== Profiling "vectorized_elementwise_kernel" - 146: 0%....50%....100% - 18 passes
==PROF== Profiling "elementwise_kernel" - 147: 0%....50%....100% - 18 passes
==PROF== Profiling "Kernel2" - 148: 0%....50%....100% - 18 passes
==PROF== Profiling "splitKreduce_kernel" - 149: 0%....50%....100% - 18 passes
==PROF== Profiling "unrolled_elementwise_kernel" - 150: 0%....50%....100% - 18 passes
==PROF== Profiling "vectorized_elementwise_kernel" - 151: 0%....50%....100% - 18 passes
==PROF== Profiling "reduce_kernel" - 152: 0%....50%....100% - 18 passes
==PROF== Profiling "vectorized_elementwise_kernel" - 153: 0%....50%....100% - 18 passes
==PROF== Profiling "vectorized_elementwise_kernel" - 154: 0%....50%....100% - 18 passes
==PROF== Profiling "elementwise_kernel" - 155: 0%....50%....100% - 18 passes
==PROF== Profiling "vectorized_elementwise_kernel" - 156: 0%....50%....100% - 18 passes
==PROF== Profiling "elementwise_kernel" - 157: 0%....50%....100% - 18 passes
==PROF== Profiling "Kernel2" - 158: 0%....50%....100% - 18 passes
==PROF== Profiling "splitKreduce_kernel" - 159: 0%....50%....100% - 18 passes
==PROF== Profiling "elementwise_kernel" - 160: 0%....50%....100% - 18 passes
==PROF== Profiling "elementwise_kernel" - 161: 0%....50%....100% - 18 passes
==PROF== Profiling "CatArrayBatchedCopy" - 162: 0%....50%....100% - 18 passes
==PROF== Profiling "elementwise_kernel" - 163: 0%....50%....100% - 18 passes
==PROF== Profiling "elementwise_kernel" - 164: 0%....50%....100% - 18 passes
==PROF== Profiling "elementwise_kernel" - 165: 0%....50%....100% - 18 passes
==PROF== Profiling "elementwise_kernel" - 166: 0%....50%....100% - 18 passes
==PROF== Profiling "CatArrayBatchedCopy" - 167: 0%....50%....100% - 18 passes
==PROF== Profiling "elementwise_kernel" - 168: 0%....50%....100% - 18 passes
==PROF== Profiling "elementwise_kernel" - 169: 0%....50%....100% - 18 passes
==PROF== Profiling "CatArrayBatchedCopy" - 170: 0%....50%....100% - 18 passes
==PROF== Profiling "CatArrayBatchedCopy" - 171: 0%....50%....100% - 18 passes
==PROF== Profiling "flash_fwd_splitkv_kernel" - 172: 0%....50%....100% - 18 passes
==PROF== Profiling "flash_fwd_splitkv_combine_ker..." - 173: 0%....50%....100% - 18 passes
==PROF== Profiling "ampere_bf16_s16816gemm_bf16_6..." - 174: 0%....50%....100% - 18 passes
==PROF== Profiling "vectorized_elementwise_kernel" - 175: 0%....50%....100% - 18 passes
==PROF== Profiling "unrolled_elementwise_kernel" - 176: 0%....50%....100% - 18 passes
==PROF== Profiling "vectorized_elementwise_kernel" - 177: 0%....50%....100% - 18 passes
==PROF== Profiling "reduce_kernel" - 178: 0%....50%....100% - 18 passes
==PROF== Profiling "vectorized_elementwise_kernel" - 179: 0%....50%....100% - 18 passes
==PROF== Profiling "vectorized_elementwise_kernel" - 180: 0%....50%....100% - 18 passes
==PROF== Profiling "elementwise_kernel" - 181: 0%....50%....100% - 18 passes
==PROF== Profiling "vectorized_elementwise_kernel" - 182: 0%....50%....100% - 18 passes
==PROF== Profiling "elementwise_kernel" - 183: 0%....50%....100% - 18 passes
==PROF== Profiling "Kernel2" - 184: 0%....50%....100% - 18 passes
==PROF== Profiling "vectorized_elementwise_kernel" - 185: 0%....50%....100% - 18 passes
==PROF== Profiling "Kernel2" - 186: 0%....50%....100% - 18 passes
==PROF== Profiling "vectorized_elementwise_kernel" - 187: 0%....50%....100% - 18 passes
==PROF== Profiling "Kernel2" - 188: 0%....50%....100% - 18 passes
==PROF== Profiling "splitKreduce_kernel" - 189: 0%....50%....100% - 18 passes
==PROF== Profiling "vectorized_elementwise_kernel" - 190: 0%....50%....100% - 18 passes
==PROF== Profiling "unrolled_elementwise_kernel" - 191: 0%....50%....100% - 18 passes
==PROF== Profiling "vectorized_elementwise_kernel" - 192: 0%....50%....100% - 18 passes
==PROF== Profiling "reduce_kernel" - 193: 0%....50%....100% - 18 passes
==PROF== Profiling "vectorized_elementwise_kernel" - 194: 0%....50%....100% - 18 passes
==PROF== Profiling "vectorized_elementwise_kernel" - 195: 0%....50%....100% - 18 passes
==PROF== Profiling "elementwise_kernel" - 196: 0%....50%....100% - 18 passes
==PROF== Profiling "vectorized_elementwise_kernel" - 197: 0%....50%....100% - 18 passes
==PROF== Profiling "elementwise_kernel" - 198: 0%....50%....100% - 18 passes
==PROF== Profiling "ampere_bf16_s16816gemm_bf16_6..." - 199: 0%....50%....100% - 18 passes
==PROF== Profiling "unrolled_elementwise_kernel" - 200: 0%....50%....100% - 18 passes
==PROF== Profiling "vectorized_elementwise_kernel" - 201: 0%....50%....100% - 18 passes
==PROF== Profiling "reduce_kernel" - 202: 0%....50%....100% - 18 passes
==PROF== Profiling "vectorized_elementwise_kernel" - 203: 0%....50%....100% - 18 passes
==PROF== Profiling "vectorized_elementwise_kernel" - 204: 0%....50%....100% - 18 passes
==PROF== Profiling "elementwise_kernel" - 205: 0%....50%....100% - 18 passes
==PROF== Profiling "vectorized_elementwise_kernel" - 206: 0%....50%....100% - 18 passes
==PROF== Profiling "elementwise_kernel" - 207: 0%....50%....100% - 18 passes
==PROF== Profiling "Kernel2" - 208: 0%....50%....100% - 18 passes
==PROF== Profiling "splitKreduce_kernel" - 209: 0%....50%....100% - 18 passes
==PROF== Profiling "unrolled_elementwise_kernel" - 210: 0%....50%....100% - 18 passes
==PROF== Profiling "vectorized_elementwise_kernel" - 211: 0%....50%....100% - 18 passes
==PROF== Profiling "reduce_kernel" - 212: 0%....50%....100% - 18 passes
==PROF== Profiling "vectorized_elementwise_kernel" - 213: 0%....50%....100% - 18 passes
==PROF== Profiling "vectorized_elementwise_kernel" - 214: 0%....50%....100% - 18 passes
==PROF== Profiling "elementwise_kernel" - 215: 0%....50%....100% - 18 passes
==PROF== Profiling "vectorized_elementwise_kernel" - 216: 0%....50%....100% - 18 passes
==PROF== Profiling "elementwise_kernel" - 217: 0%....50%....100% - 18 passes
==PROF== Profiling "Kernel2" - 218: 0%....50%....100% - 18 passes
==PROF== Profiling "splitKreduce_kernel" - 219: 0%....50%....100% - 18 passes
==PROF== Profiling "elementwise_kernel" - 220: 0%....50%....100% - 18 passes
==PROF== Profiling "elementwise_kernel" - 221: 0%....50%....100% - 18 passes
==PROF== Profiling "CatArrayBatchedCopy" - 222: 0%....50%....100% - 18 passes
==PROF== Profiling "elementwise_kernel" - 223: 0%....50%....100% - 18 passes
==PROF== Profiling "elementwise_kernel" - 224: 0%....50%....100% - 18 passes
==PROF== Profiling "elementwise_kernel" - 225: 0%....50%....100% - 18 passes
==PROF== Profiling "elementwise_kernel" - 226: 0%....50%....100% - 18 passes
==PROF== Profiling "CatArrayBatchedCopy" - 227: 0%....50%....100% - 18 passes
==PROF== Profiling "elementwise_kernel" - 228: 0%....50%....100% - 18 passes
==PROF== Profiling "elementwise_kernel" - 229: 0%....50%....100% - 18 passes
==PROF== Profiling "CatArrayBatchedCopy" - 230: 0%....50%....100% - 18 passes
==PROF== Profiling "CatArrayBatchedCopy" - 231: 0%....50%....100% - 18 passes
==PROF== Profiling "flash_fwd_splitkv_kernel" - 232: 0%....50%....100% - 18 passes
==PROF== Profiling "flash_fwd_splitkv_combine_ker..." - 233: 0%....50%....100% - 18 passes
==PROF== Profiling "ampere_bf16_s16816gemm_bf16_6..." - 234: 0%....50%....100% - 18 passes
==PROF== Profiling "vectorized_elementwise_kernel" - 235: 0%....50%....100% - 18 passes
==PROF== Profiling "unrolled_elementwise_kernel" - 236: 0%....50%....100% - 18 passes
==PROF== Profiling "vectorized_elementwise_kernel" - 237: 0%....50%....100% - 18 passes
==PROF== Profiling "reduce_kernel" - 238: 0%....50%....100% - 18 passes
==PROF== Profiling "vectorized_elementwise_kernel" - 239: 0%....50%....100% - 18 passes
==PROF== Profiling "vectorized_elementwise_kernel" - 240: 0%....50%....100% - 18 passes
==PROF== Profiling "elementwise_kernel" - 241: 0%....50%....100% - 18 passes
==PROF== Profiling "vectorized_elementwise_kernel" - 242: 0%....50%....100% - 18 passes
==PROF== Profiling "elementwise_kernel" - 243: 0%....50%....100% - 18 passes
==PROF== Profiling "Kernel2" - 244: 0%....50%....100% - 18 passes
==PROF== Profiling "vectorized_elementwise_kernel" - 245: 0%....50%....100% - 18 passes
==PROF== Profiling "Kernel2" - 246: 0%....50%....100% - 18 passes
==PROF== Profiling "vectorized_elementwise_kernel" - 247: 0%....50%....100% - 18 passes
==PROF== Profiling "Kernel2" - 248: 0%....50%....100% - 18 passes
==PROF== Profiling "splitKreduce_kernel" - 249: 0%....50%....100% - 18 passes
==PROF== Profiling "vectorized_elementwise_kernel" - 250: 0%....50%....100% - 18 passes
==PROF== Profiling "unrolled_elementwise_kernel" - 251: 0%....50%....100% - 18 passes
==PROF== Profiling "vectorized_elementwise_kernel" - 252: 0%....50%....100% - 18 passes
==PROF== Profiling "reduce_kernel" - 253: 0%....50%....100% - 18 passes
==PROF== Profiling "vectorized_elementwise_kernel" - 254: 0%....50%....100% - 18 passes
==PROF== Profiling "vectorized_elementwise_kernel" - 255: 0%....50%....100% - 18 passes
==PROF== Profiling "elementwise_kernel" - 256: 0%....50%....100% - 18 passes
==PROF== Profiling "vectorized_elementwise_kernel" - 257: 0%....50%....100% - 18 passes
==PROF== Profiling "elementwise_kernel" - 258: 0%....50%....100% - 18 passes
==PROF== Profiling "ampere_bf16_s16816gemm_bf16_6..." - 259: 0%....50%....100% - 18 passes
==PROF== Profiling "unrolled_elementwise_kernel" - 260: 0%....50%....100% - 18 passes
==PROF== Profiling "vectorized_elementwise_kernel" - 261: 0%....50%....100% - 18 passes
==PROF== Profiling "reduce_kernel" - 262: 0%....50%....100% - 18 passes
==PROF== Profiling "vectorized_elementwise_kernel" - 263: 0%....50%....100% - 18 passes
==PROF== Profiling "vectorized_elementwise_kernel" - 264: 0%....50%....100% - 18 passes
==PROF== Profiling "elementwise_kernel" - 265: 0%....50%....100% - 18 passes
==PROF== Profiling "vectorized_elementwise_kernel" - 266: 0%....50%....100% - 18 passes
==PROF== Profiling "elementwise_kernel" - 267: 0%....50%....100% - 18 passes
==PROF== Profiling "Kernel2" - 268: 0%....50%....100% - 18 passes
==PROF== Profiling "splitKreduce_kernel" - 269: 0%....50%....100% - 18 passes
==PROF== Profiling "unrolled_elementwise_kernel" - 270: 0%....50%....100% - 18 passes
==PROF== Profiling "vectorized_elementwise_kernel" - 271: 0%....50%....100% - 18 passes
==PROF== Profiling "reduce_kernel" - 272: 0%....50%....100% - 18 passes
==PROF== Profiling "vectorized_elementwise_kernel" - 273: 0%....50%....100% - 18 passes
==PROF== Profiling "vectorized_elementwise_kernel" - 274: 0%....50%....100% - 18 passes
==PROF== Profiling "elementwise_kernel" - 275: 0%....50%....100% - 18 passes
==PROF== Profiling "vectorized_elementwise_kernel" - 276: 0%....50%....100% - 18 passes
==PROF== Profiling "elementwise_kernel" - 277: 0%....50%....100% - 18 passes
==PROF== Profiling "Kernel2" - 278: 0%....50%....100% - 18 passes
==PROF== Profiling "splitKreduce_kernel" - 279: 0%....50%....100% - 18 passes
==PROF== Profiling "elementwise_kernel" - 280: 0%....50%....100% - 18 passes
==PROF== Profiling "elementwise_kernel" - 281: 0%....50%....100% - 18 passes
==PROF== Profiling "CatArrayBatchedCopy" - 282: 0%....50%....100% - 18 passes
==PROF== Profiling "elementwise_kernel" - 283: 0%....50%....100% - 18 passes
==PROF== Profiling "elementwise_kernel" - 284: 0%....50%....100% - 18 passes
==PROF== Profiling "elementwise_kernel" - 285: 0%....50%....100% - 18 passes
==PROF== Profiling "elementwise_kernel" - 286: 0%....50%....100% - 18 passes
==PROF== Profiling "CatArrayBatchedCopy" - 287: 0%....50%....100% - 18 passes
==PROF== Profiling "elementwise_kernel" - 288: 0%....50%....100% - 18 passes
==PROF== Profiling "elementwise_kernel" - 289: 0%....50%....100% - 18 passes
==PROF== Profiling "CatArrayBatchedCopy" - 290: 0%....50%....100% - 18 passes
==PROF== Profiling "CatArrayBatchedCopy" - 291: 0%....50%....100% - 18 passes
==PROF== Profiling "flash_fwd_splitkv_kernel" - 292: 0%....50%....100% - 18 passes
==PROF== Profiling "flash_fwd_splitkv_combine_ker..." - 293: 0%....50%....100% - 18 passes
==PROF== Profiling "ampere_bf16_s16816gemm_bf16_6..." - 294: 0%....50%....100% - 18 passes
==PROF== Profiling "vectorized_elementwise_kernel" - 295: 0%....50%....100% - 18 passes
==PROF== Profiling "unrolled_elementwise_kernel" - 296: 0%....50%....100% - 18 passes
==PROF== Profiling "vectorized_elementwise_kernel" - 297: 0%....50%....100% - 18 passes
==PROF== Profiling "reduce_kernel" - 298: 0%....50%....100% - 18 passes
==PROF== Profiling "vectorized_elementwise_kernel" - 299: 0%....50%....100% - 18 passes
==PROF== Profiling "vectorized_elementwise_kernel" - 300: 0%....50%....100% - 18 passes
==PROF== Profiling "elementwise_kernel" - 301: 0%....50%....100% - 18 passes
==PROF== Profiling "vectorized_elementwise_kernel" - 302: 0%....50%....100% - 18 passes
==PROF== Profiling "elementwise_kernel" - 303: 0%....50%....100% - 18 passes
==PROF== Profiling "Kernel2" - 304: 0%....50%....100% - 18 passes
==PROF== Profiling "vectorized_elementwise_kernel" - 305: 0%....50%....100% - 18 passes
==PROF== Profiling "Kernel2" - 306: 0%....50%....100% - 18 passes
==PROF== Profiling "vectorized_elementwise_kernel" - 307: 0%....50%....100% - 18 passes
==PROF== Profiling "Kernel2" - 308: 0%....50%....100% - 18 passes
==PROF== Profiling "splitKreduce_kernel" - 309: 0%....50%....100% - 18 passes
==PROF== Profiling "vectorized_elementwise_kernel" - 310: 0%....50%....100% - 18 passes
==PROF== Profiling "unrolled_elementwise_kernel" - 311: 0%....50%....100% - 18 passes
==PROF== Profiling "vectorized_elementwise_kernel" - 312: 0%....50%....100% - 18 passes
==PROF== Profiling "reduce_kernel" - 313: 0%....50%....100% - 18 passes
==PROF== Profiling "vectorized_elementwise_kernel" - 314: 0%....50%....100% - 18 passes
==PROF== Profiling "vectorized_elementwise_kernel" - 315: 0%....50%....100% - 18 passes
==PROF== Profiling "elementwise_kernel" - 316: 0%....50%....100% - 18 passes
==PROF== Profiling "vectorized_elementwise_kernel" - 317: 0%....50%....100% - 18 passes
==PROF== Profiling "elementwise_kernel" - 318: 0%....50%....100% - 18 passes
==PROF== Profiling "ampere_bf16_s16816gemm_bf16_6..." - 319: 0%....50%....100% - 18 passes
==PROF== Profiling "unrolled_elementwise_kernel" - 320: 0%....50%....100% - 18 passes
==PROF== Profiling "vectorized_elementwise_kernel" - 321: 0%....50%....100% - 18 passes
==PROF== Profiling "reduce_kernel" - 322: 0%....50%....100% - 18 passes
==PROF== Profiling "vectorized_elementwise_kernel" - 323: 0%....50%....100% - 18 passes
==PROF== Profiling "vectorized_elementwise_kernel" - 324: 0%....50%....100% - 18 passes
==PROF== Profiling "elementwise_kernel" - 325: 0%....50%....100% - 18 passes
==PROF== Profiling "vectorized_elementwise_kernel" - 326: 0%....50%....100% - 18 passes
==PROF== Profiling "elementwise_kernel" - 327: 0%....50%....100% - 18 passes
==PROF== Profiling "Kernel2" - 328: 0%....50%....100% - 18 passes
==PROF== Profiling "splitKreduce_kernel" - 329: 0%....50%....100% - 18 passes
==PROF== Profiling "unrolled_elementwise_kernel" - 330: 0%....50%....100% - 18 passes
==PROF== Profiling "vectorized_elementwise_kernel" - 331: 0%....50%....100% - 18 passes
==PROF== Profiling "reduce_kernel" - 332: 0%....50%....100% - 18 passes
==PROF== Profiling "vectorized_elementwise_kernel" - 333: 0%....50%....100% - 18 passes
==PROF== Profiling "vectorized_elementwise_kernel" - 334: 0%....50%....100% - 18 passes
==PROF== Profiling "elementwise_kernel" - 335: 0%....50%....100% - 18 passes
==PROF== Profiling "vectorized_elementwise_kernel" - 336: 0%....50%....100% - 18 passes
==PROF== Profiling "elementwise_kernel" - 337: 0%....50%....100% - 18 passes
==PROF== Profiling "Kernel2" - 338: 0%....50%....100% - 18 passes
==PROF== Profiling "splitKreduce_kernel" - 339: 0%....50%....100% - 18 passes
==PROF== Profiling "elementwise_kernel" - 340: 0%....50%....100% - 18 passes
==PROF== Profiling "elementwise_kernel" - 341: 0%....50%....100% - 18 passes
==PROF== Profiling "CatArrayBatchedCopy" - 342: 0%....50%....100% - 18 passes
==PROF== Profiling "elementwise_kernel" - 343: 0%....50%....100% - 18 passes
==PROF== Profiling "elementwise_kernel" - 344: 0%....50%....100% - 18 passes
==PROF== Profiling "elementwise_kernel" - 345: 0%....50%....100% - 18 passes
==PROF== Profiling "elementwise_kernel" - 346: 0%....50%....100% - 18 passes
==PROF== Profiling "CatArrayBatchedCopy" - 347: 0%....50%....100% - 18 passes
==PROF== Profiling "elementwise_kernel" - 348: 0%....50%....100% - 18 passes
==PROF== Profiling "elementwise_kernel" - 349: 0%....50%....100% - 18 passes
==PROF== Profiling "CatArrayBatchedCopy" - 350: 0%....50%....100% - 18 passes
==PROF== Profiling "CatArrayBatchedCopy" - 351: 0%....50%....100% - 18 passes
==PROF== Profiling "flash_fwd_splitkv_kernel" - 352: 0%....50%....100% - 18 passes
==PROF== Profiling "flash_fwd_splitkv_combine_ker..." - 353: 0%....50%....100% - 18 passes
==PROF== Profiling "ampere_bf16_s16816gemm_bf16_6..." - 354: 0%....50%....100% - 18 passes
==PROF== Profiling "vectorized_elementwise_kernel" - 355: 0%....50%....100% - 18 passes
==PROF== Profiling "unrolled_elementwise_kernel" - 356: 0%....50%....100% - 18 passes
==PROF== Profiling "vectorized_elementwise_kernel" - 357: 0%....50%....100% - 18 passes
==PROF== Profiling "reduce_kernel" - 358: 0%....50%....100% - 18 passes
==PROF== Profiling "vectorized_elementwise_kernel" - 359: 0%....50%....100% - 18 passes
==PROF== Profiling "vectorized_elementwise_kernel" - 360: 0%....50%....100% - 18 passes
==PROF== Profiling "elementwise_kernel" - 361: 0%....50%....100% - 18 passes
==PROF== Profiling "vectorized_elementwise_kernel" - 362: 0%....50%....100% - 18 passes
==PROF== Profiling "elementwise_kernel" - 363: 0%....50%....100% - 18 passes
==PROF== Profiling "Kernel2" - 364: 0%....50%....100% - 18 passes
==PROF== Profiling "vectorized_elementwise_kernel" - 365: 0%....50%....100% - 18 passes
==PROF== Profiling "Kernel2" - 366: 0%....50%....100% - 18 passes
==PROF== Profiling "vectorized_elementwise_kernel" - 367: 0%....50%....100% - 18 passes
==PROF== Profiling "Kernel2" - 368: 0%....50%....100% - 18 passes
==PROF== Profiling "splitKreduce_kernel" - 369: 0%....50%....100% - 18 passes
==PROF== Profiling "vectorized_elementwise_kernel" - 370: 0%....50%....100% - 18 passes
==PROF== Profiling "unrolled_elementwise_kernel" - 371: 0%....50%....100% - 18 passes
==PROF== Profiling "vectorized_elementwise_kernel" - 372: 0%....50%....100% - 18 passes
==PROF== Profiling "reduce_kernel" - 373: 0%....50%....100% - 18 passes
==PROF== Profiling "vectorized_elementwise_kernel" - 374: 0%....50%....100% - 18 passes
==PROF== Profiling "vectorized_elementwise_kernel" - 375: 0%....50%....100% - 18 passes
==PROF== Profiling "elementwise_kernel" - 376: 0%....50%....100% - 18 passes
==PROF== Profiling "vectorized_elementwise_kernel" - 377: 0%....50%....100% - 18 passes
==PROF== Profiling "elementwise_kernel" - 378: 0%....50%....100% - 18 passes
==PROF== Profiling "ampere_bf16_s16816gemm_bf16_6..." - 379: 0%....50%....100% - 18 passes
==PROF== Profiling "unrolled_elementwise_kernel" - 380: 0%....50%....100% - 18 passes
==PROF== Profiling "vectorized_elementwise_kernel" - 381: 0%....50%....100% - 18 passes
==PROF== Profiling "reduce_kernel" - 382: 0%....50%....100% - 18 passes
==PROF== Profiling "vectorized_elementwise_kernel" - 383: 0%....50%....100% - 18 passes
==PROF== Profiling "vectorized_elementwise_kernel" - 384: 0%....50%....100% - 18 passes
==PROF== Profiling "elementwise_kernel" - 385: 0%....50%....100% - 18 passes
==PROF== Profiling "vectorized_elementwise_kernel" - 386: 0%....50%....100% - 18 passes
==PROF== Profiling "elementwise_kernel" - 387: 0%....50%....100% - 18 passes
==PROF== Profiling "Kernel2" - 388: 0%....50%....100% - 18 passes
==PROF== Profiling "splitKreduce_kernel" - 389: 0%....50%....100% - 18 passes
==PROF== Profiling "unrolled_elementwise_kernel" - 390: 0%....50%....100% - 18 passes
==PROF== Profiling "vectorized_elementwise_kernel" - 391: 0%....50%....100% - 18 passes
==PROF== Profiling "reduce_kernel" - 392: 0%....50%....100% - 18 passes
==PROF== Profiling "vectorized_elementwise_kernel" - 393: 0%....50%....100% - 18 passes
==PROF== Profiling "vectorized_elementwise_kernel" - 394: 0%....50%....100% - 18 passes
==PROF== Profiling "elementwise_kernel" - 395: 0%....50%....100% - 18 passes
==PROF== Profiling "vectorized_elementwise_kernel" - 396: 0%....50%....100% - 18 passes
==PROF== Profiling "elementwise_kernel" - 397: 0%....50%....100% - 18 passes
==PROF== Profiling "Kernel2" - 398: 0%....50%....100% - 18 passes
==PROF== Profiling "splitKreduce_kernel" - 399: 0%....50%....100% - 18 passes
==PROF== Profiling "elementwise_kernel" - 400: 0%....50%....100% - 18 passes
==PROF== Profiling "elementwise_kernel" - 401: 0%....50%....100% - 18 passes
==PROF== Profiling "CatArrayBatchedCopy" - 402: 0%....50%....100% - 18 passes
==PROF== Profiling "elementwise_kernel" - 403: 0%....50%....100% - 18 passes
==PROF== Profiling "elementwise_kernel" - 404: 0%....50%....100% - 18 passes
==PROF== Profiling "elementwise_kernel" - 405: 0%....50%....100% - 18 passes
==PROF== Profiling "elementwise_kernel" - 406: 0%....50%....100% - 18 passes
==PROF== Profiling "CatArrayBatchedCopy" - 407: 0%....50%....100% - 18 passes
==PROF== Profiling "elementwise_kernel" - 408: 0%....50%....100% - 18 passes
==PROF== Profiling "elementwise_kernel" - 409: 0%....50%....100% - 18 passes
==PROF== Profiling "CatArrayBatchedCopy" - 410: 0%....50%....100% - 18 passes
==PROF== Profiling "CatArrayBatchedCopy" - 411: 0%....50%....100% - 18 passes
==PROF== Profiling "flash_fwd_splitkv_kernel" - 412: 0%....50%....100% - 18 passes
==PROF== Profiling "flash_fwd_splitkv_combine_ker..." - 413: 0%....50%....100% - 18 passes
==PROF== Profiling "ampere_bf16_s16816gemm_bf16_6..." - 414: 0%....50%....100% - 18 passes
==PROF== Profiling "vectorized_elementwise_kernel" - 415: 0%....50%....100% - 18 passes
==PROF== Profiling "unrolled_elementwise_kernel" - 416: 0%....50%....100% - 18 passes
==PROF== Profiling "vectorized_elementwise_kernel" - 417: 0%....50%....100% - 18 passes
==PROF== Profiling "reduce_kernel" - 418: 0%....50%....100% - 18 passes
==PROF== Profiling "vectorized_elementwise_kernel" - 419: 0%....50%....100% - 18 passes
==PROF== Profiling "vectorized_elementwise_kernel" - 420: 0%....50%....100% - 18 passes
==PROF== Profiling "elementwise_kernel" - 421: 0%....50%....100% - 18 passes
==PROF== Profiling "vectorized_elementwise_kernel" - 422: 0%....50%....100% - 18 passes
==PROF== Profiling "elementwise_kernel" - 423: 0%....50%....100% - 18 passes
==PROF== Profiling "Kernel2" - 424: 0%....50%....100% - 18 passes
==PROF== Profiling "vectorized_elementwise_kernel" - 425: 0%....50%....100% - 18 passes
==PROF== Profiling "Kernel2" - 426: 0%....50%....100% - 18 passes
==PROF== Profiling "vectorized_elementwise_kernel" - 427: 0%....50%....100% - 18 passes
==PROF== Profiling "Kernel2" - 428: 0%....50%....100% - 18 passes
==PROF== Profiling "splitKreduce_kernel" - 429: 0%....50%....100% - 18 passes
==PROF== Profiling "vectorized_elementwise_kernel" - 430: 0%....50%....100% - 18 passes
==PROF== Profiling "unrolled_elementwise_kernel" - 431: 0%....50%....100% - 18 passes
==PROF== Profiling "vectorized_elementwise_kernel" - 432: 0%....50%....100% - 18 passes
==PROF== Profiling "reduce_kernel" - 433: 0%....50%....100% - 18 passes
==PROF== Profiling "vectorized_elementwise_kernel" - 434: 0%....50%....100% - 18 passes
==PROF== Profiling "vectorized_elementwise_kernel" - 435: 0%....50%....100% - 18 passes
==PROF== Profiling "elementwise_kernel" - 436: 0%....50%....100% - 18 passes
==PROF== Profiling "vectorized_elementwise_kernel" - 437: 0%....50%....100% - 18 passes
==PROF== Profiling "elementwise_kernel" - 438: 0%....50%....100% - 18 passes
==PROF== Profiling "ampere_bf16_s16816gemm_bf16_6..." - 439: 0%....50%....100% - 18 passes
==PROF== Profiling "unrolled_elementwise_kernel" - 440: 0%....50%....100% - 18 passes
==PROF== Profiling "vectorized_elementwise_kernel" - 441: 0%....50%....100% - 18 passes
==PROF== Profiling "reduce_kernel" - 442: 0%....50%....100% - 18 passes
==PROF== Profiling "vectorized_elementwise_kernel" - 443: 0%....50%....100% - 18 passes
==PROF== Profiling "vectorized_elementwise_kernel" - 444: 0%....50%....100% - 18 passes
==PROF== Profiling "elementwise_kernel" - 445: 0%....50%....100% - 18 passes
==PROF== Profiling "vectorized_elementwise_kernel" - 446: 0%....50%....100% - 18 passes
==PROF== Profiling "elementwise_kernel" - 447: 0%....50%....100% - 18 passes
==PROF== Profiling "Kernel2" - 448: 0%....50%....100% - 18 passes
==PROF== Profiling "splitKreduce_kernel" - 449: 0%....50%....100% - 18 passes
==PROF== Profiling "unrolled_elementwise_kernel" - 450: 0%....50%....100% - 18 passes
==PROF== Profiling "vectorized_elementwise_kernel" - 451: 0%....50%....100% - 18 passes
==PROF== Profiling "reduce_kernel" - 452: 0%....50%....100% - 18 passes
==PROF== Profiling "vectorized_elementwise_kernel" - 453: 0%....50%....100% - 18 passes
==PROF== Profiling "vectorized_elementwise_kernel" - 454: 0%....50%....100% - 18 passes
==PROF== Profiling "elementwise_kernel" - 455: 0%....50%....100% - 18 passes
==PROF== Profiling "vectorized_elementwise_kernel" - 456: 0%....50%....100% - 18 passes
==PROF== Profiling "elementwise_kernel" - 457: 0%....50%....100% - 18 passes
==PROF== Profiling "Kernel2" - 458: 0%....50%....100% - 18 passes
==PROF== Profiling "splitKreduce_kernel" - 459: 0%....50%....100% - 18 passes
==PROF== Profiling "elementwise_kernel" - 460: 0%....50%....100% - 18 passes
==PROF== Profiling "elementwise_kernel" - 461: 0%....50%....100% - 18 passes
==PROF== Profiling "CatArrayBatchedCopy" - 462: 0%....50%....100% - 18 passes
==PROF== Profiling "elementwise_kernel" - 463: 0%....50%....100% - 18 passes
==PROF== Profiling "elementwise_kernel" - 464: 0%....50%....100% - 18 passes
==PROF== Profiling "elementwise_kernel" - 465: 0%....50%....100% - 18 passes
==PROF== Profiling "elementwise_kernel" - 466: 0%....50%....100% - 18 passes
==PROF== Profiling "CatArrayBatchedCopy" - 467: 0%....50%....100% - 18 passes
==PROF== Profiling "elementwise_kernel" - 468: 0%....50%....100% - 18 passes
==PROF== Profiling "elementwise_kernel" - 469: 0%....50%....100% - 18 passes
==PROF== Profiling "CatArrayBatchedCopy" - 470: 0%....50%....100% - 18 passes
==PROF== Profiling "CatArrayBatchedCopy" - 471: 0%....50%....100% - 18 passes
==PROF== Profiling "flash_fwd_splitkv_kernel" - 472: 0%....50%....100% - 18 passes
==PROF== Profiling "flash_fwd_splitkv_combine_ker..." - 473: 0%....50%....100% - 18 passes
==PROF== Profiling "ampere_bf16_s16816gemm_bf16_6..." - 474: 0%....50%....100% - 18 passes
==PROF== Profiling "vectorized_elementwise_kernel" - 475: 0%....50%....100% - 18 passes
==PROF== Profiling "unrolled_elementwise_kernel" - 476: 0%....50%....100% - 18 passes
==PROF== Profiling "vectorized_elementwise_kernel" - 477: 0%....50%....100% - 18 passes
==PROF== Profiling "reduce_kernel" - 478: 0%....50%....100% - 18 passes
==PROF== Profiling "vectorized_elementwise_kernel" - 479: 0%....50%....100% - 18 passes
==PROF== Profiling "vectorized_elementwise_kernel" - 480: 0%....50%....100% - 18 passes
==PROF== Profiling "elementwise_kernel" - 481: 0%....50%....100% - 18 passes
==PROF== Profiling "vectorized_elementwise_kernel" - 482: 0%....50%....100% - 18 passes
==PROF== Profiling "elementwise_kernel" - 483: 0%....50%....100% - 18 passes
==PROF== Profiling "Kernel2" - 484: 0%....50%....100% - 18 passes
==PROF== Profiling "vectorized_elementwise_kernel" - 485: 0%....50%....100% - 18 passes
==PROF== Profiling "Kernel2" - 486: 0%....50%....100% - 18 passes
==PROF== Profiling "vectorized_elementwise_kernel" - 487: 0%....50%....100% - 18 passes
==PROF== Profiling "Kernel2" - 488: 0%....50%....100% - 18 passes
==PROF== Profiling "splitKreduce_kernel" - 489: 0%....50%....100% - 18 passes
==PROF== Profiling "vectorized_elementwise_kernel" - 490: 0%....50%....100% - 18 passes
==PROF== Profiling "unrolled_elementwise_kernel" - 491: 0%....50%....100% - 18 passes
==PROF== Profiling "vectorized_elementwise_kernel" - 492: 0%....50%....100% - 18 passes
==PROF== Profiling "reduce_kernel" - 493: 0%....50%....100% - 18 passes
==PROF== Profiling "vectorized_elementwise_kernel" - 494: 0%....50%....100% - 18 passes
==PROF== Profiling "vectorized_elementwise_kernel" - 495: 0%....50%....100% - 18 passes
==PROF== Profiling "elementwise_kernel" - 496: 0%....50%....100% - 18 passes
==PROF== Profiling "vectorized_elementwise_kernel" - 497: 0%....50%....100% - 18 passes
==PROF== Profiling "elementwise_kernel" - 498: 0%....50%....100% - 18 passes
==PROF== Profiling "ampere_bf16_s16816gemm_bf16_6..." - 499: 0%....50%....100% - 18 passes
==PROF== Profiling "unrolled_elementwise_kernel" - 500: 0%....50%....100% - 18 passes
==PROF== Profiling "vectorized_elementwise_kernel" - 501: 0%....50%....100% - 18 passes
==PROF== Profiling "reduce_kernel" - 502: 0%....50%....100% - 18 passes
==PROF== Profiling "vectorized_elementwise_kernel" - 503: 0%....50%....100% - 18 passes
==PROF== Profiling "vectorized_elementwise_kernel" - 504: 0%....50%....100% - 18 passes
==PROF== Profiling "elementwise_kernel" - 505: 0%....50%....100% - 18 passes
==PROF== Profiling "vectorized_elementwise_kernel" - 506: 0%....50%....100% - 18 passes
==PROF== Profiling "elementwise_kernel" - 507: 0%....50%....100% - 18 passes
==PROF== Profiling "Kernel2" - 508: 0%....50%....100% - 18 passes
==PROF== Profiling "splitKreduce_kernel" - 509: 0%....50%....100% - 18 passes
==PROF== Profiling "unrolled_elementwise_kernel" - 510: 0%....50%....100% - 18 passes
==PROF== Profiling "vectorized_elementwise_kernel" - 511: 0%....50%....100% - 18 passes
==PROF== Profiling "reduce_kernel" - 512: 0%....50%....100% - 18 passes
==PROF== Profiling "vectorized_elementwise_kernel" - 513: 0%....50%....100% - 18 passes
==PROF== Profiling "vectorized_elementwise_kernel" - 514: 0%....50%....100% - 18 passes
==PROF== Profiling "elementwise_kernel" - 515: 0%....50%....100% - 18 passes
==PROF== Profiling "vectorized_elementwise_kernel" - 516: 0%....50%....100% - 18 passes
==PROF== Profiling "elementwise_kernel" - 517: 0%....50%....100% - 18 passes
==PROF== Profiling "Kernel2" - 518: 0%....50%....100% - 18 passes
==PROF== Profiling "splitKreduce_kernel" - 519: 0%....50%....100% - 18 passes
==PROF== Profiling "elementwise_kernel" - 520: 0%....50%....100% - 18 passes
==PROF== Profiling "elementwise_kernel" - 521: 0%....50%....100% - 18 passes
==PROF== Profiling "CatArrayBatchedCopy" - 522: 0%....50%....100% - 18 passes
==PROF== Profiling "elementwise_kernel" - 523: 0%....50%....100% - 18 passes
==PROF== Profiling "elementwise_kernel" - 524: 0%....50%....100% - 18 passes
==PROF== Profiling "elementwise_kernel" - 525: 0%....50%....100% - 18 passes
==PROF== Profiling "elementwise_kernel" - 526: 0%....50%....100% - 18 passes
==PROF== Profiling "CatArrayBatchedCopy" - 527: 0%....50%....100% - 18 passes
==PROF== Profiling "elementwise_kernel" - 528: 0%....50%....100% - 18 passes
==PROF== Profiling "elementwise_kernel" - 529: 0%....50%....100% - 18 passes
==PROF== Profiling "CatArrayBatchedCopy" - 530: 0%....50%....100% - 18 passes
==PROF== Profiling "CatArrayBatchedCopy" - 531: 0%....50%....100% - 18 passes
==PROF== Profiling "flash_fwd_splitkv_kernel" - 532: 0%....50%....100% - 18 passes
==PROF== Profiling "flash_fwd_splitkv_combine_ker..." - 533: 0%....50%....100% - 18 passes
==PROF== Profiling "ampere_bf16_s16816gemm_bf16_6..." - 534: 0%....50%....100% - 18 passes
==PROF== Profiling "vectorized_elementwise_kernel" - 535: 0%....50%....100% - 18 passes
==PROF== Profiling "unrolled_elementwise_kernel" - 536: 0%....50%....100% - 18 passes
==PROF== Profiling "vectorized_elementwise_kernel" - 537: 0%....50%....100% - 18 passes
==PROF== Profiling "reduce_kernel" - 538: 0%....50%....100% - 18 passes
==PROF== Profiling "vectorized_elementwise_kernel" - 539: 0%....50%....100% - 18 passes
==PROF== Profiling "vectorized_elementwise_kernel" - 540: 0%....50%....100% - 18 passes
==PROF== Profiling "elementwise_kernel" - 541: 0%....50%....100% - 18 passes
==PROF== Profiling "vectorized_elementwise_kernel" - 542: 0%....50%....100% - 18 passes
==PROF== Profiling "elementwise_kernel" - 543: 0%....50%....100% - 18 passes
==PROF== Profiling "Kernel2" - 544: 0%....50%....100% - 18 passes
==PROF== Profiling "vectorized_elementwise_kernel" - 545: 0%....50%....100% - 18 passes
==PROF== Profiling "Kernel2" - 546: 0%....50%....100% - 18 passes
==PROF== Profiling "vectorized_elementwise_kernel" - 547: 0%....50%....100% - 18 passes
==PROF== Profiling "Kernel2" - 548: 0%....50%....100% - 18 passes
==PROF== Profiling "splitKreduce_kernel" - 549: 0%....50%....100% - 18 passes
==PROF== Profiling "vectorized_elementwise_kernel" - 550: 0%....50%....100% - 18 passes
==PROF== Profiling "unrolled_elementwise_kernel" - 551: 0%....50%....100% - 18 passes
==PROF== Profiling "vectorized_elementwise_kernel" - 552: 0%....50%....100% - 18 passes
==PROF== Profiling "reduce_kernel" - 553: 0%....50%....100% - 18 passes
==PROF== Profiling "vectorized_elementwise_kernel" - 554: 0%....50%....100% - 18 passes
==PROF== Profiling "vectorized_elementwise_kernel" - 555: 0%....50%....100% - 18 passes
==PROF== Profiling "elementwise_kernel" - 556: 0%....50%....100% - 18 passes
==PROF== Profiling "vectorized_elementwise_kernel" - 557: 0%....50%....100% - 18 passes
==PROF== Profiling "elementwise_kernel" - 558: 0%....50%....100% - 18 passes
==PROF== Profiling "ampere_bf16_s16816gemm_bf16_6..." - 559: 0%....50%....100% - 18 passes
==PROF== Profiling "unrolled_elementwise_kernel" - 560: 0%....50%....100% - 18 passes
==PROF== Profiling "vectorized_elementwise_kernel" - 561: 0%....50%....100% - 18 passes
==PROF== Profiling "reduce_kernel" - 562: 0%....50%....100% - 18 passes
==PROF== Profiling "vectorized_elementwise_kernel" - 563: 0%....50%....100% - 18 passes
==PROF== Profiling "vectorized_elementwise_kernel" - 564: 0%....50%....100% - 18 passes
==PROF== Profiling "elementwise_kernel" - 565: 0%....50%....100% - 18 passes
==PROF== Profiling "vectorized_elementwise_kernel" - 566: 0%....50%....100% - 18 passes
==PROF== Profiling "elementwise_kernel" - 567: 0%....50%....100% - 18 passes
==PROF== Profiling "Kernel2" - 568: 0%....50%....100% - 18 passes
==PROF== Profiling "splitKreduce_kernel" - 569: 0%....50%....100% - 18 passes
==PROF== Profiling "unrolled_elementwise_kernel" - 570: 0%....50%....100% - 18 passes
==PROF== Profiling "vectorized_elementwise_kernel" - 571: 0%....50%....100% - 18 passes
==PROF== Profiling "reduce_kernel" - 572: 0%....50%....100% - 18 passes
==PROF== Profiling "vectorized_elementwise_kernel" - 573: 0%....50%....100% - 18 passes
==PROF== Profiling "vectorized_elementwise_kernel" - 574: 0%....50%....100% - 18 passes
==PROF== Profiling "elementwise_kernel" - 575: 0%....50%....100% - 18 passes
==PROF== Profiling "vectorized_elementwise_kernel" - 576: 0%....50%....100% - 18 passes
==PROF== Profiling "elementwise_kernel" - 577: 0%....50%....100% - 18 passes
==PROF== Profiling "Kernel2" - 578: 0%....50%....100% - 18 passes
==PROF== Profiling "splitKreduce_kernel" - 579: 0%....50%....100% - 18 passes
==PROF== Profiling "elementwise_kernel" - 580: 0%....50%....100% - 18 passes
==PROF== Profiling "elementwise_kernel" - 581: 0%....50%....100% - 18 passes
==PROF== Profiling "CatArrayBatchedCopy" - 582: 0%....50%....100% - 18 passes
==PROF== Profiling "elementwise_kernel" - 583: 0%....50%....100% - 18 passes
==PROF== Profiling "elementwise_kernel" - 584: 0%....50%....100% - 18 passes
==PROF== Profiling "elementwise_kernel" - 585: 0%....50%....100% - 18 passes
==PROF== Profiling "elementwise_kernel" - 586: 0%....50%....100% - 18 passes
==PROF== Profiling "CatArrayBatchedCopy" - 587: 0%....50%....100% - 18 passes
==PROF== Profiling "elementwise_kernel" - 588: 0%....50%....100% - 18 passes
==PROF== Profiling "elementwise_kernel" - 589: 0%....50%....100% - 18 passes
==PROF== Profiling "CatArrayBatchedCopy" - 590: 0%....50%....100% - 18 passes
==PROF== Profiling "CatArrayBatchedCopy" - 591: 0%....50%....100% - 18 passes
==PROF== Profiling "flash_fwd_splitkv_kernel" - 592: 0%....50%....100% - 18 passes
==PROF== Profiling "flash_fwd_splitkv_combine_ker..." - 593: 0%....50%....100% - 18 passes
==PROF== Profiling "ampere_bf16_s16816gemm_bf16_6..." - 594: 0%....50%....100% - 18 passes
==PROF== Profiling "vectorized_elementwise_kernel" - 595: 0%....50%....100% - 18 passes
==PROF== Profiling "unrolled_elementwise_kernel" - 596: 0%....50%....100% - 18 passes
==PROF== Profiling "vectorized_elementwise_kernel" - 597: 0%....50%....100% - 18 passes
==PROF== Profiling "reduce_kernel" - 598: 0%....50%....100% - 18 passes
==PROF== Profiling "vectorized_elementwise_kernel" - 599: 0%....50%....100% - 18 passes
==PROF== Profiling "vectorized_elementwise_kernel" - 600: 0%....50%....100% - 18 passes
==PROF== Profiling "elementwise_kernel" - 601: 0%....50%....100% - 18 passes
==PROF== Profiling "vectorized_elementwise_kernel" - 602: 0%....50%....100% - 18 passes
==PROF== Profiling "elementwise_kernel" - 603: 0%....50%....100% - 18 passes
==PROF== Profiling "Kernel2" - 604: 0%....50%....100% - 18 passes
==PROF== Profiling "vectorized_elementwise_kernel" - 605: 0%....50%....100% - 18 passes
==PROF== Profiling "Kernel2" - 606: 0%....50%....100% - 18 passes
==PROF== Profiling "vectorized_elementwise_kernel" - 607: 0%....50%....100% - 18 passes
==PROF== Profiling "Kernel2" - 608: 0%....50%....100% - 18 passes
==PROF== Profiling "splitKreduce_kernel" - 609: 0%....50%....100% - 18 passes
==PROF== Profiling "vectorized_elementwise_kernel" - 610: 0%....50%....100% - 18 passes
==PROF== Profiling "unrolled_elementwise_kernel" - 611: 0%....50%....100% - 18 passes
==PROF== Profiling "vectorized_elementwise_kernel" - 612: 0%....50%....100% - 18 passes
==PROF== Profiling "reduce_kernel" - 613: 0%....50%....100% - 18 passes
==PROF== Profiling "vectorized_elementwise_kernel" - 614: 0%....50%....100% - 18 passes
==PROF== Profiling "vectorized_elementwise_kernel" - 615: 0%....50%....100% - 18 passes
==PROF== Profiling "elementwise_kernel" - 616: 0%....50%....100% - 18 passes
==PROF== Profiling "vectorized_elementwise_kernel" - 617: 0%....50%....100% - 18 passes
==PROF== Profiling "elementwise_kernel" - 618: 0%....50%....100% - 18 passes
==PROF== Profiling "ampere_bf16_s16816gemm_bf16_6..." - 619: 0%....50%....100% - 18 passes
==PROF== Profiling "unrolled_elementwise_kernel" - 620: 0%....50%....100% - 18 passes
==PROF== Profiling "vectorized_elementwise_kernel" - 621: 0%....50%....100% - 18 passes
==PROF== Profiling "reduce_kernel" - 622: 0%....50%....100% - 18 passes
==PROF== Profiling "vectorized_elementwise_kernel" - 623: 0%....50%....100% - 18 passes
==PROF== Profiling "vectorized_elementwise_kernel" - 624: 0%....50%....100% - 18 passes
==PROF== Profiling "elementwise_kernel" - 625: 0%....50%....100% - 18 passes
==PROF== Profiling "vectorized_elementwise_kernel" - 626: 0%....50%....100% - 18 passes
==PROF== Profiling "elementwise_kernel" - 627: 0%....50%....100% - 18 passes
==PROF== Profiling "Kernel2" - 628: 0%....50%....100% - 18 passes
==PROF== Profiling "splitKreduce_kernel" - 629: 0%....50%....100% - 18 passes
==PROF== Profiling "unrolled_elementwise_kernel" - 630: 0%....50%....100% - 18 passes
==PROF== Profiling "vectorized_elementwise_kernel" - 631: 0%....50%....100% - 18 passes
==PROF== Profiling "reduce_kernel" - 632: 0%....50%....100% - 18 passes
==PROF== Profiling "vectorized_elementwise_kernel" - 633: 0%....50%....100% - 18 passes
==PROF== Profiling "vectorized_elementwise_kernel" - 634: 0%....50%....100% - 18 passes
==PROF== Profiling "elementwise_kernel" - 635: 0%....50%....100% - 18 passes
==PROF== Profiling "vectorized_elementwise_kernel" - 636: 0%....50%....100% - 18 passes
==PROF== Profiling "elementwise_kernel" - 637: 0%....50%....100% - 18 passes
==PROF== Profiling "Kernel2" - 638: 0%....50%....100% - 18 passes
==PROF== Profiling "splitKreduce_kernel" - 639: 0%....50%....100% - 18 passes
==PROF== Profiling "elementwise_kernel" - 640: 0%....50%....100% - 18 passes
==PROF== Profiling "elementwise_kernel" - 641: 0%....50%....100% - 18 passes
==PROF== Profiling "CatArrayBatchedCopy" - 642: 0%....50%....100% - 18 passes
==PROF== Profiling "elementwise_kernel" - 643: 0%....50%....100% - 18 passes
==PROF== Profiling "elementwise_kernel" - 644: 0%....50%....100% - 18 passes
==PROF== Profiling "elementwise_kernel" - 645: 0%....50%....100% - 18 passes
==PROF== Profiling "elementwise_kernel" - 646: 0%....50%....100% - 18 passes
==PROF== Profiling "CatArrayBatchedCopy" - 647: 0%....50%....100% - 18 passes
==PROF== Profiling "elementwise_kernel" - 648: 0%....50%....100% - 18 passes
==PROF== Profiling "elementwise_kernel" - 649: 0%....50%....100% - 18 passes
==PROF== Profiling "CatArrayBatchedCopy" - 650: 0%....50%....100% - 18 passes
==PROF== Profiling "CatArrayBatchedCopy" - 651: 0%....50%....100% - 18 passes
==PROF== Profiling "flash_fwd_splitkv_kernel" - 652: 0%....50%....100% - 18 passes
==PROF== Profiling "flash_fwd_splitkv_combine_ker..." - 653: 0%....50%....100% - 18 passes
==PROF== Profiling "ampere_bf16_s16816gemm_bf16_6..." - 654: 0%....50%....100% - 18 passes
==PROF== Profiling "vectorized_elementwise_kernel" - 655: 0%....50%....100% - 18 passes
==PROF== Profiling "unrolled_elementwise_kernel" - 656: 0%....50%....100% - 18 passes
==PROF== Profiling "vectorized_elementwise_kernel" - 657: 0%....50%....100% - 18 passes
==PROF== Profiling "reduce_kernel" - 658: 0%....50%....100% - 18 passes
==PROF== Profiling "vectorized_elementwise_kernel" - 659: 0%....50%....100% - 18 passes
==PROF== Profiling "vectorized_elementwise_kernel" - 660: 0%....50%....100% - 18 passes
==PROF== Profiling "elementwise_kernel" - 661: 0%....50%....100% - 18 passes
==PROF== Profiling "vectorized_elementwise_kernel" - 662: 0%....50%....100% - 18 passes
==PROF== Profiling "elementwise_kernel" - 663: 0%....50%....100% - 18 passes
==PROF== Profiling "Kernel2" - 664: 0%....50%....100% - 18 passes
==PROF== Profiling "vectorized_elementwise_kernel" - 665: 0%....50%....100% - 18 passes
==PROF== Profiling "Kernel2" - 666: 0%....50%....100% - 18 passes
==PROF== Profiling "vectorized_elementwise_kernel" - 667: 0%....50%....100% - 18 passes
==PROF== Profiling "Kernel2" - 668: 0%....50%....100% - 18 passes
==PROF== Profiling "splitKreduce_kernel" - 669: 0%....50%....100% - 18 passes
==PROF== Profiling "vectorized_elementwise_kernel" - 670: 0%....50%....100% - 18 passes
==PROF== Profiling "unrolled_elementwise_kernel" - 671: 0%....50%....100% - 18 passes
==PROF== Profiling "vectorized_elementwise_kernel" - 672: 0%....50%....100% - 18 passes
==PROF== Profiling "reduce_kernel" - 673: 0%....50%....100% - 18 passes
==PROF== Profiling "vectorized_elementwise_kernel" - 674: 0%....50%....100% - 18 passes
==PROF== Profiling "vectorized_elementwise_kernel" - 675: 0%....50%....100% - 18 passes
==PROF== Profiling "elementwise_kernel" - 676: 0%....50%....100% - 18 passes
==PROF== Profiling "vectorized_elementwise_kernel" - 677: 0%....50%....100% - 18 passes
==PROF== Profiling "elementwise_kernel" - 678: 0%....50%....100% - 18 passes
==PROF== Profiling "ampere_bf16_s16816gemm_bf16_6..." - 679: 0%....50%....100% - 18 passes
==PROF== Profiling "unrolled_elementwise_kernel" - 680: 0%....50%....100% - 18 passes
==PROF== Profiling "vectorized_elementwise_kernel" - 681: 0%....50%....100% - 18 passes
==PROF== Profiling "reduce_kernel" - 682: 0%....50%....100% - 18 passes
==PROF== Profiling "vectorized_elementwise_kernel" - 683: 0%....50%....100% - 18 passes
==PROF== Profiling "vectorized_elementwise_kernel" - 684: 0%....50%....100% - 18 passes
==PROF== Profiling "elementwise_kernel" - 685: 0%....50%....100% - 18 passes
==PROF== Profiling "vectorized_elementwise_kernel" - 686: 0%....50%....100% - 18 passes
==PROF== Profiling "elementwise_kernel" - 687: 0%....50%....100% - 18 passes
==PROF== Profiling "Kernel2" - 688: 0%....50%....100% - 18 passes
==PROF== Profiling "splitKreduce_kernel" - 689: 0%....50%....100% - 18 passes
==PROF== Profiling "unrolled_elementwise_kernel" - 690: 0%....50%....100% - 18 passes
==PROF== Profiling "vectorized_elementwise_kernel" - 691: 0%....50%....100% - 18 passes
==PROF== Profiling "reduce_kernel" - 692: 0%....50%....100% - 18 passes
==PROF== Profiling "vectorized_elementwise_kernel" - 693: 0%....50%....100% - 18 passes
==PROF== Profiling "vectorized_elementwise_kernel" - 694: 0%....50%....100% - 18 passes
==PROF== Profiling "elementwise_kernel" - 695: 0%....50%....100% - 18 passes
==PROF== Profiling "vectorized_elementwise_kernel" - 696: 0%....50%....100% - 18 passes
==PROF== Profiling "elementwise_kernel" - 697: 0%....50%....100% - 18 passes
==PROF== Profiling "Kernel2" - 698: 0%....50%....100% - 18 passes
==PROF== Profiling "splitKreduce_kernel" - 699: 0%....50%....100% - 18 passes
==PROF== Profiling "elementwise_kernel" - 700: 0%....50%....100% - 18 passes
==PROF== Profiling "elementwise_kernel" - 701: 0%....50%....100% - 18 passes
==PROF== Profiling "CatArrayBatchedCopy" - 702: 0%....50%....100% - 18 passes
==PROF== Profiling "elementwise_kernel" - 703: 0%....50%....100% - 18 passes
==PROF== Profiling "elementwise_kernel" - 704: 0%....50%....100% - 18 passes
==PROF== Profiling "elementwise_kernel" - 705: 0%....50%....100% - 18 passes
==PROF== Profiling "elementwise_kernel" - 706: 0%....50%....100% - 18 passes
==PROF== Profiling "CatArrayBatchedCopy" - 707: 0%....50%....100% - 18 passes
==PROF== Profiling "elementwise_kernel" - 708: 0%....50%....100% - 18 passes
==PROF== Profiling "elementwise_kernel" - 709: 0%....50%....100% - 18 passes
==PROF== Profiling "CatArrayBatchedCopy" - 710: 0%....50%....100% - 18 passes
==PROF== Profiling "CatArrayBatchedCopy" - 711: 0%....50%....100% - 18 passes
==PROF== Profiling "flash_fwd_splitkv_kernel" - 712: 0%....50%....100% - 18 passes
==PROF== Profiling "flash_fwd_splitkv_combine_ker..." - 713: 0%....50%....100% - 18 passes
==PROF== Profiling "ampere_bf16_s16816gemm_bf16_6..." - 714: 0%....50%....100% - 18 passes
==PROF== Profiling "vectorized_elementwise_kernel" - 715: 0%....50%....100% - 18 passes
==PROF== Profiling "unrolled_elementwise_kernel" - 716: 0%....50%....100% - 18 passes
==PROF== Profiling "vectorized_elementwise_kernel" - 717: 0%....50%....100% - 18 passes
==PROF== Profiling "reduce_kernel" - 718: 0%....50%....100% - 18 passes
==PROF== Profiling "vectorized_elementwise_kernel" - 719: 0%....50%....100% - 18 passes
==PROF== Profiling "vectorized_elementwise_kernel" - 720: 0%....50%....100% - 18 passes
==PROF== Profiling "elementwise_kernel" - 721: 0%....50%....100% - 18 passes
==PROF== Profiling "vectorized_elementwise_kernel" - 722: 0%....50%....100% - 18 passes
==PROF== Profiling "elementwise_kernel" - 723: 0%....50%....100% - 18 passes
==PROF== Profiling "Kernel2" - 724: 0%....50%....100% - 18 passes
==PROF== Profiling "vectorized_elementwise_kernel" - 725: 0%....50%....100% - 18 passes
==PROF== Profiling "Kernel2" - 726: 0%....50%....100% - 18 passes
==PROF== Profiling "vectorized_elementwise_kernel" - 727: 0%....50%....100% - 18 passes
==PROF== Profiling "Kernel2" - 728: 0%....50%....100% - 18 passes
==PROF== Profiling "splitKreduce_kernel" - 729: 0%....50%....100% - 18 passes
==PROF== Profiling "vectorized_elementwise_kernel" - 730: 0%....50%....100% - 18 passes
==PROF== Profiling "unrolled_elementwise_kernel" - 731: 0%....50%....100% - 18 passes
==PROF== Profiling "vectorized_elementwise_kernel" - 732: 0%....50%....100% - 18 passes
==PROF== Profiling "reduce_kernel" - 733: 0%....50%....100% - 18 passes
==PROF== Profiling "vectorized_elementwise_kernel" - 734: 0%....50%....100% - 18 passes
==PROF== Profiling "vectorized_elementwise_kernel" - 735: 0%....50%....100% - 18 passes
==PROF== Profiling "elementwise_kernel" - 736: 0%....50%....100% - 18 passes
==PROF== Profiling "vectorized_elementwise_kernel" - 737: 0%....50%....100% - 18 passes
==PROF== Profiling "elementwise_kernel" - 738: 0%....50%....100% - 18 passes
==PROF== Profiling "ampere_bf16_s16816gemm_bf16_6..." - 739: 0%....50%....100% - 18 passes
==PROF== Profiling "unrolled_elementwise_kernel" - 740: 0%....50%....100% - 18 passes
==PROF== Profiling "vectorized_elementwise_kernel" - 741: 0%....50%....100% - 18 passes
==PROF== Profiling "reduce_kernel" - 742: 0%....50%....100% - 18 passes
==PROF== Profiling "vectorized_elementwise_kernel" - 743: 0%....50%....100% - 18 passes
==PROF== Profiling "vectorized_elementwise_kernel" - 744: 0%....50%....100% - 18 passes
==PROF== Profiling "elementwise_kernel" - 745: 0%....50%....100% - 18 passes
==PROF== Profiling "vectorized_elementwise_kernel" - 746: 0%....50%....100% - 18 passes
==PROF== Profiling "elementwise_kernel" - 747: 0%....50%....100% - 18 passes
==PROF== Profiling "Kernel2" - 748: 0%....50%....100% - 18 passes
==PROF== Profiling "splitKreduce_kernel" - 749: 0%....50%....100% - 18 passes
==PROF== Profiling "unrolled_elementwise_kernel" - 750: 0%....50%....100% - 18 passes
==PROF== Profiling "vectorized_elementwise_kernel" - 751: 0%....50%....100% - 18 passes
==PROF== Profiling "reduce_kernel" - 752: 0%....50%....100% - 18 passes
==PROF== Profiling "vectorized_elementwise_kernel" - 753: 0%....50%....100% - 18 passes
==PROF== Profiling "vectorized_elementwise_kernel" - 754: 0%....50%....100% - 18 passes
==PROF== Profiling "elementwise_kernel" - 755: 0%....50%....100% - 18 passes
==PROF== Profiling "vectorized_elementwise_kernel" - 756: 0%....50%....100% - 18 passes
==PROF== Profiling "elementwise_kernel" - 757: 0%....50%....100% - 18 passes
==PROF== Profiling "Kernel2" - 758: 0%....50%....100% - 18 passes
==PROF== Profiling "splitKreduce_kernel" - 759: 0%....50%....100% - 18 passes
==PROF== Profiling "elementwise_kernel" - 760: 0%....50%....100% - 18 passes
==PROF== Profiling "elementwise_kernel" - 761: 0%....50%....100% - 18 passes
==PROF== Profiling "CatArrayBatchedCopy" - 762: 0%....50%....100% - 18 passes
==PROF== Profiling "elementwise_kernel" - 763: 0%....50%....100% - 18 passes
==PROF== Profiling "elementwise_kernel" - 764: 0%....50%....100% - 18 passes
==PROF== Profiling "elementwise_kernel" - 765: 0%....50%....100% - 18 passes
==PROF== Profiling "elementwise_kernel" - 766: 0%....50%....100% - 18 passes
==PROF== Profiling "CatArrayBatchedCopy" - 767: 0%....50%....100% - 18 passes
==PROF== Profiling "elementwise_kernel" - 768: 0%....50%....100% - 18 passes
==PROF== Profiling "elementwise_kernel" - 769: 0%....50%....100% - 18 passes
==PROF== Profiling "CatArrayBatchedCopy" - 770: 0%....50%....100% - 18 passes
==PROF== Profiling "CatArrayBatchedCopy" - 771: 0%....50%....100% - 18 passes
==PROF== Profiling "flash_fwd_splitkv_kernel" - 772: 0%....50%....100% - 18 passes
==PROF== Profiling "flash_fwd_splitkv_combine_ker..." - 773: 0%....50%....100% - 18 passes
==PROF== Profiling "ampere_bf16_s16816gemm_bf16_6..." - 774: 0%....50%....100% - 18 passes
==PROF== Profiling "vectorized_elementwise_kernel" - 775: 0%....50%....100% - 18 passes
==PROF== Profiling "unrolled_elementwise_kernel" - 776: 0%....50%....100% - 18 passes
==PROF== Profiling "vectorized_elementwise_kernel" - 777: 0%....50%....100% - 18 passes
==PROF== Profiling "reduce_kernel" - 778: 0%....50%....100% - 18 passes
==PROF== Profiling "vectorized_elementwise_kernel" - 779: 0%....50%....100% - 18 passes
==PROF== Profiling "vectorized_elementwise_kernel" - 780: 0%....50%....100% - 18 passes
==PROF== Profiling "elementwise_kernel" - 781: 0%....50%....100% - 18 passes
==PROF== Profiling "vectorized_elementwise_kernel" - 782: 0%....50%....100% - 18 passes
==PROF== Profiling "elementwise_kernel" - 783: 0%....50%....100% - 18 passes
==PROF== Profiling "Kernel2" - 784: 0%....50%....100% - 18 passes
==PROF== Profiling "vectorized_elementwise_kernel" - 785: 0%....50%....100% - 18 passes
==PROF== Profiling "Kernel2" - 786: 0%....50%....100% - 18 passes
==PROF== Profiling "vectorized_elementwise_kernel" - 787: 0%....50%....100% - 18 passes
==PROF== Profiling "Kernel2" - 788: 0%....50%....100% - 18 passes
==PROF== Profiling "splitKreduce_kernel" - 789: 0%....50%....100% - 18 passes
==PROF== Profiling "vectorized_elementwise_kernel" - 790: 0%....50%....100% - 18 passes
==PROF== Profiling "unrolled_elementwise_kernel" - 791: 0%....50%....100% - 18 passes
==PROF== Profiling "vectorized_elementwise_kernel" - 792: 0%....50%....100% - 18 passes
==PROF== Profiling "reduce_kernel" - 793: 0%....50%....100% - 18 passes
==PROF== Profiling "vectorized_elementwise_kernel" - 794: 0%....50%....100% - 18 passes
==PROF== Profiling "vectorized_elementwise_kernel" - 795: 0%....50%....100% - 18 passes
==PROF== Profiling "elementwise_kernel" - 796: 0%....50%....100% - 18 passes
==PROF== Profiling "vectorized_elementwise_kernel" - 797: 0%....50%....100% - 18 passes
==PROF== Profiling "elementwise_kernel" - 798: 0%....50%....100% - 18 passes
==PROF== Profiling "ampere_bf16_s16816gemm_bf16_6..." - 799: 0%....50%....100% - 18 passes
==PROF== Profiling "unrolled_elementwise_kernel" - 800: 0%....50%....100% - 18 passes
==PROF== Profiling "vectorized_elementwise_kernel" - 801: 0%....50%....100% - 18 passes
==PROF== Profiling "reduce_kernel" - 802: 0%....50%....100% - 18 passes
==PROF== Profiling "vectorized_elementwise_kernel" - 803: 0%....50%....100% - 18 passes
==PROF== Profiling "vectorized_elementwise_kernel" - 804: 0%....50%....100% - 18 passes
==PROF== Profiling "elementwise_kernel" - 805: 0%....50%....100% - 18 passes
==PROF== Profiling "vectorized_elementwise_kernel" - 806: 0%....50%....100% - 18 passes
==PROF== Profiling "elementwise_kernel" - 807: 0%....50%....100% - 18 passes
==PROF== Profiling "Kernel2" - 808: 0%....50%....100% - 18 passes
==PROF== Profiling "splitKreduce_kernel" - 809: 0%....50%....100% - 18 passes
==PROF== Profiling "unrolled_elementwise_kernel" - 810: 0%....50%....100% - 18 passes
==PROF== Profiling "vectorized_elementwise_kernel" - 811: 0%....50%....100% - 18 passes
==PROF== Profiling "reduce_kernel" - 812: 0%....50%....100% - 18 passes
==PROF== Profiling "vectorized_elementwise_kernel" - 813: 0%....50%....100% - 18 passes
==PROF== Profiling "vectorized_elementwise_kernel" - 814: 0%....50%....100% - 18 passes
==PROF== Profiling "elementwise_kernel" - 815: 0%....50%....100% - 18 passes
==PROF== Profiling "vectorized_elementwise_kernel" - 816: 0%....50%....100% - 18 passes
==PROF== Profiling "elementwise_kernel" - 817: 0%....50%....100% - 18 passes
==PROF== Profiling "Kernel2" - 818: 0%....50%....100% - 18 passes
==PROF== Profiling "splitKreduce_kernel" - 819: 0%....50%....100% - 18 passes
==PROF== Profiling "elementwise_kernel" - 820: 0%....50%....100% - 18 passes
==PROF== Profiling "elementwise_kernel" - 821: 0%....50%....100% - 18 passes
==PROF== Profiling "CatArrayBatchedCopy" - 822: 0%....50%....100% - 18 passes
==PROF== Profiling "elementwise_kernel" - 823: 0%....50%....100% - 18 passes
==PROF== Profiling "elementwise_kernel" - 824: 0%....50%....100% - 18 passes
==PROF== Profiling "elementwise_kernel" - 825: 0%....50%....100% - 18 passes
==PROF== Profiling "elementwise_kernel" - 826: 0%....50%....100% - 18 passes
==PROF== Profiling "CatArrayBatchedCopy" - 827: 0%....50%....100% - 18 passes
==PROF== Profiling "elementwise_kernel" - 828: 0%....50%....100% - 18 passes
==PROF== Profiling "elementwise_kernel" - 829: 0%....50%....100% - 18 passes
==PROF== Profiling "CatArrayBatchedCopy" - 830: 0%....50%....100% - 18 passes
==PROF== Profiling "CatArrayBatchedCopy" - 831: 0%....50%....100% - 18 passes
==PROF== Profiling "flash_fwd_splitkv_kernel" - 832: 0%....50%....100% - 18 passes
==PROF== Profiling "flash_fwd_splitkv_combine_ker..." - 833: 0%....50%....100% - 18 passes
==PROF== Profiling "ampere_bf16_s16816gemm_bf16_6..." - 834: 0%....50%....100% - 18 passes
==PROF== Profiling "vectorized_elementwise_kernel" - 835: 0%....50%....100% - 18 passes
==PROF== Profiling "unrolled_elementwise_kernel" - 836: 0%....50%....100% - 18 passes
==PROF== Profiling "vectorized_elementwise_kernel" - 837: 0%....50%....100% - 18 passes
==PROF== Profiling "reduce_kernel" - 838: 0%....50%....100% - 18 passes
==PROF== Profiling "vectorized_elementwise_kernel" - 839: 0%....50%....100% - 18 passes
==PROF== Profiling "vectorized_elementwise_kernel" - 840: 0%....50%....100% - 18 passes
==PROF== Profiling "elementwise_kernel" - 841: 0%....50%....100% - 18 passes
==PROF== Profiling "vectorized_elementwise_kernel" - 842: 0%....50%....100% - 18 passes
==PROF== Profiling "elementwise_kernel" - 843: 0%....50%....100% - 18 passes
==PROF== Profiling "Kernel2" - 844: 0%....50%....100% - 18 passes
==PROF== Profiling "vectorized_elementwise_kernel" - 845: 0%....50%....100% - 18 passes
==PROF== Profiling "Kernel2" - 846: 0%....50%....100% - 18 passes
==PROF== Profiling "vectorized_elementwise_kernel" - 847: 0%....50%....100% - 18 passes
==PROF== Profiling "Kernel2" - 848: 0%....50%....100% - 18 passes
==PROF== Profiling "splitKreduce_kernel" - 849: 0%....50%....100% - 18 passes
==PROF== Profiling "vectorized_elementwise_kernel" - 850: 0%....50%....100% - 18 passes
==PROF== Profiling "unrolled_elementwise_kernel" - 851: 0%....50%....100% - 18 passes
==PROF== Profiling "vectorized_elementwise_kernel" - 852: 0%....50%....100% - 18 passes
==PROF== Profiling "reduce_kernel" - 853: 0%....50%....100% - 18 passes
==PROF== Profiling "vectorized_elementwise_kernel" - 854: 0%....50%....100% - 18 passes
==PROF== Profiling "vectorized_elementwise_kernel" - 855: 0%....50%....100% - 18 passes
==PROF== Profiling "elementwise_kernel" - 856: 0%....50%....100% - 18 passes
==PROF== Profiling "vectorized_elementwise_kernel" - 857: 0%....50%....100% - 18 passes
==PROF== Profiling "elementwise_kernel" - 858: 0%....50%....100% - 18 passes
==PROF== Profiling "ampere_bf16_s16816gemm_bf16_6..." - 859: 0%....50%....100% - 18 passes
==PROF== Profiling "unrolled_elementwise_kernel" - 860: 0%....50%....100% - 18 passes
==PROF== Profiling "vectorized_elementwise_kernel" - 861: 0%....50%....100% - 18 passes
==PROF== Profiling "reduce_kernel" - 862: 0%....50%....100% - 18 passes
==PROF== Profiling "vectorized_elementwise_kernel" - 863: 0%....50%....100% - 18 passes
==PROF== Profiling "vectorized_elementwise_kernel" - 864: 0%....50%....100% - 18 passes
==PROF== Profiling "elementwise_kernel" - 865: 0%....50%....100% - 18 passes
==PROF== Profiling "vectorized_elementwise_kernel" - 866: 0%....50%....100% - 18 passes
==PROF== Profiling "elementwise_kernel" - 867: 0%....50%....100% - 18 passes
==PROF== Profiling "Kernel2" - 868: 0%....50%....100% - 18 passes
==PROF== Profiling "splitKreduce_kernel" - 869: 0%....50%....100% - 18 passes
==PROF== Profiling "unrolled_elementwise_kernel" - 870: 0%....50%....100% - 18 passes
==PROF== Profiling "vectorized_elementwise_kernel" - 871: 0%....50%....100% - 18 passes
==PROF== Profiling "reduce_kernel" - 872: 0%....50%....100% - 18 passes
==PROF== Profiling "vectorized_elementwise_kernel" - 873: 0%....50%....100% - 18 passes
==PROF== Profiling "vectorized_elementwise_kernel" - 874: 0%....50%....100% - 18 passes
==PROF== Profiling "elementwise_kernel" - 875: 0%....50%....100% - 18 passes
==PROF== Profiling "vectorized_elementwise_kernel" - 876: 0%....50%....100% - 18 passes
==PROF== Profiling "elementwise_kernel" - 877: 0%....50%....100% - 18 passes
==PROF== Profiling "Kernel2" - 878: 0%....50%....100% - 18 passes
==PROF== Profiling "splitKreduce_kernel" - 879: 0%....50%....100% - 18 passes
==PROF== Profiling "elementwise_kernel" - 880: 0%....50%....100% - 18 passes
==PROF== Profiling "elementwise_kernel" - 881: 0%....50%....100% - 18 passes
==PROF== Profiling "CatArrayBatchedCopy" - 882: 0%....50%....100% - 18 passes
==PROF== Profiling "elementwise_kernel" - 883: 0%....50%....100% - 18 passes
==PROF== Profiling "elementwise_kernel" - 884: 0%....50%....100% - 18 passes
==PROF== Profiling "elementwise_kernel" - 885: 0%....50%....100% - 18 passes
==PROF== Profiling "elementwise_kernel" - 886: 0%....50%....100% - 18 passes
==PROF== Profiling "CatArrayBatchedCopy" - 887: 0%....50%....100% - 18 passes
==PROF== Profiling "elementwise_kernel" - 888: 0%....50%....100% - 18 passes
==PROF== Profiling "elementwise_kernel" - 889: 0%....50%....100% - 18 passes
==PROF== Profiling "CatArrayBatchedCopy" - 890: 0%....50%....100% - 18 passes
==PROF== Profiling "CatArrayBatchedCopy" - 891: 0%....50%....100% - 18 passes
==PROF== Profiling "flash_fwd_splitkv_kernel" - 892: 0%....50%....100% - 18 passes
==PROF== Profiling "flash_fwd_splitkv_combine_ker..." - 893: 0%....50%....100% - 18 passes
==PROF== Profiling "ampere_bf16_s16816gemm_bf16_6..." - 894: 0%....50%....100% - 18 passes
==PROF== Profiling "vectorized_elementwise_kernel" - 895: 0%....50%....100% - 18 passes
==PROF== Profiling "unrolled_elementwise_kernel" - 896: 0%....50%....100% - 18 passes
==PROF== Profiling "vectorized_elementwise_kernel" - 897: 0%....50%....100% - 18 passes
==PROF== Profiling "reduce_kernel" - 898: 0%....50%....100% - 18 passes
==PROF== Profiling "vectorized_elementwise_kernel" - 899: 0%....50%....100% - 18 passes
==PROF== Profiling "vectorized_elementwise_kernel" - 900: 0%....50%....100% - 18 passes
==PROF== Profiling "elementwise_kernel" - 901: 0%....50%....100% - 18 passes
==PROF== Profiling "vectorized_elementwise_kernel" - 902: 0%....50%....100% - 18 passes
==PROF== Profiling "elementwise_kernel" - 903: 0%....50%....100% - 18 passes
==PROF== Profiling "Kernel2" - 904: 0%....50%....100% - 18 passes
==PROF== Profiling "vectorized_elementwise_kernel" - 905: 0%....50%....100% - 18 passes
==PROF== Profiling "Kernel2" - 906: 0%....50%....100% - 18 passes
==PROF== Profiling "vectorized_elementwise_kernel" - 907: 0%....50%....100% - 18 passes
==PROF== Profiling "Kernel2" - 908: 0%....50%....100% - 18 passes
==PROF== Profiling "splitKreduce_kernel" - 909: 0%....50%....100% - 18 passes
==PROF== Profiling "vectorized_elementwise_kernel" - 910: 0%....50%....100% - 18 passes
==PROF== Profiling "unrolled_elementwise_kernel" - 911: 0%....50%....100% - 18 passes
==PROF== Profiling "vectorized_elementwise_kernel" - 912: 0%....50%....100% - 18 passes
==PROF== Profiling "reduce_kernel" - 913: 0%....50%....100% - 18 passes
==PROF== Profiling "vectorized_elementwise_kernel" - 914: 0%....50%....100% - 18 passes
==PROF== Profiling "vectorized_elementwise_kernel" - 915: 0%....50%....100% - 18 passes
==PROF== Profiling "elementwise_kernel" - 916: 0%....50%....100% - 18 passes
==PROF== Profiling "vectorized_elementwise_kernel" - 917: 0%....50%....100% - 18 passes
==PROF== Profiling "elementwise_kernel" - 918: 0%....50%....100% - 18 passes
==PROF== Profiling "ampere_bf16_s16816gemm_bf16_6..." - 919: 0%....50%....100% - 18 passes
==PROF== Profiling "unrolled_elementwise_kernel" - 920: 0%....50%....100% - 18 passes
==PROF== Profiling "vectorized_elementwise_kernel" - 921: 0%....50%....100% - 18 passes
==PROF== Profiling "reduce_kernel" - 922: 0%....50%....100% - 18 passes
==PROF== Profiling "vectorized_elementwise_kernel" - 923: 0%....50%....100% - 18 passes
==PROF== Profiling "vectorized_elementwise_kernel" - 924: 0%....50%....100% - 18 passes
==PROF== Profiling "elementwise_kernel" - 925: 0%....50%....100% - 18 passes
==PROF== Profiling "vectorized_elementwise_kernel" - 926: 0%....50%....100% - 18 passes
==PROF== Profiling "elementwise_kernel" - 927: 0%....50%....100% - 18 passes
==PROF== Profiling "Kernel2" - 928: 0%....50%....100% - 18 passes
==PROF== Profiling "splitKreduce_kernel" - 929: 0%....50%....100% - 18 passes
==PROF== Profiling "unrolled_elementwise_kernel" - 930: 0%....50%....100% - 18 passes
==PROF== Profiling "vectorized_elementwise_kernel" - 931: 0%....50%....100% - 18 passes
==PROF== Profiling "reduce_kernel" - 932: 0%....50%....100% - 18 passes
==PROF== Profiling "vectorized_elementwise_kernel" - 933: 0%....50%....100% - 18 passes
==PROF== Profiling "vectorized_elementwise_kernel" - 934: 0%....50%....100% - 18 passes
==PROF== Profiling "elementwise_kernel" - 935: 0%....50%....100% - 18 passes
==PROF== Profiling "vectorized_elementwise_kernel" - 936: 0%....50%....100% - 18 passes
==PROF== Profiling "elementwise_kernel" - 937: 0%....50%....100% - 18 passes
==PROF== Profiling "Kernel2" - 938: 0%....50%....100% - 18 passes
==PROF== Profiling "splitKreduce_kernel" - 939: 0%....50%....100% - 18 passes
==PROF== Profiling "elementwise_kernel" - 940: 0%....50%....100% - 18 passes
==PROF== Profiling "elementwise_kernel" - 941: 0%....50%....100% - 18 passes
==PROF== Profiling "CatArrayBatchedCopy" - 942: 0%....50%....100% - 18 passes
==PROF== Profiling "elementwise_kernel" - 943: 0%....50%....100% - 18 passes
==PROF== Profiling "elementwise_kernel" - 944: 0%....50%....100% - 18 passes
==PROF== Profiling "elementwise_kernel" - 945: 0%....50%....100% - 18 passes
==PROF== Profiling "elementwise_kernel" - 946: 0%....50%....100% - 18 passes
==PROF== Profiling "CatArrayBatchedCopy" - 947: 0%....50%....100% - 18 passes
==PROF== Profiling "elementwise_kernel" - 948: 0%....50%....100% - 18 passes
==PROF== Profiling "elementwise_kernel" - 949: 0%....50%....100% - 18 passes
==PROF== Profiling "CatArrayBatchedCopy" - 950: 0%....50%....100% - 18 passes
==PROF== Profiling "CatArrayBatchedCopy" - 951: 0%....50%....100% - 18 passes
==PROF== Profiling "flash_fwd_splitkv_kernel" - 952: 0%....50%....100% - 18 passes
==PROF== Profiling "flash_fwd_splitkv_combine_ker..." - 953: 0%....50%....100% - 18 passes
==PROF== Profiling "ampere_bf16_s16816gemm_bf16_6..." - 954: 0%....50%....100% - 18 passes
==PROF== Profiling "vectorized_elementwise_kernel" - 955: 0%....50%....100% - 18 passes
==PROF== Profiling "unrolled_elementwise_kernel" - 956: 0%....50%....100% - 18 passes
==PROF== Profiling "vectorized_elementwise_kernel" - 957: 0%....50%....100% - 18 passes
==PROF== Profiling "reduce_kernel" - 958: 0%....50%....100% - 18 passes
==PROF== Profiling "vectorized_elementwise_kernel" - 959: 0%....50%....100% - 18 passes
==PROF== Profiling "vectorized_elementwise_kernel" - 960: 0%....50%....100% - 18 passes
==PROF== Profiling "elementwise_kernel" - 961: 0%....50%....100% - 18 passes
==PROF== Profiling "vectorized_elementwise_kernel" - 962: 0%....50%....100% - 18 passes
==PROF== Profiling "elementwise_kernel" - 963: 0%....50%....100% - 18 passes
==PROF== Profiling "Kernel2" - 964: 0%....50%....100% - 18 passes
==PROF== Profiling "vectorized_elementwise_kernel" - 965: 0%....50%....100% - 18 passes
==PROF== Profiling "Kernel2" - 966: 0%....50%....100% - 18 passes
==PROF== Profiling "vectorized_elementwise_kernel" - 967: 0%....50%....100% - 18 passes
==PROF== Profiling "Kernel2" - 968: 0%....50%....100% - 18 passes
==PROF== Profiling "splitKreduce_kernel" - 969: 0%....50%....100% - 18 passes
==PROF== Profiling "vectorized_elementwise_kernel" - 970: 0%....50%....100% - 18 passes
==PROF== Profiling "unrolled_elementwise_kernel" - 971: 0%....50%....100% - 18 passes
==PROF== Profiling "vectorized_elementwise_kernel" - 972: 0%....50%....100% - 18 passes
==PROF== Profiling "reduce_kernel" - 973: 0%....50%....100% - 18 passes
==PROF== Profiling "vectorized_elementwise_kernel" - 974: 0%....50%....100% - 18 passes
==PROF== Profiling "vectorized_elementwise_kernel" - 975: 0%....50%....100% - 18 passes
==PROF== Profiling "elementwise_kernel" - 976: 0%....50%....100% - 18 passes
==PROF== Profiling "vectorized_elementwise_kernel" - 977: 0%....50%....100% - 18 passes
==PROF== Profiling "elementwise_kernel" - 978: 0%....50%....100% - 18 passes
==PROF== Profiling "ampere_bf16_s16816gemm_bf16_6..." - 979: 0%....50%....100% - 18 passes
==PROF== Profiling "unrolled_elementwise_kernel" - 980: 0%....50%....100% - 18 passes
==PROF== Profiling "vectorized_elementwise_kernel" - 981: 0%....50%....100% - 18 passes
==PROF== Profiling "reduce_kernel" - 982: 0%....50%....100% - 18 passes
==PROF== Profiling "vectorized_elementwise_kernel" - 983: 0%....50%....100% - 18 passes
==PROF== Profiling "vectorized_elementwise_kernel" - 984: 0%....50%....100% - 18 passes
==PROF== Profiling "elementwise_kernel" - 985: 0%....50%....100% - 18 passes
==PROF== Profiling "vectorized_elementwise_kernel" - 986: 0%....50%....100% - 18 passes
==PROF== Profiling "elementwise_kernel" - 987: 0%....50%....100% - 18 passes
==PROF== Profiling "Kernel2" - 988: 0%....50%....100% - 18 passes
==PROF== Profiling "splitKreduce_kernel" - 989: 0%....50%....100% - 18 passes
==PROF== Profiling "unrolled_elementwise_kernel" - 990: 0%....50%....100% - 18 passes
==PROF== Profiling "vectorized_elementwise_kernel" - 991: 0%....50%....100% - 18 passes
==PROF== Profiling "reduce_kernel" - 992: 0%....50%....100% - 18 passes
==PROF== Profiling "vectorized_elementwise_kernel" - 993: 0%....50%....100% - 18 passes
==PROF== Profiling "vectorized_elementwise_kernel" - 994: 0%....50%....100% - 18 passes
==PROF== Profiling "elementwise_kernel" - 995: 0%....50%....100% - 18 passes
==PROF== Profiling "vectorized_elementwise_kernel" - 996: 0%....50%....100% - 18 passes
==PROF== Profiling "elementwise_kernel" - 997: 0%....50%....100% - 18 passes
==PROF== Profiling "Kernel2" - 998: 0%....50%....100% - 18 passes
==PROF== Profiling "splitKreduce_kernel" - 999: 0%....50%....100% - 18 passes
==PROF== Profiling "elementwise_kernel" - 1000: 0%....50%....100% - 18 passes
==PROF== Profiling "elementwise_kernel" - 1001: 0%....50%....100% - 18 passes
==PROF== Profiling "CatArrayBatchedCopy" - 1002: 0%....50%....100% - 18 passes
==PROF== Profiling "elementwise_kernel" - 1003: 0%....50%....100% - 18 passes
==PROF== Profiling "elementwise_kernel" - 1004: 0%....50%....100% - 18 passes
==PROF== Profiling "elementwise_kernel" - 1005: 0%....50%....100% - 18 passes
==PROF== Profiling "elementwise_kernel" - 1006: 0%....50%....100% - 18 passes
==PROF== Profiling "CatArrayBatchedCopy" - 1007: 0%....50%....100% - 18 passes
==PROF== Profiling "elementwise_kernel" - 1008: 0%....50%....100% - 18 passes
==PROF== Profiling "elementwise_kernel" - 1009: 0%....50%....100% - 18 passes
==PROF== Profiling "CatArrayBatchedCopy" - 1010: 0%....50%....100% - 18 passes
==PROF== Profiling "CatArrayBatchedCopy" - 1011: 0%....50%....100% - 18 passes
==PROF== Profiling "flash_fwd_splitkv_kernel" - 1012: 0%....50%....100% - 18 passes
==PROF== Profiling "flash_fwd_splitkv_combine_ker..." - 1013: 0%....50%....100% - 18 passes
==PROF== Profiling "ampere_bf16_s16816gemm_bf16_6..." - 1014: 0%....50%....100% - 18 passes
==PROF== Profiling "vectorized_elementwise_kernel" - 1015: 0%....50%....100% - 18 passes
==PROF== Profiling "unrolled_elementwise_kernel" - 1016: 0%....50%....100% - 18 passes
==PROF== Profiling "vectorized_elementwise_kernel" - 1017: 0%....50%....100% - 18 passes
==PROF== Profiling "reduce_kernel" - 1018: 0%....50%....100% - 18 passes
==PROF== Profiling "vectorized_elementwise_kernel" - 1019: 0%....50%....100% - 18 passes
==PROF== Profiling "vectorized_elementwise_kernel" - 1020: 0%....50%....100% - 18 passes
==PROF== Profiling "elementwise_kernel" - 1021: 0%....50%....100% - 18 passes
==PROF== Profiling "vectorized_elementwise_kernel" - 1022: 0%....50%....100% - 18 passes
==PROF== Profiling "elementwise_kernel" - 1023: 0%....50%....100% - 18 passes
==PROF== Profiling "Kernel2" - 1024: 0%....50%....100% - 18 passes
==PROF== Profiling "vectorized_elementwise_kernel" - 1025: 0%....50%....100% - 18 passes
==PROF== Profiling "Kernel2" - 1026: 0%....50%....100% - 18 passes
==PROF== Profiling "vectorized_elementwise_kernel" - 1027: 0%....50%....100% - 18 passes
==PROF== Profiling "Kernel2" - 1028: 0%....50%....100% - 18 passes
==PROF== Profiling "splitKreduce_kernel" - 1029: 0%....50%....100% - 18 passes
==PROF== Profiling "vectorized_elementwise_kernel" - 1030: 0%....50%....100% - 18 passes
==PROF== Profiling "unrolled_elementwise_kernel" - 1031: 0%....50%....100% - 18 passes
==PROF== Profiling "vectorized_elementwise_kernel" - 1032: 0%....50%....100% - 18 passes
==PROF== Profiling "reduce_kernel" - 1033: 0%....50%....100% - 18 passes
==PROF== Profiling "vectorized_elementwise_kernel" - 1034: 0%....50%....100% - 18 passes
==PROF== Profiling "vectorized_elementwise_kernel" - 1035: 0%....50%....100% - 18 passes
==PROF== Profiling "elementwise_kernel" - 1036: 0%....50%....100% - 18 passes
==PROF== Profiling "vectorized_elementwise_kernel" - 1037: 0%....50%....100% - 18 passes
==PROF== Profiling "elementwise_kernel" - 1038: 0%....50%....100% - 18 passes
==PROF== Profiling "ampere_bf16_s16816gemm_bf16_6..." - 1039: 0%....50%....100% - 18 passes
==PROF== Profiling "unrolled_elementwise_kernel" - 1040: 0%....50%....100% - 18 passes
==PROF== Profiling "vectorized_elementwise_kernel" - 1041: 0%....50%....100% - 18 passes
==PROF== Profiling "reduce_kernel" - 1042: 0%....50%....100% - 18 passes
==PROF== Profiling "vectorized_elementwise_kernel" - 1043: 0%....50%....100% - 18 passes
==PROF== Profiling "vectorized_elementwise_kernel" - 1044: 0%....50%....100% - 18 passes
==PROF== Profiling "elementwise_kernel" - 1045: 0%....50%....100% - 18 passes
==PROF== Profiling "vectorized_elementwise_kernel" - 1046: 0%....50%....100% - 18 passes
==PROF== Profiling "elementwise_kernel" - 1047: 0%....50%....100% - 18 passes
==PROF== Profiling "Kernel2" - 1048: 0%....50%....100% - 18 passes
==PROF== Profiling "splitKreduce_kernel" - 1049: 0%....50%....100% - 18 passes
==PROF== Profiling "unrolled_elementwise_kernel" - 1050: 0%....50%....100% - 18 passes
==PROF== Profiling "vectorized_elementwise_kernel" - 1051: 0%....50%....100% - 18 passes
==PROF== Profiling "reduce_kernel" - 1052: 0%....50%....100% - 18 passes
==PROF== Profiling "vectorized_elementwise_kernel" - 1053: 0%....50%....100% - 18 passes
==PROF== Profiling "vectorized_elementwise_kernel" - 1054: 0%....50%....100% - 18 passes
==PROF== Profiling "elementwise_kernel" - 1055: 0%....50%....100% - 18 passes
==PROF== Profiling "vectorized_elementwise_kernel" - 1056: 0%....50%....100% - 18 passes
==PROF== Profiling "elementwise_kernel" - 1057: 0%....50%....100% - 18 passes
==PROF== Profiling "Kernel2" - 1058: 0%....50%....100% - 18 passes
==PROF== Profiling "splitKreduce_kernel" - 1059: 0%....50%....100% - 18 passes
==PROF== Profiling "elementwise_kernel" - 1060: 0%....50%....100% - 18 passes
==PROF== Profiling "elementwise_kernel" - 1061: 0%....50%....100% - 18 passes
==PROF== Profiling "CatArrayBatchedCopy" - 1062: 0%....50%....100% - 18 passes
==PROF== Profiling "elementwise_kernel" - 1063: 0%....50%....100% - 18 passes
==PROF== Profiling "elementwise_kernel" - 1064: 0%....50%....100% - 18 passes
==PROF== Profiling "elementwise_kernel" - 1065: 0%....50%....100% - 18 passes
==PROF== Profiling "elementwise_kernel" - 1066: 0%....50%....100% - 18 passes
==PROF== Profiling "CatArrayBatchedCopy" - 1067: 0%....50%....100% - 18 passes
==PROF== Profiling "elementwise_kernel" - 1068: 0%....50%....100% - 18 passes
==PROF== Profiling "elementwise_kernel" - 1069: 0%....50%....100% - 18 passes
==PROF== Profiling "CatArrayBatchedCopy" - 1070: 0%....50%....100% - 18 passes
==PROF== Profiling "CatArrayBatchedCopy" - 1071: 0%....50%....100% - 18 passes
==PROF== Profiling "flash_fwd_splitkv_kernel" - 1072: 0%....50%....100% - 18 passes
==PROF== Profiling "flash_fwd_splitkv_combine_ker..." - 1073: 0%....50%....100% - 18 passes
==PROF== Profiling "ampere_bf16_s16816gemm_bf16_6..." - 1074: 0%....50%....100% - 18 passes
==PROF== Profiling "vectorized_elementwise_kernel" - 1075: 0%....50%....100% - 18 passes
==PROF== Profiling "unrolled_elementwise_kernel" - 1076: 0%....50%....100% - 18 passes
==PROF== Profiling "vectorized_elementwise_kernel" - 1077: 0%....50%....100% - 18 passes
==PROF== Profiling "reduce_kernel" - 1078: 0%....50%....100% - 18 passes
==PROF== Profiling "vectorized_elementwise_kernel" - 1079: 0%....50%....100% - 18 passes
==PROF== Profiling "vectorized_elementwise_kernel" - 1080: 0%....50%....100% - 18 passes
==PROF== Profiling "elementwise_kernel" - 1081: 0%....50%....100% - 18 passes
==PROF== Profiling "vectorized_elementwise_kernel" - 1082: 0%....50%....100% - 18 passes
==PROF== Profiling "elementwise_kernel" - 1083: 0%....50%....100% - 18 passes
==PROF== Profiling "Kernel2" - 1084: 0%....50%....100% - 18 passes
==PROF== Profiling "vectorized_elementwise_kernel" - 1085: 0%....50%....100% - 18 passes
==PROF== Profiling "Kernel2" - 1086: 0%....50%....100% - 18 passes
==PROF== Profiling "vectorized_elementwise_kernel" - 1087: 0%....50%....100% - 18 passes
==PROF== Profiling "Kernel2" - 1088: 0%....50%....100% - 18 passes
==PROF== Profiling "splitKreduce_kernel" - 1089: 0%....50%....100% - 18 passes
==PROF== Profiling "vectorized_elementwise_kernel" - 1090: 0%....50%....100% - 18 passes
==PROF== Profiling "unrolled_elementwise_kernel" - 1091: 0%....50%....100% - 18 passes
==PROF== Profiling "vectorized_elementwise_kernel" - 1092: 0%....50%....100% - 18 passes
==PROF== Profiling "reduce_kernel" - 1093: 0%....50%....100% - 18 passes
==PROF== Profiling "vectorized_elementwise_kernel" - 1094: 0%....50%....100% - 18 passes
==PROF== Profiling "vectorized_elementwise_kernel" - 1095: 0%....50%....100% - 18 passes
==PROF== Profiling "elementwise_kernel" - 1096: 0%....50%....100% - 18 passes
==PROF== Profiling "vectorized_elementwise_kernel" - 1097: 0%....50%....100% - 18 passes
==PROF== Profiling "elementwise_kernel" - 1098: 0%....50%....100% - 18 passes
==PROF== Profiling "ampere_bf16_s16816gemm_bf16_6..." - 1099: 0%....50%....100% - 18 passes
==PROF== Profiling "unrolled_elementwise_kernel" - 1100: 0%....50%....100% - 18 passes
==PROF== Profiling "vectorized_elementwise_kernel" - 1101: 0%....50%....100% - 18 passes
==PROF== Profiling "reduce_kernel" - 1102: 0%....50%....100% - 18 passes
==PROF== Profiling "vectorized_elementwise_kernel" - 1103: 0%....50%....100% - 18 passes
==PROF== Profiling "vectorized_elementwise_kernel" - 1104: 0%....50%....100% - 18 passes
==PROF== Profiling "elementwise_kernel" - 1105: 0%....50%....100% - 18 passes
==PROF== Profiling "vectorized_elementwise_kernel" - 1106: 0%....50%....100% - 18 passes
==PROF== Profiling "elementwise_kernel" - 1107: 0%....50%....100% - 18 passes
==PROF== Profiling "Kernel2" - 1108: 0%....50%....100% - 18 passes
==PROF== Profiling "splitKreduce_kernel" - 1109: 0%....50%....100% - 18 passes
==PROF== Profiling "unrolled_elementwise_kernel" - 1110: 0%....50%....100% - 18 passes
==PROF== Profiling "vectorized_elementwise_kernel" - 1111: 0%....50%....100% - 18 passes
==PROF== Profiling "reduce_kernel" - 1112: 0%....50%....100% - 18 passes
==PROF== Profiling "vectorized_elementwise_kernel" - 1113: 0%....50%....100% - 18 passes
==PROF== Profiling "vectorized_elementwise_kernel" - 1114: 0%....50%....100% - 18 passes
==PROF== Profiling "elementwise_kernel" - 1115: 0%....50%....100% - 18 passes
==PROF== Profiling "vectorized_elementwise_kernel" - 1116: 0%....50%....100% - 18 passes
==PROF== Profiling "elementwise_kernel" - 1117: 0%....50%....100% - 18 passes
==PROF== Profiling "Kernel2" - 1118: 0%....50%....100% - 18 passes
==PROF== Profiling "splitKreduce_kernel" - 1119: 0%....50%....100% - 18 passes
==PROF== Profiling "elementwise_kernel" - 1120: 0%....50%....100% - 18 passes
==PROF== Profiling "elementwise_kernel" - 1121: 0%....50%....100% - 18 passes
==PROF== Profiling "CatArrayBatchedCopy" - 1122: 0%....50%....100% - 18 passes
==PROF== Profiling "elementwise_kernel" - 1123: 0%....50%....100% - 18 passes
==PROF== Profiling "elementwise_kernel" - 1124: 0%....50%....100% - 18 passes
==PROF== Profiling "elementwise_kernel" - 1125: 0%....50%....100% - 18 passes
==PROF== Profiling "elementwise_kernel" - 1126: 0%....50%....100% - 18 passes
==PROF== Profiling "CatArrayBatchedCopy" - 1127: 0%....50%....100% - 18 passes
==PROF== Profiling "elementwise_kernel" - 1128: 0%....50%....100% - 18 passes
==PROF== Profiling "elementwise_kernel" - 1129: 0%....50%....100% - 18 passes
==PROF== Profiling "CatArrayBatchedCopy" - 1130: 0%....50%....100% - 18 passes
==PROF== Profiling "CatArrayBatchedCopy" - 1131: 0%....50%....100% - 18 passes
==PROF== Profiling "flash_fwd_splitkv_kernel" - 1132: 0%....50%....100% - 18 passes
==PROF== Profiling "flash_fwd_splitkv_combine_ker..." - 1133: 0%....50%....100% - 18 passes
==PROF== Profiling "ampere_bf16_s16816gemm_bf16_6..." - 1134: 0%....50%....100% - 18 passes
==PROF== Profiling "vectorized_elementwise_kernel" - 1135: 0%....50%....100% - 18 passes
==PROF== Profiling "unrolled_elementwise_kernel" - 1136: 0%....50%....100% - 18 passes
==PROF== Profiling "vectorized_elementwise_kernel" - 1137: 0%....50%....100% - 18 passes
==PROF== Profiling "reduce_kernel" - 1138: 0%....50%....100% - 18 passes
==PROF== Profiling "vectorized_elementwise_kernel" - 1139: 0%....50%....100% - 18 passes
==PROF== Profiling "vectorized_elementwise_kernel" - 1140: 0%....50%....100% - 18 passes
==PROF== Profiling "elementwise_kernel" - 1141: 0%....50%....100% - 18 passes
==PROF== Profiling "vectorized_elementwise_kernel" - 1142: 0%....50%....100% - 18 passes
==PROF== Profiling "elementwise_kernel" - 1143: 0%....50%....100% - 18 passes
==PROF== Profiling "Kernel2" - 1144: 0%....50%....100% - 18 passes
==PROF== Profiling "vectorized_elementwise_kernel" - 1145: 0%....50%....100% - 18 passes
==PROF== Profiling "Kernel2" - 1146: 0%....50%....100% - 18 passes
==PROF== Profiling "vectorized_elementwise_kernel" - 1147: 0%....50%....100% - 18 passes
==PROF== Profiling "Kernel2" - 1148: 0%....50%....100% - 18 passes
==PROF== Profiling "splitKreduce_kernel" - 1149: 0%....50%....100% - 18 passes
==PROF== Profiling "vectorized_elementwise_kernel" - 1150: 0%....50%....100% - 18 passes
==PROF== Profiling "unrolled_elementwise_kernel" - 1151: 0%....50%....100% - 18 passes
==PROF== Profiling "vectorized_elementwise_kernel" - 1152: 0%....50%....100% - 18 passes
==PROF== Profiling "reduce_kernel" - 1153: 0%....50%....100% - 18 passes
==PROF== Profiling "vectorized_elementwise_kernel" - 1154: 0%....50%....100% - 18 passes
==PROF== Profiling "vectorized_elementwise_kernel" - 1155: 0%....50%....100% - 18 passes
==PROF== Profiling "elementwise_kernel" - 1156: 0%....50%....100% - 18 passes
==PROF== Profiling "vectorized_elementwise_kernel" - 1157: 0%....50%....100% - 18 passes
==PROF== Profiling "elementwise_kernel" - 1158: 0%....50%....100% - 18 passes
==PROF== Profiling "ampere_bf16_s16816gemm_bf16_6..." - 1159: 0%....50%....100% - 18 passes
==PROF== Profiling "unrolled_elementwise_kernel" - 1160: 0%....50%....100% - 18 passes
==PROF== Profiling "vectorized_elementwise_kernel" - 1161: 0%....50%....100% - 18 passes
==PROF== Profiling "reduce_kernel" - 1162: 0%....50%....100% - 18 passes
==PROF== Profiling "vectorized_elementwise_kernel" - 1163: 0%....50%....100% - 18 passes
==PROF== Profiling "vectorized_elementwise_kernel" - 1164: 0%....50%....100% - 18 passes
==PROF== Profiling "elementwise_kernel" - 1165: 0%....50%....100% - 18 passes
==PROF== Profiling "vectorized_elementwise_kernel" - 1166: 0%....50%....100% - 18 passes
==PROF== Profiling "elementwise_kernel" - 1167: 0%....50%....100% - 18 passes
==PROF== Profiling "Kernel2" - 1168: 0%....50%....100% - 18 passes
==PROF== Profiling "splitKreduce_kernel" - 1169: 0%....50%....100% - 18 passes
==PROF== Profiling "unrolled_elementwise_kernel" - 1170: 0%....50%....100% - 18 passes
==PROF== Profiling "vectorized_elementwise_kernel" - 1171: 0%....50%....100% - 18 passes
==PROF== Profiling "reduce_kernel" - 1172: 0%....50%....100% - 18 passes
==PROF== Profiling "vectorized_elementwise_kernel" - 1173: 0%....50%....100% - 18 passes
==PROF== Profiling "vectorized_elementwise_kernel" - 1174: 0%....50%....100% - 18 passes
==PROF== Profiling "elementwise_kernel" - 1175: 0%....50%....100% - 18 passes
==PROF== Profiling "vectorized_elementwise_kernel" - 1176: 0%....50%....100% - 18 passes
==PROF== Profiling "elementwise_kernel" - 1177: 0%....50%....100% - 18 passes
==PROF== Profiling "Kernel2" - 1178: 0%....50%....100% - 18 passes
==PROF== Profiling "splitKreduce_kernel" - 1179: 0%....50%....100% - 18 passes
==PROF== Profiling "elementwise_kernel" - 1180: 0%....50%....100% - 18 passes
==PROF== Profiling "elementwise_kernel" - 1181: 0%....50%....100% - 18 passes
==PROF== Profiling "CatArrayBatchedCopy" - 1182: 0%....50%....100% - 18 passes
==PROF== Profiling "elementwise_kernel" - 1183: 0%....50%....100% - 18 passes
==PROF== Profiling "elementwise_kernel" - 1184: 0%....50%....100% - 18 passes
==PROF== Profiling "elementwise_kernel" - 1185: 0%....50%....100% - 18 passes
==PROF== Profiling "elementwise_kernel" - 1186: 0%....50%....100% - 18 passes
==PROF== Profiling "CatArrayBatchedCopy" - 1187: 0%....50%....100% - 18 passes
==PROF== Profiling "elementwise_kernel" - 1188: 0%....50%....100% - 18 passes
==PROF== Profiling "elementwise_kernel" - 1189: 0%....50%....100% - 18 passes
==PROF== Profiling "CatArrayBatchedCopy" - 1190: 0%....50%....100% - 18 passes
==PROF== Profiling "CatArrayBatchedCopy" - 1191: 0%....50%....100% - 18 passes
==PROF== Profiling "flash_fwd_splitkv_kernel" - 1192: 0%....50%....100% - 18 passes
==PROF== Profiling "flash_fwd_splitkv_combine_ker..." - 1193: 0%....50%....100% - 18 passes
==PROF== Profiling "ampere_bf16_s16816gemm_bf16_6..." - 1194: 0%....50%....100% - 18 passes
==PROF== Profiling "vectorized_elementwise_kernel" - 1195: 0%....50%....100% - 18 passes
==PROF== Profiling "unrolled_elementwise_kernel" - 1196: 0%....50%....100% - 18 passes
==PROF== Profiling "vectorized_elementwise_kernel" - 1197: 0%....50%....100% - 18 passes
==PROF== Profiling "reduce_kernel" - 1198: 0%....50%....100% - 18 passes
==PROF== Profiling "vectorized_elementwise_kernel" - 1199: 0%....50%....100% - 18 passes
==PROF== Profiling "vectorized_elementwise_kernel" - 1200: 0%....50%....100% - 18 passes
==PROF== Profiling "elementwise_kernel" - 1201: 0%....50%....100% - 18 passes
==PROF== Profiling "vectorized_elementwise_kernel" - 1202: 0%....50%....100% - 18 passes
==PROF== Profiling "elementwise_kernel" - 1203: 0%....50%....100% - 18 passes
==PROF== Profiling "Kernel2" - 1204: 0%....50%....100% - 18 passes
==PROF== Profiling "vectorized_elementwise_kernel" - 1205: 0%....50%....100% - 18 passes
==PROF== Profiling "Kernel2" - 1206: 0%....50%....100% - 18 passes
==PROF== Profiling "vectorized_elementwise_kernel" - 1207: 0%....50%....100% - 18 passes
==PROF== Profiling "Kernel2" - 1208: 0%....50%....100% - 18 passes
==PROF== Profiling "splitKreduce_kernel" - 1209: 0%....50%....100% - 18 passes
==PROF== Profiling "vectorized_elementwise_kernel" - 1210: 0%....50%....100% - 18 passes
==PROF== Profiling "unrolled_elementwise_kernel" - 1211: 0%....50%....100% - 18 passes
==PROF== Profiling "vectorized_elementwise_kernel" - 1212: 0%....50%....100% - 18 passes
==PROF== Profiling "reduce_kernel" - 1213: 0%....50%....100% - 18 passes
==PROF== Profiling "vectorized_elementwise_kernel" - 1214: 0%....50%....100% - 18 passes
==PROF== Profiling "vectorized_elementwise_kernel" - 1215: 0%....50%....100% - 18 passes
==PROF== Profiling "elementwise_kernel" - 1216: 0%....50%....100% - 18 passes
==PROF== Profiling "vectorized_elementwise_kernel" - 1217: 0%....50%....100% - 18 passes
==PROF== Profiling "elementwise_kernel" - 1218: 0%....50%....100% - 18 passes
==PROF== Profiling "ampere_bf16_s16816gemm_bf16_6..." - 1219: 0%....50%....100% - 18 passes
==PROF== Profiling "unrolled_elementwise_kernel" - 1220: 0%....50%....100% - 18 passes
==PROF== Profiling "vectorized_elementwise_kernel" - 1221: 0%....50%....100% - 18 passes
==PROF== Profiling "reduce_kernel" - 1222: 0%....50%....100% - 18 passes
==PROF== Profiling "vectorized_elementwise_kernel" - 1223: 0%....50%....100% - 18 passes
==PROF== Profiling "vectorized_elementwise_kernel" - 1224: 0%....50%....100% - 18 passes
==PROF== Profiling "elementwise_kernel" - 1225: 0%....50%....100% - 18 passes
==PROF== Profiling "vectorized_elementwise_kernel" - 1226: 0%....50%....100% - 18 passes
==PROF== Profiling "elementwise_kernel" - 1227: 0%....50%....100% - 18 passes
==PROF== Profiling "Kernel2" - 1228: 0%....50%....100% - 18 passes
==PROF== Profiling "splitKreduce_kernel" - 1229: 0%....50%....100% - 18 passes
==PROF== Profiling "unrolled_elementwise_kernel" - 1230: 0%....50%....100% - 18 passes
==PROF== Profiling "vectorized_elementwise_kernel" - 1231: 0%....50%....100% - 18 passes
==PROF== Profiling "reduce_kernel" - 1232: 0%....50%....100% - 18 passes
==PROF== Profiling "vectorized_elementwise_kernel" - 1233: 0%....50%....100% - 18 passes
==PROF== Profiling "vectorized_elementwise_kernel" - 1234: 0%....50%....100% - 18 passes
==PROF== Profiling "elementwise_kernel" - 1235: 0%....50%....100% - 18 passes
==PROF== Profiling "vectorized_elementwise_kernel" - 1236: 0%....50%....100% - 18 passes
==PROF== Profiling "elementwise_kernel" - 1237: 0%....50%....100% - 18 passes
==PROF== Profiling "Kernel2" - 1238: 0%....50%....100% - 18 passes
==PROF== Profiling "splitKreduce_kernel" - 1239: 0%....50%....100% - 18 passes
==PROF== Profiling "elementwise_kernel" - 1240: 0%....50%....100% - 18 passes
==PROF== Profiling "elementwise_kernel" - 1241: 0%....50%....100% - 18 passes
==PROF== Profiling "CatArrayBatchedCopy" - 1242: 0%....50%....100% - 18 passes
==PROF== Profiling "elementwise_kernel" - 1243: 0%....50%....100% - 18 passes
==PROF== Profiling "elementwise_kernel" - 1244: 0%....50%....100% - 18 passes
==PROF== Profiling "elementwise_kernel" - 1245: 0%....50%....100% - 18 passes
==PROF== Profiling "elementwise_kernel" - 1246: 0%....50%....100% - 18 passes
==PROF== Profiling "CatArrayBatchedCopy" - 1247: 0%....50%....100% - 18 passes
==PROF== Profiling "elementwise_kernel" - 1248: 0%....50%....100% - 18 passes
==PROF== Profiling "elementwise_kernel" - 1249: 0%....50%....100% - 18 passes
==PROF== Profiling "CatArrayBatchedCopy" - 1250: 0%....50%....100% - 18 passes
==PROF== Profiling "CatArrayBatchedCopy" - 1251: 0%....50%....100% - 18 passes
==PROF== Profiling "flash_fwd_splitkv_kernel" - 1252: 0%....50%....100% - 18 passes
==PROF== Profiling "flash_fwd_splitkv_combine_ker..." - 1253: 0%....50%....100% - 18 passes
==PROF== Profiling "ampere_bf16_s16816gemm_bf16_6..." - 1254: 0%....50%....100% - 18 passes
==PROF== Profiling "vectorized_elementwise_kernel" - 1255: 0%....50%....100% - 18 passes
==PROF== Profiling "unrolled_elementwise_kernel" - 1256: 0%....50%....100% - 18 passes
==PROF== Profiling "vectorized_elementwise_kernel" - 1257: 0%....50%....100% - 18 passes
==PROF== Profiling "reduce_kernel" - 1258: 0%....50%....100% - 18 passes
==PROF== Profiling "vectorized_elementwise_kernel" - 1259: 0%....50%....100% - 18 passes
==PROF== Profiling "vectorized_elementwise_kernel" - 1260: 0%....50%....100% - 18 passes
==PROF== Profiling "elementwise_kernel" - 1261: 0%....50%....100% - 18 passes
==PROF== Profiling "vectorized_elementwise_kernel" - 1262: 0%....50%....100% - 18 passes
==PROF== Profiling "elementwise_kernel" - 1263: 0%....50%....100% - 18 passes
==PROF== Profiling "Kernel2" - 1264: 0%....50%....100% - 18 passes
==PROF== Profiling "vectorized_elementwise_kernel" - 1265: 0%....50%....100% - 18 passes
==PROF== Profiling "Kernel2" - 1266: 0%....50%....100% - 18 passes
==PROF== Profiling "vectorized_elementwise_kernel" - 1267: 0%....50%....100% - 18 passes
==PROF== Profiling "Kernel2" - 1268: 0%....50%....100% - 18 passes
==PROF== Profiling "splitKreduce_kernel" - 1269: 0%....50%....100% - 18 passes
==PROF== Profiling "vectorized_elementwise_kernel" - 1270: 0%....50%....100% - 18 passes
==PROF== Profiling "unrolled_elementwise_kernel" - 1271: 0%....50%....100% - 18 passes
==PROF== Profiling "vectorized_elementwise_kernel" - 1272: 0%....50%....100% - 18 passes
==PROF== Profiling "reduce_kernel" - 1273: 0%....50%....100% - 18 passes
==PROF== Profiling "vectorized_elementwise_kernel" - 1274: 0%....50%....100% - 18 passes
==PROF== Profiling "vectorized_elementwise_kernel" - 1275: 0%....50%....100% - 18 passes
==PROF== Profiling "elementwise_kernel" - 1276: 0%....50%....100% - 18 passes
==PROF== Profiling "vectorized_elementwise_kernel" - 1277: 0%....50%....100% - 18 passes
==PROF== Profiling "elementwise_kernel" - 1278: 0%....50%....100% - 18 passes
==PROF== Profiling "ampere_bf16_s16816gemm_bf16_6..." - 1279: 0%....50%....100% - 18 passes
==PROF== Profiling "unrolled_elementwise_kernel" - 1280: 0%....50%....100% - 18 passes
==PROF== Profiling "vectorized_elementwise_kernel" - 1281: 0%....50%....100% - 18 passes
==PROF== Profiling "reduce_kernel" - 1282: 0%....50%....100% - 18 passes
==PROF== Profiling "vectorized_elementwise_kernel" - 1283: 0%....50%....100% - 18 passes
==PROF== Profiling "vectorized_elementwise_kernel" - 1284: 0%....50%....100% - 18 passes
==PROF== Profiling "elementwise_kernel" - 1285: 0%....50%....100% - 18 passes
==PROF== Profiling "vectorized_elementwise_kernel" - 1286: 0%....50%....100% - 18 passes
==PROF== Profiling "elementwise_kernel" - 1287: 0%....50%....100% - 18 passes
==PROF== Profiling "Kernel2" - 1288: 0%....50%....100% - 18 passes
==PROF== Profiling "splitKreduce_kernel" - 1289: 0%....50%....100% - 18 passes
==PROF== Profiling "unrolled_elementwise_kernel" - 1290: 0%....50%....100% - 18 passes
==PROF== Profiling "vectorized_elementwise_kernel" - 1291: 0%....50%....100% - 18 passes
==PROF== Profiling "reduce_kernel" - 1292: 0%....50%....100% - 18 passes
==PROF== Profiling "vectorized_elementwise_kernel" - 1293: 0%....50%....100% - 18 passes
==PROF== Profiling "vectorized_elementwise_kernel" - 1294: 0%....50%....100% - 18 passes
==PROF== Profiling "elementwise_kernel" - 1295: 0%....50%....100% - 18 passes
==PROF== Profiling "vectorized_elementwise_kernel" - 1296: 0%....50%....100% - 18 passes
==PROF== Profiling "elementwise_kernel" - 1297: 0%....50%....100% - 18 passes
==PROF== Profiling "Kernel2" - 1298: 0%....50%....100% - 18 passes
==PROF== Profiling "splitKreduce_kernel" - 1299: 0%....50%....100% - 18 passes
==PROF== Profiling "elementwise_kernel" - 1300: 0%....50%....100% - 18 passes
==PROF== Profiling "elementwise_kernel" - 1301: 0%....50%....100% - 18 passes
==PROF== Profiling "CatArrayBatchedCopy" - 1302: 0%....50%....100% - 18 passes
==PROF== Profiling "elementwise_kernel" - 1303: 0%....50%....100% - 18 passes
==PROF== Profiling "elementwise_kernel" - 1304: 0%....50%....100% - 18 passes
==PROF== Profiling "elementwise_kernel" - 1305: 0%....50%....100% - 18 passes
==PROF== Profiling "elementwise_kernel" - 1306: 0%....50%....100% - 18 passes
==PROF== Profiling "CatArrayBatchedCopy" - 1307: 0%....50%....100% - 18 passes
==PROF== Profiling "elementwise_kernel" - 1308: 0%....50%....100% - 18 passes
==PROF== Profiling "elementwise_kernel" - 1309: 0%....50%....100% - 18 passes
==PROF== Profiling "CatArrayBatchedCopy" - 1310: 0%....50%....100% - 18 passes
==PROF== Profiling "CatArrayBatchedCopy" - 1311: 0%....50%....100% - 18 passes
==PROF== Profiling "flash_fwd_splitkv_kernel" - 1312: 0%....50%....100% - 18 passes
==PROF== Profiling "flash_fwd_splitkv_combine_ker..." - 1313: 0%....50%....100% - 18 passes
==PROF== Profiling "ampere_bf16_s16816gemm_bf16_6..." - 1314: 0%....50%....100% - 18 passes
==PROF== Profiling "vectorized_elementwise_kernel" - 1315: 0%....50%....100% - 18 passes
==PROF== Profiling "unrolled_elementwise_kernel" - 1316: 0%....50%....100% - 18 passes
==PROF== Profiling "vectorized_elementwise_kernel" - 1317: 0%....50%....100% - 18 passes
==PROF== Profiling "reduce_kernel" - 1318: 0%....50%....100% - 18 passes
==PROF== Profiling "vectorized_elementwise_kernel" - 1319: 0%....50%....100% - 18 passes
==PROF== Profiling "vectorized_elementwise_kernel" - 1320: 0%....50%....100% - 18 passes
==PROF== Profiling "elementwise_kernel" - 1321: 0%....50%....100% - 18 passes
==PROF== Profiling "vectorized_elementwise_kernel" - 1322: 0%....50%....100% - 18 passes
==PROF== Profiling "elementwise_kernel" - 1323: 0%....50%....100% - 18 passes
==PROF== Profiling "Kernel2" - 1324: 0%....50%....100% - 18 passes
==PROF== Profiling "vectorized_elementwise_kernel" - 1325: 0%....50%....100% - 18 passes
==PROF== Profiling "Kernel2" - 1326: 0%....50%....100% - 18 passes
==PROF== Profiling "vectorized_elementwise_kernel" - 1327: 0%....50%....100% - 18 passes
==PROF== Profiling "Kernel2" - 1328: 0%....50%....100% - 18 passes
==PROF== Profiling "splitKreduce_kernel" - 1329: 0%....50%....100% - 18 passes
==PROF== Profiling "vectorized_elementwise_kernel" - 1330: 0%....50%....100% - 18 passes
==PROF== Profiling "unrolled_elementwise_kernel" - 1331: 0%....50%....100% - 18 passes
==PROF== Profiling "vectorized_elementwise_kernel" - 1332: 0%....50%....100% - 18 passes
==PROF== Profiling "reduce_kernel" - 1333: 0%....50%....100% - 18 passes
==PROF== Profiling "vectorized_elementwise_kernel" - 1334: 0%....50%....100% - 18 passes
==PROF== Profiling "vectorized_elementwise_kernel" - 1335: 0%....50%....100% - 18 passes
==PROF== Profiling "elementwise_kernel" - 1336: 0%....50%....100% - 18 passes
==PROF== Profiling "vectorized_elementwise_kernel" - 1337: 0%....50%....100% - 18 passes
==PROF== Profiling "elementwise_kernel" - 1338: 0%....50%....100% - 18 passes
==PROF== Profiling "ampere_bf16_s16816gemm_bf16_6..." - 1339: 0%....50%....100% - 18 passes
==PROF== Profiling "unrolled_elementwise_kernel" - 1340: 0%....50%....100% - 18 passes
==PROF== Profiling "vectorized_elementwise_kernel" - 1341: 0%....50%....100% - 18 passes
==PROF== Profiling "reduce_kernel" - 1342: 0%....50%....100% - 18 passes
==PROF== Profiling "vectorized_elementwise_kernel" - 1343: 0%....50%....100% - 18 passes
==PROF== Profiling "vectorized_elementwise_kernel" - 1344: 0%....50%....100% - 18 passes
==PROF== Profiling "elementwise_kernel" - 1345: 0%....50%....100% - 18 passes
==PROF== Profiling "vectorized_elementwise_kernel" - 1346: 0%....50%....100% - 18 passes
==PROF== Profiling "elementwise_kernel" - 1347: 0%....50%....100% - 18 passes
==PROF== Profiling "Kernel2" - 1348: 0%....50%....100% - 18 passes
==PROF== Profiling "splitKreduce_kernel" - 1349: 0%....50%....100% - 18 passes
==PROF== Profiling "unrolled_elementwise_kernel" - 1350: 0%....50%....100% - 18 passes
==PROF== Profiling "vectorized_elementwise_kernel" - 1351: 0%....50%....100% - 18 passes
==PROF== Profiling "reduce_kernel" - 1352: 0%....50%....100% - 18 passes
==PROF== Profiling "vectorized_elementwise_kernel" - 1353: 0%....50%....100% - 18 passes
==PROF== Profiling "vectorized_elementwise_kernel" - 1354: 0%....50%....100% - 18 passes
==PROF== Profiling "elementwise_kernel" - 1355: 0%....50%....100% - 18 passes
==PROF== Profiling "vectorized_elementwise_kernel" - 1356: 0%....50%....100% - 18 passes
==PROF== Profiling "elementwise_kernel" - 1357: 0%....50%....100% - 18 passes
==PROF== Profiling "Kernel2" - 1358: 0%....50%....100% - 18 passes
==PROF== Profiling "splitKreduce_kernel" - 1359: 0%....50%....100% - 18 passes
==PROF== Profiling "elementwise_kernel" - 1360: 0%....50%....100% - 18 passes
==PROF== Profiling "elementwise_kernel" - 1361: 0%....50%....100% - 18 passes
==PROF== Profiling "CatArrayBatchedCopy" - 1362: 0%....50%....100% - 18 passes
==PROF== Profiling "elementwise_kernel" - 1363: 0%....50%....100% - 18 passes
==PROF== Profiling "elementwise_kernel" - 1364: 0%....50%....100% - 18 passes
==PROF== Profiling "elementwise_kernel" - 1365: 0%....50%....100% - 18 passes
==PROF== Profiling "elementwise_kernel" - 1366: 0%....50%....100% - 18 passes
==PROF== Profiling "CatArrayBatchedCopy" - 1367: 0%....50%....100% - 18 passes
==PROF== Profiling "elementwise_kernel" - 1368: 0%....50%....100% - 18 passes
==PROF== Profiling "elementwise_kernel" - 1369: 0%....50%....100% - 18 passes
==PROF== Profiling "CatArrayBatchedCopy" - 1370: 0%....50%....100% - 18 passes
==PROF== Profiling "CatArrayBatchedCopy" - 1371: 0%....50%....100% - 18 passes
==PROF== Profiling "flash_fwd_splitkv_kernel" - 1372: 0%....50%....100% - 18 passes
==PROF== Profiling "flash_fwd_splitkv_combine_ker..." - 1373: 0%....50%....100% - 18 passes
==PROF== Profiling "ampere_bf16_s16816gemm_bf16_6..." - 1374: 0%....50%....100% - 18 passes
==PROF== Profiling "vectorized_elementwise_kernel" - 1375: 0%....50%....100% - 18 passes
==PROF== Profiling "unrolled_elementwise_kernel" - 1376: 0%....50%....100% - 18 passes
==PROF== Profiling "vectorized_elementwise_kernel" - 1377: 0%....50%....100% - 18 passes
==PROF== Profiling "reduce_kernel" - 1378: 0%....50%....100% - 18 passes
==PROF== Profiling "vectorized_elementwise_kernel" - 1379: 0%....50%....100% - 18 passes
==PROF== Profiling "vectorized_elementwise_kernel" - 1380: 0%....50%....100% - 18 passes
==PROF== Profiling "elementwise_kernel" - 1381: 0%....50%....100% - 18 passes
==PROF== Profiling "vectorized_elementwise_kernel" - 1382: 0%....50%....100% - 18 passes
==PROF== Profiling "elementwise_kernel" - 1383: 0%....50%....100% - 18 passes
==PROF== Profiling "Kernel2" - 1384: 0%....50%....100% - 18 passes
==PROF== Profiling "vectorized_elementwise_kernel" - 1385: 0%....50%....100% - 18 passes
==PROF== Profiling "Kernel2" - 1386: 0%....50%....100% - 18 passes
==PROF== Profiling "vectorized_elementwise_kernel" - 1387: 0%....50%....100% - 18 passes
==PROF== Profiling "Kernel2" - 1388: 0%....50%....100% - 18 passes
==PROF== Profiling "splitKreduce_kernel" - 1389: 0%....50%....100% - 18 passes
==PROF== Profiling "vectorized_elementwise_kernel" - 1390: 0%....50%....100% - 18 passes
==PROF== Profiling "unrolled_elementwise_kernel" - 1391: 0%....50%....100% - 18 passes
==PROF== Profiling "vectorized_elementwise_kernel" - 1392: 0%....50%....100% - 18 passes
==PROF== Profiling "reduce_kernel" - 1393: 0%....50%....100% - 18 passes
==PROF== Profiling "vectorized_elementwise_kernel" - 1394: 0%....50%....100% - 18 passes
==PROF== Profiling "vectorized_elementwise_kernel" - 1395: 0%....50%....100% - 18 passes
==PROF== Profiling "elementwise_kernel" - 1396: 0%....50%....100% - 18 passes
==PROF== Profiling "vectorized_elementwise_kernel" - 1397: 0%....50%....100% - 18 passes
==PROF== Profiling "elementwise_kernel" - 1398: 0%....50%....100% - 18 passes
==PROF== Profiling "ampere_bf16_s16816gemm_bf16_6..." - 1399: 0%....50%....100% - 18 passes
==PROF== Profiling "unrolled_elementwise_kernel" - 1400: 0%....50%....100% - 18 passes
==PROF== Profiling "vectorized_elementwise_kernel" - 1401: 0%....50%....100% - 18 passes
==PROF== Profiling "reduce_kernel" - 1402: 0%....50%....100% - 18 passes
==PROF== Profiling "vectorized_elementwise_kernel" - 1403: 0%....50%....100% - 18 passes
==PROF== Profiling "vectorized_elementwise_kernel" - 1404: 0%....50%....100% - 18 passes
==PROF== Profiling "elementwise_kernel" - 1405: 0%....50%....100% - 18 passes
==PROF== Profiling "vectorized_elementwise_kernel" - 1406: 0%....50%....100% - 18 passes
==PROF== Profiling "elementwise_kernel" - 1407: 0%....50%....100% - 18 passes
==PROF== Profiling "Kernel2" - 1408: 0%....50%....100% - 18 passes
==PROF== Profiling "splitKreduce_kernel" - 1409: 0%....50%....100% - 18 passes
==PROF== Profiling "unrolled_elementwise_kernel" - 1410: 0%....50%....100% - 18 passes
==PROF== Profiling "vectorized_elementwise_kernel" - 1411: 0%....50%....100% - 18 passes
==PROF== Profiling "reduce_kernel" - 1412: 0%....50%....100% - 18 passes
==PROF== Profiling "vectorized_elementwise_kernel" - 1413: 0%....50%....100% - 18 passes
==PROF== Profiling "vectorized_elementwise_kernel" - 1414: 0%....50%....100% - 18 passes
==PROF== Profiling "elementwise_kernel" - 1415: 0%....50%....100% - 18 passes
==PROF== Profiling "vectorized_elementwise_kernel" - 1416: 0%....50%....100% - 18 passes
==PROF== Profiling "elementwise_kernel" - 1417: 0%....50%....100% - 18 passes
==PROF== Profiling "Kernel2" - 1418: 0%....50%....100% - 18 passes
==PROF== Profiling "splitKreduce_kernel" - 1419: 0%....50%....100% - 18 passes
==PROF== Profiling "elementwise_kernel" - 1420: 0%....50%....100% - 18 passes
==PROF== Profiling "elementwise_kernel" - 1421: 0%....50%....100% - 18 passes
==PROF== Profiling "CatArrayBatchedCopy" - 1422: 0%....50%....100% - 18 passes
==PROF== Profiling "elementwise_kernel" - 1423: 0%....50%....100% - 18 passes
==PROF== Profiling "elementwise_kernel" - 1424: 0%....50%....100% - 18 passes
==PROF== Profiling "elementwise_kernel" - 1425: 0%....50%....100% - 18 passes
==PROF== Profiling "elementwise_kernel" - 1426: 0%....50%....100% - 18 passes
==PROF== Profiling "CatArrayBatchedCopy" - 1427: 0%....50%....100% - 18 passes
==PROF== Profiling "elementwise_kernel" - 1428: 0%....50%....100% - 18 passes
==PROF== Profiling "elementwise_kernel" - 1429: 0%....50%....100% - 18 passes
==PROF== Profiling "CatArrayBatchedCopy" - 1430: 0%....50%....100% - 18 passes
==PROF== Profiling "CatArrayBatchedCopy" - 1431: 0%....50%....100% - 18 passes
==PROF== Profiling "flash_fwd_splitkv_kernel" - 1432: 0%....50%....100% - 18 passes
==PROF== Profiling "flash_fwd_splitkv_combine_ker..." - 1433: 0%....50%....100% - 18 passes
==PROF== Profiling "ampere_bf16_s16816gemm_bf16_6..." - 1434: 0%....50%....100% - 18 passes
==PROF== Profiling "vectorized_elementwise_kernel" - 1435: 0%....50%....100% - 18 passes
==PROF== Profiling "unrolled_elementwise_kernel" - 1436: 0%....50%....100% - 18 passes
==PROF== Profiling "vectorized_elementwise_kernel" - 1437: 0%....50%....100% - 18 passes
==PROF== Profiling "reduce_kernel" - 1438: 0%....50%....100% - 18 passes
==PROF== Profiling "vectorized_elementwise_kernel" - 1439: 0%....50%....100% - 18 passes
==PROF== Profiling "vectorized_elementwise_kernel" - 1440: 0%....50%....100% - 18 passes
==PROF== Profiling "elementwise_kernel" - 1441: 0%....50%....100% - 18 passes
==PROF== Profiling "vectorized_elementwise_kernel" - 1442: 0%....50%....100% - 18 passes
==PROF== Profiling "elementwise_kernel" - 1443: 0%....50%....100% - 18 passes
==PROF== Profiling "Kernel2" - 1444: 0%....50%....100% - 18 passes
==PROF== Profiling "vectorized_elementwise_kernel" - 1445: 0%....50%....100% - 18 passes
==PROF== Profiling "Kernel2" - 1446: 0%....50%....100% - 18 passes
==PROF== Profiling "vectorized_elementwise_kernel" - 1447: 0%....50%....100% - 18 passes
==PROF== Profiling "Kernel2" - 1448: 0%....50%....100% - 18 passes
==PROF== Profiling "splitKreduce_kernel" - 1449: 0%....50%....100% - 18 passes
==PROF== Profiling "vectorized_elementwise_kernel" - 1450: 0%....50%....100% - 18 passes
==PROF== Profiling "unrolled_elementwise_kernel" - 1451: 0%....50%....100% - 18 passes
==PROF== Profiling "vectorized_elementwise_kernel" - 1452: 0%....50%....100% - 18 passes
==PROF== Profiling "reduce_kernel" - 1453: 0%....50%....100% - 18 passes
==PROF== Profiling "vectorized_elementwise_kernel" - 1454: 0%....50%....100% - 18 passes
==PROF== Profiling "vectorized_elementwise_kernel" - 1455: 0%....50%....100% - 18 passes
==PROF== Profiling "elementwise_kernel" - 1456: 0%....50%....100% - 18 passes
==PROF== Profiling "vectorized_elementwise_kernel" - 1457: 0%....50%....100% - 18 passes
==PROF== Profiling "elementwise_kernel" - 1458: 0%....50%....100% - 18 passes
==PROF== Profiling "ampere_bf16_s16816gemm_bf16_6..." - 1459: 0%....50%....100% - 18 passes
==PROF== Profiling "unrolled_elementwise_kernel" - 1460: 0%....50%....100% - 18 passes
==PROF== Profiling "vectorized_elementwise_kernel" - 1461: 0%....50%....100% - 18 passes
==PROF== Profiling "reduce_kernel" - 1462: 0%....50%....100% - 18 passes
==PROF== Profiling "vectorized_elementwise_kernel" - 1463: 0%....50%....100% - 18 passes
==PROF== Profiling "vectorized_elementwise_kernel" - 1464: 0%....50%....100% - 18 passes
==PROF== Profiling "elementwise_kernel" - 1465: 0%....50%....100% - 18 passes
==PROF== Profiling "vectorized_elementwise_kernel" - 1466: 0%....50%....100% - 18 passes
==PROF== Profiling "elementwise_kernel" - 1467: 0%....50%....100% - 18 passes
==PROF== Profiling "Kernel2" - 1468: 0%....50%....100% - 18 passes
==PROF== Profiling "splitKreduce_kernel" - 1469: 0%....50%....100% - 18 passes
==PROF== Profiling "unrolled_elementwise_kernel" - 1470: 0%....50%....100% - 18 passes
==PROF== Profiling "vectorized_elementwise_kernel" - 1471: 0%....50%....100% - 18 passes
==PROF== Profiling "reduce_kernel" - 1472: 0%....50%....100% - 18 passes
==PROF== Profiling "vectorized_elementwise_kernel" - 1473: 0%....50%....100% - 18 passes
==PROF== Profiling "vectorized_elementwise_kernel" - 1474: 0%....50%....100% - 18 passes
==PROF== Profiling "elementwise_kernel" - 1475: 0%....50%....100% - 18 passes
==PROF== Profiling "vectorized_elementwise_kernel" - 1476: 0%....50%....100% - 18 passes
==PROF== Profiling "elementwise_kernel" - 1477: 0%....50%....100% - 18 passes
==PROF== Profiling "Kernel2" - 1478: 0%....50%....100% - 18 passes
==PROF== Profiling "splitKreduce_kernel" - 1479: 0%....50%....100% - 18 passes
==PROF== Profiling "elementwise_kernel" - 1480: 0%....50%....100% - 18 passes
==PROF== Profiling "elementwise_kernel" - 1481: 0%....50%....100% - 18 passes
==PROF== Profiling "CatArrayBatchedCopy" - 1482: 0%....50%....100% - 18 passes
==PROF== Profiling "elementwise_kernel" - 1483: 0%....50%....100% - 18 passes
==PROF== Profiling "elementwise_kernel" - 1484: 0%....50%....100% - 18 passes
==PROF== Profiling "elementwise_kernel" - 1485: 0%....50%....100% - 18 passes
==PROF== Profiling "elementwise_kernel" - 1486: 0%....50%....100% - 18 passes
==PROF== Profiling "CatArrayBatchedCopy" - 1487: 0%....50%....100% - 18 passes
==PROF== Profiling "elementwise_kernel" - 1488: 0%....50%....100% - 18 passes
==PROF== Profiling "elementwise_kernel" - 1489: 0%....50%....100% - 18 passes
==PROF== Profiling "CatArrayBatchedCopy" - 1490: 0%....50%....100% - 18 passes
==PROF== Profiling "CatArrayBatchedCopy" - 1491: 0%....50%....100% - 18 passes
==PROF== Profiling "flash_fwd_splitkv_kernel" - 1492: 0%....50%....100% - 18 passes
==PROF== Profiling "flash_fwd_splitkv_combine_ker..." - 1493: 0%....50%....100% - 18 passes
==PROF== Profiling "ampere_bf16_s16816gemm_bf16_6..." - 1494: 0%....50%....100% - 18 passes
==PROF== Profiling "vectorized_elementwise_kernel" - 1495: 0%....50%....100% - 18 passes
==PROF== Profiling "unrolled_elementwise_kernel" - 1496: 0%....50%....100% - 18 passes
==PROF== Profiling "vectorized_elementwise_kernel" - 1497: 0%....50%....100% - 18 passes
==PROF== Profiling "reduce_kernel" - 1498: 0%....50%....100% - 18 passes
==PROF== Profiling "vectorized_elementwise_kernel" - 1499: 0%....50%....100% - 18 passes
==PROF== Profiling "vectorized_elementwise_kernel" - 1500: 0%....50%....100% - 18 passes
==PROF== Profiling "elementwise_kernel" - 1501: 0%....50%....100% - 18 passes
==PROF== Profiling "vectorized_elementwise_kernel" - 1502: 0%....50%....100% - 18 passes
==PROF== Profiling "elementwise_kernel" - 1503: 0%....50%....100% - 18 passes
==PROF== Profiling "Kernel2" - 1504: 0%....50%....100% - 18 passes
==PROF== Profiling "vectorized_elementwise_kernel" - 1505: 0%....50%....100% - 18 passes
==PROF== Profiling "Kernel2" - 1506: 0%....50%....100% - 18 passes
==PROF== Profiling "vectorized_elementwise_kernel" - 1507: 0%....50%....100% - 18 passes
==PROF== Profiling "Kernel2" - 1508: 0%....50%....100% - 18 passes
==PROF== Profiling "splitKreduce_kernel" - 1509: 0%....50%....100% - 18 passes
==PROF== Profiling "vectorized_elementwise_kernel" - 1510: 0%....50%....100% - 18 passes
==PROF== Profiling "unrolled_elementwise_kernel" - 1511: 0%....50%....100% - 18 passes
==PROF== Profiling "vectorized_elementwise_kernel" - 1512: 0%....50%....100% - 18 passes
==PROF== Profiling "reduce_kernel" - 1513: 0%....50%....100% - 18 passes
==PROF== Profiling "vectorized_elementwise_kernel" - 1514: 0%....50%....100% - 18 passes
==PROF== Profiling "vectorized_elementwise_kernel" - 1515: 0%....50%....100% - 18 passes
==PROF== Profiling "elementwise_kernel" - 1516: 0%....50%....100% - 18 passes
==PROF== Profiling "vectorized_elementwise_kernel" - 1517: 0%....50%....100% - 18 passes
==PROF== Profiling "elementwise_kernel" - 1518: 0%....50%....100% - 18 passes
==PROF== Profiling "ampere_bf16_s16816gemm_bf16_6..." - 1519: 0%....50%....100% - 18 passes
==PROF== Profiling "unrolled_elementwise_kernel" - 1520: 0%....50%....100% - 18 passes
==PROF== Profiling "vectorized_elementwise_kernel" - 1521: 0%....50%....100% - 18 passes
==PROF== Profiling "reduce_kernel" - 1522: 0%....50%....100% - 18 passes
==PROF== Profiling "vectorized_elementwise_kernel" - 1523: 0%....50%....100% - 18 passes
==PROF== Profiling "vectorized_elementwise_kernel" - 1524: 0%....50%....100% - 18 passes
==PROF== Profiling "elementwise_kernel" - 1525: 0%....50%....100% - 18 passes
==PROF== Profiling "vectorized_elementwise_kernel" - 1526: 0%....50%....100% - 18 passes
==PROF== Profiling "elementwise_kernel" - 1527: 0%....50%....100% - 18 passes
==PROF== Profiling "Kernel2" - 1528: 0%....50%....100% - 18 passes
==PROF== Profiling "splitKreduce_kernel" - 1529: 0%....50%....100% - 18 passes
==PROF== Profiling "unrolled_elementwise_kernel" - 1530: 0%....50%....100% - 18 passes
==PROF== Profiling "vectorized_elementwise_kernel" - 1531: 0%....50%....100% - 18 passes
==PROF== Profiling "reduce_kernel" - 1532: 0%....50%....100% - 18 passes
==PROF== Profiling "vectorized_elementwise_kernel" - 1533: 0%....50%....100% - 18 passes
==PROF== Profiling "vectorized_elementwise_kernel" - 1534: 0%....50%....100% - 18 passes
==PROF== Profiling "elementwise_kernel" - 1535: 0%....50%....100% - 18 passes
==PROF== Profiling "vectorized_elementwise_kernel" - 1536: 0%....50%....100% - 18 passes
==PROF== Profiling "elementwise_kernel" - 1537: 0%....50%....100% - 18 passes
==PROF== Profiling "Kernel2" - 1538: 0%....50%....100% - 18 passes
==PROF== Profiling "splitKreduce_kernel" - 1539: 0%....50%....100% - 18 passes
==PROF== Profiling "elementwise_kernel" - 1540: 0%....50%....100% - 18 passes
==PROF== Profiling "elementwise_kernel" - 1541: 0%....50%....100% - 18 passes
==PROF== Profiling "CatArrayBatchedCopy" - 1542: 0%....50%....100% - 18 passes
==PROF== Profiling "elementwise_kernel" - 1543: 0%....50%....100% - 18 passes
==PROF== Profiling "elementwise_kernel" - 1544: 0%....50%....100% - 18 passes
==PROF== Profiling "elementwise_kernel" - 1545: 0%....50%....100% - 18 passes
==PROF== Profiling "elementwise_kernel" - 1546: 0%....50%....100% - 18 passes
==PROF== Profiling "CatArrayBatchedCopy" - 1547: 0%....50%....100% - 18 passes
==PROF== Profiling "elementwise_kernel" - 1548: 0%....50%....100% - 18 passes
==PROF== Profiling "elementwise_kernel" - 1549: 0%....50%....100% - 18 passes
==PROF== Profiling "CatArrayBatchedCopy" - 1550: 0%....50%....100% - 18 passes
==PROF== Profiling "CatArrayBatchedCopy" - 1551: 0%....50%....100% - 18 passes
==PROF== Profiling "flash_fwd_splitkv_kernel" - 1552: 0%....50%....100% - 18 passes
==PROF== Profiling "flash_fwd_splitkv_combine_ker..." - 1553: 0%....50%....100% - 18 passes
==PROF== Profiling "ampere_bf16_s16816gemm_bf16_6..." - 1554: 0%....50%....100% - 18 passes
==PROF== Profiling "vectorized_elementwise_kernel" - 1555: 0%....50%....100% - 18 passes
==PROF== Profiling "unrolled_elementwise_kernel" - 1556: 0%....50%....100% - 18 passes
==PROF== Profiling "vectorized_elementwise_kernel" - 1557: 0%....50%....100% - 18 passes
==PROF== Profiling "reduce_kernel" - 1558: 0%....50%....100% - 18 passes
==PROF== Profiling "vectorized_elementwise_kernel" - 1559: 0%....50%....100% - 18 passes
==PROF== Profiling "vectorized_elementwise_kernel" - 1560: 0%....50%....100% - 18 passes
==PROF== Profiling "elementwise_kernel" - 1561: 0%....50%....100% - 18 passes
==PROF== Profiling "vectorized_elementwise_kernel" - 1562: 0%....50%....100% - 18 passes
==PROF== Profiling "elementwise_kernel" - 1563: 0%....50%....100% - 18 passes
==PROF== Profiling "Kernel2" - 1564: 0%....50%....100% - 18 passes
==PROF== Profiling "vectorized_elementwise_kernel" - 1565: 0%....50%....100% - 18 passes
==PROF== Profiling "Kernel2" - 1566: 0%....50%....100% - 18 passes
==PROF== Profiling "vectorized_elementwise_kernel" - 1567: 0%....50%....100% - 18 passes
==PROF== Profiling "Kernel2" - 1568: 0%....50%....100% - 18 passes
==PROF== Profiling "splitKreduce_kernel" - 1569: 0%....50%....100% - 18 passes
==PROF== Profiling "vectorized_elementwise_kernel" - 1570: 0%....50%....100% - 18 passes
==PROF== Profiling "unrolled_elementwise_kernel" - 1571: 0%....50%....100% - 18 passes
==PROF== Profiling "vectorized_elementwise_kernel" - 1572: 0%....50%....100% - 18 passes
==PROF== Profiling "reduce_kernel" - 1573: 0%....50%....100% - 18 passes
==PROF== Profiling "vectorized_elementwise_kernel" - 1574: 0%....50%....100% - 18 passes
==PROF== Profiling "vectorized_elementwise_kernel" - 1575: 0%....50%....100% - 18 passes
==PROF== Profiling "elementwise_kernel" - 1576: 0%....50%....100% - 18 passes
==PROF== Profiling "vectorized_elementwise_kernel" - 1577: 0%....50%....100% - 18 passes
==PROF== Profiling "elementwise_kernel" - 1578: 0%....50%....100% - 18 passes
==PROF== Profiling "ampere_bf16_s16816gemm_bf16_6..." - 1579: 0%....50%....100% - 18 passes
==PROF== Profiling "unrolled_elementwise_kernel" - 1580: 0%....50%....100% - 18 passes
==PROF== Profiling "vectorized_elementwise_kernel" - 1581: 0%....50%....100% - 18 passes
==PROF== Profiling "reduce_kernel" - 1582: 0%....50%....100% - 18 passes
==PROF== Profiling "vectorized_elementwise_kernel" - 1583: 0%....50%....100% - 18 passes
==PROF== Profiling "vectorized_elementwise_kernel" - 1584: 0%....50%....100% - 18 passes
==PROF== Profiling "elementwise_kernel" - 1585: 0%....50%....100% - 18 passes
==PROF== Profiling "vectorized_elementwise_kernel" - 1586: 0%....50%....100% - 18 passes
==PROF== Profiling "elementwise_kernel" - 1587: 0%....50%....100% - 18 passes
==PROF== Profiling "Kernel2" - 1588: 0%....50%....100% - 18 passes
==PROF== Profiling "splitKreduce_kernel" - 1589: 0%....50%....100% - 18 passes
==PROF== Profiling "unrolled_elementwise_kernel" - 1590: 0%....50%....100% - 18 passes
==PROF== Profiling "vectorized_elementwise_kernel" - 1591: 0%....50%....100% - 18 passes
==PROF== Profiling "reduce_kernel" - 1592: 0%....50%....100% - 18 passes
==PROF== Profiling "vectorized_elementwise_kernel" - 1593: 0%....50%....100% - 18 passes
==PROF== Profiling "vectorized_elementwise_kernel" - 1594: 0%....50%....100% - 18 passes
==PROF== Profiling "elementwise_kernel" - 1595: 0%....50%....100% - 18 passes
==PROF== Profiling "vectorized_elementwise_kernel" - 1596: 0%....50%....100% - 18 passes
==PROF== Profiling "elementwise_kernel" - 1597: 0%....50%....100% - 18 passes
==PROF== Profiling "Kernel2" - 1598: 0%....50%....100% - 18 passes
==PROF== Profiling "splitKreduce_kernel" - 1599: 0%....50%....100% - 18 passes
==PROF== Profiling "elementwise_kernel" - 1600: 0%....50%....100% - 18 passes
==PROF== Profiling "elementwise_kernel" - 1601: 0%....50%....100% - 18 passes
==PROF== Profiling "CatArrayBatchedCopy" - 1602: 0%....50%....100% - 18 passes
==PROF== Profiling "elementwise_kernel" - 1603: 0%....50%....100% - 18 passes
==PROF== Profiling "elementwise_kernel" - 1604: 0%....50%....100% - 18 passes
==PROF== Profiling "elementwise_kernel" - 1605: 0%....50%....100% - 18 passes
==PROF== Profiling "elementwise_kernel" - 1606: 0%....50%....100% - 18 passes
==PROF== Profiling "CatArrayBatchedCopy" - 1607: 0%....50%....100% - 18 passes
==PROF== Profiling "elementwise_kernel" - 1608: 0%....50%....100% - 18 passes
==PROF== Profiling "elementwise_kernel" - 1609: 0%....50%....100% - 18 passes
==PROF== Profiling "CatArrayBatchedCopy" - 1610: 0%....50%....100% - 18 passes
==PROF== Profiling "CatArrayBatchedCopy" - 1611: 0%....50%....100% - 18 passes
==PROF== Profiling "flash_fwd_splitkv_kernel" - 1612: 0%....50%....100% - 18 passes
==PROF== Profiling "flash_fwd_splitkv_combine_ker..." - 1613: 0%....50%....100% - 18 passes
==PROF== Profiling "ampere_bf16_s16816gemm_bf16_6..." - 1614: 0%....50%....100% - 18 passes
==PROF== Profiling "vectorized_elementwise_kernel" - 1615: 0%....50%....100% - 18 passes
==PROF== Profiling "unrolled_elementwise_kernel" - 1616: 0%....50%....100% - 18 passes
==PROF== Profiling "vectorized_elementwise_kernel" - 1617: 0%....50%....100% - 18 passes
==PROF== Profiling "reduce_kernel" - 1618: 0%....50%....100% - 18 passes
==PROF== Profiling "vectorized_elementwise_kernel" - 1619: 0%....50%....100% - 18 passes
==PROF== Profiling "vectorized_elementwise_kernel" - 1620: 0%....50%....100% - 18 passes
==PROF== Profiling "elementwise_kernel" - 1621: 0%....50%....100% - 18 passes
==PROF== Profiling "vectorized_elementwise_kernel" - 1622: 0%....50%....100% - 18 passes
==PROF== Profiling "elementwise_kernel" - 1623: 0%....50%....100% - 18 passes
==PROF== Profiling "Kernel2" - 1624: 0%....50%....100% - 18 passes
==PROF== Profiling "vectorized_elementwise_kernel" - 1625: 0%....50%....100% - 18 passes
==PROF== Profiling "Kernel2" - 1626: 0%....50%....100% - 18 passes
==PROF== Profiling "vectorized_elementwise_kernel" - 1627: 0%....50%....100% - 18 passes
==PROF== Profiling "Kernel2" - 1628: 0%....50%....100% - 18 passes
==PROF== Profiling "splitKreduce_kernel" - 1629: 0%....50%....100% - 18 passes
==PROF== Profiling "vectorized_elementwise_kernel" - 1630: 0%....50%....100% - 18 passes
==PROF== Profiling "unrolled_elementwise_kernel" - 1631: 0%....50%....100% - 18 passes
==PROF== Profiling "vectorized_elementwise_kernel" - 1632: 0%....50%....100% - 18 passes
==PROF== Profiling "reduce_kernel" - 1633: 0%....50%....100% - 18 passes
==PROF== Profiling "vectorized_elementwise_kernel" - 1634: 0%....50%....100% - 18 passes
==PROF== Profiling "vectorized_elementwise_kernel" - 1635: 0%....50%....100% - 18 passes
==PROF== Profiling "elementwise_kernel" - 1636: 0%....50%....100% - 18 passes
==PROF== Profiling "vectorized_elementwise_kernel" - 1637: 0%....50%....100% - 18 passes
==PROF== Profiling "elementwise_kernel" - 1638: 0%....50%....100% - 18 passes
==PROF== Profiling "ampere_bf16_s16816gemm_bf16_6..." - 1639: 0%....50%....100% - 18 passes
==PROF== Profiling "unrolled_elementwise_kernel" - 1640: 0%....50%....100% - 18 passes
==PROF== Profiling "vectorized_elementwise_kernel" - 1641: 0%....50%....100% - 18 passes
==PROF== Profiling "reduce_kernel" - 1642: 0%....50%....100% - 18 passes
==PROF== Profiling "vectorized_elementwise_kernel" - 1643: 0%....50%....100% - 18 passes
==PROF== Profiling "vectorized_elementwise_kernel" - 1644: 0%....50%....100% - 18 passes
==PROF== Profiling "elementwise_kernel" - 1645: 0%....50%....100% - 18 passes
==PROF== Profiling "vectorized_elementwise_kernel" - 1646: 0%....50%....100% - 18 passes
==PROF== Profiling "elementwise_kernel" - 1647: 0%....50%....100% - 18 passes
==PROF== Profiling "Kernel2" - 1648: 0%....50%....100% - 18 passes
==PROF== Profiling "splitKreduce_kernel" - 1649: 0%....50%....100% - 18 passes
==PROF== Profiling "unrolled_elementwise_kernel" - 1650: 0%....50%....100% - 18 passes
==PROF== Profiling "vectorized_elementwise_kernel" - 1651: 0%....50%....100% - 18 passes
==PROF== Profiling "reduce_kernel" - 1652: 0%....50%....100% - 18 passes
==PROF== Profiling "vectorized_elementwise_kernel" - 1653: 0%....50%....100% - 18 passes
==PROF== Profiling "vectorized_elementwise_kernel" - 1654: 0%....50%....100% - 18 passes
==PROF== Profiling "elementwise_kernel" - 1655: 0%....50%....100% - 18 passes
==PROF== Profiling "vectorized_elementwise_kernel" - 1656: 0%....50%....100% - 18 passes
==PROF== Profiling "elementwise_kernel" - 1657: 0%....50%....100% - 18 passes
==PROF== Profiling "Kernel2" - 1658: 0%....50%....100% - 18 passes
==PROF== Profiling "splitKreduce_kernel" - 1659: 0%....50%....100% - 18 passes
==PROF== Profiling "elementwise_kernel" - 1660: 0%....50%....100% - 18 passes
==PROF== Profiling "elementwise_kernel" - 1661: 0%....50%....100% - 18 passes
==PROF== Profiling "CatArrayBatchedCopy" - 1662: 0%....50%....100% - 18 passes
==PROF== Profiling "elementwise_kernel" - 1663: 0%....50%....100% - 18 passes
==PROF== Profiling "elementwise_kernel" - 1664: 0%....50%....100% - 18 passes
==PROF== Profiling "elementwise_kernel" - 1665: 0%....50%....100% - 18 passes
==PROF== Profiling "elementwise_kernel" - 1666: 0%....50%....100% - 18 passes
==PROF== Profiling "CatArrayBatchedCopy" - 1667: 0%....50%....100% - 18 passes
==PROF== Profiling "elementwise_kernel" - 1668: 0%....50%....100% - 18 passes
==PROF== Profiling "elementwise_kernel" - 1669: 0%....50%....100% - 18 passes
==PROF== Profiling "CatArrayBatchedCopy" - 1670: 0%....50%....100% - 18 passes
==PROF== Profiling "CatArrayBatchedCopy" - 1671: 0%....50%....100% - 18 passes
==PROF== Profiling "flash_fwd_splitkv_kernel" - 1672: 0%....50%....100% - 18 passes
==PROF== Profiling "flash_fwd_splitkv_combine_ker..." - 1673: 0%....50%....100% - 18 passes
==PROF== Profiling "ampere_bf16_s16816gemm_bf16_6..." - 1674: 0%....50%....100% - 18 passes
==PROF== Profiling "vectorized_elementwise_kernel" - 1675: 0%....50%....100% - 18 passes
==PROF== Profiling "unrolled_elementwise_kernel" - 1676: 0%....50%....100% - 18 passes
==PROF== Profiling "vectorized_elementwise_kernel" - 1677: 0%....50%....100% - 18 passes
==PROF== Profiling "reduce_kernel" - 1678: 0%....50%....100% - 18 passes
==PROF== Profiling "vectorized_elementwise_kernel" - 1679: 0%....50%....100% - 18 passes
==PROF== Profiling "vectorized_elementwise_kernel" - 1680: 0%....50%....100% - 18 passes
==PROF== Profiling "elementwise_kernel" - 1681: 0%....50%....100% - 18 passes
==PROF== Profiling "vectorized_elementwise_kernel" - 1682: 0%....50%....100% - 18 passes
==PROF== Profiling "elementwise_kernel" - 1683: 0%....50%....100% - 18 passes
==PROF== Profiling "Kernel2" - 1684: 0%....50%....100% - 18 passes
==PROF== Profiling "vectorized_elementwise_kernel" - 1685: 0%....50%....100% - 18 passes
==PROF== Profiling "Kernel2" - 1686: 0%....50%....100% - 18 passes
==PROF== Profiling "vectorized_elementwise_kernel" - 1687: 0%....50%....100% - 18 passes
==PROF== Profiling "Kernel2" - 1688: 0%....50%....100% - 18 passes
==PROF== Profiling "splitKreduce_kernel" - 1689: 0%....50%....100% - 18 passes
==PROF== Profiling "vectorized_elementwise_kernel" - 1690: 0%....50%....100% - 18 passes
==PROF== Profiling "unrolled_elementwise_kernel" - 1691: 0%....50%....100% - 18 passes
==PROF== Profiling "vectorized_elementwise_kernel" - 1692: 0%....50%....100% - 18 passes
==PROF== Profiling "reduce_kernel" - 1693: 0%....50%....100% - 18 passes
==PROF== Profiling "vectorized_elementwise_kernel" - 1694: 0%....50%....100% - 18 passes
==PROF== Profiling "vectorized_elementwise_kernel" - 1695: 0%....50%....100% - 18 passes
==PROF== Profiling "elementwise_kernel" - 1696: 0%....50%....100% - 18 passes
==PROF== Profiling "vectorized_elementwise_kernel" - 1697: 0%....50%....100% - 18 passes
==PROF== Profiling "elementwise_kernel" - 1698: 0%....50%....100% - 18 passes
==PROF== Profiling "ampere_bf16_s16816gemm_bf16_1..." - 1699: 0%....50%....100% - 18 passes
==PROF== Profiling "reduce_kernel" - 1700: 0%....50%....100% - 18 passes
==PROF== Profiling "indexSelectSmallIndex" - 1701: 0%....50%....100% - 18 passes
==PROF== Profiling "elementwise_kernel_with_index" - 1702: 0%....50%....100% - 18 passes
==PROF== Profiling "unrolled_elementwise_kernel" - 1703: 0%....50%....100% - 18 passes
==PROF== Profiling "gemmk1_kernel" - 1704: 0%....50%....100% - 18 passes
==PROF== Profiling "CatArrayBatchedCopy_vectorized" - 1705: 0%....50%....100% - 18 passes
==PROF== Profiling "vectorized_elementwise_kernel" - 1706: 0%....50%....100% - 18 passes
==PROF== Profiling "vectorized_elementwise_kernel" - 1707: 0%....50%....100% - 18 passes
==PROF== Profiling "vectorized_elementwise_kernel" - 1708: 0%....50%....100% - 18 passes
==PROF== Profiling "vectorized_elementwise_kernel" - 1709: 0%....50%....100% - 18 passes
==PROF== Profiling "vectorized_elementwise_kernel" - 1710: 0%....50%....100% - 18 passes
==PROF== Profiling "vectorized_elementwise_kernel" - 1711: 0%....50%....100% - 18 passes
==PROF== Profiling "unrolled_elementwise_kernel" - 1712: 0%....50%....100% - 18 passes
==PROF== Profiling "vectorized_elementwise_kernel" - 1713: 0%....50%....100% - 18 passes
==PROF== Profiling "reduce_kernel" - 1714: 0%....50%....100% - 18 passes
==PROF== Profiling "vectorized_elementwise_kernel" - 1715: 0%....50%....100% - 18 passes
==PROF== Profiling "vectorized_elementwise_kernel" - 1716: 0%....50%....100% - 18 passes
==PROF== Profiling "elementwise_kernel" - 1717: 0%....50%....100% - 18 passes
==PROF== Profiling "vectorized_elementwise_kernel" - 1718: 0%....50%....100% - 18 passes
==PROF== Profiling "vectorized_elementwise_kernel" - 1719: 0%....50%....100% - 18 passes
==PROF== Profiling "kernel" - 1720: 0%....50%....100% - 18 passes
==PROF== Profiling "unrolled_elementwise_kernel" - 1721: 0%....50%....100% - 18 passes
==PROF== Profiling "vectorized_elementwise_kernel" - 1722: 0%....50%....100% - 18 passes
==PROF== Profiling "reduce_kernel" - 1723: 0%....50%....100% - 18 passes
==PROF== Profiling "vectorized_elementwise_kernel" - 1724: 0%....50%....100% - 18 passes
==PROF== Profiling "vectorized_elementwise_kernel" - 1725: 0%....50%....100% - 18 passes
==PROF== Profiling "elementwise_kernel" - 1726: 0%....50%....100% - 18 passes
==PROF== Profiling "vectorized_elementwise_kernel" - 1727: 0%....50%....100% - 18 passes
==PROF== Profiling "elementwise_kernel" - 1728: 0%....50%....100% - 18 passes
==PROF== Profiling "kernel" - 1729: 0%....50%....100% - 18 passes
==PROF== Profiling "unrolled_elementwise_kernel" - 1730: 0%....50%....100% - 18 passes
==PROF== Profiling "vectorized_elementwise_kernel" - 1731: 0%....50%....100% - 18 passes
==PROF== Profiling "reduce_kernel" - 1732: 0%....50%....100% - 18 passes
==PROF== Profiling "vectorized_elementwise_kernel" - 1733: 0%....50%....100% - 18 passes
==PROF== Profiling "vectorized_elementwise_kernel" - 1734: 0%....50%....100% - 18 passes
==PROF== Profiling "elementwise_kernel" - 1735: 0%....50%....100% - 18 passes
==PROF== Profiling "vectorized_elementwise_kernel" - 1736: 0%....50%....100% - 18 passes
==PROF== Profiling "elementwise_kernel" - 1737: 0%....50%....100% - 18 passes
==PROF== Profiling "kernel" - 1738: 0%....50%....100% - 18 passes
==PROF== Profiling "elementwise_kernel" - 1739: 0%....50%....100% - 18 passes
==PROF== Profiling "elementwise_kernel" - 1740: 0%....50%....100% - 18 passes
==PROF== Profiling "CatArrayBatchedCopy" - 1741: 0%....50%....100% - 18 passes
==PROF== Profiling "elementwise_kernel" - 1742: 0%....50%....100% - 18 passes
==PROF== Profiling "vectorized_elementwise_kernel" - 1743: 0%....50%....100% - 18 passes
==PROF== Profiling "elementwise_kernel" - 1744: 0%....50%....100% - 18 passes
==PROF== Profiling "elementwise_kernel" - 1745: 0%....50%....100% - 18 passes
==PROF== Profiling "CatArrayBatchedCopy" - 1746: 0%....50%....100% - 18 passes
==PROF== Profiling "elementwise_kernel" - 1747: 0%....50%....100% - 18 passes
==PROF== Profiling "vectorized_elementwise_kernel" - 1748: 0%....50%....100% - 18 passes
==PROF== Profiling "CatArrayBatchedCopy_vectorized" - 1749: 0%....50%....100% - 18 passes
==PROF== Profiling "CatArrayBatchedCopy_vectorized" - 1750: 0%....50%....100% - 18 passes
==PROF== Profiling "flash_fwd_splitkv_kernel" - 1751: 0%....50%....100% - 18 passes
==PROF== Profiling "flash_fwd_splitkv_combine_ker..." - 1752: 0%....50%....100% - 18 passes
==PROF== Profiling "kernel" - 1753: 0%....50%....100% - 18 passes
==PROF== Profiling "vectorized_elementwise_kernel" - 1754: 0%....50%....100% - 18 passes
==PROF== Profiling "unrolled_elementwise_kernel" - 1755: 0%....50%....100% - 18 passes
==PROF== Profiling "vectorized_elementwise_kernel" - 1756: 0%....50%....100% - 18 passes
==PROF== Profiling "reduce_kernel" - 1757: 0%....50%....100% - 18 passes
==PROF== Profiling "vectorized_elementwise_kernel" - 1758: 0%....50%....100% - 18 passes
==PROF== Profiling "vectorized_elementwise_kernel" - 1759: 0%....50%....100% - 18 passes
==PROF== Profiling "elementwise_kernel" - 1760: 0%....50%....100% - 18 passes
==PROF== Profiling "vectorized_elementwise_kernel" - 1761: 0%....50%....100% - 18 passes
==PROF== Profiling "vectorized_elementwise_kernel" - 1762: 0%....50%....100% - 18 passes
==PROF== Profiling "kernel" - 1763: 0%....50%....100% - 18 passes
==PROF== Profiling "vectorized_elementwise_kernel" - 1764: 0%....50%....100% - 18 passes
==PROF== Profiling "kernel" - 1765: 0%....50%....100% - 18 passes
==PROF== Profiling "vectorized_elementwise_kernel" - 1766: 0%....50%....100% - 18 passes
==PROF== Profiling "kernel" - 1767: 0%....50%....100% - 18 passes
==PROF== Profiling "vectorized_elementwise_kernel" - 1768: 0%....50%....100% - 18 passes
==PROF== Profiling "unrolled_elementwise_kernel" - 1769: 0%....50%....100% - 18 passes
==PROF== Profiling "vectorized_elementwise_kernel" - 1770: 0%....50%....100% - 18 passes
==PROF== Profiling "reduce_kernel" - 1771: 0%....50%....100% - 18 passes
==PROF== Profiling "vectorized_elementwise_kernel" - 1772: 0%....50%....100% - 18 passes
==PROF== Profiling "vectorized_elementwise_kernel" - 1773: 0%....50%....100% - 18 passes
==PROF== Profiling "elementwise_kernel" - 1774: 0%....50%....100% - 18 passes
==PROF== Profiling "vectorized_elementwise_kernel" - 1775: 0%....50%....100% - 18 passes
==PROF== Profiling "vectorized_elementwise_kernel" - 1776: 0%....50%....100% - 18 passes
==PROF== Profiling "kernel" - 1777: 0%....50%....100% - 18 passes
==PROF== Profiling "unrolled_elementwise_kernel" - 1778: 0%....50%....100% - 18 passes
==PROF== Profiling "vectorized_elementwise_kernel" - 1779: 0%....50%....100% - 18 passes
==PROF== Profiling "reduce_kernel" - 1780: 0%....50%....100% - 18 passes
==PROF== Profiling "vectorized_elementwise_kernel" - 1781: 0%....50%....100% - 18 passes
==PROF== Profiling "vectorized_elementwise_kernel" - 1782: 0%....50%....100% - 18 passes
==PROF== Profiling "elementwise_kernel" - 1783: 0%....50%....100% - 18 passes
==PROF== Profiling "vectorized_elementwise_kernel" - 1784: 0%....50%....100% - 18 passes
==PROF== Profiling "elementwise_kernel" - 1785: 0%....50%....100% - 18 passes
==PROF== Profiling "kernel" - 1786: 0%....50%....100% - 18 passes
==PROF== Profiling "unrolled_elementwise_kernel" - 1787: 0%....50%....100% - 18 passes
==PROF== Profiling "vectorized_elementwise_kernel" - 1788: 0%....50%....100% - 18 passes
==PROF== Profiling "reduce_kernel" - 1789: 0%....50%....100% - 18 passes
==PROF== Profiling "vectorized_elementwise_kernel" - 1790: 0%....50%....100% - 18 passes
==PROF== Profiling "vectorized_elementwise_kernel" - 1791: 0%....50%....100% - 18 passes
==PROF== Profiling "elementwise_kernel" - 1792: 0%....50%....100% - 18 passes
==PROF== Profiling "vectorized_elementwise_kernel" - 1793: 0%....50%....100% - 18 passes
==PROF== Profiling "elementwise_kernel" - 1794: 0%....50%....100% - 18 passes
==PROF== Profiling "kernel" - 1795: 0%....50%....100% - 18 passes
==PROF== Profiling "elementwise_kernel" - 1796: 0%....50%....100% - 18 passes
==PROF== Profiling "elementwise_kernel" - 1797: 0%....50%....100% - 18 passes
==PROF== Profiling "CatArrayBatchedCopy" - 1798: 0%....50%....100% - 18 passes
==PROF== Profiling "elementwise_kernel" - 1799: 0%....50%....100% - 18 passes
==PROF== Profiling "vectorized_elementwise_kernel" - 1800: 0%....50%....100% - 18 passes
==PROF== Profiling "elementwise_kernel" - 1801: 0%....50%....100% - 18 passes
==PROF== Profiling "elementwise_kernel" - 1802: 0%....50%....100% - 18 passes
==PROF== Profiling "CatArrayBatchedCopy" - 1803: 0%....50%....100% - 18 passes
==PROF== Profiling "elementwise_kernel" - 1804: 0%....50%....100% - 18 passes
==PROF== Profiling "vectorized_elementwise_kernel" - 1805: 0%....50%....100% - 18 passes
==PROF== Profiling "CatArrayBatchedCopy_vectorized" - 1806: 0%....50%....100% - 18 passes
==PROF== Profiling "CatArrayBatchedCopy_vectorized" - 1807: 0%....50%....100% - 18 passes
==PROF== Profiling "flash_fwd_splitkv_kernel" - 1808: 0%....50%....100% - 18 passes
==PROF== Profiling "flash_fwd_splitkv_combine_ker..." - 1809: 0%....50%....100% - 18 passes
==PROF== Profiling "kernel" - 1810: 0%....50%....100% - 18 passes
==PROF== Profiling "vectorized_elementwise_kernel" - 1811: 0%....50%....100% - 18 passes
==PROF== Profiling "unrolled_elementwise_kernel" - 1812: 0%....50%....100% - 18 passes
==PROF== Profiling "vectorized_elementwise_kernel" - 1813: 0%....50%....100% - 18 passes
==PROF== Profiling "reduce_kernel" - 1814: 0%....50%....100% - 18 passes
==PROF== Profiling "vectorized_elementwise_kernel" - 1815: 0%....50%....100% - 18 passes
==PROF== Profiling "vectorized_elementwise_kernel" - 1816: 0%....50%....100% - 18 passes
==PROF== Profiling "elementwise_kernel" - 1817: 0%....50%....100% - 18 passes
==PROF== Profiling "vectorized_elementwise_kernel" - 1818: 0%....50%....100% - 18 passes
==PROF== Profiling "vectorized_elementwise_kernel" - 1819: 0%....50%....100% - 18 passes
==PROF== Profiling "kernel" - 1820: 0%....50%....100% - 18 passes
==PROF== Profiling "vectorized_elementwise_kernel" - 1821: 0%....50%....100% - 18 passes
==PROF== Profiling "kernel" - 1822: 0%....50%....100% - 18 passes
==PROF== Profiling "vectorized_elementwise_kernel" - 1823: 0%....50%....100% - 18 passes
==PROF== Profiling "kernel" - 1824: 0%....50%....100% - 18 passes
==PROF== Profiling "vectorized_elementwise_kernel" - 1825: 0%....50%....100% - 18 passes
==PROF== Profiling "unrolled_elementwise_kernel" - 1826: 0%....50%....100% - 18 passes
==PROF== Profiling "vectorized_elementwise_kernel" - 1827: 0%....50%....100% - 18 passes
==PROF== Profiling "reduce_kernel" - 1828: 0%....50%....100% - 18 passes
==PROF== Profiling "vectorized_elementwise_kernel" - 1829: 0%....50%....100% - 18 passes
==PROF== Profiling "vectorized_elementwise_kernel" - 1830: 0%....50%....100% - 18 passes
==PROF== Profiling "elementwise_kernel" - 1831: 0%....50%....100% - 18 passes
==PROF== Profiling "vectorized_elementwise_kernel" - 1832: 0%....50%....100% - 18 passes
==PROF== Profiling "vectorized_elementwise_kernel" - 1833: 0%....50%....100% - 18 passes
==PROF== Profiling "kernel" - 1834: 0%....50%....100% - 18 passes
==PROF== Profiling "unrolled_elementwise_kernel" - 1835: 0%....50%....100% - 18 passes
==PROF== Profiling "vectorized_elementwise_kernel" - 1836: 0%....50%....100% - 18 passes
==PROF== Profiling "reduce_kernel" - 1837: 0%....50%....100% - 18 passes
==PROF== Profiling "vectorized_elementwise_kernel" - 1838: 0%....50%....100% - 18 passes
==PROF== Profiling "vectorized_elementwise_kernel" - 1839: 0%....50%....100% - 18 passes
==PROF== Profiling "elementwise_kernel" - 1840: 0%....50%....100% - 18 passes
==PROF== Profiling "vectorized_elementwise_kernel" - 1841: 0%....50%....100% - 18 passes
==PROF== Profiling "elementwise_kernel" - 1842: 0%....50%....100% - 18 passes
==PROF== Profiling "kernel" - 1843: 0%....50%....100% - 18 passes
==PROF== Profiling "unrolled_elementwise_kernel" - 1844: 0%....50%....100% - 18 passes
==PROF== Profiling "vectorized_elementwise_kernel" - 1845: 0%....50%....100% - 18 passes
==PROF== Profiling "reduce_kernel" - 1846: 0%....50%....100% - 18 passes
==PROF== Profiling "vectorized_elementwise_kernel" - 1847: 0%....50%....100% - 18 passes
==PROF== Profiling "vectorized_elementwise_kernel" - 1848: 0%....50%....100% - 18 passes
==PROF== Profiling "elementwise_kernel" - 1849: 0%....50%....100% - 18 passes
==PROF== Profiling "vectorized_elementwise_kernel" - 1850: 0%....50%....100% - 18 passes
==PROF== Profiling "elementwise_kernel" - 1851: 0%....50%....100% - 18 passes
==PROF== Profiling "kernel" - 1852: 0%....50%....100% - 18 passes
==PROF== Profiling "elementwise_kernel" - 1853: 0%....50%....100% - 18 passes
==PROF== Profiling "elementwise_kernel" - 1854: 0%....50%....100% - 18 passes
==PROF== Profiling "CatArrayBatchedCopy" - 1855: 0%....50%....100% - 18 passes
==PROF== Profiling "elementwise_kernel" - 1856: 0%....50%....100% - 18 passes
==PROF== Profiling "vectorized_elementwise_kernel" - 1857: 0%....50%....100% - 18 passes
==PROF== Profiling "elementwise_kernel" - 1858: 0%....50%....100% - 18 passes
==PROF== Profiling "elementwise_kernel" - 1859: 0%....50%....100% - 18 passes
==PROF== Profiling "CatArrayBatchedCopy" - 1860: 0%....50%....100% - 18 passes
==PROF== Profiling "elementwise_kernel" - 1861: 0%....50%....100% - 18 passes
==PROF== Profiling "vectorized_elementwise_kernel" - 1862: 0%....50%....100% - 18 passes
==PROF== Profiling "CatArrayBatchedCopy_vectorized" - 1863: 0%....50%....100% - 18 passes
==PROF== Profiling "CatArrayBatchedCopy_vectorized" - 1864: 0%....50%....100% - 18 passes
==PROF== Profiling "flash_fwd_splitkv_kernel" - 1865: 0%....50%....100% - 18 passes
==PROF== Profiling "flash_fwd_splitkv_combine_ker..." - 1866: 0%....50%....100% - 18 passes
==PROF== Profiling "kernel" - 1867: 0%....50%....100% - 18 passes
==PROF== Profiling "vectorized_elementwise_kernel" - 1868: 0%....50%....100% - 18 passes
==PROF== Profiling "unrolled_elementwise_kernel" - 1869: 0%....50%....100% - 18 passes
==PROF== Profiling "vectorized_elementwise_kernel" - 1870: 0%....50%....100% - 18 passes
==PROF== Profiling "reduce_kernel" - 1871: 0%....50%....100% - 18 passes
==PROF== Profiling "vectorized_elementwise_kernel" - 1872: 0%....50%....100% - 18 passes
==PROF== Profiling "vectorized_elementwise_kernel" - 1873: 0%....50%....100% - 18 passes
==PROF== Profiling "elementwise_kernel" - 1874: 0%....50%....100% - 18 passes
==PROF== Profiling "vectorized_elementwise_kernel" - 1875: 0%....50%....100% - 18 passes
==PROF== Profiling "vectorized_elementwise_kernel" - 1876: 0%....50%....100% - 18 passes
==PROF== Profiling "kernel" - 1877: 0%....50%....100% - 18 passes
==PROF== Profiling "vectorized_elementwise_kernel" - 1878: 0%....50%....100% - 18 passes
==PROF== Profiling "kernel" - 1879: 0%....50%....100% - 18 passes
==PROF== Profiling "vectorized_elementwise_kernel" - 1880: 0%....50%....100% - 18 passes
==PROF== Profiling "kernel" - 1881: 0%....50%....100% - 18 passes
==PROF== Profiling "vectorized_elementwise_kernel" - 1882: 0%....50%....100% - 18 passes
==PROF== Profiling "unrolled_elementwise_kernel" - 1883: 0%....50%....100% - 18 passes
==PROF== Profiling "vectorized_elementwise_kernel" - 1884: 0%....50%....100% - 18 passes
==PROF== Profiling "reduce_kernel" - 1885: 0%....50%....100% - 18 passes
==PROF== Profiling "vectorized_elementwise_kernel" - 1886: 0%....50%....100% - 18 passes
==PROF== Profiling "vectorized_elementwise_kernel" - 1887: 0%....50%....100% - 18 passes
==PROF== Profiling "elementwise_kernel" - 1888: 0%....50%....100% - 18 passes
==PROF== Profiling "vectorized_elementwise_kernel" - 1889: 0%....50%....100% - 18 passes
==PROF== Profiling "vectorized_elementwise_kernel" - 1890: 0%....50%....100% - 18 passes
==PROF== Profiling "kernel" - 1891: 0%....50%....100% - 18 passes
==PROF== Profiling "unrolled_elementwise_kernel" - 1892: 0%....50%....100% - 18 passes
==PROF== Profiling "vectorized_elementwise_kernel" - 1893: 0%....50%....100% - 18 passes
==PROF== Profiling "reduce_kernel" - 1894: 0%....50%....100% - 18 passes
==PROF== Profiling "vectorized_elementwise_kernel" - 1895: 0%....50%....100% - 18 passes
==PROF== Profiling "vectorized_elementwise_kernel" - 1896: 0%....50%....100% - 18 passes
==PROF== Profiling "elementwise_kernel" - 1897: 0%....50%....100% - 18 passes
==PROF== Profiling "vectorized_elementwise_kernel" - 1898: 0%....50%....100% - 18 passes
==PROF== Profiling "elementwise_kernel" - 1899: 0%....50%....100% - 18 passes
==PROF== Profiling "kernel" - 1900: 0%....50%....100% - 18 passes
==PROF== Profiling "unrolled_elementwise_kernel" - 1901: 0%....50%....100% - 18 passes
==PROF== Profiling "vectorized_elementwise_kernel" - 1902: 0%....50%....100% - 18 passes
==PROF== Profiling "reduce_kernel" - 1903: 0%....50%....100% - 18 passes
==PROF== Profiling "vectorized_elementwise_kernel" - 1904: 0%....50%....100% - 18 passes
==PROF== Profiling "vectorized_elementwise_kernel" - 1905: 0%....50%....100% - 18 passes
==PROF== Profiling "elementwise_kernel" - 1906: 0%....50%....100% - 18 passes
==PROF== Profiling "vectorized_elementwise_kernel" - 1907: 0%....50%....100% - 18 passes
==PROF== Profiling "elementwise_kernel" - 1908: 0%....50%....100% - 18 passes
==PROF== Profiling "kernel" - 1909: 0%....50%....100% - 18 passes
==PROF== Profiling "elementwise_kernel" - 1910: 0%....50%....100% - 18 passes
==PROF== Profiling "elementwise_kernel" - 1911: 0%....50%....100% - 18 passes
==PROF== Profiling "CatArrayBatchedCopy" - 1912: 0%....50%....100% - 18 passes
==PROF== Profiling "elementwise_kernel" - 1913: 0%....50%....100% - 18 passes
==PROF== Profiling "vectorized_elementwise_kernel" - 1914: 0%....50%....100% - 18 passes
==PROF== Profiling "elementwise_kernel" - 1915: 0%....50%....100% - 18 passes
==PROF== Profiling "elementwise_kernel" - 1916: 0%....50%....100% - 18 passes
==PROF== Profiling "CatArrayBatchedCopy" - 1917: 0%....50%....100% - 18 passes
==PROF== Profiling "elementwise_kernel" - 1918: 0%....50%....100% - 18 passes
==PROF== Profiling "vectorized_elementwise_kernel" - 1919: 0%....50%....100% - 18 passes
==PROF== Profiling "CatArrayBatchedCopy_vectorized" - 1920: 0%....50%....100% - 18 passes
==PROF== Profiling "CatArrayBatchedCopy_vectorized" - 1921: 0%....50%....100% - 18 passes
==PROF== Profiling "flash_fwd_splitkv_kernel" - 1922: 0%....50%....100% - 18 passes
==PROF== Profiling "flash_fwd_splitkv_combine_ker..." - 1923: 0%....50%....100% - 18 passes
==PROF== Profiling "kernel" - 1924: 0%....50%....100% - 18 passes
==PROF== Profiling "vectorized_elementwise_kernel" - 1925: 0%....50%....100% - 18 passes
==PROF== Profiling "unrolled_elementwise_kernel" - 1926: 0%....50%....100% - 18 passes
==PROF== Profiling "vectorized_elementwise_kernel" - 1927: 0%....50%....100% - 18 passes
==PROF== Profiling "reduce_kernel" - 1928: 0%....50%....100% - 18 passes
==PROF== Profiling "vectorized_elementwise_kernel" - 1929: 0%....50%....100% - 18 passes
==PROF== Profiling "vectorized_elementwise_kernel" - 1930: 0%....50%....100% - 18 passes
==PROF== Profiling "elementwise_kernel" - 1931: 0%....50%....100% - 18 passes
==PROF== Profiling "vectorized_elementwise_kernel" - 1932: 0%....50%....100% - 18 passes
==PROF== Profiling "vectorized_elementwise_kernel" - 1933: 0%....50%....100% - 18 passes
==PROF== Profiling "kernel" - 1934: 0%....50%....100% - 18 passes
==PROF== Profiling "vectorized_elementwise_kernel" - 1935: 0%....50%....100% - 18 passes
==PROF== Profiling "kernel" - 1936: 0%....50%....100% - 18 passes
==PROF== Profiling "vectorized_elementwise_kernel" - 1937: 0%....50%....100% - 18 passes
==PROF== Profiling "kernel" - 1938: 0%....50%....100% - 18 passes
==PROF== Profiling "vectorized_elementwise_kernel" - 1939: 0%....50%....100% - 18 passes
==PROF== Profiling "unrolled_elementwise_kernel" - 1940: 0%....50%....100% - 18 passes
==PROF== Profiling "vectorized_elementwise_kernel" - 1941: 0%....50%....100% - 18 passes
==PROF== Profiling "reduce_kernel" - 1942: 0%....50%....100% - 18 passes
==PROF== Profiling "vectorized_elementwise_kernel" - 1943: 0%....50%....100% - 18 passes
==PROF== Profiling "vectorized_elementwise_kernel" - 1944: 0%....50%....100% - 18 passes
==PROF== Profiling "elementwise_kernel" - 1945: 0%....50%....100% - 18 passes
==PROF== Profiling "vectorized_elementwise_kernel" - 1946: 0%....50%....100% - 18 passes
==PROF== Profiling "vectorized_elementwise_kernel" - 1947: 0%....50%....100% - 18 passes
==PROF== Profiling "kernel" - 1948: 0%....50%....100% - 18 passes
==PROF== Profiling "unrolled_elementwise_kernel" - 1949: 0%....50%....100% - 18 passes
==PROF== Profiling "vectorized_elementwise_kernel" - 1950: 0%....50%....100% - 18 passes
==PROF== Profiling "reduce_kernel" - 1951: 0%....50%....100% - 18 passes
==PROF== Profiling "vectorized_elementwise_kernel" - 1952: 0%....50%....100% - 18 passes
==PROF== Profiling "vectorized_elementwise_kernel" - 1953: 0%....50%....100% - 18 passes
==PROF== Profiling "elementwise_kernel" - 1954: 0%....50%....100% - 18 passes
==PROF== Profiling "vectorized_elementwise_kernel" - 1955: 0%....50%....100% - 18 passes
==PROF== Profiling "elementwise_kernel" - 1956: 0%....50%....100% - 18 passes
==PROF== Profiling "kernel" - 1957: 0%....50%....100% - 18 passes
==PROF== Profiling "unrolled_elementwise_kernel" - 1958: 0%....50%....100% - 18 passes
==PROF== Profiling "vectorized_elementwise_kernel" - 1959: 0%....50%....100% - 18 passes
==PROF== Profiling "reduce_kernel" - 1960: 0%....50%....100% - 18 passes
==PROF== Profiling "vectorized_elementwise_kernel" - 1961: 0%....50%....100% - 18 passes
==PROF== Profiling "vectorized_elementwise_kernel" - 1962: 0%....50%....100% - 18 passes
==PROF== Profiling "elementwise_kernel" - 1963: 0%....50%....100% - 18 passes
==PROF== Profiling "vectorized_elementwise_kernel" - 1964: 0%....50%....100% - 18 passes
==PROF== Profiling "elementwise_kernel" - 1965: 0%....50%....100% - 18 passes
==PROF== Profiling "kernel" - 1966: 0%....50%....100% - 18 passes
==PROF== Profiling "elementwise_kernel" - 1967: 0%....50%....100% - 18 passes
==PROF== Profiling "elementwise_kernel" - 1968: 0%....50%....100% - 18 passes
==PROF== Profiling "CatArrayBatchedCopy" - 1969: 0%....50%....100% - 18 passes
==PROF== Profiling "elementwise_kernel" - 1970: 0%....50%....100% - 18 passes
==PROF== Profiling "vectorized_elementwise_kernel" - 1971: 0%....50%....100% - 18 passes
==PROF== Profiling "elementwise_kernel" - 1972: 0%....50%....100% - 18 passes
==PROF== Profiling "elementwise_kernel" - 1973: 0%....50%....100% - 18 passes
==PROF== Profiling "CatArrayBatchedCopy" - 1974: 0%....50%....100% - 18 passes
==PROF== Profiling "elementwise_kernel" - 1975: 0%....50%....100% - 18 passes
==PROF== Profiling "vectorized_elementwise_kernel" - 1976: 0%....50%....100% - 18 passes
==PROF== Profiling "CatArrayBatchedCopy_vectorized" - 1977: 0%....50%....100% - 18 passes
==PROF== Profiling "CatArrayBatchedCopy_vectorized" - 1978: 0%....50%....100% - 18 passes
==PROF== Profiling "flash_fwd_splitkv_kernel" - 1979: 0%....50%....100% - 18 passes
==PROF== Profiling "flash_fwd_splitkv_combine_ker..." - 1980: 0%....50%....100% - 18 passes
==PROF== Profiling "kernel" - 1981: 0%....50%....100% - 18 passes
==PROF== Profiling "vectorized_elementwise_kernel" - 1982: 0%....50%....100% - 18 passes
==PROF== Profiling "unrolled_elementwise_kernel" - 1983: 0%....50%....100% - 18 passes
==PROF== Profiling "vectorized_elementwise_kernel" - 1984: 0%....50%....100% - 18 passes
==PROF== Profiling "reduce_kernel" - 1985: 0%....50%....100% - 18 passes
==PROF== Profiling "vectorized_elementwise_kernel" - 1986: 0%....50%....100% - 18 passes
==PROF== Profiling "vectorized_elementwise_kernel" - 1987: 0%....50%....100% - 18 passes
==PROF== Profiling "elementwise_kernel" - 1988: 0%....50%....100% - 18 passes
==PROF== Profiling "vectorized_elementwise_kernel" - 1989: 0%....50%....100% - 18 passes
==PROF== Profiling "vectorized_elementwise_kernel" - 1990: 0%....50%....100% - 18 passes
==PROF== Profiling "kernel" - 1991: 0%....50%....100% - 18 passes
==PROF== Profiling "vectorized_elementwise_kernel" - 1992: 0%....50%....100% - 18 passes
==PROF== Profiling "kernel" - 1993: 0%....50%....100% - 18 passes
==PROF== Profiling "vectorized_elementwise_kernel" - 1994: 0%....50%....100% - 18 passes
==PROF== Profiling "kernel" - 1995: 0%....50%....100% - 18 passes
==PROF== Profiling "vectorized_elementwise_kernel" - 1996: 0%....50%....100% - 18 passes
==PROF== Profiling "unrolled_elementwise_kernel" - 1997: 0%....50%....100% - 18 passes
==PROF== Profiling "vectorized_elementwise_kernel" - 1998: 0%....50%....100% - 18 passes
==PROF== Profiling "reduce_kernel" - 1999: 0%....50%....100% - 18 passes
==PROF== Profiling "vectorized_elementwise_kernel" - 2000: 0%....50%....100% - 18 passes
==PROF== Profiling "vectorized_elementwise_kernel" - 2001: 0%....50%....100% - 18 passes
==PROF== Profiling "elementwise_kernel" - 2002: 0%....50%....100% - 18 passes
==PROF== Profiling "vectorized_elementwise_kernel" - 2003: 0%....50%....100% - 18 passes
==PROF== Profiling "vectorized_elementwise_kernel" - 2004: 0%....50%....100% - 18 passes
==PROF== Profiling "kernel" - 2005: 0%....50%....100% - 18 passes
==PROF== Profiling "unrolled_elementwise_kernel" - 2006: 0%....50%....100% - 18 passes
==PROF== Profiling "vectorized_elementwise_kernel" - 2007: 0%....50%....100% - 18 passes
==PROF== Profiling "reduce_kernel" - 2008: 0%....50%....100% - 18 passes
==PROF== Profiling "vectorized_elementwise_kernel" - 2009: 0%....50%....100% - 18 passes
==PROF== Profiling "vectorized_elementwise_kernel" - 2010: 0%....50%....100% - 18 passes
==PROF== Profiling "elementwise_kernel" - 2011: 0%....50%....100% - 18 passes
==PROF== Profiling "vectorized_elementwise_kernel" - 2012: 0%....50%....100% - 18 passes
==PROF== Profiling "elementwise_kernel" - 2013: 0%....50%....100% - 18 passes
==PROF== Profiling "kernel" - 2014: 0%....50%....100% - 18 passes
==PROF== Profiling "unrolled_elementwise_kernel" - 2015: 0%....50%....100% - 18 passes
==PROF== Profiling "vectorized_elementwise_kernel" - 2016: 0%....50%....100% - 18 passes
==PROF== Profiling "reduce_kernel" - 2017: 0%....50%....100% - 18 passes
==PROF== Profiling "vectorized_elementwise_kernel" - 2018: 0%....50%....100% - 18 passes
==PROF== Profiling "vectorized_elementwise_kernel" - 2019: 0%....50%....100% - 18 passes
==PROF== Profiling "elementwise_kernel" - 2020: 0%....50%....100% - 18 passes
==PROF== Profiling "vectorized_elementwise_kernel" - 2021: 0%....50%....100% - 18 passes
==PROF== Profiling "elementwise_kernel" - 2022: 0%....50%....100% - 18 passes
==PROF== Profiling "kernel" - 2023: 0%....50%....100% - 18 passes
==PROF== Profiling "elementwise_kernel" - 2024: 0%....50%....100% - 18 passes
==PROF== Profiling "elementwise_kernel" - 2025: 0%....50%....100% - 18 passes
==PROF== Profiling "CatArrayBatchedCopy" - 2026: 0%....50%....100% - 18 passes
==PROF== Profiling "elementwise_kernel" - 2027: 0%....50%....100% - 18 passes
==PROF== Profiling "vectorized_elementwise_kernel" - 2028: 0%....50%....100% - 18 passes
==PROF== Profiling "elementwise_kernel" - 2029: 0%....50%....100% - 18 passes
==PROF== Profiling "elementwise_kernel" - 2030: 0%....50%....100% - 18 passes
==PROF== Profiling "CatArrayBatchedCopy" - 2031: 0%....50%....100% - 18 passes
==PROF== Profiling "elementwise_kernel" - 2032: 0%....50%....100% - 18 passes
==PROF== Profiling "vectorized_elementwise_kernel" - 2033: 0%....50%....100% - 18 passes
==PROF== Profiling "CatArrayBatchedCopy_vectorized" - 2034: 0%....50%....100% - 18 passes
==PROF== Profiling "CatArrayBatchedCopy_vectorized" - 2035: 0%....50%....100% - 18 passes
==PROF== Profiling "flash_fwd_splitkv_kernel" - 2036: 0%....50%....100% - 18 passes
==PROF== Profiling "flash_fwd_splitkv_combine_ker..." - 2037: 0%....50%....100% - 18 passes
==PROF== Profiling "kernel" - 2038: 0%....50%....100% - 18 passes
==PROF== Profiling "vectorized_elementwise_kernel" - 2039: 0%....50%....100% - 18 passes
==PROF== Profiling "unrolled_elementwise_kernel" - 2040: 0%....50%....100% - 18 passes
==PROF== Profiling "vectorized_elementwise_kernel" - 2041: 0%....50%....100% - 18 passes
==PROF== Profiling "reduce_kernel" - 2042: 0%....50%....100% - 18 passes
==PROF== Profiling "vectorized_elementwise_kernel" - 2043: 0%....50%....100% - 18 passes
==PROF== Profiling "vectorized_elementwise_kernel" - 2044: 0%....50%....100% - 18 passes
==PROF== Profiling "elementwise_kernel" - 2045: 0%....50%....100% - 18 passes
==PROF== Profiling "vectorized_elementwise_kernel" - 2046: 0%....50%....100% - 18 passes
==PROF== Profiling "vectorized_elementwise_kernel" - 2047: 0%....50%....100% - 18 passes
==PROF== Profiling "kernel" - 2048: 0%....50%....100% - 18 passes
==PROF== Profiling "vectorized_elementwise_kernel" - 2049: 0%....50%....100% - 18 passes
==PROF== Profiling "kernel" - 2050: 0%....50%....100% - 18 passes
==PROF== Profiling "vectorized_elementwise_kernel" - 2051: 0%....50%....100% - 18 passes
==PROF== Profiling "kernel" - 2052: 0%....50%....100% - 18 passes
==PROF== Profiling "vectorized_elementwise_kernel" - 2053: 0%....50%....100% - 18 passes
==PROF== Profiling "unrolled_elementwise_kernel" - 2054: 0%....50%....100% - 18 passes
==PROF== Profiling "vectorized_elementwise_kernel" - 2055: 0%....50%....100% - 18 passes
==PROF== Profiling "reduce_kernel" - 2056: 0%....50%....100% - 18 passes
==PROF== Profiling "vectorized_elementwise_kernel" - 2057: 0%....50%....100% - 18 passes
==PROF== Profiling "vectorized_elementwise_kernel" - 2058: 0%....50%....100% - 18 passes
==PROF== Profiling "elementwise_kernel" - 2059: 0%....50%....100% - 18 passes
==PROF== Profiling "vectorized_elementwise_kernel" - 2060: 0%....50%....100% - 18 passes
==PROF== Profiling "vectorized_elementwise_kernel" - 2061: 0%....50%....100% - 18 passes
==PROF== Profiling "kernel" - 2062: 0%....50%....100% - 18 passes
==PROF== Profiling "unrolled_elementwise_kernel" - 2063: 0%....50%....100% - 18 passes
==PROF== Profiling "vectorized_elementwise_kernel" - 2064: 0%....50%....100% - 18 passes
==PROF== Profiling "reduce_kernel" - 2065: 0%....50%....100% - 18 passes
==PROF== Profiling "vectorized_elementwise_kernel" - 2066: 0%....50%....100% - 18 passes
==PROF== Profiling "vectorized_elementwise_kernel" - 2067: 0%....50%....100% - 18 passes
==PROF== Profiling "elementwise_kernel" - 2068: 0%....50%....100% - 18 passes
==PROF== Profiling "vectorized_elementwise_kernel" - 2069: 0%....50%....100% - 18 passes
==PROF== Profiling "elementwise_kernel" - 2070: 0%....50%....100% - 18 passes
==PROF== Profiling "kernel" - 2071: 0%....50%....100% - 18 passes
==PROF== Profiling "unrolled_elementwise_kernel" - 2072: 0%....50%....100% - 18 passes
==PROF== Profiling "vectorized_elementwise_kernel" - 2073: 0%....50%....100% - 18 passes
==PROF== Profiling "reduce_kernel" - 2074: 0%....50%....100% - 18 passes
==PROF== Profiling "vectorized_elementwise_kernel" - 2075: 0%....50%....100% - 18 passes
==PROF== Profiling "vectorized_elementwise_kernel" - 2076: 0%....50%....100% - 18 passes
==PROF== Profiling "elementwise_kernel" - 2077: 0%....50%....100% - 18 passes
==PROF== Profiling "vectorized_elementwise_kernel" - 2078: 0%....50%....100% - 18 passes
==PROF== Profiling "elementwise_kernel" - 2079: 0%....50%....100% - 18 passes
==PROF== Profiling "kernel" - 2080: 0%....50%....100% - 18 passes
==PROF== Profiling "elementwise_kernel" - 2081: 0%....50%....100% - 18 passes
==PROF== Profiling "elementwise_kernel" - 2082: 0%....50%....100% - 18 passes
==PROF== Profiling "CatArrayBatchedCopy" - 2083: 0%....50%....100% - 18 passes
==PROF== Profiling "elementwise_kernel" - 2084: 0%....50%....100% - 18 passes
==PROF== Profiling "vectorized_elementwise_kernel" - 2085: 0%....50%....100% - 18 passes
==PROF== Profiling "elementwise_kernel" - 2086: 0%....50%....100% - 18 passes
==PROF== Profiling "elementwise_kernel" - 2087: 0%....50%....100% - 18 passes
==PROF== Profiling "CatArrayBatchedCopy" - 2088: 0%....50%....100% - 18 passes
==PROF== Profiling "elementwise_kernel" - 2089: 0%....50%....100% - 18 passes
==PROF== Profiling "vectorized_elementwise_kernel" - 2090: 0%....50%....100% - 18 passes
==PROF== Profiling "CatArrayBatchedCopy_vectorized" - 2091: 0%....50%....100% - 18 passes
==PROF== Profiling "CatArrayBatchedCopy_vectorized" - 2092: 0%....50%....100% - 18 passes
==PROF== Profiling "flash_fwd_splitkv_kernel" - 2093: 0%....50%....100% - 18 passes
==PROF== Profiling "flash_fwd_splitkv_combine_ker..." - 2094: 0%....50%....100% - 18 passes
==PROF== Profiling "kernel" - 2095: 0%....50%....100% - 18 passes
==PROF== Profiling "vectorized_elementwise_kernel" - 2096: 0%....50%....100% - 18 passes
==PROF== Profiling "unrolled_elementwise_kernel" - 2097: 0%....50%....100% - 18 passes
==PROF== Profiling "vectorized_elementwise_kernel" - 2098: 0%....50%....100% - 18 passes
==PROF== Profiling "reduce_kernel" - 2099: 0%....50%....100% - 18 passes
==PROF== Profiling "vectorized_elementwise_kernel" - 2100: 0%....50%....100% - 18 passes
==PROF== Profiling "vectorized_elementwise_kernel" - 2101: 0%....50%....100% - 18 passes
==PROF== Profiling "elementwise_kernel" - 2102: 0%....50%....100% - 18 passes
==PROF== Profiling "vectorized_elementwise_kernel" - 2103: 0%....50%....100% - 18 passes
==PROF== Profiling "vectorized_elementwise_kernel" - 2104: 0%....50%....100% - 18 passes
==PROF== Profiling "kernel" - 2105: 0%....50%....100% - 18 passes
==PROF== Profiling "vectorized_elementwise_kernel" - 2106: 0%....50%....100% - 18 passes
==PROF== Profiling "kernel" - 2107: 0%....50%....100% - 18 passes
==PROF== Profiling "vectorized_elementwise_kernel" - 2108: 0%....50%....100% - 18 passes
==PROF== Profiling "kernel" - 2109: 0%....50%....100% - 18 passes
==PROF== Profiling "vectorized_elementwise_kernel" - 2110: 0%....50%....100% - 18 passes
==PROF== Profiling "unrolled_elementwise_kernel" - 2111: 0%....50%....100% - 18 passes
==PROF== Profiling "vectorized_elementwise_kernel" - 2112: 0%....50%....100% - 18 passes
==PROF== Profiling "reduce_kernel" - 2113: 0%....50%....100% - 18 passes
==PROF== Profiling "vectorized_elementwise_kernel" - 2114: 0%....50%....100% - 18 passes
==PROF== Profiling "vectorized_elementwise_kernel" - 2115: 0%....50%....100% - 18 passes
==PROF== Profiling "elementwise_kernel" - 2116: 0%....50%....100% - 18 passes
==PROF== Profiling "vectorized_elementwise_kernel" - 2117: 0%....50%....100% - 18 passes
==PROF== Profiling "vectorized_elementwise_kernel" - 2118: 0%....50%....100% - 18 passes
==PROF== Profiling "kernel" - 2119: 0%....50%....100% - 18 passes
==PROF== Profiling "unrolled_elementwise_kernel" - 2120: 0%....50%....100% - 18 passes
==PROF== Profiling "vectorized_elementwise_kernel" - 2121: 0%....50%....100% - 18 passes
==PROF== Profiling "reduce_kernel" - 2122: 0%....50%....100% - 18 passes
==PROF== Profiling "vectorized_elementwise_kernel" - 2123: 0%....50%....100% - 18 passes
==PROF== Profiling "vectorized_elementwise_kernel" - 2124: 0%....50%....100% - 18 passes
==PROF== Profiling "elementwise_kernel" - 2125: 0%....50%....100% - 18 passes
==PROF== Profiling "vectorized_elementwise_kernel" - 2126: 0%....50%....100% - 18 passes
==PROF== Profiling "elementwise_kernel" - 2127: 0%....50%....100% - 18 passes
==PROF== Profiling "kernel" - 2128: 0%....50%....100% - 18 passes
==PROF== Profiling "unrolled_elementwise_kernel" - 2129: 0%....50%....100% - 18 passes
==PROF== Profiling "vectorized_elementwise_kernel" - 2130: 0%....50%....100% - 18 passes
==PROF== Profiling "reduce_kernel" - 2131: 0%....50%....100% - 18 passes
==PROF== Profiling "vectorized_elementwise_kernel" - 2132: 0%....50%....100% - 18 passes
==PROF== Profiling "vectorized_elementwise_kernel" - 2133: 0%....50%....100% - 18 passes
==PROF== Profiling "elementwise_kernel" - 2134: 0%....50%....100% - 18 passes
==PROF== Profiling "vectorized_elementwise_kernel" - 2135: 0%....50%....100% - 18 passes
==PROF== Profiling "elementwise_kernel" - 2136: 0%....50%....100% - 18 passes
==PROF== Profiling "kernel" - 2137: 0%....50%....100% - 18 passes
==PROF== Profiling "elementwise_kernel" - 2138: 0%....50%....100% - 18 passes
==PROF== Profiling "elementwise_kernel" - 2139: 0%....50%....100% - 18 passes
==PROF== Profiling "CatArrayBatchedCopy" - 2140: 0%....50%....100% - 18 passes
==PROF== Profiling "elementwise_kernel" - 2141: 0%....50%....100% - 18 passes
==PROF== Profiling "vectorized_elementwise_kernel" - 2142: 0%....50%....100% - 18 passes
==PROF== Profiling "elementwise_kernel" - 2143: 0%....50%....100% - 18 passes
==PROF== Profiling "elementwise_kernel" - 2144: 0%....50%....100% - 18 passes
==PROF== Profiling "CatArrayBatchedCopy" - 2145: 0%....50%....100% - 18 passes
==PROF== Profiling "elementwise_kernel" - 2146: 0%....50%....100% - 18 passes
==PROF== Profiling "vectorized_elementwise_kernel" - 2147: 0%....50%....100% - 18 passes
==PROF== Profiling "CatArrayBatchedCopy_vectorized" - 2148: 0%....50%....100% - 18 passes
==PROF== Profiling "CatArrayBatchedCopy_vectorized" - 2149: 0%....50%....100% - 18 passes
==PROF== Profiling "flash_fwd_splitkv_kernel" - 2150: 0%....50%....100% - 18 passes
==PROF== Profiling "flash_fwd_splitkv_combine_ker..." - 2151: 0%....50%....100% - 18 passes
==PROF== Profiling "kernel" - 2152: 0%....50%....100% - 18 passes
==PROF== Profiling "vectorized_elementwise_kernel" - 2153: 0%....50%....100% - 18 passes
==PROF== Profiling "unrolled_elementwise_kernel" - 2154: 0%....50%....100% - 18 passes
==PROF== Profiling "vectorized_elementwise_kernel" - 2155: 0%....50%....100% - 18 passes
==PROF== Profiling "reduce_kernel" - 2156: 0%....50%....100% - 18 passes
==PROF== Profiling "vectorized_elementwise_kernel" - 2157: 0%....50%....100% - 18 passes
==PROF== Profiling "vectorized_elementwise_kernel" - 2158: 0%....50%....100% - 18 passes
==PROF== Profiling "elementwise_kernel" - 2159: 0%....50%....100% - 18 passes
==PROF== Profiling "vectorized_elementwise_kernel" - 2160: 0%....50%....100% - 18 passes
==PROF== Profiling "vectorized_elementwise_kernel" - 2161: 0%....50%....100% - 18 passes
==PROF== Profiling "kernel" - 2162: 0%....50%....100% - 18 passes
==PROF== Profiling "vectorized_elementwise_kernel" - 2163: 0%....50%....100% - 18 passes
==PROF== Profiling "kernel" - 2164: 0%....50%....100% - 18 passes
==PROF== Profiling "vectorized_elementwise_kernel" - 2165: 0%....50%....100% - 18 passes
==PROF== Profiling "kernel" - 2166: 0%....50%....100% - 18 passes
==PROF== Profiling "vectorized_elementwise_kernel" - 2167: 0%....50%....100% - 18 passes
==PROF== Profiling "unrolled_elementwise_kernel" - 2168: 0%....50%....100% - 18 passes
==PROF== Profiling "vectorized_elementwise_kernel" - 2169: 0%....50%....100% - 18 passes
==PROF== Profiling "reduce_kernel" - 2170: 0%....50%....100% - 18 passes
==PROF== Profiling "vectorized_elementwise_kernel" - 2171: 0%....50%....100% - 18 passes
==PROF== Profiling "vectorized_elementwise_kernel" - 2172: 0%....50%....100% - 18 passes
==PROF== Profiling "elementwise_kernel" - 2173: 0%....50%....100% - 18 passes
==PROF== Profiling "vectorized_elementwise_kernel" - 2174: 0%....50%....100% - 18 passes
==PROF== Profiling "vectorized_elementwise_kernel" - 2175: 0%....50%....100% - 18 passes
==PROF== Profiling "kernel" - 2176: 0%....50%....100% - 18 passes
==PROF== Profiling "unrolled_elementwise_kernel" - 2177: 0%....50%....100% - 18 passes
==PROF== Profiling "vectorized_elementwise_kernel" - 2178: 0%....50%....100% - 18 passes
==PROF== Profiling "reduce_kernel" - 2179: 0%....50%....100% - 18 passes
==PROF== Profiling "vectorized_elementwise_kernel" - 2180: 0%....50%....100% - 18 passes
==PROF== Profiling "vectorized_elementwise_kernel" - 2181: 0%....50%....100% - 18 passes
==PROF== Profiling "elementwise_kernel" - 2182: 0%....50%....100% - 18 passes
==PROF== Profiling "vectorized_elementwise_kernel" - 2183: 0%....50%....100% - 18 passes
==PROF== Profiling "elementwise_kernel" - 2184: 0%....50%....100% - 18 passes
==PROF== Profiling "kernel" - 2185: 0%....50%....100% - 18 passes
==PROF== Profiling "unrolled_elementwise_kernel" - 2186: 0%....50%....100% - 18 passes
==PROF== Profiling "vectorized_elementwise_kernel" - 2187: 0%....50%....100% - 18 passes
==PROF== Profiling "reduce_kernel" - 2188: 0%....50%....100% - 18 passes
==PROF== Profiling "vectorized_elementwise_kernel" - 2189: 0%....50%....100% - 18 passes
==PROF== Profiling "vectorized_elementwise_kernel" - 2190: 0%....50%....100% - 18 passes
==PROF== Profiling "elementwise_kernel" - 2191: 0%....50%....100% - 18 passes
==PROF== Profiling "vectorized_elementwise_kernel" - 2192: 0%....50%....100% - 18 passes
==PROF== Profiling "elementwise_kernel" - 2193: 0%....50%....100% - 18 passes
==PROF== Profiling "kernel" - 2194: 0%....50%....100% - 18 passes
==PROF== Profiling "elementwise_kernel" - 2195: 0%....50%....100% - 18 passes
==PROF== Profiling "elementwise_kernel" - 2196: 0%....50%....100% - 18 passes
==PROF== Profiling "CatArrayBatchedCopy" - 2197: 0%....50%....100% - 18 passes
==PROF== Profiling "elementwise_kernel" - 2198: 0%....50%....100% - 18 passes
==PROF== Profiling "vectorized_elementwise_kernel" - 2199: 0%....50%....100% - 18 passes
==PROF== Profiling "elementwise_kernel" - 2200: 0%....50%....100% - 18 passes
==PROF== Profiling "elementwise_kernel" - 2201: 0%....50%....100% - 18 passes
==PROF== Profiling "CatArrayBatchedCopy" - 2202: 0%....50%....100% - 18 passes
==PROF== Profiling "elementwise_kernel" - 2203: 0%....50%....100% - 18 passes
==PROF== Profiling "vectorized_elementwise_kernel" - 2204: 0%....50%....100% - 18 passes
==PROF== Profiling "CatArrayBatchedCopy_vectorized" - 2205: 0%....50%....100% - 18 passes
==PROF== Profiling "CatArrayBatchedCopy_vectorized" - 2206: 0%....50%....100% - 18 passes
==PROF== Profiling "flash_fwd_splitkv_kernel" - 2207: 0%....50%....100% - 18 passes
==PROF== Profiling "flash_fwd_splitkv_combine_ker..." - 2208: 0%....50%....100% - 18 passes
==PROF== Profiling "kernel" - 2209: 0%....50%....100% - 18 passes
==PROF== Profiling "vectorized_elementwise_kernel" - 2210: 0%....50%....100% - 18 passes
==PROF== Profiling "unrolled_elementwise_kernel" - 2211: 0%....50%....100% - 18 passes
==PROF== Profiling "vectorized_elementwise_kernel" - 2212: 0%....50%....100% - 18 passes
==PROF== Profiling "reduce_kernel" - 2213: 0%....50%....100% - 18 passes
==PROF== Profiling "vectorized_elementwise_kernel" - 2214: 0%....50%....100% - 18 passes
==PROF== Profiling "vectorized_elementwise_kernel" - 2215: 0%....50%....100% - 18 passes
==PROF== Profiling "elementwise_kernel" - 2216: 0%....50%....100% - 18 passes
==PROF== Profiling "vectorized_elementwise_kernel" - 2217: 0%....50%....100% - 18 passes
==PROF== Profiling "vectorized_elementwise_kernel" - 2218: 0%....50%....100% - 18 passes
==PROF== Profiling "kernel" - 2219: 0%....50%....100% - 18 passes
==PROF== Profiling "vectorized_elementwise_kernel" - 2220: 0%....50%....100% - 18 passes
==PROF== Profiling "kernel" - 2221: 0%....50%....100% - 18 passes
==PROF== Profiling "vectorized_elementwise_kernel" - 2222: 0%....50%....100% - 18 passes
==PROF== Profiling "kernel" - 2223: 0%....50%....100% - 18 passes
==PROF== Profiling "vectorized_elementwise_kernel" - 2224: 0%....50%....100% - 18 passes
==PROF== Profiling "unrolled_elementwise_kernel" - 2225: 0%....50%....100% - 18 passes
==PROF== Profiling "vectorized_elementwise_kernel" - 2226: 0%....50%....100% - 18 passes
==PROF== Profiling "reduce_kernel" - 2227: 0%....50%....100% - 18 passes
==PROF== Profiling "vectorized_elementwise_kernel" - 2228: 0%....50%....100% - 18 passes
==PROF== Profiling "vectorized_elementwise_kernel" - 2229: 0%....50%....100% - 18 passes
==PROF== Profiling "elementwise_kernel" - 2230: 0%....50%....100% - 18 passes
==PROF== Profiling "vectorized_elementwise_kernel" - 2231: 0%....50%....100% - 18 passes
==PROF== Profiling "vectorized_elementwise_kernel" - 2232: 0%....50%....100% - 18 passes
==PROF== Profiling "kernel" - 2233: 0%....50%....100% - 18 passes
==PROF== Profiling "unrolled_elementwise_kernel" - 2234: 0%....50%....100% - 18 passes
==PROF== Profiling "vectorized_elementwise_kernel" - 2235: 0%....50%....100% - 18 passes
==PROF== Profiling "reduce_kernel" - 2236: 0%....50%....100% - 18 passes
==PROF== Profiling "vectorized_elementwise_kernel" - 2237: 0%....50%....100% - 18 passes
==PROF== Profiling "vectorized_elementwise_kernel" - 2238: 0%....50%....100% - 18 passes
==PROF== Profiling "elementwise_kernel" - 2239: 0%....50%....100% - 18 passes
==PROF== Profiling "vectorized_elementwise_kernel" - 2240: 0%....50%....100% - 18 passes
==PROF== Profiling "elementwise_kernel" - 2241: 0%....50%....100% - 18 passes
==PROF== Profiling "kernel" - 2242: 0%....50%....100% - 18 passes
==PROF== Profiling "unrolled_elementwise_kernel" - 2243: 0%....50%....100% - 18 passes
==PROF== Profiling "vectorized_elementwise_kernel" - 2244: 0%....50%....100% - 18 passes
==PROF== Profiling "reduce_kernel" - 2245: 0%....50%....100% - 18 passes
==PROF== Profiling "vectorized_elementwise_kernel" - 2246: 0%....50%....100% - 18 passes
==PROF== Profiling "vectorized_elementwise_kernel" - 2247: 0%....50%....100% - 18 passes
==PROF== Profiling "elementwise_kernel" - 2248: 0%....50%....100% - 18 passes
==PROF== Profiling "vectorized_elementwise_kernel" - 2249: 0%....50%....100% - 18 passes
==PROF== Profiling "elementwise_kernel" - 2250: 0%....50%....100% - 18 passes
==PROF== Profiling "kernel" - 2251: 0%....50%....100% - 18 passes
==PROF== Profiling "elementwise_kernel" - 2252: 0%....50%....100% - 18 passes
==PROF== Profiling "elementwise_kernel" - 2253: 0%....50%....100% - 18 passes
==PROF== Profiling "CatArrayBatchedCopy" - 2254: 0%....50%....100% - 18 passes
==PROF== Profiling "elementwise_kernel" - 2255: 0%....50%....100% - 18 passes
==PROF== Profiling "vectorized_elementwise_kernel" - 2256: 0%....50%....100% - 18 passes
==PROF== Profiling "elementwise_kernel" - 2257: 0%....50%....100% - 18 passes
==PROF== Profiling "elementwise_kernel" - 2258: 0%....50%....100% - 18 passes
==PROF== Profiling "CatArrayBatchedCopy" - 2259: 0%....50%....100% - 18 passes
==PROF== Profiling "elementwise_kernel" - 2260: 0%....50%....100% - 18 passes
==PROF== Profiling "vectorized_elementwise_kernel" - 2261: 0%....50%....100% - 18 passes
==PROF== Profiling "CatArrayBatchedCopy_vectorized" - 2262: 0%....50%....100% - 18 passes
==PROF== Profiling "CatArrayBatchedCopy_vectorized" - 2263: 0%....50%....100% - 18 passes
==PROF== Profiling "flash_fwd_splitkv_kernel" - 2264: 0%....50%....100% - 18 passes
==PROF== Profiling "flash_fwd_splitkv_combine_ker..." - 2265: 0%....50%....100% - 18 passes
==PROF== Profiling "kernel" - 2266: 0%....50%....100% - 18 passes
==PROF== Profiling "vectorized_elementwise_kernel" - 2267: 0%....50%....100% - 18 passes
==PROF== Profiling "unrolled_elementwise_kernel" - 2268: 0%....50%....100% - 18 passes
==PROF== Profiling "vectorized_elementwise_kernel" - 2269: 0%....50%....100% - 18 passes
==PROF== Profiling "reduce_kernel" - 2270: 0%....50%....100% - 18 passes
==PROF== Profiling "vectorized_elementwise_kernel" - 2271: 0%....50%....100% - 18 passes
==PROF== Profiling "vectorized_elementwise_kernel" - 2272: 0%....50%....100% - 18 passes
==PROF== Profiling "elementwise_kernel" - 2273: 0%....50%....100% - 18 passes
==PROF== Profiling "vectorized_elementwise_kernel" - 2274: 0%....50%....100% - 18 passes
==PROF== Profiling "vectorized_elementwise_kernel" - 2275: 0%....50%....100% - 18 passes
==PROF== Profiling "kernel" - 2276: 0%....50%....100% - 18 passes
==PROF== Profiling "vectorized_elementwise_kernel" - 2277: 0%....50%....100% - 18 passes
==PROF== Profiling "kernel" - 2278: 0%....50%....100% - 18 passes
==PROF== Profiling "vectorized_elementwise_kernel" - 2279: 0%....50%....100% - 18 passes
==PROF== Profiling "kernel" - 2280: 0%....50%....100% - 18 passes
==PROF== Profiling "vectorized_elementwise_kernel" - 2281: 0%....50%....100% - 18 passes
==PROF== Profiling "unrolled_elementwise_kernel" - 2282: 0%....50%....100% - 18 passes
==PROF== Profiling "vectorized_elementwise_kernel" - 2283: 0%....50%....100% - 18 passes
==PROF== Profiling "reduce_kernel" - 2284: 0%....50%....100% - 18 passes
==PROF== Profiling "vectorized_elementwise_kernel" - 2285: 0%....50%....100% - 18 passes
==PROF== Profiling "vectorized_elementwise_kernel" - 2286: 0%....50%....100% - 18 passes
==PROF== Profiling "elementwise_kernel" - 2287: 0%....50%....100% - 18 passes
==PROF== Profiling "vectorized_elementwise_kernel" - 2288: 0%....50%....100% - 18 passes
==PROF== Profiling "vectorized_elementwise_kernel" - 2289: 0%....50%....100% - 18 passes
==PROF== Profiling "kernel" - 2290: 0%....50%....100% - 18 passes
==PROF== Profiling "unrolled_elementwise_kernel" - 2291: 0%....50%....100% - 18 passes
==PROF== Profiling "vectorized_elementwise_kernel" - 2292: 0%....50%....100% - 18 passes
==PROF== Profiling "reduce_kernel" - 2293: 0%....50%....100% - 18 passes
==PROF== Profiling "vectorized_elementwise_kernel" - 2294: 0%....50%....100% - 18 passes
==PROF== Profiling "vectorized_elementwise_kernel" - 2295: 0%....50%....100% - 18 passes
==PROF== Profiling "elementwise_kernel" - 2296: 0%....50%....100% - 18 passes
==PROF== Profiling "vectorized_elementwise_kernel" - 2297: 0%....50%....100% - 18 passes
==PROF== Profiling "elementwise_kernel" - 2298: 0%....50%....100% - 18 passes
==PROF== Profiling "kernel" - 2299: 0%....50%....100% - 18 passes
==PROF== Profiling "unrolled_elementwise_kernel" - 2300: 0%....50%....100% - 18 passes
==PROF== Profiling "vectorized_elementwise_kernel" - 2301: 0%....50%....100% - 18 passes
==PROF== Profiling "reduce_kernel" - 2302: 0%....50%....100% - 18 passes
==PROF== Profiling "vectorized_elementwise_kernel" - 2303: 0%....50%....100% - 18 passes
==PROF== Profiling "vectorized_elementwise_kernel" - 2304: 0%....50%....100% - 18 passes
==PROF== Profiling "elementwise_kernel" - 2305: 0%....50%....100% - 18 passes
==PROF== Profiling "vectorized_elementwise_kernel" - 2306: 0%....50%....100% - 18 passes
==PROF== Profiling "elementwise_kernel" - 2307: 0%....50%....100% - 18 passes
==PROF== Profiling "kernel" - 2308: 0%....50%....100% - 18 passes
==PROF== Profiling "elementwise_kernel" - 2309: 0%....50%....100% - 18 passes
==PROF== Profiling "elementwise_kernel" - 2310: 0%....50%....100% - 18 passes
==PROF== Profiling "CatArrayBatchedCopy" - 2311: 0%....50%....100% - 18 passes
==PROF== Profiling "elementwise_kernel" - 2312: 0%....50%....100% - 18 passes
==PROF== Profiling "vectorized_elementwise_kernel" - 2313: 0%....50%....100% - 18 passes
==PROF== Profiling "elementwise_kernel" - 2314: 0%....50%....100% - 18 passes
==PROF== Profiling "elementwise_kernel" - 2315: 0%....50%....100% - 18 passes
==PROF== Profiling "CatArrayBatchedCopy" - 2316: 0%....50%....100% - 18 passes
==PROF== Profiling "elementwise_kernel" - 2317: 0%....50%....100% - 18 passes
==PROF== Profiling "vectorized_elementwise_kernel" - 2318: 0%....50%....100% - 18 passes
==PROF== Profiling "CatArrayBatchedCopy_vectorized" - 2319: 0%....50%....100% - 18 passes
==PROF== Profiling "CatArrayBatchedCopy_vectorized" - 2320: 0%....50%....100% - 18 passes
==PROF== Profiling "flash_fwd_splitkv_kernel" - 2321: 0%....50%....100% - 18 passes
==PROF== Profiling "flash_fwd_splitkv_combine_ker..." - 2322: 0%....50%....100% - 18 passes
==PROF== Profiling "kernel" - 2323: 0%....50%....100% - 18 passes
==PROF== Profiling "vectorized_elementwise_kernel" - 2324: 0%....50%....100% - 18 passes
==PROF== Profiling "unrolled_elementwise_kernel" - 2325: 0%....50%....100% - 18 passes
==PROF== Profiling "vectorized_elementwise_kernel" - 2326: 0%....50%....100% - 18 passes
==PROF== Profiling "reduce_kernel" - 2327: 0%....50%....100% - 18 passes
==PROF== Profiling "vectorized_elementwise_kernel" - 2328: 0%....50%....100% - 18 passes
==PROF== Profiling "vectorized_elementwise_kernel" - 2329: 0%....50%....100% - 18 passes
==PROF== Profiling "elementwise_kernel" - 2330: 0%....50%....100% - 18 passes
==PROF== Profiling "vectorized_elementwise_kernel" - 2331: 0%....50%....100% - 18 passes
==PROF== Profiling "vectorized_elementwise_kernel" - 2332: 0%....50%....100% - 18 passes
==PROF== Profiling "kernel" - 2333: 0%....50%....100% - 18 passes
==PROF== Profiling "vectorized_elementwise_kernel" - 2334: 0%....50%....100% - 18 passes
==PROF== Profiling "kernel" - 2335: 0%....50%....100% - 18 passes
==PROF== Profiling "vectorized_elementwise_kernel" - 2336: 0%....50%....100% - 18 passes
==PROF== Profiling "kernel" - 2337: 0%....50%....100% - 18 passes
==PROF== Profiling "vectorized_elementwise_kernel" - 2338: 0%....50%....100% - 18 passes
==PROF== Profiling "unrolled_elementwise_kernel" - 2339: 0%....50%....100% - 18 passes
==PROF== Profiling "vectorized_elementwise_kernel" - 2340: 0%....50%....100% - 18 passes
==PROF== Profiling "reduce_kernel" - 2341: 0%....50%....100% - 18 passes
==PROF== Profiling "vectorized_elementwise_kernel" - 2342: 0%....50%....100% - 18 passes
==PROF== Profiling "vectorized_elementwise_kernel" - 2343: 0%....50%....100% - 18 passes
==PROF== Profiling "elementwise_kernel" - 2344: 0%....50%....100% - 18 passes
==PROF== Profiling "vectorized_elementwise_kernel" - 2345: 0%....50%....100% - 18 passes
==PROF== Profiling "vectorized_elementwise_kernel" - 2346: 0%....50%....100% - 18 passes
==PROF== Profiling "kernel" - 2347: 0%....50%....100% - 18 passes
==PROF== Profiling "unrolled_elementwise_kernel" - 2348: 0%....50%....100% - 18 passes
==PROF== Profiling "vectorized_elementwise_kernel" - 2349: 0%....50%....100% - 18 passes
==PROF== Profiling "reduce_kernel" - 2350: 0%....50%....100% - 18 passes
==PROF== Profiling "vectorized_elementwise_kernel" - 2351: 0%....50%....100% - 18 passes
==PROF== Profiling "vectorized_elementwise_kernel" - 2352: 0%....50%....100% - 18 passes
==PROF== Profiling "elementwise_kernel" - 2353: 0%....50%....100% - 18 passes
==PROF== Profiling "vectorized_elementwise_kernel" - 2354: 0%....50%....100% - 18 passes
==PROF== Profiling "elementwise_kernel" - 2355: 0%....50%....100% - 18 passes
==PROF== Profiling "kernel" - 2356: 0%....50%....100% - 18 passes
==PROF== Profiling "unrolled_elementwise_kernel" - 2357: 0%....50%....100% - 18 passes
==PROF== Profiling "vectorized_elementwise_kernel" - 2358: 0%....50%....100% - 18 passes
==PROF== Profiling "reduce_kernel" - 2359: 0%....50%....100% - 18 passes
==PROF== Profiling "vectorized_elementwise_kernel" - 2360: 0%....50%....100% - 18 passes
==PROF== Profiling "vectorized_elementwise_kernel" - 2361: 0%....50%....100% - 18 passes
==PROF== Profiling "elementwise_kernel" - 2362: 0%....50%....100% - 18 passes
==PROF== Profiling "vectorized_elementwise_kernel" - 2363: 0%....50%....100% - 18 passes
==PROF== Profiling "elementwise_kernel" - 2364: 0%....50%....100% - 18 passes
==PROF== Profiling "kernel" - 2365: 0%....50%....100% - 18 passes
==PROF== Profiling "elementwise_kernel" - 2366: 0%....50%....100% - 18 passes
==PROF== Profiling "elementwise_kernel" - 2367: 0%....50%....100% - 18 passes
==PROF== Profiling "CatArrayBatchedCopy" - 2368: 0%....50%....100% - 18 passes
==PROF== Profiling "elementwise_kernel" - 2369: 0%....50%....100% - 18 passes
==PROF== Profiling "vectorized_elementwise_kernel" - 2370: 0%....50%....100% - 18 passes
==PROF== Profiling "elementwise_kernel" - 2371: 0%....50%....100% - 18 passes
==PROF== Profiling "elementwise_kernel" - 2372: 0%....50%....100% - 18 passes
==PROF== Profiling "CatArrayBatchedCopy" - 2373: 0%....50%....100% - 18 passes
==PROF== Profiling "elementwise_kernel" - 2374: 0%....50%....100% - 18 passes
==PROF== Profiling "vectorized_elementwise_kernel" - 2375: 0%....50%....100% - 18 passes
==PROF== Profiling "CatArrayBatchedCopy_vectorized" - 2376: 0%....50%....100% - 18 passes
==PROF== Profiling "CatArrayBatchedCopy_vectorized" - 2377: 0%....50%....100% - 18 passes
==PROF== Profiling "flash_fwd_splitkv_kernel" - 2378: 0%....50%....100% - 18 passes
==PROF== Profiling "flash_fwd_splitkv_combine_ker..." - 2379: 0%....50%....100% - 18 passes
==PROF== Profiling "kernel" - 2380: 0%....50%....100% - 18 passes
==PROF== Profiling "vectorized_elementwise_kernel" - 2381: 0%....50%....100% - 18 passes
==PROF== Profiling "unrolled_elementwise_kernel" - 2382: 0%....50%....100% - 18 passes
==PROF== Profiling "vectorized_elementwise_kernel" - 2383: 0%....50%....100% - 18 passes
==PROF== Profiling "reduce_kernel" - 2384: 0%....50%....100% - 18 passes
==PROF== Profiling "vectorized_elementwise_kernel" - 2385: 0%....50%....100% - 18 passes
==PROF== Profiling "vectorized_elementwise_kernel" - 2386: 0%....50%....100% - 18 passes
==PROF== Profiling "elementwise_kernel" - 2387: 0%....50%....100% - 18 passes
==PROF== Profiling "vectorized_elementwise_kernel" - 2388: 0%....50%....100% - 18 passes
==PROF== Profiling "vectorized_elementwise_kernel" - 2389: 0%....50%....100% - 18 passes
==PROF== Profiling "kernel" - 2390: 0%....50%....100% - 18 passes
==PROF== Profiling "vectorized_elementwise_kernel" - 2391: 0%....50%....100% - 18 passes
==PROF== Profiling "kernel" - 2392: 0%....50%....100% - 18 passes
==PROF== Profiling "vectorized_elementwise_kernel" - 2393: 0%....50%....100% - 18 passes
==PROF== Profiling "kernel" - 2394: 0%....50%....100% - 18 passes
==PROF== Profiling "vectorized_elementwise_kernel" - 2395: 0%....50%....100% - 18 passes
==PROF== Profiling "unrolled_elementwise_kernel" - 2396: 0%....50%....100% - 18 passes
==PROF== Profiling "vectorized_elementwise_kernel" - 2397: 0%....50%....100% - 18 passes
==PROF== Profiling "reduce_kernel" - 2398: 0%....50%....100% - 18 passes
==PROF== Profiling "vectorized_elementwise_kernel" - 2399: 0%....50%....100% - 18 passes
==PROF== Profiling "vectorized_elementwise_kernel" - 2400: 0%....50%....100% - 18 passes
==PROF== Profiling "elementwise_kernel" - 2401: 0%....50%....100% - 18 passes
==PROF== Profiling "vectorized_elementwise_kernel" - 2402: 0%....50%....100% - 18 passes
==PROF== Profiling "vectorized_elementwise_kernel" - 2403: 0%....50%....100% - 18 passes
==PROF== Profiling "kernel" - 2404: 0%....50%....100% - 18 passes
==PROF== Profiling "unrolled_elementwise_kernel" - 2405: 0%....50%....100% - 18 passes
==PROF== Profiling "vectorized_elementwise_kernel" - 2406: 0%....50%....100% - 18 passes
==PROF== Profiling "reduce_kernel" - 2407: 0%....50%....100% - 18 passes
==PROF== Profiling "vectorized_elementwise_kernel" - 2408: 0%....50%....100% - 18 passes
==PROF== Profiling "vectorized_elementwise_kernel" - 2409: 0%....50%....100% - 18 passes
==PROF== Profiling "elementwise_kernel" - 2410: 0%....50%....100% - 18 passes
==PROF== Profiling "vectorized_elementwise_kernel" - 2411: 0%....50%....100% - 18 passes
==PROF== Profiling "elementwise_kernel" - 2412: 0%....50%....100% - 18 passes
==PROF== Profiling "kernel" - 2413: 0%....50%....100% - 18 passes
==PROF== Profiling "unrolled_elementwise_kernel" - 2414: 0%....50%....100% - 18 passes
==PROF== Profiling "vectorized_elementwise_kernel" - 2415: 0%....50%....100% - 18 passes
==PROF== Profiling "reduce_kernel" - 2416: 0%....50%....100% - 18 passes
==PROF== Profiling "vectorized_elementwise_kernel" - 2417: 0%....50%....100% - 18 passes
==PROF== Profiling "vectorized_elementwise_kernel" - 2418: 0%....50%....100% - 18 passes
==PROF== Profiling "elementwise_kernel" - 2419: 0%....50%....100% - 18 passes
==PROF== Profiling "vectorized_elementwise_kernel" - 2420: 0%....50%....100% - 18 passes
==PROF== Profiling "elementwise_kernel" - 2421: 0%....50%....100% - 18 passes
==PROF== Profiling "kernel" - 2422: 0%....50%....100% - 18 passes
==PROF== Profiling "elementwise_kernel" - 2423: 0%....50%....100% - 18 passes
==PROF== Profiling "elementwise_kernel" - 2424: 0%....50%....100% - 18 passes
==PROF== Profiling "CatArrayBatchedCopy" - 2425: 0%....50%....100% - 18 passes
==PROF== Profiling "elementwise_kernel" - 2426: 0%....50%....100% - 18 passes
==PROF== Profiling "vectorized_elementwise_kernel" - 2427: 0%....50%....100% - 18 passes
==PROF== Profiling "elementwise_kernel" - 2428: 0%....50%....100% - 18 passes
==PROF== Profiling "elementwise_kernel" - 2429: 0%....50%....100% - 18 passes
==PROF== Profiling "CatArrayBatchedCopy" - 2430: 0%....50%....100% - 18 passes
==PROF== Profiling "elementwise_kernel" - 2431: 0%....50%....100% - 18 passes
==PROF== Profiling "vectorized_elementwise_kernel" - 2432: 0%....50%....100% - 18 passes
==PROF== Profiling "CatArrayBatchedCopy_vectorized" - 2433: 0%....50%....100% - 18 passes
==PROF== Profiling "CatArrayBatchedCopy_vectorized" - 2434: 0%....50%....100% - 18 passes
==PROF== Profiling "flash_fwd_splitkv_kernel" - 2435: 0%....50%....100% - 18 passes
==PROF== Profiling "flash_fwd_splitkv_combine_ker..." - 2436: 0%....50%....100% - 18 passes
==PROF== Profiling "kernel" - 2437: 0%....50%....100% - 18 passes
==PROF== Profiling "vectorized_elementwise_kernel" - 2438: 0%....50%....100% - 18 passes
==PROF== Profiling "unrolled_elementwise_kernel" - 2439: 0%....50%....100% - 18 passes
==PROF== Profiling "vectorized_elementwise_kernel" - 2440: 0%....50%....100% - 18 passes
==PROF== Profiling "reduce_kernel" - 2441: 0%....50%....100% - 18 passes
==PROF== Profiling "vectorized_elementwise_kernel" - 2442: 0%....50%....100% - 18 passes
==PROF== Profiling "vectorized_elementwise_kernel" - 2443: 0%....50%....100% - 18 passes
==PROF== Profiling "elementwise_kernel" - 2444: 0%....50%....100% - 18 passes
==PROF== Profiling "vectorized_elementwise_kernel" - 2445: 0%....50%....100% - 18 passes
==PROF== Profiling "vectorized_elementwise_kernel" - 2446: 0%....50%....100% - 18 passes
==PROF== Profiling "kernel" - 2447: 0%....50%....100% - 18 passes
==PROF== Profiling "vectorized_elementwise_kernel" - 2448: 0%....50%....100% - 18 passes
==PROF== Profiling "kernel" - 2449: 0%....50%....100% - 18 passes
==PROF== Profiling "vectorized_elementwise_kernel" - 2450: 0%....50%....100% - 18 passes
==PROF== Profiling "kernel" - 2451: 0%....50%....100% - 18 passes
==PROF== Profiling "vectorized_elementwise_kernel" - 2452: 0%....50%....100% - 18 passes
==PROF== Profiling "unrolled_elementwise_kernel" - 2453: 0%....50%....100% - 18 passes
==PROF== Profiling "vectorized_elementwise_kernel" - 2454: 0%....50%....100% - 18 passes
==PROF== Profiling "reduce_kernel" - 2455: 0%....50%....100% - 18 passes
==PROF== Profiling "vectorized_elementwise_kernel" - 2456: 0%....50%....100% - 18 passes
==PROF== Profiling "vectorized_elementwise_kernel" - 2457: 0%....50%....100% - 18 passes
==PROF== Profiling "elementwise_kernel" - 2458: 0%....50%....100% - 18 passes
==PROF== Profiling "vectorized_elementwise_kernel" - 2459: 0%....50%....100% - 18 passes
==PROF== Profiling "vectorized_elementwise_kernel" - 2460: 0%....50%....100% - 18 passes
==PROF== Profiling "kernel" - 2461: 0%....50%....100% - 18 passes
==PROF== Profiling "unrolled_elementwise_kernel" - 2462: 0%....50%....100% - 18 passes
==PROF== Profiling "vectorized_elementwise_kernel" - 2463: 0%....50%....100% - 18 passes
==PROF== Profiling "reduce_kernel" - 2464: 0%....50%....100% - 18 passes
==PROF== Profiling "vectorized_elementwise_kernel" - 2465: 0%....50%....100% - 18 passes
==PROF== Profiling "vectorized_elementwise_kernel" - 2466: 0%....50%....100% - 18 passes
==PROF== Profiling "elementwise_kernel" - 2467: 0%....50%....100% - 18 passes
==PROF== Profiling "vectorized_elementwise_kernel" - 2468: 0%....50%....100% - 18 passes
==PROF== Profiling "elementwise_kernel" - 2469: 0%....50%....100% - 18 passes
==PROF== Profiling "kernel" - 2470: 0%....50%....100% - 18 passes
==PROF== Profiling "unrolled_elementwise_kernel" - 2471: 0%....50%....100% - 18 passes
==PROF== Profiling "vectorized_elementwise_kernel" - 2472: 0%....50%....100% - 18 passes
==PROF== Profiling "reduce_kernel" - 2473: 0%....50%....100% - 18 passes
==PROF== Profiling "vectorized_elementwise_kernel" - 2474: 0%....50%....100% - 18 passes
==PROF== Profiling "vectorized_elementwise_kernel" - 2475: 0%....50%....100% - 18 passes
==PROF== Profiling "elementwise_kernel" - 2476: 0%....50%....100% - 18 passes
==PROF== Profiling "vectorized_elementwise_kernel" - 2477: 0%....50%....100% - 18 passes
==PROF== Profiling "elementwise_kernel" - 2478: 0%....50%....100% - 18 passes
==PROF== Profiling "kernel" - 2479: 0%....50%....100% - 18 passes
==PROF== Profiling "elementwise_kernel" - 2480: 0%....50%....100% - 18 passes
==PROF== Profiling "elementwise_kernel" - 2481: 0%....50%....100% - 18 passes
==PROF== Profiling "CatArrayBatchedCopy" - 2482: 0%....50%....100% - 18 passes
==PROF== Profiling "elementwise_kernel" - 2483: 0%....50%....100% - 18 passes
==PROF== Profiling "vectorized_elementwise_kernel" - 2484: 0%....50%....100% - 18 passes
==PROF== Profiling "elementwise_kernel" - 2485: 0%....50%....100% - 18 passes
==PROF== Profiling "elementwise_kernel" - 2486: 0%....50%....100% - 18 passes
==PROF== Profiling "CatArrayBatchedCopy" - 2487: 0%....50%....100% - 18 passes
==PROF== Profiling "elementwise_kernel" - 2488: 0%....50%....100% - 18 passes
==PROF== Profiling "vectorized_elementwise_kernel" - 2489: 0%....50%....100% - 18 passes
==PROF== Profiling "CatArrayBatchedCopy_vectorized" - 2490: 0%....50%....100% - 18 passes
==PROF== Profiling "CatArrayBatchedCopy_vectorized" - 2491: 0%....50%....100% - 18 passes
==PROF== Profiling "flash_fwd_splitkv_kernel" - 2492: 0%....50%....100% - 18 passes
==PROF== Profiling "flash_fwd_splitkv_combine_ker..." - 2493: 0%....50%....100% - 18 passes
==PROF== Profiling "kernel" - 2494: 0%....50%....100% - 18 passes
==PROF== Profiling "vectorized_elementwise_kernel" - 2495: 0%....50%....100% - 18 passes
==PROF== Profiling "unrolled_elementwise_kernel" - 2496: 0%....50%....100% - 18 passes
==PROF== Profiling "vectorized_elementwise_kernel" - 2497: 0%....50%....100% - 18 passes
==PROF== Profiling "reduce_kernel" - 2498: 0%....50%....100% - 18 passes
==PROF== Profiling "vectorized_elementwise_kernel" - 2499: 0%....50%....100% - 18 passes
==PROF== Profiling "vectorized_elementwise_kernel" - 2500: 0%....50%....100% - 18 passes
==PROF== Profiling "elementwise_kernel" - 2501: 0%....50%....100% - 18 passes
==PROF== Profiling "vectorized_elementwise_kernel" - 2502: 0%....50%....100% - 18 passes
==PROF== Profiling "vectorized_elementwise_kernel" - 2503: 0%....50%....100% - 18 passes
==PROF== Profiling "kernel" - 2504: 0%....50%....100% - 18 passes
==PROF== Profiling "vectorized_elementwise_kernel" - 2505: 0%....50%....100% - 18 passes
==PROF== Profiling "kernel" - 2506: 0%....50%....100% - 18 passes
==PROF== Profiling "vectorized_elementwise_kernel" - 2507: 0%....50%....100% - 18 passes
==PROF== Profiling "kernel" - 2508: 0%....50%....100% - 18 passes
==PROF== Profiling "vectorized_elementwise_kernel" - 2509: 0%....50%....100% - 18 passes
==PROF== Profiling "unrolled_elementwise_kernel" - 2510: 0%....50%....100% - 18 passes
==PROF== Profiling "vectorized_elementwise_kernel" - 2511: 0%....50%....100% - 18 passes
==PROF== Profiling "reduce_kernel" - 2512: 0%....50%....100% - 18 passes
==PROF== Profiling "vectorized_elementwise_kernel" - 2513: 0%....50%....100% - 18 passes
==PROF== Profiling "vectorized_elementwise_kernel" - 2514: 0%....50%....100% - 18 passes
==PROF== Profiling "elementwise_kernel" - 2515: 0%....50%....100% - 18 passes
==PROF== Profiling "vectorized_elementwise_kernel" - 2516: 0%....50%....100% - 18 passes
==PROF== Profiling "vectorized_elementwise_kernel" - 2517: 0%....50%....100% - 18 passes
==PROF== Profiling "kernel" - 2518: 0%....50%....100% - 18 passes
==PROF== Profiling "unrolled_elementwise_kernel" - 2519: 0%....50%....100% - 18 passes
==PROF== Profiling "vectorized_elementwise_kernel" - 2520: 0%....50%....100% - 18 passes
==PROF== Profiling "reduce_kernel" - 2521: 0%....50%....100% - 18 passes
==PROF== Profiling "vectorized_elementwise_kernel" - 2522: 0%....50%....100% - 18 passes
==PROF== Profiling "vectorized_elementwise_kernel" - 2523: 0%....50%....100% - 18 passes
==PROF== Profiling "elementwise_kernel" - 2524: 0%....50%....100% - 18 passes
==PROF== Profiling "vectorized_elementwise_kernel" - 2525: 0%....50%....100% - 18 passes
==PROF== Profiling "elementwise_kernel" - 2526: 0%....50%....100% - 18 passes
==PROF== Profiling "kernel" - 2527: 0%....50%....100% - 18 passes
==PROF== Profiling "unrolled_elementwise_kernel" - 2528: 0%....50%....100% - 18 passes
==PROF== Profiling "vectorized_elementwise_kernel" - 2529: 0%....50%....100% - 18 passes
==PROF== Profiling "reduce_kernel" - 2530: 0%....50%....100% - 18 passes
==PROF== Profiling "vectorized_elementwise_kernel" - 2531: 0%....50%....100% - 18 passes
==PROF== Profiling "vectorized_elementwise_kernel" - 2532: 0%....50%....100% - 18 passes
==PROF== Profiling "elementwise_kernel" - 2533: 0%....50%....100% - 18 passes
==PROF== Profiling "vectorized_elementwise_kernel" - 2534: 0%....50%....100% - 18 passes
==PROF== Profiling "elementwise_kernel" - 2535: 0%....50%....100% - 18 passes
==PROF== Profiling "kernel" - 2536: 0%....50%....100% - 18 passes
==PROF== Profiling "elementwise_kernel" - 2537: 0%....50%....100% - 18 passes
==PROF== Profiling "elementwise_kernel" - 2538: 0%....50%....100% - 18 passes
==PROF== Profiling "CatArrayBatchedCopy" - 2539: 0%....50%....100% - 18 passes
==PROF== Profiling "elementwise_kernel" - 2540: 0%....50%....100% - 18 passes
==PROF== Profiling "vectorized_elementwise_kernel" - 2541: 0%....50%....100% - 18 passes
==PROF== Profiling "elementwise_kernel" - 2542: 0%....50%....100% - 18 passes
==PROF== Profiling "elementwise_kernel" - 2543: 0%....50%....100% - 18 passes
==PROF== Profiling "CatArrayBatchedCopy" - 2544: 0%....50%....100% - 18 passes
==PROF== Profiling "elementwise_kernel" - 2545: 0%....50%....100% - 18 passes
==PROF== Profiling "vectorized_elementwise_kernel" - 2546: 0%....50%....100% - 18 passes
==PROF== Profiling "CatArrayBatchedCopy_vectorized" - 2547: 0%....50%....100% - 18 passes
==PROF== Profiling "CatArrayBatchedCopy_vectorized" - 2548: 0%....50%....100% - 18 passes
==PROF== Profiling "flash_fwd_splitkv_kernel" - 2549: 0%....50%....100% - 18 passes
==PROF== Profiling "flash_fwd_splitkv_combine_ker..." - 2550: 0%....50%....100% - 18 passes
==PROF== Profiling "kernel" - 2551: 0%....50%....100% - 18 passes
==PROF== Profiling "vectorized_elementwise_kernel" - 2552: 0%....50%....100% - 18 passes
==PROF== Profiling "unrolled_elementwise_kernel" - 2553: 0%....50%....100% - 18 passes
==PROF== Profiling "vectorized_elementwise_kernel" - 2554: 0%....50%....100% - 18 passes
==PROF== Profiling "reduce_kernel" - 2555: 0%....50%....100% - 18 passes
==PROF== Profiling "vectorized_elementwise_kernel" - 2556: 0%....50%....100% - 18 passes
==PROF== Profiling "vectorized_elementwise_kernel" - 2557: 0%....50%....100% - 18 passes
==PROF== Profiling "elementwise_kernel" - 2558: 0%....50%....100% - 18 passes
==PROF== Profiling "vectorized_elementwise_kernel" - 2559: 0%....50%....100% - 18 passes
==PROF== Profiling "vectorized_elementwise_kernel" - 2560: 0%....50%....100% - 18 passes
==PROF== Profiling "kernel" - 2561: 0%....50%....100% - 18 passes
==PROF== Profiling "vectorized_elementwise_kernel" - 2562: 0%....50%....100% - 18 passes
==PROF== Profiling "kernel" - 2563: 0%....50%....100% - 18 passes
==PROF== Profiling "vectorized_elementwise_kernel" - 2564: 0%....50%....100% - 18 passes
==PROF== Profiling "kernel" - 2565: 0%....50%....100% - 18 passes
==PROF== Profiling "vectorized_elementwise_kernel" - 2566: 0%....50%....100% - 18 passes
==PROF== Profiling "unrolled_elementwise_kernel" - 2567: 0%....50%....100% - 18 passes
==PROF== Profiling "vectorized_elementwise_kernel" - 2568: 0%....50%....100% - 18 passes
==PROF== Profiling "reduce_kernel" - 2569: 0%....50%....100% - 18 passes
==PROF== Profiling "vectorized_elementwise_kernel" - 2570: 0%....50%....100% - 18 passes
==PROF== Profiling "vectorized_elementwise_kernel" - 2571: 0%....50%....100% - 18 passes
==PROF== Profiling "elementwise_kernel" - 2572: 0%....50%....100% - 18 passes
==PROF== Profiling "vectorized_elementwise_kernel" - 2573: 0%....50%....100% - 18 passes
==PROF== Profiling "vectorized_elementwise_kernel" - 2574: 0%....50%....100% - 18 passes
==PROF== Profiling "kernel" - 2575: 0%....50%....100% - 18 passes
==PROF== Profiling "unrolled_elementwise_kernel" - 2576: 0%....50%....100% - 18 passes
==PROF== Profiling "vectorized_elementwise_kernel" - 2577: 0%....50%....100% - 18 passes
==PROF== Profiling "reduce_kernel" - 2578: 0%....50%....100% - 18 passes
==PROF== Profiling "vectorized_elementwise_kernel" - 2579: 0%....50%....100% - 18 passes
==PROF== Profiling "vectorized_elementwise_kernel" - 2580: 0%....50%....100% - 18 passes
==PROF== Profiling "elementwise_kernel" - 2581: 0%....50%....100% - 18 passes
==PROF== Profiling "vectorized_elementwise_kernel" - 2582: 0%....50%....100% - 18 passes
==PROF== Profiling "elementwise_kernel" - 2583: 0%....50%....100% - 18 passes
==PROF== Profiling "kernel" - 2584: 0%....50%....100% - 18 passes
==PROF== Profiling "unrolled_elementwise_kernel" - 2585: 0%....50%....100% - 18 passes
==PROF== Profiling "vectorized_elementwise_kernel" - 2586: 0%....50%....100% - 18 passes
==PROF== Profiling "reduce_kernel" - 2587: 0%....50%....100% - 18 passes
==PROF== Profiling "vectorized_elementwise_kernel" - 2588: 0%....50%....100% - 18 passes
==PROF== Profiling "vectorized_elementwise_kernel" - 2589: 0%....50%....100% - 18 passes
==PROF== Profiling "elementwise_kernel" - 2590: 0%....50%....100% - 18 passes
==PROF== Profiling "vectorized_elementwise_kernel" - 2591: 0%....50%....100% - 18 passes
==PROF== Profiling "elementwise_kernel" - 2592: 0%....50%....100% - 18 passes
==PROF== Profiling "kernel" - 2593: 0%....50%....100% - 18 passes
==PROF== Profiling "elementwise_kernel" - 2594: 0%....50%....100% - 18 passes
==PROF== Profiling "elementwise_kernel" - 2595: 0%....50%....100% - 18 passes
==PROF== Profiling "CatArrayBatchedCopy" - 2596: 0%....50%....100% - 18 passes
==PROF== Profiling "elementwise_kernel" - 2597: 0%....50%....100% - 18 passes
==PROF== Profiling "vectorized_elementwise_kernel" - 2598: 0%....50%....100% - 18 passes
==PROF== Profiling "elementwise_kernel" - 2599: 0%....50%....100% - 18 passes
==PROF== Profiling "elementwise_kernel" - 2600: 0%....50%....100% - 18 passes
==PROF== Profiling "CatArrayBatchedCopy" - 2601: 0%....50%....100% - 18 passes
==PROF== Profiling "elementwise_kernel" - 2602: 0%....50%....100% - 18 passes
==PROF== Profiling "vectorized_elementwise_kernel" - 2603: 0%....50%....100% - 18 passes
==PROF== Profiling "CatArrayBatchedCopy_vectorized" - 2604: 0%....50%....100% - 18 passes
==PROF== Profiling "CatArrayBatchedCopy_vectorized" - 2605: 0%....50%....100% - 18 passes
==PROF== Profiling "flash_fwd_splitkv_kernel" - 2606: 0%....50%....100% - 18 passes
==PROF== Profiling "flash_fwd_splitkv_combine_ker..." - 2607: 0%....50%....100% - 18 passes
==PROF== Profiling "kernel" - 2608: 0%....50%....100% - 18 passes
==PROF== Profiling "vectorized_elementwise_kernel" - 2609: 0%....50%....100% - 18 passes
==PROF== Profiling "unrolled_elementwise_kernel" - 2610: 0%....50%....100% - 18 passes
==PROF== Profiling "vectorized_elementwise_kernel" - 2611: 0%....50%....100% - 18 passes
==PROF== Profiling "reduce_kernel" - 2612: 0%....50%....100% - 18 passes
==PROF== Profiling "vectorized_elementwise_kernel" - 2613: 0%....50%....100% - 18 passes
==PROF== Profiling "vectorized_elementwise_kernel" - 2614: 0%....50%....100% - 18 passes
==PROF== Profiling "elementwise_kernel" - 2615: 0%....50%....100% - 18 passes
==PROF== Profiling "vectorized_elementwise_kernel" - 2616: 0%....50%....100% - 18 passes
==PROF== Profiling "vectorized_elementwise_kernel" - 2617: 0%....50%....100% - 18 passes
==PROF== Profiling "kernel" - 2618: 0%....50%....100% - 18 passes
==PROF== Profiling "vectorized_elementwise_kernel" - 2619: 0%....50%....100% - 18 passes
==PROF== Profiling "kernel" - 2620: 0%....50%....100% - 18 passes
==PROF== Profiling "vectorized_elementwise_kernel" - 2621: 0%....50%....100% - 18 passes
==PROF== Profiling "kernel" - 2622: 0%....50%....100% - 18 passes
==PROF== Profiling "vectorized_elementwise_kernel" - 2623: 0%....50%....100% - 18 passes
==PROF== Profiling "unrolled_elementwise_kernel" - 2624: 0%....50%....100% - 18 passes
==PROF== Profiling "vectorized_elementwise_kernel" - 2625: 0%....50%....100% - 18 passes
==PROF== Profiling "reduce_kernel" - 2626: 0%....50%....100% - 18 passes
==PROF== Profiling "vectorized_elementwise_kernel" - 2627: 0%....50%....100% - 18 passes
==PROF== Profiling "vectorized_elementwise_kernel" - 2628: 0%....50%....100% - 18 passes
==PROF== Profiling "elementwise_kernel" - 2629: 0%....50%....100% - 18 passes
==PROF== Profiling "vectorized_elementwise_kernel" - 2630: 0%....50%....100% - 18 passes
==PROF== Profiling "vectorized_elementwise_kernel" - 2631: 0%....50%....100% - 18 passes
==PROF== Profiling "kernel" - 2632: 0%....50%....100% - 18 passes
==PROF== Profiling "unrolled_elementwise_kernel" - 2633: 0%....50%....100% - 18 passes
==PROF== Profiling "vectorized_elementwise_kernel" - 2634: 0%....50%....100% - 18 passes
==PROF== Profiling "reduce_kernel" - 2635: 0%....50%....100% - 18 passes
==PROF== Profiling "vectorized_elementwise_kernel" - 2636: 0%....50%....100% - 18 passes
==PROF== Profiling "vectorized_elementwise_kernel" - 2637: 0%....50%....100% - 18 passes
==PROF== Profiling "elementwise_kernel" - 2638: 0%....50%....100% - 18 passes
==PROF== Profiling "vectorized_elementwise_kernel" - 2639: 0%....50%....100% - 18 passes
==PROF== Profiling "elementwise_kernel" - 2640: 0%....50%....100% - 18 passes
==PROF== Profiling "kernel" - 2641: 0%....50%....100% - 18 passes
==PROF== Profiling "unrolled_elementwise_kernel" - 2642: 0%....50%....100% - 18 passes
==PROF== Profiling "vectorized_elementwise_kernel" - 2643: 0%....50%....100% - 18 passes
==PROF== Profiling "reduce_kernel" - 2644: 0%....50%....100% - 18 passes
==PROF== Profiling "vectorized_elementwise_kernel" - 2645: 0%....50%....100% - 18 passes
==PROF== Profiling "vectorized_elementwise_kernel" - 2646: 0%....50%....100% - 18 passes
==PROF== Profiling "elementwise_kernel" - 2647: 0%....50%....100% - 18 passes
==PROF== Profiling "vectorized_elementwise_kernel" - 2648: 0%....50%....100% - 18 passes
==PROF== Profiling "elementwise_kernel" - 2649: 0%....50%....100% - 18 passes
==PROF== Profiling "kernel" - 2650: 0%....50%....100% - 18 passes
==PROF== Profiling "elementwise_kernel" - 2651: 0%....50%....100% - 18 passes
==PROF== Profiling "elementwise_kernel" - 2652: 0%....50%....100% - 18 passes
==PROF== Profiling "CatArrayBatchedCopy" - 2653: 0%....50%....100% - 18 passes
==PROF== Profiling "elementwise_kernel" - 2654: 0%....50%....100% - 18 passes
==PROF== Profiling "vectorized_elementwise_kernel" - 2655: 0%....50%....100% - 18 passes
==PROF== Profiling "elementwise_kernel" - 2656: 0%....50%....100% - 18 passes
==PROF== Profiling "elementwise_kernel" - 2657: 0%....50%....100% - 18 passes
==PROF== Profiling "CatArrayBatchedCopy" - 2658: 0%....50%....100% - 18 passes
==PROF== Profiling "elementwise_kernel" - 2659: 0%....50%....100% - 18 passes
==PROF== Profiling "vectorized_elementwise_kernel" - 2660: 0%....50%....100% - 18 passes
==PROF== Profiling "CatArrayBatchedCopy_vectorized" - 2661: 0%....50%....100% - 18 passes
==PROF== Profiling "CatArrayBatchedCopy_vectorized" - 2662: 0%....50%....100% - 18 passes
==PROF== Profiling "flash_fwd_splitkv_kernel" - 2663: 0%....50%....100% - 18 passes
==PROF== Profiling "flash_fwd_splitkv_combine_ker..." - 2664: 0%....50%....100% - 18 passes
==PROF== Profiling "kernel" - 2665: 0%....50%....100% - 18 passes
==PROF== Profiling "vectorized_elementwise_kernel" - 2666: 0%....50%....100% - 18 passes
==PROF== Profiling "unrolled_elementwise_kernel" - 2667: 0%....50%....100% - 18 passes
==PROF== Profiling "vectorized_elementwise_kernel" - 2668: 0%....50%....100% - 18 passes
==PROF== Profiling "reduce_kernel" - 2669: 0%....50%....100% - 18 passes
==PROF== Profiling "vectorized_elementwise_kernel" - 2670: 0%....50%....100% - 18 passes
==PROF== Profiling "vectorized_elementwise_kernel" - 2671: 0%....50%....100% - 18 passes
==PROF== Profiling "elementwise_kernel" - 2672: 0%....50%....100% - 18 passes
==PROF== Profiling "vectorized_elementwise_kernel" - 2673: 0%....50%....100% - 18 passes
==PROF== Profiling "vectorized_elementwise_kernel" - 2674: 0%....50%....100% - 18 passes
==PROF== Profiling "kernel" - 2675: 0%....50%....100% - 18 passes
==PROF== Profiling "vectorized_elementwise_kernel" - 2676: 0%....50%....100% - 18 passes
==PROF== Profiling "kernel" - 2677: 0%....50%....100% - 18 passes
==PROF== Profiling "vectorized_elementwise_kernel" - 2678: 0%....50%....100% - 18 passes
==PROF== Profiling "kernel" - 2679: 0%....50%....100% - 18 passes
==PROF== Profiling "vectorized_elementwise_kernel" - 2680: 0%....50%....100% - 18 passes
==PROF== Profiling "unrolled_elementwise_kernel" - 2681: 0%....50%....100% - 18 passes
==PROF== Profiling "vectorized_elementwise_kernel" - 2682: 0%....50%....100% - 18 passes
==PROF== Profiling "reduce_kernel" - 2683: 0%....50%....100% - 18 passes
==PROF== Profiling "vectorized_elementwise_kernel" - 2684: 0%....50%....100% - 18 passes
==PROF== Profiling "vectorized_elementwise_kernel" - 2685: 0%....50%....100% - 18 passes
==PROF== Profiling "elementwise_kernel" - 2686: 0%....50%....100% - 18 passes
==PROF== Profiling "vectorized_elementwise_kernel" - 2687: 0%....50%....100% - 18 passes
==PROF== Profiling "vectorized_elementwise_kernel" - 2688: 0%....50%....100% - 18 passes
==PROF== Profiling "kernel" - 2689: 0%....50%....100% - 18 passes
==PROF== Profiling "unrolled_elementwise_kernel" - 2690: 0%....50%....100% - 18 passes
==PROF== Profiling "vectorized_elementwise_kernel" - 2691: 0%....50%....100% - 18 passes
==PROF== Profiling "reduce_kernel" - 2692: 0%....50%....100% - 18 passes
==PROF== Profiling "vectorized_elementwise_kernel" - 2693: 0%....50%....100% - 18 passes
==PROF== Profiling "vectorized_elementwise_kernel" - 2694: 0%....50%....100% - 18 passes
==PROF== Profiling "elementwise_kernel" - 2695: 0%....50%....100% - 18 passes
==PROF== Profiling "vectorized_elementwise_kernel" - 2696: 0%....50%....100% - 18 passes
==PROF== Profiling "elementwise_kernel" - 2697: 0%....50%....100% - 18 passes
==PROF== Profiling "kernel" - 2698: 0%....50%....100% - 18 passes
==PROF== Profiling "unrolled_elementwise_kernel" - 2699: 0%....50%....100% - 18 passes
==PROF== Profiling "vectorized_elementwise_kernel" - 2700: 0%....50%....100% - 18 passes
==PROF== Profiling "reduce_kernel" - 2701: 0%....50%....100% - 18 passes
==PROF== Profiling "vectorized_elementwise_kernel" - 2702: 0%....50%....100% - 18 passes
==PROF== Profiling "vectorized_elementwise_kernel" - 2703: 0%....50%....100% - 18 passes
==PROF== Profiling "elementwise_kernel" - 2704: 0%....50%....100% - 18 passes
==PROF== Profiling "vectorized_elementwise_kernel" - 2705: 0%....50%....100% - 18 passes
==PROF== Profiling "elementwise_kernel" - 2706: 0%....50%....100% - 18 passes
==PROF== Profiling "kernel" - 2707: 0%....50%....100% - 18 passes
==PROF== Profiling "elementwise_kernel" - 2708: 0%....50%....100% - 18 passes
==PROF== Profiling "elementwise_kernel" - 2709: 0%....50%....100% - 18 passes
==PROF== Profiling "CatArrayBatchedCopy" - 2710: 0%....50%....100% - 18 passes
==PROF== Profiling "elementwise_kernel" - 2711: 0%....50%....100% - 18 passes
==PROF== Profiling "vectorized_elementwise_kernel" - 2712: 0%....50%....100% - 18 passes
==PROF== Profiling "elementwise_kernel" - 2713: 0%....50%....100% - 18 passes
==PROF== Profiling "elementwise_kernel" - 2714: 0%....50%....100% - 18 passes
==PROF== Profiling "CatArrayBatchedCopy" - 2715: 0%....50%....100% - 18 passes
==PROF== Profiling "elementwise_kernel" - 2716: 0%....50%....100% - 18 passes
==PROF== Profiling "vectorized_elementwise_kernel" - 2717: 0%....50%....100% - 18 passes
==PROF== Profiling "CatArrayBatchedCopy_vectorized" - 2718: 0%....50%....100% - 18 passes
==PROF== Profiling "CatArrayBatchedCopy_vectorized" - 2719: 0%....50%....100% - 18 passes
==PROF== Profiling "flash_fwd_splitkv_kernel" - 2720: 0%....50%....100% - 18 passes
==PROF== Profiling "flash_fwd_splitkv_combine_ker..." - 2721: 0%....50%....100% - 18 passes
==PROF== Profiling "kernel" - 2722: 0%....50%....100% - 18 passes
==PROF== Profiling "vectorized_elementwise_kernel" - 2723: 0%....50%....100% - 18 passes
==PROF== Profiling "unrolled_elementwise_kernel" - 2724: 0%....50%....100% - 18 passes
==PROF== Profiling "vectorized_elementwise_kernel" - 2725: 0%....50%....100% - 18 passes
==PROF== Profiling "reduce_kernel" - 2726: 0%....50%....100% - 18 passes
==PROF== Profiling "vectorized_elementwise_kernel" - 2727: 0%....50%....100% - 18 passes
==PROF== Profiling "vectorized_elementwise_kernel" - 2728: 0%....50%....100% - 18 passes
==PROF== Profiling "elementwise_kernel" - 2729: 0%....50%....100% - 18 passes
==PROF== Profiling "vectorized_elementwise_kernel" - 2730: 0%....50%....100% - 18 passes
==PROF== Profiling "vectorized_elementwise_kernel" - 2731: 0%....50%....100% - 18 passes
==PROF== Profiling "kernel" - 2732: 0%....50%....100% - 18 passes
==PROF== Profiling "vectorized_elementwise_kernel" - 2733: 0%....50%....100% - 18 passes
==PROF== Profiling "kernel" - 2734: 0%....50%....100% - 18 passes
==PROF== Profiling "vectorized_elementwise_kernel" - 2735: 0%....50%....100% - 18 passes
==PROF== Profiling "kernel" - 2736: 0%....50%....100% - 18 passes
==PROF== Profiling "vectorized_elementwise_kernel" - 2737: 0%....50%....100% - 18 passes
==PROF== Profiling "unrolled_elementwise_kernel" - 2738: 0%....50%....100% - 18 passes
==PROF== Profiling "vectorized_elementwise_kernel" - 2739: 0%....50%....100% - 18 passes
==PROF== Profiling "reduce_kernel" - 2740: 0%....50%....100% - 18 passes
==PROF== Profiling "vectorized_elementwise_kernel" - 2741: 0%....50%....100% - 18 passes
==PROF== Profiling "vectorized_elementwise_kernel" - 2742: 0%....50%....100% - 18 passes
==PROF== Profiling "elementwise_kernel" - 2743: 0%....50%....100% - 18 passes
==PROF== Profiling "vectorized_elementwise_kernel" - 2744: 0%....50%....100% - 18 passes
==PROF== Profiling "vectorized_elementwise_kernel" - 2745: 0%....50%....100% - 18 passes
==PROF== Profiling "kernel" - 2746: 0%....50%....100% - 18 passes
==PROF== Profiling "unrolled_elementwise_kernel" - 2747: 0%....50%....100% - 18 passes
==PROF== Profiling "vectorized_elementwise_kernel" - 2748: 0%....50%....100% - 18 passes
==PROF== Profiling "reduce_kernel" - 2749: 0%....50%....100% - 18 passes
==PROF== Profiling "vectorized_elementwise_kernel" - 2750: 0%....50%....100% - 18 passes
==PROF== Profiling "vectorized_elementwise_kernel" - 2751: 0%....50%....100% - 18 passes
==PROF== Profiling "elementwise_kernel" - 2752: 0%....50%....100% - 18 passes
==PROF== Profiling "vectorized_elementwise_kernel" - 2753: 0%....50%....100% - 18 passes
==PROF== Profiling "elementwise_kernel" - 2754: 0%....50%....100% - 18 passes
==PROF== Profiling "kernel" - 2755: 0%....50%....100% - 18 passes
==PROF== Profiling "unrolled_elementwise_kernel" - 2756: 0%....50%....100% - 18 passes
==PROF== Profiling "vectorized_elementwise_kernel" - 2757: 0%....50%....100% - 18 passes
==PROF== Profiling "reduce_kernel" - 2758: 0%....50%....100% - 18 passes
==PROF== Profiling "vectorized_elementwise_kernel" - 2759: 0%....50%....100% - 18 passes
==PROF== Profiling "vectorized_elementwise_kernel" - 2760: 0%....50%....100% - 18 passes
==PROF== Profiling "elementwise_kernel" - 2761: 0%....50%....100% - 18 passes
==PROF== Profiling "vectorized_elementwise_kernel" - 2762: 0%....50%....100% - 18 passes
==PROF== Profiling "elementwise_kernel" - 2763: 0%....50%....100% - 18 passes
==PROF== Profiling "kernel" - 2764: 0%....50%....100% - 18 passes
==PROF== Profiling "elementwise_kernel" - 2765: 0%....50%....100% - 18 passes
==PROF== Profiling "elementwise_kernel" - 2766: 0%....50%....100% - 18 passes
==PROF== Profiling "CatArrayBatchedCopy" - 2767: 0%....50%....100% - 18 passes
==PROF== Profiling "elementwise_kernel" - 2768: 0%....50%....100% - 18 passes
==PROF== Profiling "vectorized_elementwise_kernel" - 2769: 0%....50%....100% - 18 passes
==PROF== Profiling "elementwise_kernel" - 2770: 0%....50%....100% - 18 passes
==PROF== Profiling "elementwise_kernel" - 2771: 0%....50%....100% - 18 passes
==PROF== Profiling "CatArrayBatchedCopy" - 2772: 0%....50%....100% - 18 passes
==PROF== Profiling "elementwise_kernel" - 2773: 0%....50%....100% - 18 passes
==PROF== Profiling "vectorized_elementwise_kernel" - 2774: 0%....50%....100% - 18 passes
==PROF== Profiling "CatArrayBatchedCopy_vectorized" - 2775: 0%....50%....100% - 18 passes
==PROF== Profiling "CatArrayBatchedCopy_vectorized" - 2776: 0%....50%....100% - 18 passes
==PROF== Profiling "flash_fwd_splitkv_kernel" - 2777: 0%....50%....100% - 18 passes
==PROF== Profiling "flash_fwd_splitkv_combine_ker..." - 2778: 0%....50%....100% - 18 passes
==PROF== Profiling "kernel" - 2779: 0%....50%....100% - 18 passes
==PROF== Profiling "vectorized_elementwise_kernel" - 2780: 0%....50%....100% - 18 passes
==PROF== Profiling "unrolled_elementwise_kernel" - 2781: 0%....50%....100% - 18 passes
==PROF== Profiling "vectorized_elementwise_kernel" - 2782: 0%....50%....100% - 18 passes
==PROF== Profiling "reduce_kernel" - 2783: 0%....50%....100% - 18 passes
==PROF== Profiling "vectorized_elementwise_kernel" - 2784: 0%....50%....100% - 18 passes
==PROF== Profiling "vectorized_elementwise_kernel" - 2785: 0%....50%....100% - 18 passes
==PROF== Profiling "elementwise_kernel" - 2786: 0%....50%....100% - 18 passes
==PROF== Profiling "vectorized_elementwise_kernel" - 2787: 0%....50%....100% - 18 passes
==PROF== Profiling "vectorized_elementwise_kernel" - 2788: 0%....50%....100% - 18 passes
==PROF== Profiling "kernel" - 2789: 0%....50%....100% - 18 passes
==PROF== Profiling "vectorized_elementwise_kernel" - 2790: 0%....50%....100% - 18 passes
==PROF== Profiling "kernel" - 2791: 0%....50%....100% - 18 passes
==PROF== Profiling "vectorized_elementwise_kernel" - 2792: 0%....50%....100% - 18 passes
==PROF== Profiling "kernel" - 2793: 0%....50%....100% - 18 passes
==PROF== Profiling "vectorized_elementwise_kernel" - 2794: 0%....50%....100% - 18 passes
==PROF== Profiling "unrolled_elementwise_kernel" - 2795: 0%....50%....100% - 18 passes
==PROF== Profiling "vectorized_elementwise_kernel" - 2796: 0%....50%....100% - 18 passes
==PROF== Profiling "reduce_kernel" - 2797: 0%....50%....100% - 18 passes
==PROF== Profiling "vectorized_elementwise_kernel" - 2798: 0%....50%....100% - 18 passes
==PROF== Profiling "vectorized_elementwise_kernel" - 2799: 0%....50%....100% - 18 passes
==PROF== Profiling "elementwise_kernel" - 2800: 0%....50%....100% - 18 passes
==PROF== Profiling "vectorized_elementwise_kernel" - 2801: 0%....50%....100% - 18 passes
==PROF== Profiling "vectorized_elementwise_kernel" - 2802: 0%....50%....100% - 18 passes
==PROF== Profiling "kernel" - 2803: 0%....50%....100% - 18 passes
==PROF== Profiling "unrolled_elementwise_kernel" - 2804: 0%....50%....100% - 18 passes
==PROF== Profiling "vectorized_elementwise_kernel" - 2805: 0%....50%....100% - 18 passes
==PROF== Profiling "reduce_kernel" - 2806: 0%....50%....100% - 18 passes
==PROF== Profiling "vectorized_elementwise_kernel" - 2807: 0%....50%....100% - 18 passes
==PROF== Profiling "vectorized_elementwise_kernel" - 2808: 0%....50%....100% - 18 passes
==PROF== Profiling "elementwise_kernel" - 2809: 0%....50%....100% - 18 passes
==PROF== Profiling "vectorized_elementwise_kernel" - 2810: 0%....50%....100% - 18 passes
==PROF== Profiling "elementwise_kernel" - 2811: 0%....50%....100% - 18 passes
==PROF== Profiling "kernel" - 2812: 0%....50%....100% - 18 passes
==PROF== Profiling "unrolled_elementwise_kernel" - 2813: 0%....50%....100% - 18 passes
==PROF== Profiling "vectorized_elementwise_kernel" - 2814: 0%....50%....100% - 18 passes
==PROF== Profiling "reduce_kernel" - 2815: 0%....50%....100% - 18 passes
==PROF== Profiling "vectorized_elementwise_kernel" - 2816: 0%....50%....100% - 18 passes
==PROF== Profiling "vectorized_elementwise_kernel" - 2817: 0%....50%....100% - 18 passes
==PROF== Profiling "elementwise_kernel" - 2818: 0%....50%....100% - 18 passes
==PROF== Profiling "vectorized_elementwise_kernel" - 2819: 0%....50%....100% - 18 passes
==PROF== Profiling "elementwise_kernel" - 2820: 0%....50%....100% - 18 passes
==PROF== Profiling "kernel" - 2821: 0%....50%....100% - 18 passes
==PROF== Profiling "elementwise_kernel" - 2822: 0%....50%....100% - 18 passes
==PROF== Profiling "elementwise_kernel" - 2823: 0%....50%....100% - 18 passes
==PROF== Profiling "CatArrayBatchedCopy" - 2824: 0%....50%....100% - 18 passes
==PROF== Profiling "elementwise_kernel" - 2825: 0%....50%....100% - 18 passes
==PROF== Profiling "vectorized_elementwise_kernel" - 2826: 0%....50%....100% - 18 passes
==PROF== Profiling "elementwise_kernel" - 2827: 0%....50%....100% - 18 passes
==PROF== Profiling "elementwise_kernel" - 2828: 0%....50%....100% - 18 passes
==PROF== Profiling "CatArrayBatchedCopy" - 2829: 0%....50%....100% - 18 passes
==PROF== Profiling "elementwise_kernel" - 2830: 0%....50%....100% - 18 passes
==PROF== Profiling "vectorized_elementwise_kernel" - 2831: 0%....50%....100% - 18 passes
==PROF== Profiling "CatArrayBatchedCopy_vectorized" - 2832: 0%....50%....100% - 18 passes
==PROF== Profiling "CatArrayBatchedCopy_vectorized" - 2833: 0%....50%....100% - 18 passes
==PROF== Profiling "flash_fwd_splitkv_kernel" - 2834: 0%....50%....100% - 18 passes
==PROF== Profiling "flash_fwd_splitkv_combine_ker..." - 2835: 0%....50%....100% - 18 passes
==PROF== Profiling "kernel" - 2836: 0%....50%....100% - 18 passes
==PROF== Profiling "vectorized_elementwise_kernel" - 2837: 0%....50%....100% - 18 passes
==PROF== Profiling "unrolled_elementwise_kernel" - 2838: 0%....50%....100% - 18 passes
==PROF== Profiling "vectorized_elementwise_kernel" - 2839: 0%....50%....100% - 18 passes
==PROF== Profiling "reduce_kernel" - 2840: 0%....50%....100% - 18 passes
==PROF== Profiling "vectorized_elementwise_kernel" - 2841: 0%....50%....100% - 18 passes
==PROF== Profiling "vectorized_elementwise_kernel" - 2842: 0%....50%....100% - 18 passes
==PROF== Profiling "elementwise_kernel" - 2843: 0%....50%....100% - 18 passes
==PROF== Profiling "vectorized_elementwise_kernel" - 2844: 0%....50%....100% - 18 passes
==PROF== Profiling "vectorized_elementwise_kernel" - 2845: 0%....50%....100% - 18 passes
==PROF== Profiling "kernel" - 2846: 0%....50%....100% - 18 passes
==PROF== Profiling "vectorized_elementwise_kernel" - 2847: 0%....50%....100% - 18 passes
==PROF== Profiling "kernel" - 2848: 0%....50%....100% - 18 passes
==PROF== Profiling "vectorized_elementwise_kernel" - 2849: 0%....50%....100% - 18 passes
==PROF== Profiling "kernel" - 2850: 0%....50%....100% - 18 passes
==PROF== Profiling "vectorized_elementwise_kernel" - 2851: 0%....50%....100% - 18 passes
==PROF== Profiling "unrolled_elementwise_kernel" - 2852: 0%....50%....100% - 18 passes
==PROF== Profiling "vectorized_elementwise_kernel" - 2853: 0%....50%....100% - 18 passes
==PROF== Profiling "reduce_kernel" - 2854: 0%....50%....100% - 18 passes
==PROF== Profiling "vectorized_elementwise_kernel" - 2855: 0%....50%....100% - 18 passes
==PROF== Profiling "vectorized_elementwise_kernel" - 2856: 0%....50%....100% - 18 passes
==PROF== Profiling "elementwise_kernel" - 2857: 0%....50%....100% - 18 passes
==PROF== Profiling "vectorized_elementwise_kernel" - 2858: 0%....50%....100% - 18 passes
==PROF== Profiling "vectorized_elementwise_kernel" - 2859: 0%....50%....100% - 18 passes
==PROF== Profiling "kernel" - 2860: 0%....50%....100% - 18 passes
==PROF== Profiling "unrolled_elementwise_kernel" - 2861: 0%....50%....100% - 18 passes
==PROF== Profiling "vectorized_elementwise_kernel" - 2862: 0%....50%....100% - 18 passes
==PROF== Profiling "reduce_kernel" - 2863: 0%....50%....100% - 18 passes
==PROF== Profiling "vectorized_elementwise_kernel" - 2864: 0%....50%....100% - 18 passes
==PROF== Profiling "vectorized_elementwise_kernel" - 2865: 0%....50%....100% - 18 passes
==PROF== Profiling "elementwise_kernel" - 2866: 0%....50%....100% - 18 passes
==PROF== Profiling "vectorized_elementwise_kernel" - 2867: 0%....50%....100% - 18 passes
==PROF== Profiling "elementwise_kernel" - 2868: 0%....50%....100% - 18 passes
==PROF== Profiling "kernel" - 2869: 0%....50%....100% - 18 passes
==PROF== Profiling "unrolled_elementwise_kernel" - 2870: 0%....50%....100% - 18 passes
==PROF== Profiling "vectorized_elementwise_kernel" - 2871: 0%....50%....100% - 18 passes
==PROF== Profiling "reduce_kernel" - 2872: 0%....50%....100% - 18 passes
==PROF== Profiling "vectorized_elementwise_kernel" - 2873: 0%....50%....100% - 18 passes
==PROF== Profiling "vectorized_elementwise_kernel" - 2874: 0%....50%....100% - 18 passes
==PROF== Profiling "elementwise_kernel" - 2875: 0%....50%....100% - 18 passes
==PROF== Profiling "vectorized_elementwise_kernel" - 2876: 0%....50%....100% - 18 passes
==PROF== Profiling "elementwise_kernel" - 2877: 0%....50%....100% - 18 passes
==PROF== Profiling "kernel" - 2878: 0%....50%....100% - 18 passes
==PROF== Profiling "elementwise_kernel" - 2879: 0%....50%....100% - 18 passes
==PROF== Profiling "elementwise_kernel" - 2880: 0%....50%....100% - 18 passes
==PROF== Profiling "CatArrayBatchedCopy" - 2881: 0%....50%....100% - 18 passes
==PROF== Profiling "elementwise_kernel" - 2882: 0%....50%....100% - 18 passes
==PROF== Profiling "vectorized_elementwise_kernel" - 2883: 0%....50%....100% - 18 passes
==PROF== Profiling "elementwise_kernel" - 2884: 0%....50%....100% - 18 passes
==PROF== Profiling "elementwise_kernel" - 2885: 0%....50%....100% - 18 passes
==PROF== Profiling "CatArrayBatchedCopy" - 2886: 0%....50%....100% - 18 passes
==PROF== Profiling "elementwise_kernel" - 2887: 0%....50%....100% - 18 passes
==PROF== Profiling "vectorized_elementwise_kernel" - 2888: 0%....50%....100% - 18 passes
==PROF== Profiling "CatArrayBatchedCopy_vectorized" - 2889: 0%....50%....100% - 18 passes
==PROF== Profiling "CatArrayBatchedCopy_vectorized" - 2890: 0%....50%....100% - 18 passes
==PROF== Profiling "flash_fwd_splitkv_kernel" - 2891: 0%....50%....100% - 18 passes
==PROF== Profiling "flash_fwd_splitkv_combine_ker..." - 2892: 0%....50%....100% - 18 passes
==PROF== Profiling "kernel" - 2893: 0%....50%....100% - 18 passes
==PROF== Profiling "vectorized_elementwise_kernel" - 2894: 0%....50%....100% - 18 passes
==PROF== Profiling "unrolled_elementwise_kernel" - 2895: 0%....50%....100% - 18 passes
==PROF== Profiling "vectorized_elementwise_kernel" - 2896: 0%....50%....100% - 18 passes
==PROF== Profiling "reduce_kernel" - 2897: 0%....50%....100% - 18 passes
==PROF== Profiling "vectorized_elementwise_kernel" - 2898: 0%....50%....100% - 18 passes
==PROF== Profiling "vectorized_elementwise_kernel" - 2899: 0%....50%....100% - 18 passes
==PROF== Profiling "elementwise_kernel" - 2900: 0%....50%....100% - 18 passes
==PROF== Profiling "vectorized_elementwise_kernel" - 2901: 0%....50%....100% - 18 passes
==PROF== Profiling "vectorized_elementwise_kernel" - 2902: 0%....50%....100% - 18 passes
==PROF== Profiling "kernel" - 2903: 0%....50%....100% - 18 passes
==PROF== Profiling "vectorized_elementwise_kernel" - 2904: 0%....50%....100% - 18 passes
==PROF== Profiling "kernel" - 2905: 0%....50%....100% - 18 passes
==PROF== Profiling "vectorized_elementwise_kernel" - 2906: 0%....50%....100% - 18 passes
==PROF== Profiling "kernel" - 2907: 0%....50%....100% - 18 passes
==PROF== Profiling "vectorized_elementwise_kernel" - 2908: 0%....50%....100% - 18 passes
==PROF== Profiling "unrolled_elementwise_kernel" - 2909: 0%....50%....100% - 18 passes
==PROF== Profiling "vectorized_elementwise_kernel" - 2910: 0%....50%....100% - 18 passes
==PROF== Profiling "reduce_kernel" - 2911: 0%....50%....100% - 18 passes
==PROF== Profiling "vectorized_elementwise_kernel" - 2912: 0%....50%....100% - 18 passes
==PROF== Profiling "vectorized_elementwise_kernel" - 2913: 0%....50%....100% - 18 passes
==PROF== Profiling "elementwise_kernel" - 2914: 0%....50%....100% - 18 passes
==PROF== Profiling "vectorized_elementwise_kernel" - 2915: 0%....50%....100% - 18 passes
==PROF== Profiling "vectorized_elementwise_kernel" - 2916: 0%....50%....100% - 18 passes
==PROF== Profiling "kernel" - 2917: 0%....50%....100% - 18 passes
==PROF== Profiling "unrolled_elementwise_kernel" - 2918: 0%....50%....100% - 18 passes
==PROF== Profiling "vectorized_elementwise_kernel" - 2919: 0%....50%....100% - 18 passes
==PROF== Profiling "reduce_kernel" - 2920: 0%....50%....100% - 18 passes
==PROF== Profiling "vectorized_elementwise_kernel" - 2921: 0%....50%....100% - 18 passes
==PROF== Profiling "vectorized_elementwise_kernel" - 2922: 0%....50%....100% - 18 passes
==PROF== Profiling "elementwise_kernel" - 2923: 0%....50%....100% - 18 passes
==PROF== Profiling "vectorized_elementwise_kernel" - 2924: 0%....50%....100% - 18 passes
==PROF== Profiling "elementwise_kernel" - 2925: 0%....50%....100% - 18 passes
==PROF== Profiling "kernel" - 2926: 0%....50%....100% - 18 passes
==PROF== Profiling "unrolled_elementwise_kernel" - 2927: 0%....50%....100% - 18 passes
==PROF== Profiling "vectorized_elementwise_kernel" - 2928: 0%....50%....100% - 18 passes
==PROF== Profiling "reduce_kernel" - 2929: 0%....50%....100% - 18 passes
==PROF== Profiling "vectorized_elementwise_kernel" - 2930: 0%....50%....100% - 18 passes
==PROF== Profiling "vectorized_elementwise_kernel" - 2931: 0%....50%....100% - 18 passes
==PROF== Profiling "elementwise_kernel" - 2932: 0%....50%....100% - 18 passes
==PROF== Profiling "vectorized_elementwise_kernel" - 2933: 0%....50%....100% - 18 passes
==PROF== Profiling "elementwise_kernel" - 2934: 0%....50%....100% - 18 passes
==PROF== Profiling "kernel" - 2935: 0%....50%....100% - 18 passes
==PROF== Profiling "elementwise_kernel" - 2936: 0%....50%....100% - 18 passes
==PROF== Profiling "elementwise_kernel" - 2937: 0%....50%....100% - 18 passes
==PROF== Profiling "CatArrayBatchedCopy" - 2938: 0%....50%....100% - 18 passes
==PROF== Profiling "elementwise_kernel" - 2939: 0%....50%....100% - 18 passes
==PROF== Profiling "vectorized_elementwise_kernel" - 2940: 0%....50%....100% - 18 passes
==PROF== Profiling "elementwise_kernel" - 2941: 0%....50%....100% - 18 passes
==PROF== Profiling "elementwise_kernel" - 2942: 0%....50%....100% - 18 passes
==PROF== Profiling "CatArrayBatchedCopy" - 2943: 0%....50%....100% - 18 passes
==PROF== Profiling "elementwise_kernel" - 2944: 0%....50%....100% - 18 passes
==PROF== Profiling "vectorized_elementwise_kernel" - 2945: 0%....50%....100% - 18 passes
==PROF== Profiling "CatArrayBatchedCopy_vectorized" - 2946: 0%....50%....100% - 18 passes
==PROF== Profiling "CatArrayBatchedCopy_vectorized" - 2947: 0%....50%....100% - 18 passes
==PROF== Profiling "flash_fwd_splitkv_kernel" - 2948: 0%....50%....100% - 18 passes
==PROF== Profiling "flash_fwd_splitkv_combine_ker..." - 2949: 0%....50%....100% - 18 passes
==PROF== Profiling "kernel" - 2950: 0%....50%....100% - 18 passes
==PROF== Profiling "vectorized_elementwise_kernel" - 2951: 0%....50%....100% - 18 passes
==PROF== Profiling "unrolled_elementwise_kernel" - 2952: 0%....50%....100% - 18 passes
==PROF== Profiling "vectorized_elementwise_kernel" - 2953: 0%....50%....100% - 18 passes
==PROF== Profiling "reduce_kernel" - 2954: 0%....50%....100% - 18 passes
==PROF== Profiling "vectorized_elementwise_kernel" - 2955: 0%....50%....100% - 18 passes
==PROF== Profiling "vectorized_elementwise_kernel" - 2956: 0%....50%....100% - 18 passes
==PROF== Profiling "elementwise_kernel" - 2957: 0%....50%....100% - 18 passes
==PROF== Profiling "vectorized_elementwise_kernel" - 2958: 0%....50%....100% - 18 passes
==PROF== Profiling "vectorized_elementwise_kernel" - 2959: 0%....50%....100% - 18 passes
==PROF== Profiling "kernel" - 2960: 0%....50%....100% - 18 passes
==PROF== Profiling "vectorized_elementwise_kernel" - 2961: 0%....50%....100% - 18 passes
==PROF== Profiling "kernel" - 2962: 0%....50%....100% - 18 passes
==PROF== Profiling "vectorized_elementwise_kernel" - 2963: 0%....50%....100% - 18 passes
==PROF== Profiling "kernel" - 2964: 0%....50%....100% - 18 passes
==PROF== Profiling "vectorized_elementwise_kernel" - 2965: 0%....50%....100% - 18 passes
==PROF== Profiling "unrolled_elementwise_kernel" - 2966: 0%....50%....100% - 18 passes
==PROF== Profiling "vectorized_elementwise_kernel" - 2967: 0%....50%....100% - 18 passes
==PROF== Profiling "reduce_kernel" - 2968: 0%....50%....100% - 18 passes
==PROF== Profiling "vectorized_elementwise_kernel" - 2969: 0%....50%....100% - 18 passes
==PROF== Profiling "vectorized_elementwise_kernel" - 2970: 0%....50%....100% - 18 passes
==PROF== Profiling "elementwise_kernel" - 2971: 0%....50%....100% - 18 passes
==PROF== Profiling "vectorized_elementwise_kernel" - 2972: 0%....50%....100% - 18 passes
==PROF== Profiling "vectorized_elementwise_kernel" - 2973: 0%....50%....100% - 18 passes
==PROF== Profiling "kernel" - 2974: 0%....50%....100% - 18 passes
==PROF== Profiling "unrolled_elementwise_kernel" - 2975: 0%....50%....100% - 18 passes
==PROF== Profiling "vectorized_elementwise_kernel" - 2976: 0%....50%....100% - 18 passes
==PROF== Profiling "reduce_kernel" - 2977: 0%....50%....100% - 18 passes
==PROF== Profiling "vectorized_elementwise_kernel" - 2978: 0%....50%....100% - 18 passes
==PROF== Profiling "vectorized_elementwise_kernel" - 2979: 0%....50%....100% - 18 passes
==PROF== Profiling "elementwise_kernel" - 2980: 0%....50%....100% - 18 passes
==PROF== Profiling "vectorized_elementwise_kernel" - 2981: 0%....50%....100% - 18 passes
==PROF== Profiling "elementwise_kernel" - 2982: 0%....50%....100% - 18 passes
==PROF== Profiling "kernel" - 2983: 0%....50%....100% - 18 passes
==PROF== Profiling "unrolled_elementwise_kernel" - 2984: 0%....50%....100% - 18 passes
==PROF== Profiling "vectorized_elementwise_kernel" - 2985: 0%....50%....100% - 18 passes
==PROF== Profiling "reduce_kernel" - 2986: 0%....50%....100% - 18 passes
==PROF== Profiling "vectorized_elementwise_kernel" - 2987: 0%....50%....100% - 18 passes
==PROF== Profiling "vectorized_elementwise_kernel" - 2988: 0%....50%....100% - 18 passes
==PROF== Profiling "elementwise_kernel" - 2989: 0%....50%....100% - 18 passes
==PROF== Profiling "vectorized_elementwise_kernel" - 2990: 0%....50%....100% - 18 passes
==PROF== Profiling "elementwise_kernel" - 2991: 0%....50%....100% - 18 passes
==PROF== Profiling "kernel" - 2992: 0%....50%....100% - 18 passes
==PROF== Profiling "elementwise_kernel" - 2993: 0%....50%....100% - 18 passes
==PROF== Profiling "elementwise_kernel" - 2994: 0%....50%....100% - 18 passes
==PROF== Profiling "CatArrayBatchedCopy" - 2995: 0%....50%....100% - 18 passes
==PROF== Profiling "elementwise_kernel" - 2996: 0%....50%....100% - 18 passes
==PROF== Profiling "vectorized_elementwise_kernel" - 2997: 0%....50%....100% - 18 passes
==PROF== Profiling "elementwise_kernel" - 2998: 0%....50%....100% - 18 passes
==PROF== Profiling "elementwise_kernel" - 2999: 0%....50%....100% - 18 passes
==PROF== Profiling "CatArrayBatchedCopy" - 3000: 0%....50%....100% - 18 passes
==PROF== Profiling "elementwise_kernel" - 3001: 0%....50%....100% - 18 passes
==PROF== Profiling "vectorized_elementwise_kernel" - 3002: 0%....50%....100% - 18 passes
==PROF== Profiling "CatArrayBatchedCopy_vectorized" - 3003: 0%....50%....100% - 18 passes
==PROF== Profiling "CatArrayBatchedCopy_vectorized" - 3004: 0%....50%....100% - 18 passes
==PROF== Profiling "flash_fwd_splitkv_kernel" - 3005: 0%....50%....100% - 18 passes
==PROF== Profiling "flash_fwd_splitkv_combine_ker..." - 3006: 0%....50%....100% - 18 passes
==PROF== Profiling "kernel" - 3007: 0%....50%....100% - 18 passes
==PROF== Profiling "vectorized_elementwise_kernel" - 3008: 0%....50%....100% - 18 passes
==PROF== Profiling "unrolled_elementwise_kernel" - 3009: 0%....50%....100% - 18 passes
==PROF== Profiling "vectorized_elementwise_kernel" - 3010: 0%....50%....100% - 18 passes
==PROF== Profiling "reduce_kernel" - 3011: 0%....50%....100% - 18 passes
==PROF== Profiling "vectorized_elementwise_kernel" - 3012: 0%....50%....100% - 18 passes
==PROF== Profiling "vectorized_elementwise_kernel" - 3013: 0%....50%....100% - 18 passes
==PROF== Profiling "elementwise_kernel" - 3014: 0%....50%....100% - 18 passes
==PROF== Profiling "vectorized_elementwise_kernel" - 3015: 0%....50%....100% - 18 passes
==PROF== Profiling "vectorized_elementwise_kernel" - 3016: 0%....50%....100% - 18 passes
==PROF== Profiling "kernel" - 3017: 0%....50%....100% - 18 passes
==PROF== Profiling "vectorized_elementwise_kernel" - 3018: 0%....50%....100% - 18 passes
==PROF== Profiling "kernel" - 3019: 0%....50%....100% - 18 passes
==PROF== Profiling "vectorized_elementwise_kernel" - 3020: 0%....50%....100% - 18 passes
==PROF== Profiling "kernel" - 3021: 0%....50%....100% - 18 passes
==PROF== Profiling "vectorized_elementwise_kernel" - 3022: 0%....50%....100% - 18 passes
==PROF== Profiling "unrolled_elementwise_kernel" - 3023: 0%....50%....100% - 18 passes
==PROF== Profiling "vectorized_elementwise_kernel" - 3024: 0%....50%....100% - 18 passes
==PROF== Profiling "reduce_kernel" - 3025: 0%....50%....100% - 18 passes
==PROF== Profiling "vectorized_elementwise_kernel" - 3026: 0%....50%....100% - 18 passes
==PROF== Profiling "vectorized_elementwise_kernel" - 3027: 0%....50%....100% - 18 passes
==PROF== Profiling "elementwise_kernel" - 3028: 0%....50%....100% - 18 passes
==PROF== Profiling "vectorized_elementwise_kernel" - 3029: 0%....50%....100% - 18 passes
==PROF== Profiling "vectorized_elementwise_kernel" - 3030: 0%....50%....100% - 18 passes
==PROF== Profiling "kernel" - 3031: 0%....50%....100% - 18 passes
==PROF== Profiling "unrolled_elementwise_kernel" - 3032: 0%....50%....100% - 18 passes
==PROF== Profiling "vectorized_elementwise_kernel" - 3033: 0%....50%....100% - 18 passes
==PROF== Profiling "reduce_kernel" - 3034: 0%....50%....100% - 18 passes
==PROF== Profiling "vectorized_elementwise_kernel" - 3035: 0%....50%....100% - 18 passes
==PROF== Profiling "vectorized_elementwise_kernel" - 3036: 0%....50%....100% - 18 passes
==PROF== Profiling "elementwise_kernel" - 3037: 0%....50%....100% - 18 passes
==PROF== Profiling "vectorized_elementwise_kernel" - 3038: 0%....50%....100% - 18 passes
==PROF== Profiling "elementwise_kernel" - 3039: 0%....50%....100% - 18 passes
==PROF== Profiling "kernel" - 3040: 0%....50%....100% - 18 passes
==PROF== Profiling "unrolled_elementwise_kernel" - 3041: 0%....50%....100% - 18 passes
==PROF== Profiling "vectorized_elementwise_kernel" - 3042: 0%....50%....100% - 18 passes
==PROF== Profiling "reduce_kernel" - 3043: 0%....50%....100% - 18 passes
==PROF== Profiling "vectorized_elementwise_kernel" - 3044: 0%....50%....100% - 18 passes
==PROF== Profiling "vectorized_elementwise_kernel" - 3045: 0%....50%....100% - 18 passes
==PROF== Profiling "elementwise_kernel" - 3046: 0%....50%....100% - 18 passes
==PROF== Profiling "vectorized_elementwise_kernel" - 3047: 0%....50%....100% - 18 passes
==PROF== Profiling "elementwise_kernel" - 3048: 0%....50%....100% - 18 passes
==PROF== Profiling "kernel" - 3049: 0%....50%....100% - 18 passes
==PROF== Profiling "elementwise_kernel" - 3050: 0%....50%....100% - 18 passes
==PROF== Profiling "elementwise_kernel" - 3051: 0%....50%....100% - 18 passes
==PROF== Profiling "CatArrayBatchedCopy" - 3052: 0%....50%....100% - 18 passes
==PROF== Profiling "elementwise_kernel" - 3053: 0%....50%....100% - 18 passes
==PROF== Profiling "vectorized_elementwise_kernel" - 3054: 0%....50%....100% - 18 passes
==PROF== Profiling "elementwise_kernel" - 3055: 0%....50%....100% - 18 passes
==PROF== Profiling "elementwise_kernel" - 3056: 0%....50%....100% - 18 passes
==PROF== Profiling "CatArrayBatchedCopy" - 3057: 0%....50%....100% - 18 passes
==PROF== Profiling "elementwise_kernel" - 3058: 0%....50%....100% - 18 passes
==PROF== Profiling "vectorized_elementwise_kernel" - 3059: 0%....50%....100% - 18 passes
==PROF== Profiling "CatArrayBatchedCopy_vectorized" - 3060: 0%....50%....100% - 18 passes
==PROF== Profiling "CatArrayBatchedCopy_vectorized" - 3061: 0%....50%....100% - 18 passes
==PROF== Profiling "flash_fwd_splitkv_kernel" - 3062: 0%....50%....100% - 18 passes
==PROF== Profiling "flash_fwd_splitkv_combine_ker..." - 3063: 0%....50%....100% - 18 passes
==PROF== Profiling "kernel" - 3064: 0%....50%....100% - 18 passes
==PROF== Profiling "vectorized_elementwise_kernel" - 3065: 0%....50%....100% - 18 passes
==PROF== Profiling "unrolled_elementwise_kernel" - 3066: 0%....50%....100% - 18 passes
==PROF== Profiling "vectorized_elementwise_kernel" - 3067: 0%....50%....100% - 18 passes
==PROF== Profiling "reduce_kernel" - 3068: 0%....50%....100% - 18 passes
==PROF== Profiling "vectorized_elementwise_kernel" - 3069: 0%....50%....100% - 18 passes
==PROF== Profiling "vectorized_elementwise_kernel" - 3070: 0%....50%....100% - 18 passes
==PROF== Profiling "elementwise_kernel" - 3071: 0%....50%....100% - 18 passes
==PROF== Profiling "vectorized_elementwise_kernel" - 3072: 0%....50%....100% - 18 passes
==PROF== Profiling "vectorized_elementwise_kernel" - 3073: 0%....50%....100% - 18 passes
==PROF== Profiling "kernel" - 3074: 0%....50%....100% - 18 passes
==PROF== Profiling "vectorized_elementwise_kernel" - 3075: 0%....50%....100% - 18 passes
==PROF== Profiling "kernel" - 3076: 0%....50%....100% - 18 passes
==PROF== Profiling "vectorized_elementwise_kernel" - 3077: 0%....50%....100% - 18 passes
==PROF== Profiling "kernel" - 3078: 0%....50%....100% - 18 passes
==PROF== Profiling "vectorized_elementwise_kernel" - 3079: 0%....50%....100% - 18 passes
==PROF== Profiling "unrolled_elementwise_kernel" - 3080: 0%....50%....100% - 18 passes
==PROF== Profiling "vectorized_elementwise_kernel" - 3081: 0%....50%....100% - 18 passes
==PROF== Profiling "reduce_kernel" - 3082: 0%....50%....100% - 18 passes
==PROF== Profiling "vectorized_elementwise_kernel" - 3083: 0%....50%....100% - 18 passes
==PROF== Profiling "vectorized_elementwise_kernel" - 3084: 0%....50%....100% - 18 passes
==PROF== Profiling "elementwise_kernel" - 3085: 0%....50%....100% - 18 passes
==PROF== Profiling "vectorized_elementwise_kernel" - 3086: 0%....50%....100% - 18 passes
==PROF== Profiling "vectorized_elementwise_kernel" - 3087: 0%....50%....100% - 18 passes
==PROF== Profiling "kernel" - 3088: 0%....50%....100% - 18 passes
==PROF== Profiling "unrolled_elementwise_kernel" - 3089: 0%....50%....100% - 18 passes
==PROF== Profiling "vectorized_elementwise_kernel" - 3090: 0%....50%....100% - 18 passes
==PROF== Profiling "reduce_kernel" - 3091: 0%....50%....100% - 18 passes
==PROF== Profiling "vectorized_elementwise_kernel" - 3092: 0%....50%....100% - 18 passes
==PROF== Profiling "vectorized_elementwise_kernel" - 3093: 0%....50%....100% - 18 passes
==PROF== Profiling "elementwise_kernel" - 3094: 0%....50%....100% - 18 passes
==PROF== Profiling "vectorized_elementwise_kernel" - 3095: 0%....50%....100% - 18 passes
==PROF== Profiling "elementwise_kernel" - 3096: 0%....50%....100% - 18 passes
==PROF== Profiling "kernel" - 3097: 0%....50%....100% - 18 passes
==PROF== Profiling "unrolled_elementwise_kernel" - 3098: 0%....50%....100% - 18 passes
==PROF== Profiling "vectorized_elementwise_kernel" - 3099: 0%....50%....100% - 18 passes
==PROF== Profiling "reduce_kernel" - 3100: 0%....50%....100% - 18 passes
==PROF== Profiling "vectorized_elementwise_kernel" - 3101: 0%....50%....100% - 18 passes
==PROF== Profiling "vectorized_elementwise_kernel" - 3102: 0%....50%....100% - 18 passes
==PROF== Profiling "elementwise_kernel" - 3103: 0%....50%....100% - 18 passes
==PROF== Profiling "vectorized_elementwise_kernel" - 3104: 0%....50%....100% - 18 passes
==PROF== Profiling "elementwise_kernel" - 3105: 0%....50%....100% - 18 passes
==PROF== Profiling "kernel" - 3106: 0%....50%....100% - 18 passes
==PROF== Profiling "elementwise_kernel" - 3107: 0%....50%....100% - 18 passes
==PROF== Profiling "elementwise_kernel" - 3108: 0%....50%....100% - 18 passes
==PROF== Profiling "CatArrayBatchedCopy" - 3109: 0%....50%....100% - 18 passes
==PROF== Profiling "elementwise_kernel" - 3110: 0%....50%....100% - 18 passes
==PROF== Profiling "vectorized_elementwise_kernel" - 3111: 0%....50%....100% - 18 passes
==PROF== Profiling "elementwise_kernel" - 3112: 0%....50%....100% - 18 passes
==PROF== Profiling "elementwise_kernel" - 3113: 0%....50%....100% - 18 passes
==PROF== Profiling "CatArrayBatchedCopy" - 3114: 0%....50%....100% - 18 passes
==PROF== Profiling "elementwise_kernel" - 3115: 0%....50%....100% - 18 passes
==PROF== Profiling "vectorized_elementwise_kernel" - 3116: 0%....50%....100% - 18 passes
==PROF== Profiling "CatArrayBatchedCopy_vectorized" - 3117: 0%....50%....100% - 18 passes
==PROF== Profiling "CatArrayBatchedCopy_vectorized" - 3118: 0%....50%....100% - 18 passes
==PROF== Profiling "flash_fwd_splitkv_kernel" - 3119: 0%....50%....100% - 18 passes
==PROF== Profiling "flash_fwd_splitkv_combine_ker..." - 3120: 0%....50%....100% - 18 passes
==PROF== Profiling "kernel" - 3121: 0%....50%....100% - 18 passes
==PROF== Profiling "vectorized_elementwise_kernel" - 3122: 0%....50%....100% - 18 passes
==PROF== Profiling "unrolled_elementwise_kernel" - 3123: 0%....50%....100% - 18 passes
==PROF== Profiling "vectorized_elementwise_kernel" - 3124: 0%....50%....100% - 18 passes
==PROF== Profiling "reduce_kernel" - 3125: 0%....50%....100% - 18 passes
==PROF== Profiling "vectorized_elementwise_kernel" - 3126: 0%....50%....100% - 18 passes
==PROF== Profiling "vectorized_elementwise_kernel" - 3127: 0%....50%....100% - 18 passes
==PROF== Profiling "elementwise_kernel" - 3128: 0%....50%....100% - 18 passes
==PROF== Profiling "vectorized_elementwise_kernel" - 3129: 0%....50%....100% - 18 passes
==PROF== Profiling "vectorized_elementwise_kernel" - 3130: 0%....50%....100% - 18 passes
==PROF== Profiling "kernel" - 3131: 0%....50%....100% - 18 passes
==PROF== Profiling "vectorized_elementwise_kernel" - 3132: 0%....50%....100% - 18 passes
==PROF== Profiling "kernel" - 3133: 0%....50%....100% - 18 passes
==PROF== Profiling "vectorized_elementwise_kernel" - 3134: 0%....50%....100% - 18 passes
==PROF== Profiling "kernel" - 3135: 0%....50%....100% - 18 passes
==PROF== Profiling "vectorized_elementwise_kernel" - 3136: 0%....50%....100% - 18 passes
==PROF== Profiling "unrolled_elementwise_kernel" - 3137: 0%....50%....100% - 18 passes
==PROF== Profiling "vectorized_elementwise_kernel" - 3138: 0%....50%....100% - 18 passes
==PROF== Profiling "reduce_kernel" - 3139: 0%....50%....100% - 18 passes
==PROF== Profiling "vectorized_elementwise_kernel" - 3140: 0%....50%....100% - 18 passes
==PROF== Profiling "vectorized_elementwise_kernel" - 3141: 0%....50%....100% - 18 passes
==PROF== Profiling "elementwise_kernel" - 3142: 0%....50%....100% - 18 passes
==PROF== Profiling "vectorized_elementwise_kernel" - 3143: 0%....50%....100% - 18 passes
==PROF== Profiling "vectorized_elementwise_kernel" - 3144: 0%....50%....100% - 18 passes
==PROF== Profiling "kernel" - 3145: 0%....50%....100% - 18 passes
==PROF== Profiling "unrolled_elementwise_kernel" - 3146: 0%....50%....100% - 18 passes
==PROF== Profiling "vectorized_elementwise_kernel" - 3147: 0%....50%....100% - 18 passes
==PROF== Profiling "reduce_kernel" - 3148: 0%....50%....100% - 18 passes
==PROF== Profiling "vectorized_elementwise_kernel" - 3149: 0%....50%....100% - 18 passes
==PROF== Profiling "vectorized_elementwise_kernel" - 3150: 0%....50%....100% - 18 passes
==PROF== Profiling "elementwise_kernel" - 3151: 0%....50%....100% - 18 passes
==PROF== Profiling "vectorized_elementwise_kernel" - 3152: 0%....50%....100% - 18 passes
==PROF== Profiling "elementwise_kernel" - 3153: 0%....50%....100% - 18 passes
==PROF== Profiling "kernel" - 3154: 0%....50%....100% - 18 passes
==PROF== Profiling "unrolled_elementwise_kernel" - 3155: 0%....50%....100% - 18 passes
==PROF== Profiling "vectorized_elementwise_kernel" - 3156: 0%....50%....100% - 18 passes
==PROF== Profiling "reduce_kernel" - 3157: 0%....50%....100% - 18 passes
==PROF== Profiling "vectorized_elementwise_kernel" - 3158: 0%....50%....100% - 18 passes
==PROF== Profiling "vectorized_elementwise_kernel" - 3159: 0%....50%....100% - 18 passes
==PROF== Profiling "elementwise_kernel" - 3160: 0%....50%....100% - 18 passes
==PROF== Profiling "vectorized_elementwise_kernel" - 3161: 0%....50%....100% - 18 passes
==PROF== Profiling "elementwise_kernel" - 3162: 0%....50%....100% - 18 passes
==PROF== Profiling "kernel" - 3163: 0%....50%....100% - 18 passes
==PROF== Profiling "elementwise_kernel" - 3164: 0%....50%....100% - 18 passes
==PROF== Profiling "elementwise_kernel" - 3165: 0%....50%....100% - 18 passes
==PROF== Profiling "CatArrayBatchedCopy" - 3166: 0%....50%....100% - 18 passes
==PROF== Profiling "elementwise_kernel" - 3167: 0%....50%....100% - 18 passes
==PROF== Profiling "vectorized_elementwise_kernel" - 3168: 0%....50%....100% - 18 passes
==PROF== Profiling "elementwise_kernel" - 3169: 0%....50%....100% - 18 passes
==PROF== Profiling "elementwise_kernel" - 3170: 0%....50%....100% - 18 passes
==PROF== Profiling "CatArrayBatchedCopy" - 3171: 0%....50%....100% - 18 passes
==PROF== Profiling "elementwise_kernel" - 3172: 0%....50%....100% - 18 passes
==PROF== Profiling "vectorized_elementwise_kernel" - 3173: 0%....50%....100% - 18 passes
==PROF== Profiling "CatArrayBatchedCopy_vectorized" - 3174: 0%....50%....100% - 18 passes
==PROF== Profiling "CatArrayBatchedCopy_vectorized" - 3175: 0%....50%....100% - 18 passes
==PROF== Profiling "flash_fwd_splitkv_kernel" - 3176: 0%....50%....100% - 18 passes
==PROF== Profiling "flash_fwd_splitkv_combine_ker..." - 3177: 0%....50%....100% - 18 passes
==PROF== Profiling "kernel" - 3178: 0%....50%....100% - 18 passes
==PROF== Profiling "vectorized_elementwise_kernel" - 3179: 0%....50%....100% - 18 passes
==PROF== Profiling "unrolled_elementwise_kernel" - 3180: 0%....50%....100% - 18 passes
==PROF== Profiling "vectorized_elementwise_kernel" - 3181: 0%....50%....100% - 18 passes
==PROF== Profiling "reduce_kernel" - 3182: 0%....50%....100% - 18 passes
==PROF== Profiling "vectorized_elementwise_kernel" - 3183: 0%....50%....100% - 18 passes
==PROF== Profiling "vectorized_elementwise_kernel" - 3184: 0%....50%....100% - 18 passes
==PROF== Profiling "elementwise_kernel" - 3185: 0%....50%....100% - 18 passes
==PROF== Profiling "vectorized_elementwise_kernel" - 3186: 0%....50%....100% - 18 passes
==PROF== Profiling "vectorized_elementwise_kernel" - 3187: 0%....50%....100% - 18 passes
==PROF== Profiling "kernel" - 3188: 0%....50%....100% - 18 passes
==PROF== Profiling "vectorized_elementwise_kernel" - 3189: 0%....50%....100% - 18 passes
==PROF== Profiling "kernel" - 3190: 0%....50%....100% - 18 passes
==PROF== Profiling "vectorized_elementwise_kernel" - 3191: 0%....50%....100% - 18 passes
==PROF== Profiling "kernel" - 3192: 0%....50%....100% - 18 passes
==PROF== Profiling "vectorized_elementwise_kernel" - 3193: 0%....50%....100% - 18 passes
==PROF== Profiling "unrolled_elementwise_kernel" - 3194: 0%....50%....100% - 18 passes
==PROF== Profiling "vectorized_elementwise_kernel" - 3195: 0%....50%....100% - 18 passes
==PROF== Profiling "reduce_kernel" - 3196: 0%....50%....100% - 18 passes
==PROF== Profiling "vectorized_elementwise_kernel" - 3197: 0%....50%....100% - 18 passes
==PROF== Profiling "vectorized_elementwise_kernel" - 3198: 0%....50%....100% - 18 passes
==PROF== Profiling "elementwise_kernel" - 3199: 0%....50%....100% - 18 passes
==PROF== Profiling "vectorized_elementwise_kernel" - 3200: 0%....50%....100% - 18 passes
==PROF== Profiling "vectorized_elementwise_kernel" - 3201: 0%....50%....100% - 18 passes
==PROF== Profiling "kernel" - 3202: 0%....50%....100% - 18 passes
==PROF== Profiling "unrolled_elementwise_kernel" - 3203: 0%....50%....100% - 18 passes
==PROF== Profiling "vectorized_elementwise_kernel" - 3204: 0%....50%....100% - 18 passes
==PROF== Profiling "reduce_kernel" - 3205: 0%....50%....100% - 18 passes
==PROF== Profiling "vectorized_elementwise_kernel" - 3206: 0%....50%....100% - 18 passes
==PROF== Profiling "vectorized_elementwise_kernel" - 3207: 0%....50%....100% - 18 passes
==PROF== Profiling "elementwise_kernel" - 3208: 0%....50%....100% - 18 passes
==PROF== Profiling "vectorized_elementwise_kernel" - 3209: 0%....50%....100% - 18 passes
==PROF== Profiling "elementwise_kernel" - 3210: 0%....50%....100% - 18 passes
==PROF== Profiling "kernel" - 3211: 0%....50%....100% - 18 passes
==PROF== Profiling "unrolled_elementwise_kernel" - 3212: 0%....50%....100% - 18 passes
==PROF== Profiling "vectorized_elementwise_kernel" - 3213: 0%....50%....100% - 18 passes
==PROF== Profiling "reduce_kernel" - 3214: 0%....50%....100% - 18 passes
==PROF== Profiling "vectorized_elementwise_kernel" - 3215: 0%....50%....100% - 18 passes
==PROF== Profiling "vectorized_elementwise_kernel" - 3216: 0%....50%....100% - 18 passes
==PROF== Profiling "elementwise_kernel" - 3217: 0%....50%....100% - 18 passes
==PROF== Profiling "vectorized_elementwise_kernel" - 3218: 0%....50%....100% - 18 passes
==PROF== Profiling "elementwise_kernel" - 3219: 0%....50%....100% - 18 passes
==PROF== Profiling "kernel" - 3220: 0%....50%....100% - 18 passes
==PROF== Profiling "elementwise_kernel" - 3221: 0%....50%....100% - 18 passes
==PROF== Profiling "elementwise_kernel" - 3222: 0%....50%....100% - 18 passes
==PROF== Profiling "CatArrayBatchedCopy" - 3223: 0%....50%....100% - 18 passes
==PROF== Profiling "elementwise_kernel" - 3224: 0%....50%....100% - 18 passes
==PROF== Profiling "vectorized_elementwise_kernel" - 3225: 0%....50%....100% - 18 passes
==PROF== Profiling "elementwise_kernel" - 3226: 0%....50%....100% - 18 passes
==PROF== Profiling "elementwise_kernel" - 3227: 0%....50%....100% - 18 passes
==PROF== Profiling "CatArrayBatchedCopy" - 3228: 0%....50%....100% - 18 passes
==PROF== Profiling "elementwise_kernel" - 3229: 0%....50%....100% - 18 passes
==PROF== Profiling "vectorized_elementwise_kernel" - 3230: 0%....50%....100% - 18 passes
==PROF== Profiling "CatArrayBatchedCopy_vectorized" - 3231: 0%....50%....100% - 18 passes
==PROF== Profiling "CatArrayBatchedCopy_vectorized" - 3232: 0%....50%....100% - 18 passes
==PROF== Profiling "flash_fwd_splitkv_kernel" - 3233: 0%....50%....100% - 18 passes
==PROF== Profiling "flash_fwd_splitkv_combine_ker..." - 3234: 0%....50%....100% - 18 passes
==PROF== Profiling "kernel" - 3235: 0%....50%....100% - 18 passes
==PROF== Profiling "vectorized_elementwise_kernel" - 3236: 0%....50%....100% - 18 passes
==PROF== Profiling "unrolled_elementwise_kernel" - 3237: 0%....50%....100% - 18 passes
==PROF== Profiling "vectorized_elementwise_kernel" - 3238: 0%....50%....100% - 18 passes
==PROF== Profiling "reduce_kernel" - 3239: 0%....50%....100% - 18 passes
==PROF== Profiling "vectorized_elementwise_kernel" - 3240: 0%....50%....100% - 18 passes
==PROF== Profiling "vectorized_elementwise_kernel" - 3241: 0%....50%....100% - 18 passes
==PROF== Profiling "elementwise_kernel" - 3242: 0%....50%....100% - 18 passes
==PROF== Profiling "vectorized_elementwise_kernel" - 3243: 0%....50%....100% - 18 passes
==PROF== Profiling "vectorized_elementwise_kernel" - 3244: 0%....50%....100% - 18 passes
==PROF== Profiling "kernel" - 3245: 0%....50%....100% - 18 passes
==PROF== Profiling "vectorized_elementwise_kernel" - 3246: 0%....50%....100% - 18 passes
==PROF== Profiling "kernel" - 3247: 0%....50%....100% - 18 passes
==PROF== Profiling "vectorized_elementwise_kernel" - 3248: 0%....50%....100% - 18 passes
==PROF== Profiling "kernel" - 3249: 0%....50%....100% - 18 passes
==PROF== Profiling "vectorized_elementwise_kernel" - 3250: 0%....50%....100% - 18 passes
==PROF== Profiling "unrolled_elementwise_kernel" - 3251: 0%....50%....100% - 18 passes
==PROF== Profiling "vectorized_elementwise_kernel" - 3252: 0%....50%....100% - 18 passes
==PROF== Profiling "reduce_kernel" - 3253: 0%....50%....100% - 18 passes
==PROF== Profiling "vectorized_elementwise_kernel" - 3254: 0%....50%....100% - 18 passes
==PROF== Profiling "vectorized_elementwise_kernel" - 3255: 0%....50%....100% - 18 passes
==PROF== Profiling "elementwise_kernel" - 3256: 0%....50%....100% - 18 passes
==PROF== Profiling "vectorized_elementwise_kernel" - 3257: 0%....50%....100% - 18 passes
==PROF== Profiling "vectorized_elementwise_kernel" - 3258: 0%....50%....100% - 18 passes
==PROF== Profiling "kernel" - 3259: 0%....50%....100% - 18 passes
==PROF== Profiling "unrolled_elementwise_kernel" - 3260: 0%....50%....100% - 18 passes
==PROF== Profiling "vectorized_elementwise_kernel" - 3261: 0%....50%....100% - 18 passes
==PROF== Profiling "reduce_kernel" - 3262: 0%....50%....100% - 18 passes
==PROF== Profiling "vectorized_elementwise_kernel" - 3263: 0%....50%....100% - 18 passes
==PROF== Profiling "vectorized_elementwise_kernel" - 3264: 0%....50%....100% - 18 passes
==PROF== Profiling "elementwise_kernel" - 3265: 0%....50%....100% - 18 passes
==PROF== Profiling "vectorized_elementwise_kernel" - 3266: 0%....50%....100% - 18 passes
==PROF== Profiling "elementwise_kernel" - 3267: 0%....50%....100% - 18 passes
==PROF== Profiling "kernel" - 3268: 0%....50%....100% - 18 passes
==PROF== Profiling "unrolled_elementwise_kernel" - 3269: 0%....50%....100% - 18 passes
==PROF== Profiling "vectorized_elementwise_kernel" - 3270: 0%....50%....100% - 18 passes
==PROF== Profiling "reduce_kernel" - 3271: 0%....50%....100% - 18 passes
==PROF== Profiling "vectorized_elementwise_kernel" - 3272: 0%....50%....100% - 18 passes
==PROF== Profiling "vectorized_elementwise_kernel" - 3273: 0%....50%....100% - 18 passes
==PROF== Profiling "elementwise_kernel" - 3274: 0%....50%....100% - 18 passes
==PROF== Profiling "vectorized_elementwise_kernel" - 3275: 0%....50%....100% - 18 passes
==PROF== Profiling "elementwise_kernel" - 3276: 0%....50%....100% - 18 passes
==PROF== Profiling "kernel" - 3277: 0%....50%....100% - 18 passes
==PROF== Profiling "elementwise_kernel" - 3278: 0%....50%....100% - 18 passes
==PROF== Profiling "elementwise_kernel" - 3279: 0%....50%....100% - 18 passes
==PROF== Profiling "CatArrayBatchedCopy" - 3280: 0%....50%....100% - 18 passes
==PROF== Profiling "elementwise_kernel" - 3281: 0%....50%....100% - 18 passes
==PROF== Profiling "vectorized_elementwise_kernel" - 3282: 0%....50%....100% - 18 passes
==PROF== Profiling "elementwise_kernel" - 3283: 0%....50%....100% - 18 passes
==PROF== Profiling "elementwise_kernel" - 3284: 0%....50%....100% - 18 passes
==PROF== Profiling "CatArrayBatchedCopy" - 3285: 0%....50%....100% - 18 passes
==PROF== Profiling "elementwise_kernel" - 3286: 0%....50%....100% - 18 passes
==PROF== Profiling "vectorized_elementwise_kernel" - 3287: 0%....50%....100% - 18 passes
==PROF== Profiling "CatArrayBatchedCopy_vectorized" - 3288: 0%....50%....100% - 18 passes
==PROF== Profiling "CatArrayBatchedCopy_vectorized" - 3289: 0%....50%....100% - 18 passes
==PROF== Profiling "flash_fwd_splitkv_kernel" - 3290: 0%....50%....100% - 18 passes
==PROF== Profiling "flash_fwd_splitkv_combine_ker..." - 3291: 0%....50%....100% - 18 passes
==PROF== Profiling "kernel" - 3292: 0%....50%....100% - 18 passes
==PROF== Profiling "vectorized_elementwise_kernel" - 3293: 0%....50%....100% - 18 passes
==PROF== Profiling "unrolled_elementwise_kernel" - 3294: 0%....50%....100% - 18 passes
==PROF== Profiling "vectorized_elementwise_kernel" - 3295: 0%....50%....100% - 18 passes
==PROF== Profiling "reduce_kernel" - 3296: 0%....50%....100% - 18 passes
==PROF== Profiling "vectorized_elementwise_kernel" - 3297: 0%....50%....100% - 18 passes
==PROF== Profiling "vectorized_elementwise_kernel" - 3298: 0%....50%....100% - 18 passes
==PROF== Profiling "elementwise_kernel" - 3299: 0%....50%....100% - 18 passes
==PROF== Profiling "vectorized_elementwise_kernel" - 3300: 0%....50%....100% - 18 passes
==PROF== Profiling "vectorized_elementwise_kernel" - 3301: 0%....50%....100% - 18 passes
==PROF== Profiling "kernel" - 3302: 0%....50%....100% - 18 passes
==PROF== Profiling "vectorized_elementwise_kernel" - 3303: 0%....50%....100% - 18 passes
==PROF== Profiling "kernel" - 3304: 0%....50%....100% - 18 passes
==PROF== Profiling "vectorized_elementwise_kernel" - 3305: 0%....50%....100% - 18 passes
==PROF== Profiling "kernel" - 3306: 0%....50%....100% - 18 passes
==PROF== Profiling "vectorized_elementwise_kernel" - 3307: 0%....50%....100% - 18 passes
==PROF== Profiling "unrolled_elementwise_kernel" - 3308: 0%....50%....100% - 18 passes
==PROF== Profiling "vectorized_elementwise_kernel" - 3309: 0%....50%....100% - 18 passes
==PROF== Profiling "reduce_kernel" - 3310: 0%....50%....100% - 18 passes
==PROF== Profiling "vectorized_elementwise_kernel" - 3311: 0%....50%....100% - 18 passes
==PROF== Profiling "vectorized_elementwise_kernel" - 3312: 0%....50%....100% - 18 passes
==PROF== Profiling "elementwise_kernel" - 3313: 0%....50%....100% - 18 passes
==PROF== Profiling "vectorized_elementwise_kernel" - 3314: 0%....50%....100% - 18 passes
==PROF== Profiling "vectorized_elementwise_kernel" - 3315: 0%....50%....100% - 18 passes
==PROF== Profiling "kernel" - 3316: 0%....50%....100% - 18 passes
==PROF== Profiling "reduce_kernel" - 3317: 0%....50%....100% - 18 passes
==PROF== Profiling "vectorized_gather_kernel" - 3318: 0%....50%....100% - 18 passes
==PROF== Profiling "elementwise_kernel_with_index" - 3319: 0%....50%....100% - 18 passes
==PROF== Profiling "unrolled_elementwise_kernel" - 3320: 0%....50%....100% - 18 passes
==PROF== Profiling "gemmk1_kernel" - 3321: 0%....50%....100% - 18 passes
==PROF== Profiling "CatArrayBatchedCopy" - 3322: 0%....50%....100% - 18 passes
==PROF== Profiling "vectorized_elementwise_kernel" - 3323: 0%....50%....100% - 18 passes
==PROF== Profiling "vectorized_elementwise_kernel" - 3324: 0%....50%....100% - 18 passes
==PROF== Profiling "vectorized_elementwise_kernel" - 3325: 0%....50%....100% - 18 passes
==PROF== Profiling "vectorized_elementwise_kernel" - 3326: 0%....50%....100% - 18 passes
==PROF== Profiling "vectorized_elementwise_kernel" - 3327: 0%....50%....100% - 18 passes
==PROF== Profiling "vectorized_elementwise_kernel" - 3328: 0%....50%....100% - 18 passes
==PROF== Profiling "unrolled_elementwise_kernel" - 3329: 0%....50%....100% - 18 passes
==PROF== Profiling "vectorized_elementwise_kernel" - 3330: 0%....50%....100% - 18 passes
==PROF== Profiling "reduce_kernel" - 3331: 0%....50%....100% - 18 passes
==PROF== Profiling "vectorized_elementwise_kernel" - 3332: 0%....50%....100% - 18 passes
==PROF== Profiling "vectorized_elementwise_kernel" - 3333: 0%....50%....100% - 18 passes
==PROF== Profiling "elementwise_kernel" - 3334: 0%....50%....100% - 18 passes
==PROF== Profiling "vectorized_elementwise_kernel" - 3335: 0%....50%....100% - 18 passes
==PROF== Profiling "elementwise_kernel" - 3336: 0%....50%....100% - 18 passes
==PROF== Profiling "ampere_bf16_s16816gemm_bf16_6..." - 3337: 0%....50%....100% - 18 passes
==PROF== Profiling "unrolled_elementwise_kernel" - 3338: 0%....50%....100% - 18 passes
==PROF== Profiling "vectorized_elementwise_kernel" - 3339: 0%....50%....100% - 18 passes
==PROF== Profiling "reduce_kernel" - 3340: 0%....50%....100% - 18 passes
==PROF== Profiling "vectorized_elementwise_kernel" - 3341: 0%....50%....100% - 18 passes
==PROF== Profiling "vectorized_elementwise_kernel" - 3342: 0%....50%....100% - 18 passes
==PROF== Profiling "elementwise_kernel" - 3343: 0%....50%....100% - 18 passes
==PROF== Profiling "vectorized_elementwise_kernel" - 3344: 0%....50%....100% - 18 passes
==PROF== Profiling "elementwise_kernel" - 3345: 0%....50%....100% - 18 passes
==PROF== Profiling "Kernel2" - 3346: 0%....50%....100% - 18 passes
==PROF== Profiling "splitKreduce_kernel" - 3347: 0%....50%....100% - 18 passes
==PROF== Profiling "unrolled_elementwise_kernel" - 3348: 0%....50%....100% - 18 passes
==PROF== Profiling "vectorized_elementwise_kernel" - 3349: 0%....50%....100% - 18 passes
==PROF== Profiling "reduce_kernel" - 3350: 0%....50%....100% - 18 passes
==PROF== Profiling "vectorized_elementwise_kernel" - 3351: 0%....50%....100% - 18 passes
==PROF== Profiling "vectorized_elementwise_kernel" - 3352: 0%....50%....100% - 18 passes
==PROF== Profiling "elementwise_kernel" - 3353: 0%....50%....100% - 18 passes
==PROF== Profiling "vectorized_elementwise_kernel" - 3354: 0%....50%....100% - 18 passes
==PROF== Profiling "elementwise_kernel" - 3355: 0%....50%....100% - 18 passes
==PROF== Profiling "Kernel2" - 3356: 0%....50%....100% - 18 passes
==PROF== Profiling "splitKreduce_kernel" - 3357: 0%....50%....100% - 18 passes
==PROF== Profiling "elementwise_kernel" - 3358: 0%....50%....100% - 18 passes
==PROF== Profiling "elementwise_kernel" - 3359: 0%....50%....100% - 18 passes
==PROF== Profiling "CatArrayBatchedCopy" - 3360: 0%....50%....100% - 18 passes
==PROF== Profiling "elementwise_kernel" - 3361: 0%....50%....100% - 18 passes
==PROF== Profiling "elementwise_kernel" - 3362: 0%....50%....100% - 18 passes
==PROF== Profiling "elementwise_kernel" - 3363: 0%....50%....100% - 18 passes
==PROF== Profiling "elementwise_kernel" - 3364: 0%....50%....100% - 18 passes
==PROF== Profiling "CatArrayBatchedCopy" - 3365: 0%....50%....100% - 18 passes
==PROF== Profiling "elementwise_kernel" - 3366: 0%....50%....100% - 18 passes
==PROF== Profiling "elementwise_kernel" - 3367: 0%....50%....100% - 18 passes
==PROF== Profiling "CatArrayBatchedCopy" - 3368: 0%....50%....100% - 18 passes
==PROF== Profiling "CatArrayBatchedCopy" - 3369: 0%....50%....100% - 18 passes
==PROF== Profiling "flash_fwd_splitkv_kernel" - 3370: 0%....50%....100% - 18 passes
==PROF== Profiling "flash_fwd_splitkv_combine_ker..." - 3371: 0%....50%....100% - 18 passes
==PROF== Profiling "ampere_bf16_s16816gemm_bf16_6..." - 3372: 0%....50%....100% - 18 passes
==PROF== Profiling "vectorized_elementwise_kernel" - 3373: 0%....50%....100% - 18 passes
==PROF== Profiling "unrolled_elementwise_kernel" - 3374: 0%....50%....100% - 18 passes
==PROF== Profiling "vectorized_elementwise_kernel" - 3375: 0%....50%....100% - 18 passes
==PROF== Profiling "reduce_kernel" - 3376: 0%....50%....100% - 18 passes
==PROF== Profiling "vectorized_elementwise_kernel" - 3377: 0%....50%....100% - 18 passes
==PROF== Profiling "vectorized_elementwise_kernel" - 3378: 0%....50%....100% - 18 passes
==PROF== Profiling "elementwise_kernel" - 3379: 0%....50%....100% - 18 passes
==PROF== Profiling "vectorized_elementwise_kernel" - 3380: 0%....50%....100% - 18 passes
==PROF== Profiling "elementwise_kernel" - 3381: 0%....50%....100% - 18 passes
==PROF== Profiling "ampere_bf16_s1688gemm_bf16_64..." - 3382: 0%....50%....100% - 18 passes
==PROF== Profiling "vectorized_elementwise_kernel" - 3383: 0%....50%....100% - 18 passes
==PROF== Profiling "ampere_bf16_s1688gemm_bf16_64..." - 3384: 0%....50%....100% - 18 passes
==PROF== Profiling "vectorized_elementwise_kernel" - 3385: 0%....50%....100% - 18 passes
==PROF== Profiling "ampere_bf16_s16816gemm_bf16_6..." - 3386: 0%....50%....100% - 18 passes
==PROF== Profiling "vectorized_elementwise_kernel" - 3387: 0%....50%....100% - 18 passes
==PROF== Profiling "unrolled_elementwise_kernel" - 3388: 0%....50%....100% - 18 passes
==PROF== Profiling "vectorized_elementwise_kernel" - 3389: 0%....50%....100% - 18 passes
==PROF== Profiling "reduce_kernel" - 3390: 0%....50%....100% - 18 passes
==PROF== Profiling "vectorized_elementwise_kernel" - 3391: 0%....50%....100% - 18 passes
==PROF== Profiling "vectorized_elementwise_kernel" - 3392: 0%....50%....100% - 18 passes
==PROF== Profiling "elementwise_kernel" - 3393: 0%....50%....100% - 18 passes
==PROF== Profiling "vectorized_elementwise_kernel" - 3394: 0%....50%....100% - 18 passes
==PROF== Profiling "elementwise_kernel" - 3395: 0%....50%....100% - 18 passes
==PROF== Profiling "ampere_bf16_s16816gemm_bf16_6..." - 3396: 0%....50%....100% - 18 passes
==PROF== Profiling "unrolled_elementwise_kernel" - 3397: 0%....50%....100% - 18 passes
==PROF== Profiling "vectorized_elementwise_kernel" - 3398: 0%....50%....100% - 18 passes
==PROF== Profiling "reduce_kernel" - 3399: 0%....50%....100% - 18 passes
==PROF== Profiling "vectorized_elementwise_kernel" - 3400: 0%....50%....100% - 18 passes
==PROF== Profiling "vectorized_elementwise_kernel" - 3401: 0%....50%....100% - 18 passes
==PROF== Profiling "elementwise_kernel" - 3402: 0%....50%....100% - 18 passes
==PROF== Profiling "vectorized_elementwise_kernel" - 3403: 0%....50%....100% - 18 passes
==PROF== Profiling "elementwise_kernel" - 3404: 0%....50%....100% - 18 passes
==PROF== Profiling "Kernel2" - 3405: 0%....50%....100% - 18 passes
==PROF== Profiling "splitKreduce_kernel" - 3406: 0%....50%....100% - 18 passes
==PROF== Profiling "unrolled_elementwise_kernel" - 3407: 0%....50%....100% - 18 passes
==PROF== Profiling "vectorized_elementwise_kernel" - 3408: 0%....50%....100% - 18 passes
==PROF== Profiling "reduce_kernel" - 3409: 0%....50%....100% - 18 passes
==PROF== Profiling "vectorized_elementwise_kernel" - 3410: 0%....50%....100% - 18 passes
==PROF== Profiling "vectorized_elementwise_kernel" - 3411: 0%....50%....100% - 18 passes
==PROF== Profiling "elementwise_kernel" - 3412: 0%....50%....100% - 18 passes
==PROF== Profiling "vectorized_elementwise_kernel" - 3413: 0%....50%....100% - 18 passes
==PROF== Profiling "elementwise_kernel" - 3414: 0%....50%....100% - 18 passes
==PROF== Profiling "Kernel2" - 3415: 0%....50%....100% - 18 passes
==PROF== Profiling "splitKreduce_kernel" - 3416: 0%....50%....100% - 18 passes
==PROF== Profiling "elementwise_kernel" - 3417: 0%....50%....100% - 18 passes
==PROF== Profiling "elementwise_kernel" - 3418: 0%....50%....100% - 18 passes
==PROF== Profiling "CatArrayBatchedCopy" - 3419: 0%....50%....100% - 18 passes
==PROF== Profiling "elementwise_kernel" - 3420: 0%....50%....100% - 18 passes
==PROF== Profiling "elementwise_kernel" - 3421: 0%....50%....100% - 18 passes
==PROF== Profiling "elementwise_kernel" - 3422: 0%....50%....100% - 18 passes
==PROF== Profiling "elementwise_kernel" - 3423: 0%....50%....100% - 18 passes
==PROF== Profiling "CatArrayBatchedCopy" - 3424: 0%....50%....100% - 18 passes
==PROF== Profiling "elementwise_kernel" - 3425: 0%....50%....100% - 18 passes
==PROF== Profiling "elementwise_kernel" - 3426: 0%....50%....100% - 18 passes
==PROF== Profiling "CatArrayBatchedCopy" - 3427: 0%....50%....100% - 18 passes
==PROF== Profiling "CatArrayBatchedCopy" - 3428: 0%....50%....100% - 18 passes
==PROF== Profiling "flash_fwd_splitkv_kernel" - 3429: 0%....50%....100% - 18 passes
==PROF== Profiling "flash_fwd_splitkv_combine_ker..." - 3430: 0%....50%....100% - 18 passes
==PROF== Profiling "ampere_bf16_s16816gemm_bf16_6..." - 3431: 0%....50%....100% - 18 passes
==PROF== Profiling "vectorized_elementwise_kernel" - 3432: 0%....50%....100% - 18 passes
==PROF== Profiling "unrolled_elementwise_kernel" - 3433: 0%....50%....100% - 18 passes
==PROF== Profiling "vectorized_elementwise_kernel" - 3434: 0%....50%....100% - 18 passes
==PROF== Profiling "reduce_kernel" - 3435: 0%....50%....100% - 18 passes
==PROF== Profiling "vectorized_elementwise_kernel" - 3436: 0%....50%....100% - 18 passes
==PROF== Profiling "vectorized_elementwise_kernel" - 3437: 0%....50%....100% - 18 passes
==PROF== Profiling "elementwise_kernel" - 3438: 0%....50%....100% - 18 passes
==PROF== Profiling "vectorized_elementwise_kernel" - 3439: 0%....50%....100% - 18 passes
==PROF== Profiling "elementwise_kernel" - 3440: 0%....50%....100% - 18 passes
==PROF== Profiling "ampere_bf16_s1688gemm_bf16_64..." - 3441: 0%....50%....100% - 18 passes
==PROF== Profiling "vectorized_elementwise_kernel" - 3442: 0%....50%....100% - 18 passes
==PROF== Profiling "ampere_bf16_s1688gemm_bf16_64..." - 3443: 0%....50%....100% - 18 passes
==PROF== Profiling "vectorized_elementwise_kernel" - 3444: 0%....50%....100% - 18 passes
==PROF== Profiling "ampere_bf16_s16816gemm_bf16_6..." - 3445: 0%....50%....100% - 18 passes
==PROF== Profiling "vectorized_elementwise_kernel" - 3446: 0%....50%....100% - 18 passes
==PROF== Profiling "unrolled_elementwise_kernel" - 3447: 0%....50%....100% - 18 passes
==PROF== Profiling "vectorized_elementwise_kernel" - 3448: 0%....50%....100% - 18 passes
==PROF== Profiling "reduce_kernel" - 3449: 0%....50%....100% - 18 passes
==PROF== Profiling "vectorized_elementwise_kernel" - 3450: 0%....50%....100% - 18 passes
==PROF== Profiling "vectorized_elementwise_kernel" - 3451: 0%....50%....100% - 18 passes
==PROF== Profiling "elementwise_kernel" - 3452: 0%....50%....100% - 18 passes
==PROF== Profiling "vectorized_elementwise_kernel" - 3453: 0%....50%....100% - 18 passes
==PROF== Profiling "elementwise_kernel" - 3454: 0%....50%....100% - 18 passes
==PROF== Profiling "ampere_bf16_s16816gemm_bf16_6..." - 3455: 0%....50%....100% - 18 passes
==PROF== Profiling "unrolled_elementwise_kernel" - 3456: 0%....50%....100% - 18 passes
==PROF== Profiling "vectorized_elementwise_kernel" - 3457: 0%....50%....100% - 18 passes
==PROF== Profiling "reduce_kernel" - 3458: 0%....50%....100% - 18 passes
==PROF== Profiling "vectorized_elementwise_kernel" - 3459: 0%....50%....100% - 18 passes
==PROF== Profiling "vectorized_elementwise_kernel" - 3460: 0%....50%....100% - 18 passes
==PROF== Profiling "elementwise_kernel" - 3461: 0%....50%....100% - 18 passes
==PROF== Profiling "vectorized_elementwise_kernel" - 3462: 0%....50%....100% - 18 passes
==PROF== Profiling "elementwise_kernel" - 3463: 0%....50%....100% - 18 passes
==PROF== Profiling "Kernel2" - 3464: 0%....50%....100% - 18 passes
==PROF== Profiling "splitKreduce_kernel" - 3465: 0%....50%....100% - 18 passes
==PROF== Profiling "unrolled_elementwise_kernel" - 3466: 0%....50%....100% - 18 passes
==PROF== Profiling "vectorized_elementwise_kernel" - 3467: 0%....50%....100% - 18 passes
==PROF== Profiling "reduce_kernel" - 3468: 0%....50%....100% - 18 passes
==PROF== Profiling "vectorized_elementwise_kernel" - 3469: 0%....50%....100% - 18 passes
==PROF== Profiling "vectorized_elementwise_kernel" - 3470: 0%....50%....100% - 18 passes
==PROF== Profiling "elementwise_kernel" - 3471: 0%....50%....100% - 18 passes
==PROF== Profiling "vectorized_elementwise_kernel" - 3472: 0%....50%....100% - 18 passes
==PROF== Profiling "elementwise_kernel" - 3473: 0%....50%....100% - 18 passes
==PROF== Profiling "Kernel2" - 3474: 0%....50%....100% - 18 passes
==PROF== Profiling "splitKreduce_kernel" - 3475: 0%....50%....100% - 18 passes
==PROF== Profiling "elementwise_kernel" - 3476: 0%....50%....100% - 18 passes
==PROF== Profiling "elementwise_kernel" - 3477: 0%....50%....100% - 18 passes
==PROF== Profiling "CatArrayBatchedCopy" - 3478: 0%....50%....100% - 18 passes
==PROF== Profiling "elementwise_kernel" - 3479: 0%....50%....100% - 18 passes
==PROF== Profiling "elementwise_kernel" - 3480: 0%....50%....100% - 18 passes
==PROF== Profiling "elementwise_kernel" - 3481: 0%....50%....100% - 18 passes
==PROF== Profiling "elementwise_kernel" - 3482: 0%....50%....100% - 18 passes
==PROF== Profiling "CatArrayBatchedCopy" - 3483: 0%....50%....100% - 18 passes
==PROF== Profiling "elementwise_kernel" - 3484: 0%....50%....100% - 18 passes
==PROF== Profiling "elementwise_kernel" - 3485: 0%....50%....100% - 18 passes
==PROF== Profiling "CatArrayBatchedCopy" - 3486: 0%....50%....100% - 18 passes
==PROF== Profiling "CatArrayBatchedCopy" - 3487: 0%....50%....100% - 18 passes
==PROF== Profiling "flash_fwd_splitkv_kernel" - 3488: 0%....50%....100% - 18 passes
==PROF== Profiling "flash_fwd_splitkv_combine_ker..." - 3489: 0%....50%....100% - 18 passes
==PROF== Profiling "ampere_bf16_s16816gemm_bf16_6..." - 3490: 0%....50%....100% - 18 passes
==PROF== Profiling "vectorized_elementwise_kernel" - 3491: 0%....50%....100% - 18 passes
==PROF== Profiling "unrolled_elementwise_kernel" - 3492: 0%....50%....100% - 18 passes
==PROF== Profiling "vectorized_elementwise_kernel" - 3493: 0%....50%....100% - 18 passes
==PROF== Profiling "reduce_kernel" - 3494: 0%....50%....100% - 18 passes
==PROF== Profiling "vectorized_elementwise_kernel" - 3495: 0%....50%....100% - 18 passes
==PROF== Profiling "vectorized_elementwise_kernel" - 3496: 0%....50%....100% - 18 passes
==PROF== Profiling "elementwise_kernel" - 3497: 0%....50%....100% - 18 passes
==PROF== Profiling "vectorized_elementwise_kernel" - 3498: 0%....50%....100% - 18 passes
==PROF== Profiling "elementwise_kernel" - 3499: 0%....50%....100% - 18 passes
==PROF== Profiling "ampere_bf16_s1688gemm_bf16_64..." - 3500: 0%....50%....100% - 18 passes
==PROF== Profiling "vectorized_elementwise_kernel" - 3501: 0%....50%....100% - 18 passes
==PROF== Profiling "ampere_bf16_s1688gemm_bf16_64..." - 3502: 0%....50%....100% - 18 passes
==PROF== Profiling "vectorized_elementwise_kernel" - 3503: 0%....50%....100% - 18 passes
==PROF== Profiling "ampere_bf16_s16816gemm_bf16_6..." - 3504: 0%....50%....100% - 18 passes
==PROF== Profiling "vectorized_elementwise_kernel" - 3505: 0%....50%....100% - 18 passes
==PROF== Profiling "unrolled_elementwise_kernel" - 3506: 0%....50%....100% - 18 passes
==PROF== Profiling "vectorized_elementwise_kernel" - 3507: 0%....50%....100% - 18 passes
==PROF== Profiling "reduce_kernel" - 3508: 0%....50%....100% - 18 passes
==PROF== Profiling "vectorized_elementwise_kernel" - 3509: 0%....50%....100% - 18 passes
==PROF== Profiling "vectorized_elementwise_kernel" - 3510: 0%....50%....100% - 18 passes
==PROF== Profiling "elementwise_kernel" - 3511: 0%....50%....100% - 18 passes
==PROF== Profiling "vectorized_elementwise_kernel" - 3512: 0%....50%....100% - 18 passes
==PROF== Profiling "elementwise_kernel" - 3513: 0%....50%....100% - 18 passes
==PROF== Profiling "ampere_bf16_s16816gemm_bf16_6..." - 3514: 0%....50%....100% - 18 passes
==PROF== Profiling "unrolled_elementwise_kernel" - 3515: 0%....50%....100% - 18 passes
==PROF== Profiling "vectorized_elementwise_kernel" - 3516: 0%....50%....100% - 18 passes
==PROF== Profiling "reduce_kernel" - 3517: 0%....50%....100% - 18 passes
==PROF== Profiling "vectorized_elementwise_kernel" - 3518: 0%....50%....100% - 18 passes
==PROF== Profiling "vectorized_elementwise_kernel" - 3519: 0%....50%....100% - 18 passes
==PROF== Profiling "elementwise_kernel" - 3520: 0%....50%....100% - 18 passes
==PROF== Profiling "vectorized_elementwise_kernel" - 3521: 0%....50%....100% - 18 passes
==PROF== Profiling "elementwise_kernel" - 3522: 0%....50%....100% - 18 passes
==PROF== Profiling "Kernel2" - 3523: 0%....50%....100% - 18 passes
==PROF== Profiling "splitKreduce_kernel" - 3524: 0%....50%....100% - 18 passes
==PROF== Profiling "unrolled_elementwise_kernel" - 3525: 0%....50%....100% - 18 passes
==PROF== Profiling "vectorized_elementwise_kernel" - 3526: 0%....50%....100% - 18 passes
==PROF== Profiling "reduce_kernel" - 3527: 0%....50%....100% - 18 passes
==PROF== Profiling "vectorized_elementwise_kernel" - 3528: 0%....50%....100% - 18 passes
==PROF== Profiling "vectorized_elementwise_kernel" - 3529: 0%....50%....100% - 18 passes
==PROF== Profiling "elementwise_kernel" - 3530: 0%....50%....100% - 18 passes
==PROF== Profiling "vectorized_elementwise_kernel" - 3531: 0%....50%....100% - 18 passes
==PROF== Profiling "elementwise_kernel" - 3532: 0%....50%....100% - 18 passes
==PROF== Profiling "Kernel2" - 3533: 0%....50%....100% - 18 passes
==PROF== Profiling "splitKreduce_kernel" - 3534: 0%....50%....100% - 18 passes
==PROF== Profiling "elementwise_kernel" - 3535: 0%....50%....100% - 18 passes
==PROF== Profiling "elementwise_kernel" - 3536: 0%....50%....100% - 18 passes
==PROF== Profiling "CatArrayBatchedCopy" - 3537: 0%....50%....100% - 18 passes
==PROF== Profiling "elementwise_kernel" - 3538: 0%....50%....100% - 18 passes
==PROF== Profiling "elementwise_kernel" - 3539: 0%....50%....100% - 18 passes
==PROF== Profiling "elementwise_kernel" - 3540: 0%....50%....100% - 18 passes
==PROF== Profiling "elementwise_kernel" - 3541: 0%....50%....100% - 18 passes
==PROF== Profiling "CatArrayBatchedCopy" - 3542: 0%....50%....100% - 18 passes
==PROF== Profiling "elementwise_kernel" - 3543: 0%....50%....100% - 18 passes
==PROF== Profiling "elementwise_kernel" - 3544: 0%....50%....100% - 18 passes
==PROF== Profiling "CatArrayBatchedCopy" - 3545: 0%....50%....100% - 18 passes
==PROF== Profiling "CatArrayBatchedCopy" - 3546: 0%....50%....100% - 18 passes
==PROF== Profiling "flash_fwd_splitkv_kernel" - 3547: 0%....50%....100% - 18 passes
==PROF== Profiling "flash_fwd_splitkv_combine_ker..." - 3548: 0%....50%....100% - 18 passes
==PROF== Profiling "ampere_bf16_s16816gemm_bf16_6..." - 3549: 0%....50%....100% - 18 passes
==PROF== Profiling "vectorized_elementwise_kernel" - 3550: 0%....50%....100% - 18 passes
==PROF== Profiling "unrolled_elementwise_kernel" - 3551: 0%....50%....100% - 18 passes
==PROF== Profiling "vectorized_elementwise_kernel" - 3552: 0%....50%....100% - 18 passes
==PROF== Profiling "reduce_kernel" - 3553: 0%....50%....100% - 18 passes
==PROF== Profiling "vectorized_elementwise_kernel" - 3554: 0%....50%....100% - 18 passes
==PROF== Profiling "vectorized_elementwise_kernel" - 3555: 0%....50%....100% - 18 passes
==PROF== Profiling "elementwise_kernel" - 3556: 0%....50%....100% - 18 passes
==PROF== Profiling "vectorized_elementwise_kernel" - 3557: 0%....50%....100% - 18 passes
==PROF== Profiling "elementwise_kernel" - 3558: 0%....50%....100% - 18 passes
==PROF== Profiling "ampere_bf16_s1688gemm_bf16_64..." - 3559: 0%....50%....100% - 18 passes
==PROF== Profiling "vectorized_elementwise_kernel" - 3560: 0%....50%....100% - 18 passes
==PROF== Profiling "ampere_bf16_s1688gemm_bf16_64..." - 3561: 0%....50%....100% - 18 passes
==PROF== Profiling "vectorized_elementwise_kernel" - 3562: 0%....50%....100% - 18 passes
==PROF== Profiling "ampere_bf16_s16816gemm_bf16_6..." - 3563: 0%....50%....100% - 18 passes
==PROF== Profiling "vectorized_elementwise_kernel" - 3564: 0%....50%....100% - 18 passes
==PROF== Profiling "unrolled_elementwise_kernel" - 3565: 0%....50%....100% - 18 passes
==PROF== Profiling "vectorized_elementwise_kernel" - 3566: 0%....50%....100% - 18 passes
==PROF== Profiling "reduce_kernel" - 3567: 0%....50%....100% - 18 passes
==PROF== Profiling "vectorized_elementwise_kernel" - 3568: 0%....50%....100% - 18 passes
==PROF== Profiling "vectorized_elementwise_kernel" - 3569: 0%....50%....100% - 18 passes
==PROF== Profiling "elementwise_kernel" - 3570: 0%....50%....100% - 18 passes
==PROF== Profiling "vectorized_elementwise_kernel" - 3571: 0%....50%....100% - 18 passes
==PROF== Profiling "elementwise_kernel" - 3572: 0%....50%....100% - 18 passes
==PROF== Profiling "ampere_bf16_s16816gemm_bf16_6..." - 3573: 0%....50%....100% - 18 passes
==PROF== Profiling "unrolled_elementwise_kernel" - 3574: 0%....50%....100% - 18 passes
==PROF== Profiling "vectorized_elementwise_kernel" - 3575: 0%....50%....100% - 18 passes
==PROF== Profiling "reduce_kernel" - 3576: 0%....50%....100% - 18 passes
==PROF== Profiling "vectorized_elementwise_kernel" - 3577: 0%....50%....100% - 18 passes
==PROF== Profiling "vectorized_elementwise_kernel" - 3578: 0%....50%....100% - 18 passes
==PROF== Profiling "elementwise_kernel" - 3579: 0%....50%....100% - 18 passes
==PROF== Profiling "vectorized_elementwise_kernel" - 3580: 0%....50%....100% - 18 passes
==PROF== Profiling "elementwise_kernel" - 3581: 0%....50%....100% - 18 passes
==PROF== Profiling "Kernel2" - 3582: 0%....50%....100% - 18 passes
==PROF== Profiling "splitKreduce_kernel" - 3583: 0%....50%....100% - 18 passes
==PROF== Profiling "unrolled_elementwise_kernel" - 3584: 0%....50%....100% - 18 passes
==PROF== Profiling "vectorized_elementwise_kernel" - 3585: 0%....50%....100% - 18 passes
==PROF== Profiling "reduce_kernel" - 3586: 0%....50%....100% - 18 passes
==PROF== Profiling "vectorized_elementwise_kernel" - 3587: 0%....50%....100% - 18 passes
==PROF== Profiling "vectorized_elementwise_kernel" - 3588: 0%....50%....100% - 18 passes
==PROF== Profiling "elementwise_kernel" - 3589: 0%....50%....100% - 18 passes
==PROF== Profiling "vectorized_elementwise_kernel" - 3590: 0%....50%....100% - 18 passes
==PROF== Profiling "elementwise_kernel" - 3591: 0%....50%....100% - 18 passes
==PROF== Profiling "Kernel2" - 3592: 0%....50%....100% - 18 passes
==PROF== Profiling "splitKreduce_kernel" - 3593: 0%....50%....100% - 18 passes
==PROF== Profiling "elementwise_kernel" - 3594: 0%....50%....100% - 18 passes
==PROF== Profiling "elementwise_kernel" - 3595: 0%....50%....100% - 18 passes
==PROF== Profiling "CatArrayBatchedCopy" - 3596: 0%....50%....100% - 18 passes
==PROF== Profiling "elementwise_kernel" - 3597: 0%....50%....100% - 18 passes
==PROF== Profiling "elementwise_kernel" - 3598: 0%....50%....100% - 18 passes
==PROF== Profiling "elementwise_kernel" - 3599: 0%....50%....100% - 18 passes
==PROF== Profiling "elementwise_kernel" - 3600: 0%....50%....100% - 18 passes
==PROF== Profiling "CatArrayBatchedCopy" - 3601: 0%....50%....100% - 18 passes
==PROF== Profiling "elementwise_kernel" - 3602: 0%....50%....100% - 18 passes
==PROF== Profiling "elementwise_kernel" - 3603: 0%....50%....100% - 18 passes
==PROF== Profiling "CatArrayBatchedCopy" - 3604: 0%....50%....100% - 18 passes
==PROF== Profiling "CatArrayBatchedCopy" - 3605: 0%....50%....100% - 18 passes
==PROF== Profiling "flash_fwd_splitkv_kernel" - 3606: 0%....50%....100% - 18 passes
==PROF== Profiling "flash_fwd_splitkv_combine_ker..." - 3607: 0%....50%....100% - 18 passes
==PROF== Profiling "ampere_bf16_s16816gemm_bf16_6..." - 3608: 0%....50%....100% - 18 passes
==PROF== Profiling "vectorized_elementwise_kernel" - 3609: 0%....50%....100% - 18 passes
==PROF== Profiling "unrolled_elementwise_kernel" - 3610: 0%....50%....100% - 18 passes
==PROF== Profiling "vectorized_elementwise_kernel" - 3611: 0%....50%....100% - 18 passes
==PROF== Profiling "reduce_kernel" - 3612: 0%....50%....100% - 18 passes
==PROF== Profiling "vectorized_elementwise_kernel" - 3613: 0%....50%....100% - 18 passes
==PROF== Profiling "vectorized_elementwise_kernel" - 3614: 0%....50%....100% - 18 passes
==PROF== Profiling "elementwise_kernel" - 3615: 0%....50%....100% - 18 passes
==PROF== Profiling "vectorized_elementwise_kernel" - 3616: 0%....50%....100% - 18 passes
==PROF== Profiling "elementwise_kernel" - 3617: 0%....50%....100% - 18 passes
==PROF== Profiling "ampere_bf16_s1688gemm_bf16_64..." - 3618: 0%....50%....100% - 18 passes
==PROF== Profiling "vectorized_elementwise_kernel" - 3619: 0%....50%....100% - 18 passes
==PROF== Profiling "ampere_bf16_s1688gemm_bf16_64..." - 3620: 0%....50%....100% - 18 passes
==PROF== Profiling "vectorized_elementwise_kernel" - 3621: 0%....50%....100% - 18 passes
==PROF== Profiling "ampere_bf16_s16816gemm_bf16_6..." - 3622: 0%....50%....100% - 18 passes
==PROF== Profiling "vectorized_elementwise_kernel" - 3623: 0%....50%....100% - 18 passes
==PROF== Profiling "unrolled_elementwise_kernel" - 3624: 0%....50%....100% - 18 passes
==PROF== Profiling "vectorized_elementwise_kernel" - 3625: 0%....50%....100% - 18 passes
==PROF== Profiling "reduce_kernel" - 3626: 0%....50%....100% - 18 passes
==PROF== Profiling "vectorized_elementwise_kernel" - 3627: 0%....50%....100% - 18 passes
==PROF== Profiling "vectorized_elementwise_kernel" - 3628: 0%....50%....100% - 18 passes
==PROF== Profiling "elementwise_kernel" - 3629: 0%....50%....100% - 18 passes
==PROF== Profiling "vectorized_elementwise_kernel" - 3630: 0%....50%....100% - 18 passes
==PROF== Profiling "elementwise_kernel" - 3631: 0%....50%....100% - 18 passes
==PROF== Profiling "ampere_bf16_s16816gemm_bf16_6..." - 3632: 0%....50%....100% - 18 passes
==PROF== Profiling "unrolled_elementwise_kernel" - 3633: 0%....50%....100% - 18 passes
==PROF== Profiling "vectorized_elementwise_kernel" - 3634: 0%....50%....100% - 18 passes
==PROF== Profiling "reduce_kernel" - 3635: 0%....50%....100% - 18 passes
==PROF== Profiling "vectorized_elementwise_kernel" - 3636: 0%....50%....100% - 18 passes
==PROF== Profiling "vectorized_elementwise_kernel" - 3637: 0%....50%....100% - 18 passes
==PROF== Profiling "elementwise_kernel" - 3638: 0%....50%....100% - 18 passes
==PROF== Profiling "vectorized_elementwise_kernel" - 3639: 0%....50%....100% - 18 passes
==PROF== Profiling "elementwise_kernel" - 3640: 0%....50%....100% - 18 passes
==PROF== Profiling "Kernel2" - 3641: 0%....50%....100% - 18 passes
==PROF== Profiling "splitKreduce_kernel" - 3642: 0%....50%....100% - 18 passes
==PROF== Profiling "unrolled_elementwise_kernel" - 3643: 0%....50%....100% - 18 passes
==PROF== Profiling "vectorized_elementwise_kernel" - 3644: 0%....50%....100% - 18 passes
==PROF== Profiling "reduce_kernel" - 3645: 0%....50%....100% - 18 passes
==PROF== Profiling "vectorized_elementwise_kernel" - 3646: 0%....50%....100% - 18 passes
==PROF== Profiling "vectorized_elementwise_kernel" - 3647: 0%....50%....100% - 18 passes
==PROF== Profiling "elementwise_kernel" - 3648: 0%....50%....100% - 18 passes
==PROF== Profiling "vectorized_elementwise_kernel" - 3649: 0%....50%....100% - 18 passes
==PROF== Profiling "elementwise_kernel" - 3650: 0%....50%....100% - 18 passes
==PROF== Profiling "Kernel2" - 3651: 0%....50%....100% - 18 passes
==PROF== Profiling "splitKreduce_kernel" - 3652: 0%....50%....100% - 18 passes
==PROF== Profiling "elementwise_kernel" - 3653: 0%....50%....100% - 18 passes
==PROF== Profiling "elementwise_kernel" - 3654: 0%....50%....100% - 18 passes
==PROF== Profiling "CatArrayBatchedCopy" - 3655: 0%....50%....100% - 18 passes
==PROF== Profiling "elementwise_kernel" - 3656: 0%....50%....100% - 18 passes
==PROF== Profiling "elementwise_kernel" - 3657: 0%....50%....100% - 18 passes
==PROF== Profiling "elementwise_kernel" - 3658: 0%....50%....100% - 18 passes
==PROF== Profiling "elementwise_kernel" - 3659: 0%....50%....100% - 18 passes
==PROF== Profiling "CatArrayBatchedCopy" - 3660: 0%....50%....100% - 18 passes
==PROF== Profiling "elementwise_kernel" - 3661: 0%....50%....100% - 18 passes
==PROF== Profiling "elementwise_kernel" - 3662: 0%....50%....100% - 18 passes
==PROF== Profiling "CatArrayBatchedCopy" - 3663: 0%....50%....100% - 18 passes
==PROF== Profiling "CatArrayBatchedCopy" - 3664: 0%....50%....100% - 18 passes
==PROF== Profiling "flash_fwd_splitkv_kernel" - 3665: 0%....50%....100% - 18 passes
==PROF== Profiling "flash_fwd_splitkv_combine_ker..." - 3666: 0%....50%....100% - 18 passes
==PROF== Profiling "ampere_bf16_s16816gemm_bf16_6..." - 3667: 0%....50%....100% - 18 passes
==PROF== Profiling "vectorized_elementwise_kernel" - 3668: 0%....50%....100% - 18 passes
==PROF== Profiling "unrolled_elementwise_kernel" - 3669: 0%....50%....100% - 18 passes
==PROF== Profiling "vectorized_elementwise_kernel" - 3670: 0%....50%....100% - 18 passes
==PROF== Profiling "reduce_kernel" - 3671: 0%....50%....100% - 18 passes
==PROF== Profiling "vectorized_elementwise_kernel" - 3672: 0%....50%....100% - 18 passes
==PROF== Profiling "vectorized_elementwise_kernel" - 3673: 0%....50%....100% - 18 passes
==PROF== Profiling "elementwise_kernel" - 3674: 0%....50%....100% - 18 passes
==PROF== Profiling "vectorized_elementwise_kernel" - 3675: 0%....50%....100% - 18 passes
==PROF== Profiling "elementwise_kernel" - 3676: 0%....50%....100% - 18 passes
==PROF== Profiling "ampere_bf16_s1688gemm_bf16_64..." - 3677: 0%....50%....100% - 18 passes
==PROF== Profiling "vectorized_elementwise_kernel" - 3678: 0%....50%....100% - 18 passes
==PROF== Profiling "ampere_bf16_s1688gemm_bf16_64..." - 3679: 0%....50%....100% - 18 passes
==PROF== Profiling "vectorized_elementwise_kernel" - 3680: 0%....50%....100% - 18 passes
==PROF== Profiling "ampere_bf16_s16816gemm_bf16_6..." - 3681: 0%....50%....100% - 18 passes
==PROF== Profiling "vectorized_elementwise_kernel" - 3682: 0%....50%....100% - 18 passes
==PROF== Profiling "unrolled_elementwise_kernel" - 3683: 0%....50%....100% - 18 passes
==PROF== Profiling "vectorized_elementwise_kernel" - 3684: 0%....50%....100% - 18 passes
==PROF== Profiling "reduce_kernel" - 3685: 0%....50%....100% - 18 passes
==PROF== Profiling "vectorized_elementwise_kernel" - 3686: 0%....50%....100% - 18 passes
==PROF== Profiling "vectorized_elementwise_kernel" - 3687: 0%....50%....100% - 18 passes
==PROF== Profiling "elementwise_kernel" - 3688: 0%....50%....100% - 18 passes
==PROF== Profiling "vectorized_elementwise_kernel" - 3689: 0%....50%....100% - 18 passes
==PROF== Profiling "elementwise_kernel" - 3690: 0%....50%....100% - 18 passes
==PROF== Profiling "ampere_bf16_s16816gemm_bf16_6..." - 3691: 0%....50%....100% - 18 passes
==PROF== Profiling "unrolled_elementwise_kernel" - 3692: 0%....50%....100% - 18 passes
==PROF== Profiling "vectorized_elementwise_kernel" - 3693: 0%....50%....100% - 18 passes
==PROF== Profiling "reduce_kernel" - 3694: 0%....50%....100% - 18 passes
==PROF== Profiling "vectorized_elementwise_kernel" - 3695: 0%....50%....100% - 18 passes
==PROF== Profiling "vectorized_elementwise_kernel" - 3696: 0%....50%....100% - 18 passes
==PROF== Profiling "elementwise_kernel" - 3697: 0%....50%....100% - 18 passes
==PROF== Profiling "vectorized_elementwise_kernel" - 3698: 0%....50%....100% - 18 passes
==PROF== Profiling "elementwise_kernel" - 3699: 0%....50%....100% - 18 passes
==PROF== Profiling "Kernel2" - 3700: 0%....50%....100% - 18 passes
==PROF== Profiling "splitKreduce_kernel" - 3701: 0%....50%....100% - 18 passes
==PROF== Profiling "unrolled_elementwise_kernel" - 3702: 0%....50%....100% - 18 passes
==PROF== Profiling "vectorized_elementwise_kernel" - 3703: 0%....50%....100% - 18 passes
==PROF== Profiling "reduce_kernel" - 3704: 0%....50%....100% - 18 passes
==PROF== Profiling "vectorized_elementwise_kernel" - 3705: 0%....50%....100% - 18 passes
==PROF== Profiling "vectorized_elementwise_kernel" - 3706: 0%....50%....100% - 18 passes
==PROF== Profiling "elementwise_kernel" - 3707: 0%....50%....100% - 18 passes
==PROF== Profiling "vectorized_elementwise_kernel" - 3708: 0%....50%....100% - 18 passes
==PROF== Profiling "elementwise_kernel" - 3709: 0%....50%....100% - 18 passes
==PROF== Profiling "Kernel2" - 3710: 0%....50%....100% - 18 passes
==PROF== Profiling "splitKreduce_kernel" - 3711: 0%....50%....100% - 18 passes
==PROF== Profiling "elementwise_kernel" - 3712: 0%....50%....100% - 18 passes
==PROF== Profiling "elementwise_kernel" - 3713: 0%....50%....100% - 18 passes
==PROF== Profiling "CatArrayBatchedCopy" - 3714: 0%....50%....100% - 18 passes
==PROF== Profiling "elementwise_kernel" - 3715: 0%....50%....100% - 18 passes
==PROF== Profiling "elementwise_kernel" - 3716: 0%....50%....100% - 18 passes
==PROF== Profiling "elementwise_kernel" - 3717: 0%....50%....100% - 18 passes
==PROF== Profiling "elementwise_kernel" - 3718: 0%....50%....100% - 18 passes
==PROF== Profiling "CatArrayBatchedCopy" - 3719: 0%....50%....100% - 18 passes
==PROF== Profiling "elementwise_kernel" - 3720: 0%....50%....100% - 18 passes
==PROF== Profiling "elementwise_kernel" - 3721: 0%....50%....100% - 18 passes
==PROF== Profiling "CatArrayBatchedCopy" - 3722: 0%....50%....100% - 18 passes
==PROF== Profiling "CatArrayBatchedCopy" - 3723: 0%....50%....100% - 18 passes
==PROF== Profiling "flash_fwd_splitkv_kernel" - 3724: 0%....50%....100% - 18 passes
==PROF== Profiling "flash_fwd_splitkv_combine_ker..." - 3725: 0%....50%....100% - 18 passes
==PROF== Profiling "ampere_bf16_s16816gemm_bf16_6..." - 3726: 0%....50%....100% - 18 passes
==PROF== Profiling "vectorized_elementwise_kernel" - 3727: 0%....50%....100% - 18 passes
==PROF== Profiling "unrolled_elementwise_kernel" - 3728: 0%....50%....100% - 18 passes
==PROF== Profiling "vectorized_elementwise_kernel" - 3729: 0%....50%....100% - 18 passes
==PROF== Profiling "reduce_kernel" - 3730: 0%....50%....100% - 18 passes
==PROF== Profiling "vectorized_elementwise_kernel" - 3731: 0%....50%....100% - 18 passes
==PROF== Profiling "vectorized_elementwise_kernel" - 3732: 0%....50%....100% - 18 passes
==PROF== Profiling "elementwise_kernel" - 3733: 0%....50%....100% - 18 passes
==PROF== Profiling "vectorized_elementwise_kernel" - 3734: 0%....50%....100% - 18 passes
==PROF== Profiling "elementwise_kernel" - 3735: 0%....50%....100% - 18 passes
==PROF== Profiling "ampere_bf16_s1688gemm_bf16_64..." - 3736: 0%....50%....100% - 18 passes
==PROF== Profiling "vectorized_elementwise_kernel" - 3737: 0%....50%....100% - 18 passes
==PROF== Profiling "ampere_bf16_s1688gemm_bf16_64..." - 3738: 0%....50%....100% - 18 passes
==PROF== Profiling "vectorized_elementwise_kernel" - 3739: 0%....50%....100% - 18 passes
==PROF== Profiling "ampere_bf16_s16816gemm_bf16_6..." - 3740: 0%....50%....100% - 18 passes
==PROF== Profiling "vectorized_elementwise_kernel" - 3741: 0%....50%....100% - 18 passes
==PROF== Profiling "unrolled_elementwise_kernel" - 3742: 0%....50%....100% - 18 passes
==PROF== Profiling "vectorized_elementwise_kernel" - 3743: 0%....50%....100% - 18 passes
==PROF== Profiling "reduce_kernel" - 3744: 0%....50%....100% - 18 passes
==PROF== Profiling "vectorized_elementwise_kernel" - 3745: 0%....50%....100% - 18 passes
==PROF== Profiling "vectorized_elementwise_kernel" - 3746: 0%....50%....100% - 18 passes
==PROF== Profiling "elementwise_kernel" - 3747: 0%....50%....100% - 18 passes
==PROF== Profiling "vectorized_elementwise_kernel" - 3748: 0%....50%....100% - 18 passes
==PROF== Profiling "elementwise_kernel" - 3749: 0%....50%....100% - 18 passes
==PROF== Profiling "ampere_bf16_s16816gemm_bf16_6..." - 3750: 0%....50%....100% - 18 passes
==PROF== Profiling "unrolled_elementwise_kernel" - 3751: 0%....50%....100% - 18 passes
==PROF== Profiling "vectorized_elementwise_kernel" - 3752: 0%....50%....100% - 18 passes
==PROF== Profiling "reduce_kernel" - 3753: 0%....50%....100% - 18 passes
==PROF== Profiling "vectorized_elementwise_kernel" - 3754: 0%....50%....100% - 18 passes
==PROF== Profiling "vectorized_elementwise_kernel" - 3755: 0%....50%....100% - 18 passes
==PROF== Profiling "elementwise_kernel" - 3756: 0%....50%....100% - 18 passes
==PROF== Profiling "vectorized_elementwise_kernel" - 3757: 0%....50%....100% - 18 passes
==PROF== Profiling "elementwise_kernel" - 3758: 0%....50%....100% - 18 passes
==PROF== Profiling "Kernel2" - 3759: 0%....50%....100% - 18 passes
==PROF== Profiling "splitKreduce_kernel" - 3760: 0%....50%....100% - 18 passes
==PROF== Profiling "unrolled_elementwise_kernel" - 3761: 0%....50%....100% - 18 passes
==PROF== Profiling "vectorized_elementwise_kernel" - 3762: 0%....50%....100% - 18 passes
==PROF== Profiling "reduce_kernel" - 3763: 0%....50%....100% - 18 passes
==PROF== Profiling "vectorized_elementwise_kernel" - 3764: 0%....50%....100% - 18 passes
==PROF== Profiling "vectorized_elementwise_kernel" - 3765: 0%....50%....100% - 18 passes
==PROF== Profiling "elementwise_kernel" - 3766: 0%....50%....100% - 18 passes
==PROF== Profiling "vectorized_elementwise_kernel" - 3767: 0%....50%....100% - 18 passes
==PROF== Profiling "elementwise_kernel" - 3768: 0%....50%....100% - 18 passes
==PROF== Profiling "Kernel2" - 3769: 0%....50%....100% - 18 passes
==PROF== Profiling "splitKreduce_kernel" - 3770: 0%....50%....100% - 18 passes
==PROF== Profiling "elementwise_kernel" - 3771: 0%....50%....100% - 18 passes
==PROF== Profiling "elementwise_kernel" - 3772: 0%....50%....100% - 18 passes
==PROF== Profiling "CatArrayBatchedCopy" - 3773: 0%....50%....100% - 18 passes
==PROF== Profiling "elementwise_kernel" - 3774: 0%....50%....100% - 18 passes
==PROF== Profiling "elementwise_kernel" - 3775: 0%....50%....100% - 18 passes
==PROF== Profiling "elementwise_kernel" - 3776: 0%....50%....100% - 18 passes
==PROF== Profiling "elementwise_kernel" - 3777: 0%....50%....100% - 18 passes
==PROF== Profiling "CatArrayBatchedCopy" - 3778: 0%....50%....100% - 18 passes
==PROF== Profiling "elementwise_kernel" - 3779: 0%....50%....100% - 18 passes
==PROF== Profiling "elementwise_kernel" - 3780: 0%....50%....100% - 18 passes
==PROF== Profiling "CatArrayBatchedCopy" - 3781: 0%....50%....100% - 18 passes
==PROF== Profiling "CatArrayBatchedCopy" - 3782: 0%....50%....100% - 18 passes
==PROF== Profiling "flash_fwd_splitkv_kernel" - 3783: 0%....50%....100% - 18 passes
==PROF== Profiling "flash_fwd_splitkv_combine_ker..." - 3784: 0%....50%....100% - 18 passes
==PROF== Profiling "ampere_bf16_s16816gemm_bf16_6..." - 3785: 0%....50%....100% - 18 passes
==PROF== Profiling "vectorized_elementwise_kernel" - 3786: 0%....50%....100% - 18 passes
==PROF== Profiling "unrolled_elementwise_kernel" - 3787: 0%....50%....100% - 18 passes
==PROF== Profiling "vectorized_elementwise_kernel" - 3788: 0%....50%....100% - 18 passes
==PROF== Profiling "reduce_kernel" - 3789: 0%....50%....100% - 18 passes
==PROF== Profiling "vectorized_elementwise_kernel" - 3790: 0%....50%....100% - 18 passes
==PROF== Profiling "vectorized_elementwise_kernel" - 3791: 0%....50%....100% - 18 passes
==PROF== Profiling "elementwise_kernel" - 3792: 0%....50%....100% - 18 passes
==PROF== Profiling "vectorized_elementwise_kernel" - 3793: 0%....50%....100% - 18 passes
==PROF== Profiling "elementwise_kernel" - 3794: 0%....50%....100% - 18 passes
==PROF== Profiling "ampere_bf16_s1688gemm_bf16_64..." - 3795: 0%....50%....100% - 18 passes
==PROF== Profiling "vectorized_elementwise_kernel" - 3796: 0%....50%....100% - 18 passes
==PROF== Profiling "ampere_bf16_s1688gemm_bf16_64..." - 3797: 0%....50%....100% - 18 passes
==PROF== Profiling "vectorized_elementwise_kernel" - 3798: 0%....50%....100% - 18 passes
==PROF== Profiling "ampere_bf16_s16816gemm_bf16_6..." - 3799: 0%....50%....100% - 18 passes
==PROF== Profiling "vectorized_elementwise_kernel" - 3800: 0%....50%....100% - 18 passes
==PROF== Profiling "unrolled_elementwise_kernel" - 3801: 0%....50%....100% - 18 passes
==PROF== Profiling "vectorized_elementwise_kernel" - 3802: 0%....50%....100% - 18 passes
==PROF== Profiling "reduce_kernel" - 3803: 0%....50%....100% - 18 passes
==PROF== Profiling "vectorized_elementwise_kernel" - 3804: 0%....50%....100% - 18 passes
==PROF== Profiling "vectorized_elementwise_kernel" - 3805: 0%....50%....100% - 18 passes
==PROF== Profiling "elementwise_kernel" - 3806: 0%....50%....100% - 18 passes
==PROF== Profiling "vectorized_elementwise_kernel" - 3807: 0%....50%....100% - 18 passes
==PROF== Profiling "elementwise_kernel" - 3808: 0%....50%....100% - 18 passes
==PROF== Profiling "ampere_bf16_s16816gemm_bf16_6..." - 3809: 0%....50%....100% - 18 passes
==PROF== Profiling "unrolled_elementwise_kernel" - 3810: 0%....50%....100% - 18 passes
==PROF== Profiling "vectorized_elementwise_kernel" - 3811: 0%....50%....100% - 18 passes
==PROF== Profiling "reduce_kernel" - 3812: 0%....50%....100% - 18 passes
==PROF== Profiling "vectorized_elementwise_kernel" - 3813: 0%....50%....100% - 18 passes
==PROF== Profiling "vectorized_elementwise_kernel" - 3814: 0%....50%....100% - 18 passes
==PROF== Profiling "elementwise_kernel" - 3815: 0%....50%....100% - 18 passes
==PROF== Profiling "vectorized_elementwise_kernel" - 3816: 0%....50%....100% - 18 passes
==PROF== Profiling "elementwise_kernel" - 3817: 0%....50%....100% - 18 passes
==PROF== Profiling "Kernel2" - 3818: 0%....50%....100% - 18 passes
==PROF== Profiling "splitKreduce_kernel" - 3819: 0%....50%....100% - 18 passes
==PROF== Profiling "unrolled_elementwise_kernel" - 3820: 0%....50%....100% - 18 passes
==PROF== Profiling "vectorized_elementwise_kernel" - 3821: 0%....50%....100% - 18 passes
==PROF== Profiling "reduce_kernel" - 3822: 0%....50%....100% - 18 passes
==PROF== Profiling "vectorized_elementwise_kernel" - 3823: 0%....50%....100% - 18 passes
==PROF== Profiling "vectorized_elementwise_kernel" - 3824: 0%....50%....100% - 18 passes
==PROF== Profiling "elementwise_kernel" - 3825: 0%....50%....100% - 18 passes
==PROF== Profiling "vectorized_elementwise_kernel" - 3826: 0%....50%....100% - 18 passes
==PROF== Profiling "elementwise_kernel" - 3827: 0%....50%....100% - 18 passes
==PROF== Profiling "Kernel2" - 3828: 0%....50%....100% - 18 passes
==PROF== Profiling "splitKreduce_kernel" - 3829: 0%....50%....100% - 18 passes
==PROF== Profiling "elementwise_kernel" - 3830: 0%....50%....100% - 18 passes
==PROF== Profiling "elementwise_kernel" - 3831: 0%....50%....100% - 18 passes
==PROF== Profiling "CatArrayBatchedCopy" - 3832: 0%....50%....100% - 18 passes
==PROF== Profiling "elementwise_kernel" - 3833: 0%....50%....100% - 18 passes
==PROF== Profiling "elementwise_kernel" - 3834: 0%....50%....100% - 18 passes
==PROF== Profiling "elementwise_kernel" - 3835: 0%....50%....100% - 18 passes
==PROF== Profiling "elementwise_kernel" - 3836: 0%....50%....100% - 18 passes
==PROF== Profiling "CatArrayBatchedCopy" - 3837: 0%....50%....100% - 18 passes
==PROF== Profiling "elementwise_kernel" - 3838: 0%....50%....100% - 18 passes
==PROF== Profiling "elementwise_kernel" - 3839: 0%....50%....100% - 18 passes
==PROF== Profiling "CatArrayBatchedCopy" - 3840: 0%....50%....100% - 18 passes
==PROF== Profiling "CatArrayBatchedCopy" - 3841: 0%....50%....100% - 18 passes
==PROF== Profiling "flash_fwd_splitkv_kernel" - 3842: 0%....50%....100% - 18 passes
==PROF== Profiling "flash_fwd_splitkv_combine_ker..." - 3843: 0%....50%....100% - 18 passes
==PROF== Profiling "ampere_bf16_s16816gemm_bf16_6..." - 3844: 0%....50%....100% - 18 passes
==PROF== Profiling "vectorized_elementwise_kernel" - 3845: 0%....50%....100% - 18 passes
==PROF== Profiling "unrolled_elementwise_kernel" - 3846: 0%....50%....100% - 18 passes
==PROF== Profiling "vectorized_elementwise_kernel" - 3847: 0%....50%....100% - 18 passes
==PROF== Profiling "reduce_kernel" - 3848: 0%....50%....100% - 18 passes
==PROF== Profiling "vectorized_elementwise_kernel" - 3849: 0%....50%....100% - 18 passes
==PROF== Profiling "vectorized_elementwise_kernel" - 3850: 0%....50%....100% - 18 passes
==PROF== Profiling "elementwise_kernel" - 3851: 0%....50%....100% - 18 passes
==PROF== Profiling "vectorized_elementwise_kernel" - 3852: 0%....50%....100% - 18 passes
==PROF== Profiling "elementwise_kernel" - 3853: 0%....50%....100% - 18 passes
==PROF== Profiling "ampere_bf16_s1688gemm_bf16_64..." - 3854: 0%....50%....100% - 18 passes
==PROF== Profiling "vectorized_elementwise_kernel" - 3855: 0%....50%....100% - 18 passes
==PROF== Profiling "ampere_bf16_s1688gemm_bf16_64..." - 3856: 0%....50%....100% - 18 passes
==PROF== Profiling "vectorized_elementwise_kernel" - 3857: 0%....50%....100% - 18 passes
==PROF== Profiling "ampere_bf16_s16816gemm_bf16_6..." - 3858: 0%....50%....100% - 18 passes
==PROF== Profiling "vectorized_elementwise_kernel" - 3859: 0%....50%....100% - 18 passes
==PROF== Profiling "unrolled_elementwise_kernel" - 3860: 0%....50%....100% - 18 passes
==PROF== Profiling "vectorized_elementwise_kernel" - 3861: 0%....50%....100% - 18 passes
==PROF== Profiling "reduce_kernel" - 3862: 0%....50%....100% - 18 passes
==PROF== Profiling "vectorized_elementwise_kernel" - 3863: 0%....50%....100% - 18 passes
==PROF== Profiling "vectorized_elementwise_kernel" - 3864: 0%....50%....100% - 18 passes
==PROF== Profiling "elementwise_kernel" - 3865: 0%....50%....100% - 18 passes
==PROF== Profiling "vectorized_elementwise_kernel" - 3866: 0%....50%....100% - 18 passes
==PROF== Profiling "elementwise_kernel" - 3867: 0%....50%....100% - 18 passes
==PROF== Profiling "ampere_bf16_s16816gemm_bf16_6..." - 3868: 0%....50%....100% - 18 passes
==PROF== Profiling "unrolled_elementwise_kernel" - 3869: 0%....50%....100% - 18 passes
==PROF== Profiling "vectorized_elementwise_kernel" - 3870: 0%....50%....100% - 18 passes
==PROF== Profiling "reduce_kernel" - 3871: 0%....50%....100% - 18 passes
==PROF== Profiling "vectorized_elementwise_kernel" - 3872: 0%....50%....100% - 18 passes
==PROF== Profiling "vectorized_elementwise_kernel" - 3873: 0%....50%....100% - 18 passes
==PROF== Profiling "elementwise_kernel" - 3874: 0%....50%....100% - 18 passes
==PROF== Profiling "vectorized_elementwise_kernel" - 3875: 0%....50%....100% - 18 passes
==PROF== Profiling "elementwise_kernel" - 3876: 0%....50%....100% - 18 passes
==PROF== Profiling "Kernel2" - 3877: 0%....50%....100% - 18 passes
==PROF== Profiling "splitKreduce_kernel" - 3878: 0%....50%....100% - 18 passes
==PROF== Profiling "unrolled_elementwise_kernel" - 3879: 0%....50%....100% - 18 passes
==PROF== Profiling "vectorized_elementwise_kernel" - 3880: 0%....50%....100% - 18 passes
==PROF== Profiling "reduce_kernel" - 3881: 0%....50%....100% - 18 passes
==PROF== Profiling "vectorized_elementwise_kernel" - 3882: 0%....50%....100% - 18 passes
==PROF== Profiling "vectorized_elementwise_kernel" - 3883: 0%....50%....100% - 18 passes
==PROF== Profiling "elementwise_kernel" - 3884: 0%....50%....100% - 18 passes
==PROF== Profiling "vectorized_elementwise_kernel" - 3885: 0%....50%....100% - 18 passes
==PROF== Profiling "elementwise_kernel" - 3886: 0%....50%....100% - 18 passes
==PROF== Profiling "Kernel2" - 3887: 0%....50%....100% - 18 passes
==PROF== Profiling "splitKreduce_kernel" - 3888: 0%....50%....100% - 18 passes
==PROF== Profiling "elementwise_kernel" - 3889: 0%....50%....100% - 18 passes
==PROF== Profiling "elementwise_kernel" - 3890: 0%....50%....100% - 18 passes
==PROF== Profiling "CatArrayBatchedCopy" - 3891: 0%....50%....100% - 18 passes
==PROF== Profiling "elementwise_kernel" - 3892: 0%....50%....100% - 18 passes
==PROF== Profiling "elementwise_kernel" - 3893: 0%....50%....100% - 18 passes
==PROF== Profiling "elementwise_kernel" - 3894: 0%....50%....100% - 18 passes
==PROF== Profiling "elementwise_kernel" - 3895: 0%....50%....100% - 18 passes
==PROF== Profiling "CatArrayBatchedCopy" - 3896: 0%....50%....100% - 18 passes
==PROF== Profiling "elementwise_kernel" - 3897: 0%....50%....100% - 18 passes
==PROF== Profiling "elementwise_kernel" - 3898: 0%....50%....100% - 18 passes
==PROF== Profiling "CatArrayBatchedCopy" - 3899: 0%....50%....100% - 18 passes
==PROF== Profiling "CatArrayBatchedCopy" - 3900: 0%....50%....100% - 18 passes
==PROF== Profiling "flash_fwd_splitkv_kernel" - 3901: 0%....50%....100% - 18 passes
==PROF== Profiling "flash_fwd_splitkv_combine_ker..." - 3902: 0%....50%....100% - 18 passes
==PROF== Profiling "ampere_bf16_s16816gemm_bf16_6..." - 3903: 0%....50%....100% - 18 passes
==PROF== Profiling "vectorized_elementwise_kernel" - 3904: 0%....50%....100% - 18 passes
==PROF== Profiling "unrolled_elementwise_kernel" - 3905: 0%....50%....100% - 18 passes
==PROF== Profiling "vectorized_elementwise_kernel" - 3906: 0%....50%....100% - 18 passes
==PROF== Profiling "reduce_kernel" - 3907: 0%....50%....100% - 18 passes
==PROF== Profiling "vectorized_elementwise_kernel" - 3908: 0%....50%....100% - 18 passes
==PROF== Profiling "vectorized_elementwise_kernel" - 3909: 0%....50%....100% - 18 passes
==PROF== Profiling "elementwise_kernel" - 3910: 0%....50%....100% - 18 passes
==PROF== Profiling "vectorized_elementwise_kernel" - 3911: 0%....50%....100% - 18 passes
==PROF== Profiling "elementwise_kernel" - 3912: 0%....50%....100% - 18 passes
==PROF== Profiling "ampere_bf16_s1688gemm_bf16_64..." - 3913: 0%....50%....100% - 18 passes
==PROF== Profiling "vectorized_elementwise_kernel" - 3914: 0%....50%....100% - 18 passes
==PROF== Profiling "ampere_bf16_s1688gemm_bf16_64..." - 3915: 0%....50%....100% - 18 passes
==PROF== Profiling "vectorized_elementwise_kernel" - 3916: 0%....50%....100% - 18 passes
==PROF== Profiling "ampere_bf16_s16816gemm_bf16_6..." - 3917: 0%....50%....100% - 18 passes
==PROF== Profiling "vectorized_elementwise_kernel" - 3918: 0%....50%....100% - 18 passes
==PROF== Profiling "unrolled_elementwise_kernel" - 3919: 0%....50%....100% - 18 passes
==PROF== Profiling "vectorized_elementwise_kernel" - 3920: 0%....50%....100% - 18 passes
==PROF== Profiling "reduce_kernel" - 3921: 0%....50%....100% - 18 passes
==PROF== Profiling "vectorized_elementwise_kernel" - 3922: 0%....50%....100% - 18 passes
==PROF== Profiling "vectorized_elementwise_kernel" - 3923: 0%....50%....100% - 18 passes
==PROF== Profiling "elementwise_kernel" - 3924: 0%....50%....100% - 18 passes
==PROF== Profiling "vectorized_elementwise_kernel" - 3925: 0%....50%....100% - 18 passes
==PROF== Profiling "elementwise_kernel" - 3926: 0%....50%....100% - 18 passes
==PROF== Profiling "ampere_bf16_s16816gemm_bf16_6..." - 3927: 0%....50%....100% - 18 passes
==PROF== Profiling "unrolled_elementwise_kernel" - 3928: 0%....50%....100% - 18 passes
==PROF== Profiling "vectorized_elementwise_kernel" - 3929: 0%....50%....100% - 18 passes
==PROF== Profiling "reduce_kernel" - 3930: 0%....50%....100% - 18 passes
==PROF== Profiling "vectorized_elementwise_kernel" - 3931: 0%....50%....100% - 18 passes
==PROF== Profiling "vectorized_elementwise_kernel" - 3932: 0%....50%....100% - 18 passes
==PROF== Profiling "elementwise_kernel" - 3933: 0%....50%....100% - 18 passes
==PROF== Profiling "vectorized_elementwise_kernel" - 3934: 0%....50%....100% - 18 passes
==PROF== Profiling "elementwise_kernel" - 3935: 0%....50%....100% - 18 passes
==PROF== Profiling "Kernel2" - 3936: 0%....50%....100% - 18 passes
==PROF== Profiling "splitKreduce_kernel" - 3937: 0%....50%....100% - 18 passes
==PROF== Profiling "unrolled_elementwise_kernel" - 3938: 0%....50%....100% - 18 passes
==PROF== Profiling "vectorized_elementwise_kernel" - 3939: 0%....50%....100% - 18 passes
==PROF== Profiling "reduce_kernel" - 3940: 0%....50%....100% - 18 passes
==PROF== Profiling "vectorized_elementwise_kernel" - 3941: 0%....50%....100% - 18 passes
==PROF== Profiling "vectorized_elementwise_kernel" - 3942: 0%....50%....100% - 18 passes
==PROF== Profiling "elementwise_kernel" - 3943: 0%....50%....100% - 18 passes
==PROF== Profiling "vectorized_elementwise_kernel" - 3944: 0%....50%....100% - 18 passes
==PROF== Profiling "elementwise_kernel" - 3945: 0%....50%....100% - 18 passes
==PROF== Profiling "Kernel2" - 3946: 0%....50%....100% - 18 passes
==PROF== Profiling "splitKreduce_kernel" - 3947: 0%....50%....100% - 18 passes
==PROF== Profiling "elementwise_kernel" - 3948: 0%....50%....100% - 18 passes
==PROF== Profiling "elementwise_kernel" - 3949: 0%....50%....100% - 18 passes
==PROF== Profiling "CatArrayBatchedCopy" - 3950: 0%....50%....100% - 18 passes
==PROF== Profiling "elementwise_kernel" - 3951: 0%....50%....100% - 18 passes
==PROF== Profiling "elementwise_kernel" - 3952: 0%....50%....100% - 18 passes
==PROF== Profiling "elementwise_kernel" - 3953: 0%....50%....100% - 18 passes
==PROF== Profiling "elementwise_kernel" - 3954: 0%....50%....100% - 18 passes
==PROF== Profiling "CatArrayBatchedCopy" - 3955: 0%....50%....100% - 18 passes
==PROF== Profiling "elementwise_kernel" - 3956: 0%....50%....100% - 18 passes
==PROF== Profiling "elementwise_kernel" - 3957: 0%....50%....100% - 18 passes
==PROF== Profiling "CatArrayBatchedCopy" - 3958: 0%....50%....100% - 18 passes
==PROF== Profiling "CatArrayBatchedCopy" - 3959: 0%....50%....100% - 18 passes
==PROF== Profiling "flash_fwd_splitkv_kernel" - 3960: 0%....50%....100% - 18 passes
==PROF== Profiling "flash_fwd_splitkv_combine_ker..." - 3961: 0%....50%....100% - 18 passes
==PROF== Profiling "ampere_bf16_s16816gemm_bf16_6..." - 3962: 0%....50%....100% - 18 passes
==PROF== Profiling "vectorized_elementwise_kernel" - 3963: 0%....50%....100% - 18 passes
==PROF== Profiling "unrolled_elementwise_kernel" - 3964: 0%....50%....100% - 18 passes
==PROF== Profiling "vectorized_elementwise_kernel" - 3965: 0%....50%....100% - 18 passes
==PROF== Profiling "reduce_kernel" - 3966: 0%....50%....100% - 18 passes
==PROF== Profiling "vectorized_elementwise_kernel" - 3967: 0%....50%....100% - 18 passes
==PROF== Profiling "vectorized_elementwise_kernel" - 3968: 0%....50%....100% - 18 passes
==PROF== Profiling "elementwise_kernel" - 3969: 0%....50%....100% - 18 passes
==PROF== Profiling "vectorized_elementwise_kernel" - 3970: 0%....50%....100% - 18 passes
==PROF== Profiling "elementwise_kernel" - 3971: 0%....50%....100% - 18 passes
==PROF== Profiling "ampere_bf16_s1688gemm_bf16_64..." - 3972: 0%....50%....100% - 18 passes
==PROF== Profiling "vectorized_elementwise_kernel" - 3973: 0%....50%....100% - 18 passes
==PROF== Profiling "ampere_bf16_s1688gemm_bf16_64..." - 3974: 0%....50%....100% - 18 passes
==PROF== Profiling "vectorized_elementwise_kernel" - 3975: 0%....50%....100% - 18 passes
==PROF== Profiling "ampere_bf16_s16816gemm_bf16_6..." - 3976: 0%....50%....100% - 18 passes
==PROF== Profiling "vectorized_elementwise_kernel" - 3977: 0%....50%....100% - 18 passes
==PROF== Profiling "unrolled_elementwise_kernel" - 3978: 0%....50%....100% - 18 passes
==PROF== Profiling "vectorized_elementwise_kernel" - 3979: 0%....50%....100% - 18 passes
==PROF== Profiling "reduce_kernel" - 3980: 0%....50%....100% - 18 passes
==PROF== Profiling "vectorized_elementwise_kernel" - 3981: 0%....50%....100% - 18 passes
==PROF== Profiling "vectorized_elementwise_kernel" - 3982: 0%....50%....100% - 18 passes
==PROF== Profiling "elementwise_kernel" - 3983: 0%....50%....100% - 18 passes
==PROF== Profiling "vectorized_elementwise_kernel" - 3984: 0%....50%....100% - 18 passes
==PROF== Profiling "elementwise_kernel" - 3985: 0%....50%....100% - 18 passes
==PROF== Profiling "ampere_bf16_s16816gemm_bf16_6..." - 3986: 0%....50%....100% - 18 passes
==PROF== Profiling "unrolled_elementwise_kernel" - 3987: 0%....50%....100% - 18 passes
==PROF== Profiling "vectorized_elementwise_kernel" - 3988: 0%....50%....100% - 18 passes
==PROF== Profiling "reduce_kernel" - 3989: 0%....50%....100% - 18 passes
==PROF== Profiling "vectorized_elementwise_kernel" - 3990: 0%....50%....100% - 18 passes
==PROF== Profiling "vectorized_elementwise_kernel" - 3991: 0%....50%....100% - 18 passes
==PROF== Profiling "elementwise_kernel" - 3992: 0%....50%....100% - 18 passes
==PROF== Profiling "vectorized_elementwise_kernel" - 3993: 0%....50%....100% - 18 passes
==PROF== Profiling "elementwise_kernel" - 3994: 0%....50%....100% - 18 passes
==PROF== Profiling "Kernel2" - 3995: 0%....50%....100% - 18 passes
==PROF== Profiling "splitKreduce_kernel" - 3996: 0%....50%....100% - 18 passes
==PROF== Profiling "unrolled_elementwise_kernel" - 3997: 0%....50%....100% - 18 passes
==PROF== Profiling "vectorized_elementwise_kernel" - 3998: 0%....50%....100% - 18 passes
==PROF== Profiling "reduce_kernel" - 3999: 0%....50%....100% - 18 passes
==PROF== Profiling "vectorized_elementwise_kernel" - 4000: 0%....50%....100% - 18 passes
==PROF== Profiling "vectorized_elementwise_kernel" - 4001: 0%....50%....100% - 18 passes
==PROF== Profiling "elementwise_kernel" - 4002: 0%....50%....100% - 18 passes
==PROF== Profiling "vectorized_elementwise_kernel" - 4003: 0%....50%....100% - 18 passes
==PROF== Profiling "elementwise_kernel" - 4004: 0%....50%....100% - 18 passes
==PROF== Profiling "Kernel2" - 4005: 0%....50%....100% - 18 passes
==PROF== Profiling "splitKreduce_kernel" - 4006: 0%....50%....100% - 18 passes
==PROF== Profiling "elementwise_kernel" - 4007: 0%....50%....100% - 18 passes
==PROF== Profiling "elementwise_kernel" - 4008: 0%....50%....100% - 18 passes
==PROF== Profiling "CatArrayBatchedCopy" - 4009: 0%....50%....100% - 18 passes
==PROF== Profiling "elementwise_kernel" - 4010: 0%....50%....100% - 18 passes
==PROF== Profiling "elementwise_kernel" - 4011: 0%....50%....100% - 18 passes
==PROF== Profiling "elementwise_kernel" - 4012: 0%....50%....100% - 18 passes
==PROF== Profiling "elementwise_kernel" - 4013: 0%....50%....100% - 18 passes
==PROF== Profiling "CatArrayBatchedCopy" - 4014: 0%....50%....100% - 18 passes
==PROF== Profiling "elementwise_kernel" - 4015: 0%....50%....100% - 18 passes
==PROF== Profiling "elementwise_kernel" - 4016: 0%....50%....100% - 18 passes
==PROF== Profiling "CatArrayBatchedCopy" - 4017: 0%....50%....100% - 18 passes
==PROF== Profiling "CatArrayBatchedCopy" - 4018: 0%....50%....100% - 18 passes
==PROF== Profiling "flash_fwd_splitkv_kernel" - 4019: 0%....50%....100% - 18 passes
==PROF== Profiling "flash_fwd_splitkv_combine_ker..." - 4020: 0%....50%....100% - 18 passes
==PROF== Profiling "ampere_bf16_s16816gemm_bf16_6..." - 4021: 0%....50%....100% - 18 passes
==PROF== Profiling "vectorized_elementwise_kernel" - 4022: 0%....50%....100% - 18 passes
==PROF== Profiling "unrolled_elementwise_kernel" - 4023: 0%....50%....100% - 18 passes
==PROF== Profiling "vectorized_elementwise_kernel" - 4024: 0%....50%....100% - 18 passes
==PROF== Profiling "reduce_kernel" - 4025: 0%....50%....100% - 18 passes
==PROF== Profiling "vectorized_elementwise_kernel" - 4026: 0%....50%....100% - 18 passes
==PROF== Profiling "vectorized_elementwise_kernel" - 4027: 0%....50%....100% - 18 passes
==PROF== Profiling "elementwise_kernel" - 4028: 0%....50%....100% - 18 passes
==PROF== Profiling "vectorized_elementwise_kernel" - 4029: 0%....50%....100% - 18 passes
==PROF== Profiling "elementwise_kernel" - 4030: 0%....50%....100% - 18 passes
==PROF== Profiling "ampere_bf16_s1688gemm_bf16_64..." - 4031: 0%....50%....100% - 18 passes
==PROF== Profiling "vectorized_elementwise_kernel" - 4032: 0%....50%....100% - 18 passes
==PROF== Profiling "ampere_bf16_s1688gemm_bf16_64..." - 4033: 0%....50%....100% - 18 passes
==PROF== Profiling "vectorized_elementwise_kernel" - 4034: 0%....50%....100% - 18 passes
==PROF== Profiling "ampere_bf16_s16816gemm_bf16_6..." - 4035: 0%....50%....100% - 18 passes
==PROF== Profiling "vectorized_elementwise_kernel" - 4036: 0%....50%....100% - 18 passes
==PROF== Profiling "unrolled_elementwise_kernel" - 4037: 0%....50%....100% - 18 passes
==PROF== Profiling "vectorized_elementwise_kernel" - 4038: 0%....50%....100% - 18 passes
==PROF== Profiling "reduce_kernel" - 4039: 0%....50%....100% - 18 passes
==PROF== Profiling "vectorized_elementwise_kernel" - 4040: 0%....50%....100% - 18 passes
==PROF== Profiling "vectorized_elementwise_kernel" - 4041: 0%....50%....100% - 18 passes
==PROF== Profiling "elementwise_kernel" - 4042: 0%....50%....100% - 18 passes
==PROF== Profiling "vectorized_elementwise_kernel" - 4043: 0%....50%....100% - 18 passes
==PROF== Profiling "elementwise_kernel" - 4044: 0%....50%....100% - 18 passes
==PROF== Profiling "ampere_bf16_s16816gemm_bf16_6..." - 4045: 0%....50%....100% - 18 passes
==PROF== Profiling "unrolled_elementwise_kernel" - 4046: 0%....50%....100% - 18 passes
==PROF== Profiling "vectorized_elementwise_kernel" - 4047: 0%....50%....100% - 18 passes
==PROF== Profiling "reduce_kernel" - 4048: 0%....50%....100% - 18 passes
==PROF== Profiling "vectorized_elementwise_kernel" - 4049: 0%....50%....100% - 18 passes
==PROF== Profiling "vectorized_elementwise_kernel" - 4050: 0%....50%....100% - 18 passes
==PROF== Profiling "elementwise_kernel" - 4051: 0%....50%....100% - 18 passes
==PROF== Profiling "vectorized_elementwise_kernel" - 4052: 0%....50%....100% - 18 passes
==PROF== Profiling "elementwise_kernel" - 4053: 0%....50%....100% - 18 passes
==PROF== Profiling "Kernel2" - 4054: 0%....50%....100% - 18 passes
==PROF== Profiling "splitKreduce_kernel" - 4055: 0%....50%....100% - 18 passes
==PROF== Profiling "unrolled_elementwise_kernel" - 4056: 0%....50%....100% - 18 passes
==PROF== Profiling "vectorized_elementwise_kernel" - 4057: 0%....50%....100% - 18 passes
==PROF== Profiling "reduce_kernel" - 4058: 0%....50%....100% - 18 passes
==PROF== Profiling "vectorized_elementwise_kernel" - 4059: 0%....50%....100% - 18 passes
==PROF== Profiling "vectorized_elementwise_kernel" - 4060: 0%....50%....100% - 18 passes
==PROF== Profiling "elementwise_kernel" - 4061: 0%....50%....100% - 18 passes
==PROF== Profiling "vectorized_elementwise_kernel" - 4062: 0%....50%....100% - 18 passes
==PROF== Profiling "elementwise_kernel" - 4063: 0%....50%....100% - 18 passes
==PROF== Profiling "Kernel2" - 4064: 0%....50%....100% - 18 passes
==PROF== Profiling "splitKreduce_kernel" - 4065: 0%....50%....100% - 18 passes
==PROF== Profiling "elementwise_kernel" - 4066: 0%....50%....100% - 18 passes
==PROF== Profiling "elementwise_kernel" - 4067: 0%....50%....100% - 18 passes
==PROF== Profiling "CatArrayBatchedCopy" - 4068: 0%....50%....100% - 18 passes
==PROF== Profiling "elementwise_kernel" - 4069: 0%....50%....100% - 18 passes
==PROF== Profiling "elementwise_kernel" - 4070: 0%....50%....100% - 18 passes
==PROF== Profiling "elementwise_kernel" - 4071: 0%....50%....100% - 18 passes
==PROF== Profiling "elementwise_kernel" - 4072: 0%....50%....100% - 18 passes
==PROF== Profiling "CatArrayBatchedCopy" - 4073: 0%....50%....100% - 18 passes
==PROF== Profiling "elementwise_kernel" - 4074: 0%....50%....100% - 18 passes
==PROF== Profiling "elementwise_kernel" - 4075: 0%....50%....100% - 18 passes
==PROF== Profiling "CatArrayBatchedCopy" - 4076: 0%....50%....100% - 18 passes
==PROF== Profiling "CatArrayBatchedCopy" - 4077: 0%....50%....100% - 18 passes
==PROF== Profiling "flash_fwd_splitkv_kernel" - 4078: 0%....50%....100% - 18 passes
==PROF== Profiling "flash_fwd_splitkv_combine_ker..." - 4079: 0%....50%....100% - 18 passes
==PROF== Profiling "ampere_bf16_s16816gemm_bf16_6..." - 4080: 0%....50%....100% - 18 passes
==PROF== Profiling "vectorized_elementwise_kernel" - 4081: 0%....50%....100% - 18 passes
==PROF== Profiling "unrolled_elementwise_kernel" - 4082: 0%....50%....100% - 18 passes
==PROF== Profiling "vectorized_elementwise_kernel" - 4083: 0%....50%....100% - 18 passes
==PROF== Profiling "reduce_kernel" - 4084: 0%....50%....100% - 18 passes
==PROF== Profiling "vectorized_elementwise_kernel" - 4085: 0%....50%....100% - 18 passes
==PROF== Profiling "vectorized_elementwise_kernel" - 4086: 0%....50%....100% - 18 passes
==PROF== Profiling "elementwise_kernel" - 4087: 0%....50%....100% - 18 passes
==PROF== Profiling "vectorized_elementwise_kernel" - 4088: 0%....50%....100% - 18 passes
==PROF== Profiling "elementwise_kernel" - 4089: 0%....50%....100% - 18 passes
==PROF== Profiling "ampere_bf16_s1688gemm_bf16_64..." - 4090: 0%....50%....100% - 18 passes
==PROF== Profiling "vectorized_elementwise_kernel" - 4091: 0%....50%....100% - 18 passes
==PROF== Profiling "ampere_bf16_s1688gemm_bf16_64..." - 4092: 0%....50%....100% - 18 passes
==PROF== Profiling "vectorized_elementwise_kernel" - 4093: 0%....50%....100% - 18 passes
==PROF== Profiling "ampere_bf16_s16816gemm_bf16_6..." - 4094: 0%....50%....100% - 18 passes
==PROF== Profiling "vectorized_elementwise_kernel" - 4095: 0%....50%....100% - 18 passes
==PROF== Profiling "unrolled_elementwise_kernel" - 4096: 0%....50%....100% - 18 passes
==PROF== Profiling "vectorized_elementwise_kernel" - 4097: 0%....50%....100% - 18 passes
==PROF== Profiling "reduce_kernel" - 4098: 0%....50%....100% - 18 passes
==PROF== Profiling "vectorized_elementwise_kernel" - 4099: 0%....50%....100% - 18 passes
==PROF== Profiling "vectorized_elementwise_kernel" - 4100: 0%....50%....100% - 18 passes
==PROF== Profiling "elementwise_kernel" - 4101: 0%....50%....100% - 18 passes
==PROF== Profiling "vectorized_elementwise_kernel" - 4102: 0%....50%....100% - 18 passes
==PROF== Profiling "elementwise_kernel" - 4103: 0%....50%....100% - 18 passes
==PROF== Profiling "ampere_bf16_s16816gemm_bf16_6..." - 4104: 0%....50%....100% - 18 passes
==PROF== Profiling "unrolled_elementwise_kernel" - 4105: 0%....50%....100% - 18 passes
==PROF== Profiling "vectorized_elementwise_kernel" - 4106: 0%....50%....100% - 18 passes
==PROF== Profiling "reduce_kernel" - 4107: 0%....50%....100% - 18 passes
==PROF== Profiling "vectorized_elementwise_kernel" - 4108: 0%....50%....100% - 18 passes
==PROF== Profiling "vectorized_elementwise_kernel" - 4109: 0%....50%....100% - 18 passes
==PROF== Profiling "elementwise_kernel" - 4110: 0%....50%....100% - 18 passes
==PROF== Profiling "vectorized_elementwise_kernel" - 4111: 0%....50%....100% - 18 passes
==PROF== Profiling "elementwise_kernel" - 4112: 0%....50%....100% - 18 passes
==PROF== Profiling "Kernel2" - 4113: 0%....50%....100% - 18 passes
==PROF== Profiling "splitKreduce_kernel" - 4114: 0%....50%....100% - 18 passes
==PROF== Profiling "unrolled_elementwise_kernel" - 4115: 0%....50%....100% - 18 passes
==PROF== Profiling "vectorized_elementwise_kernel" - 4116: 0%....50%....100% - 18 passes
==PROF== Profiling "reduce_kernel" - 4117: 0%....50%....100% - 18 passes
==PROF== Profiling "vectorized_elementwise_kernel" - 4118: 0%....50%....100% - 18 passes
==PROF== Profiling "vectorized_elementwise_kernel" - 4119: 0%....50%....100% - 18 passes
==PROF== Profiling "elementwise_kernel" - 4120: 0%....50%....100% - 18 passes
==PROF== Profiling "vectorized_elementwise_kernel" - 4121: 0%....50%....100% - 18 passes
==PROF== Profiling "elementwise_kernel" - 4122: 0%....50%....100% - 18 passes
==PROF== Profiling "Kernel2" - 4123: 0%....50%....100% - 18 passes
==PROF== Profiling "splitKreduce_kernel" - 4124: 0%....50%....100% - 18 passes
==PROF== Profiling "elementwise_kernel" - 4125: 0%....50%....100% - 18 passes
==PROF== Profiling "elementwise_kernel" - 4126: 0%....50%....100% - 18 passes
==PROF== Profiling "CatArrayBatchedCopy" - 4127: 0%....50%....100% - 18 passes
==PROF== Profiling "elementwise_kernel" - 4128: 0%....50%....100% - 18 passes
==PROF== Profiling "elementwise_kernel" - 4129: 0%....50%....100% - 18 passes
==PROF== Profiling "elementwise_kernel" - 4130: 0%....50%....100% - 18 passes
==PROF== Profiling "elementwise_kernel" - 4131: 0%....50%....100% - 18 passes
==PROF== Profiling "CatArrayBatchedCopy" - 4132: 0%....50%....100% - 18 passes
==PROF== Profiling "elementwise_kernel" - 4133: 0%....50%....100% - 18 passes
==PROF== Profiling "elementwise_kernel" - 4134: 0%....50%....100% - 18 passes
==PROF== Profiling "CatArrayBatchedCopy" - 4135: 0%....50%....100% - 18 passes
==PROF== Profiling "CatArrayBatchedCopy" - 4136: 0%....50%....100% - 18 passes
==PROF== Profiling "flash_fwd_splitkv_kernel" - 4137: 0%....50%....100% - 18 passes
==PROF== Profiling "flash_fwd_splitkv_combine_ker..." - 4138: 0%....50%....100% - 18 passes
==PROF== Profiling "ampere_bf16_s16816gemm_bf16_6..." - 4139: 0%....50%....100% - 18 passes
==PROF== Profiling "vectorized_elementwise_kernel" - 4140: 0%....50%....100% - 18 passes
==PROF== Profiling "unrolled_elementwise_kernel" - 4141: 0%....50%....100% - 18 passes
==PROF== Profiling "vectorized_elementwise_kernel" - 4142: 0%....50%....100% - 18 passes
==PROF== Profiling "reduce_kernel" - 4143: 0%....50%....100% - 18 passes
==PROF== Profiling "vectorized_elementwise_kernel" - 4144: 0%....50%....100% - 18 passes
==PROF== Profiling "vectorized_elementwise_kernel" - 4145: 0%....50%....100% - 18 passes
==PROF== Profiling "elementwise_kernel" - 4146: 0%....50%....100% - 18 passes
==PROF== Profiling "vectorized_elementwise_kernel" - 4147: 0%....50%....100% - 18 passes
==PROF== Profiling "elementwise_kernel" - 4148: 0%....50%....100% - 18 passes
==PROF== Profiling "ampere_bf16_s1688gemm_bf16_64..." - 4149: 0%....50%....100% - 18 passes
==PROF== Profiling "vectorized_elementwise_kernel" - 4150: 0%....50%....100% - 18 passes
==PROF== Profiling "ampere_bf16_s1688gemm_bf16_64..." - 4151: 0%....50%....100% - 18 passes
==PROF== Profiling "vectorized_elementwise_kernel" - 4152: 0%....50%....100% - 18 passes
==PROF== Profiling "ampere_bf16_s16816gemm_bf16_6..." - 4153: 0%....50%....100% - 18 passes
==PROF== Profiling "vectorized_elementwise_kernel" - 4154: 0%....50%....100% - 18 passes
==PROF== Profiling "unrolled_elementwise_kernel" - 4155: 0%....50%....100% - 18 passes
==PROF== Profiling "vectorized_elementwise_kernel" - 4156: 0%....50%....100% - 18 passes
==PROF== Profiling "reduce_kernel" - 4157: 0%....50%....100% - 18 passes
==PROF== Profiling "vectorized_elementwise_kernel" - 4158: 0%....50%....100% - 18 passes
==PROF== Profiling "vectorized_elementwise_kernel" - 4159: 0%....50%....100% - 18 passes
==PROF== Profiling "elementwise_kernel" - 4160: 0%....50%....100% - 18 passes
==PROF== Profiling "vectorized_elementwise_kernel" - 4161: 0%....50%....100% - 18 passes
==PROF== Profiling "elementwise_kernel" - 4162: 0%....50%....100% - 18 passes
==PROF== Profiling "ampere_bf16_s16816gemm_bf16_6..." - 4163: 0%....50%....100% - 18 passes
==PROF== Profiling "unrolled_elementwise_kernel" - 4164: 0%....50%....100% - 18 passes
==PROF== Profiling "vectorized_elementwise_kernel" - 4165: 0%....50%....100% - 18 passes
==PROF== Profiling "reduce_kernel" - 4166: 0%....50%....100% - 18 passes
==PROF== Profiling "vectorized_elementwise_kernel" - 4167: 0%....50%....100% - 18 passes
==PROF== Profiling "vectorized_elementwise_kernel" - 4168: 0%....50%....100% - 18 passes
==PROF== Profiling "elementwise_kernel" - 4169: 0%....50%....100% - 18 passes
==PROF== Profiling "vectorized_elementwise_kernel" - 4170: 0%....50%....100% - 18 passes
==PROF== Profiling "elementwise_kernel" - 4171: 0%....50%....100% - 18 passes
==PROF== Profiling "Kernel2" - 4172: 0%....50%....100% - 18 passes
==PROF== Profiling "splitKreduce_kernel" - 4173: 0%....50%....100% - 18 passes
==PROF== Profiling "unrolled_elementwise_kernel" - 4174: 0%....50%....100% - 18 passes
==PROF== Profiling "vectorized_elementwise_kernel" - 4175: 0%....50%....100% - 18 passes
==PROF== Profiling "reduce_kernel" - 4176: 0%....50%....100% - 18 passes
==PROF== Profiling "vectorized_elementwise_kernel" - 4177: 0%....50%....100% - 18 passes
==PROF== Profiling "vectorized_elementwise_kernel" - 4178: 0%....50%....100% - 18 passes
==PROF== Profiling "elementwise_kernel" - 4179: 0%....50%....100% - 18 passes
==PROF== Profiling "vectorized_elementwise_kernel" - 4180: 0%....50%....100% - 18 passes
==PROF== Profiling "elementwise_kernel" - 4181: 0%....50%....100% - 18 passes
==PROF== Profiling "Kernel2" - 4182: 0%....50%....100% - 18 passes
==PROF== Profiling "splitKreduce_kernel" - 4183: 0%....50%....100% - 18 passes
==PROF== Profiling "elementwise_kernel" - 4184: 0%....50%....100% - 18 passes
==PROF== Profiling "elementwise_kernel" - 4185: 0%....50%....100% - 18 passes
==PROF== Profiling "CatArrayBatchedCopy" - 4186: 0%....50%....100% - 18 passes
==PROF== Profiling "elementwise_kernel" - 4187: 0%....50%....100% - 18 passes
==PROF== Profiling "elementwise_kernel" - 4188: 0%....50%....100% - 18 passes
==PROF== Profiling "elementwise_kernel" - 4189: 0%....50%....100% - 18 passes
==PROF== Profiling "elementwise_kernel" - 4190: 0%....50%....100% - 18 passes
==PROF== Profiling "CatArrayBatchedCopy" - 4191: 0%....50%....100% - 18 passes
==PROF== Profiling "elementwise_kernel" - 4192: 0%....50%....100% - 18 passes
==PROF== Profiling "elementwise_kernel" - 4193: 0%....50%....100% - 18 passes
==PROF== Profiling "CatArrayBatchedCopy" - 4194: 0%....50%....100% - 18 passes
==PROF== Profiling "CatArrayBatchedCopy" - 4195: 0%....50%....100% - 18 passes
==PROF== Profiling "flash_fwd_splitkv_kernel" - 4196: 0%....50%....100% - 18 passes
==PROF== Profiling "flash_fwd_splitkv_combine_ker..." - 4197: 0%....50%....100% - 18 passes
==PROF== Profiling "ampere_bf16_s16816gemm_bf16_6..." - 4198: 0%....50%....100% - 18 passes
==PROF== Profiling "vectorized_elementwise_kernel" - 4199: 0%....50%....100% - 18 passes
==PROF== Profiling "unrolled_elementwise_kernel" - 4200: 0%....50%....100% - 18 passes
==PROF== Profiling "vectorized_elementwise_kernel" - 4201: 0%....50%....100% - 18 passes
==PROF== Profiling "reduce_kernel" - 4202: 0%....50%....100% - 18 passes
==PROF== Profiling "vectorized_elementwise_kernel" - 4203: 0%....50%....100% - 18 passes
==PROF== Profiling "vectorized_elementwise_kernel" - 4204: 0%....50%....100% - 18 passes
==PROF== Profiling "elementwise_kernel" - 4205: 0%....50%....100% - 18 passes
==PROF== Profiling "vectorized_elementwise_kernel" - 4206: 0%....50%....100% - 18 passes
==PROF== Profiling "elementwise_kernel" - 4207: 0%....50%....100% - 18 passes
==PROF== Profiling "ampere_bf16_s1688gemm_bf16_64..." - 4208: 0%....50%....100% - 18 passes
==PROF== Profiling "vectorized_elementwise_kernel" - 4209: 0%....50%....100% - 18 passes
==PROF== Profiling "ampere_bf16_s1688gemm_bf16_64..." - 4210: 0%....50%....100% - 18 passes
==PROF== Profiling "vectorized_elementwise_kernel" - 4211: 0%....50%....100% - 18 passes
==PROF== Profiling "ampere_bf16_s16816gemm_bf16_6..." - 4212: 0%....50%....100% - 18 passes
==PROF== Profiling "vectorized_elementwise_kernel" - 4213: 0%....50%....100% - 18 passes
==PROF== Profiling "unrolled_elementwise_kernel" - 4214: 0%....50%....100% - 18 passes
==PROF== Profiling "vectorized_elementwise_kernel" - 4215: 0%....50%....100% - 18 passes
==PROF== Profiling "reduce_kernel" - 4216: 0%....50%....100% - 18 passes
==PROF== Profiling "vectorized_elementwise_kernel" - 4217: 0%....50%....100% - 18 passes
==PROF== Profiling "vectorized_elementwise_kernel" - 4218: 0%....50%....100% - 18 passes
==PROF== Profiling "elementwise_kernel" - 4219: 0%....50%....100% - 18 passes
==PROF== Profiling "vectorized_elementwise_kernel" - 4220: 0%....50%....100% - 18 passes
==PROF== Profiling "elementwise_kernel" - 4221: 0%....50%....100% - 18 passes
==PROF== Profiling "ampere_bf16_s16816gemm_bf16_6..." - 4222: 0%....50%....100% - 18 passes
==PROF== Profiling "unrolled_elementwise_kernel" - 4223: 0%....50%....100% - 18 passes
==PROF== Profiling "vectorized_elementwise_kernel" - 4224: 0%....50%....100% - 18 passes
==PROF== Profiling "reduce_kernel" - 4225: 0%....50%....100% - 18 passes
==PROF== Profiling "vectorized_elementwise_kernel" - 4226: 0%....50%....100% - 18 passes
==PROF== Profiling "vectorized_elementwise_kernel" - 4227: 0%....50%....100% - 18 passes
==PROF== Profiling "elementwise_kernel" - 4228: 0%....50%....100% - 18 passes
==PROF== Profiling "vectorized_elementwise_kernel" - 4229: 0%....50%....100% - 18 passes
==PROF== Profiling "elementwise_kernel" - 4230: 0%....50%....100% - 18 passes
==PROF== Profiling "Kernel2" - 4231: 0%....50%....100% - 18 passes
==PROF== Profiling "splitKreduce_kernel" - 4232: 0%....50%....100% - 18 passes
==PROF== Profiling "unrolled_elementwise_kernel" - 4233: 0%....50%....100% - 18 passes
==PROF== Profiling "vectorized_elementwise_kernel" - 4234: 0%....50%....100% - 18 passes
==PROF== Profiling "reduce_kernel" - 4235: 0%....50%....100% - 18 passes
==PROF== Profiling "vectorized_elementwise_kernel" - 4236: 0%....50%....100% - 18 passes
==PROF== Profiling "vectorized_elementwise_kernel" - 4237: 0%....50%....100% - 18 passes
==PROF== Profiling "elementwise_kernel" - 4238: 0%....50%....100% - 18 passes
==PROF== Profiling "vectorized_elementwise_kernel" - 4239: 0%....50%....100% - 18 passes
==PROF== Profiling "elementwise_kernel" - 4240: 0%....50%....100% - 18 passes
==PROF== Profiling "Kernel2" - 4241: 0%....50%....100% - 18 passes
==PROF== Profiling "splitKreduce_kernel" - 4242: 0%....50%....100% - 18 passes
==PROF== Profiling "elementwise_kernel" - 4243: 0%....50%....100% - 18 passes
==PROF== Profiling "elementwise_kernel" - 4244: 0%....50%....100% - 18 passes
==PROF== Profiling "CatArrayBatchedCopy" - 4245: 0%....50%....100% - 18 passes
==PROF== Profiling "elementwise_kernel" - 4246: 0%....50%....100% - 18 passes
==PROF== Profiling "elementwise_kernel" - 4247: 0%....50%....100% - 18 passes
==PROF== Profiling "elementwise_kernel" - 4248: 0%....50%....100% - 18 passes
==PROF== Profiling "elementwise_kernel" - 4249: 0%....50%....100% - 18 passes
==PROF== Profiling "CatArrayBatchedCopy" - 4250: 0%....50%....100% - 18 passes
==PROF== Profiling "elementwise_kernel" - 4251: 0%....50%....100% - 18 passes
==PROF== Profiling "elementwise_kernel" - 4252: 0%....50%....100% - 18 passes
==PROF== Profiling "CatArrayBatchedCopy" - 4253: 0%....50%....100% - 18 passes
==PROF== Profiling "CatArrayBatchedCopy" - 4254: 0%....50%....100% - 18 passes
==PROF== Profiling "flash_fwd_splitkv_kernel" - 4255: 0%....50%....100% - 18 passes
==PROF== Profiling "flash_fwd_splitkv_combine_ker..." - 4256: 0%....50%....100% - 18 passes
==PROF== Profiling "ampere_bf16_s16816gemm_bf16_6..." - 4257: 0%....50%....100% - 18 passes
==PROF== Profiling "vectorized_elementwise_kernel" - 4258: 0%....50%....100% - 18 passes
==PROF== Profiling "unrolled_elementwise_kernel" - 4259: 0%....50%....100% - 18 passes
==PROF== Profiling "vectorized_elementwise_kernel" - 4260: 0%....50%....100% - 18 passes
==PROF== Profiling "reduce_kernel" - 4261: 0%....50%....100% - 18 passes
==PROF== Profiling "vectorized_elementwise_kernel" - 4262: 0%....50%....100% - 18 passes
==PROF== Profiling "vectorized_elementwise_kernel" - 4263: 0%....50%....100% - 18 passes
==PROF== Profiling "elementwise_kernel" - 4264: 0%....50%....100% - 18 passes
==PROF== Profiling "vectorized_elementwise_kernel" - 4265: 0%....50%....100% - 18 passes
==PROF== Profiling "elementwise_kernel" - 4266: 0%....50%....100% - 18 passes
==PROF== Profiling "ampere_bf16_s1688gemm_bf16_64..." - 4267: 0%....50%....100% - 18 passes
==PROF== Profiling "vectorized_elementwise_kernel" - 4268: 0%....50%....100% - 18 passes
==PROF== Profiling "ampere_bf16_s1688gemm_bf16_64..." - 4269: 0%....50%....100% - 18 passes
==PROF== Profiling "vectorized_elementwise_kernel" - 4270: 0%....50%....100% - 18 passes
==PROF== Profiling "ampere_bf16_s16816gemm_bf16_6..." - 4271: 0%....50%....100% - 18 passes
==PROF== Profiling "vectorized_elementwise_kernel" - 4272: 0%....50%....100% - 18 passes
==PROF== Profiling "unrolled_elementwise_kernel" - 4273: 0%....50%....100% - 18 passes
==PROF== Profiling "vectorized_elementwise_kernel" - 4274: 0%....50%....100% - 18 passes
==PROF== Profiling "reduce_kernel" - 4275: 0%....50%....100% - 18 passes
==PROF== Profiling "vectorized_elementwise_kernel" - 4276: 0%....50%....100% - 18 passes
==PROF== Profiling "vectorized_elementwise_kernel" - 4277: 0%....50%....100% - 18 passes
==PROF== Profiling "elementwise_kernel" - 4278: 0%....50%....100% - 18 passes
==PROF== Profiling "vectorized_elementwise_kernel" - 4279: 0%....50%....100% - 18 passes
==PROF== Profiling "elementwise_kernel" - 4280: 0%....50%....100% - 18 passes
==PROF== Profiling "ampere_bf16_s16816gemm_bf16_6..." - 4281: 0%....50%....100% - 18 passes
==PROF== Profiling "unrolled_elementwise_kernel" - 4282: 0%....50%....100% - 18 passes
==PROF== Profiling "vectorized_elementwise_kernel" - 4283: 0%....50%....100% - 18 passes
==PROF== Profiling "reduce_kernel" - 4284: 0%....50%....100% - 18 passes
==PROF== Profiling "vectorized_elementwise_kernel" - 4285: 0%....50%....100% - 18 passes
==PROF== Profiling "vectorized_elementwise_kernel" - 4286: 0%....50%....100% - 18 passes
==PROF== Profiling "elementwise_kernel" - 4287: 0%....50%....100% - 18 passes
==PROF== Profiling "vectorized_elementwise_kernel" - 4288: 0%....50%....100% - 18 passes
==PROF== Profiling "elementwise_kernel" - 4289: 0%....50%....100% - 18 passes
==PROF== Profiling "Kernel2" - 4290: 0%....50%....100% - 18 passes
==PROF== Profiling "splitKreduce_kernel" - 4291: 0%....50%....100% - 18 passes
==PROF== Profiling "unrolled_elementwise_kernel" - 4292: 0%....50%....100% - 18 passes
==PROF== Profiling "vectorized_elementwise_kernel" - 4293: 0%....50%....100% - 18 passes
==PROF== Profiling "reduce_kernel" - 4294: 0%....50%....100% - 18 passes
==PROF== Profiling "vectorized_elementwise_kernel" - 4295: 0%....50%....100% - 18 passes
==PROF== Profiling "vectorized_elementwise_kernel" - 4296: 0%....50%....100% - 18 passes
==PROF== Profiling "elementwise_kernel" - 4297: 0%....50%....100% - 18 passes
==PROF== Profiling "vectorized_elementwise_kernel" - 4298: 0%....50%....100% - 18 passes
==PROF== Profiling "elementwise_kernel" - 4299: 0%....50%....100% - 18 passes
==PROF== Profiling "Kernel2" - 4300: 0%....50%....100% - 18 passes
==PROF== Profiling "splitKreduce_kernel" - 4301: 0%....50%....100% - 18 passes
==PROF== Profiling "elementwise_kernel" - 4302: 0%....50%....100% - 18 passes
==PROF== Profiling "elementwise_kernel" - 4303: 0%....50%....100% - 18 passes
==PROF== Profiling "CatArrayBatchedCopy" - 4304: 0%....50%....100% - 18 passes
==PROF== Profiling "elementwise_kernel" - 4305: 0%....50%....100% - 18 passes
==PROF== Profiling "elementwise_kernel" - 4306: 0%....50%....100% - 18 passes
==PROF== Profiling "elementwise_kernel" - 4307: 0%....50%....100% - 18 passes
==PROF== Profiling "elementwise_kernel" - 4308: 0%....50%....100% - 18 passes
==PROF== Profiling "CatArrayBatchedCopy" - 4309: 0%....50%....100% - 18 passes
==PROF== Profiling "elementwise_kernel" - 4310: 0%....50%....100% - 18 passes
==PROF== Profiling "elementwise_kernel" - 4311: 0%....50%....100% - 18 passes
==PROF== Profiling "CatArrayBatchedCopy" - 4312: 0%....50%....100% - 18 passes
==PROF== Profiling "CatArrayBatchedCopy" - 4313: 0%....50%....100% - 18 passes
==PROF== Profiling "flash_fwd_splitkv_kernel" - 4314: 0%....50%....100% - 18 passes
==PROF== Profiling "flash_fwd_splitkv_combine_ker..." - 4315: 0%....50%....100% - 18 passes
==PROF== Profiling "ampere_bf16_s16816gemm_bf16_6..." - 4316: 0%....50%....100% - 18 passes
==PROF== Profiling "vectorized_elementwise_kernel" - 4317: 0%....50%....100% - 18 passes
==PROF== Profiling "unrolled_elementwise_kernel" - 4318: 0%....50%....100% - 18 passes
==PROF== Profiling "vectorized_elementwise_kernel" - 4319: 0%....50%....100% - 18 passes
==PROF== Profiling "reduce_kernel" - 4320: 0%....50%....100% - 18 passes
==PROF== Profiling "vectorized_elementwise_kernel" - 4321: 0%....50%....100% - 18 passes
==PROF== Profiling "vectorized_elementwise_kernel" - 4322: 0%....50%....100% - 18 passes
==PROF== Profiling "elementwise_kernel" - 4323: 0%....50%....100% - 18 passes
==PROF== Profiling "vectorized_elementwise_kernel" - 4324: 0%....50%....100% - 18 passes
==PROF== Profiling "elementwise_kernel" - 4325: 0%....50%....100% - 18 passes
==PROF== Profiling "ampere_bf16_s1688gemm_bf16_64..." - 4326: 0%....50%....100% - 18 passes
==PROF== Profiling "vectorized_elementwise_kernel" - 4327: 0%....50%....100% - 18 passes
==PROF== Profiling "ampere_bf16_s1688gemm_bf16_64..." - 4328: 0%....50%....100% - 18 passes
==PROF== Profiling "vectorized_elementwise_kernel" - 4329: 0%....50%....100% - 18 passes
==PROF== Profiling "ampere_bf16_s16816gemm_bf16_6..." - 4330: 0%....50%....100% - 18 passes
==PROF== Profiling "vectorized_elementwise_kernel" - 4331: 0%....50%....100% - 18 passes
==PROF== Profiling "unrolled_elementwise_kernel" - 4332: 0%....50%....100% - 18 passes
==PROF== Profiling "vectorized_elementwise_kernel" - 4333: 0%....50%....100% - 18 passes
==PROF== Profiling "reduce_kernel" - 4334: 0%....50%....100% - 18 passes
==PROF== Profiling "vectorized_elementwise_kernel" - 4335: 0%....50%....100% - 18 passes
==PROF== Profiling "vectorized_elementwise_kernel" - 4336: 0%....50%....100% - 18 passes
==PROF== Profiling "elementwise_kernel" - 4337: 0%....50%....100% - 18 passes
==PROF== Profiling "vectorized_elementwise_kernel" - 4338: 0%....50%....100% - 18 passes
==PROF== Profiling "elementwise_kernel" - 4339: 0%....50%....100% - 18 passes
==PROF== Profiling "ampere_bf16_s16816gemm_bf16_6..." - 4340: 0%....50%....100% - 18 passes
==PROF== Profiling "unrolled_elementwise_kernel" - 4341: 0%....50%....100% - 18 passes
==PROF== Profiling "vectorized_elementwise_kernel" - 4342: 0%....50%....100% - 18 passes
==PROF== Profiling "reduce_kernel" - 4343: 0%....50%....100% - 18 passes
==PROF== Profiling "vectorized_elementwise_kernel" - 4344: 0%....50%....100% - 18 passes
==PROF== Profiling "vectorized_elementwise_kernel" - 4345: 0%....50%....100% - 18 passes
==PROF== Profiling "elementwise_kernel" - 4346: 0%....50%....100% - 18 passes
==PROF== Profiling "vectorized_elementwise_kernel" - 4347: 0%....50%....100% - 18 passes
==PROF== Profiling "elementwise_kernel" - 4348: 0%....50%....100% - 18 passes
==PROF== Profiling "Kernel2" - 4349: 0%....50%....100% - 18 passes
==PROF== Profiling "splitKreduce_kernel" - 4350: 0%....50%....100% - 18 passes
==PROF== Profiling "unrolled_elementwise_kernel" - 4351: 0%....50%....100% - 18 passes
==PROF== Profiling "vectorized_elementwise_kernel" - 4352: 0%....50%....100% - 18 passes
==PROF== Profiling "reduce_kernel" - 4353: 0%....50%....100% - 18 passes
==PROF== Profiling "vectorized_elementwise_kernel" - 4354: 0%....50%....100% - 18 passes
==PROF== Profiling "vectorized_elementwise_kernel" - 4355: 0%....50%....100% - 18 passes
==PROF== Profiling "elementwise_kernel" - 4356: 0%....50%....100% - 18 passes
==PROF== Profiling "vectorized_elementwise_kernel" - 4357: 0%....50%....100% - 18 passes
==PROF== Profiling "elementwise_kernel" - 4358: 0%....50%....100% - 18 passes
==PROF== Profiling "Kernel2" - 4359: 0%....50%....100% - 18 passes
==PROF== Profiling "splitKreduce_kernel" - 4360: 0%....50%....100% - 18 passes
==PROF== Profiling "elementwise_kernel" - 4361: 0%....50%....100% - 18 passes
==PROF== Profiling "elementwise_kernel" - 4362: 0%....50%....100% - 18 passes
==PROF== Profiling "CatArrayBatchedCopy" - 4363: 0%....50%....100% - 18 passes
==PROF== Profiling "elementwise_kernel" - 4364: 0%....50%....100% - 18 passes
==PROF== Profiling "elementwise_kernel" - 4365: 0%....50%....100% - 18 passes
==PROF== Profiling "elementwise_kernel" - 4366: 0%....50%....100% - 18 passes
==PROF== Profiling "elementwise_kernel" - 4367: 0%....50%....100% - 18 passes
==PROF== Profiling "CatArrayBatchedCopy" - 4368: 0%....50%....100% - 18 passes
==PROF== Profiling "elementwise_kernel" - 4369: 0%....50%....100% - 18 passes
==PROF== Profiling "elementwise_kernel" - 4370: 0%....50%....100% - 18 passes
==PROF== Profiling "CatArrayBatchedCopy" - 4371: 0%....50%....100% - 18 passes
==PROF== Profiling "CatArrayBatchedCopy" - 4372: 0%....50%....100% - 18 passes
==PROF== Profiling "flash_fwd_splitkv_kernel" - 4373: 0%....50%....100% - 18 passes
==PROF== Profiling "flash_fwd_splitkv_combine_ker..." - 4374: 0%....50%....100% - 18 passes
==PROF== Profiling "ampere_bf16_s16816gemm_bf16_6..." - 4375: 0%....50%....100% - 18 passes
==PROF== Profiling "vectorized_elementwise_kernel" - 4376: 0%....50%....100% - 18 passes
==PROF== Profiling "unrolled_elementwise_kernel" - 4377: 0%....50%....100% - 18 passes
==PROF== Profiling "vectorized_elementwise_kernel" - 4378: 0%....50%....100% - 18 passes
==PROF== Profiling "reduce_kernel" - 4379: 0%....50%....100% - 18 passes
==PROF== Profiling "vectorized_elementwise_kernel" - 4380: 0%....50%....100% - 18 passes
==PROF== Profiling "vectorized_elementwise_kernel" - 4381: 0%....50%....100% - 18 passes
==PROF== Profiling "elementwise_kernel" - 4382: 0%....50%....100% - 18 passes
==PROF== Profiling "vectorized_elementwise_kernel" - 4383: 0%....50%....100% - 18 passes
==PROF== Profiling "elementwise_kernel" - 4384: 0%....50%....100% - 18 passes
==PROF== Profiling "ampere_bf16_s1688gemm_bf16_64..." - 4385: 0%....50%....100% - 18 passes
==PROF== Profiling "vectorized_elementwise_kernel" - 4386: 0%....50%....100% - 18 passes
==PROF== Profiling "ampere_bf16_s1688gemm_bf16_64..." - 4387: 0%....50%....100% - 18 passes
==PROF== Profiling "vectorized_elementwise_kernel" - 4388: 0%....50%....100% - 18 passes
==PROF== Profiling "ampere_bf16_s16816gemm_bf16_6..." - 4389: 0%....50%....100% - 18 passes
==PROF== Profiling "vectorized_elementwise_kernel" - 4390: 0%....50%....100% - 18 passes
==PROF== Profiling "unrolled_elementwise_kernel" - 4391: 0%....50%....100% - 18 passes
==PROF== Profiling "vectorized_elementwise_kernel" - 4392: 0%....50%....100% - 18 passes
==PROF== Profiling "reduce_kernel" - 4393: 0%....50%....100% - 18 passes
==PROF== Profiling "vectorized_elementwise_kernel" - 4394: 0%....50%....100% - 18 passes
==PROF== Profiling "vectorized_elementwise_kernel" - 4395: 0%....50%....100% - 18 passes
==PROF== Profiling "elementwise_kernel" - 4396: 0%....50%....100% - 18 passes
==PROF== Profiling "vectorized_elementwise_kernel" - 4397: 0%....50%....100% - 18 passes
==PROF== Profiling "elementwise_kernel" - 4398: 0%....50%....100% - 18 passes
==PROF== Profiling "ampere_bf16_s16816gemm_bf16_6..." - 4399: 0%....50%....100% - 18 passes
==PROF== Profiling "unrolled_elementwise_kernel" - 4400: 0%....50%....100% - 18 passes
==PROF== Profiling "vectorized_elementwise_kernel" - 4401: 0%....50%....100% - 18 passes
==PROF== Profiling "reduce_kernel" - 4402: 0%....50%....100% - 18 passes
==PROF== Profiling "vectorized_elementwise_kernel" - 4403: 0%....50%....100% - 18 passes
==PROF== Profiling "vectorized_elementwise_kernel" - 4404: 0%....50%....100% - 18 passes
==PROF== Profiling "elementwise_kernel" - 4405: 0%....50%....100% - 18 passes
==PROF== Profiling "vectorized_elementwise_kernel" - 4406: 0%....50%....100% - 18 passes
==PROF== Profiling "elementwise_kernel" - 4407: 0%....50%....100% - 18 passes
==PROF== Profiling "Kernel2" - 4408: 0%....50%....100% - 18 passes
==PROF== Profiling "splitKreduce_kernel" - 4409: 0%....50%....100% - 18 passes
==PROF== Profiling "unrolled_elementwise_kernel" - 4410: 0%....50%....100% - 18 passes
==PROF== Profiling "vectorized_elementwise_kernel" - 4411: 0%....50%....100% - 18 passes
==PROF== Profiling "reduce_kernel" - 4412: 0%....50%....100% - 18 passes
==PROF== Profiling "vectorized_elementwise_kernel" - 4413: 0%....50%....100% - 18 passes
==PROF== Profiling "vectorized_elementwise_kernel" - 4414: 0%....50%....100% - 18 passes
==PROF== Profiling "elementwise_kernel" - 4415: 0%....50%....100% - 18 passes
==PROF== Profiling "vectorized_elementwise_kernel" - 4416: 0%....50%....100% - 18 passes
==PROF== Profiling "elementwise_kernel" - 4417: 0%....50%....100% - 18 passes
==PROF== Profiling "Kernel2" - 4418: 0%....50%....100% - 18 passes
==PROF== Profiling "splitKreduce_kernel" - 4419: 0%....50%....100% - 18 passes
==PROF== Profiling "elementwise_kernel" - 4420: 0%....50%....100% - 18 passes
==PROF== Profiling "elementwise_kernel" - 4421: 0%....50%....100% - 18 passes
==PROF== Profiling "CatArrayBatchedCopy" - 4422: 0%....50%....100% - 18 passes
==PROF== Profiling "elementwise_kernel" - 4423: 0%....50%....100% - 18 passes
==PROF== Profiling "elementwise_kernel" - 4424: 0%....50%....100% - 18 passes
==PROF== Profiling "elementwise_kernel" - 4425: 0%....50%....100% - 18 passes
==PROF== Profiling "elementwise_kernel" - 4426: 0%....50%....100% - 18 passes
==PROF== Profiling "CatArrayBatchedCopy" - 4427: 0%....50%....100% - 18 passes
==PROF== Profiling "elementwise_kernel" - 4428: 0%....50%....100% - 18 passes
==PROF== Profiling "elementwise_kernel" - 4429: 0%....50%....100% - 18 passes
==PROF== Profiling "CatArrayBatchedCopy" - 4430: 0%....50%....100% - 18 passes
==PROF== Profiling "CatArrayBatchedCopy" - 4431: 0%....50%....100% - 18 passes
==PROF== Profiling "flash_fwd_splitkv_kernel" - 4432: 0%....50%....100% - 18 passes
==PROF== Profiling "flash_fwd_splitkv_combine_ker..." - 4433: 0%....50%....100% - 18 passes
==PROF== Profiling "ampere_bf16_s16816gemm_bf16_6..." - 4434: 0%....50%....100% - 18 passes
==PROF== Profiling "vectorized_elementwise_kernel" - 4435: 0%....50%....100% - 18 passes
==PROF== Profiling "unrolled_elementwise_kernel" - 4436: 0%....50%....100% - 18 passes
==PROF== Profiling "vectorized_elementwise_kernel" - 4437: 0%....50%....100% - 18 passes
==PROF== Profiling "reduce_kernel" - 4438: 0%....50%....100% - 18 passes
==PROF== Profiling "vectorized_elementwise_kernel" - 4439: 0%....50%....100% - 18 passes
==PROF== Profiling "vectorized_elementwise_kernel" - 4440: 0%....50%....100% - 18 passes
==PROF== Profiling "elementwise_kernel" - 4441: 0%....50%....100% - 18 passes
==PROF== Profiling "vectorized_elementwise_kernel" - 4442: 0%....50%....100% - 18 passes
==PROF== Profiling "elementwise_kernel" - 4443: 0%....50%....100% - 18 passes
==PROF== Profiling "ampere_bf16_s1688gemm_bf16_64..." - 4444: 0%....50%....100% - 18 passes
==PROF== Profiling "vectorized_elementwise_kernel" - 4445: 0%....50%....100% - 18 passes
==PROF== Profiling "ampere_bf16_s1688gemm_bf16_64..." - 4446: 0%....50%....100% - 18 passes
==PROF== Profiling "vectorized_elementwise_kernel" - 4447: 0%....50%....100% - 18 passes
==PROF== Profiling "ampere_bf16_s16816gemm_bf16_6..." - 4448: 0%....50%....100% - 18 passes
==PROF== Profiling "vectorized_elementwise_kernel" - 4449: 0%....50%....100% - 18 passes
==PROF== Profiling "unrolled_elementwise_kernel" - 4450: 0%....50%....100% - 18 passes
==PROF== Profiling "vectorized_elementwise_kernel" - 4451: 0%....50%....100% - 18 passes
==PROF== Profiling "reduce_kernel" - 4452: 0%....50%....100% - 18 passes
==PROF== Profiling "vectorized_elementwise_kernel" - 4453: 0%....50%....100% - 18 passes
==PROF== Profiling "vectorized_elementwise_kernel" - 4454: 0%....50%....100% - 18 passes
==PROF== Profiling "elementwise_kernel" - 4455: 0%....50%....100% - 18 passes
==PROF== Profiling "vectorized_elementwise_kernel" - 4456: 0%....50%....100% - 18 passes
==PROF== Profiling "elementwise_kernel" - 4457: 0%....50%....100% - 18 passes
==PROF== Profiling "ampere_bf16_s16816gemm_bf16_6..." - 4458: 0%....50%....100% - 18 passes
==PROF== Profiling "unrolled_elementwise_kernel" - 4459: 0%....50%....100% - 18 passes
==PROF== Profiling "vectorized_elementwise_kernel" - 4460: 0%....50%....100% - 18 passes
==PROF== Profiling "reduce_kernel" - 4461: 0%....50%....100% - 18 passes
==PROF== Profiling "vectorized_elementwise_kernel" - 4462: 0%....50%....100% - 18 passes
==PROF== Profiling "vectorized_elementwise_kernel" - 4463: 0%....50%....100% - 18 passes
==PROF== Profiling "elementwise_kernel" - 4464: 0%....50%....100% - 18 passes
==PROF== Profiling "vectorized_elementwise_kernel" - 4465: 0%....50%....100% - 18 passes
==PROF== Profiling "elementwise_kernel" - 4466: 0%....50%....100% - 18 passes
==PROF== Profiling "Kernel2" - 4467: 0%....50%....100% - 18 passes
==PROF== Profiling "splitKreduce_kernel" - 4468: 0%....50%....100% - 18 passes
==PROF== Profiling "unrolled_elementwise_kernel" - 4469: 0%....50%....100% - 18 passes
==PROF== Profiling "vectorized_elementwise_kernel" - 4470: 0%....50%....100% - 18 passes
==PROF== Profiling "reduce_kernel" - 4471: 0%....50%....100% - 18 passes
==PROF== Profiling "vectorized_elementwise_kernel" - 4472: 0%....50%....100% - 18 passes
==PROF== Profiling "vectorized_elementwise_kernel" - 4473: 0%....50%....100% - 18 passes
==PROF== Profiling "elementwise_kernel" - 4474: 0%....50%....100% - 18 passes
==PROF== Profiling "vectorized_elementwise_kernel" - 4475: 0%....50%....100% - 18 passes
==PROF== Profiling "elementwise_kernel" - 4476: 0%....50%....100% - 18 passes
==PROF== Profiling "Kernel2" - 4477: 0%....50%....100% - 18 passes
==PROF== Profiling "splitKreduce_kernel" - 4478: 0%....50%....100% - 18 passes
==PROF== Profiling "elementwise_kernel" - 4479: 0%....50%....100% - 18 passes
==PROF== Profiling "elementwise_kernel" - 4480: 0%....50%....100% - 18 passes
==PROF== Profiling "CatArrayBatchedCopy" - 4481: 0%....50%....100% - 18 passes
==PROF== Profiling "elementwise_kernel" - 4482: 0%....50%....100% - 18 passes
==PROF== Profiling "elementwise_kernel" - 4483: 0%....50%....100% - 18 passes
==PROF== Profiling "elementwise_kernel" - 4484: 0%....50%....100% - 18 passes
==PROF== Profiling "elementwise_kernel" - 4485: 0%....50%....100% - 18 passes
==PROF== Profiling "CatArrayBatchedCopy" - 4486: 0%....50%....100% - 18 passes
==PROF== Profiling "elementwise_kernel" - 4487: 0%....50%....100% - 18 passes
==PROF== Profiling "elementwise_kernel" - 4488: 0%....50%....100% - 18 passes
==PROF== Profiling "CatArrayBatchedCopy" - 4489: 0%....50%....100% - 18 passes
==PROF== Profiling "CatArrayBatchedCopy" - 4490: 0%....50%....100% - 18 passes
==PROF== Profiling "flash_fwd_splitkv_kernel" - 4491: 0%....50%....100% - 18 passes
==PROF== Profiling "flash_fwd_splitkv_combine_ker..." - 4492: 0%....50%....100% - 18 passes
==PROF== Profiling "ampere_bf16_s16816gemm_bf16_6..." - 4493: 0%....50%....100% - 18 passes
==PROF== Profiling "vectorized_elementwise_kernel" - 4494: 0%....50%....100% - 18 passes
==PROF== Profiling "unrolled_elementwise_kernel" - 4495: 0%....50%....100% - 18 passes
==PROF== Profiling "vectorized_elementwise_kernel" - 4496: 0%....50%....100% - 18 passes
==PROF== Profiling "reduce_kernel" - 4497: 0%....50%....100% - 18 passes
==PROF== Profiling "vectorized_elementwise_kernel" - 4498: 0%....50%....100% - 18 passes
==PROF== Profiling "vectorized_elementwise_kernel" - 4499: 0%....50%....100% - 18 passes
==PROF== Profiling "elementwise_kernel" - 4500: 0%....50%....100% - 18 passes
==PROF== Profiling "vectorized_elementwise_kernel" - 4501: 0%....50%....100% - 18 passes
==PROF== Profiling "elementwise_kernel" - 4502: 0%....50%....100% - 18 passes
==PROF== Profiling "ampere_bf16_s1688gemm_bf16_64..." - 4503: 0%....50%....100% - 18 passes
==PROF== Profiling "vectorized_elementwise_kernel" - 4504: 0%....50%....100% - 18 passes
==PROF== Profiling "ampere_bf16_s1688gemm_bf16_64..." - 4505: 0%....50%....100% - 18 passes
==PROF== Profiling "vectorized_elementwise_kernel" - 4506: 0%....50%....100% - 18 passes
==PROF== Profiling "ampere_bf16_s16816gemm_bf16_6..." - 4507: 0%....50%....100% - 18 passes
==PROF== Profiling "vectorized_elementwise_kernel" - 4508: 0%....50%....100% - 18 passes
==PROF== Profiling "unrolled_elementwise_kernel" - 4509: 0%....50%....100% - 18 passes
==PROF== Profiling "vectorized_elementwise_kernel" - 4510: 0%....50%....100% - 18 passes
==PROF== Profiling "reduce_kernel" - 4511: 0%....50%....100% - 18 passes
==PROF== Profiling "vectorized_elementwise_kernel" - 4512: 0%....50%....100% - 18 passes
==PROF== Profiling "vectorized_elementwise_kernel" - 4513: 0%....50%....100% - 18 passes
==PROF== Profiling "elementwise_kernel" - 4514: 0%....50%....100% - 18 passes
==PROF== Profiling "vectorized_elementwise_kernel" - 4515: 0%....50%....100% - 18 passes
==PROF== Profiling "elementwise_kernel" - 4516: 0%....50%....100% - 18 passes
==PROF== Profiling "ampere_bf16_s16816gemm_bf16_6..." - 4517: 0%....50%....100% - 18 passes
==PROF== Profiling "unrolled_elementwise_kernel" - 4518: 0%....50%....100% - 18 passes
==PROF== Profiling "vectorized_elementwise_kernel" - 4519: 0%....50%....100% - 18 passes
==PROF== Profiling "reduce_kernel" - 4520: 0%....50%....100% - 18 passes
==PROF== Profiling "vectorized_elementwise_kernel" - 4521: 0%....50%....100% - 18 passes
==PROF== Profiling "vectorized_elementwise_kernel" - 4522: 0%....50%....100% - 18 passes
==PROF== Profiling "elementwise_kernel" - 4523: 0%....50%....100% - 18 passes
==PROF== Profiling "vectorized_elementwise_kernel" - 4524: 0%....50%....100% - 18 passes
==PROF== Profiling "elementwise_kernel" - 4525: 0%....50%....100% - 18 passes
==PROF== Profiling "Kernel2" - 4526: 0%....50%....100% - 18 passes
==PROF== Profiling "splitKreduce_kernel" - 4527: 0%....50%....100% - 18 passes
==PROF== Profiling "unrolled_elementwise_kernel" - 4528: 0%....50%....100% - 18 passes
==PROF== Profiling "vectorized_elementwise_kernel" - 4529: 0%....50%....100% - 18 passes
==PROF== Profiling "reduce_kernel" - 4530: 0%....50%....100% - 18 passes
==PROF== Profiling "vectorized_elementwise_kernel" - 4531: 0%....50%....100% - 18 passes
==PROF== Profiling "vectorized_elementwise_kernel" - 4532: 0%....50%....100% - 18 passes
==PROF== Profiling "elementwise_kernel" - 4533: 0%....50%....100% - 18 passes
==PROF== Profiling "vectorized_elementwise_kernel" - 4534: 0%....50%....100% - 18 passes
==PROF== Profiling "elementwise_kernel" - 4535: 0%....50%....100% - 18 passes
==PROF== Profiling "Kernel2" - 4536: 0%....50%....100% - 18 passes
==PROF== Profiling "splitKreduce_kernel" - 4537: 0%....50%....100% - 18 passes
==PROF== Profiling "elementwise_kernel" - 4538: 0%....50%....100% - 18 passes
==PROF== Profiling "elementwise_kernel" - 4539: 0%....50%....100% - 18 passes
==PROF== Profiling "CatArrayBatchedCopy" - 4540: 0%....50%....100% - 18 passes
==PROF== Profiling "elementwise_kernel" - 4541: 0%....50%....100% - 18 passes
==PROF== Profiling "elementwise_kernel" - 4542: 0%....50%....100% - 18 passes
==PROF== Profiling "elementwise_kernel" - 4543: 0%....50%....100% - 18 passes
==PROF== Profiling "elementwise_kernel" - 4544: 0%....50%....100% - 18 passes
==PROF== Profiling "CatArrayBatchedCopy" - 4545: 0%....50%....100% - 18 passes
==PROF== Profiling "elementwise_kernel" - 4546: 0%....50%....100% - 18 passes
==PROF== Profiling "elementwise_kernel" - 4547: 0%....50%....100% - 18 passes
==PROF== Profiling "CatArrayBatchedCopy" - 4548: 0%....50%....100% - 18 passes
==PROF== Profiling "CatArrayBatchedCopy" - 4549: 0%....50%....100% - 18 passes
==PROF== Profiling "flash_fwd_splitkv_kernel" - 4550: 0%....50%....100% - 18 passes
==PROF== Profiling "flash_fwd_splitkv_combine_ker..." - 4551: 0%....50%....100% - 18 passes
==PROF== Profiling "ampere_bf16_s16816gemm_bf16_6..." - 4552: 0%....50%....100% - 18 passes
==PROF== Profiling "vectorized_elementwise_kernel" - 4553: 0%....50%....100% - 18 passes
==PROF== Profiling "unrolled_elementwise_kernel" - 4554: 0%....50%....100% - 18 passes
==PROF== Profiling "vectorized_elementwise_kernel" - 4555: 0%....50%....100% - 18 passes
==PROF== Profiling "reduce_kernel" - 4556: 0%....50%....100% - 18 passes
==PROF== Profiling "vectorized_elementwise_kernel" - 4557: 0%....50%....100% - 18 passes
==PROF== Profiling "vectorized_elementwise_kernel" - 4558: 0%....50%....100% - 18 passes
==PROF== Profiling "elementwise_kernel" - 4559: 0%....50%....100% - 18 passes
==PROF== Profiling "vectorized_elementwise_kernel" - 4560: 0%....50%....100% - 18 passes
==PROF== Profiling "elementwise_kernel" - 4561: 0%....50%....100% - 18 passes
==PROF== Profiling "ampere_bf16_s1688gemm_bf16_64..." - 4562: 0%....50%....100% - 18 passes
==PROF== Profiling "vectorized_elementwise_kernel" - 4563: 0%....50%....100% - 18 passes
==PROF== Profiling "ampere_bf16_s1688gemm_bf16_64..." - 4564: 0%....50%....100% - 18 passes
==PROF== Profiling "vectorized_elementwise_kernel" - 4565: 0%....50%....100% - 18 passes
==PROF== Profiling "ampere_bf16_s16816gemm_bf16_6..." - 4566: 0%....50%....100% - 18 passes
==PROF== Profiling "vectorized_elementwise_kernel" - 4567: 0%....50%....100% - 18 passes
==PROF== Profiling "unrolled_elementwise_kernel" - 4568: 0%....50%....100% - 18 passes
==PROF== Profiling "vectorized_elementwise_kernel" - 4569: 0%....50%....100% - 18 passes
==PROF== Profiling "reduce_kernel" - 4570: 0%....50%....100% - 18 passes
==PROF== Profiling "vectorized_elementwise_kernel" - 4571: 0%....50%....100% - 18 passes
==PROF== Profiling "vectorized_elementwise_kernel" - 4572: 0%....50%....100% - 18 passes
==PROF== Profiling "elementwise_kernel" - 4573: 0%....50%....100% - 18 passes
==PROF== Profiling "vectorized_elementwise_kernel" - 4574: 0%....50%....100% - 18 passes
==PROF== Profiling "elementwise_kernel" - 4575: 0%....50%....100% - 18 passes
==PROF== Profiling "ampere_bf16_s16816gemm_bf16_6..." - 4576: 0%....50%....100% - 18 passes
==PROF== Profiling "unrolled_elementwise_kernel" - 4577: 0%....50%....100% - 18 passes
==PROF== Profiling "vectorized_elementwise_kernel" - 4578: 0%....50%....100% - 18 passes
==PROF== Profiling "reduce_kernel" - 4579: 0%....50%....100% - 18 passes
==PROF== Profiling "vectorized_elementwise_kernel" - 4580: 0%....50%....100% - 18 passes
==PROF== Profiling "vectorized_elementwise_kernel" - 4581: 0%....50%....100% - 18 passes
==PROF== Profiling "elementwise_kernel" - 4582: 0%....50%....100% - 18 passes
==PROF== Profiling "vectorized_elementwise_kernel" - 4583: 0%....50%....100% - 18 passes
==PROF== Profiling "elementwise_kernel" - 4584: 0%....50%....100% - 18 passes
==PROF== Profiling "Kernel2" - 4585: 0%....50%....100% - 18 passes
==PROF== Profiling "splitKreduce_kernel" - 4586: 0%....50%....100% - 18 passes
==PROF== Profiling "unrolled_elementwise_kernel" - 4587: 0%....50%....100% - 18 passes
==PROF== Profiling "vectorized_elementwise_kernel" - 4588: 0%....50%....100% - 18 passes
==PROF== Profiling "reduce_kernel" - 4589: 0%....50%....100% - 18 passes
==PROF== Profiling "vectorized_elementwise_kernel" - 4590: 0%....50%....100% - 18 passes
==PROF== Profiling "vectorized_elementwise_kernel" - 4591: 0%....50%....100% - 18 passes
==PROF== Profiling "elementwise_kernel" - 4592: 0%....50%....100% - 18 passes
==PROF== Profiling "vectorized_elementwise_kernel" - 4593: 0%....50%....100% - 18 passes
==PROF== Profiling "elementwise_kernel" - 4594: 0%....50%....100% - 18 passes
==PROF== Profiling "Kernel2" - 4595: 0%....50%....100% - 18 passes
==PROF== Profiling "splitKreduce_kernel" - 4596: 0%....50%....100% - 18 passes
==PROF== Profiling "elementwise_kernel" - 4597: 0%....50%....100% - 18 passes
==PROF== Profiling "elementwise_kernel" - 4598: 0%....50%....100% - 18 passes
==PROF== Profiling "CatArrayBatchedCopy" - 4599: 0%....50%....100% - 18 passes
==PROF== Profiling "elementwise_kernel" - 4600: 0%....50%....100% - 18 passes
==PROF== Profiling "elementwise_kernel" - 4601: 0%....50%....100% - 18 passes
==PROF== Profiling "elementwise_kernel" - 4602: 0%....50%....100% - 18 passes
==PROF== Profiling "elementwise_kernel" - 4603: 0%....50%....100% - 18 passes
==PROF== Profiling "CatArrayBatchedCopy" - 4604: 0%....50%....100% - 18 passes
==PROF== Profiling "elementwise_kernel" - 4605: 0%....50%....100% - 18 passes
==PROF== Profiling "elementwise_kernel" - 4606: 0%....50%....100% - 18 passes
==PROF== Profiling "CatArrayBatchedCopy" - 4607: 0%....50%....100% - 18 passes
==PROF== Profiling "CatArrayBatchedCopy" - 4608: 0%....50%....100% - 18 passes
==PROF== Profiling "flash_fwd_splitkv_kernel" - 4609: 0%....50%....100% - 18 passes
==PROF== Profiling "flash_fwd_splitkv_combine_ker..." - 4610: 0%....50%....100% - 18 passes
==PROF== Profiling "ampere_bf16_s16816gemm_bf16_6..." - 4611: 0%....50%....100% - 18 passes
==PROF== Profiling "vectorized_elementwise_kernel" - 4612: 0%....50%....100% - 18 passes
==PROF== Profiling "unrolled_elementwise_kernel" - 4613: 0%....50%....100% - 18 passes
==PROF== Profiling "vectorized_elementwise_kernel" - 4614: 0%....50%....100% - 18 passes
==PROF== Profiling "reduce_kernel" - 4615: 0%....50%....100% - 18 passes
==PROF== Profiling "vectorized_elementwise_kernel" - 4616: 0%....50%....100% - 18 passes
==PROF== Profiling "vectorized_elementwise_kernel" - 4617: 0%....50%....100% - 18 passes
==PROF== Profiling "elementwise_kernel" - 4618: 0%....50%....100% - 18 passes
==PROF== Profiling "vectorized_elementwise_kernel" - 4619: 0%....50%....100% - 18 passes
==PROF== Profiling "elementwise_kernel" - 4620: 0%....50%....100% - 18 passes
==PROF== Profiling "ampere_bf16_s1688gemm_bf16_64..." - 4621: 0%....50%....100% - 18 passes
==PROF== Profiling "vectorized_elementwise_kernel" - 4622: 0%....50%....100% - 18 passes
==PROF== Profiling "ampere_bf16_s1688gemm_bf16_64..." - 4623: 0%....50%....100% - 18 passes
==PROF== Profiling "vectorized_elementwise_kernel" - 4624: 0%....50%....100% - 18 passes
==PROF== Profiling "ampere_bf16_s16816gemm_bf16_6..." - 4625: 0%....50%....100% - 18 passes
==PROF== Profiling "vectorized_elementwise_kernel" - 4626: 0%....50%....100% - 18 passes
==PROF== Profiling "unrolled_elementwise_kernel" - 4627: 0%....50%....100% - 18 passes
==PROF== Profiling "vectorized_elementwise_kernel" - 4628: 0%....50%....100% - 18 passes
==PROF== Profiling "reduce_kernel" - 4629: 0%....50%....100% - 18 passes
==PROF== Profiling "vectorized_elementwise_kernel" - 4630: 0%....50%....100% - 18 passes
==PROF== Profiling "vectorized_elementwise_kernel" - 4631: 0%....50%....100% - 18 passes
==PROF== Profiling "elementwise_kernel" - 4632: 0%....50%....100% - 18 passes
==PROF== Profiling "vectorized_elementwise_kernel" - 4633: 0%....50%....100% - 18 passes
==PROF== Profiling "elementwise_kernel" - 4634: 0%....50%....100% - 18 passes
==PROF== Profiling "ampere_bf16_s16816gemm_bf16_6..." - 4635: 0%....50%....100% - 18 passes
==PROF== Profiling "unrolled_elementwise_kernel" - 4636: 0%....50%....100% - 18 passes
==PROF== Profiling "vectorized_elementwise_kernel" - 4637: 0%....50%....100% - 18 passes
==PROF== Profiling "reduce_kernel" - 4638: 0%....50%....100% - 18 passes
==PROF== Profiling "vectorized_elementwise_kernel" - 4639: 0%....50%....100% - 18 passes
==PROF== Profiling "vectorized_elementwise_kernel" - 4640: 0%....50%....100% - 18 passes
==PROF== Profiling "elementwise_kernel" - 4641: 0%....50%....100% - 18 passes
==PROF== Profiling "vectorized_elementwise_kernel" - 4642: 0%....50%....100% - 18 passes
==PROF== Profiling "elementwise_kernel" - 4643: 0%....50%....100% - 18 passes
==PROF== Profiling "Kernel2" - 4644: 0%....50%....100% - 18 passes
==PROF== Profiling "splitKreduce_kernel" - 4645: 0%....50%....100% - 18 passes
==PROF== Profiling "unrolled_elementwise_kernel" - 4646: 0%....50%....100% - 18 passes
==PROF== Profiling "vectorized_elementwise_kernel" - 4647: 0%....50%....100% - 18 passes
==PROF== Profiling "reduce_kernel" - 4648: 0%....50%....100% - 18 passes
==PROF== Profiling "vectorized_elementwise_kernel" - 4649: 0%....50%....100% - 18 passes
==PROF== Profiling "vectorized_elementwise_kernel" - 4650: 0%....50%....100% - 18 passes
==PROF== Profiling "elementwise_kernel" - 4651: 0%....50%....100% - 18 passes
==PROF== Profiling "vectorized_elementwise_kernel" - 4652: 0%....50%....100% - 18 passes
==PROF== Profiling "elementwise_kernel" - 4653: 0%....50%....100% - 18 passes
==PROF== Profiling "Kernel2" - 4654: 0%....50%....100% - 18 passes
==PROF== Profiling "splitKreduce_kernel" - 4655: 0%....50%....100% - 18 passes
==PROF== Profiling "elementwise_kernel" - 4656: 0%....50%....100% - 18 passes
==PROF== Profiling "elementwise_kernel" - 4657: 0%....50%....100% - 18 passes
==PROF== Profiling "CatArrayBatchedCopy" - 4658: 0%....50%....100% - 18 passes
==PROF== Profiling "elementwise_kernel" - 4659: 0%....50%....100% - 18 passes
==PROF== Profiling "elementwise_kernel" - 4660: 0%....50%....100% - 18 passes
==PROF== Profiling "elementwise_kernel" - 4661: 0%....50%....100% - 18 passes
==PROF== Profiling "elementwise_kernel" - 4662: 0%....50%....100% - 18 passes
==PROF== Profiling "CatArrayBatchedCopy" - 4663: 0%....50%....100% - 18 passes
==PROF== Profiling "elementwise_kernel" - 4664: 0%....50%....100% - 18 passes
==PROF== Profiling "elementwise_kernel" - 4665: 0%....50%....100% - 18 passes
==PROF== Profiling "CatArrayBatchedCopy" - 4666: 0%....50%....100% - 18 passes
==PROF== Profiling "CatArrayBatchedCopy" - 4667: 0%....50%....100% - 18 passes
==PROF== Profiling "flash_fwd_splitkv_kernel" - 4668: 0%....50%....100% - 18 passes
==PROF== Profiling "flash_fwd_splitkv_combine_ker..." - 4669: 0%....50%....100% - 18 passes
==PROF== Profiling "ampere_bf16_s16816gemm_bf16_6..." - 4670: 0%....50%....100% - 18 passes
==PROF== Profiling "vectorized_elementwise_kernel" - 4671: 0%....50%....100% - 18 passes
==PROF== Profiling "unrolled_elementwise_kernel" - 4672: 0%....50%....100% - 18 passes
==PROF== Profiling "vectorized_elementwise_kernel" - 4673: 0%....50%....100% - 18 passes
==PROF== Profiling "reduce_kernel" - 4674: 0%....50%....100% - 18 passes
==PROF== Profiling "vectorized_elementwise_kernel" - 4675: 0%....50%....100% - 18 passes
==PROF== Profiling "vectorized_elementwise_kernel" - 4676: 0%....50%....100% - 18 passes
==PROF== Profiling "elementwise_kernel" - 4677: 0%....50%....100% - 18 passes
==PROF== Profiling "vectorized_elementwise_kernel" - 4678: 0%....50%....100% - 18 passes
==PROF== Profiling "elementwise_kernel" - 4679: 0%....50%....100% - 18 passes
==PROF== Profiling "ampere_bf16_s1688gemm_bf16_64..." - 4680: 0%....50%....100% - 18 passes
==PROF== Profiling "vectorized_elementwise_kernel" - 4681: 0%....50%....100% - 18 passes
==PROF== Profiling "ampere_bf16_s1688gemm_bf16_64..." - 4682: 0%....50%....100% - 18 passes
==PROF== Profiling "vectorized_elementwise_kernel" - 4683: 0%....50%....100% - 18 passes
==PROF== Profiling "ampere_bf16_s16816gemm_bf16_6..." - 4684: 0%....50%....100% - 18 passes
==PROF== Profiling "vectorized_elementwise_kernel" - 4685: 0%....50%....100% - 18 passes
==PROF== Profiling "unrolled_elementwise_kernel" - 4686: 0%....50%....100% - 18 passes
==PROF== Profiling "vectorized_elementwise_kernel" - 4687: 0%....50%....100% - 18 passes
==PROF== Profiling "reduce_kernel" - 4688: 0%....50%....100% - 18 passes
==PROF== Profiling "vectorized_elementwise_kernel" - 4689: 0%....50%....100% - 18 passes
==PROF== Profiling "vectorized_elementwise_kernel" - 4690: 0%....50%....100% - 18 passes
==PROF== Profiling "elementwise_kernel" - 4691: 0%....50%....100% - 18 passes
==PROF== Profiling "vectorized_elementwise_kernel" - 4692: 0%....50%....100% - 18 passes
==PROF== Profiling "elementwise_kernel" - 4693: 0%....50%....100% - 18 passes
==PROF== Profiling "ampere_bf16_s16816gemm_bf16_6..." - 4694: 0%....50%....100% - 18 passes
==PROF== Profiling "unrolled_elementwise_kernel" - 4695: 0%....50%....100% - 18 passes
==PROF== Profiling "vectorized_elementwise_kernel" - 4696: 0%....50%....100% - 18 passes
==PROF== Profiling "reduce_kernel" - 4697: 0%....50%....100% - 18 passes
==PROF== Profiling "vectorized_elementwise_kernel" - 4698: 0%....50%....100% - 18 passes
==PROF== Profiling "vectorized_elementwise_kernel" - 4699: 0%....50%....100% - 18 passes
==PROF== Profiling "elementwise_kernel" - 4700: 0%....50%....100% - 18 passes
==PROF== Profiling "vectorized_elementwise_kernel" - 4701: 0%....50%....100% - 18 passes
==PROF== Profiling "elementwise_kernel" - 4702: 0%....50%....100% - 18 passes
==PROF== Profiling "Kernel2" - 4703: 0%....50%....100% - 18 passes
==PROF== Profiling "splitKreduce_kernel" - 4704: 0%....50%....100% - 18 passes
==PROF== Profiling "unrolled_elementwise_kernel" - 4705: 0%....50%....100% - 18 passes
==PROF== Profiling "vectorized_elementwise_kernel" - 4706: 0%....50%....100% - 18 passes
==PROF== Profiling "reduce_kernel" - 4707: 0%....50%....100% - 18 passes
==PROF== Profiling "vectorized_elementwise_kernel" - 4708: 0%....50%....100% - 18 passes
==PROF== Profiling "vectorized_elementwise_kernel" - 4709: 0%....50%....100% - 18 passes
==PROF== Profiling "elementwise_kernel" - 4710: 0%....50%....100% - 18 passes
==PROF== Profiling "vectorized_elementwise_kernel" - 4711: 0%....50%....100% - 18 passes
==PROF== Profiling "elementwise_kernel" - 4712: 0%....50%....100% - 18 passes
==PROF== Profiling "Kernel2" - 4713: 0%....50%....100% - 18 passes
==PROF== Profiling "splitKreduce_kernel" - 4714: 0%....50%....100% - 18 passes
==PROF== Profiling "elementwise_kernel" - 4715: 0%....50%....100% - 18 passes
==PROF== Profiling "elementwise_kernel" - 4716: 0%....50%....100% - 18 passes
==PROF== Profiling "CatArrayBatchedCopy" - 4717: 0%....50%....100% - 18 passes
==PROF== Profiling "elementwise_kernel" - 4718: 0%....50%....100% - 18 passes
==PROF== Profiling "elementwise_kernel" - 4719: 0%....50%....100% - 18 passes
==PROF== Profiling "elementwise_kernel" - 4720: 0%....50%....100% - 18 passes
==PROF== Profiling "elementwise_kernel" - 4721: 0%....50%....100% - 18 passes
==PROF== Profiling "CatArrayBatchedCopy" - 4722: 0%....50%....100% - 18 passes
==PROF== Profiling "elementwise_kernel" - 4723: 0%....50%....100% - 18 passes
==PROF== Profiling "elementwise_kernel" - 4724: 0%....50%....100% - 18 passes
==PROF== Profiling "CatArrayBatchedCopy" - 4725: 0%....50%....100% - 18 passes
==PROF== Profiling "CatArrayBatchedCopy" - 4726: 0%....50%....100% - 18 passes
==PROF== Profiling "flash_fwd_splitkv_kernel" - 4727: 0%....50%....100% - 18 passes
==PROF== Profiling "flash_fwd_splitkv_combine_ker..." - 4728: 0%....50%....100% - 18 passes
==PROF== Profiling "ampere_bf16_s16816gemm_bf16_6..." - 4729: 0%....50%....100% - 18 passes
==PROF== Profiling "vectorized_elementwise_kernel" - 4730: 0%....50%....100% - 18 passes
==PROF== Profiling "unrolled_elementwise_kernel" - 4731: 0%....50%....100% - 18 passes
==PROF== Profiling "vectorized_elementwise_kernel" - 4732: 0%....50%....100% - 18 passes
==PROF== Profiling "reduce_kernel" - 4733: 0%....50%....100% - 18 passes
==PROF== Profiling "vectorized_elementwise_kernel" - 4734: 0%....50%....100% - 18 passes
==PROF== Profiling "vectorized_elementwise_kernel" - 4735: 0%....50%....100% - 18 passes
==PROF== Profiling "elementwise_kernel" - 4736: 0%....50%....100% - 18 passes
==PROF== Profiling "vectorized_elementwise_kernel" - 4737: 0%....50%....100% - 18 passes
==PROF== Profiling "elementwise_kernel" - 4738: 0%....50%....100% - 18 passes
==PROF== Profiling "ampere_bf16_s1688gemm_bf16_64..." - 4739: 0%....50%....100% - 18 passes
==PROF== Profiling "vectorized_elementwise_kernel" - 4740: 0%....50%....100% - 18 passes
==PROF== Profiling "ampere_bf16_s1688gemm_bf16_64..." - 4741: 0%....50%....100% - 18 passes
==PROF== Profiling "vectorized_elementwise_kernel" - 4742: 0%....50%....100% - 18 passes
==PROF== Profiling "ampere_bf16_s16816gemm_bf16_6..." - 4743: 0%....50%....100% - 18 passes
==PROF== Profiling "vectorized_elementwise_kernel" - 4744: 0%....50%....100% - 18 passes
==PROF== Profiling "unrolled_elementwise_kernel" - 4745: 0%....50%....100% - 18 passes
==PROF== Profiling "vectorized_elementwise_kernel" - 4746: 0%....50%....100% - 18 passes
==PROF== Profiling "reduce_kernel" - 4747: 0%....50%....100% - 18 passes
==PROF== Profiling "vectorized_elementwise_kernel" - 4748: 0%....50%....100% - 18 passes
==PROF== Profiling "vectorized_elementwise_kernel" - 4749: 0%....50%....100% - 18 passes
==PROF== Profiling "elementwise_kernel" - 4750: 0%....50%....100% - 18 passes
==PROF== Profiling "vectorized_elementwise_kernel" - 4751: 0%....50%....100% - 18 passes
==PROF== Profiling "elementwise_kernel" - 4752: 0%....50%....100% - 18 passes
==PROF== Profiling "ampere_bf16_s16816gemm_bf16_6..." - 4753: 0%....50%....100% - 18 passes
==PROF== Profiling "unrolled_elementwise_kernel" - 4754: 0%....50%....100% - 18 passes
==PROF== Profiling "vectorized_elementwise_kernel" - 4755: 0%....50%....100% - 18 passes
==PROF== Profiling "reduce_kernel" - 4756: 0%....50%....100% - 18 passes
==PROF== Profiling "vectorized_elementwise_kernel" - 4757: 0%....50%....100% - 18 passes
==PROF== Profiling "vectorized_elementwise_kernel" - 4758: 0%....50%....100% - 18 passes
==PROF== Profiling "elementwise_kernel" - 4759: 0%....50%....100% - 18 passes
==PROF== Profiling "vectorized_elementwise_kernel" - 4760: 0%....50%....100% - 18 passes
==PROF== Profiling "elementwise_kernel" - 4761: 0%....50%....100% - 18 passes
==PROF== Profiling "Kernel2" - 4762: 0%....50%....100% - 18 passes
==PROF== Profiling "splitKreduce_kernel" - 4763: 0%....50%....100% - 18 passes
==PROF== Profiling "unrolled_elementwise_kernel" - 4764: 0%....50%....100% - 18 passes
==PROF== Profiling "vectorized_elementwise_kernel" - 4765: 0%....50%....100% - 18 passes
==PROF== Profiling "reduce_kernel" - 4766: 0%....50%....100% - 18 passes
==PROF== Profiling "vectorized_elementwise_kernel" - 4767: 0%....50%....100% - 18 passes
==PROF== Profiling "vectorized_elementwise_kernel" - 4768: 0%....50%....100% - 18 passes
==PROF== Profiling "elementwise_kernel" - 4769: 0%....50%....100% - 18 passes
==PROF== Profiling "vectorized_elementwise_kernel" - 4770: 0%....50%....100% - 18 passes
==PROF== Profiling "elementwise_kernel" - 4771: 0%....50%....100% - 18 passes
==PROF== Profiling "Kernel2" - 4772: 0%....50%....100% - 18 passes
==PROF== Profiling "splitKreduce_kernel" - 4773: 0%....50%....100% - 18 passes
==PROF== Profiling "elementwise_kernel" - 4774: 0%....50%....100% - 18 passes
==PROF== Profiling "elementwise_kernel" - 4775: 0%....50%....100% - 18 passes
==PROF== Profiling "CatArrayBatchedCopy" - 4776: 0%....50%....100% - 18 passes
==PROF== Profiling "elementwise_kernel" - 4777: 0%....50%....100% - 18 passes
==PROF== Profiling "elementwise_kernel" - 4778: 0%....50%....100% - 18 passes
==PROF== Profiling "elementwise_kernel" - 4779: 0%....50%....100% - 18 passes
==PROF== Profiling "elementwise_kernel" - 4780: 0%....50%....100% - 18 passes
==PROF== Profiling "CatArrayBatchedCopy" - 4781: 0%....50%....100% - 18 passes
==PROF== Profiling "elementwise_kernel" - 4782: 0%....50%....100% - 18 passes
==PROF== Profiling "elementwise_kernel" - 4783: 0%....50%....100% - 18 passes
==PROF== Profiling "CatArrayBatchedCopy" - 4784: 0%....50%....100% - 18 passes
==PROF== Profiling "CatArrayBatchedCopy" - 4785: 0%....50%....100% - 18 passes
==PROF== Profiling "flash_fwd_splitkv_kernel" - 4786: 0%....50%....100% - 18 passes
==PROF== Profiling "flash_fwd_splitkv_combine_ker..." - 4787: 0%....50%....100% - 18 passes
==PROF== Profiling "ampere_bf16_s16816gemm_bf16_6..." - 4788: 0%....50%....100% - 18 passes
==PROF== Profiling "vectorized_elementwise_kernel" - 4789: 0%....50%....100% - 18 passes
==PROF== Profiling "unrolled_elementwise_kernel" - 4790: 0%....50%....100% - 18 passes
==PROF== Profiling "vectorized_elementwise_kernel" - 4791: 0%....50%....100% - 18 passes
==PROF== Profiling "reduce_kernel" - 4792: 0%....50%....100% - 18 passes
==PROF== Profiling "vectorized_elementwise_kernel" - 4793: 0%....50%....100% - 18 passes
==PROF== Profiling "vectorized_elementwise_kernel" - 4794: 0%....50%....100% - 18 passes
==PROF== Profiling "elementwise_kernel" - 4795: 0%....50%....100% - 18 passes
==PROF== Profiling "vectorized_elementwise_kernel" - 4796: 0%....50%....100% - 18 passes
==PROF== Profiling "elementwise_kernel" - 4797: 0%....50%....100% - 18 passes
==PROF== Profiling "ampere_bf16_s1688gemm_bf16_64..." - 4798: 0%....50%....100% - 18 passes
==PROF== Profiling "vectorized_elementwise_kernel" - 4799: 0%....50%....100% - 18 passes
==PROF== Profiling "ampere_bf16_s1688gemm_bf16_64..." - 4800: 0%....50%....100% - 18 passes
==PROF== Profiling "vectorized_elementwise_kernel" - 4801: 0%....50%....100% - 18 passes
==PROF== Profiling "ampere_bf16_s16816gemm_bf16_6..." - 4802: 0%....50%....100% - 18 passes
==PROF== Profiling "vectorized_elementwise_kernel" - 4803: 0%....50%....100% - 18 passes
==PROF== Profiling "unrolled_elementwise_kernel" - 4804: 0%....50%....100% - 18 passes
==PROF== Profiling "vectorized_elementwise_kernel" - 4805: 0%....50%....100% - 18 passes
==PROF== Profiling "reduce_kernel" - 4806: 0%....50%....100% - 18 passes
==PROF== Profiling "vectorized_elementwise_kernel" - 4807: 0%....50%....100% - 18 passes
==PROF== Profiling "vectorized_elementwise_kernel" - 4808: 0%....50%....100% - 18 passes
==PROF== Profiling "elementwise_kernel" - 4809: 0%....50%....100% - 18 passes
==PROF== Profiling "vectorized_elementwise_kernel" - 4810: 0%....50%....100% - 18 passes
==PROF== Profiling "elementwise_kernel" - 4811: 0%....50%....100% - 18 passes
==PROF== Profiling "ampere_bf16_s16816gemm_bf16_6..." - 4812: 0%....50%....100% - 18 passes
==PROF== Profiling "unrolled_elementwise_kernel" - 4813: 0%....50%....100% - 18 passes
==PROF== Profiling "vectorized_elementwise_kernel" - 4814: 0%....50%....100% - 18 passes
==PROF== Profiling "reduce_kernel" - 4815: 0%....50%....100% - 18 passes
==PROF== Profiling "vectorized_elementwise_kernel" - 4816: 0%....50%....100% - 18 passes
==PROF== Profiling "vectorized_elementwise_kernel" - 4817: 0%....50%....100% - 18 passes
==PROF== Profiling "elementwise_kernel" - 4818: 0%....50%....100% - 18 passes
==PROF== Profiling "vectorized_elementwise_kernel" - 4819: 0%....50%....100% - 18 passes
==PROF== Profiling "elementwise_kernel" - 4820: 0%....50%....100% - 18 passes
==PROF== Profiling "Kernel2" - 4821: 0%....50%....100% - 18 passes
==PROF== Profiling "splitKreduce_kernel" - 4822: 0%....50%....100% - 18 passes
==PROF== Profiling "unrolled_elementwise_kernel" - 4823: 0%....50%....100% - 18 passes
==PROF== Profiling "vectorized_elementwise_kernel" - 4824: 0%....50%....100% - 18 passes
==PROF== Profiling "reduce_kernel" - 4825: 0%....50%....100% - 18 passes
==PROF== Profiling "vectorized_elementwise_kernel" - 4826: 0%....50%....100% - 18 passes
==PROF== Profiling "vectorized_elementwise_kernel" - 4827: 0%....50%....100% - 18 passes
==PROF== Profiling "elementwise_kernel" - 4828: 0%....50%....100% - 18 passes
==PROF== Profiling "vectorized_elementwise_kernel" - 4829: 0%....50%....100% - 18 passes
==PROF== Profiling "elementwise_kernel" - 4830: 0%....50%....100% - 18 passes
==PROF== Profiling "Kernel2" - 4831: 0%....50%....100% - 18 passes
==PROF== Profiling "splitKreduce_kernel" - 4832: 0%....50%....100% - 18 passes
==PROF== Profiling "elementwise_kernel" - 4833: 0%....50%....100% - 18 passes
==PROF== Profiling "elementwise_kernel" - 4834: 0%....50%....100% - 18 passes
==PROF== Profiling "CatArrayBatchedCopy" - 4835: 0%....50%....100% - 18 passes
==PROF== Profiling "elementwise_kernel" - 4836: 0%....50%....100% - 18 passes
==PROF== Profiling "elementwise_kernel" - 4837: 0%....50%....100% - 18 passes
==PROF== Profiling "elementwise_kernel" - 4838: 0%....50%....100% - 18 passes
==PROF== Profiling "elementwise_kernel" - 4839: 0%....50%....100% - 18 passes
==PROF== Profiling "CatArrayBatchedCopy" - 4840: 0%....50%....100% - 18 passes
==PROF== Profiling "elementwise_kernel" - 4841: 0%....50%....100% - 18 passes
==PROF== Profiling "elementwise_kernel" - 4842: 0%....50%....100% - 18 passes
==PROF== Profiling "CatArrayBatchedCopy" - 4843: 0%....50%....100% - 18 passes
==PROF== Profiling "CatArrayBatchedCopy" - 4844: 0%....50%....100% - 18 passes
==PROF== Profiling "flash_fwd_splitkv_kernel" - 4845: 0%....50%....100% - 18 passes
==PROF== Profiling "flash_fwd_splitkv_combine_ker..." - 4846: 0%....50%....100% - 18 passes
==PROF== Profiling "ampere_bf16_s16816gemm_bf16_6..." - 4847: 0%....50%....100% - 18 passes
==PROF== Profiling "vectorized_elementwise_kernel" - 4848: 0%....50%....100% - 18 passes
==PROF== Profiling "unrolled_elementwise_kernel" - 4849: 0%....50%....100% - 18 passes
==PROF== Profiling "vectorized_elementwise_kernel" - 4850: 0%....50%....100% - 18 passes
==PROF== Profiling "reduce_kernel" - 4851: 0%....50%....100% - 18 passes
==PROF== Profiling "vectorized_elementwise_kernel" - 4852: 0%....50%....100% - 18 passes
==PROF== Profiling "vectorized_elementwise_kernel" - 4853: 0%....50%....100% - 18 passes
==PROF== Profiling "elementwise_kernel" - 4854: 0%....50%....100% - 18 passes
==PROF== Profiling "vectorized_elementwise_kernel" - 4855: 0%....50%....100% - 18 passes
==PROF== Profiling "elementwise_kernel" - 4856: 0%....50%....100% - 18 passes
==PROF== Profiling "ampere_bf16_s1688gemm_bf16_64..." - 4857: 0%....50%....100% - 18 passes
==PROF== Profiling "vectorized_elementwise_kernel" - 4858: 0%....50%....100% - 18 passes
==PROF== Profiling "ampere_bf16_s1688gemm_bf16_64..." - 4859: 0%....50%....100% - 18 passes
==PROF== Profiling "vectorized_elementwise_kernel" - 4860: 0%....50%....100% - 18 passes
==PROF== Profiling "ampere_bf16_s16816gemm_bf16_6..." - 4861: 0%....50%....100% - 18 passes
==PROF== Profiling "vectorized_elementwise_kernel" - 4862: 0%....50%....100% - 18 passes
==PROF== Profiling "unrolled_elementwise_kernel" - 4863: 0%....50%....100% - 18 passes
==PROF== Profiling "vectorized_elementwise_kernel" - 4864: 0%....50%....100% - 18 passes
==PROF== Profiling "reduce_kernel" - 4865: 0%....50%....100% - 18 passes
==PROF== Profiling "vectorized_elementwise_kernel" - 4866: 0%....50%....100% - 18 passes
==PROF== Profiling "vectorized_elementwise_kernel" - 4867: 0%....50%....100% - 18 passes
==PROF== Profiling "elementwise_kernel" - 4868: 0%....50%....100% - 18 passes
==PROF== Profiling "vectorized_elementwise_kernel" - 4869: 0%....50%....100% - 18 passes
==PROF== Profiling "elementwise_kernel" - 4870: 0%....50%....100% - 18 passes
==PROF== Profiling "ampere_bf16_s16816gemm_bf16_6..." - 4871: 0%....50%....100% - 18 passes
==PROF== Profiling "unrolled_elementwise_kernel" - 4872: 0%....50%....100% - 18 passes
==PROF== Profiling "vectorized_elementwise_kernel" - 4873: 0%....50%....100% - 18 passes
==PROF== Profiling "reduce_kernel" - 4874: 0%....50%....100% - 18 passes
==PROF== Profiling "vectorized_elementwise_kernel" - 4875: 0%....50%....100% - 18 passes
==PROF== Profiling "vectorized_elementwise_kernel" - 4876: 0%....50%....100% - 18 passes
==PROF== Profiling "elementwise_kernel" - 4877: 0%....50%....100% - 18 passes
==PROF== Profiling "vectorized_elementwise_kernel" - 4878: 0%....50%....100% - 18 passes
==PROF== Profiling "elementwise_kernel" - 4879: 0%....50%....100% - 18 passes
==PROF== Profiling "Kernel2" - 4880: 0%....50%....100% - 18 passes
==PROF== Profiling "splitKreduce_kernel" - 4881: 0%....50%....100% - 18 passes
==PROF== Profiling "unrolled_elementwise_kernel" - 4882: 0%....50%....100% - 18 passes
==PROF== Profiling "vectorized_elementwise_kernel" - 4883: 0%....50%....100% - 18 passes
==PROF== Profiling "reduce_kernel" - 4884: 0%....50%....100% - 18 passes
==PROF== Profiling "vectorized_elementwise_kernel" - 4885: 0%....50%....100% - 18 passes
==PROF== Profiling "vectorized_elementwise_kernel" - 4886: 0%....50%....100% - 18 passes
==PROF== Profiling "elementwise_kernel" - 4887: 0%....50%....100% - 18 passes
==PROF== Profiling "vectorized_elementwise_kernel" - 4888: 0%....50%....100% - 18 passes
==PROF== Profiling "elementwise_kernel" - 4889: 0%....50%....100% - 18 passes
==PROF== Profiling "Kernel2" - 4890: 0%....50%....100% - 18 passes
==PROF== Profiling "splitKreduce_kernel" - 4891: 0%....50%....100% - 18 passes
==PROF== Profiling "elementwise_kernel" - 4892: 0%....50%....100% - 18 passes
==PROF== Profiling "elementwise_kernel" - 4893: 0%....50%....100% - 18 passes
==PROF== Profiling "CatArrayBatchedCopy" - 4894: 0%....50%....100% - 18 passes
==PROF== Profiling "elementwise_kernel" - 4895: 0%....50%....100% - 18 passes
==PROF== Profiling "elementwise_kernel" - 4896: 0%....50%....100% - 18 passes
==PROF== Profiling "elementwise_kernel" - 4897: 0%....50%....100% - 18 passes
==PROF== Profiling "elementwise_kernel" - 4898: 0%....50%....100% - 18 passes
==PROF== Profiling "CatArrayBatchedCopy" - 4899: 0%....50%....100% - 18 passes
==PROF== Profiling "elementwise_kernel" - 4900: 0%....50%....100% - 18 passes
==PROF== Profiling "elementwise_kernel" - 4901: 0%....50%....100% - 18 passes
==PROF== Profiling "CatArrayBatchedCopy" - 4902: 0%....50%....100% - 18 passes
==PROF== Profiling "CatArrayBatchedCopy" - 4903: 0%....50%....100% - 18 passes
==PROF== Profiling "flash_fwd_splitkv_kernel" - 4904: 0%....50%....100% - 18 passes
==PROF== Profiling "flash_fwd_splitkv_combine_ker..." - 4905: 0%....50%....100% - 18 passes
==PROF== Profiling "ampere_bf16_s16816gemm_bf16_6..." - 4906: 0%....50%....100% - 18 passes
==PROF== Profiling "vectorized_elementwise_kernel" - 4907: 0%....50%....100% - 18 passes
==PROF== Profiling "unrolled_elementwise_kernel" - 4908: 0%....50%....100% - 18 passes
==PROF== Profiling "vectorized_elementwise_kernel" - 4909: 0%....50%....100% - 18 passes
==PROF== Profiling "reduce_kernel" - 4910: 0%....50%....100% - 18 passes
==PROF== Profiling "vectorized_elementwise_kernel" - 4911: 0%....50%....100% - 18 passes
==PROF== Profiling "vectorized_elementwise_kernel" - 4912: 0%....50%....100% - 18 passes
==PROF== Profiling "elementwise_kernel" - 4913: 0%....50%....100% - 18 passes
==PROF== Profiling "vectorized_elementwise_kernel" - 4914: 0%....50%....100% - 18 passes
==PROF== Profiling "elementwise_kernel" - 4915: 0%....50%....100% - 18 passes
==PROF== Profiling "ampere_bf16_s1688gemm_bf16_64..." - 4916: 0%....50%....100% - 18 passes
==PROF== Profiling "vectorized_elementwise_kernel" - 4917: 0%....50%....100% - 18 passes
==PROF== Profiling "ampere_bf16_s1688gemm_bf16_64..." - 4918: 0%....50%....100% - 18 passes
==PROF== Profiling "vectorized_elementwise_kernel" - 4919: 0%....50%....100% - 18 passes
==PROF== Profiling "ampere_bf16_s16816gemm_bf16_6..." - 4920: 0%....50%....100% - 18 passes
==PROF== Profiling "vectorized_elementwise_kernel" - 4921: 0%....50%....100% - 18 passes
==PROF== Profiling "unrolled_elementwise_kernel" - 4922: 0%....50%....100% - 18 passes
==PROF== Profiling "vectorized_elementwise_kernel" - 4923: 0%....50%....100% - 18 passes
==PROF== Profiling "reduce_kernel" - 4924: 0%....50%....100% - 18 passes
==PROF== Profiling "vectorized_elementwise_kernel" - 4925: 0%....50%....100% - 18 passes
==PROF== Profiling "vectorized_elementwise_kernel" - 4926: 0%....50%....100% - 18 passes
==PROF== Profiling "elementwise_kernel" - 4927: 0%....50%....100% - 18 passes
==PROF== Profiling "vectorized_elementwise_kernel" - 4928: 0%....50%....100% - 18 passes
==PROF== Profiling "elementwise_kernel" - 4929: 0%....50%....100% - 18 passes
==PROF== Profiling "ampere_bf16_s16816gemm_bf16_6..." - 4930: 0%....50%....100% - 18 passes
==PROF== Profiling "unrolled_elementwise_kernel" - 4931: 0%....50%....100% - 18 passes
==PROF== Profiling "vectorized_elementwise_kernel" - 4932: 0%....50%....100% - 18 passes
==PROF== Profiling "reduce_kernel" - 4933: 0%....50%....100% - 18 passes
==PROF== Profiling "vectorized_elementwise_kernel" - 4934: 0%....50%....100% - 18 passes
==PROF== Profiling "vectorized_elementwise_kernel" - 4935: 0%....50%....100% - 18 passes
==PROF== Profiling "elementwise_kernel" - 4936: 0%....50%....100% - 18 passes
==PROF== Profiling "vectorized_elementwise_kernel" - 4937: 0%....50%....100% - 18 passes
==PROF== Profiling "elementwise_kernel" - 4938: 0%....50%....100% - 18 passes
==PROF== Profiling "Kernel2" - 4939: 0%....50%....100% - 18 passes
==PROF== Profiling "splitKreduce_kernel" - 4940: 0%....50%....100% - 18 passes
==PROF== Profiling "unrolled_elementwise_kernel" - 4941: 0%....50%....100% - 18 passes
==PROF== Profiling "vectorized_elementwise_kernel" - 4942: 0%....50%....100% - 18 passes
==PROF== Profiling "reduce_kernel" - 4943: 0%....50%....100% - 18 passes
==PROF== Profiling "vectorized_elementwise_kernel" - 4944: 0%....50%....100% - 18 passes
==PROF== Profiling "vectorized_elementwise_kernel" - 4945: 0%....50%....100% - 18 passes
==PROF== Profiling "elementwise_kernel" - 4946: 0%....50%....100% - 18 passes
==PROF== Profiling "vectorized_elementwise_kernel" - 4947: 0%....50%....100% - 18 passes
==PROF== Profiling "elementwise_kernel" - 4948: 0%....50%....100% - 18 passes
==PROF== Profiling "Kernel2" - 4949: 0%....50%....100% - 18 passes
==PROF== Profiling "splitKreduce_kernel" - 4950: 0%....50%....100% - 18 passes
==PROF== Profiling "elementwise_kernel" - 4951: 0%....50%....100% - 18 passes
==PROF== Profiling "elementwise_kernel" - 4952: 0%....50%....100% - 18 passes
==PROF== Profiling "CatArrayBatchedCopy" - 4953: 0%....50%....100% - 18 passes
==PROF== Profiling "elementwise_kernel" - 4954: 0%....50%....100% - 18 passes
==PROF== Profiling "elementwise_kernel" - 4955: 0%....50%....100% - 18 passes
==PROF== Profiling "elementwise_kernel" - 4956: 0%....50%....100% - 18 passes
==PROF== Profiling "elementwise_kernel" - 4957: 0%....50%....100% - 18 passes
==PROF== Profiling "CatArrayBatchedCopy" - 4958: 0%....50%....100% - 18 passes
==PROF== Profiling "elementwise_kernel" - 4959: 0%....50%....100% - 18 passes
==PROF== Profiling "elementwise_kernel" - 4960: 0%....50%....100% - 18 passes
==PROF== Profiling "CatArrayBatchedCopy" - 4961: 0%....50%....100% - 18 passes
==PROF== Profiling "CatArrayBatchedCopy" - 4962: 0%....50%....100% - 18 passes
==PROF== Profiling "flash_fwd_splitkv_kernel" - 4963: 0%....50%....100% - 18 passes
==PROF== Profiling "flash_fwd_splitkv_combine_ker..." - 4964: 0%....50%....100% - 18 passes
==PROF== Profiling "ampere_bf16_s16816gemm_bf16_6..." - 4965: 0%....50%....100% - 18 passes
==PROF== Profiling "vectorized_elementwise_kernel" - 4966: 0%....50%....100% - 18 passes
==PROF== Profiling "unrolled_elementwise_kernel" - 4967: 0%....50%....100% - 18 passes
==PROF== Profiling "vectorized_elementwise_kernel" - 4968: 0%....50%....100% - 18 passes
==PROF== Profiling "reduce_kernel" - 4969: 0%....50%....100% - 18 passes
==PROF== Profiling "vectorized_elementwise_kernel" - 4970: 0%....50%....100% - 18 passes
==PROF== Profiling "vectorized_elementwise_kernel" - 4971: 0%....50%....100% - 18 passes
==PROF== Profiling "elementwise_kernel" - 4972: 0%....50%....100% - 18 passes
==PROF== Profiling "vectorized_elementwise_kernel" - 4973: 0%....50%....100% - 18 passes
==PROF== Profiling "elementwise_kernel" - 4974: 0%....50%....100% - 18 passes
==PROF== Profiling "ampere_bf16_s1688gemm_bf16_64..." - 4975: 0%....50%....100% - 18 passes
==PROF== Profiling "vectorized_elementwise_kernel" - 4976: 0%....50%....100% - 18 passes
==PROF== Profiling "ampere_bf16_s1688gemm_bf16_64..." - 4977: 0%....50%....100% - 18 passes
==PROF== Profiling "vectorized_elementwise_kernel" - 4978: 0%....50%....100% - 18 passes
==PROF== Profiling "ampere_bf16_s16816gemm_bf16_6..." - 4979: 0%....50%....100% - 18 passes
==PROF== Profiling "vectorized_elementwise_kernel" - 4980: 0%....50%....100% - 18 passes
==PROF== Profiling "unrolled_elementwise_kernel" - 4981: 0%....50%....100% - 18 passes
==PROF== Profiling "vectorized_elementwise_kernel" - 4982: 0%....50%....100% - 18 passes
==PROF== Profiling "reduce_kernel" - 4983: 0%....50%....100% - 18 passes
==PROF== Profiling "vectorized_elementwise_kernel" - 4984: 0%....50%....100% - 18 passes
==PROF== Profiling "vectorized_elementwise_kernel" - 4985: 0%....50%....100% - 18 passes
==PROF== Profiling "elementwise_kernel" - 4986: 0%....50%....100% - 18 passes
==PROF== Profiling "vectorized_elementwise_kernel" - 4987: 0%....50%....100% - 18 passes
==PROF== Profiling "elementwise_kernel" - 4988: 0%....50%....100% - 18 passes
==PROF== Profiling "ampere_bf16_s1688gemm_bf16_64..." - 4989: 0%....50%....100% - 18 passes
==PROF== Profiling "reduce_kernel" - 4990: 0%....50%....100% - 18 passes
==PROF== Profiling "indexSelectSmallIndex" - 4991: 0%....50%....100% - 18 passes
==PROF== Profiling "elementwise_kernel_with_index" - 4992: 0%....50%....100% - 18 passes
==PROF== Profiling "unrolled_elementwise_kernel" - 4993: 0%....50%....100% - 18 passes
==PROF== Profiling "gemmk1_kernel" - 4994: 0%....50%....100% - 18 passes
==PROF== Profiling "CatArrayBatchedCopy_vectorized" - 4995: 0%....50%....100% - 18 passes
==PROF== Profiling "vectorized_elementwise_kernel" - 4996: 0%....50%....100% - 18 passes
==PROF== Profiling "vectorized_elementwise_kernel" - 4997: 0%....50%....100% - 18 passes
==PROF== Profiling "vectorized_elementwise_kernel" - 4998: 0%....50%....100% - 18 passes
==PROF== Profiling "vectorized_elementwise_kernel" - 4999: 0%....50%....100% - 18 passes
==PROF== Profiling "vectorized_elementwise_kernel" - 5000: 0%....50%....100% - 18 passes
==PROF== Profiling "vectorized_elementwise_kernel" - 5001: 0%....50%....100% - 18 passes
==PROF== Profiling "unrolled_elementwise_kernel" - 5002: 0%....50%....100% - 18 passes
==PROF== Profiling "vectorized_elementwise_kernel" - 5003: 0%....50%....100% - 18 passes
==PROF== Profiling "reduce_kernel" - 5004: 0%....50%....100% - 18 passes
==PROF== Profiling "vectorized_elementwise_kernel" - 5005: 0%....50%....100% - 18 passes
==PROF== Profiling "vectorized_elementwise_kernel" - 5006: 0%....50%....100% - 18 passes
==PROF== Profiling "elementwise_kernel" - 5007: 0%....50%....100% - 18 passes
==PROF== Profiling "vectorized_elementwise_kernel" - 5008: 0%....50%....100% - 18 passes
==PROF== Profiling "vectorized_elementwise_kernel" - 5009: 0%....50%....100% - 18 passes
==PROF== Profiling "kernel" - 5010: 0%....50%....100% - 18 passes
==PROF== Profiling "unrolled_elementwise_kernel" - 5011: 0%....50%....100% - 18 passes
==PROF== Profiling "vectorized_elementwise_kernel" - 5012: 0%....50%....100% - 18 passes
==PROF== Profiling "reduce_kernel" - 5013: 0%....50%....100% - 18 passes
==PROF== Profiling "vectorized_elementwise_kernel" - 5014: 0%....50%....100% - 18 passes
==PROF== Profiling "vectorized_elementwise_kernel" - 5015: 0%....50%....100% - 18 passes
==PROF== Profiling "elementwise_kernel" - 5016: 0%....50%....100% - 18 passes
==PROF== Profiling "vectorized_elementwise_kernel" - 5017: 0%....50%....100% - 18 passes
==PROF== Profiling "elementwise_kernel" - 5018: 0%....50%....100% - 18 passes
==PROF== Profiling "kernel" - 5019: 0%....50%....100% - 18 passes
==PROF== Profiling "unrolled_elementwise_kernel" - 5020: 0%....50%....100% - 18 passes
==PROF== Profiling "vectorized_elementwise_kernel" - 5021: 0%....50%....100% - 18 passes
==PROF== Profiling "reduce_kernel" - 5022: 0%....50%....100% - 18 passes
==PROF== Profiling "vectorized_elementwise_kernel" - 5023: 0%....50%....100% - 18 passes
==PROF== Profiling "vectorized_elementwise_kernel" - 5024: 0%....50%....100% - 18 passes
==PROF== Profiling "elementwise_kernel" - 5025: 0%....50%....100% - 18 passes
==PROF== Profiling "vectorized_elementwise_kernel" - 5026: 0%....50%....100% - 18 passes
==PROF== Profiling "elementwise_kernel" - 5027: 0%....50%....100% - 18 passes
==PROF== Profiling "kernel" - 5028: 0%....50%....100% - 18 passes
==PROF== Profiling "elementwise_kernel" - 5029: 0%....50%....100% - 18 passes
==PROF== Profiling "elementwise_kernel" - 5030: 0%....50%....100% - 18 passes
==PROF== Profiling "CatArrayBatchedCopy" - 5031: 0%....50%....100% - 18 passes
==PROF== Profiling "elementwise_kernel" - 5032: 0%....50%....100% - 18 passes
==PROF== Profiling "vectorized_elementwise_kernel" - 5033: 0%....50%....100% - 18 passes
==PROF== Profiling "elementwise_kernel" - 5034: 0%....50%....100% - 18 passes
==PROF== Profiling "elementwise_kernel" - 5035: 0%....50%....100% - 18 passes
==PROF== Profiling "CatArrayBatchedCopy" - 5036: 0%....50%....100% - 18 passes
==PROF== Profiling "elementwise_kernel" - 5037: 0%....50%....100% - 18 passes
==PROF== Profiling "vectorized_elementwise_kernel" - 5038: 0%....50%....100% - 18 passes
==PROF== Profiling "CatArrayBatchedCopy_vectorized" - 5039: 0%....50%....100% - 18 passes
==PROF== Profiling "CatArrayBatchedCopy_vectorized" - 5040: 0%....50%....100% - 18 passes
==PROF== Profiling "flash_fwd_splitkv_kernel" - 5041: 0%....50%....100% - 18 passes
==PROF== Profiling "flash_fwd_splitkv_combine_ker..." - 5042: 0%....50%....100% - 18 passes
==PROF== Profiling "kernel" - 5043: 0%....50%....100% - 18 passes
==PROF== Profiling "vectorized_elementwise_kernel" - 5044: 0%....50%....100% - 18 passes
==PROF== Profiling "unrolled_elementwise_kernel" - 5045: 0%....50%....100% - 18 passes
==PROF== Profiling "vectorized_elementwise_kernel" - 5046: 0%....50%....100% - 18 passes
==PROF== Profiling "reduce_kernel" - 5047: 0%....50%....100% - 18 passes
==PROF== Profiling "vectorized_elementwise_kernel" - 5048: 0%....50%....100% - 18 passes
==PROF== Profiling "vectorized_elementwise_kernel" - 5049: 0%....50%....100% - 18 passes
==PROF== Profiling "elementwise_kernel" - 5050: 0%....50%....100% - 18 passes
==PROF== Profiling "vectorized_elementwise_kernel" - 5051: 0%....50%....100% - 18 passes
==PROF== Profiling "vectorized_elementwise_kernel" - 5052: 0%....50%....100% - 18 passes
==PROF== Profiling "kernel" - 5053: 0%....50%....100% - 18 passes
==PROF== Profiling "vectorized_elementwise_kernel" - 5054: 0%....50%....100% - 18 passes
==PROF== Profiling "kernel" - 5055: 0%....50%....100% - 18 passes
==PROF== Profiling "vectorized_elementwise_kernel" - 5056: 0%....50%....100% - 18 passes
==PROF== Profiling "kernel" - 5057: 0%....50%....100% - 18 passes
==PROF== Profiling "vectorized_elementwise_kernel" - 5058: 0%....50%....100% - 18 passes
==PROF== Profiling "unrolled_elementwise_kernel" - 5059: 0%....50%....100% - 18 passes
==PROF== Profiling "vectorized_elementwise_kernel" - 5060: 0%....50%....100% - 18 passes
==PROF== Profiling "reduce_kernel" - 5061: 0%....50%....100% - 18 passes
==PROF== Profiling "vectorized_elementwise_kernel" - 5062: 0%....50%....100% - 18 passes
==PROF== Profiling "vectorized_elementwise_kernel" - 5063: 0%....50%....100% - 18 passes
==PROF== Profiling "elementwise_kernel" - 5064: 0%....50%....100% - 18 passes
==PROF== Profiling "vectorized_elementwise_kernel" - 5065: 0%....50%....100% - 18 passes
==PROF== Profiling "vectorized_elementwise_kernel" - 5066: 0%....50%....100% - 18 passes
==PROF== Profiling "kernel" - 5067: 0%....50%....100% - 18 passes
==PROF== Profiling "unrolled_elementwise_kernel" - 5068: 0%....50%....100% - 18 passes
==PROF== Profiling "vectorized_elementwise_kernel" - 5069: 0%....50%....100% - 18 passes
==PROF== Profiling "reduce_kernel" - 5070: 0%....50%....100% - 18 passes
==PROF== Profiling "vectorized_elementwise_kernel" - 5071: 0%....50%....100% - 18 passes
==PROF== Profiling "vectorized_elementwise_kernel" - 5072: 0%....50%....100% - 18 passes
==PROF== Profiling "elementwise_kernel" - 5073: 0%....50%....100% - 18 passes
==PROF== Profiling "vectorized_elementwise_kernel" - 5074: 0%....50%....100% - 18 passes
==PROF== Profiling "elementwise_kernel" - 5075: 0%....50%....100% - 18 passes
==PROF== Profiling "kernel" - 5076: 0%....50%....100% - 18 passes
==PROF== Profiling "unrolled_elementwise_kernel" - 5077: 0%....50%....100% - 18 passes
==PROF== Profiling "vectorized_elementwise_kernel" - 5078: 0%....50%....100% - 18 passes
==PROF== Profiling "reduce_kernel" - 5079: 0%....50%....100% - 18 passes
==PROF== Profiling "vectorized_elementwise_kernel" - 5080: 0%....50%....100% - 18 passes
==PROF== Profiling "vectorized_elementwise_kernel" - 5081: 0%....50%....100% - 18 passes
==PROF== Profiling "elementwise_kernel" - 5082: 0%....50%....100% - 18 passes
==PROF== Profiling "vectorized_elementwise_kernel" - 5083: 0%....50%....100% - 18 passes
==PROF== Profiling "elementwise_kernel" - 5084: 0%....50%....100% - 18 passes
==PROF== Profiling "kernel" - 5085: 0%....50%....100% - 18 passes
==PROF== Profiling "elementwise_kernel" - 5086: 0%....50%....100% - 18 passes
==PROF== Profiling "elementwise_kernel" - 5087: 0%....50%....100% - 18 passes
==PROF== Profiling "CatArrayBatchedCopy" - 5088: 0%....50%....100% - 18 passes
==PROF== Profiling "elementwise_kernel" - 5089: 0%....50%....100% - 18 passes
==PROF== Profiling "vectorized_elementwise_kernel" - 5090: 0%....50%....100% - 18 passes
==PROF== Profiling "elementwise_kernel" - 5091: 0%....50%....100% - 18 passes
==PROF== Profiling "elementwise_kernel" - 5092: 0%....50%....100% - 18 passes
==PROF== Profiling "CatArrayBatchedCopy" - 5093: 0%....50%....100% - 18 passes
==PROF== Profiling "elementwise_kernel" - 5094: 0%....50%....100% - 18 passes
==PROF== Profiling "vectorized_elementwise_kernel" - 5095: 0%....50%....100% - 18 passes
==PROF== Profiling "CatArrayBatchedCopy_vectorized" - 5096: 0%....50%....100% - 18 passes
==PROF== Profiling "CatArrayBatchedCopy_vectorized" - 5097: 0%....50%....100% - 18 passes
==PROF== Profiling "flash_fwd_splitkv_kernel" - 5098: 0%....50%....100% - 18 passes
==PROF== Profiling "flash_fwd_splitkv_combine_ker..." - 5099: 0%....50%....100% - 18 passes
==PROF== Profiling "kernel" - 5100: 0%....50%....100% - 18 passes
==PROF== Profiling "vectorized_elementwise_kernel" - 5101: 0%....50%....100% - 18 passes
==PROF== Profiling "unrolled_elementwise_kernel" - 5102: 0%....50%....100% - 18 passes
==PROF== Profiling "vectorized_elementwise_kernel" - 5103: 0%....50%....100% - 18 passes
==PROF== Profiling "reduce_kernel" - 5104: 0%....50%....100% - 18 passes
==PROF== Profiling "vectorized_elementwise_kernel" - 5105: 0%....50%....100% - 18 passes
==PROF== Profiling "vectorized_elementwise_kernel" - 5106: 0%....50%....100% - 18 passes
==PROF== Profiling "elementwise_kernel" - 5107: 0%....50%....100% - 18 passes
==PROF== Profiling "vectorized_elementwise_kernel" - 5108: 0%....50%....100% - 18 passes
==PROF== Profiling "vectorized_elementwise_kernel" - 5109: 0%....50%....100% - 18 passes
==PROF== Profiling "kernel" - 5110: 0%....50%....100% - 18 passes
==PROF== Profiling "vectorized_elementwise_kernel" - 5111: 0%....50%....100% - 18 passes
==PROF== Profiling "kernel" - 5112: 0%....50%....100% - 18 passes
==PROF== Profiling "vectorized_elementwise_kernel" - 5113: 0%....50%....100% - 18 passes
==PROF== Profiling "kernel" - 5114: 0%....50%....100% - 18 passes
==PROF== Profiling "vectorized_elementwise_kernel" - 5115: 0%....50%....100% - 18 passes
==PROF== Profiling "unrolled_elementwise_kernel" - 5116: 0%....50%....100% - 18 passes
==PROF== Profiling "vectorized_elementwise_kernel" - 5117: 0%....50%....100% - 18 passes
==PROF== Profiling "reduce_kernel" - 5118: 0%....50%....100% - 18 passes
==PROF== Profiling "vectorized_elementwise_kernel" - 5119: 0%....50%....100% - 18 passes
==PROF== Profiling "vectorized_elementwise_kernel" - 5120: 0%....50%....100% - 18 passes
==PROF== Profiling "elementwise_kernel" - 5121: 0%....50%....100% - 18 passes
==PROF== Profiling "vectorized_elementwise_kernel" - 5122: 0%....50%....100% - 18 passes
==PROF== Profiling "vectorized_elementwise_kernel" - 5123: 0%....50%....100% - 18 passes
==PROF== Profiling "kernel" - 5124: 0%....50%....100% - 18 passes
==PROF== Profiling "unrolled_elementwise_kernel" - 5125: 0%....50%....100% - 18 passes
==PROF== Profiling "vectorized_elementwise_kernel" - 5126: 0%....50%....100% - 18 passes
==PROF== Profiling "reduce_kernel" - 5127: 0%....50%....100% - 18 passes
==PROF== Profiling "vectorized_elementwise_kernel" - 5128: 0%....50%....100% - 18 passes
==PROF== Profiling "vectorized_elementwise_kernel" - 5129: 0%....50%....100% - 18 passes
==PROF== Profiling "elementwise_kernel" - 5130: 0%....50%....100% - 18 passes
==PROF== Profiling "vectorized_elementwise_kernel" - 5131: 0%....50%....100% - 18 passes
==PROF== Profiling "elementwise_kernel" - 5132: 0%....50%....100% - 18 passes
==PROF== Profiling "kernel" - 5133: 0%....50%....100% - 18 passes
==PROF== Profiling "unrolled_elementwise_kernel" - 5134: 0%....50%....100% - 18 passes
==PROF== Profiling "vectorized_elementwise_kernel" - 5135: 0%....50%....100% - 18 passes
==PROF== Profiling "reduce_kernel" - 5136: 0%....50%....100% - 18 passes
==PROF== Profiling "vectorized_elementwise_kernel" - 5137: 0%....50%....100% - 18 passes
==PROF== Profiling "vectorized_elementwise_kernel" - 5138: 0%....50%....100% - 18 passes
==PROF== Profiling "elementwise_kernel" - 5139: 0%....50%....100% - 18 passes
==PROF== Profiling "vectorized_elementwise_kernel" - 5140: 0%....50%....100% - 18 passes
==PROF== Profiling "elementwise_kernel" - 5141: 0%....50%....100% - 18 passes
==PROF== Profiling "kernel" - 5142: 0%....50%....100% - 18 passes
==PROF== Profiling "elementwise_kernel" - 5143: 0%....50%....100% - 18 passes
==PROF== Profiling "elementwise_kernel" - 5144: 0%....50%....100% - 18 passes
==PROF== Profiling "CatArrayBatchedCopy" - 5145: 0%....50%....100% - 18 passes
==PROF== Profiling "elementwise_kernel" - 5146: 0%....50%....100% - 18 passes
==PROF== Profiling "vectorized_elementwise_kernel" - 5147: 0%....50%....100% - 18 passes
==PROF== Profiling "elementwise_kernel" - 5148: 0%....50%....100% - 18 passes
==PROF== Profiling "elementwise_kernel" - 5149: 0%....50%....100% - 18 passes
==PROF== Profiling "CatArrayBatchedCopy" - 5150: 0%....50%....100% - 18 passes
==PROF== Profiling "elementwise_kernel" - 5151: 0%....50%....100% - 18 passes
==PROF== Profiling "vectorized_elementwise_kernel" - 5152: 0%....50%....100% - 18 passes
==PROF== Profiling "CatArrayBatchedCopy_vectorized" - 5153: 0%....50%....100% - 18 passes
==PROF== Profiling "CatArrayBatchedCopy_vectorized" - 5154: 0%....50%....100% - 18 passes
==PROF== Profiling "flash_fwd_splitkv_kernel" - 5155: 0%....50%....100% - 18 passes
==PROF== Profiling "flash_fwd_splitkv_combine_ker..." - 5156: 0%....50%....100% - 18 passes
==PROF== Profiling "kernel" - 5157: 0%....50%....100% - 18 passes
==PROF== Profiling "vectorized_elementwise_kernel" - 5158: 0%....50%....100% - 18 passes
==PROF== Profiling "unrolled_elementwise_kernel" - 5159: 0%....50%....100% - 18 passes
==PROF== Profiling "vectorized_elementwise_kernel" - 5160: 0%....50%....100% - 18 passes
==PROF== Profiling "reduce_kernel" - 5161: 0%....50%....100% - 18 passes
==PROF== Profiling "vectorized_elementwise_kernel" - 5162: 0%....50%....100% - 18 passes
==PROF== Profiling "vectorized_elementwise_kernel" - 5163: 0%....50%....100% - 18 passes
==PROF== Profiling "elementwise_kernel" - 5164: 0%....50%....100% - 18 passes
==PROF== Profiling "vectorized_elementwise_kernel" - 5165: 0%....50%....100% - 18 passes
==PROF== Profiling "vectorized_elementwise_kernel" - 5166: 0%....50%....100% - 18 passes
==PROF== Profiling "kernel" - 5167: 0%....50%....100% - 18 passes
==PROF== Profiling "vectorized_elementwise_kernel" - 5168: 0%....50%....100% - 18 passes
==PROF== Profiling "kernel" - 5169: 0%....50%....100% - 18 passes
==PROF== Profiling "vectorized_elementwise_kernel" - 5170: 0%....50%....100% - 18 passes
==PROF== Profiling "kernel" - 5171: 0%....50%....100% - 18 passes
==PROF== Profiling "vectorized_elementwise_kernel" - 5172: 0%....50%....100% - 18 passes
==PROF== Profiling "unrolled_elementwise_kernel" - 5173: 0%....50%....100% - 18 passes
==PROF== Profiling "vectorized_elementwise_kernel" - 5174: 0%....50%....100% - 18 passes
==PROF== Profiling "reduce_kernel" - 5175: 0%....50%....100% - 18 passes
==PROF== Profiling "vectorized_elementwise_kernel" - 5176: 0%....50%....100% - 18 passes
==PROF== Profiling "vectorized_elementwise_kernel" - 5177: 0%....50%....100% - 18 passes
==PROF== Profiling "elementwise_kernel" - 5178: 0%....50%....100% - 18 passes
==PROF== Profiling "vectorized_elementwise_kernel" - 5179: 0%....50%....100% - 18 passes
==PROF== Profiling "vectorized_elementwise_kernel" - 5180: 0%....50%....100% - 18 passes
==PROF== Profiling "kernel" - 5181: 0%....50%....100% - 18 passes
==PROF== Profiling "unrolled_elementwise_kernel" - 5182: 0%....50%....100% - 18 passes
==PROF== Profiling "vectorized_elementwise_kernel" - 5183: 0%....50%....100% - 18 passes
==PROF== Profiling "reduce_kernel" - 5184: 0%....50%....100% - 18 passes
==PROF== Profiling "vectorized_elementwise_kernel" - 5185: 0%....50%....100% - 18 passes
==PROF== Profiling "vectorized_elementwise_kernel" - 5186: 0%....50%....100% - 18 passes
==PROF== Profiling "elementwise_kernel" - 5187: 0%....50%....100% - 18 passes
==PROF== Profiling "vectorized_elementwise_kernel" - 5188: 0%....50%....100% - 18 passes
==PROF== Profiling "elementwise_kernel" - 5189: 0%....50%....100% - 18 passes
==PROF== Profiling "kernel" - 5190: 0%....50%....100% - 18 passes
==PROF== Profiling "unrolled_elementwise_kernel" - 5191: 0%....50%....100% - 18 passes
==PROF== Profiling "vectorized_elementwise_kernel" - 5192: 0%....50%....100% - 18 passes
==PROF== Profiling "reduce_kernel" - 5193: 0%....50%....100% - 18 passes
==PROF== Profiling "vectorized_elementwise_kernel" - 5194: 0%....50%....100% - 18 passes
==PROF== Profiling "vectorized_elementwise_kernel" - 5195: 0%....50%....100% - 18 passes
==PROF== Profiling "elementwise_kernel" - 5196: 0%....50%....100% - 18 passes
==PROF== Profiling "vectorized_elementwise_kernel" - 5197: 0%....50%....100% - 18 passes
==PROF== Profiling "elementwise_kernel" - 5198: 0%....50%....100% - 18 passes
==PROF== Profiling "kernel" - 5199: 0%....50%....100% - 18 passes
==PROF== Profiling "elementwise_kernel" - 5200: 0%....50%....100% - 18 passes
==PROF== Profiling "elementwise_kernel" - 5201: 0%....50%....100% - 18 passes
==PROF== Profiling "CatArrayBatchedCopy" - 5202: 0%....50%....100% - 18 passes
==PROF== Profiling "elementwise_kernel" - 5203: 0%....50%....100% - 18 passes
==PROF== Profiling "vectorized_elementwise_kernel" - 5204: 0%....50%....100% - 18 passes
==PROF== Profiling "elementwise_kernel" - 5205: 0%....50%....100% - 18 passes
==PROF== Profiling "elementwise_kernel" - 5206: 0%....50%....100% - 18 passes
==PROF== Profiling "CatArrayBatchedCopy" - 5207: 0%....50%....100% - 18 passes
==PROF== Profiling "elementwise_kernel" - 5208: 0%....50%....100% - 18 passes
==PROF== Profiling "vectorized_elementwise_kernel" - 5209: 0%....50%....100% - 18 passes
==PROF== Profiling "CatArrayBatchedCopy_vectorized" - 5210: 0%....50%....100% - 18 passes
==PROF== Profiling "CatArrayBatchedCopy_vectorized" - 5211: 0%....50%....100% - 18 passes
==PROF== Profiling "flash_fwd_splitkv_kernel" - 5212: 0%....50%....100% - 18 passes
==PROF== Profiling "flash_fwd_splitkv_combine_ker..." - 5213: 0%....50%....100% - 18 passes
==PROF== Profiling "kernel" - 5214: 0%....50%....100% - 18 passes
==PROF== Profiling "vectorized_elementwise_kernel" - 5215: 0%....50%....100% - 18 passes
==PROF== Profiling "unrolled_elementwise_kernel" - 5216: 0%....50%....100% - 18 passes
==PROF== Profiling "vectorized_elementwise_kernel" - 5217: 0%....50%....100% - 18 passes
==PROF== Profiling "reduce_kernel" - 5218: 0%....50%....100% - 18 passes
==PROF== Profiling "vectorized_elementwise_kernel" - 5219: 0%....50%....100% - 18 passes
==PROF== Profiling "vectorized_elementwise_kernel" - 5220: 0%....50%....100% - 18 passes
==PROF== Profiling "elementwise_kernel" - 5221: 0%....50%....100% - 18 passes
==PROF== Profiling "vectorized_elementwise_kernel" - 5222: 0%....50%....100% - 18 passes
==PROF== Profiling "vectorized_elementwise_kernel" - 5223: 0%....50%....100% - 18 passes
==PROF== Profiling "kernel" - 5224: 0%....50%....100% - 18 passes
==PROF== Profiling "vectorized_elementwise_kernel" - 5225: 0%....50%....100% - 18 passes
==PROF== Profiling "kernel" - 5226: 0%....50%....100% - 18 passes
==PROF== Profiling "vectorized_elementwise_kernel" - 5227: 0%....50%....100% - 18 passes
==PROF== Profiling "kernel" - 5228: 0%....50%....100% - 18 passes
==PROF== Profiling "vectorized_elementwise_kernel" - 5229: 0%....50%....100% - 18 passes
==PROF== Profiling "unrolled_elementwise_kernel" - 5230: 0%....50%....100% - 18 passes
==PROF== Profiling "vectorized_elementwise_kernel" - 5231: 0%....50%....100% - 18 passes
==PROF== Profiling "reduce_kernel" - 5232: 0%....50%....100% - 18 passes
==PROF== Profiling "vectorized_elementwise_kernel" - 5233: 0%....50%....100% - 18 passes
==PROF== Profiling "vectorized_elementwise_kernel" - 5234: 0%....50%....100% - 18 passes
==PROF== Profiling "elementwise_kernel" - 5235: 0%....50%....100% - 18 passes
==PROF== Profiling "vectorized_elementwise_kernel" - 5236: 0%....50%....100% - 18 passes
==PROF== Profiling "vectorized_elementwise_kernel" - 5237: 0%....50%....100% - 18 passes
==PROF== Profiling "kernel" - 5238: 0%....50%....100% - 18 passes
==PROF== Profiling "unrolled_elementwise_kernel" - 5239: 0%....50%....100% - 18 passes
==PROF== Profiling "vectorized_elementwise_kernel" - 5240: 0%....50%....100% - 18 passes
==PROF== Profiling "reduce_kernel" - 5241: 0%....50%....100% - 18 passes
==PROF== Profiling "vectorized_elementwise_kernel" - 5242: 0%....50%....100% - 18 passes
==PROF== Profiling "vectorized_elementwise_kernel" - 5243: 0%....50%....100% - 18 passes
==PROF== Profiling "elementwise_kernel" - 5244: 0%....50%....100% - 18 passes
==PROF== Profiling "vectorized_elementwise_kernel" - 5245: 0%....50%....100% - 18 passes
==PROF== Profiling "elementwise_kernel" - 5246: 0%....50%....100% - 18 passes
==PROF== Profiling "kernel" - 5247: 0%....50%....100% - 18 passes
==PROF== Profiling "unrolled_elementwise_kernel" - 5248: 0%....50%....100% - 18 passes
==PROF== Profiling "vectorized_elementwise_kernel" - 5249: 0%....50%....100% - 18 passes
==PROF== Profiling "reduce_kernel" - 5250: 0%....50%....100% - 18 passes
==PROF== Profiling "vectorized_elementwise_kernel" - 5251: 0%....50%....100% - 18 passes
==PROF== Profiling "vectorized_elementwise_kernel" - 5252: 0%....50%....100% - 18 passes
==PROF== Profiling "elementwise_kernel" - 5253: 0%....50%....100% - 18 passes
==PROF== Profiling "vectorized_elementwise_kernel" - 5254: 0%....50%....100% - 18 passes
==PROF== Profiling "elementwise_kernel" - 5255: 0%....50%....100% - 18 passes
==PROF== Profiling "kernel" - 5256: 0%....50%....100% - 18 passes
==PROF== Profiling "elementwise_kernel" - 5257: 0%....50%....100% - 18 passes
==PROF== Profiling "elementwise_kernel" - 5258: 0%....50%....100% - 18 passes
==PROF== Profiling "CatArrayBatchedCopy" - 5259: 0%....50%....100% - 18 passes
==PROF== Profiling "elementwise_kernel" - 5260: 0%....50%....100% - 18 passes
==PROF== Profiling "vectorized_elementwise_kernel" - 5261: 0%....50%....100% - 18 passes
==PROF== Profiling "elementwise_kernel" - 5262: 0%....50%....100% - 18 passes
==PROF== Profiling "elementwise_kernel" - 5263: 0%....50%....100% - 18 passes
==PROF== Profiling "CatArrayBatchedCopy" - 5264: 0%....50%....100% - 18 passes
==PROF== Profiling "elementwise_kernel" - 5265: 0%....50%....100% - 18 passes
==PROF== Profiling "vectorized_elementwise_kernel" - 5266: 0%....50%....100% - 18 passes
==PROF== Profiling "CatArrayBatchedCopy_vectorized" - 5267: 0%....50%....100% - 18 passes
==PROF== Profiling "CatArrayBatchedCopy_vectorized" - 5268: 0%....50%....100% - 18 passes
==PROF== Profiling "flash_fwd_splitkv_kernel" - 5269: 0%....50%....100% - 18 passes
==PROF== Profiling "flash_fwd_splitkv_combine_ker..." - 5270: 0%....50%....100% - 18 passes
==PROF== Profiling "kernel" - 5271: 0%....50%....100% - 18 passes
==PROF== Profiling "vectorized_elementwise_kernel" - 5272: 0%....50%....100% - 18 passes
==PROF== Profiling "unrolled_elementwise_kernel" - 5273: 0%....50%....100% - 18 passes
==PROF== Profiling "vectorized_elementwise_kernel" - 5274: 0%....50%....100% - 18 passes
==PROF== Profiling "reduce_kernel" - 5275: 0%....50%....100% - 18 passes
==PROF== Profiling "vectorized_elementwise_kernel" - 5276: 0%....50%....100% - 18 passes
==PROF== Profiling "vectorized_elementwise_kernel" - 5277: 0%....50%....100% - 18 passes
==PROF== Profiling "elementwise_kernel" - 5278: 0%....50%....100% - 18 passes
==PROF== Profiling "vectorized_elementwise_kernel" - 5279: 0%....50%....100% - 18 passes
==PROF== Profiling "vectorized_elementwise_kernel" - 5280: 0%....50%....100% - 18 passes
==PROF== Profiling "kernel" - 5281: 0%....50%....100% - 18 passes
==PROF== Profiling "vectorized_elementwise_kernel" - 5282: 0%....50%....100% - 18 passes
==PROF== Profiling "kernel" - 5283: 0%....50%....100% - 18 passes
==PROF== Profiling "vectorized_elementwise_kernel" - 5284: 0%....50%....100% - 18 passes
==PROF== Profiling "kernel" - 5285: 0%....50%....100% - 18 passes
==PROF== Profiling "vectorized_elementwise_kernel" - 5286: 0%....50%....100% - 18 passes
==PROF== Profiling "unrolled_elementwise_kernel" - 5287: 0%....50%....100% - 18 passes
==PROF== Profiling "vectorized_elementwise_kernel" - 5288: 0%....50%....100% - 18 passes
==PROF== Profiling "reduce_kernel" - 5289: 0%....50%....100% - 18 passes
==PROF== Profiling "vectorized_elementwise_kernel" - 5290: 0%....50%....100% - 18 passes
==PROF== Profiling "vectorized_elementwise_kernel" - 5291: 0%....50%....100% - 18 passes
==PROF== Profiling "elementwise_kernel" - 5292: 0%....50%....100% - 18 passes
==PROF== Profiling "vectorized_elementwise_kernel" - 5293: 0%....50%....100% - 18 passes
==PROF== Profiling "vectorized_elementwise_kernel" - 5294: 0%....50%....100% - 18 passes
==PROF== Profiling "kernel" - 5295: 0%....50%....100% - 18 passes
==PROF== Profiling "unrolled_elementwise_kernel" - 5296: 0%....50%....100% - 18 passes
==PROF== Profiling "vectorized_elementwise_kernel" - 5297: 0%....50%....100% - 18 passes
==PROF== Profiling "reduce_kernel" - 5298: 0%....50%....100% - 18 passes
==PROF== Profiling "vectorized_elementwise_kernel" - 5299: 0%....50%....100% - 18 passes
==PROF== Profiling "vectorized_elementwise_kernel" - 5300: 0%....50%....100% - 18 passes
==PROF== Profiling "elementwise_kernel" - 5301: 0%....50%....100% - 18 passes
==PROF== Profiling "vectorized_elementwise_kernel" - 5302: 0%....50%....100% - 18 passes
==PROF== Profiling "elementwise_kernel" - 5303: 0%....50%....100% - 18 passes
==PROF== Profiling "kernel" - 5304: 0%....50%....100% - 18 passes
==PROF== Profiling "unrolled_elementwise_kernel" - 5305: 0%....50%....100% - 18 passes
==PROF== Profiling "vectorized_elementwise_kernel" - 5306: 0%....50%....100% - 18 passes
==PROF== Profiling "reduce_kernel" - 5307: 0%....50%....100% - 18 passes
==PROF== Profiling "vectorized_elementwise_kernel" - 5308: 0%....50%....100% - 18 passes
==PROF== Profiling "vectorized_elementwise_kernel" - 5309: 0%....50%....100% - 18 passes
==PROF== Profiling "elementwise_kernel" - 5310: 0%....50%....100% - 18 passes
==PROF== Profiling "vectorized_elementwise_kernel" - 5311: 0%....50%....100% - 18 passes
==PROF== Profiling "elementwise_kernel" - 5312: 0%....50%....100% - 18 passes
==PROF== Profiling "kernel" - 5313: 0%....50%....100% - 18 passes
==PROF== Profiling "elementwise_kernel" - 5314: 0%....50%....100% - 18 passes
==PROF== Profiling "elementwise_kernel" - 5315: 0%....50%....100% - 18 passes
==PROF== Profiling "CatArrayBatchedCopy" - 5316: 0%....50%....100% - 18 passes
==PROF== Profiling "elementwise_kernel" - 5317: 0%....50%....100% - 18 passes
==PROF== Profiling "vectorized_elementwise_kernel" - 5318: 0%....50%....100% - 18 passes
==PROF== Profiling "elementwise_kernel" - 5319: 0%....50%....100% - 18 passes
==PROF== Profiling "elementwise_kernel" - 5320: 0%....50%....100% - 18 passes
==PROF== Profiling "CatArrayBatchedCopy" - 5321: 0%....50%....100% - 18 passes
==PROF== Profiling "elementwise_kernel" - 5322: 0%....50%....100% - 18 passes
==PROF== Profiling "vectorized_elementwise_kernel" - 5323: 0%....50%....100% - 18 passes
==PROF== Profiling "CatArrayBatchedCopy_vectorized" - 5324: 0%....50%....100% - 18 passes
==PROF== Profiling "CatArrayBatchedCopy_vectorized" - 5325: 0%....50%....100% - 18 passes
==PROF== Profiling "flash_fwd_splitkv_kernel" - 5326: 0%....50%....100% - 18 passes
==PROF== Profiling "flash_fwd_splitkv_combine_ker..." - 5327: 0%....50%....100% - 18 passes
==PROF== Profiling "kernel" - 5328: 0%....50%....100% - 18 passes
==PROF== Profiling "vectorized_elementwise_kernel" - 5329: 0%....50%....100% - 18 passes
==PROF== Profiling "unrolled_elementwise_kernel" - 5330: 0%....50%....100% - 18 passes
==PROF== Profiling "vectorized_elementwise_kernel" - 5331: 0%....50%....100% - 18 passes
==PROF== Profiling "reduce_kernel" - 5332: 0%....50%....100% - 18 passes
==PROF== Profiling "vectorized_elementwise_kernel" - 5333: 0%....50%....100% - 18 passes
==PROF== Profiling "vectorized_elementwise_kernel" - 5334: 0%....50%....100% - 18 passes
==PROF== Profiling "elementwise_kernel" - 5335: 0%....50%....100% - 18 passes
==PROF== Profiling "vectorized_elementwise_kernel" - 5336: 0%....50%....100% - 18 passes
==PROF== Profiling "vectorized_elementwise_kernel" - 5337: 0%....50%....100% - 18 passes
==PROF== Profiling "kernel" - 5338: 0%....50%....100% - 18 passes
==PROF== Profiling "vectorized_elementwise_kernel" - 5339: 0%....50%....100% - 18 passes
==PROF== Profiling "kernel" - 5340: 0%....50%....100% - 18 passes
==PROF== Profiling "vectorized_elementwise_kernel" - 5341: 0%....50%....100% - 18 passes
==PROF== Profiling "kernel" - 5342: 0%....50%....100% - 18 passes
==PROF== Profiling "vectorized_elementwise_kernel" - 5343: 0%....50%....100% - 18 passes
==PROF== Profiling "unrolled_elementwise_kernel" - 5344: 0%....50%....100% - 18 passes
==PROF== Profiling "vectorized_elementwise_kernel" - 5345: 0%....50%....100% - 18 passes
==PROF== Profiling "reduce_kernel" - 5346: 0%....50%....100% - 18 passes
==PROF== Profiling "vectorized_elementwise_kernel" - 5347: 0%....50%....100% - 18 passes
==PROF== Profiling "vectorized_elementwise_kernel" - 5348: 0%....50%....100% - 18 passes
==PROF== Profiling "elementwise_kernel" - 5349: 0%....50%....100% - 18 passes
==PROF== Profiling "vectorized_elementwise_kernel" - 5350: 0%....50%....100% - 18 passes
==PROF== Profiling "vectorized_elementwise_kernel" - 5351: 0%....50%....100% - 18 passes
==PROF== Profiling "kernel" - 5352: 0%....50%....100% - 18 passes
==PROF== Profiling "unrolled_elementwise_kernel" - 5353: 0%....50%....100% - 18 passes
==PROF== Profiling "vectorized_elementwise_kernel" - 5354: 0%....50%....100% - 18 passes
==PROF== Profiling "reduce_kernel" - 5355: 0%....50%....100% - 18 passes
==PROF== Profiling "vectorized_elementwise_kernel" - 5356: 0%....50%....100% - 18 passes
==PROF== Profiling "vectorized_elementwise_kernel" - 5357: 0%....50%....100% - 18 passes
==PROF== Profiling "elementwise_kernel" - 5358: 0%....50%....100% - 18 passes
==PROF== Profiling "vectorized_elementwise_kernel" - 5359: 0%....50%....100% - 18 passes
==PROF== Profiling "elementwise_kernel" - 5360: 0%....50%....100% - 18 passes
==PROF== Profiling "kernel" - 5361: 0%....50%....100% - 18 passes
==PROF== Profiling "unrolled_elementwise_kernel" - 5362: 0%....50%....100% - 18 passes
==PROF== Profiling "vectorized_elementwise_kernel" - 5363: 0%....50%....100% - 18 passes
==PROF== Profiling "reduce_kernel" - 5364: 0%....50%....100% - 18 passes
==PROF== Profiling "vectorized_elementwise_kernel" - 5365: 0%....50%....100% - 18 passes
==PROF== Profiling "vectorized_elementwise_kernel" - 5366: 0%....50%....100% - 18 passes
==PROF== Profiling "elementwise_kernel" - 5367: 0%....50%....100% - 18 passes
==PROF== Profiling "vectorized_elementwise_kernel" - 5368: 0%....50%....100% - 18 passes
==PROF== Profiling "elementwise_kernel" - 5369: 0%....50%....100% - 18 passes
==PROF== Profiling "kernel" - 5370: 0%....50%....100% - 18 passes
==PROF== Profiling "elementwise_kernel" - 5371: 0%....50%....100% - 18 passes
==PROF== Profiling "elementwise_kernel" - 5372: 0%....50%....100% - 18 passes
==PROF== Profiling "CatArrayBatchedCopy" - 5373: 0%....50%....100% - 18 passes
==PROF== Profiling "elementwise_kernel" - 5374: 0%....50%....100% - 18 passes
==PROF== Profiling "vectorized_elementwise_kernel" - 5375: 0%....50%....100% - 18 passes
==PROF== Profiling "elementwise_kernel" - 5376: 0%....50%....100% - 18 passes
==PROF== Profiling "elementwise_kernel" - 5377: 0%....50%....100% - 18 passes
==PROF== Profiling "CatArrayBatchedCopy" - 5378: 0%....50%....100% - 18 passes
==PROF== Profiling "elementwise_kernel" - 5379: 0%....50%....100% - 18 passes
==PROF== Profiling "vectorized_elementwise_kernel" - 5380: 0%....50%....100% - 18 passes
==PROF== Profiling "CatArrayBatchedCopy_vectorized" - 5381: 0%....50%....100% - 18 passes
==PROF== Profiling "CatArrayBatchedCopy_vectorized" - 5382: 0%....50%....100% - 18 passes
==PROF== Profiling "flash_fwd_splitkv_kernel" - 5383: 0%....50%....100% - 18 passes
==PROF== Profiling "flash_fwd_splitkv_combine_ker..." - 5384: 0%....50%....100% - 18 passes
==PROF== Profiling "kernel" - 5385: 0%....50%....100% - 18 passes
==PROF== Profiling "vectorized_elementwise_kernel" - 5386: 0%....50%....100% - 18 passes
==PROF== Profiling "unrolled_elementwise_kernel" - 5387: 0%....50%....100% - 18 passes
==PROF== Profiling "vectorized_elementwise_kernel" - 5388: 0%....50%....100% - 18 passes
==PROF== Profiling "reduce_kernel" - 5389: 0%....50%....100% - 18 passes
==PROF== Profiling "vectorized_elementwise_kernel" - 5390: 0%....50%....100% - 18 passes
==PROF== Profiling "vectorized_elementwise_kernel" - 5391: 0%....50%....100% - 18 passes
==PROF== Profiling "elementwise_kernel" - 5392: 0%....50%....100% - 18 passes
==PROF== Profiling "vectorized_elementwise_kernel" - 5393: 0%....50%....100% - 18 passes
==PROF== Profiling "vectorized_elementwise_kernel" - 5394: 0%....50%....100% - 18 passes
==PROF== Profiling "kernel" - 5395: 0%....50%....100% - 18 passes
==PROF== Profiling "vectorized_elementwise_kernel" - 5396: 0%....50%....100% - 18 passes
==PROF== Profiling "kernel" - 5397: 0%....50%....100% - 18 passes
==PROF== Profiling "vectorized_elementwise_kernel" - 5398: 0%....50%....100% - 18 passes
==PROF== Profiling "kernel" - 5399: 0%....50%....100% - 18 passes
==PROF== Profiling "vectorized_elementwise_kernel" - 5400: 0%....50%....100% - 18 passes
==PROF== Profiling "unrolled_elementwise_kernel" - 5401: 0%....50%....100% - 18 passes
==PROF== Profiling "vectorized_elementwise_kernel" - 5402: 0%....50%....100% - 18 passes
==PROF== Profiling "reduce_kernel" - 5403: 0%....50%....100% - 18 passes
==PROF== Profiling "vectorized_elementwise_kernel" - 5404: 0%....50%....100% - 18 passes
==PROF== Profiling "vectorized_elementwise_kernel" - 5405: 0%....50%....100% - 18 passes
==PROF== Profiling "elementwise_kernel" - 5406: 0%....50%....100% - 18 passes
==PROF== Profiling "vectorized_elementwise_kernel" - 5407: 0%....50%....100% - 18 passes
==PROF== Profiling "vectorized_elementwise_kernel" - 5408: 0%....50%....100% - 18 passes
==PROF== Profiling "kernel" - 5409: 0%....50%....100% - 18 passes
==PROF== Profiling "unrolled_elementwise_kernel" - 5410: 0%....50%....100% - 18 passes
==PROF== Profiling "vectorized_elementwise_kernel" - 5411: 0%....50%....100% - 18 passes
==PROF== Profiling "reduce_kernel" - 5412: 0%....50%....100% - 18 passes
==PROF== Profiling "vectorized_elementwise_kernel" - 5413: 0%....50%....100% - 18 passes
==PROF== Profiling "vectorized_elementwise_kernel" - 5414: 0%....50%....100% - 18 passes
==PROF== Profiling "elementwise_kernel" - 5415: 0%....50%....100% - 18 passes
==PROF== Profiling "vectorized_elementwise_kernel" - 5416: 0%....50%....100% - 18 passes
==PROF== Profiling "elementwise_kernel" - 5417: 0%....50%....100% - 18 passes
==PROF== Profiling "kernel" - 5418: 0%....50%....100% - 18 passes
==PROF== Profiling "unrolled_elementwise_kernel" - 5419: 0%....50%....100% - 18 passes
==PROF== Profiling "vectorized_elementwise_kernel" - 5420: 0%....50%....100% - 18 passes
==PROF== Profiling "reduce_kernel" - 5421: 0%....50%....100% - 18 passes
==PROF== Profiling "vectorized_elementwise_kernel" - 5422: 0%....50%....100% - 18 passes
==PROF== Profiling "vectorized_elementwise_kernel" - 5423: 0%....50%....100% - 18 passes
==PROF== Profiling "elementwise_kernel" - 5424: 0%....50%....100% - 18 passes
==PROF== Profiling "vectorized_elementwise_kernel" - 5425: 0%....50%....100% - 18 passes
==PROF== Profiling "elementwise_kernel" - 5426: 0%....50%....100% - 18 passes
==PROF== Profiling "kernel" - 5427: 0%....50%....100% - 18 passes
==PROF== Profiling "elementwise_kernel" - 5428: 0%....50%....100% - 18 passes
==PROF== Profiling "elementwise_kernel" - 5429: 0%....50%....100% - 18 passes
==PROF== Profiling "CatArrayBatchedCopy" - 5430: 0%....50%....100% - 18 passes
==PROF== Profiling "elementwise_kernel" - 5431: 0%....50%....100% - 18 passes
==PROF== Profiling "vectorized_elementwise_kernel" - 5432: 0%....50%....100% - 18 passes
==PROF== Profiling "elementwise_kernel" - 5433: 0%....50%....100% - 18 passes
==PROF== Profiling "elementwise_kernel" - 5434: 0%....50%....100% - 18 passes
==PROF== Profiling "CatArrayBatchedCopy" - 5435: 0%....50%....100% - 18 passes
==PROF== Profiling "elementwise_kernel" - 5436: 0%....50%....100% - 18 passes
==PROF== Profiling "vectorized_elementwise_kernel" - 5437: 0%....50%....100% - 18 passes
==PROF== Profiling "CatArrayBatchedCopy_vectorized" - 5438: 0%....50%....100% - 18 passes
==PROF== Profiling "CatArrayBatchedCopy_vectorized" - 5439: 0%....50%....100% - 18 passes
==PROF== Profiling "flash_fwd_splitkv_kernel" - 5440: 0%....50%....100% - 18 passes
==PROF== Profiling "flash_fwd_splitkv_combine_ker..." - 5441: 0%....50%....100% - 18 passes
==PROF== Profiling "kernel" - 5442: 0%....50%....100% - 18 passes
==PROF== Profiling "vectorized_elementwise_kernel" - 5443: 0%....50%....100% - 18 passes
==PROF== Profiling "unrolled_elementwise_kernel" - 5444: 0%....50%....100% - 18 passes
==PROF== Profiling "vectorized_elementwise_kernel" - 5445: 0%....50%....100% - 18 passes
==PROF== Profiling "reduce_kernel" - 5446: 0%....50%....100% - 18 passes
==PROF== Profiling "vectorized_elementwise_kernel" - 5447: 0%....50%....100% - 18 passes
==PROF== Profiling "vectorized_elementwise_kernel" - 5448: 0%....50%....100% - 18 passes
==PROF== Profiling "elementwise_kernel" - 5449: 0%....50%....100% - 18 passes
==PROF== Profiling "vectorized_elementwise_kernel" - 5450: 0%....50%....100% - 18 passes
==PROF== Profiling "vectorized_elementwise_kernel" - 5451: 0%....50%....100% - 18 passes
==PROF== Profiling "kernel" - 5452: 0%....50%....100% - 18 passes
==PROF== Profiling "vectorized_elementwise_kernel" - 5453: 0%....50%....100% - 18 passes
==PROF== Profiling "kernel" - 5454: 0%....50%....100% - 18 passes
==PROF== Profiling "vectorized_elementwise_kernel" - 5455: 0%....50%....100% - 18 passes
==PROF== Profiling "kernel" - 5456: 0%....50%....100% - 18 passes
==PROF== Profiling "vectorized_elementwise_kernel" - 5457: 0%....50%....100% - 18 passes
==PROF== Profiling "unrolled_elementwise_kernel" - 5458: 0%....50%....100% - 18 passes
==PROF== Profiling "vectorized_elementwise_kernel" - 5459: 0%....50%....100% - 18 passes
==PROF== Profiling "reduce_kernel" - 5460: 0%....50%....100% - 18 passes
==PROF== Profiling "vectorized_elementwise_kernel" - 5461: 0%....50%....100% - 18 passes
==PROF== Profiling "vectorized_elementwise_kernel" - 5462: 0%....50%....100% - 18 passes
==PROF== Profiling "elementwise_kernel" - 5463: 0%....50%....100% - 18 passes
==PROF== Profiling "vectorized_elementwise_kernel" - 5464: 0%....50%....100% - 18 passes
==PROF== Profiling "vectorized_elementwise_kernel" - 5465: 0%....50%....100% - 18 passes
==PROF== Profiling "kernel" - 5466: 0%....50%....100% - 18 passes
==PROF== Profiling "unrolled_elementwise_kernel" - 5467: 0%....50%....100% - 18 passes
==PROF== Profiling "vectorized_elementwise_kernel" - 5468: 0%....50%....100% - 18 passes
==PROF== Profiling "reduce_kernel" - 5469: 0%....50%....100% - 18 passes
==PROF== Profiling "vectorized_elementwise_kernel" - 5470: 0%....50%....100% - 18 passes
==PROF== Profiling "vectorized_elementwise_kernel" - 5471: 0%....50%....100% - 18 passes
==PROF== Profiling "elementwise_kernel" - 5472: 0%....50%....100% - 18 passes
==PROF== Profiling "vectorized_elementwise_kernel" - 5473: 0%....50%....100% - 18 passes
==PROF== Profiling "elementwise_kernel" - 5474: 0%....50%....100% - 18 passes
==PROF== Profiling "kernel" - 5475: 0%....50%....100% - 18 passes
==PROF== Profiling "unrolled_elementwise_kernel" - 5476: 0%....50%....100% - 18 passes
==PROF== Profiling "vectorized_elementwise_kernel" - 5477: 0%....50%....100% - 18 passes
==PROF== Profiling "reduce_kernel" - 5478: 0%....50%....100% - 18 passes
==PROF== Profiling "vectorized_elementwise_kernel" - 5479: 0%....50%....100% - 18 passes
==PROF== Profiling "vectorized_elementwise_kernel" - 5480: 0%....50%....100% - 18 passes
==PROF== Profiling "elementwise_kernel" - 5481: 0%....50%....100% - 18 passes
==PROF== Profiling "vectorized_elementwise_kernel" - 5482: 0%....50%....100% - 18 passes
==PROF== Profiling "elementwise_kernel" - 5483: 0%....50%....100% - 18 passes
==PROF== Profiling "kernel" - 5484: 0%....50%....100% - 18 passes
==PROF== Profiling "elementwise_kernel" - 5485: 0%....50%....100% - 18 passes
==PROF== Profiling "elementwise_kernel" - 5486: 0%....50%....100% - 18 passes
==PROF== Profiling "CatArrayBatchedCopy" - 5487: 0%....50%....100% - 18 passes
==PROF== Profiling "elementwise_kernel" - 5488: 0%....50%....100% - 18 passes
==PROF== Profiling "vectorized_elementwise_kernel" - 5489: 0%....50%....100% - 18 passes
==PROF== Profiling "elementwise_kernel" - 5490: 0%....50%....100% - 18 passes
==PROF== Profiling "elementwise_kernel" - 5491: 0%....50%....100% - 18 passes
==PROF== Profiling "CatArrayBatchedCopy" - 5492: 0%....50%....100% - 18 passes
==PROF== Profiling "elementwise_kernel" - 5493: 0%....50%....100% - 18 passes
==PROF== Profiling "vectorized_elementwise_kernel" - 5494: 0%....50%....100% - 18 passes
==PROF== Profiling "CatArrayBatchedCopy_vectorized" - 5495: 0%....50%....100% - 18 passes
==PROF== Profiling "CatArrayBatchedCopy_vectorized" - 5496: 0%....50%....100% - 18 passes
==PROF== Profiling "flash_fwd_splitkv_kernel" - 5497: 0%....50%....100% - 18 passes
==PROF== Profiling "flash_fwd_splitkv_combine_ker..." - 5498: 0%....50%....100% - 18 passes
==PROF== Profiling "kernel" - 5499: 0%....50%....100% - 18 passes
==PROF== Profiling "vectorized_elementwise_kernel" - 5500: 0%....50%....100% - 18 passes
==PROF== Profiling "unrolled_elementwise_kernel" - 5501: 0%....50%....100% - 18 passes
==PROF== Profiling "vectorized_elementwise_kernel" - 5502: 0%....50%....100% - 18 passes
==PROF== Profiling "reduce_kernel" - 5503: 0%....50%....100% - 18 passes
==PROF== Profiling "vectorized_elementwise_kernel" - 5504: 0%....50%....100% - 18 passes
==PROF== Profiling "vectorized_elementwise_kernel" - 5505: 0%....50%....100% - 18 passes
==PROF== Profiling "elementwise_kernel" - 5506: 0%....50%....100% - 18 passes
==PROF== Profiling "vectorized_elementwise_kernel" - 5507: 0%....50%....100% - 18 passes
==PROF== Profiling "vectorized_elementwise_kernel" - 5508: 0%....50%....100% - 18 passes
==PROF== Profiling "kernel" - 5509: 0%....50%....100% - 18 passes
==PROF== Profiling "vectorized_elementwise_kernel" - 5510: 0%....50%....100% - 18 passes
==PROF== Profiling "kernel" - 5511: 0%....50%....100% - 18 passes
==PROF== Profiling "vectorized_elementwise_kernel" - 5512: 0%....50%....100% - 18 passes
==PROF== Profiling "kernel" - 5513: 0%....50%....100% - 18 passes
==PROF== Profiling "vectorized_elementwise_kernel" - 5514: 0%....50%....100% - 18 passes
==PROF== Profiling "unrolled_elementwise_kernel" - 5515: 0%....50%....100% - 18 passes
==PROF== Profiling "vectorized_elementwise_kernel" - 5516: 0%....50%....100% - 18 passes
==PROF== Profiling "reduce_kernel" - 5517: 0%....50%....100% - 18 passes
==PROF== Profiling "vectorized_elementwise_kernel" - 5518: 0%....50%....100% - 18 passes
==PROF== Profiling "vectorized_elementwise_kernel" - 5519: 0%....50%....100% - 18 passes
==PROF== Profiling "elementwise_kernel" - 5520: 0%....50%....100% - 18 passes
==PROF== Profiling "vectorized_elementwise_kernel" - 5521: 0%....50%....100% - 18 passes
==PROF== Profiling "vectorized_elementwise_kernel" - 5522: 0%....50%....100% - 18 passes
==PROF== Profiling "kernel" - 5523: 0%....50%....100% - 18 passes
==PROF== Profiling "unrolled_elementwise_kernel" - 5524: 0%....50%....100% - 18 passes
==PROF== Profiling "vectorized_elementwise_kernel" - 5525: 0%....50%....100% - 18 passes
==PROF== Profiling "reduce_kernel" - 5526: 0%....50%....100% - 18 passes
==PROF== Profiling "vectorized_elementwise_kernel" - 5527: 0%....50%....100% - 18 passes
==PROF== Profiling "vectorized_elementwise_kernel" - 5528: 0%....50%....100% - 18 passes
==PROF== Profiling "elementwise_kernel" - 5529: 0%....50%....100% - 18 passes
==PROF== Profiling "vectorized_elementwise_kernel" - 5530: 0%....50%....100% - 18 passes
==PROF== Profiling "elementwise_kernel" - 5531: 0%....50%....100% - 18 passes
==PROF== Profiling "kernel" - 5532: 0%....50%....100% - 18 passes
==PROF== Profiling "unrolled_elementwise_kernel" - 5533: 0%....50%....100% - 18 passes
==PROF== Profiling "vectorized_elementwise_kernel" - 5534: 0%....50%....100% - 18 passes
==PROF== Profiling "reduce_kernel" - 5535: 0%....50%....100% - 18 passes
==PROF== Profiling "vectorized_elementwise_kernel" - 5536: 0%....50%....100% - 18 passes
==PROF== Profiling "vectorized_elementwise_kernel" - 5537: 0%....50%....100% - 18 passes
==PROF== Profiling "elementwise_kernel" - 5538: 0%....50%....100% - 18 passes
==PROF== Profiling "vectorized_elementwise_kernel" - 5539: 0%....50%....100% - 18 passes
==PROF== Profiling "elementwise_kernel" - 5540: 0%....50%....100% - 18 passes
==PROF== Profiling "kernel" - 5541: 0%....50%....100% - 18 passes
==PROF== Profiling "elementwise_kernel" - 5542: 0%....50%....100% - 18 passes
==PROF== Profiling "elementwise_kernel" - 5543: 0%....50%....100% - 18 passes
==PROF== Profiling "CatArrayBatchedCopy" - 5544: 0%....50%....100% - 18 passes
==PROF== Profiling "elementwise_kernel" - 5545: 0%....50%....100% - 18 passes
==PROF== Profiling "vectorized_elementwise_kernel" - 5546: 0%....50%....100% - 18 passes
==PROF== Profiling "elementwise_kernel" - 5547: 0%....50%....100% - 18 passes
==PROF== Profiling "elementwise_kernel" - 5548: 0%....50%....100% - 18 passes
==PROF== Profiling "CatArrayBatchedCopy" - 5549: 0%....50%....100% - 18 passes
==PROF== Profiling "elementwise_kernel" - 5550: 0%....50%....100% - 18 passes
==PROF== Profiling "vectorized_elementwise_kernel" - 5551: 0%....50%....100% - 18 passes
==PROF== Profiling "CatArrayBatchedCopy_vectorized" - 5552: 0%....50%....100% - 18 passes
==PROF== Profiling "CatArrayBatchedCopy_vectorized" - 5553: 0%....50%....100% - 18 passes
==PROF== Profiling "flash_fwd_splitkv_kernel" - 5554: 0%....50%....100% - 18 passes
==PROF== Profiling "flash_fwd_splitkv_combine_ker..." - 5555: 0%....50%....100% - 18 passes
==PROF== Profiling "kernel" - 5556: 0%....50%....100% - 18 passes
==PROF== Profiling "vectorized_elementwise_kernel" - 5557: 0%....50%....100% - 18 passes
==PROF== Profiling "unrolled_elementwise_kernel" - 5558: 0%....50%....100% - 18 passes
==PROF== Profiling "vectorized_elementwise_kernel" - 5559: 0%....50%....100% - 18 passes
==PROF== Profiling "reduce_kernel" - 5560: 0%....50%....100% - 18 passes
==PROF== Profiling "vectorized_elementwise_kernel" - 5561: 0%....50%....100% - 18 passes
==PROF== Profiling "vectorized_elementwise_kernel" - 5562: 0%....50%....100% - 18 passes
==PROF== Profiling "elementwise_kernel" - 5563: 0%....50%....100% - 18 passes
==PROF== Profiling "vectorized_elementwise_kernel" - 5564: 0%....50%....100% - 18 passes
==PROF== Profiling "vectorized_elementwise_kernel" - 5565: 0%....50%....100% - 18 passes
==PROF== Profiling "kernel" - 5566: 0%....50%....100% - 18 passes
==PROF== Profiling "vectorized_elementwise_kernel" - 5567: 0%....50%....100% - 18 passes
==PROF== Profiling "kernel" - 5568: 0%....50%....100% - 18 passes
==PROF== Profiling "vectorized_elementwise_kernel" - 5569: 0%....50%....100% - 18 passes
==PROF== Profiling "kernel" - 5570: 0%....50%....100% - 18 passes
==PROF== Profiling "vectorized_elementwise_kernel" - 5571: 0%....50%....100% - 18 passes
==PROF== Profiling "unrolled_elementwise_kernel" - 5572: 0%....50%....100% - 18 passes
==PROF== Profiling "vectorized_elementwise_kernel" - 5573: 0%....50%....100% - 18 passes
==PROF== Profiling "reduce_kernel" - 5574: 0%....50%....100% - 18 passes
==PROF== Profiling "vectorized_elementwise_kernel" - 5575: 0%....50%....100% - 18 passes
==PROF== Profiling "vectorized_elementwise_kernel" - 5576: 0%....50%....100% - 18 passes
==PROF== Profiling "elementwise_kernel" - 5577: 0%....50%....100% - 18 passes
==PROF== Profiling "vectorized_elementwise_kernel" - 5578: 0%....50%....100% - 18 passes
==PROF== Profiling "vectorized_elementwise_kernel" - 5579: 0%....50%....100% - 18 passes
==PROF== Profiling "kernel" - 5580: 0%....50%....100% - 18 passes
==PROF== Profiling "unrolled_elementwise_kernel" - 5581: 0%....50%....100% - 18 passes
==PROF== Profiling "vectorized_elementwise_kernel" - 5582: 0%....50%....100% - 18 passes
==PROF== Profiling "reduce_kernel" - 5583: 0%....50%....100% - 18 passes
==PROF== Profiling "vectorized_elementwise_kernel" - 5584: 0%....50%....100% - 18 passes
==PROF== Profiling "vectorized_elementwise_kernel" - 5585: 0%....50%....100% - 18 passes
==PROF== Profiling "elementwise_kernel" - 5586: 0%....50%....100% - 18 passes
==PROF== Profiling "vectorized_elementwise_kernel" - 5587: 0%....50%....100% - 18 passes
==PROF== Profiling "elementwise_kernel" - 5588: 0%....50%....100% - 18 passes
==PROF== Profiling "kernel" - 5589: 0%....50%....100% - 18 passes
==PROF== Profiling "unrolled_elementwise_kernel" - 5590: 0%....50%....100% - 18 passes
==PROF== Profiling "vectorized_elementwise_kernel" - 5591: 0%....50%....100% - 18 passes
==PROF== Profiling "reduce_kernel" - 5592: 0%....50%....100% - 18 passes
==PROF== Profiling "vectorized_elementwise_kernel" - 5593: 0%....50%....100% - 18 passes
==PROF== Profiling "vectorized_elementwise_kernel" - 5594: 0%....50%....100% - 18 passes
==PROF== Profiling "elementwise_kernel" - 5595: 0%....50%....100% - 18 passes
==PROF== Profiling "vectorized_elementwise_kernel" - 5596: 0%....50%....100% - 18 passes
==PROF== Profiling "elementwise_kernel" - 5597: 0%....50%....100% - 18 passes
==PROF== Profiling "kernel" - 5598: 0%....50%....100% - 18 passes
==PROF== Profiling "elementwise_kernel" - 5599: 0%....50%....100% - 18 passes
==PROF== Profiling "elementwise_kernel" - 5600: 0%....50%....100% - 18 passes
==PROF== Profiling "CatArrayBatchedCopy" - 5601: 0%....50%....100% - 18 passes
==PROF== Profiling "elementwise_kernel" - 5602: 0%....50%....100% - 18 passes
==PROF== Profiling "vectorized_elementwise_kernel" - 5603: 0%....50%....100% - 18 passes
==PROF== Profiling "elementwise_kernel" - 5604: 0%....50%....100% - 18 passes
==PROF== Profiling "elementwise_kernel" - 5605: 0%....50%....100% - 18 passes
==PROF== Profiling "CatArrayBatchedCopy" - 5606: 0%....50%....100% - 18 passes
==PROF== Profiling "elementwise_kernel" - 5607: 0%....50%....100% - 18 passes
==PROF== Profiling "vectorized_elementwise_kernel" - 5608: 0%....50%....100% - 18 passes
==PROF== Profiling "CatArrayBatchedCopy_vectorized" - 5609: 0%....50%....100% - 18 passes
==PROF== Profiling "CatArrayBatchedCopy_vectorized" - 5610: 0%....50%....100% - 18 passes
==PROF== Profiling "flash_fwd_splitkv_kernel" - 5611: 0%....50%....100% - 18 passes
==PROF== Profiling "flash_fwd_splitkv_combine_ker..." - 5612: 0%....50%....100% - 18 passes
==PROF== Profiling "kernel" - 5613: 0%....50%....100% - 18 passes
==PROF== Profiling "vectorized_elementwise_kernel" - 5614: 0%....50%....100% - 18 passes
==PROF== Profiling "unrolled_elementwise_kernel" - 5615: 0%....50%....100% - 18 passes
==PROF== Profiling "vectorized_elementwise_kernel" - 5616: 0%....50%....100% - 18 passes
==PROF== Profiling "reduce_kernel" - 5617: 0%....50%....100% - 18 passes
==PROF== Profiling "vectorized_elementwise_kernel" - 5618: 0%....50%....100% - 18 passes
==PROF== Profiling "vectorized_elementwise_kernel" - 5619: 0%....50%....100% - 18 passes
==PROF== Profiling "elementwise_kernel" - 5620: 0%....50%....100% - 18 passes
==PROF== Profiling "vectorized_elementwise_kernel" - 5621: 0%....50%....100% - 18 passes
==PROF== Profiling "vectorized_elementwise_kernel" - 5622: 0%....50%....100% - 18 passes
==PROF== Profiling "kernel" - 5623: 0%....50%....100% - 18 passes
==PROF== Profiling "vectorized_elementwise_kernel" - 5624: 0%....50%....100% - 18 passes
==PROF== Profiling "kernel" - 5625: 0%....50%....100% - 18 passes
==PROF== Profiling "vectorized_elementwise_kernel" - 5626: 0%....50%....100% - 18 passes
==PROF== Profiling "kernel" - 5627: 0%....50%....100% - 18 passes
==PROF== Profiling "vectorized_elementwise_kernel" - 5628: 0%....50%....100% - 18 passes
==PROF== Profiling "unrolled_elementwise_kernel" - 5629: 0%....50%....100% - 18 passes
==PROF== Profiling "vectorized_elementwise_kernel" - 5630: 0%....50%....100% - 18 passes
==PROF== Profiling "reduce_kernel" - 5631: 0%....50%....100% - 18 passes
==PROF== Profiling "vectorized_elementwise_kernel" - 5632: 0%....50%....100% - 18 passes
==PROF== Profiling "vectorized_elementwise_kernel" - 5633: 0%....50%....100% - 18 passes
==PROF== Profiling "elementwise_kernel" - 5634: 0%....50%....100% - 18 passes
==PROF== Profiling "vectorized_elementwise_kernel" - 5635: 0%....50%....100% - 18 passes
==PROF== Profiling "vectorized_elementwise_kernel" - 5636: 0%....50%....100% - 18 passes
==PROF== Profiling "kernel" - 5637: 0%....50%....100% - 18 passes
==PROF== Profiling "unrolled_elementwise_kernel" - 5638: 0%....50%....100% - 18 passes
==PROF== Profiling "vectorized_elementwise_kernel" - 5639: 0%....50%....100% - 18 passes
==PROF== Profiling "reduce_kernel" - 5640: 0%....50%....100% - 18 passes
==PROF== Profiling "vectorized_elementwise_kernel" - 5641: 0%....50%....100% - 18 passes
==PROF== Profiling "vectorized_elementwise_kernel" - 5642: 0%....50%....100% - 18 passes
==PROF== Profiling "elementwise_kernel" - 5643: 0%....50%....100% - 18 passes
==PROF== Profiling "vectorized_elementwise_kernel" - 5644: 0%....50%....100% - 18 passes
==PROF== Profiling "elementwise_kernel" - 5645: 0%....50%....100% - 18 passes
==PROF== Profiling "kernel" - 5646: 0%....50%....100% - 18 passes
==PROF== Profiling "unrolled_elementwise_kernel" - 5647: 0%....50%....100% - 18 passes
==PROF== Profiling "vectorized_elementwise_kernel" - 5648: 0%....50%....100% - 18 passes
==PROF== Profiling "reduce_kernel" - 5649: 0%....50%....100% - 18 passes
==PROF== Profiling "vectorized_elementwise_kernel" - 5650: 0%....50%....100% - 18 passes
==PROF== Profiling "vectorized_elementwise_kernel" - 5651: 0%....50%....100% - 18 passes
==PROF== Profiling "elementwise_kernel" - 5652: 0%....50%....100% - 18 passes
==PROF== Profiling "vectorized_elementwise_kernel" - 5653: 0%....50%....100% - 18 passes
==PROF== Profiling "elementwise_kernel" - 5654: 0%....50%....100% - 18 passes
==PROF== Profiling "kernel" - 5655: 0%....50%....100% - 18 passes
==PROF== Profiling "elementwise_kernel" - 5656: 0%....50%....100% - 18 passes
==PROF== Profiling "elementwise_kernel" - 5657: 0%....50%....100% - 18 passes
==PROF== Profiling "CatArrayBatchedCopy" - 5658: 0%....50%....100% - 18 passes
==PROF== Profiling "elementwise_kernel" - 5659: 0%....50%....100% - 18 passes
==PROF== Profiling "vectorized_elementwise_kernel" - 5660: 0%....50%....100% - 18 passes
==PROF== Profiling "elementwise_kernel" - 5661: 0%....50%....100% - 18 passes
==PROF== Profiling "elementwise_kernel" - 5662: 0%....50%....100% - 18 passes
==PROF== Profiling "CatArrayBatchedCopy" - 5663: 0%....50%....100% - 18 passes
==PROF== Profiling "elementwise_kernel" - 5664: 0%....50%....100% - 18 passes
==PROF== Profiling "vectorized_elementwise_kernel" - 5665: 0%....50%....100% - 18 passes
==PROF== Profiling "CatArrayBatchedCopy_vectorized" - 5666: 0%....50%....100% - 18 passes
==PROF== Profiling "CatArrayBatchedCopy_vectorized" - 5667: 0%....50%....100% - 18 passes
==PROF== Profiling "flash_fwd_splitkv_kernel" - 5668: 0%....50%....100% - 18 passes
==PROF== Profiling "flash_fwd_splitkv_combine_ker..." - 5669: 0%....50%....100% - 18 passes
==PROF== Profiling "kernel" - 5670: 0%....50%....100% - 18 passes
==PROF== Profiling "vectorized_elementwise_kernel" - 5671: 0%....50%....100% - 18 passes
==PROF== Profiling "unrolled_elementwise_kernel" - 5672: 0%....50%....100% - 18 passes
==PROF== Profiling "vectorized_elementwise_kernel" - 5673: 0%....50%....100% - 18 passes
==PROF== Profiling "reduce_kernel" - 5674: 0%....50%....100% - 18 passes
==PROF== Profiling "vectorized_elementwise_kernel" - 5675: 0%....50%....100% - 18 passes
==PROF== Profiling "vectorized_elementwise_kernel" - 5676: 0%....50%....100% - 18 passes
==PROF== Profiling "elementwise_kernel" - 5677: 0%....50%....100% - 18 passes
==PROF== Profiling "vectorized_elementwise_kernel" - 5678: 0%....50%....100% - 18 passes
==PROF== Profiling "vectorized_elementwise_kernel" - 5679: 0%....50%....100% - 18 passes
==PROF== Profiling "kernel" - 5680: 0%....50%....100% - 18 passes
==PROF== Profiling "vectorized_elementwise_kernel" - 5681: 0%....50%....100% - 18 passes
==PROF== Profiling "kernel" - 5682: 0%....50%....100% - 18 passes
==PROF== Profiling "vectorized_elementwise_kernel" - 5683: 0%....50%....100% - 18 passes
==PROF== Profiling "kernel" - 5684: 0%....50%....100% - 18 passes
==PROF== Profiling "vectorized_elementwise_kernel" - 5685: 0%....50%....100% - 18 passes
==PROF== Profiling "unrolled_elementwise_kernel" - 5686: 0%....50%....100% - 18 passes
==PROF== Profiling "vectorized_elementwise_kernel" - 5687: 0%....50%....100% - 18 passes
==PROF== Profiling "reduce_kernel" - 5688: 0%....50%....100% - 18 passes
==PROF== Profiling "vectorized_elementwise_kernel" - 5689: 0%....50%....100% - 18 passes
==PROF== Profiling "vectorized_elementwise_kernel" - 5690: 0%....50%....100% - 18 passes
==PROF== Profiling "elementwise_kernel" - 5691: 0%....50%....100% - 18 passes
==PROF== Profiling "vectorized_elementwise_kernel" - 5692: 0%....50%....100% - 18 passes
==PROF== Profiling "vectorized_elementwise_kernel" - 5693: 0%....50%....100% - 18 passes
==PROF== Profiling "kernel" - 5694: 0%....50%....100% - 18 passes
==PROF== Profiling "unrolled_elementwise_kernel" - 5695: 0%....50%....100% - 18 passes
==PROF== Profiling "vectorized_elementwise_kernel" - 5696: 0%....50%....100% - 18 passes
==PROF== Profiling "reduce_kernel" - 5697: 0%....50%....100% - 18 passes
==PROF== Profiling "vectorized_elementwise_kernel" - 5698: 0%....50%....100% - 18 passes
==PROF== Profiling "vectorized_elementwise_kernel" - 5699: 0%....50%....100% - 18 passes
==PROF== Profiling "elementwise_kernel" - 5700: 0%....50%....100% - 18 passes
==PROF== Profiling "vectorized_elementwise_kernel" - 5701: 0%....50%....100% - 18 passes
==PROF== Profiling "elementwise_kernel" - 5702: 0%....50%....100% - 18 passes
==PROF== Profiling "kernel" - 5703: 0%....50%....100% - 18 passes
==PROF== Profiling "unrolled_elementwise_kernel" - 5704: 0%....50%....100% - 18 passes
==PROF== Profiling "vectorized_elementwise_kernel" - 5705: 0%....50%....100% - 18 passes
==PROF== Profiling "reduce_kernel" - 5706: 0%....50%....100% - 18 passes
==PROF== Profiling "vectorized_elementwise_kernel" - 5707: 0%....50%....100% - 18 passes
==PROF== Profiling "vectorized_elementwise_kernel" - 5708: 0%....50%....100% - 18 passes
==PROF== Profiling "elementwise_kernel" - 5709: 0%....50%....100% - 18 passes
==PROF== Profiling "vectorized_elementwise_kernel" - 5710: 0%....50%....100% - 18 passes
==PROF== Profiling "elementwise_kernel" - 5711: 0%....50%....100% - 18 passes
==PROF== Profiling "kernel" - 5712: 0%....50%....100% - 18 passes
==PROF== Profiling "elementwise_kernel" - 5713: 0%....50%....100% - 18 passes
==PROF== Profiling "elementwise_kernel" - 5714: 0%....50%....100% - 18 passes
==PROF== Profiling "CatArrayBatchedCopy" - 5715: 0%....50%....100% - 18 passes
==PROF== Profiling "elementwise_kernel" - 5716: 0%....50%....100% - 18 passes
==PROF== Profiling "vectorized_elementwise_kernel" - 5717: 0%....50%....100% - 18 passes
==PROF== Profiling "elementwise_kernel" - 5718: 0%....50%....100% - 18 passes
==PROF== Profiling "elementwise_kernel" - 5719: 0%....50%....100% - 18 passes
==PROF== Profiling "CatArrayBatchedCopy" - 5720: 0%....50%....100% - 18 passes
==PROF== Profiling "elementwise_kernel" - 5721: 0%....50%....100% - 18 passes
==PROF== Profiling "vectorized_elementwise_kernel" - 5722: 0%....50%....100% - 18 passes
==PROF== Profiling "CatArrayBatchedCopy_vectorized" - 5723: 0%....50%....100% - 18 passes
==PROF== Profiling "CatArrayBatchedCopy_vectorized" - 5724: 0%....50%....100% - 18 passes
==PROF== Profiling "flash_fwd_splitkv_kernel" - 5725: 0%....50%....100% - 18 passes
==PROF== Profiling "flash_fwd_splitkv_combine_ker..." - 5726: 0%....50%....100% - 18 passes
==PROF== Profiling "kernel" - 5727: 0%....50%....100% - 18 passes
==PROF== Profiling "vectorized_elementwise_kernel" - 5728: 0%....50%....100% - 18 passes
==PROF== Profiling "unrolled_elementwise_kernel" - 5729: 0%....50%....100% - 18 passes
==PROF== Profiling "vectorized_elementwise_kernel" - 5730: 0%....50%....100% - 18 passes
==PROF== Profiling "reduce_kernel" - 5731: 0%....50%....100% - 18 passes
==PROF== Profiling "vectorized_elementwise_kernel" - 5732: 0%....50%....100% - 18 passes
==PROF== Profiling "vectorized_elementwise_kernel" - 5733: 0%....50%....100% - 18 passes
==PROF== Profiling "elementwise_kernel" - 5734: 0%....50%....100% - 18 passes
==PROF== Profiling "vectorized_elementwise_kernel" - 5735: 0%....50%....100% - 18 passes
==PROF== Profiling "vectorized_elementwise_kernel" - 5736: 0%....50%....100% - 18 passes
==PROF== Profiling "kernel" - 5737: 0%....50%....100% - 18 passes
==PROF== Profiling "vectorized_elementwise_kernel" - 5738: 0%....50%....100% - 18 passes
==PROF== Profiling "kernel" - 5739: 0%....50%....100% - 18 passes
==PROF== Profiling "vectorized_elementwise_kernel" - 5740: 0%....50%....100% - 18 passes
==PROF== Profiling "kernel" - 5741: 0%....50%....100% - 18 passes
==PROF== Profiling "vectorized_elementwise_kernel" - 5742: 0%....50%....100% - 18 passes
==PROF== Profiling "unrolled_elementwise_kernel" - 5743: 0%....50%....100% - 18 passes
==PROF== Profiling "vectorized_elementwise_kernel" - 5744: 0%....50%....100% - 18 passes
==PROF== Profiling "reduce_kernel" - 5745: 0%....50%....100% - 18 passes
==PROF== Profiling "vectorized_elementwise_kernel" - 5746: 0%....50%....100% - 18 passes
==PROF== Profiling "vectorized_elementwise_kernel" - 5747: 0%....50%....100% - 18 passes
==PROF== Profiling "elementwise_kernel" - 5748: 0%....50%....100% - 18 passes
==PROF== Profiling "vectorized_elementwise_kernel" - 5749: 0%....50%....100% - 18 passes
==PROF== Profiling "vectorized_elementwise_kernel" - 5750: 0%....50%....100% - 18 passes
==PROF== Profiling "kernel" - 5751: 0%....50%....100% - 18 passes
==PROF== Profiling "unrolled_elementwise_kernel" - 5752: 0%....50%....100% - 18 passes
==PROF== Profiling "vectorized_elementwise_kernel" - 5753: 0%....50%....100% - 18 passes
==PROF== Profiling "reduce_kernel" - 5754: 0%....50%....100% - 18 passes
==PROF== Profiling "vectorized_elementwise_kernel" - 5755: 0%....50%....100% - 18 passes
==PROF== Profiling "vectorized_elementwise_kernel" - 5756: 0%....50%....100% - 18 passes
==PROF== Profiling "elementwise_kernel" - 5757: 0%....50%....100% - 18 passes
==PROF== Profiling "vectorized_elementwise_kernel" - 5758: 0%....50%....100% - 18 passes
==PROF== Profiling "elementwise_kernel" - 5759: 0%....50%....100% - 18 passes
==PROF== Profiling "kernel" - 5760: 0%....50%....100% - 18 passes
==PROF== Profiling "unrolled_elementwise_kernel" - 5761: 0%....50%....100% - 18 passes
==PROF== Profiling "vectorized_elementwise_kernel" - 5762: 0%....50%....100% - 18 passes
==PROF== Profiling "reduce_kernel" - 5763: 0%....50%....100% - 18 passes
==PROF== Profiling "vectorized_elementwise_kernel" - 5764: 0%....50%....100% - 18 passes
==PROF== Profiling "vectorized_elementwise_kernel" - 5765: 0%....50%....100% - 18 passes
==PROF== Profiling "elementwise_kernel" - 5766: 0%....50%....100% - 18 passes
==PROF== Profiling "vectorized_elementwise_kernel" - 5767: 0%....50%....100% - 18 passes
==PROF== Profiling "elementwise_kernel" - 5768: 0%....50%....100% - 18 passes
==PROF== Profiling "kernel" - 5769: 0%....50%....100% - 18 passes
==PROF== Profiling "elementwise_kernel" - 5770: 0%....50%....100% - 18 passes
==PROF== Profiling "elementwise_kernel" - 5771: 0%....50%....100% - 18 passes
==PROF== Profiling "CatArrayBatchedCopy" - 5772: 0%....50%....100% - 18 passes
==PROF== Profiling "elementwise_kernel" - 5773: 0%....50%....100% - 18 passes
==PROF== Profiling "vectorized_elementwise_kernel" - 5774: 0%....50%....100% - 18 passes
==PROF== Profiling "elementwise_kernel" - 5775: 0%....50%....100% - 18 passes
==PROF== Profiling "elementwise_kernel" - 5776: 0%....50%....100% - 18 passes
==PROF== Profiling "CatArrayBatchedCopy" - 5777: 0%....50%....100% - 18 passes
==PROF== Profiling "elementwise_kernel" - 5778: 0%....50%....100% - 18 passes
==PROF== Profiling "vectorized_elementwise_kernel" - 5779: 0%....50%....100% - 18 passes
==PROF== Profiling "CatArrayBatchedCopy_vectorized" - 5780: 0%....50%....100% - 18 passes
==PROF== Profiling "CatArrayBatchedCopy_vectorized" - 5781: 0%....50%....100% - 18 passes
==PROF== Profiling "flash_fwd_splitkv_kernel" - 5782: 0%....50%....100% - 18 passes
==PROF== Profiling "flash_fwd_splitkv_combine_ker..." - 5783: 0%....50%....100% - 18 passes
==PROF== Profiling "kernel" - 5784: 0%....50%....100% - 18 passes
==PROF== Profiling "vectorized_elementwise_kernel" - 5785: 0%....50%....100% - 18 passes
==PROF== Profiling "unrolled_elementwise_kernel" - 5786: 0%....50%....100% - 18 passes
==PROF== Profiling "vectorized_elementwise_kernel" - 5787: 0%....50%....100% - 18 passes
==PROF== Profiling "reduce_kernel" - 5788: 0%....50%....100% - 18 passes
==PROF== Profiling "vectorized_elementwise_kernel" - 5789: 0%....50%....100% - 18 passes
==PROF== Profiling "vectorized_elementwise_kernel" - 5790: 0%....50%....100% - 18 passes
==PROF== Profiling "elementwise_kernel" - 5791: 0%....50%....100% - 18 passes
==PROF== Profiling "vectorized_elementwise_kernel" - 5792: 0%....50%....100% - 18 passes
==PROF== Profiling "vectorized_elementwise_kernel" - 5793: 0%....50%....100% - 18 passes
==PROF== Profiling "kernel" - 5794: 0%....50%....100% - 18 passes
==PROF== Profiling "vectorized_elementwise_kernel" - 5795: 0%....50%....100% - 18 passes
==PROF== Profiling "kernel" - 5796: 0%....50%....100% - 18 passes
==PROF== Profiling "vectorized_elementwise_kernel" - 5797: 0%....50%....100% - 18 passes
==PROF== Profiling "kernel" - 5798: 0%....50%....100% - 18 passes
==PROF== Profiling "vectorized_elementwise_kernel" - 5799: 0%....50%....100% - 18 passes
==PROF== Profiling "unrolled_elementwise_kernel" - 5800: 0%....50%....100% - 18 passes
==PROF== Profiling "vectorized_elementwise_kernel" - 5801: 0%....50%....100% - 18 passes
==PROF== Profiling "reduce_kernel" - 5802: 0%....50%....100% - 18 passes
==PROF== Profiling "vectorized_elementwise_kernel" - 5803: 0%....50%....100% - 18 passes
==PROF== Profiling "vectorized_elementwise_kernel" - 5804: 0%....50%....100% - 18 passes
==PROF== Profiling "elementwise_kernel" - 5805: 0%....50%....100% - 18 passes
==PROF== Profiling "vectorized_elementwise_kernel" - 5806: 0%....50%....100% - 18 passes
==PROF== Profiling "vectorized_elementwise_kernel" - 5807: 0%....50%....100% - 18 passes
==PROF== Profiling "kernel" - 5808: 0%....50%....100% - 18 passes
==PROF== Profiling "unrolled_elementwise_kernel" - 5809: 0%....50%....100% - 18 passes
==PROF== Profiling "vectorized_elementwise_kernel" - 5810: 0%....50%....100% - 18 passes
==PROF== Profiling "reduce_kernel" - 5811: 0%....50%....100% - 18 passes
==PROF== Profiling "vectorized_elementwise_kernel" - 5812: 0%....50%....100% - 18 passes
==PROF== Profiling "vectorized_elementwise_kernel" - 5813: 0%....50%....100% - 18 passes
==PROF== Profiling "elementwise_kernel" - 5814: 0%....50%....100% - 18 passes
==PROF== Profiling "vectorized_elementwise_kernel" - 5815: 0%....50%....100% - 18 passes
==PROF== Profiling "elementwise_kernel" - 5816: 0%....50%....100% - 18 passes
==PROF== Profiling "kernel" - 5817: 0%....50%....100% - 18 passes
==PROF== Profiling "unrolled_elementwise_kernel" - 5818: 0%....50%....100% - 18 passes
==PROF== Profiling "vectorized_elementwise_kernel" - 5819: 0%....50%....100% - 18 passes
==PROF== Profiling "reduce_kernel" - 5820: 0%....50%....100% - 18 passes
==PROF== Profiling "vectorized_elementwise_kernel" - 5821: 0%....50%....100% - 18 passes
==PROF== Profiling "vectorized_elementwise_kernel" - 5822: 0%....50%....100% - 18 passes
==PROF== Profiling "elementwise_kernel" - 5823: 0%....50%....100% - 18 passes
==PROF== Profiling "vectorized_elementwise_kernel" - 5824: 0%....50%....100% - 18 passes
==PROF== Profiling "elementwise_kernel" - 5825: 0%....50%....100% - 18 passes
==PROF== Profiling "kernel" - 5826: 0%....50%....100% - 18 passes
==PROF== Profiling "elementwise_kernel" - 5827: 0%....50%....100% - 18 passes
==PROF== Profiling "elementwise_kernel" - 5828: 0%....50%....100% - 18 passes
==PROF== Profiling "CatArrayBatchedCopy" - 5829: 0%....50%....100% - 18 passes
==PROF== Profiling "elementwise_kernel" - 5830: 0%....50%....100% - 18 passes
==PROF== Profiling "vectorized_elementwise_kernel" - 5831: 0%....50%....100% - 18 passes
==PROF== Profiling "elementwise_kernel" - 5832: 0%....50%....100% - 18 passes
==PROF== Profiling "elementwise_kernel" - 5833: 0%....50%....100% - 18 passes
==PROF== Profiling "CatArrayBatchedCopy" - 5834: 0%....50%....100% - 18 passes
==PROF== Profiling "elementwise_kernel" - 5835: 0%....50%....100% - 18 passes
==PROF== Profiling "vectorized_elementwise_kernel" - 5836: 0%....50%....100% - 18 passes
==PROF== Profiling "CatArrayBatchedCopy_vectorized" - 5837: 0%....50%....100% - 18 passes
==PROF== Profiling "CatArrayBatchedCopy_vectorized" - 5838: 0%....50%....100% - 18 passes
==PROF== Profiling "flash_fwd_splitkv_kernel" - 5839: 0%....50%....100% - 18 passes
==PROF== Profiling "flash_fwd_splitkv_combine_ker..." - 5840: 0%....50%....100% - 18 passes
==PROF== Profiling "kernel" - 5841: 0%....50%....100% - 18 passes
==PROF== Profiling "vectorized_elementwise_kernel" - 5842: 0%....50%....100% - 18 passes
==PROF== Profiling "unrolled_elementwise_kernel" - 5843: 0%....50%....100% - 18 passes
==PROF== Profiling "vectorized_elementwise_kernel" - 5844: 0%....50%....100% - 18 passes
==PROF== Profiling "reduce_kernel" - 5845: 0%....50%....100% - 18 passes
==PROF== Profiling "vectorized_elementwise_kernel" - 5846: 0%....50%....100% - 18 passes
==PROF== Profiling "vectorized_elementwise_kernel" - 5847: 0%....50%....100% - 18 passes
==PROF== Profiling "elementwise_kernel" - 5848: 0%....50%....100% - 18 passes
==PROF== Profiling "vectorized_elementwise_kernel" - 5849: 0%....50%....100% - 18 passes
==PROF== Profiling "vectorized_elementwise_kernel" - 5850: 0%....50%....100% - 18 passes
==PROF== Profiling "kernel" - 5851: 0%....50%....100% - 18 passes
==PROF== Profiling "vectorized_elementwise_kernel" - 5852: 0%....50%....100% - 18 passes
==PROF== Profiling "kernel" - 5853: 0%....50%....100% - 18 passes
==PROF== Profiling "vectorized_elementwise_kernel" - 5854: 0%....50%....100% - 18 passes
==PROF== Profiling "kernel" - 5855: 0%....50%....100% - 18 passes
==PROF== Profiling "vectorized_elementwise_kernel" - 5856: 0%....50%....100% - 18 passes
==PROF== Profiling "unrolled_elementwise_kernel" - 5857: 0%....50%....100% - 18 passes
==PROF== Profiling "vectorized_elementwise_kernel" - 5858: 0%....50%....100% - 18 passes
==PROF== Profiling "reduce_kernel" - 5859: 0%....50%....100% - 18 passes
==PROF== Profiling "vectorized_elementwise_kernel" - 5860: 0%....50%....100% - 18 passes
==PROF== Profiling "vectorized_elementwise_kernel" - 5861: 0%....50%....100% - 18 passes
==PROF== Profiling "elementwise_kernel" - 5862: 0%....50%....100% - 18 passes
==PROF== Profiling "vectorized_elementwise_kernel" - 5863: 0%....50%....100% - 18 passes
==PROF== Profiling "vectorized_elementwise_kernel" - 5864: 0%....50%....100% - 18 passes
==PROF== Profiling "kernel" - 5865: 0%....50%....100% - 18 passes
==PROF== Profiling "unrolled_elementwise_kernel" - 5866: 0%....50%....100% - 18 passes
==PROF== Profiling "vectorized_elementwise_kernel" - 5867: 0%....50%....100% - 18 passes
==PROF== Profiling "reduce_kernel" - 5868: 0%....50%....100% - 18 passes
==PROF== Profiling "vectorized_elementwise_kernel" - 5869: 0%....50%....100% - 18 passes
==PROF== Profiling "vectorized_elementwise_kernel" - 5870: 0%....50%....100% - 18 passes
==PROF== Profiling "elementwise_kernel" - 5871: 0%....50%....100% - 18 passes
==PROF== Profiling "vectorized_elementwise_kernel" - 5872: 0%....50%....100% - 18 passes
==PROF== Profiling "elementwise_kernel" - 5873: 0%....50%....100% - 18 passes
==PROF== Profiling "kernel" - 5874: 0%....50%....100% - 18 passes
==PROF== Profiling "unrolled_elementwise_kernel" - 5875: 0%....50%....100% - 18 passes
==PROF== Profiling "vectorized_elementwise_kernel" - 5876: 0%....50%....100% - 18 passes
==PROF== Profiling "reduce_kernel" - 5877: 0%....50%....100% - 18 passes
==PROF== Profiling "vectorized_elementwise_kernel" - 5878: 0%....50%....100% - 18 passes
==PROF== Profiling "vectorized_elementwise_kernel" - 5879: 0%....50%....100% - 18 passes
==PROF== Profiling "elementwise_kernel" - 5880: 0%....50%....100% - 18 passes
==PROF== Profiling "vectorized_elementwise_kernel" - 5881: 0%....50%....100% - 18 passes
==PROF== Profiling "elementwise_kernel" - 5882: 0%....50%....100% - 18 passes
==PROF== Profiling "kernel" - 5883: 0%....50%....100% - 18 passes
==PROF== Profiling "elementwise_kernel" - 5884: 0%....50%....100% - 18 passes
==PROF== Profiling "elementwise_kernel" - 5885: 0%....50%....100% - 18 passes
==PROF== Profiling "CatArrayBatchedCopy" - 5886: 0%....50%....100% - 18 passes
==PROF== Profiling "elementwise_kernel" - 5887: 0%....50%....100% - 18 passes
==PROF== Profiling "vectorized_elementwise_kernel" - 5888: 0%....50%....100% - 18 passes
==PROF== Profiling "elementwise_kernel" - 5889: 0%....50%....100% - 18 passes
==PROF== Profiling "elementwise_kernel" - 5890: 0%....50%....100% - 18 passes
==PROF== Profiling "CatArrayBatchedCopy" - 5891: 0%....50%....100% - 18 passes
==PROF== Profiling "elementwise_kernel" - 5892: 0%....50%....100% - 18 passes
==PROF== Profiling "vectorized_elementwise_kernel" - 5893: 0%....50%....100% - 18 passes
==PROF== Profiling "CatArrayBatchedCopy_vectorized" - 5894: 0%....50%....100% - 18 passes
==PROF== Profiling "CatArrayBatchedCopy_vectorized" - 5895: 0%....50%....100% - 18 passes
==PROF== Profiling "flash_fwd_splitkv_kernel" - 5896: 0%....50%....100% - 18 passes
==PROF== Profiling "flash_fwd_splitkv_combine_ker..." - 5897: 0%....50%....100% - 18 passes
==PROF== Profiling "kernel" - 5898: 0%....50%....100% - 18 passes
==PROF== Profiling "vectorized_elementwise_kernel" - 5899: 0%....50%....100% - 18 passes
==PROF== Profiling "unrolled_elementwise_kernel" - 5900: 0%....50%....100% - 18 passes
==PROF== Profiling "vectorized_elementwise_kernel" - 5901: 0%....50%....100% - 18 passes
==PROF== Profiling "reduce_kernel" - 5902: 0%....50%....100% - 18 passes
==PROF== Profiling "vectorized_elementwise_kernel" - 5903: 0%....50%....100% - 18 passes
==PROF== Profiling "vectorized_elementwise_kernel" - 5904: 0%....50%....100% - 18 passes
==PROF== Profiling "elementwise_kernel" - 5905: 0%....50%....100% - 18 passes
==PROF== Profiling "vectorized_elementwise_kernel" - 5906: 0%....50%....100% - 18 passes
==PROF== Profiling "vectorized_elementwise_kernel" - 5907: 0%....50%....100% - 18 passes
==PROF== Profiling "kernel" - 5908: 0%....50%....100% - 18 passes
==PROF== Profiling "vectorized_elementwise_kernel" - 5909: 0%....50%....100% - 18 passes
==PROF== Profiling "kernel" - 5910: 0%....50%....100% - 18 passes
==PROF== Profiling "vectorized_elementwise_kernel" - 5911: 0%....50%....100% - 18 passes
==PROF== Profiling "kernel" - 5912: 0%....50%....100% - 18 passes
==PROF== Profiling "vectorized_elementwise_kernel" - 5913: 0%....50%....100% - 18 passes
==PROF== Profiling "unrolled_elementwise_kernel" - 5914: 0%....50%....100% - 18 passes
==PROF== Profiling "vectorized_elementwise_kernel" - 5915: 0%....50%....100% - 18 passes
==PROF== Profiling "reduce_kernel" - 5916: 0%....50%....100% - 18 passes
==PROF== Profiling "vectorized_elementwise_kernel" - 5917: 0%....50%....100% - 18 passes
==PROF== Profiling "vectorized_elementwise_kernel" - 5918: 0%....50%....100% - 18 passes
==PROF== Profiling "elementwise_kernel" - 5919: 0%....50%....100% - 18 passes
==PROF== Profiling "vectorized_elementwise_kernel" - 5920: 0%....50%....100% - 18 passes
==PROF== Profiling "vectorized_elementwise_kernel" - 5921: 0%....50%....100% - 18 passes
==PROF== Profiling "kernel" - 5922: 0%....50%....100% - 18 passes
==PROF== Profiling "unrolled_elementwise_kernel" - 5923: 0%....50%....100% - 18 passes
==PROF== Profiling "vectorized_elementwise_kernel" - 5924: 0%....50%....100% - 18 passes
==PROF== Profiling "reduce_kernel" - 5925: 0%....50%....100% - 18 passes
==PROF== Profiling "vectorized_elementwise_kernel" - 5926: 0%....50%....100% - 18 passes
==PROF== Profiling "vectorized_elementwise_kernel" - 5927: 0%....50%....100% - 18 passes
==PROF== Profiling "elementwise_kernel" - 5928: 0%....50%....100% - 18 passes
==PROF== Profiling "vectorized_elementwise_kernel" - 5929: 0%....50%....100% - 18 passes
==PROF== Profiling "elementwise_kernel" - 5930: 0%....50%....100% - 18 passes
==PROF== Profiling "kernel" - 5931: 0%....50%....100% - 18 passes
==PROF== Profiling "unrolled_elementwise_kernel" - 5932: 0%....50%....100% - 18 passes
==PROF== Profiling "vectorized_elementwise_kernel" - 5933: 0%....50%....100% - 18 passes
==PROF== Profiling "reduce_kernel" - 5934: 0%....50%....100% - 18 passes
==PROF== Profiling "vectorized_elementwise_kernel" - 5935: 0%....50%....100% - 18 passes
==PROF== Profiling "vectorized_elementwise_kernel" - 5936: 0%....50%....100% - 18 passes
==PROF== Profiling "elementwise_kernel" - 5937: 0%....50%....100% - 18 passes
==PROF== Profiling "vectorized_elementwise_kernel" - 5938: 0%....50%....100% - 18 passes
==PROF== Profiling "elementwise_kernel" - 5939: 0%....50%....100% - 18 passes
==PROF== Profiling "kernel" - 5940: 0%....50%....100% - 18 passes
==PROF== Profiling "elementwise_kernel" - 5941: 0%....50%....100% - 18 passes
==PROF== Profiling "elementwise_kernel" - 5942: 0%....50%....100% - 18 passes
==PROF== Profiling "CatArrayBatchedCopy" - 5943: 0%....50%....100% - 18 passes
==PROF== Profiling "elementwise_kernel" - 5944: 0%....50%....100% - 18 passes
==PROF== Profiling "vectorized_elementwise_kernel" - 5945: 0%....50%....100% - 18 passes
==PROF== Profiling "elementwise_kernel" - 5946: 0%....50%....100% - 18 passes
==PROF== Profiling "elementwise_kernel" - 5947: 0%....50%....100% - 18 passes
==PROF== Profiling "CatArrayBatchedCopy" - 5948: 0%....50%....100% - 18 passes
==PROF== Profiling "elementwise_kernel" - 5949: 0%....50%....100% - 18 passes
==PROF== Profiling "vectorized_elementwise_kernel" - 5950: 0%....50%....100% - 18 passes
==PROF== Profiling "CatArrayBatchedCopy_vectorized" - 5951: 0%....50%....100% - 18 passes
==PROF== Profiling "CatArrayBatchedCopy_vectorized" - 5952: 0%....50%....100% - 18 passes
==PROF== Profiling "flash_fwd_splitkv_kernel" - 5953: 0%....50%....100% - 18 passes
==PROF== Profiling "flash_fwd_splitkv_combine_ker..." - 5954: 0%....50%....100% - 18 passes
==PROF== Profiling "kernel" - 5955: 0%....50%....100% - 18 passes
==PROF== Profiling "vectorized_elementwise_kernel" - 5956: 0%....50%....100% - 18 passes
==PROF== Profiling "unrolled_elementwise_kernel" - 5957: 0%....50%....100% - 18 passes
==PROF== Profiling "vectorized_elementwise_kernel" - 5958: 0%....50%....100% - 18 passes
==PROF== Profiling "reduce_kernel" - 5959: 0%....50%....100% - 18 passes
==PROF== Profiling "vectorized_elementwise_kernel" - 5960: 0%....50%....100% - 18 passes
==PROF== Profiling "vectorized_elementwise_kernel" - 5961: 0%....50%....100% - 18 passes
==PROF== Profiling "elementwise_kernel" - 5962: 0%....50%....100% - 18 passes
==PROF== Profiling "vectorized_elementwise_kernel" - 5963: 0%....50%....100% - 18 passes
==PROF== Profiling "vectorized_elementwise_kernel" - 5964: 0%....50%....100% - 18 passes
==PROF== Profiling "kernel" - 5965: 0%....50%....100% - 18 passes
==PROF== Profiling "vectorized_elementwise_kernel" - 5966: 0%....50%....100% - 18 passes
==PROF== Profiling "kernel" - 5967: 0%....50%....100% - 18 passes
==PROF== Profiling "vectorized_elementwise_kernel" - 5968: 0%....50%....100% - 18 passes
==PROF== Profiling "kernel" - 5969: 0%....50%....100% - 18 passes
==PROF== Profiling "vectorized_elementwise_kernel" - 5970: 0%....50%....100% - 18 passes
==PROF== Profiling "unrolled_elementwise_kernel" - 5971: 0%....50%....100% - 18 passes
==PROF== Profiling "vectorized_elementwise_kernel" - 5972: 0%....50%....100% - 18 passes
==PROF== Profiling "reduce_kernel" - 5973: 0%....50%....100% - 18 passes
==PROF== Profiling "vectorized_elementwise_kernel" - 5974: 0%....50%....100% - 18 passes
==PROF== Profiling "vectorized_elementwise_kernel" - 5975: 0%....50%....100% - 18 passes
==PROF== Profiling "elementwise_kernel" - 5976: 0%....50%....100% - 18 passes
==PROF== Profiling "vectorized_elementwise_kernel" - 5977: 0%....50%....100% - 18 passes
==PROF== Profiling "vectorized_elementwise_kernel" - 5978: 0%....50%....100% - 18 passes
==PROF== Profiling "kernel" - 5979: 0%....50%....100% - 18 passes
==PROF== Profiling "unrolled_elementwise_kernel" - 5980: 0%....50%....100% - 18 passes
==PROF== Profiling "vectorized_elementwise_kernel" - 5981: 0%....50%....100% - 18 passes
==PROF== Profiling "reduce_kernel" - 5982: 0%....50%....100% - 18 passes
==PROF== Profiling "vectorized_elementwise_kernel" - 5983: 0%....50%....100% - 18 passes
==PROF== Profiling "vectorized_elementwise_kernel" - 5984: 0%....50%....100% - 18 passes
==PROF== Profiling "elementwise_kernel" - 5985: 0%....50%....100% - 18 passes
==PROF== Profiling "vectorized_elementwise_kernel" - 5986: 0%....50%....100% - 18 passes
==PROF== Profiling "elementwise_kernel" - 5987: 0%....50%....100% - 18 passes
==PROF== Profiling "kernel" - 5988: 0%....50%....100% - 18 passes
==PROF== Profiling "unrolled_elementwise_kernel" - 5989: 0%....50%....100% - 18 passes
==PROF== Profiling "vectorized_elementwise_kernel" - 5990: 0%....50%....100% - 18 passes
==PROF== Profiling "reduce_kernel" - 5991: 0%....50%....100% - 18 passes
==PROF== Profiling "vectorized_elementwise_kernel" - 5992: 0%....50%....100% - 18 passes
==PROF== Profiling "vectorized_elementwise_kernel" - 5993: 0%....50%....100% - 18 passes
==PROF== Profiling "elementwise_kernel" - 5994: 0%....50%....100% - 18 passes
==PROF== Profiling "vectorized_elementwise_kernel" - 5995: 0%....50%....100% - 18 passes
==PROF== Profiling "elementwise_kernel" - 5996: 0%....50%....100% - 18 passes
==PROF== Profiling "kernel" - 5997: 0%....50%....100% - 18 passes
==PROF== Profiling "elementwise_kernel" - 5998: 0%....50%....100% - 18 passes
==PROF== Profiling "elementwise_kernel" - 5999: 0%....50%....100% - 18 passes
==PROF== Profiling "CatArrayBatchedCopy" - 6000: 0%....50%....100% - 18 passes
==PROF== Profiling "elementwise_kernel" - 6001: 0%....50%....100% - 18 passes
==PROF== Profiling "vectorized_elementwise_kernel" - 6002: 0%....50%....100% - 18 passes
==PROF== Profiling "elementwise_kernel" - 6003: 0%....50%....100% - 18 passes
==PROF== Profiling "elementwise_kernel" - 6004: 0%....50%....100% - 18 passes
==PROF== Profiling "CatArrayBatchedCopy" - 6005: 0%....50%....100% - 18 passes
==PROF== Profiling "elementwise_kernel" - 6006: 0%....50%....100% - 18 passes
==PROF== Profiling "vectorized_elementwise_kernel" - 6007: 0%....50%....100% - 18 passes
==PROF== Profiling "CatArrayBatchedCopy_vectorized" - 6008: 0%....50%....100% - 18 passes
==PROF== Profiling "CatArrayBatchedCopy_vectorized" - 6009: 0%....50%....100% - 18 passes
==PROF== Profiling "flash_fwd_splitkv_kernel" - 6010: 0%....50%....100% - 18 passes
==PROF== Profiling "flash_fwd_splitkv_combine_ker..." - 6011: 0%....50%....100% - 18 passes
==PROF== Profiling "kernel" - 6012: 0%....50%....100% - 18 passes
==PROF== Profiling "vectorized_elementwise_kernel" - 6013: 0%....50%....100% - 18 passes
==PROF== Profiling "unrolled_elementwise_kernel" - 6014: 0%....50%....100% - 18 passes
==PROF== Profiling "vectorized_elementwise_kernel" - 6015: 0%....50%....100% - 18 passes
==PROF== Profiling "reduce_kernel" - 6016: 0%....50%....100% - 18 passes
==PROF== Profiling "vectorized_elementwise_kernel" - 6017: 0%....50%....100% - 18 passes
==PROF== Profiling "vectorized_elementwise_kernel" - 6018: 0%....50%....100% - 18 passes
==PROF== Profiling "elementwise_kernel" - 6019: 0%....50%....100% - 18 passes
==PROF== Profiling "vectorized_elementwise_kernel" - 6020: 0%....50%....100% - 18 passes
==PROF== Profiling "vectorized_elementwise_kernel" - 6021: 0%....50%....100% - 18 passes
==PROF== Profiling "kernel" - 6022: 0%....50%....100% - 18 passes
==PROF== Profiling "vectorized_elementwise_kernel" - 6023: 0%....50%....100% - 18 passes
==PROF== Profiling "kernel" - 6024: 0%....50%....100% - 18 passes
==PROF== Profiling "vectorized_elementwise_kernel" - 6025: 0%....50%....100% - 18 passes
==PROF== Profiling "kernel" - 6026: 0%....50%....100% - 18 passes
==PROF== Profiling "vectorized_elementwise_kernel" - 6027: 0%....50%....100% - 18 passes
==PROF== Profiling "unrolled_elementwise_kernel" - 6028: 0%....50%....100% - 18 passes
==PROF== Profiling "vectorized_elementwise_kernel" - 6029: 0%....50%....100% - 18 passes
==PROF== Profiling "reduce_kernel" - 6030: 0%....50%....100% - 18 passes
==PROF== Profiling "vectorized_elementwise_kernel" - 6031: 0%....50%....100% - 18 passes
==PROF== Profiling "vectorized_elementwise_kernel" - 6032: 0%....50%....100% - 18 passes
==PROF== Profiling "elementwise_kernel" - 6033: 0%....50%....100% - 18 passes
==PROF== Profiling "vectorized_elementwise_kernel" - 6034: 0%....50%....100% - 18 passes
==PROF== Profiling "vectorized_elementwise_kernel" - 6035: 0%....50%....100% - 18 passes
==PROF== Profiling "kernel" - 6036: 0%....50%....100% - 18 passes
==PROF== Profiling "unrolled_elementwise_kernel" - 6037: 0%....50%....100% - 18 passes
==PROF== Profiling "vectorized_elementwise_kernel" - 6038: 0%....50%....100% - 18 passes
==PROF== Profiling "reduce_kernel" - 6039: 0%....50%....100% - 18 passes
==PROF== Profiling "vectorized_elementwise_kernel" - 6040: 0%....50%....100% - 18 passes
==PROF== Profiling "vectorized_elementwise_kernel" - 6041: 0%....50%....100% - 18 passes
==PROF== Profiling "elementwise_kernel" - 6042: 0%....50%....100% - 18 passes
==PROF== Profiling "vectorized_elementwise_kernel" - 6043: 0%....50%....100% - 18 passes
==PROF== Profiling "elementwise_kernel" - 6044: 0%....50%....100% - 18 passes
==PROF== Profiling "kernel" - 6045: 0%....50%....100% - 18 passes
==PROF== Profiling "unrolled_elementwise_kernel" - 6046: 0%....50%....100% - 18 passes
==PROF== Profiling "vectorized_elementwise_kernel" - 6047: 0%....50%....100% - 18 passes
==PROF== Profiling "reduce_kernel" - 6048: 0%....50%....100% - 18 passes
==PROF== Profiling "vectorized_elementwise_kernel" - 6049: 0%....50%....100% - 18 passes
==PROF== Profiling "vectorized_elementwise_kernel" - 6050: 0%....50%....100% - 18 passes
==PROF== Profiling "elementwise_kernel" - 6051: 0%....50%....100% - 18 passes
==PROF== Profiling "vectorized_elementwise_kernel" - 6052: 0%....50%....100% - 18 passes
==PROF== Profiling "elementwise_kernel" - 6053: 0%....50%....100% - 18 passes
==PROF== Profiling "kernel" - 6054: 0%....50%....100% - 18 passes
==PROF== Profiling "elementwise_kernel" - 6055: 0%....50%....100% - 18 passes
==PROF== Profiling "elementwise_kernel" - 6056: 0%....50%....100% - 18 passes
==PROF== Profiling "CatArrayBatchedCopy" - 6057: 0%....50%....100% - 18 passes
==PROF== Profiling "elementwise_kernel" - 6058: 0%....50%....100% - 18 passes
==PROF== Profiling "vectorized_elementwise_kernel" - 6059: 0%....50%....100% - 18 passes
==PROF== Profiling "elementwise_kernel" - 6060: 0%....50%....100% - 18 passes
==PROF== Profiling "elementwise_kernel" - 6061: 0%....50%....100% - 18 passes
==PROF== Profiling "CatArrayBatchedCopy" - 6062: 0%....50%....100% - 18 passes
==PROF== Profiling "elementwise_kernel" - 6063: 0%....50%....100% - 18 passes
==PROF== Profiling "vectorized_elementwise_kernel" - 6064: 0%....50%....100% - 18 passes
==PROF== Profiling "CatArrayBatchedCopy_vectorized" - 6065: 0%....50%....100% - 18 passes
==PROF== Profiling "CatArrayBatchedCopy_vectorized" - 6066: 0%....50%....100% - 18 passes
==PROF== Profiling "flash_fwd_splitkv_kernel" - 6067: 0%....50%....100% - 18 passes
==PROF== Profiling "flash_fwd_splitkv_combine_ker..." - 6068: 0%....50%....100% - 18 passes
==PROF== Profiling "kernel" - 6069: 0%....50%....100% - 18 passes
==PROF== Profiling "vectorized_elementwise_kernel" - 6070: 0%....50%....100% - 18 passes
==PROF== Profiling "unrolled_elementwise_kernel" - 6071: 0%....50%....100% - 18 passes
==PROF== Profiling "vectorized_elementwise_kernel" - 6072: 0%....50%....100% - 18 passes
==PROF== Profiling "reduce_kernel" - 6073: 0%....50%....100% - 18 passes
==PROF== Profiling "vectorized_elementwise_kernel" - 6074: 0%....50%....100% - 18 passes
==PROF== Profiling "vectorized_elementwise_kernel" - 6075: 0%....50%....100% - 18 passes
==PROF== Profiling "elementwise_kernel" - 6076: 0%....50%....100% - 18 passes
==PROF== Profiling "vectorized_elementwise_kernel" - 6077: 0%....50%....100% - 18 passes
==PROF== Profiling "vectorized_elementwise_kernel" - 6078: 0%....50%....100% - 18 passes
==PROF== Profiling "kernel" - 6079: 0%....50%....100% - 18 passes
==PROF== Profiling "vectorized_elementwise_kernel" - 6080: 0%....50%....100% - 18 passes
==PROF== Profiling "kernel" - 6081: 0%....50%....100% - 18 passes
==PROF== Profiling "vectorized_elementwise_kernel" - 6082: 0%....50%....100% - 18 passes
==PROF== Profiling "kernel" - 6083: 0%....50%....100% - 18 passes
==PROF== Profiling "vectorized_elementwise_kernel" - 6084: 0%....50%....100% - 18 passes
==PROF== Profiling "unrolled_elementwise_kernel" - 6085: 0%....50%....100% - 18 passes
==PROF== Profiling "vectorized_elementwise_kernel" - 6086: 0%....50%....100% - 18 passes
==PROF== Profiling "reduce_kernel" - 6087: 0%....50%....100% - 18 passes
==PROF== Profiling "vectorized_elementwise_kernel" - 6088: 0%....50%....100% - 18 passes
==PROF== Profiling "vectorized_elementwise_kernel" - 6089: 0%....50%....100% - 18 passes
==PROF== Profiling "elementwise_kernel" - 6090: 0%....50%....100% - 18 passes
==PROF== Profiling "vectorized_elementwise_kernel" - 6091: 0%....50%....100% - 18 passes
==PROF== Profiling "vectorized_elementwise_kernel" - 6092: 0%....50%....100% - 18 passes
==PROF== Profiling "kernel" - 6093: 0%....50%....100% - 18 passes
==PROF== Profiling "unrolled_elementwise_kernel" - 6094: 0%....50%....100% - 18 passes
==PROF== Profiling "vectorized_elementwise_kernel" - 6095: 0%....50%....100% - 18 passes
==PROF== Profiling "reduce_kernel" - 6096: 0%....50%....100% - 18 passes
==PROF== Profiling "vectorized_elementwise_kernel" - 6097: 0%....50%....100% - 18 passes
==PROF== Profiling "vectorized_elementwise_kernel" - 6098: 0%....50%....100% - 18 passes
==PROF== Profiling "elementwise_kernel" - 6099: 0%....50%....100% - 18 passes
==PROF== Profiling "vectorized_elementwise_kernel" - 6100: 0%....50%....100% - 18 passes
==PROF== Profiling "elementwise_kernel" - 6101: 0%....50%....100% - 18 passes
==PROF== Profiling "kernel" - 6102: 0%....50%....100% - 18 passes
==PROF== Profiling "unrolled_elementwise_kernel" - 6103: 0%....50%....100% - 18 passes
==PROF== Profiling "vectorized_elementwise_kernel" - 6104: 0%....50%....100% - 18 passes
==PROF== Profiling "reduce_kernel" - 6105: 0%....50%....100% - 18 passes
==PROF== Profiling "vectorized_elementwise_kernel" - 6106: 0%....50%....100% - 18 passes
==PROF== Profiling "vectorized_elementwise_kernel" - 6107: 0%....50%....100% - 18 passes
==PROF== Profiling "elementwise_kernel" - 6108: 0%....50%....100% - 18 passes
==PROF== Profiling "vectorized_elementwise_kernel" - 6109: 0%....50%....100% - 18 passes
==PROF== Profiling "elementwise_kernel" - 6110: 0%....50%....100% - 18 passes
==PROF== Profiling "kernel" - 6111: 0%....50%....100% - 18 passes
==PROF== Profiling "elementwise_kernel" - 6112: 0%....50%....100% - 18 passes
==PROF== Profiling "elementwise_kernel" - 6113: 0%....50%....100% - 18 passes
==PROF== Profiling "CatArrayBatchedCopy" - 6114: 0%....50%....100% - 18 passes
==PROF== Profiling "elementwise_kernel" - 6115: 0%....50%....100% - 18 passes
==PROF== Profiling "vectorized_elementwise_kernel" - 6116: 0%....50%....100% - 18 passes
==PROF== Profiling "elementwise_kernel" - 6117: 0%....50%....100% - 18 passes
==PROF== Profiling "elementwise_kernel" - 6118: 0%....50%....100% - 18 passes
==PROF== Profiling "CatArrayBatchedCopy" - 6119: 0%....50%....100% - 18 passes
==PROF== Profiling "elementwise_kernel" - 6120: 0%....50%....100% - 18 passes
==PROF== Profiling "vectorized_elementwise_kernel" - 6121: 0%....50%....100% - 18 passes
==PROF== Profiling "CatArrayBatchedCopy_vectorized" - 6122: 0%....50%....100% - 18 passes
==PROF== Profiling "CatArrayBatchedCopy_vectorized" - 6123: 0%....50%....100% - 18 passes
==PROF== Profiling "flash_fwd_splitkv_kernel" - 6124: 0%....50%....100% - 18 passes
==PROF== Profiling "flash_fwd_splitkv_combine_ker..." - 6125: 0%....50%....100% - 18 passes
==PROF== Profiling "kernel" - 6126: 0%....50%....100% - 18 passes
==PROF== Profiling "vectorized_elementwise_kernel" - 6127: 0%....50%....100% - 18 passes
==PROF== Profiling "unrolled_elementwise_kernel" - 6128: 0%....50%....100% - 18 passes
==PROF== Profiling "vectorized_elementwise_kernel" - 6129: 0%....50%....100% - 18 passes
==PROF== Profiling "reduce_kernel" - 6130: 0%....50%....100% - 18 passes
==PROF== Profiling "vectorized_elementwise_kernel" - 6131: 0%....50%....100% - 18 passes
==PROF== Profiling "vectorized_elementwise_kernel" - 6132: 0%....50%....100% - 18 passes
==PROF== Profiling "elementwise_kernel" - 6133: 0%....50%....100% - 18 passes
==PROF== Profiling "vectorized_elementwise_kernel" - 6134: 0%....50%....100% - 18 passes
==PROF== Profiling "vectorized_elementwise_kernel" - 6135: 0%....50%....100% - 18 passes
==PROF== Profiling "kernel" - 6136: 0%....50%....100% - 18 passes
==PROF== Profiling "vectorized_elementwise_kernel" - 6137: 0%....50%....100% - 18 passes
==PROF== Profiling "kernel" - 6138: 0%....50%....100% - 18 passes
==PROF== Profiling "vectorized_elementwise_kernel" - 6139: 0%....50%....100% - 18 passes
==PROF== Profiling "kernel" - 6140: 0%....50%....100% - 18 passes
==PROF== Profiling "vectorized_elementwise_kernel" - 6141: 0%....50%....100% - 18 passes
==PROF== Profiling "unrolled_elementwise_kernel" - 6142: 0%....50%....100% - 18 passes
==PROF== Profiling "vectorized_elementwise_kernel" - 6143: 0%....50%....100% - 18 passes
==PROF== Profiling "reduce_kernel" - 6144: 0%....50%....100% - 18 passes
==PROF== Profiling "vectorized_elementwise_kernel" - 6145: 0%....50%....100% - 18 passes
==PROF== Profiling "vectorized_elementwise_kernel" - 6146: 0%....50%....100% - 18 passes
==PROF== Profiling "elementwise_kernel" - 6147: 0%....50%....100% - 18 passes
==PROF== Profiling "vectorized_elementwise_kernel" - 6148: 0%....50%....100% - 18 passes
==PROF== Profiling "vectorized_elementwise_kernel" - 6149: 0%....50%....100% - 18 passes
==PROF== Profiling "kernel" - 6150: 0%....50%....100% - 18 passes
==PROF== Profiling "unrolled_elementwise_kernel" - 6151: 0%....50%....100% - 18 passes
==PROF== Profiling "vectorized_elementwise_kernel" - 6152: 0%....50%....100% - 18 passes
==PROF== Profiling "reduce_kernel" - 6153: 0%....50%....100% - 18 passes
==PROF== Profiling "vectorized_elementwise_kernel" - 6154: 0%....50%....100% - 18 passes
==PROF== Profiling "vectorized_elementwise_kernel" - 6155: 0%....50%....100% - 18 passes
==PROF== Profiling "elementwise_kernel" - 6156: 0%....50%....100% - 18 passes
==PROF== Profiling "vectorized_elementwise_kernel" - 6157: 0%....50%....100% - 18 passes
==PROF== Profiling "elementwise_kernel" - 6158: 0%....50%....100% - 18 passes
==PROF== Profiling "kernel" - 6159: 0%....50%....100% - 18 passes
==PROF== Profiling "unrolled_elementwise_kernel" - 6160: 0%....50%....100% - 18 passes
==PROF== Profiling "vectorized_elementwise_kernel" - 6161: 0%....50%....100% - 18 passes
==PROF== Profiling "reduce_kernel" - 6162: 0%....50%....100% - 18 passes
==PROF== Profiling "vectorized_elementwise_kernel" - 6163: 0%....50%....100% - 18 passes
==PROF== Profiling "vectorized_elementwise_kernel" - 6164: 0%....50%....100% - 18 passes
==PROF== Profiling "elementwise_kernel" - 6165: 0%....50%....100% - 18 passes
==PROF== Profiling "vectorized_elementwise_kernel" - 6166: 0%....50%....100% - 18 passes
==PROF== Profiling "elementwise_kernel" - 6167: 0%....50%....100% - 18 passes
==PROF== Profiling "kernel" - 6168: 0%....50%....100% - 18 passes
==PROF== Profiling "elementwise_kernel" - 6169: 0%....50%....100% - 18 passes
==PROF== Profiling "elementwise_kernel" - 6170: 0%....50%....100% - 18 passes
==PROF== Profiling "CatArrayBatchedCopy" - 6171: 0%....50%....100% - 18 passes
==PROF== Profiling "elementwise_kernel" - 6172: 0%....50%....100% - 18 passes
==PROF== Profiling "vectorized_elementwise_kernel" - 6173: 0%....50%....100% - 18 passes
==PROF== Profiling "elementwise_kernel" - 6174: 0%....50%....100% - 18 passes
==PROF== Profiling "elementwise_kernel" - 6175: 0%....50%....100% - 18 passes
==PROF== Profiling "CatArrayBatchedCopy" - 6176: 0%....50%....100% - 18 passes
==PROF== Profiling "elementwise_kernel" - 6177: 0%....50%....100% - 18 passes
==PROF== Profiling "vectorized_elementwise_kernel" - 6178: 0%....50%....100% - 18 passes
==PROF== Profiling "CatArrayBatchedCopy_vectorized" - 6179: 0%....50%....100% - 18 passes
==PROF== Profiling "CatArrayBatchedCopy_vectorized" - 6180: 0%....50%....100% - 18 passes
==PROF== Profiling "flash_fwd_splitkv_kernel" - 6181: 0%....50%....100% - 18 passes
==PROF== Profiling "flash_fwd_splitkv_combine_ker..." - 6182: 0%....50%....100% - 18 passes
==PROF== Profiling "kernel" - 6183: 0%....50%....100% - 18 passes
==PROF== Profiling "vectorized_elementwise_kernel" - 6184: 0%....50%....100% - 18 passes
==PROF== Profiling "unrolled_elementwise_kernel" - 6185: 0%....50%....100% - 18 passes
==PROF== Profiling "vectorized_elementwise_kernel" - 6186: 0%....50%....100% - 18 passes
==PROF== Profiling "reduce_kernel" - 6187: 0%....50%....100% - 18 passes
==PROF== Profiling "vectorized_elementwise_kernel" - 6188: 0%....50%....100% - 18 passes
==PROF== Profiling "vectorized_elementwise_kernel" - 6189: 0%....50%....100% - 18 passes
==PROF== Profiling "elementwise_kernel" - 6190: 0%....50%....100% - 18 passes
==PROF== Profiling "vectorized_elementwise_kernel" - 6191: 0%....50%....100% - 18 passes
==PROF== Profiling "vectorized_elementwise_kernel" - 6192: 0%....50%....100% - 18 passes
==PROF== Profiling "kernel" - 6193: 0%....50%....100% - 18 passes
==PROF== Profiling "vectorized_elementwise_kernel" - 6194: 0%....50%....100% - 18 passes
==PROF== Profiling "kernel" - 6195: 0%....50%....100% - 18 passes
==PROF== Profiling "vectorized_elementwise_kernel" - 6196: 0%....50%....100% - 18 passes
==PROF== Profiling "kernel" - 6197: 0%....50%....100% - 18 passes
==PROF== Profiling "vectorized_elementwise_kernel" - 6198: 0%....50%....100% - 18 passes
==PROF== Profiling "unrolled_elementwise_kernel" - 6199: 0%....50%....100% - 18 passes
==PROF== Profiling "vectorized_elementwise_kernel" - 6200: 0%....50%....100% - 18 passes
==PROF== Profiling "reduce_kernel" - 6201: 0%....50%....100% - 18 passes
==PROF== Profiling "vectorized_elementwise_kernel" - 6202: 0%....50%....100% - 18 passes
==PROF== Profiling "vectorized_elementwise_kernel" - 6203: 0%....50%....100% - 18 passes
==PROF== Profiling "elementwise_kernel" - 6204: 0%....50%....100% - 18 passes
==PROF== Profiling "vectorized_elementwise_kernel" - 6205: 0%....50%....100% - 18 passes
==PROF== Profiling "vectorized_elementwise_kernel" - 6206: 0%....50%....100% - 18 passes
==PROF== Profiling "kernel" - 6207: 0%....50%....100% - 18 passes
==PROF== Profiling "unrolled_elementwise_kernel" - 6208: 0%....50%....100% - 18 passes
==PROF== Profiling "vectorized_elementwise_kernel" - 6209: 0%....50%....100% - 18 passes
==PROF== Profiling "reduce_kernel" - 6210: 0%....50%....100% - 18 passes
==PROF== Profiling "vectorized_elementwise_kernel" - 6211: 0%....50%....100% - 18 passes
==PROF== Profiling "vectorized_elementwise_kernel" - 6212: 0%....50%....100% - 18 passes
==PROF== Profiling "elementwise_kernel" - 6213: 0%....50%....100% - 18 passes
==PROF== Profiling "vectorized_elementwise_kernel" - 6214: 0%....50%....100% - 18 passes
==PROF== Profiling "elementwise_kernel" - 6215: 0%....50%....100% - 18 passes
==PROF== Profiling "kernel" - 6216: 0%....50%....100% - 18 passes
==PROF== Profiling "unrolled_elementwise_kernel" - 6217: 0%....50%....100% - 18 passes
==PROF== Profiling "vectorized_elementwise_kernel" - 6218: 0%....50%....100% - 18 passes
==PROF== Profiling "reduce_kernel" - 6219: 0%....50%....100% - 18 passes
==PROF== Profiling "vectorized_elementwise_kernel" - 6220: 0%....50%....100% - 18 passes
==PROF== Profiling "vectorized_elementwise_kernel" - 6221: 0%....50%....100% - 18 passes
==PROF== Profiling "elementwise_kernel" - 6222: 0%....50%....100% - 18 passes
==PROF== Profiling "vectorized_elementwise_kernel" - 6223: 0%....50%....100% - 18 passes
==PROF== Profiling "elementwise_kernel" - 6224: 0%....50%....100% - 18 passes
==PROF== Profiling "kernel" - 6225: 0%....50%....100% - 18 passes
==PROF== Profiling "elementwise_kernel" - 6226: 0%....50%....100% - 18 passes
==PROF== Profiling "elementwise_kernel" - 6227: 0%....50%....100% - 18 passes
==PROF== Profiling "CatArrayBatchedCopy" - 6228: 0%....50%....100% - 18 passes
==PROF== Profiling "elementwise_kernel" - 6229: 0%....50%....100% - 18 passes
==PROF== Profiling "vectorized_elementwise_kernel" - 6230: 0%....50%....100% - 18 passes
==PROF== Profiling "elementwise_kernel" - 6231: 0%....50%....100% - 18 passes
==PROF== Profiling "elementwise_kernel" - 6232: 0%....50%....100% - 18 passes
==PROF== Profiling "CatArrayBatchedCopy" - 6233: 0%....50%....100% - 18 passes
==PROF== Profiling "elementwise_kernel" - 6234: 0%....50%....100% - 18 passes
==PROF== Profiling "vectorized_elementwise_kernel" - 6235: 0%....50%....100% - 18 passes
==PROF== Profiling "CatArrayBatchedCopy_vectorized" - 6236: 0%....50%....100% - 18 passes
==PROF== Profiling "CatArrayBatchedCopy_vectorized" - 6237: 0%....50%....100% - 18 passes
==PROF== Profiling "flash_fwd_splitkv_kernel" - 6238: 0%....50%....100% - 18 passes
==PROF== Profiling "flash_fwd_splitkv_combine_ker..." - 6239: 0%....50%....100% - 18 passes
==PROF== Profiling "kernel" - 6240: 0%....50%....100% - 18 passes
==PROF== Profiling "vectorized_elementwise_kernel" - 6241: 0%....50%....100% - 18 passes
==PROF== Profiling "unrolled_elementwise_kernel" - 6242: 0%....50%....100% - 18 passes
==PROF== Profiling "vectorized_elementwise_kernel" - 6243: 0%....50%....100% - 18 passes
==PROF== Profiling "reduce_kernel" - 6244: 0%....50%....100% - 18 passes
==PROF== Profiling "vectorized_elementwise_kernel" - 6245: 0%....50%....100% - 18 passes
==PROF== Profiling "vectorized_elementwise_kernel" - 6246: 0%....50%....100% - 18 passes
==PROF== Profiling "elementwise_kernel" - 6247: 0%....50%....100% - 18 passes
==PROF== Profiling "vectorized_elementwise_kernel" - 6248: 0%....50%....100% - 18 passes
==PROF== Profiling "vectorized_elementwise_kernel" - 6249: 0%....50%....100% - 18 passes
==PROF== Profiling "kernel" - 6250: 0%....50%....100% - 18 passes
==PROF== Profiling "vectorized_elementwise_kernel" - 6251: 0%....50%....100% - 18 passes
==PROF== Profiling "kernel" - 6252: 0%....50%....100% - 18 passes
==PROF== Profiling "vectorized_elementwise_kernel" - 6253: 0%....50%....100% - 18 passes
==PROF== Profiling "kernel" - 6254: 0%....50%....100% - 18 passes
==PROF== Profiling "vectorized_elementwise_kernel" - 6255: 0%....50%....100% - 18 passes
==PROF== Profiling "unrolled_elementwise_kernel" - 6256: 0%....50%....100% - 18 passes
==PROF== Profiling "vectorized_elementwise_kernel" - 6257: 0%....50%....100% - 18 passes
==PROF== Profiling "reduce_kernel" - 6258: 0%....50%....100% - 18 passes
==PROF== Profiling "vectorized_elementwise_kernel" - 6259: 0%....50%....100% - 18 passes
==PROF== Profiling "vectorized_elementwise_kernel" - 6260: 0%....50%....100% - 18 passes
==PROF== Profiling "elementwise_kernel" - 6261: 0%....50%....100% - 18 passes
==PROF== Profiling "vectorized_elementwise_kernel" - 6262: 0%....50%....100% - 18 passes
==PROF== Profiling "vectorized_elementwise_kernel" - 6263: 0%....50%....100% - 18 passes
==PROF== Profiling "kernel" - 6264: 0%....50%....100% - 18 passes
==PROF== Profiling "unrolled_elementwise_kernel" - 6265: 0%....50%....100% - 18 passes
==PROF== Profiling "vectorized_elementwise_kernel" - 6266: 0%....50%....100% - 18 passes
==PROF== Profiling "reduce_kernel" - 6267: 0%....50%....100% - 18 passes
==PROF== Profiling "vectorized_elementwise_kernel" - 6268: 0%....50%....100% - 18 passes
==PROF== Profiling "vectorized_elementwise_kernel" - 6269: 0%....50%....100% - 18 passes
==PROF== Profiling "elementwise_kernel" - 6270: 0%....50%....100% - 18 passes
==PROF== Profiling "vectorized_elementwise_kernel" - 6271: 0%....50%....100% - 18 passes
==PROF== Profiling "elementwise_kernel" - 6272: 0%....50%....100% - 18 passes
==PROF== Profiling "kernel" - 6273: 0%....50%....100% - 18 passes
==PROF== Profiling "unrolled_elementwise_kernel" - 6274: 0%....50%....100% - 18 passes
==PROF== Profiling "vectorized_elementwise_kernel" - 6275: 0%....50%....100% - 18 passes
==PROF== Profiling "reduce_kernel" - 6276: 0%....50%....100% - 18 passes
==PROF== Profiling "vectorized_elementwise_kernel" - 6277: 0%....50%....100% - 18 passes
==PROF== Profiling "vectorized_elementwise_kernel" - 6278: 0%....50%....100% - 18 passes
==PROF== Profiling "elementwise_kernel" - 6279: 0%....50%....100% - 18 passes
==PROF== Profiling "vectorized_elementwise_kernel" - 6280: 0%....50%....100% - 18 passes
==PROF== Profiling "elementwise_kernel" - 6281: 0%....50%....100% - 18 passes
==PROF== Profiling "kernel" - 6282: 0%....50%....100% - 18 passes
==PROF== Profiling "elementwise_kernel" - 6283: 0%....50%....100% - 18 passes
==PROF== Profiling "elementwise_kernel" - 6284: 0%....50%....100% - 18 passes
==PROF== Profiling "CatArrayBatchedCopy" - 6285: 0%....50%....100% - 18 passes
==PROF== Profiling "elementwise_kernel" - 6286: 0%....50%....100% - 18 passes
==PROF== Profiling "vectorized_elementwise_kernel" - 6287: 0%....50%....100% - 18 passes
==PROF== Profiling "elementwise_kernel" - 6288: 0%....50%....100% - 18 passes
==PROF== Profiling "elementwise_kernel" - 6289: 0%....50%....100% - 18 passes
==PROF== Profiling "CatArrayBatchedCopy" - 6290: 0%....50%....100% - 18 passes
==PROF== Profiling "elementwise_kernel" - 6291: 0%....50%....100% - 18 passes
==PROF== Profiling "vectorized_elementwise_kernel" - 6292: 0%....50%....100% - 18 passes
==PROF== Profiling "CatArrayBatchedCopy_vectorized" - 6293: 0%....50%....100% - 18 passes
==PROF== Profiling "CatArrayBatchedCopy_vectorized" - 6294: 0%....50%....100% - 18 passes
==PROF== Profiling "flash_fwd_splitkv_kernel" - 6295: 0%....50%....100% - 18 passes
==PROF== Profiling "flash_fwd_splitkv_combine_ker..." - 6296: 0%....50%....100% - 18 passes
==PROF== Profiling "kernel" - 6297: 0%....50%....100% - 18 passes
==PROF== Profiling "vectorized_elementwise_kernel" - 6298: 0%....50%....100% - 18 passes
==PROF== Profiling "unrolled_elementwise_kernel" - 6299: 0%....50%....100% - 18 passes
==PROF== Profiling "vectorized_elementwise_kernel" - 6300: 0%....50%....100% - 18 passes
==PROF== Profiling "reduce_kernel" - 6301: 0%....50%....100% - 18 passes
==PROF== Profiling "vectorized_elementwise_kernel" - 6302: 0%....50%....100% - 18 passes
==PROF== Profiling "vectorized_elementwise_kernel" - 6303: 0%....50%....100% - 18 passes
==PROF== Profiling "elementwise_kernel" - 6304: 0%....50%....100% - 18 passes
==PROF== Profiling "vectorized_elementwise_kernel" - 6305: 0%....50%....100% - 18 passes
==PROF== Profiling "vectorized_elementwise_kernel" - 6306: 0%....50%....100% - 18 passes
==PROF== Profiling "kernel" - 6307: 0%....50%....100% - 18 passes
==PROF== Profiling "vectorized_elementwise_kernel" - 6308: 0%....50%....100% - 18 passes
==PROF== Profiling "kernel" - 6309: 0%....50%....100% - 18 passes
==PROF== Profiling "vectorized_elementwise_kernel" - 6310: 0%....50%....100% - 18 passes
==PROF== Profiling "kernel" - 6311: 0%....50%....100% - 18 passes
==PROF== Profiling "vectorized_elementwise_kernel" - 6312: 0%....50%....100% - 18 passes
==PROF== Profiling "unrolled_elementwise_kernel" - 6313: 0%....50%....100% - 18 passes
==PROF== Profiling "vectorized_elementwise_kernel" - 6314: 0%....50%....100% - 18 passes
==PROF== Profiling "reduce_kernel" - 6315: 0%....50%....100% - 18 passes
==PROF== Profiling "vectorized_elementwise_kernel" - 6316: 0%....50%....100% - 18 passes
==PROF== Profiling "vectorized_elementwise_kernel" - 6317: 0%....50%....100% - 18 passes
==PROF== Profiling "elementwise_kernel" - 6318: 0%....50%....100% - 18 passes
==PROF== Profiling "vectorized_elementwise_kernel" - 6319: 0%....50%....100% - 18 passes
==PROF== Profiling "vectorized_elementwise_kernel" - 6320: 0%....50%....100% - 18 passes
==PROF== Profiling "kernel" - 6321: 0%....50%....100% - 18 passes
==PROF== Profiling "unrolled_elementwise_kernel" - 6322: 0%....50%....100% - 18 passes
==PROF== Profiling "vectorized_elementwise_kernel" - 6323: 0%....50%....100% - 18 passes
==PROF== Profiling "reduce_kernel" - 6324: 0%....50%....100% - 18 passes
==PROF== Profiling "vectorized_elementwise_kernel" - 6325: 0%....50%....100% - 18 passes
==PROF== Profiling "vectorized_elementwise_kernel" - 6326: 0%....50%....100% - 18 passes
==PROF== Profiling "elementwise_kernel" - 6327: 0%....50%....100% - 18 passes
==PROF== Profiling "vectorized_elementwise_kernel" - 6328: 0%....50%....100% - 18 passes
==PROF== Profiling "elementwise_kernel" - 6329: 0%....50%....100% - 18 passes
==PROF== Profiling "kernel" - 6330: 0%....50%....100% - 18 passes
==PROF== Profiling "unrolled_elementwise_kernel" - 6331: 0%....50%....100% - 18 passes
==PROF== Profiling "vectorized_elementwise_kernel" - 6332: 0%....50%....100% - 18 passes
==PROF== Profiling "reduce_kernel" - 6333: 0%....50%....100% - 18 passes
==PROF== Profiling "vectorized_elementwise_kernel" - 6334: 0%....50%....100% - 18 passes
==PROF== Profiling "vectorized_elementwise_kernel" - 6335: 0%....50%....100% - 18 passes
==PROF== Profiling "elementwise_kernel" - 6336: 0%....50%....100% - 18 passes
==PROF== Profiling "vectorized_elementwise_kernel" - 6337: 0%....50%....100% - 18 passes
==PROF== Profiling "elementwise_kernel" - 6338: 0%....50%....100% - 18 passes
==PROF== Profiling "kernel" - 6339: 0%....50%....100% - 18 passes
==PROF== Profiling "elementwise_kernel" - 6340: 0%....50%....100% - 18 passes
==PROF== Profiling "elementwise_kernel" - 6341: 0%....50%....100% - 18 passes
==PROF== Profiling "CatArrayBatchedCopy" - 6342: 0%....50%....100% - 18 passes
==PROF== Profiling "elementwise_kernel" - 6343: 0%....50%....100% - 18 passes
==PROF== Profiling "vectorized_elementwise_kernel" - 6344: 0%....50%....100% - 18 passes
==PROF== Profiling "elementwise_kernel" - 6345: 0%....50%....100% - 18 passes
==PROF== Profiling "elementwise_kernel" - 6346: 0%....50%....100% - 18 passes
==PROF== Profiling "CatArrayBatchedCopy" - 6347: 0%....50%....100% - 18 passes
==PROF== Profiling "elementwise_kernel" - 6348: 0%....50%....100% - 18 passes
==PROF== Profiling "vectorized_elementwise_kernel" - 6349: 0%....50%....100% - 18 passes
==PROF== Profiling "CatArrayBatchedCopy_vectorized" - 6350: 0%....50%....100% - 18 passes
==PROF== Profiling "CatArrayBatchedCopy_vectorized" - 6351: 0%....50%....100% - 18 passes
==PROF== Profiling "flash_fwd_splitkv_kernel" - 6352: 0%....50%....100% - 18 passes
==PROF== Profiling "flash_fwd_splitkv_combine_ker..." - 6353: 0%....50%....100% - 18 passes
==PROF== Profiling "kernel" - 6354: 0%....50%....100% - 18 passes
==PROF== Profiling "vectorized_elementwise_kernel" - 6355: 0%....50%....100% - 18 passes
==PROF== Profiling "unrolled_elementwise_kernel" - 6356: 0%....50%....100% - 18 passes
==PROF== Profiling "vectorized_elementwise_kernel" - 6357: 0%....50%....100% - 18 passes
==PROF== Profiling "reduce_kernel" - 6358: 0%....50%....100% - 18 passes
==PROF== Profiling "vectorized_elementwise_kernel" - 6359: 0%....50%....100% - 18 passes
==PROF== Profiling "vectorized_elementwise_kernel" - 6360: 0%....50%....100% - 18 passes
==PROF== Profiling "elementwise_kernel" - 6361: 0%....50%....100% - 18 passes
==PROF== Profiling "vectorized_elementwise_kernel" - 6362: 0%....50%....100% - 18 passes
==PROF== Profiling "vectorized_elementwise_kernel" - 6363: 0%....50%....100% - 18 passes
==PROF== Profiling "kernel" - 6364: 0%....50%....100% - 18 passes
==PROF== Profiling "vectorized_elementwise_kernel" - 6365: 0%....50%....100% - 18 passes
==PROF== Profiling "kernel" - 6366: 0%....50%....100% - 18 passes
==PROF== Profiling "vectorized_elementwise_kernel" - 6367: 0%....50%....100% - 18 passes
==PROF== Profiling "kernel" - 6368: 0%....50%....100% - 18 passes
==PROF== Profiling "vectorized_elementwise_kernel" - 6369: 0%....50%....100% - 18 passes
==PROF== Profiling "unrolled_elementwise_kernel" - 6370: 0%....50%....100% - 18 passes
==PROF== Profiling "vectorized_elementwise_kernel" - 6371: 0%....50%....100% - 18 passes
==PROF== Profiling "reduce_kernel" - 6372: 0%....50%....100% - 18 passes
==PROF== Profiling "vectorized_elementwise_kernel" - 6373: 0%....50%....100% - 18 passes
==PROF== Profiling "vectorized_elementwise_kernel" - 6374: 0%....50%....100% - 18 passes
==PROF== Profiling "elementwise_kernel" - 6375: 0%....50%....100% - 18 passes
==PROF== Profiling "vectorized_elementwise_kernel" - 6376: 0%....50%....100% - 18 passes
==PROF== Profiling "vectorized_elementwise_kernel" - 6377: 0%....50%....100% - 18 passes
==PROF== Profiling "kernel" - 6378: 0%....50%....100% - 18 passes
==PROF== Profiling "unrolled_elementwise_kernel" - 6379: 0%....50%....100% - 18 passes
==PROF== Profiling "vectorized_elementwise_kernel" - 6380: 0%....50%....100% - 18 passes
==PROF== Profiling "reduce_kernel" - 6381: 0%....50%....100% - 18 passes
==PROF== Profiling "vectorized_elementwise_kernel" - 6382: 0%....50%....100% - 18 passes
==PROF== Profiling "vectorized_elementwise_kernel" - 6383: 0%....50%....100% - 18 passes
==PROF== Profiling "elementwise_kernel" - 6384: 0%....50%....100% - 18 passes
==PROF== Profiling "vectorized_elementwise_kernel" - 6385: 0%....50%....100% - 18 passes
==PROF== Profiling "elementwise_kernel" - 6386: 0%....50%....100% - 18 passes
==PROF== Profiling "kernel" - 6387: 0%....50%....100% - 18 passes
==PROF== Profiling "unrolled_elementwise_kernel" - 6388: 0%....50%....100% - 18 passes
==PROF== Profiling "vectorized_elementwise_kernel" - 6389: 0%....50%....100% - 18 passes
==PROF== Profiling "reduce_kernel" - 6390: 0%....50%....100% - 18 passes
==PROF== Profiling "vectorized_elementwise_kernel" - 6391: 0%....50%....100% - 18 passes
==PROF== Profiling "vectorized_elementwise_kernel" - 6392: 0%....50%....100% - 18 passes
==PROF== Profiling "elementwise_kernel" - 6393: 0%....50%....100% - 18 passes
==PROF== Profiling "vectorized_elementwise_kernel" - 6394: 0%....50%....100% - 18 passes
==PROF== Profiling "elementwise_kernel" - 6395: 0%....50%....100% - 18 passes
==PROF== Profiling "kernel" - 6396: 0%....50%....100% - 18 passes
==PROF== Profiling "elementwise_kernel" - 6397: 0%....50%....100% - 18 passes
==PROF== Profiling "elementwise_kernel" - 6398: 0%....50%....100% - 18 passes
==PROF== Profiling "CatArrayBatchedCopy" - 6399: 0%....50%....100% - 18 passes
==PROF== Profiling "elementwise_kernel" - 6400: 0%....50%....100% - 18 passes
==PROF== Profiling "vectorized_elementwise_kernel" - 6401: 0%....50%....100% - 18 passes
==PROF== Profiling "elementwise_kernel" - 6402: 0%....50%....100% - 18 passes
==PROF== Profiling "elementwise_kernel" - 6403: 0%....50%....100% - 18 passes
==PROF== Profiling "CatArrayBatchedCopy" - 6404: 0%....50%....100% - 18 passes
==PROF== Profiling "elementwise_kernel" - 6405: 0%....50%....100% - 18 passes
==PROF== Profiling "vectorized_elementwise_kernel" - 6406: 0%....50%....100% - 18 passes
==PROF== Profiling "CatArrayBatchedCopy_vectorized" - 6407: 0%....50%....100% - 18 passes
==PROF== Profiling "CatArrayBatchedCopy_vectorized" - 6408: 0%....50%....100% - 18 passes
==PROF== Profiling "flash_fwd_splitkv_kernel" - 6409: 0%....50%....100% - 18 passes
==PROF== Profiling "flash_fwd_splitkv_combine_ker..." - 6410: 0%....50%....100% - 18 passes
==PROF== Profiling "kernel" - 6411: 0%....50%....100% - 18 passes
==PROF== Profiling "vectorized_elementwise_kernel" - 6412: 0%....50%....100% - 18 passes
==PROF== Profiling "unrolled_elementwise_kernel" - 6413: 0%....50%....100% - 18 passes
==PROF== Profiling "vectorized_elementwise_kernel" - 6414: 0%....50%....100% - 18 passes
==PROF== Profiling "reduce_kernel" - 6415: 0%....50%....100% - 18 passes
==PROF== Profiling "vectorized_elementwise_kernel" - 6416: 0%....50%....100% - 18 passes
==PROF== Profiling "vectorized_elementwise_kernel" - 6417: 0%....50%....100% - 18 passes
==PROF== Profiling "elementwise_kernel" - 6418: 0%....50%....100% - 18 passes
==PROF== Profiling "vectorized_elementwise_kernel" - 6419: 0%....50%....100% - 18 passes
==PROF== Profiling "vectorized_elementwise_kernel" - 6420: 0%....50%....100% - 18 passes
==PROF== Profiling "kernel" - 6421: 0%....50%....100% - 18 passes
==PROF== Profiling "vectorized_elementwise_kernel" - 6422: 0%....50%....100% - 18 passes
==PROF== Profiling "kernel" - 6423: 0%....50%....100% - 18 passes
==PROF== Profiling "vectorized_elementwise_kernel" - 6424: 0%....50%....100% - 18 passes
==PROF== Profiling "kernel" - 6425: 0%....50%....100% - 18 passes
==PROF== Profiling "vectorized_elementwise_kernel" - 6426: 0%....50%....100% - 18 passes
==PROF== Profiling "unrolled_elementwise_kernel" - 6427: 0%....50%....100% - 18 passes
==PROF== Profiling "vectorized_elementwise_kernel" - 6428: 0%....50%....100% - 18 passes
==PROF== Profiling "reduce_kernel" - 6429: 0%....50%....100% - 18 passes
==PROF== Profiling "vectorized_elementwise_kernel" - 6430: 0%....50%....100% - 18 passes
==PROF== Profiling "vectorized_elementwise_kernel" - 6431: 0%....50%....100% - 18 passes
==PROF== Profiling "elementwise_kernel" - 6432: 0%....50%....100% - 18 passes
==PROF== Profiling "vectorized_elementwise_kernel" - 6433: 0%....50%....100% - 18 passes
==PROF== Profiling "vectorized_elementwise_kernel" - 6434: 0%....50%....100% - 18 passes
==PROF== Profiling "kernel" - 6435: 0%....50%....100% - 18 passes
==PROF== Profiling "unrolled_elementwise_kernel" - 6436: 0%....50%....100% - 18 passes
==PROF== Profiling "vectorized_elementwise_kernel" - 6437: 0%....50%....100% - 18 passes
==PROF== Profiling "reduce_kernel" - 6438: 0%....50%....100% - 18 passes
==PROF== Profiling "vectorized_elementwise_kernel" - 6439: 0%....50%....100% - 18 passes
==PROF== Profiling "vectorized_elementwise_kernel" - 6440: 0%....50%....100% - 18 passes
==PROF== Profiling "elementwise_kernel" - 6441: 0%....50%....100% - 18 passes
==PROF== Profiling "vectorized_elementwise_kernel" - 6442: 0%....50%....100% - 18 passes
==PROF== Profiling "elementwise_kernel" - 6443: 0%....50%....100% - 18 passes
==PROF== Profiling "kernel" - 6444: 0%....50%....100% - 18 passes
==PROF== Profiling "unrolled_elementwise_kernel" - 6445: 0%....50%....100% - 18 passes
==PROF== Profiling "vectorized_elementwise_kernel" - 6446: 0%....50%....100% - 18 passes
==PROF== Profiling "reduce_kernel" - 6447: 0%....50%....100% - 18 passes
==PROF== Profiling "vectorized_elementwise_kernel" - 6448: 0%....50%....100% - 18 passes
==PROF== Profiling "vectorized_elementwise_kernel" - 6449: 0%....50%....100% - 18 passes
==PROF== Profiling "elementwise_kernel" - 6450: 0%....50%....100% - 18 passes
==PROF== Profiling "vectorized_elementwise_kernel" - 6451: 0%....50%....100% - 18 passes
==PROF== Profiling "elementwise_kernel" - 6452: 0%....50%....100% - 18 passes
==PROF== Profiling "kernel" - 6453: 0%....50%....100% - 18 passes
==PROF== Profiling "elementwise_kernel" - 6454: 0%....50%....100% - 18 passes
==PROF== Profiling "elementwise_kernel" - 6455: 0%....50%....100% - 18 passes
==PROF== Profiling "CatArrayBatchedCopy" - 6456: 0%....50%....100% - 18 passes
==PROF== Profiling "elementwise_kernel" - 6457: 0%....50%....100% - 18 passes
==PROF== Profiling "vectorized_elementwise_kernel" - 6458: 0%....50%....100% - 18 passes
==PROF== Profiling "elementwise_kernel" - 6459: 0%....50%....100% - 18 passes
==PROF== Profiling "elementwise_kernel" - 6460: 0%....50%....100% - 18 passes
==PROF== Profiling "CatArrayBatchedCopy" - 6461: 0%....50%....100% - 18 passes
==PROF== Profiling "elementwise_kernel" - 6462: 0%....50%....100% - 18 passes
==PROF== Profiling "vectorized_elementwise_kernel" - 6463: 0%....50%....100% - 18 passes
==PROF== Profiling "CatArrayBatchedCopy_vectorized" - 6464: 0%....50%....100% - 18 passes
==PROF== Profiling "CatArrayBatchedCopy_vectorized" - 6465: 0%....50%....100% - 18 passes
==PROF== Profiling "flash_fwd_splitkv_kernel" - 6466: 0%....50%....100% - 18 passes
==PROF== Profiling "flash_fwd_splitkv_combine_ker..." - 6467: 0%....50%....100% - 18 passes
==PROF== Profiling "kernel" - 6468: 0%....50%....100% - 18 passes
==PROF== Profiling "vectorized_elementwise_kernel" - 6469: 0%....50%....100% - 18 passes
==PROF== Profiling "unrolled_elementwise_kernel" - 6470: 0%....50%....100% - 18 passes
==PROF== Profiling "vectorized_elementwise_kernel" - 6471: 0%....50%....100% - 18 passes
==PROF== Profiling "reduce_kernel" - 6472: 0%....50%....100% - 18 passes
==PROF== Profiling "vectorized_elementwise_kernel" - 6473: 0%....50%....100% - 18 passes
==PROF== Profiling "vectorized_elementwise_kernel" - 6474: 0%....50%....100% - 18 passes
==PROF== Profiling "elementwise_kernel" - 6475: 0%....50%....100% - 18 passes
==PROF== Profiling "vectorized_elementwise_kernel" - 6476: 0%....50%....100% - 18 passes
==PROF== Profiling "vectorized_elementwise_kernel" - 6477: 0%....50%....100% - 18 passes
==PROF== Profiling "kernel" - 6478: 0%....50%....100% - 18 passes
==PROF== Profiling "vectorized_elementwise_kernel" - 6479: 0%....50%....100% - 18 passes
==PROF== Profiling "kernel" - 6480: 0%....50%....100% - 18 passes
==PROF== Profiling "vectorized_elementwise_kernel" - 6481: 0%....50%....100% - 18 passes
==PROF== Profiling "kernel" - 6482: 0%....50%....100% - 18 passes
==PROF== Profiling "vectorized_elementwise_kernel" - 6483: 0%....50%....100% - 18 passes
==PROF== Profiling "unrolled_elementwise_kernel" - 6484: 0%....50%....100% - 18 passes
==PROF== Profiling "vectorized_elementwise_kernel" - 6485: 0%....50%....100% - 18 passes
==PROF== Profiling "reduce_kernel" - 6486: 0%....50%....100% - 18 passes
==PROF== Profiling "vectorized_elementwise_kernel" - 6487: 0%....50%....100% - 18 passes
==PROF== Profiling "vectorized_elementwise_kernel" - 6488: 0%....50%....100% - 18 passes
==PROF== Profiling "elementwise_kernel" - 6489: 0%....50%....100% - 18 passes
==PROF== Profiling "vectorized_elementwise_kernel" - 6490: 0%....50%....100% - 18 passes
==PROF== Profiling "vectorized_elementwise_kernel" - 6491: 0%....50%....100% - 18 passes
==PROF== Profiling "kernel" - 6492: 0%....50%....100% - 18 passes
==PROF== Profiling "unrolled_elementwise_kernel" - 6493: 0%....50%....100% - 18 passes
==PROF== Profiling "vectorized_elementwise_kernel" - 6494: 0%....50%....100% - 18 passes
==PROF== Profiling "reduce_kernel" - 6495: 0%....50%....100% - 18 passes
==PROF== Profiling "vectorized_elementwise_kernel" - 6496: 0%....50%....100% - 18 passes
==PROF== Profiling "vectorized_elementwise_kernel" - 6497: 0%....50%....100% - 18 passes
==PROF== Profiling "elementwise_kernel" - 6498: 0%....50%....100% - 18 passes
==PROF== Profiling "vectorized_elementwise_kernel" - 6499: 0%....50%....100% - 18 passes
==PROF== Profiling "elementwise_kernel" - 6500: 0%....50%....100% - 18 passes
==PROF== Profiling "kernel" - 6501: 0%....50%....100% - 18 passes
==PROF== Profiling "unrolled_elementwise_kernel" - 6502: 0%....50%....100% - 18 passes
==PROF== Profiling "vectorized_elementwise_kernel" - 6503: 0%....50%....100% - 18 passes
==PROF== Profiling "reduce_kernel" - 6504: 0%....50%....100% - 18 passes
==PROF== Profiling "vectorized_elementwise_kernel" - 6505: 0%....50%....100% - 18 passes
==PROF== Profiling "vectorized_elementwise_kernel" - 6506: 0%....50%....100% - 18 passes
==PROF== Profiling "elementwise_kernel" - 6507: 0%....50%....100% - 18 passes
==PROF== Profiling "vectorized_elementwise_kernel" - 6508: 0%....50%....100% - 18 passes
==PROF== Profiling "elementwise_kernel" - 6509: 0%....50%....100% - 18 passes
==PROF== Profiling "kernel" - 6510: 0%....50%....100% - 18 passes
==PROF== Profiling "elementwise_kernel" - 6511: 0%....50%....100% - 18 passes
==PROF== Profiling "elementwise_kernel" - 6512: 0%....50%....100% - 18 passes
==PROF== Profiling "CatArrayBatchedCopy" - 6513: 0%....50%....100% - 18 passes
==PROF== Profiling "elementwise_kernel" - 6514: 0%....50%....100% - 18 passes
==PROF== Profiling "vectorized_elementwise_kernel" - 6515: 0%....50%....100% - 18 passes
==PROF== Profiling "elementwise_kernel" - 6516: 0%....50%....100% - 18 passes
==PROF== Profiling "elementwise_kernel" - 6517: 0%....50%....100% - 18 passes
==PROF== Profiling "CatArrayBatchedCopy" - 6518: 0%....50%....100% - 18 passes
==PROF== Profiling "elementwise_kernel" - 6519: 0%....50%....100% - 18 passes
==PROF== Profiling "vectorized_elementwise_kernel" - 6520: 0%....50%....100% - 18 passes
==PROF== Profiling "CatArrayBatchedCopy_vectorized" - 6521: 0%....50%....100% - 18 passes
==PROF== Profiling "CatArrayBatchedCopy_vectorized" - 6522: 0%....50%....100% - 18 passes
==PROF== Profiling "flash_fwd_splitkv_kernel" - 6523: 0%....50%....100% - 18 passes
==PROF== Profiling "flash_fwd_splitkv_combine_ker..." - 6524: 0%....50%....100% - 18 passes
==PROF== Profiling "kernel" - 6525: 0%....50%....100% - 18 passes
==PROF== Profiling "vectorized_elementwise_kernel" - 6526: 0%....50%....100% - 18 passes
==PROF== Profiling "unrolled_elementwise_kernel" - 6527: 0%....50%....100% - 18 passes
==PROF== Profiling "vectorized_elementwise_kernel" - 6528: 0%....50%....100% - 18 passes
==PROF== Profiling "reduce_kernel" - 6529: 0%....50%....100% - 18 passes
==PROF== Profiling "vectorized_elementwise_kernel" - 6530: 0%....50%....100% - 18 passes
==PROF== Profiling "vectorized_elementwise_kernel" - 6531: 0%....50%....100% - 18 passes
==PROF== Profiling "elementwise_kernel" - 6532: 0%....50%....100% - 18 passes
==PROF== Profiling "vectorized_elementwise_kernel" - 6533: 0%....50%....100% - 18 passes
==PROF== Profiling "vectorized_elementwise_kernel" - 6534: 0%....50%....100% - 18 passes
==PROF== Profiling "kernel" - 6535: 0%....50%....100% - 18 passes
==PROF== Profiling "vectorized_elementwise_kernel" - 6536: 0%....50%....100% - 18 passes
==PROF== Profiling "kernel" - 6537: 0%....50%....100% - 18 passes
==PROF== Profiling "vectorized_elementwise_kernel" - 6538: 0%....50%....100% - 18 passes
==PROF== Profiling "kernel" - 6539: 0%....50%....100% - 18 passes
==PROF== Profiling "vectorized_elementwise_kernel" - 6540: 0%....50%....100% - 18 passes
==PROF== Profiling "unrolled_elementwise_kernel" - 6541: 0%....50%....100% - 18 passes
==PROF== Profiling "vectorized_elementwise_kernel" - 6542: 0%....50%....100% - 18 passes
==PROF== Profiling "reduce_kernel" - 6543: 0%....50%....100% - 18 passes
==PROF== Profiling "vectorized_elementwise_kernel" - 6544: 0%....50%....100% - 18 passes
==PROF== Profiling "vectorized_elementwise_kernel" - 6545: 0%....50%....100% - 18 passes
==PROF== Profiling "elementwise_kernel" - 6546: 0%....50%....100% - 18 passes
==PROF== Profiling "vectorized_elementwise_kernel" - 6547: 0%....50%....100% - 18 passes
==PROF== Profiling "vectorized_elementwise_kernel" - 6548: 0%....50%....100% - 18 passes
==PROF== Profiling "kernel" - 6549: 0%....50%....100% - 18 passes
==PROF== Profiling "unrolled_elementwise_kernel" - 6550: 0%....50%....100% - 18 passes
==PROF== Profiling "vectorized_elementwise_kernel" - 6551: 0%....50%....100% - 18 passes
==PROF== Profiling "reduce_kernel" - 6552: 0%....50%....100% - 18 passes
==PROF== Profiling "vectorized_elementwise_kernel" - 6553: 0%....50%....100% - 18 passes
==PROF== Profiling "vectorized_elementwise_kernel" - 6554: 0%....50%....100% - 18 passes
==PROF== Profiling "elementwise_kernel" - 6555: 0%....50%....100% - 18 passes
==PROF== Profiling "vectorized_elementwise_kernel" - 6556: 0%....50%....100% - 18 passes
==PROF== Profiling "elementwise_kernel" - 6557: 0%....50%....100% - 18 passes
==PROF== Profiling "kernel" - 6558: 0%....50%....100% - 18 passes
==PROF== Profiling "unrolled_elementwise_kernel" - 6559: 0%....50%....100% - 18 passes
==PROF== Profiling "vectorized_elementwise_kernel" - 6560: 0%....50%....100% - 18 passes
==PROF== Profiling "reduce_kernel" - 6561: 0%....50%....100% - 18 passes
==PROF== Profiling "vectorized_elementwise_kernel" - 6562: 0%....50%....100% - 18 passes
==PROF== Profiling "vectorized_elementwise_kernel" - 6563: 0%....50%....100% - 18 passes
==PROF== Profiling "elementwise_kernel" - 6564: 0%....50%....100% - 18 passes
==PROF== Profiling "vectorized_elementwise_kernel" - 6565: 0%....50%....100% - 18 passes
==PROF== Profiling "elementwise_kernel" - 6566: 0%....50%....100% - 18 passes
==PROF== Profiling "kernel" - 6567: 0%....50%....100% - 18 passes
==PROF== Profiling "elementwise_kernel" - 6568: 0%....50%....100% - 18 passes
==PROF== Profiling "elementwise_kernel" - 6569: 0%....50%....100% - 18 passes
==PROF== Profiling "CatArrayBatchedCopy" - 6570: 0%....50%....100% - 18 passes
==PROF== Profiling "elementwise_kernel" - 6571: 0%....50%....100% - 18 passes
==PROF== Profiling "vectorized_elementwise_kernel" - 6572: 0%....50%....100% - 18 passes
==PROF== Profiling "elementwise_kernel" - 6573: 0%....50%....100% - 18 passes
==PROF== Profiling "elementwise_kernel" - 6574: 0%....50%....100% - 18 passes
==PROF== Profiling "CatArrayBatchedCopy" - 6575: 0%....50%....100% - 18 passes
==PROF== Profiling "elementwise_kernel" - 6576: 0%....50%....100% - 18 passes
==PROF== Profiling "vectorized_elementwise_kernel" - 6577: 0%....50%....100% - 18 passes
==PROF== Profiling "CatArrayBatchedCopy_vectorized" - 6578: 0%....50%....100% - 18 passes
==PROF== Profiling "CatArrayBatchedCopy_vectorized" - 6579: 0%....50%....100% - 18 passes
==PROF== Profiling "flash_fwd_splitkv_kernel" - 6580: 0%....50%....100% - 18 passes
==PROF== Profiling "flash_fwd_splitkv_combine_ker..." - 6581: 0%....50%....100% - 18 passes
==PROF== Profiling "kernel" - 6582: 0%....50%....100% - 18 passes
==PROF== Profiling "vectorized_elementwise_kernel" - 6583: 0%....50%....100% - 18 passes
==PROF== Profiling "unrolled_elementwise_kernel" - 6584: 0%....50%....100% - 18 passes
==PROF== Profiling "vectorized_elementwise_kernel" - 6585: 0%....50%....100% - 18 passes
==PROF== Profiling "reduce_kernel" - 6586: 0%....50%....100% - 18 passes
==PROF== Profiling "vectorized_elementwise_kernel" - 6587: 0%....50%....100% - 18 passes
==PROF== Profiling "vectorized_elementwise_kernel" - 6588: 0%....50%....100% - 18 passes
==PROF== Profiling "elementwise_kernel" - 6589: 0%....50%....100% - 18 passes
==PROF== Profiling "vectorized_elementwise_kernel" - 6590: 0%....50%....100% - 18 passes
==PROF== Profiling "vectorized_elementwise_kernel" - 6591: 0%....50%....100% - 18 passes
==PROF== Profiling "kernel" - 6592: 0%....50%....100% - 18 passes
==PROF== Profiling "vectorized_elementwise_kernel" - 6593: 0%....50%....100% - 18 passes
==PROF== Profiling "kernel" - 6594: 0%....50%....100% - 18 passes
==PROF== Profiling "vectorized_elementwise_kernel" - 6595: 0%....50%....100% - 18 passes
==PROF== Profiling "kernel" - 6596: 0%....50%....100% - 18 passes
==PROF== Profiling "vectorized_elementwise_kernel" - 6597: 0%....50%....100% - 18 passes
==PROF== Profiling "unrolled_elementwise_kernel" - 6598: 0%....50%....100% - 18 passes
==PROF== Profiling "vectorized_elementwise_kernel" - 6599: 0%....50%....100% - 18 passes
==PROF== Profiling "reduce_kernel" - 6600: 0%....50%....100% - 18 passes
==PROF== Profiling "vectorized_elementwise_kernel" - 6601: 0%....50%....100% - 18 passes
==PROF== Profiling "vectorized_elementwise_kernel" - 6602: 0%....50%....100% - 18 passes
==PROF== Profiling "elementwise_kernel" - 6603: 0%....50%....100% - 18 passes
==PROF== Profiling "vectorized_elementwise_kernel" - 6604: 0%....50%....100% - 18 passes
==PROF== Profiling "vectorized_elementwise_kernel" - 6605: 0%....50%....100% - 18 passes
==PROF== Profiling "kernel" - 6606: 0%....50%....100% - 18 passes
==PROF== Profiling "reduce_kernel" - 6607: 0%....50%....100% - 18 passes
{
  "observed": {
    "operator_events": 124,
    "expected_operator_events": 124,
    "total_events": 135
  },
  "timing": {
    "started": 15258717866700,
    "warmup_done": 15260155575200,
    "finished": 24038992629035,
    "warmup_wall_ms": 1437.7085,
    "measured_wall_ms": 8778837.053835
  },
  "pass": true,
  "probe": " Paris. The"
}
==PROF== Disconnected from process 30923
==PROF== Report: /workspace/AgentSys/artifacts/gpu_autotrace/llm/g04_ncu_hardware/react_tool/react_tool_measured_iter0.ncu-rep
