workload,phase,iteration,call_id,op_index,op_type,kind,family,name,correlation_id,api_name,api_start,api_end,gpu_start,gpu_end,gpu_ns,stream,grid,block,registers,static_smem,dynamic_smem,bytes
planner_debate_L_it1,warmup,0,planner-seed,,call_overhead,memcpy,memcpy,memcpy_Host-to-Device,283,cudaMemcpyAsync_v3020,2552755704,2552785837,2552783549,2553886654,1103105,7,0x0x0,0x0x0,0,0,0,25690112
planner_debate_L_it1,warmup,0,planner-seed,,call_overhead,kernel,rng_init,"void at::native::<unnamed>::distribution_elementwise_grid_stride_kernel<float, (int)4, void at::native::templates::cuda::normal_and_transform<c10::Half, float, at::CUDAGeneratorImpl *, void at::native::templates::cuda::normal_kernel<at::CUDAGeneratorImpl *>(const at::TensorBase &, double, double, T1)::[lambda() (instance 1)]::operator ()() const::[lambda() (instance 3)]::operator ()() const::[lambda(float) (instance 1)]>(at::TensorIteratorBase &, T3, T4)::[lambda(curandStatePhilox4_32_10 *) (instance 2)], void at::native::<unnamed>::distribution_nullary_kernel<c10::Half, float, float4, at::CUDAGeneratorImpl *, void at::native::templates::cuda::normal_and_transform<c10::Half, float, at::CUDAGeneratorImpl *, void at::native::templates::cuda::normal_kernel<at::CUDAGeneratorImpl *>(const at::TensorBase &, double, double, T1)::[lambda() (instance 1)]::operator ()() const::[lambda() (instance 3)]::operator ()() const::[lambda(float) (instance 1)]>(at::TensorIteratorBase &, T3, T4)::[lambda(curandStatePhilox4_32_10 *) (instance 2)], void at::native::templates::cuda::normal_kernel<at::CUDAGeneratorImpl *>(const at::TensorBase &, double, double, T1)::[lambda() (instance 1)]::operator ()() const::[lambda() (instance 3)]::operator ()() const::[lambda(float) (instance 1)]>(at::TensorIteratorBase &, T4, const T5 &, T6)::[lambda(int, float) (instance 1)]>(long, at::PhiloxCudaState, T3, T4)",340,cudaLaunchKernel_v7000,2554195080,2555842490,2555836006,2555864069,28063,7,768x1x1,256x1x1,40,0,0,0
planner_debate_L_it1,warmup,0,planner-seed,,call_overhead,kernel,elementwise_binary,"void at::native::vectorized_elementwise_kernel<(int)8, at::native::BUnaryFunctor<c10::Half, c10::Half, c10::Half, at::native::binary_internal::MulFunctor<float>>, std::array<char *, (unsigned long)2>>(int, T2, T3)",354,cudaLaunchKernel_v7000,2556145285,2574505851,2574497106,2574514578,17472,7,12544x1x1,128x1x1,20,0,0,0
planner_debate_L_it1,warmup,0,planner-seed,6,RMSNormOp,kernel,copy,"void at::native::unrolled_elementwise_kernel<at::native::direct_copy_kernel_cuda(at::TensorIteratorBase &)::[lambda() (instance 3)]::operator ()() const::[lambda() (instance 7)]::operator ()() const::[lambda(float) (instance 1)], std::array<char *, (unsigned long)2>, (int)8, TrivialOffsetCalculator<(int)1, unsigned int>, TrivialOffsetCalculator<(int)1, unsigned int>, at::native::memory::LoadWithCast<(int)1>, at::native::memory::StoreWithCast<(int)1>>(int, T1, T2, T4, T5, T6, T7)",381,cudaLaunchKernel_v7000,2575187298,2592677796,2592664813,2592738411,73598,7,12544x1x1,128x1x1,38,0,0,0
planner_debate_L_it1,warmup,0,planner-seed,6,RMSNormOp,kernel,elementwise_unary,"void at::native::vectorized_elementwise_kernel<(int)4, void at::native::<unnamed>::pow_tensor_scalar_kernel_impl<float, float>(at::TensorIteratorBase &, T2)::[lambda(float) (instance 1)], std::array<char *, (unsigned long)2>>(int, T2, T3)",396,cudaLaunchKernel_v7000,2592956006,2645308085,2645316848,2645395342,78494,7,12544x1x1,128x1x1,20,0,0,0
planner_debate_L_it1,warmup,0,planner-seed,6,RMSNormOp,kernel,reduce,"void at::native::reduce_kernel<(int)512, (int)1, at::native::ReduceOp<float, at::native::MeanOps<float, float, float, float>, unsigned int, float, (int)4, (int)4>>(T3)",414,cudaLaunchKernel_v7000,2645675976,2655588120,2655576140,2655596107,19967,7,224x1x1,32x16x1,26,16,0,0
planner_debate_L_it1,warmup,0,planner-seed,6,RMSNormOp,kernel,elementwise_binary,"void at::native::vectorized_elementwise_kernel<(int)4, at::native::CUDAFunctorOnSelf_add<float>, std::array<char *, (unsigned long)2>>(int, T2, T3)",420,cudaLaunchKernel_v7000,2655723252,2673511764,2673501773,2673503085,1312,7,4x1x1,128x1x1,20,0,0,0
planner_debate_L_it1,warmup,0,planner-seed,6,RMSNormOp,kernel,elementwise_unary,"void at::native::vectorized_elementwise_kernel<(int)4, at::native::rsqrt_kernel_cuda(at::TensorIteratorBase &)::[lambda() (instance 2)]::operator ()() const::[lambda() (instance 2)]::operator ()() const::[lambda(float) (instance 1)], std::array<char *, (unsigned long)2>>(int, T2, T3)",430,cudaLaunchKernel_v7000,2673627913,2701193402,2701208408,2701209527,1119,7,4x1x1,128x1x1,26,0,0,0
planner_debate_L_it1,warmup,0,planner-seed,6,RMSNormOp,kernel,elementwise_binary,"void at::native::elementwise_kernel<(int)128, (int)2, void at::native::gpu_kernel_impl_nocast<at::native::BinaryFunctor<float, float, float, at::native::binary_internal::MulFunctor<float>>>(at::TensorIteratorBase &, const T1 &)::[lambda(int) (instance 1)]>(int, T3)",440,cudaLaunchKernel_v7000,2701304519,2711745032,2711731308,2711827945,96637,7,50176x1x1,128x1x1,16,0,0,0
planner_debate_L_it1,warmup,0,planner-seed,6,RMSNormOp,kernel,copy,"void at::native::vectorized_elementwise_kernel<(int)8, at::native::float16_copy_kernel_cuda(at::TensorIteratorBase &)::[lambda(float) (instance 1)], std::array<char *, (unsigned long)2>>(int, T2, T3)",453,cudaLaunchKernel_v7000,2711849651,2711881779,2711881191,2711943430,62239,7,12544x1x1,128x1x1,22,0,0,0
planner_debate_L_it1,warmup,0,planner-seed,7,AddOp,kernel,elementwise_binary,"void at::native::vectorized_elementwise_kernel<(int)8, at::native::CUDAFunctorOnSelf_add<c10::Half>, std::array<char *, (unsigned long)2>>(int, T2, T3)",497,cudaLaunchKernel_v7000,2712258400,2712302548,2712300859,2712315643,14784,7,12544x1x1,128x1x1,22,0,0,0
planner_debate_L_it1,warmup,0,planner-seed,8,RMSNormOp,kernel,copy,"void at::native::unrolled_elementwise_kernel<at::native::direct_copy_kernel_cuda(at::TensorIteratorBase &)::[lambda() (instance 3)]::operator ()() const::[lambda() (instance 7)]::operator ()() const::[lambda(float) (instance 1)], std::array<char *, (unsigned long)2>, (int)8, TrivialOffsetCalculator<(int)1, unsigned int>, TrivialOffsetCalculator<(int)1, unsigned int>, at::native::memory::LoadWithCast<(int)1>, at::native::memory::StoreWithCast<(int)1>>(int, T1, T2, T4, T5, T6, T7)",543,cudaLaunchKernel_v7000,2712461281,2712475111,2712473655,2712520981,47326,7,12544x1x1,128x1x1,38,0,0,0
planner_debate_L_it1,warmup,0,planner-seed,8,RMSNormOp,kernel,elementwise_unary,"void at::native::vectorized_elementwise_kernel<(int)4, void at::native::<unnamed>::pow_tensor_scalar_kernel_impl<float, float>(at::TensorIteratorBase &, T2)::[lambda(float) (instance 1)], std::array<char *, (unsigned long)2>>(int, T2, T3)",554,cudaLaunchKernel_v7000,2712498702,2712506695,2712521621,2712598995,77374,7,12544x1x1,128x1x1,20,0,0,0
planner_debate_L_it1,warmup,0,planner-seed,8,RMSNormOp,kernel,reduce,"void at::native::reduce_kernel<(int)512, (int)1, at::native::ReduceOp<float, at::native::MeanOps<float, float, float, float>, unsigned int, float, (int)4, (int)4>>(T3)",568,cudaLaunchKernel_v7000,2712533303,2712540570,2712599635,2712620658,21023,7,224x1x1,32x16x1,26,16,0,0
planner_debate_L_it1,warmup,0,planner-seed,8,RMSNormOp,kernel,elementwise_binary,"void at::native::vectorized_elementwise_kernel<(int)4, at::native::CUDAFunctorOnSelf_add<float>, std::array<char *, (unsigned long)2>>(int, T2, T3)",574,cudaLaunchKernel_v7000,2712559990,2712567607,2712621554,2712622738,1184,7,4x1x1,128x1x1,20,0,0,0
planner_debate_L_it1,warmup,0,planner-seed,8,RMSNormOp,kernel,elementwise_unary,"void at::native::vectorized_elementwise_kernel<(int)4, at::native::rsqrt_kernel_cuda(at::TensorIteratorBase &)::[lambda() (instance 2)]::operator ()() const::[lambda() (instance 2)]::operator ()() const::[lambda(float) (instance 1)], std::array<char *, (unsigned long)2>>(int, T2, T3)",584,cudaLaunchKernel_v7000,2712583893,2712589751,2712623410,2712624498,1088,7,4x1x1,128x1x1,26,0,0,0
planner_debate_L_it1,warmup,0,planner-seed,8,RMSNormOp,kernel,elementwise_binary,"void at::native::elementwise_kernel<(int)128, (int)2, void at::native::gpu_kernel_impl_nocast<at::native::BinaryFunctor<float, float, float, at::native::binary_internal::MulFunctor<float>>>(at::TensorIteratorBase &, const T1 &)::[lambda(int) (instance 1)]>(int, T3)",594,cudaLaunchKernel_v7000,2712608485,2712621842,2712625138,2712712336,87198,7,50176x1x1,128x1x1,16,0,0,0
planner_debate_L_it1,warmup,0,planner-seed,8,RMSNormOp,kernel,copy,"void at::native::vectorized_elementwise_kernel<(int)8, at::native::float16_copy_kernel_cuda(at::TensorIteratorBase &)::[lambda(float) (instance 1)], std::array<char *, (unsigned long)2>>(int, T2, T3)",607,cudaLaunchKernel_v7000,2712639722,2712646418,2712713520,2712769550,56030,7,12544x1x1,128x1x1,22,0,0,0
planner_debate_L_it1,warmup,0,planner-seed,10,LinearOp,kernel,gemm,void cutlass::Kernel2<cutlass_80_tensorop_f16_s16816gemm_relu_f16_64x64_32x6_nn_align8>(T1::Params),2454,cuLaunchKernel,2917753361,2917788639,2917783356,2918419562,636206,7,448x7x1,128x1x1,96,0,49152,0
planner_debate_L_it1,warmup,0,planner-seed,11,LinearOp,kernel,gemm,void cutlass::Kernel2<cutlass_80_tensorop_f16_s16816gemm_relu_f16_64x64_32x6_nn_align8>(T1::Params),2506,cuLaunchKernel,2918649973,2918665463,2918663939,2919295633,631694,7,448x7x1,128x1x1,96,0,49152,0
planner_debate_L_it1,warmup,0,planner-seed,12,LinearOp,kernel,gemm,void cutlass::Kernel2<cutlass_80_tensorop_f16_s16816gemm_relu_f16_64x64_32x6_nn_align8>(T1::Params),2558,cuLaunchKernel,2919390515,2919401048,2919400622,2920032924,632302,7,448x7x1,128x1x1,96,0,49152,0
planner_debate_L_it1,warmup,0,planner-seed,14,TransposeOp,kernel,copy,"void at::native::elementwise_kernel<(int)128, (int)4, void at::native::gpu_kernel_impl_nocast<at::native::direct_copy_kernel_cuda(at::TensorIteratorBase &)::[lambda() (instance 3)]::operator ()() const::[lambda() (instance 10)]::operator ()() const::[lambda(c10::Half) (instance 1)]>(at::TensorIteratorBase &, const T1 &)::[lambda(int) (instance 1)]>(int, T3)",2637,cudaLaunchKernel_v7000,2920366436,2920471428,2920468783,2920648842,180059,7,25088x1x1,128x1x1,16,0,0,0
planner_debate_L_it1,warmup,0,critic-a,,call_overhead,memcpy,memcpy,memcpy_Device-to-Host,2685,cudaMemcpyAsync_v3020,2935003136,2935025858,2935024465,2936052723,1028258,7,0x0x0,0x0x0,0,0,0,25690112
planner_debate_L_it1,warmup,0,critic-a,,call_overhead,memcpy,memcpy,memcpy_Host-to-Device,2749,cudaMemcpyAsync_v3020,3082237677,3082268313,3082266061,3084219029,1952968,7,0x0x0,0x0x0,0,0,0,33554432
planner_debate_L_it1,warmup,0,critic-a,,call_overhead,kernel,rng_init,"void at::native::<unnamed>::distribution_elementwise_grid_stride_kernel<float, (int)4, void at::native::templates::cuda::normal_and_transform<c10::Half, float, at::CUDAGeneratorImpl *, void at::native::templates::cuda::normal_kernel<at::CUDAGeneratorImpl *>(const at::TensorBase &, double, double, T1)::[lambda() (instance 1)]::operator ()() const::[lambda() (instance 3)]::operator ()() const::[lambda(float) (instance 1)]>(at::TensorIteratorBase &, T3, T4)::[lambda(curandStatePhilox4_32_10 *) (instance 2)], void at::native::<unnamed>::distribution_nullary_kernel<c10::Half, float, float4, at::CUDAGeneratorImpl *, void at::native::templates::cuda::normal_and_transform<c10::Half, float, at::CUDAGeneratorImpl *, void at::native::templates::cuda::normal_kernel<at::CUDAGeneratorImpl *>(const at::TensorBase &, double, double, T1)::[lambda() (instance 1)]::operator ()() const::[lambda() (instance 3)]::operator ()() const::[lambda(float) (instance 1)]>(at::TensorIteratorBase &, T3, T4)::[lambda(curandStatePhilox4_32_10 *) (instance 2)], void at::native::templates::cuda::normal_kernel<at::CUDAGeneratorImpl *>(const at::TensorBase &, double, double, T1)::[lambda() (instance 1)]::operator ()() const::[lambda() (instance 3)]::operator ()() const::[lambda(float) (instance 1)]>(at::TensorIteratorBase &, T4, const T5 &, T6)::[lambda(int, float) (instance 1)]>(long, at::PhiloxCudaState, T3, T4)",2802,cudaLaunchKernel_v7000,3084340659,3084377518,3084438383,3084474254,35871,7,768x1x1,256x1x1,40,0,0,0
planner_debate_L_it1,warmup,0,critic-a,,call_overhead,kernel,elementwise_binary,"void at::native::vectorized_elementwise_kernel<(int)8, at::native::BUnaryFunctor<c10::Half, c10::Half, c10::Half, at::native::binary_internal::MulFunctor<float>>, std::array<char *, (unsigned long)2>>(int, T2, T3)",2816,cudaLaunchKernel_v7000,3084709177,3084728617,3084727751,3084748294,20543,7,16384x1x1,128x1x1,20,0,0,0
planner_debate_L_it1,warmup,0,critic-a,6,RMSNormOp,kernel,copy,"void at::native::unrolled_elementwise_kernel<at::native::direct_copy_kernel_cuda(at::TensorIteratorBase &)::[lambda() (instance 3)]::operator ()() const::[lambda() (instance 7)]::operator ()() const::[lambda(float) (instance 1)], std::array<char *, (unsigned long)2>, (int)8, TrivialOffsetCalculator<(int)1, unsigned int>, TrivialOffsetCalculator<(int)1, unsigned int>, at::native::memory::LoadWithCast<(int)1>, at::native::memory::StoreWithCast<(int)1>>(int, T1, T2, T4, T5, T6, T7)",2843,cudaLaunchKernel_v7000,3085020245,3085038832,3085037086,3085151642,114556,7,16384x1x1,128x1x1,38,0,0,0
planner_debate_L_it1,warmup,0,critic-a,6,RMSNormOp,kernel,elementwise_unary,"void at::native::vectorized_elementwise_kernel<(int)4, void at::native::<unnamed>::pow_tensor_scalar_kernel_impl<float, float>(at::TensorIteratorBase &, T2)::[lambda(float) (instance 1)], std::array<char *, (unsigned long)2>>(int, T2, T3)",2858,cudaLaunchKernel_v7000,3085168696,3085182219,3085180698,3085324598,143900,7,16384x1x1,128x1x1,20,0,0,0
planner_debate_L_it1,warmup,0,critic-a,6,RMSNormOp,kernel,reduce,"void at::native::reduce_kernel<(int)512, (int)1, at::native::ReduceOp<float, at::native::MeanOps<float, float, float, float>, unsigned int, float, (int)4, (int)4>>(T3)",2872,cudaLaunchKernel_v7000,3085210900,3085220845,3085325334,3085360469,35135,7,256x1x1,32x16x1,26,16,0,0
planner_debate_L_it1,warmup,0,critic-a,6,RMSNormOp,kernel,elementwise_binary,"void at::native::vectorized_elementwise_kernel<(int)4, at::native::CUDAFunctorOnSelf_add<float>, std::array<char *, (unsigned long)2>>(int, T2, T3)",2878,cudaLaunchKernel_v7000,3085243784,3085251609,3085361204,3085362452,1248,7,4x1x1,128x1x1,20,0,0,0
planner_debate_L_it1,warmup,0,critic-a,6,RMSNormOp,kernel,elementwise_unary,"void at::native::vectorized_elementwise_kernel<(int)4, at::native::rsqrt_kernel_cuda(at::TensorIteratorBase &)::[lambda() (instance 2)]::operator ()() const::[lambda() (instance 2)]::operator ()() const::[lambda(float) (instance 1)], std::array<char *, (unsigned long)2>>(int, T2, T3)",2888,cudaLaunchKernel_v7000,3085269717,3085276965,3085363188,3085364308,1120,7,4x1x1,128x1x1,26,0,0,0
planner_debate_L_it1,warmup,0,critic-a,6,RMSNormOp,kernel,elementwise_binary,"void at::native::elementwise_kernel<(int)128, (int)2, void at::native::gpu_kernel_impl_nocast<at::native::BinaryFunctor<float, float, float, at::native::binary_internal::MulFunctor<float>>>(at::TensorIteratorBase &, const T1 &)::[lambda(int) (instance 1)]>(int, T3)",2898,cudaLaunchKernel_v7000,3085298625,3085305636,3085364916,3085494225,129309,7,65536x1x1,128x1x1,16,0,0,0
planner_debate_L_it1,warmup,0,critic-a,6,RMSNormOp,kernel,copy,"void at::native::vectorized_elementwise_kernel<(int)8, at::native::float16_copy_kernel_cuda(at::TensorIteratorBase &)::[lambda(float) (instance 1)], std::array<char *, (unsigned long)2>>(int, T2, T3)",2911,cudaLaunchKernel_v7000,3085328489,3085335187,3085494993,3085588430,93437,7,16384x1x1,128x1x1,22,0,0,0
planner_debate_L_it1,warmup,0,critic-a,7,AddOp,kernel,elementwise_binary,"void at::native::vectorized_elementwise_kernel<(int)8, at::native::CUDAFunctorOnSelf_add<c10::Half>, std::array<char *, (unsigned long)2>>(int, T2, T3)",2955,cudaLaunchKernel_v7000,3085697256,3085708679,3085707979,3085732842,24863,7,16384x1x1,128x1x1,22,0,0,0
planner_debate_L_it1,warmup,0,critic-a,8,RMSNormOp,kernel,copy,"void at::native::unrolled_elementwise_kernel<at::native::direct_copy_kernel_cuda(at::TensorIteratorBase &)::[lambda() (instance 3)]::operator ()() const::[lambda() (instance 7)]::operator ()() const::[lambda(float) (instance 1)], std::array<char *, (unsigned long)2>, (int)8, TrivialOffsetCalculator<(int)1, unsigned int>, TrivialOffsetCalculator<(int)1, unsigned int>, at::native::memory::LoadWithCast<(int)1>, at::native::memory::StoreWithCast<(int)1>>(int, T1, T2, T4, T5, T6, T7)",3001,cudaLaunchKernel_v7000,3085824737,3085835735,3085834759,3085923780,89021,7,16384x1x1,128x1x1,38,0,0,0
planner_debate_L_it1,warmup,0,critic-a,8,RMSNormOp,kernel,elementwise_unary,"void at::native::vectorized_elementwise_kernel<(int)4, void at::native::<unnamed>::pow_tensor_scalar_kernel_impl<float, float>(at::TensorIteratorBase &, T2)::[lambda(float) (instance 1)], std::array<char *, (unsigned long)2>>(int, T2, T3)",3012,cudaLaunchKernel_v7000,3085851277,3085857722,3085924484,3086071168,146684,7,16384x1x1,128x1x1,20,0,0,0
planner_debate_L_it1,warmup,0,critic-a,8,RMSNormOp,kernel,reduce,"void at::native::reduce_kernel<(int)512, (int)1, at::native::ReduceOp<float, at::native::MeanOps<float, float, float, float>, unsigned int, float, (int)4, (int)4>>(T3)",3026,cudaLaunchKernel_v7000,3085875344,3085883047,3086071872,3086108191,36319,7,256x1x1,32x16x1,26,16,0,0
planner_debate_L_it1,warmup,0,critic-a,8,RMSNormOp,kernel,elementwise_binary,"void at::native::vectorized_elementwise_kernel<(int)4, at::native::CUDAFunctorOnSelf_add<float>, std::array<char *, (unsigned long)2>>(int, T2, T3)",3032,cudaLaunchKernel_v7000,3085895859,3085901728,3086108959,3086110239,1280,7,4x1x1,128x1x1,20,0,0,0
planner_debate_L_it1,warmup,0,critic-a,8,RMSNormOp,kernel,elementwise_unary,"void at::native::vectorized_elementwise_kernel<(int)4, at::native::rsqrt_kernel_cuda(at::TensorIteratorBase &)::[lambda() (instance 2)]::operator ()() const::[lambda() (instance 2)]::operator ()() const::[lambda(float) (instance 1)], std::array<char *, (unsigned long)2>>(int, T2, T3)",3042,cudaLaunchKernel_v7000,3085913812,3085919955,3086110975,3086112063,1088,7,4x1x1,128x1x1,26,0,0,0
planner_debate_L_it1,warmup,0,critic-a,8,RMSNormOp,kernel,elementwise_binary,"void at::native::elementwise_kernel<(int)128, (int)2, void at::native::gpu_kernel_impl_nocast<at::native::BinaryFunctor<float, float, float, at::native::binary_internal::MulFunctor<float>>>(at::TensorIteratorBase &, const T1 &)::[lambda(int) (instance 1)]>(int, T3)",3052,cudaLaunchKernel_v7000,3085934941,3085941421,3086112703,3086241147,128444,7,65536x1x1,128x1x1,16,0,0,0
planner_debate_L_it1,warmup,0,critic-a,8,RMSNormOp,kernel,copy,"void at::native::vectorized_elementwise_kernel<(int)8, at::native::float16_copy_kernel_cuda(at::TensorIteratorBase &)::[lambda(float) (instance 1)], std::array<char *, (unsigned long)2>>(int, T2, T3)",3065,cudaLaunchKernel_v7000,3085957728,3085963356,3086241851,3086334041,92190,7,16384x1x1,128x1x1,22,0,0,0
planner_debate_L_it1,warmup,0,critic-a,10,LinearOp,memset,memset,memset,3114,cudaMemsetAsync_v3020,3086572209,3086587089,3086587954,3086588818,864,7,0x0x0,0x0x0,0,0,0,4096
planner_debate_L_it1,warmup,0,critic-a,10,LinearOp,kernel,gemm,ampere_fp16_s1688gemm_fp16_128x128_ldg8_f2f_stages_32x1_nn,3117,cudaLaunchKernel_v7000,3086626077,3086645020,3086642064,3087494072,852008,7,32x32x3,128x1x1,234,32768,0,0
planner_debate_L_it1,warmup,0,critic-a,11,LinearOp,memset,memset,memset,3164,cudaMemsetAsync_v3020,3087604980,3087620086,3087621044,3087621908,864,7,0x0x0,0x0x0,0,0,0,4096
planner_debate_L_it1,warmup,0,critic-a,11,LinearOp,kernel,gemm,ampere_fp16_s1688gemm_fp16_128x128_ldg8_f2f_stages_32x1_nn,3167,cudaLaunchKernel_v7000,3087627684,3087639359,3087637908,3088488699,850791,7,32x32x3,128x1x1,234,32768,0,0
planner_debate_L_it1,warmup,0,critic-a,12,LinearOp,memset,memset,memset,3214,cudaMemsetAsync_v3020,3088569241,3088575703,3088577113,3088577977,864,7,0x0x0,0x0x0,0,0,0,4096
planner_debate_L_it1,warmup,0,critic-a,12,LinearOp,kernel,gemm,ampere_fp16_s1688gemm_fp16_128x128_ldg8_f2f_stages_32x1_nn,3217,cudaLaunchKernel_v7000,3088581524,3088591051,3088590104,3089441888,851784,7,32x32x3,128x1x1,234,32768,0,0
planner_debate_L_it1,warmup,0,critic-a,14,TransposeOp,kernel,copy,"void at::native::elementwise_kernel<(int)128, (int)4, void at::native::gpu_kernel_impl_nocast<at::native::direct_copy_kernel_cuda(at::TensorIteratorBase &)::[lambda() (instance 3)]::operator ()() const::[lambda() (instance 10)]::operator ()() const::[lambda(c10::Half) (instance 1)]>(at::TensorIteratorBase &, const T1 &)::[lambda(int) (instance 1)]>(int, T3)",3297,cudaLaunchKernel_v7000,3090538226,3090558676,3090556128,3090788826,232698,7,32768x1x1,128x1x1,16,0,0,0
planner_debate_L_it1,warmup,0,critic-b,,call_overhead,memcpy,memcpy,memcpy_Device-to-Host,3339,cudaMemcpyAsync_v3020,3090882419,3090901603,3090900023,3092354669,1454646,7,0x0x0,0x0x0,0,0,0,33554432
planner_debate_L_it1,warmup,0,critic-b,,call_overhead,memcpy,memcpy,memcpy_Host-to-Device,3395,cudaMemcpyAsync_v3020,3238299788,3238330040,3238328333,3239780708,1452375,7,0x0x0,0x0x0,0,0,0,33554432
planner_debate_L_it1,warmup,0,critic-b,,call_overhead,kernel,rng_init,"void at::native::<unnamed>::distribution_elementwise_grid_stride_kernel<float, (int)4, void at::native::templates::cuda::normal_and_transform<c10::Half, float, at::CUDAGeneratorImpl *, void at::native::templates::cuda::normal_kernel<at::CUDAGeneratorImpl *>(const at::TensorBase &, double, double, T1)::[lambda() (instance 1)]::operator ()() const::[lambda() (instance 3)]::operator ()() const::[lambda(float) (instance 1)]>(at::TensorIteratorBase &, T3, T4)::[lambda(curandStatePhilox4_32_10 *) (instance 2)], void at::native::<unnamed>::distribution_nullary_kernel<c10::Half, float, float4, at::CUDAGeneratorImpl *, void at::native::templates::cuda::normal_and_transform<c10::Half, float, at::CUDAGeneratorImpl *, void at::native::templates::cuda::normal_kernel<at::CUDAGeneratorImpl *>(const at::TensorBase &, double, double, T1)::[lambda() (instance 1)]::operator ()() const::[lambda() (instance 3)]::operator ()() const::[lambda(float) (instance 1)]>(at::TensorIteratorBase &, T3, T4)::[lambda(curandStatePhilox4_32_10 *) (instance 2)], void at::native::templates::cuda::normal_kernel<at::CUDAGeneratorImpl *>(const at::TensorBase &, double, double, T1)::[lambda() (instance 1)]::operator ()() const::[lambda() (instance 3)]::operator ()() const::[lambda(float) (instance 1)]>(at::TensorIteratorBase &, T4, const T5 &, T6)::[lambda(int, float) (instance 1)]>(long, at::PhiloxCudaState, T3, T4)",3448,cudaLaunchKernel_v7000,3239902359,3239938470,3240000414,3240036125,35711,7,768x1x1,256x1x1,40,0,0,0
planner_debate_L_it1,warmup,0,critic-b,,call_overhead,kernel,elementwise_binary,"void at::native::vectorized_elementwise_kernel<(int)8, at::native::BUnaryFunctor<c10::Half, c10::Half, c10::Half, at::native::binary_internal::MulFunctor<float>>, std::array<char *, (unsigned long)2>>(int, T2, T3)",3458,cudaLaunchKernel_v7000,3239986237,3239996228,3240036829,3240056604,19775,7,16384x1x1,128x1x1,20,0,0,0
planner_debate_L_it1,warmup,0,critic-b,6,RMSNormOp,kernel,copy,"void at::native::unrolled_elementwise_kernel<at::native::direct_copy_kernel_cuda(at::TensorIteratorBase &)::[lambda() (instance 3)]::operator ()() const::[lambda() (instance 7)]::operator ()() const::[lambda(float) (instance 1)], std::array<char *, (unsigned long)2>, (int)8, TrivialOffsetCalculator<(int)1, unsigned int>, TrivialOffsetCalculator<(int)1, unsigned int>, at::native::memory::LoadWithCast<(int)1>, at::native::memory::StoreWithCast<(int)1>>(int, T1, T2, T4, T5, T6, T7)",3481,cudaLaunchKernel_v7000,3240122256,3240134132,3240133722,3240247767,114045,7,16384x1x1,128x1x1,38,0,0,0
planner_debate_L_it1,warmup,0,critic-b,6,RMSNormOp,kernel,elementwise_unary,"void at::native::vectorized_elementwise_kernel<(int)4, void at::native::<unnamed>::pow_tensor_scalar_kernel_impl<float, float>(at::TensorIteratorBase &, T2)::[lambda(float) (instance 1)], std::array<char *, (unsigned long)2>>(int, T2, T3)",3492,cudaLaunchKernel_v7000,3240156723,3240164127,3240248471,3240394323,145852,7,16384x1x1,128x1x1,20,0,0,0
planner_debate_L_it1,warmup,0,critic-b,6,RMSNormOp,kernel,reduce,"void at::native::reduce_kernel<(int)512, (int)1, at::native::ReduceOp<float, at::native::MeanOps<float, float, float, float>, unsigned int, float, (int)4, (int)4>>(T3)",3506,cudaLaunchKernel_v7000,3240189540,3240198081,3240395059,3240431186,36127,7,256x1x1,32x16x1,26,16,0,0
planner_debate_L_it1,warmup,0,critic-b,6,RMSNormOp,kernel,elementwise_binary,"void at::native::vectorized_elementwise_kernel<(int)4, at::native::CUDAFunctorOnSelf_add<float>, std::array<char *, (unsigned long)2>>(int, T2, T3)",3512,cudaLaunchKernel_v7000,3240220540,3240227545,3240431954,3240433233,1279,7,4x1x1,128x1x1,20,0,0,0
planner_debate_L_it1,warmup,0,critic-b,6,RMSNormOp,kernel,elementwise_unary,"void at::native::vectorized_elementwise_kernel<(int)4, at::native::rsqrt_kernel_cuda(at::TensorIteratorBase &)::[lambda() (instance 2)]::operator ()() const::[lambda() (instance 2)]::operator ()() const::[lambda(float) (instance 1)], std::array<char *, (unsigned long)2>>(int, T2, T3)",3522,cudaLaunchKernel_v7000,3240243119,3240250324,3240433937,3240435057,1120,7,4x1x1,128x1x1,26,0,0,0
planner_debate_L_it1,warmup,0,critic-b,6,RMSNormOp,kernel,elementwise_binary,"void at::native::elementwise_kernel<(int)128, (int)2, void at::native::gpu_kernel_impl_nocast<at::native::BinaryFunctor<float, float, float, at::native::binary_internal::MulFunctor<float>>>(at::TensorIteratorBase &, const T1 &)::[lambda(int) (instance 1)]>(int, T3)",3532,cudaLaunchKernel_v7000,3240271220,3240278687,3240435761,3240563534,127773,7,65536x1x1,128x1x1,16,0,0,0
planner_debate_L_it1,warmup,0,critic-b,6,RMSNormOp,kernel,copy,"void at::native::vectorized_elementwise_kernel<(int)8, at::native::float16_copy_kernel_cuda(at::TensorIteratorBase &)::[lambda(float) (instance 1)], std::array<char *, (unsigned long)2>>(int, T2, T3)",3545,cudaLaunchKernel_v7000,3240298679,3240304804,3240564142,3240655851,91709,7,16384x1x1,128x1x1,22,0,0,0
planner_debate_L_it1,warmup,0,critic-b,7,AddOp,kernel,elementwise_binary,"void at::native::vectorized_elementwise_kernel<(int)8, at::native::CUDAFunctorOnSelf_add<c10::Half>, std::array<char *, (unsigned long)2>>(int, T2, T3)",3589,cudaLaunchKernel_v7000,3240751946,3240762320,3240761256,3240788135,26879,7,16384x1x1,128x1x1,22,0,0,0
planner_debate_L_it1,warmup,0,critic-b,8,RMSNormOp,kernel,copy,"void at::native::unrolled_elementwise_kernel<at::native::direct_copy_kernel_cuda(at::TensorIteratorBase &)::[lambda() (instance 3)]::operator ()() const::[lambda() (instance 7)]::operator ()() const::[lambda(float) (instance 1)], std::array<char *, (unsigned long)2>, (int)8, TrivialOffsetCalculator<(int)1, unsigned int>, TrivialOffsetCalculator<(int)1, unsigned int>, at::native::memory::LoadWithCast<(int)1>, at::native::memory::StoreWithCast<(int)1>>(int, T1, T2, T4, T5, T6, T7)",3635,cudaLaunchKernel_v7000,3240863101,3240873421,3240872453,3240962754,90301,7,16384x1x1,128x1x1,38,0,0,0
planner_debate_L_it1,warmup,0,critic-b,8,RMSNormOp,kernel,elementwise_unary,"void at::native::vectorized_elementwise_kernel<(int)4, void at::native::<unnamed>::pow_tensor_scalar_kernel_impl<float, float>(at::TensorIteratorBase &, T2)::[lambda(float) (instance 1)], std::array<char *, (unsigned long)2>>(int, T2, T3)",3646,cudaLaunchKernel_v7000,3240885566,3240891669,3240963490,3241107806,144316,7,16384x1x1,128x1x1,20,0,0,0
planner_debate_L_it1,warmup,0,critic-b,8,RMSNormOp,kernel,reduce,"void at::native::reduce_kernel<(int)512, (int)1, at::native::ReduceOp<float, at::native::MeanOps<float, float, float, float>, unsigned int, float, (int)4, (int)4>>(T3)",3660,cudaLaunchKernel_v7000,3240907492,3240914821,3241108574,3241146717,38143,7,256x1x1,32x16x1,26,16,0,0
planner_debate_L_it1,warmup,0,critic-b,8,RMSNormOp,kernel,elementwise_binary,"void at::native::vectorized_elementwise_kernel<(int)4, at::native::CUDAFunctorOnSelf_add<float>, std::array<char *, (unsigned long)2>>(int, T2, T3)",3666,cudaLaunchKernel_v7000,3240925514,3240931734,3241147453,3241148701,1248,7,4x1x1,128x1x1,20,0,0,0
planner_debate_L_it1,warmup,0,critic-b,8,RMSNormOp,kernel,elementwise_unary,"void at::native::vectorized_elementwise_kernel<(int)4, at::native::rsqrt_kernel_cuda(at::TensorIteratorBase &)::[lambda() (instance 2)]::operator ()() const::[lambda() (instance 2)]::operator ()() const::[lambda(float) (instance 1)], std::array<char *, (unsigned long)2>>(int, T2, T3)",3676,cudaLaunchKernel_v7000,3240942616,3240948370,3241149469,3241150557,1088,7,4x1x1,128x1x1,26,0,0,0
planner_debate_L_it1,warmup,0,critic-b,8,RMSNormOp,kernel,elementwise_binary,"void at::native::elementwise_kernel<(int)128, (int)2, void at::native::gpu_kernel_impl_nocast<at::native::BinaryFunctor<float, float, float, at::native::binary_internal::MulFunctor<float>>>(at::TensorIteratorBase &, const T1 &)::[lambda(int) (instance 1)]>(int, T3)",3686,cudaLaunchKernel_v7000,3240961176,3240967190,3241151261,3241278745,127484,7,65536x1x1,128x1x1,16,0,0,0
planner_debate_L_it1,warmup,0,critic-b,8,RMSNormOp,kernel,copy,"void at::native::vectorized_elementwise_kernel<(int)8, at::native::float16_copy_kernel_cuda(at::TensorIteratorBase &)::[lambda(float) (instance 1)], std::array<char *, (unsigned long)2>>(int, T2, T3)",3699,cudaLaunchKernel_v7000,3240982206,3240987808,3241279385,3241370871,91486,7,16384x1x1,128x1x1,22,0,0,0
planner_debate_L_it1,warmup,0,critic-b,10,LinearOp,memset,memset,memset,3747,cudaMemsetAsync_v3020,3241490745,3241507541,3241508723,3241509587,864,7,0x0x0,0x0x0,0,0,0,4096
planner_debate_L_it1,warmup,0,critic-b,10,LinearOp,kernel,gemm,ampere_fp16_s1688gemm_fp16_128x128_ldg8_f2f_stages_32x1_nn,3750,cudaLaunchKernel_v7000,3241521311,3241533185,3241531922,3242383354,851432,7,32x32x3,128x1x1,234,32768,0,0
planner_debate_L_it1,warmup,0,critic-b,11,LinearOp,memset,memset,memset,3797,cudaMemsetAsync_v3020,3242466643,3242472534,3242473623,3242474487,864,7,0x0x0,0x0x0,0,0,0,4096
planner_debate_L_it1,warmup,0,critic-b,11,LinearOp,kernel,gemm,ampere_fp16_s1688gemm_fp16_128x128_ldg8_f2f_stages_32x1_nn,3800,cudaLaunchKernel_v7000,3242478733,3242488211,3242487575,3243339423,851848,7,32x32x3,128x1x1,234,32768,0,0
planner_debate_L_it1,warmup,0,critic-b,12,LinearOp,memset,memset,memset,3847,cudaMemsetAsync_v3020,3243411030,3243416055,3243417212,3243418108,896,7,0x0x0,0x0x0,0,0,0,4096
planner_debate_L_it1,warmup,0,critic-b,12,LinearOp,kernel,gemm,ampere_fp16_s1688gemm_fp16_128x128_ldg8_f2f_stages_32x1_nn,3850,cudaLaunchKernel_v7000,3243421953,3243430587,3243429820,3244280740,850920,7,32x32x3,128x1x1,234,32768,0,0
planner_debate_L_it1,warmup,0,critic-b,14,TransposeOp,kernel,copy,"void at::native::elementwise_kernel<(int)128, (int)4, void at::native::gpu_kernel_impl_nocast<at::native::direct_copy_kernel_cuda(at::TensorIteratorBase &)::[lambda() (instance 3)]::operator ()() const::[lambda() (instance 10)]::operator ()() const::[lambda(c10::Half) (instance 1)]>(at::TensorIteratorBase &, const T1 &)::[lambda(int) (instance 1)]>(int, T3)",3930,cudaLaunchKernel_v7000,3244473779,3244485473,3244484286,3244710616,226330,7,32768x1x1,128x1x1,16,0,0,0
planner_debate_L_it1,warmup,0,critic-merge,,call_overhead,memcpy,memcpy,memcpy_Device-to-Host,3972,cudaMemcpyAsync_v3020,3244786190,3244807433,3244805173,3246284299,1479126,7,0x0x0,0x0x0,0,0,0,33554432
planner_debate_L_it1,warmup,0,critic-merge,,call_overhead,memcpy,memcpy,memcpy_Host-to-Device,4028,cudaMemcpyAsync_v3020,3394031023,3394060383,3394058360,3395531662,1473302,7,0x0x0,0x0x0,0,0,0,33554432
planner_debate_L_it1,warmup,0,critic-merge,,call_overhead,kernel,rng_init,"void at::native::<unnamed>::distribution_elementwise_grid_stride_kernel<float, (int)4, void at::native::templates::cuda::normal_and_transform<c10::Half, float, at::CUDAGeneratorImpl *, void at::native::templates::cuda::normal_kernel<at::CUDAGeneratorImpl *>(const at::TensorBase &, double, double, T1)::[lambda() (instance 1)]::operator ()() const::[lambda() (instance 3)]::operator ()() const::[lambda(float) (instance 1)]>(at::TensorIteratorBase &, T3, T4)::[lambda(curandStatePhilox4_32_10 *) (instance 2)], void at::native::<unnamed>::distribution_nullary_kernel<c10::Half, float, float4, at::CUDAGeneratorImpl *, void at::native::templates::cuda::normal_and_transform<c10::Half, float, at::CUDAGeneratorImpl *, void at::native::templates::cuda::normal_kernel<at::CUDAGeneratorImpl *>(const at::TensorBase &, double, double, T1)::[lambda() (instance 1)]::operator ()() const::[lambda() (instance 3)]::operator ()() const::[lambda(float) (instance 1)]>(at::TensorIteratorBase &, T3, T4)::[lambda(curandStatePhilox4_32_10 *) (instance 2)], void at::native::templates::cuda::normal_kernel<at::CUDAGeneratorImpl *>(const at::TensorBase &, double, double, T1)::[lambda() (instance 1)]::operator ()() const::[lambda() (instance 3)]::operator ()() const::[lambda(float) (instance 1)]>(at::TensorIteratorBase &, T4, const T5 &, T6)::[lambda(int, float) (instance 1)]>(long, at::PhiloxCudaState, T3, T4)",4081,cudaLaunchKernel_v7000,3395649238,3395686950,3395748552,3395784454,35902,7,768x1x1,256x1x1,40,0,0,0
planner_debate_L_it1,warmup,0,critic-merge,,call_overhead,kernel,elementwise_binary,"void at::native::vectorized_elementwise_kernel<(int)8, at::native::BUnaryFunctor<c10::Half, c10::Half, c10::Half, at::native::binary_internal::MulFunctor<float>>, std::array<char *, (unsigned long)2>>(int, T2, T3)",4091,cudaLaunchKernel_v7000,3395733556,3395743321,3395785254,3395805222,19968,7,16384x1x1,128x1x1,20,0,0,0
planner_debate_L_it1,warmup,0,critic-merge,6,RMSNormOp,kernel,copy,"void at::native::unrolled_elementwise_kernel<at::native::direct_copy_kernel_cuda(at::TensorIteratorBase &)::[lambda() (instance 3)]::operator ()() const::[lambda() (instance 7)]::operator ()() const::[lambda(float) (instance 1)], std::array<char *, (unsigned long)2>, (int)8, TrivialOffsetCalculator<(int)1, unsigned int>, TrivialOffsetCalculator<(int)1, unsigned int>, at::native::memory::LoadWithCast<(int)1>, at::native::memory::StoreWithCast<(int)1>>(int, T1, T2, T4, T5, T6, T7)",4114,cudaLaunchKernel_v7000,3395867232,3395878924,3395878148,3395993313,115165,7,16384x1x1,128x1x1,38,0,0,0
planner_debate_L_it1,warmup,0,critic-merge,6,RMSNormOp,kernel,elementwise_unary,"void at::native::vectorized_elementwise_kernel<(int)4, void at::native::<unnamed>::pow_tensor_scalar_kernel_impl<float, float>(at::TensorIteratorBase &, T2)::[lambda(float) (instance 1)], std::array<char *, (unsigned long)2>>(int, T2, T3)",4125,cudaLaunchKernel_v7000,3395901906,3395909789,3395993953,3396138844,144891,7,16384x1x1,128x1x1,20,0,0,0
planner_debate_L_it1,warmup,0,critic-merge,6,RMSNormOp,kernel,reduce,"void at::native::reduce_kernel<(int)512, (int)1, at::native::ReduceOp<float, at::native::MeanOps<float, float, float, float>, unsigned int, float, (int)4, (int)4>>(T3)",4139,cudaLaunchKernel_v7000,3395934312,3395942494,3396139516,3396176059,36543,7,256x1x1,32x16x1,26,16,0,0
planner_debate_L_it1,warmup,0,critic-merge,6,RMSNormOp,kernel,elementwise_binary,"void at::native::vectorized_elementwise_kernel<(int)4, at::native::CUDAFunctorOnSelf_add<float>, std::array<char *, (unsigned long)2>>(int, T2, T3)",4145,cudaLaunchKernel_v7000,3395963506,3395969948,3396176731,3396178075,1344,7,4x1x1,128x1x1,20,0,0,0
planner_debate_L_it1,warmup,0,critic-merge,6,RMSNormOp,kernel,elementwise_unary,"void at::native::vectorized_elementwise_kernel<(int)4, at::native::rsqrt_kernel_cuda(at::TensorIteratorBase &)::[lambda() (instance 2)]::operator ()() const::[lambda() (instance 2)]::operator ()() const::[lambda(float) (instance 1)], std::array<char *, (unsigned long)2>>(int, T2, T3)",4155,cudaLaunchKernel_v7000,3395986456,3395993155,3396178811,3396179899,1088,7,4x1x1,128x1x1,26,0,0,0
planner_debate_L_it1,warmup,0,critic-merge,6,RMSNormOp,kernel,elementwise_binary,"void at::native::elementwise_kernel<(int)128, (int)2, void at::native::gpu_kernel_impl_nocast<at::native::BinaryFunctor<float, float, float, at::native::binary_internal::MulFunctor<float>>>(at::TensorIteratorBase &, const T1 &)::[lambda(int) (instance 1)]>(int, T3)",4165,cudaLaunchKernel_v7000,3396013281,3396020579,3396180539,3396308952,128413,7,65536x1x1,128x1x1,16,0,0,0
planner_debate_L_it1,warmup,0,critic-merge,6,RMSNormOp,kernel,copy,"void at::native::vectorized_elementwise_kernel<(int)8, at::native::float16_copy_kernel_cuda(at::TensorIteratorBase &)::[lambda(float) (instance 1)], std::array<char *, (unsigned long)2>>(int, T2, T3)",4178,cudaLaunchKernel_v7000,3396041782,3396047533,3396309688,3396401301,91613,7,16384x1x1,128x1x1,22,0,0,0
planner_debate_L_it1,warmup,0,critic-merge,7,AddOp,kernel,elementwise_binary,"void at::native::vectorized_elementwise_kernel<(int)8, at::native::CUDAFunctorOnSelf_add<c10::Half>, std::array<char *, (unsigned long)2>>(int, T2, T3)",4222,cudaLaunchKernel_v7000,3396491636,3396501513,3396500722,3396527921,27199,7,16384x1x1,128x1x1,22,0,0,0
planner_debate_L_it1,warmup,0,critic-merge,8,RMSNormOp,kernel,copy,"void at::native::unrolled_elementwise_kernel<at::native::direct_copy_kernel_cuda(at::TensorIteratorBase &)::[lambda() (instance 3)]::operator ()() const::[lambda() (instance 7)]::operator ()() const::[lambda(float) (instance 1)], std::array<char *, (unsigned long)2>, (int)8, TrivialOffsetCalculator<(int)1, unsigned int>, TrivialOffsetCalculator<(int)1, unsigned int>, at::native::memory::LoadWithCast<(int)1>, at::native::memory::StoreWithCast<(int)1>>(int, T1, T2, T4, T5, T6, T7)",4268,cudaLaunchKernel_v7000,3396604185,3396621490,3396620111,3396708460,88349,7,16384x1x1,128x1x1,38,0,0,0
planner_debate_L_it1,warmup,0,critic-merge,8,RMSNormOp,kernel,elementwise_unary,"void at::native::vectorized_elementwise_kernel<(int)4, void at::native::<unnamed>::pow_tensor_scalar_kernel_impl<float, float>(at::TensorIteratorBase &, T2)::[lambda(float) (instance 1)], std::array<char *, (unsigned long)2>>(int, T2, T3)",4279,cudaLaunchKernel_v7000,3396636084,3396642732,3396709100,3396854920,145820,7,16384x1x1,128x1x1,20,0,0,0
planner_debate_L_it1,warmup,0,critic-merge,8,RMSNormOp,kernel,reduce,"void at::native::reduce_kernel<(int)512, (int)1, at::native::ReduceOp<float, at::native::MeanOps<float, float, float, float>, unsigned int, float, (int)4, (int)4>>(T3)",4293,cudaLaunchKernel_v7000,3396658541,3396665285,3396855656,3396892615,36959,7,256x1x1,32x16x1,26,16,0,0
planner_debate_L_it1,warmup,0,critic-merge,8,RMSNormOp,kernel,elementwise_binary,"void at::native::vectorized_elementwise_kernel<(int)4, at::native::CUDAFunctorOnSelf_add<float>, std::array<char *, (unsigned long)2>>(int, T2, T3)",4299,cudaLaunchKernel_v7000,3396676582,3396682270,3396893351,3396894599,1248,7,4x1x1,128x1x1,20,0,0,0
planner_debate_L_it1,warmup,0,critic-merge,8,RMSNormOp,kernel,elementwise_unary,"void at::native::vectorized_elementwise_kernel<(int)4, at::native::rsqrt_kernel_cuda(at::TensorIteratorBase &)::[lambda() (instance 2)]::operator ()() const::[lambda() (instance 2)]::operator ()() const::[lambda(float) (instance 1)], std::array<char *, (unsigned long)2>>(int, T2, T3)",4309,cudaLaunchKernel_v7000,3396693305,3396699562,3396895271,3396896359,1088,7,4x1x1,128x1x1,26,0,0,0
planner_debate_L_it1,warmup,0,critic-merge,8,RMSNormOp,kernel,elementwise_binary,"void at::native::elementwise_kernel<(int)128, (int)2, void at::native::gpu_kernel_impl_nocast<at::native::BinaryFunctor<float, float, float, at::native::binary_internal::MulFunctor<float>>>(at::TensorIteratorBase &, const T1 &)::[lambda(int) (instance 1)]>(int, T3)",4319,cudaLaunchKernel_v7000,3396712733,3396718916,3396896999,3397024771,127772,7,65536x1x1,128x1x1,16,0,0,0
planner_debate_L_it1,warmup,0,critic-merge,8,RMSNormOp,kernel,copy,"void at::native::vectorized_elementwise_kernel<(int)8, at::native::float16_copy_kernel_cuda(at::TensorIteratorBase &)::[lambda(float) (instance 1)], std::array<char *, (unsigned long)2>>(int, T2, T3)",4332,cudaLaunchKernel_v7000,3396734014,3396739611,3397025475,3397115777,90302,7,16384x1x1,128x1x1,22,0,0,0
planner_debate_L_it1,warmup,0,critic-merge,10,LinearOp,memset,memset,memset,4380,cudaMemsetAsync_v3020,3397244700,3397261510,3397262652,3397263516,864,7,0x0x0,0x0x0,0,0,0,4096
planner_debate_L_it1,warmup,0,critic-merge,10,LinearOp,kernel,gemm,ampere_fp16_s1688gemm_fp16_128x128_ldg8_f2f_stages_32x1_nn,4383,cudaLaunchKernel_v7000,3397275459,3397288455,3397287452,3398140099,852647,7,32x32x3,128x1x1,234,32768,0,0
planner_debate_L_it1,warmup,0,critic-merge,11,LinearOp,memset,memset,memset,4430,cudaMemsetAsync_v3020,3398225900,3398231759,3398232897,3398233729,832,7,0x0x0,0x0x0,0,0,0,4096
planner_debate_L_it1,warmup,0,critic-merge,11,LinearOp,kernel,gemm,ampere_fp16_s1688gemm_fp16_128x128_ldg8_f2f_stages_32x1_nn,4433,cudaLaunchKernel_v7000,3398238438,3398247448,3398246592,3399097960,851368,7,32x32x3,128x1x1,234,32768,0,0
planner_debate_L_it1,warmup,0,critic-merge,12,LinearOp,memset,memset,memset,4480,cudaMemsetAsync_v3020,3399183920,3399190044,3399196005,3399199141,3136,7,0x0x0,0x0x0,0,0,0,4096
planner_debate_L_it1,warmup,0,critic-merge,12,LinearOp,kernel,gemm,ampere_fp16_s1688gemm_fp16_128x128_ldg8_f2f_stages_32x1_nn,4483,cudaLaunchKernel_v7000,3399196372,3399206760,3399209797,3400178121,968324,7,32x32x3,128x1x1,234,32768,0,0
planner_debate_L_it1,warmup,0,critic-merge,14,TransposeOp,kernel,copy,"void at::native::elementwise_kernel<(int)128, (int)4, void at::native::gpu_kernel_impl_nocast<at::native::direct_copy_kernel_cuda(at::TensorIteratorBase &)::[lambda() (instance 3)]::operator ()() const::[lambda() (instance 10)]::operator ()() const::[lambda(c10::Half) (instance 1)]>(at::TensorIteratorBase &, const T1 &)::[lambda(int) (instance 1)]>(int, T3)",4563,cudaLaunchKernel_v7000,3400426324,3400439027,3400438338,3400664667,226329,7,32768x1x1,128x1x1,16,0,0,0
planner_debate_L_it1,warmup,0,planner-final,,call_overhead,memcpy,memcpy,memcpy_Device-to-Host,4605,cudaMemcpyAsync_v3020,3400739452,3400760621,3400759673,3402246638,1486965,7,0x0x0,0x0x0,0,0,0,33554432
planner_debate_L_it1,warmup,0,planner-final,,call_overhead,memcpy,memcpy,memcpy_Host-to-Device,4661,cudaMemcpyAsync_v3020,3515534877,3515566320,3515564209,3516678353,1114144,7,0x0x0,0x0x0,0,0,0,25690112
planner_debate_L_it1,warmup,0,planner-final,,call_overhead,kernel,rng_init,"void at::native::<unnamed>::distribution_elementwise_grid_stride_kernel<float, (int)4, void at::native::templates::cuda::normal_and_transform<c10::Half, float, at::CUDAGeneratorImpl *, void at::native::templates::cuda::normal_kernel<at::CUDAGeneratorImpl *>(const at::TensorBase &, double, double, T1)::[lambda() (instance 1)]::operator ()() const::[lambda() (instance 3)]::operator ()() const::[lambda(float) (instance 1)]>(at::TensorIteratorBase &, T3, T4)::[lambda(curandStatePhilox4_32_10 *) (instance 2)], void at::native::<unnamed>::distribution_nullary_kernel<c10::Half, float, float4, at::CUDAGeneratorImpl *, void at::native::templates::cuda::normal_and_transform<c10::Half, float, at::CUDAGeneratorImpl *, void at::native::templates::cuda::normal_kernel<at::CUDAGeneratorImpl *>(const at::TensorBase &, double, double, T1)::[lambda() (instance 1)]::operator ()() const::[lambda() (instance 3)]::operator ()() const::[lambda(float) (instance 1)]>(at::TensorIteratorBase &, T3, T4)::[lambda(curandStatePhilox4_32_10 *) (instance 2)], void at::native::templates::cuda::normal_kernel<at::CUDAGeneratorImpl *>(const at::TensorBase &, double, double, T1)::[lambda() (instance 1)]::operator ()() const::[lambda() (instance 3)]::operator ()() const::[lambda(float) (instance 1)]>(at::TensorIteratorBase &, T4, const T5 &, T6)::[lambda(int, float) (instance 1)]>(long, at::PhiloxCudaState, T3, T4)",4714,cudaLaunchKernel_v7000,3516792207,3516827458,3516889035,3516917099,28064,7,768x1x1,256x1x1,40,0,0,0
planner_debate_L_it1,warmup,0,planner-final,,call_overhead,kernel,elementwise_binary,"void at::native::vectorized_elementwise_kernel<(int)8, at::native::BUnaryFunctor<c10::Half, c10::Half, c10::Half, at::native::binary_internal::MulFunctor<float>>, std::array<char *, (unsigned long)2>>(int, T2, T3)",4724,cudaLaunchKernel_v7000,3516871045,3516879680,3516917739,3516933322,15583,7,12544x1x1,128x1x1,20,0,0,0
planner_debate_L_it1,warmup,0,planner-final,6,RMSNormOp,kernel,copy,"void at::native::unrolled_elementwise_kernel<at::native::direct_copy_kernel_cuda(at::TensorIteratorBase &)::[lambda() (instance 3)]::operator ()() const::[lambda() (instance 7)]::operator ()() const::[lambda(float) (instance 1)], std::array<char *, (unsigned long)2>, (int)8, TrivialOffsetCalculator<(int)1, unsigned int>, TrivialOffsetCalculator<(int)1, unsigned int>, at::native::memory::LoadWithCast<(int)1>, at::native::memory::StoreWithCast<(int)1>>(int, T1, T2, T4, T5, T6, T7)",4747,cudaLaunchKernel_v7000,3516998155,3517009553,3517008488,3517091750,83262,7,12544x1x1,128x1x1,38,0,0,0
planner_debate_L_it1,warmup,0,planner-final,6,RMSNormOp,kernel,elementwise_unary,"void at::native::vectorized_elementwise_kernel<(int)4, void at::native::<unnamed>::pow_tensor_scalar_kernel_impl<float, float>(at::TensorIteratorBase &, T2)::[lambda(float) (instance 1)], std::array<char *, (unsigned long)2>>(int, T2, T3)",4758,cudaLaunchKernel_v7000,3517029923,3517037708,3517092454,3517164356,71902,7,12544x1x1,128x1x1,20,0,0,0
planner_debate_L_it1,warmup,0,planner-final,6,RMSNormOp,kernel,reduce,"void at::native::reduce_kernel<(int)512, (int)1, at::native::ReduceOp<float, at::native::MeanOps<float, float, float, float>, unsigned int, float, (int)4, (int)4>>(T3)",4772,cudaLaunchKernel_v7000,3517062239,3517069807,3517165124,3517184387,19263,7,224x1x1,32x16x1,26,16,0,0
planner_debate_L_it1,warmup,0,planner-final,6,RMSNormOp,kernel,elementwise_binary,"void at::native::vectorized_elementwise_kernel<(int)4, at::native::CUDAFunctorOnSelf_add<float>, std::array<char *, (unsigned long)2>>(int, T2, T3)",4778,cudaLaunchKernel_v7000,3517089429,3517096269,3517185187,3517186467,1280,7,4x1x1,128x1x1,20,0,0,0
planner_debate_L_it1,warmup,0,planner-final,6,RMSNormOp,kernel,elementwise_unary,"void at::native::vectorized_elementwise_kernel<(int)4, at::native::rsqrt_kernel_cuda(at::TensorIteratorBase &)::[lambda() (instance 2)]::operator ()() const::[lambda() (instance 2)]::operator ()() const::[lambda(float) (instance 1)], std::array<char *, (unsigned long)2>>(int, T2, T3)",4788,cudaLaunchKernel_v7000,3517112557,3517119550,3517187171,3517188291,1120,7,4x1x1,128x1x1,26,0,0,0
planner_debate_L_it1,warmup,0,planner-final,6,RMSNormOp,kernel,elementwise_binary,"void at::native::elementwise_kernel<(int)128, (int)2, void at::native::gpu_kernel_impl_nocast<at::native::BinaryFunctor<float, float, float, at::native::binary_internal::MulFunctor<float>>>(at::TensorIteratorBase &, const T1 &)::[lambda(int) (instance 1)]>(int, T3)",4798,cudaLaunchKernel_v7000,3517140125,3517146457,3517188899,3517276640,87741,7,50176x1x1,128x1x1,16,0,0,0
planner_debate_L_it1,warmup,0,planner-final,6,RMSNormOp,kernel,copy,"void at::native::vectorized_elementwise_kernel<(int)8, at::native::float16_copy_kernel_cuda(at::TensorIteratorBase &)::[lambda(float) (instance 1)], std::array<char *, (unsigned long)2>>(int, T2, T3)",4811,cudaLaunchKernel_v7000,3517165070,3517171522,3517277824,3517332415,54591,7,12544x1x1,128x1x1,22,0,0,0
planner_debate_L_it1,warmup,0,planner-final,7,AddOp,kernel,elementwise_binary,"void at::native::vectorized_elementwise_kernel<(int)8, at::native::CUDAFunctorOnSelf_add<c10::Half>, std::array<char *, (unsigned long)2>>(int, T2, T3)",4855,cudaLaunchKernel_v7000,3517421237,3517430757,3517429948,3517444732,14784,7,12544x1x1,128x1x1,22,0,0,0
planner_debate_L_it1,warmup,0,planner-final,8,RMSNormOp,kernel,copy,"void at::native::unrolled_elementwise_kernel<at::native::direct_copy_kernel_cuda(at::TensorIteratorBase &)::[lambda() (instance 3)]::operator ()() const::[lambda() (instance 7)]::operator ()() const::[lambda(float) (instance 1)], std::array<char *, (unsigned long)2>, (int)8, TrivialOffsetCalculator<(int)1, unsigned int>, TrivialOffsetCalculator<(int)1, unsigned int>, at::native::memory::LoadWithCast<(int)1>, at::native::memory::StoreWithCast<(int)1>>(int, T1, T2, T4, T5, T6, T7)",4901,cudaLaunchKernel_v7000,3517531498,3517541899,3517541177,3517591255,50078,7,12544x1x1,128x1x1,38,0,0,0
planner_debate_L_it1,warmup,0,planner-final,8,RMSNormOp,kernel,elementwise_unary,"void at::native::vectorized_elementwise_kernel<(int)4, void at::native::<unnamed>::pow_tensor_scalar_kernel_impl<float, float>(at::TensorIteratorBase &, T2)::[lambda(float) (instance 1)], std::array<char *, (unsigned long)2>>(int, T2, T3)",4912,cudaLaunchKernel_v7000,3517554400,3517560868,3517591991,3517665365,73374,7,12544x1x1,128x1x1,20,0,0,0
planner_debate_L_it1,warmup,0,planner-final,8,RMSNormOp,kernel,reduce,"void at::native::reduce_kernel<(int)512, (int)1, at::native::ReduceOp<float, at::native::MeanOps<float, float, float, float>, unsigned int, float, (int)4, (int)4>>(T3)",4926,cudaLaunchKernel_v7000,3517575740,3517582000,3517666101,3517688053,21952,7,224x1x1,32x16x1,26,16,0,0
planner_debate_L_it1,warmup,0,planner-final,8,RMSNormOp,kernel,elementwise_binary,"void at::native::vectorized_elementwise_kernel<(int)4, at::native::CUDAFunctorOnSelf_add<float>, std::array<char *, (unsigned long)2>>(int, T2, T3)",4932,cudaLaunchKernel_v7000,3517592750,3517599015,3517688789,3517689941,1152,7,4x1x1,128x1x1,20,0,0,0
planner_debate_L_it1,warmup,0,planner-final,8,RMSNormOp,kernel,elementwise_unary,"void at::native::vectorized_elementwise_kernel<(int)4, at::native::rsqrt_kernel_cuda(at::TensorIteratorBase &)::[lambda() (instance 2)]::operator ()() const::[lambda() (instance 2)]::operator ()() const::[lambda(float) (instance 1)], std::array<char *, (unsigned long)2>>(int, T2, T3)",4942,cudaLaunchKernel_v7000,3517610154,3517632574,3517690645,3517691701,1056,7,4x1x1,128x1x1,26,0,0,0
planner_debate_L_it1,warmup,0,planner-final,8,RMSNormOp,kernel,elementwise_binary,"void at::native::elementwise_kernel<(int)128, (int)2, void at::native::gpu_kernel_impl_nocast<at::native::BinaryFunctor<float, float, float, at::native::binary_internal::MulFunctor<float>>>(at::TensorIteratorBase &, const T1 &)::[lambda(int) (instance 1)]>(int, T3)",4952,cudaLaunchKernel_v7000,3517647157,3517652904,3517692341,3517779538,87197,7,50176x1x1,128x1x1,16,0,0,0
planner_debate_L_it1,warmup,0,planner-final,8,RMSNormOp,kernel,copy,"void at::native::vectorized_elementwise_kernel<(int)8, at::native::float16_copy_kernel_cuda(at::TensorIteratorBase &)::[lambda(float) (instance 1)], std::array<char *, (unsigned long)2>>(int, T2, T3)",4965,cudaLaunchKernel_v7000,3517668042,3517673820,3517780754,3517835728,54974,7,12544x1x1,128x1x1,22,0,0,0
planner_debate_L_it1,warmup,0,planner-final,10,LinearOp,kernel,gemm,void cutlass::Kernel2<cutlass_80_tensorop_f16_s16816gemm_relu_f16_64x64_32x6_nn_align8>(T1::Params),5019,cuLaunchKernel,3517981927,3517992544,3517991788,3518627994,636206,7,448x7x1,128x1x1,96,0,49152,0
planner_debate_L_it1,warmup,0,planner-final,11,LinearOp,kernel,gemm,void cutlass::Kernel2<cutlass_80_tensorop_f16_s16816gemm_relu_f16_64x64_32x6_nn_align8>(T1::Params),5071,cuLaunchKernel,3518715379,3518724055,3518723287,3519357285,633998,7,448x7x1,128x1x1,96,0,49152,0
planner_debate_L_it1,warmup,0,planner-final,12,LinearOp,kernel,gemm,void cutlass::Kernel2<cutlass_80_tensorop_f16_s16816gemm_relu_f16_64x64_32x6_nn_align8>(T1::Params),5123,cuLaunchKernel,3519434809,3519443484,3519442979,3520078673,635694,7,448x7x1,128x1x1,96,0,49152,0
planner_debate_L_it1,warmup,0,planner-final,14,TransposeOp,kernel,copy,"void at::native::elementwise_kernel<(int)128, (int)4, void at::native::gpu_kernel_impl_nocast<at::native::direct_copy_kernel_cuda(at::TensorIteratorBase &)::[lambda() (instance 3)]::operator ()() const::[lambda() (instance 10)]::operator ()() const::[lambda(c10::Half) (instance 1)]>(at::TensorIteratorBase &, const T1 &)::[lambda(int) (instance 1)]>(int, T3)",5202,cudaLaunchKernel_v7000,3520262758,3520275243,3520274027,3520451814,177787,7,25088x1x1,128x1x1,16,0,0,0
planner_debate_L_it1,warmup,0,planner-final,,call_overhead,memcpy,memcpy,memcpy_Device-to-Host,5244,cudaMemcpyAsync_v3020,3520522303,3520534988,3520534180,3521671395,1137215,7,0x0x0,0x0x0,0,0,0,25690112
planner_debate_L_it1,warmup,1,planner-seed,,call_overhead,memcpy,memcpy,memcpy_Host-to-Device,5304,cudaMemcpyAsync_v3020,3634292177,3634321726,3634319481,3635412794,1093313,7,0x0x0,0x0x0,0,0,0,25690112
planner_debate_L_it1,warmup,1,planner-seed,,call_overhead,kernel,rng_init,"void at::native::<unnamed>::distribution_elementwise_grid_stride_kernel<float, (int)4, void at::native::templates::cuda::normal_and_transform<c10::Half, float, at::CUDAGeneratorImpl *, void at::native::templates::cuda::normal_kernel<at::CUDAGeneratorImpl *>(const at::TensorBase &, double, double, T1)::[lambda() (instance 1)]::operator ()() const::[lambda() (instance 3)]::operator ()() const::[lambda(float) (instance 1)]>(at::TensorIteratorBase &, T3, T4)::[lambda(curandStatePhilox4_32_10 *) (instance 2)], void at::native::<unnamed>::distribution_nullary_kernel<c10::Half, float, float4, at::CUDAGeneratorImpl *, void at::native::templates::cuda::normal_and_transform<c10::Half, float, at::CUDAGeneratorImpl *, void at::native::templates::cuda::normal_kernel<at::CUDAGeneratorImpl *>(const at::TensorBase &, double, double, T1)::[lambda() (instance 1)]::operator ()() const::[lambda() (instance 3)]::operator ()() const::[lambda(float) (instance 1)]>(at::TensorIteratorBase &, T3, T4)::[lambda(curandStatePhilox4_32_10 *) (instance 2)], void at::native::templates::cuda::normal_kernel<at::CUDAGeneratorImpl *>(const at::TensorBase &, double, double, T1)::[lambda() (instance 1)]::operator ()() const::[lambda() (instance 3)]::operator ()() const::[lambda(float) (instance 1)]>(at::TensorIteratorBase &, T4, const T5 &, T6)::[lambda(int, float) (instance 1)]>(long, at::PhiloxCudaState, T3, T4)",5357,cudaLaunchKernel_v7000,3635529517,3635565826,3635626292,3635654387,28095,7,768x1x1,256x1x1,40,0,0,0
planner_debate_L_it1,warmup,1,planner-seed,,call_overhead,kernel,elementwise_binary,"void at::native::vectorized_elementwise_kernel<(int)8, at::native::BUnaryFunctor<c10::Half, c10::Half, c10::Half, at::native::binary_internal::MulFunctor<float>>, std::array<char *, (unsigned long)2>>(int, T2, T3)",5367,cudaLaunchKernel_v7000,3635618746,3635627953,3635655155,3635670099,14944,7,12544x1x1,128x1x1,20,0,0,0
planner_debate_L_it1,warmup,1,planner-seed,6,RMSNormOp,kernel,copy,"void at::native::unrolled_elementwise_kernel<at::native::direct_copy_kernel_cuda(at::TensorIteratorBase &)::[lambda() (instance 3)]::operator ()() const::[lambda() (instance 7)]::operator ()() const::[lambda(float) (instance 1)], std::array<char *, (unsigned long)2>, (int)8, TrivialOffsetCalculator<(int)1, unsigned int>, TrivialOffsetCalculator<(int)1, unsigned int>, at::native::memory::LoadWithCast<(int)1>, at::native::memory::StoreWithCast<(int)1>>(int, T1, T2, T4, T5, T6, T7)",5390,cudaLaunchKernel_v7000,3635744763,3635757125,3635757232,3635839758,82526,7,12544x1x1,128x1x1,38,0,0,0
planner_debate_L_it1,warmup,1,planner-seed,6,RMSNormOp,kernel,elementwise_unary,"void at::native::vectorized_elementwise_kernel<(int)4, void at::native::<unnamed>::pow_tensor_scalar_kernel_impl<float, float>(at::TensorIteratorBase &, T2)::[lambda(float) (instance 1)], std::array<char *, (unsigned long)2>>(int, T2, T3)",5401,cudaLaunchKernel_v7000,3635778844,3635785566,3635840430,3635911820,71390,7,12544x1x1,128x1x1,20,0,0,0
planner_debate_L_it1,warmup,1,planner-seed,6,RMSNormOp,kernel,reduce,"void at::native::reduce_kernel<(int)512, (int)1, at::native::ReduceOp<float, at::native::MeanOps<float, float, float, float>, unsigned int, float, (int)4, (int)4>>(T3)",5415,cudaLaunchKernel_v7000,3635809612,3635817561,3635912428,3635932555,20127,7,224x1x1,32x16x1,26,16,0,0
planner_debate_L_it1,warmup,1,planner-seed,6,RMSNormOp,kernel,elementwise_binary,"void at::native::vectorized_elementwise_kernel<(int)4, at::native::CUDAFunctorOnSelf_add<float>, std::array<char *, (unsigned long)2>>(int, T2, T3)",5421,cudaLaunchKernel_v7000,3635837144,3635844052,3635933323,3635934475,1152,7,4x1x1,128x1x1,20,0,0,0
planner_debate_L_it1,warmup,1,planner-seed,6,RMSNormOp,kernel,elementwise_unary,"void at::native::vectorized_elementwise_kernel<(int)4, at::native::rsqrt_kernel_cuda(at::TensorIteratorBase &)::[lambda() (instance 2)]::operator ()() const::[lambda() (instance 2)]::operator ()() const::[lambda(float) (instance 1)], std::array<char *, (unsigned long)2>>(int, T2, T3)",5431,cudaLaunchKernel_v7000,3635860604,3635867426,3635935179,3635936267,1088,7,4x1x1,128x1x1,26,0,0,0
planner_debate_L_it1,warmup,1,planner-seed,6,RMSNormOp,kernel,elementwise_binary,"void at::native::elementwise_kernel<(int)128, (int)2, void at::native::gpu_kernel_impl_nocast<at::native::BinaryFunctor<float, float, float, at::native::binary_internal::MulFunctor<float>>>(at::TensorIteratorBase &, const T1 &)::[lambda(int) (instance 1)]>(int, T3)",5441,cudaLaunchKernel_v7000,3635887721,3635894850,3635936907,3636025000,88093,7,50176x1x1,128x1x1,16,0,0,0
planner_debate_L_it1,warmup,1,planner-seed,6,RMSNormOp,kernel,copy,"void at::native::vectorized_elementwise_kernel<(int)8, at::native::float16_copy_kernel_cuda(at::TensorIteratorBase &)::[lambda(float) (instance 1)], std::array<char *, (unsigned long)2>>(int, T2, T3)",5454,cudaLaunchKernel_v7000,3635915268,3635921453,3636025736,3636081127,55391,7,12544x1x1,128x1x1,22,0,0,0
planner_debate_L_it1,warmup,1,planner-seed,7,AddOp,kernel,elementwise_binary,"void at::native::vectorized_elementwise_kernel<(int)8, at::native::CUDAFunctorOnSelf_add<c10::Half>, std::array<char *, (unsigned long)2>>(int, T2, T3)",5498,cudaLaunchKernel_v7000,3636166954,3636176993,3636176196,3636190948,14752,7,12544x1x1,128x1x1,22,0,0,0
planner_debate_L_it1,warmup,1,planner-seed,8,RMSNormOp,kernel,copy,"void at::native::unrolled_elementwise_kernel<at::native::direct_copy_kernel_cuda(at::TensorIteratorBase &)::[lambda() (instance 3)]::operator ()() const::[lambda() (instance 7)]::operator ()() const::[lambda(float) (instance 1)], std::array<char *, (unsigned long)2>, (int)8, TrivialOffsetCalculator<(int)1, unsigned int>, TrivialOffsetCalculator<(int)1, unsigned int>, at::native::memory::LoadWithCast<(int)1>, at::native::memory::StoreWithCast<(int)1>>(int, T1, T2, T4, T5, T6, T7)",5544,cudaLaunchKernel_v7000,3636276065,3636285566,3636284865,3636335488,50623,7,12544x1x1,128x1x1,38,0,0,0
planner_debate_L_it1,warmup,1,planner-seed,8,RMSNormOp,kernel,elementwise_unary,"void at::native::vectorized_elementwise_kernel<(int)4, void at::native::<unnamed>::pow_tensor_scalar_kernel_impl<float, float>(at::TensorIteratorBase &, T2)::[lambda(float) (instance 1)], std::array<char *, (unsigned long)2>>(int, T2, T3)",5555,cudaLaunchKernel_v7000,3636298514,3636308523,3636336160,3636409885,73725,7,12544x1x1,128x1x1,20,0,0,0
planner_debate_L_it1,warmup,1,planner-seed,8,RMSNormOp,kernel,reduce,"void at::native::reduce_kernel<(int)512, (int)1, at::native::ReduceOp<float, at::native::MeanOps<float, float, float, float>, unsigned int, float, (int)4, (int)4>>(T3)",5569,cudaLaunchKernel_v7000,3636323098,3636330228,3636410589,3636432509,21920,7,224x1x1,32x16x1,26,16,0,0
planner_debate_L_it1,warmup,1,planner-seed,8,RMSNormOp,kernel,elementwise_binary,"void at::native::vectorized_elementwise_kernel<(int)4, at::native::CUDAFunctorOnSelf_add<float>, std::array<char *, (unsigned long)2>>(int, T2, T3)",5575,cudaLaunchKernel_v7000,3636340747,3636346332,3636433181,3636434301,1120,7,4x1x1,128x1x1,20,0,0,0
planner_debate_L_it1,warmup,1,planner-seed,8,RMSNormOp,kernel,elementwise_unary,"void at::native::vectorized_elementwise_kernel<(int)4, at::native::rsqrt_kernel_cuda(at::TensorIteratorBase &)::[lambda() (instance 2)]::operator ()() const::[lambda() (instance 2)]::operator ()() const::[lambda(float) (instance 1)], std::array<char *, (unsigned long)2>>(int, T2, T3)",5585,cudaLaunchKernel_v7000,3636357095,3636362572,3636435069,3636436125,1056,7,4x1x1,128x1x1,26,0,0,0
planner_debate_L_it1,warmup,1,planner-seed,8,RMSNormOp,kernel,elementwise_binary,"void at::native::elementwise_kernel<(int)128, (int)2, void at::native::gpu_kernel_impl_nocast<at::native::BinaryFunctor<float, float, float, at::native::binary_internal::MulFunctor<float>>>(at::TensorIteratorBase &, const T1 &)::[lambda(int) (instance 1)]>(int, T3)",5595,cudaLaunchKernel_v7000,3636375645,3636382197,3636436797,3636523962,87165,7,50176x1x1,128x1x1,16,0,0,0
planner_debate_L_it1,warmup,1,planner-seed,8,RMSNormOp,kernel,copy,"void at::native::vectorized_elementwise_kernel<(int)8, at::native::float16_copy_kernel_cuda(at::TensorIteratorBase &)::[lambda(float) (instance 1)], std::array<char *, (unsigned long)2>>(int, T2, T3)",5608,cudaLaunchKernel_v7000,3636396813,3636402534,3636524602,3636579513,54911,7,12544x1x1,128x1x1,22,0,0,0
planner_debate_L_it1,warmup,1,planner-seed,10,LinearOp,kernel,gemm,void cutlass::Kernel2<cutlass_80_tensorop_f16_s16816gemm_relu_f16_64x64_32x6_nn_align8>(T1::Params),5662,cuLaunchKernel,3636731460,3636742070,3636741812,3637379970,638158,7,448x7x1,128x1x1,96,0,49152,0
planner_debate_L_it1,warmup,1,planner-seed,11,LinearOp,kernel,gemm,void cutlass::Kernel2<cutlass_80_tensorop_f16_s16816gemm_relu_f16_64x64_32x6_nn_align8>(T1::Params),5714,cuLaunchKernel,3637460453,3637468994,3637468799,3638102381,633582,7,448x7x1,128x1x1,96,0,49152,0
planner_debate_L_it1,warmup,1,planner-seed,12,LinearOp,kernel,gemm,void cutlass::Kernel2<cutlass_80_tensorop_f16_s16816gemm_relu_f16_64x64_32x6_nn_align8>(T1::Params),5766,cuLaunchKernel,3638178993,3638187068,3638186891,3638822649,635758,7,448x7x1,128x1x1,96,0,49152,0
planner_debate_L_it1,warmup,1,planner-seed,14,TransposeOp,kernel,copy,"void at::native::elementwise_kernel<(int)128, (int)4, void at::native::gpu_kernel_impl_nocast<at::native::direct_copy_kernel_cuda(at::TensorIteratorBase &)::[lambda() (instance 3)]::operator ()() const::[lambda() (instance 10)]::operator ()() const::[lambda(c10::Half) (instance 1)]>(at::TensorIteratorBase &, const T1 &)::[lambda(int) (instance 1)]>(int, T3)",5845,cudaLaunchKernel_v7000,3639005078,3639017374,3639016275,3639193614,177339,7,25088x1x1,128x1x1,16,0,0,0
planner_debate_L_it1,warmup,1,critic-a,,call_overhead,memcpy,memcpy,memcpy_Device-to-Host,5887,cudaMemcpyAsync_v3020,3639263792,3639277609,3639276620,3640429323,1152703,7,0x0x0,0x0x0,0,0,0,25690112
planner_debate_L_it1,warmup,1,critic-a,,call_overhead,memcpy,memcpy,memcpy_Host-to-Device,5943,cudaMemcpyAsync_v3020,3787030287,3787060049,3787057945,3788438833,1380888,7,0x0x0,0x0x0,0,0,0,33554432
planner_debate_L_it1,warmup,1,critic-a,,call_overhead,kernel,rng_init,"void at::native::<unnamed>::distribution_elementwise_grid_stride_kernel<float, (int)4, void at::native::templates::cuda::normal_and_transform<c10::Half, float, at::CUDAGeneratorImpl *, void at::native::templates::cuda::normal_kernel<at::CUDAGeneratorImpl *>(const at::TensorBase &, double, double, T1)::[lambda() (instance 1)]::operator ()() const::[lambda() (instance 3)]::operator ()() const::[lambda(float) (instance 1)]>(at::TensorIteratorBase &, T3, T4)::[lambda(curandStatePhilox4_32_10 *) (instance 2)], void at::native::<unnamed>::distribution_nullary_kernel<c10::Half, float, float4, at::CUDAGeneratorImpl *, void at::native::templates::cuda::normal_and_transform<c10::Half, float, at::CUDAGeneratorImpl *, void at::native::templates::cuda::normal_kernel<at::CUDAGeneratorImpl *>(const at::TensorBase &, double, double, T1)::[lambda() (instance 1)]::operator ()() const::[lambda() (instance 3)]::operator ()() const::[lambda(float) (instance 1)]>(at::TensorIteratorBase &, T3, T4)::[lambda(curandStatePhilox4_32_10 *) (instance 2)], void at::native::templates::cuda::normal_kernel<at::CUDAGeneratorImpl *>(const at::TensorBase &, double, double, T1)::[lambda() (instance 1)]::operator ()() const::[lambda() (instance 3)]::operator ()() const::[lambda(float) (instance 1)]>(at::TensorIteratorBase &, T4, const T5 &, T6)::[lambda(int, float) (instance 1)]>(long, at::PhiloxCudaState, T3, T4)",5996,cudaLaunchKernel_v7000,3788553289,3788589321,3788650955,3788686794,35839,7,768x1x1,256x1x1,40,0,0,0
planner_debate_L_it1,warmup,1,critic-a,,call_overhead,kernel,elementwise_binary,"void at::native::vectorized_elementwise_kernel<(int)8, at::native::BUnaryFunctor<c10::Half, c10::Half, c10::Half, at::native::binary_internal::MulFunctor<float>>, std::array<char *, (unsigned long)2>>(int, T2, T3)",6006,cudaLaunchKernel_v7000,3788638423,3788647603,3788687466,3788707082,19616,7,16384x1x1,128x1x1,20,0,0,0
planner_debate_L_it1,warmup,1,critic-a,6,RMSNormOp,kernel,copy,"void at::native::unrolled_elementwise_kernel<at::native::direct_copy_kernel_cuda(at::TensorIteratorBase &)::[lambda() (instance 3)]::operator ()() const::[lambda() (instance 7)]::operator ()() const::[lambda(float) (instance 1)], std::array<char *, (unsigned long)2>, (int)8, TrivialOffsetCalculator<(int)1, unsigned int>, TrivialOffsetCalculator<(int)1, unsigned int>, at::native::memory::LoadWithCast<(int)1>, at::native::memory::StoreWithCast<(int)1>>(int, T1, T2, T4, T5, T6, T7)",6029,cudaLaunchKernel_v7000,3788768524,3788779774,3788779399,3788895492,116093,7,16384x1x1,128x1x1,38,0,0,0
planner_debate_L_it1,warmup,1,critic-a,6,RMSNormOp,kernel,elementwise_unary,"void at::native::vectorized_elementwise_kernel<(int)4, void at::native::<unnamed>::pow_tensor_scalar_kernel_impl<float, float>(at::TensorIteratorBase &, T2)::[lambda(float) (instance 1)], std::array<char *, (unsigned long)2>>(int, T2, T3)",6040,cudaLaunchKernel_v7000,3788801884,3788808971,3788896260,3789039488,143228,7,16384x1x1,128x1x1,20,0,0,0
planner_debate_L_it1,warmup,1,critic-a,6,RMSNormOp,kernel,reduce,"void at::native::reduce_kernel<(int)512, (int)1, at::native::ReduceOp<float, at::native::MeanOps<float, float, float, float>, unsigned int, float, (int)4, (int)4>>(T3)",6054,cudaLaunchKernel_v7000,3788831913,3788840077,3789040224,3789076607,36383,7,256x1x1,32x16x1,26,16,0,0
planner_debate_L_it1,warmup,1,critic-a,6,RMSNormOp,kernel,elementwise_binary,"void at::native::vectorized_elementwise_kernel<(int)4, at::native::CUDAFunctorOnSelf_add<float>, std::array<char *, (unsigned long)2>>(int, T2, T3)",6060,cudaLaunchKernel_v7000,3788860086,3788866584,3789077375,3789078655,1280,7,4x1x1,128x1x1,20,0,0,0
planner_debate_L_it1,warmup,1,critic-a,6,RMSNormOp,kernel,elementwise_unary,"void at::native::vectorized_elementwise_kernel<(int)4, at::native::rsqrt_kernel_cuda(at::TensorIteratorBase &)::[lambda() (instance 2)]::operator ()() const::[lambda() (instance 2)]::operator ()() const::[lambda(float) (instance 1)], std::array<char *, (unsigned long)2>>(int, T2, T3)",6070,cudaLaunchKernel_v7000,3788882961,3788889538,3789079391,3789080479,1088,7,4x1x1,128x1x1,26,0,0,0
planner_debate_L_it1,warmup,1,critic-a,6,RMSNormOp,kernel,elementwise_binary,"void at::native::elementwise_kernel<(int)128, (int)2, void at::native::gpu_kernel_impl_nocast<at::native::BinaryFunctor<float, float, float, at::native::binary_internal::MulFunctor<float>>>(at::TensorIteratorBase &, const T1 &)::[lambda(int) (instance 1)]>(int, T3)",6080,cudaLaunchKernel_v7000,3788909011,3788916276,3789081183,3789211035,129852,7,65536x1x1,128x1x1,16,0,0,0
planner_debate_L_it1,warmup,1,critic-a,6,RMSNormOp,kernel,copy,"void at::native::vectorized_elementwise_kernel<(int)8, at::native::float16_copy_kernel_cuda(at::TensorIteratorBase &)::[lambda(float) (instance 1)], std::array<char *, (unsigned long)2>>(int, T2, T3)",6093,cudaLaunchKernel_v7000,3788934956,3788941323,3789211739,3789303737,91998,7,16384x1x1,128x1x1,22,0,0,0
planner_debate_L_it1,warmup,1,critic-a,7,AddOp,kernel,elementwise_binary,"void at::native::vectorized_elementwise_kernel<(int)8, at::native::CUDAFunctorOnSelf_add<c10::Half>, std::array<char *, (unsigned long)2>>(int, T2, T3)",6137,cudaLaunchKernel_v7000,3789390460,3789399780,3789399318,3789426485,27167,7,16384x1x1,128x1x1,22,0,0,0
planner_debate_L_it1,warmup,1,critic-a,8,RMSNormOp,kernel,copy,"void at::native::unrolled_elementwise_kernel<at::native::direct_copy_kernel_cuda(at::TensorIteratorBase &)::[lambda() (instance 3)]::operator ()() const::[lambda() (instance 7)]::operator ()() const::[lambda(float) (instance 1)], std::array<char *, (unsigned long)2>, (int)8, TrivialOffsetCalculator<(int)1, unsigned int>, TrivialOffsetCalculator<(int)1, unsigned int>, at::native::memory::LoadWithCast<(int)1>, at::native::memory::StoreWithCast<(int)1>>(int, T1, T2, T4, T5, T6, T7)",6183,cudaLaunchKernel_v7000,3789521246,3789531141,3789530226,3789616240,86014,7,16384x1x1,128x1x1,38,0,0,0
planner_debate_L_it1,warmup,1,critic-a,8,RMSNormOp,kernel,elementwise_unary,"void at::native::vectorized_elementwise_kernel<(int)4, void at::native::<unnamed>::pow_tensor_scalar_kernel_impl<float, float>(at::TensorIteratorBase &, T2)::[lambda(float) (instance 1)], std::array<char *, (unsigned long)2>>(int, T2, T3)",6194,cudaLaunchKernel_v7000,3789545984,3789553158,3789616880,3789762603,145723,7,16384x1x1,128x1x1,20,0,0,0
planner_debate_L_it1,warmup,1,critic-a,8,RMSNormOp,kernel,reduce,"void at::native::reduce_kernel<(int)512, (int)1, at::native::ReduceOp<float, at::native::MeanOps<float, float, float, float>, unsigned int, float, (int)4, (int)4>>(T3)",6208,cudaLaunchKernel_v7000,3789568517,3789575290,3789763275,3789800010,36735,7,256x1x1,32x16x1,26,16,0,0
planner_debate_L_it1,warmup,1,critic-a,8,RMSNormOp,kernel,elementwise_binary,"void at::native::vectorized_elementwise_kernel<(int)4, at::native::CUDAFunctorOnSelf_add<float>, std::array<char *, (unsigned long)2>>(int, T2, T3)",6214,cudaLaunchKernel_v7000,3789585784,3789591651,3789800682,3789801930,1248,7,4x1x1,128x1x1,20,0,0,0
planner_debate_L_it1,warmup,1,critic-a,8,RMSNormOp,kernel,elementwise_unary,"void at::native::vectorized_elementwise_kernel<(int)4, at::native::rsqrt_kernel_cuda(at::TensorIteratorBase &)::[lambda() (instance 2)]::operator ()() const::[lambda() (instance 2)]::operator ()() const::[lambda(float) (instance 1)], std::array<char *, (unsigned long)2>>(int, T2, T3)",6224,cudaLaunchKernel_v7000,3789603367,3789609763,3789802698,3789803754,1056,7,4x1x1,128x1x1,26,0,0,0
planner_debate_L_it1,warmup,1,critic-a,8,RMSNormOp,kernel,elementwise_binary,"void at::native::elementwise_kernel<(int)128, (int)2, void at::native::gpu_kernel_impl_nocast<at::native::BinaryFunctor<float, float, float, at::native::binary_internal::MulFunctor<float>>>(at::TensorIteratorBase &, const T1 &)::[lambda(int) (instance 1)]>(int, T3)",6234,cudaLaunchKernel_v7000,3789631651,3789638200,3789804458,3789931463,127005,7,65536x1x1,128x1x1,16,0,0,0
planner_debate_L_it1,warmup,1,critic-a,8,RMSNormOp,kernel,copy,"void at::native::vectorized_elementwise_kernel<(int)8, at::native::float16_copy_kernel_cuda(at::TensorIteratorBase &)::[lambda(float) (instance 1)], std::array<char *, (unsigned long)2>>(int, T2, T3)",6247,cudaLaunchKernel_v7000,3789653208,3789658645,3789932231,3790024036,91805,7,16384x1x1,128x1x1,22,0,0,0
planner_debate_L_it1,warmup,1,critic-a,10,LinearOp,memset,memset,memset,6295,cudaMemsetAsync_v3020,3790141024,3790156265,3790157536,3790158400,864,7,0x0x0,0x0x0,0,0,0,4096
planner_debate_L_it1,warmup,1,critic-a,10,LinearOp,kernel,gemm,ampere_fp16_s1688gemm_fp16_128x128_ldg8_f2f_stages_32x1_nn,6298,cudaLaunchKernel_v7000,3790169568,3790180592,3790179712,3791030823,851111,7,32x32x3,128x1x1,234,32768,0,0
planner_debate_L_it1,warmup,1,critic-a,11,LinearOp,memset,memset,memset,6345,cudaMemsetAsync_v3020,3791112077,3791118737,3791119781,3791120645,864,7,0x0x0,0x0x0,0,0,0,4096
planner_debate_L_it1,warmup,1,critic-a,11,LinearOp,kernel,gemm,ampere_fp16_s1688gemm_fp16_128x128_ldg8_f2f_stages_32x1_nn,6348,cudaLaunchKernel_v7000,3791125330,3791134741,3791133828,3791985868,852040,7,32x32x3,128x1x1,234,32768,0,0
planner_debate_L_it1,warmup,1,critic-a,12,LinearOp,memset,memset,memset,6395,cudaMemsetAsync_v3020,3792070008,3792075898,3792077066,3792077929,863,7,0x0x0,0x0x0,0,0,0,4096
planner_debate_L_it1,warmup,1,critic-a,12,LinearOp,kernel,gemm,ampere_fp16_s1688gemm_fp16_128x128_ldg8_f2f_stages_32x1_nn,6398,cudaLaunchKernel_v7000,3792082236,3792092456,3792091561,3792943121,851560,7,32x32x3,128x1x1,234,32768,0,0
planner_debate_L_it1,warmup,1,critic-a,14,TransposeOp,kernel,copy,"void at::native::elementwise_kernel<(int)128, (int)4, void at::native::gpu_kernel_impl_nocast<at::native::direct_copy_kernel_cuda(at::TensorIteratorBase &)::[lambda() (instance 3)]::operator ()() const::[lambda() (instance 10)]::operator ()() const::[lambda(c10::Half) (instance 1)]>(at::TensorIteratorBase &, const T1 &)::[lambda(int) (instance 1)]>(int, T3)",6478,cudaLaunchKernel_v7000,3793132316,3793144413,3793143371,3793369797,226426,7,32768x1x1,128x1x1,16,0,0,0
planner_debate_L_it1,warmup,1,critic-b,,call_overhead,memcpy,memcpy,memcpy_Device-to-Host,6520,cudaMemcpyAsync_v3020,3793441703,3793456967,3793455554,3794902009,1446455,7,0x0x0,0x0x0,0,0,0,33554432
planner_debate_L_it1,warmup,1,critic-b,,call_overhead,memcpy,memcpy,memcpy_Host-to-Device,6576,cudaMemcpyAsync_v3020,3940649077,3940678370,3940676223,3942036345,1360122,7,0x0x0,0x0x0,0,0,0,33554432
planner_debate_L_it1,warmup,1,critic-b,,call_overhead,kernel,rng_init,"void at::native::<unnamed>::distribution_elementwise_grid_stride_kernel<float, (int)4, void at::native::templates::cuda::normal_and_transform<c10::Half, float, at::CUDAGeneratorImpl *, void at::native::templates::cuda::normal_kernel<at::CUDAGeneratorImpl *>(const at::TensorBase &, double, double, T1)::[lambda() (instance 1)]::operator ()() const::[lambda() (instance 3)]::operator ()() const::[lambda(float) (instance 1)]>(at::TensorIteratorBase &, T3, T4)::[lambda(curandStatePhilox4_32_10 *) (instance 2)], void at::native::<unnamed>::distribution_nullary_kernel<c10::Half, float, float4, at::CUDAGeneratorImpl *, void at::native::templates::cuda::normal_and_transform<c10::Half, float, at::CUDAGeneratorImpl *, void at::native::templates::cuda::normal_kernel<at::CUDAGeneratorImpl *>(const at::TensorBase &, double, double, T1)::[lambda() (instance 1)]::operator ()() const::[lambda() (instance 3)]::operator ()() const::[lambda(float) (instance 1)]>(at::TensorIteratorBase &, T3, T4)::[lambda(curandStatePhilox4_32_10 *) (instance 2)], void at::native::templates::cuda::normal_kernel<at::CUDAGeneratorImpl *>(const at::TensorBase &, double, double, T1)::[lambda() (instance 1)]::operator ()() const::[lambda() (instance 3)]::operator ()() const::[lambda(float) (instance 1)]>(at::TensorIteratorBase &, T4, const T5 &, T6)::[lambda(int, float) (instance 1)]>(long, at::PhiloxCudaState, T3, T4)",6629,cudaLaunchKernel_v7000,3942153194,3942188670,3942250547,3942286194,35647,7,768x1x1,256x1x1,40,0,0,0
planner_debate_L_it1,warmup,1,critic-b,,call_overhead,kernel,elementwise_binary,"void at::native::vectorized_elementwise_kernel<(int)8, at::native::BUnaryFunctor<c10::Half, c10::Half, c10::Half, at::native::binary_internal::MulFunctor<float>>, std::array<char *, (unsigned long)2>>(int, T2, T3)",6639,cudaLaunchKernel_v7000,3942231088,3942240206,3942286897,3942306577,19680,7,16384x1x1,128x1x1,20,0,0,0
planner_debate_L_it1,warmup,1,critic-b,6,RMSNormOp,kernel,copy,"void at::native::unrolled_elementwise_kernel<at::native::direct_copy_kernel_cuda(at::TensorIteratorBase &)::[lambda() (instance 3)]::operator ()() const::[lambda() (instance 7)]::operator ()() const::[lambda(float) (instance 1)], std::array<char *, (unsigned long)2>, (int)8, TrivialOffsetCalculator<(int)1, unsigned int>, TrivialOffsetCalculator<(int)1, unsigned int>, at::native::memory::LoadWithCast<(int)1>, at::native::memory::StoreWithCast<(int)1>>(int, T1, T2, T4, T5, T6, T7)",6662,cudaLaunchKernel_v7000,3942356601,3942367818,3942367279,3942479340,112061,7,16384x1x1,128x1x1,38,0,0,0
planner_debate_L_it1,warmup,1,critic-b,6,RMSNormOp,kernel,elementwise_unary,"void at::native::vectorized_elementwise_kernel<(int)4, void at::native::<unnamed>::pow_tensor_scalar_kernel_impl<float, float>(at::TensorIteratorBase &, T2)::[lambda(float) (instance 1)], std::array<char *, (unsigned long)2>>(int, T2, T3)",6673,cudaLaunchKernel_v7000,3942387846,3942394976,3942480012,3942626504,146492,7,16384x1x1,128x1x1,20,0,0,0
planner_debate_L_it1,warmup,1,critic-b,6,RMSNormOp,kernel,reduce,"void at::native::reduce_kernel<(int)512, (int)1, at::native::ReduceOp<float, at::native::MeanOps<float, float, float, float>, unsigned int, float, (int)4, (int)4>>(T3)",6687,cudaLaunchKernel_v7000,3942417661,3942426225,3942627240,3942664551,37311,7,256x1x1,32x16x1,26,16,0,0
planner_debate_L_it1,warmup,1,critic-b,6,RMSNormOp,kernel,elementwise_binary,"void at::native::vectorized_elementwise_kernel<(int)4, at::native::CUDAFunctorOnSelf_add<float>, std::array<char *, (unsigned long)2>>(int, T2, T3)",6693,cudaLaunchKernel_v7000,3942445973,3942453074,3942665223,3942666503,1280,7,4x1x1,128x1x1,20,0,0,0
planner_debate_L_it1,warmup,1,critic-b,6,RMSNormOp,kernel,elementwise_unary,"void at::native::vectorized_elementwise_kernel<(int)4, at::native::rsqrt_kernel_cuda(at::TensorIteratorBase &)::[lambda() (instance 2)]::operator ()() const::[lambda() (instance 2)]::operator ()() const::[lambda(float) (instance 1)], std::array<char *, (unsigned long)2>>(int, T2, T3)",6703,cudaLaunchKernel_v7000,3942469041,3942475499,3942667143,3942668263,1120,7,4x1x1,128x1x1,26,0,0,0
planner_debate_L_it1,warmup,1,critic-b,6,RMSNormOp,kernel,elementwise_binary,"void at::native::elementwise_kernel<(int)128, (int)2, void at::native::gpu_kernel_impl_nocast<at::native::BinaryFunctor<float, float, float, at::native::binary_internal::MulFunctor<float>>>(at::TensorIteratorBase &, const T1 &)::[lambda(int) (instance 1)]>(int, T3)",6713,cudaLaunchKernel_v7000,3942493809,3942501058,3942668871,3942796739,127868,7,65536x1x1,128x1x1,16,0,0,0
planner_debate_L_it1,warmup,1,critic-b,6,RMSNormOp,kernel,copy,"void at::native::vectorized_elementwise_kernel<(int)8, at::native::float16_copy_kernel_cuda(at::TensorIteratorBase &)::[lambda(float) (instance 1)], std::array<char *, (unsigned long)2>>(int, T2, T3)",6726,cudaLaunchKernel_v7000,3942519532,3942525348,3942797475,3942888352,90877,7,16384x1x1,128x1x1,22,0,0,0
planner_debate_L_it1,warmup,1,critic-b,7,AddOp,kernel,elementwise_binary,"void at::native::vectorized_elementwise_kernel<(int)8, at::native::CUDAFunctorOnSelf_add<c10::Half>, std::array<char *, (unsigned long)2>>(int, T2, T3)",6770,cudaLaunchKernel_v7000,3942979751,3942990123,3942989245,3943016189,26944,7,16384x1x1,128x1x1,22,0,0,0
planner_debate_L_it1,warmup,1,critic-b,8,RMSNormOp,kernel,copy,"void at::native::unrolled_elementwise_kernel<at::native::direct_copy_kernel_cuda(at::TensorIteratorBase &)::[lambda() (instance 3)]::operator ()() const::[lambda() (instance 7)]::operator ()() const::[lambda(float) (instance 1)], std::array<char *, (unsigned long)2>, (int)8, TrivialOffsetCalculator<(int)1, unsigned int>, TrivialOffsetCalculator<(int)1, unsigned int>, at::native::memory::LoadWithCast<(int)1>, at::native::memory::StoreWithCast<(int)1>>(int, T1, T2, T4, T5, T6, T7)",6816,cudaLaunchKernel_v7000,3943088471,3943098372,3943097498,3943185272,87774,7,16384x1x1,128x1x1,38,0,0,0
planner_debate_L_it1,warmup,1,critic-b,8,RMSNormOp,kernel,elementwise_unary,"void at::native::vectorized_elementwise_kernel<(int)4, void at::native::<unnamed>::pow_tensor_scalar_kernel_impl<float, float>(at::TensorIteratorBase &, T2)::[lambda(float) (instance 1)], std::array<char *, (unsigned long)2>>(int, T2, T3)",6827,cudaLaunchKernel_v7000,3943110809,3943116923,3943185976,3943329268,143292,7,16384x1x1,128x1x1,20,0,0,0
planner_debate_L_it1,warmup,1,critic-b,8,RMSNormOp,kernel,reduce,"void at::native::reduce_kernel<(int)512, (int)1, at::native::ReduceOp<float, at::native::MeanOps<float, float, float, float>, unsigned int, float, (int)4, (int)4>>(T3)",6841,cudaLaunchKernel_v7000,3943131931,3943137949,3943330036,3943367475,37439,7,256x1x1,32x16x1,26,16,0,0
planner_debate_L_it1,warmup,1,critic-b,8,RMSNormOp,kernel,elementwise_binary,"void at::native::vectorized_elementwise_kernel<(int)4, at::native::CUDAFunctorOnSelf_add<float>, std::array<char *, (unsigned long)2>>(int, T2, T3)",6847,cudaLaunchKernel_v7000,3943148320,3943153911,3943368179,3943369427,1248,7,4x1x1,128x1x1,20,0,0,0
planner_debate_L_it1,warmup,1,critic-b,8,RMSNormOp,kernel,elementwise_unary,"void at::native::vectorized_elementwise_kernel<(int)4, at::native::rsqrt_kernel_cuda(at::TensorIteratorBase &)::[lambda() (instance 2)]::operator ()() const::[lambda() (instance 2)]::operator ()() const::[lambda(float) (instance 1)], std::array<char *, (unsigned long)2>>(int, T2, T3)",6857,cudaLaunchKernel_v7000,3943164661,3943170405,3943370131,3943371187,1056,7,4x1x1,128x1x1,26,0,0,0
planner_debate_L_it1,warmup,1,critic-b,8,RMSNormOp,kernel,elementwise_binary,"void at::native::elementwise_kernel<(int)128, (int)2, void at::native::gpu_kernel_impl_nocast<at::native::BinaryFunctor<float, float, float, at::native::binary_internal::MulFunctor<float>>>(at::TensorIteratorBase &, const T1 &)::[lambda(int) (instance 1)]>(int, T3)",6867,cudaLaunchKernel_v7000,3943182683,3943188153,3943371827,3943499567,127740,7,65536x1x1,128x1x1,16,0,0,0
planner_debate_L_it1,warmup,1,critic-b,8,RMSNormOp,kernel,copy,"void at::native::vectorized_elementwise_kernel<(int)8, at::native::float16_copy_kernel_cuda(at::TensorIteratorBase &)::[lambda(float) (instance 1)], std::array<char *, (unsigned long)2>>(int, T2, T3)",6880,cudaLaunchKernel_v7000,3943202244,3943207993,3943500239,3943592460,92221,7,16384x1x1,128x1x1,22,0,0,0
planner_debate_L_it1,warmup,1,critic-b,10,LinearOp,memset,memset,memset,6928,cudaMemsetAsync_v3020,3943719217,3943734280,3943736072,3943736904,832,7,0x0x0,0x0x0,0,0,0,4096
planner_debate_L_it1,warmup,1,critic-b,10,LinearOp,kernel,gemm,ampere_fp16_s1688gemm_fp16_128x128_ldg8_f2f_stages_32x1_nn,6931,cudaLaunchKernel_v7000,3943747321,3943758880,3943758056,3944609487,851431,7,32x32x3,128x1x1,234,32768,0,0
planner_debate_L_it1,warmup,1,critic-b,11,LinearOp,memset,memset,memset,6978,cudaMemsetAsync_v3020,3944692401,3944699514,3944700749,3944701581,832,7,0x0x0,0x0x0,0,0,0,4096
planner_debate_L_it1,warmup,1,critic-b,11,LinearOp,kernel,gemm,ampere_fp16_s1688gemm_fp16_128x128_ldg8_f2f_stages_32x1_nn,6981,cudaLaunchKernel_v7000,3944705666,3944714510,3944713772,3945565268,851496,7,32x32x3,128x1x1,234,32768,0,0
planner_debate_L_it1,warmup,1,critic-b,12,LinearOp,memset,memset,memset,7028,cudaMemsetAsync_v3020,3945642431,3945647602,3945648946,3945649810,864,7,0x0x0,0x0x0,0,0,0,4096
planner_debate_L_it1,warmup,1,critic-b,12,LinearOp,kernel,gemm,ampere_fp16_s1688gemm_fp16_128x128_ldg8_f2f_stages_32x1_nn,7031,cudaLaunchKernel_v7000,3945653571,3945662284,3945661521,3946512985,851464,7,32x32x3,128x1x1,234,32768,0,0
planner_debate_L_it1,warmup,1,critic-b,14,TransposeOp,kernel,copy,"void at::native::elementwise_kernel<(int)128, (int)4, void at::native::gpu_kernel_impl_nocast<at::native::direct_copy_kernel_cuda(at::TensorIteratorBase &)::[lambda() (instance 3)]::operator ()() const::[lambda() (instance 10)]::operator ()() const::[lambda(c10::Half) (instance 1)]>(at::TensorIteratorBase &, const T1 &)::[lambda(int) (instance 1)]>(int, T3)",7111,cudaLaunchKernel_v7000,3946704638,3946717398,3946716467,3946994091,277624,7,32768x1x1,128x1x1,16,0,0,0
planner_debate_L_it1,warmup,1,critic-merge,,call_overhead,memcpy,memcpy,memcpy_Device-to-Host,7153,cudaMemcpyAsync_v3020,3947066343,3947082587,3947081545,3948505248,1423703,7,0x0x0,0x0x0,0,0,0,33554432
planner_debate_L_it1,warmup,1,critic-merge,,call_overhead,memcpy,memcpy,memcpy_Host-to-Device,7209,cudaMemcpyAsync_v3020,4096981182,4097010790,4097008568,4098416272,1407704,7,0x0x0,0x0x0,0,0,0,33554432
planner_debate_L_it1,warmup,1,critic-merge,,call_overhead,kernel,rng_init,"void at::native::<unnamed>::distribution_elementwise_grid_stride_kernel<float, (int)4, void at::native::templates::cuda::normal_and_transform<c10::Half, float, at::CUDAGeneratorImpl *, void at::native::templates::cuda::normal_kernel<at::CUDAGeneratorImpl *>(const at::TensorBase &, double, double, T1)::[lambda() (instance 1)]::operator ()() const::[lambda() (instance 3)]::operator ()() const::[lambda(float) (instance 1)]>(at::TensorIteratorBase &, T3, T4)::[lambda(curandStatePhilox4_32_10 *) (instance 2)], void at::native::<unnamed>::distribution_nullary_kernel<c10::Half, float, float4, at::CUDAGeneratorImpl *, void at::native::templates::cuda::normal_and_transform<c10::Half, float, at::CUDAGeneratorImpl *, void at::native::templates::cuda::normal_kernel<at::CUDAGeneratorImpl *>(const at::TensorBase &, double, double, T1)::[lambda() (instance 1)]::operator ()() const::[lambda() (instance 3)]::operator ()() const::[lambda(float) (instance 1)]>(at::TensorIteratorBase &, T3, T4)::[lambda(curandStatePhilox4_32_10 *) (instance 2)], void at::native::templates::cuda::normal_kernel<at::CUDAGeneratorImpl *>(const at::TensorBase &, double, double, T1)::[lambda() (instance 1)]::operator ()() const::[lambda() (instance 3)]::operator ()() const::[lambda(float) (instance 1)]>(at::TensorIteratorBase &, T4, const T5 &, T6)::[lambda(int, float) (instance 1)]>(long, at::PhiloxCudaState, T3, T4)",7262,cudaLaunchKernel_v7000,4098527107,4098562906,4098624266,4098660233,35967,7,768x1x1,256x1x1,40,0,0,0
planner_debate_L_it1,warmup,1,critic-merge,,call_overhead,kernel,elementwise_binary,"void at::native::vectorized_elementwise_kernel<(int)8, at::native::BUnaryFunctor<c10::Half, c10::Half, c10::Half, at::native::binary_internal::MulFunctor<float>>, std::array<char *, (unsigned long)2>>(int, T2, T3)",7272,cudaLaunchKernel_v7000,4098606675,4098623650,4098660873,4098681289,20416,7,16384x1x1,128x1x1,20,0,0,0
planner_debate_L_it1,warmup,1,critic-merge,6,RMSNormOp,kernel,copy,"void at::native::unrolled_elementwise_kernel<at::native::direct_copy_kernel_cuda(at::TensorIteratorBase &)::[lambda() (instance 3)]::operator ()() const::[lambda() (instance 7)]::operator ()() const::[lambda(float) (instance 1)], std::array<char *, (unsigned long)2>, (int)8, TrivialOffsetCalculator<(int)1, unsigned int>, TrivialOffsetCalculator<(int)1, unsigned int>, at::native::memory::LoadWithCast<(int)1>, at::native::memory::StoreWithCast<(int)1>>(int, T1, T2, T4, T5, T6, T7)",7295,cudaLaunchKernel_v7000,4098739579,4098751398,4098750823,4098864931,114108,7,16384x1x1,128x1x1,38,0,0,0
planner_debate_L_it1,warmup,1,critic-merge,6,RMSNormOp,kernel,elementwise_unary,"void at::native::vectorized_elementwise_kernel<(int)4, void at::native::<unnamed>::pow_tensor_scalar_kernel_impl<float, float>(at::TensorIteratorBase &, T2)::[lambda(float) (instance 1)], std::array<char *, (unsigned long)2>>(int, T2, T3)",7306,cudaLaunchKernel_v7000,4098772473,4098780156,4098865635,4099010879,145244,7,16384x1x1,128x1x1,20,0,0,0
planner_debate_L_it1,warmup,1,critic-merge,6,RMSNormOp,kernel,reduce,"void at::native::reduce_kernel<(int)512, (int)1, at::native::ReduceOp<float, at::native::MeanOps<float, float, float, float>, unsigned int, float, (int)4, (int)4>>(T3)",7320,cudaLaunchKernel_v7000,4098804184,4098811607,4099011583,4099048702,37119,7,256x1x1,32x16x1,26,16,0,0
planner_debate_L_it1,warmup,1,critic-merge,6,RMSNormOp,kernel,elementwise_binary,"void at::native::vectorized_elementwise_kernel<(int)4, at::native::CUDAFunctorOnSelf_add<float>, std::array<char *, (unsigned long)2>>(int, T2, T3)",7326,cudaLaunchKernel_v7000,4098831718,4098838254,4099049374,4099050654,1280,7,4x1x1,128x1x1,20,0,0,0
planner_debate_L_it1,warmup,1,critic-merge,6,RMSNormOp,kernel,elementwise_unary,"void at::native::vectorized_elementwise_kernel<(int)4, at::native::rsqrt_kernel_cuda(at::TensorIteratorBase &)::[lambda() (instance 2)]::operator ()() const::[lambda() (instance 2)]::operator ()() const::[lambda(float) (instance 1)], std::array<char *, (unsigned long)2>>(int, T2, T3)",7336,cudaLaunchKernel_v7000,4098854491,4098861797,4099051358,4099052478,1120,7,4x1x1,128x1x1,26,0,0,0
planner_debate_L_it1,warmup,1,critic-merge,6,RMSNormOp,kernel,elementwise_binary,"void at::native::elementwise_kernel<(int)128, (int)2, void at::native::gpu_kernel_impl_nocast<at::native::BinaryFunctor<float, float, float, at::native::binary_internal::MulFunctor<float>>>(at::TensorIteratorBase &, const T1 &)::[lambda(int) (instance 1)]>(int, T3)",7346,cudaLaunchKernel_v7000,4098881081,4098887562,4099053118,4099179994,126876,7,65536x1x1,128x1x1,16,0,0,0
planner_debate_L_it1,warmup,1,critic-merge,6,RMSNormOp,kernel,copy,"void at::native::vectorized_elementwise_kernel<(int)8, at::native::float16_copy_kernel_cuda(at::TensorIteratorBase &)::[lambda(float) (instance 1)], std::array<char *, (unsigned long)2>>(int, T2, T3)",7359,cudaLaunchKernel_v7000,4098906028,4098912177,4099181210,4099271992,90782,7,16384x1x1,128x1x1,22,0,0,0
planner_debate_L_it1,warmup,1,critic-merge,7,AddOp,kernel,elementwise_binary,"void at::native::vectorized_elementwise_kernel<(int)8, at::native::CUDAFunctorOnSelf_add<c10::Half>, std::array<char *, (unsigned long)2>>(int, T2, T3)",7403,cudaLaunchKernel_v7000,4099358734,4099368036,4099367221,4099394036,26815,7,16384x1x1,128x1x1,22,0,0,0
planner_debate_L_it1,warmup,1,critic-merge,8,RMSNormOp,kernel,copy,"void at::native::unrolled_elementwise_kernel<at::native::direct_copy_kernel_cuda(at::TensorIteratorBase &)::[lambda() (instance 3)]::operator ()() const::[lambda() (instance 7)]::operator ()() const::[lambda(float) (instance 1)], std::array<char *, (unsigned long)2>, (int)8, TrivialOffsetCalculator<(int)1, unsigned int>, TrivialOffsetCalculator<(int)1, unsigned int>, at::native::memory::LoadWithCast<(int)1>, at::native::memory::StoreWithCast<(int)1>>(int, T1, T2, T4, T5, T6, T7)",7449,cudaLaunchKernel_v7000,4099466125,4099475626,4099474802,4099564272,89470,7,16384x1x1,128x1x1,38,0,0,0
planner_debate_L_it1,warmup,1,critic-merge,8,RMSNormOp,kernel,elementwise_unary,"void at::native::vectorized_elementwise_kernel<(int)4, void at::native::<unnamed>::pow_tensor_scalar_kernel_impl<float, float>(at::TensorIteratorBase &, T2)::[lambda(float) (instance 1)], std::array<char *, (unsigned long)2>>(int, T2, T3)",7460,cudaLaunchKernel_v7000,4099490297,4099496439,4099565039,4099708747,143708,7,16384x1x1,128x1x1,20,0,0,0
planner_debate_L_it1,warmup,1,critic-merge,8,RMSNormOp,kernel,reduce,"void at::native::reduce_kernel<(int)512, (int)1, at::native::ReduceOp<float, at::native::MeanOps<float, float, float, float>, unsigned int, float, (int)4, (int)4>>(T3)",7474,cudaLaunchKernel_v7000,4099512053,4099518118,4099709451,4099744522,35071,7,256x1x1,32x16x1,26,16,0,0
planner_debate_L_it1,warmup,1,critic-merge,8,RMSNormOp,kernel,elementwise_binary,"void at::native::vectorized_elementwise_kernel<(int)4, at::native::CUDAFunctorOnSelf_add<float>, std::array<char *, (unsigned long)2>>(int, T2, T3)",7480,cudaLaunchKernel_v7000,4099529340,4099535104,4099745258,4099746506,1248,7,4x1x1,128x1x1,20,0,0,0
planner_debate_L_it1,warmup,1,critic-merge,8,RMSNormOp,kernel,elementwise_unary,"void at::native::vectorized_elementwise_kernel<(int)4, at::native::rsqrt_kernel_cuda(at::TensorIteratorBase &)::[lambda() (instance 2)]::operator ()() const::[lambda() (instance 2)]::operator ()() const::[lambda(float) (instance 1)], std::array<char *, (unsigned long)2>>(int, T2, T3)",7490,cudaLaunchKernel_v7000,4099546221,4099552204,4099747274,4099748362,1088,7,4x1x1,128x1x1,26,0,0,0
planner_debate_L_it1,warmup,1,critic-merge,8,RMSNormOp,kernel,elementwise_binary,"void at::native::elementwise_kernel<(int)128, (int)2, void at::native::gpu_kernel_impl_nocast<at::native::BinaryFunctor<float, float, float, at::native::binary_internal::MulFunctor<float>>>(at::TensorIteratorBase &, const T1 &)::[lambda(int) (instance 1)]>(int, T3)",7500,cudaLaunchKernel_v7000,4099565550,4099571209,4099749034,4099876839,127805,7,65536x1x1,128x1x1,16,0,0,0
planner_debate_L_it1,warmup,1,critic-merge,8,RMSNormOp,kernel,copy,"void at::native::vectorized_elementwise_kernel<(int)8, at::native::float16_copy_kernel_cuda(at::TensorIteratorBase &)::[lambda(float) (instance 1)], std::array<char *, (unsigned long)2>>(int, T2, T3)",7513,cudaLaunchKernel_v7000,4099585644,4099591382,4099877959,4099970436,92477,7,16384x1x1,128x1x1,22,0,0,0
planner_debate_L_it1,warmup,1,critic-merge,10,LinearOp,memset,memset,memset,7561,cudaMemsetAsync_v3020,4100087171,4100103085,4100104192,4100105056,864,7,0x0x0,0x0x0,0,0,0,4096
planner_debate_L_it1,warmup,1,critic-merge,10,LinearOp,kernel,gemm,ampere_fp16_s1688gemm_fp16_128x128_ldg8_f2f_stages_32x1_nn,7564,cudaLaunchKernel_v7000,4100115956,4100127641,4100126272,4100978183,851911,7,32x32x3,128x1x1,234,32768,0,0
planner_debate_L_it1,warmup,1,critic-merge,11,LinearOp,memset,memset,memset,7611,cudaMemsetAsync_v3020,4101060307,4101066025,4101072293,4101075428,3135,7,0x0x0,0x0x0,0,0,0,4096
planner_debate_L_it1,warmup,1,critic-merge,11,LinearOp,kernel,gemm,ampere_fp16_s1688gemm_fp16_128x128_ldg8_f2f_stages_32x1_nn,7614,cudaLaunchKernel_v7000,4101072218,4101081468,4101084644,4102055977,971333,7,32x32x3,128x1x1,234,32768,0,0
planner_debate_L_it1,warmup,1,critic-merge,12,LinearOp,memset,memset,memset,7661,cudaMemsetAsync_v3020,4102130421,4102135627,4102208900,4102210468,1568,7,0x0x0,0x0x0,0,0,0,4096
planner_debate_L_it1,warmup,1,critic-merge,12,LinearOp,kernel,gemm,ampere_fp16_s1688gemm_fp16_128x128_ldg8_f2f_stages_32x1_nn,7664,cudaLaunchKernel_v7000,4102141517,4102150565,4102211492,4103063244,851752,7,32x32x3,128x1x1,234,32768,0,0
planner_debate_L_it1,warmup,1,critic-merge,14,TransposeOp,kernel,copy,"void at::native::elementwise_kernel<(int)128, (int)4, void at::native::gpu_kernel_impl_nocast<at::native::direct_copy_kernel_cuda(at::TensorIteratorBase &)::[lambda() (instance 3)]::operator ()() const::[lambda() (instance 10)]::operator ()() const::[lambda(c10::Half) (instance 1)]>(at::TensorIteratorBase &, const T1 &)::[lambda(int) (instance 1)]>(int, T3)",7744,cudaLaunchKernel_v7000,4103246200,4103257407,4103256166,4103482304,226138,7,32768x1x1,128x1x1,16,0,0,0
planner_debate_L_it1,warmup,1,planner-final,,call_overhead,memcpy,memcpy,memcpy_Device-to-Host,7786,cudaMemcpyAsync_v3020,4103554876,4103570529,4103569501,4105039507,1470006,7,0x0x0,0x0x0,0,0,0,33554432
planner_debate_L_it1,warmup,1,planner-final,,call_overhead,memcpy,memcpy,memcpy_Host-to-Device,7842,cudaMemcpyAsync_v3020,4217998880,4218029807,4218027136,4219082242,1055106,7,0x0x0,0x0x0,0,0,0,25690112
planner_debate_L_it1,warmup,1,planner-final,,call_overhead,kernel,rng_init,"void at::native::<unnamed>::distribution_elementwise_grid_stride_kernel<float, (int)4, void at::native::templates::cuda::normal_and_transform<c10::Half, float, at::CUDAGeneratorImpl *, void at::native::templates::cuda::normal_kernel<at::CUDAGeneratorImpl *>(const at::TensorBase &, double, double, T1)::[lambda() (instance 1)]::operator ()() const::[lambda() (instance 3)]::operator ()() const::[lambda(float) (instance 1)]>(at::TensorIteratorBase &, T3, T4)::[lambda(curandStatePhilox4_32_10 *) (instance 2)], void at::native::<unnamed>::distribution_nullary_kernel<c10::Half, float, float4, at::CUDAGeneratorImpl *, void at::native::templates::cuda::normal_and_transform<c10::Half, float, at::CUDAGeneratorImpl *, void at::native::templates::cuda::normal_kernel<at::CUDAGeneratorImpl *>(const at::TensorBase &, double, double, T1)::[lambda() (instance 1)]::operator ()() const::[lambda() (instance 3)]::operator ()() const::[lambda(float) (instance 1)]>(at::TensorIteratorBase &, T3, T4)::[lambda(curandStatePhilox4_32_10 *) (instance 2)], void at::native::templates::cuda::normal_kernel<at::CUDAGeneratorImpl *>(const at::TensorBase &, double, double, T1)::[lambda() (instance 1)]::operator ()() const::[lambda() (instance 3)]::operator ()() const::[lambda(float) (instance 1)]>(at::TensorIteratorBase &, T4, const T5 &, T6)::[lambda(int, float) (instance 1)]>(long, at::PhiloxCudaState, T3, T4)",7895,cudaLaunchKernel_v7000,4219193023,4219229932,4219291036,4219319163,28127,7,768x1x1,256x1x1,40,0,0,0
planner_debate_L_it1,warmup,1,planner-final,,call_overhead,kernel,elementwise_binary,"void at::native::vectorized_elementwise_kernel<(int)8, at::native::BUnaryFunctor<c10::Half, c10::Half, c10::Half, at::native::binary_internal::MulFunctor<float>>, std::array<char *, (unsigned long)2>>(int, T2, T3)",7905,cudaLaunchKernel_v7000,4219271939,4219280959,4219319899,4219334746,14847,7,12544x1x1,128x1x1,20,0,0,0
planner_debate_L_it1,warmup,1,planner-final,6,RMSNormOp,kernel,copy,"void at::native::unrolled_elementwise_kernel<at::native::direct_copy_kernel_cuda(at::TensorIteratorBase &)::[lambda() (instance 3)]::operator ()() const::[lambda() (instance 7)]::operator ()() const::[lambda(float) (instance 1)], std::array<char *, (unsigned long)2>, (int)8, TrivialOffsetCalculator<(int)1, unsigned int>, TrivialOffsetCalculator<(int)1, unsigned int>, at::native::memory::LoadWithCast<(int)1>, at::native::memory::StoreWithCast<(int)1>>(int, T1, T2, T4, T5, T6, T7)",7928,cudaLaunchKernel_v7000,4219400095,4219411851,4219411384,4219495382,83998,7,12544x1x1,128x1x1,38,0,0,0
planner_debate_L_it1,warmup,1,planner-final,6,RMSNormOp,kernel,elementwise_unary,"void at::native::vectorized_elementwise_kernel<(int)4, void at::native::<unnamed>::pow_tensor_scalar_kernel_impl<float, float>(at::TensorIteratorBase &, T2)::[lambda(float) (instance 1)], std::array<char *, (unsigned long)2>>(int, T2, T3)",7939,cudaLaunchKernel_v7000,4219432271,4219438868,4219496118,4219566740,70622,7,12544x1x1,128x1x1,20,0,0,0
planner_debate_L_it1,warmup,1,planner-final,6,RMSNormOp,kernel,reduce,"void at::native::reduce_kernel<(int)512, (int)1, at::native::ReduceOp<float, at::native::MeanOps<float, float, float, float>, unsigned int, float, (int)4, (int)4>>(T3)",7953,cudaLaunchKernel_v7000,4219463005,4219471117,4219567348,4219588083,20735,7,224x1x1,32x16x1,26,16,0,0
planner_debate_L_it1,warmup,1,planner-final,6,RMSNormOp,kernel,elementwise_binary,"void at::native::vectorized_elementwise_kernel<(int)4, at::native::CUDAFunctorOnSelf_add<float>, std::array<char *, (unsigned long)2>>(int, T2, T3)",7959,cudaLaunchKernel_v7000,4219490430,4219497314,4219588787,4219589971,1184,7,4x1x1,128x1x1,20,0,0,0
planner_debate_L_it1,warmup,1,planner-final,6,RMSNormOp,kernel,elementwise_unary,"void at::native::vectorized_elementwise_kernel<(int)4, at::native::rsqrt_kernel_cuda(at::TensorIteratorBase &)::[lambda() (instance 2)]::operator ()() const::[lambda() (instance 2)]::operator ()() const::[lambda(float) (instance 1)], std::array<char *, (unsigned long)2>>(int, T2, T3)",7969,cudaLaunchKernel_v7000,4219513019,4219519474,4219590643,4219591731,1088,7,4x1x1,128x1x1,26,0,0,0
planner_debate_L_it1,warmup,1,planner-final,6,RMSNormOp,kernel,elementwise_binary,"void at::native::elementwise_kernel<(int)128, (int)2, void at::native::gpu_kernel_impl_nocast<at::native::BinaryFunctor<float, float, float, at::native::binary_internal::MulFunctor<float>>>(at::TensorIteratorBase &, const T1 &)::[lambda(int) (instance 1)]>(int, T3)",7979,cudaLaunchKernel_v7000,4219539827,4219546816,4219592371,4219680177,87806,7,50176x1x1,128x1x1,16,0,0,0
planner_debate_L_it1,warmup,1,planner-final,6,RMSNormOp,kernel,copy,"void at::native::vectorized_elementwise_kernel<(int)8, at::native::float16_copy_kernel_cuda(at::TensorIteratorBase &)::[lambda(float) (instance 1)], std::array<char *, (unsigned long)2>>(int, T2, T3)",7992,cudaLaunchKernel_v7000,4219564756,4219570626,4219680817,4219735855,55038,7,12544x1x1,128x1x1,22,0,0,0
planner_debate_L_it1,warmup,1,planner-final,7,AddOp,kernel,elementwise_binary,"void at::native::vectorized_elementwise_kernel<(int)8, at::native::CUDAFunctorOnSelf_add<c10::Half>, std::array<char *, (unsigned long)2>>(int, T2, T3)",8036,cudaLaunchKernel_v7000,4219827211,4219837054,4219837260,4219852108,14848,7,12544x1x1,128x1x1,22,0,0,0
planner_debate_L_it1,warmup,1,planner-final,8,RMSNormOp,kernel,copy,"void at::native::unrolled_elementwise_kernel<at::native::direct_copy_kernel_cuda(at::TensorIteratorBase &)::[lambda() (instance 3)]::operator ()() const::[lambda() (instance 7)]::operator ()() const::[lambda(float) (instance 1)], std::array<char *, (unsigned long)2>, (int)8, TrivialOffsetCalculator<(int)1, unsigned int>, TrivialOffsetCalculator<(int)1, unsigned int>, at::native::memory::LoadWithCast<(int)1>, at::native::memory::StoreWithCast<(int)1>>(int, T1, T2, T4, T5, T6, T7)",8082,cudaLaunchKernel_v7000,4219935204,4219944612,4219943785,4219994664,50879,7,12544x1x1,128x1x1,38,0,0,0
planner_debate_L_it1,warmup,1,planner-final,8,RMSNormOp,kernel,elementwise_unary,"void at::native::vectorized_elementwise_kernel<(int)4, void at::native::<unnamed>::pow_tensor_scalar_kernel_impl<float, float>(at::TensorIteratorBase &, T2)::[lambda(float) (instance 1)], std::array<char *, (unsigned long)2>>(int, T2, T3)",8093,cudaLaunchKernel_v7000,4219957284,4219963412,4219995368,4220066950,71582,7,12544x1x1,128x1x1,20,0,0,0
planner_debate_L_it1,warmup,1,planner-final,8,RMSNormOp,kernel,reduce,"void at::native::reduce_kernel<(int)512, (int)1, at::native::ReduceOp<float, at::native::MeanOps<float, float, float, float>, unsigned int, float, (int)4, (int)4>>(T3)",8107,cudaLaunchKernel_v7000,4219978912,4219986030,4220067685,4220089477,21792,7,224x1x1,32x16x1,26,16,0,0
planner_debate_L_it1,warmup,1,planner-final,8,RMSNormOp,kernel,elementwise_binary,"void at::native::vectorized_elementwise_kernel<(int)4, at::native::CUDAFunctorOnSelf_add<float>, std::array<char *, (unsigned long)2>>(int, T2, T3)",8113,cudaLaunchKernel_v7000,4219996955,4220002799,4220090181,4220091461,1280,7,4x1x1,128x1x1,20,0,0,0
planner_debate_L_it1,warmup,1,planner-final,8,RMSNormOp,kernel,elementwise_unary,"void at::native::vectorized_elementwise_kernel<(int)4, at::native::rsqrt_kernel_cuda(at::TensorIteratorBase &)::[lambda() (instance 2)]::operator ()() const::[lambda() (instance 2)]::operator ()() const::[lambda(float) (instance 1)], std::array<char *, (unsigned long)2>>(int, T2, T3)",8123,cudaLaunchKernel_v7000,4220013679,4220018943,4220092101,4220093189,1088,7,4x1x1,128x1x1,26,0,0,0
planner_debate_L_it1,warmup,1,planner-final,8,RMSNormOp,kernel,elementwise_binary,"void at::native::elementwise_kernel<(int)128, (int)2, void at::native::gpu_kernel_impl_nocast<at::native::BinaryFunctor<float, float, float, at::native::binary_internal::MulFunctor<float>>>(at::TensorIteratorBase &, const T1 &)::[lambda(int) (instance 1)]>(int, T3)",8133,cudaLaunchKernel_v7000,4220032625,4220039212,4220093829,4220181602,87773,7,50176x1x1,128x1x1,16,0,0,0
planner_debate_L_it1,warmup,1,planner-final,8,RMSNormOp,kernel,copy,"void at::native::vectorized_elementwise_kernel<(int)8, at::native::float16_copy_kernel_cuda(at::TensorIteratorBase &)::[lambda(float) (instance 1)], std::array<char *, (unsigned long)2>>(int, T2, T3)",8146,cudaLaunchKernel_v7000,4220054442,4220059904,4220182338,4220237121,54783,7,12544x1x1,128x1x1,22,0,0,0
planner_debate_L_it1,warmup,1,planner-final,10,LinearOp,kernel,gemm,void cutlass::Kernel2<cutlass_80_tensorop_f16_s16816gemm_relu_f16_64x64_32x6_nn_align8>(T1::Params),8200,cuLaunchKernel,4220374578,4220384824,4220384156,4221019274,635118,7,448x7x1,128x1x1,96,0,49152,0
planner_debate_L_it1,warmup,1,planner-final,11,LinearOp,kernel,gemm,void cutlass::Kernel2<cutlass_80_tensorop_f16_s16816gemm_relu_f16_64x64_32x6_nn_align8>(T1::Params),8252,cuLaunchKernel,4221102913,4221111586,4221110952,4221743318,632366,7,448x7x1,128x1x1,96,0,49152,0
planner_debate_L_it1,warmup,1,planner-final,12,LinearOp,kernel,gemm,void cutlass::Kernel2<cutlass_80_tensorop_f16_s16816gemm_relu_f16_64x64_32x6_nn_align8>(T1::Params),8304,cuLaunchKernel,4221822476,4221830718,4221830259,4222465985,635726,7,448x7x1,128x1x1,96,0,49152,0
planner_debate_L_it1,warmup,1,planner-final,14,TransposeOp,kernel,copy,"void at::native::elementwise_kernel<(int)128, (int)4, void at::native::gpu_kernel_impl_nocast<at::native::direct_copy_kernel_cuda(at::TensorIteratorBase &)::[lambda() (instance 3)]::operator ()() const::[lambda() (instance 10)]::operator ()() const::[lambda(c10::Half) (instance 1)]>(at::TensorIteratorBase &, const T1 &)::[lambda(int) (instance 1)]>(int, T3)",8383,cudaLaunchKernel_v7000,4222664051,4222676844,4222675835,4222853558,177723,7,25088x1x1,128x1x1,16,0,0,0
planner_debate_L_it1,warmup,1,planner-final,,call_overhead,memcpy,memcpy,memcpy_Device-to-Host,8425,cudaMemcpyAsync_v3020,4222927639,4222945860,4222944308,4224052564,1108256,7,0x0x0,0x0x0,0,0,0,25690112
planner_debate_L_it1,warmup,2,planner-seed,,call_overhead,memcpy,memcpy,memcpy_Host-to-Device,8485,cudaMemcpyAsync_v3020,4339845877,4339873487,4339871503,4340934577,1063074,7,0x0x0,0x0x0,0,0,0,25690112
planner_debate_L_it1,warmup,2,planner-seed,,call_overhead,kernel,rng_init,"void at::native::<unnamed>::distribution_elementwise_grid_stride_kernel<float, (int)4, void at::native::templates::cuda::normal_and_transform<c10::Half, float, at::CUDAGeneratorImpl *, void at::native::templates::cuda::normal_kernel<at::CUDAGeneratorImpl *>(const at::TensorBase &, double, double, T1)::[lambda() (instance 1)]::operator ()() const::[lambda() (instance 3)]::operator ()() const::[lambda(float) (instance 1)]>(at::TensorIteratorBase &, T3, T4)::[lambda(curandStatePhilox4_32_10 *) (instance 2)], void at::native::<unnamed>::distribution_nullary_kernel<c10::Half, float, float4, at::CUDAGeneratorImpl *, void at::native::templates::cuda::normal_and_transform<c10::Half, float, at::CUDAGeneratorImpl *, void at::native::templates::cuda::normal_kernel<at::CUDAGeneratorImpl *>(const at::TensorBase &, double, double, T1)::[lambda() (instance 1)]::operator ()() const::[lambda() (instance 3)]::operator ()() const::[lambda(float) (instance 1)]>(at::TensorIteratorBase &, T3, T4)::[lambda(curandStatePhilox4_32_10 *) (instance 2)], void at::native::templates::cuda::normal_kernel<at::CUDAGeneratorImpl *>(const at::TensorBase &, double, double, T1)::[lambda() (instance 1)]::operator ()() const::[lambda() (instance 3)]::operator ()() const::[lambda(float) (instance 1)]>(at::TensorIteratorBase &, T4, const T5 &, T6)::[lambda(int, float) (instance 1)]>(long, at::PhiloxCudaState, T3, T4)",8538,cudaLaunchKernel_v7000,4341052030,4341089459,4341150443,4341178506,28063,7,768x1x1,256x1x1,40,0,0,0
planner_debate_L_it1,warmup,2,planner-seed,,call_overhead,kernel,elementwise_binary,"void at::native::vectorized_elementwise_kernel<(int)8, at::native::BUnaryFunctor<c10::Half, c10::Half, c10::Half, at::native::binary_internal::MulFunctor<float>>, std::array<char *, (unsigned long)2>>(int, T2, T3)",8548,cudaLaunchKernel_v7000,4341133312,4341144185,4341179210,4341193898,14688,7,12544x1x1,128x1x1,20,0,0,0
planner_debate_L_it1,warmup,2,planner-seed,6,RMSNormOp,kernel,copy,"void at::native::unrolled_elementwise_kernel<at::native::direct_copy_kernel_cuda(at::TensorIteratorBase &)::[lambda() (instance 3)]::operator ()() const::[lambda() (instance 7)]::operator ()() const::[lambda(float) (instance 1)], std::array<char *, (unsigned long)2>, (int)8, TrivialOffsetCalculator<(int)1, unsigned int>, TrivialOffsetCalculator<(int)1, unsigned int>, at::native::memory::LoadWithCast<(int)1>, at::native::memory::StoreWithCast<(int)1>>(int, T1, T2, T4, T5, T6, T7)",8571,cudaLaunchKernel_v7000,4341257392,4341268542,4341267848,4341350693,82845,7,12544x1x1,128x1x1,38,0,0,0
planner_debate_L_it1,warmup,2,planner-seed,6,RMSNormOp,kernel,elementwise_unary,"void at::native::vectorized_elementwise_kernel<(int)4, void at::native::<unnamed>::pow_tensor_scalar_kernel_impl<float, float>(at::TensorIteratorBase &, T2)::[lambda(float) (instance 1)], std::array<char *, (unsigned long)2>>(int, T2, T3)",8582,cudaLaunchKernel_v7000,4341290337,4341297621,4341351365,4341421731,70366,7,12544x1x1,128x1x1,20,0,0,0
planner_debate_L_it1,warmup,2,planner-seed,6,RMSNormOp,kernel,reduce,"void at::native::reduce_kernel<(int)512, (int)1, at::native::ReduceOp<float, at::native::MeanOps<float, float, float, float>, unsigned int, float, (int)4, (int)4>>(T3)",8596,cudaLaunchKernel_v7000,4341321783,4341330382,4341422467,4341442275,19808,7,224x1x1,32x16x1,26,16,0,0
planner_debate_L_it1,warmup,2,planner-seed,6,RMSNormOp,kernel,elementwise_binary,"void at::native::vectorized_elementwise_kernel<(int)4, at::native::CUDAFunctorOnSelf_add<float>, std::array<char *, (unsigned long)2>>(int, T2, T3)",8602,cudaLaunchKernel_v7000,4341350778,4341357954,4341442915,4341444195,1280,7,4x1x1,128x1x1,20,0,0,0
planner_debate_L_it1,warmup,2,planner-seed,6,RMSNormOp,kernel,elementwise_unary,"void at::native::vectorized_elementwise_kernel<(int)4, at::native::rsqrt_kernel_cuda(at::TensorIteratorBase &)::[lambda() (instance 2)]::operator ()() const::[lambda() (instance 2)]::operator ()() const::[lambda(float) (instance 1)], std::array<char *, (unsigned long)2>>(int, T2, T3)",8612,cudaLaunchKernel_v7000,4341373525,4341390372,4341444963,4341446051,1088,7,4x1x1,128x1x1,26,0,0,0
planner_debate_L_it1,warmup,2,planner-seed,6,RMSNormOp,kernel,elementwise_binary,"void at::native::elementwise_kernel<(int)128, (int)2, void at::native::gpu_kernel_impl_nocast<at::native::BinaryFunctor<float, float, float, at::native::binary_internal::MulFunctor<float>>>(at::TensorIteratorBase &, const T1 &)::[lambda(int) (instance 1)]>(int, T3)",8622,cudaLaunchKernel_v7000,4341411982,4341419245,4341446691,4341534464,87773,7,50176x1x1,128x1x1,16,0,0,0
planner_debate_L_it1,warmup,2,planner-seed,6,RMSNormOp,kernel,copy,"void at::native::vectorized_elementwise_kernel<(int)8, at::native::float16_copy_kernel_cuda(at::TensorIteratorBase &)::[lambda(float) (instance 1)], std::array<char *, (unsigned long)2>>(int, T2, T3)",8635,cudaLaunchKernel_v7000,4341438672,4341444792,4341535168,4341590558,55390,7,12544x1x1,128x1x1,22,0,0,0
planner_debate_L_it1,warmup,2,planner-seed,7,AddOp,kernel,elementwise_binary,"void at::native::vectorized_elementwise_kernel<(int)8, at::native::CUDAFunctorOnSelf_add<c10::Half>, std::array<char *, (unsigned long)2>>(int, T2, T3)",8679,cudaLaunchKernel_v7000,4341690279,4341700648,4341699611,4341714523,14912,7,12544x1x1,128x1x1,22,0,0,0
planner_debate_L_it1,warmup,2,planner-seed,8,RMSNormOp,kernel,copy,"void at::native::unrolled_elementwise_kernel<at::native::direct_copy_kernel_cuda(at::TensorIteratorBase &)::[lambda() (instance 3)]::operator ()() const::[lambda() (instance 7)]::operator ()() const::[lambda(float) (instance 1)], std::array<char *, (unsigned long)2>, (int)8, TrivialOffsetCalculator<(int)1, unsigned int>, TrivialOffsetCalculator<(int)1, unsigned int>, at::native::memory::LoadWithCast<(int)1>, at::native::memory::StoreWithCast<(int)1>>(int, T1, T2, T4, T5, T6, T7)",8725,cudaLaunchKernel_v7000,4341802720,4341812584,4341811608,4341861559,49951,7,12544x1x1,128x1x1,38,0,0,0
planner_debate_L_it1,warmup,2,planner-seed,8,RMSNormOp,kernel,elementwise_unary,"void at::native::vectorized_elementwise_kernel<(int)4, void at::native::<unnamed>::pow_tensor_scalar_kernel_impl<float, float>(at::TensorIteratorBase &, T2)::[lambda(float) (instance 1)], std::array<char *, (unsigned long)2>>(int, T2, T3)",8736,cudaLaunchKernel_v7000,4341826044,4341832522,4341862231,4341934869,72638,7,12544x1x1,128x1x1,20,0,0,0
planner_debate_L_it1,warmup,2,planner-seed,8,RMSNormOp,kernel,reduce,"void at::native::reduce_kernel<(int)512, (int)1, at::native::ReduceOp<float, at::native::MeanOps<float, float, float, float>, unsigned int, float, (int)4, (int)4>>(T3)",8750,cudaLaunchKernel_v7000,4341848314,4341854709,4341935605,4341959060,23455,7,224x1x1,32x16x1,26,16,0,0
planner_debate_L_it1,warmup,2,planner-seed,8,RMSNormOp,kernel,elementwise_binary,"void at::native::vectorized_elementwise_kernel<(int)4, at::native::CUDAFunctorOnSelf_add<float>, std::array<char *, (unsigned long)2>>(int, T2, T3)",8756,cudaLaunchKernel_v7000,4341866293,4341872040,4341959732,4341960884,1152,7,4x1x1,128x1x1,20,0,0,0
planner_debate_L_it1,warmup,2,planner-seed,8,RMSNormOp,kernel,elementwise_unary,"void at::native::vectorized_elementwise_kernel<(int)4, at::native::rsqrt_kernel_cuda(at::TensorIteratorBase &)::[lambda() (instance 2)]::operator ()() const::[lambda() (instance 2)]::operator ()() const::[lambda(float) (instance 1)], std::array<char *, (unsigned long)2>>(int, T2, T3)",8766,cudaLaunchKernel_v7000,4341883392,4341888863,4341961588,4341962644,1056,7,4x1x1,128x1x1,26,0,0,0
planner_debate_L_it1,warmup,2,planner-seed,8,RMSNormOp,kernel,elementwise_binary,"void at::native::elementwise_kernel<(int)128, (int)2, void at::native::gpu_kernel_impl_nocast<at::native::BinaryFunctor<float, float, float, at::native::binary_internal::MulFunctor<float>>>(at::TensorIteratorBase &, const T1 &)::[lambda(int) (instance 1)]>(int, T3)",8776,cudaLaunchKernel_v7000,4341903116,4341909006,4341963316,4342050897,87581,7,50176x1x1,128x1x1,16,0,0,0
planner_debate_L_it1,warmup,2,planner-seed,8,RMSNormOp,kernel,copy,"void at::native::vectorized_elementwise_kernel<(int)8, at::native::float16_copy_kernel_cuda(at::TensorIteratorBase &)::[lambda(float) (instance 1)], std::array<char *, (unsigned long)2>>(int, T2, T3)",8789,cudaLaunchKernel_v7000,4341924310,4341932117,4342051569,4342106416,54847,7,12544x1x1,128x1x1,22,0,0,0
planner_debate_L_it1,warmup,2,planner-seed,10,LinearOp,kernel,gemm,void cutlass::Kernel2<cutlass_80_tensorop_f16_s16816gemm_relu_f16_64x64_32x6_nn_align8>(T1::Params),8843,cuLaunchKernel,4342245995,4342256828,4342256395,4342892601,636206,7,448x7x1,128x1x1,96,0,49152,0
planner_debate_L_it1,warmup,2,planner-seed,11,LinearOp,kernel,gemm,void cutlass::Kernel2<cutlass_80_tensorop_f16_s16816gemm_relu_f16_64x64_32x6_nn_align8>(T1::Params),8895,cuLaunchKernel,4342979244,4342988236,4342987895,4343620741,632846,7,448x7x1,128x1x1,96,0,49152,0
planner_debate_L_it1,warmup,2,planner-seed,12,LinearOp,kernel,gemm,void cutlass::Kernel2<cutlass_80_tensorop_f16_s16816gemm_relu_f16_64x64_32x6_nn_align8>(T1::Params),8947,cuLaunchKernel,4343710757,4343720139,4343719330,4344354448,635118,7,448x7x1,128x1x1,96,0,49152,0
planner_debate_L_it1,warmup,2,planner-seed,14,TransposeOp,kernel,copy,"void at::native::elementwise_kernel<(int)128, (int)4, void at::native::gpu_kernel_impl_nocast<at::native::direct_copy_kernel_cuda(at::TensorIteratorBase &)::[lambda() (instance 3)]::operator ()() const::[lambda() (instance 10)]::operator ()() const::[lambda(c10::Half) (instance 1)]>(at::TensorIteratorBase &, const T1 &)::[lambda(int) (instance 1)]>(int, T3)",9026,cudaLaunchKernel_v7000,4344548056,4344565447,4344563722,4344741285,177563,7,25088x1x1,128x1x1,16,0,0,0
planner_debate_L_it1,warmup,2,critic-a,,call_overhead,memcpy,memcpy,memcpy_Device-to-Host,9068,cudaMemcpyAsync_v3020,4344818446,4344833807,4344832514,4345948386,1115872,7,0x0x0,0x0x0,0,0,0,25690112
planner_debate_L_it1,warmup,2,critic-a,,call_overhead,memcpy,memcpy,memcpy_Host-to-Device,9124,cudaMemcpyAsync_v3020,4496331768,4496360873,4496358180,4497752028,1393848,7,0x0x0,0x0x0,0,0,0,33554432
planner_debate_L_it1,warmup,2,critic-a,,call_overhead,kernel,rng_init,"void at::native::<unnamed>::distribution_elementwise_grid_stride_kernel<float, (int)4, void at::native::templates::cuda::normal_and_transform<c10::Half, float, at::CUDAGeneratorImpl *, void at::native::templates::cuda::normal_kernel<at::CUDAGeneratorImpl *>(const at::TensorBase &, double, double, T1)::[lambda() (instance 1)]::operator ()() const::[lambda() (instance 3)]::operator ()() const::[lambda(float) (instance 1)]>(at::TensorIteratorBase &, T3, T4)::[lambda(curandStatePhilox4_32_10 *) (instance 2)], void at::native::<unnamed>::distribution_nullary_kernel<c10::Half, float, float4, at::CUDAGeneratorImpl *, void at::native::templates::cuda::normal_and_transform<c10::Half, float, at::CUDAGeneratorImpl *, void at::native::templates::cuda::normal_kernel<at::CUDAGeneratorImpl *>(const at::TensorBase &, double, double, T1)::[lambda() (instance 1)]::operator ()() const::[lambda() (instance 3)]::operator ()() const::[lambda(float) (instance 1)]>(at::TensorIteratorBase &, T3, T4)::[lambda(curandStatePhilox4_32_10 *) (instance 2)], void at::native::templates::cuda::normal_kernel<at::CUDAGeneratorImpl *>(const at::TensorBase &, double, double, T1)::[lambda() (instance 1)]::operator ()() const::[lambda() (instance 3)]::operator ()() const::[lambda(float) (instance 1)]>(at::TensorIteratorBase &, T4, const T5 &, T6)::[lambda(int, float) (instance 1)]>(long, at::PhiloxCudaState, T3, T4)",9177,cudaLaunchKernel_v7000,4497866033,4497901279,4497963318,4497999157,35839,7,768x1x1,256x1x1,40,0,0,0
planner_debate_L_it1,warmup,2,critic-a,,call_overhead,kernel,elementwise_binary,"void at::native::vectorized_elementwise_kernel<(int)8, at::native::BUnaryFunctor<c10::Half, c10::Half, c10::Half, at::native::binary_internal::MulFunctor<float>>, std::array<char *, (unsigned long)2>>(int, T2, T3)",9187,cudaLaunchKernel_v7000,4497946611,4497956700,4497999829,4498019445,19616,7,16384x1x1,128x1x1,20,0,0,0
planner_debate_L_it1,warmup,2,critic-a,6,RMSNormOp,kernel,copy,"void at::native::unrolled_elementwise_kernel<at::native::direct_copy_kernel_cuda(at::TensorIteratorBase &)::[lambda() (instance 3)]::operator ()() const::[lambda() (instance 7)]::operator ()() const::[lambda(float) (instance 1)], std::array<char *, (unsigned long)2>, (int)8, TrivialOffsetCalculator<(int)1, unsigned int>, TrivialOffsetCalculator<(int)1, unsigned int>, at::native::memory::LoadWithCast<(int)1>, at::native::memory::StoreWithCast<(int)1>>(int, T1, T2, T4, T5, T6, T7)",9210,cudaLaunchKernel_v7000,4498073810,4498084335,4498083955,4498199567,115612,7,16384x1x1,128x1x1,38,0,0,0
planner_debate_L_it1,warmup,2,critic-a,6,RMSNormOp,kernel,elementwise_unary,"void at::native::vectorized_elementwise_kernel<(int)4, void at::native::<unnamed>::pow_tensor_scalar_kernel_impl<float, float>(at::TensorIteratorBase &, T2)::[lambda(float) (instance 1)], std::array<char *, (unsigned long)2>>(int, T2, T3)",9221,cudaLaunchKernel_v7000,4498105363,4498113082,4498200207,4498344747,144540,7,16384x1x1,128x1x1,20,0,0,0
planner_debate_L_it1,warmup,2,critic-a,6,RMSNormOp,kernel,reduce,"void at::native::reduce_kernel<(int)512, (int)1, at::native::ReduceOp<float, at::native::MeanOps<float, float, float, float>, unsigned int, float, (int)4, (int)4>>(T3)",9235,cudaLaunchKernel_v7000,4498139036,4498146625,4498345515,4498381610,36095,7,256x1x1,32x16x1,26,16,0,0
planner_debate_L_it1,warmup,2,critic-a,6,RMSNormOp,kernel,elementwise_binary,"void at::native::vectorized_elementwise_kernel<(int)4, at::native::CUDAFunctorOnSelf_add<float>, std::array<char *, (unsigned long)2>>(int, T2, T3)",9241,cudaLaunchKernel_v7000,4498167017,4498173947,4498382250,4498383530,1280,7,4x1x1,128x1x1,20,0,0,0
planner_debate_L_it1,warmup,2,critic-a,6,RMSNormOp,kernel,elementwise_unary,"void at::native::vectorized_elementwise_kernel<(int)4, at::native::rsqrt_kernel_cuda(at::TensorIteratorBase &)::[lambda() (instance 2)]::operator ()() const::[lambda() (instance 2)]::operator ()() const::[lambda(float) (instance 1)], std::array<char *, (unsigned long)2>>(int, T2, T3)",9251,cudaLaunchKernel_v7000,4498190195,4498196822,4498384170,4498385258,1088,7,4x1x1,128x1x1,26,0,0,0
planner_debate_L_it1,warmup,2,critic-a,6,RMSNormOp,kernel,elementwise_binary,"void at::native::elementwise_kernel<(int)128, (int)2, void at::native::gpu_kernel_impl_nocast<at::native::BinaryFunctor<float, float, float, at::native::binary_internal::MulFunctor<float>>>(at::TensorIteratorBase &, const T1 &)::[lambda(int) (instance 1)]>(int, T3)",9261,cudaLaunchKernel_v7000,4498216286,4498223353,4498385930,4498514247,128317,7,65536x1x1,128x1x1,16,0,0,0
planner_debate_L_it1,warmup,2,critic-a,6,RMSNormOp,kernel,copy,"void at::native::vectorized_elementwise_kernel<(int)8, at::native::float16_copy_kernel_cuda(at::TensorIteratorBase &)::[lambda(float) (instance 1)], std::array<char *, (unsigned long)2>>(int, T2, T3)",9274,cudaLaunchKernel_v7000,4498242650,4498248563,4498515015,4498605924,90909,7,16384x1x1,128x1x1,22,0,0,0
planner_debate_L_it1,warmup,2,critic-a,7,AddOp,kernel,elementwise_binary,"void at::native::vectorized_elementwise_kernel<(int)8, at::native::CUDAFunctorOnSelf_add<c10::Half>, std::array<char *, (unsigned long)2>>(int, T2, T3)",9318,cudaLaunchKernel_v7000,4498707495,4498717573,4498716609,4498743744,27135,7,16384x1x1,128x1x1,22,0,0,0
planner_debate_L_it1,warmup,2,critic-a,8,RMSNormOp,kernel,copy,"void at::native::unrolled_elementwise_kernel<at::native::direct_copy_kernel_cuda(at::TensorIteratorBase &)::[lambda() (instance 3)]::operator ()() const::[lambda() (instance 7)]::operator ()() const::[lambda(float) (instance 1)], std::array<char *, (unsigned long)2>, (int)8, TrivialOffsetCalculator<(int)1, unsigned int>, TrivialOffsetCalculator<(int)1, unsigned int>, at::native::memory::LoadWithCast<(int)1>, at::native::memory::StoreWithCast<(int)1>>(int, T1, T2, T4, T5, T6, T7)",9364,cudaLaunchKernel_v7000,4498819951,4498829696,4498829086,4498919163,90077,7,16384x1x1,128x1x1,38,0,0,0
planner_debate_L_it1,warmup,2,critic-a,8,RMSNormOp,kernel,elementwise_unary,"void at::native::vectorized_elementwise_kernel<(int)4, void at::native::<unnamed>::pow_tensor_scalar_kernel_impl<float, float>(at::TensorIteratorBase &, T2)::[lambda(float) (instance 1)], std::array<char *, (unsigned long)2>>(int, T2, T3)",9375,cudaLaunchKernel_v7000,4498842904,4498849888,4498919835,4499065751,145916,7,16384x1x1,128x1x1,20,0,0,0
planner_debate_L_it1,warmup,2,critic-a,8,RMSNormOp,kernel,reduce,"void at::native::reduce_kernel<(int)512, (int)1, at::native::ReduceOp<float, at::native::MeanOps<float, float, float, float>, unsigned int, float, (int)4, (int)4>>(T3)",9389,cudaLaunchKernel_v7000,4498865481,4498871852,4499066519,4499109686,43167,7,256x1x1,32x16x1,26,16,0,0
planner_debate_L_it1,warmup,2,critic-a,8,RMSNormOp,kernel,elementwise_binary,"void at::native::vectorized_elementwise_kernel<(int)4, at::native::CUDAFunctorOnSelf_add<float>, std::array<char *, (unsigned long)2>>(int, T2, T3)",9395,cudaLaunchKernel_v7000,4498884165,4498890781,4499110358,4499111606,1248,7,4x1x1,128x1x1,20,0,0,0
planner_debate_L_it1,warmup,2,critic-a,8,RMSNormOp,kernel,elementwise_unary,"void at::native::vectorized_elementwise_kernel<(int)4, at::native::rsqrt_kernel_cuda(at::TensorIteratorBase &)::[lambda() (instance 2)]::operator ()() const::[lambda() (instance 2)]::operator ()() const::[lambda(float) (instance 1)], std::array<char *, (unsigned long)2>>(int, T2, T3)",9405,cudaLaunchKernel_v7000,4498902221,4498908335,4499112981,4499114069,1088,7,4x1x1,128x1x1,26,0,0,0
planner_debate_L_it1,warmup,2,critic-a,8,RMSNormOp,kernel,elementwise_binary,"void at::native::elementwise_kernel<(int)128, (int)2, void at::native::gpu_kernel_impl_nocast<at::native::BinaryFunctor<float, float, float, at::native::binary_internal::MulFunctor<float>>>(at::TensorIteratorBase &, const T1 &)::[lambda(int) (instance 1)]>(int, T3)",9415,cudaLaunchKernel_v7000,4498921064,4498927581,4499114709,4499308432,193723,7,65536x1x1,128x1x1,16,0,0,0
planner_debate_L_it1,warmup,2,critic-a,8,RMSNormOp,kernel,copy,"void at::native::vectorized_elementwise_kernel<(int)8, at::native::float16_copy_kernel_cuda(at::TensorIteratorBase &)::[lambda(float) (instance 1)], std::array<char *, (unsigned long)2>>(int, T2, T3)",9428,cudaLaunchKernel_v7000,4498942361,4498947939,4499309104,4499405005,95901,7,16384x1x1,128x1x1,22,0,0,0
planner_debate_L_it1,warmup,2,critic-a,10,LinearOp,memset,memset,memset,9476,cudaMemsetAsync_v3020,4499523009,4499538849,4499561161,4499561993,832,7,0x0x0,0x0x0,0,0,0,4096
planner_debate_L_it1,warmup,2,critic-a,10,LinearOp,kernel,gemm,ampere_fp16_s1688gemm_fp16_128x128_ldg8_f2f_stages_32x1_nn,9479,cudaLaunchKernel_v7000,4499553459,4499565132,4499564585,4500415696,851111,7,32x32x3,128x1x1,234,32768,0,0
planner_debate_L_it1,warmup,2,critic-a,11,LinearOp,memset,memset,memset,9526,cudaMemsetAsync_v3020,4500498863,4500505228,4500506446,4500507310,864,7,0x0x0,0x0x0,0,0,0,4096
planner_debate_L_it1,warmup,2,critic-a,11,LinearOp,kernel,gemm,ampere_fp16_s1688gemm_fp16_128x128_ldg8_f2f_stages_32x1_nn,9529,cudaLaunchKernel_v7000,4500511837,4500520753,4500520077,4501371221,851144,7,32x32x3,128x1x1,234,32768,0,0
planner_debate_L_it1,warmup,2,critic-a,12,LinearOp,memset,memset,memset,9576,cudaMemsetAsync_v3020,4501445073,4501451711,4501452851,4501453715,864,7,0x0x0,0x0x0,0,0,0,4096
planner_debate_L_it1,warmup,2,critic-a,12,LinearOp,kernel,gemm,ampere_fp16_s1688gemm_fp16_128x128_ldg8_f2f_stages_32x1_nn,9579,cudaLaunchKernel_v7000,4501457829,4501466282,4501465586,4502317146,851560,7,32x32x3,128x1x1,234,32768,0,0
planner_debate_L_it1,warmup,2,critic-a,14,TransposeOp,kernel,copy,"void at::native::elementwise_kernel<(int)128, (int)4, void at::native::gpu_kernel_impl_nocast<at::native::direct_copy_kernel_cuda(at::TensorIteratorBase &)::[lambda() (instance 3)]::operator ()() const::[lambda() (instance 10)]::operator ()() const::[lambda(c10::Half) (instance 1)]>(at::TensorIteratorBase &, const T1 &)::[lambda(int) (instance 1)]>(int, T3)",9659,cudaLaunchKernel_v7000,4502508805,4502521466,4502520276,4502747150,226874,7,32768x1x1,128x1x1,16,0,0,0
planner_debate_L_it1,warmup,2,critic-b,,call_overhead,memcpy,memcpy,memcpy_Device-to-Host,9701,cudaMemcpyAsync_v3020,4502821610,4502838357,4502836555,4504341856,1505301,7,0x0x0,0x0x0,0,0,0,33554432
planner_debate_L_it1,warmup,2,critic-b,,call_overhead,memcpy,memcpy,memcpy_Host-to-Device,9757,cudaMemcpyAsync_v3020,4646340414,4646367303,4646365937,4647826856,1460919,7,0x0x0,0x0x0,0,0,0,33554432
planner_debate_L_it1,warmup,2,critic-b,,call_overhead,kernel,rng_init,"void at::native::<unnamed>::distribution_elementwise_grid_stride_kernel<float, (int)4, void at::native::templates::cuda::normal_and_transform<c10::Half, float, at::CUDAGeneratorImpl *, void at::native::templates::cuda::normal_kernel<at::CUDAGeneratorImpl *>(const at::TensorBase &, double, double, T1)::[lambda() (instance 1)]::operator ()() const::[lambda() (instance 3)]::operator ()() const::[lambda(float) (instance 1)]>(at::TensorIteratorBase &, T3, T4)::[lambda(curandStatePhilox4_32_10 *) (instance 2)], void at::native::<unnamed>::distribution_nullary_kernel<c10::Half, float, float4, at::CUDAGeneratorImpl *, void at::native::templates::cuda::normal_and_transform<c10::Half, float, at::CUDAGeneratorImpl *, void at::native::templates::cuda::normal_kernel<at::CUDAGeneratorImpl *>(const at::TensorBase &, double, double, T1)::[lambda() (instance 1)]::operator ()() const::[lambda() (instance 3)]::operator ()() const::[lambda(float) (instance 1)]>(at::TensorIteratorBase &, T3, T4)::[lambda(curandStatePhilox4_32_10 *) (instance 2)], void at::native::templates::cuda::normal_kernel<at::CUDAGeneratorImpl *>(const at::TensorBase &, double, double, T1)::[lambda() (instance 1)]::operator ()() const::[lambda() (instance 3)]::operator ()() const::[lambda(float) (instance 1)]>(at::TensorIteratorBase &, T4, const T5 &, T6)::[lambda(int, float) (instance 1)]>(long, at::PhiloxCudaState, T3, T4)",9810,cudaLaunchKernel_v7000,4647940480,4647975742,4648038241,4648074080,35839,7,768x1x1,256x1x1,40,0,0,0
planner_debate_L_it1,warmup,2,critic-b,,call_overhead,kernel,elementwise_binary,"void at::native::vectorized_elementwise_kernel<(int)8, at::native::BUnaryFunctor<c10::Half, c10::Half, c10::Half, at::native::binary_internal::MulFunctor<float>>, std::array<char *, (unsigned long)2>>(int, T2, T3)",9820,cudaLaunchKernel_v7000,4648022572,4648031975,4648074752,4648094560,19808,7,16384x1x1,128x1x1,20,0,0,0
planner_debate_L_it1,warmup,2,critic-b,6,RMSNormOp,kernel,copy,"void at::native::unrolled_elementwise_kernel<at::native::direct_copy_kernel_cuda(at::TensorIteratorBase &)::[lambda() (instance 3)]::operator ()() const::[lambda() (instance 7)]::operator ()() const::[lambda(float) (instance 1)], std::array<char *, (unsigned long)2>, (int)8, TrivialOffsetCalculator<(int)1, unsigned int>, TrivialOffsetCalculator<(int)1, unsigned int>, at::native::memory::LoadWithCast<(int)1>, at::native::memory::StoreWithCast<(int)1>>(int, T1, T2, T4, T5, T6, T7)",9843,cudaLaunchKernel_v7000,4648144142,4648154797,4648154622,4648265691,111069,7,16384x1x1,128x1x1,38,0,0,0
planner_debate_L_it1,warmup,2,critic-b,6,RMSNormOp,kernel,elementwise_unary,"void at::native::vectorized_elementwise_kernel<(int)4, void at::native::<unnamed>::pow_tensor_scalar_kernel_impl<float, float>(at::TensorIteratorBase &, T2)::[lambda(float) (instance 1)], std::array<char *, (unsigned long)2>>(int, T2, T3)",9854,cudaLaunchKernel_v7000,4648173016,4648179772,4648266459,4648413079,146620,7,16384x1x1,128x1x1,20,0,0,0
planner_debate_L_it1,warmup,2,critic-b,6,RMSNormOp,kernel,reduce,"void at::native::reduce_kernel<(int)512, (int)1, at::native::ReduceOp<float, at::native::MeanOps<float, float, float, float>, unsigned int, float, (int)4, (int)4>>(T3)",9868,cudaLaunchKernel_v7000,4648202082,4648209506,4648413815,4648450678,36863,7,256x1x1,32x16x1,26,16,0,0
planner_debate_L_it1,warmup,2,critic-b,6,RMSNormOp,kernel,elementwise_binary,"void at::native::vectorized_elementwise_kernel<(int)4, at::native::CUDAFunctorOnSelf_add<float>, std::array<char *, (unsigned long)2>>(int, T2, T3)",9874,cudaLaunchKernel_v7000,4648229104,4648234944,4648451350,4648452758,1408,7,4x1x1,128x1x1,20,0,0,0
planner_debate_L_it1,warmup,2,critic-b,6,RMSNormOp,kernel,elementwise_unary,"void at::native::vectorized_elementwise_kernel<(int)4, at::native::rsqrt_kernel_cuda(at::TensorIteratorBase &)::[lambda() (instance 2)]::operator ()() const::[lambda() (instance 2)]::operator ()() const::[lambda(float) (instance 1)], std::array<char *, (unsigned long)2>>(int, T2, T3)",9884,cudaLaunchKernel_v7000,4648249618,4648256162,4648453494,4648454582,1088,7,4x1x1,128x1x1,26,0,0,0
planner_debate_L_it1,warmup,2,critic-b,6,RMSNormOp,kernel,elementwise_binary,"void at::native::elementwise_kernel<(int)128, (int)2, void at::native::gpu_kernel_impl_nocast<at::native::BinaryFunctor<float, float, float, at::native::binary_internal::MulFunctor<float>>>(at::TensorIteratorBase &, const T1 &)::[lambda(int) (instance 1)]>(int, T3)",9894,cudaLaunchKernel_v7000,4648274366,4648280513,4648455222,4648582834,127612,7,65536x1x1,128x1x1,16,0,0,0
planner_debate_L_it1,warmup,2,critic-b,6,RMSNormOp,kernel,copy,"void at::native::vectorized_elementwise_kernel<(int)8, at::native::float16_copy_kernel_cuda(at::TensorIteratorBase &)::[lambda(float) (instance 1)], std::array<char *, (unsigned long)2>>(int, T2, T3)",9907,cudaLaunchKernel_v7000,4648298656,4648303917,4648583986,4648676623,92637,7,16384x1x1,128x1x1,22,0,0,0
planner_debate_L_it1,warmup,2,critic-b,7,AddOp,kernel,elementwise_binary,"void at::native::vectorized_elementwise_kernel<(int)8, at::native::CUDAFunctorOnSelf_add<c10::Half>, std::array<char *, (unsigned long)2>>(int, T2, T3)",9951,cudaLaunchKernel_v7000,4648757811,4648766687,4648766285,4648792972,26687,7,16384x1x1,128x1x1,22,0,0,0
planner_debate_L_it1,warmup,2,critic-b,8,RMSNormOp,kernel,copy,"void at::native::unrolled_elementwise_kernel<at::native::direct_copy_kernel_cuda(at::TensorIteratorBase &)::[lambda() (instance 3)]::operator ()() const::[lambda() (instance 7)]::operator ()() const::[lambda(float) (instance 1)], std::array<char *, (unsigned long)2>, (int)8, TrivialOffsetCalculator<(int)1, unsigned int>, TrivialOffsetCalculator<(int)1, unsigned int>, at::native::memory::LoadWithCast<(int)1>, at::native::memory::StoreWithCast<(int)1>>(int, T1, T2, T4, T5, T6, T7)",9997,cudaLaunchKernel_v7000,4648856191,4648864586,4648864010,4648952295,88285,7,16384x1x1,128x1x1,38,0,0,0
planner_debate_L_it1,warmup,2,critic-b,8,RMSNormOp,kernel,elementwise_unary,"void at::native::vectorized_elementwise_kernel<(int)4, void at::native::<unnamed>::pow_tensor_scalar_kernel_impl<float, float>(at::TensorIteratorBase &, T2)::[lambda(float) (instance 1)], std::array<char *, (unsigned long)2>>(int, T2, T3)",10008,cudaLaunchKernel_v7000,4648875470,4648880579,4648952967,4649097187,144220,7,16384x1x1,128x1x1,20,0,0,0
planner_debate_L_it1,warmup,2,critic-b,8,RMSNormOp,kernel,reduce,"void at::native::reduce_kernel<(int)512, (int)1, at::native::ReduceOp<float, at::native::MeanOps<float, float, float, float>, unsigned int, float, (int)4, (int)4>>(T3)",10022,cudaLaunchKernel_v7000,4648893697,4648899226,4649097923,4649134242,36319,7,256x1x1,32x16x1,26,16,0,0
planner_debate_L_it1,warmup,2,critic-b,8,RMSNormOp,kernel,elementwise_binary,"void at::native::vectorized_elementwise_kernel<(int)4, at::native::CUDAFunctorOnSelf_add<float>, std::array<char *, (unsigned long)2>>(int, T2, T3)",10028,cudaLaunchKernel_v7000,4648909032,4648913887,4649135042,4649136290,1248,7,4x1x1,128x1x1,20,0,0,0
planner_debate_L_it1,warmup,2,critic-b,8,RMSNormOp,kernel,elementwise_unary,"void at::native::vectorized_elementwise_kernel<(int)4, at::native::rsqrt_kernel_cuda(at::TensorIteratorBase &)::[lambda() (instance 2)]::operator ()() const::[lambda() (instance 2)]::operator ()() const::[lambda(float) (instance 1)], std::array<char *, (unsigned long)2>>(int, T2, T3)",10038,cudaLaunchKernel_v7000,4648922931,4648927503,4649137026,4649138114,1088,7,4x1x1,128x1x1,26,0,0,0
planner_debate_L_it1,warmup,2,critic-b,8,RMSNormOp,kernel,elementwise_binary,"void at::native::elementwise_kernel<(int)128, (int)2, void at::native::gpu_kernel_impl_nocast<at::native::BinaryFunctor<float, float, float, at::native::binary_internal::MulFunctor<float>>>(at::TensorIteratorBase &, const T1 &)::[lambda(int) (instance 1)]>(int, T3)",10048,cudaLaunchKernel_v7000,4648939160,4648944153,4649138754,4649267262,128508,7,65536x1x1,128x1x1,16,0,0,0
planner_debate_L_it1,warmup,2,critic-b,8,RMSNormOp,kernel,copy,"void at::native::vectorized_elementwise_kernel<(int)8, at::native::float16_copy_kernel_cuda(at::TensorIteratorBase &)::[lambda(float) (instance 1)], std::array<char *, (unsigned long)2>>(int, T2, T3)",10061,cudaLaunchKernel_v7000,4648956298,4648961381,4649268446,4649359740,91294,7,16384x1x1,128x1x1,22,0,0,0
planner_debate_L_it1,warmup,2,critic-b,10,LinearOp,memset,memset,memset,10109,cudaMemsetAsync_v3020,4649468431,4649482304,4649483800,4649484664,864,7,0x0x0,0x0x0,0,0,0,4096
planner_debate_L_it1,warmup,2,critic-b,10,LinearOp,kernel,gemm,ampere_fp16_s1688gemm_fp16_128x128_ldg8_f2f_stages_32x1_nn,10112,cudaLaunchKernel_v7000,4649494163,4649504279,4649503640,4650446269,942629,7,32x32x3,128x1x1,234,32768,0,0
planner_debate_L_it1,warmup,2,critic-b,11,LinearOp,memset,memset,memset,10159,cudaMemsetAsync_v3020,4650517832,4650522982,4650681462,4650683030,1568,7,0x0x0,0x0x0,0,0,0,4096
planner_debate_L_it1,warmup,2,critic-b,11,LinearOp,kernel,gemm,ampere_fp16_s1688gemm_fp16_128x128_ldg8_f2f_stages_32x1_nn,10162,cudaLaunchKernel_v7000,4650528517,4650536424,4650684054,4651535358,851304,7,32x32x3,128x1x1,234,32768,0,0
planner_debate_L_it1,warmup,2,critic-b,12,LinearOp,memset,memset,memset,10209,cudaMemsetAsync_v3020,4651599578,4651604642,4651605372,4651606236,864,7,0x0x0,0x0x0,0,0,0,4096
planner_debate_L_it1,warmup,2,critic-b,12,LinearOp,kernel,gemm,ampere_fp16_s1688gemm_fp16_128x128_ldg8_f2f_stages_32x1_nn,10212,cudaLaunchKernel_v7000,4651609543,4651623500,4651623451,4652475395,851944,7,32x32x3,128x1x1,234,32768,0,0
planner_debate_L_it1,warmup,2,critic-b,14,TransposeOp,kernel,copy,"void at::native::elementwise_kernel<(int)128, (int)4, void at::native::gpu_kernel_impl_nocast<at::native::direct_copy_kernel_cuda(at::TensorIteratorBase &)::[lambda() (instance 3)]::operator ()() const::[lambda() (instance 10)]::operator ()() const::[lambda(c10::Half) (instance 1)]>(at::TensorIteratorBase &, const T1 &)::[lambda(int) (instance 1)]>(int, T3)",10292,cudaLaunchKernel_v7000,4652674572,4652685556,4652684765,4652911255,226490,7,32768x1x1,128x1x1,16,0,0,0
planner_debate_L_it1,warmup,2,critic-merge,,call_overhead,memcpy,memcpy,memcpy_Device-to-Host,10334,cudaMemcpyAsync_v3020,4652976675,4652992069,4652991156,4654481066,1489910,7,0x0x0,0x0x0,0,0,0,33554432
planner_debate_L_it1,warmup,2,critic-merge,,call_overhead,memcpy,memcpy,memcpy_Host-to-Device,10390,cudaMemcpyAsync_v3020,4774989372,4775017417,4775016095,4776415863,1399768,7,0x0x0,0x0x0,0,0,0,33554432
planner_debate_L_it1,warmup,2,critic-merge,,call_overhead,kernel,rng_init,"void at::native::<unnamed>::distribution_elementwise_grid_stride_kernel<float, (int)4, void at::native::templates::cuda::normal_and_transform<c10::Half, float, at::CUDAGeneratorImpl *, void at::native::templates::cuda::normal_kernel<at::CUDAGeneratorImpl *>(const at::TensorBase &, double, double, T1)::[lambda() (instance 1)]::operator ()() const::[lambda() (instance 3)]::operator ()() const::[lambda(float) (instance 1)]>(at::TensorIteratorBase &, T3, T4)::[lambda(curandStatePhilox4_32_10 *) (instance 2)], void at::native::<unnamed>::distribution_nullary_kernel<c10::Half, float, float4, at::CUDAGeneratorImpl *, void at::native::templates::cuda::normal_and_transform<c10::Half, float, at::CUDAGeneratorImpl *, void at::native::templates::cuda::normal_kernel<at::CUDAGeneratorImpl *>(const at::TensorBase &, double, double, T1)::[lambda() (instance 1)]::operator ()() const::[lambda() (instance 3)]::operator ()() const::[lambda(float) (instance 1)]>(at::TensorIteratorBase &, T3, T4)::[lambda(curandStatePhilox4_32_10 *) (instance 2)], void at::native::templates::cuda::normal_kernel<at::CUDAGeneratorImpl *>(const at::TensorBase &, double, double, T1)::[lambda() (instance 1)]::operator ()() const::[lambda() (instance 3)]::operator ()() const::[lambda(float) (instance 1)]>(at::TensorIteratorBase &, T4, const T5 &, T6)::[lambda(int, float) (instance 1)]>(long, at::PhiloxCudaState, T3, T4)",10443,cudaLaunchKernel_v7000,4776517334,4776551859,4776614065,4776650096,36031,7,768x1x1,256x1x1,40,0,0,0
planner_debate_L_it1,warmup,2,critic-merge,,call_overhead,kernel,elementwise_binary,"void at::native::vectorized_elementwise_kernel<(int)8, at::native::BUnaryFunctor<c10::Half, c10::Half, c10::Half, at::native::binary_internal::MulFunctor<float>>, std::array<char *, (unsigned long)2>>(int, T2, T3)",10453,cudaLaunchKernel_v7000,4776592093,4776600435,4776650864,4776670352,19488,7,16384x1x1,128x1x1,20,0,0,0
planner_debate_L_it1,warmup,2,critic-merge,6,RMSNormOp,kernel,copy,"void at::native::unrolled_elementwise_kernel<at::native::direct_copy_kernel_cuda(at::TensorIteratorBase &)::[lambda() (instance 3)]::operator ()() const::[lambda() (instance 7)]::operator ()() const::[lambda(float) (instance 1)], std::array<char *, (unsigned long)2>, (int)8, TrivialOffsetCalculator<(int)1, unsigned int>, TrivialOffsetCalculator<(int)1, unsigned int>, at::native::memory::LoadWithCast<(int)1>, at::native::memory::StoreWithCast<(int)1>>(int, T1, T2, T4, T5, T6, T7)",10476,cudaLaunchKernel_v7000,4776714761,4776725206,4776725006,4776840939,115933,7,16384x1x1,128x1x1,38,0,0,0
planner_debate_L_it1,warmup,2,critic-merge,6,RMSNormOp,kernel,elementwise_unary,"void at::native::vectorized_elementwise_kernel<(int)4, void at::native::<unnamed>::pow_tensor_scalar_kernel_impl<float, float>(at::TensorIteratorBase &, T2)::[lambda(float) (instance 1)], std::array<char *, (unsigned long)2>>(int, T2, T3)",10487,cudaLaunchKernel_v7000,4776744026,4776750394,4776841579,4776985447,143868,7,16384x1x1,128x1x1,20,0,0,0
planner_debate_L_it1,warmup,2,critic-merge,6,RMSNormOp,kernel,reduce,"void at::native::reduce_kernel<(int)512, (int)1, at::native::ReduceOp<float, at::native::MeanOps<float, float, float, float>, unsigned int, float, (int)4, (int)4>>(T3)",10501,cudaLaunchKernel_v7000,4776773398,4776780443,4776986151,4777022982,36831,7,256x1x1,32x16x1,26,16,0,0
planner_debate_L_it1,warmup,2,critic-merge,6,RMSNormOp,kernel,elementwise_binary,"void at::native::vectorized_elementwise_kernel<(int)4, at::native::CUDAFunctorOnSelf_add<float>, std::array<char *, (unsigned long)2>>(int, T2, T3)",10507,cudaLaunchKernel_v7000,4776798626,4776804620,4777023686,4777024966,1280,7,4x1x1,128x1x1,20,0,0,0
planner_debate_L_it1,warmup,2,critic-merge,6,RMSNormOp,kernel,elementwise_unary,"void at::native::vectorized_elementwise_kernel<(int)4, at::native::rsqrt_kernel_cuda(at::TensorIteratorBase &)::[lambda() (instance 2)]::operator ()() const::[lambda() (instance 2)]::operator ()() const::[lambda(float) (instance 1)], std::array<char *, (unsigned long)2>>(int, T2, T3)",10517,cudaLaunchKernel_v7000,4776819544,4776825985,4777025702,4777026822,1120,7,4x1x1,128x1x1,26,0,0,0
planner_debate_L_it1,warmup,2,critic-merge,6,RMSNormOp,kernel,elementwise_binary,"void at::native::elementwise_kernel<(int)128, (int)2, void at::native::gpu_kernel_impl_nocast<at::native::BinaryFunctor<float, float, float, at::native::binary_internal::MulFunctor<float>>>(at::TensorIteratorBase &, const T1 &)::[lambda(int) (instance 1)]>(int, T3)",10527,cudaLaunchKernel_v7000,4776843699,4776849788,4777027462,4777155234,127772,7,65536x1x1,128x1x1,16,0,0,0
planner_debate_L_it1,warmup,2,critic-merge,6,RMSNormOp,kernel,copy,"void at::native::vectorized_elementwise_kernel<(int)8, at::native::float16_copy_kernel_cuda(at::TensorIteratorBase &)::[lambda(float) (instance 1)], std::array<char *, (unsigned long)2>>(int, T2, T3)",10540,cudaLaunchKernel_v7000,4776866924,4776872439,4777155906,4777249311,93405,7,16384x1x1,128x1x1,22,0,0,0
planner_debate_L_it1,warmup,2,critic-merge,7,AddOp,kernel,elementwise_binary,"void at::native::vectorized_elementwise_kernel<(int)8, at::native::CUDAFunctorOnSelf_add<c10::Half>, std::array<char *, (unsigned long)2>>(int, T2, T3)",10584,cudaLaunchKernel_v7000,4777325680,4777333496,4777333213,4777360252,27039,7,16384x1x1,128x1x1,22,0,0,0
planner_debate_L_it1,warmup,2,critic-merge,8,RMSNormOp,kernel,copy,"void at::native::unrolled_elementwise_kernel<at::native::direct_copy_kernel_cuda(at::TensorIteratorBase &)::[lambda() (instance 3)]::operator ()() const::[lambda() (instance 7)]::operator ()() const::[lambda(float) (instance 1)], std::array<char *, (unsigned long)2>, (int)8, TrivialOffsetCalculator<(int)1, unsigned int>, TrivialOffsetCalculator<(int)1, unsigned int>, at::native::memory::LoadWithCast<(int)1>, at::native::memory::StoreWithCast<(int)1>>(int, T1, T2, T4, T5, T6, T7)",10630,cudaLaunchKernel_v7000,4777429250,4777439351,4777438618,4777526647,88029,7,16384x1x1,128x1x1,38,0,0,0
planner_debate_L_it1,warmup,2,critic-merge,8,RMSNormOp,kernel,elementwise_unary,"void at::native::vectorized_elementwise_kernel<(int)4, void at::native::<unnamed>::pow_tensor_scalar_kernel_impl<float, float>(at::TensorIteratorBase &, T2)::[lambda(float) (instance 1)], std::array<char *, (unsigned long)2>>(int, T2, T3)",10641,cudaLaunchKernel_v7000,4777451315,4777456906,4777527415,4777672563,145148,7,16384x1x1,128x1x1,20,0,0,0
planner_debate_L_it1,warmup,2,critic-merge,8,RMSNormOp,kernel,reduce,"void at::native::reduce_kernel<(int)512, (int)1, at::native::ReduceOp<float, at::native::MeanOps<float, float, float, float>, unsigned int, float, (int)4, (int)4>>(T3)",10655,cudaLaunchKernel_v7000,4777471099,4777477436,4777673235,4777709682,36447,7,256x1x1,32x16x1,26,16,0,0
planner_debate_L_it1,warmup,2,critic-merge,8,RMSNormOp,kernel,elementwise_binary,"void at::native::vectorized_elementwise_kernel<(int)4, at::native::CUDAFunctorOnSelf_add<float>, std::array<char *, (unsigned long)2>>(int, T2, T3)",10661,cudaLaunchKernel_v7000,4777488621,4777493683,4777710354,4777711602,1248,7,4x1x1,128x1x1,20,0,0,0
planner_debate_L_it1,warmup,2,critic-merge,8,RMSNormOp,kernel,elementwise_unary,"void at::native::vectorized_elementwise_kernel<(int)4, at::native::rsqrt_kernel_cuda(at::TensorIteratorBase &)::[lambda() (instance 2)]::operator ()() const::[lambda() (instance 2)]::operator ()() const::[lambda(float) (instance 1)], std::array<char *, (unsigned long)2>>(int, T2, T3)",10671,cudaLaunchKernel_v7000,4777504286,4777509281,4777712370,4777713426,1056,7,4x1x1,128x1x1,26,0,0,0
planner_debate_L_it1,warmup,2,critic-merge,8,RMSNormOp,kernel,elementwise_binary,"void at::native::elementwise_kernel<(int)128, (int)2, void at::native::gpu_kernel_impl_nocast<at::native::BinaryFunctor<float, float, float, at::native::binary_internal::MulFunctor<float>>>(at::TensorIteratorBase &, const T1 &)::[lambda(int) (instance 1)]>(int, T3)",10681,cudaLaunchKernel_v7000,4777520912,4777526542,4777714098,4777840622,126524,7,65536x1x1,128x1x1,16,0,0,0
planner_debate_L_it1,warmup,2,critic-merge,8,RMSNormOp,kernel,copy,"void at::native::vectorized_elementwise_kernel<(int)8, at::native::float16_copy_kernel_cuda(at::TensorIteratorBase &)::[lambda(float) (instance 1)], std::array<char *, (unsigned long)2>>(int, T2, T3)",10694,cudaLaunchKernel_v7000,4777539003,4777543717,4777841262,4777931404,90142,7,16384x1x1,128x1x1,22,0,0,0
planner_debate_L_it1,warmup,2,critic-merge,10,LinearOp,memset,memset,memset,10742,cudaMemsetAsync_v3020,4778041562,4778057033,4778058952,4778059816,864,7,0x0x0,0x0x0,0,0,0,4096
planner_debate_L_it1,warmup,2,critic-merge,10,LinearOp,kernel,gemm,ampere_fp16_s1688gemm_fp16_128x128_ldg8_f2f_stages_32x1_nn,10745,cudaLaunchKernel_v7000,4778069126,4778078978,4778078408,4778929423,851015,7,32x32x3,128x1x1,234,32768,0,0
planner_debate_L_it1,warmup,2,critic-merge,11,LinearOp,memset,memset,memset,10792,cudaMemsetAsync_v3020,4778998538,4779003446,4779004813,4779005677,864,7,0x0x0,0x0x0,0,0,0,4096
planner_debate_L_it1,warmup,2,critic-merge,11,LinearOp,kernel,gemm,ampere_fp16_s1688gemm_fp16_128x128_ldg8_f2f_stages_32x1_nn,10795,cudaLaunchKernel_v7000,4779008675,4779016200,4779015757,4779866421,850664,7,32x32x3,128x1x1,234,32768,0,0
planner_debate_L_it1,warmup,2,critic-merge,12,LinearOp,memset,memset,memset,10842,cudaMemsetAsync_v3020,4779928565,4779933027,4779934035,4779934899,864,7,0x0x0,0x0x0,0,0,0,4096
planner_debate_L_it1,warmup,2,critic-merge,12,LinearOp,kernel,gemm,ampere_fp16_s1688gemm_fp16_128x128_ldg8_f2f_stages_32x1_nn,10845,cudaLaunchKernel_v7000,4779937795,4779945213,4779944595,4780841433,896838,7,32x32x3,128x1x1,234,32768,0,0
planner_debate_L_it1,warmup,2,critic-merge,14,TransposeOp,kernel,copy,"void at::native::elementwise_kernel<(int)128, (int)4, void at::native::gpu_kernel_impl_nocast<at::native::direct_copy_kernel_cuda(at::TensorIteratorBase &)::[lambda() (instance 3)]::operator ()() const::[lambda() (instance 10)]::operator ()() const::[lambda(c10::Half) (instance 1)]>(at::TensorIteratorBase &, const T1 &)::[lambda(int) (instance 1)]>(int, T3)",10925,cudaLaunchKernel_v7000,4781005569,4781016787,4781016116,4781242414,226298,7,32768x1x1,128x1x1,16,0,0,0
planner_debate_L_it1,warmup,2,planner-final,,call_overhead,memcpy,memcpy,memcpy_Device-to-Host,10967,cudaMemcpyAsync_v3020,4781307566,4781329072,4781327307,4782824256,1496949,7,0x0x0,0x0x0,0,0,0,33554432
planner_debate_L_it1,warmup,2,planner-final,,call_overhead,memcpy,memcpy,memcpy_Host-to-Device,11023,cudaMemcpyAsync_v3020,4874454482,4874482766,4874481612,4875582765,1101153,7,0x0x0,0x0x0,0,0,0,25690112
planner_debate_L_it1,warmup,2,planner-final,,call_overhead,kernel,rng_init,"void at::native::<unnamed>::distribution_elementwise_grid_stride_kernel<float, (int)4, void at::native::templates::cuda::normal_and_transform<c10::Half, float, at::CUDAGeneratorImpl *, void at::native::templates::cuda::normal_kernel<at::CUDAGeneratorImpl *>(const at::TensorBase &, double, double, T1)::[lambda() (instance 1)]::operator ()() const::[lambda() (instance 3)]::operator ()() const::[lambda(float) (instance 1)]>(at::TensorIteratorBase &, T3, T4)::[lambda(curandStatePhilox4_32_10 *) (instance 2)], void at::native::<unnamed>::distribution_nullary_kernel<c10::Half, float, float4, at::CUDAGeneratorImpl *, void at::native::templates::cuda::normal_and_transform<c10::Half, float, at::CUDAGeneratorImpl *, void at::native::templates::cuda::normal_kernel<at::CUDAGeneratorImpl *>(const at::TensorBase &, double, double, T1)::[lambda() (instance 1)]::operator ()() const::[lambda() (instance 3)]::operator ()() const::[lambda(float) (instance 1)]>(at::TensorIteratorBase &, T3, T4)::[lambda(curandStatePhilox4_32_10 *) (instance 2)], void at::native::templates::cuda::normal_kernel<at::CUDAGeneratorImpl *>(const at::TensorBase &, double, double, T1)::[lambda() (instance 1)]::operator ()() const::[lambda() (instance 3)]::operator ()() const::[lambda(float) (instance 1)]>(at::TensorIteratorBase &, T4, const T5 &, T6)::[lambda(int, float) (instance 1)]>(long, at::PhiloxCudaState, T3, T4)",11076,cudaLaunchKernel_v7000,4875693427,4875725561,4875788135,4875816326,28191,7,768x1x1,256x1x1,40,0,0,0
planner_debate_L_it1,warmup,2,planner-final,,call_overhead,kernel,elementwise_binary,"void at::native::vectorized_elementwise_kernel<(int)8, at::native::BUnaryFunctor<c10::Half, c10::Half, c10::Half, at::native::binary_internal::MulFunctor<float>>, std::array<char *, (unsigned long)2>>(int, T2, T3)",11086,cudaLaunchKernel_v7000,4875764371,4875772110,4875817062,4875832262,15200,7,12544x1x1,128x1x1,20,0,0,0
planner_debate_L_it1,warmup,2,planner-final,6,RMSNormOp,kernel,copy,"void at::native::unrolled_elementwise_kernel<at::native::direct_copy_kernel_cuda(at::TensorIteratorBase &)::[lambda() (instance 3)]::operator ()() const::[lambda() (instance 7)]::operator ()() const::[lambda(float) (instance 1)], std::array<char *, (unsigned long)2>, (int)8, TrivialOffsetCalculator<(int)1, unsigned int>, TrivialOffsetCalculator<(int)1, unsigned int>, at::native::memory::LoadWithCast<(int)1>, at::native::memory::StoreWithCast<(int)1>>(int, T1, T2, T4, T5, T6, T7)",11109,cudaLaunchKernel_v7000,4875876273,4875885606,4875886020,4875969506,83486,7,12544x1x1,128x1x1,38,0,0,0
planner_debate_L_it1,warmup,2,planner-final,6,RMSNormOp,kernel,elementwise_unary,"void at::native::vectorized_elementwise_kernel<(int)4, void at::native::<unnamed>::pow_tensor_scalar_kernel_impl<float, float>(at::TensorIteratorBase &, T2)::[lambda(float) (instance 1)], std::array<char *, (unsigned long)2>>(int, T2, T3)",11120,cudaLaunchKernel_v7000,4875905496,4875911200,4875970210,4876042016,71806,7,12544x1x1,128x1x1,20,0,0,0
planner_debate_L_it1,warmup,2,planner-final,6,RMSNormOp,kernel,reduce,"void at::native::reduce_kernel<(int)512, (int)1, at::native::ReduceOp<float, at::native::MeanOps<float, float, float, float>, unsigned int, float, (int)4, (int)4>>(T3)",11134,cudaLaunchKernel_v7000,4875932621,4875939372,4876042784,4876063903,21119,7,224x1x1,32x16x1,26,16,0,0
planner_debate_L_it1,warmup,2,planner-final,6,RMSNormOp,kernel,elementwise_binary,"void at::native::vectorized_elementwise_kernel<(int)4, at::native::CUDAFunctorOnSelf_add<float>, std::array<char *, (unsigned long)2>>(int, T2, T3)",11140,cudaLaunchKernel_v7000,4875957758,4875963563,4876064607,4876065791,1184,7,4x1x1,128x1x1,20,0,0,0
planner_debate_L_it1,warmup,2,planner-final,6,RMSNormOp,kernel,elementwise_unary,"void at::native::vectorized_elementwise_kernel<(int)4, at::native::rsqrt_kernel_cuda(at::TensorIteratorBase &)::[lambda() (instance 2)]::operator ()() const::[lambda() (instance 2)]::operator ()() const::[lambda(float) (instance 1)], std::array<char *, (unsigned long)2>>(int, T2, T3)",11150,cudaLaunchKernel_v7000,4875976436,4875982091,4876066463,4876067583,1120,7,4x1x1,128x1x1,26,0,0,0
planner_debate_L_it1,warmup,2,planner-final,6,RMSNormOp,kernel,elementwise_binary,"void at::native::elementwise_kernel<(int)128, (int)2, void at::native::gpu_kernel_impl_nocast<at::native::BinaryFunctor<float, float, float, at::native::binary_internal::MulFunctor<float>>>(at::TensorIteratorBase &, const T1 &)::[lambda(int) (instance 1)]>(int, T3)",11160,cudaLaunchKernel_v7000,4875998617,4876004671,4876068255,4876155965,87710,7,50176x1x1,128x1x1,16,0,0,0
planner_debate_L_it1,warmup,2,planner-final,6,RMSNormOp,kernel,copy,"void at::native::vectorized_elementwise_kernel<(int)8, at::native::float16_copy_kernel_cuda(at::TensorIteratorBase &)::[lambda(float) (instance 1)], std::array<char *, (unsigned long)2>>(int, T2, T3)",11173,cudaLaunchKernel_v7000,4876019927,4876025310,4876156605,4876211579,54974,7,12544x1x1,128x1x1,22,0,0,0
planner_debate_L_it1,warmup,2,planner-final,7,AddOp,kernel,elementwise_binary,"void at::native::vectorized_elementwise_kernel<(int)8, at::native::CUDAFunctorOnSelf_add<c10::Half>, std::array<char *, (unsigned long)2>>(int, T2, T3)",11217,cudaLaunchKernel_v7000,4876283937,4876291116,4876290969,4876305880,14911,7,12544x1x1,128x1x1,22,0,0,0
planner_debate_L_it1,warmup,2,planner-final,8,RMSNormOp,kernel,copy,"void at::native::unrolled_elementwise_kernel<at::native::direct_copy_kernel_cuda(at::TensorIteratorBase &)::[lambda() (instance 3)]::operator ()() const::[lambda() (instance 7)]::operator ()() const::[lambda(float) (instance 1)], std::array<char *, (unsigned long)2>, (int)8, TrivialOffsetCalculator<(int)1, unsigned int>, TrivialOffsetCalculator<(int)1, unsigned int>, at::native::memory::LoadWithCast<(int)1>, at::native::memory::StoreWithCast<(int)1>>(int, T1, T2, T4, T5, T6, T7)",11263,cudaLaunchKernel_v7000,4876368541,4876375776,4876375639,4876425365,49726,7,12544x1x1,128x1x1,38,0,0,0
planner_debate_L_it1,warmup,2,planner-final,8,RMSNormOp,kernel,elementwise_unary,"void at::native::vectorized_elementwise_kernel<(int)4, void at::native::<unnamed>::pow_tensor_scalar_kernel_impl<float, float>(at::TensorIteratorBase &, T2)::[lambda(float) (instance 1)], std::array<char *, (unsigned long)2>>(int, T2, T3)",11274,cudaLaunchKernel_v7000,4876386629,4876391914,4876426101,4876499155,73054,7,12544x1x1,128x1x1,20,0,0,0
planner_debate_L_it1,warmup,2,planner-final,8,RMSNormOp,kernel,reduce,"void at::native::reduce_kernel<(int)512, (int)1, at::native::ReduceOp<float, at::native::MeanOps<float, float, float, float>, unsigned int, float, (int)4, (int)4>>(T3)",11288,cudaLaunchKernel_v7000,4876403653,4876408893,4876499923,4876521778,21855,7,224x1x1,32x16x1,26,16,0,0
planner_debate_L_it1,warmup,2,planner-final,8,RMSNormOp,kernel,elementwise_binary,"void at::native::vectorized_elementwise_kernel<(int)4, at::native::CUDAFunctorOnSelf_add<float>, std::array<char *, (unsigned long)2>>(int, T2, T3)",11294,cudaLaunchKernel_v7000,4876417249,4876422021,4876522514,4876523794,1280,7,4x1x1,128x1x1,20,0,0,0
planner_debate_L_it1,warmup,2,planner-final,8,RMSNormOp,kernel,elementwise_unary,"void at::native::vectorized_elementwise_kernel<(int)4, at::native::rsqrt_kernel_cuda(at::TensorIteratorBase &)::[lambda() (instance 2)]::operator ()() const::[lambda() (instance 2)]::operator ()() const::[lambda(float) (instance 1)], std::array<char *, (unsigned long)2>>(int, T2, T3)",11304,cudaLaunchKernel_v7000,4876430800,4876435166,4876524530,4876525618,1088,7,4x1x1,128x1x1,26,0,0,0
planner_debate_L_it1,warmup,2,planner-final,8,RMSNormOp,kernel,elementwise_binary,"void at::native::elementwise_kernel<(int)128, (int)2, void at::native::gpu_kernel_impl_nocast<at::native::BinaryFunctor<float, float, float, at::native::binary_internal::MulFunctor<float>>>(at::TensorIteratorBase &, const T1 &)::[lambda(int) (instance 1)]>(int, T3)",11314,cudaLaunchKernel_v7000,4876445066,4876449938,4876526322,4876613904,87582,7,50176x1x1,128x1x1,16,0,0,0
planner_debate_L_it1,warmup,2,planner-final,8,RMSNormOp,kernel,copy,"void at::native::vectorized_elementwise_kernel<(int)8, at::native::float16_copy_kernel_cuda(at::TensorIteratorBase &)::[lambda(float) (instance 1)], std::array<char *, (unsigned long)2>>(int, T2, T3)",11327,cudaLaunchKernel_v7000,4876460743,4876464985,4876614640,4876669038,54398,7,12544x1x1,128x1x1,22,0,0,0
planner_debate_L_it1,warmup,2,planner-final,10,LinearOp,kernel,gemm,void cutlass::Kernel2<cutlass_80_tensorop_f16_s16816gemm_relu_f16_64x64_32x6_nn_align8>(T1::Params),11381,cuLaunchKernel,4876795312,4876804703,4876804010,4877439480,635470,7,448x7x1,128x1x1,96,0,49152,0
planner_debate_L_it1,warmup,2,planner-final,11,LinearOp,kernel,gemm,void cutlass::Kernel2<cutlass_80_tensorop_f16_s16816gemm_relu_f16_64x64_32x6_nn_align8>(T1::Params),11433,cuLaunchKernel,4877505736,4877513421,4877513782,4878146404,632622,7,448x7x1,128x1x1,96,0,49152,0
planner_debate_L_it1,warmup,2,planner-final,12,LinearOp,kernel,gemm,void cutlass::Kernel2<cutlass_80_tensorop_f16_s16816gemm_relu_f16_64x64_32x6_nn_align8>(T1::Params),11485,cuLaunchKernel,4878210287,4878217244,4878217026,4878855600,638574,7,448x7x1,128x1x1,96,0,49152,0
planner_debate_L_it1,warmup,2,planner-final,14,TransposeOp,kernel,copy,"void at::native::elementwise_kernel<(int)128, (int)4, void at::native::gpu_kernel_impl_nocast<at::native::direct_copy_kernel_cuda(at::TensorIteratorBase &)::[lambda() (instance 3)]::operator ()() const::[lambda() (instance 10)]::operator ()() const::[lambda(c10::Half) (instance 1)]>(at::TensorIteratorBase &, const T1 &)::[lambda(int) (instance 1)]>(int, T3)",11564,cudaLaunchKernel_v7000,4879016408,4879026605,4879026091,4879203878,177787,7,25088x1x1,128x1x1,16,0,0,0
planner_debate_L_it1,warmup,2,planner-final,,call_overhead,memcpy,memcpy,memcpy_Device-to-Host,11606,cudaMemcpyAsync_v3020,4879265292,4879282925,4879281732,4880412259,1130527,7,0x0x0,0x0x0,0,0,0,25690112
planner_debate_L_it1,measured,0,planner-seed,,call_overhead,memcpy,memcpy,memcpy_Host-to-Device,11666,cudaMemcpyAsync_v3020,4971121928,4971150140,4971148522,4972294825,1146303,7,0x0x0,0x0x0,0,0,0,25690112
planner_debate_L_it1,measured,0,planner-seed,,call_overhead,kernel,rng_init,"void at::native::<unnamed>::distribution_elementwise_grid_stride_kernel<float, (int)4, void at::native::templates::cuda::normal_and_transform<c10::Half, float, at::CUDAGeneratorImpl *, void at::native::templates::cuda::normal_kernel<at::CUDAGeneratorImpl *>(const at::TensorBase &, double, double, T1)::[lambda() (instance 1)]::operator ()() const::[lambda() (instance 3)]::operator ()() const::[lambda(float) (instance 1)]>(at::TensorIteratorBase &, T3, T4)::[lambda(curandStatePhilox4_32_10 *) (instance 2)], void at::native::<unnamed>::distribution_nullary_kernel<c10::Half, float, float4, at::CUDAGeneratorImpl *, void at::native::templates::cuda::normal_and_transform<c10::Half, float, at::CUDAGeneratorImpl *, void at::native::templates::cuda::normal_kernel<at::CUDAGeneratorImpl *>(const at::TensorBase &, double, double, T1)::[lambda() (instance 1)]::operator ()() const::[lambda() (instance 3)]::operator ()() const::[lambda(float) (instance 1)]>(at::TensorIteratorBase &, T3, T4)::[lambda(curandStatePhilox4_32_10 *) (instance 2)], void at::native::templates::cuda::normal_kernel<at::CUDAGeneratorImpl *>(const at::TensorBase &, double, double, T1)::[lambda() (instance 1)]::operator ()() const::[lambda() (instance 3)]::operator ()() const::[lambda(float) (instance 1)]>(at::TensorIteratorBase &, T4, const T5 &, T6)::[lambda(int, float) (instance 1)]>(long, at::PhiloxCudaState, T3, T4)",11719,cudaLaunchKernel_v7000,4972401931,4972435541,4972497635,4972525698,28063,7,768x1x1,256x1x1,40,0,0,0
planner_debate_L_it1,measured,0,planner-seed,,call_overhead,kernel,elementwise_binary,"void at::native::vectorized_elementwise_kernel<(int)8, at::native::BUnaryFunctor<c10::Half, c10::Half, c10::Half, at::native::binary_internal::MulFunctor<float>>, std::array<char *, (unsigned long)2>>(int, T2, T3)",11729,cudaLaunchKernel_v7000,4972479695,4972488509,4972526370,4972541154,14784,7,12544x1x1,128x1x1,20,0,0,0
planner_debate_L_it1,measured,0,planner-seed,6,RMSNormOp,kernel,copy,"void at::native::unrolled_elementwise_kernel<at::native::direct_copy_kernel_cuda(at::TensorIteratorBase &)::[lambda() (instance 3)]::operator ()() const::[lambda() (instance 7)]::operator ()() const::[lambda(float) (instance 1)], std::array<char *, (unsigned long)2>, (int)8, TrivialOffsetCalculator<(int)1, unsigned int>, TrivialOffsetCalculator<(int)1, unsigned int>, at::native::memory::LoadWithCast<(int)1>, at::native::memory::StoreWithCast<(int)1>>(int, T1, T2, T4, T5, T6, T7)",11752,cudaLaunchKernel_v7000,4972596969,4972607163,4972607136,4972688894,81758,7,12544x1x1,128x1x1,38,0,0,0
planner_debate_L_it1,measured,0,planner-seed,6,RMSNormOp,kernel,elementwise_unary,"void at::native::vectorized_elementwise_kernel<(int)4, void at::native::<unnamed>::pow_tensor_scalar_kernel_impl<float, float>(at::TensorIteratorBase &, T2)::[lambda(float) (instance 1)], std::array<char *, (unsigned long)2>>(int, T2, T3)",11763,cudaLaunchKernel_v7000,4972633756,4972640694,4972689566,4972763484,73918,7,12544x1x1,128x1x1,20,0,0,0
planner_debate_L_it1,measured,0,planner-seed,6,RMSNormOp,kernel,reduce,"void at::native::reduce_kernel<(int)512, (int)1, at::native::ReduceOp<float, at::native::MeanOps<float, float, float, float>, unsigned int, float, (int)4, (int)4>>(T3)",11777,cudaLaunchKernel_v7000,4972664314,4972671414,4972764252,4972784699,20447,7,224x1x1,32x16x1,26,16,0,0
planner_debate_L_it1,measured,0,planner-seed,6,RMSNormOp,kernel,elementwise_binary,"void at::native::vectorized_elementwise_kernel<(int)4, at::native::CUDAFunctorOnSelf_add<float>, std::array<char *, (unsigned long)2>>(int, T2, T3)",11783,cudaLaunchKernel_v7000,4972692246,4972698330,4972785467,4972786651,1184,7,4x1x1,128x1x1,20,0,0,0
planner_debate_L_it1,measured,0,planner-seed,6,RMSNormOp,kernel,elementwise_unary,"void at::native::vectorized_elementwise_kernel<(int)4, at::native::rsqrt_kernel_cuda(at::TensorIteratorBase &)::[lambda() (instance 2)]::operator ()() const::[lambda() (instance 2)]::operator ()() const::[lambda(float) (instance 1)], std::array<char *, (unsigned long)2>>(int, T2, T3)",11793,cudaLaunchKernel_v7000,4972712693,4972718931,4972787419,4972788507,1088,7,4x1x1,128x1x1,26,0,0,0
planner_debate_L_it1,measured,0,planner-seed,6,RMSNormOp,kernel,elementwise_binary,"void at::native::elementwise_kernel<(int)128, (int)2, void at::native::gpu_kernel_impl_nocast<at::native::BinaryFunctor<float, float, float, at::native::binary_internal::MulFunctor<float>>>(at::TensorIteratorBase &, const T1 &)::[lambda(int) (instance 1)]>(int, T3)",11803,cudaLaunchKernel_v7000,4972736678,4972742851,4972789147,4972878136,88989,7,50176x1x1,128x1x1,16,0,0,0
planner_debate_L_it1,measured,0,planner-seed,6,RMSNormOp,kernel,copy,"void at::native::vectorized_elementwise_kernel<(int)8, at::native::float16_copy_kernel_cuda(at::TensorIteratorBase &)::[lambda(float) (instance 1)], std::array<char *, (unsigned long)2>>(int, T2, T3)",11816,cudaLaunchKernel_v7000,4972759924,4972765381,4972878808,4972934007,55199,7,12544x1x1,128x1x1,22,0,0,0
planner_debate_L_it1,measured,0,planner-seed,7,AddOp,kernel,elementwise_binary,"void at::native::vectorized_elementwise_kernel<(int)8, at::native::CUDAFunctorOnSelf_add<c10::Half>, std::array<char *, (unsigned long)2>>(int, T2, T3)",11860,cudaLaunchKernel_v7000,4973010006,4973017605,4973017364,4973032212,14848,7,12544x1x1,128x1x1,22,0,0,0
planner_debate_L_it1,measured,0,planner-seed,8,RMSNormOp,kernel,copy,"void at::native::unrolled_elementwise_kernel<at::native::direct_copy_kernel_cuda(at::TensorIteratorBase &)::[lambda() (instance 3)]::operator ()() const::[lambda() (instance 7)]::operator ()() const::[lambda(float) (instance 1)], std::array<char *, (unsigned long)2>, (int)8, TrivialOffsetCalculator<(int)1, unsigned int>, TrivialOffsetCalculator<(int)1, unsigned int>, at::native::memory::LoadWithCast<(int)1>, at::native::memory::StoreWithCast<(int)1>>(int, T1, T2, T4, T5, T6, T7)",11906,cudaLaunchKernel_v7000,4973097965,4973106069,4973105970,4973155793,49823,7,12544x1x1,128x1x1,38,0,0,0
planner_debate_L_it1,measured,0,planner-seed,8,RMSNormOp,kernel,elementwise_unary,"void at::native::vectorized_elementwise_kernel<(int)4, void at::native::<unnamed>::pow_tensor_scalar_kernel_impl<float, float>(at::TensorIteratorBase &, T2)::[lambda(float) (instance 1)], std::array<char *, (unsigned long)2>>(int, T2, T3)",11917,cudaLaunchKernel_v7000,4973116312,4973121402,4973156433,4973227182,70749,7,12544x1x1,128x1x1,20,0,0,0
planner_debate_L_it1,measured,0,planner-seed,8,RMSNormOp,kernel,reduce,"void at::native::reduce_kernel<(int)512, (int)1, at::native::ReduceOp<float, at::native::MeanOps<float, float, float, float>, unsigned int, float, (int)4, (int)4>>(T3)",11931,cudaLaunchKernel_v7000,4973133473,4973138900,4973227918,4973249646,21728,7,224x1x1,32x16x1,26,16,0,0
planner_debate_L_it1,measured,0,planner-seed,8,RMSNormOp,kernel,elementwise_binary,"void at::native::vectorized_elementwise_kernel<(int)4, at::native::CUDAFunctorOnSelf_add<float>, std::array<char *, (unsigned long)2>>(int, T2, T3)",11937,cudaLaunchKernel_v7000,4973147491,4973152507,4973250318,4973251438,1120,7,4x1x1,128x1x1,20,0,0,0
planner_debate_L_it1,measured,0,planner-seed,8,RMSNormOp,kernel,elementwise_unary,"void at::native::vectorized_elementwise_kernel<(int)4, at::native::rsqrt_kernel_cuda(at::TensorIteratorBase &)::[lambda() (instance 2)]::operator ()() const::[lambda() (instance 2)]::operator ()() const::[lambda(float) (instance 1)], std::array<char *, (unsigned long)2>>(int, T2, T3)",11947,cudaLaunchKernel_v7000,4973161347,4973165990,4973252078,4973253166,1088,7,4x1x1,128x1x1,26,0,0,0
planner_debate_L_it1,measured,0,planner-seed,8,RMSNormOp,kernel,elementwise_binary,"void at::native::elementwise_kernel<(int)128, (int)2, void at::native::gpu_kernel_impl_nocast<at::native::BinaryFunctor<float, float, float, at::native::binary_internal::MulFunctor<float>>>(at::TensorIteratorBase &, const T1 &)::[lambda(int) (instance 1)]>(int, T3)",11957,cudaLaunchKernel_v7000,4973176583,4973181411,4973253806,4973341771,87965,7,50176x1x1,128x1x1,16,0,0,0
planner_debate_L_it1,measured,0,planner-seed,8,RMSNormOp,kernel,copy,"void at::native::vectorized_elementwise_kernel<(int)8, at::native::float16_copy_kernel_cuda(at::TensorIteratorBase &)::[lambda(float) (instance 1)], std::array<char *, (unsigned long)2>>(int, T2, T3)",11970,cudaLaunchKernel_v7000,4973193139,4973197976,4973342475,4973396682,54207,7,12544x1x1,128x1x1,22,0,0,0
planner_debate_L_it1,measured,0,planner-seed,10,LinearOp,kernel,gemm,void cutlass::Kernel2<cutlass_80_tensorop_f16_s16816gemm_relu_f16_64x64_32x6_nn_align8>(T1::Params),12024,cuLaunchKernel,4973521654,4973530757,4973530790,4974168340,637550,7,448x7x1,128x1x1,96,0,49152,0
planner_debate_L_it1,measured,0,planner-seed,11,LinearOp,kernel,gemm,void cutlass::Kernel2<cutlass_80_tensorop_f16_s16816gemm_relu_f16_64x64_32x6_nn_align8>(T1::Params),12076,cuLaunchKernel,4974238258,4974245175,4974245105,4974880639,635534,7,448x7x1,128x1x1,96,0,49152,0
planner_debate_L_it1,measured,0,planner-seed,12,LinearOp,kernel,gemm,void cutlass::Kernel2<cutlass_80_tensorop_f16_s16816gemm_relu_f16_64x64_32x6_nn_align8>(T1::Params),12128,cuLaunchKernel,4974944013,4974950828,4974950653,4975585387,634734,7,448x7x1,128x1x1,96,0,49152,0
planner_debate_L_it1,measured,0,planner-seed,14,TransposeOp,kernel,copy,"void at::native::elementwise_kernel<(int)128, (int)4, void at::native::gpu_kernel_impl_nocast<at::native::direct_copy_kernel_cuda(at::TensorIteratorBase &)::[lambda() (instance 3)]::operator ()() const::[lambda() (instance 10)]::operator ()() const::[lambda(c10::Half) (instance 1)]>(at::TensorIteratorBase &, const T1 &)::[lambda(int) (instance 1)]>(int, T3)",12207,cudaLaunchKernel_v7000,4975747651,4975758270,4975757894,4975935585,177691,7,25088x1x1,128x1x1,16,0,0,0
planner_debate_L_it1,measured,0,critic-a,,call_overhead,memcpy,memcpy,memcpy_Device-to-Host,12249,cudaMemcpyAsync_v3020,4975996614,4976012371,4976010911,4977153151,1142240,7,0x0x0,0x0x0,0,0,0,25690112
planner_debate_L_it1,measured,0,critic-a,,call_overhead,memcpy,memcpy,memcpy_Host-to-Device,12305,cudaMemcpyAsync_v3020,5091833054,5091859950,5091858458,5093303729,1445271,7,0x0x0,0x0x0,0,0,0,33554432
planner_debate_L_it1,measured,0,critic-a,,call_overhead,kernel,rng_init,"void at::native::<unnamed>::distribution_elementwise_grid_stride_kernel<float, (int)4, void at::native::templates::cuda::normal_and_transform<c10::Half, float, at::CUDAGeneratorImpl *, void at::native::templates::cuda::normal_kernel<at::CUDAGeneratorImpl *>(const at::TensorBase &, double, double, T1)::[lambda() (instance 1)]::operator ()() const::[lambda() (instance 3)]::operator ()() const::[lambda(float) (instance 1)]>(at::TensorIteratorBase &, T3, T4)::[lambda(curandStatePhilox4_32_10 *) (instance 2)], void at::native::<unnamed>::distribution_nullary_kernel<c10::Half, float, float4, at::CUDAGeneratorImpl *, void at::native::templates::cuda::normal_and_transform<c10::Half, float, at::CUDAGeneratorImpl *, void at::native::templates::cuda::normal_kernel<at::CUDAGeneratorImpl *>(const at::TensorBase &, double, double, T1)::[lambda() (instance 1)]::operator ()() const::[lambda() (instance 3)]::operator ()() const::[lambda(float) (instance 1)]>(at::TensorIteratorBase &, T3, T4)::[lambda(curandStatePhilox4_32_10 *) (instance 2)], void at::native::templates::cuda::normal_kernel<at::CUDAGeneratorImpl *>(const at::TensorBase &, double, double, T1)::[lambda() (instance 1)]::operator ()() const::[lambda() (instance 3)]::operator ()() const::[lambda(float) (instance 1)]>(at::TensorIteratorBase &, T4, const T5 &, T6)::[lambda(int, float) (instance 1)]>(long, at::PhiloxCudaState, T3, T4)",12358,cudaLaunchKernel_v7000,5093402660,5093436365,5093498699,5093534634,35935,7,768x1x1,256x1x1,40,0,0,0
planner_debate_L_it1,measured,0,critic-a,,call_overhead,kernel,elementwise_binary,"void at::native::vectorized_elementwise_kernel<(int)8, at::native::BUnaryFunctor<c10::Half, c10::Half, c10::Half, at::native::binary_internal::MulFunctor<float>>, std::array<char *, (unsigned long)2>>(int, T2, T3)",12368,cudaLaunchKernel_v7000,5093474542,5093482629,5093535274,5093555273,19999,7,16384x1x1,128x1x1,20,0,0,0
planner_debate_L_it1,measured,0,critic-a,6,RMSNormOp,kernel,copy,"void at::native::unrolled_elementwise_kernel<at::native::direct_copy_kernel_cuda(at::TensorIteratorBase &)::[lambda() (instance 3)]::operator ()() const::[lambda() (instance 7)]::operator ()() const::[lambda(float) (instance 1)], std::array<char *, (unsigned long)2>, (int)8, TrivialOffsetCalculator<(int)1, unsigned int>, TrivialOffsetCalculator<(int)1, unsigned int>, at::native::memory::LoadWithCast<(int)1>, at::native::memory::StoreWithCast<(int)1>>(int, T1, T2, T4, T5, T6, T7)",12391,cudaLaunchKernel_v7000,5093585151,5093595083,5093595432,5093709061,113629,7,16384x1x1,128x1x1,38,0,0,0
planner_debate_L_it1,measured,0,critic-a,6,RMSNormOp,kernel,elementwise_unary,"void at::native::vectorized_elementwise_kernel<(int)4, void at::native::<unnamed>::pow_tensor_scalar_kernel_impl<float, float>(at::TensorIteratorBase &, T2)::[lambda(float) (instance 1)], std::array<char *, (unsigned long)2>>(int, T2, T3)",12402,cudaLaunchKernel_v7000,5093620392,5093626618,5093709765,5093857025,147260,7,16384x1x1,128x1x1,20,0,0,0
planner_debate_L_it1,measured,0,critic-a,6,RMSNormOp,kernel,reduce,"void at::native::reduce_kernel<(int)512, (int)1, at::native::ReduceOp<float, at::native::MeanOps<float, float, float, float>, unsigned int, float, (int)4, (int)4>>(T3)",12416,cudaLaunchKernel_v7000,5093647286,5093654375,5093857793,5093895040,37247,7,256x1x1,32x16x1,26,16,0,0
planner_debate_L_it1,measured,0,critic-a,6,RMSNormOp,kernel,elementwise_binary,"void at::native::vectorized_elementwise_kernel<(int)4, at::native::CUDAFunctorOnSelf_add<float>, std::array<char *, (unsigned long)2>>(int, T2, T3)",12422,cudaLaunchKernel_v7000,5093672826,5093678650,5093895808,5093897056,1248,7,4x1x1,128x1x1,20,0,0,0
planner_debate_L_it1,measured,0,critic-a,6,RMSNormOp,kernel,elementwise_unary,"void at::native::vectorized_elementwise_kernel<(int)4, at::native::rsqrt_kernel_cuda(at::TensorIteratorBase &)::[lambda() (instance 2)]::operator ()() const::[lambda() (instance 2)]::operator ()() const::[lambda(float) (instance 1)], std::array<char *, (unsigned long)2>>(int, T2, T3)",12432,cudaLaunchKernel_v7000,5093693073,5093698612,5093897824,5093898912,1088,7,4x1x1,128x1x1,26,0,0,0
planner_debate_L_it1,measured,0,critic-a,6,RMSNormOp,kernel,elementwise_binary,"void at::native::elementwise_kernel<(int)128, (int)2, void at::native::gpu_kernel_impl_nocast<at::native::BinaryFunctor<float, float, float, at::native::binary_internal::MulFunctor<float>>>(at::TensorIteratorBase &, const T1 &)::[lambda(int) (instance 1)]>(int, T3)",12442,cudaLaunchKernel_v7000,5093715229,5093720827,5093899552,5094025756,126204,7,65536x1x1,128x1x1,16,0,0,0
planner_debate_L_it1,measured,0,critic-a,6,RMSNormOp,kernel,copy,"void at::native::vectorized_elementwise_kernel<(int)8, at::native::float16_copy_kernel_cuda(at::TensorIteratorBase &)::[lambda(float) (instance 1)], std::array<char *, (unsigned long)2>>(int, T2, T3)",12455,cudaLaunchKernel_v7000,5093736641,5093742411,5094026844,5094118361,91517,7,16384x1x1,128x1x1,22,0,0,0
planner_debate_L_it1,measured,0,critic-a,7,AddOp,kernel,elementwise_binary,"void at::native::vectorized_elementwise_kernel<(int)8, at::native::CUDAFunctorOnSelf_add<c10::Half>, std::array<char *, (unsigned long)2>>(int, T2, T3)",12499,cudaLaunchKernel_v7000,5094192088,5094199857,5094200055,5094227254,27199,7,16384x1x1,128x1x1,22,0,0,0
planner_debate_L_it1,measured,0,critic-a,8,RMSNormOp,kernel,copy,"void at::native::unrolled_elementwise_kernel<at::native::direct_copy_kernel_cuda(at::TensorIteratorBase &)::[lambda() (instance 3)]::operator ()() const::[lambda() (instance 7)]::operator ()() const::[lambda(float) (instance 1)], std::array<char *, (unsigned long)2>, (int)8, TrivialOffsetCalculator<(int)1, unsigned int>, TrivialOffsetCalculator<(int)1, unsigned int>, at::native::memory::LoadWithCast<(int)1>, at::native::memory::StoreWithCast<(int)1>>(int, T1, T2, T4, T5, T6, T7)",12545,cudaLaunchKernel_v7000,5094284970,5094292092,5094292212,5094382002,89790,7,16384x1x1,128x1x1,38,0,0,0
planner_debate_L_it1,measured,0,critic-a,8,RMSNormOp,kernel,elementwise_unary,"void at::native::vectorized_elementwise_kernel<(int)4, void at::native::<unnamed>::pow_tensor_scalar_kernel_impl<float, float>(at::TensorIteratorBase &, T2)::[lambda(float) (instance 1)], std::array<char *, (unsigned long)2>>(int, T2, T3)",12556,cudaLaunchKernel_v7000,5094302155,5094307060,5094382706,5094527342,144636,7,16384x1x1,128x1x1,20,0,0,0
planner_debate_L_it1,measured,0,critic-a,8,RMSNormOp,kernel,reduce,"void at::native::reduce_kernel<(int)512, (int)1, at::native::ReduceOp<float, at::native::MeanOps<float, float, float, float>, unsigned int, float, (int)4, (int)4>>(T3)",12570,cudaLaunchKernel_v7000,5094318596,5094324124,5094528110,5094565261,37151,7,256x1x1,32x16x1,26,16,0,0
planner_debate_L_it1,measured,0,critic-a,8,RMSNormOp,kernel,elementwise_binary,"void at::native::vectorized_elementwise_kernel<(int)4, at::native::CUDAFunctorOnSelf_add<float>, std::array<char *, (unsigned long)2>>(int, T2, T3)",12576,cudaLaunchKernel_v7000,5094332598,5094337106,5094565933,5094567213,1280,7,4x1x1,128x1x1,20,0,0,0
planner_debate_L_it1,measured,0,critic-a,8,RMSNormOp,kernel,elementwise_unary,"void at::native::vectorized_elementwise_kernel<(int)4, at::native::rsqrt_kernel_cuda(at::TensorIteratorBase &)::[lambda() (instance 2)]::operator ()() const::[lambda() (instance 2)]::operator ()() const::[lambda(float) (instance 1)], std::array<char *, (unsigned long)2>>(int, T2, T3)",12586,cudaLaunchKernel_v7000,5094345681,5094349978,5094567949,5094569037,1088,7,4x1x1,128x1x1,26,0,0,0
planner_debate_L_it1,measured,0,critic-a,8,RMSNormOp,kernel,elementwise_binary,"void at::native::elementwise_kernel<(int)128, (int)2, void at::native::gpu_kernel_impl_nocast<at::native::BinaryFunctor<float, float, float, at::native::binary_internal::MulFunctor<float>>>(at::TensorIteratorBase &, const T1 &)::[lambda(int) (instance 1)]>(int, T3)",12596,cudaLaunchKernel_v7000,5094359463,5094363918,5094569677,5094697481,127804,7,65536x1x1,128x1x1,16,0,0,0
planner_debate_L_it1,measured,0,critic-a,8,RMSNormOp,kernel,copy,"void at::native::vectorized_elementwise_kernel<(int)8, at::native::float16_copy_kernel_cuda(at::TensorIteratorBase &)::[lambda(float) (instance 1)], std::array<char *, (unsigned long)2>>(int, T2, T3)",12609,cudaLaunchKernel_v7000,5094374885,5094379568,5094698697,5094791174,92477,7,16384x1x1,128x1x1,22,0,0,0
planner_debate_L_it1,measured,0,critic-a,10,LinearOp,memset,memset,memset,12657,cudaMemsetAsync_v3020,5094897484,5094911278,5094912611,5094913443,832,7,0x0x0,0x0x0,0,0,0,4096
planner_debate_L_it1,measured,0,critic-a,10,LinearOp,kernel,gemm,ampere_fp16_s1688gemm_fp16_128x128_ldg8_f2f_stages_32x1_nn,12660,cudaLaunchKernel_v7000,5094924093,5094934333,5094934050,5095785738,851688,7,32x32x3,128x1x1,234,32768,0,0
planner_debate_L_it1,measured,0,critic-a,11,LinearOp,memset,memset,memset,12707,cudaMemsetAsync_v3020,5095850350,5095855092,5095856424,5095857288,864,7,0x0x0,0x0x0,0,0,0,4096
planner_debate_L_it1,measured,0,critic-a,11,LinearOp,kernel,gemm,ampere_fp16_s1688gemm_fp16_128x128_ldg8_f2f_stages_32x1_nn,12710,cudaLaunchKernel_v7000,5095860045,5095867050,5095866888,5096718319,851431,7,32x32x3,128x1x1,234,32768,0,0
planner_debate_L_it1,measured,0,critic-a,12,LinearOp,memset,memset,memset,12757,cudaMemsetAsync_v3020,5096780684,5096785095,5096786445,5096787309,864,7,0x0x0,0x0x0,0,0,0,4096
planner_debate_L_it1,measured,0,critic-a,12,LinearOp,kernel,gemm,ampere_fp16_s1688gemm_fp16_128x128_ldg8_f2f_stages_32x1_nn,12760,cudaLaunchKernel_v7000,5096789770,5096797404,5096797645,5097694995,897350,7,32x32x3,128x1x1,234,32768,0,0
planner_debate_L_it1,measured,0,critic-a,14,TransposeOp,kernel,copy,"void at::native::elementwise_kernel<(int)128, (int)4, void at::native::gpu_kernel_impl_nocast<at::native::direct_copy_kernel_cuda(at::TensorIteratorBase &)::[lambda() (instance 3)]::operator ()() const::[lambda() (instance 10)]::operator ()() const::[lambda(c10::Half) (instance 1)]>(at::TensorIteratorBase &, const T1 &)::[lambda(int) (instance 1)]>(int, T3)",12840,cudaLaunchKernel_v7000,5097860419,5097871432,5097870798,5098097224,226426,7,32768x1x1,128x1x1,16,0,0,0
planner_debate_L_it1,measured,0,critic-b,,call_overhead,memcpy,memcpy,memcpy_Device-to-Host,12882,cudaMemcpyAsync_v3020,5098161887,5098181019,5098179718,5099711578,1531860,7,0x0x0,0x0x0,0,0,0,33554432
planner_debate_L_it1,measured,0,critic-b,,call_overhead,memcpy,memcpy,memcpy_Host-to-Device,12938,cudaMemcpyAsync_v3020,5219098155,5219125776,5219123727,5220548423,1424696,7,0x0x0,0x0x0,0,0,0,33554432
planner_debate_L_it1,measured,0,critic-b,,call_overhead,kernel,rng_init,"void at::native::<unnamed>::distribution_elementwise_grid_stride_kernel<float, (int)4, void at::native::templates::cuda::normal_and_transform<c10::Half, float, at::CUDAGeneratorImpl *, void at::native::templates::cuda::normal_kernel<at::CUDAGeneratorImpl *>(const at::TensorBase &, double, double, T1)::[lambda() (instance 1)]::operator ()() const::[lambda() (instance 3)]::operator ()() const::[lambda(float) (instance 1)]>(at::TensorIteratorBase &, T3, T4)::[lambda(curandStatePhilox4_32_10 *) (instance 2)], void at::native::<unnamed>::distribution_nullary_kernel<c10::Half, float, float4, at::CUDAGeneratorImpl *, void at::native::templates::cuda::normal_and_transform<c10::Half, float, at::CUDAGeneratorImpl *, void at::native::templates::cuda::normal_kernel<at::CUDAGeneratorImpl *>(const at::TensorBase &, double, double, T1)::[lambda() (instance 1)]::operator ()() const::[lambda() (instance 3)]::operator ()() const::[lambda(float) (instance 1)]>(at::TensorIteratorBase &, T3, T4)::[lambda(curandStatePhilox4_32_10 *) (instance 2)], void at::native::templates::cuda::normal_kernel<at::CUDAGeneratorImpl *>(const at::TensorBase &, double, double, T1)::[lambda() (instance 1)]::operator ()() const::[lambda() (instance 3)]::operator ()() const::[lambda(float) (instance 1)]>(at::TensorIteratorBase &, T4, const T5 &, T6)::[lambda(int, float) (instance 1)]>(long, at::PhiloxCudaState, T3, T4)",12991,cudaLaunchKernel_v7000,5220660533,5220694545,5220756097,5220791872,35775,7,768x1x1,256x1x1,40,0,0,0
planner_debate_L_it1,measured,0,critic-b,,call_overhead,kernel,elementwise_binary,"void at::native::vectorized_elementwise_kernel<(int)8, at::native::BUnaryFunctor<c10::Half, c10::Half, c10::Half, at::native::binary_internal::MulFunctor<float>>, std::array<char *, (unsigned long)2>>(int, T2, T3)",13001,cudaLaunchKernel_v7000,5220736346,5220744891,5220792608,5220812351,19743,7,16384x1x1,128x1x1,20,0,0,0
planner_debate_L_it1,measured,0,critic-b,6,RMSNormOp,kernel,copy,"void at::native::unrolled_elementwise_kernel<at::native::direct_copy_kernel_cuda(at::TensorIteratorBase &)::[lambda() (instance 3)]::operator ()() const::[lambda() (instance 7)]::operator ()() const::[lambda(float) (instance 1)], std::array<char *, (unsigned long)2>, (int)8, TrivialOffsetCalculator<(int)1, unsigned int>, TrivialOffsetCalculator<(int)1, unsigned int>, at::native::memory::LoadWithCast<(int)1>, at::native::memory::StoreWithCast<(int)1>>(int, T1, T2, T4, T5, T6, T7)",13024,cudaLaunchKernel_v7000,5220859363,5220869752,5220869341,5220982266,112925,7,16384x1x1,128x1x1,38,0,0,0
planner_debate_L_it1,measured,0,critic-b,6,RMSNormOp,kernel,elementwise_unary,"void at::native::vectorized_elementwise_kernel<(int)4, void at::native::<unnamed>::pow_tensor_scalar_kernel_impl<float, float>(at::TensorIteratorBase &, T2)::[lambda(float) (instance 1)], std::array<char *, (unsigned long)2>>(int, T2, T3)",13035,cudaLaunchKernel_v7000,5220888501,5220895115,5220982970,5221130134,147164,7,16384x1x1,128x1x1,20,0,0,0
planner_debate_L_it1,measured,0,critic-b,6,RMSNormOp,kernel,reduce,"void at::native::reduce_kernel<(int)512, (int)1, at::native::ReduceOp<float, at::native::MeanOps<float, float, float, float>, unsigned int, float, (int)4, (int)4>>(T3)",13049,cudaLaunchKernel_v7000,5220916217,5220923736,5221130806,5221168117,37311,7,256x1x1,32x16x1,26,16,0,0
planner_debate_L_it1,measured,0,critic-b,6,RMSNormOp,kernel,elementwise_binary,"void at::native::vectorized_elementwise_kernel<(int)4, at::native::CUDAFunctorOnSelf_add<float>, std::array<char *, (unsigned long)2>>(int, T2, T3)",13055,cudaLaunchKernel_v7000,5220942545,5220948575,5221168789,5221170133,1344,7,4x1x1,128x1x1,20,0,0,0
planner_debate_L_it1,measured,0,critic-b,6,RMSNormOp,kernel,elementwise_unary,"void at::native::vectorized_elementwise_kernel<(int)4, at::native::rsqrt_kernel_cuda(at::TensorIteratorBase &)::[lambda() (instance 2)]::operator ()() const::[lambda() (instance 2)]::operator ()() const::[lambda(float) (instance 1)], std::array<char *, (unsigned long)2>>(int, T2, T3)",13065,cudaLaunchKernel_v7000,5220963144,5220969184,5221170805,5221171893,1088,7,4x1x1,128x1x1,26,0,0,0
planner_debate_L_it1,measured,0,critic-b,6,RMSNormOp,kernel,elementwise_binary,"void at::native::elementwise_kernel<(int)128, (int)2, void at::native::gpu_kernel_impl_nocast<at::native::BinaryFunctor<float, float, float, at::native::binary_internal::MulFunctor<float>>>(at::TensorIteratorBase &, const T1 &)::[lambda(int) (instance 1)]>(int, T3)",13075,cudaLaunchKernel_v7000,5220985981,5220992034,5221172533,5221299921,127388,7,65536x1x1,128x1x1,16,0,0,0
planner_debate_L_it1,measured,0,critic-b,6,RMSNormOp,kernel,copy,"void at::native::vectorized_elementwise_kernel<(int)8, at::native::float16_copy_kernel_cuda(at::TensorIteratorBase &)::[lambda(float) (instance 1)], std::array<char *, (unsigned long)2>>(int, T2, T3)",13088,cudaLaunchKernel_v7000,5221008785,5221014896,5221300561,5221392238,91677,7,16384x1x1,128x1x1,22,0,0,0
planner_debate_L_it1,measured,0,critic-b,7,AddOp,kernel,elementwise_binary,"void at::native::vectorized_elementwise_kernel<(int)8, at::native::CUDAFunctorOnSelf_add<c10::Half>, std::array<char *, (unsigned long)2>>(int, T2, T3)",13132,cudaLaunchKernel_v7000,5221468968,5221477349,5221477324,5221504523,27199,7,16384x1x1,128x1x1,22,0,0,0
planner_debate_L_it1,measured,0,critic-b,8,RMSNormOp,kernel,copy,"void at::native::unrolled_elementwise_kernel<at::native::direct_copy_kernel_cuda(at::TensorIteratorBase &)::[lambda() (instance 3)]::operator ()() const::[lambda() (instance 7)]::operator ()() const::[lambda(float) (instance 1)], std::array<char *, (unsigned long)2>, (int)8, TrivialOffsetCalculator<(int)1, unsigned int>, TrivialOffsetCalculator<(int)1, unsigned int>, at::native::memory::LoadWithCast<(int)1>, at::native::memory::StoreWithCast<(int)1>>(int, T1, T2, T4, T5, T6, T7)",13178,cudaLaunchKernel_v7000,5221564347,5221572446,5221571977,5221665095,93118,7,16384x1x1,128x1x1,38,0,0,0
planner_debate_L_it1,measured,0,critic-b,8,RMSNormOp,kernel,elementwise_unary,"void at::native::vectorized_elementwise_kernel<(int)4, void at::native::<unnamed>::pow_tensor_scalar_kernel_impl<float, float>(at::TensorIteratorBase &, T2)::[lambda(float) (instance 1)], std::array<char *, (unsigned long)2>>(int, T2, T3)",13189,cudaLaunchKernel_v7000,5221584059,5221589115,5221665831,5221808483,142652,7,16384x1x1,128x1x1,20,0,0,0
planner_debate_L_it1,measured,0,critic-b,8,RMSNormOp,kernel,reduce,"void at::native::reduce_kernel<(int)512, (int)1, at::native::ReduceOp<float, at::native::MeanOps<float, float, float, float>, unsigned int, float, (int)4, (int)4>>(T3)",13203,cudaLaunchKernel_v7000,5221601736,5221607436,5221809123,5221847169,38046,7,256x1x1,32x16x1,26,16,0,0
planner_debate_L_it1,measured,0,critic-b,8,RMSNormOp,kernel,elementwise_binary,"void at::native::vectorized_elementwise_kernel<(int)4, at::native::CUDAFunctorOnSelf_add<float>, std::array<char *, (unsigned long)2>>(int, T2, T3)",13209,cudaLaunchKernel_v7000,5221624525,5221629644,5221847841,5221849121,1280,7,4x1x1,128x1x1,20,0,0,0
planner_debate_L_it1,measured,0,critic-b,8,RMSNormOp,kernel,elementwise_unary,"void at::native::vectorized_elementwise_kernel<(int)4, at::native::rsqrt_kernel_cuda(at::TensorIteratorBase &)::[lambda() (instance 2)]::operator ()() const::[lambda() (instance 2)]::operator ()() const::[lambda(float) (instance 1)], std::array<char *, (unsigned long)2>>(int, T2, T3)",13219,cudaLaunchKernel_v7000,5221638935,5221643575,5221849857,5221850945,1088,7,4x1x1,128x1x1,26,0,0,0
planner_debate_L_it1,measured,0,critic-b,8,RMSNormOp,kernel,elementwise_binary,"void at::native::elementwise_kernel<(int)128, (int)2, void at::native::gpu_kernel_impl_nocast<at::native::BinaryFunctor<float, float, float, at::native::binary_internal::MulFunctor<float>>>(at::TensorIteratorBase &, const T1 &)::[lambda(int) (instance 1)]>(int, T3)",13229,cudaLaunchKernel_v7000,5221653836,5221658987,5221851585,5221978558,126973,7,65536x1x1,128x1x1,16,0,0,0
planner_debate_L_it1,measured,0,critic-b,8,RMSNormOp,kernel,copy,"void at::native::vectorized_elementwise_kernel<(int)8, at::native::float16_copy_kernel_cuda(at::TensorIteratorBase &)::[lambda(float) (instance 1)], std::array<char *, (unsigned long)2>>(int, T2, T3)",13242,cudaLaunchKernel_v7000,5221671194,5221675954,5221979230,5222070811,91581,7,16384x1x1,128x1x1,22,0,0,0
planner_debate_L_it1,measured,0,critic-b,10,LinearOp,memset,memset,memset,13290,cudaMemsetAsync_v3020,5222179427,5222193519,5222195000,5222195864,864,7,0x0x0,0x0x0,0,0,0,4096
planner_debate_L_it1,measured,0,critic-b,10,LinearOp,kernel,gemm,ampere_fp16_s1688gemm_fp16_128x128_ldg8_f2f_stages_32x1_nn,13293,cudaLaunchKernel_v7000,5222205480,5222214799,5222214455,5223065855,851400,7,32x32x3,128x1x1,234,32768,0,0
planner_debate_L_it1,measured,0,critic-b,11,LinearOp,memset,memset,memset,13340,cudaMemsetAsync_v3020,5223150698,5223156155,5223157564,5223158428,864,7,0x0x0,0x0x0,0,0,0,4096
planner_debate_L_it1,measured,0,critic-b,11,LinearOp,kernel,gemm,ampere_fp16_s1688gemm_fp16_128x128_ldg8_f2f_stages_32x1_nn,13343,cudaLaunchKernel_v7000,5223161975,5223170783,5223170556,5224022276,851720,7,32x32x3,128x1x1,234,32768,0,0
planner_debate_L_it1,measured,0,critic-b,12,LinearOp,memset,memset,memset,13390,cudaMemsetAsync_v3020,5224088557,5224093121,5224094337,5224095201,864,7,0x0x0,0x0x0,0,0,0,4096
planner_debate_L_it1,measured,0,critic-b,12,LinearOp,kernel,gemm,ampere_fp16_s1688gemm_fp16_128x128_ldg8_f2f_stages_32x1_nn,13393,cudaLaunchKernel_v7000,5224098098,5224105713,5224105185,5224956009,850824,7,32x32x3,128x1x1,234,32768,0,0
planner_debate_L_it1,measured,0,critic-b,14,TransposeOp,kernel,copy,"void at::native::elementwise_kernel<(int)128, (int)4, void at::native::gpu_kernel_impl_nocast<at::native::direct_copy_kernel_cuda(at::TensorIteratorBase &)::[lambda() (instance 3)]::operator ()() const::[lambda() (instance 10)]::operator ()() const::[lambda(c10::Half) (instance 1)]>(at::TensorIteratorBase &, const T1 &)::[lambda(int) (instance 1)]>(int, T3)",13473,cudaLaunchKernel_v7000,5225124511,5225135474,5225134820,5225361245,226425,7,32768x1x1,128x1x1,16,0,0,0
planner_debate_L_it1,measured,0,critic-merge,,call_overhead,memcpy,memcpy,memcpy_Device-to-Host,13515,cudaMemcpyAsync_v3020,5225425073,5225443115,5225442011,5226924017,1482006,7,0x0x0,0x0x0,0,0,0,33554432
planner_debate_L_it1,measured,0,critic-merge,,call_overhead,memcpy,memcpy,memcpy_Host-to-Device,13571,cudaMemcpyAsync_v3020,5344099993,5344128350,5344126405,5345511933,1385528,7,0x0x0,0x0x0,0,0,0,33554432
planner_debate_L_it1,measured,0,critic-merge,,call_overhead,kernel,rng_init,"void at::native::<unnamed>::distribution_elementwise_grid_stride_kernel<float, (int)4, void at::native::templates::cuda::normal_and_transform<c10::Half, float, at::CUDAGeneratorImpl *, void at::native::templates::cuda::normal_kernel<at::CUDAGeneratorImpl *>(const at::TensorBase &, double, double, T1)::[lambda() (instance 1)]::operator ()() const::[lambda() (instance 3)]::operator ()() const::[lambda(float) (instance 1)]>(at::TensorIteratorBase &, T3, T4)::[lambda(curandStatePhilox4_32_10 *) (instance 2)], void at::native::<unnamed>::distribution_nullary_kernel<c10::Half, float, float4, at::CUDAGeneratorImpl *, void at::native::templates::cuda::normal_and_transform<c10::Half, float, at::CUDAGeneratorImpl *, void at::native::templates::cuda::normal_kernel<at::CUDAGeneratorImpl *>(const at::TensorBase &, double, double, T1)::[lambda() (instance 1)]::operator ()() const::[lambda() (instance 3)]::operator ()() const::[lambda(float) (instance 1)]>(at::TensorIteratorBase &, T3, T4)::[lambda(curandStatePhilox4_32_10 *) (instance 2)], void at::native::templates::cuda::normal_kernel<at::CUDAGeneratorImpl *>(const at::TensorBase &, double, double, T1)::[lambda() (instance 1)]::operator ()() const::[lambda() (instance 3)]::operator ()() const::[lambda(float) (instance 1)]>(at::TensorIteratorBase &, T4, const T5 &, T6)::[lambda(int, float) (instance 1)]>(long, at::PhiloxCudaState, T3, T4)",13624,cudaLaunchKernel_v7000,5345621816,5345655797,5345718072,5345753878,35806,7,768x1x1,256x1x1,40,0,0,0
planner_debate_L_it1,measured,0,critic-merge,,call_overhead,kernel,elementwise_binary,"void at::native::vectorized_elementwise_kernel<(int)8, at::native::BUnaryFunctor<c10::Half, c10::Half, c10::Half, at::native::binary_internal::MulFunctor<float>>, std::array<char *, (unsigned long)2>>(int, T2, T3)",13634,cudaLaunchKernel_v7000,5345695485,5345704514,5345754582,5345774230,19648,7,16384x1x1,128x1x1,20,0,0,0
planner_debate_L_it1,measured,0,critic-merge,6,RMSNormOp,kernel,copy,"void at::native::unrolled_elementwise_kernel<at::native::direct_copy_kernel_cuda(at::TensorIteratorBase &)::[lambda() (instance 3)]::operator ()() const::[lambda() (instance 7)]::operator ()() const::[lambda(float) (instance 1)], std::array<char *, (unsigned long)2>, (int)8, TrivialOffsetCalculator<(int)1, unsigned int>, TrivialOffsetCalculator<(int)1, unsigned int>, at::native::memory::LoadWithCast<(int)1>, at::native::memory::StoreWithCast<(int)1>>(int, T1, T2, T4, T5, T6, T7)",13657,cudaLaunchKernel_v7000,5345811831,5345821872,5345821717,5345936657,114940,7,16384x1x1,128x1x1,38,0,0,0
planner_debate_L_it1,measured,0,critic-merge,6,RMSNormOp,kernel,elementwise_unary,"void at::native::vectorized_elementwise_kernel<(int)4, void at::native::<unnamed>::pow_tensor_scalar_kernel_impl<float, float>(at::TensorIteratorBase &, T2)::[lambda(float) (instance 1)], std::array<char *, (unsigned long)2>>(int, T2, T3)",13668,cudaLaunchKernel_v7000,5345841350,5345847654,5345937361,5346083341,145980,7,16384x1x1,128x1x1,20,0,0,0
planner_debate_L_it1,measured,0,critic-merge,6,RMSNormOp,kernel,reduce,"void at::native::reduce_kernel<(int)512, (int)1, at::native::ReduceOp<float, at::native::MeanOps<float, float, float, float>, unsigned int, float, (int)4, (int)4>>(T3)",13682,cudaLaunchKernel_v7000,5345868828,5345876164,5346084109,5346119852,35743,7,256x1x1,32x16x1,26,16,0,0
planner_debate_L_it1,measured,0,critic-merge,6,RMSNormOp,kernel,elementwise_binary,"void at::native::vectorized_elementwise_kernel<(int)4, at::native::CUDAFunctorOnSelf_add<float>, std::array<char *, (unsigned long)2>>(int, T2, T3)",13688,cudaLaunchKernel_v7000,5345894066,5345899723,5346120524,5346121804,1280,7,4x1x1,128x1x1,20,0,0,0
planner_debate_L_it1,measured,0,critic-merge,6,RMSNormOp,kernel,elementwise_unary,"void at::native::vectorized_elementwise_kernel<(int)4, at::native::rsqrt_kernel_cuda(at::TensorIteratorBase &)::[lambda() (instance 2)]::operator ()() const::[lambda() (instance 2)]::operator ()() const::[lambda(float) (instance 1)], std::array<char *, (unsigned long)2>>(int, T2, T3)",13698,cudaLaunchKernel_v7000,5345913175,5345919296,5346122540,5346123628,1088,7,4x1x1,128x1x1,26,0,0,0
planner_debate_L_it1,measured,0,critic-merge,6,RMSNormOp,kernel,elementwise_binary,"void at::native::elementwise_kernel<(int)128, (int)2, void at::native::gpu_kernel_impl_nocast<at::native::BinaryFunctor<float, float, float, at::native::binary_internal::MulFunctor<float>>>(at::TensorIteratorBase &, const T1 &)::[lambda(int) (instance 1)]>(int, T3)",13708,cudaLaunchKernel_v7000,5345935976,5345942573,5346124332,5346252584,128252,7,65536x1x1,128x1x1,16,0,0,0
planner_debate_L_it1,measured,0,critic-merge,6,RMSNormOp,kernel,copy,"void at::native::vectorized_elementwise_kernel<(int)8, at::native::float16_copy_kernel_cuda(at::TensorIteratorBase &)::[lambda(float) (instance 1)], std::array<char *, (unsigned long)2>>(int, T2, T3)",13721,cudaLaunchKernel_v7000,5345959084,5345964227,5346253288,5346345030,91742,7,16384x1x1,128x1x1,22,0,0,0
planner_debate_L_it1,measured,0,critic-merge,7,AddOp,kernel,elementwise_binary,"void at::native::vectorized_elementwise_kernel<(int)8, at::native::CUDAFunctorOnSelf_add<c10::Half>, std::array<char *, (unsigned long)2>>(int, T2, T3)",13765,cudaLaunchKernel_v7000,5346421944,5346429964,5346429763,5346457538,27775,7,16384x1x1,128x1x1,22,0,0,0
planner_debate_L_it1,measured,0,critic-merge,8,RMSNormOp,kernel,copy,"void at::native::unrolled_elementwise_kernel<at::native::direct_copy_kernel_cuda(at::TensorIteratorBase &)::[lambda() (instance 3)]::operator ()() const::[lambda() (instance 7)]::operator ()() const::[lambda(float) (instance 1)], std::array<char *, (unsigned long)2>, (int)8, TrivialOffsetCalculator<(int)1, unsigned int>, TrivialOffsetCalculator<(int)1, unsigned int>, at::native::memory::LoadWithCast<(int)1>, at::native::memory::StoreWithCast<(int)1>>(int, T1, T2, T4, T5, T6, T7)",13811,cudaLaunchKernel_v7000,5346517516,5346525314,5346524897,5346613982,89085,7,16384x1x1,128x1x1,38,0,0,0
planner_debate_L_it1,measured,0,critic-merge,8,RMSNormOp,kernel,elementwise_unary,"void at::native::vectorized_elementwise_kernel<(int)4, void at::native::<unnamed>::pow_tensor_scalar_kernel_impl<float, float>(at::TensorIteratorBase &, T2)::[lambda(float) (instance 1)], std::array<char *, (unsigned long)2>>(int, T2, T3)",13822,cudaLaunchKernel_v7000,5346536704,5346542516,5346614622,5346758330,143708,7,16384x1x1,128x1x1,20,0,0,0
planner_debate_L_it1,measured,0,critic-merge,8,RMSNormOp,kernel,reduce,"void at::native::reduce_kernel<(int)512, (int)1, at::native::ReduceOp<float, at::native::MeanOps<float, float, float, float>, unsigned int, float, (int)4, (int)4>>(T3)",13836,cudaLaunchKernel_v7000,5346555084,5346560753,5346758970,5346796505,37535,7,256x1x1,32x16x1,26,16,0,0
planner_debate_L_it1,measured,0,critic-merge,8,RMSNormOp,kernel,elementwise_binary,"void at::native::vectorized_elementwise_kernel<(int)4, at::native::CUDAFunctorOnSelf_add<float>, std::array<char *, (unsigned long)2>>(int, T2, T3)",13842,cudaLaunchKernel_v7000,5346569528,5346574313,5346797273,5346798521,1248,7,4x1x1,128x1x1,20,0,0,0
planner_debate_L_it1,measured,0,critic-merge,8,RMSNormOp,kernel,elementwise_unary,"void at::native::vectorized_elementwise_kernel<(int)4, at::native::rsqrt_kernel_cuda(at::TensorIteratorBase &)::[lambda() (instance 2)]::operator ()() const::[lambda() (instance 2)]::operator ()() const::[lambda(float) (instance 1)], std::array<char *, (unsigned long)2>>(int, T2, T3)",13852,cudaLaunchKernel_v7000,5346583571,5346589073,5346799257,5346800345,1088,7,4x1x1,128x1x1,26,0,0,0
planner_debate_L_it1,measured,0,critic-merge,8,RMSNormOp,kernel,elementwise_binary,"void at::native::elementwise_kernel<(int)128, (int)2, void at::native::gpu_kernel_impl_nocast<at::native::BinaryFunctor<float, float, float, at::native::binary_internal::MulFunctor<float>>>(at::TensorIteratorBase &, const T1 &)::[lambda(int) (instance 1)]>(int, T3)",13862,cudaLaunchKernel_v7000,5346599552,5346604453,5346801049,5346928437,127388,7,65536x1x1,128x1x1,16,0,0,0
planner_debate_L_it1,measured,0,critic-merge,8,RMSNormOp,kernel,copy,"void at::native::vectorized_elementwise_kernel<(int)8, at::native::float16_copy_kernel_cuda(at::TensorIteratorBase &)::[lambda(float) (instance 1)], std::array<char *, (unsigned long)2>>(int, T2, T3)",13875,cudaLaunchKernel_v7000,5346624926,5346630045,5346929109,5347019474,90365,7,16384x1x1,128x1x1,22,0,0,0
planner_debate_L_it1,measured,0,critic-merge,10,LinearOp,memset,memset,memset,13923,cudaMemsetAsync_v3020,5347126897,5347140690,5347142063,5347142927,864,7,0x0x0,0x0x0,0,0,0,4096
planner_debate_L_it1,measured,0,critic-merge,10,LinearOp,kernel,gemm,ampere_fp16_s1688gemm_fp16_128x128_ldg8_f2f_stages_32x1_nn,13926,cudaLaunchKernel_v7000,5347151548,5347161097,5347160622,5348011926,851304,7,32x32x3,128x1x1,234,32768,0,0
planner_debate_L_it1,measured,0,critic-merge,11,LinearOp,memset,memset,memset,13973,cudaMemsetAsync_v3020,5348081311,5348086453,5348087732,5348088596,864,7,0x0x0,0x0x0,0,0,0,4096
planner_debate_L_it1,measured,0,critic-merge,11,LinearOp,kernel,gemm,ampere_fp16_s1688gemm_fp16_128x128_ldg8_f2f_stages_32x1_nn,13976,cudaLaunchKernel_v7000,5348091661,5348099224,5348099316,5348950619,851303,7,32x32x3,128x1x1,234,32768,0,0
planner_debate_L_it1,measured,0,critic-merge,12,LinearOp,memset,memset,memset,14023,cudaMemsetAsync_v3020,5349013344,5349017734,5349019193,5349020057,864,7,0x0x0,0x0x0,0,0,0,4096
planner_debate_L_it1,measured,0,critic-merge,12,LinearOp,kernel,gemm,ampere_fp16_s1688gemm_fp16_128x128_ldg8_f2f_stages_32x1_nn,14026,cudaLaunchKernel_v7000,5349022567,5349029847,5349029465,5350003869,974404,7,32x32x3,128x1x1,234,32768,0,0
planner_debate_L_it1,measured,0,critic-merge,14,TransposeOp,kernel,copy,"void at::native::elementwise_kernel<(int)128, (int)4, void at::native::gpu_kernel_impl_nocast<at::native::direct_copy_kernel_cuda(at::TensorIteratorBase &)::[lambda() (instance 3)]::operator ()() const::[lambda() (instance 10)]::operator ()() const::[lambda(c10::Half) (instance 1)]>(at::TensorIteratorBase &, const T1 &)::[lambda(int) (instance 1)]>(int, T3)",14106,cudaLaunchKernel_v7000,5350240392,5350251141,5350250550,5350476912,226362,7,32768x1x1,128x1x1,16,0,0,0
planner_debate_L_it1,measured,0,planner-final,,call_overhead,memcpy,memcpy,memcpy_Device-to-Host,14148,cudaMemcpyAsync_v3020,5350546986,5350561010,5350560398,5352027460,1467062,7,0x0x0,0x0x0,0,0,0,33554432
planner_debate_L_it1,measured,0,planner-final,,call_overhead,memcpy,memcpy,memcpy_Host-to-Device,14204,cudaMemcpyAsync_v3020,5440059625,5440084179,5440083254,5441194391,1111137,7,0x0x0,0x0x0,0,0,0,25690112
planner_debate_L_it1,measured,0,planner-final,,call_overhead,kernel,rng_init,"void at::native::<unnamed>::distribution_elementwise_grid_stride_kernel<float, (int)4, void at::native::templates::cuda::normal_and_transform<c10::Half, float, at::CUDAGeneratorImpl *, void at::native::templates::cuda::normal_kernel<at::CUDAGeneratorImpl *>(const at::TensorBase &, double, double, T1)::[lambda() (instance 1)]::operator ()() const::[lambda() (instance 3)]::operator ()() const::[lambda(float) (instance 1)]>(at::TensorIteratorBase &, T3, T4)::[lambda(curandStatePhilox4_32_10 *) (instance 2)], void at::native::<unnamed>::distribution_nullary_kernel<c10::Half, float, float4, at::CUDAGeneratorImpl *, void at::native::templates::cuda::normal_and_transform<c10::Half, float, at::CUDAGeneratorImpl *, void at::native::templates::cuda::normal_kernel<at::CUDAGeneratorImpl *>(const at::TensorBase &, double, double, T1)::[lambda() (instance 1)]::operator ()() const::[lambda() (instance 3)]::operator ()() const::[lambda(float) (instance 1)]>(at::TensorIteratorBase &, T3, T4)::[lambda(curandStatePhilox4_32_10 *) (instance 2)], void at::native::templates::cuda::normal_kernel<at::CUDAGeneratorImpl *>(const at::TensorBase &, double, double, T1)::[lambda() (instance 1)]::operator ()() const::[lambda() (instance 3)]::operator ()() const::[lambda(float) (instance 1)]>(at::TensorIteratorBase &, T4, const T5 &, T6)::[lambda(int, float) (instance 1)]>(long, at::PhiloxCudaState, T3, T4)",14257,cudaLaunchKernel_v7000,5441293862,5441327299,5441388465,5441416560,28095,7,768x1x1,256x1x1,40,0,0,0
planner_debate_L_it1,measured,0,planner-final,,call_overhead,kernel,elementwise_binary,"void at::native::vectorized_elementwise_kernel<(int)8, at::native::BUnaryFunctor<c10::Half, c10::Half, c10::Half, at::native::binary_internal::MulFunctor<float>>, std::array<char *, (unsigned long)2>>(int, T2, T3)",14267,cudaLaunchKernel_v7000,5441367153,5441374864,5441417232,5441432304,15072,7,12544x1x1,128x1x1,20,0,0,0
planner_debate_L_it1,measured,0,planner-final,6,RMSNormOp,kernel,copy,"void at::native::unrolled_elementwise_kernel<at::native::direct_copy_kernel_cuda(at::TensorIteratorBase &)::[lambda() (instance 3)]::operator ()() const::[lambda() (instance 7)]::operator ()() const::[lambda(float) (instance 1)], std::array<char *, (unsigned long)2>, (int)8, TrivialOffsetCalculator<(int)1, unsigned int>, TrivialOffsetCalculator<(int)1, unsigned int>, at::native::memory::LoadWithCast<(int)1>, at::native::memory::StoreWithCast<(int)1>>(int, T1, T2, T4, T5, T6, T7)",14290,cudaLaunchKernel_v7000,5441472383,5441482276,5441481871,5441565260,83389,7,12544x1x1,128x1x1,38,0,0,0
planner_debate_L_it1,measured,0,planner-final,6,RMSNormOp,kernel,elementwise_unary,"void at::native::vectorized_elementwise_kernel<(int)4, void at::native::<unnamed>::pow_tensor_scalar_kernel_impl<float, float>(at::TensorIteratorBase &, T2)::[lambda(float) (instance 1)], std::array<char *, (unsigned long)2>>(int, T2, T3)",14301,cudaLaunchKernel_v7000,5441500969,5441507104,5441565868,5441635818,69950,7,12544x1x1,128x1x1,20,0,0,0
planner_debate_L_it1,measured,0,planner-final,6,RMSNormOp,kernel,reduce,"void at::native::reduce_kernel<(int)512, (int)1, at::native::ReduceOp<float, at::native::MeanOps<float, float, float, float>, unsigned int, float, (int)4, (int)4>>(T3)",14315,cudaLaunchKernel_v7000,5441527687,5441534998,5441636586,5441656842,20256,7,224x1x1,32x16x1,26,16,0,0
planner_debate_L_it1,measured,0,planner-final,6,RMSNormOp,kernel,elementwise_binary,"void at::native::vectorized_elementwise_kernel<(int)4, at::native::CUDAFunctorOnSelf_add<float>, std::array<char *, (unsigned long)2>>(int, T2, T3)",14321,cudaLaunchKernel_v7000,5441553367,5441559334,5441657609,5441658761,1152,7,4x1x1,128x1x1,20,0,0,0
planner_debate_L_it1,measured,0,planner-final,6,RMSNormOp,kernel,elementwise_unary,"void at::native::vectorized_elementwise_kernel<(int)4, at::native::rsqrt_kernel_cuda(at::TensorIteratorBase &)::[lambda() (instance 2)]::operator ()() const::[lambda() (instance 2)]::operator ()() const::[lambda(float) (instance 1)], std::array<char *, (unsigned long)2>>(int, T2, T3)",14331,cudaLaunchKernel_v7000,5441573548,5441579229,5441659433,5441660521,1088,7,4x1x1,128x1x1,26,0,0,0
planner_debate_L_it1,measured,0,planner-final,6,RMSNormOp,kernel,elementwise_binary,"void at::native::elementwise_kernel<(int)128, (int)2, void at::native::gpu_kernel_impl_nocast<at::native::BinaryFunctor<float, float, float, at::native::binary_internal::MulFunctor<float>>>(at::TensorIteratorBase &, const T1 &)::[lambda(int) (instance 1)]>(int, T3)",14341,cudaLaunchKernel_v7000,5441596570,5441602892,5441661161,5441749479,88318,7,50176x1x1,128x1x1,16,0,0,0
planner_debate_L_it1,measured,0,planner-final,6,RMSNormOp,kernel,copy,"void at::native::vectorized_elementwise_kernel<(int)8, at::native::float16_copy_kernel_cuda(at::TensorIteratorBase &)::[lambda(float) (instance 1)], std::array<char *, (unsigned long)2>>(int, T2, T3)",14354,cudaLaunchKernel_v7000,5441626045,5441631927,5441750151,5441805797,55646,7,12544x1x1,128x1x1,22,0,0,0
planner_debate_L_it1,measured,0,planner-final,7,AddOp,kernel,elementwise_binary,"void at::native::vectorized_elementwise_kernel<(int)8, at::native::CUDAFunctorOnSelf_add<c10::Half>, std::array<char *, (unsigned long)2>>(int, T2, T3)",14398,cudaLaunchKernel_v7000,5441878773,5441886891,5441886627,5441901379,14752,7,12544x1x1,128x1x1,22,0,0,0
planner_debate_L_it1,measured,0,planner-final,8,RMSNormOp,kernel,copy,"void at::native::unrolled_elementwise_kernel<at::native::direct_copy_kernel_cuda(at::TensorIteratorBase &)::[lambda() (instance 3)]::operator ()() const::[lambda() (instance 7)]::operator ()() const::[lambda(float) (instance 1)], std::array<char *, (unsigned long)2>, (int)8, TrivialOffsetCalculator<(int)1, unsigned int>, TrivialOffsetCalculator<(int)1, unsigned int>, at::native::memory::LoadWithCast<(int)1>, at::native::memory::StoreWithCast<(int)1>>(int, T1, T2, T4, T5, T6, T7)",14444,cudaLaunchKernel_v7000,5441967045,5441974990,5441974720,5442025055,50335,7,12544x1x1,128x1x1,38,0,0,0
planner_debate_L_it1,measured,0,planner-final,8,RMSNormOp,kernel,elementwise_unary,"void at::native::vectorized_elementwise_kernel<(int)4, void at::native::<unnamed>::pow_tensor_scalar_kernel_impl<float, float>(at::TensorIteratorBase &, T2)::[lambda(float) (instance 1)], std::array<char *, (unsigned long)2>>(int, T2, T3)",14455,cudaLaunchKernel_v7000,5441986506,5441991643,5442025727,5442099837,74110,7,12544x1x1,128x1x1,20,0,0,0
planner_debate_L_it1,measured,0,planner-final,8,RMSNormOp,kernel,reduce,"void at::native::reduce_kernel<(int)512, (int)1, at::native::ReduceOp<float, at::native::MeanOps<float, float, float, float>, unsigned int, float, (int)4, (int)4>>(T3)",14469,cudaLaunchKernel_v7000,5442003817,5442008851,5442100477,5442122876,22399,7,224x1x1,32x16x1,26,16,0,0
planner_debate_L_it1,measured,0,planner-final,8,RMSNormOp,kernel,elementwise_binary,"void at::native::vectorized_elementwise_kernel<(int)4, at::native::CUDAFunctorOnSelf_add<float>, std::array<char *, (unsigned long)2>>(int, T2, T3)",14475,cudaLaunchKernel_v7000,5442017885,5442023007,5442123644,5442124764,1120,7,4x1x1,128x1x1,20,0,0,0
planner_debate_L_it1,measured,0,planner-final,8,RMSNormOp,kernel,elementwise_unary,"void at::native::vectorized_elementwise_kernel<(int)4, at::native::rsqrt_kernel_cuda(at::TensorIteratorBase &)::[lambda() (instance 2)]::operator ()() const::[lambda() (instance 2)]::operator ()() const::[lambda(float) (instance 1)], std::array<char *, (unsigned long)2>>(int, T2, T3)",14485,cudaLaunchKernel_v7000,5442031860,5442036606,5442125436,5442126492,1056,7,4x1x1,128x1x1,26,0,0,0
planner_debate_L_it1,measured,0,planner-final,8,RMSNormOp,kernel,elementwise_binary,"void at::native::elementwise_kernel<(int)128, (int)2, void at::native::gpu_kernel_impl_nocast<at::native::BinaryFunctor<float, float, float, at::native::binary_internal::MulFunctor<float>>>(at::TensorIteratorBase &, const T1 &)::[lambda(int) (instance 1)]>(int, T3)",14495,cudaLaunchKernel_v7000,5442047020,5442051774,5442127164,5442215098,87934,7,50176x1x1,128x1x1,16,0,0,0
planner_debate_L_it1,measured,0,planner-final,8,RMSNormOp,kernel,copy,"void at::native::vectorized_elementwise_kernel<(int)8, at::native::float16_copy_kernel_cuda(at::TensorIteratorBase &)::[lambda(float) (instance 1)], std::array<char *, (unsigned long)2>>(int, T2, T3)",14508,cudaLaunchKernel_v7000,5442063393,5442068105,5442215738,5442271544,55806,7,12544x1x1,128x1x1,22,0,0,0
planner_debate_L_it1,measured,0,planner-final,10,LinearOp,kernel,gemm,void cutlass::Kernel2<cutlass_80_tensorop_f16_s16816gemm_relu_f16_64x64_32x6_nn_align8>(T1::Params),14562,cuLaunchKernel,5442392187,5442401650,5442401972,5443037602,635630,7,448x7x1,128x1x1,96,0,49152,0
planner_debate_L_it1,measured,0,planner-final,11,LinearOp,kernel,gemm,void cutlass::Kernel2<cutlass_80_tensorop_f16_s16816gemm_relu_f16_64x64_32x6_nn_align8>(T1::Params),14614,cuLaunchKernel,5443109472,5443116528,5443116320,5443749518,633198,7,448x7x1,128x1x1,96,0,49152,0
planner_debate_L_it1,measured,0,planner-final,12,LinearOp,kernel,gemm,void cutlass::Kernel2<cutlass_80_tensorop_f16_s16816gemm_relu_f16_64x64_32x6_nn_align8>(T1::Params),14666,cuLaunchKernel,5443813012,5443819816,5443819660,5444454138,634478,7,448x7x1,128x1x1,96,0,49152,0
planner_debate_L_it1,measured,0,planner-final,14,TransposeOp,kernel,copy,"void at::native::elementwise_kernel<(int)128, (int)4, void at::native::gpu_kernel_impl_nocast<at::native::direct_copy_kernel_cuda(at::TensorIteratorBase &)::[lambda() (instance 3)]::operator ()() const::[lambda() (instance 10)]::operator ()() const::[lambda(c10::Half) (instance 1)]>(at::TensorIteratorBase &, const T1 &)::[lambda(int) (instance 1)]>(int, T3)",14745,cudaLaunchKernel_v7000,5444601595,5444619042,5444611605,5444789232,177627,7,25088x1x1,128x1x1,16,0,0,0
planner_debate_L_it1,measured,0,planner-final,,call_overhead,memcpy,memcpy,memcpy_Device-to-Host,14787,cudaMemcpyAsync_v3020,5444847851,5444858828,5444858062,5445989166,1131104,7,0x0x0,0x0x0,0,0,0,25690112
planner_debate_L_it1,measured,1,planner-seed,,call_overhead,memcpy,memcpy,memcpy_Host-to-Device,14847,cudaMemcpyAsync_v3020,5532115452,5532135852,5532135415,5533643436,1508021,7,0x0x0,0x0x0,0,0,0,25690112
planner_debate_L_it1,measured,1,planner-seed,,call_overhead,kernel,rng_init,"void at::native::<unnamed>::distribution_elementwise_grid_stride_kernel<float, (int)4, void at::native::templates::cuda::normal_and_transform<c10::Half, float, at::CUDAGeneratorImpl *, void at::native::templates::cuda::normal_kernel<at::CUDAGeneratorImpl *>(const at::TensorBase &, double, double, T1)::[lambda() (instance 1)]::operator ()() const::[lambda() (instance 3)]::operator ()() const::[lambda(float) (instance 1)]>(at::TensorIteratorBase &, T3, T4)::[lambda(curandStatePhilox4_32_10 *) (instance 2)], void at::native::<unnamed>::distribution_nullary_kernel<c10::Half, float, float4, at::CUDAGeneratorImpl *, void at::native::templates::cuda::normal_and_transform<c10::Half, float, at::CUDAGeneratorImpl *, void at::native::templates::cuda::normal_kernel<at::CUDAGeneratorImpl *>(const at::TensorBase &, double, double, T1)::[lambda() (instance 1)]::operator ()() const::[lambda() (instance 3)]::operator ()() const::[lambda(float) (instance 1)]>(at::TensorIteratorBase &, T3, T4)::[lambda(curandStatePhilox4_32_10 *) (instance 2)], void at::native::templates::cuda::normal_kernel<at::CUDAGeneratorImpl *>(const at::TensorBase &, double, double, T1)::[lambda() (instance 1)]::operator ()() const::[lambda() (instance 3)]::operator ()() const::[lambda(float) (instance 1)]>(at::TensorIteratorBase &, T4, const T5 &, T6)::[lambda(int, float) (instance 1)]>(long, at::PhiloxCudaState, T3, T4)",14900,cudaLaunchKernel_v7000,5533738256,5533768424,5533831335,5533859366,28031,7,768x1x1,256x1x1,40,0,0,0
planner_debate_L_it1,measured,1,planner-seed,,call_overhead,kernel,elementwise_binary,"void at::native::vectorized_elementwise_kernel<(int)8, at::native::BUnaryFunctor<c10::Half, c10::Half, c10::Half, at::native::binary_internal::MulFunctor<float>>, std::array<char *, (unsigned long)2>>(int, T2, T3)",14910,cudaLaunchKernel_v7000,5533804522,5533812689,5533860038,5533874790,14752,7,12544x1x1,128x1x1,20,0,0,0
planner_debate_L_it1,measured,1,planner-seed,6,RMSNormOp,kernel,copy,"void at::native::unrolled_elementwise_kernel<at::native::direct_copy_kernel_cuda(at::TensorIteratorBase &)::[lambda() (instance 3)]::operator ()() const::[lambda() (instance 7)]::operator ()() const::[lambda(float) (instance 1)], std::array<char *, (unsigned long)2>, (int)8, TrivialOffsetCalculator<(int)1, unsigned int>, TrivialOffsetCalculator<(int)1, unsigned int>, at::native::memory::LoadWithCast<(int)1>, at::native::memory::StoreWithCast<(int)1>>(int, T1, T2, T4, T5, T6, T7)",14933,cudaLaunchKernel_v7000,5533902423,5533911960,5533912004,5533997314,85310,7,12544x1x1,128x1x1,38,0,0,0
planner_debate_L_it1,measured,1,planner-seed,6,RMSNormOp,kernel,elementwise_unary,"void at::native::vectorized_elementwise_kernel<(int)4, void at::native::<unnamed>::pow_tensor_scalar_kernel_impl<float, float>(at::TensorIteratorBase &, T2)::[lambda(float) (instance 1)], std::array<char *, (unsigned long)2>>(int, T2, T3)",14944,cudaLaunchKernel_v7000,5533929221,5533935161,5533997986,5534068416,70430,7,12544x1x1,128x1x1,20,0,0,0
planner_debate_L_it1,measured,1,planner-seed,6,RMSNormOp,kernel,reduce,"void at::native::reduce_kernel<(int)512, (int)1, at::native::ReduceOp<float, at::native::MeanOps<float, float, float, float>, unsigned int, float, (int)4, (int)4>>(T3)",14958,cudaLaunchKernel_v7000,5533952993,5533960148,5534069088,5534090239,21151,7,224x1x1,32x16x1,26,16,0,0
planner_debate_L_it1,measured,1,planner-seed,6,RMSNormOp,kernel,elementwise_binary,"void at::native::vectorized_elementwise_kernel<(int)4, at::native::CUDAFunctorOnSelf_add<float>, std::array<char *, (unsigned long)2>>(int, T2, T3)",14964,cudaLaunchKernel_v7000,5533976677,5533983294,5534091007,5534092287,1280,7,4x1x1,128x1x1,20,0,0,0
planner_debate_L_it1,measured,1,planner-seed,6,RMSNormOp,kernel,elementwise_unary,"void at::native::vectorized_elementwise_kernel<(int)4, at::native::rsqrt_kernel_cuda(at::TensorIteratorBase &)::[lambda() (instance 2)]::operator ()() const::[lambda() (instance 2)]::operator ()() const::[lambda(float) (instance 1)], std::array<char *, (unsigned long)2>>(int, T2, T3)",14974,cudaLaunchKernel_v7000,5533997061,5534002293,5534092991,5534094079,1088,7,4x1x1,128x1x1,26,0,0,0
planner_debate_L_it1,measured,1,planner-seed,6,RMSNormOp,kernel,elementwise_binary,"void at::native::elementwise_kernel<(int)128, (int)2, void at::native::gpu_kernel_impl_nocast<at::native::BinaryFunctor<float, float, float, at::native::binary_internal::MulFunctor<float>>>(at::TensorIteratorBase &, const T1 &)::[lambda(int) (instance 1)]>(int, T3)",14984,cudaLaunchKernel_v7000,5534018167,5534023878,5534094719,5534181469,86750,7,50176x1x1,128x1x1,16,0,0,0
planner_debate_L_it1,measured,1,planner-seed,6,RMSNormOp,kernel,copy,"void at::native::vectorized_elementwise_kernel<(int)8, at::native::float16_copy_kernel_cuda(at::TensorIteratorBase &)::[lambda(float) (instance 1)], std::array<char *, (unsigned long)2>>(int, T2, T3)",14997,cudaLaunchKernel_v7000,5534038531,5534043758,5534182621,5534237915,55294,7,12544x1x1,128x1x1,22,0,0,0
planner_debate_L_it1,measured,1,planner-seed,7,AddOp,kernel,elementwise_binary,"void at::native::vectorized_elementwise_kernel<(int)8, at::native::CUDAFunctorOnSelf_add<c10::Half>, std::array<char *, (unsigned long)2>>(int, T2, T3)",15041,cudaLaunchKernel_v7000,5534306341,5534314096,5534314297,5534329113,14816,7,12544x1x1,128x1x1,22,0,0,0
planner_debate_L_it1,measured,1,planner-seed,8,RMSNormOp,kernel,copy,"void at::native::unrolled_elementwise_kernel<at::native::direct_copy_kernel_cuda(at::TensorIteratorBase &)::[lambda() (instance 3)]::operator ()() const::[lambda() (instance 7)]::operator ()() const::[lambda(float) (instance 1)], std::array<char *, (unsigned long)2>, (int)8, TrivialOffsetCalculator<(int)1, unsigned int>, TrivialOffsetCalculator<(int)1, unsigned int>, at::native::memory::LoadWithCast<(int)1>, at::native::memory::StoreWithCast<(int)1>>(int, T1, T2, T4, T5, T6, T7)",15087,cudaLaunchKernel_v7000,5534387211,5534394122,5534393943,5534444085,50142,7,12544x1x1,128x1x1,38,0,0,0
planner_debate_L_it1,measured,1,planner-seed,8,RMSNormOp,kernel,elementwise_unary,"void at::native::vectorized_elementwise_kernel<(int)4, void at::native::<unnamed>::pow_tensor_scalar_kernel_impl<float, float>(at::TensorIteratorBase &, T2)::[lambda(float) (instance 1)], std::array<char *, (unsigned long)2>>(int, T2, T3)",15098,cudaLaunchKernel_v7000,5534404619,5534409388,5534444789,5534517459,72670,7,12544x1x1,128x1x1,20,0,0,0
planner_debate_L_it1,measured,1,planner-seed,8,RMSNormOp,kernel,reduce,"void at::native::reduce_kernel<(int)512, (int)1, at::native::ReduceOp<float, at::native::MeanOps<float, float, float, float>, unsigned int, float, (int)4, (int)4>>(T3)",15112,cudaLaunchKernel_v7000,5534420518,5534425817,5534518131,5534540755,22624,7,224x1x1,32x16x1,26,16,0,0
planner_debate_L_it1,measured,1,planner-seed,8,RMSNormOp,kernel,elementwise_binary,"void at::native::vectorized_elementwise_kernel<(int)4, at::native::CUDAFunctorOnSelf_add<float>, std::array<char *, (unsigned long)2>>(int, T2, T3)",15118,cudaLaunchKernel_v7000,5534433697,5534438395,5534541491,5534542771,1280,7,4x1x1,128x1x1,20,0,0,0
planner_debate_L_it1,measured,1,planner-seed,8,RMSNormOp,kernel,elementwise_unary,"void at::native::vectorized_elementwise_kernel<(int)4, at::native::rsqrt_kernel_cuda(at::TensorIteratorBase &)::[lambda() (instance 2)]::operator ()() const::[lambda() (instance 2)]::operator ()() const::[lambda(float) (instance 1)], std::array<char *, (unsigned long)2>>(int, T2, T3)",15128,cudaLaunchKernel_v7000,5534446704,5534456557,5534543475,5534544562,1087,7,4x1x1,128x1x1,26,0,0,0
planner_debate_L_it1,measured,1,planner-seed,8,RMSNormOp,kernel,elementwise_binary,"void at::native::elementwise_kernel<(int)128, (int)2, void at::native::gpu_kernel_impl_nocast<at::native::BinaryFunctor<float, float, float, at::native::binary_internal::MulFunctor<float>>>(at::TensorIteratorBase &, const T1 &)::[lambda(int) (instance 1)]>(int, T3)",15138,cudaLaunchKernel_v7000,5534466343,5534470915,5534545202,5534632784,87582,7,50176x1x1,128x1x1,16,0,0,0
planner_debate_L_it1,measured,1,planner-seed,8,RMSNormOp,kernel,copy,"void at::native::vectorized_elementwise_kernel<(int)8, at::native::float16_copy_kernel_cuda(at::TensorIteratorBase &)::[lambda(float) (instance 1)], std::array<char *, (unsigned long)2>>(int, T2, T3)",15151,cudaLaunchKernel_v7000,5534482168,5534487031,5534633904,5534688814,54910,7,12544x1x1,128x1x1,22,0,0,0
planner_debate_L_it1,measured,1,planner-seed,10,LinearOp,kernel,gemm,void cutlass::Kernel2<cutlass_80_tensorop_f16_s16816gemm_relu_f16_64x64_32x6_nn_align8>(T1::Params),15205,cuLaunchKernel,5534805374,5534813900,5534813515,5535449881,636366,7,448x7x1,128x1x1,96,0,49152,0
planner_debate_L_it1,measured,1,planner-seed,11,LinearOp,kernel,gemm,void cutlass::Kernel2<cutlass_80_tensorop_f16_s16816gemm_relu_f16_64x64_32x6_nn_align8>(T1::Params),15257,cuLaunchKernel,5535510444,5535516941,5535516983,5536152453,635470,7,448x7x1,128x1x1,96,0,49152,0
planner_debate_L_it1,measured,1,planner-seed,12,LinearOp,kernel,gemm,void cutlass::Kernel2<cutlass_80_tensorop_f16_s16816gemm_relu_f16_64x64_32x6_nn_align8>(T1::Params),15309,cuLaunchKernel,5536216214,5536223428,5536223619,5536858993,635374,7,448x7x1,128x1x1,96,0,49152,0
planner_debate_L_it1,measured,1,planner-seed,14,TransposeOp,kernel,copy,"void at::native::elementwise_kernel<(int)128, (int)4, void at::native::gpu_kernel_impl_nocast<at::native::direct_copy_kernel_cuda(at::TensorIteratorBase &)::[lambda() (instance 3)]::operator ()() const::[lambda() (instance 10)]::operator ()() const::[lambda(c10::Half) (instance 1)]>(at::TensorIteratorBase &, const T1 &)::[lambda(int) (instance 1)]>(int, T3)",15388,cudaLaunchKernel_v7000,5537009452,5537019302,5537018732,5537195943,177211,7,25088x1x1,128x1x1,16,0,0,0
planner_debate_L_it1,measured,1,critic-a,,call_overhead,memcpy,memcpy,memcpy_Device-to-Host,15430,cudaMemcpyAsync_v3020,5537252513,5537262193,5537262181,5538373029,1110848,7,0x0x0,0x0x0,0,0,0,25690112
planner_debate_L_it1,measured,1,critic-a,,call_overhead,memcpy,memcpy,memcpy_Host-to-Device,15486,cudaMemcpyAsync_v3020,5650770187,5650794058,5650792962,5652207705,1414743,7,0x0x0,0x0x0,0,0,0,33554432
planner_debate_L_it1,measured,1,critic-a,,call_overhead,kernel,rng_init,"void at::native::<unnamed>::distribution_elementwise_grid_stride_kernel<float, (int)4, void at::native::templates::cuda::normal_and_transform<c10::Half, float, at::CUDAGeneratorImpl *, void at::native::templates::cuda::normal_kernel<at::CUDAGeneratorImpl *>(const at::TensorBase &, double, double, T1)::[lambda() (instance 1)]::operator ()() const::[lambda() (instance 3)]::operator ()() const::[lambda(float) (instance 1)]>(at::TensorIteratorBase &, T3, T4)::[lambda(curandStatePhilox4_32_10 *) (instance 2)], void at::native::<unnamed>::distribution_nullary_kernel<c10::Half, float, float4, at::CUDAGeneratorImpl *, void at::native::templates::cuda::normal_and_transform<c10::Half, float, at::CUDAGeneratorImpl *, void at::native::templates::cuda::normal_kernel<at::CUDAGeneratorImpl *>(const at::TensorBase &, double, double, T1)::[lambda() (instance 1)]::operator ()() const::[lambda() (instance 3)]::operator ()() const::[lambda(float) (instance 1)]>(at::TensorIteratorBase &, T3, T4)::[lambda(curandStatePhilox4_32_10 *) (instance 2)], void at::native::templates::cuda::normal_kernel<at::CUDAGeneratorImpl *>(const at::TensorBase &, double, double, T1)::[lambda() (instance 1)]::operator ()() const::[lambda() (instance 3)]::operator ()() const::[lambda(float) (instance 1)]>(at::TensorIteratorBase &, T4, const T5 &, T6)::[lambda(int, float) (instance 1)]>(long, at::PhiloxCudaState, T3, T4)",15539,cudaLaunchKernel_v7000,5652298728,5652329756,5652392212,5652427859,35647,7,768x1x1,256x1x1,40,0,0,0
planner_debate_L_it1,measured,1,critic-a,,call_overhead,kernel,elementwise_binary,"void at::native::vectorized_elementwise_kernel<(int)8, at::native::BUnaryFunctor<c10::Half, c10::Half, c10::Half, at::native::binary_internal::MulFunctor<float>>, std::array<char *, (unsigned long)2>>(int, T2, T3)",15549,cudaLaunchKernel_v7000,5652364857,5652373703,5652428563,5652448211,19648,7,16384x1x1,128x1x1,20,0,0,0
planner_debate_L_it1,measured,1,critic-a,6,RMSNormOp,kernel,copy,"void at::native::unrolled_elementwise_kernel<at::native::direct_copy_kernel_cuda(at::TensorIteratorBase &)::[lambda() (instance 3)]::operator ()() const::[lambda() (instance 7)]::operator ()() const::[lambda(float) (instance 1)], std::array<char *, (unsigned long)2>, (int)8, TrivialOffsetCalculator<(int)1, unsigned int>, TrivialOffsetCalculator<(int)1, unsigned int>, at::native::memory::LoadWithCast<(int)1>, at::native::memory::StoreWithCast<(int)1>>(int, T1, T2, T4, T5, T6, T7)",15572,cudaLaunchKernel_v7000,5652466794,5652476360,5652476050,5652589295,113245,7,16384x1x1,128x1x1,38,0,0,0
planner_debate_L_it1,measured,1,critic-a,6,RMSNormOp,kernel,elementwise_unary,"void at::native::vectorized_elementwise_kernel<(int)4, void at::native::<unnamed>::pow_tensor_scalar_kernel_impl<float, float>(at::TensorIteratorBase &, T2)::[lambda(float) (instance 1)], std::array<char *, (unsigned long)2>>(int, T2, T3)",15583,cudaLaunchKernel_v7000,5652493723,5652499739,5652590030,5652735082,145052,7,16384x1x1,128x1x1,20,0,0,0
planner_debate_L_it1,measured,1,critic-a,6,RMSNormOp,kernel,reduce,"void at::native::reduce_kernel<(int)512, (int)1, at::native::ReduceOp<float, at::native::MeanOps<float, float, float, float>, unsigned int, float, (int)4, (int)4>>(T3)",15597,cudaLaunchKernel_v7000,5652520158,5652527052,5652735786,5652772073,36287,7,256x1x1,32x16x1,26,16,0,0
planner_debate_L_it1,measured,1,critic-a,6,RMSNormOp,kernel,elementwise_binary,"void at::native::vectorized_elementwise_kernel<(int)4, at::native::CUDAFunctorOnSelf_add<float>, std::array<char *, (unsigned long)2>>(int, T2, T3)",15603,cudaLaunchKernel_v7000,5652544193,5652550236,5652772841,5652774121,1280,7,4x1x1,128x1x1,20,0,0,0
planner_debate_L_it1,measured,1,critic-a,6,RMSNormOp,kernel,elementwise_unary,"void at::native::vectorized_elementwise_kernel<(int)4, at::native::rsqrt_kernel_cuda(at::TensorIteratorBase &)::[lambda() (instance 2)]::operator ()() const::[lambda() (instance 2)]::operator ()() const::[lambda(float) (instance 1)], std::array<char *, (unsigned long)2>>(int, T2, T3)",15613,cudaLaunchKernel_v7000,5652563374,5652569188,5652774857,5652775945,1088,7,4x1x1,128x1x1,26,0,0,0
planner_debate_L_it1,measured,1,critic-a,6,RMSNormOp,kernel,elementwise_binary,"void at::native::elementwise_kernel<(int)128, (int)2, void at::native::gpu_kernel_impl_nocast<at::native::BinaryFunctor<float, float, float, at::native::binary_internal::MulFunctor<float>>>(at::TensorIteratorBase &, const T1 &)::[lambda(int) (instance 1)]>(int, T3)",15623,cudaLaunchKernel_v7000,5652584370,5652590234,5652776585,5652903558,126973,7,65536x1x1,128x1x1,16,0,0,0
planner_debate_L_it1,measured,1,critic-a,6,RMSNormOp,kernel,copy,"void at::native::vectorized_elementwise_kernel<(int)8, at::native::float16_copy_kernel_cuda(at::TensorIteratorBase &)::[lambda(float) (instance 1)], std::array<char *, (unsigned long)2>>(int, T2, T3)",15636,cudaLaunchKernel_v7000,5652605447,5652618266,5652904326,5652995971,91645,7,16384x1x1,128x1x1,22,0,0,0
planner_debate_L_it1,measured,1,critic-a,7,AddOp,kernel,elementwise_binary,"void at::native::vectorized_elementwise_kernel<(int)8, at::native::CUDAFunctorOnSelf_add<c10::Half>, std::array<char *, (unsigned long)2>>(int, T2, T3)",15680,cudaLaunchKernel_v7000,5653070403,5653078676,5653078529,5653106016,27487,7,16384x1x1,128x1x1,22,0,0,0
planner_debate_L_it1,measured,1,critic-a,8,RMSNormOp,kernel,copy,"void at::native::unrolled_elementwise_kernel<at::native::direct_copy_kernel_cuda(at::TensorIteratorBase &)::[lambda() (instance 3)]::operator ()() const::[lambda() (instance 7)]::operator ()() const::[lambda(float) (instance 1)], std::array<char *, (unsigned long)2>, (int)8, TrivialOffsetCalculator<(int)1, unsigned int>, TrivialOffsetCalculator<(int)1, unsigned int>, at::native::memory::LoadWithCast<(int)1>, at::native::memory::StoreWithCast<(int)1>>(int, T1, T2, T4, T5, T6, T7)",15726,cudaLaunchKernel_v7000,5653163806,5653171329,5653171198,5653258619,87421,7,16384x1x1,128x1x1,38,0,0,0
planner_debate_L_it1,measured,1,critic-a,8,RMSNormOp,kernel,elementwise_unary,"void at::native::vectorized_elementwise_kernel<(int)4, void at::native::<unnamed>::pow_tensor_scalar_kernel_impl<float, float>(at::TensorIteratorBase &, T2)::[lambda(float) (instance 1)], std::array<char *, (unsigned long)2>>(int, T2, T3)",15737,cudaLaunchKernel_v7000,5653182660,5653187518,5653259259,5653404119,144860,7,16384x1x1,128x1x1,20,0,0,0
planner_debate_L_it1,measured,1,critic-a,8,RMSNormOp,kernel,reduce,"void at::native::reduce_kernel<(int)512, (int)1, at::native::ReduceOp<float, at::native::MeanOps<float, float, float, float>, unsigned int, float, (int)4, (int)4>>(T3)",15751,cudaLaunchKernel_v7000,5653199792,5653205328,5653404823,5653440950,36127,7,256x1x1,32x16x1,26,16,0,0
planner_debate_L_it1,measured,1,critic-a,8,RMSNormOp,kernel,elementwise_binary,"void at::native::vectorized_elementwise_kernel<(int)4, at::native::CUDAFunctorOnSelf_add<float>, std::array<char *, (unsigned long)2>>(int, T2, T3)",15757,cudaLaunchKernel_v7000,5653214382,5653218853,5653441654,5653442902,1248,7,4x1x1,128x1x1,20,0,0,0
planner_debate_L_it1,measured,1,critic-a,8,RMSNormOp,kernel,elementwise_unary,"void at::native::vectorized_elementwise_kernel<(int)4, at::native::rsqrt_kernel_cuda(at::TensorIteratorBase &)::[lambda() (instance 2)]::operator ()() const::[lambda() (instance 2)]::operator ()() const::[lambda(float) (instance 1)], std::array<char *, (unsigned long)2>>(int, T2, T3)",15767,cudaLaunchKernel_v7000,5653227423,5653232599,5653443670,5653444758,1088,7,4x1x1,128x1x1,26,0,0,0
planner_debate_L_it1,measured,1,critic-a,8,RMSNormOp,kernel,elementwise_binary,"void at::native::elementwise_kernel<(int)128, (int)2, void at::native::gpu_kernel_impl_nocast<at::native::BinaryFunctor<float, float, float, at::native::binary_internal::MulFunctor<float>>>(at::TensorIteratorBase &, const T1 &)::[lambda(int) (instance 1)]>(int, T3)",15777,cudaLaunchKernel_v7000,5653241969,5653246684,5653445398,5653572882,127484,7,65536x1x1,128x1x1,16,0,0,0
planner_debate_L_it1,measured,1,critic-a,8,RMSNormOp,kernel,copy,"void at::native::vectorized_elementwise_kernel<(int)8, at::native::float16_copy_kernel_cuda(at::TensorIteratorBase &)::[lambda(float) (instance 1)], std::array<char *, (unsigned long)2>>(int, T2, T3)",15790,cudaLaunchKernel_v7000,5653257918,5653264337,5653573586,5653665584,91998,7,16384x1x1,128x1x1,22,0,0,0
planner_debate_L_it1,measured,1,critic-a,10,LinearOp,memset,memset,memset,15838,cudaMemsetAsync_v3020,5653770355,5653783930,5653785580,5653786444,864,7,0x0x0,0x0x0,0,0,0,4096
planner_debate_L_it1,measured,1,critic-a,10,LinearOp,kernel,gemm,ampere_fp16_s1688gemm_fp16_128x128_ldg8_f2f_stages_32x1_nn,15841,cudaLaunchKernel_v7000,5653795056,5653804869,5653804236,5654656148,851912,7,32x32x3,128x1x1,234,32768,0,0
planner_debate_L_it1,measured,1,critic-a,11,LinearOp,memset,memset,memset,15888,cudaMemsetAsync_v3020,5654717997,5654722382,5654723794,5654724658,864,7,0x0x0,0x0x0,0,0,0,4096
planner_debate_L_it1,measured,1,critic-a,11,LinearOp,kernel,gemm,ampere_fp16_s1688gemm_fp16_128x128_ldg8_f2f_stages_32x1_nn,15891,cudaLaunchKernel_v7000,5654727103,5654735226,5654735057,5655586937,851880,7,32x32x3,128x1x1,234,32768,0,0
planner_debate_L_it1,measured,1,critic-a,12,LinearOp,memset,memset,memset,15938,cudaMemsetAsync_v3020,5655648424,5655652490,5655653559,5655654423,864,7,0x0x0,0x0x0,0,0,0,4096
planner_debate_L_it1,measured,1,critic-a,12,LinearOp,kernel,gemm,ampere_fp16_s1688gemm_fp16_128x128_ldg8_f2f_stages_32x1_nn,15941,cudaLaunchKernel_v7000,5655657058,5655664116,5655663831,5656515903,852072,7,32x32x3,128x1x1,234,32768,0,0
planner_debate_L_it1,measured,1,critic-a,14,TransposeOp,kernel,copy,"void at::native::elementwise_kernel<(int)128, (int)4, void at::native::gpu_kernel_impl_nocast<at::native::direct_copy_kernel_cuda(at::TensorIteratorBase &)::[lambda() (instance 3)]::operator ()() const::[lambda() (instance 10)]::operator ()() const::[lambda(c10::Half) (instance 1)]>(at::TensorIteratorBase &, const T1 &)::[lambda(int) (instance 1)]>(int, T3)",16021,cudaLaunchKernel_v7000,5656666515,5656675792,5656675194,5656901940,226746,7,32768x1x1,128x1x1,16,0,0,0
planner_debate_L_it1,measured,1,critic-b,,call_overhead,memcpy,memcpy,memcpy_Device-to-Host,16063,cudaMemcpyAsync_v3020,5656955542,5656965377,5656965458,5658434568,1469110,7,0x0x0,0x0x0,0,0,0,33554432
planner_debate_L_it1,measured,1,critic-b,,call_overhead,memcpy,memcpy,memcpy_Host-to-Device,16119,cudaMemcpyAsync_v3020,5771111260,5771140089,5771138236,5772667505,1529269,7,0x0x0,0x0x0,0,0,0,33554432
planner_debate_L_it1,measured,1,critic-b,,call_overhead,kernel,rng_init,"void at::native::<unnamed>::distribution_elementwise_grid_stride_kernel<float, (int)4, void at::native::templates::cuda::normal_and_transform<c10::Half, float, at::CUDAGeneratorImpl *, void at::native::templates::cuda::normal_kernel<at::CUDAGeneratorImpl *>(const at::TensorBase &, double, double, T1)::[lambda() (instance 1)]::operator ()() const::[lambda() (instance 3)]::operator ()() const::[lambda(float) (instance 1)]>(at::TensorIteratorBase &, T3, T4)::[lambda(curandStatePhilox4_32_10 *) (instance 2)], void at::native::<unnamed>::distribution_nullary_kernel<c10::Half, float, float4, at::CUDAGeneratorImpl *, void at::native::templates::cuda::normal_and_transform<c10::Half, float, at::CUDAGeneratorImpl *, void at::native::templates::cuda::normal_kernel<at::CUDAGeneratorImpl *>(const at::TensorBase &, double, double, T1)::[lambda() (instance 1)]::operator ()() const::[lambda() (instance 3)]::operator ()() const::[lambda(float) (instance 1)]>(at::TensorIteratorBase &, T3, T4)::[lambda(curandStatePhilox4_32_10 *) (instance 2)], void at::native::templates::cuda::normal_kernel<at::CUDAGeneratorImpl *>(const at::TensorBase &, double, double, T1)::[lambda() (instance 1)]::operator ()() const::[lambda() (instance 3)]::operator ()() const::[lambda(float) (instance 1)]>(at::TensorIteratorBase &, T4, const T5 &, T6)::[lambda(int, float) (instance 1)]>(long, at::PhiloxCudaState, T3, T4)",16172,cudaLaunchKernel_v7000,5772770812,5772808112,5772869835,5772905802,35967,7,768x1x1,256x1x1,40,0,0,0
planner_debate_L_it1,measured,1,critic-b,,call_overhead,kernel,elementwise_binary,"void at::native::vectorized_elementwise_kernel<(int)8, at::native::BUnaryFunctor<c10::Half, c10::Half, c10::Half, at::native::binary_internal::MulFunctor<float>>, std::array<char *, (unsigned long)2>>(int, T2, T3)",16182,cudaLaunchKernel_v7000,5772851989,5772861768,5772906442,5772926921,20479,7,16384x1x1,128x1x1,20,0,0,0
planner_debate_L_it1,measured,1,critic-b,6,RMSNormOp,kernel,copy,"void at::native::unrolled_elementwise_kernel<at::native::direct_copy_kernel_cuda(at::TensorIteratorBase &)::[lambda() (instance 3)]::operator ()() const::[lambda() (instance 7)]::operator ()() const::[lambda(float) (instance 1)], std::array<char *, (unsigned long)2>, (int)8, TrivialOffsetCalculator<(int)1, unsigned int>, TrivialOffsetCalculator<(int)1, unsigned int>, at::native::memory::LoadWithCast<(int)1>, at::native::memory::StoreWithCast<(int)1>>(int, T1, T2, T4, T5, T6, T7)",16205,cudaLaunchKernel_v7000,5772961826,5772972683,5772972552,5773086533,113981,7,16384x1x1,128x1x1,38,0,0,0
planner_debate_L_it1,measured,1,critic-b,6,RMSNormOp,kernel,elementwise_unary,"void at::native::vectorized_elementwise_kernel<(int)4, void at::native::<unnamed>::pow_tensor_scalar_kernel_impl<float, float>(at::TensorIteratorBase &, T2)::[lambda(float) (instance 1)], std::array<char *, (unsigned long)2>>(int, T2, T3)",16216,cudaLaunchKernel_v7000,5772991786,5772998296,5773087237,5773233632,146395,7,16384x1x1,128x1x1,20,0,0,0
planner_debate_L_it1,measured,1,critic-b,6,RMSNormOp,kernel,reduce,"void at::native::reduce_kernel<(int)512, (int)1, at::native::ReduceOp<float, at::native::MeanOps<float, float, float, float>, unsigned int, float, (int)4, (int)4>>(T3)",16230,cudaLaunchKernel_v7000,5773023237,5773031275,5773234304,5773271455,37151,7,256x1x1,32x16x1,26,16,0,0
planner_debate_L_it1,measured,1,critic-b,6,RMSNormOp,kernel,elementwise_binary,"void at::native::vectorized_elementwise_kernel<(int)4, at::native::CUDAFunctorOnSelf_add<float>, std::array<char *, (unsigned long)2>>(int, T2, T3)",16236,cudaLaunchKernel_v7000,5773051118,5773057322,5773272159,5773273439,1280,7,4x1x1,128x1x1,20,0,0,0
planner_debate_L_it1,measured,1,critic-b,6,RMSNormOp,kernel,elementwise_unary,"void at::native::vectorized_elementwise_kernel<(int)4, at::native::rsqrt_kernel_cuda(at::TensorIteratorBase &)::[lambda() (instance 2)]::operator ()() const::[lambda() (instance 2)]::operator ()() const::[lambda(float) (instance 1)], std::array<char *, (unsigned long)2>>(int, T2, T3)",16246,cudaLaunchKernel_v7000,5773071685,5773077720,5773274175,5773275263,1088,7,4x1x1,128x1x1,26,0,0,0
planner_debate_L_it1,measured,1,critic-b,6,RMSNormOp,kernel,elementwise_binary,"void at::native::elementwise_kernel<(int)128, (int)2, void at::native::gpu_kernel_impl_nocast<at::native::BinaryFunctor<float, float, float, at::native::binary_internal::MulFunctor<float>>>(at::TensorIteratorBase &, const T1 &)::[lambda(int) (instance 1)]>(int, T3)",16256,cudaLaunchKernel_v7000,5773095771,5773102240,5773275967,5773403036,127069,7,65536x1x1,128x1x1,16,0,0,0
planner_debate_L_it1,measured,1,critic-b,6,RMSNormOp,kernel,copy,"void at::native::vectorized_elementwise_kernel<(int)8, at::native::float16_copy_kernel_cuda(at::TensorIteratorBase &)::[lambda(float) (instance 1)], std::array<char *, (unsigned long)2>>(int, T2, T3)",16269,cudaLaunchKernel_v7000,5773118820,5773124332,5773403676,5773494297,90621,7,16384x1x1,128x1x1,22,0,0,0
planner_debate_L_it1,measured,1,critic-b,7,AddOp,kernel,elementwise_binary,"void at::native::vectorized_elementwise_kernel<(int)8, at::native::CUDAFunctorOnSelf_add<c10::Half>, std::array<char *, (unsigned long)2>>(int, T2, T3)",16313,cudaLaunchKernel_v7000,5773566873,5773575667,5773575735,5773602646,26911,7,16384x1x1,128x1x1,22,0,0,0
planner_debate_L_it1,measured,1,critic-b,8,RMSNormOp,kernel,copy,"void at::native::unrolled_elementwise_kernel<at::native::direct_copy_kernel_cuda(at::TensorIteratorBase &)::[lambda() (instance 3)]::operator ()() const::[lambda() (instance 7)]::operator ()() const::[lambda(float) (instance 1)], std::array<char *, (unsigned long)2>, (int)8, TrivialOffsetCalculator<(int)1, unsigned int>, TrivialOffsetCalculator<(int)1, unsigned int>, at::native::memory::LoadWithCast<(int)1>, at::native::memory::StoreWithCast<(int)1>>(int, T1, T2, T4, T5, T6, T7)",16359,cudaLaunchKernel_v7000,5773672798,5773680763,5773680532,5773768209,87677,7,16384x1x1,128x1x1,38,0,0,0
planner_debate_L_it1,measured,1,critic-b,8,RMSNormOp,kernel,elementwise_unary,"void at::native::vectorized_elementwise_kernel<(int)4, void at::native::<unnamed>::pow_tensor_scalar_kernel_impl<float, float>(at::TensorIteratorBase &, T2)::[lambda(float) (instance 1)], std::array<char *, (unsigned long)2>>(int, T2, T3)",16370,cudaLaunchKernel_v7000,5773693390,5773698804,5773768849,5773913069,144220,7,16384x1x1,128x1x1,20,0,0,0
planner_debate_L_it1,measured,1,critic-b,8,RMSNormOp,kernel,reduce,"void at::native::reduce_kernel<(int)512, (int)1, at::native::ReduceOp<float, at::native::MeanOps<float, float, float, float>, unsigned int, float, (int)4, (int)4>>(T3)",16384,cudaLaunchKernel_v7000,5773711602,5773717196,5773913709,5773950732,37023,7,256x1x1,32x16x1,26,16,0,0
planner_debate_L_it1,measured,1,critic-b,8,RMSNormOp,kernel,elementwise_binary,"void at::native::vectorized_elementwise_kernel<(int)4, at::native::CUDAFunctorOnSelf_add<float>, std::array<char *, (unsigned long)2>>(int, T2, T3)",16390,cudaLaunchKernel_v7000,5773726743,5773731805,5773951436,5773952684,1248,7,4x1x1,128x1x1,20,0,0,0
planner_debate_L_it1,measured,1,critic-b,8,RMSNormOp,kernel,elementwise_unary,"void at::native::vectorized_elementwise_kernel<(int)4, at::native::rsqrt_kernel_cuda(at::TensorIteratorBase &)::[lambda() (instance 2)]::operator ()() const::[lambda() (instance 2)]::operator ()() const::[lambda(float) (instance 1)], std::array<char *, (unsigned long)2>>(int, T2, T3)",16400,cudaLaunchKernel_v7000,5773741402,5773747318,5773953452,5773954508,1056,7,4x1x1,128x1x1,26,0,0,0
planner_debate_L_it1,measured,1,critic-b,8,RMSNormOp,kernel,elementwise_binary,"void at::native::elementwise_kernel<(int)128, (int)2, void at::native::gpu_kernel_impl_nocast<at::native::BinaryFunctor<float, float, float, at::native::binary_internal::MulFunctor<float>>>(at::TensorIteratorBase &, const T1 &)::[lambda(int) (instance 1)]>(int, T3)",16410,cudaLaunchKernel_v7000,5773757908,5773762819,5773955212,5774081768,126556,7,65536x1x1,128x1x1,16,0,0,0
planner_debate_L_it1,measured,1,critic-b,8,RMSNormOp,kernel,copy,"void at::native::vectorized_elementwise_kernel<(int)8, at::native::float16_copy_kernel_cuda(at::TensorIteratorBase &)::[lambda(float) (instance 1)], std::array<char *, (unsigned long)2>>(int, T2, T3)",16423,cudaLaunchKernel_v7000,5773774835,5773779420,5774082376,5774174662,92286,7,16384x1x1,128x1x1,22,0,0,0
planner_debate_L_it1,measured,1,critic-b,10,LinearOp,memset,memset,memset,16471,cudaMemsetAsync_v3020,5774282595,5774297482,5774298978,5774299842,864,7,0x0x0,0x0x0,0,0,0,4096
planner_debate_L_it1,measured,1,critic-b,10,LinearOp,kernel,gemm,ampere_fp16_s1688gemm_fp16_128x128_ldg8_f2f_stages_32x1_nn,16474,cudaLaunchKernel_v7000,5774310056,5774320494,5774320450,5775172297,851847,7,32x32x3,128x1x1,234,32768,0,0
planner_debate_L_it1,measured,1,critic-b,11,LinearOp,memset,memset,memset,16521,cudaMemsetAsync_v3020,5775240834,5775246163,5775247431,5775248295,864,7,0x0x0,0x0x0,0,0,0,4096
planner_debate_L_it1,measured,1,critic-b,11,LinearOp,kernel,gemm,ampere_fp16_s1688gemm_fp16_128x128_ldg8_f2f_stages_32x1_nn,16524,cudaLaunchKernel_v7000,5775251335,5775258732,5775258407,5776109135,850728,7,32x32x3,128x1x1,234,32768,0,0
planner_debate_L_it1,measured,1,critic-b,12,LinearOp,memset,memset,memset,16571,cudaMemsetAsync_v3020,5776171038,5776175376,5776176845,5776177709,864,7,0x0x0,0x0x0,0,0,0,4096
planner_debate_L_it1,measured,1,critic-b,12,LinearOp,kernel,gemm,ampere_fp16_s1688gemm_fp16_128x128_ldg8_f2f_stages_32x1_nn,16574,cudaLaunchKernel_v7000,5776180196,5776187234,5776186988,5777038036,851048,7,32x32x3,128x1x1,234,32768,0,0
planner_debate_L_it1,measured,1,critic-b,14,TransposeOp,kernel,copy,"void at::native::elementwise_kernel<(int)128, (int)4, void at::native::gpu_kernel_impl_nocast<at::native::direct_copy_kernel_cuda(at::TensorIteratorBase &)::[lambda() (instance 3)]::operator ()() const::[lambda() (instance 10)]::operator ()() const::[lambda(c10::Half) (instance 1)]>(at::TensorIteratorBase &, const T1 &)::[lambda(int) (instance 1)]>(int, T3)",16654,cudaLaunchKernel_v7000,5777197077,5777208004,5777207503,5777434217,226714,7,32768x1x1,128x1x1,16,0,0,0
planner_debate_L_it1,measured,1,critic-merge,,call_overhead,memcpy,memcpy,memcpy_Device-to-Host,16696,cudaMemcpyAsync_v3020,5777495214,5777513955,5777512743,5779012412,1499669,7,0x0x0,0x0x0,0,0,0,33554432
planner_debate_L_it1,measured,1,critic-merge,,call_overhead,memcpy,memcpy,memcpy_Host-to-Device,16752,cudaMemcpyAsync_v3020,5896754476,5896782712,5896780575,5898254357,1473782,7,0x0x0,0x0x0,0,0,0,33554432
planner_debate_L_it1,measured,1,critic-merge,,call_overhead,kernel,rng_init,"void at::native::<unnamed>::distribution_elementwise_grid_stride_kernel<float, (int)4, void at::native::templates::cuda::normal_and_transform<c10::Half, float, at::CUDAGeneratorImpl *, void at::native::templates::cuda::normal_kernel<at::CUDAGeneratorImpl *>(const at::TensorBase &, double, double, T1)::[lambda() (instance 1)]::operator ()() const::[lambda() (instance 3)]::operator ()() const::[lambda(float) (instance 1)]>(at::TensorIteratorBase &, T3, T4)::[lambda(curandStatePhilox4_32_10 *) (instance 2)], void at::native::<unnamed>::distribution_nullary_kernel<c10::Half, float, float4, at::CUDAGeneratorImpl *, void at::native::templates::cuda::normal_and_transform<c10::Half, float, at::CUDAGeneratorImpl *, void at::native::templates::cuda::normal_kernel<at::CUDAGeneratorImpl *>(const at::TensorBase &, double, double, T1)::[lambda() (instance 1)]::operator ()() const::[lambda() (instance 3)]::operator ()() const::[lambda(float) (instance 1)]>(at::TensorIteratorBase &, T3, T4)::[lambda(curandStatePhilox4_32_10 *) (instance 2)], void at::native::templates::cuda::normal_kernel<at::CUDAGeneratorImpl *>(const at::TensorBase &, double, double, T1)::[lambda() (instance 1)]::operator ()() const::[lambda() (instance 3)]::operator ()() const::[lambda(float) (instance 1)]>(at::TensorIteratorBase &, T4, const T5 &, T6)::[lambda(int, float) (instance 1)]>(long, at::PhiloxCudaState, T3, T4)",16805,cudaLaunchKernel_v7000,5898381454,5898417143,5898478415,5898514222,35807,7,768x1x1,256x1x1,40,0,0,0
planner_debate_L_it1,measured,1,critic-merge,,call_overhead,kernel,elementwise_binary,"void at::native::vectorized_elementwise_kernel<(int)8, at::native::BUnaryFunctor<c10::Half, c10::Half, c10::Half, at::native::binary_internal::MulFunctor<float>>, std::array<char *, (unsigned long)2>>(int, T2, T3)",16815,cudaLaunchKernel_v7000,5898464514,5898474377,5898514926,5898534445,19519,7,16384x1x1,128x1x1,20,0,0,0
planner_debate_L_it1,measured,1,critic-merge,6,RMSNormOp,kernel,copy,"void at::native::unrolled_elementwise_kernel<at::native::direct_copy_kernel_cuda(at::TensorIteratorBase &)::[lambda() (instance 3)]::operator ()() const::[lambda() (instance 7)]::operator ()() const::[lambda(float) (instance 1)], std::array<char *, (unsigned long)2>, (int)8, TrivialOffsetCalculator<(int)1, unsigned int>, TrivialOffsetCalculator<(int)1, unsigned int>, at::native::memory::LoadWithCast<(int)1>, at::native::memory::StoreWithCast<(int)1>>(int, T1, T2, T4, T5, T6, T7)",16838,cudaLaunchKernel_v7000,5898592268,5898603132,5898602603,5898717128,114525,7,16384x1x1,128x1x1,38,0,0,0
planner_debate_L_it1,measured,1,critic-merge,6,RMSNormOp,kernel,elementwise_unary,"void at::native::vectorized_elementwise_kernel<(int)4, void at::native::<unnamed>::pow_tensor_scalar_kernel_impl<float, float>(at::TensorIteratorBase &, T2)::[lambda(float) (instance 1)], std::array<char *, (unsigned long)2>>(int, T2, T3)",16849,cudaLaunchKernel_v7000,5898630111,5898637680,5898717768,5898863172,145404,7,16384x1x1,128x1x1,20,0,0,0
planner_debate_L_it1,measured,1,critic-merge,6,RMSNormOp,kernel,reduce,"void at::native::reduce_kernel<(int)512, (int)1, at::native::ReduceOp<float, at::native::MeanOps<float, float, float, float>, unsigned int, float, (int)4, (int)4>>(T3)",16863,cudaLaunchKernel_v7000,5898662709,5898670274,5898863940,5898900995,37055,7,256x1x1,32x16x1,26,16,0,0
planner_debate_L_it1,measured,1,critic-merge,6,RMSNormOp,kernel,elementwise_binary,"void at::native::vectorized_elementwise_kernel<(int)4, at::native::CUDAFunctorOnSelf_add<float>, std::array<char *, (unsigned long)2>>(int, T2, T3)",16869,cudaLaunchKernel_v7000,5898689464,5898696202,5898901699,5898903043,1344,7,4x1x1,128x1x1,20,0,0,0
planner_debate_L_it1,measured,1,critic-merge,6,RMSNormOp,kernel,elementwise_unary,"void at::native::vectorized_elementwise_kernel<(int)4, at::native::rsqrt_kernel_cuda(at::TensorIteratorBase &)::[lambda() (instance 2)]::operator ()() const::[lambda() (instance 2)]::operator ()() const::[lambda(float) (instance 1)], std::array<char *, (unsigned long)2>>(int, T2, T3)",16879,cudaLaunchKernel_v7000,5898711976,5898718165,5898903811,5898904899,1088,7,4x1x1,128x1x1,26,0,0,0
planner_debate_L_it1,measured,1,critic-merge,6,RMSNormOp,kernel,elementwise_binary,"void at::native::elementwise_kernel<(int)128, (int)2, void at::native::gpu_kernel_impl_nocast<at::native::BinaryFunctor<float, float, float, at::native::binary_internal::MulFunctor<float>>>(at::TensorIteratorBase &, const T1 &)::[lambda(int) (instance 1)]>(int, T3)",16889,cudaLaunchKernel_v7000,5898735673,5898742064,5898905539,5899032703,127164,7,65536x1x1,128x1x1,16,0,0,0
planner_debate_L_it1,measured,1,critic-merge,6,RMSNormOp,kernel,copy,"void at::native::vectorized_elementwise_kernel<(int)8, at::native::float16_copy_kernel_cuda(at::TensorIteratorBase &)::[lambda(float) (instance 1)], std::array<char *, (unsigned long)2>>(int, T2, T3)",16902,cudaLaunchKernel_v7000,5898760131,5898765231,5899033343,5899124060,90717,7,16384x1x1,128x1x1,22,0,0,0
planner_debate_L_it1,measured,1,critic-merge,7,AddOp,kernel,elementwise_binary,"void at::native::vectorized_elementwise_kernel<(int)8, at::native::CUDAFunctorOnSelf_add<c10::Half>, std::array<char *, (unsigned long)2>>(int, T2, T3)",16946,cudaLaunchKernel_v7000,5899216527,5899225436,5899224890,5899251865,26975,7,16384x1x1,128x1x1,22,0,0,0
planner_debate_L_it1,measured,1,critic-merge,8,RMSNormOp,kernel,copy,"void at::native::unrolled_elementwise_kernel<at::native::direct_copy_kernel_cuda(at::TensorIteratorBase &)::[lambda() (instance 3)]::operator ()() const::[lambda() (instance 7)]::operator ()() const::[lambda(float) (instance 1)], std::array<char *, (unsigned long)2>, (int)8, TrivialOffsetCalculator<(int)1, unsigned int>, TrivialOffsetCalculator<(int)1, unsigned int>, at::native::memory::LoadWithCast<(int)1>, at::native::memory::StoreWithCast<(int)1>>(int, T1, T2, T4, T5, T6, T7)",16992,cudaLaunchKernel_v7000,5899320732,5899329379,5899329175,5899416116,86941,7,16384x1x1,128x1x1,38,0,0,0
planner_debate_L_it1,measured,1,critic-merge,8,RMSNormOp,kernel,elementwise_unary,"void at::native::vectorized_elementwise_kernel<(int)4, void at::native::<unnamed>::pow_tensor_scalar_kernel_impl<float, float>(at::TensorIteratorBase &, T2)::[lambda(float) (instance 1)], std::array<char *, (unsigned long)2>>(int, T2, T3)",17003,cudaLaunchKernel_v7000,5899341856,5899347645,5899416756,5899562352,145596,7,16384x1x1,128x1x1,20,0,0,0
planner_debate_L_it1,measured,1,critic-merge,8,RMSNormOp,kernel,reduce,"void at::native::reduce_kernel<(int)512, (int)1, at::native::ReduceOp<float, at::native::MeanOps<float, float, float, float>, unsigned int, float, (int)4, (int)4>>(T3)",17017,cudaLaunchKernel_v7000,5899360756,5899366548,5899563120,5899600143,37023,7,256x1x1,32x16x1,26,16,0,0
planner_debate_L_it1,measured,1,critic-merge,8,RMSNormOp,kernel,elementwise_binary,"void at::native::vectorized_elementwise_kernel<(int)4, at::native::CUDAFunctorOnSelf_add<float>, std::array<char *, (unsigned long)2>>(int, T2, T3)",17023,cudaLaunchKernel_v7000,5899376549,5899382140,5899600911,5899602255,1344,7,4x1x1,128x1x1,20,0,0,0
planner_debate_L_it1,measured,1,critic-merge,8,RMSNormOp,kernel,elementwise_unary,"void at::native::vectorized_elementwise_kernel<(int)4, at::native::rsqrt_kernel_cuda(at::TensorIteratorBase &)::[lambda() (instance 2)]::operator ()() const::[lambda() (instance 2)]::operator ()() const::[lambda(float) (instance 1)], std::array<char *, (unsigned long)2>>(int, T2, T3)",17033,cudaLaunchKernel_v7000,5899391877,5899396675,5899602991,5899604079,1088,7,4x1x1,128x1x1,26,0,0,0
planner_debate_L_it1,measured,1,critic-merge,8,RMSNormOp,kernel,elementwise_binary,"void at::native::elementwise_kernel<(int)128, (int)2, void at::native::gpu_kernel_impl_nocast<at::native::BinaryFunctor<float, float, float, at::native::binary_internal::MulFunctor<float>>>(at::TensorIteratorBase &, const T1 &)::[lambda(int) (instance 1)]>(int, T3)",17043,cudaLaunchKernel_v7000,5899407410,5899413030,5899604719,5899731915,127196,7,65536x1x1,128x1x1,16,0,0,0
planner_debate_L_it1,measured,1,critic-merge,8,RMSNormOp,kernel,copy,"void at::native::vectorized_elementwise_kernel<(int)8, at::native::float16_copy_kernel_cuda(at::TensorIteratorBase &)::[lambda(float) (instance 1)], std::array<char *, (unsigned long)2>>(int, T2, T3)",17056,cudaLaunchKernel_v7000,5899425338,5899430320,5899732555,5899825128,92573,7,16384x1x1,128x1x1,22,0,0,0
planner_debate_L_it1,measured,1,critic-merge,10,LinearOp,memset,memset,memset,17104,cudaMemsetAsync_v3020,5899937825,5899954226,5899955845,5899956709,864,7,0x0x0,0x0x0,0,0,0,4096
planner_debate_L_it1,measured,1,critic-merge,10,LinearOp,kernel,gemm,ampere_fp16_s1688gemm_fp16_128x128_ldg8_f2f_stages_32x1_nn,17107,cudaLaunchKernel_v7000,5899966602,5899977500,5899976804,5900829260,852456,7,32x32x3,128x1x1,234,32768,0,0
planner_debate_L_it1,measured,1,critic-merge,11,LinearOp,memset,memset,memset,17154,cudaMemsetAsync_v3020,5900897651,5900902599,5900903850,5900904714,864,7,0x0x0,0x0x0,0,0,0,4096
planner_debate_L_it1,measured,1,critic-merge,11,LinearOp,kernel,gemm,ampere_fp16_s1688gemm_fp16_128x128_ldg8_f2f_stages_32x1_nn,17157,cudaLaunchKernel_v7000,5900908244,5900916214,5900915657,5901766705,851048,7,32x32x3,128x1x1,234,32768,0,0
planner_debate_L_it1,measured,1,critic-merge,12,LinearOp,memset,memset,memset,17204,cudaMemsetAsync_v3020,5901832372,5901836994,5901838319,5901839183,864,7,0x0x0,0x0x0,0,0,0,4096
planner_debate_L_it1,measured,1,critic-merge,12,LinearOp,kernel,gemm,ampere_fp16_s1688gemm_fp16_128x128_ldg8_f2f_stages_32x1_nn,17207,cudaLaunchKernel_v7000,5901842029,5901850188,5901849679,5902700375,850696,7,32x32x3,128x1x1,234,32768,0,0
planner_debate_L_it1,measured,1,critic-merge,14,TransposeOp,kernel,copy,"void at::native::elementwise_kernel<(int)128, (int)4, void at::native::gpu_kernel_impl_nocast<at::native::direct_copy_kernel_cuda(at::TensorIteratorBase &)::[lambda() (instance 3)]::operator ()() const::[lambda() (instance 10)]::operator ()() const::[lambda(c10::Half) (instance 1)]>(at::TensorIteratorBase &, const T1 &)::[lambda(int) (instance 1)]>(int, T3)",17287,cudaLaunchKernel_v7000,5902869248,5902881383,5902880625,5903107051,226426,7,32768x1x1,128x1x1,16,0,0,0
planner_debate_L_it1,measured,1,planner-final,,call_overhead,memcpy,memcpy,memcpy_Device-to-Host,17329,cudaMemcpyAsync_v3020,5903171574,5903192599,5903191369,5904749404,1558035,7,0x0x0,0x0x0,0,0,0,33554432
planner_debate_L_it1,measured,1,planner-final,,call_overhead,memcpy,memcpy,memcpy_Host-to-Device,17385,cudaMemcpyAsync_v3020,5994242697,5994269959,5994268100,5995381797,1113697,7,0x0x0,0x0x0,0,0,0,25690112
planner_debate_L_it1,measured,1,planner-final,,call_overhead,kernel,rng_init,"void at::native::<unnamed>::distribution_elementwise_grid_stride_kernel<float, (int)4, void at::native::templates::cuda::normal_and_transform<c10::Half, float, at::CUDAGeneratorImpl *, void at::native::templates::cuda::normal_kernel<at::CUDAGeneratorImpl *>(const at::TensorBase &, double, double, T1)::[lambda() (instance 1)]::operator ()() const::[lambda() (instance 3)]::operator ()() const::[lambda(float) (instance 1)]>(at::TensorIteratorBase &, T3, T4)::[lambda(curandStatePhilox4_32_10 *) (instance 2)], void at::native::<unnamed>::distribution_nullary_kernel<c10::Half, float, float4, at::CUDAGeneratorImpl *, void at::native::templates::cuda::normal_and_transform<c10::Half, float, at::CUDAGeneratorImpl *, void at::native::templates::cuda::normal_kernel<at::CUDAGeneratorImpl *>(const at::TensorBase &, double, double, T1)::[lambda() (instance 1)]::operator ()() const::[lambda() (instance 3)]::operator ()() const::[lambda(float) (instance 1)]>(at::TensorIteratorBase &, T3, T4)::[lambda(curandStatePhilox4_32_10 *) (instance 2)], void at::native::templates::cuda::normal_kernel<at::CUDAGeneratorImpl *>(const at::TensorBase &, double, double, T1)::[lambda() (instance 1)]::operator ()() const::[lambda() (instance 3)]::operator ()() const::[lambda(float) (instance 1)]>(at::TensorIteratorBase &, T4, const T5 &, T6)::[lambda(int, float) (instance 1)]>(long, at::PhiloxCudaState, T3, T4)",17438,cudaLaunchKernel_v7000,5995479603,5995511462,5995574239,5995602366,28127,7,768x1x1,256x1x1,40,0,0,0
planner_debate_L_it1,measured,1,planner-final,,call_overhead,kernel,elementwise_binary,"void at::native::vectorized_elementwise_kernel<(int)8, at::native::BUnaryFunctor<c10::Half, c10::Half, c10::Half, at::native::binary_internal::MulFunctor<float>>, std::array<char *, (unsigned long)2>>(int, T2, T3)",17448,cudaLaunchKernel_v7000,5995552352,5995560696,5995603134,5995618366,15232,7,12544x1x1,128x1x1,20,0,0,0
planner_debate_L_it1,measured,1,planner-final,6,RMSNormOp,kernel,copy,"void at::native::unrolled_elementwise_kernel<at::native::direct_copy_kernel_cuda(at::TensorIteratorBase &)::[lambda() (instance 3)]::operator ()() const::[lambda() (instance 7)]::operator ()() const::[lambda(float) (instance 1)], std::array<char *, (unsigned long)2>, (int)8, TrivialOffsetCalculator<(int)1, unsigned int>, TrivialOffsetCalculator<(int)1, unsigned int>, at::native::memory::LoadWithCast<(int)1>, at::native::memory::StoreWithCast<(int)1>>(int, T1, T2, T4, T5, T6, T7)",17471,cudaLaunchKernel_v7000,5995664914,5995674632,5995674556,5995760698,86142,7,12544x1x1,128x1x1,38,0,0,0
planner_debate_L_it1,measured,1,planner-final,6,RMSNormOp,kernel,elementwise_unary,"void at::native::vectorized_elementwise_kernel<(int)4, void at::native::<unnamed>::pow_tensor_scalar_kernel_impl<float, float>(at::TensorIteratorBase &, T2)::[lambda(float) (instance 1)], std::array<char *, (unsigned long)2>>(int, T2, T3)",17482,cudaLaunchKernel_v7000,5995692828,5995698877,5995761402,5995830808,69406,7,12544x1x1,128x1x1,20,0,0,0
planner_debate_L_it1,measured,1,planner-final,6,RMSNormOp,kernel,reduce,"void at::native::reduce_kernel<(int)512, (int)1, at::native::ReduceOp<float, at::native::MeanOps<float, float, float, float>, unsigned int, float, (int)4, (int)4>>(T3)",17496,cudaLaunchKernel_v7000,5995719434,5995725704,5995831448,5995851831,20383,7,224x1x1,32x16x1,26,16,0,0
planner_debate_L_it1,measured,1,planner-final,6,RMSNormOp,kernel,elementwise_binary,"void at::native::vectorized_elementwise_kernel<(int)4, at::native::CUDAFunctorOnSelf_add<float>, std::array<char *, (unsigned long)2>>(int, T2, T3)",17502,cudaLaunchKernel_v7000,5995743572,5995749655,5995852439,5995853655,1216,7,4x1x1,128x1x1,20,0,0,0
planner_debate_L_it1,measured,1,planner-final,6,RMSNormOp,kernel,elementwise_unary,"void at::native::vectorized_elementwise_kernel<(int)4, at::native::rsqrt_kernel_cuda(at::TensorIteratorBase &)::[lambda() (instance 2)]::operator ()() const::[lambda() (instance 2)]::operator ()() const::[lambda(float) (instance 1)], std::array<char *, (unsigned long)2>>(int, T2, T3)",17512,cudaLaunchKernel_v7000,5995763245,5995768715,5995854295,5995855415,1120,7,4x1x1,128x1x1,26,0,0,0
planner_debate_L_it1,measured,1,planner-final,6,RMSNormOp,kernel,elementwise_binary,"void at::native::elementwise_kernel<(int)128, (int)2, void at::native::gpu_kernel_impl_nocast<at::native::BinaryFunctor<float, float, float, at::native::binary_internal::MulFunctor<float>>>(at::TensorIteratorBase &, const T1 &)::[lambda(int) (instance 1)]>(int, T3)",17522,cudaLaunchKernel_v7000,5995786080,5995792058,5995856183,5995943093,86910,7,50176x1x1,128x1x1,16,0,0,0
planner_debate_L_it1,measured,1,planner-final,6,RMSNormOp,kernel,copy,"void at::native::vectorized_elementwise_kernel<(int)8, at::native::float16_copy_kernel_cuda(at::TensorIteratorBase &)::[lambda(float) (instance 1)], std::array<char *, (unsigned long)2>>(int, T2, T3)",17535,cudaLaunchKernel_v7000,5995807289,5995812638,5995944277,5995999283,55006,7,12544x1x1,128x1x1,22,0,0,0
planner_debate_L_it1,measured,1,planner-final,7,AddOp,kernel,elementwise_binary,"void at::native::vectorized_elementwise_kernel<(int)8, at::native::CUDAFunctorOnSelf_add<c10::Half>, std::array<char *, (unsigned long)2>>(int, T2, T3)",17579,cudaLaunchKernel_v7000,5996074862,5996083398,5996083313,5996098096,14783,7,12544x1x1,128x1x1,22,0,0,0
planner_debate_L_it1,measured,1,planner-final,8,RMSNormOp,kernel,copy,"void at::native::unrolled_elementwise_kernel<at::native::direct_copy_kernel_cuda(at::TensorIteratorBase &)::[lambda() (instance 3)]::operator ()() const::[lambda() (instance 7)]::operator ()() const::[lambda(float) (instance 1)], std::array<char *, (unsigned long)2>, (int)8, TrivialOffsetCalculator<(int)1, unsigned int>, TrivialOffsetCalculator<(int)1, unsigned int>, at::native::memory::LoadWithCast<(int)1>, at::native::memory::StoreWithCast<(int)1>>(int, T1, T2, T4, T5, T6, T7)",17625,cudaLaunchKernel_v7000,5996163609,5996171802,5996171598,5996223181,51583,7,12544x1x1,128x1x1,38,0,0,0
planner_debate_L_it1,measured,1,planner-final,8,RMSNormOp,kernel,elementwise_unary,"void at::native::vectorized_elementwise_kernel<(int)4, void at::native::<unnamed>::pow_tensor_scalar_kernel_impl<float, float>(at::TensorIteratorBase &, T2)::[lambda(float) (instance 1)], std::array<char *, (unsigned long)2>>(int, T2, T3)",17636,cudaLaunchKernel_v7000,5996182466,5996187364,5996223821,5996296330,72509,7,12544x1x1,128x1x1,20,0,0,0
planner_debate_L_it1,measured,1,planner-final,8,RMSNormOp,kernel,reduce,"void at::native::reduce_kernel<(int)512, (int)1, at::native::ReduceOp<float, at::native::MeanOps<float, float, float, float>, unsigned int, float, (int)4, (int)4>>(T3)",17650,cudaLaunchKernel_v7000,5996199675,5996205151,5996297002,5996319626,22624,7,224x1x1,32x16x1,26,16,0,0
planner_debate_L_it1,measured,1,planner-final,8,RMSNormOp,kernel,elementwise_binary,"void at::native::vectorized_elementwise_kernel<(int)4, at::native::CUDAFunctorOnSelf_add<float>, std::array<char *, (unsigned long)2>>(int, T2, T3)",17656,cudaLaunchKernel_v7000,5996213893,5996218630,5996320266,5996321418,1152,7,4x1x1,128x1x1,20,0,0,0
planner_debate_L_it1,measured,1,planner-final,8,RMSNormOp,kernel,elementwise_unary,"void at::native::vectorized_elementwise_kernel<(int)4, at::native::rsqrt_kernel_cuda(at::TensorIteratorBase &)::[lambda() (instance 2)]::operator ()() const::[lambda() (instance 2)]::operator ()() const::[lambda(float) (instance 1)], std::array<char *, (unsigned long)2>>(int, T2, T3)",17666,cudaLaunchKernel_v7000,5996228006,5996232540,5996322154,5996323210,1056,7,4x1x1,128x1x1,26,0,0,0
planner_debate_L_it1,measured,1,planner-final,8,RMSNormOp,kernel,elementwise_binary,"void at::native::elementwise_kernel<(int)128, (int)2, void at::native::gpu_kernel_impl_nocast<at::native::BinaryFunctor<float, float, float, at::native::binary_internal::MulFunctor<float>>>(at::TensorIteratorBase &, const T1 &)::[lambda(int) (instance 1)]>(int, T3)",17676,cudaLaunchKernel_v7000,5996243077,5996247569,5996323850,5996411719,87869,7,50176x1x1,128x1x1,16,0,0,0
planner_debate_L_it1,measured,1,planner-final,8,RMSNormOp,kernel,copy,"void at::native::vectorized_elementwise_kernel<(int)8, at::native::float16_copy_kernel_cuda(at::TensorIteratorBase &)::[lambda(float) (instance 1)], std::array<char *, (unsigned long)2>>(int, T2, T3)",17689,cudaLaunchKernel_v7000,5996259193,5996264147,5996412903,5996467110,54207,7,12544x1x1,128x1x1,22,0,0,0
planner_debate_L_it1,measured,1,planner-final,10,LinearOp,kernel,gemm,void cutlass::Kernel2<cutlass_80_tensorop_f16_s16816gemm_relu_f16_64x64_32x6_nn_align8>(T1::Params),17743,cuLaunchKernel,5996593794,5996602889,5996602082,5997287246,685164,7,448x7x1,128x1x1,96,0,49152,0
planner_debate_L_it1,measured,1,planner-final,11,LinearOp,kernel,gemm,void cutlass::Kernel2<cutlass_80_tensorop_f16_s16816gemm_relu_f16_64x64_32x6_nn_align8>(T1::Params),17795,cuLaunchKernel,5997365638,5997372943,5997373036,5998008058,635022,7,448x7x1,128x1x1,96,0,49152,0
planner_debate_L_it1,measured,1,planner-final,12,LinearOp,kernel,gemm,void cutlass::Kernel2<cutlass_80_tensorop_f16_s16816gemm_relu_f16_64x64_32x6_nn_align8>(T1::Params),17847,cuLaunchKernel,5998076092,5998083563,5998083640,5998719973,636333,7,448x7x1,128x1x1,96,0,49152,0
planner_debate_L_it1,measured,1,planner-final,14,TransposeOp,kernel,copy,"void at::native::elementwise_kernel<(int)128, (int)4, void at::native::gpu_kernel_impl_nocast<at::native::direct_copy_kernel_cuda(at::TensorIteratorBase &)::[lambda() (instance 3)]::operator ()() const::[lambda() (instance 10)]::operator ()() const::[lambda(c10::Half) (instance 1)]>(at::TensorIteratorBase &, const T1 &)::[lambda(int) (instance 1)]>(int, T3)",17926,cudaLaunchKernel_v7000,5998880467,5998891416,5998890753,5999068507,177754,7,25088x1x1,128x1x1,16,0,0,0
planner_debate_L_it1,measured,1,planner-final,,call_overhead,memcpy,memcpy,memcpy_Device-to-Host,17968,cudaMemcpyAsync_v3020,5999131454,5999149595,5999147609,6000297336,1149727,7,0x0x0,0x0x0,0,0,0,25690112
planner_debate_L_it1,measured,2,planner-seed,,call_overhead,memcpy,memcpy,memcpy_Host-to-Device,18028,cudaMemcpyAsync_v3020,6085747751,6085776515,6085775092,6086847797,1072705,7,0x0x0,0x0x0,0,0,0,25690112
planner_debate_L_it1,measured,2,planner-seed,,call_overhead,kernel,rng_init,"void at::native::<unnamed>::distribution_elementwise_grid_stride_kernel<float, (int)4, void at::native::templates::cuda::normal_and_transform<c10::Half, float, at::CUDAGeneratorImpl *, void at::native::templates::cuda::normal_kernel<at::CUDAGeneratorImpl *>(const at::TensorBase &, double, double, T1)::[lambda() (instance 1)]::operator ()() const::[lambda() (instance 3)]::operator ()() const::[lambda(float) (instance 1)]>(at::TensorIteratorBase &, T3, T4)::[lambda(curandStatePhilox4_32_10 *) (instance 2)], void at::native::<unnamed>::distribution_nullary_kernel<c10::Half, float, float4, at::CUDAGeneratorImpl *, void at::native::templates::cuda::normal_and_transform<c10::Half, float, at::CUDAGeneratorImpl *, void at::native::templates::cuda::normal_kernel<at::CUDAGeneratorImpl *>(const at::TensorBase &, double, double, T1)::[lambda() (instance 1)]::operator ()() const::[lambda() (instance 3)]::operator ()() const::[lambda(float) (instance 1)]>(at::TensorIteratorBase &, T3, T4)::[lambda(curandStatePhilox4_32_10 *) (instance 2)], void at::native::templates::cuda::normal_kernel<at::CUDAGeneratorImpl *>(const at::TensorBase &, double, double, T1)::[lambda() (instance 1)]::operator ()() const::[lambda() (instance 3)]::operator ()() const::[lambda(float) (instance 1)]>(at::TensorIteratorBase &, T4, const T5 &, T6)::[lambda(int, float) (instance 1)]>(long, at::PhiloxCudaState, T3, T4)",18081,cudaLaunchKernel_v7000,6086944747,6086978069,6087040688,6087068879,28191,7,768x1x1,256x1x1,40,0,0,0
planner_debate_L_it1,measured,2,planner-seed,,call_overhead,kernel,elementwise_binary,"void at::native::vectorized_elementwise_kernel<(int)8, at::native::BUnaryFunctor<c10::Half, c10::Half, c10::Half, at::native::binary_internal::MulFunctor<float>>, std::array<char *, (unsigned long)2>>(int, T2, T3)",18091,cudaLaunchKernel_v7000,6087018872,6087027305,6087069647,6087084494,14847,7,12544x1x1,128x1x1,20,0,0,0
planner_debate_L_it1,measured,2,planner-seed,6,RMSNormOp,kernel,copy,"void at::native::unrolled_elementwise_kernel<at::native::direct_copy_kernel_cuda(at::TensorIteratorBase &)::[lambda() (instance 3)]::operator ()() const::[lambda() (instance 7)]::operator ()() const::[lambda(float) (instance 1)], std::array<char *, (unsigned long)2>, (int)8, TrivialOffsetCalculator<(int)1, unsigned int>, TrivialOffsetCalculator<(int)1, unsigned int>, at::native::memory::LoadWithCast<(int)1>, at::native::memory::StoreWithCast<(int)1>>(int, T1, T2, T4, T5, T6, T7)",18114,cudaLaunchKernel_v7000,6087128351,6087138069,6087137549,6087222091,84542,7,12544x1x1,128x1x1,38,0,0,0
planner_debate_L_it1,measured,2,planner-seed,6,RMSNormOp,kernel,elementwise_unary,"void at::native::vectorized_elementwise_kernel<(int)4, void at::native::<unnamed>::pow_tensor_scalar_kernel_impl<float, float>(at::TensorIteratorBase &, T2)::[lambda(float) (instance 1)], std::array<char *, (unsigned long)2>>(int, T2, T3)",18125,cudaLaunchKernel_v7000,6087155261,6087161048,6087222827,6087292937,70110,7,12544x1x1,128x1x1,20,0,0,0
planner_debate_L_it1,measured,2,planner-seed,6,RMSNormOp,kernel,reduce,"void at::native::reduce_kernel<(int)512, (int)1, at::native::ReduceOp<float, at::native::MeanOps<float, float, float, float>, unsigned int, float, (int)4, (int)4>>(T3)",18139,cudaLaunchKernel_v7000,6087180914,6087187886,6087293577,6087314632,21055,7,224x1x1,32x16x1,26,16,0,0
planner_debate_L_it1,measured,2,planner-seed,6,RMSNormOp,kernel,elementwise_binary,"void at::native::vectorized_elementwise_kernel<(int)4, at::native::CUDAFunctorOnSelf_add<float>, std::array<char *, (unsigned long)2>>(int, T2, T3)",18145,cudaLaunchKernel_v7000,6087205862,6087211829,6087315304,6087316584,1280,7,4x1x1,128x1x1,20,0,0,0
planner_debate_L_it1,measured,2,planner-seed,6,RMSNormOp,kernel,elementwise_unary,"void at::native::vectorized_elementwise_kernel<(int)4, at::native::rsqrt_kernel_cuda(at::TensorIteratorBase &)::[lambda() (instance 2)]::operator ()() const::[lambda() (instance 2)]::operator ()() const::[lambda(float) (instance 1)], std::array<char *, (unsigned long)2>>(int, T2, T3)",18155,cudaLaunchKernel_v7000,6087225176,6087230836,6087317288,6087318408,1120,7,4x1x1,128x1x1,26,0,0,0
planner_debate_L_it1,measured,2,planner-seed,6,RMSNormOp,kernel,elementwise_binary,"void at::native::elementwise_kernel<(int)128, (int)2, void at::native::gpu_kernel_impl_nocast<at::native::BinaryFunctor<float, float, float, at::native::binary_internal::MulFunctor<float>>>(at::TensorIteratorBase &, const T1 &)::[lambda(int) (instance 1)]>(int, T3)",18165,cudaLaunchKernel_v7000,6087247277,6087253437,6087319048,6087407461,88413,7,50176x1x1,128x1x1,16,0,0,0
planner_debate_L_it1,measured,2,planner-seed,6,RMSNormOp,kernel,copy,"void at::native::vectorized_elementwise_kernel<(int)8, at::native::float16_copy_kernel_cuda(at::TensorIteratorBase &)::[lambda(float) (instance 1)], std::array<char *, (unsigned long)2>>(int, T2, T3)",18178,cudaLaunchKernel_v7000,6087268382,6087273895,6087408197,6087463396,55199,7,12544x1x1,128x1x1,22,0,0,0
planner_debate_L_it1,measured,2,planner-seed,7,AddOp,kernel,elementwise_binary,"void at::native::vectorized_elementwise_kernel<(int)8, at::native::CUDAFunctorOnSelf_add<c10::Half>, std::array<char *, (unsigned long)2>>(int, T2, T3)",18222,cudaLaunchKernel_v7000,6087543653,6087551822,6087551649,6087566433,14784,7,12544x1x1,128x1x1,22,0,0,0
planner_debate_L_it1,measured,2,planner-seed,8,RMSNormOp,kernel,copy,"void at::native::unrolled_elementwise_kernel<at::native::direct_copy_kernel_cuda(at::TensorIteratorBase &)::[lambda() (instance 3)]::operator ()() const::[lambda() (instance 7)]::operator ()() const::[lambda(float) (instance 1)], std::array<char *, (unsigned long)2>, (int)8, TrivialOffsetCalculator<(int)1, unsigned int>, TrivialOffsetCalculator<(int)1, unsigned int>, at::native::memory::LoadWithCast<(int)1>, at::native::memory::StoreWithCast<(int)1>>(int, T1, T2, T4, T5, T6, T7)",18268,cudaLaunchKernel_v7000,6087632896,6087640458,6087640255,6087690397,50142,7,12544x1x1,128x1x1,38,0,0,0
planner_debate_L_it1,measured,2,planner-seed,8,RMSNormOp,kernel,elementwise_unary,"void at::native::vectorized_elementwise_kernel<(int)4, void at::native::<unnamed>::pow_tensor_scalar_kernel_impl<float, float>(at::TensorIteratorBase &, T2)::[lambda(float) (instance 1)], std::array<char *, (unsigned long)2>>(int, T2, T3)",18279,cudaLaunchKernel_v7000,6087650184,6087654987,6087691101,6087764059,72958,7,12544x1x1,128x1x1,20,0,0,0
planner_debate_L_it1,measured,2,planner-seed,8,RMSNormOp,kernel,reduce,"void at::native::reduce_kernel<(int)512, (int)1, at::native::ReduceOp<float, at::native::MeanOps<float, float, float, float>, unsigned int, float, (int)4, (int)4>>(T3)",18293,cudaLaunchKernel_v7000,6087666466,6087672357,6087764731,6087787034,22303,7,224x1x1,32x16x1,26,16,0,0
planner_debate_L_it1,measured,2,planner-seed,8,RMSNormOp,kernel,elementwise_binary,"void at::native::vectorized_elementwise_kernel<(int)4, at::native::CUDAFunctorOnSelf_add<float>, std::array<char *, (unsigned long)2>>(int, T2, T3)",18299,cudaLaunchKernel_v7000,6087680744,6087685043,6087787674,6087788826,1152,7,4x1x1,128x1x1,20,0,0,0
planner_debate_L_it1,measured,2,planner-seed,8,RMSNormOp,kernel,elementwise_unary,"void at::native::vectorized_elementwise_kernel<(int)4, at::native::rsqrt_kernel_cuda(at::TensorIteratorBase &)::[lambda() (instance 2)]::operator ()() const::[lambda() (instance 2)]::operator ()() const::[lambda(float) (instance 1)], std::array<char *, (unsigned long)2>>(int, T2, T3)",18309,cudaLaunchKernel_v7000,6087693289,6087697968,6087789562,6087790618,1056,7,4x1x1,128x1x1,26,0,0,0
planner_debate_L_it1,measured,2,planner-seed,8,RMSNormOp,kernel,elementwise_binary,"void at::native::elementwise_kernel<(int)128, (int)2, void at::native::gpu_kernel_impl_nocast<at::native::BinaryFunctor<float, float, float, at::native::binary_internal::MulFunctor<float>>>(at::TensorIteratorBase &, const T1 &)::[lambda(int) (instance 1)]>(int, T3)",18319,cudaLaunchKernel_v7000,6087708550,6087713427,6087791258,6087878584,87326,7,50176x1x1,128x1x1,16,0,0,0
planner_debate_L_it1,measured,2,planner-seed,8,RMSNormOp,kernel,copy,"void at::native::vectorized_elementwise_kernel<(int)8, at::native::float16_copy_kernel_cuda(at::TensorIteratorBase &)::[lambda(float) (instance 1)], std::array<char *, (unsigned long)2>>(int, T2, T3)",18332,cudaLaunchKernel_v7000,6087724345,6087728796,6087879320,6087933814,54494,7,12544x1x1,128x1x1,22,0,0,0
planner_debate_L_it1,measured,2,planner-seed,10,LinearOp,kernel,gemm,void cutlass::Kernel2<cutlass_80_tensorop_f16_s16816gemm_relu_f16_64x64_32x6_nn_align8>(T1::Params),18386,cuLaunchKernel,6088058400,6088070761,6088070898,6088705824,634926,7,448x7x1,128x1x1,96,0,49152,0
planner_debate_L_it1,measured,2,planner-seed,11,LinearOp,kernel,gemm,void cutlass::Kernel2<cutlass_80_tensorop_f16_s16816gemm_relu_f16_64x64_32x6_nn_align8>(T1::Params),18438,cuLaunchKernel,6088774203,6088780863,6088780990,6089414700,633710,7,448x7x1,128x1x1,96,0,49152,0
planner_debate_L_it1,measured,2,planner-seed,12,LinearOp,kernel,gemm,void cutlass::Kernel2<cutlass_80_tensorop_f16_s16816gemm_relu_f16_64x64_32x6_nn_align8>(T1::Params),18490,cuLaunchKernel,6089471816,6089477907,6089478026,6090113816,635790,7,448x7x1,128x1x1,96,0,49152,0
planner_debate_L_it1,measured,2,planner-seed,14,TransposeOp,kernel,copy,"void at::native::elementwise_kernel<(int)128, (int)4, void at::native::gpu_kernel_impl_nocast<at::native::direct_copy_kernel_cuda(at::TensorIteratorBase &)::[lambda() (instance 3)]::operator ()() const::[lambda() (instance 10)]::operator ()() const::[lambda(c10::Half) (instance 1)]>(at::TensorIteratorBase &, const T1 &)::[lambda(int) (instance 1)]>(int, T3)",18569,cudaLaunchKernel_v7000,6090256645,6090265896,6090265652,6090443503,177851,7,25088x1x1,128x1x1,16,0,0,0
planner_debate_L_it1,measured,2,critic-a,,call_overhead,memcpy,memcpy,memcpy_Device-to-Host,18611,cudaMemcpyAsync_v3020,6090500334,6090512499,6090511949,6091625069,1113120,7,0x0x0,0x0x0,0,0,0,25690112
planner_debate_L_it1,measured,2,critic-a,,call_overhead,memcpy,memcpy,memcpy_Host-to-Device,18667,cudaMemcpyAsync_v3020,6208071203,6208101528,6208099797,6209498445,1398648,7,0x0x0,0x0x0,0,0,0,33554432
planner_debate_L_it1,measured,2,critic-a,,call_overhead,kernel,rng_init,"void at::native::<unnamed>::distribution_elementwise_grid_stride_kernel<float, (int)4, void at::native::templates::cuda::normal_and_transform<c10::Half, float, at::CUDAGeneratorImpl *, void at::native::templates::cuda::normal_kernel<at::CUDAGeneratorImpl *>(const at::TensorBase &, double, double, T1)::[lambda() (instance 1)]::operator ()() const::[lambda() (instance 3)]::operator ()() const::[lambda(float) (instance 1)]>(at::TensorIteratorBase &, T3, T4)::[lambda(curandStatePhilox4_32_10 *) (instance 2)], void at::native::<unnamed>::distribution_nullary_kernel<c10::Half, float, float4, at::CUDAGeneratorImpl *, void at::native::templates::cuda::normal_and_transform<c10::Half, float, at::CUDAGeneratorImpl *, void at::native::templates::cuda::normal_kernel<at::CUDAGeneratorImpl *>(const at::TensorBase &, double, double, T1)::[lambda() (instance 1)]::operator ()() const::[lambda() (instance 3)]::operator ()() const::[lambda(float) (instance 1)]>(at::TensorIteratorBase &, T3, T4)::[lambda(curandStatePhilox4_32_10 *) (instance 2)], void at::native::templates::cuda::normal_kernel<at::CUDAGeneratorImpl *>(const at::TensorBase &, double, double, T1)::[lambda() (instance 1)]::operator ()() const::[lambda() (instance 3)]::operator ()() const::[lambda(float) (instance 1)]>(at::TensorIteratorBase &, T4, const T5 &, T6)::[lambda(int, float) (instance 1)]>(long, at::PhiloxCudaState, T3, T4)",18720,cudaLaunchKernel_v7000,6209639798,6209679566,6209741094,6209776965,35871,7,768x1x1,256x1x1,40,0,0,0
planner_debate_L_it1,measured,2,critic-a,,call_overhead,kernel,elementwise_binary,"void at::native::vectorized_elementwise_kernel<(int)8, at::native::BUnaryFunctor<c10::Half, c10::Half, c10::Half, at::native::binary_internal::MulFunctor<float>>, std::array<char *, (unsigned long)2>>(int, T2, T3)",18730,cudaLaunchKernel_v7000,6209721434,6209731086,6209777637,6209797412,19775,7,16384x1x1,128x1x1,20,0,0,0
planner_debate_L_it1,measured,2,critic-a,6,RMSNormOp,kernel,copy,"void at::native::unrolled_elementwise_kernel<at::native::direct_copy_kernel_cuda(at::TensorIteratorBase &)::[lambda() (instance 3)]::operator ()() const::[lambda() (instance 7)]::operator ()() const::[lambda(float) (instance 1)], std::array<char *, (unsigned long)2>, (int)8, TrivialOffsetCalculator<(int)1, unsigned int>, TrivialOffsetCalculator<(int)1, unsigned int>, at::native::memory::LoadWithCast<(int)1>, at::native::memory::StoreWithCast<(int)1>>(int, T1, T2, T4, T5, T6, T7)",18753,cudaLaunchKernel_v7000,6209862788,6209873731,6209873570,6209988831,115261,7,16384x1x1,128x1x1,38,0,0,0
planner_debate_L_it1,measured,2,critic-a,6,RMSNormOp,kernel,elementwise_unary,"void at::native::vectorized_elementwise_kernel<(int)4, void at::native::<unnamed>::pow_tensor_scalar_kernel_impl<float, float>(at::TensorIteratorBase &, T2)::[lambda(float) (instance 1)], std::array<char *, (unsigned long)2>>(int, T2, T3)",18764,cudaLaunchKernel_v7000,6209892994,6209899468,6209989503,6210134171,144668,7,16384x1x1,128x1x1,20,0,0,0
planner_debate_L_it1,measured,2,critic-a,6,RMSNormOp,kernel,reduce,"void at::native::reduce_kernel<(int)512, (int)1, at::native::ReduceOp<float, at::native::MeanOps<float, float, float, float>, unsigned int, float, (int)4, (int)4>>(T3)",18778,cudaLaunchKernel_v7000,6209920503,6209927431,6210134843,6210172794,37951,7,256x1x1,32x16x1,26,16,0,0
planner_debate_L_it1,measured,2,critic-a,6,RMSNormOp,kernel,elementwise_binary,"void at::native::vectorized_elementwise_kernel<(int)4, at::native::CUDAFunctorOnSelf_add<float>, std::array<char *, (unsigned long)2>>(int, T2, T3)",18784,cudaLaunchKernel_v7000,6209945202,6209951268,6210173466,6210174746,1280,7,4x1x1,128x1x1,20,0,0,0
planner_debate_L_it1,measured,2,critic-a,6,RMSNormOp,kernel,elementwise_unary,"void at::native::vectorized_elementwise_kernel<(int)4, at::native::rsqrt_kernel_cuda(at::TensorIteratorBase &)::[lambda() (instance 2)]::operator ()() const::[lambda() (instance 2)]::operator ()() const::[lambda(float) (instance 1)], std::array<char *, (unsigned long)2>>(int, T2, T3)",18794,cudaLaunchKernel_v7000,6209966109,6209972463,6210175482,6210176602,1120,7,4x1x1,128x1x1,26,0,0,0
planner_debate_L_it1,measured,2,critic-a,6,RMSNormOp,kernel,elementwise_binary,"void at::native::elementwise_kernel<(int)128, (int)2, void at::native::gpu_kernel_impl_nocast<at::native::BinaryFunctor<float, float, float, at::native::binary_internal::MulFunctor<float>>>(at::TensorIteratorBase &, const T1 &)::[lambda(int) (instance 1)]>(int, T3)",18804,cudaLaunchKernel_v7000,6209990037,6209996311,6210177306,6210305142,127836,7,65536x1x1,128x1x1,16,0,0,0
planner_debate_L_it1,measured,2,critic-a,6,RMSNormOp,kernel,copy,"void at::native::vectorized_elementwise_kernel<(int)8, at::native::float16_copy_kernel_cuda(at::TensorIteratorBase &)::[lambda(float) (instance 1)], std::array<char *, (unsigned long)2>>(int, T2, T3)",18817,cudaLaunchKernel_v7000,6210013588,6210018482,6210305782,6210396819,91037,7,16384x1x1,128x1x1,22,0,0,0
planner_debate_L_it1,measured,2,critic-a,7,AddOp,kernel,elementwise_binary,"void at::native::vectorized_elementwise_kernel<(int)8, at::native::CUDAFunctorOnSelf_add<c10::Half>, std::array<char *, (unsigned long)2>>(int, T2, T3)",18861,cudaLaunchKernel_v7000,6210487841,6210496679,6210496305,6210523344,27039,7,16384x1x1,128x1x1,22,0,0,0
planner_debate_L_it1,measured,2,critic-a,8,RMSNormOp,kernel,copy,"void at::native::unrolled_elementwise_kernel<at::native::direct_copy_kernel_cuda(at::TensorIteratorBase &)::[lambda() (instance 3)]::operator ()() const::[lambda() (instance 7)]::operator ()() const::[lambda(float) (instance 1)], std::array<char *, (unsigned long)2>, (int)8, TrivialOffsetCalculator<(int)1, unsigned int>, TrivialOffsetCalculator<(int)1, unsigned int>, at::native::memory::LoadWithCast<(int)1>, at::native::memory::StoreWithCast<(int)1>>(int, T1, T2, T4, T5, T6, T7)",18907,cudaLaunchKernel_v7000,6210592490,6210600942,6210600686,6210690635,89949,7,16384x1x1,128x1x1,38,0,0,0
planner_debate_L_it1,measured,2,critic-a,8,RMSNormOp,kernel,elementwise_unary,"void at::native::vectorized_elementwise_kernel<(int)4, void at::native::<unnamed>::pow_tensor_scalar_kernel_impl<float, float>(at::TensorIteratorBase &, T2)::[lambda(float) (instance 1)], std::array<char *, (unsigned long)2>>(int, T2, T3)",18918,cudaLaunchKernel_v7000,6210619765,6210625128,6210691307,6210833959,142652,7,16384x1x1,128x1x1,20,0,0,0
planner_debate_L_it1,measured,2,critic-a,8,RMSNormOp,kernel,reduce,"void at::native::reduce_kernel<(int)512, (int)1, at::native::ReduceOp<float, at::native::MeanOps<float, float, float, float>, unsigned int, float, (int)4, (int)4>>(T3)",18932,cudaLaunchKernel_v7000,6210640837,6210646400,6210834599,6210871718,37119,7,256x1x1,32x16x1,26,16,0,0
planner_debate_L_it1,measured,2,critic-a,8,RMSNormOp,kernel,elementwise_binary,"void at::native::vectorized_elementwise_kernel<(int)4, at::native::CUDAFunctorOnSelf_add<float>, std::array<char *, (unsigned long)2>>(int, T2, T3)",18938,cudaLaunchKernel_v7000,6210656304,6210661347,6210872486,6210873734,1248,7,4x1x1,128x1x1,20,0,0,0
planner_debate_L_it1,measured,2,critic-a,8,RMSNormOp,kernel,elementwise_unary,"void at::native::vectorized_elementwise_kernel<(int)4, at::native::rsqrt_kernel_cuda(at::TensorIteratorBase &)::[lambda() (instance 2)]::operator ()() const::[lambda() (instance 2)]::operator ()() const::[lambda(float) (instance 1)], std::array<char *, (unsigned long)2>>(int, T2, T3)",18948,cudaLaunchKernel_v7000,6210670561,6210675535,6210874470,6210875558,1088,7,4x1x1,128x1x1,26,0,0,0
planner_debate_L_it1,measured,2,critic-a,8,RMSNormOp,kernel,elementwise_binary,"void at::native::elementwise_kernel<(int)128, (int)2, void at::native::gpu_kernel_impl_nocast<at::native::BinaryFunctor<float, float, float, at::native::binary_internal::MulFunctor<float>>>(at::TensorIteratorBase &, const T1 &)::[lambda(int) (instance 1)]>(int, T3)",18958,cudaLaunchKernel_v7000,6210686900,6210691567,6210876262,6211004770,128508,7,65536x1x1,128x1x1,16,0,0,0
planner_debate_L_it1,measured,2,critic-a,8,RMSNormOp,kernel,copy,"void at::native::vectorized_elementwise_kernel<(int)8, at::native::float16_copy_kernel_cuda(at::TensorIteratorBase &)::[lambda(float) (instance 1)], std::array<char *, (unsigned long)2>>(int, T2, T3)",18971,cudaLaunchKernel_v7000,6210703711,6210708599,6211005410,6211096991,91581,7,16384x1x1,128x1x1,22,0,0,0
planner_debate_L_it1,measured,2,critic-a,10,LinearOp,memset,memset,memset,19019,cudaMemsetAsync_v3020,6211200780,6211217909,6211219164,6211220028,864,7,0x0x0,0x0x0,0,0,0,4096
planner_debate_L_it1,measured,2,critic-a,10,LinearOp,kernel,gemm,ampere_fp16_s1688gemm_fp16_128x128_ldg8_f2f_stages_32x1_nn,19022,cudaLaunchKernel_v7000,6211231046,6211241045,6211240699,6212092835,852136,7,32x32x3,128x1x1,234,32768,0,0
planner_debate_L_it1,measured,2,critic-a,11,LinearOp,memset,memset,memset,19069,cudaMemsetAsync_v3020,6212172733,6212178086,6212179361,6212180225,864,7,0x0x0,0x0x0,0,0,0,4096
planner_debate_L_it1,measured,2,critic-a,11,LinearOp,kernel,gemm,ampere_fp16_s1688gemm_fp16_128x128_ldg8_f2f_stages_32x1_nn,19072,cudaLaunchKernel_v7000,6212183959,6212192029,6212191712,6213043688,851976,7,32x32x3,128x1x1,234,32768,0,0
planner_debate_L_it1,measured,2,critic-a,12,LinearOp,memset,memset,memset,19119,cudaMemsetAsync_v3020,6213104866,6213109349,6213110662,6213111526,864,7,0x0x0,0x0x0,0,0,0,4096
planner_debate_L_it1,measured,2,critic-a,12,LinearOp,kernel,gemm,ampere_fp16_s1688gemm_fp16_128x128_ldg8_f2f_stages_32x1_nn,19122,cudaLaunchKernel_v7000,6213114139,6213121258,6213121286,6214023948,902662,7,32x32x3,128x1x1,234,32768,0,0
planner_debate_L_it1,measured,2,critic-a,14,TransposeOp,kernel,copy,"void at::native::elementwise_kernel<(int)128, (int)4, void at::native::gpu_kernel_impl_nocast<at::native::direct_copy_kernel_cuda(at::TensorIteratorBase &)::[lambda() (instance 3)]::operator ()() const::[lambda() (instance 10)]::operator ()() const::[lambda(c10::Half) (instance 1)]>(at::TensorIteratorBase &, const T1 &)::[lambda(int) (instance 1)]>(int, T3)",19202,cudaLaunchKernel_v7000,6214188189,6214198257,6214197479,6214424289,226810,7,32768x1x1,128x1x1,16,0,0,0
planner_debate_L_it1,measured,2,critic-b,,call_overhead,memcpy,memcpy,memcpy_Device-to-Host,19244,cudaMemcpyAsync_v3020,6214483974,6214499266,6214498654,6215960661,1462007,7,0x0x0,0x0x0,0,0,0,33554432
planner_debate_L_it1,measured,2,critic-b,,call_overhead,memcpy,memcpy,memcpy_Host-to-Device,19300,cudaMemcpyAsync_v3020,6327214873,6327242935,6327240881,6328660584,1419703,7,0x0x0,0x0x0,0,0,0,33554432
planner_debate_L_it1,measured,2,critic-b,,call_overhead,kernel,rng_init,"void at::native::<unnamed>::distribution_elementwise_grid_stride_kernel<float, (int)4, void at::native::templates::cuda::normal_and_transform<c10::Half, float, at::CUDAGeneratorImpl *, void at::native::templates::cuda::normal_kernel<at::CUDAGeneratorImpl *>(const at::TensorBase &, double, double, T1)::[lambda() (instance 1)]::operator ()() const::[lambda() (instance 3)]::operator ()() const::[lambda(float) (instance 1)]>(at::TensorIteratorBase &, T3, T4)::[lambda(curandStatePhilox4_32_10 *) (instance 2)], void at::native::<unnamed>::distribution_nullary_kernel<c10::Half, float, float4, at::CUDAGeneratorImpl *, void at::native::templates::cuda::normal_and_transform<c10::Half, float, at::CUDAGeneratorImpl *, void at::native::templates::cuda::normal_kernel<at::CUDAGeneratorImpl *>(const at::TensorBase &, double, double, T1)::[lambda() (instance 1)]::operator ()() const::[lambda() (instance 3)]::operator ()() const::[lambda(float) (instance 1)]>(at::TensorIteratorBase &, T3, T4)::[lambda(curandStatePhilox4_32_10 *) (instance 2)], void at::native::templates::cuda::normal_kernel<at::CUDAGeneratorImpl *>(const at::TensorBase &, double, double, T1)::[lambda() (instance 1)]::operator ()() const::[lambda() (instance 3)]::operator ()() const::[lambda(float) (instance 1)]>(at::TensorIteratorBase &, T4, const T5 &, T6)::[lambda(int, float) (instance 1)]>(long, at::PhiloxCudaState, T3, T4)",19353,cudaLaunchKernel_v7000,6328761780,6328797464,6328859970,6328896193,36223,7,768x1x1,256x1x1,40,0,0,0
planner_debate_L_it1,measured,2,critic-b,,call_overhead,kernel,elementwise_binary,"void at::native::vectorized_elementwise_kernel<(int)8, at::native::BUnaryFunctor<c10::Half, c10::Half, c10::Half, at::native::binary_internal::MulFunctor<float>>, std::array<char *, (unsigned long)2>>(int, T2, T3)",19363,cudaLaunchKernel_v7000,6328837360,6328846421,6328896897,6328916801,19904,7,16384x1x1,128x1x1,20,0,0,0
planner_debate_L_it1,measured,2,critic-b,6,RMSNormOp,kernel,copy,"void at::native::unrolled_elementwise_kernel<at::native::direct_copy_kernel_cuda(at::TensorIteratorBase &)::[lambda() (instance 3)]::operator ()() const::[lambda() (instance 7)]::operator ()() const::[lambda(float) (instance 1)], std::array<char *, (unsigned long)2>, (int)8, TrivialOffsetCalculator<(int)1, unsigned int>, TrivialOffsetCalculator<(int)1, unsigned int>, at::native::memory::LoadWithCast<(int)1>, at::native::memory::StoreWithCast<(int)1>>(int, T1, T2, T4, T5, T6, T7)",19386,cudaLaunchKernel_v7000,6328973508,6328983111,6328982911,6329099932,117021,7,16384x1x1,128x1x1,38,0,0,0
planner_debate_L_it1,measured,2,critic-b,6,RMSNormOp,kernel,elementwise_unary,"void at::native::vectorized_elementwise_kernel<(int)4, void at::native::<unnamed>::pow_tensor_scalar_kernel_impl<float, float>(at::TensorIteratorBase &, T2)::[lambda(float) (instance 1)], std::array<char *, (unsigned long)2>>(int, T2, T3)",19397,cudaLaunchKernel_v7000,6329001584,6329011238,6329100700,6329244248,143548,7,16384x1x1,128x1x1,20,0,0,0
planner_debate_L_it1,measured,2,critic-b,6,RMSNormOp,kernel,reduce,"void at::native::reduce_kernel<(int)512, (int)1, at::native::ReduceOp<float, at::native::MeanOps<float, float, float, float>, unsigned int, float, (int)4, (int)4>>(T3)",19411,cudaLaunchKernel_v7000,6329034564,6329041945,6329244920,6329280982,36062,7,256x1x1,32x16x1,26,16,0,0
planner_debate_L_it1,measured,2,critic-b,6,RMSNormOp,kernel,elementwise_binary,"void at::native::vectorized_elementwise_kernel<(int)4, at::native::CUDAFunctorOnSelf_add<float>, std::array<char *, (unsigned long)2>>(int, T2, T3)",19417,cudaLaunchKernel_v7000,6329060829,6329066903,6329281686,6329282966,1280,7,4x1x1,128x1x1,20,0,0,0
planner_debate_L_it1,measured,2,critic-b,6,RMSNormOp,kernel,elementwise_unary,"void at::native::vectorized_elementwise_kernel<(int)4, at::native::rsqrt_kernel_cuda(at::TensorIteratorBase &)::[lambda() (instance 2)]::operator ()() const::[lambda() (instance 2)]::operator ()() const::[lambda(float) (instance 1)], std::array<char *, (unsigned long)2>>(int, T2, T3)",19427,cudaLaunchKernel_v7000,6329080989,6329087574,6329283606,6329284694,1088,7,4x1x1,128x1x1,26,0,0,0
planner_debate_L_it1,measured,2,critic-b,6,RMSNormOp,kernel,elementwise_binary,"void at::native::elementwise_kernel<(int)128, (int)2, void at::native::gpu_kernel_impl_nocast<at::native::BinaryFunctor<float, float, float, at::native::binary_internal::MulFunctor<float>>>(at::TensorIteratorBase &, const T1 &)::[lambda(int) (instance 1)]>(int, T3)",19437,cudaLaunchKernel_v7000,6329104453,6329110924,6329285334,6329413299,127965,7,65536x1x1,128x1x1,16,0,0,0
planner_debate_L_it1,measured,2,critic-b,6,RMSNormOp,kernel,copy,"void at::native::vectorized_elementwise_kernel<(int)8, at::native::float16_copy_kernel_cuda(at::TensorIteratorBase &)::[lambda(float) (instance 1)], std::array<char *, (unsigned long)2>>(int, T2, T3)",19450,cudaLaunchKernel_v7000,6329127841,6329132621,6329413971,6329504272,90301,7,16384x1x1,128x1x1,22,0,0,0
planner_debate_L_it1,measured,2,critic-b,7,AddOp,kernel,elementwise_binary,"void at::native::vectorized_elementwise_kernel<(int)8, at::native::CUDAFunctorOnSelf_add<c10::Half>, std::array<char *, (unsigned long)2>>(int, T2, T3)",19494,cudaLaunchKernel_v7000,6329584662,6329593117,6329592910,6329619757,26847,7,16384x1x1,128x1x1,22,0,0,0
planner_debate_L_it1,measured,2,critic-b,8,RMSNormOp,kernel,copy,"void at::native::unrolled_elementwise_kernel<at::native::direct_copy_kernel_cuda(at::TensorIteratorBase &)::[lambda() (instance 3)]::operator ()() const::[lambda() (instance 7)]::operator ()() const::[lambda(float) (instance 1)], std::array<char *, (unsigned long)2>, (int)8, TrivialOffsetCalculator<(int)1, unsigned int>, TrivialOffsetCalculator<(int)1, unsigned int>, at::native::memory::LoadWithCast<(int)1>, at::native::memory::StoreWithCast<(int)1>>(int, T1, T2, T4, T5, T6, T7)",19540,cudaLaunchKernel_v7000,6329685259,6329693509,6329693099,6329780168,87069,7,16384x1x1,128x1x1,38,0,0,0
planner_debate_L_it1,measured,2,critic-b,8,RMSNormOp,kernel,elementwise_unary,"void at::native::vectorized_elementwise_kernel<(int)4, void at::native::<unnamed>::pow_tensor_scalar_kernel_impl<float, float>(at::TensorIteratorBase &, T2)::[lambda(float) (instance 1)], std::array<char *, (unsigned long)2>>(int, T2, T3)",19551,cudaLaunchKernel_v7000,6329704068,6329709092,6329780936,6329926372,145436,7,16384x1x1,128x1x1,20,0,0,0
planner_debate_L_it1,measured,2,critic-b,8,RMSNormOp,kernel,reduce,"void at::native::reduce_kernel<(int)512, (int)1, at::native::ReduceOp<float, at::native::MeanOps<float, float, float, float>, unsigned int, float, (int)4, (int)4>>(T3)",19565,cudaLaunchKernel_v7000,6329722601,6329727720,6329927108,6329963107,35999,7,256x1x1,32x16x1,26,16,0,0
planner_debate_L_it1,measured,2,critic-b,8,RMSNormOp,kernel,elementwise_binary,"void at::native::vectorized_elementwise_kernel<(int)4, at::native::CUDAFunctorOnSelf_add<float>, std::array<char *, (unsigned long)2>>(int, T2, T3)",19571,cudaLaunchKernel_v7000,6329737014,6329742101,6329963779,6329965027,1248,7,4x1x1,128x1x1,20,0,0,0
planner_debate_L_it1,measured,2,critic-b,8,RMSNormOp,kernel,elementwise_unary,"void at::native::vectorized_elementwise_kernel<(int)4, at::native::rsqrt_kernel_cuda(at::TensorIteratorBase &)::[lambda() (instance 2)]::operator ()() const::[lambda() (instance 2)]::operator ()() const::[lambda(float) (instance 1)], std::array<char *, (unsigned long)2>>(int, T2, T3)",19581,cudaLaunchKernel_v7000,6329751826,6329756536,6329965699,6329966787,1088,7,4x1x1,128x1x1,26,0,0,0
planner_debate_L_it1,measured,2,critic-b,8,RMSNormOp,kernel,elementwise_binary,"void at::native::elementwise_kernel<(int)128, (int)2, void at::native::gpu_kernel_impl_nocast<at::native::BinaryFunctor<float, float, float, at::native::binary_internal::MulFunctor<float>>>(at::TensorIteratorBase &, const T1 &)::[lambda(int) (instance 1)]>(int, T3)",19591,cudaLaunchKernel_v7000,6329767590,6329774713,6329967459,6330095999,128540,7,65536x1x1,128x1x1,16,0,0,0
planner_debate_L_it1,measured,2,critic-b,8,RMSNormOp,kernel,copy,"void at::native::vectorized_elementwise_kernel<(int)8, at::native::float16_copy_kernel_cuda(at::TensorIteratorBase &)::[lambda(float) (instance 1)], std::array<char *, (unsigned long)2>>(int, T2, T3)",19604,cudaLaunchKernel_v7000,6329787473,6329792556,6330096671,6330188605,91934,7,16384x1x1,128x1x1,22,0,0,0
planner_debate_L_it1,measured,2,critic-b,10,LinearOp,memset,memset,memset,19652,cudaMemsetAsync_v3020,6330292620,6330306479,6330308153,6330309017,864,7,0x0x0,0x0x0,0,0,0,4096
planner_debate_L_it1,measured,2,critic-b,10,LinearOp,kernel,gemm,ampere_fp16_s1688gemm_fp16_128x128_ldg8_f2f_stages_32x1_nn,19655,cudaLaunchKernel_v7000,6330318565,6330327765,6330327513,6331178880,851367,7,32x32x3,128x1x1,234,32768,0,0
planner_debate_L_it1,measured,2,critic-b,11,LinearOp,memset,memset,memset,19702,cudaMemsetAsync_v3020,6331245172,6331251332,6331252830,6331253694,864,7,0x0x0,0x0x0,0,0,0,4096
planner_debate_L_it1,measured,2,critic-b,11,LinearOp,kernel,gemm,ampere_fp16_s1688gemm_fp16_128x128_ldg8_f2f_stages_32x1_nn,19705,cudaLaunchKernel_v7000,6331256592,6331263515,6331263646,6332114630,850984,7,32x32x3,128x1x1,234,32768,0,0
planner_debate_L_it1,measured,2,critic-b,12,LinearOp,memset,memset,memset,19752,cudaMemsetAsync_v3020,6332172113,6332176262,6332177732,6332178596,864,7,0x0x0,0x0x0,0,0,0,4096
planner_debate_L_it1,measured,2,critic-b,12,LinearOp,kernel,gemm,ampere_fp16_s1688gemm_fp16_128x128_ldg8_f2f_stages_32x1_nn,19755,cudaLaunchKernel_v7000,6332180793,6332187396,6332187236,6333038827,851591,7,32x32x3,128x1x1,234,32768,0,0
planner_debate_L_it1,measured,2,critic-b,14,TransposeOp,kernel,copy,"void at::native::elementwise_kernel<(int)128, (int)4, void at::native::gpu_kernel_impl_nocast<at::native::direct_copy_kernel_cuda(at::TensorIteratorBase &)::[lambda() (instance 3)]::operator ()() const::[lambda() (instance 10)]::operator ()() const::[lambda(c10::Half) (instance 1)]>(at::TensorIteratorBase &, const T1 &)::[lambda(int) (instance 1)]>(int, T3)",19835,cudaLaunchKernel_v7000,6333191107,6333203447,6333200359,6333426944,226585,7,32768x1x1,128x1x1,16,0,0,0
planner_debate_L_it1,measured,2,critic-merge,,call_overhead,memcpy,memcpy,memcpy_Device-to-Host,19877,cudaMemcpyAsync_v3020,6333485385,6333498875,6333498206,6335185646,1687440,7,0x0x0,0x0x0,0,0,0,33554432
planner_debate_L_it1,measured,2,critic-merge,,call_overhead,memcpy,memcpy,memcpy_Host-to-Device,19933,cudaMemcpyAsync_v3020,6451639064,6451667634,6451665430,6453079726,1414296,7,0x0x0,0x0x0,0,0,0,33554432
planner_debate_L_it1,measured,2,critic-merge,,call_overhead,kernel,rng_init,"void at::native::<unnamed>::distribution_elementwise_grid_stride_kernel<float, (int)4, void at::native::templates::cuda::normal_and_transform<c10::Half, float, at::CUDAGeneratorImpl *, void at::native::templates::cuda::normal_kernel<at::CUDAGeneratorImpl *>(const at::TensorBase &, double, double, T1)::[lambda() (instance 1)]::operator ()() const::[lambda() (instance 3)]::operator ()() const::[lambda(float) (instance 1)]>(at::TensorIteratorBase &, T3, T4)::[lambda(curandStatePhilox4_32_10 *) (instance 2)], void at::native::<unnamed>::distribution_nullary_kernel<c10::Half, float, float4, at::CUDAGeneratorImpl *, void at::native::templates::cuda::normal_and_transform<c10::Half, float, at::CUDAGeneratorImpl *, void at::native::templates::cuda::normal_kernel<at::CUDAGeneratorImpl *>(const at::TensorBase &, double, double, T1)::[lambda() (instance 1)]::operator ()() const::[lambda() (instance 3)]::operator ()() const::[lambda(float) (instance 1)]>(at::TensorIteratorBase &, T3, T4)::[lambda(curandStatePhilox4_32_10 *) (instance 2)], void at::native::templates::cuda::normal_kernel<at::CUDAGeneratorImpl *>(const at::TensorBase &, double, double, T1)::[lambda() (instance 1)]::operator ()() const::[lambda() (instance 3)]::operator ()() const::[lambda(float) (instance 1)]>(at::TensorIteratorBase &, T4, const T5 &, T6)::[lambda(int, float) (instance 1)]>(long, at::PhiloxCudaState, T3, T4)",19986,cudaLaunchKernel_v7000,6453183483,6453217593,6453280168,6453316199,36031,7,768x1x1,256x1x1,40,0,0,0
planner_debate_L_it1,measured,2,critic-merge,,call_overhead,kernel,elementwise_binary,"void at::native::vectorized_elementwise_kernel<(int)8, at::native::BUnaryFunctor<c10::Half, c10::Half, c10::Half, at::native::binary_internal::MulFunctor<float>>, std::array<char *, (unsigned long)2>>(int, T2, T3)",19996,cudaLaunchKernel_v7000,6453257086,6453265295,6453316839,6453336678,19839,7,16384x1x1,128x1x1,20,0,0,0
planner_debate_L_it1,measured,2,critic-merge,6,RMSNormOp,kernel,copy,"void at::native::unrolled_elementwise_kernel<at::native::direct_copy_kernel_cuda(at::TensorIteratorBase &)::[lambda() (instance 3)]::operator ()() const::[lambda() (instance 7)]::operator ()() const::[lambda(float) (instance 1)], std::array<char *, (unsigned long)2>, (int)8, TrivialOffsetCalculator<(int)1, unsigned int>, TrivialOffsetCalculator<(int)1, unsigned int>, at::native::memory::LoadWithCast<(int)1>, at::native::memory::StoreWithCast<(int)1>>(int, T1, T2, T4, T5, T6, T7)",20019,cudaLaunchKernel_v7000,6453389775,6453400559,6453400548,6453512609,112061,7,16384x1x1,128x1x1,38,0,0,0
planner_debate_L_it1,measured,2,critic-merge,6,RMSNormOp,kernel,elementwise_unary,"void at::native::vectorized_elementwise_kernel<(int)4, void at::native::<unnamed>::pow_tensor_scalar_kernel_impl<float, float>(at::TensorIteratorBase &, T2)::[lambda(float) (instance 1)], std::array<char *, (unsigned long)2>>(int, T2, T3)",20030,cudaLaunchKernel_v7000,6453419465,6453425411,6453513313,6453659037,145724,7,16384x1x1,128x1x1,20,0,0,0
planner_debate_L_it1,measured,2,critic-merge,6,RMSNormOp,kernel,reduce,"void at::native::reduce_kernel<(int)512, (int)1, at::native::ReduceOp<float, at::native::MeanOps<float, float, float, float>, unsigned int, float, (int)4, (int)4>>(T3)",20044,cudaLaunchKernel_v7000,6453448598,6453455522,6453659773,6453695644,35871,7,256x1x1,32x16x1,26,16,0,0
planner_debate_L_it1,measured,2,critic-merge,6,RMSNormOp,kernel,elementwise_binary,"void at::native::vectorized_elementwise_kernel<(int)4, at::native::CUDAFunctorOnSelf_add<float>, std::array<char *, (unsigned long)2>>(int, T2, T3)",20050,cudaLaunchKernel_v7000,6453473620,6453479554,6453696412,6453697692,1280,7,4x1x1,128x1x1,20,0,0,0
planner_debate_L_it1,measured,2,critic-merge,6,RMSNormOp,kernel,elementwise_unary,"void at::native::vectorized_elementwise_kernel<(int)4, at::native::rsqrt_kernel_cuda(at::TensorIteratorBase &)::[lambda() (instance 2)]::operator ()() const::[lambda() (instance 2)]::operator ()() const::[lambda(float) (instance 1)], std::array<char *, (unsigned long)2>>(int, T2, T3)",20060,cudaLaunchKernel_v7000,6453494218,6453499798,6453698428,6453699516,1088,7,4x1x1,128x1x1,26,0,0,0
planner_debate_L_it1,measured,2,critic-merge,6,RMSNormOp,kernel,elementwise_binary,"void at::native::elementwise_kernel<(int)128, (int)2, void at::native::gpu_kernel_impl_nocast<at::native::BinaryFunctor<float, float, float, at::native::binary_internal::MulFunctor<float>>>(at::TensorIteratorBase &, const T1 &)::[lambda(int) (instance 1)]>(int, T3)",20070,cudaLaunchKernel_v7000,6453516943,6453526186,6453700124,6453827224,127100,7,65536x1x1,128x1x1,16,0,0,0
planner_debate_L_it1,measured,2,critic-merge,6,RMSNormOp,kernel,copy,"void at::native::vectorized_elementwise_kernel<(int)8, at::native::float16_copy_kernel_cuda(at::TensorIteratorBase &)::[lambda(float) (instance 1)], std::array<char *, (unsigned long)2>>(int, T2, T3)",20083,cudaLaunchKernel_v7000,6453542571,6453548572,6453828280,6453918774,90494,7,16384x1x1,128x1x1,22,0,0,0
planner_debate_L_it1,measured,2,critic-merge,7,AddOp,kernel,elementwise_binary,"void at::native::vectorized_elementwise_kernel<(int)8, at::native::CUDAFunctorOnSelf_add<c10::Half>, std::array<char *, (unsigned long)2>>(int, T2, T3)",20127,cudaLaunchKernel_v7000,6453997334,6454005949,6454005715,6454032306,26591,7,16384x1x1,128x1x1,22,0,0,0
planner_debate_L_it1,measured,2,critic-merge,8,RMSNormOp,kernel,copy,"void at::native::unrolled_elementwise_kernel<at::native::direct_copy_kernel_cuda(at::TensorIteratorBase &)::[lambda() (instance 3)]::operator ()() const::[lambda() (instance 7)]::operator ()() const::[lambda(float) (instance 1)], std::array<char *, (unsigned long)2>, (int)8, TrivialOffsetCalculator<(int)1, unsigned int>, TrivialOffsetCalculator<(int)1, unsigned int>, at::native::memory::LoadWithCast<(int)1>, at::native::memory::StoreWithCast<(int)1>>(int, T1, T2, T4, T5, T6, T7)",20173,cudaLaunchKernel_v7000,6454101145,6454109552,6454109168,6454199310,90142,7,16384x1x1,128x1x1,38,0,0,0
planner_debate_L_it1,measured,2,critic-merge,8,RMSNormOp,kernel,elementwise_unary,"void at::native::vectorized_elementwise_kernel<(int)4, void at::native::<unnamed>::pow_tensor_scalar_kernel_impl<float, float>(at::TensorIteratorBase &, T2)::[lambda(float) (instance 1)], std::array<char *, (unsigned long)2>>(int, T2, T3)",20184,cudaLaunchKernel_v7000,6454120422,6454125813,6454199982,6454343497,143515,7,16384x1x1,128x1x1,20,0,0,0
planner_debate_L_it1,measured,2,critic-merge,8,RMSNormOp,kernel,reduce,"void at::native::reduce_kernel<(int)512, (int)1, at::native::ReduceOp<float, at::native::MeanOps<float, float, float, float>, unsigned int, float, (int)4, (int)4>>(T3)",20198,cudaLaunchKernel_v7000,6454139320,6454144807,6454344233,6454382248,38015,7,256x1x1,32x16x1,26,16,0,0
planner_debate_L_it1,measured,2,critic-merge,8,RMSNormOp,kernel,elementwise_binary,"void at::native::vectorized_elementwise_kernel<(int)4, at::native::CUDAFunctorOnSelf_add<float>, std::array<char *, (unsigned long)2>>(int, T2, T3)",20204,cudaLaunchKernel_v7000,6454154187,6454158977,6454382952,6454384200,1248,7,4x1x1,128x1x1,20,0,0,0
planner_debate_L_it1,measured,2,critic-merge,8,RMSNormOp,kernel,elementwise_unary,"void at::native::vectorized_elementwise_kernel<(int)4, at::native::rsqrt_kernel_cuda(at::TensorIteratorBase &)::[lambda() (instance 2)]::operator ()() const::[lambda() (instance 2)]::operator ()() const::[lambda(float) (instance 1)], std::array<char *, (unsigned long)2>>(int, T2, T3)",20214,cudaLaunchKernel_v7000,6454168297,6454173017,6454384936,6454386024,1088,7,4x1x1,128x1x1,26,0,0,0
planner_debate_L_it1,measured,2,critic-merge,8,RMSNormOp,kernel,elementwise_binary,"void at::native::elementwise_kernel<(int)128, (int)2, void at::native::gpu_kernel_impl_nocast<at::native::BinaryFunctor<float, float, float, at::native::binary_internal::MulFunctor<float>>>(at::TensorIteratorBase &, const T1 &)::[lambda(int) (instance 1)]>(int, T3)",20224,cudaLaunchKernel_v7000,6454183682,6454188667,6454386696,6454513573,126877,7,65536x1x1,128x1x1,16,0,0,0
planner_debate_L_it1,measured,2,critic-merge,8,RMSNormOp,kernel,copy,"void at::native::vectorized_elementwise_kernel<(int)8, at::native::float16_copy_kernel_cuda(at::TensorIteratorBase &)::[lambda(float) (instance 1)], std::array<char *, (unsigned long)2>>(int, T2, T3)",20237,cudaLaunchKernel_v7000,6454201045,6454206007,6454514757,6454606114,91357,7,16384x1x1,128x1x1,22,0,0,0
planner_debate_L_it1,measured,2,critic-merge,10,LinearOp,memset,memset,memset,20285,cudaMemsetAsync_v3020,6454722726,6454740682,6454741886,6454742750,864,7,0x0x0,0x0x0,0,0,0,4096
planner_debate_L_it1,measured,2,critic-merge,10,LinearOp,kernel,gemm,ampere_fp16_s1688gemm_fp16_128x128_ldg8_f2f_stages_32x1_nn,20288,cudaLaunchKernel_v7000,6454751851,6454762629,6454762142,6455613925,851783,7,32x32x3,128x1x1,234,32768,0,0
planner_debate_L_it1,measured,2,critic-merge,11,LinearOp,memset,memset,memset,20335,cudaMemsetAsync_v3020,6455683562,6455688196,6455689923,6455690787,864,7,0x0x0,0x0x0,0,0,0,4096
planner_debate_L_it1,measured,2,critic-merge,11,LinearOp,kernel,gemm,ampere_fp16_s1688gemm_fp16_128x128_ldg8_f2f_stages_32x1_nn,20338,cudaLaunchKernel_v7000,6455693223,6455700799,6455700483,6456551595,851112,7,32x32x3,128x1x1,234,32768,0,0
planner_debate_L_it1,measured,2,critic-merge,12,LinearOp,memset,memset,memset,20385,cudaMemsetAsync_v3020,6456616549,6456620764,6456622089,6456622953,864,7,0x0x0,0x0x0,0,0,0,4096
planner_debate_L_it1,measured,2,critic-merge,12,LinearOp,kernel,gemm,ampere_fp16_s1688gemm_fp16_128x128_ldg8_f2f_stages_32x1_nn,20388,cudaLaunchKernel_v7000,6456625436,6456632503,6456632296,6457483056,850760,7,32x32x3,128x1x1,234,32768,0,0
planner_debate_L_it1,measured,2,critic-merge,14,TransposeOp,kernel,copy,"void at::native::elementwise_kernel<(int)128, (int)4, void at::native::gpu_kernel_impl_nocast<at::native::direct_copy_kernel_cuda(at::TensorIteratorBase &)::[lambda() (instance 3)]::operator ()() const::[lambda() (instance 10)]::operator ()() const::[lambda(c10::Half) (instance 1)]>(at::TensorIteratorBase &, const T1 &)::[lambda(int) (instance 1)]>(int, T3)",20468,cudaLaunchKernel_v7000,6457644357,6457654706,6457654027,6457880645,226618,7,32768x1x1,128x1x1,16,0,0,0
planner_debate_L_it1,measured,2,planner-final,,call_overhead,memcpy,memcpy,memcpy_Device-to-Host,20510,cudaMemcpyAsync_v3020,6457941095,6457954956,6457954147,6459420185,1466038,7,0x0x0,0x0x0,0,0,0,33554432
planner_debate_L_it1,measured,2,planner-final,,call_overhead,memcpy,memcpy,memcpy_Host-to-Device,20566,cudaMemcpyAsync_v3020,6545702522,6545730135,6545728860,6546788286,1059426,7,0x0x0,0x0x0,0,0,0,25690112
planner_debate_L_it1,measured,2,planner-final,,call_overhead,kernel,rng_init,"void at::native::<unnamed>::distribution_elementwise_grid_stride_kernel<float, (int)4, void at::native::templates::cuda::normal_and_transform<c10::Half, float, at::CUDAGeneratorImpl *, void at::native::templates::cuda::normal_kernel<at::CUDAGeneratorImpl *>(const at::TensorBase &, double, double, T1)::[lambda() (instance 1)]::operator ()() const::[lambda() (instance 3)]::operator ()() const::[lambda(float) (instance 1)]>(at::TensorIteratorBase &, T3, T4)::[lambda(curandStatePhilox4_32_10 *) (instance 2)], void at::native::<unnamed>::distribution_nullary_kernel<c10::Half, float, float4, at::CUDAGeneratorImpl *, void at::native::templates::cuda::normal_and_transform<c10::Half, float, at::CUDAGeneratorImpl *, void at::native::templates::cuda::normal_kernel<at::CUDAGeneratorImpl *>(const at::TensorBase &, double, double, T1)::[lambda() (instance 1)]::operator ()() const::[lambda() (instance 3)]::operator ()() const::[lambda(float) (instance 1)]>(at::TensorIteratorBase &, T3, T4)::[lambda(curandStatePhilox4_32_10 *) (instance 2)], void at::native::templates::cuda::normal_kernel<at::CUDAGeneratorImpl *>(const at::TensorBase &, double, double, T1)::[lambda() (instance 1)]::operator ()() const::[lambda() (instance 3)]::operator ()() const::[lambda(float) (instance 1)]>(at::TensorIteratorBase &, T4, const T5 &, T6)::[lambda(int, float) (instance 1)]>(long, at::PhiloxCudaState, T3, T4)",20619,cudaLaunchKernel_v7000,6546896287,6546930710,6546992952,6547021112,28160,7,768x1x1,256x1x1,40,0,0,0
planner_debate_L_it1,measured,2,planner-final,,call_overhead,kernel,elementwise_binary,"void at::native::vectorized_elementwise_kernel<(int)8, at::native::BUnaryFunctor<c10::Half, c10::Half, c10::Half, at::native::binary_internal::MulFunctor<float>>, std::array<char *, (unsigned long)2>>(int, T2, T3)",20629,cudaLaunchKernel_v7000,6546971709,6546979637,6547021848,6547036983,15135,7,12544x1x1,128x1x1,20,0,0,0
planner_debate_L_it1,measured,2,planner-final,6,RMSNormOp,kernel,copy,"void at::native::unrolled_elementwise_kernel<at::native::direct_copy_kernel_cuda(at::TensorIteratorBase &)::[lambda() (instance 3)]::operator ()() const::[lambda() (instance 7)]::operator ()() const::[lambda(float) (instance 1)], std::array<char *, (unsigned long)2>, (int)8, TrivialOffsetCalculator<(int)1, unsigned int>, TrivialOffsetCalculator<(int)1, unsigned int>, at::native::memory::LoadWithCast<(int)1>, at::native::memory::StoreWithCast<(int)1>>(int, T1, T2, T4, T5, T6, T7)",20652,cudaLaunchKernel_v7000,6547097183,6547107497,6547107253,6547188467,81214,7,12544x1x1,128x1x1,38,0,0,0
planner_debate_L_it1,measured,2,planner-final,6,RMSNormOp,kernel,elementwise_unary,"void at::native::vectorized_elementwise_kernel<(int)4, void at::native::<unnamed>::pow_tensor_scalar_kernel_impl<float, float>(at::TensorIteratorBase &, T2)::[lambda(float) (instance 1)], std::array<char *, (unsigned long)2>>(int, T2, T3)",20663,cudaLaunchKernel_v7000,6547126500,6547133248,6547189235,6547260657,71422,7,12544x1x1,128x1x1,20,0,0,0
planner_debate_L_it1,measured,2,planner-final,6,RMSNormOp,kernel,reduce,"void at::native::reduce_kernel<(int)512, (int)1, at::native::ReduceOp<float, at::native::MeanOps<float, float, float, float>, unsigned int, float, (int)4, (int)4>>(T3)",20677,cudaLaunchKernel_v7000,6547153664,6547160498,6547261361,6547280976,19615,7,224x1x1,32x16x1,26,16,0,0
planner_debate_L_it1,measured,2,planner-final,6,RMSNormOp,kernel,elementwise_binary,"void at::native::vectorized_elementwise_kernel<(int)4, at::native::CUDAFunctorOnSelf_add<float>, std::array<char *, (unsigned long)2>>(int, T2, T3)",20683,cudaLaunchKernel_v7000,6547178336,6547184384,6547281712,6547282896,1184,7,4x1x1,128x1x1,20,0,0,0
planner_debate_L_it1,measured,2,planner-final,6,RMSNormOp,kernel,elementwise_unary,"void at::native::vectorized_elementwise_kernel<(int)4, at::native::rsqrt_kernel_cuda(at::TensorIteratorBase &)::[lambda() (instance 2)]::operator ()() const::[lambda() (instance 2)]::operator ()() const::[lambda(float) (instance 1)], std::array<char *, (unsigned long)2>>(int, T2, T3)",20693,cudaLaunchKernel_v7000,6547199184,6547205584,6547283568,6547284688,1120,7,4x1x1,128x1x1,26,0,0,0
planner_debate_L_it1,measured,2,planner-final,6,RMSNormOp,kernel,elementwise_binary,"void at::native::elementwise_kernel<(int)128, (int)2, void at::native::gpu_kernel_impl_nocast<at::native::BinaryFunctor<float, float, float, at::native::binary_internal::MulFunctor<float>>>(at::TensorIteratorBase &, const T1 &)::[lambda(int) (instance 1)]>(int, T3)",20703,cudaLaunchKernel_v7000,6547223296,6547229260,6547285456,6547372750,87294,7,50176x1x1,128x1x1,16,0,0,0
planner_debate_L_it1,measured,2,planner-final,6,RMSNormOp,kernel,copy,"void at::native::vectorized_elementwise_kernel<(int)8, at::native::float16_copy_kernel_cuda(at::TensorIteratorBase &)::[lambda(float) (instance 1)], std::array<char *, (unsigned long)2>>(int, T2, T3)",20716,cudaLaunchKernel_v7000,6547245599,6547250480,6547373390,6547428172,54782,7,12544x1x1,128x1x1,22,0,0,0
planner_debate_L_it1,measured,2,planner-final,7,AddOp,kernel,elementwise_binary,"void at::native::vectorized_elementwise_kernel<(int)8, at::native::CUDAFunctorOnSelf_add<c10::Half>, std::array<char *, (unsigned long)2>>(int, T2, T3)",20760,cudaLaunchKernel_v7000,6547507498,6547515532,6547515146,6547529961,14815,7,12544x1x1,128x1x1,22,0,0,0
planner_debate_L_it1,measured,2,planner-final,8,RMSNormOp,kernel,copy,"void at::native::unrolled_elementwise_kernel<at::native::direct_copy_kernel_cuda(at::TensorIteratorBase &)::[lambda() (instance 3)]::operator ()() const::[lambda() (instance 7)]::operator ()() const::[lambda(float) (instance 1)], std::array<char *, (unsigned long)2>, (int)8, TrivialOffsetCalculator<(int)1, unsigned int>, TrivialOffsetCalculator<(int)1, unsigned int>, at::native::memory::LoadWithCast<(int)1>, at::native::memory::StoreWithCast<(int)1>>(int, T1, T2, T4, T5, T6, T7)",20806,cudaLaunchKernel_v7000,6547599958,6547607944,6547608007,6547658341,50334,7,12544x1x1,128x1x1,38,0,0,0
planner_debate_L_it1,measured,2,planner-final,8,RMSNormOp,kernel,elementwise_unary,"void at::native::vectorized_elementwise_kernel<(int)4, void at::native::<unnamed>::pow_tensor_scalar_kernel_impl<float, float>(at::TensorIteratorBase &, T2)::[lambda(float) (instance 1)], std::array<char *, (unsigned long)2>>(int, T2, T3)",20817,cudaLaunchKernel_v7000,6547628253,6547633451,6547659077,6547732611,73534,7,12544x1x1,128x1x1,20,0,0,0
planner_debate_L_it1,measured,2,planner-final,8,RMSNormOp,kernel,reduce,"void at::native::reduce_kernel<(int)512, (int)1, at::native::ReduceOp<float, at::native::MeanOps<float, float, float, float>, unsigned int, float, (int)4, (int)4>>(T3)",20831,cudaLaunchKernel_v7000,6547646004,6547651561,6547733283,6547755395,22112,7,224x1x1,32x16x1,26,16,0,0
planner_debate_L_it1,measured,2,planner-final,8,RMSNormOp,kernel,elementwise_binary,"void at::native::vectorized_elementwise_kernel<(int)4, at::native::CUDAFunctorOnSelf_add<float>, std::array<char *, (unsigned long)2>>(int, T2, T3)",20837,cudaLaunchKernel_v7000,6547661241,6547665943,6547756099,6547757347,1248,7,4x1x1,128x1x1,20,0,0,0
planner_debate_L_it1,measured,2,planner-final,8,RMSNormOp,kernel,elementwise_unary,"void at::native::vectorized_elementwise_kernel<(int)4, at::native::rsqrt_kernel_cuda(at::TensorIteratorBase &)::[lambda() (instance 2)]::operator ()() const::[lambda() (instance 2)]::operator ()() const::[lambda(float) (instance 1)], std::array<char *, (unsigned long)2>>(int, T2, T3)",20847,cudaLaunchKernel_v7000,6547676449,6547680958,6547758083,6547759171,1088,7,4x1x1,128x1x1,26,0,0,0
planner_debate_L_it1,measured,2,planner-final,8,RMSNormOp,kernel,elementwise_binary,"void at::native::elementwise_kernel<(int)128, (int)2, void at::native::gpu_kernel_impl_nocast<at::native::BinaryFunctor<float, float, float, at::native::binary_internal::MulFunctor<float>>>(at::TensorIteratorBase &, const T1 &)::[lambda(int) (instance 1)]>(int, T3)",20857,cudaLaunchKernel_v7000,6547691970,6547697288,6547759811,6547847328,87517,7,50176x1x1,128x1x1,16,0,0,0
planner_debate_L_it1,measured,2,planner-final,8,RMSNormOp,kernel,copy,"void at::native::vectorized_elementwise_kernel<(int)8, at::native::float16_copy_kernel_cuda(at::TensorIteratorBase &)::[lambda(float) (instance 1)], std::array<char *, (unsigned long)2>>(int, T2, T3)",20870,cudaLaunchKernel_v7000,6547709560,6547714574,6547847968,6547903326,55358,7,12544x1x1,128x1x1,22,0,0,0
planner_debate_L_it1,measured,2,planner-final,10,LinearOp,kernel,gemm,void cutlass::Kernel2<cutlass_80_tensorop_f16_s16816gemm_relu_f16_64x64_32x6_nn_align8>(T1::Params),20924,cuLaunchKernel,6548031619,6548041173,6548041083,6548677032,635949,7,448x7x1,128x1x1,96,0,49152,0
planner_debate_L_it1,measured,2,planner-final,11,LinearOp,kernel,gemm,void cutlass::Kernel2<cutlass_80_tensorop_f16_s16816gemm_relu_f16_64x64_32x6_nn_align8>(T1::Params),20976,cuLaunchKernel,6548748352,6548757995,6548755622,6549389332,633710,7,448x7x1,128x1x1,96,0,49152,0
planner_debate_L_it1,measured,2,planner-final,12,LinearOp,kernel,gemm,void cutlass::Kernel2<cutlass_80_tensorop_f16_s16816gemm_relu_f16_64x64_32x6_nn_align8>(T1::Params),21028,cuLaunchKernel,6549452116,6549458999,6549459090,6550093888,634798,7,448x7x1,128x1x1,96,0,49152,0
planner_debate_L_it1,measured,2,planner-final,14,TransposeOp,kernel,copy,"void at::native::elementwise_kernel<(int)128, (int)4, void at::native::gpu_kernel_impl_nocast<at::native::direct_copy_kernel_cuda(at::TensorIteratorBase &)::[lambda() (instance 3)]::operator ()() const::[lambda() (instance 10)]::operator ()() const::[lambda(c10::Half) (instance 1)]>(at::TensorIteratorBase &, const T1 &)::[lambda(int) (instance 1)]>(int, T3)",21107,cudaLaunchKernel_v7000,6550251967,6550262155,6550261403,6550438550,177147,7,25088x1x1,128x1x1,16,0,0,0
planner_debate_L_it1,measured,2,planner-final,,call_overhead,memcpy,memcpy,memcpy_Device-to-Host,21149,cudaMemcpyAsync_v3020,6550496718,6550508973,6550508308,6551842222,1333914,7,0x0x0,0x0x0,0,0,0,25690112
planner_debate_L_it1,measured,3,planner-seed,,call_overhead,memcpy,memcpy,memcpy_Host-to-Device,21209,cudaMemcpyAsync_v3020,6638699845,6638726222,6638724610,6639811299,1086689,7,0x0x0,0x0x0,0,0,0,25690112
planner_debate_L_it1,measured,3,planner-seed,,call_overhead,kernel,rng_init,"void at::native::<unnamed>::distribution_elementwise_grid_stride_kernel<float, (int)4, void at::native::templates::cuda::normal_and_transform<c10::Half, float, at::CUDAGeneratorImpl *, void at::native::templates::cuda::normal_kernel<at::CUDAGeneratorImpl *>(const at::TensorBase &, double, double, T1)::[lambda() (instance 1)]::operator ()() const::[lambda() (instance 3)]::operator ()() const::[lambda(float) (instance 1)]>(at::TensorIteratorBase &, T3, T4)::[lambda(curandStatePhilox4_32_10 *) (instance 2)], void at::native::<unnamed>::distribution_nullary_kernel<c10::Half, float, float4, at::CUDAGeneratorImpl *, void at::native::templates::cuda::normal_and_transform<c10::Half, float, at::CUDAGeneratorImpl *, void at::native::templates::cuda::normal_kernel<at::CUDAGeneratorImpl *>(const at::TensorBase &, double, double, T1)::[lambda() (instance 1)]::operator ()() const::[lambda() (instance 3)]::operator ()() const::[lambda(float) (instance 1)]>(at::TensorIteratorBase &, T3, T4)::[lambda(curandStatePhilox4_32_10 *) (instance 2)], void at::native::templates::cuda::normal_kernel<at::CUDAGeneratorImpl *>(const at::TensorBase &, double, double, T1)::[lambda() (instance 1)]::operator ()() const::[lambda() (instance 3)]::operator ()() const::[lambda(float) (instance 1)]>(at::TensorIteratorBase &, T4, const T5 &, T6)::[lambda(int, float) (instance 1)]>(long, at::PhiloxCudaState, T3, T4)",21262,cudaLaunchKernel_v7000,6639906431,6639944783,6640001053,6640029148,28095,7,768x1x1,256x1x1,40,0,0,0
planner_debate_L_it1,measured,3,planner-seed,,call_overhead,kernel,elementwise_binary,"void at::native::vectorized_elementwise_kernel<(int)8, at::native::BUnaryFunctor<c10::Half, c10::Half, c10::Half, at::native::binary_internal::MulFunctor<float>>, std::array<char *, (unsigned long)2>>(int, T2, T3)",21272,cudaLaunchKernel_v7000,6639982677,6639990400,6640029788,6640044764,14976,7,12544x1x1,128x1x1,20,0,0,0
planner_debate_L_it1,measured,3,planner-seed,6,RMSNormOp,kernel,copy,"void at::native::unrolled_elementwise_kernel<at::native::direct_copy_kernel_cuda(at::TensorIteratorBase &)::[lambda() (instance 3)]::operator ()() const::[lambda() (instance 7)]::operator ()() const::[lambda(float) (instance 1)], std::array<char *, (unsigned long)2>, (int)8, TrivialOffsetCalculator<(int)1, unsigned int>, TrivialOffsetCalculator<(int)1, unsigned int>, at::native::memory::LoadWithCast<(int)1>, at::native::memory::StoreWithCast<(int)1>>(int, T1, T2, T4, T5, T6, T7)",21295,cudaLaunchKernel_v7000,6640109121,6640119646,6640119706,6640201911,82205,7,12544x1x1,128x1x1,38,0,0,0
planner_debate_L_it1,measured,3,planner-seed,6,RMSNormOp,kernel,elementwise_unary,"void at::native::vectorized_elementwise_kernel<(int)4, void at::native::<unnamed>::pow_tensor_scalar_kernel_impl<float, float>(at::TensorIteratorBase &, T2)::[lambda(float) (instance 1)], std::array<char *, (unsigned long)2>>(int, T2, T3)",21306,cudaLaunchKernel_v7000,6640137724,6640143388,6640202615,6640273269,70654,7,12544x1x1,128x1x1,20,0,0,0
planner_debate_L_it1,measured,3,planner-seed,6,RMSNormOp,kernel,reduce,"void at::native::reduce_kernel<(int)512, (int)1, at::native::ReduceOp<float, at::native::MeanOps<float, float, float, float>, unsigned int, float, (int)4, (int)4>>(T3)",21320,cudaLaunchKernel_v7000,6640163185,6640170320,6640274005,6640293877,19872,7,224x1x1,32x16x1,26,16,0,0
planner_debate_L_it1,measured,3,planner-seed,6,RMSNormOp,kernel,elementwise_binary,"void at::native::vectorized_elementwise_kernel<(int)4, at::native::CUDAFunctorOnSelf_add<float>, std::array<char *, (unsigned long)2>>(int, T2, T3)",21326,cudaLaunchKernel_v7000,6640187768,6640193293,6640294517,6640295829,1312,7,4x1x1,128x1x1,20,0,0,0
planner_debate_L_it1,measured,3,planner-seed,6,RMSNormOp,kernel,elementwise_unary,"void at::native::vectorized_elementwise_kernel<(int)4, at::native::rsqrt_kernel_cuda(at::TensorIteratorBase &)::[lambda() (instance 2)]::operator ()() const::[lambda() (instance 2)]::operator ()() const::[lambda(float) (instance 1)], std::array<char *, (unsigned long)2>>(int, T2, T3)",21336,cudaLaunchKernel_v7000,6640206923,6640212561,6640296533,6640297621,1088,7,4x1x1,128x1x1,26,0,0,0
planner_debate_L_it1,measured,3,planner-seed,6,RMSNormOp,kernel,elementwise_binary,"void at::native::elementwise_kernel<(int)128, (int)2, void at::native::gpu_kernel_impl_nocast<at::native::BinaryFunctor<float, float, float, at::native::binary_internal::MulFunctor<float>>>(at::TensorIteratorBase &, const T1 &)::[lambda(int) (instance 1)]>(int, T3)",21346,cudaLaunchKernel_v7000,6640230705,6640236238,6640298325,6640385490,87165,7,50176x1x1,128x1x1,16,0,0,0
planner_debate_L_it1,measured,3,planner-seed,6,RMSNormOp,kernel,copy,"void at::native::vectorized_elementwise_kernel<(int)8, at::native::float16_copy_kernel_cuda(at::TensorIteratorBase &)::[lambda(float) (instance 1)], std::array<char *, (unsigned long)2>>(int, T2, T3)",21359,cudaLaunchKernel_v7000,6640252371,6640257159,6640386162,6640442033,55871,7,12544x1x1,128x1x1,22,0,0,0
planner_debate_L_it1,measured,3,planner-seed,7,AddOp,kernel,elementwise_binary,"void at::native::vectorized_elementwise_kernel<(int)8, at::native::CUDAFunctorOnSelf_add<c10::Half>, std::array<char *, (unsigned long)2>>(int, T2, T3)",21403,cudaLaunchKernel_v7000,6640512319,6640519634,6640519950,6640534862,14912,7,12544x1x1,128x1x1,22,0,0,0
planner_debate_L_it1,measured,3,planner-seed,8,RMSNormOp,kernel,copy,"void at::native::unrolled_elementwise_kernel<at::native::direct_copy_kernel_cuda(at::TensorIteratorBase &)::[lambda() (instance 3)]::operator ()() const::[lambda() (instance 7)]::operator ()() const::[lambda(float) (instance 1)], std::array<char *, (unsigned long)2>, (int)8, TrivialOffsetCalculator<(int)1, unsigned int>, TrivialOffsetCalculator<(int)1, unsigned int>, at::native::memory::LoadWithCast<(int)1>, at::native::memory::StoreWithCast<(int)1>>(int, T1, T2, T4, T5, T6, T7)",21449,cudaLaunchKernel_v7000,6640593781,6640600884,6640600492,6640649515,49023,7,12544x1x1,128x1x1,38,0,0,0
planner_debate_L_it1,measured,3,planner-seed,8,RMSNormOp,kernel,elementwise_unary,"void at::native::vectorized_elementwise_kernel<(int)4, void at::native::<unnamed>::pow_tensor_scalar_kernel_impl<float, float>(at::TensorIteratorBase &, T2)::[lambda(float) (instance 1)], std::array<char *, (unsigned long)2>>(int, T2, T3)",21460,cudaLaunchKernel_v7000,6640617891,6640625768,6640650251,6640722537,72286,7,12544x1x1,128x1x1,20,0,0,0
planner_debate_L_it1,measured,3,planner-seed,8,RMSNormOp,kernel,reduce,"void at::native::reduce_kernel<(int)512, (int)1, at::native::ReduceOp<float, at::native::MeanOps<float, float, float, float>, unsigned int, float, (int)4, (int)4>>(T3)",21474,cudaLaunchKernel_v7000,6640638008,6640643037,6640723209,6640745576,22367,7,224x1x1,32x16x1,26,16,0,0
planner_debate_L_it1,measured,3,planner-seed,8,RMSNormOp,kernel,elementwise_binary,"void at::native::vectorized_elementwise_kernel<(int)4, at::native::CUDAFunctorOnSelf_add<float>, std::array<char *, (unsigned long)2>>(int, T2, T3)",21480,cudaLaunchKernel_v7000,6640652199,6640656884,6640746248,6640747432,1184,7,4x1x1,128x1x1,20,0,0,0
planner_debate_L_it1,measured,3,planner-seed,8,RMSNormOp,kernel,elementwise_unary,"void at::native::vectorized_elementwise_kernel<(int)4, at::native::rsqrt_kernel_cuda(at::TensorIteratorBase &)::[lambda() (instance 2)]::operator ()() const::[lambda() (instance 2)]::operator ()() const::[lambda(float) (instance 1)], std::array<char *, (unsigned long)2>>(int, T2, T3)",21490,cudaLaunchKernel_v7000,6640665306,6640669600,6640748104,6640749192,1088,7,4x1x1,128x1x1,26,0,0,0
planner_debate_L_it1,measured,3,planner-seed,8,RMSNormOp,kernel,elementwise_binary,"void at::native::elementwise_kernel<(int)128, (int)2, void at::native::gpu_kernel_impl_nocast<at::native::BinaryFunctor<float, float, float, at::native::binary_internal::MulFunctor<float>>>(at::TensorIteratorBase &, const T1 &)::[lambda(int) (instance 1)]>(int, T3)",21500,cudaLaunchKernel_v7000,6640679611,6640684134,6640749896,6640838437,88541,7,50176x1x1,128x1x1,16,0,0,0
planner_debate_L_it1,measured,3,planner-seed,8,RMSNormOp,kernel,copy,"void at::native::vectorized_elementwise_kernel<(int)8, at::native::float16_copy_kernel_cuda(at::TensorIteratorBase &)::[lambda(float) (instance 1)], std::array<char *, (unsigned long)2>>(int, T2, T3)",21513,cudaLaunchKernel_v7000,6640695925,6640700448,6640839109,6640894084,54975,7,12544x1x1,128x1x1,22,0,0,0
planner_debate_L_it1,measured,3,planner-seed,10,LinearOp,kernel,gemm,void cutlass::Kernel2<cutlass_80_tensorop_f16_s16816gemm_relu_f16_64x64_32x6_nn_align8>(T1::Params),21567,cuLaunchKernel,6641018338,6641026291,6641026848,6641662478,635630,7,448x7x1,128x1x1,96,0,49152,0
planner_debate_L_it1,measured,3,planner-seed,11,LinearOp,kernel,gemm,void cutlass::Kernel2<cutlass_80_tensorop_f16_s16816gemm_relu_f16_64x64_32x6_nn_align8>(T1::Params),21619,cuLaunchKernel,6641730211,6641737190,6641737228,6642372698,635470,7,448x7x1,128x1x1,96,0,49152,0
planner_debate_L_it1,measured,3,planner-seed,12,LinearOp,kernel,gemm,void cutlass::Kernel2<cutlass_80_tensorop_f16_s16816gemm_relu_f16_64x64_32x6_nn_align8>(T1::Params),21671,cuLaunchKernel,6642447078,6642454128,6642454263,6643088517,634254,7,448x7x1,128x1x1,96,0,49152,0
planner_debate_L_it1,measured,3,planner-seed,14,TransposeOp,kernel,copy,"void at::native::elementwise_kernel<(int)128, (int)4, void at::native::gpu_kernel_impl_nocast<at::native::direct_copy_kernel_cuda(at::TensorIteratorBase &)::[lambda() (instance 3)]::operator ()() const::[lambda() (instance 10)]::operator ()() const::[lambda(c10::Half) (instance 1)]>(at::TensorIteratorBase &, const T1 &)::[lambda(int) (instance 1)]>(int, T3)",21750,cudaLaunchKernel_v7000,6643255633,6643266429,6643265536,6643443067,177531,7,25088x1x1,128x1x1,16,0,0,0
planner_debate_L_it1,measured,3,critic-a,,call_overhead,memcpy,memcpy,memcpy_Device-to-Host,21792,cudaMemcpyAsync_v3020,6643511731,6643522287,6643522009,6644640313,1118304,7,0x0x0,0x0x0,0,0,0,25690112
planner_debate_L_it1,measured,3,critic-a,,call_overhead,memcpy,memcpy,memcpy_Host-to-Device,21848,cudaMemcpyAsync_v3020,6754290859,6754321855,6754320834,6755686235,1365401,7,0x0x0,0x0x0,0,0,0,33554432
planner_debate_L_it1,measured,3,critic-a,,call_overhead,kernel,rng_init,"void at::native::<unnamed>::distribution_elementwise_grid_stride_kernel<float, (int)4, void at::native::templates::cuda::normal_and_transform<c10::Half, float, at::CUDAGeneratorImpl *, void at::native::templates::cuda::normal_kernel<at::CUDAGeneratorImpl *>(const at::TensorBase &, double, double, T1)::[lambda() (instance 1)]::operator ()() const::[lambda() (instance 3)]::operator ()() const::[lambda(float) (instance 1)]>(at::TensorIteratorBase &, T3, T4)::[lambda(curandStatePhilox4_32_10 *) (instance 2)], void at::native::<unnamed>::distribution_nullary_kernel<c10::Half, float, float4, at::CUDAGeneratorImpl *, void at::native::templates::cuda::normal_and_transform<c10::Half, float, at::CUDAGeneratorImpl *, void at::native::templates::cuda::normal_kernel<at::CUDAGeneratorImpl *>(const at::TensorBase &, double, double, T1)::[lambda() (instance 1)]::operator ()() const::[lambda() (instance 3)]::operator ()() const::[lambda(float) (instance 1)]>(at::TensorIteratorBase &, T3, T4)::[lambda(curandStatePhilox4_32_10 *) (instance 2)], void at::native::templates::cuda::normal_kernel<at::CUDAGeneratorImpl *>(const at::TensorBase &, double, double, T1)::[lambda() (instance 1)]::operator ()() const::[lambda() (instance 3)]::operator ()() const::[lambda(float) (instance 1)]>(at::TensorIteratorBase &, T4, const T5 &, T6)::[lambda(int, float) (instance 1)]>(long, at::PhiloxCudaState, T3, T4)",21901,cudaLaunchKernel_v7000,6755781966,6755813705,6755876342,6755912469,36127,7,768x1x1,256x1x1,40,0,0,0
planner_debate_L_it1,measured,3,critic-a,,call_overhead,kernel,elementwise_binary,"void at::native::vectorized_elementwise_kernel<(int)8, at::native::BUnaryFunctor<c10::Half, c10::Half, c10::Half, at::native::binary_internal::MulFunctor<float>>, std::array<char *, (unsigned long)2>>(int, T2, T3)",21911,cudaLaunchKernel_v7000,6755847864,6755855222,6755913621,6755933684,20063,7,16384x1x1,128x1x1,20,0,0,0
planner_debate_L_it1,measured,3,critic-a,6,RMSNormOp,kernel,copy,"void at::native::unrolled_elementwise_kernel<at::native::direct_copy_kernel_cuda(at::TensorIteratorBase &)::[lambda() (instance 3)]::operator ()() const::[lambda() (instance 7)]::operator ()() const::[lambda(float) (instance 1)], std::array<char *, (unsigned long)2>, (int)8, TrivialOffsetCalculator<(int)1, unsigned int>, TrivialOffsetCalculator<(int)1, unsigned int>, at::native::memory::LoadWithCast<(int)1>, at::native::memory::StoreWithCast<(int)1>>(int, T1, T2, T4, T5, T6, T7)",21934,cudaLaunchKernel_v7000,6755949209,6755958315,6755958324,6756074384,116060,7,16384x1x1,128x1x1,38,0,0,0
planner_debate_L_it1,measured,3,critic-a,6,RMSNormOp,kernel,elementwise_unary,"void at::native::vectorized_elementwise_kernel<(int)4, void at::native::<unnamed>::pow_tensor_scalar_kernel_impl<float, float>(at::TensorIteratorBase &, T2)::[lambda(float) (instance 1)], std::array<char *, (unsigned long)2>>(int, T2, T3)",21945,cudaLaunchKernel_v7000,6755974912,6755980763,6756075024,6756219020,143996,7,16384x1x1,128x1x1,20,0,0,0
planner_debate_L_it1,measured,3,critic-a,6,RMSNormOp,kernel,reduce,"void at::native::reduce_kernel<(int)512, (int)1, at::native::ReduceOp<float, at::native::MeanOps<float, float, float, float>, unsigned int, float, (int)4, (int)4>>(T3)",21959,cudaLaunchKernel_v7000,6756002592,6756009019,6756219724,6756256107,36383,7,256x1x1,32x16x1,26,16,0,0
planner_debate_L_it1,measured,3,critic-a,6,RMSNormOp,kernel,elementwise_binary,"void at::native::vectorized_elementwise_kernel<(int)4, at::native::CUDAFunctorOnSelf_add<float>, std::array<char *, (unsigned long)2>>(int, T2, T3)",21965,cudaLaunchKernel_v7000,6756026016,6756031926,6756256747,6756258027,1280,7,4x1x1,128x1x1,20,0,0,0
planner_debate_L_it1,measured,3,critic-a,6,RMSNormOp,kernel,elementwise_unary,"void at::native::vectorized_elementwise_kernel<(int)4, at::native::rsqrt_kernel_cuda(at::TensorIteratorBase &)::[lambda() (instance 2)]::operator ()() const::[lambda() (instance 2)]::operator ()() const::[lambda(float) (instance 1)], std::array<char *, (unsigned long)2>>(int, T2, T3)",21975,cudaLaunchKernel_v7000,6756045083,6756050164,6756258699,6756259787,1088,7,4x1x1,128x1x1,26,0,0,0
planner_debate_L_it1,measured,3,critic-a,6,RMSNormOp,kernel,elementwise_binary,"void at::native::elementwise_kernel<(int)128, (int)2, void at::native::gpu_kernel_impl_nocast<at::native::BinaryFunctor<float, float, float, at::native::binary_internal::MulFunctor<float>>>(at::TensorIteratorBase &, const T1 &)::[lambda(int) (instance 1)]>(int, T3)",21985,cudaLaunchKernel_v7000,6756065897,6756071419,6756260395,6756387463,127068,7,65536x1x1,128x1x1,16,0,0,0
planner_debate_L_it1,measured,3,critic-a,6,RMSNormOp,kernel,copy,"void at::native::vectorized_elementwise_kernel<(int)8, at::native::float16_copy_kernel_cuda(at::TensorIteratorBase &)::[lambda(float) (instance 1)], std::array<char *, (unsigned long)2>>(int, T2, T3)",21998,cudaLaunchKernel_v7000,6756086263,6756091254,6756388199,6756478693,90494,7,16384x1x1,128x1x1,22,0,0,0
planner_debate_L_it1,measured,3,critic-a,7,AddOp,kernel,elementwise_binary,"void at::native::vectorized_elementwise_kernel<(int)8, at::native::CUDAFunctorOnSelf_add<c10::Half>, std::array<char *, (unsigned long)2>>(int, T2, T3)",22042,cudaLaunchKernel_v7000,6756548208,6756555471,6756555331,6756581858,26527,7,16384x1x1,128x1x1,22,0,0,0
planner_debate_L_it1,measured,3,critic-a,8,RMSNormOp,kernel,copy,"void at::native::unrolled_elementwise_kernel<at::native::direct_copy_kernel_cuda(at::TensorIteratorBase &)::[lambda() (instance 3)]::operator ()() const::[lambda() (instance 7)]::operator ()() const::[lambda(float) (instance 1)], std::array<char *, (unsigned long)2>, (int)8, TrivialOffsetCalculator<(int)1, unsigned int>, TrivialOffsetCalculator<(int)1, unsigned int>, at::native::memory::LoadWithCast<(int)1>, at::native::memory::StoreWithCast<(int)1>>(int, T1, T2, T4, T5, T6, T7)",22088,cudaLaunchKernel_v7000,6756646421,6756653675,6756653568,6756739869,86301,7,16384x1x1,128x1x1,38,0,0,0
planner_debate_L_it1,measured,3,critic-a,8,RMSNormOp,kernel,elementwise_unary,"void at::native::vectorized_elementwise_kernel<(int)4, void at::native::<unnamed>::pow_tensor_scalar_kernel_impl<float, float>(at::TensorIteratorBase &, T2)::[lambda(float) (instance 1)], std::array<char *, (unsigned long)2>>(int, T2, T3)",22099,cudaLaunchKernel_v7000,6756663177,6756668219,6756740605,6756886041,145436,7,16384x1x1,128x1x1,20,0,0,0
planner_debate_L_it1,measured,3,critic-a,8,RMSNormOp,kernel,reduce,"void at::native::reduce_kernel<(int)512, (int)1, at::native::ReduceOp<float, at::native::MeanOps<float, float, float, float>, unsigned int, float, (int)4, (int)4>>(T3)",22113,cudaLaunchKernel_v7000,6756679779,6756684919,6756886777,6756923256,36479,7,256x1x1,32x16x1,26,16,0,0
planner_debate_L_it1,measured,3,critic-a,8,RMSNormOp,kernel,elementwise_binary,"void at::native::vectorized_elementwise_kernel<(int)4, at::native::CUDAFunctorOnSelf_add<float>, std::array<char *, (unsigned long)2>>(int, T2, T3)",22119,cudaLaunchKernel_v7000,6756693087,6756697579,6756924024,6756925272,1248,7,4x1x1,128x1x1,20,0,0,0
planner_debate_L_it1,measured,3,critic-a,8,RMSNormOp,kernel,elementwise_unary,"void at::native::vectorized_elementwise_kernel<(int)4, at::native::rsqrt_kernel_cuda(at::TensorIteratorBase &)::[lambda() (instance 2)]::operator ()() const::[lambda() (instance 2)]::operator ()() const::[lambda(float) (instance 1)], std::array<char *, (unsigned long)2>>(int, T2, T3)",22129,cudaLaunchKernel_v7000,6756705642,6756710067,6756925976,6756927064,1088,7,4x1x1,128x1x1,26,0,0,0
planner_debate_L_it1,measured,3,critic-a,8,RMSNormOp,kernel,elementwise_binary,"void at::native::elementwise_kernel<(int)128, (int)2, void at::native::gpu_kernel_impl_nocast<at::native::BinaryFunctor<float, float, float, at::native::binary_internal::MulFunctor<float>>>(at::TensorIteratorBase &, const T1 &)::[lambda(int) (instance 1)]>(int, T3)",22139,cudaLaunchKernel_v7000,6756719598,6756726416,6756927672,6757055092,127420,7,65536x1x1,128x1x1,16,0,0,0
planner_debate_L_it1,measured,3,critic-a,8,RMSNormOp,kernel,copy,"void at::native::vectorized_elementwise_kernel<(int)8, at::native::float16_copy_kernel_cuda(at::TensorIteratorBase &)::[lambda(float) (instance 1)], std::array<char *, (unsigned long)2>>(int, T2, T3)",22152,cudaLaunchKernel_v7000,6756737551,6756742036,6757055796,6757147666,91870,7,16384x1x1,128x1x1,22,0,0,0
planner_debate_L_it1,measured,3,critic-a,10,LinearOp,memset,memset,memset,22200,cudaMemsetAsync_v3020,6757241639,6757257703,6757259087,6757259951,864,7,0x0x0,0x0x0,0,0,0,4096
planner_debate_L_it1,measured,3,critic-a,10,LinearOp,kernel,gemm,ampere_fp16_s1688gemm_fp16_128x128_ldg8_f2f_stages_32x1_nn,22203,cudaLaunchKernel_v7000,6757269338,6757278847,6757278350,6758130966,852616,7,32x32x3,128x1x1,234,32768,0,0
planner_debate_L_it1,measured,3,critic-a,11,LinearOp,memset,memset,memset,22250,cudaMemsetAsync_v3020,6758193013,6758197976,6758199284,6758200148,864,7,0x0x0,0x0x0,0,0,0,4096
planner_debate_L_it1,measured,3,critic-a,11,LinearOp,kernel,gemm,ampere_fp16_s1688gemm_fp16_128x128_ldg8_f2f_stages_32x1_nn,22253,cudaLaunchKernel_v7000,6758202912,6758209994,6758210036,6759061947,851911,7,32x32x3,128x1x1,234,32768,0,0
planner_debate_L_it1,measured,3,critic-a,12,LinearOp,memset,memset,memset,22300,cudaMemsetAsync_v3020,6759117311,6759121662,6759123066,6759123897,831,7,0x0x0,0x0x0,0,0,0,4096
planner_debate_L_it1,measured,3,critic-a,12,LinearOp,kernel,gemm,ampere_fp16_s1688gemm_fp16_128x128_ldg8_f2f_stages_32x1_nn,22303,cudaLaunchKernel_v7000,6759126150,6759132966,6759132761,6759984225,851464,7,32x32x3,128x1x1,234,32768,0,0
planner_debate_L_it1,measured,3,critic-a,14,TransposeOp,kernel,copy,"void at::native::elementwise_kernel<(int)128, (int)4, void at::native::gpu_kernel_impl_nocast<at::native::direct_copy_kernel_cuda(at::TensorIteratorBase &)::[lambda() (instance 3)]::operator ()() const::[lambda() (instance 10)]::operator ()() const::[lambda(c10::Half) (instance 1)]>(at::TensorIteratorBase &, const T1 &)::[lambda(int) (instance 1)]>(int, T3)",22383,cudaLaunchKernel_v7000,6760130108,6760138893,6760138525,6760364822,226297,7,32768x1x1,128x1x1,16,0,0,0
planner_debate_L_it1,measured,3,critic-b,,call_overhead,memcpy,memcpy,memcpy_Device-to-Host,22425,cudaMemcpyAsync_v3020,6760421156,6760432227,6760432020,6761904362,1472342,7,0x0x0,0x0x0,0,0,0,33554432
planner_debate_L_it1,measured,3,critic-b,,call_overhead,memcpy,memcpy,memcpy_Host-to-Device,22481,cudaMemcpyAsync_v3020,6875829048,6875853395,6875851770,6877214419,1362649,7,0x0x0,0x0x0,0,0,0,33554432
planner_debate_L_it1,measured,3,critic-b,,call_overhead,kernel,rng_init,"void at::native::<unnamed>::distribution_elementwise_grid_stride_kernel<float, (int)4, void at::native::templates::cuda::normal_and_transform<c10::Half, float, at::CUDAGeneratorImpl *, void at::native::templates::cuda::normal_kernel<at::CUDAGeneratorImpl *>(const at::TensorBase &, double, double, T1)::[lambda() (instance 1)]::operator ()() const::[lambda() (instance 3)]::operator ()() const::[lambda(float) (instance 1)]>(at::TensorIteratorBase &, T3, T4)::[lambda(curandStatePhilox4_32_10 *) (instance 2)], void at::native::<unnamed>::distribution_nullary_kernel<c10::Half, float, float4, at::CUDAGeneratorImpl *, void at::native::templates::cuda::normal_and_transform<c10::Half, float, at::CUDAGeneratorImpl *, void at::native::templates::cuda::normal_kernel<at::CUDAGeneratorImpl *>(const at::TensorBase &, double, double, T1)::[lambda() (instance 1)]::operator ()() const::[lambda() (instance 3)]::operator ()() const::[lambda(float) (instance 1)]>(at::TensorIteratorBase &, T3, T4)::[lambda(curandStatePhilox4_32_10 *) (instance 2)], void at::native::templates::cuda::normal_kernel<at::CUDAGeneratorImpl *>(const at::TensorBase &, double, double, T1)::[lambda() (instance 1)]::operator ()() const::[lambda() (instance 3)]::operator ()() const::[lambda(float) (instance 1)]>(at::TensorIteratorBase &, T4, const T5 &, T6)::[lambda(int, float) (instance 1)]>(long, at::PhiloxCudaState, T3, T4)",22534,cudaLaunchKernel_v7000,6877310128,6877341287,6877403726,6877439693,35967,7,768x1x1,256x1x1,40,0,0,0
planner_debate_L_it1,measured,3,critic-b,,call_overhead,kernel,elementwise_binary,"void at::native::vectorized_elementwise_kernel<(int)8, at::native::BUnaryFunctor<c10::Half, c10::Half, c10::Half, at::native::binary_internal::MulFunctor<float>>, std::array<char *, (unsigned long)2>>(int, T2, T3)",22544,cudaLaunchKernel_v7000,6877379537,6877388066,6877440333,6877459948,19615,7,16384x1x1,128x1x1,20,0,0,0
planner_debate_L_it1,measured,3,critic-b,6,RMSNormOp,kernel,copy,"void at::native::unrolled_elementwise_kernel<at::native::direct_copy_kernel_cuda(at::TensorIteratorBase &)::[lambda() (instance 3)]::operator ()() const::[lambda() (instance 7)]::operator ()() const::[lambda(float) (instance 1)], std::array<char *, (unsigned long)2>, (int)8, TrivialOffsetCalculator<(int)1, unsigned int>, TrivialOffsetCalculator<(int)1, unsigned int>, at::native::memory::LoadWithCast<(int)1>, at::native::memory::StoreWithCast<(int)1>>(int, T1, T2, T4, T5, T6, T7)",22567,cudaLaunchKernel_v7000,6877484894,6877493750,6877494091,6877607816,113725,7,16384x1x1,128x1x1,38,0,0,0
planner_debate_L_it1,measured,3,critic-b,6,RMSNormOp,kernel,elementwise_unary,"void at::native::vectorized_elementwise_kernel<(int)4, void at::native::<unnamed>::pow_tensor_scalar_kernel_impl<float, float>(at::TensorIteratorBase &, T2)::[lambda(float) (instance 1)], std::array<char *, (unsigned long)2>>(int, T2, T3)",22578,cudaLaunchKernel_v7000,6877510688,6877516941,6877608520,6877754596,146076,7,16384x1x1,128x1x1,20,0,0,0
planner_debate_L_it1,measured,3,critic-b,6,RMSNormOp,kernel,reduce,"void at::native::reduce_kernel<(int)512, (int)1, at::native::ReduceOp<float, at::native::MeanOps<float, float, float, float>, unsigned int, float, (int)4, (int)4>>(T3)",22592,cudaLaunchKernel_v7000,6877536189,6877543253,6877755300,6877793283,37983,7,256x1x1,32x16x1,26,16,0,0
planner_debate_L_it1,measured,3,critic-b,6,RMSNormOp,kernel,elementwise_binary,"void at::native::vectorized_elementwise_kernel<(int)4, at::native::CUDAFunctorOnSelf_add<float>, std::array<char *, (unsigned long)2>>(int, T2, T3)",22598,cudaLaunchKernel_v7000,6877561100,6877567401,6877793955,6877795235,1280,7,4x1x1,128x1x1,20,0,0,0
planner_debate_L_it1,measured,3,critic-b,6,RMSNormOp,kernel,elementwise_unary,"void at::native::vectorized_elementwise_kernel<(int)4, at::native::rsqrt_kernel_cuda(at::TensorIteratorBase &)::[lambda() (instance 2)]::operator ()() const::[lambda() (instance 2)]::operator ()() const::[lambda(float) (instance 1)], std::array<char *, (unsigned long)2>>(int, T2, T3)",22608,cudaLaunchKernel_v7000,6877580424,6877586114,6877795971,6877797091,1120,7,4x1x1,128x1x1,26,0,0,0
planner_debate_L_it1,measured,3,critic-b,6,RMSNormOp,kernel,elementwise_binary,"void at::native::elementwise_kernel<(int)128, (int)2, void at::native::gpu_kernel_impl_nocast<at::native::BinaryFunctor<float, float, float, at::native::binary_internal::MulFunctor<float>>>(at::TensorIteratorBase &, const T1 &)::[lambda(int) (instance 1)]>(int, T3)",22618,cudaLaunchKernel_v7000,6877601935,6877610449,6877797731,6877924479,126748,7,65536x1x1,128x1x1,16,0,0,0
planner_debate_L_it1,measured,3,critic-b,6,RMSNormOp,kernel,copy,"void at::native::vectorized_elementwise_kernel<(int)8, at::native::float16_copy_kernel_cuda(at::TensorIteratorBase &)::[lambda(float) (instance 1)], std::array<char *, (unsigned long)2>>(int, T2, T3)",22631,cudaLaunchKernel_v7000,6877631812,6877637327,6877925599,6878017084,91485,7,16384x1x1,128x1x1,22,0,0,0
planner_debate_L_it1,measured,3,critic-b,7,AddOp,kernel,elementwise_binary,"void at::native::vectorized_elementwise_kernel<(int)8, at::native::CUDAFunctorOnSelf_add<c10::Half>, std::array<char *, (unsigned long)2>>(int, T2, T3)",22675,cudaLaunchKernel_v7000,6878091034,6878098617,6878098394,6878125465,27071,7,16384x1x1,128x1x1,22,0,0,0
planner_debate_L_it1,measured,3,critic-b,8,RMSNormOp,kernel,copy,"void at::native::unrolled_elementwise_kernel<at::native::direct_copy_kernel_cuda(at::TensorIteratorBase &)::[lambda() (instance 3)]::operator ()() const::[lambda() (instance 7)]::operator ()() const::[lambda(float) (instance 1)], std::array<char *, (unsigned long)2>, (int)8, TrivialOffsetCalculator<(int)1, unsigned int>, TrivialOffsetCalculator<(int)1, unsigned int>, at::native::memory::LoadWithCast<(int)1>, at::native::memory::StoreWithCast<(int)1>>(int, T1, T2, T4, T5, T6, T7)",22721,cudaLaunchKernel_v7000,6878183722,6878191389,6878191319,6878280725,89406,7,16384x1x1,128x1x1,38,0,0,0
planner_debate_L_it1,measured,3,critic-b,8,RMSNormOp,kernel,elementwise_unary,"void at::native::vectorized_elementwise_kernel<(int)4, void at::native::<unnamed>::pow_tensor_scalar_kernel_impl<float, float>(at::TensorIteratorBase &, T2)::[lambda(float) (instance 1)], std::array<char *, (unsigned long)2>>(int, T2, T3)",22732,cudaLaunchKernel_v7000,6878202833,6878207806,6878281365,6878439248,157883,7,16384x1x1,128x1x1,20,0,0,0
planner_debate_L_it1,measured,3,critic-b,8,RMSNormOp,kernel,reduce,"void at::native::reduce_kernel<(int)512, (int)1, at::native::ReduceOp<float, at::native::MeanOps<float, float, float, float>, unsigned int, float, (int)4, (int)4>>(T3)",22746,cudaLaunchKernel_v7000,6878220941,6878226013,6878440016,6878471439,31423,7,256x1x1,32x16x1,26,16,0,0
planner_debate_L_it1,measured,3,critic-b,8,RMSNormOp,kernel,elementwise_binary,"void at::native::vectorized_elementwise_kernel<(int)4, at::native::CUDAFunctorOnSelf_add<float>, std::array<char *, (unsigned long)2>>(int, T2, T3)",22752,cudaLaunchKernel_v7000,6878234942,6878239623,6878472175,6878473423,1248,7,4x1x1,128x1x1,20,0,0,0
planner_debate_L_it1,measured,3,critic-b,8,RMSNormOp,kernel,elementwise_unary,"void at::native::vectorized_elementwise_kernel<(int)4, at::native::rsqrt_kernel_cuda(at::TensorIteratorBase &)::[lambda() (instance 2)]::operator ()() const::[lambda() (instance 2)]::operator ()() const::[lambda(float) (instance 1)], std::array<char *, (unsigned long)2>>(int, T2, T3)",22762,cudaLaunchKernel_v7000,6878248697,6878253343,6878474191,6878475279,1088,7,4x1x1,128x1x1,26,0,0,0
planner_debate_L_it1,measured,3,critic-b,8,RMSNormOp,kernel,elementwise_binary,"void at::native::elementwise_kernel<(int)128, (int)2, void at::native::gpu_kernel_impl_nocast<at::native::BinaryFunctor<float, float, float, at::native::binary_internal::MulFunctor<float>>>(at::TensorIteratorBase &, const T1 &)::[lambda(int) (instance 1)]>(int, T3)",22772,cudaLaunchKernel_v7000,6878263312,6878268489,6878475951,6878612939,136988,7,65536x1x1,128x1x1,16,0,0,0
planner_debate_L_it1,measured,3,critic-b,8,RMSNormOp,kernel,copy,"void at::native::vectorized_elementwise_kernel<(int)8, at::native::float16_copy_kernel_cuda(at::TensorIteratorBase &)::[lambda(float) (instance 1)], std::array<char *, (unsigned long)2>>(int, T2, T3)",22785,cudaLaunchKernel_v7000,6878280177,6878284843,6878614059,6878707145,93086,7,16384x1x1,128x1x1,22,0,0,0
planner_debate_L_it1,measured,3,critic-b,10,LinearOp,memset,memset,memset,22833,cudaMemsetAsync_v3020,6878833227,6878848701,6878850149,6878851013,864,7,0x0x0,0x0x0,0,0,0,4096
planner_debate_L_it1,measured,3,critic-b,10,LinearOp,kernel,gemm,ampere_fp16_s1688gemm_fp16_128x128_ldg8_f2f_stages_32x1_nn,22836,cudaLaunchKernel_v7000,6878861024,6878872647,6878871076,6879722924,851848,7,32x32x3,128x1x1,234,32768,0,0
planner_debate_L_it1,measured,3,critic-b,11,LinearOp,memset,memset,memset,22883,cudaMemsetAsync_v3020,6879790355,6879795169,6879796490,6879797354,864,7,0x0x0,0x0x0,0,0,0,4096
planner_debate_L_it1,measured,3,critic-b,11,LinearOp,kernel,gemm,ampere_fp16_s1688gemm_fp16_128x128_ldg8_f2f_stages_32x1_nn,22886,cudaLaunchKernel_v7000,6879800304,6879808182,6879807849,6880658993,851144,7,32x32x3,128x1x1,234,32768,0,0
planner_debate_L_it1,measured,3,critic-b,12,LinearOp,memset,memset,memset,22933,cudaMemsetAsync_v3020,6880719674,6880724130,6880725711,6880726543,832,7,0x0x0,0x0x0,0,0,0,4096
planner_debate_L_it1,measured,3,critic-b,12,LinearOp,kernel,gemm,ampere_fp16_s1688gemm_fp16_128x128_ldg8_f2f_stages_32x1_nn,22936,cudaLaunchKernel_v7000,6880728950,6880736303,6880736015,6881587223,851208,7,32x32x3,128x1x1,234,32768,0,0
planner_debate_L_it1,measured,3,critic-b,14,TransposeOp,kernel,copy,"void at::native::elementwise_kernel<(int)128, (int)4, void at::native::gpu_kernel_impl_nocast<at::native::direct_copy_kernel_cuda(at::TensorIteratorBase &)::[lambda() (instance 3)]::operator ()() const::[lambda() (instance 10)]::operator ()() const::[lambda(c10::Half) (instance 1)]>(at::TensorIteratorBase &, const T1 &)::[lambda(int) (instance 1)]>(int, T3)",23016,cudaLaunchKernel_v7000,6881743478,6881753526,6881753074,6881979499,226425,7,32768x1x1,128x1x1,16,0,0,0
planner_debate_L_it1,measured,3,critic-merge,,call_overhead,memcpy,memcpy,memcpy_Device-to-Host,23058,cudaMemcpyAsync_v3020,6882043415,6882054223,6882053929,6883719546,1665617,7,0x0x0,0x0x0,0,0,0,33554432
planner_debate_L_it1,measured,3,critic-merge,,call_overhead,memcpy,memcpy,memcpy_Host-to-Device,23114,cudaMemcpyAsync_v3020,7000229941,7000257370,7000254880,7001652472,1397592,7,0x0x0,0x0x0,0,0,0,33554432
planner_debate_L_it1,measured,3,critic-merge,,call_overhead,kernel,rng_init,"void at::native::<unnamed>::distribution_elementwise_grid_stride_kernel<float, (int)4, void at::native::templates::cuda::normal_and_transform<c10::Half, float, at::CUDAGeneratorImpl *, void at::native::templates::cuda::normal_kernel<at::CUDAGeneratorImpl *>(const at::TensorBase &, double, double, T1)::[lambda() (instance 1)]::operator ()() const::[lambda() (instance 3)]::operator ()() const::[lambda(float) (instance 1)]>(at::TensorIteratorBase &, T3, T4)::[lambda(curandStatePhilox4_32_10 *) (instance 2)], void at::native::<unnamed>::distribution_nullary_kernel<c10::Half, float, float4, at::CUDAGeneratorImpl *, void at::native::templates::cuda::normal_and_transform<c10::Half, float, at::CUDAGeneratorImpl *, void at::native::templates::cuda::normal_kernel<at::CUDAGeneratorImpl *>(const at::TensorBase &, double, double, T1)::[lambda() (instance 1)]::operator ()() const::[lambda() (instance 3)]::operator ()() const::[lambda(float) (instance 1)]>(at::TensorIteratorBase &, T3, T4)::[lambda(curandStatePhilox4_32_10 *) (instance 2)], void at::native::templates::cuda::normal_kernel<at::CUDAGeneratorImpl *>(const at::TensorBase &, double, double, T1)::[lambda() (instance 1)]::operator ()() const::[lambda() (instance 3)]::operator ()() const::[lambda(float) (instance 1)]>(at::TensorIteratorBase &, T4, const T5 &, T6)::[lambda(int, float) (instance 1)]>(long, at::PhiloxCudaState, T3, T4)",23167,cudaLaunchKernel_v7000,7001753612,7001786212,7001849426,7001885137,35711,7,768x1x1,256x1x1,40,0,0,0
planner_debate_L_it1,measured,3,critic-merge,,call_overhead,kernel,elementwise_binary,"void at::native::vectorized_elementwise_kernel<(int)8, at::native::BUnaryFunctor<c10::Half, c10::Half, c10::Half, at::native::binary_internal::MulFunctor<float>>, std::array<char *, (unsigned long)2>>(int, T2, T3)",23177,cudaLaunchKernel_v7000,7001822614,7001830424,7001885841,7001905169,19328,7,16384x1x1,128x1x1,20,0,0,0
planner_debate_L_it1,measured,3,critic-merge,6,RMSNormOp,kernel,copy,"void at::native::unrolled_elementwise_kernel<at::native::direct_copy_kernel_cuda(at::TensorIteratorBase &)::[lambda() (instance 3)]::operator ()() const::[lambda() (instance 7)]::operator ()() const::[lambda(float) (instance 1)], std::array<char *, (unsigned long)2>, (int)8, TrivialOffsetCalculator<(int)1, unsigned int>, TrivialOffsetCalculator<(int)1, unsigned int>, at::native::memory::LoadWithCast<(int)1>, at::native::memory::StoreWithCast<(int)1>>(int, T1, T2, T4, T5, T6, T7)",23200,cudaLaunchKernel_v7000,7001931157,7001940341,7001940592,7002054957,114365,7,16384x1x1,128x1x1,38,0,0,0
planner_debate_L_it1,measured,3,critic-merge,6,RMSNormOp,kernel,elementwise_unary,"void at::native::vectorized_elementwise_kernel<(int)4, void at::native::<unnamed>::pow_tensor_scalar_kernel_impl<float, float>(at::TensorIteratorBase &, T2)::[lambda(float) (instance 1)], std::array<char *, (unsigned long)2>>(int, T2, T3)",23211,cudaLaunchKernel_v7000,7001959103,7001965513,7002055661,7002200104,144443,7,16384x1x1,128x1x1,20,0,0,0
planner_debate_L_it1,measured,3,critic-merge,6,RMSNormOp,kernel,reduce,"void at::native::reduce_kernel<(int)512, (int)1, at::native::ReduceOp<float, at::native::MeanOps<float, float, float, float>, unsigned int, float, (int)4, (int)4>>(T3)",23225,cudaLaunchKernel_v7000,7001986523,7001993466,7002200744,7002236999,36255,7,256x1x1,32x16x1,26,16,0,0
planner_debate_L_it1,measured,3,critic-merge,6,RMSNormOp,kernel,elementwise_binary,"void at::native::vectorized_elementwise_kernel<(int)4, at::native::CUDAFunctorOnSelf_add<float>, std::array<char *, (unsigned long)2>>(int, T2, T3)",23231,cudaLaunchKernel_v7000,7002010811,7002016742,7002237767,7002239047,1280,7,4x1x1,128x1x1,20,0,0,0
planner_debate_L_it1,measured,3,critic-merge,6,RMSNormOp,kernel,elementwise_unary,"void at::native::vectorized_elementwise_kernel<(int)4, at::native::rsqrt_kernel_cuda(at::TensorIteratorBase &)::[lambda() (instance 2)]::operator ()() const::[lambda() (instance 2)]::operator ()() const::[lambda(float) (instance 1)], std::array<char *, (unsigned long)2>>(int, T2, T3)",23241,cudaLaunchKernel_v7000,7002030368,7002036569,7002239783,7002240871,1088,7,4x1x1,128x1x1,26,0,0,0
planner_debate_L_it1,measured,3,critic-merge,6,RMSNormOp,kernel,elementwise_binary,"void at::native::elementwise_kernel<(int)128, (int)2, void at::native::gpu_kernel_impl_nocast<at::native::BinaryFunctor<float, float, float, at::native::binary_internal::MulFunctor<float>>>(at::TensorIteratorBase &, const T1 &)::[lambda(int) (instance 1)]>(int, T3)",23251,cudaLaunchKernel_v7000,7002053351,7002059161,7002241511,7002369604,128093,7,65536x1x1,128x1x1,16,0,0,0
planner_debate_L_it1,measured,3,critic-merge,6,RMSNormOp,kernel,copy,"void at::native::vectorized_elementwise_kernel<(int)8, at::native::float16_copy_kernel_cuda(at::TensorIteratorBase &)::[lambda(float) (instance 1)], std::array<char *, (unsigned long)2>>(int, T2, T3)",23264,cudaLaunchKernel_v7000,7002075285,7002080654,7002370340,7002461633,91293,7,16384x1x1,128x1x1,22,0,0,0
planner_debate_L_it1,measured,3,critic-merge,7,AddOp,kernel,elementwise_binary,"void at::native::vectorized_elementwise_kernel<(int)8, at::native::CUDAFunctorOnSelf_add<c10::Half>, std::array<char *, (unsigned long)2>>(int, T2, T3)",23308,cudaLaunchKernel_v7000,7002533670,7002545166,7002541151,7002568030,26879,7,16384x1x1,128x1x1,22,0,0,0
planner_debate_L_it1,measured,3,critic-merge,8,RMSNormOp,kernel,copy,"void at::native::unrolled_elementwise_kernel<at::native::direct_copy_kernel_cuda(at::TensorIteratorBase &)::[lambda() (instance 3)]::operator ()() const::[lambda() (instance 7)]::operator ()() const::[lambda(float) (instance 1)], std::array<char *, (unsigned long)2>, (int)8, TrivialOffsetCalculator<(int)1, unsigned int>, TrivialOffsetCalculator<(int)1, unsigned int>, at::native::memory::LoadWithCast<(int)1>, at::native::memory::StoreWithCast<(int)1>>(int, T1, T2, T4, T5, T6, T7)",23354,cudaLaunchKernel_v7000,7002637330,7002645269,7002645148,7002732985,87837,7,16384x1x1,128x1x1,38,0,0,0
planner_debate_L_it1,measured,3,critic-merge,8,RMSNormOp,kernel,elementwise_unary,"void at::native::vectorized_elementwise_kernel<(int)4, void at::native::<unnamed>::pow_tensor_scalar_kernel_impl<float, float>(at::TensorIteratorBase &, T2)::[lambda(float) (instance 1)], std::array<char *, (unsigned long)2>>(int, T2, T3)",23365,cudaLaunchKernel_v7000,7002657374,7002662708,7002733721,7002877525,143804,7,16384x1x1,128x1x1,20,0,0,0
planner_debate_L_it1,measured,3,critic-merge,8,RMSNormOp,kernel,reduce,"void at::native::reduce_kernel<(int)512, (int)1, at::native::ReduceOp<float, at::native::MeanOps<float, float, float, float>, unsigned int, float, (int)4, (int)4>>(T3)",23379,cudaLaunchKernel_v7000,7002675644,7002681255,7002878229,7002915092,36863,7,256x1x1,32x16x1,26,16,0,0
planner_debate_L_it1,measured,3,critic-merge,8,RMSNormOp,kernel,elementwise_binary,"void at::native::vectorized_elementwise_kernel<(int)4, at::native::CUDAFunctorOnSelf_add<float>, std::array<char *, (unsigned long)2>>(int, T2, T3)",23385,cudaLaunchKernel_v7000,7002691044,7002695918,7002915764,7002917012,1248,7,4x1x1,128x1x1,20,0,0,0
planner_debate_L_it1,measured,3,critic-merge,8,RMSNormOp,kernel,elementwise_unary,"void at::native::vectorized_elementwise_kernel<(int)4, at::native::rsqrt_kernel_cuda(at::TensorIteratorBase &)::[lambda() (instance 2)]::operator ()() const::[lambda() (instance 2)]::operator ()() const::[lambda(float) (instance 1)], std::array<char *, (unsigned long)2>>(int, T2, T3)",23395,cudaLaunchKernel_v7000,7002705599,7002710393,7002917748,7002918836,1088,7,4x1x1,128x1x1,26,0,0,0
planner_debate_L_it1,measured,3,critic-merge,8,RMSNormOp,kernel,elementwise_binary,"void at::native::elementwise_kernel<(int)128, (int)2, void at::native::gpu_kernel_impl_nocast<at::native::BinaryFunctor<float, float, float, at::native::binary_internal::MulFunctor<float>>>(at::TensorIteratorBase &, const T1 &)::[lambda(int) (instance 1)]>(int, T3)",23405,cudaLaunchKernel_v7000,7002721052,7002726155,7002919476,7003046768,127292,7,65536x1x1,128x1x1,16,0,0,0
planner_debate_L_it1,measured,3,critic-merge,8,RMSNormOp,kernel,copy,"void at::native::vectorized_elementwise_kernel<(int)8, at::native::float16_copy_kernel_cuda(at::TensorIteratorBase &)::[lambda(float) (instance 1)], std::array<char *, (unsigned long)2>>(int, T2, T3)",23418,cudaLaunchKernel_v7000,7002738154,7002743202,7003047440,7003137806,90366,7,16384x1x1,128x1x1,22,0,0,0
planner_debate_L_it1,measured,3,critic-merge,10,LinearOp,memset,memset,memset,23466,cudaMemsetAsync_v3020,7003242806,7003257143,7003258762,7003259626,864,7,0x0x0,0x0x0,0,0,0,4096
planner_debate_L_it1,measured,3,critic-merge,10,LinearOp,kernel,gemm,ampere_fp16_s1688gemm_fp16_128x128_ldg8_f2f_stages_32x1_nn,23469,cudaLaunchKernel_v7000,7003268607,7003277483,7003277034,7004129873,852839,7,32x32x3,128x1x1,234,32768,0,0
planner_debate_L_it1,measured,3,critic-merge,11,LinearOp,memset,memset,memset,23516,cudaMemsetAsync_v3020,7004197450,7004202441,7004203855,7004204719,864,7,0x0x0,0x0x0,0,0,0,4096
planner_debate_L_it1,measured,3,critic-merge,11,LinearOp,kernel,gemm,ampere_fp16_s1688gemm_fp16_128x128_ldg8_f2f_stages_32x1_nn,23519,cudaLaunchKernel_v7000,7004207602,7004218641,7004214831,7005066423,851592,7,32x32x3,128x1x1,234,32768,0,0
planner_debate_L_it1,measured,3,critic-merge,12,LinearOp,memset,memset,memset,23566,cudaMemsetAsync_v3020,7005129788,7005134137,7005135605,7005136469,864,7,0x0x0,0x0x0,0,0,0,4096
planner_debate_L_it1,measured,3,critic-merge,12,LinearOp,kernel,gemm,ampere_fp16_s1688gemm_fp16_128x128_ldg8_f2f_stages_32x1_nn,23569,cudaLaunchKernel_v7000,7005138932,7005146122,7005145748,7005997180,851432,7,32x32x3,128x1x1,234,32768,0,0
planner_debate_L_it1,measured,3,critic-merge,14,TransposeOp,kernel,copy,"void at::native::elementwise_kernel<(int)128, (int)4, void at::native::gpu_kernel_impl_nocast<at::native::direct_copy_kernel_cuda(at::TensorIteratorBase &)::[lambda() (instance 3)]::operator ()() const::[lambda() (instance 10)]::operator ()() const::[lambda(c10::Half) (instance 1)]>(at::TensorIteratorBase &, const T1 &)::[lambda(int) (instance 1)]>(int, T3)",23649,cudaLaunchKernel_v7000,7006151557,7006161190,7006160568,7006387025,226457,7,32768x1x1,128x1x1,16,0,0,0
planner_debate_L_it1,measured,3,planner-final,,call_overhead,memcpy,memcpy,memcpy_Device-to-Host,23691,cudaMemcpyAsync_v3020,7006445830,7006461018,7006460271,7007939237,1478966,7,0x0x0,0x0x0,0,0,0,33554432
planner_debate_L_it1,measured,3,planner-final,,call_overhead,memcpy,memcpy,memcpy_Host-to-Device,23747,cudaMemcpyAsync_v3020,7096702948,7096731977,7096730146,7097866593,1136447,7,0x0x0,0x0x0,0,0,0,25690112
planner_debate_L_it1,measured,3,planner-final,,call_overhead,kernel,rng_init,"void at::native::<unnamed>::distribution_elementwise_grid_stride_kernel<float, (int)4, void at::native::templates::cuda::normal_and_transform<c10::Half, float, at::CUDAGeneratorImpl *, void at::native::templates::cuda::normal_kernel<at::CUDAGeneratorImpl *>(const at::TensorBase &, double, double, T1)::[lambda() (instance 1)]::operator ()() const::[lambda() (instance 3)]::operator ()() const::[lambda(float) (instance 1)]>(at::TensorIteratorBase &, T3, T4)::[lambda(curandStatePhilox4_32_10 *) (instance 2)], void at::native::<unnamed>::distribution_nullary_kernel<c10::Half, float, float4, at::CUDAGeneratorImpl *, void at::native::templates::cuda::normal_and_transform<c10::Half, float, at::CUDAGeneratorImpl *, void at::native::templates::cuda::normal_kernel<at::CUDAGeneratorImpl *>(const at::TensorBase &, double, double, T1)::[lambda() (instance 1)]::operator ()() const::[lambda() (instance 3)]::operator ()() const::[lambda(float) (instance 1)]>(at::TensorIteratorBase &, T3, T4)::[lambda(curandStatePhilox4_32_10 *) (instance 2)], void at::native::templates::cuda::normal_kernel<at::CUDAGeneratorImpl *>(const at::TensorBase &, double, double, T1)::[lambda() (instance 1)]::operator ()() const::[lambda() (instance 3)]::operator ()() const::[lambda(float) (instance 1)]>(at::TensorIteratorBase &, T4, const T5 &, T6)::[lambda(int, float) (instance 1)]>(long, at::PhiloxCudaState, T3, T4)",23800,cudaLaunchKernel_v7000,7097973521,7098008486,7098070908,7098099003,28095,7,768x1x1,256x1x1,40,0,0,0
planner_debate_L_it1,measured,3,planner-final,,call_overhead,kernel,elementwise_binary,"void at::native::vectorized_elementwise_kernel<(int)8, at::native::BUnaryFunctor<c10::Half, c10::Half, c10::Half, at::native::binary_internal::MulFunctor<float>>, std::array<char *, (unsigned long)2>>(int, T2, T3)",23810,cudaLaunchKernel_v7000,7098051031,7098059345,7098099643,7098114554,14911,7,12544x1x1,128x1x1,20,0,0,0
planner_debate_L_it1,measured,3,planner-final,6,RMSNormOp,kernel,copy,"void at::native::unrolled_elementwise_kernel<at::native::direct_copy_kernel_cuda(at::TensorIteratorBase &)::[lambda() (instance 3)]::operator ()() const::[lambda() (instance 7)]::operator ()() const::[lambda(float) (instance 1)], std::array<char *, (unsigned long)2>, (int)8, TrivialOffsetCalculator<(int)1, unsigned int>, TrivialOffsetCalculator<(int)1, unsigned int>, at::native::memory::LoadWithCast<(int)1>, at::native::memory::StoreWithCast<(int)1>>(int, T1, T2, T4, T5, T6, T7)",23833,cudaLaunchKernel_v7000,7098160236,7098170120,7098170329,7098254230,83901,7,12544x1x1,128x1x1,38,0,0,0
planner_debate_L_it1,measured,3,planner-final,6,RMSNormOp,kernel,elementwise_unary,"void at::native::vectorized_elementwise_kernel<(int)4, void at::native::<unnamed>::pow_tensor_scalar_kernel_impl<float, float>(at::TensorIteratorBase &, T2)::[lambda(float) (instance 1)], std::array<char *, (unsigned long)2>>(int, T2, T3)",23844,cudaLaunchKernel_v7000,7098189511,7098195573,7098254966,7098327732,72766,7,12544x1x1,128x1x1,20,0,0,0
planner_debate_L_it1,measured,3,planner-final,6,RMSNormOp,kernel,reduce,"void at::native::reduce_kernel<(int)512, (int)1, at::native::ReduceOp<float, at::native::MeanOps<float, float, float, float>, unsigned int, float, (int)4, (int)4>>(T3)",23858,cudaLaunchKernel_v7000,7098217954,7098224768,7098328468,7098348980,20512,7,224x1x1,32x16x1,26,16,0,0
planner_debate_L_it1,measured,3,planner-final,6,RMSNormOp,kernel,elementwise_binary,"void at::native::vectorized_elementwise_kernel<(int)4, at::native::CUDAFunctorOnSelf_add<float>, std::array<char *, (unsigned long)2>>(int, T2, T3)",23864,cudaLaunchKernel_v7000,7098243513,7098249322,7098349716,7098351028,1312,7,4x1x1,128x1x1,20,0,0,0
planner_debate_L_it1,measured,3,planner-final,6,RMSNormOp,kernel,elementwise_unary,"void at::native::vectorized_elementwise_kernel<(int)4, at::native::rsqrt_kernel_cuda(at::TensorIteratorBase &)::[lambda() (instance 2)]::operator ()() const::[lambda() (instance 2)]::operator ()() const::[lambda(float) (instance 1)], std::array<char *, (unsigned long)2>>(int, T2, T3)",23874,cudaLaunchKernel_v7000,7098263530,7098270013,7098351732,7098352820,1088,7,4x1x1,128x1x1,26,0,0,0
planner_debate_L_it1,measured,3,planner-final,6,RMSNormOp,kernel,elementwise_binary,"void at::native::elementwise_kernel<(int)128, (int)2, void at::native::gpu_kernel_impl_nocast<at::native::BinaryFunctor<float, float, float, at::native::binary_internal::MulFunctor<float>>>(at::TensorIteratorBase &, const T1 &)::[lambda(int) (instance 1)]>(int, T3)",23884,cudaLaunchKernel_v7000,7098288056,7098295071,7098353523,7098440785,87262,7,50176x1x1,128x1x1,16,0,0,0
planner_debate_L_it1,measured,3,planner-final,6,RMSNormOp,kernel,copy,"void at::native::vectorized_elementwise_kernel<(int)8, at::native::float16_copy_kernel_cuda(at::TensorIteratorBase &)::[lambda(float) (instance 1)], std::array<char *, (unsigned long)2>>(int, T2, T3)",23897,cudaLaunchKernel_v7000,7098311771,7098317458,7098441521,7098496783,55262,7,12544x1x1,128x1x1,22,0,0,0
planner_debate_L_it1,measured,3,planner-final,7,AddOp,kernel,elementwise_binary,"void at::native::vectorized_elementwise_kernel<(int)8, at::native::CUDAFunctorOnSelf_add<c10::Half>, std::array<char *, (unsigned long)2>>(int, T2, T3)",23941,cudaLaunchKernel_v7000,7098573501,7098581512,7098581325,7098596109,14784,7,12544x1x1,128x1x1,22,0,0,0
planner_debate_L_it1,measured,3,planner-final,8,RMSNormOp,kernel,copy,"void at::native::unrolled_elementwise_kernel<at::native::direct_copy_kernel_cuda(at::TensorIteratorBase &)::[lambda() (instance 3)]::operator ()() const::[lambda() (instance 7)]::operator ()() const::[lambda(float) (instance 1)], std::array<char *, (unsigned long)2>, (int)8, TrivialOffsetCalculator<(int)1, unsigned int>, TrivialOffsetCalculator<(int)1, unsigned int>, at::native::memory::LoadWithCast<(int)1>, at::native::memory::StoreWithCast<(int)1>>(int, T1, T2, T4, T5, T6, T7)",23987,cudaLaunchKernel_v7000,7098674486,7098682998,7098682634,7098732233,49599,7,12544x1x1,128x1x1,38,0,0,0
planner_debate_L_it1,measured,3,planner-final,8,RMSNormOp,kernel,elementwise_unary,"void at::native::vectorized_elementwise_kernel<(int)4, void at::native::<unnamed>::pow_tensor_scalar_kernel_impl<float, float>(at::TensorIteratorBase &, T2)::[lambda(float) (instance 1)], std::array<char *, (unsigned long)2>>(int, T2, T3)",23998,cudaLaunchKernel_v7000,7098698673,7098704269,7098732937,7098806631,73694,7,12544x1x1,128x1x1,20,0,0,0
planner_debate_L_it1,measured,3,planner-final,8,RMSNormOp,kernel,reduce,"void at::native::reduce_kernel<(int)512, (int)1, at::native::ReduceOp<float, at::native::MeanOps<float, float, float, float>, unsigned int, float, (int)4, (int)4>>(T3)",24012,cudaLaunchKernel_v7000,7098718005,7098723586,7098807335,7098829158,21823,7,224x1x1,32x16x1,26,16,0,0
planner_debate_L_it1,measured,3,planner-final,8,RMSNormOp,kernel,elementwise_binary,"void at::native::vectorized_elementwise_kernel<(int)4, at::native::CUDAFunctorOnSelf_add<float>, std::array<char *, (unsigned long)2>>(int, T2, T3)",24018,cudaLaunchKernel_v7000,7098733182,7098738149,7098829926,7098831078,1152,7,4x1x1,128x1x1,20,0,0,0
planner_debate_L_it1,measured,3,planner-final,8,RMSNormOp,kernel,elementwise_unary,"void at::native::vectorized_elementwise_kernel<(int)4, at::native::rsqrt_kernel_cuda(at::TensorIteratorBase &)::[lambda() (instance 2)]::operator ()() const::[lambda() (instance 2)]::operator ()() const::[lambda(float) (instance 1)], std::array<char *, (unsigned long)2>>(int, T2, T3)",24028,cudaLaunchKernel_v7000,7098747647,7098752493,7098831750,7098832838,1088,7,4x1x1,128x1x1,26,0,0,0
planner_debate_L_it1,measured,3,planner-final,8,RMSNormOp,kernel,elementwise_binary,"void at::native::elementwise_kernel<(int)128, (int)2, void at::native::gpu_kernel_impl_nocast<at::native::BinaryFunctor<float, float, float, at::native::binary_internal::MulFunctor<float>>>(at::TensorIteratorBase &, const T1 &)::[lambda(int) (instance 1)]>(int, T3)",24038,cudaLaunchKernel_v7000,7098763282,7098768271,7098833574,7098921187,87613,7,50176x1x1,128x1x1,16,0,0,0
planner_debate_L_it1,measured,3,planner-final,8,RMSNormOp,kernel,copy,"void at::native::vectorized_elementwise_kernel<(int)8, at::native::float16_copy_kernel_cuda(at::TensorIteratorBase &)::[lambda(float) (instance 1)], std::array<char *, (unsigned long)2>>(int, T2, T3)",24051,cudaLaunchKernel_v7000,7098780762,7098786081,7098921891,7098976642,54751,7,12544x1x1,128x1x1,22,0,0,0
planner_debate_L_it1,measured,3,planner-final,10,LinearOp,kernel,gemm,void cutlass::Kernel2<cutlass_80_tensorop_f16_s16816gemm_relu_f16_64x64_32x6_nn_align8>(T1::Params),24105,cuLaunchKernel,7099112974,7099122363,7099122142,7099756715,634573,7,448x7x1,128x1x1,96,0,49152,0
planner_debate_L_it1,measured,3,planner-final,11,LinearOp,kernel,gemm,void cutlass::Kernel2<cutlass_80_tensorop_f16_s16816gemm_relu_f16_64x64_32x6_nn_align8>(T1::Params),24157,cuLaunchKernel,7099834058,7099841542,7099841353,7100474519,633166,7,448x7x1,128x1x1,96,0,49152,0
planner_debate_L_it1,measured,3,planner-final,12,LinearOp,kernel,gemm,void cutlass::Kernel2<cutlass_80_tensorop_f16_s16816gemm_relu_f16_64x64_32x6_nn_align8>(T1::Params),24209,cuLaunchKernel,7100537880,7100545029,7100545109,7101180739,635630,7,448x7x1,128x1x1,96,0,49152,0
planner_debate_L_it1,measured,3,planner-final,14,TransposeOp,kernel,copy,"void at::native::elementwise_kernel<(int)128, (int)4, void at::native::gpu_kernel_impl_nocast<at::native::direct_copy_kernel_cuda(at::TensorIteratorBase &)::[lambda() (instance 3)]::operator ()() const::[lambda() (instance 10)]::operator ()() const::[lambda(c10::Half) (instance 1)]>(at::TensorIteratorBase &, const T1 &)::[lambda(int) (instance 1)]>(int, T3)",24288,cudaLaunchKernel_v7000,7101343090,7101354662,7101354110,7101531929,177819,7,25088x1x1,128x1x1,16,0,0,0
planner_debate_L_it1,measured,3,planner-final,,call_overhead,memcpy,memcpy,memcpy_Device-to-Host,24330,cudaMemcpyAsync_v3020,7101599022,7101623935,7101624502,7103007375,1382873,7,0x0x0,0x0x0,0,0,0,25690112
planner_debate_L_it1,measured,4,planner-seed,,call_overhead,memcpy,memcpy,memcpy_Host-to-Device,24390,cudaMemcpyAsync_v3020,7196457228,7196485223,7196483750,7197577159,1093409,7,0x0x0,0x0x0,0,0,0,25690112
planner_debate_L_it1,measured,4,planner-seed,,call_overhead,kernel,rng_init,"void at::native::<unnamed>::distribution_elementwise_grid_stride_kernel<float, (int)4, void at::native::templates::cuda::normal_and_transform<c10::Half, float, at::CUDAGeneratorImpl *, void at::native::templates::cuda::normal_kernel<at::CUDAGeneratorImpl *>(const at::TensorBase &, double, double, T1)::[lambda() (instance 1)]::operator ()() const::[lambda() (instance 3)]::operator ()() const::[lambda(float) (instance 1)]>(at::TensorIteratorBase &, T3, T4)::[lambda(curandStatePhilox4_32_10 *) (instance 2)], void at::native::<unnamed>::distribution_nullary_kernel<c10::Half, float, float4, at::CUDAGeneratorImpl *, void at::native::templates::cuda::normal_and_transform<c10::Half, float, at::CUDAGeneratorImpl *, void at::native::templates::cuda::normal_kernel<at::CUDAGeneratorImpl *>(const at::TensorBase &, double, double, T1)::[lambda() (instance 1)]::operator ()() const::[lambda() (instance 3)]::operator ()() const::[lambda(float) (instance 1)]>(at::TensorIteratorBase &, T3, T4)::[lambda(curandStatePhilox4_32_10 *) (instance 2)], void at::native::templates::cuda::normal_kernel<at::CUDAGeneratorImpl *>(const at::TensorBase &, double, double, T1)::[lambda() (instance 1)]::operator ()() const::[lambda() (instance 3)]::operator ()() const::[lambda(float) (instance 1)]>(at::TensorIteratorBase &, T4, const T5 &, T6)::[lambda(int, float) (instance 1)]>(long, at::PhiloxCudaState, T3, T4)",24443,cudaLaunchKernel_v7000,7197765241,7197799732,7197862143,7197890238,28095,7,768x1x1,256x1x1,40,0,0,0
planner_debate_L_it1,measured,4,planner-seed,,call_overhead,kernel,elementwise_binary,"void at::native::vectorized_elementwise_kernel<(int)8, at::native::BUnaryFunctor<c10::Half, c10::Half, c10::Half, at::native::binary_internal::MulFunctor<float>>, std::array<char *, (unsigned long)2>>(int, T2, T3)",24453,cudaLaunchKernel_v7000,7197851823,7197860589,7197890878,7197905950,15072,7,12544x1x1,128x1x1,20,0,0,0
planner_debate_L_it1,measured,4,planner-seed,6,RMSNormOp,kernel,copy,"void at::native::unrolled_elementwise_kernel<at::native::direct_copy_kernel_cuda(at::TensorIteratorBase &)::[lambda() (instance 3)]::operator ()() const::[lambda() (instance 7)]::operator ()() const::[lambda(float) (instance 1)], std::array<char *, (unsigned long)2>, (int)8, TrivialOffsetCalculator<(int)1, unsigned int>, TrivialOffsetCalculator<(int)1, unsigned int>, at::native::memory::LoadWithCast<(int)1>, at::native::memory::StoreWithCast<(int)1>>(int, T1, T2, T4, T5, T6, T7)",24476,cudaLaunchKernel_v7000,7198058784,7198069827,7198069689,7198150327,80638,7,12544x1x1,128x1x1,38,0,0,0
planner_debate_L_it1,measured,4,planner-seed,6,RMSNormOp,kernel,elementwise_unary,"void at::native::vectorized_elementwise_kernel<(int)4, void at::native::<unnamed>::pow_tensor_scalar_kernel_impl<float, float>(at::TensorIteratorBase &, T2)::[lambda(float) (instance 1)], std::array<char *, (unsigned long)2>>(int, T2, T3)",24487,cudaLaunchKernel_v7000,7198094951,7198103749,7198151095,7198222037,70942,7,12544x1x1,128x1x1,20,0,0,0
planner_debate_L_it1,measured,4,planner-seed,6,RMSNormOp,kernel,reduce,"void at::native::reduce_kernel<(int)512, (int)1, at::native::ReduceOp<float, at::native::MeanOps<float, float, float, float>, unsigned int, float, (int)4, (int)4>>(T3)",24501,cudaLaunchKernel_v7000,7198131954,7198139288,7198222773,7198243316,20543,7,224x1x1,32x16x1,26,16,0,0
planner_debate_L_it1,measured,4,planner-seed,6,RMSNormOp,kernel,elementwise_binary,"void at::native::vectorized_elementwise_kernel<(int)4, at::native::CUDAFunctorOnSelf_add<float>, std::array<char *, (unsigned long)2>>(int, T2, T3)",24507,cudaLaunchKernel_v7000,7198160625,7198167273,7198243988,7198245140,1152,7,4x1x1,128x1x1,20,0,0,0
planner_debate_L_it1,measured,4,planner-seed,6,RMSNormOp,kernel,elementwise_unary,"void at::native::vectorized_elementwise_kernel<(int)4, at::native::rsqrt_kernel_cuda(at::TensorIteratorBase &)::[lambda() (instance 2)]::operator ()() const::[lambda() (instance 2)]::operator ()() const::[lambda(float) (instance 1)], std::array<char *, (unsigned long)2>>(int, T2, T3)",24517,cudaLaunchKernel_v7000,7198193972,7198200605,7198245780,7198246868,1088,7,4x1x1,128x1x1,26,0,0,0
planner_debate_L_it1,measured,4,planner-seed,6,RMSNormOp,kernel,elementwise_binary,"void at::native::elementwise_kernel<(int)128, (int)2, void at::native::gpu_kernel_impl_nocast<at::native::BinaryFunctor<float, float, float, at::native::binary_internal::MulFunctor<float>>>(at::TensorIteratorBase &, const T1 &)::[lambda(int) (instance 1)]>(int, T3)",24527,cudaLaunchKernel_v7000,7198224355,7198231293,7198247508,7198334801,87293,7,50176x1x1,128x1x1,16,0,0,0
planner_debate_L_it1,measured,4,planner-seed,6,RMSNormOp,kernel,copy,"void at::native::vectorized_elementwise_kernel<(int)8, at::native::float16_copy_kernel_cuda(at::TensorIteratorBase &)::[lambda(float) (instance 1)], std::array<char *, (unsigned long)2>>(int, T2, T3)",24540,cudaLaunchKernel_v7000,7198250951,7198256969,7198335505,7198390576,55071,7,12544x1x1,128x1x1,22,0,0,0
planner_debate_L_it1,measured,4,planner-seed,7,AddOp,kernel,elementwise_binary,"void at::native::vectorized_elementwise_kernel<(int)8, at::native::CUDAFunctorOnSelf_add<c10::Half>, std::array<char *, (unsigned long)2>>(int, T2, T3)",24584,cudaLaunchKernel_v7000,7198486769,7198496453,7198495693,7198510540,14847,7,12544x1x1,128x1x1,22,0,0,0
planner_debate_L_it1,measured,4,planner-seed,8,RMSNormOp,kernel,copy,"void at::native::unrolled_elementwise_kernel<at::native::direct_copy_kernel_cuda(at::TensorIteratorBase &)::[lambda() (instance 3)]::operator ()() const::[lambda() (instance 7)]::operator ()() const::[lambda(float) (instance 1)], std::array<char *, (unsigned long)2>, (int)8, TrivialOffsetCalculator<(int)1, unsigned int>, TrivialOffsetCalculator<(int)1, unsigned int>, at::native::memory::LoadWithCast<(int)1>, at::native::memory::StoreWithCast<(int)1>>(int, T1, T2, T4, T5, T6, T7)",24630,cudaLaunchKernel_v7000,7198580942,7198589423,7198588938,7198639497,50559,7,12544x1x1,128x1x1,38,0,0,0
planner_debate_L_it1,measured,4,planner-seed,8,RMSNormOp,kernel,elementwise_unary,"void at::native::vectorized_elementwise_kernel<(int)4, void at::native::<unnamed>::pow_tensor_scalar_kernel_impl<float, float>(at::TensorIteratorBase &, T2)::[lambda(float) (instance 1)], std::array<char *, (unsigned long)2>>(int, T2, T3)",24641,cudaLaunchKernel_v7000,7198601454,7198606720,7198640201,7198713959,73758,7,12544x1x1,128x1x1,20,0,0,0
planner_debate_L_it1,measured,4,planner-seed,8,RMSNormOp,kernel,reduce,"void at::native::reduce_kernel<(int)512, (int)1, at::native::ReduceOp<float, at::native::MeanOps<float, float, float, float>, unsigned int, float, (int)4, (int)4>>(T3)",24655,cudaLaunchKernel_v7000,7198627021,7198632727,7198714663,7198736934,22271,7,224x1x1,32x16x1,26,16,0,0
planner_debate_L_it1,measured,4,planner-seed,8,RMSNormOp,kernel,elementwise_binary,"void at::native::vectorized_elementwise_kernel<(int)4, at::native::CUDAFunctorOnSelf_add<float>, std::array<char *, (unsigned long)2>>(int, T2, T3)",24661,cudaLaunchKernel_v7000,7198643017,7198648206,7198737606,7198738886,1280,7,4x1x1,128x1x1,20,0,0,0
planner_debate_L_it1,measured,4,planner-seed,8,RMSNormOp,kernel,elementwise_unary,"void at::native::vectorized_elementwise_kernel<(int)4, at::native::rsqrt_kernel_cuda(at::TensorIteratorBase &)::[lambda() (instance 2)]::operator ()() const::[lambda() (instance 2)]::operator ()() const::[lambda(float) (instance 1)], std::array<char *, (unsigned long)2>>(int, T2, T3)",24671,cudaLaunchKernel_v7000,7198657905,7198662614,7198739526,7198740614,1088,7,4x1x1,128x1x1,26,0,0,0
planner_debate_L_it1,measured,4,planner-seed,8,RMSNormOp,kernel,elementwise_binary,"void at::native::elementwise_kernel<(int)128, (int)2, void at::native::gpu_kernel_impl_nocast<at::native::BinaryFunctor<float, float, float, at::native::binary_internal::MulFunctor<float>>>(at::TensorIteratorBase &, const T1 &)::[lambda(int) (instance 1)]>(int, T3)",24681,cudaLaunchKernel_v7000,7198673598,7198681269,7198741286,7198828643,87357,7,50176x1x1,128x1x1,16,0,0,0
planner_debate_L_it1,measured,4,planner-seed,8,RMSNormOp,kernel,copy,"void at::native::vectorized_elementwise_kernel<(int)8, at::native::float16_copy_kernel_cuda(at::TensorIteratorBase &)::[lambda(float) (instance 1)], std::array<char *, (unsigned long)2>>(int, T2, T3)",24694,cudaLaunchKernel_v7000,7198694114,7198698989,7198829411,7198884802,55391,7,12544x1x1,128x1x1,22,0,0,0
planner_debate_L_it1,measured,4,planner-seed,10,LinearOp,kernel,gemm,void cutlass::Kernel2<cutlass_80_tensorop_f16_s16816gemm_relu_f16_64x64_32x6_nn_align8>(T1::Params),24748,cuLaunchKernel,7199021914,7199031324,7199031038,7199666635,635597,7,448x7x1,128x1x1,96,0,49152,0
planner_debate_L_it1,measured,4,planner-seed,11,LinearOp,kernel,gemm,void cutlass::Kernel2<cutlass_80_tensorop_f16_s16816gemm_relu_f16_64x64_32x6_nn_align8>(T1::Params),24800,cuLaunchKernel,7199744069,7199751553,7199751593,7200385847,634254,7,448x7x1,128x1x1,96,0,49152,0
planner_debate_L_it1,measured,4,planner-seed,12,LinearOp,kernel,gemm,void cutlass::Kernel2<cutlass_80_tensorop_f16_s16816gemm_relu_f16_64x64_32x6_nn_align8>(T1::Params),24852,cuLaunchKernel,7200453676,7200460681,7200460565,7201095651,635086,7,448x7x1,128x1x1,96,0,49152,0
planner_debate_L_it1,measured,4,planner-seed,14,TransposeOp,kernel,copy,"void at::native::elementwise_kernel<(int)128, (int)4, void at::native::gpu_kernel_impl_nocast<at::native::direct_copy_kernel_cuda(at::TensorIteratorBase &)::[lambda() (instance 3)]::operator ()() const::[lambda() (instance 10)]::operator ()() const::[lambda(c10::Half) (instance 1)]>(at::TensorIteratorBase &, const T1 &)::[lambda(int) (instance 1)]>(int, T3)",24931,cudaLaunchKernel_v7000,7201263245,7201274180,7201273438,7201451129,177691,7,25088x1x1,128x1x1,16,0,0,0
planner_debate_L_it1,measured,4,critic-a,,call_overhead,memcpy,memcpy,memcpy_Device-to-Host,24973,cudaMemcpyAsync_v3020,7201516128,7201531908,7201531254,7202649942,1118688,7,0x0x0,0x0x0,0,0,0,25690112
planner_debate_L_it1,measured,4,critic-a,,call_overhead,memcpy,memcpy,memcpy_Host-to-Device,25029,cudaMemcpyAsync_v3020,7321457958,7321484973,7321483259,7322907922,1424663,7,0x0x0,0x0x0,0,0,0,33554432
planner_debate_L_it1,measured,4,critic-a,,call_overhead,kernel,rng_init,"void at::native::<unnamed>::distribution_elementwise_grid_stride_kernel<float, (int)4, void at::native::templates::cuda::normal_and_transform<c10::Half, float, at::CUDAGeneratorImpl *, void at::native::templates::cuda::normal_kernel<at::CUDAGeneratorImpl *>(const at::TensorBase &, double, double, T1)::[lambda() (instance 1)]::operator ()() const::[lambda() (instance 3)]::operator ()() const::[lambda(float) (instance 1)]>(at::TensorIteratorBase &, T3, T4)::[lambda(curandStatePhilox4_32_10 *) (instance 2)], void at::native::<unnamed>::distribution_nullary_kernel<c10::Half, float, float4, at::CUDAGeneratorImpl *, void at::native::templates::cuda::normal_and_transform<c10::Half, float, at::CUDAGeneratorImpl *, void at::native::templates::cuda::normal_kernel<at::CUDAGeneratorImpl *>(const at::TensorBase &, double, double, T1)::[lambda() (instance 1)]::operator ()() const::[lambda() (instance 3)]::operator ()() const::[lambda(float) (instance 1)]>(at::TensorIteratorBase &, T3, T4)::[lambda(curandStatePhilox4_32_10 *) (instance 2)], void at::native::templates::cuda::normal_kernel<at::CUDAGeneratorImpl *>(const at::TensorBase &, double, double, T1)::[lambda() (instance 1)]::operator ()() const::[lambda() (instance 3)]::operator ()() const::[lambda(float) (instance 1)]>(at::TensorIteratorBase &, T4, const T5 &, T6)::[lambda(int, float) (instance 1)]>(long, at::PhiloxCudaState, T3, T4)",25082,cudaLaunchKernel_v7000,7323020585,7323053862,7323116492,7323152555,36063,7,768x1x1,256x1x1,40,0,0,0
planner_debate_L_it1,measured,4,critic-a,,call_overhead,kernel,elementwise_binary,"void at::native::vectorized_elementwise_kernel<(int)8, at::native::BUnaryFunctor<c10::Half, c10::Half, c10::Half, at::native::binary_internal::MulFunctor<float>>, std::array<char *, (unsigned long)2>>(int, T2, T3)",25092,cudaLaunchKernel_v7000,7323095355,7323103746,7323153227,7323172811,19584,7,16384x1x1,128x1x1,20,0,0,0
planner_debate_L_it1,measured,4,critic-a,6,RMSNormOp,kernel,copy,"void at::native::unrolled_elementwise_kernel<at::native::direct_copy_kernel_cuda(at::TensorIteratorBase &)::[lambda() (instance 3)]::operator ()() const::[lambda() (instance 7)]::operator ()() const::[lambda(float) (instance 1)], std::array<char *, (unsigned long)2>, (int)8, TrivialOffsetCalculator<(int)1, unsigned int>, TrivialOffsetCalculator<(int)1, unsigned int>, at::native::memory::LoadWithCast<(int)1>, at::native::memory::StoreWithCast<(int)1>>(int, T1, T2, T4, T5, T6, T7)",25115,cudaLaunchKernel_v7000,7323214500,7323224893,7323224617,7323339590,114973,7,16384x1x1,128x1x1,38,0,0,0
planner_debate_L_it1,measured,4,critic-a,6,RMSNormOp,kernel,elementwise_unary,"void at::native::vectorized_elementwise_kernel<(int)4, void at::native::<unnamed>::pow_tensor_scalar_kernel_impl<float, float>(at::TensorIteratorBase &, T2)::[lambda(float) (instance 1)], std::array<char *, (unsigned long)2>>(int, T2, T3)",25126,cudaLaunchKernel_v7000,7323243525,7323249999,7323340230,7323485602,145372,7,16384x1x1,128x1x1,20,0,0,0
planner_debate_L_it1,measured,4,critic-a,6,RMSNormOp,kernel,reduce,"void at::native::reduce_kernel<(int)512, (int)1, at::native::ReduceOp<float, at::native::MeanOps<float, float, float, float>, unsigned int, float, (int)4, (int)4>>(T3)",25140,cudaLaunchKernel_v7000,7323272157,7323279530,7323486242,7323522273,36031,7,256x1x1,32x16x1,26,16,0,0
planner_debate_L_it1,measured,4,critic-a,6,RMSNormOp,kernel,elementwise_binary,"void at::native::vectorized_elementwise_kernel<(int)4, at::native::CUDAFunctorOnSelf_add<float>, std::array<char *, (unsigned long)2>>(int, T2, T3)",25146,cudaLaunchKernel_v7000,7323297570,7323303667,7323522945,7323524225,1280,7,4x1x1,128x1x1,20,0,0,0
planner_debate_L_it1,measured,4,critic-a,6,RMSNormOp,kernel,elementwise_unary,"void at::native::vectorized_elementwise_kernel<(int)4, at::native::rsqrt_kernel_cuda(at::TensorIteratorBase &)::[lambda() (instance 2)]::operator ()() const::[lambda() (instance 2)]::operator ()() const::[lambda(float) (instance 1)], std::array<char *, (unsigned long)2>>(int, T2, T3)",25156,cudaLaunchKernel_v7000,7323318084,7323323929,7323524961,7323526049,1088,7,4x1x1,128x1x1,26,0,0,0
planner_debate_L_it1,measured,4,critic-a,6,RMSNormOp,kernel,elementwise_binary,"void at::native::elementwise_kernel<(int)128, (int)2, void at::native::gpu_kernel_impl_nocast<at::native::BinaryFunctor<float, float, float, at::native::binary_internal::MulFunctor<float>>>(at::TensorIteratorBase &, const T1 &)::[lambda(int) (instance 1)]>(int, T3)",25166,cudaLaunchKernel_v7000,7323341567,7323351500,7323526689,7323654301,127612,7,65536x1x1,128x1x1,16,0,0,0
planner_debate_L_it1,measured,4,critic-a,6,RMSNormOp,kernel,copy,"void at::native::vectorized_elementwise_kernel<(int)8, at::native::float16_copy_kernel_cuda(at::TensorIteratorBase &)::[lambda(float) (instance 1)], std::array<char *, (unsigned long)2>>(int, T2, T3)",25179,cudaLaunchKernel_v7000,7323369291,7323374431,7323655485,7323746107,90622,7,16384x1x1,128x1x1,22,0,0,0
planner_debate_L_it1,measured,4,critic-a,7,AddOp,kernel,elementwise_binary,"void at::native::vectorized_elementwise_kernel<(int)8, at::native::CUDAFunctorOnSelf_add<c10::Half>, std::array<char *, (unsigned long)2>>(int, T2, T3)",25223,cudaLaunchKernel_v7000,7323826390,7323835691,7323835160,7323862391,27231,7,16384x1x1,128x1x1,22,0,0,0
planner_debate_L_it1,measured,4,critic-a,8,RMSNormOp,kernel,copy,"void at::native::unrolled_elementwise_kernel<at::native::direct_copy_kernel_cuda(at::TensorIteratorBase &)::[lambda() (instance 3)]::operator ()() const::[lambda() (instance 7)]::operator ()() const::[lambda(float) (instance 1)], std::array<char *, (unsigned long)2>, (int)8, TrivialOffsetCalculator<(int)1, unsigned int>, TrivialOffsetCalculator<(int)1, unsigned int>, at::native::memory::LoadWithCast<(int)1>, at::native::memory::StoreWithCast<(int)1>>(int, T1, T2, T4, T5, T6, T7)",25269,cudaLaunchKernel_v7000,7323927367,7323935501,7323935253,7324023187,87934,7,16384x1x1,128x1x1,38,0,0,0
planner_debate_L_it1,measured,4,critic-a,8,RMSNormOp,kernel,elementwise_unary,"void at::native::vectorized_elementwise_kernel<(int)4, void at::native::<unnamed>::pow_tensor_scalar_kernel_impl<float, float>(at::TensorIteratorBase &, T2)::[lambda(float) (instance 1)], std::array<char *, (unsigned long)2>>(int, T2, T3)",25280,cudaLaunchKernel_v7000,7323947488,7323953120,7324023923,7324168174,144251,7,16384x1x1,128x1x1,20,0,0,0
planner_debate_L_it1,measured,4,critic-a,8,RMSNormOp,kernel,reduce,"void at::native::reduce_kernel<(int)512, (int)1, at::native::ReduceOp<float, at::native::MeanOps<float, float, float, float>, unsigned int, float, (int)4, (int)4>>(T3)",25294,cudaLaunchKernel_v7000,7323966066,7323971580,7324168910,7324206381,37471,7,256x1x1,32x16x1,26,16,0,0
planner_debate_L_it1,measured,4,critic-a,8,RMSNormOp,kernel,elementwise_binary,"void at::native::vectorized_elementwise_kernel<(int)4, at::native::CUDAFunctorOnSelf_add<float>, std::array<char *, (unsigned long)2>>(int, T2, T3)",25300,cudaLaunchKernel_v7000,7323980912,7323985867,7324207181,7324208429,1248,7,4x1x1,128x1x1,20,0,0,0
planner_debate_L_it1,measured,4,critic-a,8,RMSNormOp,kernel,elementwise_unary,"void at::native::vectorized_elementwise_kernel<(int)4, at::native::rsqrt_kernel_cuda(at::TensorIteratorBase &)::[lambda() (instance 2)]::operator ()() const::[lambda() (instance 2)]::operator ()() const::[lambda(float) (instance 1)], std::array<char *, (unsigned long)2>>(int, T2, T3)",25310,cudaLaunchKernel_v7000,7323994917,7323999363,7324209165,7324210253,1088,7,4x1x1,128x1x1,26,0,0,0
planner_debate_L_it1,measured,4,critic-a,8,RMSNormOp,kernel,elementwise_binary,"void at::native::elementwise_kernel<(int)128, (int)2, void at::native::gpu_kernel_impl_nocast<at::native::BinaryFunctor<float, float, float, at::native::binary_internal::MulFunctor<float>>>(at::TensorIteratorBase &, const T1 &)::[lambda(int) (instance 1)]>(int, T3)",25320,cudaLaunchKernel_v7000,7324010178,7324015428,7324210893,7324338634,127741,7,65536x1x1,128x1x1,16,0,0,0
planner_debate_L_it1,measured,4,critic-a,8,RMSNormOp,kernel,copy,"void at::native::vectorized_elementwise_kernel<(int)8, at::native::float16_copy_kernel_cuda(at::TensorIteratorBase &)::[lambda(float) (instance 1)], std::array<char *, (unsigned long)2>>(int, T2, T3)",25333,cudaLaunchKernel_v7000,7324027173,7324031988,7324339722,7324430119,90397,7,16384x1x1,128x1x1,22,0,0,0
planner_debate_L_it1,measured,4,critic-a,10,LinearOp,memset,memset,memset,25381,cudaMemsetAsync_v3020,7324535105,7324549574,7324551044,7324551908,864,7,0x0x0,0x0x0,0,0,0,4096
planner_debate_L_it1,measured,4,critic-a,10,LinearOp,kernel,gemm,ampere_fp16_s1688gemm_fp16_128x128_ldg8_f2f_stages_32x1_nn,25384,cudaLaunchKernel_v7000,7324562068,7324575804,7324572163,7325424939,852776,7,32x32x3,128x1x1,234,32768,0,0
planner_debate_L_it1,measured,4,critic-a,11,LinearOp,memset,memset,memset,25431,cudaMemsetAsync_v3020,7325497261,7325502863,7325504168,7325505032,864,7,0x0x0,0x0x0,0,0,0,4096
planner_debate_L_it1,measured,4,critic-a,11,LinearOp,kernel,gemm,ampere_fp16_s1688gemm_fp16_128x128_ldg8_f2f_stages_32x1_nn,25434,cudaLaunchKernel_v7000,7325508161,7325515867,7325515496,7326368144,852648,7,32x32x3,128x1x1,234,32768,0,0
planner_debate_L_it1,measured,4,critic-a,12,LinearOp,memset,memset,memset,25481,cudaMemsetAsync_v3020,7326431334,7326435823,7326437166,7326438030,864,7,0x0x0,0x0x0,0,0,0,4096
planner_debate_L_it1,measured,4,critic-a,12,LinearOp,kernel,gemm,ampere_fp16_s1688gemm_fp16_128x128_ldg8_f2f_stages_32x1_nn,25484,cudaLaunchKernel_v7000,7326440723,7326448020,7326447693,7327299285,851592,7,32x32x3,128x1x1,234,32768,0,0
planner_debate_L_it1,measured,4,critic-a,14,TransposeOp,kernel,copy,"void at::native::elementwise_kernel<(int)128, (int)4, void at::native::gpu_kernel_impl_nocast<at::native::direct_copy_kernel_cuda(at::TensorIteratorBase &)::[lambda() (instance 3)]::operator ()() const::[lambda() (instance 10)]::operator ()() const::[lambda(c10::Half) (instance 1)]>(at::TensorIteratorBase &, const T1 &)::[lambda(int) (instance 1)]>(int, T3)",25564,cudaLaunchKernel_v7000,7327463595,7327474682,7327474192,7327700746,226554,7,32768x1x1,128x1x1,16,0,0,0
planner_debate_L_it1,measured,4,critic-b,,call_overhead,memcpy,memcpy,memcpy_Device-to-Host,25606,cudaMemcpyAsync_v3020,7327764691,7327780131,7327779432,7329237054,1457622,7,0x0x0,0x0x0,0,0,0,33554432
planner_debate_L_it1,measured,4,critic-b,,call_overhead,memcpy,memcpy,memcpy_Host-to-Device,25662,cudaMemcpyAsync_v3020,7448723076,7448750904,7448749327,7450160423,1411096,7,0x0x0,0x0x0,0,0,0,33554432
planner_debate_L_it1,measured,4,critic-b,,call_overhead,kernel,rng_init,"void at::native::<unnamed>::distribution_elementwise_grid_stride_kernel<float, (int)4, void at::native::templates::cuda::normal_and_transform<c10::Half, float, at::CUDAGeneratorImpl *, void at::native::templates::cuda::normal_kernel<at::CUDAGeneratorImpl *>(const at::TensorBase &, double, double, T1)::[lambda() (instance 1)]::operator ()() const::[lambda() (instance 3)]::operator ()() const::[lambda(float) (instance 1)]>(at::TensorIteratorBase &, T3, T4)::[lambda(curandStatePhilox4_32_10 *) (instance 2)], void at::native::<unnamed>::distribution_nullary_kernel<c10::Half, float, float4, at::CUDAGeneratorImpl *, void at::native::templates::cuda::normal_and_transform<c10::Half, float, at::CUDAGeneratorImpl *, void at::native::templates::cuda::normal_kernel<at::CUDAGeneratorImpl *>(const at::TensorBase &, double, double, T1)::[lambda() (instance 1)]::operator ()() const::[lambda() (instance 3)]::operator ()() const::[lambda(float) (instance 1)]>(at::TensorIteratorBase &, T3, T4)::[lambda(curandStatePhilox4_32_10 *) (instance 2)], void at::native::templates::cuda::normal_kernel<at::CUDAGeneratorImpl *>(const at::TensorBase &, double, double, T1)::[lambda() (instance 1)]::operator ()() const::[lambda() (instance 3)]::operator ()() const::[lambda(float) (instance 1)]>(at::TensorIteratorBase &, T4, const T5 &, T6)::[lambda(int, float) (instance 1)]>(long, at::PhiloxCudaState, T3, T4)",25715,cudaLaunchKernel_v7000,7450259430,7450293832,7450356257,7450392160,35903,7,768x1x1,256x1x1,40,0,0,0
planner_debate_L_it1,measured,4,critic-b,,call_overhead,kernel,elementwise_binary,"void at::native::vectorized_elementwise_kernel<(int)8, at::native::BUnaryFunctor<c10::Half, c10::Half, c10::Half, at::native::binary_internal::MulFunctor<float>>, std::array<char *, (unsigned long)2>>(int, T2, T3)",25725,cudaLaunchKernel_v7000,7450335426,7450343928,7450392832,7450412544,19712,7,16384x1x1,128x1x1,20,0,0,0
planner_debate_L_it1,measured,4,critic-b,6,RMSNormOp,kernel,copy,"void at::native::unrolled_elementwise_kernel<at::native::direct_copy_kernel_cuda(at::TensorIteratorBase &)::[lambda() (instance 3)]::operator ()() const::[lambda() (instance 7)]::operator ()() const::[lambda(float) (instance 1)], std::array<char *, (unsigned long)2>, (int)8, TrivialOffsetCalculator<(int)1, unsigned int>, TrivialOffsetCalculator<(int)1, unsigned int>, at::native::memory::LoadWithCast<(int)1>, at::native::memory::StoreWithCast<(int)1>>(int, T1, T2, T4, T5, T6, T7)",25748,cudaLaunchKernel_v7000,7450448563,7450458527,7450458174,7450574011,115837,7,16384x1x1,128x1x1,38,0,0,0
planner_debate_L_it1,measured,4,critic-b,6,RMSNormOp,kernel,elementwise_unary,"void at::native::vectorized_elementwise_kernel<(int)4, void at::native::<unnamed>::pow_tensor_scalar_kernel_impl<float, float>(at::TensorIteratorBase &, T2)::[lambda(float) (instance 1)], std::array<char *, (unsigned long)2>>(int, T2, T3)",25759,cudaLaunchKernel_v7000,7450477583,7450484140,7450574779,7450719607,144828,7,16384x1x1,128x1x1,20,0,0,0
planner_debate_L_it1,measured,4,critic-b,6,RMSNormOp,kernel,reduce,"void at::native::reduce_kernel<(int)512, (int)1, at::native::ReduceOp<float, at::native::MeanOps<float, float, float, float>, unsigned int, float, (int)4, (int)4>>(T3)",25773,cudaLaunchKernel_v7000,7450505293,7450512781,7450720311,7450757462,37151,7,256x1x1,32x16x1,26,16,0,0
planner_debate_L_it1,measured,4,critic-b,6,RMSNormOp,kernel,elementwise_binary,"void at::native::vectorized_elementwise_kernel<(int)4, at::native::CUDAFunctorOnSelf_add<float>, std::array<char *, (unsigned long)2>>(int, T2, T3)",25779,cudaLaunchKernel_v7000,7450530704,7450537773,7450758198,7450759478,1280,7,4x1x1,128x1x1,20,0,0,0
planner_debate_L_it1,measured,4,critic-b,6,RMSNormOp,kernel,elementwise_unary,"void at::native::vectorized_elementwise_kernel<(int)4, at::native::rsqrt_kernel_cuda(at::TensorIteratorBase &)::[lambda() (instance 2)]::operator ()() const::[lambda() (instance 2)]::operator ()() const::[lambda(float) (instance 1)], std::array<char *, (unsigned long)2>>(int, T2, T3)",25789,cudaLaunchKernel_v7000,7450552601,7450558416,7450760214,7450761302,1088,7,4x1x1,128x1x1,26,0,0,0
planner_debate_L_it1,measured,4,critic-b,6,RMSNormOp,kernel,elementwise_binary,"void at::native::elementwise_kernel<(int)128, (int)2, void at::native::gpu_kernel_impl_nocast<at::native::BinaryFunctor<float, float, float, at::native::binary_internal::MulFunctor<float>>>(at::TensorIteratorBase &, const T1 &)::[lambda(int) (instance 1)]>(int, T3)",25799,cudaLaunchKernel_v7000,7450575147,7450581373,7450761942,7450890098,128156,7,65536x1x1,128x1x1,16,0,0,0
planner_debate_L_it1,measured,4,critic-b,6,RMSNormOp,kernel,copy,"void at::native::vectorized_elementwise_kernel<(int)8, at::native::float16_copy_kernel_cuda(at::TensorIteratorBase &)::[lambda(float) (instance 1)], std::array<char *, (unsigned long)2>>(int, T2, T3)",25812,cudaLaunchKernel_v7000,7450596955,7450602649,7450890834,7450984591,93757,7,16384x1x1,128x1x1,22,0,0,0
planner_debate_L_it1,measured,4,critic-b,7,AddOp,kernel,elementwise_binary,"void at::native::vectorized_elementwise_kernel<(int)8, at::native::CUDAFunctorOnSelf_add<c10::Half>, std::array<char *, (unsigned long)2>>(int, T2, T3)",25856,cudaLaunchKernel_v7000,7451060427,7451074545,7451068461,7451095372,26911,7,16384x1x1,128x1x1,22,0,0,0
planner_debate_L_it1,measured,4,critic-b,8,RMSNormOp,kernel,copy,"void at::native::unrolled_elementwise_kernel<at::native::direct_copy_kernel_cuda(at::TensorIteratorBase &)::[lambda() (instance 3)]::operator ()() const::[lambda() (instance 7)]::operator ()() const::[lambda(float) (instance 1)], std::array<char *, (unsigned long)2>, (int)8, TrivialOffsetCalculator<(int)1, unsigned int>, TrivialOffsetCalculator<(int)1, unsigned int>, at::native::memory::LoadWithCast<(int)1>, at::native::memory::StoreWithCast<(int)1>>(int, T1, T2, T4, T5, T6, T7)",25902,cudaLaunchKernel_v7000,7451157978,7451166052,7451165706,7451252392,86686,7,16384x1x1,128x1x1,38,0,0,0
planner_debate_L_it1,measured,4,critic-b,8,RMSNormOp,kernel,elementwise_unary,"void at::native::vectorized_elementwise_kernel<(int)4, void at::native::<unnamed>::pow_tensor_scalar_kernel_impl<float, float>(at::TensorIteratorBase &, T2)::[lambda(float) (instance 1)], std::array<char *, (unsigned long)2>>(int, T2, T3)",25913,cudaLaunchKernel_v7000,7451178172,7451183274,7451253064,7451398084,145020,7,16384x1x1,128x1x1,20,0,0,0
planner_debate_L_it1,measured,4,critic-b,8,RMSNormOp,kernel,reduce,"void at::native::reduce_kernel<(int)512, (int)1, at::native::ReduceOp<float, at::native::MeanOps<float, float, float, float>, unsigned int, float, (int)4, (int)4>>(T3)",25927,cudaLaunchKernel_v7000,7451195910,7451201196,7451398724,7451435075,36351,7,256x1x1,32x16x1,26,16,0,0
planner_debate_L_it1,measured,4,critic-b,8,RMSNormOp,kernel,elementwise_binary,"void at::native::vectorized_elementwise_kernel<(int)4, at::native::CUDAFunctorOnSelf_add<float>, std::array<char *, (unsigned long)2>>(int, T2, T3)",25933,cudaLaunchKernel_v7000,7451210516,7451215250,7451435875,7451437123,1248,7,4x1x1,128x1x1,20,0,0,0
planner_debate_L_it1,measured,4,critic-b,8,RMSNormOp,kernel,elementwise_unary,"void at::native::vectorized_elementwise_kernel<(int)4, at::native::rsqrt_kernel_cuda(at::TensorIteratorBase &)::[lambda() (instance 2)]::operator ()() const::[lambda() (instance 2)]::operator ()() const::[lambda(float) (instance 1)], std::array<char *, (unsigned long)2>>(int, T2, T3)",25943,cudaLaunchKernel_v7000,7451224471,7451228986,7451437859,7451438947,1088,7,4x1x1,128x1x1,26,0,0,0
planner_debate_L_it1,measured,4,critic-b,8,RMSNormOp,kernel,elementwise_binary,"void at::native::elementwise_kernel<(int)128, (int)2, void at::native::gpu_kernel_impl_nocast<at::native::BinaryFunctor<float, float, float, at::native::binary_internal::MulFunctor<float>>>(at::TensorIteratorBase &, const T1 &)::[lambda(int) (instance 1)]>(int, T3)",25953,cudaLaunchKernel_v7000,7451239450,7451244220,7451439619,7451566335,126716,7,65536x1x1,128x1x1,16,0,0,0
planner_debate_L_it1,measured,4,critic-b,8,RMSNormOp,kernel,copy,"void at::native::vectorized_elementwise_kernel<(int)8, at::native::float16_copy_kernel_cuda(at::TensorIteratorBase &)::[lambda(float) (instance 1)], std::array<char *, (unsigned long)2>>(int, T2, T3)",25966,cudaLaunchKernel_v7000,7451256267,7451261077,7451566975,7451658044,91069,7,16384x1x1,128x1x1,22,0,0,0
planner_debate_L_it1,measured,4,critic-b,10,LinearOp,memset,memset,memset,26014,cudaMemsetAsync_v3020,7451765265,7451779660,7451780985,7451781849,864,7,0x0x0,0x0x0,0,0,0,4096
planner_debate_L_it1,measured,4,critic-b,10,LinearOp,kernel,gemm,ampere_fp16_s1688gemm_fp16_128x128_ldg8_f2f_stages_32x1_nn,26017,cudaLaunchKernel_v7000,7451791807,7451801505,7451800792,7452652800,852008,7,32x32x3,128x1x1,234,32768,0,0
planner_debate_L_it1,measured,4,critic-b,11,LinearOp,memset,memset,memset,26064,cudaMemsetAsync_v3020,7452760701,7452769138,7452770621,7452771485,864,7,0x0x0,0x0x0,0,0,0,4096
planner_debate_L_it1,measured,4,critic-b,11,LinearOp,kernel,gemm,ampere_fp16_s1688gemm_fp16_128x128_ldg8_f2f_stages_32x1_nn,26067,cudaLaunchKernel_v7000,7452776561,7452789969,7452786684,7453638724,852040,7,32x32x3,128x1x1,234,32768,0,0
planner_debate_L_it1,measured,4,critic-b,12,LinearOp,memset,memset,memset,26114,cudaMemsetAsync_v3020,7453705675,7453710512,7453711746,7453712610,864,7,0x0x0,0x0x0,0,0,0,4096
planner_debate_L_it1,measured,4,critic-b,12,LinearOp,kernel,gemm,ampere_fp16_s1688gemm_fp16_128x128_ldg8_f2f_stages_32x1_nn,26117,cudaLaunchKernel_v7000,7453715676,7453724168,7453723681,7454574377,850696,7,32x32x3,128x1x1,234,32768,0,0
planner_debate_L_it1,measured,4,critic-b,14,TransposeOp,kernel,copy,"void at::native::elementwise_kernel<(int)128, (int)4, void at::native::gpu_kernel_impl_nocast<at::native::direct_copy_kernel_cuda(at::TensorIteratorBase &)::[lambda() (instance 3)]::operator ()() const::[lambda() (instance 10)]::operator ()() const::[lambda(c10::Half) (instance 1)]>(at::TensorIteratorBase &, const T1 &)::[lambda(int) (instance 1)]>(int, T3)",26197,cudaLaunchKernel_v7000,7454746691,7454757562,7454756804,7454983421,226617,7,32768x1x1,128x1x1,16,0,0,0
planner_debate_L_it1,measured,4,critic-merge,,call_overhead,memcpy,memcpy,memcpy_Device-to-Host,26239,cudaMemcpyAsync_v3020,7455046655,7455063496,7455062619,7456542001,1479382,7,0x0x0,0x0x0,0,0,0,33554432
planner_debate_L_it1,measured,4,critic-merge,,call_overhead,memcpy,memcpy,memcpy_Host-to-Device,26295,cudaMemcpyAsync_v3020,7580053761,7580084668,7580082831,7581547078,1464247,7,0x0x0,0x0x0,0,0,0,33554432
planner_debate_L_it1,measured,4,critic-merge,,call_overhead,kernel,rng_init,"void at::native::<unnamed>::distribution_elementwise_grid_stride_kernel<float, (int)4, void at::native::templates::cuda::normal_and_transform<c10::Half, float, at::CUDAGeneratorImpl *, void at::native::templates::cuda::normal_kernel<at::CUDAGeneratorImpl *>(const at::TensorBase &, double, double, T1)::[lambda() (instance 1)]::operator ()() const::[lambda() (instance 3)]::operator ()() const::[lambda(float) (instance 1)]>(at::TensorIteratorBase &, T3, T4)::[lambda(curandStatePhilox4_32_10 *) (instance 2)], void at::native::<unnamed>::distribution_nullary_kernel<c10::Half, float, float4, at::CUDAGeneratorImpl *, void at::native::templates::cuda::normal_and_transform<c10::Half, float, at::CUDAGeneratorImpl *, void at::native::templates::cuda::normal_kernel<at::CUDAGeneratorImpl *>(const at::TensorBase &, double, double, T1)::[lambda() (instance 1)]::operator ()() const::[lambda() (instance 3)]::operator ()() const::[lambda(float) (instance 1)]>(at::TensorIteratorBase &, T3, T4)::[lambda(curandStatePhilox4_32_10 *) (instance 2)], void at::native::templates::cuda::normal_kernel<at::CUDAGeneratorImpl *>(const at::TensorBase &, double, double, T1)::[lambda() (instance 1)]::operator ()() const::[lambda() (instance 3)]::operator ()() const::[lambda(float) (instance 1)]>(at::TensorIteratorBase &, T4, const T5 &, T6)::[lambda(int, float) (instance 1)]>(long, at::PhiloxCudaState, T3, T4)",26348,cudaLaunchKernel_v7000,7581653752,7581693787,7581753504,7581789375,35871,7,768x1x1,256x1x1,40,0,0,0
planner_debate_L_it1,measured,4,critic-merge,,call_overhead,kernel,elementwise_binary,"void at::native::vectorized_elementwise_kernel<(int)8, at::native::BUnaryFunctor<c10::Half, c10::Half, c10::Half, at::native::binary_internal::MulFunctor<float>>, std::array<char *, (unsigned long)2>>(int, T2, T3)",26358,cudaLaunchKernel_v7000,7581738175,7581747171,7581790143,7581809854,19711,7,16384x1x1,128x1x1,20,0,0,0
planner_debate_L_it1,measured,4,critic-merge,6,RMSNormOp,kernel,copy,"void at::native::unrolled_elementwise_kernel<at::native::direct_copy_kernel_cuda(at::TensorIteratorBase &)::[lambda() (instance 3)]::operator ()() const::[lambda() (instance 7)]::operator ()() const::[lambda(float) (instance 1)], std::array<char *, (unsigned long)2>, (int)8, TrivialOffsetCalculator<(int)1, unsigned int>, TrivialOffsetCalculator<(int)1, unsigned int>, at::native::memory::LoadWithCast<(int)1>, at::native::memory::StoreWithCast<(int)1>>(int, T1, T2, T4, T5, T6, T7)",26381,cudaLaunchKernel_v7000,7581864401,7581876166,7581875836,7581989721,113885,7,16384x1x1,128x1x1,38,0,0,0
planner_debate_L_it1,measured,4,critic-merge,6,RMSNormOp,kernel,elementwise_unary,"void at::native::vectorized_elementwise_kernel<(int)4, void at::native::<unnamed>::pow_tensor_scalar_kernel_impl<float, float>(at::TensorIteratorBase &, T2)::[lambda(float) (instance 1)], std::array<char *, (unsigned long)2>>(int, T2, T3)",26392,cudaLaunchKernel_v7000,7581895293,7581902261,7581990393,7582135093,144700,7,16384x1x1,128x1x1,20,0,0,0
planner_debate_L_it1,measured,4,critic-merge,6,RMSNormOp,kernel,reduce,"void at::native::reduce_kernel<(int)512, (int)1, at::native::ReduceOp<float, at::native::MeanOps<float, float, float, float>, unsigned int, float, (int)4, (int)4>>(T3)",26406,cudaLaunchKernel_v7000,7581924807,7581931841,7582135797,7582172084,36287,7,256x1x1,32x16x1,26,16,0,0
planner_debate_L_it1,measured,4,critic-merge,6,RMSNormOp,kernel,elementwise_binary,"void at::native::vectorized_elementwise_kernel<(int)4, at::native::CUDAFunctorOnSelf_add<float>, std::array<char *, (unsigned long)2>>(int, T2, T3)",26412,cudaLaunchKernel_v7000,7581950533,7581956459,7582172756,7582174004,1248,7,4x1x1,128x1x1,20,0,0,0
planner_debate_L_it1,measured,4,critic-merge,6,RMSNormOp,kernel,elementwise_unary,"void at::native::vectorized_elementwise_kernel<(int)4, at::native::rsqrt_kernel_cuda(at::TensorIteratorBase &)::[lambda() (instance 2)]::operator ()() const::[lambda() (instance 2)]::operator ()() const::[lambda(float) (instance 1)], std::array<char *, (unsigned long)2>>(int, T2, T3)",26422,cudaLaunchKernel_v7000,7581970377,7581976412,7582174772,7582175860,1088,7,4x1x1,128x1x1,26,0,0,0
planner_debate_L_it1,measured,4,critic-merge,6,RMSNormOp,kernel,elementwise_binary,"void at::native::elementwise_kernel<(int)128, (int)2, void at::native::gpu_kernel_impl_nocast<at::native::BinaryFunctor<float, float, float, at::native::binary_internal::MulFunctor<float>>>(at::TensorIteratorBase &, const T1 &)::[lambda(int) (instance 1)]>(int, T3)",26432,cudaLaunchKernel_v7000,7581994406,7582000587,7582176532,7582310512,133980,7,65536x1x1,128x1x1,16,0,0,0
planner_debate_L_it1,measured,4,critic-merge,6,RMSNormOp,kernel,copy,"void at::native::vectorized_elementwise_kernel<(int)8, at::native::float16_copy_kernel_cuda(at::TensorIteratorBase &)::[lambda(float) (instance 1)], std::array<char *, (unsigned long)2>>(int, T2, T3)",26445,cudaLaunchKernel_v7000,7582017558,7582023061,7582311184,7582491403,180219,7,16384x1x1,128x1x1,22,0,0,0
planner_debate_L_it1,measured,4,critic-merge,7,AddOp,kernel,elementwise_binary,"void at::native::vectorized_elementwise_kernel<(int)8, at::native::CUDAFunctorOnSelf_add<c10::Half>, std::array<char *, (unsigned long)2>>(int, T2, T3)",26489,cudaLaunchKernel_v7000,7582571978,7582580604,7582715876,7582766051,50175,7,16384x1x1,128x1x1,22,0,0,0
planner_debate_L_it1,measured,4,critic-merge,8,RMSNormOp,kernel,copy,"void at::native::unrolled_elementwise_kernel<at::native::direct_copy_kernel_cuda(at::TensorIteratorBase &)::[lambda() (instance 3)]::operator ()() const::[lambda() (instance 7)]::operator ()() const::[lambda(float) (instance 1)], std::array<char *, (unsigned long)2>, (int)8, TrivialOffsetCalculator<(int)1, unsigned int>, TrivialOffsetCalculator<(int)1, unsigned int>, at::native::memory::LoadWithCast<(int)1>, at::native::memory::StoreWithCast<(int)1>>(int, T1, T2, T4, T5, T6, T7)",26535,cudaLaunchKernel_v7000,7582833705,7582842099,7582841697,7582929214,87517,7,16384x1x1,128x1x1,38,0,0,0
planner_debate_L_it1,measured,4,critic-merge,8,RMSNormOp,kernel,elementwise_unary,"void at::native::vectorized_elementwise_kernel<(int)4, void at::native::<unnamed>::pow_tensor_scalar_kernel_impl<float, float>(at::TensorIteratorBase &, T2)::[lambda(float) (instance 1)], std::array<char *, (unsigned long)2>>(int, T2, T3)",26546,cudaLaunchKernel_v7000,7582852911,7582860204,7582929854,7583074874,145020,7,16384x1x1,128x1x1,20,0,0,0
planner_debate_L_it1,measured,4,critic-merge,8,RMSNormOp,kernel,reduce,"void at::native::reduce_kernel<(int)512, (int)1, at::native::ReduceOp<float, at::native::MeanOps<float, float, float, float>, unsigned int, float, (int)4, (int)4>>(T3)",26560,cudaLaunchKernel_v7000,7582873656,7582879286,7583075546,7583111513,35967,7,256x1x1,32x16x1,26,16,0,0
planner_debate_L_it1,measured,4,critic-merge,8,RMSNormOp,kernel,elementwise_binary,"void at::native::vectorized_elementwise_kernel<(int)4, at::native::CUDAFunctorOnSelf_add<float>, std::array<char *, (unsigned long)2>>(int, T2, T3)",26566,cudaLaunchKernel_v7000,7582889078,7582893857,7583112153,7583113465,1312,7,4x1x1,128x1x1,20,0,0,0
planner_debate_L_it1,measured,4,critic-merge,8,RMSNormOp,kernel,elementwise_unary,"void at::native::vectorized_elementwise_kernel<(int)4, at::native::rsqrt_kernel_cuda(at::TensorIteratorBase &)::[lambda() (instance 2)]::operator ()() const::[lambda() (instance 2)]::operator ()() const::[lambda(float) (instance 1)], std::array<char *, (unsigned long)2>>(int, T2, T3)",26576,cudaLaunchKernel_v7000,7582903303,7582908221,7583114169,7583115257,1088,7,4x1x1,128x1x1,26,0,0,0
planner_debate_L_it1,measured,4,critic-merge,8,RMSNormOp,kernel,elementwise_binary,"void at::native::elementwise_kernel<(int)128, (int)2, void at::native::gpu_kernel_impl_nocast<at::native::BinaryFunctor<float, float, float, at::native::binary_internal::MulFunctor<float>>>(at::TensorIteratorBase &, const T1 &)::[lambda(int) (instance 1)]>(int, T3)",26586,cudaLaunchKernel_v7000,7582919062,7582924068,7583115961,7583243253,127292,7,65536x1x1,128x1x1,16,0,0,0
planner_debate_L_it1,measured,4,critic-merge,8,RMSNormOp,kernel,copy,"void at::native::vectorized_elementwise_kernel<(int)8, at::native::float16_copy_kernel_cuda(at::TensorIteratorBase &)::[lambda(float) (instance 1)], std::array<char *, (unsigned long)2>>(int, T2, T3)",26599,cudaLaunchKernel_v7000,7582936445,7582941652,7583243957,7583335731,91774,7,16384x1x1,128x1x1,22,0,0,0
planner_debate_L_it1,measured,4,critic-merge,10,LinearOp,memset,memset,memset,26647,cudaMemsetAsync_v3020,7583457517,7583471938,7583473583,7583474447,864,7,0x0x0,0x0x0,0,0,0,4096
planner_debate_L_it1,measured,4,critic-merge,10,LinearOp,kernel,gemm,ampere_fp16_s1688gemm_fp16_128x128_ldg8_f2f_stages_32x1_nn,26650,cudaLaunchKernel_v7000,7583484280,7583495287,7583494638,7584347030,852392,7,32x32x3,128x1x1,234,32768,0,0
planner_debate_L_it1,measured,4,critic-merge,11,LinearOp,memset,memset,memset,26697,cudaMemsetAsync_v3020,7584417254,7584422242,7584423476,7584424308,832,7,0x0x0,0x0x0,0,0,0,4096
planner_debate_L_it1,measured,4,critic-merge,11,LinearOp,kernel,gemm,ampere_fp16_s1688gemm_fp16_128x128_ldg8_f2f_stages_32x1_nn,26700,cudaLaunchKernel_v7000,7584427679,7584435563,7584435123,7585286395,851272,7,32x32x3,128x1x1,234,32768,0,0
planner_debate_L_it1,measured,4,critic-merge,12,LinearOp,memset,memset,memset,26747,cudaMemsetAsync_v3020,7585349447,7585353826,7585355385,7585356217,832,7,0x0x0,0x0x0,0,0,0,4096
planner_debate_L_it1,measured,4,critic-merge,12,LinearOp,kernel,gemm,ampere_fp16_s1688gemm_fp16_128x128_ldg8_f2f_stages_32x1_nn,26750,cudaLaunchKernel_v7000,7585358999,7585366436,7585366041,7586217249,851208,7,32x32x3,128x1x1,234,32768,0,0
planner_debate_L_it1,measured,4,critic-merge,14,TransposeOp,kernel,copy,"void at::native::elementwise_kernel<(int)128, (int)4, void at::native::gpu_kernel_impl_nocast<at::native::direct_copy_kernel_cuda(at::TensorIteratorBase &)::[lambda() (instance 3)]::operator ()() const::[lambda() (instance 10)]::operator ()() const::[lambda(c10::Half) (instance 1)]>(at::TensorIteratorBase &, const T1 &)::[lambda(int) (instance 1)]>(int, T3)",26830,cudaLaunchKernel_v7000,7586380269,7586391085,7586390204,7586616821,226617,7,32768x1x1,128x1x1,16,0,0,0
planner_debate_L_it1,measured,4,planner-final,,call_overhead,memcpy,memcpy,memcpy_Device-to-Host,26872,cudaMemcpyAsync_v3020,7586682526,7586700997,7586700083,7588180073,1479990,7,0x0x0,0x0x0,0,0,0,33554432
planner_debate_L_it1,measured,4,planner-final,,call_overhead,memcpy,memcpy,memcpy_Host-to-Device,26928,cudaMemcpyAsync_v3020,7677030172,7677058100,7677056387,7678105861,1049474,7,0x0x0,0x0x0,0,0,0,25690112
planner_debate_L_it1,measured,4,planner-final,,call_overhead,kernel,rng_init,"void at::native::<unnamed>::distribution_elementwise_grid_stride_kernel<float, (int)4, void at::native::templates::cuda::normal_and_transform<c10::Half, float, at::CUDAGeneratorImpl *, void at::native::templates::cuda::normal_kernel<at::CUDAGeneratorImpl *>(const at::TensorBase &, double, double, T1)::[lambda() (instance 1)]::operator ()() const::[lambda() (instance 3)]::operator ()() const::[lambda(float) (instance 1)]>(at::TensorIteratorBase &, T3, T4)::[lambda(curandStatePhilox4_32_10 *) (instance 2)], void at::native::<unnamed>::distribution_nullary_kernel<c10::Half, float, float4, at::CUDAGeneratorImpl *, void at::native::templates::cuda::normal_and_transform<c10::Half, float, at::CUDAGeneratorImpl *, void at::native::templates::cuda::normal_kernel<at::CUDAGeneratorImpl *>(const at::TensorBase &, double, double, T1)::[lambda() (instance 1)]::operator ()() const::[lambda() (instance 3)]::operator ()() const::[lambda(float) (instance 1)]>(at::TensorIteratorBase &, T3, T4)::[lambda(curandStatePhilox4_32_10 *) (instance 2)], void at::native::templates::cuda::normal_kernel<at::CUDAGeneratorImpl *>(const at::TensorBase &, double, double, T1)::[lambda() (instance 1)]::operator ()() const::[lambda() (instance 3)]::operator ()() const::[lambda(float) (instance 1)]>(at::TensorIteratorBase &, T4, const T5 &, T6)::[lambda(int, float) (instance 1)]>(long, at::PhiloxCudaState, T3, T4)",26981,cudaLaunchKernel_v7000,7678215762,7678247272,7678309535,7678337599,28064,7,768x1x1,256x1x1,40,0,0,0
planner_debate_L_it1,measured,4,planner-final,,call_overhead,kernel,elementwise_binary,"void at::native::vectorized_elementwise_kernel<(int)8, at::native::BUnaryFunctor<c10::Half, c10::Half, c10::Half, at::native::binary_internal::MulFunctor<float>>, std::array<char *, (unsigned long)2>>(int, T2, T3)",26991,cudaLaunchKernel_v7000,7678286933,7678294769,7678338303,7678353726,15423,7,12544x1x1,128x1x1,20,0,0,0
planner_debate_L_it1,measured,4,planner-final,6,RMSNormOp,kernel,copy,"void at::native::unrolled_elementwise_kernel<at::native::direct_copy_kernel_cuda(at::TensorIteratorBase &)::[lambda() (instance 3)]::operator ()() const::[lambda() (instance 7)]::operator ()() const::[lambda(float) (instance 1)], std::array<char *, (unsigned long)2>, (int)8, TrivialOffsetCalculator<(int)1, unsigned int>, TrivialOffsetCalculator<(int)1, unsigned int>, at::native::memory::LoadWithCast<(int)1>, at::native::memory::StoreWithCast<(int)1>>(int, T1, T2, T4, T5, T6, T7)",27014,cudaLaunchKernel_v7000,7678394653,7678404266,7678404221,7678506938,102717,7,12544x1x1,128x1x1,38,0,0,0
planner_debate_L_it1,measured,4,planner-final,6,RMSNormOp,kernel,elementwise_unary,"void at::native::vectorized_elementwise_kernel<(int)4, void at::native::<unnamed>::pow_tensor_scalar_kernel_impl<float, float>(at::TensorIteratorBase &, T2)::[lambda(float) (instance 1)], std::array<char *, (unsigned long)2>>(int, T2, T3)",27025,cudaLaunchKernel_v7000,7678426159,7678432354,7678507642,7678581432,73790,7,12544x1x1,128x1x1,20,0,0,0
planner_debate_L_it1,measured,4,planner-final,6,RMSNormOp,kernel,reduce,"void at::native::reduce_kernel<(int)512, (int)1, at::native::ReduceOp<float, at::native::MeanOps<float, float, float, float>, unsigned int, float, (int)4, (int)4>>(T3)",27039,cudaLaunchKernel_v7000,7678453337,7678460235,7678582168,7678603223,21055,7,224x1x1,32x16x1,26,16,0,0
planner_debate_L_it1,measured,4,planner-final,6,RMSNormOp,kernel,elementwise_binary,"void at::native::vectorized_elementwise_kernel<(int)4, at::native::CUDAFunctorOnSelf_add<float>, std::array<char *, (unsigned long)2>>(int, T2, T3)",27045,cudaLaunchKernel_v7000,7678477991,7678484457,7678603863,7678605175,1312,7,4x1x1,128x1x1,20,0,0,0
planner_debate_L_it1,measured,4,planner-final,6,RMSNormOp,kernel,elementwise_unary,"void at::native::vectorized_elementwise_kernel<(int)4, at::native::rsqrt_kernel_cuda(at::TensorIteratorBase &)::[lambda() (instance 2)]::operator ()() const::[lambda() (instance 2)]::operator ()() const::[lambda(float) (instance 1)], std::array<char *, (unsigned long)2>>(int, T2, T3)",27055,cudaLaunchKernel_v7000,7678498241,7678503875,7678605815,7678606903,1088,7,4x1x1,128x1x1,26,0,0,0
planner_debate_L_it1,measured,4,planner-final,6,RMSNormOp,kernel,elementwise_binary,"void at::native::elementwise_kernel<(int)128, (int)2, void at::native::gpu_kernel_impl_nocast<at::native::BinaryFunctor<float, float, float, at::native::binary_internal::MulFunctor<float>>>(at::TensorIteratorBase &, const T1 &)::[lambda(int) (instance 1)]>(int, T3)",27065,cudaLaunchKernel_v7000,7678520537,7678526832,7678607543,7678694740,87197,7,50176x1x1,128x1x1,16,0,0,0
planner_debate_L_it1,measured,4,planner-final,6,RMSNormOp,kernel,copy,"void at::native::vectorized_elementwise_kernel<(int)8, at::native::float16_copy_kernel_cuda(at::TensorIteratorBase &)::[lambda(float) (instance 1)], std::array<char *, (unsigned long)2>>(int, T2, T3)",27078,cudaLaunchKernel_v7000,7678543469,7678548648,7678695476,7678750035,54559,7,12544x1x1,128x1x1,22,0,0,0
planner_debate_L_it1,measured,4,planner-final,7,AddOp,kernel,elementwise_binary,"void at::native::vectorized_elementwise_kernel<(int)8, at::native::CUDAFunctorOnSelf_add<c10::Half>, std::array<char *, (unsigned long)2>>(int, T2, T3)",27122,cudaLaunchKernel_v7000,7678825608,7678833706,7678833488,7678848208,14720,7,12544x1x1,128x1x1,22,0,0,0
planner_debate_L_it1,measured,4,planner-final,8,RMSNormOp,kernel,copy,"void at::native::unrolled_elementwise_kernel<at::native::direct_copy_kernel_cuda(at::TensorIteratorBase &)::[lambda() (instance 3)]::operator ()() const::[lambda() (instance 7)]::operator ()() const::[lambda(float) (instance 1)], std::array<char *, (unsigned long)2>, (int)8, TrivialOffsetCalculator<(int)1, unsigned int>, TrivialOffsetCalculator<(int)1, unsigned int>, at::native::memory::LoadWithCast<(int)1>, at::native::memory::StoreWithCast<(int)1>>(int, T1, T2, T4, T5, T6, T7)",27168,cudaLaunchKernel_v7000,7678921221,7678929506,7678929102,7678979756,50654,7,12544x1x1,128x1x1,38,0,0,0
planner_debate_L_it1,measured,4,planner-final,8,RMSNormOp,kernel,elementwise_unary,"void at::native::vectorized_elementwise_kernel<(int)4, void at::native::<unnamed>::pow_tensor_scalar_kernel_impl<float, float>(at::TensorIteratorBase &, T2)::[lambda(float) (instance 1)], std::array<char *, (unsigned long)2>>(int, T2, T3)",27179,cudaLaunchKernel_v7000,7678940415,7678945675,7678980492,7679052074,71582,7,12544x1x1,128x1x1,20,0,0,0
planner_debate_L_it1,measured,4,planner-final,8,RMSNormOp,kernel,reduce,"void at::native::reduce_kernel<(int)512, (int)1, at::native::ReduceOp<float, at::native::MeanOps<float, float, float, float>, unsigned int, float, (int)4, (int)4>>(T3)",27193,cudaLaunchKernel_v7000,7678957957,7678964292,7679052810,7679074858,22048,7,224x1x1,32x16x1,26,16,0,0
planner_debate_L_it1,measured,4,planner-final,8,RMSNormOp,kernel,elementwise_binary,"void at::native::vectorized_elementwise_kernel<(int)4, at::native::CUDAFunctorOnSelf_add<float>, std::array<char *, (unsigned long)2>>(int, T2, T3)",27199,cudaLaunchKernel_v7000,7678973462,7678978604,7679075594,7679076746,1152,7,4x1x1,128x1x1,20,0,0,0
planner_debate_L_it1,measured,4,planner-final,8,RMSNormOp,kernel,elementwise_unary,"void at::native::vectorized_elementwise_kernel<(int)4, at::native::rsqrt_kernel_cuda(at::TensorIteratorBase &)::[lambda() (instance 2)]::operator ()() const::[lambda() (instance 2)]::operator ()() const::[lambda(float) (instance 1)], std::array<char *, (unsigned long)2>>(int, T2, T3)",27209,cudaLaunchKernel_v7000,7678988240,7678995180,7679077386,7679078441,1055,7,4x1x1,128x1x1,26,0,0,0
planner_debate_L_it1,measured,4,planner-final,8,RMSNormOp,kernel,elementwise_binary,"void at::native::elementwise_kernel<(int)128, (int)2, void at::native::gpu_kernel_impl_nocast<at::native::BinaryFunctor<float, float, float, at::native::binary_internal::MulFunctor<float>>>(at::TensorIteratorBase &, const T1 &)::[lambda(int) (instance 1)]>(int, T3)",27219,cudaLaunchKernel_v7000,7679006453,7679011774,7679079113,7679166087,86974,7,50176x1x1,128x1x1,16,0,0,0
planner_debate_L_it1,measured,4,planner-final,8,RMSNormOp,kernel,copy,"void at::native::vectorized_elementwise_kernel<(int)8, at::native::float16_copy_kernel_cuda(at::TensorIteratorBase &)::[lambda(float) (instance 1)], std::array<char *, (unsigned long)2>>(int, T2, T3)",27232,cudaLaunchKernel_v7000,7679024128,7679029311,7679166855,7679221957,55102,7,12544x1x1,128x1x1,22,0,0,0
planner_debate_L_it1,measured,4,planner-final,10,LinearOp,kernel,gemm,void cutlass::Kernel2<cutlass_80_tensorop_f16_s16816gemm_relu_f16_64x64_32x6_nn_align8>(T1::Params),27286,cuLaunchKernel,7679345094,7679354191,7679353762,7679992047,638285,7,448x7x1,128x1x1,96,0,49152,0
planner_debate_L_it1,measured,4,planner-final,11,LinearOp,kernel,gemm,void cutlass::Kernel2<cutlass_80_tensorop_f16_s16816gemm_relu_f16_64x64_32x6_nn_align8>(T1::Params),27338,cuLaunchKernel,7680067008,7680074533,7680074637,7680707323,632686,7,448x7x1,128x1x1,96,0,49152,0
planner_debate_L_it1,measured,4,planner-final,12,LinearOp,kernel,gemm,void cutlass::Kernel2<cutlass_80_tensorop_f16_s16816gemm_relu_f16_64x64_32x6_nn_align8>(T1::Params),27390,cuLaunchKernel,7680767442,7680774116,7680774137,7681408839,634702,7,448x7x1,128x1x1,96,0,49152,0
planner_debate_L_it1,measured,4,planner-final,14,TransposeOp,kernel,copy,"void at::native::elementwise_kernel<(int)128, (int)4, void at::native::gpu_kernel_impl_nocast<at::native::direct_copy_kernel_cuda(at::TensorIteratorBase &)::[lambda() (instance 3)]::operator ()() const::[lambda() (instance 10)]::operator ()() const::[lambda(c10::Half) (instance 1)]>(at::TensorIteratorBase &, const T1 &)::[lambda(int) (instance 1)]>(int, T3)",27469,cudaLaunchKernel_v7000,7681554562,7681564579,7681564131,7681741822,177691,7,25088x1x1,128x1x1,16,0,0,0
planner_debate_L_it1,measured,4,planner-final,,call_overhead,memcpy,memcpy,memcpy_Device-to-Host,27511,cudaMemcpyAsync_v3020,7681805773,7681819633,7681818523,7682933372,1114849,7,0x0x0,0x0x0,0,0,0,25690112
planner_debate_L_it1,measured,5,planner-seed,,call_overhead,memcpy,memcpy,memcpy_Host-to-Device,27571,cudaMemcpyAsync_v3020,7770456369,7770483359,7770481532,7771586716,1105184,7,0x0x0,0x0x0,0,0,0,25690112
planner_debate_L_it1,measured,5,planner-seed,,call_overhead,kernel,rng_init,"void at::native::<unnamed>::distribution_elementwise_grid_stride_kernel<float, (int)4, void at::native::templates::cuda::normal_and_transform<c10::Half, float, at::CUDAGeneratorImpl *, void at::native::templates::cuda::normal_kernel<at::CUDAGeneratorImpl *>(const at::TensorBase &, double, double, T1)::[lambda() (instance 1)]::operator ()() const::[lambda() (instance 3)]::operator ()() const::[lambda(float) (instance 1)]>(at::TensorIteratorBase &, T3, T4)::[lambda(curandStatePhilox4_32_10 *) (instance 2)], void at::native::<unnamed>::distribution_nullary_kernel<c10::Half, float, float4, at::CUDAGeneratorImpl *, void at::native::templates::cuda::normal_and_transform<c10::Half, float, at::CUDAGeneratorImpl *, void at::native::templates::cuda::normal_kernel<at::CUDAGeneratorImpl *>(const at::TensorBase &, double, double, T1)::[lambda() (instance 1)]::operator ()() const::[lambda() (instance 3)]::operator ()() const::[lambda(float) (instance 1)]>(at::TensorIteratorBase &, T3, T4)::[lambda(curandStatePhilox4_32_10 *) (instance 2)], void at::native::templates::cuda::normal_kernel<at::CUDAGeneratorImpl *>(const at::TensorBase &, double, double, T1)::[lambda() (instance 1)]::operator ()() const::[lambda() (instance 3)]::operator ()() const::[lambda(float) (instance 1)]>(at::TensorIteratorBase &, T4, const T5 &, T6)::[lambda(int, float) (instance 1)]>(long, at::PhiloxCudaState, T3, T4)",27624,cudaLaunchKernel_v7000,7771688993,7771721122,7771784151,7771812246,28095,7,768x1x1,256x1x1,40,0,0,0
planner_debate_L_it1,measured,5,planner-seed,,call_overhead,kernel,elementwise_binary,"void at::native::vectorized_elementwise_kernel<(int)8, at::native::BUnaryFunctor<c10::Half, c10::Half, c10::Half, at::native::binary_internal::MulFunctor<float>>, std::array<char *, (unsigned long)2>>(int, T2, T3)",27634,cudaLaunchKernel_v7000,7771760649,7771768013,7771812886,7771827926,15040,7,12544x1x1,128x1x1,20,0,0,0
planner_debate_L_it1,measured,5,planner-seed,6,RMSNormOp,kernel,copy,"void at::native::unrolled_elementwise_kernel<at::native::direct_copy_kernel_cuda(at::TensorIteratorBase &)::[lambda() (instance 3)]::operator ()() const::[lambda() (instance 7)]::operator ()() const::[lambda(float) (instance 1)], std::array<char *, (unsigned long)2>, (int)8, TrivialOffsetCalculator<(int)1, unsigned int>, TrivialOffsetCalculator<(int)1, unsigned int>, at::native::memory::LoadWithCast<(int)1>, at::native::memory::StoreWithCast<(int)1>>(int, T1, T2, T4, T5, T6, T7)",27657,cudaLaunchKernel_v7000,7771881640,7771891167,7771891188,7771975825,84637,7,12544x1x1,128x1x1,38,0,0,0
planner_debate_L_it1,measured,5,planner-seed,6,RMSNormOp,kernel,elementwise_unary,"void at::native::vectorized_elementwise_kernel<(int)4, void at::native::<unnamed>::pow_tensor_scalar_kernel_impl<float, float>(at::TensorIteratorBase &, T2)::[lambda(float) (instance 1)], std::array<char *, (unsigned long)2>>(int, T2, T3)",27668,cudaLaunchKernel_v7000,7771908647,7771914689,7771976561,7772047727,71166,7,12544x1x1,128x1x1,20,0,0,0
planner_debate_L_it1,measured,5,planner-seed,6,RMSNormOp,kernel,reduce,"void at::native::reduce_kernel<(int)512, (int)1, at::native::ReduceOp<float, at::native::MeanOps<float, float, float, float>, unsigned int, float, (int)4, (int)4>>(T3)",27682,cudaLaunchKernel_v7000,7771934976,7771941821,7772048399,7772069071,20672,7,224x1x1,32x16x1,26,16,0,0
planner_debate_L_it1,measured,5,planner-seed,6,RMSNormOp,kernel,elementwise_binary,"void at::native::vectorized_elementwise_kernel<(int)4, at::native::CUDAFunctorOnSelf_add<float>, std::array<char *, (unsigned long)2>>(int, T2, T3)",27688,cudaLaunchKernel_v7000,7771959381,7771965298,7772069807,7772071119,1312,7,4x1x1,128x1x1,20,0,0,0
planner_debate_L_it1,measured,5,planner-seed,6,RMSNormOp,kernel,elementwise_unary,"void at::native::vectorized_elementwise_kernel<(int)4, at::native::rsqrt_kernel_cuda(at::TensorIteratorBase &)::[lambda() (instance 2)]::operator ()() const::[lambda() (instance 2)]::operator ()() const::[lambda(float) (instance 1)], std::array<char *, (unsigned long)2>>(int, T2, T3)",27698,cudaLaunchKernel_v7000,7771978743,7771984883,7772071823,7772072911,1088,7,4x1x1,128x1x1,26,0,0,0
planner_debate_L_it1,measured,5,planner-seed,6,RMSNormOp,kernel,elementwise_binary,"void at::native::elementwise_kernel<(int)128, (int)2, void at::native::gpu_kernel_impl_nocast<at::native::BinaryFunctor<float, float, float, at::native::binary_internal::MulFunctor<float>>>(at::TensorIteratorBase &, const T1 &)::[lambda(int) (instance 1)]>(int, T3)",27708,cudaLaunchKernel_v7000,7772001970,7772010695,7772073551,7772161068,87517,7,50176x1x1,128x1x1,16,0,0,0
planner_debate_L_it1,measured,5,planner-seed,6,RMSNormOp,kernel,copy,"void at::native::vectorized_elementwise_kernel<(int)8, at::native::float16_copy_kernel_cuda(at::TensorIteratorBase &)::[lambda(float) (instance 1)], std::array<char *, (unsigned long)2>>(int, T2, T3)",27721,cudaLaunchKernel_v7000,7772026102,7772031234,7772162188,7772217226,55038,7,12544x1x1,128x1x1,22,0,0,0
planner_debate_L_it1,measured,5,planner-seed,7,AddOp,kernel,elementwise_binary,"void at::native::vectorized_elementwise_kernel<(int)8, at::native::CUDAFunctorOnSelf_add<c10::Half>, std::array<char *, (unsigned long)2>>(int, T2, T3)",27765,cudaLaunchKernel_v7000,7772286925,7772294753,7772294632,7772309416,14784,7,12544x1x1,128x1x1,22,0,0,0
planner_debate_L_it1,measured,5,planner-seed,8,RMSNormOp,kernel,copy,"void at::native::unrolled_elementwise_kernel<at::native::direct_copy_kernel_cuda(at::TensorIteratorBase &)::[lambda() (instance 3)]::operator ()() const::[lambda() (instance 7)]::operator ()() const::[lambda(float) (instance 1)], std::array<char *, (unsigned long)2>, (int)8, TrivialOffsetCalculator<(int)1, unsigned int>, TrivialOffsetCalculator<(int)1, unsigned int>, at::native::memory::LoadWithCast<(int)1>, at::native::memory::StoreWithCast<(int)1>>(int, T1, T2, T4, T5, T6, T7)",27811,cudaLaunchKernel_v7000,7772376743,7772384421,7772384358,7772434180,49822,7,12544x1x1,128x1x1,38,0,0,0
planner_debate_L_it1,measured,5,planner-seed,8,RMSNormOp,kernel,elementwise_unary,"void at::native::vectorized_elementwise_kernel<(int)4, void at::native::<unnamed>::pow_tensor_scalar_kernel_impl<float, float>(at::TensorIteratorBase &, T2)::[lambda(float) (instance 1)], std::array<char *, (unsigned long)2>>(int, T2, T3)",27822,cudaLaunchKernel_v7000,7772394815,7772400303,7772434788,7772506882,72094,7,12544x1x1,128x1x1,20,0,0,0
planner_debate_L_it1,measured,5,planner-seed,8,RMSNormOp,kernel,reduce,"void at::native::reduce_kernel<(int)512, (int)1, at::native::ReduceOp<float, at::native::MeanOps<float, float, float, float>, unsigned int, float, (int)4, (int)4>>(T3)",27836,cudaLaunchKernel_v7000,7772412596,7772417713,7772507650,7772529794,22144,7,224x1x1,32x16x1,26,16,0,0
planner_debate_L_it1,measured,5,planner-seed,8,RMSNormOp,kernel,elementwise_binary,"void at::native::vectorized_elementwise_kernel<(int)4, at::native::CUDAFunctorOnSelf_add<float>, std::array<char *, (unsigned long)2>>(int, T2, T3)",27842,cudaLaunchKernel_v7000,7772426741,7772431147,7772530402,7772531682,1280,7,4x1x1,128x1x1,20,0,0,0
planner_debate_L_it1,measured,5,planner-seed,8,RMSNormOp,kernel,elementwise_unary,"void at::native::vectorized_elementwise_kernel<(int)4, at::native::rsqrt_kernel_cuda(at::TensorIteratorBase &)::[lambda() (instance 2)]::operator ()() const::[lambda() (instance 2)]::operator ()() const::[lambda(float) (instance 1)], std::array<char *, (unsigned long)2>>(int, T2, T3)",27852,cudaLaunchKernel_v7000,7772440126,7772444723,7772532450,7772533537,1087,7,4x1x1,128x1x1,26,0,0,0
planner_debate_L_it1,measured,5,planner-seed,8,RMSNormOp,kernel,elementwise_binary,"void at::native::elementwise_kernel<(int)128, (int)2, void at::native::gpu_kernel_impl_nocast<at::native::BinaryFunctor<float, float, float, at::native::binary_internal::MulFunctor<float>>>(at::TensorIteratorBase &, const T1 &)::[lambda(int) (instance 1)]>(int, T3)",27862,cudaLaunchKernel_v7000,7772454866,7772459463,7772534177,7772622943,88766,7,50176x1x1,128x1x1,16,0,0,0
planner_debate_L_it1,measured,5,planner-seed,8,RMSNormOp,kernel,copy,"void at::native::vectorized_elementwise_kernel<(int)8, at::native::float16_copy_kernel_cuda(at::TensorIteratorBase &)::[lambda(float) (instance 1)], std::array<char *, (unsigned long)2>>(int, T2, T3)",27875,cudaLaunchKernel_v7000,7772470675,7772475087,7772624127,7772679677,55550,7,12544x1x1,128x1x1,22,0,0,0
planner_debate_L_it1,measured,5,planner-seed,10,LinearOp,kernel,gemm,void cutlass::Kernel2<cutlass_80_tensorop_f16_s16816gemm_relu_f16_64x64_32x6_nn_align8>(T1::Params),27929,cuLaunchKernel,7772808419,7772817485,7772817273,7773453127,635854,7,448x7x1,128x1x1,96,0,49152,0
planner_debate_L_it1,measured,5,planner-seed,11,LinearOp,kernel,gemm,void cutlass::Kernel2<cutlass_80_tensorop_f16_s16816gemm_relu_f16_64x64_32x6_nn_align8>(T1::Params),27981,cuLaunchKernel,7773516618,7773523014,7773523013,7774155635,632622,7,448x7x1,128x1x1,96,0,49152,0
planner_debate_L_it1,measured,5,planner-seed,12,LinearOp,kernel,gemm,void cutlass::Kernel2<cutlass_80_tensorop_f16_s16816gemm_relu_f16_64x64_32x6_nn_align8>(T1::Params),28033,cuLaunchKernel,7774217541,7774223920,7774224081,7774858079,633998,7,448x7x1,128x1x1,96,0,49152,0
planner_debate_L_it1,measured,5,planner-seed,14,TransposeOp,kernel,copy,"void at::native::elementwise_kernel<(int)128, (int)4, void at::native::gpu_kernel_impl_nocast<at::native::direct_copy_kernel_cuda(at::TensorIteratorBase &)::[lambda() (instance 3)]::operator ()() const::[lambda() (instance 10)]::operator ()() const::[lambda(c10::Half) (instance 1)]>(at::TensorIteratorBase &, const T1 &)::[lambda(int) (instance 1)]>(int, T3)",28112,cudaLaunchKernel_v7000,7775013903,7775023832,7775023291,7775200917,177626,7,25088x1x1,128x1x1,16,0,0,0
planner_debate_L_it1,measured,5,critic-a,,call_overhead,memcpy,memcpy,memcpy_Device-to-Host,28154,cudaMemcpyAsync_v3020,7775258858,7775274242,7775273459,7776396499,1123040,7,0x0x0,0x0x0,0,0,0,25690112
planner_debate_L_it1,measured,5,critic-a,,call_overhead,memcpy,memcpy,memcpy_Host-to-Device,28210,cudaMemcpyAsync_v3020,7889632170,7889660505,7889658070,7891030575,1372505,7,0x0x0,0x0x0,0,0,0,33554432
planner_debate_L_it1,measured,5,critic-a,,call_overhead,kernel,rng_init,"void at::native::<unnamed>::distribution_elementwise_grid_stride_kernel<float, (int)4, void at::native::templates::cuda::normal_and_transform<c10::Half, float, at::CUDAGeneratorImpl *, void at::native::templates::cuda::normal_kernel<at::CUDAGeneratorImpl *>(const at::TensorBase &, double, double, T1)::[lambda() (instance 1)]::operator ()() const::[lambda() (instance 3)]::operator ()() const::[lambda(float) (instance 1)]>(at::TensorIteratorBase &, T3, T4)::[lambda(curandStatePhilox4_32_10 *) (instance 2)], void at::native::<unnamed>::distribution_nullary_kernel<c10::Half, float, float4, at::CUDAGeneratorImpl *, void at::native::templates::cuda::normal_and_transform<c10::Half, float, at::CUDAGeneratorImpl *, void at::native::templates::cuda::normal_kernel<at::CUDAGeneratorImpl *>(const at::TensorBase &, double, double, T1)::[lambda() (instance 1)]::operator ()() const::[lambda() (instance 3)]::operator ()() const::[lambda(float) (instance 1)]>(at::TensorIteratorBase &, T3, T4)::[lambda(curandStatePhilox4_32_10 *) (instance 2)], void at::native::templates::cuda::normal_kernel<at::CUDAGeneratorImpl *>(const at::TensorBase &, double, double, T1)::[lambda() (instance 1)]::operator ()() const::[lambda() (instance 3)]::operator ()() const::[lambda(float) (instance 1)]>(at::TensorIteratorBase &, T4, const T5 &, T6)::[lambda(int, float) (instance 1)]>(long, at::PhiloxCudaState, T3, T4)",28263,cudaLaunchKernel_v7000,7891126390,7891159197,7891221577,7891257672,36095,7,768x1x1,256x1x1,40,0,0,0
planner_debate_L_it1,measured,5,critic-a,,call_overhead,kernel,elementwise_binary,"void at::native::vectorized_elementwise_kernel<(int)8, at::native::BUnaryFunctor<c10::Half, c10::Half, c10::Half, at::native::binary_internal::MulFunctor<float>>, std::array<char *, (unsigned long)2>>(int, T2, T3)",28273,cudaLaunchKernel_v7000,7891198211,7891206690,7891258440,7891278184,19744,7,16384x1x1,128x1x1,20,0,0,0
planner_debate_L_it1,measured,5,critic-a,6,RMSNormOp,kernel,copy,"void at::native::unrolled_elementwise_kernel<at::native::direct_copy_kernel_cuda(at::TensorIteratorBase &)::[lambda() (instance 3)]::operator ()() const::[lambda() (instance 7)]::operator ()() const::[lambda(float) (instance 1)], std::array<char *, (unsigned long)2>, (int)8, TrivialOffsetCalculator<(int)1, unsigned int>, TrivialOffsetCalculator<(int)1, unsigned int>, at::native::memory::LoadWithCast<(int)1>, at::native::memory::StoreWithCast<(int)1>>(int, T1, T2, T4, T5, T6, T7)",28296,cudaLaunchKernel_v7000,7891295349,7891304354,7891304807,7891418628,113821,7,16384x1x1,128x1x1,38,0,0,0
planner_debate_L_it1,measured,5,critic-a,6,RMSNormOp,kernel,elementwise_unary,"void at::native::vectorized_elementwise_kernel<(int)4, void at::native::<unnamed>::pow_tensor_scalar_kernel_impl<float, float>(at::TensorIteratorBase &, T2)::[lambda(float) (instance 1)], std::array<char *, (unsigned long)2>>(int, T2, T3)",28307,cudaLaunchKernel_v7000,7891322234,7891328488,7891419300,7891565536,146236,7,16384x1x1,128x1x1,20,0,0,0
planner_debate_L_it1,measured,5,critic-a,6,RMSNormOp,kernel,reduce,"void at::native::reduce_kernel<(int)512, (int)1, at::native::ReduceOp<float, at::native::MeanOps<float, float, float, float>, unsigned int, float, (int)4, (int)4>>(T3)",28321,cudaLaunchKernel_v7000,7891348398,7891354749,7891566208,7891602847,36639,7,256x1x1,32x16x1,26,16,0,0
planner_debate_L_it1,measured,5,critic-a,6,RMSNormOp,kernel,elementwise_binary,"void at::native::vectorized_elementwise_kernel<(int)4, at::native::CUDAFunctorOnSelf_add<float>, std::array<char *, (unsigned long)2>>(int, T2, T3)",28327,cudaLaunchKernel_v7000,7891371972,7891377825,7891603615,7891604862,1247,7,4x1x1,128x1x1,20,0,0,0
planner_debate_L_it1,measured,5,critic-a,6,RMSNormOp,kernel,elementwise_unary,"void at::native::vectorized_elementwise_kernel<(int)4, at::native::rsqrt_kernel_cuda(at::TensorIteratorBase &)::[lambda() (instance 2)]::operator ()() const::[lambda() (instance 2)]::operator ()() const::[lambda(float) (instance 1)], std::array<char *, (unsigned long)2>>(int, T2, T3)",28337,cudaLaunchKernel_v7000,7891391561,7891396892,7891605598,7891606718,1120,7,4x1x1,128x1x1,26,0,0,0
planner_debate_L_it1,measured,5,critic-a,6,RMSNormOp,kernel,elementwise_binary,"void at::native::elementwise_kernel<(int)128, (int)2, void at::native::gpu_kernel_impl_nocast<at::native::BinaryFunctor<float, float, float, at::native::binary_internal::MulFunctor<float>>>(at::TensorIteratorBase &, const T1 &)::[lambda(int) (instance 1)]>(int, T3)",28347,cudaLaunchKernel_v7000,7891413125,7891426035,7891607326,7891734779,127453,7,65536x1x1,128x1x1,16,0,0,0
planner_debate_L_it1,measured,5,critic-a,6,RMSNormOp,kernel,copy,"void at::native::vectorized_elementwise_kernel<(int)8, at::native::float16_copy_kernel_cuda(at::TensorIteratorBase &)::[lambda(float) (instance 1)], std::array<char *, (unsigned long)2>>(int, T2, T3)",28360,cudaLaunchKernel_v7000,7891442159,7891447092,7891735451,7891827256,91805,7,16384x1x1,128x1x1,22,0,0,0
planner_debate_L_it1,measured,5,critic-a,7,AddOp,kernel,elementwise_binary,"void at::native::vectorized_elementwise_kernel<(int)8, at::native::CUDAFunctorOnSelf_add<c10::Half>, std::array<char *, (unsigned long)2>>(int, T2, T3)",28404,cudaLaunchKernel_v7000,7891901456,7891917416,7891909270,7891936341,27071,7,16384x1x1,128x1x1,22,0,0,0
planner_debate_L_it1,measured,5,critic-a,8,RMSNormOp,kernel,copy,"void at::native::unrolled_elementwise_kernel<at::native::direct_copy_kernel_cuda(at::TensorIteratorBase &)::[lambda() (instance 3)]::operator ()() const::[lambda() (instance 7)]::operator ()() const::[lambda(float) (instance 1)], std::array<char *, (unsigned long)2>, (int)8, TrivialOffsetCalculator<(int)1, unsigned int>, TrivialOffsetCalculator<(int)1, unsigned int>, at::native::memory::LoadWithCast<(int)1>, at::native::memory::StoreWithCast<(int)1>>(int, T1, T2, T4, T5, T6, T7)",28450,cudaLaunchKernel_v7000,7891999960,7892008095,7892007795,7892096176,88381,7,16384x1x1,128x1x1,38,0,0,0
planner_debate_L_it1,measured,5,critic-a,8,RMSNormOp,kernel,elementwise_unary,"void at::native::vectorized_elementwise_kernel<(int)4, void at::native::<unnamed>::pow_tensor_scalar_kernel_impl<float, float>(at::TensorIteratorBase &, T2)::[lambda(float) (instance 1)], std::array<char *, (unsigned long)2>>(int, T2, T3)",28461,cudaLaunchKernel_v7000,7892019617,7892024451,7892096912,7892242572,145660,7,16384x1x1,128x1x1,20,0,0,0
planner_debate_L_it1,measured,5,critic-a,8,RMSNormOp,kernel,reduce,"void at::native::reduce_kernel<(int)512, (int)1, at::native::ReduceOp<float, at::native::MeanOps<float, float, float, float>, unsigned int, float, (int)4, (int)4>>(T3)",28475,cudaLaunchKernel_v7000,7892037675,7892043745,7892243244,7892280747,37503,7,256x1x1,32x16x1,26,16,0,0
planner_debate_L_it1,measured,5,critic-a,8,RMSNormOp,kernel,elementwise_binary,"void at::native::vectorized_elementwise_kernel<(int)4, at::native::CUDAFunctorOnSelf_add<float>, std::array<char *, (unsigned long)2>>(int, T2, T3)",28481,cudaLaunchKernel_v7000,7892053468,7892057985,7892281419,7892282667,1248,7,4x1x1,128x1x1,20,0,0,0
planner_debate_L_it1,measured,5,critic-a,8,RMSNormOp,kernel,elementwise_unary,"void at::native::vectorized_elementwise_kernel<(int)4, at::native::rsqrt_kernel_cuda(at::TensorIteratorBase &)::[lambda() (instance 2)]::operator ()() const::[lambda() (instance 2)]::operator ()() const::[lambda(float) (instance 1)], std::array<char *, (unsigned long)2>>(int, T2, T3)",28491,cudaLaunchKernel_v7000,7892067091,7892072002,7892283403,7892284491,1088,7,4x1x1,128x1x1,26,0,0,0
planner_debate_L_it1,measured,5,critic-a,8,RMSNormOp,kernel,elementwise_binary,"void at::native::elementwise_kernel<(int)128, (int)2, void at::native::gpu_kernel_impl_nocast<at::native::BinaryFunctor<float, float, float, at::native::binary_internal::MulFunctor<float>>>(at::TensorIteratorBase &, const T1 &)::[lambda(int) (instance 1)]>(int, T3)",28501,cudaLaunchKernel_v7000,7892082905,7892087768,7892285131,7892412263,127132,7,65536x1x1,128x1x1,16,0,0,0
planner_debate_L_it1,measured,5,critic-a,8,RMSNormOp,kernel,copy,"void at::native::vectorized_elementwise_kernel<(int)8, at::native::float16_copy_kernel_cuda(at::TensorIteratorBase &)::[lambda(float) (instance 1)], std::array<char *, (unsigned long)2>>(int, T2, T3)",28514,cudaLaunchKernel_v7000,7892099039,7892103810,7892412999,7892505093,92094,7,16384x1x1,128x1x1,22,0,0,0
planner_debate_L_it1,measured,5,critic-a,10,LinearOp,memset,memset,memset,28562,cudaMemsetAsync_v3020,7892604270,7892626414,7892627713,7892628577,864,7,0x0x0,0x0x0,0,0,0,4096
planner_debate_L_it1,measured,5,critic-a,10,LinearOp,kernel,gemm,ampere_fp16_s1688gemm_fp16_128x128_ldg8_f2f_stages_32x1_nn,28565,cudaLaunchKernel_v7000,7892638032,7892647955,7892647585,7893499624,852039,7,32x32x3,128x1x1,234,32768,0,0
planner_debate_L_it1,measured,5,critic-a,11,LinearOp,memset,memset,memset,28612,cudaMemsetAsync_v3020,7893565943,7893570412,7893571878,7893572742,864,7,0x0x0,0x0x0,0,0,0,4096
planner_debate_L_it1,measured,5,critic-a,11,LinearOp,kernel,gemm,ampere_fp16_s1688gemm_fp16_128x128_ldg8_f2f_stages_32x1_nn,28615,cudaLaunchKernel_v7000,7893575562,7893582540,7893582406,7894433710,851304,7,32x32x3,128x1x1,234,32768,0,0
planner_debate_L_it1,measured,5,critic-a,12,LinearOp,memset,memset,memset,28662,cudaMemsetAsync_v3020,7894491880,7894496542,7894497964,7894498828,864,7,0x0x0,0x0x0,0,0,0,4096
planner_debate_L_it1,measured,5,critic-a,12,LinearOp,kernel,gemm,ampere_fp16_s1688gemm_fp16_128x128_ldg8_f2f_stages_32x1_nn,28665,cudaLaunchKernel_v7000,7894501027,7894508024,7894508044,7895359059,851015,7,32x32x3,128x1x1,234,32768,0,0
planner_debate_L_it1,measured,5,critic-a,14,TransposeOp,kernel,copy,"void at::native::elementwise_kernel<(int)128, (int)4, void at::native::gpu_kernel_impl_nocast<at::native::direct_copy_kernel_cuda(at::TensorIteratorBase &)::[lambda() (instance 3)]::operator ()() const::[lambda() (instance 10)]::operator ()() const::[lambda(c10::Half) (instance 1)]>(at::TensorIteratorBase &, const T1 &)::[lambda(int) (instance 1)]>(int, T3)",28745,cudaLaunchKernel_v7000,7895520056,7895530331,7895529903,7895755848,225945,7,32768x1x1,128x1x1,16,0,0,0
planner_debate_L_it1,measured,5,critic-b,,call_overhead,memcpy,memcpy,memcpy_Device-to-Host,28787,cudaMemcpyAsync_v3020,7895817687,7895831911,7895831142,7897346043,1514901,7,0x0x0,0x0x0,0,0,0,33554432
planner_debate_L_it1,measured,5,critic-b,,call_overhead,memcpy,memcpy,memcpy_Host-to-Device,28843,cudaMemcpyAsync_v3020,8016484443,8016529122,8016524085,8017915341,1391256,7,0x0x0,0x0x0,0,0,0,33554432
planner_debate_L_it1,measured,5,critic-b,,call_overhead,kernel,rng_init,"void at::native::<unnamed>::distribution_elementwise_grid_stride_kernel<float, (int)4, void at::native::templates::cuda::normal_and_transform<c10::Half, float, at::CUDAGeneratorImpl *, void at::native::templates::cuda::normal_kernel<at::CUDAGeneratorImpl *>(const at::TensorBase &, double, double, T1)::[lambda() (instance 1)]::operator ()() const::[lambda() (instance 3)]::operator ()() const::[lambda(float) (instance 1)]>(at::TensorIteratorBase &, T3, T4)::[lambda(curandStatePhilox4_32_10 *) (instance 2)], void at::native::<unnamed>::distribution_nullary_kernel<c10::Half, float, float4, at::CUDAGeneratorImpl *, void at::native::templates::cuda::normal_and_transform<c10::Half, float, at::CUDAGeneratorImpl *, void at::native::templates::cuda::normal_kernel<at::CUDAGeneratorImpl *>(const at::TensorBase &, double, double, T1)::[lambda() (instance 1)]::operator ()() const::[lambda() (instance 3)]::operator ()() const::[lambda(float) (instance 1)]>(at::TensorIteratorBase &, T3, T4)::[lambda(curandStatePhilox4_32_10 *) (instance 2)], void at::native::templates::cuda::normal_kernel<at::CUDAGeneratorImpl *>(const at::TensorBase &, double, double, T1)::[lambda() (instance 1)]::operator ()() const::[lambda() (instance 3)]::operator ()() const::[lambda(float) (instance 1)]>(at::TensorIteratorBase &, T4, const T5 &, T6)::[lambda(int, float) (instance 1)]>(long, at::PhiloxCudaState, T3, T4)",28896,cudaLaunchKernel_v7000,8018171459,8018235112,8018289890,8018325601,35711,7,768x1x1,256x1x1,40,0,0,0
planner_debate_L_it1,measured,5,critic-b,,call_overhead,kernel,elementwise_binary,"void at::native::vectorized_elementwise_kernel<(int)8, at::native::BUnaryFunctor<c10::Half, c10::Half, c10::Half, at::native::binary_internal::MulFunctor<float>>, std::array<char *, (unsigned long)2>>(int, T2, T3)",28906,cudaLaunchKernel_v7000,8018304066,8018321354,8018326369,8018345761,19392,7,16384x1x1,128x1x1,20,0,0,0
planner_debate_L_it1,measured,5,critic-b,6,RMSNormOp,kernel,copy,"void at::native::unrolled_elementwise_kernel<at::native::direct_copy_kernel_cuda(at::TensorIteratorBase &)::[lambda() (instance 3)]::operator ()() const::[lambda() (instance 7)]::operator ()() const::[lambda(float) (instance 1)], std::array<char *, (unsigned long)2>, (int)8, TrivialOffsetCalculator<(int)1, unsigned int>, TrivialOffsetCalculator<(int)1, unsigned int>, at::native::memory::LoadWithCast<(int)1>, at::native::memory::StoreWithCast<(int)1>>(int, T1, T2, T4, T5, T6, T7)",28929,cudaLaunchKernel_v7000,8018560822,8018584571,8018582778,8018695575,112797,7,16384x1x1,128x1x1,38,0,0,0
planner_debate_L_it1,measured,5,critic-b,6,RMSNormOp,kernel,elementwise_unary,"void at::native::vectorized_elementwise_kernel<(int)4, void at::native::<unnamed>::pow_tensor_scalar_kernel_impl<float, float>(at::TensorIteratorBase &, T2)::[lambda(float) (instance 1)], std::array<char *, (unsigned long)2>>(int, T2, T3)",28940,cudaLaunchKernel_v7000,8018631844,8018643559,8018696215,8018843314,147099,7,16384x1x1,128x1x1,20,0,0,0
planner_debate_L_it1,measured,5,critic-b,6,RMSNormOp,kernel,reduce,"void at::native::reduce_kernel<(int)512, (int)1, at::native::ReduceOp<float, at::native::MeanOps<float, float, float, float>, unsigned int, float, (int)4, (int)4>>(T3)",28954,cudaLaunchKernel_v7000,8018674366,8018687918,8018843954,8018880817,36863,7,256x1x1,32x16x1,26,16,0,0
planner_debate_L_it1,measured,5,critic-b,6,RMSNormOp,kernel,elementwise_binary,"void at::native::vectorized_elementwise_kernel<(int)4, at::native::CUDAFunctorOnSelf_add<float>, std::array<char *, (unsigned long)2>>(int, T2, T3)",28960,cudaLaunchKernel_v7000,8018724557,8018736551,8018881457,8018882737,1280,7,4x1x1,128x1x1,20,0,0,0
planner_debate_L_it1,measured,5,critic-b,6,RMSNormOp,kernel,elementwise_unary,"void at::native::vectorized_elementwise_kernel<(int)4, at::native::rsqrt_kernel_cuda(at::TensorIteratorBase &)::[lambda() (instance 2)]::operator ()() const::[lambda() (instance 2)]::operator ()() const::[lambda(float) (instance 1)], std::array<char *, (unsigned long)2>>(int, T2, T3)",28970,cudaLaunchKernel_v7000,8018759668,8018771975,8018883473,8018884561,1088,7,4x1x1,128x1x1,26,0,0,0
planner_debate_L_it1,measured,5,critic-b,6,RMSNormOp,kernel,elementwise_binary,"void at::native::elementwise_kernel<(int)128, (int)2, void at::native::gpu_kernel_impl_nocast<at::native::BinaryFunctor<float, float, float, at::native::binary_internal::MulFunctor<float>>>(at::TensorIteratorBase &, const T1 &)::[lambda(int) (instance 1)]>(int, T3)",28980,cudaLaunchKernel_v7000,8018804661,8018817190,8018885233,8019012270,127037,7,65536x1x1,128x1x1,16,0,0,0
planner_debate_L_it1,measured,5,critic-b,6,RMSNormOp,kernel,copy,"void at::native::vectorized_elementwise_kernel<(int)8, at::native::float16_copy_kernel_cuda(at::TensorIteratorBase &)::[lambda(float) (instance 1)], std::array<char *, (unsigned long)2>>(int, T2, T3)",28993,cudaLaunchKernel_v7000,8018850359,8018858711,8019012974,8019103499,90525,7,16384x1x1,128x1x1,22,0,0,0
planner_debate_L_it1,measured,5,critic-b,7,AddOp,kernel,elementwise_binary,"void at::native::vectorized_elementwise_kernel<(int)8, at::native::CUDAFunctorOnSelf_add<c10::Half>, std::array<char *, (unsigned long)2>>(int, T2, T3)",29037,cudaLaunchKernel_v7000,8019196347,8019208190,8019207720,8019234631,26911,7,16384x1x1,128x1x1,22,0,0,0
planner_debate_L_it1,measured,5,critic-b,8,RMSNormOp,kernel,copy,"void at::native::unrolled_elementwise_kernel<at::native::direct_copy_kernel_cuda(at::TensorIteratorBase &)::[lambda() (instance 3)]::operator ()() const::[lambda() (instance 7)]::operator ()() const::[lambda(float) (instance 1)], std::array<char *, (unsigned long)2>, (int)8, TrivialOffsetCalculator<(int)1, unsigned int>, TrivialOffsetCalculator<(int)1, unsigned int>, at::native::memory::LoadWithCast<(int)1>, at::native::memory::StoreWithCast<(int)1>>(int, T1, T2, T4, T5, T6, T7)",29083,cudaLaunchKernel_v7000,8019298765,8019307427,8019307077,8019394211,87134,7,16384x1x1,128x1x1,38,0,0,0
planner_debate_L_it1,measured,5,critic-b,8,RMSNormOp,kernel,elementwise_unary,"void at::native::vectorized_elementwise_kernel<(int)4, void at::native::<unnamed>::pow_tensor_scalar_kernel_impl<float, float>(at::TensorIteratorBase &, T2)::[lambda(float) (instance 1)], std::array<char *, (unsigned long)2>>(int, T2, T3)",29094,cudaLaunchKernel_v7000,8019318784,8019327081,8019394883,8019539935,145052,7,16384x1x1,128x1x1,20,0,0,0
planner_debate_L_it1,measured,5,critic-b,8,RMSNormOp,kernel,reduce,"void at::native::reduce_kernel<(int)512, (int)1, at::native::ReduceOp<float, at::native::MeanOps<float, float, float, float>, unsigned int, float, (int)4, (int)4>>(T3)",29108,cudaLaunchKernel_v7000,8019342000,8019348313,8019540703,8019577533,36830,7,256x1x1,32x16x1,26,16,0,0
planner_debate_L_it1,measured,5,critic-b,8,RMSNormOp,kernel,elementwise_binary,"void at::native::vectorized_elementwise_kernel<(int)4, at::native::CUDAFunctorOnSelf_add<float>, std::array<char *, (unsigned long)2>>(int, T2, T3)",29114,cudaLaunchKernel_v7000,8019359280,8019364750,8019578301,8019579549,1248,7,4x1x1,128x1x1,20,0,0,0
planner_debate_L_it1,measured,5,critic-b,8,RMSNormOp,kernel,elementwise_unary,"void at::native::vectorized_elementwise_kernel<(int)4, at::native::rsqrt_kernel_cuda(at::TensorIteratorBase &)::[lambda() (instance 2)]::operator ()() const::[lambda() (instance 2)]::operator ()() const::[lambda(float) (instance 1)], std::array<char *, (unsigned long)2>>(int, T2, T3)",29124,cudaLaunchKernel_v7000,8019374734,8019379819,8019580317,8019581373,1056,7,4x1x1,128x1x1,26,0,0,0
planner_debate_L_it1,measured,5,critic-b,8,RMSNormOp,kernel,elementwise_binary,"void at::native::elementwise_kernel<(int)128, (int)2, void at::native::gpu_kernel_impl_nocast<at::native::BinaryFunctor<float, float, float, at::native::binary_internal::MulFunctor<float>>>(at::TensorIteratorBase &, const T1 &)::[lambda(int) (instance 1)]>(int, T3)",29134,cudaLaunchKernel_v7000,8019391666,8019397133,8019582109,8019711130,129021,7,65536x1x1,128x1x1,16,0,0,0
planner_debate_L_it1,measured,5,critic-b,8,RMSNormOp,kernel,copy,"void at::native::vectorized_elementwise_kernel<(int)8, at::native::float16_copy_kernel_cuda(at::TensorIteratorBase &)::[lambda(float) (instance 1)], std::array<char *, (unsigned long)2>>(int, T2, T3)",29147,cudaLaunchKernel_v7000,8019410683,8019415475,8019711866,8019803159,91293,7,16384x1x1,128x1x1,22,0,0,0
planner_debate_L_it1,measured,5,critic-b,10,LinearOp,memset,memset,memset,29195,cudaMemsetAsync_v3020,8019944879,8019971474,8019972818,8019973682,864,7,0x0x0,0x0x0,0,0,0,4096
planner_debate_L_it1,measured,5,critic-b,10,LinearOp,kernel,gemm,ampere_fp16_s1688gemm_fp16_128x128_ldg8_f2f_stages_32x1_nn,29198,cudaLaunchKernel_v7000,8019985171,8019999708,8019997394,8020849145,851751,7,32x32x3,128x1x1,234,32768,0,0
planner_debate_L_it1,measured,5,critic-b,11,LinearOp,memset,memset,memset,29245,cudaMemsetAsync_v3020,8020924805,8020929984,8020931255,8020932087,832,7,0x0x0,0x0x0,0,0,0,4096
planner_debate_L_it1,measured,5,critic-b,11,LinearOp,kernel,gemm,ampere_fp16_s1688gemm_fp16_128x128_ldg8_f2f_stages_32x1_nn,29248,cudaLaunchKernel_v7000,8020935649,8020944462,8020943959,8021795006,851047,7,32x32x3,128x1x1,234,32768,0,0
planner_debate_L_it1,measured,5,critic-b,12,LinearOp,memset,memset,memset,29295,cudaMemsetAsync_v3020,8021857716,8021862064,8021863260,8021864124,864,7,0x0x0,0x0x0,0,0,0,4096
planner_debate_L_it1,measured,5,critic-b,12,LinearOp,kernel,gemm,ampere_fp16_s1688gemm_fp16_128x128_ldg8_f2f_stages_32x1_nn,29298,cudaLaunchKernel_v7000,8021867046,8021874707,8021874268,8022725636,851368,7,32x32x3,128x1x1,234,32768,0,0
planner_debate_L_it1,measured,5,critic-b,14,TransposeOp,kernel,copy,"void at::native::elementwise_kernel<(int)128, (int)4, void at::native::gpu_kernel_impl_nocast<at::native::direct_copy_kernel_cuda(at::TensorIteratorBase &)::[lambda() (instance 3)]::operator ()() const::[lambda() (instance 10)]::operator ()() const::[lambda(c10::Half) (instance 1)]>(at::TensorIteratorBase &, const T1 &)::[lambda(int) (instance 1)]>(int, T3)",29378,cudaLaunchKernel_v7000,8022939910,8022955472,8022953821,8023180759,226938,7,32768x1x1,128x1x1,16,0,0,0
planner_debate_L_it1,measured,5,critic-merge,,call_overhead,memcpy,memcpy,memcpy_Device-to-Host,29420,cudaMemcpyAsync_v3020,8023257584,8023282521,8023281332,8024731179,1449847,7,0x0x0,0x0x0,0,0,0,33554432
planner_debate_L_it1,measured,5,critic-merge,,call_overhead,memcpy,memcpy,memcpy_Host-to-Device,29476,cudaMemcpyAsync_v3020,8140068443,8140095621,8140093457,8141493833,1400376,7,0x0x0,0x0x0,0,0,0,33554432
planner_debate_L_it1,measured,5,critic-merge,,call_overhead,kernel,rng_init,"void at::native::<unnamed>::distribution_elementwise_grid_stride_kernel<float, (int)4, void at::native::templates::cuda::normal_and_transform<c10::Half, float, at::CUDAGeneratorImpl *, void at::native::templates::cuda::normal_kernel<at::CUDAGeneratorImpl *>(const at::TensorBase &, double, double, T1)::[lambda() (instance 1)]::operator ()() const::[lambda() (instance 3)]::operator ()() const::[lambda(float) (instance 1)]>(at::TensorIteratorBase &, T3, T4)::[lambda(curandStatePhilox4_32_10 *) (instance 2)], void at::native::<unnamed>::distribution_nullary_kernel<c10::Half, float, float4, at::CUDAGeneratorImpl *, void at::native::templates::cuda::normal_and_transform<c10::Half, float, at::CUDAGeneratorImpl *, void at::native::templates::cuda::normal_kernel<at::CUDAGeneratorImpl *>(const at::TensorBase &, double, double, T1)::[lambda() (instance 1)]::operator ()() const::[lambda() (instance 3)]::operator ()() const::[lambda(float) (instance 1)]>(at::TensorIteratorBase &, T3, T4)::[lambda(curandStatePhilox4_32_10 *) (instance 2)], void at::native::templates::cuda::normal_kernel<at::CUDAGeneratorImpl *>(const at::TensorBase &, double, double, T1)::[lambda() (instance 1)]::operator ()() const::[lambda() (instance 3)]::operator ()() const::[lambda(float) (instance 1)]>(at::TensorIteratorBase &, T4, const T5 &, T6)::[lambda(int, float) (instance 1)]>(long, at::PhiloxCudaState, T3, T4)",29529,cudaLaunchKernel_v7000,8141619088,8141654670,8141715107,8141750946,35839,7,768x1x1,256x1x1,40,0,0,0
planner_debate_L_it1,measured,5,critic-merge,,call_overhead,kernel,elementwise_binary,"void at::native::vectorized_elementwise_kernel<(int)8, at::native::BUnaryFunctor<c10::Half, c10::Half, c10::Half, at::native::binary_internal::MulFunctor<float>>, std::array<char *, (unsigned long)2>>(int, T2, T3)",29539,cudaLaunchKernel_v7000,8141731346,8141743118,8141751618,8141771521,19903,7,16384x1x1,128x1x1,20,0,0,0
planner_debate_L_it1,measured,5,critic-merge,6,RMSNormOp,kernel,copy,"void at::native::unrolled_elementwise_kernel<at::native::direct_copy_kernel_cuda(at::TensorIteratorBase &)::[lambda() (instance 3)]::operator ()() const::[lambda() (instance 7)]::operator ()() const::[lambda(float) (instance 1)], std::array<char *, (unsigned long)2>, (int)8, TrivialOffsetCalculator<(int)1, unsigned int>, TrivialOffsetCalculator<(int)1, unsigned int>, at::native::memory::LoadWithCast<(int)1>, at::native::memory::StoreWithCast<(int)1>>(int, T1, T2, T4, T5, T6, T7)",29562,cudaLaunchKernel_v7000,8141883668,8141898660,8141897406,8142013658,116252,7,16384x1x1,128x1x1,38,0,0,0
planner_debate_L_it1,measured,5,critic-merge,6,RMSNormOp,kernel,elementwise_unary,"void at::native::vectorized_elementwise_kernel<(int)4, void at::native::<unnamed>::pow_tensor_scalar_kernel_impl<float, float>(at::TensorIteratorBase &, T2)::[lambda(float) (instance 1)], std::array<char *, (unsigned long)2>>(int, T2, T3)",29573,cudaLaunchKernel_v7000,8141920897,8141930981,8142014298,8142158390,144092,7,16384x1x1,128x1x1,20,0,0,0
planner_debate_L_it1,measured,5,critic-merge,6,RMSNormOp,kernel,reduce,"void at::native::reduce_kernel<(int)512, (int)1, at::native::ReduceOp<float, at::native::MeanOps<float, float, float, float>, unsigned int, float, (int)4, (int)4>>(T3)",29587,cudaLaunchKernel_v7000,8141954025,8141961311,8142159158,8142195797,36639,7,256x1x1,32x16x1,26,16,0,0
planner_debate_L_it1,measured,5,critic-merge,6,RMSNormOp,kernel,elementwise_binary,"void at::native::vectorized_elementwise_kernel<(int)4, at::native::CUDAFunctorOnSelf_add<float>, std::array<char *, (unsigned long)2>>(int, T2, T3)",29593,cudaLaunchKernel_v7000,8141979780,8141986302,8142196565,8142197845,1280,7,4x1x1,128x1x1,20,0,0,0
planner_debate_L_it1,measured,5,critic-merge,6,RMSNormOp,kernel,elementwise_unary,"void at::native::vectorized_elementwise_kernel<(int)4, at::native::rsqrt_kernel_cuda(at::TensorIteratorBase &)::[lambda() (instance 2)]::operator ()() const::[lambda() (instance 2)]::operator ()() const::[lambda(float) (instance 1)], std::array<char *, (unsigned long)2>>(int, T2, T3)",29603,cudaLaunchKernel_v7000,8142000395,8142006322,8142198485,8142199605,1120,7,4x1x1,128x1x1,26,0,0,0
planner_debate_L_it1,measured,5,critic-merge,6,RMSNormOp,kernel,elementwise_binary,"void at::native::elementwise_kernel<(int)128, (int)2, void at::native::gpu_kernel_impl_nocast<at::native::BinaryFunctor<float, float, float, at::native::binary_internal::MulFunctor<float>>>(at::TensorIteratorBase &, const T1 &)::[lambda(int) (instance 1)]>(int, T3)",29613,cudaLaunchKernel_v7000,8142024016,8142030195,8142200245,8142327825,127580,7,65536x1x1,128x1x1,16,0,0,0
planner_debate_L_it1,measured,5,critic-merge,6,RMSNormOp,kernel,copy,"void at::native::vectorized_elementwise_kernel<(int)8, at::native::float16_copy_kernel_cuda(at::TensorIteratorBase &)::[lambda(float) (instance 1)], std::array<char *, (unsigned long)2>>(int, T2, T3)",29626,cudaLaunchKernel_v7000,8142047664,8142053514,8142328529,8142419279,90750,7,16384x1x1,128x1x1,22,0,0,0
planner_debate_L_it1,measured,5,critic-merge,7,AddOp,kernel,elementwise_binary,"void at::native::vectorized_elementwise_kernel<(int)8, at::native::CUDAFunctorOnSelf_add<c10::Half>, std::array<char *, (unsigned long)2>>(int, T2, T3)",29670,cudaLaunchKernel_v7000,8142499211,8142507063,8142506924,8142534092,27168,7,16384x1x1,128x1x1,22,0,0,0
planner_debate_L_it1,measured,5,critic-merge,8,RMSNormOp,kernel,copy,"void at::native::unrolled_elementwise_kernel<at::native::direct_copy_kernel_cuda(at::TensorIteratorBase &)::[lambda() (instance 3)]::operator ()() const::[lambda() (instance 7)]::operator ()() const::[lambda(float) (instance 1)], std::array<char *, (unsigned long)2>, (int)8, TrivialOffsetCalculator<(int)1, unsigned int>, TrivialOffsetCalculator<(int)1, unsigned int>, at::native::memory::LoadWithCast<(int)1>, at::native::memory::StoreWithCast<(int)1>>(int, T1, T2, T4, T5, T6, T7)",29716,cudaLaunchKernel_v7000,8142600612,8142608704,8142608297,8142696551,88254,7,16384x1x1,128x1x1,38,0,0,0
planner_debate_L_it1,measured,5,critic-merge,8,RMSNormOp,kernel,elementwise_unary,"void at::native::vectorized_elementwise_kernel<(int)4, void at::native::<unnamed>::pow_tensor_scalar_kernel_impl<float, float>(at::TensorIteratorBase &, T2)::[lambda(float) (instance 1)], std::array<char *, (unsigned long)2>>(int, T2, T3)",29727,cudaLaunchKernel_v7000,8142638355,8142644116,8142697223,8142842115,144892,7,16384x1x1,128x1x1,20,0,0,0
planner_debate_L_it1,measured,5,critic-merge,8,RMSNormOp,kernel,reduce,"void at::native::reduce_kernel<(int)512, (int)1, at::native::ReduceOp<float, at::native::MeanOps<float, float, float, float>, unsigned int, float, (int)4, (int)4>>(T3)",29741,cudaLaunchKernel_v7000,8142657968,8142663475,8142842787,8142880290,37503,7,256x1x1,32x16x1,26,16,0,0
planner_debate_L_it1,measured,5,critic-merge,8,RMSNormOp,kernel,elementwise_binary,"void at::native::vectorized_elementwise_kernel<(int)4, at::native::CUDAFunctorOnSelf_add<float>, std::array<char *, (unsigned long)2>>(int, T2, T3)",29747,cudaLaunchKernel_v7000,8142672807,8142677998,8142881026,8142882274,1248,7,4x1x1,128x1x1,20,0,0,0
planner_debate_L_it1,measured,5,critic-merge,8,RMSNormOp,kernel,elementwise_unary,"void at::native::vectorized_elementwise_kernel<(int)4, at::native::rsqrt_kernel_cuda(at::TensorIteratorBase &)::[lambda() (instance 2)]::operator ()() const::[lambda() (instance 2)]::operator ()() const::[lambda(float) (instance 1)], std::array<char *, (unsigned long)2>>(int, T2, T3)",29757,cudaLaunchKernel_v7000,8142687846,8142692690,8142882946,8142884034,1088,7,4x1x1,128x1x1,26,0,0,0
planner_debate_L_it1,measured,5,critic-merge,8,RMSNormOp,kernel,elementwise_binary,"void at::native::elementwise_kernel<(int)128, (int)2, void at::native::gpu_kernel_impl_nocast<at::native::BinaryFunctor<float, float, float, at::native::binary_internal::MulFunctor<float>>>(at::TensorIteratorBase &, const T1 &)::[lambda(int) (instance 1)]>(int, T3)",29767,cudaLaunchKernel_v7000,8142704085,8142710616,8142884706,8143012798,128092,7,65536x1x1,128x1x1,16,0,0,0
planner_debate_L_it1,measured,5,critic-merge,8,RMSNormOp,kernel,copy,"void at::native::vectorized_elementwise_kernel<(int)8, at::native::float16_copy_kernel_cuda(at::TensorIteratorBase &)::[lambda(float) (instance 1)], std::array<char *, (unsigned long)2>>(int, T2, T3)",29780,cudaLaunchKernel_v7000,8142723391,8142728514,8143013502,8143105531,92029,7,16384x1x1,128x1x1,22,0,0,0
planner_debate_L_it1,measured,5,critic-merge,10,LinearOp,memset,memset,memset,29828,cudaMemsetAsync_v3020,8143212300,8143227208,8143228728,8143229592,864,7,0x0x0,0x0x0,0,0,0,4096
planner_debate_L_it1,measured,5,critic-merge,10,LinearOp,kernel,gemm,ampere_fp16_s1688gemm_fp16_128x128_ldg8_f2f_stages_32x1_nn,29831,cudaLaunchKernel_v7000,8143238999,8143248451,8143248023,8144099551,851528,7,32x32x3,128x1x1,234,32768,0,0
planner_debate_L_it1,measured,5,critic-merge,11,LinearOp,memset,memset,memset,29878,cudaMemsetAsync_v3020,8144166847,8144172337,8144173597,8144174461,864,7,0x0x0,0x0x0,0,0,0,4096
planner_debate_L_it1,measured,5,critic-merge,11,LinearOp,kernel,gemm,ampere_fp16_s1688gemm_fp16_128x128_ldg8_f2f_stages_32x1_nn,29881,cudaLaunchKernel_v7000,8144177382,8144185083,8144184732,8145036420,851688,7,32x32x3,128x1x1,234,32768,0,0
planner_debate_L_it1,measured,5,critic-merge,12,LinearOp,memset,memset,memset,29928,cudaMemsetAsync_v3020,8145098449,8145102833,8145104418,8145105282,864,7,0x0x0,0x0x0,0,0,0,4096
planner_debate_L_it1,measured,5,critic-merge,12,LinearOp,kernel,gemm,ampere_fp16_s1688gemm_fp16_128x128_ldg8_f2f_stages_32x1_nn,29931,cudaLaunchKernel_v7000,8145107599,8145115562,8145115202,8145966474,851272,7,32x32x3,128x1x1,234,32768,0,0
planner_debate_L_it1,measured,5,critic-merge,14,TransposeOp,kernel,copy,"void at::native::elementwise_kernel<(int)128, (int)4, void at::native::gpu_kernel_impl_nocast<at::native::direct_copy_kernel_cuda(at::TensorIteratorBase &)::[lambda() (instance 3)]::operator ()() const::[lambda() (instance 10)]::operator ()() const::[lambda(c10::Half) (instance 1)]>(at::TensorIteratorBase &, const T1 &)::[lambda(int) (instance 1)]>(int, T3)",30011,cudaLaunchKernel_v7000,8146126373,8146139070,8146135941,8146362302,226361,7,32768x1x1,128x1x1,16,0,0,0
planner_debate_L_it1,measured,5,planner-final,,call_overhead,memcpy,memcpy,memcpy_Device-to-Host,30053,cudaMemcpyAsync_v3020,8146425467,8146444645,8146443740,8147929970,1486230,7,0x0x0,0x0x0,0,0,0,33554432
planner_debate_L_it1,measured,5,planner-final,,call_overhead,memcpy,memcpy,memcpy_Host-to-Device,30109,cudaMemcpyAsync_v3020,8235816575,8235855259,8235853991,8236973223,1119232,7,0x0x0,0x0x0,0,0,0,25690112
planner_debate_L_it1,measured,5,planner-final,,call_overhead,kernel,rng_init,"void at::native::<unnamed>::distribution_elementwise_grid_stride_kernel<float, (int)4, void at::native::templates::cuda::normal_and_transform<c10::Half, float, at::CUDAGeneratorImpl *, void at::native::templates::cuda::normal_kernel<at::CUDAGeneratorImpl *>(const at::TensorBase &, double, double, T1)::[lambda() (instance 1)]::operator ()() const::[lambda() (instance 3)]::operator ()() const::[lambda(float) (instance 1)]>(at::TensorIteratorBase &, T3, T4)::[lambda(curandStatePhilox4_32_10 *) (instance 2)], void at::native::<unnamed>::distribution_nullary_kernel<c10::Half, float, float4, at::CUDAGeneratorImpl *, void at::native::templates::cuda::normal_and_transform<c10::Half, float, at::CUDAGeneratorImpl *, void at::native::templates::cuda::normal_kernel<at::CUDAGeneratorImpl *>(const at::TensorBase &, double, double, T1)::[lambda() (instance 1)]::operator ()() const::[lambda() (instance 3)]::operator ()() const::[lambda(float) (instance 1)]>(at::TensorIteratorBase &, T3, T4)::[lambda(curandStatePhilox4_32_10 *) (instance 2)], void at::native::templates::cuda::normal_kernel<at::CUDAGeneratorImpl *>(const at::TensorBase &, double, double, T1)::[lambda() (instance 1)]::operator ()() const::[lambda() (instance 3)]::operator ()() const::[lambda(float) (instance 1)]>(at::TensorIteratorBase &, T4, const T5 &, T6)::[lambda(int, float) (instance 1)]>(long, at::PhiloxCudaState, T3, T4)",30162,cudaLaunchKernel_v7000,8237072834,8237105409,8237168097,8237196224,28127,7,768x1x1,256x1x1,40,0,0,0
planner_debate_L_it1,measured,5,planner-final,,call_overhead,kernel,elementwise_binary,"void at::native::vectorized_elementwise_kernel<(int)8, at::native::BUnaryFunctor<c10::Half, c10::Half, c10::Half, at::native::binary_internal::MulFunctor<float>>, std::array<char *, (unsigned long)2>>(int, T2, T3)",30172,cudaLaunchKernel_v7000,8237147240,8237155498,8237196992,8237212128,15136,7,12544x1x1,128x1x1,20,0,0,0
planner_debate_L_it1,measured,5,planner-final,6,RMSNormOp,kernel,copy,"void at::native::unrolled_elementwise_kernel<at::native::direct_copy_kernel_cuda(at::TensorIteratorBase &)::[lambda() (instance 3)]::operator ()() const::[lambda() (instance 7)]::operator ()() const::[lambda(float) (instance 1)], std::array<char *, (unsigned long)2>, (int)8, TrivialOffsetCalculator<(int)1, unsigned int>, TrivialOffsetCalculator<(int)1, unsigned int>, at::native::memory::LoadWithCast<(int)1>, at::native::memory::StoreWithCast<(int)1>>(int, T1, T2, T4, T5, T6, T7)",30195,cudaLaunchKernel_v7000,8237261915,8237272879,8237272510,8237356348,83838,7,12544x1x1,128x1x1,38,0,0,0
planner_debate_L_it1,measured,5,planner-final,6,RMSNormOp,kernel,elementwise_unary,"void at::native::vectorized_elementwise_kernel<(int)4, void at::native::<unnamed>::pow_tensor_scalar_kernel_impl<float, float>(at::TensorIteratorBase &, T2)::[lambda(float) (instance 1)], std::array<char *, (unsigned long)2>>(int, T2, T3)",30206,cudaLaunchKernel_v7000,8237291382,8237297339,8237357116,8237427002,69886,7,12544x1x1,128x1x1,20,0,0,0
planner_debate_L_it1,measured,5,planner-final,6,RMSNormOp,kernel,reduce,"void at::native::reduce_kernel<(int)512, (int)1, at::native::ReduceOp<float, at::native::MeanOps<float, float, float, float>, unsigned int, float, (int)4, (int)4>>(T3)",30220,cudaLaunchKernel_v7000,8237318165,8237324691,8237427642,8237448153,20511,7,224x1x1,32x16x1,26,16,0,0
planner_debate_L_it1,measured,5,planner-final,6,RMSNormOp,kernel,elementwise_binary,"void at::native::vectorized_elementwise_kernel<(int)4, at::native::CUDAFunctorOnSelf_add<float>, std::array<char *, (unsigned long)2>>(int, T2, T3)",30226,cudaLaunchKernel_v7000,8237343027,8237349599,8237448857,8237450041,1184,7,4x1x1,128x1x1,20,0,0,0
planner_debate_L_it1,measured,5,planner-final,6,RMSNormOp,kernel,elementwise_unary,"void at::native::vectorized_elementwise_kernel<(int)4, at::native::rsqrt_kernel_cuda(at::TensorIteratorBase &)::[lambda() (instance 2)]::operator ()() const::[lambda() (instance 2)]::operator ()() const::[lambda(float) (instance 1)], std::array<char *, (unsigned long)2>>(int, T2, T3)",30236,cudaLaunchKernel_v7000,8237363099,8237372078,8237450713,8237451801,1088,7,4x1x1,128x1x1,26,0,0,0
planner_debate_L_it1,measured,5,planner-final,6,RMSNormOp,kernel,elementwise_binary,"void at::native::elementwise_kernel<(int)128, (int)2, void at::native::gpu_kernel_impl_nocast<at::native::BinaryFunctor<float, float, float, at::native::binary_internal::MulFunctor<float>>>(at::TensorIteratorBase &, const T1 &)::[lambda(int) (instance 1)]>(int, T3)",30246,cudaLaunchKernel_v7000,8237389863,8237396624,8237452441,8237539703,87262,7,50176x1x1,128x1x1,16,0,0,0
planner_debate_L_it1,measured,5,planner-final,6,RMSNormOp,kernel,copy,"void at::native::vectorized_elementwise_kernel<(int)8, at::native::float16_copy_kernel_cuda(at::TensorIteratorBase &)::[lambda(float) (instance 1)], std::array<char *, (unsigned long)2>>(int, T2, T3)",30259,cudaLaunchKernel_v7000,8237412088,8237416974,8237540855,8237595509,54654,7,12544x1x1,128x1x1,22,0,0,0
planner_debate_L_it1,measured,5,planner-final,7,AddOp,kernel,elementwise_binary,"void at::native::vectorized_elementwise_kernel<(int)8, at::native::CUDAFunctorOnSelf_add<c10::Half>, std::array<char *, (unsigned long)2>>(int, T2, T3)",30303,cudaLaunchKernel_v7000,8237677796,8237686175,8237685682,8237700530,14848,7,12544x1x1,128x1x1,22,0,0,0
planner_debate_L_it1,measured,5,planner-final,8,RMSNormOp,kernel,copy,"void at::native::unrolled_elementwise_kernel<at::native::direct_copy_kernel_cuda(at::TensorIteratorBase &)::[lambda() (instance 3)]::operator ()() const::[lambda() (instance 7)]::operator ()() const::[lambda(float) (instance 1)], std::array<char *, (unsigned long)2>, (int)8, TrivialOffsetCalculator<(int)1, unsigned int>, TrivialOffsetCalculator<(int)1, unsigned int>, at::native::memory::LoadWithCast<(int)1>, at::native::memory::StoreWithCast<(int)1>>(int, T1, T2, T4, T5, T6, T7)",30349,cudaLaunchKernel_v7000,8237765803,8237773575,8237773232,8237823566,50334,7,12544x1x1,128x1x1,38,0,0,0
planner_debate_L_it1,measured,5,planner-final,8,RMSNormOp,kernel,elementwise_unary,"void at::native::vectorized_elementwise_kernel<(int)4, void at::native::<unnamed>::pow_tensor_scalar_kernel_impl<float, float>(at::TensorIteratorBase &, T2)::[lambda(float) (instance 1)], std::array<char *, (unsigned long)2>>(int, T2, T3)",30360,cudaLaunchKernel_v7000,8237784110,8237792113,8237824302,8237898220,73918,7,12544x1x1,128x1x1,20,0,0,0
planner_debate_L_it1,measured,5,planner-final,8,RMSNormOp,kernel,reduce,"void at::native::reduce_kernel<(int)512, (int)1, at::native::ReduceOp<float, at::native::MeanOps<float, float, float, float>, unsigned int, float, (int)4, (int)4>>(T3)",30374,cudaLaunchKernel_v7000,8237804967,8237810314,8237898924,8237921260,22336,7,224x1x1,32x16x1,26,16,0,0
planner_debate_L_it1,measured,5,planner-final,8,RMSNormOp,kernel,elementwise_binary,"void at::native::vectorized_elementwise_kernel<(int)4, at::native::CUDAFunctorOnSelf_add<float>, std::array<char *, (unsigned long)2>>(int, T2, T3)",30380,cudaLaunchKernel_v7000,8237819630,8237824991,8237921932,8237923116,1184,7,4x1x1,128x1x1,20,0,0,0
planner_debate_L_it1,measured,5,planner-final,8,RMSNormOp,kernel,elementwise_unary,"void at::native::vectorized_elementwise_kernel<(int)4, at::native::rsqrt_kernel_cuda(at::TensorIteratorBase &)::[lambda() (instance 2)]::operator ()() const::[lambda() (instance 2)]::operator ()() const::[lambda(float) (instance 1)], std::array<char *, (unsigned long)2>>(int, T2, T3)",30390,cudaLaunchKernel_v7000,8237834552,8237839103,8237923788,8237924844,1056,7,4x1x1,128x1x1,26,0,0,0
planner_debate_L_it1,measured,5,planner-final,8,RMSNormOp,kernel,elementwise_binary,"void at::native::elementwise_kernel<(int)128, (int)2, void at::native::gpu_kernel_impl_nocast<at::native::BinaryFunctor<float, float, float, at::native::binary_internal::MulFunctor<float>>>(at::TensorIteratorBase &, const T1 &)::[lambda(int) (instance 1)]>(int, T3)",30400,cudaLaunchKernel_v7000,8237849684,8237854231,8237925516,8238013801,88285,7,50176x1x1,128x1x1,16,0,0,0
planner_debate_L_it1,measured,5,planner-final,8,RMSNormOp,kernel,copy,"void at::native::vectorized_elementwise_kernel<(int)8, at::native::float16_copy_kernel_cuda(at::TensorIteratorBase &)::[lambda(float) (instance 1)], std::array<char *, (unsigned long)2>>(int, T2, T3)",30413,cudaLaunchKernel_v7000,8237865926,8237870593,8238014953,8238070087,55134,7,12544x1x1,128x1x1,22,0,0,0
planner_debate_L_it1,measured,5,planner-final,10,LinearOp,kernel,gemm,void cutlass::Kernel2<cutlass_80_tensorop_f16_s16816gemm_relu_f16_64x64_32x6_nn_align8>(T1::Params),30467,cuLaunchKernel,8238215089,8238225582,8238225539,8238863025,637486,7,448x7x1,128x1x1,96,0,49152,0
planner_debate_L_it1,measured,5,planner-final,11,LinearOp,kernel,gemm,void cutlass::Kernel2<cutlass_80_tensorop_f16_s16816gemm_relu_f16_64x64_32x6_nn_align8>(T1::Params),30519,cuLaunchKernel,8238941930,8238949409,8238949038,8239583004,633966,7,448x7x1,128x1x1,96,0,49152,0
planner_debate_L_it1,measured,5,planner-final,12,LinearOp,kernel,gemm,void cutlass::Kernel2<cutlass_80_tensorop_f16_s16816gemm_relu_f16_64x64_32x6_nn_align8>(T1::Params),30571,cuLaunchKernel,8239654033,8239661127,8239660986,8240297160,636174,7,448x7x1,128x1x1,96,0,49152,0
planner_debate_L_it1,measured,5,planner-final,14,TransposeOp,kernel,copy,"void at::native::elementwise_kernel<(int)128, (int)4, void at::native::gpu_kernel_impl_nocast<at::native::direct_copy_kernel_cuda(at::TensorIteratorBase &)::[lambda() (instance 3)]::operator ()() const::[lambda() (instance 10)]::operator ()() const::[lambda(c10::Half) (instance 1)]>(at::TensorIteratorBase &, const T1 &)::[lambda(int) (instance 1)]>(int, T3)",30650,cudaLaunchKernel_v7000,8240449069,8240458836,8240458371,8240636030,177659,7,25088x1x1,128x1x1,16,0,0,0
planner_debate_L_it1,measured,5,planner-final,,call_overhead,memcpy,memcpy,memcpy_Device-to-Host,30692,cudaMemcpyAsync_v3020,8240697419,8240711255,8240710012,8241851580,1141568,7,0x0x0,0x0x0,0,0,0,25690112
planner_debate_L_it1,measured,6,planner-seed,,call_overhead,memcpy,memcpy,memcpy_Host-to-Device,30752,cudaMemcpyAsync_v3020,8328162883,8328189790,8328187998,8329249472,1061474,7,0x0x0,0x0x0,0,0,0,25690112
planner_debate_L_it1,measured,6,planner-seed,,call_overhead,kernel,rng_init,"void at::native::<unnamed>::distribution_elementwise_grid_stride_kernel<float, (int)4, void at::native::templates::cuda::normal_and_transform<c10::Half, float, at::CUDAGeneratorImpl *, void at::native::templates::cuda::normal_kernel<at::CUDAGeneratorImpl *>(const at::TensorBase &, double, double, T1)::[lambda() (instance 1)]::operator ()() const::[lambda() (instance 3)]::operator ()() const::[lambda(float) (instance 1)]>(at::TensorIteratorBase &, T3, T4)::[lambda(curandStatePhilox4_32_10 *) (instance 2)], void at::native::<unnamed>::distribution_nullary_kernel<c10::Half, float, float4, at::CUDAGeneratorImpl *, void at::native::templates::cuda::normal_and_transform<c10::Half, float, at::CUDAGeneratorImpl *, void at::native::templates::cuda::normal_kernel<at::CUDAGeneratorImpl *>(const at::TensorBase &, double, double, T1)::[lambda() (instance 1)]::operator ()() const::[lambda() (instance 3)]::operator ()() const::[lambda(float) (instance 1)]>(at::TensorIteratorBase &, T3, T4)::[lambda(curandStatePhilox4_32_10 *) (instance 2)], void at::native::templates::cuda::normal_kernel<at::CUDAGeneratorImpl *>(const at::TensorBase &, double, double, T1)::[lambda() (instance 1)]::operator ()() const::[lambda() (instance 3)]::operator ()() const::[lambda(float) (instance 1)]>(at::TensorIteratorBase &, T4, const T5 &, T6)::[lambda(int, float) (instance 1)]>(long, at::PhiloxCudaState, T3, T4)",30805,cudaLaunchKernel_v7000,8329340966,8329374013,8329436282,8329464345,28063,7,768x1x1,256x1x1,40,0,0,0
planner_debate_L_it1,measured,6,planner-seed,,call_overhead,kernel,elementwise_binary,"void at::native::vectorized_elementwise_kernel<(int)8, at::native::BUnaryFunctor<c10::Half, c10::Half, c10::Half, at::native::binary_internal::MulFunctor<float>>, std::array<char *, (unsigned long)2>>(int, T2, T3)",30815,cudaLaunchKernel_v7000,8329411410,8329419273,8329465017,8329479929,14912,7,12544x1x1,128x1x1,20,0,0,0
planner_debate_L_it1,measured,6,planner-seed,6,RMSNormOp,kernel,copy,"void at::native::unrolled_elementwise_kernel<at::native::direct_copy_kernel_cuda(at::TensorIteratorBase &)::[lambda() (instance 3)]::operator ()() const::[lambda() (instance 7)]::operator ()() const::[lambda(float) (instance 1)], std::array<char *, (unsigned long)2>, (int)8, TrivialOffsetCalculator<(int)1, unsigned int>, TrivialOffsetCalculator<(int)1, unsigned int>, at::native::memory::LoadWithCast<(int)1>, at::native::memory::StoreWithCast<(int)1>>(int, T1, T2, T4, T5, T6, T7)",30838,cudaLaunchKernel_v7000,8329516841,8329526355,8329526136,8329610837,84701,7,12544x1x1,128x1x1,38,0,0,0
planner_debate_L_it1,measured,6,planner-seed,6,RMSNormOp,kernel,elementwise_unary,"void at::native::vectorized_elementwise_kernel<(int)4, void at::native::<unnamed>::pow_tensor_scalar_kernel_impl<float, float>(at::TensorIteratorBase &, T2)::[lambda(float) (instance 1)], std::array<char *, (unsigned long)2>>(int, T2, T3)",30849,cudaLaunchKernel_v7000,8329544428,8329550466,8329611477,8329682067,70590,7,12544x1x1,128x1x1,20,0,0,0
planner_debate_L_it1,measured,6,planner-seed,6,RMSNormOp,kernel,reduce,"void at::native::reduce_kernel<(int)512, (int)1, at::native::ReduceOp<float, at::native::MeanOps<float, float, float, float>, unsigned int, float, (int)4, (int)4>>(T3)",30863,cudaLaunchKernel_v7000,8329570466,8329576708,8329682739,8329703379,20640,7,224x1x1,32x16x1,26,16,0,0
planner_debate_L_it1,measured,6,planner-seed,6,RMSNormOp,kernel,elementwise_binary,"void at::native::vectorized_elementwise_kernel<(int)4, at::native::CUDAFunctorOnSelf_add<float>, std::array<char *, (unsigned long)2>>(int, T2, T3)",30869,cudaLaunchKernel_v7000,8329594862,8329600513,8329704147,8329705331,1184,7,4x1x1,128x1x1,20,0,0,0
planner_debate_L_it1,measured,6,planner-seed,6,RMSNormOp,kernel,elementwise_unary,"void at::native::vectorized_elementwise_kernel<(int)4, at::native::rsqrt_kernel_cuda(at::TensorIteratorBase &)::[lambda() (instance 2)]::operator ()() const::[lambda() (instance 2)]::operator ()() const::[lambda(float) (instance 1)], std::array<char *, (unsigned long)2>>(int, T2, T3)",30879,cudaLaunchKernel_v7000,8329620223,8329626590,8329706003,8329707090,1087,7,4x1x1,128x1x1,26,0,0,0
planner_debate_L_it1,measured,6,planner-seed,6,RMSNormOp,kernel,elementwise_binary,"void at::native::elementwise_kernel<(int)128, (int)2, void at::native::gpu_kernel_impl_nocast<at::native::BinaryFunctor<float, float, float, at::native::binary_internal::MulFunctor<float>>>(at::TensorIteratorBase &, const T1 &)::[lambda(int) (instance 1)]>(int, T3)",30889,cudaLaunchKernel_v7000,8329643061,8329649218,8329707730,8329795024,87294,7,50176x1x1,128x1x1,16,0,0,0
planner_debate_L_it1,measured,6,planner-seed,6,RMSNormOp,kernel,copy,"void at::native::vectorized_elementwise_kernel<(int)8, at::native::float16_copy_kernel_cuda(at::TensorIteratorBase &)::[lambda(float) (instance 1)], std::array<char *, (unsigned long)2>>(int, T2, T3)",30902,cudaLaunchKernel_v7000,8329665028,8329670395,8329795760,8329850158,54398,7,12544x1x1,128x1x1,22,0,0,0
planner_debate_L_it1,measured,6,planner-seed,7,AddOp,kernel,elementwise_binary,"void at::native::vectorized_elementwise_kernel<(int)8, at::native::CUDAFunctorOnSelf_add<c10::Half>, std::array<char *, (unsigned long)2>>(int, T2, T3)",30946,cudaLaunchKernel_v7000,8329922335,8329932859,8329930380,8329945100,14720,7,12544x1x1,128x1x1,22,0,0,0
planner_debate_L_it1,measured,6,planner-seed,8,RMSNormOp,kernel,copy,"void at::native::unrolled_elementwise_kernel<at::native::direct_copy_kernel_cuda(at::TensorIteratorBase &)::[lambda() (instance 3)]::operator ()() const::[lambda() (instance 7)]::operator ()() const::[lambda(float) (instance 1)], std::array<char *, (unsigned long)2>, (int)8, TrivialOffsetCalculator<(int)1, unsigned int>, TrivialOffsetCalculator<(int)1, unsigned int>, at::native::memory::LoadWithCast<(int)1>, at::native::memory::StoreWithCast<(int)1>>(int, T1, T2, T4, T5, T6, T7)",30992,cudaLaunchKernel_v7000,8330009456,8330016972,8330016842,8330067976,51134,7,12544x1x1,128x1x1,38,0,0,0
planner_debate_L_it1,measured,6,planner-seed,8,RMSNormOp,kernel,elementwise_unary,"void at::native::vectorized_elementwise_kernel<(int)4, void at::native::<unnamed>::pow_tensor_scalar_kernel_impl<float, float>(at::TensorIteratorBase &, T2)::[lambda(float) (instance 1)], std::array<char *, (unsigned long)2>>(int, T2, T3)",31003,cudaLaunchKernel_v7000,8330027463,8330032557,8330068680,8330141222,72542,7,12544x1x1,128x1x1,20,0,0,0
planner_debate_L_it1,measured,6,planner-seed,8,RMSNormOp,kernel,reduce,"void at::native::reduce_kernel<(int)512, (int)1, at::native::ReduceOp<float, at::native::MeanOps<float, float, float, float>, unsigned int, float, (int)4, (int)4>>(T3)",31017,cudaLaunchKernel_v7000,8330044641,8330049871,8330141894,8330169029,27135,7,224x1x1,32x16x1,26,16,0,0
planner_debate_L_it1,measured,6,planner-seed,8,RMSNormOp,kernel,elementwise_binary,"void at::native::vectorized_elementwise_kernel<(int)4, at::native::CUDAFunctorOnSelf_add<float>, std::array<char *, (unsigned long)2>>(int, T2, T3)",31023,cudaLaunchKernel_v7000,8330058892,8330063850,8330169797,8330172421,2624,7,4x1x1,128x1x1,20,0,0,0
planner_debate_L_it1,measured,6,planner-seed,8,RMSNormOp,kernel,elementwise_unary,"void at::native::vectorized_elementwise_kernel<(int)4, at::native::rsqrt_kernel_cuda(at::TensorIteratorBase &)::[lambda() (instance 2)]::operator ()() const::[lambda() (instance 2)]::operator ()() const::[lambda(float) (instance 1)], std::array<char *, (unsigned long)2>>(int, T2, T3)",31033,cudaLaunchKernel_v7000,8330072775,8330077848,8330173157,8330174245,1088,7,4x1x1,128x1x1,26,0,0,0
planner_debate_L_it1,measured,6,planner-seed,8,RMSNormOp,kernel,elementwise_binary,"void at::native::elementwise_kernel<(int)128, (int)2, void at::native::gpu_kernel_impl_nocast<at::native::BinaryFunctor<float, float, float, at::native::binary_internal::MulFunctor<float>>>(at::TensorIteratorBase &, const T1 &)::[lambda(int) (instance 1)]>(int, T3)",31043,cudaLaunchKernel_v7000,8330088138,8330092765,8330174917,8330288034,113117,7,50176x1x1,128x1x1,16,0,0,0
planner_debate_L_it1,measured,6,planner-seed,8,RMSNormOp,kernel,copy,"void at::native::vectorized_elementwise_kernel<(int)8, at::native::float16_copy_kernel_cuda(at::TensorIteratorBase &)::[lambda(float) (instance 1)], std::array<char *, (unsigned long)2>>(int, T2, T3)",31056,cudaLaunchKernel_v7000,8330103932,8330108915,8330288706,8330346144,57438,7,12544x1x1,128x1x1,22,0,0,0
planner_debate_L_it1,measured,6,planner-seed,10,LinearOp,kernel,gemm,void cutlass::Kernel2<cutlass_80_tensorop_f16_s16816gemm_relu_f16_64x64_32x6_nn_align8>(T1::Params),31110,cuLaunchKernel,8330467057,8330475399,8330475453,8331111146,635693,7,448x7x1,128x1x1,96,0,49152,0
planner_debate_L_it1,measured,6,planner-seed,11,LinearOp,kernel,gemm,void cutlass::Kernel2<cutlass_80_tensorop_f16_s16816gemm_relu_f16_64x64_32x6_nn_align8>(T1::Params),31162,cuLaunchKernel,8331178875,8331185804,8331185832,8331820502,634670,7,448x7x1,128x1x1,96,0,49152,0
planner_debate_L_it1,measured,6,planner-seed,12,LinearOp,kernel,gemm,void cutlass::Kernel2<cutlass_80_tensorop_f16_s16816gemm_relu_f16_64x64_32x6_nn_align8>(T1::Params),31214,cuLaunchKernel,8331884150,8331890974,8331891060,8332525506,634446,7,448x7x1,128x1x1,96,0,49152,0
planner_debate_L_it1,measured,6,planner-seed,14,TransposeOp,kernel,copy,"void at::native::elementwise_kernel<(int)128, (int)4, void at::native::gpu_kernel_impl_nocast<at::native::direct_copy_kernel_cuda(at::TensorIteratorBase &)::[lambda() (instance 3)]::operator ()() const::[lambda() (instance 10)]::operator ()() const::[lambda(c10::Half) (instance 1)]>(at::TensorIteratorBase &, const T1 &)::[lambda(int) (instance 1)]>(int, T3)",31293,cudaLaunchKernel_v7000,8332679163,8332688701,8332688349,8332866008,177659,7,25088x1x1,128x1x1,16,0,0,0
planner_debate_L_it1,measured,6,critic-a,,call_overhead,memcpy,memcpy,memcpy_Device-to-Host,31335,cudaMemcpyAsync_v3020,8332930387,8332946960,8332945974,8334068342,1122368,7,0x0x0,0x0x0,0,0,0,25690112
planner_debate_L_it1,measured,6,critic-a,,call_overhead,memcpy,memcpy,memcpy_Host-to-Device,31391,cudaMemcpyAsync_v3020,8451006959,8451033619,8451032399,8452490629,1458230,7,0x0x0,0x0x0,0,0,0,33554432
planner_debate_L_it1,measured,6,critic-a,,call_overhead,kernel,rng_init,"void at::native::<unnamed>::distribution_elementwise_grid_stride_kernel<float, (int)4, void at::native::templates::cuda::normal_and_transform<c10::Half, float, at::CUDAGeneratorImpl *, void at::native::templates::cuda::normal_kernel<at::CUDAGeneratorImpl *>(const at::TensorBase &, double, double, T1)::[lambda() (instance 1)]::operator ()() const::[lambda() (instance 3)]::operator ()() const::[lambda(float) (instance 1)]>(at::TensorIteratorBase &, T3, T4)::[lambda(curandStatePhilox4_32_10 *) (instance 2)], void at::native::<unnamed>::distribution_nullary_kernel<c10::Half, float, float4, at::CUDAGeneratorImpl *, void at::native::templates::cuda::normal_and_transform<c10::Half, float, at::CUDAGeneratorImpl *, void at::native::templates::cuda::normal_kernel<at::CUDAGeneratorImpl *>(const at::TensorBase &, double, double, T1)::[lambda() (instance 1)]::operator ()() const::[lambda() (instance 3)]::operator ()() const::[lambda(float) (instance 1)]>(at::TensorIteratorBase &, T3, T4)::[lambda(curandStatePhilox4_32_10 *) (instance 2)], void at::native::templates::cuda::normal_kernel<at::CUDAGeneratorImpl *>(const at::TensorBase &, double, double, T1)::[lambda() (instance 1)]::operator ()() const::[lambda() (instance 3)]::operator ()() const::[lambda(float) (instance 1)]>(at::TensorIteratorBase &, T4, const T5 &, T6)::[lambda(int, float) (instance 1)]>(long, at::PhiloxCudaState, T3, T4)",31444,cudaLaunchKernel_v7000,8452601922,8452648188,8452701247,8452736990,35743,7,768x1x1,256x1x1,40,0,0,0
planner_debate_L_it1,measured,6,critic-a,,call_overhead,kernel,elementwise_binary,"void at::native::vectorized_elementwise_kernel<(int)8, at::native::BUnaryFunctor<c10::Half, c10::Half, c10::Half, at::native::binary_internal::MulFunctor<float>>, std::array<char *, (unsigned long)2>>(int, T2, T3)",31454,cudaLaunchKernel_v7000,8452689049,8452698724,8452737726,8452757950,20224,7,16384x1x1,128x1x1,20,0,0,0
planner_debate_L_it1,measured,6,critic-a,6,RMSNormOp,kernel,copy,"void at::native::unrolled_elementwise_kernel<at::native::direct_copy_kernel_cuda(at::TensorIteratorBase &)::[lambda() (instance 3)]::operator ()() const::[lambda() (instance 7)]::operator ()() const::[lambda(float) (instance 1)], std::array<char *, (unsigned long)2>, (int)8, TrivialOffsetCalculator<(int)1, unsigned int>, TrivialOffsetCalculator<(int)1, unsigned int>, at::native::memory::LoadWithCast<(int)1>, at::native::memory::StoreWithCast<(int)1>>(int, T1, T2, T4, T5, T6, T7)",31477,cudaLaunchKernel_v7000,8452816217,8452826407,8452826268,8452943865,117597,7,16384x1x1,128x1x1,38,0,0,0
planner_debate_L_it1,measured,6,critic-a,6,RMSNormOp,kernel,elementwise_unary,"void at::native::vectorized_elementwise_kernel<(int)4, void at::native::<unnamed>::pow_tensor_scalar_kernel_impl<float, float>(at::TensorIteratorBase &, T2)::[lambda(float) (instance 1)], std::array<char *, (unsigned long)2>>(int, T2, T3)",31488,cudaLaunchKernel_v7000,8452844138,8452850234,8452944633,8453087860,143227,7,16384x1x1,128x1x1,20,0,0,0
planner_debate_L_it1,measured,6,critic-a,6,RMSNormOp,kernel,reduce,"void at::native::reduce_kernel<(int)512, (int)1, at::native::ReduceOp<float, at::native::MeanOps<float, float, float, float>, unsigned int, float, (int)4, (int)4>>(T3)",31502,cudaLaunchKernel_v7000,8452870452,8452877079,8453088596,8453125267,36671,7,256x1x1,32x16x1,26,16,0,0
planner_debate_L_it1,measured,6,critic-a,6,RMSNormOp,kernel,elementwise_binary,"void at::native::vectorized_elementwise_kernel<(int)4, at::native::CUDAFunctorOnSelf_add<float>, std::array<char *, (unsigned long)2>>(int, T2, T3)",31508,cudaLaunchKernel_v7000,8452894498,8452900159,8453125907,8453127187,1280,7,4x1x1,128x1x1,20,0,0,0
planner_debate_L_it1,measured,6,critic-a,6,RMSNormOp,kernel,elementwise_unary,"void at::native::vectorized_elementwise_kernel<(int)4, at::native::rsqrt_kernel_cuda(at::TensorIteratorBase &)::[lambda() (instance 2)]::operator ()() const::[lambda() (instance 2)]::operator ()() const::[lambda(float) (instance 1)], std::array<char *, (unsigned long)2>>(int, T2, T3)",31518,cudaLaunchKernel_v7000,8452913771,8452919557,8453127891,8453129011,1120,7,4x1x1,128x1x1,26,0,0,0
planner_debate_L_it1,measured,6,critic-a,6,RMSNormOp,kernel,elementwise_binary,"void at::native::elementwise_kernel<(int)128, (int)2, void at::native::gpu_kernel_impl_nocast<at::native::BinaryFunctor<float, float, float, at::native::binary_internal::MulFunctor<float>>>(at::TensorIteratorBase &, const T1 &)::[lambda(int) (instance 1)]>(int, T3)",31528,cudaLaunchKernel_v7000,8452935035,8452941133,8453129683,8453256400,126717,7,65536x1x1,128x1x1,16,0,0,0
planner_debate_L_it1,measured,6,critic-a,6,RMSNormOp,kernel,copy,"void at::native::vectorized_elementwise_kernel<(int)8, at::native::float16_copy_kernel_cuda(at::TensorIteratorBase &)::[lambda(float) (instance 1)], std::array<char *, (unsigned long)2>>(int, T2, T3)",31541,cudaLaunchKernel_v7000,8452956317,8452961084,8453257136,8453348045,90909,7,16384x1x1,128x1x1,22,0,0,0
planner_debate_L_it1,measured,6,critic-a,7,AddOp,kernel,elementwise_binary,"void at::native::vectorized_elementwise_kernel<(int)8, at::native::CUDAFunctorOnSelf_add<c10::Half>, std::array<char *, (unsigned long)2>>(int, T2, T3)",31585,cudaLaunchKernel_v7000,8453418223,8453425827,8453425515,8453452874,27359,7,16384x1x1,128x1x1,22,0,0,0
planner_debate_L_it1,measured,6,critic-a,8,RMSNormOp,kernel,copy,"void at::native::unrolled_elementwise_kernel<at::native::direct_copy_kernel_cuda(at::TensorIteratorBase &)::[lambda() (instance 3)]::operator ()() const::[lambda() (instance 7)]::operator ()() const::[lambda(float) (instance 1)], std::array<char *, (unsigned long)2>, (int)8, TrivialOffsetCalculator<(int)1, unsigned int>, TrivialOffsetCalculator<(int)1, unsigned int>, at::native::memory::LoadWithCast<(int)1>, at::native::memory::StoreWithCast<(int)1>>(int, T1, T2, T4, T5, T6, T7)",31631,cudaLaunchKernel_v7000,8453511009,8453518545,8453518184,8453607590,89406,7,16384x1x1,128x1x1,38,0,0,0
planner_debate_L_it1,measured,6,critic-a,8,RMSNormOp,kernel,elementwise_unary,"void at::native::vectorized_elementwise_kernel<(int)4, void at::native::<unnamed>::pow_tensor_scalar_kernel_impl<float, float>(at::TensorIteratorBase &, T2)::[lambda(float) (instance 1)], std::array<char *, (unsigned long)2>>(int, T2, T3)",31642,cudaLaunchKernel_v7000,8453528522,8453534683,8453608230,8453752289,144059,7,16384x1x1,128x1x1,20,0,0,0
planner_debate_L_it1,measured,6,critic-a,8,RMSNormOp,kernel,reduce,"void at::native::reduce_kernel<(int)512, (int)1, at::native::ReduceOp<float, at::native::MeanOps<float, float, float, float>, unsigned int, float, (int)4, (int)4>>(T3)",31656,cudaLaunchKernel_v7000,8453546266,8453551377,8453753025,8453788576,35551,7,256x1x1,32x16x1,26,16,0,0
planner_debate_L_it1,measured,6,critic-a,8,RMSNormOp,kernel,elementwise_binary,"void at::native::vectorized_elementwise_kernel<(int)4, at::native::CUDAFunctorOnSelf_add<float>, std::array<char *, (unsigned long)2>>(int, T2, T3)",31662,cudaLaunchKernel_v7000,8453559571,8453564019,8453789248,8453790496,1248,7,4x1x1,128x1x1,20,0,0,0
planner_debate_L_it1,measured,6,critic-a,8,RMSNormOp,kernel,elementwise_unary,"void at::native::vectorized_elementwise_kernel<(int)4, at::native::rsqrt_kernel_cuda(at::TensorIteratorBase &)::[lambda() (instance 2)]::operator ()() const::[lambda() (instance 2)]::operator ()() const::[lambda(float) (instance 1)], std::array<char *, (unsigned long)2>>(int, T2, T3)",31672,cudaLaunchKernel_v7000,8453572341,8453576888,8453791232,8453792320,1088,7,4x1x1,128x1x1,26,0,0,0
planner_debate_L_it1,measured,6,critic-a,8,RMSNormOp,kernel,elementwise_binary,"void at::native::elementwise_kernel<(int)128, (int)2, void at::native::gpu_kernel_impl_nocast<at::native::BinaryFunctor<float, float, float, at::native::binary_internal::MulFunctor<float>>>(at::TensorIteratorBase &, const T1 &)::[lambda(int) (instance 1)]>(int, T3)",31682,cudaLaunchKernel_v7000,8453586806,8453591769,8453793024,8453921693,128669,7,65536x1x1,128x1x1,16,0,0,0
planner_debate_L_it1,measured,6,critic-a,8,RMSNormOp,kernel,copy,"void at::native::vectorized_elementwise_kernel<(int)8, at::native::float16_copy_kernel_cuda(at::TensorIteratorBase &)::[lambda(float) (instance 1)], std::array<char *, (unsigned long)2>>(int, T2, T3)",31695,cudaLaunchKernel_v7000,8453602600,8453607083,8453922461,8454012826,90365,7,16384x1x1,128x1x1,22,0,0,0
planner_debate_L_it1,measured,6,critic-a,10,LinearOp,memset,memset,memset,31743,cudaMemsetAsync_v3020,8454112719,8454127988,8454129527,8454130391,864,7,0x0x0,0x0x0,0,0,0,4096
planner_debate_L_it1,measured,6,critic-a,10,LinearOp,kernel,gemm,ampere_fp16_s1688gemm_fp16_128x128_ldg8_f2f_stages_32x1_nn,31746,cudaLaunchKernel_v7000,8454139969,8454149729,8454149558,8455000574,851016,7,32x32x3,128x1x1,234,32768,0,0
planner_debate_L_it1,measured,6,critic-a,11,LinearOp,memset,memset,memset,31793,cudaMemsetAsync_v3020,8455063187,8455067678,8455068988,8455069852,864,7,0x0x0,0x0x0,0,0,0,4096
planner_debate_L_it1,measured,6,critic-a,11,LinearOp,kernel,gemm,ampere_fp16_s1688gemm_fp16_128x128_ldg8_f2f_stages_32x1_nn,31796,cudaLaunchKernel_v7000,8455072561,8455079609,8455079708,8455932163,852455,7,32x32x3,128x1x1,234,32768,0,0
planner_debate_L_it1,measured,6,critic-a,12,LinearOp,memset,memset,memset,31843,cudaMemsetAsync_v3020,8455995118,8455999628,8456000865,8456001729,864,7,0x0x0,0x0x0,0,0,0,4096
planner_debate_L_it1,measured,6,critic-a,12,LinearOp,kernel,gemm,ampere_fp16_s1688gemm_fp16_128x128_ldg8_f2f_stages_32x1_nn,31846,cudaLaunchKernel_v7000,8456004652,8456012233,8456011873,8456862569,850696,7,32x32x3,128x1x1,234,32768,0,0
planner_debate_L_it1,measured,6,critic-a,14,TransposeOp,kernel,copy,"void at::native::elementwise_kernel<(int)128, (int)4, void at::native::gpu_kernel_impl_nocast<at::native::direct_copy_kernel_cuda(at::TensorIteratorBase &)::[lambda() (instance 3)]::operator ()() const::[lambda() (instance 10)]::operator ()() const::[lambda(c10::Half) (instance 1)]>(at::TensorIteratorBase &, const T1 &)::[lambda(int) (instance 1)]>(int, T3)",31926,cudaLaunchKernel_v7000,8457026400,8457037622,8457036740,8457263581,226841,7,32768x1x1,128x1x1,16,0,0,0
planner_debate_L_it1,measured,6,critic-b,,call_overhead,memcpy,memcpy,memcpy_Device-to-Host,31968,cudaMemcpyAsync_v3020,8457328570,8457347452,8457346107,8458832529,1486422,7,0x0x0,0x0x0,0,0,0,33554432
planner_debate_L_it1,measured,6,critic-b,,call_overhead,memcpy,memcpy,memcpy_Host-to-Device,32024,cudaMemcpyAsync_v3020,8573429897,8573459617,8573458060,8574857572,1399512,7,0x0x0,0x0x0,0,0,0,33554432
planner_debate_L_it1,measured,6,critic-b,,call_overhead,kernel,rng_init,"void at::native::<unnamed>::distribution_elementwise_grid_stride_kernel<float, (int)4, void at::native::templates::cuda::normal_and_transform<c10::Half, float, at::CUDAGeneratorImpl *, void at::native::templates::cuda::normal_kernel<at::CUDAGeneratorImpl *>(const at::TensorBase &, double, double, T1)::[lambda() (instance 1)]::operator ()() const::[lambda() (instance 3)]::operator ()() const::[lambda(float) (instance 1)]>(at::TensorIteratorBase &, T3, T4)::[lambda(curandStatePhilox4_32_10 *) (instance 2)], void at::native::<unnamed>::distribution_nullary_kernel<c10::Half, float, float4, at::CUDAGeneratorImpl *, void at::native::templates::cuda::normal_and_transform<c10::Half, float, at::CUDAGeneratorImpl *, void at::native::templates::cuda::normal_kernel<at::CUDAGeneratorImpl *>(const at::TensorBase &, double, double, T1)::[lambda() (instance 1)]::operator ()() const::[lambda() (instance 3)]::operator ()() const::[lambda(float) (instance 1)]>(at::TensorIteratorBase &, T3, T4)::[lambda(curandStatePhilox4_32_10 *) (instance 2)], void at::native::templates::cuda::normal_kernel<at::CUDAGeneratorImpl *>(const at::TensorBase &, double, double, T1)::[lambda() (instance 1)]::operator ()() const::[lambda() (instance 3)]::operator ()() const::[lambda(float) (instance 1)]>(at::TensorIteratorBase &, T4, const T5 &, T6)::[lambda(int, float) (instance 1)]>(long, at::PhiloxCudaState, T3, T4)",32077,cudaLaunchKernel_v7000,8574965727,8574999686,8575061822,8575097469,35647,7,768x1x1,256x1x1,40,0,0,0
planner_debate_L_it1,measured,6,critic-b,,call_overhead,kernel,elementwise_binary,"void at::native::vectorized_elementwise_kernel<(int)8, at::native::BUnaryFunctor<c10::Half, c10::Half, c10::Half, at::native::binary_internal::MulFunctor<float>>, std::array<char *, (unsigned long)2>>(int, T2, T3)",32087,cudaLaunchKernel_v7000,8575046309,8575054635,8575098205,8575118013,19808,7,16384x1x1,128x1x1,20,0,0,0
planner_debate_L_it1,measured,6,critic-b,6,RMSNormOp,kernel,copy,"void at::native::unrolled_elementwise_kernel<at::native::direct_copy_kernel_cuda(at::TensorIteratorBase &)::[lambda() (instance 3)]::operator ()() const::[lambda() (instance 7)]::operator ()() const::[lambda(float) (instance 1)], std::array<char *, (unsigned long)2>, (int)8, TrivialOffsetCalculator<(int)1, unsigned int>, TrivialOffsetCalculator<(int)1, unsigned int>, at::native::memory::LoadWithCast<(int)1>, at::native::memory::StoreWithCast<(int)1>>(int, T1, T2, T4, T5, T6, T7)",32110,cudaLaunchKernel_v7000,8575167155,8575177475,8575177115,8575292088,114973,7,16384x1x1,128x1x1,38,0,0,0
planner_debate_L_it1,measured,6,critic-b,6,RMSNormOp,kernel,elementwise_unary,"void at::native::vectorized_elementwise_kernel<(int)4, void at::native::<unnamed>::pow_tensor_scalar_kernel_impl<float, float>(at::TensorIteratorBase &, T2)::[lambda(float) (instance 1)], std::array<char *, (unsigned long)2>>(int, T2, T3)",32121,cudaLaunchKernel_v7000,8575196598,8575205924,8575292856,8575437588,144732,7,16384x1x1,128x1x1,20,0,0,0
planner_debate_L_it1,measured,6,critic-b,6,RMSNormOp,kernel,reduce,"void at::native::reduce_kernel<(int)512, (int)1, at::native::ReduceOp<float, at::native::MeanOps<float, float, float, float>, unsigned int, float, (int)4, (int)4>>(T3)",32135,cudaLaunchKernel_v7000,8575227813,8575235373,8575438324,8575473843,35519,7,256x1x1,32x16x1,26,16,0,0
planner_debate_L_it1,measured,6,critic-b,6,RMSNormOp,kernel,elementwise_binary,"void at::native::vectorized_elementwise_kernel<(int)4, at::native::CUDAFunctorOnSelf_add<float>, std::array<char *, (unsigned long)2>>(int, T2, T3)",32141,cudaLaunchKernel_v7000,8575254138,8575260326,8575474547,8575475827,1280,7,4x1x1,128x1x1,20,0,0,0
planner_debate_L_it1,measured,6,critic-b,6,RMSNormOp,kernel,elementwise_unary,"void at::native::vectorized_elementwise_kernel<(int)4, at::native::rsqrt_kernel_cuda(at::TensorIteratorBase &)::[lambda() (instance 2)]::operator ()() const::[lambda() (instance 2)]::operator ()() const::[lambda(float) (instance 1)], std::array<char *, (unsigned long)2>>(int, T2, T3)",32151,cudaLaunchKernel_v7000,8575273703,8575279615,8575476467,8575477555,1088,7,4x1x1,128x1x1,26,0,0,0
planner_debate_L_it1,measured,6,critic-b,6,RMSNormOp,kernel,elementwise_binary,"void at::native::elementwise_kernel<(int)128, (int)2, void at::native::gpu_kernel_impl_nocast<at::native::BinaryFunctor<float, float, float, at::native::binary_internal::MulFunctor<float>>>(at::TensorIteratorBase &, const T1 &)::[lambda(int) (instance 1)]>(int, T3)",32161,cudaLaunchKernel_v7000,8575296422,8575302325,8575478195,8575605839,127644,7,65536x1x1,128x1x1,16,0,0,0
planner_debate_L_it1,measured,6,critic-b,6,RMSNormOp,kernel,copy,"void at::native::vectorized_elementwise_kernel<(int)8, at::native::float16_copy_kernel_cuda(at::TensorIteratorBase &)::[lambda(float) (instance 1)], std::array<char *, (unsigned long)2>>(int, T2, T3)",32174,cudaLaunchKernel_v7000,8575318162,8575323228,8575606511,8575698508,91997,7,16384x1x1,128x1x1,22,0,0,0
planner_debate_L_it1,measured,6,critic-b,7,AddOp,kernel,elementwise_binary,"void at::native::vectorized_elementwise_kernel<(int)8, at::native::CUDAFunctorOnSelf_add<c10::Half>, std::array<char *, (unsigned long)2>>(int, T2, T3)",32218,cudaLaunchKernel_v7000,8575776135,8575784296,8575783978,8575810793,26815,7,16384x1x1,128x1x1,22,0,0,0
planner_debate_L_it1,measured,6,critic-b,8,RMSNormOp,kernel,copy,"void at::native::unrolled_elementwise_kernel<at::native::direct_copy_kernel_cuda(at::TensorIteratorBase &)::[lambda() (instance 3)]::operator ()() const::[lambda() (instance 7)]::operator ()() const::[lambda(float) (instance 1)], std::array<char *, (unsigned long)2>, (int)8, TrivialOffsetCalculator<(int)1, unsigned int>, TrivialOffsetCalculator<(int)1, unsigned int>, at::native::memory::LoadWithCast<(int)1>, at::native::memory::StoreWithCast<(int)1>>(int, T1, T2, T4, T5, T6, T7)",32264,cudaLaunchKernel_v7000,8575866099,8575873535,8575873607,8575962885,89278,7,16384x1x1,128x1x1,38,0,0,0
planner_debate_L_it1,measured,6,critic-b,8,RMSNormOp,kernel,elementwise_unary,"void at::native::vectorized_elementwise_kernel<(int)4, void at::native::<unnamed>::pow_tensor_scalar_kernel_impl<float, float>(at::TensorIteratorBase &, T2)::[lambda(float) (instance 1)], std::array<char *, (unsigned long)2>>(int, T2, T3)",32275,cudaLaunchKernel_v7000,8575891517,8575897014,8575963653,8576107425,143772,7,16384x1x1,128x1x1,20,0,0,0
planner_debate_L_it1,measured,6,critic-b,8,RMSNormOp,kernel,reduce,"void at::native::reduce_kernel<(int)512, (int)1, at::native::ReduceOp<float, at::native::MeanOps<float, float, float, float>, unsigned int, float, (int)4, (int)4>>(T3)",32289,cudaLaunchKernel_v7000,8575909418,8575914342,8576108065,8576144032,35967,7,256x1x1,32x16x1,26,16,0,0
planner_debate_L_it1,measured,6,critic-b,8,RMSNormOp,kernel,elementwise_binary,"void at::native::vectorized_elementwise_kernel<(int)4, at::native::CUDAFunctorOnSelf_add<float>, std::array<char *, (unsigned long)2>>(int, T2, T3)",32295,cudaLaunchKernel_v7000,8575922855,8575927395,8576144736,8576145984,1248,7,4x1x1,128x1x1,20,0,0,0
planner_debate_L_it1,measured,6,critic-b,8,RMSNormOp,kernel,elementwise_unary,"void at::native::vectorized_elementwise_kernel<(int)4, at::native::rsqrt_kernel_cuda(at::TensorIteratorBase &)::[lambda() (instance 2)]::operator ()() const::[lambda() (instance 2)]::operator ()() const::[lambda(float) (instance 1)], std::array<char *, (unsigned long)2>>(int, T2, T3)",32305,cudaLaunchKernel_v7000,8575936137,8575940593,8576146656,8576147744,1088,7,4x1x1,128x1x1,26,0,0,0
planner_debate_L_it1,measured,6,critic-b,8,RMSNormOp,kernel,elementwise_binary,"void at::native::elementwise_kernel<(int)128, (int)2, void at::native::gpu_kernel_impl_nocast<at::native::BinaryFunctor<float, float, float, at::native::binary_internal::MulFunctor<float>>>(at::TensorIteratorBase &, const T1 &)::[lambda(int) (instance 1)]>(int, T3)",32315,cudaLaunchKernel_v7000,8575950253,8575956688,8576148383,8576275612,127229,7,65536x1x1,128x1x1,16,0,0,0
planner_debate_L_it1,measured,6,critic-b,8,RMSNormOp,kernel,copy,"void at::native::vectorized_elementwise_kernel<(int)8, at::native::float16_copy_kernel_cuda(at::TensorIteratorBase &)::[lambda(float) (instance 1)], std::array<char *, (unsigned long)2>>(int, T2, T3)",32328,cudaLaunchKernel_v7000,8575968074,8575972599,8576276252,8576368025,91773,7,16384x1x1,128x1x1,22,0,0,0
planner_debate_L_it1,measured,6,critic-b,10,LinearOp,memset,memset,memset,32376,cudaMemsetAsync_v3020,8576474090,8576489661,8576491254,8576492118,864,7,0x0x0,0x0x0,0,0,0,4096
planner_debate_L_it1,measured,6,critic-b,10,LinearOp,kernel,gemm,ampere_fp16_s1688gemm_fp16_128x128_ldg8_f2f_stages_32x1_nn,32379,cudaLaunchKernel_v7000,8576506222,8576516881,8576516501,8577367837,851336,7,32x32x3,128x1x1,234,32768,0,0
planner_debate_L_it1,measured,6,critic-b,11,LinearOp,memset,memset,memset,32426,cudaMemsetAsync_v3020,8577433445,8577438418,8577439899,8577440763,864,7,0x0x0,0x0x0,0,0,0,4096
planner_debate_L_it1,measured,6,critic-b,11,LinearOp,kernel,gemm,ampere_fp16_s1688gemm_fp16_128x128_ldg8_f2f_stages_32x1_nn,32429,cudaLaunchKernel_v7000,8577443163,8577450288,8577450010,8578301730,851720,7,32x32x3,128x1x1,234,32768,0,0
planner_debate_L_it1,measured,6,critic-b,12,LinearOp,memset,memset,memset,32476,cudaMemsetAsync_v3020,8578367004,8578371427,8578373088,8578373952,864,7,0x0x0,0x0x0,0,0,0,4096
planner_debate_L_it1,measured,6,critic-b,12,LinearOp,kernel,gemm,ampere_fp16_s1688gemm_fp16_128x128_ldg8_f2f_stages_32x1_nn,32479,cudaLaunchKernel_v7000,8578376103,8578383524,8578383264,8579234695,851431,7,32x32x3,128x1x1,234,32768,0,0
planner_debate_L_it1,measured,6,critic-b,14,TransposeOp,kernel,copy,"void at::native::elementwise_kernel<(int)128, (int)4, void at::native::gpu_kernel_impl_nocast<at::native::direct_copy_kernel_cuda(at::TensorIteratorBase &)::[lambda() (instance 3)]::operator ()() const::[lambda() (instance 10)]::operator ()() const::[lambda(c10::Half) (instance 1)]>(at::TensorIteratorBase &, const T1 &)::[lambda(int) (instance 1)]>(int, T3)",32559,cudaLaunchKernel_v7000,8579383646,8579395579,8579393923,8579620764,226841,7,32768x1x1,128x1x1,16,0,0,0
planner_debate_L_it1,measured,6,critic-merge,,call_overhead,memcpy,memcpy,memcpy_Device-to-Host,32601,cudaMemcpyAsync_v3020,8579681863,8579698731,8579697914,8581210511,1512597,7,0x0x0,0x0x0,0,0,0,33554432
planner_debate_L_it1,measured,6,critic-merge,,call_overhead,memcpy,memcpy,memcpy_Host-to-Device,32657,cudaMemcpyAsync_v3020,8695308141,8695335731,8695334393,8696794223,1459830,7,0x0x0,0x0x0,0,0,0,33554432
planner_debate_L_it1,measured,6,critic-merge,,call_overhead,kernel,rng_init,"void at::native::<unnamed>::distribution_elementwise_grid_stride_kernel<float, (int)4, void at::native::templates::cuda::normal_and_transform<c10::Half, float, at::CUDAGeneratorImpl *, void at::native::templates::cuda::normal_kernel<at::CUDAGeneratorImpl *>(const at::TensorBase &, double, double, T1)::[lambda() (instance 1)]::operator ()() const::[lambda() (instance 3)]::operator ()() const::[lambda(float) (instance 1)]>(at::TensorIteratorBase &, T3, T4)::[lambda(curandStatePhilox4_32_10 *) (instance 2)], void at::native::<unnamed>::distribution_nullary_kernel<c10::Half, float, float4, at::CUDAGeneratorImpl *, void at::native::templates::cuda::normal_and_transform<c10::Half, float, at::CUDAGeneratorImpl *, void at::native::templates::cuda::normal_kernel<at::CUDAGeneratorImpl *>(const at::TensorBase &, double, double, T1)::[lambda() (instance 1)]::operator ()() const::[lambda() (instance 3)]::operator ()() const::[lambda(float) (instance 1)]>(at::TensorIteratorBase &, T3, T4)::[lambda(curandStatePhilox4_32_10 *) (instance 2)], void at::native::templates::cuda::normal_kernel<at::CUDAGeneratorImpl *>(const at::TensorBase &, double, double, T1)::[lambda() (instance 1)]::operator ()() const::[lambda() (instance 3)]::operator ()() const::[lambda(float) (instance 1)]>(at::TensorIteratorBase &, T4, const T5 &, T6)::[lambda(int, float) (instance 1)]>(long, at::PhiloxCudaState, T3, T4)",32710,cudaLaunchKernel_v7000,8696889076,8696923914,8696986506,8697022473,35967,7,768x1x1,256x1x1,40,0,0,0
planner_debate_L_it1,measured,6,critic-merge,,call_overhead,kernel,elementwise_binary,"void at::native::vectorized_elementwise_kernel<(int)8, at::native::BUnaryFunctor<c10::Half, c10::Half, c10::Half, at::native::binary_internal::MulFunctor<float>>, std::array<char *, (unsigned long)2>>(int, T2, T3)",32720,cudaLaunchKernel_v7000,8696977094,8696985328,8697023241,8697043016,19775,7,16384x1x1,128x1x1,20,0,0,0
planner_debate_L_it1,measured,6,critic-merge,6,RMSNormOp,kernel,copy,"void at::native::unrolled_elementwise_kernel<at::native::direct_copy_kernel_cuda(at::TensorIteratorBase &)::[lambda() (instance 3)]::operator ()() const::[lambda() (instance 7)]::operator ()() const::[lambda(float) (instance 1)], std::array<char *, (unsigned long)2>, (int)8, TrivialOffsetCalculator<(int)1, unsigned int>, TrivialOffsetCalculator<(int)1, unsigned int>, at::native::memory::LoadWithCast<(int)1>, at::native::memory::StoreWithCast<(int)1>>(int, T1, T2, T4, T5, T6, T7)",32743,cudaLaunchKernel_v7000,8697082428,8697091988,8697091975,8697206788,114813,7,16384x1x1,128x1x1,38,0,0,0
planner_debate_L_it1,measured,6,critic-merge,6,RMSNormOp,kernel,elementwise_unary,"void at::native::vectorized_elementwise_kernel<(int)4, void at::native::<unnamed>::pow_tensor_scalar_kernel_impl<float, float>(at::TensorIteratorBase &, T2)::[lambda(float) (instance 1)], std::array<char *, (unsigned long)2>>(int, T2, T3)",32754,cudaLaunchKernel_v7000,8697109817,8697117805,8697207460,8697353343,145883,7,16384x1x1,128x1x1,20,0,0,0
planner_debate_L_it1,measured,6,critic-merge,6,RMSNormOp,kernel,reduce,"void at::native::reduce_kernel<(int)512, (int)1, at::native::ReduceOp<float, at::native::MeanOps<float, float, float, float>, unsigned int, float, (int)4, (int)4>>(T3)",32768,cudaLaunchKernel_v7000,8697142377,8697149134,8697354015,8697390782,36767,7,256x1x1,32x16x1,26,16,0,0
planner_debate_L_it1,measured,6,critic-merge,6,RMSNormOp,kernel,elementwise_binary,"void at::native::vectorized_elementwise_kernel<(int)4, at::native::CUDAFunctorOnSelf_add<float>, std::array<char *, (unsigned long)2>>(int, T2, T3)",32774,cudaLaunchKernel_v7000,8697165991,8697172026,8697391422,8697392702,1280,7,4x1x1,128x1x1,20,0,0,0
planner_debate_L_it1,measured,6,critic-merge,6,RMSNormOp,kernel,elementwise_unary,"void at::native::vectorized_elementwise_kernel<(int)4, at::native::rsqrt_kernel_cuda(at::TensorIteratorBase &)::[lambda() (instance 2)]::operator ()() const::[lambda() (instance 2)]::operator ()() const::[lambda(float) (instance 1)], std::array<char *, (unsigned long)2>>(int, T2, T3)",32784,cudaLaunchKernel_v7000,8697185456,8697191508,8697393438,8697394526,1088,7,4x1x1,128x1x1,26,0,0,0
planner_debate_L_it1,measured,6,critic-merge,6,RMSNormOp,kernel,elementwise_binary,"void at::native::elementwise_kernel<(int)128, (int)2, void at::native::gpu_kernel_impl_nocast<at::native::BinaryFunctor<float, float, float, at::native::binary_internal::MulFunctor<float>>>(at::TensorIteratorBase &, const T1 &)::[lambda(int) (instance 1)]>(int, T3)",32794,cudaLaunchKernel_v7000,8697209244,8697214782,8697395166,8697522555,127389,7,65536x1x1,128x1x1,16,0,0,0
planner_debate_L_it1,measured,6,critic-merge,6,RMSNormOp,kernel,copy,"void at::native::vectorized_elementwise_kernel<(int)8, at::native::float16_copy_kernel_cuda(at::TensorIteratorBase &)::[lambda(float) (instance 1)], std::array<char *, (unsigned long)2>>(int, T2, T3)",32807,cudaLaunchKernel_v7000,8697230799,8697236347,8697523707,8697615800,92093,7,16384x1x1,128x1x1,22,0,0,0
planner_debate_L_it1,measured,6,critic-merge,7,AddOp,kernel,elementwise_binary,"void at::native::vectorized_elementwise_kernel<(int)8, at::native::CUDAFunctorOnSelf_add<c10::Half>, std::array<char *, (unsigned long)2>>(int, T2, T3)",32851,cudaLaunchKernel_v7000,8697695999,8697704502,8697704117,8697730869,26752,7,16384x1x1,128x1x1,22,0,0,0
planner_debate_L_it1,measured,6,critic-merge,8,RMSNormOp,kernel,copy,"void at::native::unrolled_elementwise_kernel<at::native::direct_copy_kernel_cuda(at::TensorIteratorBase &)::[lambda() (instance 3)]::operator ()() const::[lambda() (instance 7)]::operator ()() const::[lambda(float) (instance 1)], std::array<char *, (unsigned long)2>, (int)8, TrivialOffsetCalculator<(int)1, unsigned int>, TrivialOffsetCalculator<(int)1, unsigned int>, at::native::memory::LoadWithCast<(int)1>, at::native::memory::StoreWithCast<(int)1>>(int, T1, T2, T4, T5, T6, T7)",32897,cudaLaunchKernel_v7000,8697790630,8697798250,8697798259,8697888816,90557,7,16384x1x1,128x1x1,38,0,0,0
planner_debate_L_it1,measured,6,critic-merge,8,RMSNormOp,kernel,elementwise_unary,"void at::native::vectorized_elementwise_kernel<(int)4, void at::native::<unnamed>::pow_tensor_scalar_kernel_impl<float, float>(at::TensorIteratorBase &, T2)::[lambda(float) (instance 1)], std::array<char *, (unsigned long)2>>(int, T2, T3)",32908,cudaLaunchKernel_v7000,8697815965,8697821013,8697889456,8698033100,143644,7,16384x1x1,128x1x1,20,0,0,0
planner_debate_L_it1,measured,6,critic-merge,8,RMSNormOp,kernel,reduce,"void at::native::reduce_kernel<(int)512, (int)1, at::native::ReduceOp<float, at::native::MeanOps<float, float, float, float>, unsigned int, float, (int)4, (int)4>>(T3)",32922,cudaLaunchKernel_v7000,8697833686,8697838796,8698033836,8698071723,37887,7,256x1x1,32x16x1,26,16,0,0
planner_debate_L_it1,measured,6,critic-merge,8,RMSNormOp,kernel,elementwise_binary,"void at::native::vectorized_elementwise_kernel<(int)4, at::native::CUDAFunctorOnSelf_add<float>, std::array<char *, (unsigned long)2>>(int, T2, T3)",32928,cudaLaunchKernel_v7000,8697847707,8697852234,8698072459,8698073739,1280,7,4x1x1,128x1x1,20,0,0,0
planner_debate_L_it1,measured,6,critic-merge,8,RMSNormOp,kernel,elementwise_unary,"void at::native::vectorized_elementwise_kernel<(int)4, at::native::rsqrt_kernel_cuda(at::TensorIteratorBase &)::[lambda() (instance 2)]::operator ()() const::[lambda() (instance 2)]::operator ()() const::[lambda(float) (instance 1)], std::array<char *, (unsigned long)2>>(int, T2, T3)",32938,cudaLaunchKernel_v7000,8697861073,8697865530,8698074507,8698075563,1056,7,4x1x1,128x1x1,26,0,0,0
planner_debate_L_it1,measured,6,critic-merge,8,RMSNormOp,kernel,elementwise_binary,"void at::native::elementwise_kernel<(int)128, (int)2, void at::native::gpu_kernel_impl_nocast<at::native::BinaryFunctor<float, float, float, at::native::binary_internal::MulFunctor<float>>>(at::TensorIteratorBase &, const T1 &)::[lambda(int) (instance 1)]>(int, T3)",32948,cudaLaunchKernel_v7000,8697875201,8697880433,8698076203,8698203047,126844,7,65536x1x1,128x1x1,16,0,0,0
planner_debate_L_it1,measured,6,critic-merge,8,RMSNormOp,kernel,copy,"void at::native::vectorized_elementwise_kernel<(int)8, at::native::float16_copy_kernel_cuda(at::TensorIteratorBase &)::[lambda(float) (instance 1)], std::array<char *, (unsigned long)2>>(int, T2, T3)",32961,cudaLaunchKernel_v7000,8697892001,8697896902,8698204263,8698294053,89790,7,16384x1x1,128x1x1,22,0,0,0
planner_debate_L_it1,measured,6,critic-merge,10,LinearOp,memset,memset,memset,33009,cudaMemsetAsync_v3020,8698393664,8698409017,8698410241,8698411105,864,7,0x0x0,0x0x0,0,0,0,4096
planner_debate_L_it1,measured,6,critic-merge,10,LinearOp,kernel,gemm,ampere_fp16_s1688gemm_fp16_128x128_ldg8_f2f_stages_32x1_nn,33012,cudaLaunchKernel_v7000,8698419593,8698429048,8698428705,8699280105,851400,7,32x32x3,128x1x1,234,32768,0,0
planner_debate_L_it1,measured,6,critic-merge,11,LinearOp,memset,memset,memset,33059,cudaMemsetAsync_v3020,8699353921,8699358730,8699360038,8699360902,864,7,0x0x0,0x0x0,0,0,0,4096
planner_debate_L_it1,measured,6,critic-merge,11,LinearOp,kernel,gemm,ampere_fp16_s1688gemm_fp16_128x128_ldg8_f2f_stages_32x1_nn,33062,cudaLaunchKernel_v7000,8699363987,8699371408,8699371398,8700222190,850792,7,32x32x3,128x1x1,234,32768,0,0
planner_debate_L_it1,measured,6,critic-merge,12,LinearOp,memset,memset,memset,33109,cudaMemsetAsync_v3020,8700287644,8700292345,8700293708,8700294572,864,7,0x0x0,0x0x0,0,0,0,4096
planner_debate_L_it1,measured,6,critic-merge,12,LinearOp,kernel,gemm,ampere_fp16_s1688gemm_fp16_128x128_ldg8_f2f_stages_32x1_nn,33112,cudaLaunchKernel_v7000,8700296864,8700304302,8700304011,8701155507,851496,7,32x32x3,128x1x1,234,32768,0,0
planner_debate_L_it1,measured,6,critic-merge,14,TransposeOp,kernel,copy,"void at::native::elementwise_kernel<(int)128, (int)4, void at::native::gpu_kernel_impl_nocast<at::native::direct_copy_kernel_cuda(at::TensorIteratorBase &)::[lambda() (instance 3)]::operator ()() const::[lambda() (instance 10)]::operator ()() const::[lambda(c10::Half) (instance 1)]>(at::TensorIteratorBase &, const T1 &)::[lambda(int) (instance 1)]>(int, T3)",33192,cudaLaunchKernel_v7000,8701320947,8701331853,8701331502,8701557800,226298,7,32768x1x1,128x1x1,16,0,0,0
planner_debate_L_it1,measured,6,planner-final,,call_overhead,memcpy,memcpy,memcpy_Device-to-Host,33234,cudaMemcpyAsync_v3020,8701627844,8701647163,8701644869,8703213528,1568659,7,0x0x0,0x0x0,0,0,0,33554432
planner_debate_L_it1,measured,6,planner-final,,call_overhead,memcpy,memcpy,memcpy_Host-to-Device,33290,cudaMemcpyAsync_v3020,8790843029,8790872243,8790870709,8791973077,1102368,7,0x0x0,0x0x0,0,0,0,25690112
planner_debate_L_it1,measured,6,planner-final,,call_overhead,kernel,rng_init,"void at::native::<unnamed>::distribution_elementwise_grid_stride_kernel<float, (int)4, void at::native::templates::cuda::normal_and_transform<c10::Half, float, at::CUDAGeneratorImpl *, void at::native::templates::cuda::normal_kernel<at::CUDAGeneratorImpl *>(const at::TensorBase &, double, double, T1)::[lambda() (instance 1)]::operator ()() const::[lambda() (instance 3)]::operator ()() const::[lambda(float) (instance 1)]>(at::TensorIteratorBase &, T3, T4)::[lambda(curandStatePhilox4_32_10 *) (instance 2)], void at::native::<unnamed>::distribution_nullary_kernel<c10::Half, float, float4, at::CUDAGeneratorImpl *, void at::native::templates::cuda::normal_and_transform<c10::Half, float, at::CUDAGeneratorImpl *, void at::native::templates::cuda::normal_kernel<at::CUDAGeneratorImpl *>(const at::TensorBase &, double, double, T1)::[lambda() (instance 1)]::operator ()() const::[lambda() (instance 3)]::operator ()() const::[lambda(float) (instance 1)]>(at::TensorIteratorBase &, T3, T4)::[lambda(curandStatePhilox4_32_10 *) (instance 2)], void at::native::templates::cuda::normal_kernel<at::CUDAGeneratorImpl *>(const at::TensorBase &, double, double, T1)::[lambda() (instance 1)]::operator ()() const::[lambda() (instance 3)]::operator ()() const::[lambda(float) (instance 1)]>(at::TensorIteratorBase &, T4, const T5 &, T6)::[lambda(int, float) (instance 1)]>(long, at::PhiloxCudaState, T3, T4)",33343,cudaLaunchKernel_v7000,8792067395,8792100319,8792162672,8792190767,28095,7,768x1x1,256x1x1,40,0,0,0
planner_debate_L_it1,measured,6,planner-final,,call_overhead,kernel,elementwise_binary,"void at::native::vectorized_elementwise_kernel<(int)8, at::native::BUnaryFunctor<c10::Half, c10::Half, c10::Half, at::native::binary_internal::MulFunctor<float>>, std::array<char *, (unsigned long)2>>(int, T2, T3)",33353,cudaLaunchKernel_v7000,8792150883,8792159072,8792191407,8792206223,14816,7,12544x1x1,128x1x1,20,0,0,0
planner_debate_L_it1,measured,6,planner-final,6,RMSNormOp,kernel,copy,"void at::native::unrolled_elementwise_kernel<at::native::direct_copy_kernel_cuda(at::TensorIteratorBase &)::[lambda() (instance 3)]::operator ()() const::[lambda() (instance 7)]::operator ()() const::[lambda(float) (instance 1)], std::array<char *, (unsigned long)2>, (int)8, TrivialOffsetCalculator<(int)1, unsigned int>, TrivialOffsetCalculator<(int)1, unsigned int>, at::native::memory::LoadWithCast<(int)1>, at::native::memory::StoreWithCast<(int)1>>(int, T1, T2, T4, T5, T6, T7)",33376,cudaLaunchKernel_v7000,8792262905,8792273348,8792273261,8792357547,84286,7,12544x1x1,128x1x1,38,0,0,0
planner_debate_L_it1,measured,6,planner-final,6,RMSNormOp,kernel,elementwise_unary,"void at::native::vectorized_elementwise_kernel<(int)4, void at::native::<unnamed>::pow_tensor_scalar_kernel_impl<float, float>(at::TensorIteratorBase &, T2)::[lambda(float) (instance 1)], std::array<char *, (unsigned long)2>>(int, T2, T3)",33387,cudaLaunchKernel_v7000,8792291061,8792296666,8792358251,8792427561,69310,7,12544x1x1,128x1x1,20,0,0,0
planner_debate_L_it1,measured,6,planner-final,6,RMSNormOp,kernel,reduce,"void at::native::reduce_kernel<(int)512, (int)1, at::native::ReduceOp<float, at::native::MeanOps<float, float, float, float>, unsigned int, float, (int)4, (int)4>>(T3)",33401,cudaLaunchKernel_v7000,8792316389,8792323170,8792428297,8792448584,20287,7,224x1x1,32x16x1,26,16,0,0
planner_debate_L_it1,measured,6,planner-final,6,RMSNormOp,kernel,elementwise_binary,"void at::native::vectorized_elementwise_kernel<(int)4, at::native::CUDAFunctorOnSelf_add<float>, std::array<char *, (unsigned long)2>>(int, T2, T3)",33407,cudaLaunchKernel_v7000,8792339732,8792345322,8792449352,8792450632,1280,7,4x1x1,128x1x1,20,0,0,0
planner_debate_L_it1,measured,6,planner-final,6,RMSNormOp,kernel,elementwise_unary,"void at::native::vectorized_elementwise_kernel<(int)4, at::native::rsqrt_kernel_cuda(at::TensorIteratorBase &)::[lambda() (instance 2)]::operator ()() const::[lambda() (instance 2)]::operator ()() const::[lambda(float) (instance 1)], std::array<char *, (unsigned long)2>>(int, T2, T3)",33417,cudaLaunchKernel_v7000,8792358132,8792364378,8792451368,8792452456,1088,7,4x1x1,128x1x1,26,0,0,0
planner_debate_L_it1,measured,6,planner-final,6,RMSNormOp,kernel,elementwise_binary,"void at::native::elementwise_kernel<(int)128, (int)2, void at::native::gpu_kernel_impl_nocast<at::native::BinaryFunctor<float, float, float, at::native::binary_internal::MulFunctor<float>>>(at::TensorIteratorBase &, const T1 &)::[lambda(int) (instance 1)]>(int, T3)",33427,cudaLaunchKernel_v7000,8792379784,8792385684,8792453096,8792540389,87293,7,50176x1x1,128x1x1,16,0,0,0
planner_debate_L_it1,measured,6,planner-final,6,RMSNormOp,kernel,copy,"void at::native::vectorized_elementwise_kernel<(int)8, at::native::float16_copy_kernel_cuda(at::TensorIteratorBase &)::[lambda(float) (instance 1)], std::array<char *, (unsigned long)2>>(int, T2, T3)",33440,cudaLaunchKernel_v7000,8792400949,8792406224,8792541029,8792596964,55935,7,12544x1x1,128x1x1,22,0,0,0
planner_debate_L_it1,measured,6,planner-final,7,AddOp,kernel,elementwise_binary,"void at::native::vectorized_elementwise_kernel<(int)8, at::native::CUDAFunctorOnSelf_add<c10::Half>, std::array<char *, (unsigned long)2>>(int, T2, T3)",33484,cudaLaunchKernel_v7000,8792676809,8792684979,8792685345,8792700097,14752,7,12544x1x1,128x1x1,22,0,0,0
planner_debate_L_it1,measured,6,planner-final,8,RMSNormOp,kernel,copy,"void at::native::unrolled_elementwise_kernel<at::native::direct_copy_kernel_cuda(at::TensorIteratorBase &)::[lambda() (instance 3)]::operator ()() const::[lambda() (instance 7)]::operator ()() const::[lambda(float) (instance 1)], std::array<char *, (unsigned long)2>, (int)8, TrivialOffsetCalculator<(int)1, unsigned int>, TrivialOffsetCalculator<(int)1, unsigned int>, at::native::memory::LoadWithCast<(int)1>, at::native::memory::StoreWithCast<(int)1>>(int, T1, T2, T4, T5, T6, T7)",33530,cudaLaunchKernel_v7000,8792764329,8792771535,8792771327,8792821213,49886,7,12544x1x1,128x1x1,38,0,0,0
planner_debate_L_it1,measured,6,planner-final,8,RMSNormOp,kernel,elementwise_unary,"void at::native::vectorized_elementwise_kernel<(int)4, void at::native::<unnamed>::pow_tensor_scalar_kernel_impl<float, float>(at::TensorIteratorBase &, T2)::[lambda(float) (instance 1)], std::array<char *, (unsigned long)2>>(int, T2, T3)",33541,cudaLaunchKernel_v7000,8792785834,8792790825,8792821885,8792896059,74174,7,12544x1x1,128x1x1,20,0,0,0
planner_debate_L_it1,measured,6,planner-final,8,RMSNormOp,kernel,reduce,"void at::native::reduce_kernel<(int)512, (int)1, at::native::ReduceOp<float, at::native::MeanOps<float, float, float, float>, unsigned int, float, (int)4, (int)4>>(T3)",33555,cudaLaunchKernel_v7000,8792802610,8792807184,8792896699,8792919099,22400,7,224x1x1,32x16x1,26,16,0,0
planner_debate_L_it1,measured,6,planner-final,8,RMSNormOp,kernel,elementwise_binary,"void at::native::vectorized_elementwise_kernel<(int)4, at::native::CUDAFunctorOnSelf_add<float>, std::array<char *, (unsigned long)2>>(int, T2, T3)",33561,cudaLaunchKernel_v7000,8792815256,8792819595,8792919802,8792920954,1152,7,4x1x1,128x1x1,20,0,0,0
planner_debate_L_it1,measured,6,planner-final,8,RMSNormOp,kernel,elementwise_unary,"void at::native::vectorized_elementwise_kernel<(int)4, at::native::rsqrt_kernel_cuda(at::TensorIteratorBase &)::[lambda() (instance 2)]::operator ()() const::[lambda() (instance 2)]::operator ()() const::[lambda(float) (instance 1)], std::array<char *, (unsigned long)2>>(int, T2, T3)",33571,cudaLaunchKernel_v7000,8792830359,8792834703,8792921658,8792922746,1088,7,4x1x1,128x1x1,26,0,0,0
planner_debate_L_it1,measured,6,planner-final,8,RMSNormOp,kernel,elementwise_binary,"void at::native::elementwise_kernel<(int)128, (int)2, void at::native::gpu_kernel_impl_nocast<at::native::BinaryFunctor<float, float, float, at::native::binary_internal::MulFunctor<float>>>(at::TensorIteratorBase &, const T1 &)::[lambda(int) (instance 1)]>(int, T3)",33581,cudaLaunchKernel_v7000,8792844660,8792849366,8792923418,8793011512,88094,7,50176x1x1,128x1x1,16,0,0,0
planner_debate_L_it1,measured,6,planner-final,8,RMSNormOp,kernel,copy,"void at::native::vectorized_elementwise_kernel<(int)8, at::native::float16_copy_kernel_cuda(at::TensorIteratorBase &)::[lambda(float) (instance 1)], std::array<char *, (unsigned long)2>>(int, T2, T3)",33594,cudaLaunchKernel_v7000,8792860559,8792864921,8793012184,8793066902,54718,7,12544x1x1,128x1x1,22,0,0,0
planner_debate_L_it1,measured,6,planner-final,10,LinearOp,kernel,gemm,void cutlass::Kernel2<cutlass_80_tensorop_f16_s16816gemm_relu_f16_64x64_32x6_nn_align8>(T1::Params),33648,cuLaunchKernel,8793194510,8793204990,8793205042,8793840256,635214,7,448x7x1,128x1x1,96,0,49152,0
planner_debate_L_it1,measured,6,planner-final,11,LinearOp,kernel,gemm,void cutlass::Kernel2<cutlass_80_tensorop_f16_s16816gemm_relu_f16_64x64_32x6_nn_align8>(T1::Params),33700,cuLaunchKernel,8793912165,8793920764,8793919038,8794552204,633166,7,448x7x1,128x1x1,96,0,49152,0
planner_debate_L_it1,measured,6,planner-final,12,LinearOp,kernel,gemm,void cutlass::Kernel2<cutlass_80_tensorop_f16_s16816gemm_relu_f16_64x64_32x6_nn_align8>(T1::Params),33752,cuLaunchKernel,8794616587,8794623396,8794623818,8795262520,638702,7,448x7x1,128x1x1,96,0,49152,0
planner_debate_L_it1,measured,6,planner-final,14,TransposeOp,kernel,copy,"void at::native::elementwise_kernel<(int)128, (int)4, void at::native::gpu_kernel_impl_nocast<at::native::direct_copy_kernel_cuda(at::TensorIteratorBase &)::[lambda() (instance 3)]::operator ()() const::[lambda() (instance 10)]::operator ()() const::[lambda(c10::Half) (instance 1)]>(at::TensorIteratorBase &, const T1 &)::[lambda(int) (instance 1)]>(int, T3)",33831,cudaLaunchKernel_v7000,8795410852,8795420252,8795420115,8795597582,177467,7,25088x1x1,128x1x1,16,0,0,0
planner_debate_L_it1,measured,6,planner-final,,call_overhead,memcpy,memcpy,memcpy_Device-to-Host,33873,cudaMemcpyAsync_v3020,8795662631,8795680094,8795679116,8796816555,1137439,7,0x0x0,0x0x0,0,0,0,25690112
planner_debate_L_it1,measured,7,planner-seed,,call_overhead,memcpy,memcpy,memcpy_Host-to-Device,33933,cudaMemcpyAsync_v3020,8886112180,8886140057,8886138744,8887182651,1043907,7,0x0x0,0x0x0,0,0,0,25690112
planner_debate_L_it1,measured,7,planner-seed,,call_overhead,kernel,rng_init,"void at::native::<unnamed>::distribution_elementwise_grid_stride_kernel<float, (int)4, void at::native::templates::cuda::normal_and_transform<c10::Half, float, at::CUDAGeneratorImpl *, void at::native::templates::cuda::normal_kernel<at::CUDAGeneratorImpl *>(const at::TensorBase &, double, double, T1)::[lambda() (instance 1)]::operator ()() const::[lambda() (instance 3)]::operator ()() const::[lambda(float) (instance 1)]>(at::TensorIteratorBase &, T3, T4)::[lambda(curandStatePhilox4_32_10 *) (instance 2)], void at::native::<unnamed>::distribution_nullary_kernel<c10::Half, float, float4, at::CUDAGeneratorImpl *, void at::native::templates::cuda::normal_and_transform<c10::Half, float, at::CUDAGeneratorImpl *, void at::native::templates::cuda::normal_kernel<at::CUDAGeneratorImpl *>(const at::TensorBase &, double, double, T1)::[lambda() (instance 1)]::operator ()() const::[lambda() (instance 3)]::operator ()() const::[lambda(float) (instance 1)]>(at::TensorIteratorBase &, T3, T4)::[lambda(curandStatePhilox4_32_10 *) (instance 2)], void at::native::templates::cuda::normal_kernel<at::CUDAGeneratorImpl *>(const at::TensorBase &, double, double, T1)::[lambda() (instance 1)]::operator ()() const::[lambda() (instance 3)]::operator ()() const::[lambda(float) (instance 1)]>(at::TensorIteratorBase &, T4, const T5 &, T6)::[lambda(int, float) (instance 1)]>(long, at::PhiloxCudaState, T3, T4)",33986,cudaLaunchKernel_v7000,8887286710,8887321218,8887383669,8887411732,28063,7,768x1x1,256x1x1,40,0,0,0
planner_debate_L_it1,measured,7,planner-seed,,call_overhead,kernel,elementwise_binary,"void at::native::vectorized_elementwise_kernel<(int)8, at::native::BUnaryFunctor<c10::Half, c10::Half, c10::Half, at::native::binary_internal::MulFunctor<float>>, std::array<char *, (unsigned long)2>>(int, T2, T3)",33996,cudaLaunchKernel_v7000,8887363108,8887370520,8887412404,8887427220,14816,7,12544x1x1,128x1x1,20,0,0,0
planner_debate_L_it1,measured,7,planner-seed,6,RMSNormOp,kernel,copy,"void at::native::unrolled_elementwise_kernel<at::native::direct_copy_kernel_cuda(at::TensorIteratorBase &)::[lambda() (instance 3)]::operator ()() const::[lambda() (instance 7)]::operator ()() const::[lambda(float) (instance 1)], std::array<char *, (unsigned long)2>, (int)8, TrivialOffsetCalculator<(int)1, unsigned int>, TrivialOffsetCalculator<(int)1, unsigned int>, at::native::memory::LoadWithCast<(int)1>, at::native::memory::StoreWithCast<(int)1>>(int, T1, T2, T4, T5, T6, T7)",34019,cudaLaunchKernel_v7000,8887471885,8887480802,8887480882,8887566000,85118,7,12544x1x1,128x1x1,38,0,0,0
planner_debate_L_it1,measured,7,planner-seed,6,RMSNormOp,kernel,elementwise_unary,"void at::native::vectorized_elementwise_kernel<(int)4, void at::native::<unnamed>::pow_tensor_scalar_kernel_impl<float, float>(at::TensorIteratorBase &, T2)::[lambda(float) (instance 1)], std::array<char *, (unsigned long)2>>(int, T2, T3)",34030,cudaLaunchKernel_v7000,8887498956,8887504997,8887566768,8887637422,70654,7,12544x1x1,128x1x1,20,0,0,0
planner_debate_L_it1,measured,7,planner-seed,6,RMSNormOp,kernel,reduce,"void at::native::reduce_kernel<(int)512, (int)1, at::native::ReduceOp<float, at::native::MeanOps<float, float, float, float>, unsigned int, float, (int)4, (int)4>>(T3)",34044,cudaLaunchKernel_v7000,8887524653,8887530811,8887638158,8887659245,21087,7,224x1x1,32x16x1,26,16,0,0
planner_debate_L_it1,measured,7,planner-seed,6,RMSNormOp,kernel,elementwise_binary,"void at::native::vectorized_elementwise_kernel<(int)4, at::native::CUDAFunctorOnSelf_add<float>, std::array<char *, (unsigned long)2>>(int, T2, T3)",34050,cudaLaunchKernel_v7000,8887548540,8887555136,8887659917,8887661101,1184,7,4x1x1,128x1x1,20,0,0,0
planner_debate_L_it1,measured,7,planner-seed,6,RMSNormOp,kernel,elementwise_unary,"void at::native::vectorized_elementwise_kernel<(int)4, at::native::rsqrt_kernel_cuda(at::TensorIteratorBase &)::[lambda() (instance 2)]::operator ()() const::[lambda() (instance 2)]::operator ()() const::[lambda(float) (instance 1)], std::array<char *, (unsigned long)2>>(int, T2, T3)",34060,cudaLaunchKernel_v7000,8887568171,8887573956,8887661773,8887662861,1088,7,4x1x1,128x1x1,26,0,0,0
planner_debate_L_it1,measured,7,planner-seed,6,RMSNormOp,kernel,elementwise_binary,"void at::native::elementwise_kernel<(int)128, (int)2, void at::native::gpu_kernel_impl_nocast<at::native::BinaryFunctor<float, float, float, at::native::binary_internal::MulFunctor<float>>>(at::TensorIteratorBase &, const T1 &)::[lambda(int) (instance 1)]>(int, T3)",34070,cudaLaunchKernel_v7000,8887590228,8887595937,8887663565,8887751626,88061,7,50176x1x1,128x1x1,16,0,0,0
planner_debate_L_it1,measured,7,planner-seed,6,RMSNormOp,kernel,copy,"void at::native::vectorized_elementwise_kernel<(int)8, at::native::float16_copy_kernel_cuda(at::TensorIteratorBase &)::[lambda(float) (instance 1)], std::array<char *, (unsigned long)2>>(int, T2, T3)",34083,cudaLaunchKernel_v7000,8887617111,8887622381,8887752266,8887807209,54943,7,12544x1x1,128x1x1,22,0,0,0
planner_debate_L_it1,measured,7,planner-seed,7,AddOp,kernel,elementwise_binary,"void at::native::vectorized_elementwise_kernel<(int)8, at::native::CUDAFunctorOnSelf_add<c10::Half>, std::array<char *, (unsigned long)2>>(int, T2, T3)",34127,cudaLaunchKernel_v7000,8887886330,8887894204,8887894246,8887908934,14688,7,12544x1x1,128x1x1,22,0,0,0
planner_debate_L_it1,measured,7,planner-seed,8,RMSNormOp,kernel,copy,"void at::native::unrolled_elementwise_kernel<at::native::direct_copy_kernel_cuda(at::TensorIteratorBase &)::[lambda() (instance 3)]::operator ()() const::[lambda() (instance 7)]::operator ()() const::[lambda(float) (instance 1)], std::array<char *, (unsigned long)2>, (int)8, TrivialOffsetCalculator<(int)1, unsigned int>, TrivialOffsetCalculator<(int)1, unsigned int>, at::native::memory::LoadWithCast<(int)1>, at::native::memory::StoreWithCast<(int)1>>(int, T1, T2, T4, T5, T6, T7)",34173,cudaLaunchKernel_v7000,8887969787,8887977008,8887977188,8888029859,52671,7,12544x1x1,128x1x1,38,0,0,0
planner_debate_L_it1,measured,7,planner-seed,8,RMSNormOp,kernel,elementwise_unary,"void at::native::vectorized_elementwise_kernel<(int)4, void at::native::<unnamed>::pow_tensor_scalar_kernel_impl<float, float>(at::TensorIteratorBase &, T2)::[lambda(float) (instance 1)], std::array<char *, (unsigned long)2>>(int, T2, T3)",34184,cudaLaunchKernel_v7000,8887987516,8887995244,8888030499,8888101121,70622,7,12544x1x1,128x1x1,20,0,0,0
planner_debate_L_it1,measured,7,planner-seed,8,RMSNormOp,kernel,reduce,"void at::native::reduce_kernel<(int)512, (int)1, at::native::ReduceOp<float, at::native::MeanOps<float, float, float, float>, unsigned int, float, (int)4, (int)4>>(T3)",34198,cudaLaunchKernel_v7000,8888007867,8888013325,8888101824,8888124256,22432,7,224x1x1,32x16x1,26,16,0,0
planner_debate_L_it1,measured,7,planner-seed,8,RMSNormOp,kernel,elementwise_binary,"void at::native::vectorized_elementwise_kernel<(int)4, at::native::CUDAFunctorOnSelf_add<float>, std::array<char *, (unsigned long)2>>(int, T2, T3)",34204,cudaLaunchKernel_v7000,8888022499,8888026834,8888124928,8888126080,1152,7,4x1x1,128x1x1,20,0,0,0
planner_debate_L_it1,measured,7,planner-seed,8,RMSNormOp,kernel,elementwise_unary,"void at::native::vectorized_elementwise_kernel<(int)4, at::native::rsqrt_kernel_cuda(at::TensorIteratorBase &)::[lambda() (instance 2)]::operator ()() const::[lambda() (instance 2)]::operator ()() const::[lambda(float) (instance 1)], std::array<char *, (unsigned long)2>>(int, T2, T3)",34214,cudaLaunchKernel_v7000,8888035651,8888040200,8888126784,8888127872,1088,7,4x1x1,128x1x1,26,0,0,0
planner_debate_L_it1,measured,7,planner-seed,8,RMSNormOp,kernel,elementwise_binary,"void at::native::elementwise_kernel<(int)128, (int)2, void at::native::gpu_kernel_impl_nocast<at::native::BinaryFunctor<float, float, float, at::native::binary_internal::MulFunctor<float>>>(at::TensorIteratorBase &, const T1 &)::[lambda(int) (instance 1)]>(int, T3)",34224,cudaLaunchKernel_v7000,8888050254,8888055355,8888128576,8888216669,88093,7,50176x1x1,128x1x1,16,0,0,0
planner_debate_L_it1,measured,7,planner-seed,8,RMSNormOp,kernel,copy,"void at::native::vectorized_elementwise_kernel<(int)8, at::native::float16_copy_kernel_cuda(at::TensorIteratorBase &)::[lambda(float) (instance 1)], std::array<char *, (unsigned long)2>>(int, T2, T3)",34237,cudaLaunchKernel_v7000,8888066082,8888070579,8888217341,8888272316,54975,7,12544x1x1,128x1x1,22,0,0,0
planner_debate_L_it1,measured,7,planner-seed,10,LinearOp,kernel,gemm,void cutlass::Kernel2<cutlass_80_tensorop_f16_s16816gemm_relu_f16_64x64_32x6_nn_align8>(T1::Params),34291,cuLaunchKernel,8888388663,8888397165,8888397208,8889033574,636366,7,448x7x1,128x1x1,96,0,49152,0
planner_debate_L_it1,measured,7,planner-seed,11,LinearOp,kernel,gemm,void cutlass::Kernel2<cutlass_80_tensorop_f16_s16816gemm_relu_f16_64x64_32x6_nn_align8>(T1::Params),34343,cuLaunchKernel,8889102596,8889109222,8889109412,8889745298,635886,7,448x7x1,128x1x1,96,0,49152,0
planner_debate_L_it1,measured,7,planner-seed,12,LinearOp,kernel,gemm,void cutlass::Kernel2<cutlass_80_tensorop_f16_s16816gemm_relu_f16_64x64_32x6_nn_align8>(T1::Params),34395,cuLaunchKernel,8889811471,8889818110,8889818160,8890453821,635661,7,448x7x1,128x1x1,96,0,49152,0
planner_debate_L_it1,measured,7,planner-seed,14,TransposeOp,kernel,copy,"void at::native::elementwise_kernel<(int)128, (int)4, void at::native::gpu_kernel_impl_nocast<at::native::direct_copy_kernel_cuda(at::TensorIteratorBase &)::[lambda() (instance 3)]::operator ()() const::[lambda() (instance 10)]::operator ()() const::[lambda(c10::Half) (instance 1)]>(at::TensorIteratorBase &, const T1 &)::[lambda(int) (instance 1)]>(int, T3)",34474,cudaLaunchKernel_v7000,8890610101,8890627818,8890627224,8890805075,177851,7,25088x1x1,128x1x1,16,0,0,0
planner_debate_L_it1,measured,7,critic-a,,call_overhead,memcpy,memcpy,memcpy_Device-to-Host,34516,cudaMemcpyAsync_v3020,8890865278,8890885504,8890884433,8891994993,1110560,7,0x0x0,0x0x0,0,0,0,25690112
planner_debate_L_it1,measured,7,critic-a,,call_overhead,memcpy,memcpy,memcpy_Host-to-Device,34572,cudaMemcpyAsync_v3020,9007521992,9007549640,9007548339,9008923371,1375032,7,0x0x0,0x0x0,0,0,0,33554432
planner_debate_L_it1,measured,7,critic-a,,call_overhead,kernel,rng_init,"void at::native::<unnamed>::distribution_elementwise_grid_stride_kernel<float, (int)4, void at::native::templates::cuda::normal_and_transform<c10::Half, float, at::CUDAGeneratorImpl *, void at::native::templates::cuda::normal_kernel<at::CUDAGeneratorImpl *>(const at::TensorBase &, double, double, T1)::[lambda() (instance 1)]::operator ()() const::[lambda() (instance 3)]::operator ()() const::[lambda(float) (instance 1)]>(at::TensorIteratorBase &, T3, T4)::[lambda(curandStatePhilox4_32_10 *) (instance 2)], void at::native::<unnamed>::distribution_nullary_kernel<c10::Half, float, float4, at::CUDAGeneratorImpl *, void at::native::templates::cuda::normal_and_transform<c10::Half, float, at::CUDAGeneratorImpl *, void at::native::templates::cuda::normal_kernel<at::CUDAGeneratorImpl *>(const at::TensorBase &, double, double, T1)::[lambda() (instance 1)]::operator ()() const::[lambda() (instance 3)]::operator ()() const::[lambda(float) (instance 1)]>(at::TensorIteratorBase &, T3, T4)::[lambda(curandStatePhilox4_32_10 *) (instance 2)], void at::native::templates::cuda::normal_kernel<at::CUDAGeneratorImpl *>(const at::TensorBase &, double, double, T1)::[lambda() (instance 1)]::operator ()() const::[lambda() (instance 3)]::operator ()() const::[lambda(float) (instance 1)]>(at::TensorIteratorBase &, T4, const T5 &, T6)::[lambda(int, float) (instance 1)]>(long, at::PhiloxCudaState, T3, T4)",34625,cudaLaunchKernel_v7000,9009025222,9009059239,9009121798,9009157957,36159,7,768x1x1,256x1x1,40,0,0,0
planner_debate_L_it1,measured,7,critic-a,,call_overhead,kernel,elementwise_binary,"void at::native::vectorized_elementwise_kernel<(int)8, at::native::BUnaryFunctor<c10::Half, c10::Half, c10::Half, at::native::binary_internal::MulFunctor<float>>, std::array<char *, (unsigned long)2>>(int, T2, T3)",34635,cudaLaunchKernel_v7000,9009111698,9009120450,9009158693,9009178564,19871,7,16384x1x1,128x1x1,20,0,0,0
planner_debate_L_it1,measured,7,critic-a,6,RMSNormOp,kernel,copy,"void at::native::unrolled_elementwise_kernel<at::native::direct_copy_kernel_cuda(at::TensorIteratorBase &)::[lambda() (instance 3)]::operator ()() const::[lambda() (instance 7)]::operator ()() const::[lambda(float) (instance 1)], std::array<char *, (unsigned long)2>, (int)8, TrivialOffsetCalculator<(int)1, unsigned int>, TrivialOffsetCalculator<(int)1, unsigned int>, at::native::memory::LoadWithCast<(int)1>, at::native::memory::StoreWithCast<(int)1>>(int, T1, T2, T4, T5, T6, T7)",34658,cudaLaunchKernel_v7000,9009222289,9009232932,9009232739,9009346911,114172,7,16384x1x1,128x1x1,38,0,0,0
planner_debate_L_it1,measured,7,critic-a,6,RMSNormOp,kernel,elementwise_unary,"void at::native::vectorized_elementwise_kernel<(int)4, void at::native::<unnamed>::pow_tensor_scalar_kernel_impl<float, float>(at::TensorIteratorBase &, T2)::[lambda(float) (instance 1)], std::array<char *, (unsigned long)2>>(int, T2, T3)",34669,cudaLaunchKernel_v7000,9009250243,9009259687,9009347647,9009493403,145756,7,16384x1x1,128x1x1,20,0,0,0
planner_debate_L_it1,measured,7,critic-a,6,RMSNormOp,kernel,reduce,"void at::native::reduce_kernel<(int)512, (int)1, at::native::ReduceOp<float, at::native::MeanOps<float, float, float, float>, unsigned int, float, (int)4, (int)4>>(T3)",34683,cudaLaunchKernel_v7000,9009280311,9009287217,9009494107,9009530714,36607,7,256x1x1,32x16x1,26,16,0,0
planner_debate_L_it1,measured,7,critic-a,6,RMSNormOp,kernel,elementwise_binary,"void at::native::vectorized_elementwise_kernel<(int)4, at::native::CUDAFunctorOnSelf_add<float>, std::array<char *, (unsigned long)2>>(int, T2, T3)",34689,cudaLaunchKernel_v7000,9009305140,9009311343,9009531482,9009532890,1408,7,4x1x1,128x1x1,20,0,0,0
planner_debate_L_it1,measured,7,critic-a,6,RMSNormOp,kernel,elementwise_unary,"void at::native::vectorized_elementwise_kernel<(int)4, at::native::rsqrt_kernel_cuda(at::TensorIteratorBase &)::[lambda() (instance 2)]::operator ()() const::[lambda() (instance 2)]::operator ()() const::[lambda(float) (instance 1)], std::array<char *, (unsigned long)2>>(int, T2, T3)",34699,cudaLaunchKernel_v7000,9009325145,9009330600,9009533562,9009534650,1088,7,4x1x1,128x1x1,26,0,0,0
planner_debate_L_it1,measured,7,critic-a,6,RMSNormOp,kernel,elementwise_binary,"void at::native::elementwise_kernel<(int)128, (int)2, void at::native::gpu_kernel_impl_nocast<at::native::BinaryFunctor<float, float, float, at::native::binary_internal::MulFunctor<float>>>(at::TensorIteratorBase &, const T1 &)::[lambda(int) (instance 1)]>(int, T3)",34709,cudaLaunchKernel_v7000,9009346624,9009352448,9009535290,9009663510,128220,7,65536x1x1,128x1x1,16,0,0,0
planner_debate_L_it1,measured,7,critic-a,6,RMSNormOp,kernel,copy,"void at::native::vectorized_elementwise_kernel<(int)8, at::native::float16_copy_kernel_cuda(at::TensorIteratorBase &)::[lambda(float) (instance 1)], std::array<char *, (unsigned long)2>>(int, T2, T3)",34722,cudaLaunchKernel_v7000,9009367819,9009373041,9009664214,9009754836,90622,7,16384x1x1,128x1x1,22,0,0,0
planner_debate_L_it1,measured,7,critic-a,7,AddOp,kernel,elementwise_binary,"void at::native::vectorized_elementwise_kernel<(int)8, at::native::CUDAFunctorOnSelf_add<c10::Half>, std::array<char *, (unsigned long)2>>(int, T2, T3)",34766,cudaLaunchKernel_v7000,9009833076,9009853054,9009852721,9009879696,26975,7,16384x1x1,128x1x1,22,0,0,0
planner_debate_L_it1,measured,7,critic-a,8,RMSNormOp,kernel,copy,"void at::native::unrolled_elementwise_kernel<at::native::direct_copy_kernel_cuda(at::TensorIteratorBase &)::[lambda() (instance 3)]::operator ()() const::[lambda() (instance 7)]::operator ()() const::[lambda(float) (instance 1)], std::array<char *, (unsigned long)2>, (int)8, TrivialOffsetCalculator<(int)1, unsigned int>, TrivialOffsetCalculator<(int)1, unsigned int>, at::native::memory::LoadWithCast<(int)1>, at::native::memory::StoreWithCast<(int)1>>(int, T1, T2, T4, T5, T6, T7)",34812,cudaLaunchKernel_v7000,9009939335,9009947419,9009947054,9010033964,86910,7,16384x1x1,128x1x1,38,0,0,0
planner_debate_L_it1,measured,7,critic-a,8,RMSNormOp,kernel,elementwise_unary,"void at::native::vectorized_elementwise_kernel<(int)4, void at::native::<unnamed>::pow_tensor_scalar_kernel_impl<float, float>(at::TensorIteratorBase &, T2)::[lambda(float) (instance 1)], std::array<char *, (unsigned long)2>>(int, T2, T3)",34823,cudaLaunchKernel_v7000,9009962644,9009968054,9010034668,9010179720,145052,7,16384x1x1,128x1x1,20,0,0,0
planner_debate_L_it1,measured,7,critic-a,8,RMSNormOp,kernel,reduce,"void at::native::reduce_kernel<(int)512, (int)1, at::native::ReduceOp<float, at::native::MeanOps<float, float, float, float>, unsigned int, float, (int)4, (int)4>>(T3)",34837,cudaLaunchKernel_v7000,9009980594,9009985745,9010180392,9010217190,36798,7,256x1x1,32x16x1,26,16,0,0
planner_debate_L_it1,measured,7,critic-a,8,RMSNormOp,kernel,elementwise_binary,"void at::native::vectorized_elementwise_kernel<(int)4, at::native::CUDAFunctorOnSelf_add<float>, std::array<char *, (unsigned long)2>>(int, T2, T3)",34843,cudaLaunchKernel_v7000,9009994794,9009999629,9010217926,9010219174,1248,7,4x1x1,128x1x1,20,0,0,0
planner_debate_L_it1,measured,7,critic-a,8,RMSNormOp,kernel,elementwise_unary,"void at::native::vectorized_elementwise_kernel<(int)4, at::native::rsqrt_kernel_cuda(at::TensorIteratorBase &)::[lambda() (instance 2)]::operator ()() const::[lambda() (instance 2)]::operator ()() const::[lambda(float) (instance 1)], std::array<char *, (unsigned long)2>>(int, T2, T3)",34853,cudaLaunchKernel_v7000,9010008517,9010013062,9010219846,9010220934,1088,7,4x1x1,128x1x1,26,0,0,0
planner_debate_L_it1,measured,7,critic-a,8,RMSNormOp,kernel,elementwise_binary,"void at::native::elementwise_kernel<(int)128, (int)2, void at::native::gpu_kernel_impl_nocast<at::native::BinaryFunctor<float, float, float, at::native::binary_internal::MulFunctor<float>>>(at::TensorIteratorBase &, const T1 &)::[lambda(int) (instance 1)]>(int, T3)",34863,cudaLaunchKernel_v7000,9010023465,9010037701,9010221574,9010350051,128477,7,65536x1x1,128x1x1,16,0,0,0
planner_debate_L_it1,measured,7,critic-a,8,RMSNormOp,kernel,copy,"void at::native::vectorized_elementwise_kernel<(int)8, at::native::float16_copy_kernel_cuda(at::TensorIteratorBase &)::[lambda(float) (instance 1)], std::array<char *, (unsigned long)2>>(int, T2, T3)",34876,cudaLaunchKernel_v7000,9010050082,9010054675,9010350819,9010442208,91389,7,16384x1x1,128x1x1,22,0,0,0
planner_debate_L_it1,measured,7,critic-a,10,LinearOp,memset,memset,memset,34924,cudaMemsetAsync_v3020,9010547386,9010561122,9010562589,9010563453,864,7,0x0x0,0x0x0,0,0,0,4096
planner_debate_L_it1,measured,7,critic-a,10,LinearOp,kernel,gemm,ampere_fp16_s1688gemm_fp16_128x128_ldg8_f2f_stages_32x1_nn,34927,cudaLaunchKernel_v7000,9010572732,9010582117,9010581852,9011432836,850984,7,32x32x3,128x1x1,234,32768,0,0
planner_debate_L_it1,measured,7,critic-a,11,LinearOp,memset,memset,memset,34974,cudaMemsetAsync_v3020,9011497812,9011502773,9011504034,9011504898,864,7,0x0x0,0x0x0,0,0,0,4096
planner_debate_L_it1,measured,7,critic-a,11,LinearOp,kernel,gemm,ampere_fp16_s1688gemm_fp16_128x128_ldg8_f2f_stages_32x1_nn,34977,cudaLaunchKernel_v7000,9011508054,9011515184,9011514945,9012365737,850792,7,32x32x3,128x1x1,234,32768,0,0
planner_debate_L_it1,measured,7,critic-a,12,LinearOp,memset,memset,memset,35024,cudaMemsetAsync_v3020,9012423717,9012427879,9012429127,9012429991,864,7,0x0x0,0x0x0,0,0,0,4096
planner_debate_L_it1,measured,7,critic-a,12,LinearOp,kernel,gemm,ampere_fp16_s1688gemm_fp16_128x128_ldg8_f2f_stages_32x1_nn,35027,cudaLaunchKernel_v7000,9012432551,9012439231,9012439335,9013290159,850824,7,32x32x3,128x1x1,234,32768,0,0
planner_debate_L_it1,measured,7,critic-a,14,TransposeOp,kernel,copy,"void at::native::elementwise_kernel<(int)128, (int)4, void at::native::gpu_kernel_impl_nocast<at::native::direct_copy_kernel_cuda(at::TensorIteratorBase &)::[lambda() (instance 3)]::operator ()() const::[lambda() (instance 10)]::operator ()() const::[lambda(c10::Half) (instance 1)]>(at::TensorIteratorBase &, const T1 &)::[lambda(int) (instance 1)]>(int, T3)",35107,cudaLaunchKernel_v7000,9013440455,9013450090,9013449706,9013676196,226490,7,32768x1x1,128x1x1,16,0,0,0
planner_debate_L_it1,measured,7,critic-b,,call_overhead,memcpy,memcpy,memcpy_Device-to-Host,35149,cudaMemcpyAsync_v3020,9013737523,9013752591,9013751682,9015238423,1486741,7,0x0x0,0x0x0,0,0,0,33554432
planner_debate_L_it1,measured,7,critic-b,,call_overhead,memcpy,memcpy,memcpy_Host-to-Device,35205,cudaMemcpyAsync_v3020,9129869542,9129896010,9129894546,9131341385,1446839,7,0x0x0,0x0x0,0,0,0,33554432
planner_debate_L_it1,measured,7,critic-b,,call_overhead,kernel,rng_init,"void at::native::<unnamed>::distribution_elementwise_grid_stride_kernel<float, (int)4, void at::native::templates::cuda::normal_and_transform<c10::Half, float, at::CUDAGeneratorImpl *, void at::native::templates::cuda::normal_kernel<at::CUDAGeneratorImpl *>(const at::TensorBase &, double, double, T1)::[lambda() (instance 1)]::operator ()() const::[lambda() (instance 3)]::operator ()() const::[lambda(float) (instance 1)]>(at::TensorIteratorBase &, T3, T4)::[lambda(curandStatePhilox4_32_10 *) (instance 2)], void at::native::<unnamed>::distribution_nullary_kernel<c10::Half, float, float4, at::CUDAGeneratorImpl *, void at::native::templates::cuda::normal_and_transform<c10::Half, float, at::CUDAGeneratorImpl *, void at::native::templates::cuda::normal_kernel<at::CUDAGeneratorImpl *>(const at::TensorBase &, double, double, T1)::[lambda() (instance 1)]::operator ()() const::[lambda() (instance 3)]::operator ()() const::[lambda(float) (instance 1)]>(at::TensorIteratorBase &, T3, T4)::[lambda(curandStatePhilox4_32_10 *) (instance 2)], void at::native::templates::cuda::normal_kernel<at::CUDAGeneratorImpl *>(const at::TensorBase &, double, double, T1)::[lambda() (instance 1)]::operator ()() const::[lambda() (instance 3)]::operator ()() const::[lambda(float) (instance 1)]>(at::TensorIteratorBase &, T4, const T5 &, T6)::[lambda(int, float) (instance 1)]>(long, at::PhiloxCudaState, T3, T4)",35258,cudaLaunchKernel_v7000,9131443394,9131477210,9131539011,9131574722,35711,7,768x1x1,256x1x1,40,0,0,0
planner_debate_L_it1,measured,7,critic-b,,call_overhead,kernel,elementwise_binary,"void at::native::vectorized_elementwise_kernel<(int)8, at::native::BUnaryFunctor<c10::Half, c10::Half, c10::Half, at::native::binary_internal::MulFunctor<float>>, std::array<char *, (unsigned long)2>>(int, T2, T3)",35268,cudaLaunchKernel_v7000,9131532875,9131542289,9131575458,9131595426,19968,7,16384x1x1,128x1x1,20,0,0,0
planner_debate_L_it1,measured,7,critic-b,6,RMSNormOp,kernel,copy,"void at::native::unrolled_elementwise_kernel<at::native::direct_copy_kernel_cuda(at::TensorIteratorBase &)::[lambda() (instance 3)]::operator ()() const::[lambda() (instance 7)]::operator ()() const::[lambda(float) (instance 1)], std::array<char *, (unsigned long)2>, (int)8, TrivialOffsetCalculator<(int)1, unsigned int>, TrivialOffsetCalculator<(int)1, unsigned int>, at::native::memory::LoadWithCast<(int)1>, at::native::memory::StoreWithCast<(int)1>>(int, T1, T2, T4, T5, T6, T7)",35291,cudaLaunchKernel_v7000,9131655697,9131666585,9131666080,9131778044,111964,7,16384x1x1,128x1x1,38,0,0,0
planner_debate_L_it1,measured,7,critic-b,6,RMSNormOp,kernel,elementwise_unary,"void at::native::vectorized_elementwise_kernel<(int)4, void at::native::<unnamed>::pow_tensor_scalar_kernel_impl<float, float>(at::TensorIteratorBase &, T2)::[lambda(float) (instance 1)], std::array<char *, (unsigned long)2>>(int, T2, T3)",35302,cudaLaunchKernel_v7000,9131685265,9131691572,9131778748,9131926680,147932,7,16384x1x1,128x1x1,20,0,0,0
planner_debate_L_it1,measured,7,critic-b,6,RMSNormOp,kernel,reduce,"void at::native::reduce_kernel<(int)512, (int)1, at::native::ReduceOp<float, at::native::MeanOps<float, float, float, float>, unsigned int, float, (int)4, (int)4>>(T3)",35316,cudaLaunchKernel_v7000,9131713277,9131720351,9131927448,9131964951,37503,7,256x1x1,32x16x1,26,16,0,0
planner_debate_L_it1,measured,7,critic-b,6,RMSNormOp,kernel,elementwise_binary,"void at::native::vectorized_elementwise_kernel<(int)4, at::native::CUDAFunctorOnSelf_add<float>, std::array<char *, (unsigned long)2>>(int, T2, T3)",35322,cudaLaunchKernel_v7000,9131738335,9131744345,9131965719,9131966999,1280,7,4x1x1,128x1x1,20,0,0,0
planner_debate_L_it1,measured,7,critic-b,6,RMSNormOp,kernel,elementwise_unary,"void at::native::vectorized_elementwise_kernel<(int)4, at::native::rsqrt_kernel_cuda(at::TensorIteratorBase &)::[lambda() (instance 2)]::operator ()() const::[lambda() (instance 2)]::operator ()() const::[lambda(float) (instance 1)], std::array<char *, (unsigned long)2>>(int, T2, T3)",35332,cudaLaunchKernel_v7000,9131757855,9131763889,9131967735,9131968823,1088,7,4x1x1,128x1x1,26,0,0,0
planner_debate_L_it1,measured,7,critic-b,6,RMSNormOp,kernel,elementwise_binary,"void at::native::elementwise_kernel<(int)128, (int)2, void at::native::gpu_kernel_impl_nocast<at::native::BinaryFunctor<float, float, float, at::native::binary_internal::MulFunctor<float>>>(at::TensorIteratorBase &, const T1 &)::[lambda(int) (instance 1)]>(int, T3)",35342,cudaLaunchKernel_v7000,9131781667,9131791597,9131969463,9132097171,127708,7,65536x1x1,128x1x1,16,0,0,0
planner_debate_L_it1,measured,7,critic-b,6,RMSNormOp,kernel,copy,"void at::native::vectorized_elementwise_kernel<(int)8, at::native::float16_copy_kernel_cuda(at::TensorIteratorBase &)::[lambda(float) (instance 1)], std::array<char *, (unsigned long)2>>(int, T2, T3)",35355,cudaLaunchKernel_v7000,9131808218,9131813555,9132098259,9132188753,90494,7,16384x1x1,128x1x1,22,0,0,0
planner_debate_L_it1,measured,7,critic-b,7,AddOp,kernel,elementwise_binary,"void at::native::vectorized_elementwise_kernel<(int)8, at::native::CUDAFunctorOnSelf_add<c10::Half>, std::array<char *, (unsigned long)2>>(int, T2, T3)",35399,cudaLaunchKernel_v7000,9132283725,9132292660,9132292142,9132319341,27199,7,16384x1x1,128x1x1,22,0,0,0
planner_debate_L_it1,measured,7,critic-b,8,RMSNormOp,kernel,copy,"void at::native::unrolled_elementwise_kernel<at::native::direct_copy_kernel_cuda(at::TensorIteratorBase &)::[lambda() (instance 3)]::operator ()() const::[lambda() (instance 7)]::operator ()() const::[lambda(float) (instance 1)], std::array<char *, (unsigned long)2>, (int)8, TrivialOffsetCalculator<(int)1, unsigned int>, TrivialOffsetCalculator<(int)1, unsigned int>, at::native::memory::LoadWithCast<(int)1>, at::native::memory::StoreWithCast<(int)1>>(int, T1, T2, T4, T5, T6, T7)",35445,cudaLaunchKernel_v7000,9132386587,9132395291,9132394859,9132481992,87133,7,16384x1x1,128x1x1,38,0,0,0
planner_debate_L_it1,measured,7,critic-b,8,RMSNormOp,kernel,elementwise_unary,"void at::native::vectorized_elementwise_kernel<(int)4, void at::native::<unnamed>::pow_tensor_scalar_kernel_impl<float, float>(at::TensorIteratorBase &, T2)::[lambda(float) (instance 1)], std::array<char *, (unsigned long)2>>(int, T2, T3)",35456,cudaLaunchKernel_v7000,9132412079,9132417691,9132482632,9132627428,144796,7,16384x1x1,128x1x1,20,0,0,0
planner_debate_L_it1,measured,7,critic-b,8,RMSNormOp,kernel,reduce,"void at::native::reduce_kernel<(int)512, (int)1, at::native::ReduceOp<float, at::native::MeanOps<float, float, float, float>, unsigned int, float, (int)4, (int)4>>(T3)",35470,cudaLaunchKernel_v7000,9132431583,9132436985,9132628100,9132664995,36895,7,256x1x1,32x16x1,26,16,0,0
planner_debate_L_it1,measured,7,critic-b,8,RMSNormOp,kernel,elementwise_binary,"void at::native::vectorized_elementwise_kernel<(int)4, at::native::CUDAFunctorOnSelf_add<float>, std::array<char *, (unsigned long)2>>(int, T2, T3)",35476,cudaLaunchKernel_v7000,9132447122,9132451963,9132665731,9132666979,1248,7,4x1x1,128x1x1,20,0,0,0
planner_debate_L_it1,measured,7,critic-b,8,RMSNormOp,kernel,elementwise_unary,"void at::native::vectorized_elementwise_kernel<(int)4, at::native::rsqrt_kernel_cuda(at::TensorIteratorBase &)::[lambda() (instance 2)]::operator ()() const::[lambda() (instance 2)]::operator ()() const::[lambda(float) (instance 1)], std::array<char *, (unsigned long)2>>(int, T2, T3)",35486,cudaLaunchKernel_v7000,9132461616,9132466453,9132667715,9132668803,1088,7,4x1x1,128x1x1,26,0,0,0
planner_debate_L_it1,measured,7,critic-b,8,RMSNormOp,kernel,elementwise_binary,"void at::native::elementwise_kernel<(int)128, (int)2, void at::native::gpu_kernel_impl_nocast<at::native::BinaryFunctor<float, float, float, at::native::binary_internal::MulFunctor<float>>>(at::TensorIteratorBase &, const T1 &)::[lambda(int) (instance 1)]>(int, T3)",35496,cudaLaunchKernel_v7000,9132477257,9132482728,9132669443,9132797023,127580,7,65536x1x1,128x1x1,16,0,0,0
planner_debate_L_it1,measured,7,critic-b,8,RMSNormOp,kernel,copy,"void at::native::vectorized_elementwise_kernel<(int)8, at::native::float16_copy_kernel_cuda(at::TensorIteratorBase &)::[lambda(float) (instance 1)], std::array<char *, (unsigned long)2>>(int, T2, T3)",35509,cudaLaunchKernel_v7000,9132495227,9132500088,9132798143,9132889309,91166,7,16384x1x1,128x1x1,22,0,0,0
planner_debate_L_it1,measured,7,critic-b,10,LinearOp,memset,memset,memset,35557,cudaMemsetAsync_v3020,9132999030,9133014301,9133015481,9133016345,864,7,0x0x0,0x0x0,0,0,0,4096
planner_debate_L_it1,measured,7,critic-b,10,LinearOp,kernel,gemm,ampere_fp16_s1688gemm_fp16_128x128_ldg8_f2f_stages_32x1_nn,35560,cudaLaunchKernel_v7000,9133030280,9133041252,9133040568,9133892192,851624,7,32x32x3,128x1x1,234,32768,0,0
planner_debate_L_it1,measured,7,critic-b,11,LinearOp,memset,memset,memset,35607,cudaMemsetAsync_v3020,9133965660,9133971252,9133972510,9133973374,864,7,0x0x0,0x0x0,0,0,0,4096
planner_debate_L_it1,measured,7,critic-b,11,LinearOp,kernel,gemm,ampere_fp16_s1688gemm_fp16_128x128_ldg8_f2f_stages_32x1_nn,35610,cudaLaunchKernel_v7000,9133976595,9133985007,9133984829,9134836517,851688,7,32x32x3,128x1x1,234,32768,0,0
planner_debate_L_it1,measured,7,critic-b,12,LinearOp,memset,memset,memset,35657,cudaMemsetAsync_v3020,9134908778,9134913301,9134914499,9134915363,864,7,0x0x0,0x0x0,0,0,0,4096
planner_debate_L_it1,measured,7,critic-b,12,LinearOp,kernel,gemm,ampere_fp16_s1688gemm_fp16_128x128_ldg8_f2f_stages_32x1_nn,35660,cudaLaunchKernel_v7000,9134918275,9134926086,9134926147,9135776938,850791,7,32x32x3,128x1x1,234,32768,0,0
planner_debate_L_it1,measured,7,critic-b,14,TransposeOp,kernel,copy,"void at::native::elementwise_kernel<(int)128, (int)4, void at::native::gpu_kernel_impl_nocast<at::native::direct_copy_kernel_cuda(at::TensorIteratorBase &)::[lambda() (instance 3)]::operator ()() const::[lambda() (instance 10)]::operator ()() const::[lambda(c10::Half) (instance 1)]>(at::TensorIteratorBase &, const T1 &)::[lambda(int) (instance 1)]>(int, T3)",35740,cudaLaunchKernel_v7000,9135940398,9135951182,9135950341,9136176959,226618,7,32768x1x1,128x1x1,16,0,0,0
planner_debate_L_it1,measured,7,critic-merge,,call_overhead,memcpy,memcpy,memcpy_Device-to-Host,35782,cudaMemcpyAsync_v3020,9136242167,9136262540,9136261404,9137723571,1462167,7,0x0x0,0x0x0,0,0,0,33554432
planner_debate_L_it1,measured,7,critic-merge,,call_overhead,memcpy,memcpy,memcpy_Host-to-Device,35838,cudaMemcpyAsync_v3020,9252202917,9252229431,9252227890,9253650761,1422871,7,0x0x0,0x0x0,0,0,0,33554432
planner_debate_L_it1,measured,7,critic-merge,,call_overhead,kernel,rng_init,"void at::native::<unnamed>::distribution_elementwise_grid_stride_kernel<float, (int)4, void at::native::templates::cuda::normal_and_transform<c10::Half, float, at::CUDAGeneratorImpl *, void at::native::templates::cuda::normal_kernel<at::CUDAGeneratorImpl *>(const at::TensorBase &, double, double, T1)::[lambda() (instance 1)]::operator ()() const::[lambda() (instance 3)]::operator ()() const::[lambda(float) (instance 1)]>(at::TensorIteratorBase &, T3, T4)::[lambda(curandStatePhilox4_32_10 *) (instance 2)], void at::native::<unnamed>::distribution_nullary_kernel<c10::Half, float, float4, at::CUDAGeneratorImpl *, void at::native::templates::cuda::normal_and_transform<c10::Half, float, at::CUDAGeneratorImpl *, void at::native::templates::cuda::normal_kernel<at::CUDAGeneratorImpl *>(const at::TensorBase &, double, double, T1)::[lambda() (instance 1)]::operator ()() const::[lambda() (instance 3)]::operator ()() const::[lambda(float) (instance 1)]>(at::TensorIteratorBase &, T3, T4)::[lambda(curandStatePhilox4_32_10 *) (instance 2)], void at::native::templates::cuda::normal_kernel<at::CUDAGeneratorImpl *>(const at::TensorBase &, double, double, T1)::[lambda() (instance 1)]::operator ()() const::[lambda() (instance 3)]::operator ()() const::[lambda(float) (instance 1)]>(at::TensorIteratorBase &, T4, const T5 &, T6)::[lambda(int, float) (instance 1)]>(long, at::PhiloxCudaState, T3, T4)",35891,cudaLaunchKernel_v7000,9253748741,9253782631,9253844964,9253880931,35967,7,768x1x1,256x1x1,40,0,0,0
planner_debate_L_it1,measured,7,critic-merge,,call_overhead,kernel,elementwise_binary,"void at::native::vectorized_elementwise_kernel<(int)8, at::native::BUnaryFunctor<c10::Half, c10::Half, c10::Half, at::native::binary_internal::MulFunctor<float>>, std::array<char *, (unsigned long)2>>(int, T2, T3)",35901,cudaLaunchKernel_v7000,9253821975,9253831099,9253881635,9253901730,20095,7,16384x1x1,128x1x1,20,0,0,0
planner_debate_L_it1,measured,7,critic-merge,6,RMSNormOp,kernel,copy,"void at::native::unrolled_elementwise_kernel<at::native::direct_copy_kernel_cuda(at::TensorIteratorBase &)::[lambda() (instance 3)]::operator ()() const::[lambda() (instance 7)]::operator ()() const::[lambda(float) (instance 1)], std::array<char *, (unsigned long)2>, (int)8, TrivialOffsetCalculator<(int)1, unsigned int>, TrivialOffsetCalculator<(int)1, unsigned int>, at::native::memory::LoadWithCast<(int)1>, at::native::memory::StoreWithCast<(int)1>>(int, T1, T2, T4, T5, T6, T7)",35924,cudaLaunchKernel_v7000,9253947430,9253956932,9253957089,9254071741,114652,7,16384x1x1,128x1x1,38,0,0,0
planner_debate_L_it1,measured,7,critic-merge,6,RMSNormOp,kernel,elementwise_unary,"void at::native::vectorized_elementwise_kernel<(int)4, void at::native::<unnamed>::pow_tensor_scalar_kernel_impl<float, float>(at::TensorIteratorBase &, T2)::[lambda(float) (instance 1)], std::array<char *, (unsigned long)2>>(int, T2, T3)",35935,cudaLaunchKernel_v7000,9253975464,9253981727,9254072413,9254217465,145052,7,16384x1x1,128x1x1,20,0,0,0
planner_debate_L_it1,measured,7,critic-merge,6,RMSNormOp,kernel,reduce,"void at::native::reduce_kernel<(int)512, (int)1, at::native::ReduceOp<float, at::native::MeanOps<float, float, float, float>, unsigned int, float, (int)4, (int)4>>(T3)",35949,cudaLaunchKernel_v7000,9254003291,9254010386,9254218233,9254254936,36703,7,256x1x1,32x16x1,26,16,0,0
planner_debate_L_it1,measured,7,critic-merge,6,RMSNormOp,kernel,elementwise_binary,"void at::native::vectorized_elementwise_kernel<(int)4, at::native::CUDAFunctorOnSelf_add<float>, std::array<char *, (unsigned long)2>>(int, T2, T3)",35955,cudaLaunchKernel_v7000,9254027739,9254033915,9254255608,9254256888,1280,7,4x1x1,128x1x1,20,0,0,0
planner_debate_L_it1,measured,7,critic-merge,6,RMSNormOp,kernel,elementwise_unary,"void at::native::vectorized_elementwise_kernel<(int)4, at::native::rsqrt_kernel_cuda(at::TensorIteratorBase &)::[lambda() (instance 2)]::operator ()() const::[lambda() (instance 2)]::operator ()() const::[lambda(float) (instance 1)], std::array<char *, (unsigned long)2>>(int, T2, T3)",35965,cudaLaunchKernel_v7000,9254047634,9254053766,9254257624,9254258744,1120,7,4x1x1,128x1x1,26,0,0,0
planner_debate_L_it1,measured,7,critic-merge,6,RMSNormOp,kernel,elementwise_binary,"void at::native::elementwise_kernel<(int)128, (int)2, void at::native::gpu_kernel_impl_nocast<at::native::BinaryFunctor<float, float, float, at::native::binary_internal::MulFunctor<float>>>(at::TensorIteratorBase &, const T1 &)::[lambda(int) (instance 1)]>(int, T3)",35975,cudaLaunchKernel_v7000,9254070658,9254076634,9254259352,9254387156,127804,7,65536x1x1,128x1x1,16,0,0,0
planner_debate_L_it1,measured,7,critic-merge,6,RMSNormOp,kernel,copy,"void at::native::vectorized_elementwise_kernel<(int)8, at::native::float16_copy_kernel_cuda(at::TensorIteratorBase &)::[lambda(float) (instance 1)], std::array<char *, (unsigned long)2>>(int, T2, T3)",35988,cudaLaunchKernel_v7000,9254092693,9254097773,9254387892,9254479794,91902,7,16384x1x1,128x1x1,22,0,0,0
planner_debate_L_it1,measured,7,critic-merge,7,AddOp,kernel,elementwise_binary,"void at::native::vectorized_elementwise_kernel<(int)8, at::native::CUDAFunctorOnSelf_add<c10::Half>, std::array<char *, (unsigned long)2>>(int, T2, T3)",36032,cudaLaunchKernel_v7000,9254553908,9254567546,9254564527,9254591822,27295,7,16384x1x1,128x1x1,22,0,0,0
planner_debate_L_it1,measured,7,critic-merge,8,RMSNormOp,kernel,copy,"void at::native::unrolled_elementwise_kernel<at::native::direct_copy_kernel_cuda(at::TensorIteratorBase &)::[lambda() (instance 3)]::operator ()() const::[lambda() (instance 7)]::operator ()() const::[lambda(float) (instance 1)], std::array<char *, (unsigned long)2>, (int)8, TrivialOffsetCalculator<(int)1, unsigned int>, TrivialOffsetCalculator<(int)1, unsigned int>, at::native::memory::LoadWithCast<(int)1>, at::native::memory::StoreWithCast<(int)1>>(int, T1, T2, T4, T5, T6, T7)",36078,cudaLaunchKernel_v7000,9254666736,9254675252,9254674668,9254762986,88318,7,16384x1x1,128x1x1,38,0,0,0
planner_debate_L_it1,measured,7,critic-merge,8,RMSNormOp,kernel,elementwise_unary,"void at::native::vectorized_elementwise_kernel<(int)4, void at::native::<unnamed>::pow_tensor_scalar_kernel_impl<float, float>(at::TensorIteratorBase &, T2)::[lambda(float) (instance 1)], std::array<char *, (unsigned long)2>>(int, T2, T3)",36089,cudaLaunchKernel_v7000,9254687671,9254693012,9254763690,9254909093,145403,7,16384x1x1,128x1x1,20,0,0,0
planner_debate_L_it1,measured,7,critic-merge,8,RMSNormOp,kernel,reduce,"void at::native::reduce_kernel<(int)512, (int)1, at::native::ReduceOp<float, at::native::MeanOps<float, float, float, float>, unsigned int, float, (int)4, (int)4>>(T3)",36103,cudaLaunchKernel_v7000,9254706805,9254712283,9254909829,9254946404,36575,7,256x1x1,32x16x1,26,16,0,0
planner_debate_L_it1,measured,7,critic-merge,8,RMSNormOp,kernel,elementwise_binary,"void at::native::vectorized_elementwise_kernel<(int)4, at::native::CUDAFunctorOnSelf_add<float>, std::array<char *, (unsigned long)2>>(int, T2, T3)",36109,cudaLaunchKernel_v7000,9254721596,9254726593,9254947140,9254948388,1248,7,4x1x1,128x1x1,20,0,0,0
planner_debate_L_it1,measured,7,critic-merge,8,RMSNormOp,kernel,elementwise_unary,"void at::native::vectorized_elementwise_kernel<(int)4, at::native::rsqrt_kernel_cuda(at::TensorIteratorBase &)::[lambda() (instance 2)]::operator ()() const::[lambda() (instance 2)]::operator ()() const::[lambda(float) (instance 1)], std::array<char *, (unsigned long)2>>(int, T2, T3)",36119,cudaLaunchKernel_v7000,9254735960,9254740583,9254949124,9254950212,1088,7,4x1x1,128x1x1,26,0,0,0
planner_debate_L_it1,measured,7,critic-merge,8,RMSNormOp,kernel,elementwise_binary,"void at::native::elementwise_kernel<(int)128, (int)2, void at::native::gpu_kernel_impl_nocast<at::native::BinaryFunctor<float, float, float, at::native::binary_internal::MulFunctor<float>>>(at::TensorIteratorBase &, const T1 &)::[lambda(int) (instance 1)]>(int, T3)",36129,cudaLaunchKernel_v7000,9254751105,9254756067,9254950852,9255078817,127965,7,65536x1x1,128x1x1,16,0,0,0
planner_debate_L_it1,measured,7,critic-merge,8,RMSNormOp,kernel,copy,"void at::native::vectorized_elementwise_kernel<(int)8, at::native::float16_copy_kernel_cuda(at::TensorIteratorBase &)::[lambda(float) (instance 1)], std::array<char *, (unsigned long)2>>(int, T2, T3)",36142,cudaLaunchKernel_v7000,9254768636,9254773355,9255079425,9255170878,91453,7,16384x1x1,128x1x1,22,0,0,0
planner_debate_L_it1,measured,7,critic-merge,10,LinearOp,memset,memset,memset,36190,cudaMemsetAsync_v3020,9255277414,9255291125,9255292666,9255293530,864,7,0x0x0,0x0x0,0,0,0,4096
planner_debate_L_it1,measured,7,critic-merge,10,LinearOp,kernel,gemm,ampere_fp16_s1688gemm_fp16_128x128_ldg8_f2f_stages_32x1_nn,36193,cudaLaunchKernel_v7000,9255304162,9255313611,9255313114,9256165666,852552,7,32x32x3,128x1x1,234,32768,0,0
planner_debate_L_it1,measured,7,critic-merge,11,LinearOp,memset,memset,memset,36240,cudaMemsetAsync_v3020,9256236993,9256242169,9256243455,9256244319,864,7,0x0x0,0x0x0,0,0,0,4096
planner_debate_L_it1,measured,7,critic-merge,11,LinearOp,kernel,gemm,ampere_fp16_s1688gemm_fp16_128x128_ldg8_f2f_stages_32x1_nn,36243,cudaLaunchKernel_v7000,9256247548,9256258393,9256254623,9257106119,851496,7,32x32x3,128x1x1,234,32768,0,0
planner_debate_L_it1,measured,7,critic-merge,12,LinearOp,memset,memset,memset,36290,cudaMemsetAsync_v3020,9257188288,9257193110,9257194532,9257195396,864,7,0x0x0,0x0x0,0,0,0,4096
planner_debate_L_it1,measured,7,critic-merge,12,LinearOp,kernel,gemm,ampere_fp16_s1688gemm_fp16_128x128_ldg8_f2f_stages_32x1_nn,36293,cudaLaunchKernel_v7000,9257198144,9257206647,9257205860,9258057004,851144,7,32x32x3,128x1x1,234,32768,0,0
planner_debate_L_it1,measured,7,critic-merge,14,TransposeOp,kernel,copy,"void at::native::elementwise_kernel<(int)128, (int)4, void at::native::gpu_kernel_impl_nocast<at::native::direct_copy_kernel_cuda(at::TensorIteratorBase &)::[lambda() (instance 3)]::operator ()() const::[lambda() (instance 10)]::operator ()() const::[lambda(c10::Half) (instance 1)]>(at::TensorIteratorBase &, const T1 &)::[lambda(int) (instance 1)]>(int, T3)",36373,cudaLaunchKernel_v7000,9258224991,9258236114,9258235239,9258461408,226169,7,32768x1x1,128x1x1,16,0,0,0
planner_debate_L_it1,measured,7,planner-final,,call_overhead,memcpy,memcpy,memcpy_Device-to-Host,36415,cudaMemcpyAsync_v3020,9258536313,9258556443,9258555613,9260056595,1500982,7,0x0x0,0x0x0,0,0,0,33554432
planner_debate_L_it1,measured,7,planner-final,,call_overhead,memcpy,memcpy,memcpy_Host-to-Device,36471,cudaMemcpyAsync_v3020,9346588006,9346624472,9346622670,9347717199,1094529,7,0x0x0,0x0x0,0,0,0,25690112
planner_debate_L_it1,measured,7,planner-final,,call_overhead,kernel,rng_init,"void at::native::<unnamed>::distribution_elementwise_grid_stride_kernel<float, (int)4, void at::native::templates::cuda::normal_and_transform<c10::Half, float, at::CUDAGeneratorImpl *, void at::native::templates::cuda::normal_kernel<at::CUDAGeneratorImpl *>(const at::TensorBase &, double, double, T1)::[lambda() (instance 1)]::operator ()() const::[lambda() (instance 3)]::operator ()() const::[lambda(float) (instance 1)]>(at::TensorIteratorBase &, T3, T4)::[lambda(curandStatePhilox4_32_10 *) (instance 2)], void at::native::<unnamed>::distribution_nullary_kernel<c10::Half, float, float4, at::CUDAGeneratorImpl *, void at::native::templates::cuda::normal_and_transform<c10::Half, float, at::CUDAGeneratorImpl *, void at::native::templates::cuda::normal_kernel<at::CUDAGeneratorImpl *>(const at::TensorBase &, double, double, T1)::[lambda() (instance 1)]::operator ()() const::[lambda() (instance 3)]::operator ()() const::[lambda(float) (instance 1)]>(at::TensorIteratorBase &, T3, T4)::[lambda(curandStatePhilox4_32_10 *) (instance 2)], void at::native::templates::cuda::normal_kernel<at::CUDAGeneratorImpl *>(const at::TensorBase &, double, double, T1)::[lambda() (instance 1)]::operator ()() const::[lambda() (instance 3)]::operator ()() const::[lambda(float) (instance 1)]>(at::TensorIteratorBase &, T4, const T5 &, T6)::[lambda(int, float) (instance 1)]>(long, at::PhiloxCudaState, T3, T4)",36524,cudaLaunchKernel_v7000,9347828132,9347866539,9347929353,9347957416,28063,7,768x1x1,256x1x1,40,0,0,0
planner_debate_L_it1,measured,7,planner-final,,call_overhead,kernel,elementwise_binary,"void at::native::vectorized_elementwise_kernel<(int)8, at::native::BUnaryFunctor<c10::Half, c10::Half, c10::Half, at::native::binary_internal::MulFunctor<float>>, std::array<char *, (unsigned long)2>>(int, T2, T3)",36534,cudaLaunchKernel_v7000,9347908885,9347916713,9347958088,9347973000,14912,7,12544x1x1,128x1x1,20,0,0,0
planner_debate_L_it1,measured,7,planner-final,6,RMSNormOp,kernel,copy,"void at::native::unrolled_elementwise_kernel<at::native::direct_copy_kernel_cuda(at::TensorIteratorBase &)::[lambda() (instance 3)]::operator ()() const::[lambda() (instance 7)]::operator ()() const::[lambda(float) (instance 1)], std::array<char *, (unsigned long)2>, (int)8, TrivialOffsetCalculator<(int)1, unsigned int>, TrivialOffsetCalculator<(int)1, unsigned int>, at::native::memory::LoadWithCast<(int)1>, at::native::memory::StoreWithCast<(int)1>>(int, T1, T2, T4, T5, T6, T7)",36557,cudaLaunchKernel_v7000,9348011879,9348021914,9348021542,9348106404,84862,7,12544x1x1,128x1x1,38,0,0,0
planner_debate_L_it1,measured,7,planner-final,6,RMSNormOp,kernel,elementwise_unary,"void at::native::vectorized_elementwise_kernel<(int)4, void at::native::<unnamed>::pow_tensor_scalar_kernel_impl<float, float>(at::TensorIteratorBase &, T2)::[lambda(float) (instance 1)], std::array<char *, (unsigned long)2>>(int, T2, T3)",36568,cudaLaunchKernel_v7000,9348039341,9348045406,9348107108,9348178434,71326,7,12544x1x1,128x1x1,20,0,0,0
planner_debate_L_it1,measured,7,planner-final,6,RMSNormOp,kernel,reduce,"void at::native::reduce_kernel<(int)512, (int)1, at::native::ReduceOp<float, at::native::MeanOps<float, float, float, float>, unsigned int, float, (int)4, (int)4>>(T3)",36582,cudaLaunchKernel_v7000,9348065578,9348072024,9348179202,9348200129,20927,7,224x1x1,32x16x1,26,16,0,0
planner_debate_L_it1,measured,7,planner-final,6,RMSNormOp,kernel,elementwise_binary,"void at::native::vectorized_elementwise_kernel<(int)4, at::native::CUDAFunctorOnSelf_add<float>, std::array<char *, (unsigned long)2>>(int, T2, T3)",36588,cudaLaunchKernel_v7000,9348090078,9348096110,9348200769,9348202081,1312,7,4x1x1,128x1x1,20,0,0,0
planner_debate_L_it1,measured,7,planner-final,6,RMSNormOp,kernel,elementwise_unary,"void at::native::vectorized_elementwise_kernel<(int)4, at::native::rsqrt_kernel_cuda(at::TensorIteratorBase &)::[lambda() (instance 2)]::operator ()() const::[lambda() (instance 2)]::operator ()() const::[lambda(float) (instance 1)], std::array<char *, (unsigned long)2>>(int, T2, T3)",36598,cudaLaunchKernel_v7000,9348109470,9348115999,9348202785,9348203905,1120,7,4x1x1,128x1x1,26,0,0,0
planner_debate_L_it1,measured,7,planner-final,6,RMSNormOp,kernel,elementwise_binary,"void at::native::elementwise_kernel<(int)128, (int)2, void at::native::gpu_kernel_impl_nocast<at::native::BinaryFunctor<float, float, float, at::native::binary_internal::MulFunctor<float>>>(at::TensorIteratorBase &, const T1 &)::[lambda(int) (instance 1)]>(int, T3)",36608,cudaLaunchKernel_v7000,9348132793,9348138752,9348204577,9348291839,87262,7,50176x1x1,128x1x1,16,0,0,0
planner_debate_L_it1,measured,7,planner-final,6,RMSNormOp,kernel,copy,"void at::native::vectorized_elementwise_kernel<(int)8, at::native::float16_copy_kernel_cuda(at::TensorIteratorBase &)::[lambda(float) (instance 1)], std::array<char *, (unsigned long)2>>(int, T2, T3)",36621,cudaLaunchKernel_v7000,9348153675,9348158726,9348292543,9348347485,54942,7,12544x1x1,128x1x1,22,0,0,0
planner_debate_L_it1,measured,7,planner-final,7,AddOp,kernel,elementwise_binary,"void at::native::vectorized_elementwise_kernel<(int)8, at::native::CUDAFunctorOnSelf_add<c10::Half>, std::array<char *, (unsigned long)2>>(int, T2, T3)",36665,cudaLaunchKernel_v7000,9348416431,9348423401,9348423419,9348438171,14752,7,12544x1x1,128x1x1,22,0,0,0
planner_debate_L_it1,measured,7,planner-final,8,RMSNormOp,kernel,copy,"void at::native::unrolled_elementwise_kernel<at::native::direct_copy_kernel_cuda(at::TensorIteratorBase &)::[lambda() (instance 3)]::operator ()() const::[lambda() (instance 7)]::operator ()() const::[lambda(float) (instance 1)], std::array<char *, (unsigned long)2>, (int)8, TrivialOffsetCalculator<(int)1, unsigned int>, TrivialOffsetCalculator<(int)1, unsigned int>, at::native::memory::LoadWithCast<(int)1>, at::native::memory::StoreWithCast<(int)1>>(int, T1, T2, T4, T5, T6, T7)",36711,cudaLaunchKernel_v7000,9348497098,9348506849,9348504441,9348554711,50270,7,12544x1x1,128x1x1,38,0,0,0
planner_debate_L_it1,measured,7,planner-final,8,RMSNormOp,kernel,elementwise_unary,"void at::native::vectorized_elementwise_kernel<(int)4, void at::native::<unnamed>::pow_tensor_scalar_kernel_impl<float, float>(at::TensorIteratorBase &, T2)::[lambda(float) (instance 1)], std::array<char *, (unsigned long)2>>(int, T2, T3)",36722,cudaLaunchKernel_v7000,9348521089,9348526105,9348555415,9348627893,72478,7,12544x1x1,128x1x1,20,0,0,0
planner_debate_L_it1,measured,7,planner-final,8,RMSNormOp,kernel,reduce,"void at::native::reduce_kernel<(int)512, (int)1, at::native::ReduceOp<float, at::native::MeanOps<float, float, float, float>, unsigned int, float, (int)4, (int)4>>(T3)",36736,cudaLaunchKernel_v7000,9348538382,9348545047,9348628565,9348650868,22303,7,224x1x1,32x16x1,26,16,0,0
planner_debate_L_it1,measured,7,planner-final,8,RMSNormOp,kernel,elementwise_binary,"void at::native::vectorized_elementwise_kernel<(int)4, at::native::CUDAFunctorOnSelf_add<float>, std::array<char *, (unsigned long)2>>(int, T2, T3)",36742,cudaLaunchKernel_v7000,9348553081,9348557814,9348651604,9348652788,1184,7,4x1x1,128x1x1,20,0,0,0
planner_debate_L_it1,measured,7,planner-final,8,RMSNormOp,kernel,elementwise_unary,"void at::native::vectorized_elementwise_kernel<(int)4, at::native::rsqrt_kernel_cuda(at::TensorIteratorBase &)::[lambda() (instance 2)]::operator ()() const::[lambda() (instance 2)]::operator ()() const::[lambda(float) (instance 1)], std::array<char *, (unsigned long)2>>(int, T2, T3)",36752,cudaLaunchKernel_v7000,9348566379,9348571080,9348653460,9348654548,1088,7,4x1x1,128x1x1,26,0,0,0
planner_debate_L_it1,measured,7,planner-final,8,RMSNormOp,kernel,elementwise_binary,"void at::native::elementwise_kernel<(int)128, (int)2, void at::native::gpu_kernel_impl_nocast<at::native::BinaryFunctor<float, float, float, at::native::binary_internal::MulFunctor<float>>>(at::TensorIteratorBase &, const T1 &)::[lambda(int) (instance 1)]>(int, T3)",36762,cudaLaunchKernel_v7000,9348581281,9348585884,9348655252,9348742674,87422,7,50176x1x1,128x1x1,16,0,0,0
planner_debate_L_it1,measured,7,planner-final,8,RMSNormOp,kernel,copy,"void at::native::vectorized_elementwise_kernel<(int)8, at::native::float16_copy_kernel_cuda(at::TensorIteratorBase &)::[lambda(float) (instance 1)], std::array<char *, (unsigned long)2>>(int, T2, T3)",36775,cudaLaunchKernel_v7000,9348596904,9348601631,9348743346,9348798000,54654,7,12544x1x1,128x1x1,22,0,0,0
planner_debate_L_it1,measured,7,planner-final,10,LinearOp,kernel,gemm,void cutlass::Kernel2<cutlass_80_tensorop_f16_s16816gemm_relu_f16_64x64_32x6_nn_align8>(T1::Params),36829,cuLaunchKernel,9348928396,9348938613,9348938604,9349575002,636398,7,448x7x1,128x1x1,96,0,49152,0
planner_debate_L_it1,measured,7,planner-final,11,LinearOp,kernel,gemm,void cutlass::Kernel2<cutlass_80_tensorop_f16_s16816gemm_relu_f16_64x64_32x6_nn_align8>(T1::Params),36881,cuLaunchKernel,9349660770,9349669121,9349668855,9350301893,633038,7,448x7x1,128x1x1,96,0,49152,0
planner_debate_L_it1,measured,7,planner-final,12,LinearOp,kernel,gemm,void cutlass::Kernel2<cutlass_80_tensorop_f16_s16816gemm_relu_f16_64x64_32x6_nn_align8>(T1::Params),36933,cuLaunchKernel,9350364613,9350371458,9350371331,9351007217,635886,7,448x7x1,128x1x1,96,0,49152,0
planner_debate_L_it1,measured,7,planner-final,14,TransposeOp,kernel,copy,"void at::native::elementwise_kernel<(int)128, (int)4, void at::native::gpu_kernel_impl_nocast<at::native::direct_copy_kernel_cuda(at::TensorIteratorBase &)::[lambda() (instance 3)]::operator ()() const::[lambda() (instance 10)]::operator ()() const::[lambda(c10::Half) (instance 1)]>(at::TensorIteratorBase &, const T1 &)::[lambda(int) (instance 1)]>(int, T3)",37012,cudaLaunchKernel_v7000,9351192989,9351202362,9351302601,9351479780,177179,7,25088x1x1,128x1x1,16,0,0,0
planner_debate_L_it1,measured,7,planner-final,,call_overhead,memcpy,memcpy,memcpy_Device-to-Host,37054,cudaMemcpyAsync_v3020,9351542318,9351557878,9351556674,9352673346,1116672,7,0x0x0,0x0x0,0,0,0,25690112
