workload,phase,iteration,call_id,op_index,op_type,engine,attribution_basis,nvtx_cpu_ns,nvtx_start,gpu_work_ns,kernel_ns,memcpy_memset_ns,kernel_count,memcpy_memset_count,launch_to_gpu_start_ns,gpu_span_ns,kernel_families,kernel_names
planner_debate_L_it1,measured,0,planner-seed,,call_overhead,,gap_before_operator,,,1189150,42847,1146303,2,1,26594,1392632,elementwise_binary|memcpy|rng_init,"memcpy_Host-to-Device|void at::native::<unnamed>::distribution_elementwise_grid_stride_kernel<float, (|void at::native::vectorized_elementwise_kernel<(int)8, at::native::BUnaryFunctor"
planner_debate_L_it1,measured,0,critic-a,,call_overhead,,gap_before_operator,,,2643445,55934,2587511,2,2,14297,117544362,elementwise_binary|memcpy|rng_init,"memcpy_Device-to-Host|memcpy_Host-to-Device|void at::native::<unnamed>::distribution_elementwise_grid_stride_kernel<float, (|void at::native::vectorized_elementwise_kernel<(int)8, at::native::BUnaryFunctor"
planner_debate_L_it1,measured,0,critic-b,,call_overhead,,gap_before_operator,,,3012074,55518,2956556,2,2,17831,122632633,elementwise_binary|memcpy|rng_init,"memcpy_Device-to-Host|memcpy_Host-to-Device|void at::native::<unnamed>::distribution_elementwise_grid_stride_kernel<float, (|void at::native::vectorized_elementwise_kernel<(int)8, at::native::BUnaryFunctor"
planner_debate_L_it1,measured,0,critic-merge,,call_overhead,,gap_before_operator,,,2922988,55454,2867534,2,2,16938,120332219,elementwise_binary|memcpy|rng_init,"memcpy_Device-to-Host|memcpy_Host-to-Device|void at::native::<unnamed>::distribution_elementwise_grid_stride_kernel<float, (|void at::native::vectorized_elementwise_kernel<(int)8, at::native::BUnaryFunctor"
planner_debate_L_it1,measured,0,planner-final,,call_overhead,,gap_before_operator,,,3752470,43167,3709303,2,3,13412,95428768,elementwise_binary|memcpy|rng_init,"memcpy_Device-to-Host|memcpy_Host-to-Device|void at::native::<unnamed>::distribution_elementwise_grid_stride_kernel<float, (|void at::native::vectorized_elementwise_kernel<(int)8, at::native::BUnaryFunctor"
planner_debate_L_it1,measured,0,planner-seed,6,RMSNormOp,ve,nvtx_operator_range,439584,4972515005,322583,322583,0,7,0,10167,326871,copy|elementwise_binary|elementwise_unary|reduce,"void at::native::unrolled_elementwise_kernel<at::native::direct_copy_kernel_cuda|void at::native::vectorized_elementwise_kernel<(int)4, void at::native::<unnamed|void at::native::reduce_kernel<(int)512, (int)1, at::native::ReduceOp<float, at:|void at::native::vectorized_elementwise_kernel<(int)4, at::native::CUDAFunctorOn|void at::native::vectorized_elementwise_kernel<(int)4, at::native::rsqrt_kernel_|void at::native::elementwise_kernel<(int)128, (int)2, void at::native::gpu_kerne|void at::native::vectorized_elementwise_kernel<(int)8, at::native::float16_copy_"
planner_debate_L_it1,measured,0,planner-seed,7,AddOp,ve,nvtx_operator_range,85948,4972966892,14848,14848,0,1,0,7358,14848,elementwise_binary,"void at::native::vectorized_elementwise_kernel<(int)8, at::native::CUDAFunctorOn"
planner_debate_L_it1,measured,0,planner-seed,8,RMSNormOp,ve,nvtx_operator_range,354002,4973059065,286680,286680,0,7,0,8005,290712,copy|elementwise_binary|elementwise_unary|reduce,"void at::native::unrolled_elementwise_kernel<at::native::direct_copy_kernel_cuda|void at::native::vectorized_elementwise_kernel<(int)4, void at::native::<unnamed|void at::native::reduce_kernel<(int)512, (int)1, at::native::ReduceOp<float, at:|void at::native::vectorized_elementwise_kernel<(int)4, at::native::CUDAFunctorOn|void at::native::vectorized_elementwise_kernel<(int)4, at::native::rsqrt_kernel_|void at::native::elementwise_kernel<(int)128, (int)2, void at::native::gpu_kerne|void at::native::vectorized_elementwise_kernel<(int)8, at::native::float16_copy_"
planner_debate_L_it1,measured,0,planner-seed,10,LinearOp,me,nvtx_operator_range,765278,4973420217,637550,637550,0,1,0,9136,637550,gemm,void cutlass::Kernel2<cutlass_80_tensorop_f16_s16816gemm_relu_f16_64x64_32x6_nn_
planner_debate_L_it1,measured,0,planner-seed,11,LinearOp,me,nvtx_operator_range,704947,4974192074,635534,635534,0,1,0,6847,635534,gemm,void cutlass::Kernel2<cutlass_80_tensorop_f16_s16816gemm_relu_f16_64x64_32x6_nn_
planner_debate_L_it1,measured,0,planner-seed,12,LinearOp,me,nvtx_operator_range,697065,4974903424,634734,634734,0,1,0,6640,634734,gemm,void cutlass::Kernel2<cutlass_80_tensorop_f16_s16816gemm_relu_f16_64x64_32x6_nn_
planner_debate_L_it1,measured,0,planner-seed,13,ViewOp,de,nvtx_operator_range,72377,4975607085,0,0,0,0,0,,,,
planner_debate_L_it1,measured,0,planner-seed,14,TransposeOp,de,nvtx_operator_range,267729,4975685736,177691,177691,0,1,0,10243,177691,copy,"void at::native::elementwise_kernel<(int)128, (int)4, void at::native::gpu_kerne"
planner_debate_L_it1,measured,0,critic-a,6,RMSNormOp,ve,nvtx_operator_range,632484,5093507261,518193,518193,0,7,0,10281,522929,copy|elementwise_binary|elementwise_unary|reduce,"void at::native::unrolled_elementwise_kernel<at::native::direct_copy_kernel_cuda|void at::native::vectorized_elementwise_kernel<(int)4, void at::native::<unnamed|void at::native::reduce_kernel<(int)512, (int)1, at::native::ReduceOp<float, at:|void at::native::vectorized_elementwise_kernel<(int)4, at::native::CUDAFunctorOn|void at::native::vectorized_elementwise_kernel<(int)4, at::native::rsqrt_kernel_|void at::native::elementwise_kernel<(int)128, (int)2, void at::native::gpu_kerne|void at::native::vectorized_elementwise_kernel<(int)8, at::native::float16_copy_"
planner_debate_L_it1,measured,0,critic-a,7,AddOp,ve,nvtx_operator_range,90600,5094151095,27199,27199,0,1,0,7967,27199,elementwise_binary,"void at::native::vectorized_elementwise_kernel<(int)8, at::native::CUDAFunctorOn"
planner_debate_L_it1,measured,0,critic-a,8,RMSNormOp,ve,nvtx_operator_range,559696,5094248479,494226,494226,0,7,0,7242,498962,copy|elementwise_binary|elementwise_unary|reduce,"void at::native::unrolled_elementwise_kernel<at::native::direct_copy_kernel_cuda|void at::native::vectorized_elementwise_kernel<(int)4, void at::native::<unnamed|void at::native::reduce_kernel<(int)512, (int)1, at::native::ReduceOp<float, at:|void at::native::vectorized_elementwise_kernel<(int)4, at::native::CUDAFunctorOn|void at::native::vectorized_elementwise_kernel<(int)4, at::native::rsqrt_kernel_|void at::native::elementwise_kernel<(int)128, (int)2, void at::native::gpu_kerne|void at::native::vectorized_elementwise_kernel<(int)8, at::native::float16_copy_"
planner_debate_L_it1,measured,0,critic-a,10,LinearOp,me,nvtx_operator_range,986348,5094816282,852520,851688,832,1,1,15127,873127,gemm|memset,memset|ampere_fp16_s1688gemm_fp16_128x128_ldg8_f2f_stages_32x1_nn
planner_debate_L_it1,measured,0,critic-a,11,LinearOp,me,nvtx_operator_range,926572,5095809567,852295,851431,864,1,1,6074,861895,gemm|memset,memset|ampere_fp16_s1688gemm_fp16_128x128_ldg8_f2f_stages_32x1_nn
planner_debate_L_it1,measured,0,critic-a,12,LinearOp,me,nvtx_operator_range,969023,5096743070,898214,897350,864,1,1,5761,908550,gemm|memset,memset|ampere_fp16_s1688gemm_fp16_128x128_ldg8_f2f_stages_32x1_nn
planner_debate_L_it1,measured,0,critic-a,13,ViewOp,de,nvtx_operator_range,69231,5097719119,0,0,0,0,0,,,,
planner_debate_L_it1,measured,0,critic-a,14,TransposeOp,de,nvtx_operator_range,320498,5097794502,226426,226426,0,1,0,10379,226426,copy,"void at::native::elementwise_kernel<(int)128, (int)4, void at::native::gpu_kerne"
planner_debate_L_it1,measured,0,critic-b,6,RMSNormOp,ve,nvtx_operator_range,643843,5220771177,518897,518897,0,7,0,9978,522897,copy|elementwise_binary|elementwise_unary|reduce,"void at::native::unrolled_elementwise_kernel<at::native::direct_copy_kernel_cuda|void at::native::vectorized_elementwise_kernel<(int)4, void at::native::<unnamed|void at::native::reduce_kernel<(int)512, (int)1, at::native::ReduceOp<float, at:|void at::native::vectorized_elementwise_kernel<(int)4, at::native::CUDAFunctorOn|void at::native::vectorized_elementwise_kernel<(int)4, at::native::rsqrt_kernel_|void at::native::elementwise_kernel<(int)128, (int)2, void at::native::gpu_kerne|void at::native::vectorized_elementwise_kernel<(int)8, at::native::float16_copy_"
planner_debate_L_it1,measured,0,critic-b,7,AddOp,ve,nvtx_operator_range,93687,5221426190,27199,27199,0,1,0,8356,27199,elementwise_binary,"void at::native::vectorized_elementwise_kernel<(int)8, at::native::CUDAFunctorOn"
planner_debate_L_it1,measured,0,critic-b,8,RMSNormOp,ve,nvtx_operator_range,562589,5221526514,494738,494738,0,7,0,7630,498834,copy|elementwise_binary|elementwise_unary|reduce,"void at::native::unrolled_elementwise_kernel<at::native::direct_copy_kernel_cuda|void at::native::vectorized_elementwise_kernel<(int)4, void at::native::<unnamed|void at::native::reduce_kernel<(int)512, (int)1, at::native::ReduceOp<float, at:|void at::native::vectorized_elementwise_kernel<(int)4, at::native::CUDAFunctorOn|void at::native::vectorized_elementwise_kernel<(int)4, at::native::rsqrt_kernel_|void at::native::elementwise_kernel<(int)128, (int)2, void at::native::gpu_kerne|void at::native::vectorized_elementwise_kernel<(int)8, at::native::float16_copy_"
planner_debate_L_it1,measured,0,critic-b,10,LinearOp,me,nvtx_operator_range,987599,5222096965,852264,851400,864,1,1,15573,870855,gemm|memset,memset|ampere_fp16_s1688gemm_fp16_128x128_ldg8_f2f_stages_32x1_nn
planner_debate_L_it1,measured,0,critic-b,11,LinearOp,me,nvtx_operator_range,939425,5223100460,852584,851720,864,1,1,6866,864712,gemm|memset,memset|ampere_fp16_s1688gemm_fp16_128x128_ldg8_f2f_stages_32x1_nn
planner_debate_L_it1,measured,0,critic-b,12,LinearOp,me,nvtx_operator_range,924809,5224048348,851688,850824,864,1,1,5780,861672,gemm|memset,memset|ampere_fp16_s1688gemm_fp16_128x128_ldg8_f2f_stages_32x1_nn
planner_debate_L_it1,measured,0,critic-b,13,ViewOp,de,nvtx_operator_range,69526,5224980577,0,0,0,0,0,,,,
planner_debate_L_it1,measured,0,critic-b,14,TransposeOp,de,nvtx_operator_range,323321,5225056159,226425,226425,0,1,0,10309,226425,copy,"void at::native::elementwise_kernel<(int)128, (int)4, void at::native::gpu_kerne"
planner_debate_L_it1,measured,0,critic-merge,6,RMSNormOp,ve,nvtx_operator_range,638752,5345729052,519025,519025,0,7,0,9886,523313,copy|elementwise_binary|elementwise_unary|reduce,"void at::native::unrolled_elementwise_kernel<at::native::direct_copy_kernel_cuda|void at::native::vectorized_elementwise_kernel<(int)4, void at::native::<unnamed|void at::native::reduce_kernel<(int)512, (int)1, at::native::ReduceOp<float, at:|void at::native::vectorized_elementwise_kernel<(int)4, at::native::CUDAFunctorOn|void at::native::vectorized_elementwise_kernel<(int)4, at::native::rsqrt_kernel_|void at::native::elementwise_kernel<(int)128, (int)2, void at::native::gpu_kerne|void at::native::vectorized_elementwise_kernel<(int)8, at::native::float16_copy_"
planner_debate_L_it1,measured,0,critic-merge,7,AddOp,ve,nvtx_operator_range,93836,5346379268,27775,27775,0,1,0,7819,27775,elementwise_binary,"void at::native::vectorized_elementwise_kernel<(int)8, at::native::CUDAFunctorOn"
planner_debate_L_it1,measured,0,critic-merge,8,RMSNormOp,ve,nvtx_operator_range,557091,5346479790,490417,490417,0,7,0,7381,494577,copy|elementwise_binary|elementwise_unary|reduce,"void at::native::unrolled_elementwise_kernel<at::native::direct_copy_kernel_cuda|void at::native::vectorized_elementwise_kernel<(int)4, void at::native::<unnamed|void at::native::reduce_kernel<(int)512, (int)1, at::native::ReduceOp<float, at:|void at::native::vectorized_elementwise_kernel<(int)4, at::native::CUDAFunctorOn|void at::native::vectorized_elementwise_kernel<(int)4, at::native::rsqrt_kernel_|void at::native::elementwise_kernel<(int)128, (int)2, void at::native::gpu_kerne|void at::native::vectorized_elementwise_kernel<(int)8, at::native::float16_copy_"
planner_debate_L_it1,measured,0,critic-merge,10,LinearOp,me,nvtx_operator_range,984046,5347045284,852168,851304,864,1,1,15166,869863,gemm|memset,memset|ampere_fp16_s1688gemm_fp16_128x128_ldg8_f2f_stages_32x1_nn
planner_debate_L_it1,measured,0,critic-merge,11,LinearOp,me,nvtx_operator_range,929292,5348037140,852167,851303,864,1,1,6421,862887,gemm|memset,memset|ampere_fp16_s1688gemm_fp16_128x128_ldg8_f2f_stages_32x1_nn
planner_debate_L_it1,measured,0,critic-merge,12,LinearOp,me,nvtx_operator_range,1045990,5348974502,975268,974404,864,1,1,5849,984676,gemm|memset,memset|ampere_fp16_s1688gemm_fp16_128x128_ldg8_f2f_stages_32x1_nn
planner_debate_L_it1,measured,0,critic-merge,13,ViewOp,de,nvtx_operator_range,142360,5350027629,0,0,0,0,0,,,,
planner_debate_L_it1,measured,0,critic-merge,14,TransposeOp,de,nvtx_operator_range,319572,5350175318,226362,226362,0,1,0,10158,226362,copy,"void at::native::elementwise_kernel<(int)128, (int)4, void at::native::gpu_kerne"
planner_debate_L_it1,measured,0,planner-final,6,RMSNormOp,ve,nvtx_operator_range,427998,5441399198,319799,319799,0,7,0,9488,323926,copy|elementwise_binary|elementwise_unary|reduce,"void at::native::unrolled_elementwise_kernel<at::native::direct_copy_kernel_cuda|void at::native::vectorized_elementwise_kernel<(int)4, void at::native::<unnamed|void at::native::reduce_kernel<(int)512, (int)1, at::native::ReduceOp<float, at:|void at::native::vectorized_elementwise_kernel<(int)4, at::native::CUDAFunctorOn|void at::native::vectorized_elementwise_kernel<(int)4, at::native::rsqrt_kernel_|void at::native::elementwise_kernel<(int)128, (int)2, void at::native::gpu_kerne|void at::native::vectorized_elementwise_kernel<(int)8, at::native::float16_copy_"
planner_debate_L_it1,measured,0,planner-final,7,AddOp,ve,nvtx_operator_range,85207,5441838139,14752,14752,0,1,0,7854,14752,elementwise_binary,"void at::native::vectorized_elementwise_kernel<(int)8, at::native::CUDAFunctorOn"
planner_debate_L_it1,measured,0,planner-final,8,RMSNormOp,ve,nvtx_operator_range,357523,5441930209,292760,292760,0,7,0,7675,296824,copy|elementwise_binary|elementwise_unary|reduce,"void at::native::unrolled_elementwise_kernel<at::native::direct_copy_kernel_cuda|void at::native::vectorized_elementwise_kernel<(int)4, void at::native::<unnamed|void at::native::reduce_kernel<(int)512, (int)1, at::native::ReduceOp<float, at:|void at::native::vectorized_elementwise_kernel<(int)4, at::native::CUDAFunctorOn|void at::native::vectorized_elementwise_kernel<(int)4, at::native::rsqrt_kernel_|void at::native::elementwise_kernel<(int)128, (int)2, void at::native::gpu_kerne|void at::native::vectorized_elementwise_kernel<(int)8, at::native::float16_copy_"
planner_debate_L_it1,measured,0,planner-final,10,LinearOp,me,nvtx_operator_range,759583,5442294537,635630,635630,0,1,0,9785,635630,gemm,void cutlass::Kernel2<cutlass_80_tensorop_f16_s16816gemm_relu_f16_64x64_32x6_nn_
planner_debate_L_it1,measured,0,planner-final,11,LinearOp,me,nvtx_operator_range,704125,5443061035,633198,633198,0,1,0,6848,633198,gemm,void cutlass::Kernel2<cutlass_80_tensorop_f16_s16816gemm_relu_f16_64x64_32x6_nn_
planner_debate_L_it1,measured,0,planner-final,12,LinearOp,me,nvtx_operator_range,697491,5443771615,634478,634478,0,1,0,6648,634478,gemm,void cutlass::Kernel2<cutlass_80_tensorop_f16_s16816gemm_relu_f16_64x64_32x6_nn_
planner_debate_L_it1,measured,0,planner-final,13,ViewOp,de,nvtx_operator_range,62485,5444476018,0,0,0,0,0,,,,
planner_debate_L_it1,measured,0,planner-final,14,TransposeOp,de,nvtx_operator_range,263670,5444543224,177627,177627,0,1,0,10010,177627,copy,"void at::native::elementwise_kernel<(int)128, (int)4, void at::native::gpu_kerne"
planner_debate_L_it1,measured,1,planner-seed,,call_overhead,,gap_before_operator,,,1550804,42783,1508021,2,1,19963,1739375,elementwise_binary|memcpy|rng_init,"memcpy_Host-to-Device|void at::native::<unnamed>::distribution_elementwise_grid_stride_kernel<float, (|void at::native::vectorized_elementwise_kernel<(int)8, at::native::BUnaryFunctor"
planner_debate_L_it1,measured,1,critic-a,,call_overhead,,gap_before_operator,,,2580886,55295,2525591,2,2,9668,115186030,elementwise_binary|memcpy|rng_init,"memcpy_Device-to-Host|memcpy_Host-to-Device|void at::native::<unnamed>::distribution_elementwise_grid_stride_kernel<float, (|void at::native::vectorized_elementwise_kernel<(int)8, at::native::BUnaryFunctor"
planner_debate_L_it1,measured,1,critic-b,,call_overhead,,gap_before_operator,,,3054825,56446,2998379,2,2,9916,115961463,elementwise_binary|memcpy|rng_init,"memcpy_Device-to-Host|memcpy_Host-to-Device|void at::native::<unnamed>::distribution_elementwise_grid_stride_kernel<float, (|void at::native::vectorized_elementwise_kernel<(int)8, at::native::BUnaryFunctor"
planner_debate_L_it1,measured,1,critic-merge,,call_overhead,,gap_before_operator,,,3028777,55326,2973451,2,2,17529,121021702,elementwise_binary|memcpy|rng_init,"memcpy_Device-to-Host|memcpy_Host-to-Device|void at::native::<unnamed>::distribution_elementwise_grid_stride_kernel<float, (|void at::native::vectorized_elementwise_kernel<(int)8, at::native::BUnaryFunctor"
planner_debate_L_it1,measured,1,planner-final,,call_overhead,,gap_before_operator,,,3864818,43359,3821459,2,3,19795,97105967,elementwise_binary|memcpy|rng_init,"memcpy_Device-to-Host|memcpy_Host-to-Device|void at::native::<unnamed>::distribution_elementwise_grid_stride_kernel<float, (|void at::native::vectorized_elementwise_kernel<(int)8, at::native::BUnaryFunctor"
planner_debate_L_it1,measured,1,planner-seed,6,RMSNormOp,ve,nvtx_operator_range,424489,5533833810,321303,321303,0,7,0,9581,325911,copy|elementwise_binary|elementwise_unary|reduce,"void at::native::unrolled_elementwise_kernel<at::native::direct_copy_kernel_cuda|void at::native::vectorized_elementwise_kernel<(int)4, void at::native::<unnamed|void at::native::reduce_kernel<(int)512, (int)1, at::native::ReduceOp<float, at:|void at::native::vectorized_elementwise_kernel<(int)4, at::native::CUDAFunctorOn|void at::native::vectorized_elementwise_kernel<(int)4, at::native::rsqrt_kernel_|void at::native::elementwise_kernel<(int)128, (int)2, void at::native::gpu_kerne|void at::native::vectorized_elementwise_kernel<(int)8, at::native::float16_copy_"
planner_debate_L_it1,measured,1,planner-seed,7,AddOp,ve,nvtx_operator_range,79668,5534267654,14816,14816,0,1,0,7956,14816,elementwise_binary,"void at::native::vectorized_elementwise_kernel<(int)8, at::native::CUDAFunctorOn"
planner_debate_L_it1,measured,1,planner-seed,8,RMSNormOp,ve,nvtx_operator_range,352599,5534353213,290295,290295,0,7,0,6732,294871,copy|elementwise_binary|elementwise_unary|reduce,"void at::native::unrolled_elementwise_kernel<at::native::direct_copy_kernel_cuda|void at::native::vectorized_elementwise_kernel<(int)4, void at::native::<unnamed|void at::native::reduce_kernel<(int)512, (int)1, at::native::ReduceOp<float, at:|void at::native::vectorized_elementwise_kernel<(int)4, at::native::CUDAFunctorOn|void at::native::vectorized_elementwise_kernel<(int)4, at::native::rsqrt_kernel_|void at::native::elementwise_kernel<(int)128, (int)2, void at::native::gpu_kerne|void at::native::vectorized_elementwise_kernel<(int)8, at::native::float16_copy_"
planner_debate_L_it1,measured,1,planner-seed,10,LinearOp,me,nvtx_operator_range,751165,5534713215,636366,636366,0,1,0,8141,636366,gemm,void cutlass::Kernel2<cutlass_80_tensorop_f16_s16816gemm_relu_f16_64x64_32x6_nn_
planner_debate_L_it1,measured,1,planner-seed,11,LinearOp,me,nvtx_operator_range,698099,5535470524,635470,635470,0,1,0,6539,635470,gemm,void cutlass::Kernel2<cutlass_80_tensorop_f16_s16816gemm_relu_f16_64x64_32x6_nn_
planner_debate_L_it1,measured,1,planner-seed,12,LinearOp,me,nvtx_operator_range,699798,5536174900,635374,635374,0,1,0,7405,635374,gemm,void cutlass::Kernel2<cutlass_80_tensorop_f16_s16816gemm_relu_f16_64x64_32x6_nn_
planner_debate_L_it1,measured,1,planner-seed,13,ViewOp,de,nvtx_operator_range,63228,5536882071,0,0,0,0,0,,,,
planner_debate_L_it1,measured,1,planner-seed,14,TransposeOp,de,nvtx_operator_range,262803,5536950637,177211,177211,0,1,0,9280,177211,copy,"void at::native::elementwise_kernel<(int)128, (int)4, void at::native::gpu_kerne"
planner_debate_L_it1,measured,1,critic-a,6,RMSNormOp,ve,nvtx_operator_range,622449,5652395506,515570,515570,0,7,0,9256,519921,copy|elementwise_binary|elementwise_unary|reduce,"void at::native::unrolled_elementwise_kernel<at::native::direct_copy_kernel_cuda|void at::native::vectorized_elementwise_kernel<(int)4, void at::native::<unnamed|void at::native::reduce_kernel<(int)512, (int)1, at::native::ReduceOp<float, at:|void at::native::vectorized_elementwise_kernel<(int)4, at::native::CUDAFunctorOn|void at::native::vectorized_elementwise_kernel<(int)4, at::native::rsqrt_kernel_|void at::native::elementwise_kernel<(int)128, (int)2, void at::native::gpu_kerne|void at::native::vectorized_elementwise_kernel<(int)8, at::native::float16_copy_"
planner_debate_L_it1,measured,1,critic-a,7,AddOp,ve,nvtx_operator_range,91888,5653028692,27487,27487,0,1,0,8126,27487,elementwise_binary,"void at::native::vectorized_elementwise_kernel<(int)8, at::native::CUDAFunctorOn"
planner_debate_L_it1,measured,1,critic-a,8,RMSNormOp,ve,nvtx_operator_range,557366,5653126998,490226,490226,0,7,0,7392,494386,copy|elementwise_binary|elementwise_unary|reduce,"void at::native::unrolled_elementwise_kernel<at::native::direct_copy_kernel_cuda|void at::native::vectorized_elementwise_kernel<(int)4, void at::native::<unnamed|void at::native::reduce_kernel<(int)512, (int)1, at::native::ReduceOp<float, at:|void at::native::vectorized_elementwise_kernel<(int)4, at::native::CUDAFunctorOn|void at::native::vectorized_elementwise_kernel<(int)4, at::native::rsqrt_kernel_|void at::native::elementwise_kernel<(int)128, (int)2, void at::native::gpu_kerne|void at::native::vectorized_elementwise_kernel<(int)8, at::native::float16_copy_"
planner_debate_L_it1,measured,1,critic-a,10,LinearOp,me,nvtx_operator_range,979584,5653692243,852776,851912,864,1,1,15225,870568,gemm|memset,memset|ampere_fp16_s1688gemm_fp16_128x128_ldg8_f2f_stages_32x1_nn
planner_debate_L_it1,measured,1,critic-a,11,LinearOp,me,nvtx_operator_range,922535,5654678868,852744,851880,864,1,1,5797,863143,gemm|memset,memset|ampere_fp16_s1688gemm_fp16_128x128_ldg8_f2f_stages_32x1_nn
planner_debate_L_it1,measured,1,critic-a,12,LinearOp,me,nvtx_operator_range,921924,5655608613,852936,852072,864,1,1,5135,862344,gemm|memset,memset|ampere_fp16_s1688gemm_fp16_128x128_ldg8_f2f_stages_32x1_nn
planner_debate_L_it1,measured,1,critic-a,13,ViewOp,de,nvtx_operator_range,62463,5656537291,0,0,0,0,0,,,,
planner_debate_L_it1,measured,1,critic-a,14,TransposeOp,de,nvtx_operator_range,313596,5656605146,226746,226746,0,1,0,8679,226746,copy,"void at::native::elementwise_kernel<(int)128, (int)4, void at::native::gpu_kerne"
planner_debate_L_it1,measured,1,critic-b,6,RMSNormOp,ve,nvtx_operator_range,627811,5772887622,517585,517585,0,7,0,10726,521745,copy|elementwise_binary|elementwise_unary|reduce,"void at::native::unrolled_elementwise_kernel<at::native::direct_copy_kernel_cuda|void at::native::vectorized_elementwise_kernel<(int)4, void at::native::<unnamed|void at::native::reduce_kernel<(int)512, (int)1, at::native::ReduceOp<float, at:|void at::native::vectorized_elementwise_kernel<(int)4, at::native::CUDAFunctorOn|void at::native::vectorized_elementwise_kernel<(int)4, at::native::rsqrt_kernel_|void at::native::elementwise_kernel<(int)128, (int)2, void at::native::gpu_kerne|void at::native::vectorized_elementwise_kernel<(int)8, at::native::float16_copy_"
planner_debate_L_it1,measured,1,critic-b,7,AddOp,ve,nvtx_operator_range,99667,5773525708,26911,26911,0,1,0,8862,26911,elementwise_binary,"void at::native::vectorized_elementwise_kernel<(int)8, at::native::CUDAFunctorOn"
planner_debate_L_it1,measured,1,critic-b,8,RMSNormOp,ve,nvtx_operator_range,558239,5773632485,490066,490066,0,7,0,7734,494130,copy|elementwise_binary|elementwise_unary|reduce,"void at::native::unrolled_elementwise_kernel<at::native::direct_copy_kernel_cuda|void at::native::vectorized_elementwise_kernel<(int)4, void at::native::<unnamed|void at::native::reduce_kernel<(int)512, (int)1, at::native::ReduceOp<float, at:|void at::native::vectorized_elementwise_kernel<(int)4, at::native::CUDAFunctorOn|void at::native::vectorized_elementwise_kernel<(int)4, at::native::rsqrt_kernel_|void at::native::elementwise_kernel<(int)128, (int)2, void at::native::gpu_kerne|void at::native::vectorized_elementwise_kernel<(int)8, at::native::float16_copy_"
planner_debate_L_it1,measured,1,critic-b,10,LinearOp,me,nvtx_operator_range,990592,5774198794,852711,851847,864,1,1,16383,873319,gemm|memset,memset|ampere_fp16_s1688gemm_fp16_128x128_ldg8_f2f_stages_32x1_nn
planner_debate_L_it1,measured,1,critic-b,11,LinearOp,me,nvtx_operator_range,929218,5775196521,851592,850728,864,1,1,6597,861704,gemm|memset,memset|ampere_fp16_s1688gemm_fp16_128x128_ldg8_f2f_stages_32x1_nn
planner_debate_L_it1,measured,1,critic-b,12,LinearOp,me,nvtx_operator_range,920599,5776133406,851912,851048,864,1,1,5807,861191,gemm|memset,memset|ampere_fp16_s1688gemm_fp16_128x128_ldg8_f2f_stages_32x1_nn
planner_debate_L_it1,measured,1,critic-b,13,ViewOp,de,nvtx_operator_range,66730,5777061091,0,0,0,0,0,,,,
planner_debate_L_it1,measured,1,critic-b,14,TransposeOp,de,nvtx_operator_range,318110,5777133287,226714,226714,0,1,0,10426,226714,copy,"void at::native::elementwise_kernel<(int)128, (int)4, void at::native::gpu_kerne"
planner_debate_L_it1,measured,1,critic-merge,6,RMSNormOp,ve,nvtx_operator_range,648667,5898501003,517297,517297,0,7,0,10335,521457,copy|elementwise_binary|elementwise_unary|reduce,"void at::native::unrolled_elementwise_kernel<at::native::direct_copy_kernel_cuda|void at::native::vectorized_elementwise_kernel<(int)4, void at::native::<unnamed|void at::native::reduce_kernel<(int)512, (int)1, at::native::ReduceOp<float, at:|void at::native::vectorized_elementwise_kernel<(int)4, at::native::CUDAFunctorOn|void at::native::vectorized_elementwise_kernel<(int)4, at::native::rsqrt_kernel_|void at::native::elementwise_kernel<(int)128, (int)2, void at::native::gpu_kerne|void at::native::vectorized_elementwise_kernel<(int)8, at::native::float16_copy_"
planner_debate_L_it1,measured,1,critic-merge,7,AddOp,ve,nvtx_operator_range,102245,5899170297,26975,26975,0,1,0,8363,26975,elementwise_binary,"void at::native::vectorized_elementwise_kernel<(int)8, at::native::CUDAFunctorOn"
planner_debate_L_it1,measured,1,critic-merge,8,RMSNormOp,ve,nvtx_operator_range,563135,5899279481,491761,491761,0,7,0,8443,495953,copy|elementwise_binary|elementwise_unary|reduce,"void at::native::unrolled_elementwise_kernel<at::native::direct_copy_kernel_cuda|void at::native::vectorized_elementwise_kernel<(int)4, void at::native::<unnamed|void at::native::reduce_kernel<(int)512, (int)1, at::native::ReduceOp<float, at:|void at::native::vectorized_elementwise_kernel<(int)4, at::native::CUDAFunctorOn|void at::native::vectorized_elementwise_kernel<(int)4, at::native::rsqrt_kernel_|void at::native::elementwise_kernel<(int)128, (int)2, void at::native::gpu_kerne|void at::native::vectorized_elementwise_kernel<(int)8, at::native::float16_copy_"
planner_debate_L_it1,measured,1,critic-merge,10,LinearOp,me,nvtx_operator_range,995779,5899850776,853320,852456,864,1,1,18020,873415,gemm|memset,memset|ampere_fp16_s1688gemm_fp16_128x128_ldg8_f2f_stages_32x1_nn
planner_debate_L_it1,measured,1,critic-merge,11,LinearOp,me,nvtx_operator_range,930187,5900853553,851912,851048,864,1,1,6199,862855,gemm|memset,memset|ampere_fp16_s1688gemm_fp16_128x128_ldg8_f2f_stages_32x1_nn
planner_debate_L_it1,measured,1,critic-merge,12,LinearOp,me,nvtx_operator_range,925509,5901791875,851560,850696,864,1,1,5947,862056,gemm|memset,memset|ampere_fp16_s1688gemm_fp16_128x128_ldg8_f2f_stages_32x1_nn
planner_debate_L_it1,measured,1,critic-merge,13,ViewOp,de,nvtx_operator_range,70089,5902725302,0,0,0,0,0,,,,
planner_debate_L_it1,measured,1,critic-merge,14,TransposeOp,de,nvtx_operator_range,323891,5902801130,226426,226426,0,1,0,11377,226426,copy,"void at::native::elementwise_kernel<(int)128, (int)4, void at::native::gpu_kerne"
planner_debate_L_it1,measured,1,planner-final,6,RMSNormOp,ve,nvtx_operator_range,434669,5995586173,320183,320183,0,7,0,9642,324727,copy|elementwise_binary|elementwise_unary|reduce,"void at::native::unrolled_elementwise_kernel<at::native::direct_copy_kernel_cuda|void at::native::vectorized_elementwise_kernel<(int)4, void at::native::<unnamed|void at::native::reduce_kernel<(int)512, (int)1, at::native::ReduceOp<float, at:|void at::native::vectorized_elementwise_kernel<(int)4, at::native::CUDAFunctorOn|void at::native::vectorized_elementwise_kernel<(int)4, at::native::rsqrt_kernel_|void at::native::elementwise_kernel<(int)128, (int)2, void at::native::gpu_kerne|void at::native::vectorized_elementwise_kernel<(int)8, at::native::float16_copy_"
planner_debate_L_it1,measured,1,planner-final,7,AddOp,ve,nvtx_operator_range,86447,5996032029,14783,14783,0,1,0,8451,14783,elementwise_binary,"void at::native::vectorized_elementwise_kernel<(int)8, at::native::CUDAFunctorOn"
planner_debate_L_it1,measured,1,planner-final,8,RMSNormOp,ve,nvtx_operator_range,359266,5996124682,291000,291000,0,7,0,7989,295512,copy|elementwise_binary|elementwise_unary|reduce,"void at::native::unrolled_elementwise_kernel<at::native::direct_copy_kernel_cuda|void at::native::vectorized_elementwise_kernel<(int)4, void at::native::<unnamed|void at::native::reduce_kernel<(int)512, (int)1, at::native::ReduceOp<float, at:|void at::native::vectorized_elementwise_kernel<(int)4, at::native::CUDAFunctorOn|void at::native::vectorized_elementwise_kernel<(int)4, at::native::rsqrt_kernel_|void at::native::elementwise_kernel<(int)128, (int)2, void at::native::gpu_kerne|void at::native::vectorized_elementwise_kernel<(int)8, at::native::float16_copy_"
planner_debate_L_it1,measured,1,planner-final,10,LinearOp,me,nvtx_operator_range,813285,5996491816,685164,685164,0,1,0,8288,685164,gemm,void cutlass::Kernel2<cutlass_80_tensorop_f16_s16816gemm_relu_f16_64x64_32x6_nn_
planner_debate_L_it1,measured,1,planner-final,11,LinearOp,me,nvtx_operator_range,712342,5997312943,635022,635022,0,1,0,7398,635022,gemm,void cutlass::Kernel2<cutlass_80_tensorop_f16_s16816gemm_relu_f16_64x64_32x6_nn_
planner_debate_L_it1,measured,1,planner-final,12,LinearOp,me,nvtx_operator_range,703785,5998032192,636333,636333,0,1,0,7548,636333,gemm,void cutlass::Kernel2<cutlass_80_tensorop_f16_s16816gemm_relu_f16_64x64_32x6_nn_
planner_debate_L_it1,measured,1,planner-final,13,ViewOp,de,nvtx_operator_range,67088,5998743955,0,0,0,0,0,,,,
planner_debate_L_it1,measured,1,planner-final,14,TransposeOp,de,nvtx_operator_range,270807,5998816101,177754,177754,0,1,0,10286,177754,copy,"void at::native::elementwise_kernel<(int)128, (int)4, void at::native::gpu_kerne"
planner_debate_L_it1,measured,2,planner-seed,,call_overhead,,gap_before_operator,,,1115743,43038,1072705,2,1,27341,1309402,elementwise_binary|memcpy|rng_init,"memcpy_Host-to-Device|void at::native::<unnamed>::distribution_elementwise_grid_stride_kernel<float, (|void at::native::vectorized_elementwise_kernel<(int)8, at::native::BUnaryFunctor"
planner_debate_L_it1,measured,2,critic-a,,call_overhead,,gap_before_operator,,,2567414,55646,2511768,2,2,11615,119285463,elementwise_binary|memcpy|rng_init,"memcpy_Device-to-Host|memcpy_Host-to-Device|void at::native::<unnamed>::distribution_elementwise_grid_stride_kernel<float, (|void at::native::vectorized_elementwise_kernel<(int)8, at::native::BUnaryFunctor"
planner_debate_L_it1,measured,2,critic-b,,call_overhead,,gap_before_operator,,,2937837,56127,2881710,2,2,14680,114418147,elementwise_binary|memcpy|rng_init,"memcpy_Device-to-Host|memcpy_Host-to-Device|void at::native::<unnamed>::distribution_elementwise_grid_stride_kernel<float, (|void at::native::vectorized_elementwise_kernel<(int)8, at::native::BUnaryFunctor"
planner_debate_L_it1,measured,2,critic-merge,,call_overhead,,gap_before_operator,,,3157606,55870,3101736,2,2,12821,119838472,elementwise_binary|memcpy|rng_init,"memcpy_Device-to-Host|memcpy_Host-to-Device|void at::native::<unnamed>::distribution_elementwise_grid_stride_kernel<float, (|void at::native::vectorized_elementwise_kernel<(int)8, at::native::BUnaryFunctor"
planner_debate_L_it1,measured,2,planner-final,,call_overhead,,gap_before_operator,,,3902673,43295,3859378,2,3,13052,93888075,elementwise_binary|memcpy|rng_init,"memcpy_Device-to-Host|memcpy_Host-to-Device|void at::native::<unnamed>::distribution_elementwise_grid_stride_kernel<float, (|void at::native::vectorized_elementwise_kernel<(int)8, at::native::BUnaryFunctor"
planner_debate_L_it1,measured,2,planner-seed,6,RMSNormOp,ve,nvtx_operator_range,428968,6087053060,321719,321719,0,7,0,9198,325847,copy|elementwise_binary|elementwise_unary|reduce,"void at::native::unrolled_elementwise_kernel<at::native::direct_copy_kernel_cuda|void at::native::vectorized_elementwise_kernel<(int)4, void at::native::<unnamed|void at::native::reduce_kernel<(int)512, (int)1, at::native::ReduceOp<float, at:|void at::native::vectorized_elementwise_kernel<(int)4, at::native::CUDAFunctorOn|void at::native::vectorized_elementwise_kernel<(int)4, at::native::rsqrt_kernel_|void at::native::elementwise_kernel<(int)128, (int)2, void at::native::gpu_kerne|void at::native::vectorized_elementwise_kernel<(int)8, at::native::float16_copy_"
planner_debate_L_it1,measured,2,planner-seed,7,AddOp,ve,nvtx_operator_range,81557,6087503282,14784,14784,0,1,0,7996,14784,elementwise_binary,"void at::native::vectorized_elementwise_kernel<(int)8, at::native::CUDAFunctorOn"
planner_debate_L_it1,measured,2,planner-seed,8,RMSNormOp,ve,nvtx_operator_range,360336,6087590524,289431,289431,0,7,0,7359,293559,copy|elementwise_binary|elementwise_unary|reduce,"void at::native::unrolled_elementwise_kernel<at::native::direct_copy_kernel_cuda|void at::native::vectorized_elementwise_kernel<(int)4, void at::native::<unnamed|void at::native::reduce_kernel<(int)512, (int)1, at::native::ReduceOp<float, at:|void at::native::vectorized_elementwise_kernel<(int)4, at::native::CUDAFunctorOn|void at::native::vectorized_elementwise_kernel<(int)4, at::native::rsqrt_kernel_|void at::native::elementwise_kernel<(int)128, (int)2, void at::native::gpu_kerne|void at::native::vectorized_elementwise_kernel<(int)8, at::native::float16_copy_"
planner_debate_L_it1,measured,2,planner-seed,10,LinearOp,me,nvtx_operator_range,763579,6087958354,634926,634926,0,1,0,12498,634926,gemm,void cutlass::Kernel2<cutlass_80_tensorop_f16_s16816gemm_relu_f16_64x64_32x6_nn_
planner_debate_L_it1,measured,2,planner-seed,11,LinearOp,me,nvtx_operator_range,700419,6088728367,633710,633710,0,1,0,6787,633710,gemm,void cutlass::Kernel2<cutlass_80_tensorop_f16_s16816gemm_relu_f16_64x64_32x6_nn_
planner_debate_L_it1,measured,2,planner-seed,12,LinearOp,me,nvtx_operator_range,694003,6089434764,635790,635790,0,1,0,6210,635790,gemm,void cutlass::Kernel2<cutlass_80_tensorop_f16_s16816gemm_relu_f16_64x64_32x6_nn_
planner_debate_L_it1,measured,2,planner-seed,13,ViewOp,de,nvtx_operator_range,60940,6090134993,0,0,0,0,0,,,,
planner_debate_L_it1,measured,2,planner-seed,14,TransposeOp,de,nvtx_operator_range,259449,6090200978,177851,177851,0,1,0,9007,177851,copy,"void at::native::elementwise_kernel<(int)128, (int)4, void at::native::gpu_kerne"
planner_debate_L_it1,measured,2,critic-a,6,RMSNormOp,ve,nvtx_operator_range,646685,6209773388,519153,519153,0,7,0,10782,523249,copy|elementwise_binary|elementwise_unary|reduce,"void at::native::unrolled_elementwise_kernel<at::native::direct_copy_kernel_cuda|void at::native::vectorized_elementwise_kernel<(int)4, void at::native::<unnamed|void at::native::reduce_kernel<(int)512, (int)1, at::native::ReduceOp<float, at:|void at::native::vectorized_elementwise_kernel<(int)4, at::native::CUDAFunctorOn|void at::native::vectorized_elementwise_kernel<(int)4, at::native::rsqrt_kernel_|void at::native::elementwise_kernel<(int)128, (int)2, void at::native::gpu_kerne|void at::native::vectorized_elementwise_kernel<(int)8, at::native::float16_copy_"
planner_debate_L_it1,measured,2,critic-a,7,AddOp,ve,nvtx_operator_range,98294,6210440353,27039,27039,0,1,0,8464,27039,elementwise_binary,"void at::native::vectorized_elementwise_kernel<(int)8, at::native::CUDAFunctorOn"
planner_debate_L_it1,measured,2,critic-a,8,RMSNormOp,ve,nvtx_operator_range,562487,6210551471,492145,492145,0,7,0,8196,496305,copy|elementwise_binary|elementwise_unary|reduce,"void at::native::unrolled_elementwise_kernel<at::native::direct_copy_kernel_cuda|void at::native::vectorized_elementwise_kernel<(int)4, void at::native::<unnamed|void at::native::reduce_kernel<(int)512, (int)1, at::native::ReduceOp<float, at:|void at::native::vectorized_elementwise_kernel<(int)4, at::native::CUDAFunctorOn|void at::native::vectorized_elementwise_kernel<(int)4, at::native::rsqrt_kernel_|void at::native::elementwise_kernel<(int)128, (int)2, void at::native::gpu_kerne|void at::native::vectorized_elementwise_kernel<(int)8, at::native::float16_copy_"
planner_debate_L_it1,measured,2,critic-a,10,LinearOp,me,nvtx_operator_range,989283,6211121299,853000,852136,864,1,1,18384,873671,gemm|memset,memset|ampere_fp16_s1688gemm_fp16_128x128_ldg8_f2f_stages_32x1_nn
planner_debate_L_it1,measured,2,critic-a,11,LinearOp,me,nvtx_operator_range,935870,6212124623,852840,851976,864,1,1,6628,864327,gemm|memset,memset|ampere_fp16_s1688gemm_fp16_128x128_ldg8_f2f_stages_32x1_nn
planner_debate_L_it1,measured,2,critic-a,12,LinearOp,me,nvtx_operator_range,979487,6213066859,903526,902662,864,1,1,5796,913286,gemm|memset,memset|ampere_fp16_s1688gemm_fp16_128x128_ldg8_f2f_stages_32x1_nn
planner_debate_L_it1,measured,2,critic-a,13,ViewOp,de,nvtx_operator_range,68086,6214052757,0,0,0,0,0,,,,
planner_debate_L_it1,measured,2,critic-a,14,TransposeOp,de,nvtx_operator_range,315777,6214125769,226810,226810,0,1,0,9290,226810,copy,"void at::native::elementwise_kernel<(int)128, (int)4, void at::native::gpu_kerne"
planner_debate_L_it1,measured,2,critic-b,6,RMSNormOp,ve,nvtx_operator_range,637699,6328888554,517265,517265,0,7,0,9403,521361,copy|elementwise_binary|elementwise_unary|reduce,"void at::native::unrolled_elementwise_kernel<at::native::direct_copy_kernel_cuda|void at::native::vectorized_elementwise_kernel<(int)4, void at::native::<unnamed|void at::native::reduce_kernel<(int)512, (int)1, at::native::ReduceOp<float, at:|void at::native::vectorized_elementwise_kernel<(int)4, at::native::CUDAFunctorOn|void at::native::vectorized_elementwise_kernel<(int)4, at::native::rsqrt_kernel_|void at::native::elementwise_kernel<(int)128, (int)2, void at::native::gpu_kerne|void at::native::vectorized_elementwise_kernel<(int)8, at::native::float16_copy_"
planner_debate_L_it1,measured,2,critic-b,7,AddOp,ve,nvtx_operator_range,97923,6329541387,26847,26847,0,1,0,8248,26847,elementwise_binary,"void at::native::vectorized_elementwise_kernel<(int)8, at::native::CUDAFunctorOn"
planner_debate_L_it1,measured,2,critic-b,8,RMSNormOp,ve,nvtx_operator_range,557840,6329645674,491314,491314,0,7,0,7840,495506,copy|elementwise_binary|elementwise_unary|reduce,"void at::native::unrolled_elementwise_kernel<at::native::direct_copy_kernel_cuda|void at::native::vectorized_elementwise_kernel<(int)4, void at::native::<unnamed|void at::native::reduce_kernel<(int)512, (int)1, at::native::ReduceOp<float, at:|void at::native::vectorized_elementwise_kernel<(int)4, at::native::CUDAFunctorOn|void at::native::vectorized_elementwise_kernel<(int)4, at::native::rsqrt_kernel_|void at::native::elementwise_kernel<(int)128, (int)2, void at::native::gpu_kerne|void at::native::vectorized_elementwise_kernel<(int)8, at::native::float16_copy_"
planner_debate_L_it1,measured,2,critic-b,10,LinearOp,me,nvtx_operator_range,984097,6330211813,852231,851367,864,1,1,15533,870727,gemm|memset,memset|ampere_fp16_s1688gemm_fp16_128x128_ldg8_f2f_stages_32x1_nn
planner_debate_L_it1,measured,2,critic-b,11,LinearOp,me,nvtx_operator_range,927738,6331203002,851848,850984,864,1,1,7658,861800,gemm|memset,memset|ampere_fp16_s1688gemm_fp16_128x128_ldg8_f2f_stages_32x1_nn
planner_debate_L_it1,measured,2,critic-b,12,LinearOp,me,nvtx_operator_range,917715,6332136890,852455,851591,864,1,1,5619,861095,gemm|memset,memset|ampere_fp16_s1688gemm_fp16_128x128_ldg8_f2f_stages_32x1_nn
planner_debate_L_it1,measured,2,critic-b,13,ViewOp,de,nvtx_operator_range,64089,6333061005,0,0,0,0,0,,,,
planner_debate_L_it1,measured,2,critic-b,14,TransposeOp,de,nvtx_operator_range,312844,6333130823,226585,226585,0,1,0,9252,226585,copy,"void at::native::elementwise_kernel<(int)128, (int)4, void at::native::gpu_kerne"
planner_debate_L_it1,measured,2,critic-merge,6,RMSNormOp,ve,nvtx_operator_range,634755,6453307445,513618,513618,0,7,0,10773,518226,copy|elementwise_binary|elementwise_unary|reduce,"void at::native::unrolled_elementwise_kernel<at::native::direct_copy_kernel_cuda|void at::native::vectorized_elementwise_kernel<(int)4, void at::native::<unnamed|void at::native::reduce_kernel<(int)512, (int)1, at::native::ReduceOp<float, at:|void at::native::vectorized_elementwise_kernel<(int)4, at::native::CUDAFunctorOn|void at::native::vectorized_elementwise_kernel<(int)4, at::native::rsqrt_kernel_|void at::native::elementwise_kernel<(int)128, (int)2, void at::native::gpu_kerne|void at::native::vectorized_elementwise_kernel<(int)8, at::native::float16_copy_"
planner_debate_L_it1,measured,2,critic-merge,7,AddOp,ve,nvtx_operator_range,94639,6453953112,26591,26591,0,1,0,8381,26591,elementwise_binary,"void at::native::vectorized_elementwise_kernel<(int)8, at::native::CUDAFunctorOn"
planner_debate_L_it1,measured,2,critic-merge,8,RMSNormOp,ve,nvtx_operator_range,575045,6454055489,492242,492242,0,7,0,8023,496946,copy|elementwise_binary|elementwise_unary|reduce,"void at::native::unrolled_elementwise_kernel<at::native::direct_copy_kernel_cuda|void at::native::vectorized_elementwise_kernel<(int)4, void at::native::<unnamed|void at::native::reduce_kernel<(int)512, (int)1, at::native::ReduceOp<float, at:|void at::native::vectorized_elementwise_kernel<(int)4, at::native::CUDAFunctorOn|void at::native::vectorized_elementwise_kernel<(int)4, at::native::rsqrt_kernel_|void at::native::elementwise_kernel<(int)128, (int)2, void at::native::gpu_kerne|void at::native::vectorized_elementwise_kernel<(int)8, at::native::float16_copy_"
planner_debate_L_it1,measured,2,critic-merge,10,LinearOp,me,nvtx_operator_range,993955,6454638536,852647,851783,864,1,1,19160,872039,gemm|memset,memset|ampere_fp16_s1688gemm_fp16_128x128_ldg8_f2f_stages_32x1_nn
planner_debate_L_it1,measured,2,critic-merge,11,LinearOp,me,nvtx_operator_range,927624,6455639627,851976,851112,864,1,1,6361,861672,gemm|memset,memset|ampere_fp16_s1688gemm_fp16_128x128_ldg8_f2f_stages_32x1_nn
planner_debate_L_it1,measured,2,critic-merge,12,LinearOp,me,nvtx_operator_range,924272,6456574754,851624,850760,864,1,1,5540,860967,gemm|memset,memset|ampere_fp16_s1688gemm_fp16_128x128_ldg8_f2f_stages_32x1_nn
planner_debate_L_it1,measured,2,critic-merge,13,ViewOp,de,nvtx_operator_range,65676,6457505843,0,0,0,0,0,,,,
planner_debate_L_it1,measured,2,critic-merge,14,TransposeOp,de,nvtx_operator_range,322082,6457576736,226618,226618,0,1,0,9670,226618,copy,"void at::native::elementwise_kernel<(int)128, (int)4, void at::native::gpu_kerne"
planner_debate_L_it1,measured,2,planner-final,6,RMSNormOp,ve,nvtx_operator_range,435043,6547015491,316631,316631,0,7,0,10070,320919,copy|elementwise_binary|elementwise_unary|reduce,"void at::native::unrolled_elementwise_kernel<at::native::direct_copy_kernel_cuda|void at::native::vectorized_elementwise_kernel<(int)4, void at::native::<unnamed|void at::native::reduce_kernel<(int)512, (int)1, at::native::ReduceOp<float, at:|void at::native::vectorized_elementwise_kernel<(int)4, at::native::CUDAFunctorOn|void at::native::vectorized_elementwise_kernel<(int)4, at::native::rsqrt_kernel_|void at::native::elementwise_kernel<(int)128, (int)2, void at::native::gpu_kerne|void at::native::vectorized_elementwise_kernel<(int)8, at::native::float16_copy_"
planner_debate_L_it1,measured,2,planner-final,7,AddOp,ve,nvtx_operator_range,90311,6547461826,14815,14815,0,1,0,7648,14815,elementwise_binary,"void at::native::vectorized_elementwise_kernel<(int)8, at::native::CUDAFunctorOn"
planner_debate_L_it1,measured,2,planner-final,8,RMSNormOp,ve,nvtx_operator_range,360950,6547559714,291191,291191,0,7,0,8049,295319,copy|elementwise_binary|elementwise_unary|reduce,"void at::native::unrolled_elementwise_kernel<at::native::direct_copy_kernel_cuda|void at::native::vectorized_elementwise_kernel<(int)4, void at::native::<unnamed|void at::native::reduce_kernel<(int)512, (int)1, at::native::ReduceOp<float, at:|void at::native::vectorized_elementwise_kernel<(int)4, at::native::CUDAFunctorOn|void at::native::vectorized_elementwise_kernel<(int)4, at::native::rsqrt_kernel_|void at::native::elementwise_kernel<(int)128, (int)2, void at::native::gpu_kerne|void at::native::vectorized_elementwise_kernel<(int)8, at::native::float16_copy_"
planner_debate_L_it1,measured,2,planner-final,10,LinearOp,me,nvtx_operator_range,766255,6547927820,635949,635949,0,1,0,9464,635949,gemm,void cutlass::Kernel2<cutlass_80_tensorop_f16_s16816gemm_relu_f16_64x64_32x6_nn_
planner_debate_L_it1,measured,2,planner-final,11,LinearOp,me,nvtx_operator_range,703994,6548701069,633710,633710,0,1,0,7270,633710,gemm,void cutlass::Kernel2<cutlass_80_tensorop_f16_s16816gemm_relu_f16_64x64_32x6_nn_
planner_debate_L_it1,measured,2,planner-final,12,LinearOp,me,nvtx_operator_range,698413,6549410997,634798,634798,0,1,0,6974,634798,gemm,void cutlass::Kernel2<cutlass_80_tensorop_f16_s16816gemm_relu_f16_64x64_32x6_nn_
planner_debate_L_it1,measured,2,planner-final,13,ViewOp,de,nvtx_operator_range,64484,6550116734,0,0,0,0,0,,,,
planner_debate_L_it1,measured,2,planner-final,14,TransposeOp,de,nvtx_operator_range,265849,6550190073,177147,177147,0,1,0,9436,177147,copy,"void at::native::elementwise_kernel<(int)128, (int)4, void at::native::gpu_kerne"
planner_debate_L_it1,measured,3,planner-seed,,call_overhead,,gap_before_operator,,,1129760,43071,1086689,2,1,24765,1320154,elementwise_binary|memcpy|rng_init,"memcpy_Host-to-Device|void at::native::<unnamed>::distribution_elementwise_grid_stride_kernel<float, (|void at::native::vectorized_elementwise_kernel<(int)8, at::native::BUnaryFunctor"
planner_debate_L_it1,measured,3,critic-a,,call_overhead,,gap_before_operator,,,2539895,56190,2483705,2,2,10278,112411675,elementwise_binary|memcpy|rng_init,"memcpy_Device-to-Host|memcpy_Host-to-Device|void at::native::<unnamed>::distribution_elementwise_grid_stride_kernel<float, (|void at::native::vectorized_elementwise_kernel<(int)8, at::native::BUnaryFunctor"
planner_debate_L_it1,measured,3,critic-b,,call_overhead,,gap_before_operator,,,2890573,55582,2834991,2,2,10864,117027928,elementwise_binary|memcpy|rng_init,"memcpy_Device-to-Host|memcpy_Host-to-Device|void at::native::<unnamed>::distribution_elementwise_grid_stride_kernel<float, (|void at::native::vectorized_elementwise_kernel<(int)8, at::native::BUnaryFunctor"
planner_debate_L_it1,measured,3,critic-merge,,call_overhead,,gap_before_operator,,,3118248,55039,3063209,2,2,10514,119851240,elementwise_binary|memcpy|rng_init,"memcpy_Device-to-Host|memcpy_Host-to-Device|void at::native::<unnamed>::distribution_elementwise_grid_stride_kernel<float, (|void at::native::vectorized_elementwise_kernel<(int)8, at::native::BUnaryFunctor"
planner_debate_L_it1,measured,3,planner-final,,call_overhead,,gap_before_operator,,,4041292,43006,3998286,2,3,14441,96547104,elementwise_binary|memcpy|rng_init,"memcpy_Device-to-Host|memcpy_Host-to-Device|void at::native::<unnamed>::distribution_elementwise_grid_stride_kernel<float, (|void at::native::vectorized_elementwise_kernel<(int)8, at::native::BUnaryFunctor"
planner_debate_L_it1,measured,3,planner-seed,6,RMSNormOp,ve,nvtx_operator_range,434120,6640027364,318167,318167,0,7,0,10585,322327,copy|elementwise_binary|elementwise_unary|reduce,"void at::native::unrolled_elementwise_kernel<at::native::direct_copy_kernel_cuda|void at::native::vectorized_elementwise_kernel<(int)4, void at::native::<unnamed|void at::native::reduce_kernel<(int)512, (int)1, at::native::ReduceOp<float, at:|void at::native::vectorized_elementwise_kernel<(int)4, at::native::CUDAFunctorOn|void at::native::vectorized_elementwise_kernel<(int)4, at::native::rsqrt_kernel_|void at::native::elementwise_kernel<(int)128, (int)2, void at::native::gpu_kerne|void at::native::vectorized_elementwise_kernel<(int)8, at::native::float16_copy_"
planner_debate_L_it1,measured,3,planner-seed,7,AddOp,ve,nvtx_operator_range,81075,6640471751,14912,14912,0,1,0,7631,14912,elementwise_binary,"void at::native::vectorized_elementwise_kernel<(int)8, at::native::CUDAFunctorOn"
planner_debate_L_it1,measured,3,planner-seed,8,RMSNormOp,ve,nvtx_operator_range,352908,6640558645,289464,289464,0,7,0,6711,293592,copy|elementwise_binary|elementwise_unary|reduce,"void at::native::unrolled_elementwise_kernel<at::native::direct_copy_kernel_cuda|void at::native::vectorized_elementwise_kernel<(int)4, void at::native::<unnamed|void at::native::reduce_kernel<(int)512, (int)1, at::native::ReduceOp<float, at:|void at::native::vectorized_elementwise_kernel<(int)4, at::native::CUDAFunctorOn|void at::native::vectorized_elementwise_kernel<(int)4, at::native::rsqrt_kernel_|void at::native::elementwise_kernel<(int)128, (int)2, void at::native::gpu_kerne|void at::native::vectorized_elementwise_kernel<(int)8, at::native::float16_copy_"
planner_debate_L_it1,measured,3,planner-seed,10,LinearOp,me,nvtx_operator_range,759785,6640919197,635630,635630,0,1,0,8510,635630,gemm,void cutlass::Kernel2<cutlass_80_tensorop_f16_s16816gemm_relu_f16_64x64_32x6_nn_
planner_debate_L_it1,measured,3,planner-seed,11,LinearOp,me,nvtx_operator_range,702567,6641685339,635470,635470,0,1,0,7017,635470,gemm,void cutlass::Kernel2<cutlass_80_tensorop_f16_s16816gemm_relu_f16_64x64_32x6_nn_
planner_debate_L_it1,measured,3,planner-seed,12,LinearOp,me,nvtx_operator_range,702885,6642403542,634254,634254,0,1,0,7185,634254,gemm,void cutlass::Kernel2<cutlass_80_tensorop_f16_s16816gemm_relu_f16_64x64_32x6_nn_
planner_debate_L_it1,measured,3,planner-seed,13,ViewOp,de,nvtx_operator_range,66100,6643124238,0,0,0,0,0,,,,
planner_debate_L_it1,measured,3,planner-seed,14,TransposeOp,de,nvtx_operator_range,265361,6643195343,177531,177531,0,1,0,9903,177531,copy,"void at::native::elementwise_kernel<(int)128, (int)4, void at::native::gpu_kerne"
planner_debate_L_it1,measured,3,critic-a,6,RMSNormOp,ve,nvtx_operator_range,622483,6755877092,516369,516369,0,7,0,9115,520369,copy|elementwise_binary|elementwise_unary|reduce,"void at::native::unrolled_elementwise_kernel<at::native::direct_copy_kernel_cuda|void at::native::vectorized_elementwise_kernel<(int)4, void at::native::<unnamed|void at::native::reduce_kernel<(int)512, (int)1, at::native::ReduceOp<float, at:|void at::native::vectorized_elementwise_kernel<(int)4, at::native::CUDAFunctorOn|void at::native::vectorized_elementwise_kernel<(int)4, at::native::rsqrt_kernel_|void at::native::elementwise_kernel<(int)128, (int)2, void at::native::gpu_kerne|void at::native::vectorized_elementwise_kernel<(int)8, at::native::float16_copy_"
planner_debate_L_it1,measured,3,critic-a,7,AddOp,ve,nvtx_operator_range,86795,6756510128,26527,26527,0,1,0,7123,26527,elementwise_binary,"void at::native::vectorized_elementwise_kernel<(int)8, at::native::CUDAFunctorOn"
planner_debate_L_it1,measured,3,critic-a,8,RMSNormOp,ve,nvtx_operator_range,559869,6756603052,489842,489842,0,7,0,7147,494098,copy|elementwise_binary|elementwise_unary|reduce,"void at::native::unrolled_elementwise_kernel<at::native::direct_copy_kernel_cuda|void at::native::vectorized_elementwise_kernel<(int)4, void at::native::<unnamed|void at::native::reduce_kernel<(int)512, (int)1, at::native::ReduceOp<float, at:|void at::native::vectorized_elementwise_kernel<(int)4, at::native::CUDAFunctorOn|void at::native::vectorized_elementwise_kernel<(int)4, at::native::rsqrt_kernel_|void at::native::elementwise_kernel<(int)128, (int)2, void at::native::gpu_kerne|void at::native::vectorized_elementwise_kernel<(int)8, at::native::float16_copy_"
planner_debate_L_it1,measured,3,critic-a,10,LinearOp,me,nvtx_operator_range,977546,6757169180,853480,852616,864,1,1,17448,871879,gemm|memset,memset|ampere_fp16_s1688gemm_fp16_128x128_ldg8_f2f_stages_32x1_nn
planner_debate_L_it1,measured,3,critic-a,11,LinearOp,me,nvtx_operator_range,923036,6758153567,852775,851911,864,1,1,6271,862663,gemm|memset,memset|ampere_fp16_s1688gemm_fp16_128x128_ldg8_f2f_stages_32x1_nn
planner_debate_L_it1,measured,3,critic-a,12,LinearOp,me,nvtx_operator_range,916953,6759082413,852295,851464,831,1,1,5755,861159,gemm|memset,memset|ampere_fp16_s1688gemm_fp16_128x128_ldg8_f2f_stages_32x1_nn
planner_debate_L_it1,measured,3,critic-a,13,ViewOp,de,nvtx_operator_range,62563,6760006232,0,0,0,0,0,,,,
planner_debate_L_it1,measured,3,critic-a,14,TransposeOp,de,nvtx_operator_range,307387,6760073967,226297,226297,0,1,0,8417,226297,copy,"void at::native::elementwise_kernel<(int)128, (int)4, void at::native::gpu_kerne"
planner_debate_L_it1,measured,3,critic-b,6,RMSNormOp,ve,nvtx_operator_range,629092,6877410496,518417,518417,0,7,0,9197,522993,copy|elementwise_binary|elementwise_unary|reduce,"void at::native::unrolled_elementwise_kernel<at::native::direct_copy_kernel_cuda|void at::native::vectorized_elementwise_kernel<(int)4, void at::native::<unnamed|void at::native::reduce_kernel<(int)512, (int)1, at::native::ReduceOp<float, at:|void at::native::vectorized_elementwise_kernel<(int)4, at::native::CUDAFunctorOn|void at::native::vectorized_elementwise_kernel<(int)4, at::native::rsqrt_kernel_|void at::native::elementwise_kernel<(int)128, (int)2, void at::native::gpu_kerne|void at::native::vectorized_elementwise_kernel<(int)8, at::native::float16_copy_"
planner_debate_L_it1,measured,3,critic-b,7,AddOp,ve,nvtx_operator_range,90624,6878049743,27071,27071,0,1,0,7360,27071,elementwise_binary,"void at::native::vectorized_elementwise_kernel<(int)8, at::native::CUDAFunctorOn"
planner_debate_L_it1,measured,3,critic-b,8,RMSNormOp,ve,nvtx_operator_range,577685,6878146203,511122,511122,0,7,0,7597,515826,copy|elementwise_binary|elementwise_unary|reduce,"void at::native::unrolled_elementwise_kernel<at::native::direct_copy_kernel_cuda|void at::native::vectorized_elementwise_kernel<(int)4, void at::native::<unnamed|void at::native::reduce_kernel<(int)512, (int)1, at::native::ReduceOp<float, at:|void at::native::vectorized_elementwise_kernel<(int)4, at::native::CUDAFunctorOn|void at::native::vectorized_elementwise_kernel<(int)4, at::native::rsqrt_kernel_|void at::native::elementwise_kernel<(int)128, (int)2, void at::native::gpu_kerne|void at::native::vectorized_elementwise_kernel<(int)8, at::native::float16_copy_"
planner_debate_L_it1,measured,3,critic-b,10,LinearOp,me,nvtx_operator_range,1009963,6878731084,852712,851848,864,1,1,16922,872775,gemm|memset,memset|ampere_fp16_s1688gemm_fp16_128x128_ldg8_f2f_stages_32x1_nn
planner_debate_L_it1,measured,3,critic-b,11,LinearOp,me,nvtx_operator_range,926780,6879747822,852008,851144,864,1,1,6135,862503,gemm|memset,memset|ampere_fp16_s1688gemm_fp16_128x128_ldg8_f2f_stages_32x1_nn
planner_debate_L_it1,measured,3,critic-b,12,LinearOp,me,nvtx_operator_range,920800,6880682322,852040,851208,832,1,1,6037,861512,gemm|memset,memset|ampere_fp16_s1688gemm_fp16_128x128_ldg8_f2f_stages_32x1_nn
planner_debate_L_it1,measured,3,critic-b,13,ViewOp,de,nvtx_operator_range,69765,6881609554,0,0,0,0,0,,,,
planner_debate_L_it1,measured,3,critic-b,14,TransposeOp,de,nvtx_operator_range,312440,6881684281,226425,226425,0,1,0,9596,226425,copy,"void at::native::elementwise_kernel<(int)128, (int)4, void at::native::gpu_kerne"
planner_debate_L_it1,measured,3,critic-merge,6,RMSNormOp,ve,nvtx_operator_range,628244,7001854171,516817,516817,0,7,0,9435,521041,copy|elementwise_binary|elementwise_unary|reduce,"void at::native::unrolled_elementwise_kernel<at::native::direct_copy_kernel_cuda|void at::native::vectorized_elementwise_kernel<(int)4, void at::native::<unnamed|void at::native::reduce_kernel<(int)512, (int)1, at::native::ReduceOp<float, at:|void at::native::vectorized_elementwise_kernel<(int)4, at::native::CUDAFunctorOn|void at::native::vectorized_elementwise_kernel<(int)4, at::native::rsqrt_kernel_|void at::native::elementwise_kernel<(int)128, (int)2, void at::native::gpu_kerne|void at::native::vectorized_elementwise_kernel<(int)8, at::native::float16_copy_"
planner_debate_L_it1,measured,3,critic-merge,7,AddOp,ve,nvtx_operator_range,91170,7002493071,26879,26879,0,1,0,7481,26879,elementwise_binary,"void at::native::vectorized_elementwise_kernel<(int)8, at::native::CUDAFunctorOn"
planner_debate_L_it1,measured,3,critic-merge,8,RMSNormOp,ve,nvtx_operator_range,565286,7002590419,488498,488498,0,7,0,7818,492658,copy|elementwise_binary|elementwise_unary|reduce,"void at::native::unrolled_elementwise_kernel<at::native::direct_copy_kernel_cuda|void at::native::vectorized_elementwise_kernel<(int)4, void at::native::<unnamed|void at::native::reduce_kernel<(int)512, (int)1, at::native::ReduceOp<float, at:|void at::native::vectorized_elementwise_kernel<(int)4, at::native::CUDAFunctorOn|void at::native::vectorized_elementwise_kernel<(int)4, at::native::rsqrt_kernel_|void at::native::elementwise_kernel<(int)128, (int)2, void at::native::gpu_kerne|void at::native::vectorized_elementwise_kernel<(int)8, at::native::float16_copy_"
planner_debate_L_it1,measured,3,critic-merge,10,LinearOp,me,nvtx_operator_range,983558,7003163254,853703,852839,864,1,1,15956,871111,gemm|memset,memset|ampere_fp16_s1688gemm_fp16_128x128_ldg8_f2f_stages_32x1_nn
planner_debate_L_it1,measured,3,critic-merge,11,LinearOp,me,nvtx_operator_range,929101,7004153596,852456,851592,864,1,1,6405,862568,gemm|memset,memset|ampere_fp16_s1688gemm_fp16_128x128_ldg8_f2f_stages_32x1_nn
planner_debate_L_it1,measured,3,critic-merge,12,LinearOp,me,nvtx_operator_range,922978,7005091130,852296,851432,864,1,1,5817,861575,gemm|memset,memset|ampere_fp16_s1688gemm_fp16_128x128_ldg8_f2f_stages_32x1_nn
planner_debate_L_it1,measured,3,critic-merge,13,ViewOp,de,nvtx_operator_range,65600,7006020671,0,0,0,0,0,,,,
planner_debate_L_it1,measured,3,critic-merge,14,TransposeOp,de,nvtx_operator_range,312223,7006091746,226457,226457,0,1,0,9011,226457,copy,"void at::native::elementwise_kernel<(int)128, (int)4, void at::native::gpu_kerne"
planner_debate_L_it1,measured,3,planner-final,6,RMSNormOp,ve,nvtx_operator_range,435216,7098083654,322103,322103,0,7,0,10093,326454,copy|elementwise_binary|elementwise_unary|reduce,"void at::native::unrolled_elementwise_kernel<at::native::direct_copy_kernel_cuda|void at::native::vectorized_elementwise_kernel<(int)4, void at::native::<unnamed|void at::native::reduce_kernel<(int)512, (int)1, at::native::ReduceOp<float, at:|void at::native::vectorized_elementwise_kernel<(int)4, at::native::CUDAFunctorOn|void at::native::vectorized_elementwise_kernel<(int)4, at::native::rsqrt_kernel_|void at::native::elementwise_kernel<(int)128, (int)2, void at::native::gpu_kerne|void at::native::vectorized_elementwise_kernel<(int)8, at::native::float16_copy_"
planner_debate_L_it1,measured,3,planner-final,7,AddOp,ve,nvtx_operator_range,96774,7098529639,14784,14784,0,1,0,7824,14784,elementwise_binary,"void at::native::vectorized_elementwise_kernel<(int)8, at::native::CUDAFunctorOn"
planner_debate_L_it1,measured,3,planner-final,8,RMSNormOp,ve,nvtx_operator_range,360503,7098633223,289720,289720,0,7,0,8148,294008,copy|elementwise_binary|elementwise_unary|reduce,"void at::native::unrolled_elementwise_kernel<at::native::direct_copy_kernel_cuda|void at::native::vectorized_elementwise_kernel<(int)4, void at::native::<unnamed|void at::native::reduce_kernel<(int)512, (int)1, at::native::ReduceOp<float, at:|void at::native::vectorized_elementwise_kernel<(int)4, at::native::CUDAFunctorOn|void at::native::vectorized_elementwise_kernel<(int)4, at::native::rsqrt_kernel_|void at::native::elementwise_kernel<(int)128, (int)2, void at::native::gpu_kerne|void at::native::vectorized_elementwise_kernel<(int)8, at::native::float16_copy_"
planner_debate_L_it1,measured,3,planner-final,10,LinearOp,me,nvtx_operator_range,774195,7099000783,634573,634573,0,1,0,9168,634573,gemm,void cutlass::Kernel2<cutlass_80_tensorop_f16_s16816gemm_relu_f16_64x64_32x6_nn_
planner_debate_L_it1,measured,3,planner-final,11,LinearOp,me,nvtx_operator_range,707307,7099783501,633166,633166,0,1,0,7295,633166,gemm,void cutlass::Kernel2<cutlass_80_tensorop_f16_s16816gemm_relu_f16_64x64_32x6_nn_
planner_debate_L_it1,measured,3,planner-final,12,LinearOp,me,nvtx_operator_range,702577,7100496809,635630,635630,0,1,0,7229,635630,gemm,void cutlass::Kernel2<cutlass_80_tensorop_f16_s16816gemm_relu_f16_64x64_32x6_nn_
planner_debate_L_it1,measured,3,planner-final,13,ViewOp,de,nvtx_operator_range,67445,7101206487,0,0,0,0,0,,,,
planner_debate_L_it1,measured,3,planner-final,14,TransposeOp,de,nvtx_operator_range,275461,7101278887,177819,177819,0,1,0,11020,177819,copy,"void at::native::elementwise_kernel<(int)128, (int)4, void at::native::gpu_kerne"
planner_debate_L_it1,measured,4,planner-seed,,call_overhead,,gap_before_operator,,,1136576,43167,1093409,2,1,26522,1422200,elementwise_binary|memcpy|rng_init,"memcpy_Host-to-Device|void at::native::<unnamed>::distribution_elementwise_grid_stride_kernel<float, (|void at::native::vectorized_elementwise_kernel<(int)8, at::native::BUnaryFunctor"
planner_debate_L_it1,measured,4,critic-a,,call_overhead,,gap_before_operator,,,2598998,55647,2543351,2,2,15126,121641557,elementwise_binary|memcpy|rng_init,"memcpy_Device-to-Host|memcpy_Host-to-Device|void at::native::<unnamed>::distribution_elementwise_grid_stride_kernel<float, (|void at::native::vectorized_elementwise_kernel<(int)8, at::native::BUnaryFunctor"
planner_debate_L_it1,measured,4,critic-b,,call_overhead,,gap_before_operator,,,2924333,55615,2868718,2,2,14741,122633112,elementwise_binary|memcpy|rng_init,"memcpy_Device-to-Host|memcpy_Host-to-Device|void at::native::<unnamed>::distribution_elementwise_grid_stride_kernel<float, (|void at::native::vectorized_elementwise_kernel<(int)8, at::native::BUnaryFunctor"
planner_debate_L_it1,measured,4,critic-merge,,call_overhead,,gap_before_operator,,,2999211,55582,2943629,2,2,15964,126747235,elementwise_binary|memcpy|rng_init,"memcpy_Device-to-Host|memcpy_Host-to-Device|void at::native::<unnamed>::distribution_elementwise_grid_stride_kernel<float, (|void at::native::vectorized_elementwise_kernel<(int)8, at::native::BUnaryFunctor"
planner_debate_L_it1,measured,4,planner-final,,call_overhead,,gap_before_operator,,,3687800,43487,3644313,2,3,17557,96233289,elementwise_binary|memcpy|rng_init,"memcpy_Device-to-Host|memcpy_Host-to-Device|void at::native::<unnamed>::distribution_elementwise_grid_stride_kernel<float, (|void at::native::vectorized_elementwise_kernel<(int)8, at::native::BUnaryFunctor"
planner_debate_L_it1,measured,4,planner-seed,6,RMSNormOp,ve,nvtx_operator_range,490637,7197930984,316727,316727,0,7,0,10905,320887,copy|elementwise_binary|elementwise_unary|reduce,"void at::native::unrolled_elementwise_kernel<at::native::direct_copy_kernel_cuda|void at::native::vectorized_elementwise_kernel<(int)4, void at::native::<unnamed|void at::native::reduce_kernel<(int)512, (int)1, at::native::ReduceOp<float, at:|void at::native::vectorized_elementwise_kernel<(int)4, at::native::CUDAFunctorOn|void at::native::vectorized_elementwise_kernel<(int)4, at::native::rsqrt_kernel_|void at::native::elementwise_kernel<(int)128, (int)2, void at::native::gpu_kerne|void at::native::vectorized_elementwise_kernel<(int)8, at::native::float16_copy_"
planner_debate_L_it1,measured,4,planner-seed,7,AddOp,ve,nvtx_operator_range,93788,7198439287,14847,14847,0,1,0,8924,14847,elementwise_binary,"void at::native::vectorized_elementwise_kernel<(int)8, at::native::CUDAFunctorOn"
planner_debate_L_it1,measured,4,planner-seed,8,RMSNormOp,ve,nvtx_operator_range,361016,7198540922,291704,291704,0,7,0,7996,295864,copy|elementwise_binary|elementwise_unary|reduce,"void at::native::unrolled_elementwise_kernel<at::native::direct_copy_kernel_cuda|void at::native::vectorized_elementwise_kernel<(int)4, void at::native::<unnamed|void at::native::reduce_kernel<(int)512, (int)1, at::native::ReduceOp<float, at:|void at::native::vectorized_elementwise_kernel<(int)4, at::native::CUDAFunctorOn|void at::native::vectorized_elementwise_kernel<(int)4, at::native::rsqrt_kernel_|void at::native::elementwise_kernel<(int)128, (int)2, void at::native::gpu_kerne|void at::native::vectorized_elementwise_kernel<(int)8, at::native::float16_copy_"
planner_debate_L_it1,measured,4,planner-seed,10,LinearOp,me,nvtx_operator_range,774947,7198909558,635597,635597,0,1,0,9124,635597,gemm,void cutlass::Kernel2<cutlass_80_tensorop_f16_s16816gemm_relu_f16_64x64_32x6_nn_
planner_debate_L_it1,measured,4,planner-seed,11,LinearOp,me,nvtx_operator_range,708449,7199693262,634254,634254,0,1,0,7524,634254,gemm,void cutlass::Kernel2<cutlass_80_tensorop_f16_s16816gemm_relu_f16_64x64_32x6_nn_
planner_debate_L_it1,measured,4,planner-seed,12,LinearOp,me,nvtx_operator_range,699770,7200411866,635086,635086,0,1,0,6889,635086,gemm,void cutlass::Kernel2<cutlass_80_tensorop_f16_s16816gemm_relu_f16_64x64_32x6_nn_
planner_debate_L_it1,measured,4,planner-seed,13,ViewOp,de,nvtx_operator_range,70246,7201117760,0,0,0,0,0,,,,
planner_debate_L_it1,measured,4,planner-seed,14,TransposeOp,de,nvtx_operator_range,277446,7201192813,177691,177691,0,1,0,10193,177691,copy,"void at::native::elementwise_kernel<(int)128, (int)4, void at::native::gpu_kerne"
planner_debate_L_it1,measured,4,critic-a,6,RMSNormOp,ve,nvtx_operator_range,637250,7323131884,516978,516978,0,7,0,10117,521490,copy|elementwise_binary|elementwise_unary|reduce,"void at::native::unrolled_elementwise_kernel<at::native::direct_copy_kernel_cuda|void at::native::vectorized_elementwise_kernel<(int)4, void at::native::<unnamed|void at::native::reduce_kernel<(int)512, (int)1, at::native::ReduceOp<float, at:|void at::native::vectorized_elementwise_kernel<(int)4, at::native::CUDAFunctorOn|void at::native::vectorized_elementwise_kernel<(int)4, at::native::rsqrt_kernel_|void at::native::elementwise_kernel<(int)128, (int)2, void at::native::gpu_kerne|void at::native::vectorized_elementwise_kernel<(int)8, at::native::float16_copy_"
planner_debate_L_it1,measured,4,critic-a,7,AddOp,ve,nvtx_operator_range,96746,7323781155,27231,27231,0,1,0,8770,27231,elementwise_binary,"void at::native::vectorized_elementwise_kernel<(int)8, at::native::CUDAFunctorOn"
planner_debate_L_it1,measured,4,critic-a,8,RMSNormOp,ve,nvtx_operator_range,562477,7323884091,490130,490130,0,7,0,7886,494866,copy|elementwise_binary|elementwise_unary|reduce,"void at::native::unrolled_elementwise_kernel<at::native::direct_copy_kernel_cuda|void at::native::vectorized_elementwise_kernel<(int)4, void at::native::<unnamed|void at::native::reduce_kernel<(int)512, (int)1, at::native::ReduceOp<float, at:|void at::native::vectorized_elementwise_kernel<(int)4, at::native::CUDAFunctorOn|void at::native::vectorized_elementwise_kernel<(int)4, at::native::rsqrt_kernel_|void at::native::elementwise_kernel<(int)128, (int)2, void at::native::gpu_kerne|void at::native::vectorized_elementwise_kernel<(int)8, at::native::float16_copy_"
planner_debate_L_it1,measured,4,critic-a,10,LinearOp,me,nvtx_operator_range,990526,7324453487,853640,852776,864,1,1,15939,873895,gemm|memset,memset|ampere_fp16_s1688gemm_fp16_128x128_ldg8_f2f_stages_32x1_nn
planner_debate_L_it1,measured,4,critic-a,11,LinearOp,me,nvtx_operator_range,933554,7325451112,853512,852648,864,1,1,6907,863976,gemm|memset,memset|ampere_fp16_s1688gemm_fp16_128x128_ldg8_f2f_stages_32x1_nn
planner_debate_L_it1,measured,4,critic-a,12,LinearOp,me,nvtx_operator_range,923320,7326392137,852456,851592,864,1,1,5832,862119,gemm|memset,memset|ampere_fp16_s1688gemm_fp16_128x128_ldg8_f2f_stages_32x1_nn
planner_debate_L_it1,measured,4,critic-a,13,ViewOp,de,nvtx_operator_range,66489,7327322217,0,0,0,0,0,,,,
planner_debate_L_it1,measured,4,critic-a,14,TransposeOp,de,nvtx_operator_range,324860,7327394390,226554,226554,0,1,0,10597,226554,copy,"void at::native::elementwise_kernel<(int)128, (int)4, void at::native::gpu_kerne"
planner_debate_L_it1,measured,4,critic-b,6,RMSNormOp,ve,nvtx_operator_range,640360,7450366985,522097,522097,0,7,0,9611,526417,copy|elementwise_binary|elementwise_unary|reduce,"void at::native::unrolled_elementwise_kernel<at::native::direct_copy_kernel_cuda|void at::native::vectorized_elementwise_kernel<(int)4, void at::native::<unnamed|void at::native::reduce_kernel<(int)512, (int)1, at::native::ReduceOp<float, at:|void at::native::vectorized_elementwise_kernel<(int)4, at::native::CUDAFunctorOn|void at::native::vectorized_elementwise_kernel<(int)4, at::native::rsqrt_kernel_|void at::native::elementwise_kernel<(int)128, (int)2, void at::native::gpu_kerne|void at::native::vectorized_elementwise_kernel<(int)8, at::native::float16_copy_"
planner_debate_L_it1,measured,4,critic-b,7,AddOp,ve,nvtx_operator_range,95375,7451017421,26911,26911,0,1,0,8034,26911,elementwise_binary,"void at::native::vectorized_elementwise_kernel<(int)8, at::native::CUDAFunctorOn"
planner_debate_L_it1,measured,4,critic-b,8,RMSNormOp,ve,nvtx_operator_range,555924,7451119155,488178,488178,0,7,0,7728,492338,copy|elementwise_binary|elementwise_unary|reduce,"void at::native::unrolled_elementwise_kernel<at::native::direct_copy_kernel_cuda|void at::native::vectorized_elementwise_kernel<(int)4, void at::native::<unnamed|void at::native::reduce_kernel<(int)512, (int)1, at::native::ReduceOp<float, at:|void at::native::vectorized_elementwise_kernel<(int)4, at::native::CUDAFunctorOn|void at::native::vectorized_elementwise_kernel<(int)4, at::native::rsqrt_kernel_|void at::native::elementwise_kernel<(int)128, (int)2, void at::native::gpu_kerne|void at::native::vectorized_elementwise_kernel<(int)8, at::native::float16_copy_"
planner_debate_L_it1,measured,4,critic-b,10,LinearOp,me,nvtx_operator_range,995629,7451682138,852872,852008,864,1,1,15720,871815,gemm|memset,memset|ampere_fp16_s1688gemm_fp16_128x128_ldg8_f2f_stages_32x1_nn
planner_debate_L_it1,measured,4,critic-b,11,LinearOp,me,nvtx_operator_range,968344,7452688078,852904,852040,864,1,1,9920,868103,gemm|memset,memset|ampere_fp16_s1688gemm_fp16_128x128_ldg8_f2f_stages_32x1_nn
planner_debate_L_it1,measured,4,critic-b,12,LinearOp,me,nvtx_operator_range,926282,7453664171,851560,850696,864,1,1,6071,862631,gemm|memset,memset|ampere_fp16_s1688gemm_fp16_128x128_ldg8_f2f_stages_32x1_nn
planner_debate_L_it1,measured,4,critic-b,13,ViewOp,de,nvtx_operator_range,77259,7454597080,0,0,0,0,0,,,,
planner_debate_L_it1,measured,4,critic-b,14,TransposeOp,de,nvtx_operator_range,320474,7454680454,226617,226617,0,1,0,10113,226617,copy,"void at::native::elementwise_kernel<(int)128, (int)4, void at::native::gpu_kerne"
planner_debate_L_it1,measured,4,critic-merge,6,RMSNormOp,ve,nvtx_operator_range,739734,7581777397,611407,611407,0,7,0,11435,615567,copy|elementwise_binary|elementwise_unary|reduce,"void at::native::unrolled_elementwise_kernel<at::native::direct_copy_kernel_cuda|void at::native::vectorized_elementwise_kernel<(int)4, void at::native::<unnamed|void at::native::reduce_kernel<(int)512, (int)1, at::native::ReduceOp<float, at:|void at::native::vectorized_elementwise_kernel<(int)4, at::native::CUDAFunctorOn|void at::native::vectorized_elementwise_kernel<(int)4, at::native::rsqrt_kernel_|void at::native::elementwise_kernel<(int)128, (int)2, void at::native::gpu_kerne|void at::native::vectorized_elementwise_kernel<(int)8, at::native::float16_copy_"
planner_debate_L_it1,measured,4,critic-merge,7,AddOp,ve,nvtx_operator_range,254737,7582528548,50175,50175,0,1,0,143898,50175,elementwise_binary,"void at::native::vectorized_elementwise_kernel<(int)8, at::native::CUDAFunctorOn"
planner_debate_L_it1,measured,4,critic-merge,8,RMSNormOp,ve,nvtx_operator_range,558927,7582793237,489970,489970,0,7,0,7992,494034,copy|elementwise_binary|elementwise_unary|reduce,"void at::native::unrolled_elementwise_kernel<at::native::direct_copy_kernel_cuda|void at::native::vectorized_elementwise_kernel<(int)4, void at::native::<unnamed|void at::native::reduce_kernel<(int)512, (int)1, at::native::ReduceOp<float, at:|void at::native::vectorized_elementwise_kernel<(int)4, at::native::CUDAFunctorOn|void at::native::vectorized_elementwise_kernel<(int)4, at::native::rsqrt_kernel_|void at::native::elementwise_kernel<(int)128, (int)2, void at::native::gpu_kerne|void at::native::vectorized_elementwise_kernel<(int)8, at::native::float16_copy_"
planner_debate_L_it1,measured,4,critic-merge,10,LinearOp,me,nvtx_operator_range,1005364,7583359471,853256,852392,864,1,1,16066,873447,gemm|memset,memset|ampere_fp16_s1688gemm_fp16_128x128_ldg8_f2f_stages_32x1_nn
planner_debate_L_it1,measured,4,critic-merge,11,LinearOp,me,nvtx_operator_range,930800,7584372011,852104,851272,832,1,1,6222,862919,gemm|memset,memset|ampere_fp16_s1688gemm_fp16_128x128_ldg8_f2f_stages_32x1_nn
planner_debate_L_it1,measured,4,critic-merge,12,LinearOp,me,nvtx_operator_range,924717,7585309368,852040,851208,832,1,1,5938,861864,gemm|memset,memset|ampere_fp16_s1688gemm_fp16_128x128_ldg8_f2f_stages_32x1_nn
planner_debate_L_it1,measured,4,critic-merge,13,ViewOp,de,nvtx_operator_range,67215,7586240635,0,0,0,0,0,,,,
planner_debate_L_it1,measured,4,critic-merge,14,TransposeOp,de,nvtx_operator_range,319779,7586315264,226617,226617,0,1,0,9935,226617,copy,"void at::native::elementwise_kernel<(int)128, (int)4, void at::native::gpu_kerne"
planner_debate_L_it1,measured,4,planner-final,6,RMSNormOp,ve,nvtx_operator_range,453680,7678318121,341718,341718,0,7,0,9568,345814,copy|elementwise_binary|elementwise_unary|reduce,"void at::native::unrolled_elementwise_kernel<at::native::direct_copy_kernel_cuda|void at::native::vectorized_elementwise_kernel<(int)4, void at::native::<unnamed|void at::native::reduce_kernel<(int)512, (int)1, at::native::ReduceOp<float, at:|void at::native::vectorized_elementwise_kernel<(int)4, at::native::CUDAFunctorOn|void at::native::vectorized_elementwise_kernel<(int)4, at::native::rsqrt_kernel_|void at::native::elementwise_kernel<(int)128, (int)2, void at::native::gpu_kerne|void at::native::vectorized_elementwise_kernel<(int)8, at::native::float16_copy_"
planner_debate_L_it1,measured,4,planner-final,7,AddOp,ve,nvtx_operator_range,86187,7678783110,14720,14720,0,1,0,7880,14720,elementwise_binary,"void at::native::vectorized_elementwise_kernel<(int)8, at::native::CUDAFunctorOn"
planner_debate_L_it1,measured,4,planner-final,8,RMSNormOp,ve,nvtx_operator_range,356626,7678881550,288567,288567,0,7,0,7881,292855,copy|elementwise_binary|elementwise_unary|reduce,"void at::native::unrolled_elementwise_kernel<at::native::direct_copy_kernel_cuda|void at::native::vectorized_elementwise_kernel<(int)4, void at::native::<unnamed|void at::native::reduce_kernel<(int)512, (int)1, at::native::ReduceOp<float, at:|void at::native::vectorized_elementwise_kernel<(int)4, at::native::CUDAFunctorOn|void at::native::vectorized_elementwise_kernel<(int)4, at::native::rsqrt_kernel_|void at::native::elementwise_kernel<(int)128, (int)2, void at::native::gpu_kerne|void at::native::vectorized_elementwise_kernel<(int)8, at::native::float16_copy_"
planner_debate_L_it1,measured,4,planner-final,10,LinearOp,me,nvtx_operator_range,763484,7679245330,638285,638285,0,1,0,8668,638285,gemm,void cutlass::Kernel2<cutlass_80_tensorop_f16_s16816gemm_relu_f16_64x64_32x6_nn_
planner_debate_L_it1,measured,4,planner-final,11,LinearOp,me,nvtx_operator_range,703650,7680019179,632686,632686,0,1,0,7629,632686,gemm,void cutlass::Kernel2<cutlass_80_tensorop_f16_s16816gemm_relu_f16_64x64_32x6_nn_
planner_debate_L_it1,measured,4,planner-final,12,LinearOp,me,nvtx_operator_range,694164,7680728627,634702,634702,0,1,0,6695,634702,gemm,void cutlass::Kernel2<cutlass_80_tensorop_f16_s16816gemm_relu_f16_64x64_32x6_nn_
planner_debate_L_it1,measured,4,planner-final,13,ViewOp,de,nvtx_operator_range,61297,7681428498,0,0,0,0,0,,,,
planner_debate_L_it1,measured,4,planner-final,14,TransposeOp,de,nvtx_operator_range,265401,7681495399,177691,177691,0,1,0,9569,177691,copy,"void at::native::elementwise_kernel<(int)128, (int)4, void at::native::gpu_kerne"
planner_debate_L_it1,measured,5,planner-seed,,call_overhead,,gap_before_operator,,,1148319,43135,1105184,2,1,25163,1346394,elementwise_binary|memcpy|rng_init,"memcpy_Host-to-Device|void at::native::<unnamed>::distribution_elementwise_grid_stride_kernel<float, (|void at::native::vectorized_elementwise_kernel<(int)8, at::native::BUnaryFunctor"
planner_debate_L_it1,measured,5,critic-a,,call_overhead,,gap_before_operator,,,2551384,55839,2495545,2,2,14601,116004725,elementwise_binary|memcpy|rng_init,"memcpy_Device-to-Host|memcpy_Host-to-Device|void at::native::<unnamed>::distribution_elementwise_grid_stride_kernel<float, (|void at::native::vectorized_elementwise_kernel<(int)8, at::native::BUnaryFunctor"
planner_debate_L_it1,measured,5,critic-b,,call_overhead,,gap_before_operator,,,2961260,55103,2906157,2,2,13455,122514619,elementwise_binary|memcpy|rng_init,"memcpy_Device-to-Host|memcpy_Host-to-Device|void at::native::<unnamed>::distribution_elementwise_grid_stride_kernel<float, (|void at::native::vectorized_elementwise_kernel<(int)8, at::native::BUnaryFunctor"
planner_debate_L_it1,measured,5,critic-merge,,call_overhead,,gap_before_operator,,,2905965,55742,2850223,2,2,23748,118490189,elementwise_binary|memcpy|rng_init,"memcpy_Device-to-Host|memcpy_Host-to-Device|void at::native::<unnamed>::distribution_elementwise_grid_stride_kernel<float, (|void at::native::vectorized_elementwise_kernel<(int)8, at::native::BUnaryFunctor"
planner_debate_L_it1,measured,5,planner-final,,call_overhead,,gap_before_operator,,,3790293,43263,3747030,2,3,18273,95407840,elementwise_binary|memcpy|rng_init,"memcpy_Device-to-Host|memcpy_Host-to-Device|void at::native::<unnamed>::distribution_elementwise_grid_stride_kernel<float, (|void at::native::vectorized_elementwise_kernel<(int)8, at::native::BUnaryFunctor"
planner_debate_L_it1,measured,5,planner-seed,6,RMSNormOp,ve,nvtx_operator_range,445960,7771791615,321430,321430,0,7,0,9548,326038,copy|elementwise_binary|elementwise_unary|reduce,"void at::native::unrolled_elementwise_kernel<at::native::direct_copy_kernel_cuda|void at::native::vectorized_elementwise_kernel<(int)4, void at::native::<unnamed|void at::native::reduce_kernel<(int)512, (int)1, at::native::ReduceOp<float, at:|void at::native::vectorized_elementwise_kernel<(int)4, at::native::CUDAFunctorOn|void at::native::vectorized_elementwise_kernel<(int)4, at::native::rsqrt_kernel_|void at::native::elementwise_kernel<(int)128, (int)2, void at::native::gpu_kerne|void at::native::vectorized_elementwise_kernel<(int)8, at::native::float16_copy_"
planner_debate_L_it1,measured,5,planner-seed,7,AddOp,ve,nvtx_operator_range,80240,7772247697,14784,14784,0,1,0,7707,14784,elementwise_binary,"void at::native::vectorized_elementwise_kernel<(int)8, at::native::CUDAFunctorOn"
planner_debate_L_it1,measured,5,planner-seed,8,RMSNormOp,ve,nvtx_operator_range,363371,7772333534,290743,290743,0,7,0,7615,295319,copy|elementwise_binary|elementwise_unary|reduce,"void at::native::unrolled_elementwise_kernel<at::native::direct_copy_kernel_cuda|void at::native::vectorized_elementwise_kernel<(int)4, void at::native::<unnamed|void at::native::reduce_kernel<(int)512, (int)1, at::native::ReduceOp<float, at:|void at::native::vectorized_elementwise_kernel<(int)4, at::native::CUDAFunctorOn|void at::native::vectorized_elementwise_kernel<(int)4, at::native::rsqrt_kernel_|void at::native::elementwise_kernel<(int)128, (int)2, void at::native::gpu_kerne|void at::native::vectorized_elementwise_kernel<(int)8, at::native::float16_copy_"
planner_debate_L_it1,measured,5,planner-seed,10,LinearOp,me,nvtx_operator_range,763001,7772705074,635854,635854,0,1,0,8854,635854,gemm,void cutlass::Kernel2<cutlass_80_tensorop_f16_s16816gemm_relu_f16_64x64_32x6_nn_
planner_debate_L_it1,measured,5,planner-seed,11,LinearOp,me,nvtx_operator_range,696247,7773474412,632622,632622,0,1,0,6395,632622,gemm,void cutlass::Kernel2<cutlass_80_tensorop_f16_s16816gemm_relu_f16_64x64_32x6_nn_
planner_debate_L_it1,measured,5,planner-seed,12,LinearOp,me,nvtx_operator_range,696977,7774176400,633998,633998,0,1,0,6540,633998,gemm,void cutlass::Kernel2<cutlass_80_tensorop_f16_s16816gemm_relu_f16_64x64_32x6_nn_
planner_debate_L_it1,measured,5,planner-seed,13,ViewOp,de,nvtx_operator_range,63185,7774884457,0,0,0,0,0,,,,
planner_debate_L_it1,measured,5,planner-seed,14,TransposeOp,de,nvtx_operator_range,263676,7774953823,177626,177626,0,1,0,9388,177626,copy,"void at::native::elementwise_kernel<(int)128, (int)4, void at::native::gpu_kerne"
planner_debate_L_it1,measured,5,critic-a,6,RMSNormOp,ve,nvtx_operator_range,619386,7891229153,518321,518321,0,7,0,9458,522449,copy|elementwise_binary|elementwise_unary|reduce,"void at::native::unrolled_elementwise_kernel<at::native::direct_copy_kernel_cuda|void at::native::vectorized_elementwise_kernel<(int)4, void at::native::<unnamed|void at::native::reduce_kernel<(int)512, (int)1, at::native::ReduceOp<float, at:|void at::native::vectorized_elementwise_kernel<(int)4, at::native::CUDAFunctorOn|void at::native::vectorized_elementwise_kernel<(int)4, at::native::rsqrt_kernel_|void at::native::elementwise_kernel<(int)128, (int)2, void at::native::gpu_kerne|void at::native::vectorized_elementwise_kernel<(int)8, at::native::float16_copy_"
planner_debate_L_it1,measured,5,critic-a,7,AddOp,ve,nvtx_operator_range,94745,7891858973,27071,27071,0,1,0,7814,27071,elementwise_binary,"void at::native::vectorized_elementwise_kernel<(int)8, at::native::CUDAFunctorOn"
planner_debate_L_it1,measured,5,critic-a,8,RMSNormOp,ve,nvtx_operator_range,560064,7891960126,493106,493106,0,7,0,7835,497298,copy|elementwise_binary|elementwise_unary|reduce,"void at::native::unrolled_elementwise_kernel<at::native::direct_copy_kernel_cuda|void at::native::vectorized_elementwise_kernel<(int)4, void at::native::<unnamed|void at::native::reduce_kernel<(int)512, (int)1, at::native::ReduceOp<float, at:|void at::native::vectorized_elementwise_kernel<(int)4, at::native::CUDAFunctorOn|void at::native::vectorized_elementwise_kernel<(int)4, at::native::rsqrt_kernel_|void at::native::elementwise_kernel<(int)128, (int)2, void at::native::gpu_kerne|void at::native::vectorized_elementwise_kernel<(int)8, at::native::float16_copy_"
planner_debate_L_it1,measured,5,critic-a,10,LinearOp,me,nvtx_operator_range,989747,7892526650,852903,852039,864,1,1,23443,871911,gemm|memset,memset|ampere_fp16_s1688gemm_fp16_128x128_ldg8_f2f_stages_32x1_nn
planner_debate_L_it1,measured,5,critic-a,11,LinearOp,me,nvtx_operator_range,924497,7893524066,852168,851304,864,1,1,5935,861832,gemm|memset,memset|ampere_fp16_s1688gemm_fp16_128x128_ldg8_f2f_stages_32x1_nn
planner_debate_L_it1,measured,5,critic-a,12,LinearOp,me,nvtx_operator_range,918973,7894455929,851879,851015,864,1,1,6084,861095,gemm|memset,memset|ampere_fp16_s1688gemm_fp16_128x128_ldg8_f2f_stages_32x1_nn
planner_debate_L_it1,measured,5,critic-a,13,ViewOp,de,nvtx_operator_range,68541,7895381622,0,0,0,0,0,,,,
planner_debate_L_it1,measured,5,critic-a,14,TransposeOp,de,nvtx_operator_range,318659,7895455290,225945,225945,0,1,0,9847,225945,copy,"void at::native::elementwise_kernel<(int)128, (int)4, void at::native::gpu_kerne"
planner_debate_L_it1,measured,5,critic-b,6,RMSNormOp,ve,nvtx_operator_range,744922,8018382281,516689,516689,0,7,0,21956,520721,copy|elementwise_binary|elementwise_unary|reduce,"void at::native::unrolled_elementwise_kernel<at::native::direct_copy_kernel_cuda|void at::native::vectorized_elementwise_kernel<(int)4, void at::native::<unnamed|void at::native::reduce_kernel<(int)512, (int)1, at::native::ReduceOp<float, at:|void at::native::vectorized_elementwise_kernel<(int)4, at::native::CUDAFunctorOn|void at::native::vectorized_elementwise_kernel<(int)4, at::native::rsqrt_kernel_|void at::native::elementwise_kernel<(int)128, (int)2, void at::native::gpu_kerne|void at::native::vectorized_elementwise_kernel<(int)8, at::native::float16_copy_"
planner_debate_L_it1,measured,5,critic-b,7,AddOp,ve,nvtx_operator_range,109974,8019140785,26911,26911,0,1,0,11373,26911,elementwise_binary,"void at::native::vectorized_elementwise_kernel<(int)8, at::native::CUDAFunctorOn"
planner_debate_L_it1,measured,5,critic-b,8,RMSNormOp,ve,nvtx_operator_range,563276,8019257086,491634,491634,0,7,0,8312,496082,copy|elementwise_binary|elementwise_unary|reduce,"void at::native::unrolled_elementwise_kernel<at::native::direct_copy_kernel_cuda|void at::native::vectorized_elementwise_kernel<(int)4, void at::native::<unnamed|void at::native::reduce_kernel<(int)512, (int)1, at::native::ReduceOp<float, at:|void at::native::vectorized_elementwise_kernel<(int)4, at::native::CUDAFunctorOn|void at::native::vectorized_elementwise_kernel<(int)4, at::native::rsqrt_kernel_|void at::native::elementwise_kernel<(int)128, (int)2, void at::native::gpu_kerne|void at::native::vectorized_elementwise_kernel<(int)8, at::native::float16_copy_"
planner_debate_L_it1,measured,5,critic-b,10,LinearOp,me,nvtx_operator_range,1039957,8019827758,852615,851751,864,1,1,27939,876327,gemm|memset,memset|ampere_fp16_s1688gemm_fp16_128x128_ldg8_f2f_stages_32x1_nn
planner_debate_L_it1,measured,5,critic-b,11,LinearOp,me,nvtx_operator_range,935874,8020875598,851879,851047,832,1,1,6450,863751,gemm|memset,memset|ampere_fp16_s1688gemm_fp16_128x128_ldg8_f2f_stages_32x1_nn
planner_debate_L_it1,measured,5,critic-b,12,LinearOp,me,nvtx_operator_range,924498,8021817952,852232,851368,864,1,1,5544,862376,gemm|memset,memset|ampere_fp16_s1688gemm_fp16_128x128_ldg8_f2f_stages_32x1_nn
planner_debate_L_it1,measured,5,critic-b,13,ViewOp,de,nvtx_operator_range,87764,8022752576,0,0,0,0,0,,,,
planner_debate_L_it1,measured,5,critic-b,14,TransposeOp,de,nvtx_operator_range,358053,8022846173,226938,226938,0,1,0,13911,226938,copy,"void at::native::elementwise_kernel<(int)128, (int)4, void at::native::gpu_kerne"
planner_debate_L_it1,measured,5,critic-merge,6,RMSNormOp,ve,nvtx_operator_range,670461,8141771773,517713,517713,0,7,0,13738,521873,copy|elementwise_binary|elementwise_unary|reduce,"void at::native::unrolled_elementwise_kernel<at::native::direct_copy_kernel_cuda|void at::native::vectorized_elementwise_kernel<(int)4, void at::native::<unnamed|void at::native::reduce_kernel<(int)512, (int)1, at::native::ReduceOp<float, at:|void at::native::vectorized_elementwise_kernel<(int)4, at::native::CUDAFunctorOn|void at::native::vectorized_elementwise_kernel<(int)4, at::native::rsqrt_kernel_|void at::native::elementwise_kernel<(int)128, (int)2, void at::native::gpu_kerne|void at::native::vectorized_elementwise_kernel<(int)8, at::native::float16_copy_"
planner_debate_L_it1,measured,5,critic-merge,7,AddOp,ve,nvtx_operator_range,95072,8142454421,27168,27168,0,1,0,7713,27168,elementwise_binary,"void at::native::vectorized_elementwise_kernel<(int)8, at::native::CUDAFunctorOn"
planner_debate_L_it1,measured,5,critic-merge,8,RMSNormOp,ve,nvtx_operator_range,563448,8142559280,493106,493106,0,7,0,7685,497234,copy|elementwise_binary|elementwise_unary|reduce,"void at::native::unrolled_elementwise_kernel<at::native::direct_copy_kernel_cuda|void at::native::vectorized_elementwise_kernel<(int)4, void at::native::<unnamed|void at::native::reduce_kernel<(int)512, (int)1, at::native::ReduceOp<float, at:|void at::native::vectorized_elementwise_kernel<(int)4, at::native::CUDAFunctorOn|void at::native::vectorized_elementwise_kernel<(int)4, at::native::rsqrt_kernel_|void at::native::elementwise_kernel<(int)128, (int)2, void at::native::gpu_kerne|void at::native::vectorized_elementwise_kernel<(int)8, at::native::float16_copy_"
planner_debate_L_it1,measured,5,critic-merge,10,LinearOp,me,nvtx_operator_range,987227,8143130065,852392,851528,864,1,1,16428,870823,gemm|memset,memset|ampere_fp16_s1688gemm_fp16_128x128_ldg8_f2f_stages_32x1_nn
planner_debate_L_it1,measured,5,critic-merge,11,LinearOp,me,nvtx_operator_range,929047,8144123848,852552,851688,864,1,1,6750,862823,gemm|memset,memset|ampere_fp16_s1688gemm_fp16_128x128_ldg8_f2f_stages_32x1_nn
planner_debate_L_it1,measured,5,critic-merge,12,LinearOp,me,nvtx_operator_range,923282,8145059619,852136,851272,864,1,1,5969,862056,gemm|memset,memset|ampere_fp16_s1688gemm_fp16_128x128_ldg8_f2f_stages_32x1_nn
planner_debate_L_it1,measured,5,critic-merge,13,ViewOp,de,nvtx_operator_range,67557,8145989246,0,0,0,0,0,,,,
planner_debate_L_it1,measured,5,critic-merge,14,TransposeOp,de,nvtx_operator_range,315303,8146065388,226361,226361,0,1,0,9568,226361,copy,"void at::native::elementwise_kernel<(int)128, (int)4, void at::native::gpu_kerne"
planner_debate_L_it1,measured,5,planner-final,6,RMSNormOp,ve,nvtx_operator_range,445057,8237178945,318423,318423,0,7,0,10595,322999,copy|elementwise_binary|elementwise_unary|reduce,"void at::native::unrolled_elementwise_kernel<at::native::direct_copy_kernel_cuda|void at::native::vectorized_elementwise_kernel<(int)4, void at::native::<unnamed|void at::native::reduce_kernel<(int)512, (int)1, at::native::ReduceOp<float, at:|void at::native::vectorized_elementwise_kernel<(int)4, at::native::CUDAFunctorOn|void at::native::vectorized_elementwise_kernel<(int)4, at::native::rsqrt_kernel_|void at::native::elementwise_kernel<(int)128, (int)2, void at::native::gpu_kerne|void at::native::vectorized_elementwise_kernel<(int)8, at::native::float16_copy_"
planner_debate_L_it1,measured,5,planner-final,7,AddOp,ve,nvtx_operator_range,87748,8237634864,14848,14848,0,1,0,7886,14848,elementwise_binary,"void at::native::vectorized_elementwise_kernel<(int)8, at::native::CUDAFunctorOn"
planner_debate_L_it1,measured,5,planner-final,8,RMSNormOp,ve,nvtx_operator_range,357108,8237728905,292247,292247,0,7,0,7429,296855,copy|elementwise_binary|elementwise_unary|reduce,"void at::native::unrolled_elementwise_kernel<at::native::direct_copy_kernel_cuda|void at::native::vectorized_elementwise_kernel<(int)4, void at::native::<unnamed|void at::native::reduce_kernel<(int)512, (int)1, at::native::ReduceOp<float, at:|void at::native::vectorized_elementwise_kernel<(int)4, at::native::CUDAFunctorOn|void at::native::vectorized_elementwise_kernel<(int)4, at::native::rsqrt_kernel_|void at::native::elementwise_kernel<(int)128, (int)2, void at::native::gpu_kerne|void at::native::vectorized_elementwise_kernel<(int)8, at::native::float16_copy_"
planner_debate_L_it1,measured,5,planner-final,10,LinearOp,me,nvtx_operator_range,788781,8238092720,637486,637486,0,1,0,10450,637486,gemm,void cutlass::Kernel2<cutlass_80_tensorop_f16_s16816gemm_relu_f16_64x64_32x6_nn_
planner_debate_L_it1,measured,5,planner-final,11,LinearOp,me,nvtx_operator_range,707429,8238891300,633966,633966,0,1,0,7108,633966,gemm,void cutlass::Kernel2<cutlass_80_tensorop_f16_s16816gemm_relu_f16_64x64_32x6_nn_
planner_debate_L_it1,measured,5,planner-final,12,LinearOp,me,nvtx_operator_range,707508,8239605397,636174,636174,0,1,0,6953,636174,gemm,void cutlass::Kernel2<cutlass_80_tensorop_f16_s16816gemm_relu_f16_64x64_32x6_nn_
planner_debate_L_it1,measured,5,planner-final,13,ViewOp,de,nvtx_operator_range,64736,8240319017,0,0,0,0,0,,,,
planner_debate_L_it1,measured,5,planner-final,14,TransposeOp,de,nvtx_operator_range,265060,8240388934,177659,177659,0,1,0,9302,177659,copy,"void at::native::elementwise_kernel<(int)128, (int)4, void at::native::gpu_kerne"
planner_debate_L_it1,measured,6,planner-seed,,call_overhead,,gap_before_operator,,,1104449,42975,1061474,2,1,25115,1291931,elementwise_binary|memcpy|rng_init,"memcpy_Host-to-Device|void at::native::<unnamed>::distribution_elementwise_grid_stride_kernel<float, (|void at::native::vectorized_elementwise_kernel<(int)8, at::native::BUnaryFunctor"
planner_debate_L_it1,measured,6,critic-a,,call_overhead,,gap_before_operator,,,2636565,55967,2580598,2,2,15587,119811976,elementwise_binary|memcpy|rng_init,"memcpy_Device-to-Host|memcpy_Host-to-Device|void at::native::<unnamed>::distribution_elementwise_grid_stride_kernel<float, (|void at::native::vectorized_elementwise_kernel<(int)8, at::native::BUnaryFunctor"
planner_debate_L_it1,measured,6,critic-b,,call_overhead,,gap_before_operator,,,2941389,55455,2885934,2,2,17537,117771906,elementwise_binary|memcpy|rng_init,"memcpy_Device-to-Host|memcpy_Host-to-Device|void at::native::<unnamed>::distribution_elementwise_grid_stride_kernel<float, (|void at::native::vectorized_elementwise_kernel<(int)8, at::native::BUnaryFunctor"
planner_debate_L_it1,measured,6,critic-merge,,call_overhead,,gap_before_operator,,,3028169,55742,2972427,2,2,16051,117345102,elementwise_binary|memcpy|rng_init,"memcpy_Device-to-Host|memcpy_Host-to-Device|void at::native::<unnamed>::distribution_elementwise_grid_stride_kernel<float, (|void at::native::vectorized_elementwise_kernel<(int)8, at::native::BUnaryFunctor"
planner_debate_L_it1,measured,6,planner-final,,call_overhead,,gap_before_operator,,,3851377,42911,3808466,2,3,17025,95171686,elementwise_binary|memcpy|rng_init,"memcpy_Device-to-Host|memcpy_Host-to-Device|void at::native::<unnamed>::distribution_elementwise_grid_stride_kernel<float, (|void at::native::vectorized_elementwise_kernel<(int)8, at::native::BUnaryFunctor"
planner_debate_L_it1,measured,6,planner-seed,6,RMSNormOp,ve,nvtx_operator_range,427783,8329442505,319894,319894,0,7,0,9295,324022,copy|elementwise_binary|elementwise_unary|reduce,"void at::native::unrolled_elementwise_kernel<at::native::direct_copy_kernel_cuda|void at::native::vectorized_elementwise_kernel<(int)4, void at::native::<unnamed|void at::native::reduce_kernel<(int)512, (int)1, at::native::ReduceOp<float, at:|void at::native::vectorized_elementwise_kernel<(int)4, at::native::CUDAFunctorOn|void at::native::vectorized_elementwise_kernel<(int)4, at::native::rsqrt_kernel_|void at::native::elementwise_kernel<(int)128, (int)2, void at::native::gpu_kerne|void at::native::vectorized_elementwise_kernel<(int)8, at::native::float16_copy_"
planner_debate_L_it1,measured,6,planner-seed,7,AddOp,ve,nvtx_operator_range,85221,8329881846,14720,14720,0,1,0,8045,14720,elementwise_binary,"void at::native::vectorized_elementwise_kernel<(int)8, at::native::CUDAFunctorOn"
planner_debate_L_it1,measured,6,planner-seed,8,RMSNormOp,ve,nvtx_operator_range,388118,8329973388,325078,325078,0,7,0,7386,329302,copy|elementwise_binary|elementwise_unary|reduce,"void at::native::unrolled_elementwise_kernel<at::native::direct_copy_kernel_cuda|void at::native::vectorized_elementwise_kernel<(int)4, void at::native::<unnamed|void at::native::reduce_kernel<(int)512, (int)1, at::native::ReduceOp<float, at:|void at::native::vectorized_elementwise_kernel<(int)4, at::native::CUDAFunctorOn|void at::native::vectorized_elementwise_kernel<(int)4, at::native::rsqrt_kernel_|void at::native::elementwise_kernel<(int)128, (int)2, void at::native::gpu_kerne|void at::native::vectorized_elementwise_kernel<(int)8, at::native::float16_copy_"
planner_debate_L_it1,measured,6,planner-seed,10,LinearOp,me,nvtx_operator_range,760004,8330369012,635693,635693,0,1,0,8396,635693,gemm,void cutlass::Kernel2<cutlass_80_tensorop_f16_s16816gemm_relu_f16_64x64_32x6_nn_
planner_debate_L_it1,measured,6,planner-seed,11,LinearOp,me,nvtx_operator_range,699955,8331135922,634670,634670,0,1,0,6957,634670,gemm,void cutlass::Kernel2<cutlass_80_tensorop_f16_s16816gemm_relu_f16_64x64_32x6_nn_
planner_debate_L_it1,measured,6,planner-seed,12,LinearOp,me,nvtx_operator_range,696831,8331843602,634446,634446,0,1,0,6910,634446,gemm,void cutlass::Kernel2<cutlass_80_tensorop_f16_s16816gemm_relu_f16_64x64_32x6_nn_
planner_debate_L_it1,measured,6,planner-seed,13,ViewOp,de,nvtx_operator_range,61962,8332546231,0,0,0,0,0,,,,
planner_debate_L_it1,measured,6,planner-seed,14,TransposeOp,de,nvtx_operator_range,263475,8332619452,177659,177659,0,1,0,9186,177659,copy,"void at::native::elementwise_kernel<(int)128, (int)4, void at::native::gpu_kerne"
planner_debate_L_it1,measured,6,critic-a,6,RMSNormOp,ve,nvtx_operator_range,645209,8452723322,517521,517521,0,7,0,10051,521777,copy|elementwise_binary|elementwise_unary|reduce,"void at::native::unrolled_elementwise_kernel<at::native::direct_copy_kernel_cuda|void at::native::vectorized_elementwise_kernel<(int)4, void at::native::<unnamed|void at::native::reduce_kernel<(int)512, (int)1, at::native::ReduceOp<float, at:|void at::native::vectorized_elementwise_kernel<(int)4, at::native::CUDAFunctorOn|void at::native::vectorized_elementwise_kernel<(int)4, at::native::rsqrt_kernel_|void at::native::elementwise_kernel<(int)128, (int)2, void at::native::gpu_kerne|void at::native::vectorized_elementwise_kernel<(int)8, at::native::float16_copy_"
planner_debate_L_it1,measured,6,critic-a,7,AddOp,ve,nvtx_operator_range,87986,8453379031,27359,27359,0,1,0,7292,27359,elementwise_binary,"void at::native::vectorized_elementwise_kernel<(int)8, at::native::CUDAFunctorOn"
planner_debate_L_it1,measured,6,critic-a,8,RMSNormOp,ve,nvtx_operator_range,555615,8453472636,490386,490386,0,7,0,7175,494642,copy|elementwise_binary|elementwise_unary|reduce,"void at::native::unrolled_elementwise_kernel<at::native::direct_copy_kernel_cuda|void at::native::vectorized_elementwise_kernel<(int)4, void at::native::<unnamed|void at::native::reduce_kernel<(int)512, (int)1, at::native::ReduceOp<float, at:|void at::native::vectorized_elementwise_kernel<(int)4, at::native::CUDAFunctorOn|void at::native::vectorized_elementwise_kernel<(int)4, at::native::rsqrt_kernel_|void at::native::elementwise_kernel<(int)128, (int)2, void at::native::gpu_kerne|void at::native::vectorized_elementwise_kernel<(int)8, at::native::float16_copy_"
planner_debate_L_it1,measured,6,critic-a,10,LinearOp,me,nvtx_operator_range,981432,8454035173,851880,851016,864,1,1,16808,871047,gemm|memset,memset|ampere_fp16_s1688gemm_fp16_128x128_ldg8_f2f_stages_32x1_nn
planner_debate_L_it1,measured,6,critic-a,11,LinearOp,me,nvtx_operator_range,926041,8455023102,853319,852455,864,1,1,5801,863175,gemm|memset,memset|ampere_fp16_s1688gemm_fp16_128x128_ldg8_f2f_stages_32x1_nn
planner_debate_L_it1,measured,6,critic-a,12,LinearOp,me,nvtx_operator_range,925277,8455955693,851560,850696,864,1,1,5747,861704,gemm|memset,memset|ampere_fp16_s1688gemm_fp16_128x128_ldg8_f2f_stages_32x1_nn
planner_debate_L_it1,measured,6,critic-a,13,ViewOp,de,nvtx_operator_range,69050,8456887410,0,0,0,0,0,,,,
planner_debate_L_it1,measured,6,critic-a,14,TransposeOp,de,nvtx_operator_range,319875,8456961479,226841,226841,0,1,0,10340,226841,copy,"void at::native::elementwise_kernel<(int)128, (int)4, void at::native::gpu_kerne"
planner_debate_L_it1,measured,6,critic-b,6,RMSNormOp,ve,nvtx_operator_range,643918,8575079117,517233,517233,0,7,0,9960,521393,copy|elementwise_binary|elementwise_unary|reduce,"void at::native::unrolled_elementwise_kernel<at::native::direct_copy_kernel_cuda|void at::native::vectorized_elementwise_kernel<(int)4, void at::native::<unnamed|void at::native::reduce_kernel<(int)512, (int)1, at::native::ReduceOp<float, at:|void at::native::vectorized_elementwise_kernel<(int)4, at::native::CUDAFunctorOn|void at::native::vectorized_elementwise_kernel<(int)4, at::native::rsqrt_kernel_|void at::native::elementwise_kernel<(int)128, (int)2, void at::native::gpu_kerne|void at::native::vectorized_elementwise_kernel<(int)8, at::native::float16_copy_"
planner_debate_L_it1,measured,6,critic-b,7,AddOp,ve,nvtx_operator_range,90570,8575734487,26815,26815,0,1,0,7843,26815,elementwise_binary,"void at::native::vectorized_elementwise_kernel<(int)8, at::native::CUDAFunctorOn"
planner_debate_L_it1,measured,6,critic-b,8,RMSNormOp,ve,nvtx_operator_range,552609,8575830942,490355,490355,0,7,0,7508,494418,copy|elementwise_binary|elementwise_unary|reduce,"void at::native::unrolled_elementwise_kernel<at::native::direct_copy_kernel_cuda|void at::native::vectorized_elementwise_kernel<(int)4, void at::native::<unnamed|void at::native::reduce_kernel<(int)512, (int)1, at::native::ReduceOp<float, at:|void at::native::vectorized_elementwise_kernel<(int)4, at::native::CUDAFunctorOn|void at::native::vectorized_elementwise_kernel<(int)4, at::native::rsqrt_kernel_|void at::native::elementwise_kernel<(int)128, (int)2, void at::native::gpu_kerne|void at::native::vectorized_elementwise_kernel<(int)8, at::native::float16_copy_"
planner_debate_L_it1,measured,6,critic-b,10,LinearOp,me,nvtx_operator_range,993752,8576391323,852200,851336,864,1,1,17164,876583,gemm|memset,memset|ampere_fp16_s1688gemm_fp16_128x128_ldg8_f2f_stages_32x1_nn
planner_debate_L_it1,measured,6,critic-b,11,LinearOp,me,nvtx_operator_range,925565,8577391701,852584,851720,864,1,1,6454,861831,gemm|memset,memset|ampere_fp16_s1688gemm_fp16_128x128_ldg8_f2f_stages_32x1_nn
planner_debate_L_it1,measured,6,critic-b,12,LinearOp,me,nvtx_operator_range,919274,8578331232,852295,851431,864,1,1,6084,861607,gemm|memset,memset|ampere_fp16_s1688gemm_fp16_128x128_ldg8_f2f_stages_32x1_nn
planner_debate_L_it1,measured,6,critic-b,13,ViewOp,de,nvtx_operator_range,61614,8579256436,0,0,0,0,0,,,,
planner_debate_L_it1,measured,6,critic-b,14,TransposeOp,de,nvtx_operator_range,315589,8579323206,226841,226841,0,1,0,10277,226841,copy,"void at::native::elementwise_kernel<(int)128, (int)4, void at::native::gpu_kerne"
planner_debate_L_it1,measured,6,critic-merge,6,RMSNormOp,ve,nvtx_operator_range,629425,8697008198,519313,519313,0,7,0,9547,523825,copy|elementwise_binary|elementwise_unary|reduce,"void at::native::unrolled_elementwise_kernel<at::native::direct_copy_kernel_cuda|void at::native::vectorized_elementwise_kernel<(int)4, void at::native::<unnamed|void at::native::reduce_kernel<(int)512, (int)1, at::native::ReduceOp<float, at:|void at::native::vectorized_elementwise_kernel<(int)4, at::native::CUDAFunctorOn|void at::native::vectorized_elementwise_kernel<(int)4, at::native::rsqrt_kernel_|void at::native::elementwise_kernel<(int)128, (int)2, void at::native::gpu_kerne|void at::native::vectorized_elementwise_kernel<(int)8, at::native::float16_copy_"
planner_debate_L_it1,measured,6,critic-merge,7,AddOp,ve,nvtx_operator_range,91663,8697654073,26752,26752,0,1,0,8118,26752,elementwise_binary,"void at::native::vectorized_elementwise_kernel<(int)8, at::native::CUDAFunctorOn"
planner_debate_L_it1,measured,6,critic-merge,8,RMSNormOp,ve,nvtx_operator_range,557313,8697754452,491058,491058,0,7,0,7629,495794,copy|elementwise_binary|elementwise_unary|reduce,"void at::native::unrolled_elementwise_kernel<at::native::direct_copy_kernel_cuda|void at::native::vectorized_elementwise_kernel<(int)4, void at::native::<unnamed|void at::native::reduce_kernel<(int)512, (int)1, at::native::ReduceOp<float, at:|void at::native::vectorized_elementwise_kernel<(int)4, at::native::CUDAFunctorOn|void at::native::vectorized_elementwise_kernel<(int)4, at::native::rsqrt_kernel_|void at::native::elementwise_kernel<(int)128, (int)2, void at::native::gpu_kerne|void at::native::vectorized_elementwise_kernel<(int)8, at::native::float16_copy_"
planner_debate_L_it1,measured,6,critic-merge,10,LinearOp,me,nvtx_operator_range,979060,8698318077,852264,851400,864,1,1,16577,869864,gemm|memset,memset|ampere_fp16_s1688gemm_fp16_128x128_ldg8_f2f_stages_32x1_nn
planner_debate_L_it1,measured,6,critic-merge,11,LinearOp,me,nvtx_operator_range,928393,8699309951,851656,850792,864,1,1,6117,862152,gemm|memset,memset|ampere_fp16_s1688gemm_fp16_128x128_ldg8_f2f_stages_32x1_nn
planner_debate_L_it1,measured,6,critic-merge,12,LinearOp,me,nvtx_operator_range,923816,8700249511,852360,851496,864,1,1,6064,861799,gemm|memset,memset|ampere_fp16_s1688gemm_fp16_128x128_ldg8_f2f_stages_32x1_nn
planner_debate_L_it1,measured,6,critic-merge,13,ViewOp,de,nvtx_operator_range,68715,8701180112,0,0,0,0,0,,,,
planner_debate_L_it1,measured,6,critic-merge,14,TransposeOp,de,nvtx_operator_range,318936,8701256628,226298,226298,0,1,0,10555,226298,copy,"void at::native::elementwise_kernel<(int)128, (int)4, void at::native::gpu_kerne"
planner_debate_L_it1,measured,6,planner-final,6,RMSNormOp,ve,nvtx_operator_range,438950,8792184008,319479,319479,0,7,0,10356,323703,copy|elementwise_binary|elementwise_unary|reduce,"void at::native::unrolled_elementwise_kernel<at::native::direct_copy_kernel_cuda|void at::native::vectorized_elementwise_kernel<(int)4, void at::native::<unnamed|void at::native::reduce_kernel<(int)512, (int)1, at::native::ReduceOp<float, at:|void at::native::vectorized_elementwise_kernel<(int)4, at::native::CUDAFunctorOn|void at::native::vectorized_elementwise_kernel<(int)4, at::native::rsqrt_kernel_|void at::native::elementwise_kernel<(int)128, (int)2, void at::native::gpu_kerne|void at::native::vectorized_elementwise_kernel<(int)8, at::native::float16_copy_"
planner_debate_L_it1,measured,6,planner-final,7,AddOp,ve,nvtx_operator_range,88369,8792634275,14752,14752,0,1,0,8536,14752,elementwise_binary,"void at::native::vectorized_elementwise_kernel<(int)8, at::native::CUDAFunctorOn"
planner_debate_L_it1,measured,6,planner-final,8,RMSNormOp,ve,nvtx_operator_range,354386,8792728298,291512,291512,0,7,0,6998,295575,copy|elementwise_binary|elementwise_unary|reduce,"void at::native::unrolled_elementwise_kernel<at::native::direct_copy_kernel_cuda|void at::native::vectorized_elementwise_kernel<(int)4, void at::native::<unnamed|void at::native::reduce_kernel<(int)512, (int)1, at::native::ReduceOp<float, at:|void at::native::vectorized_elementwise_kernel<(int)4, at::native::CUDAFunctorOn|void at::native::vectorized_elementwise_kernel<(int)4, at::native::rsqrt_kernel_|void at::native::elementwise_kernel<(int)128, (int)2, void at::native::gpu_kerne|void at::native::vectorized_elementwise_kernel<(int)8, at::native::float16_copy_"
planner_debate_L_it1,measured,6,planner-final,10,LinearOp,me,nvtx_operator_range,767551,8793089418,635214,635214,0,1,0,10532,635214,gemm,void cutlass::Kernel2<cutlass_80_tensorop_f16_s16816gemm_relu_f16_64x64_32x6_nn_
planner_debate_L_it1,measured,6,planner-final,11,LinearOp,me,nvtx_operator_range,701322,8793866321,633166,633166,0,1,0,6873,633166,gemm,void cutlass::Kernel2<cutlass_80_tensorop_f16_s16816gemm_relu_f16_64x64_32x6_nn_
planner_debate_L_it1,measured,6,planner-final,12,LinearOp,me,nvtx_operator_range,704616,8794573853,638702,638702,0,1,0,7231,638702,gemm,void cutlass::Kernel2<cutlass_80_tensorop_f16_s16816gemm_relu_f16_64x64_32x6_nn_
planner_debate_L_it1,measured,6,planner-final,13,ViewOp,de,nvtx_operator_range,59576,8795287814,0,0,0,0,0,,,,
planner_debate_L_it1,measured,6,planner-final,14,TransposeOp,de,nvtx_operator_range,268051,8795351739,177467,177467,0,1,0,9263,177467,copy,"void at::native::elementwise_kernel<(int)128, (int)4, void at::native::gpu_kerne"
planner_debate_L_it1,measured,7,planner-seed,,call_overhead,,gap_before_operator,,,1086786,42879,1043907,2,1,26564,1288476,elementwise_binary|memcpy|rng_init,"memcpy_Host-to-Device|void at::native::<unnamed>::distribution_elementwise_grid_stride_kernel<float, (|void at::native::vectorized_elementwise_kernel<(int)8, at::native::BUnaryFunctor"
planner_debate_L_it1,measured,7,critic-a,,call_overhead,,gap_before_operator,,,2541622,56030,2485592,2,2,19155,118294131,elementwise_binary|memcpy|rng_init,"memcpy_Device-to-Host|memcpy_Host-to-Device|void at::native::<unnamed>::distribution_elementwise_grid_stride_kernel<float, (|void at::native::vectorized_elementwise_kernel<(int)8, at::native::BUnaryFunctor"
planner_debate_L_it1,measured,7,critic-b,,call_overhead,,gap_before_operator,,,2989259,55679,2933580,2,2,14159,117843744,elementwise_binary|memcpy|rng_init,"memcpy_Device-to-Host|memcpy_Host-to-Device|void at::native::<unnamed>::distribution_elementwise_grid_stride_kernel<float, (|void at::native::vectorized_elementwise_kernel<(int)8, at::native::BUnaryFunctor"
planner_debate_L_it1,measured,7,critic-merge,,call_overhead,,gap_before_operator,,,2941100,56062,2885038,2,2,19237,117640326,elementwise_binary|memcpy|rng_init,"memcpy_Device-to-Host|memcpy_Host-to-Device|void at::native::<unnamed>::distribution_elementwise_grid_stride_kernel<float, (|void at::native::vectorized_elementwise_kernel<(int)8, at::native::BUnaryFunctor"
planner_debate_L_it1,measured,7,planner-final,,call_overhead,,gap_before_operator,,,3755158,42975,3712183,2,3,19300,94117733,elementwise_binary|memcpy|rng_init,"memcpy_Device-to-Host|memcpy_Host-to-Device|void at::native::<unnamed>::distribution_elementwise_grid_stride_kernel<float, (|void at::native::vectorized_elementwise_kernel<(int)8, at::native::BUnaryFunctor"
planner_debate_L_it1,measured,7,planner-seed,6,RMSNormOp,ve,nvtx_operator_range,435091,8887393702,322135,322135,0,7,0,8997,326327,copy|elementwise_binary|elementwise_unary|reduce,"void at::native::unrolled_elementwise_kernel<at::native::direct_copy_kernel_cuda|void at::native::vectorized_elementwise_kernel<(int)4, void at::native::<unnamed|void at::native::reduce_kernel<(int)512, (int)1, at::native::ReduceOp<float, at:|void at::native::vectorized_elementwise_kernel<(int)4, at::native::CUDAFunctorOn|void at::native::vectorized_elementwise_kernel<(int)4, at::native::rsqrt_kernel_|void at::native::elementwise_kernel<(int)128, (int)2, void at::native::gpu_kerne|void at::native::vectorized_elementwise_kernel<(int)8, at::native::float16_copy_"
planner_debate_L_it1,measured,7,planner-seed,7,AddOp,ve,nvtx_operator_range,84672,8887843365,14688,14688,0,1,0,7916,14688,elementwise_binary,"void at::native::vectorized_elementwise_kernel<(int)8, at::native::CUDAFunctorOn"
planner_debate_L_it1,measured,7,planner-seed,8,RMSNormOp,ve,nvtx_operator_range,353980,8887933606,291033,291033,0,7,0,7401,295128,copy|elementwise_binary|elementwise_unary|reduce,"void at::native::unrolled_elementwise_kernel<at::native::direct_copy_kernel_cuda|void at::native::vectorized_elementwise_kernel<(int)4, void at::native::<unnamed|void at::native::reduce_kernel<(int)512, (int)1, at::native::ReduceOp<float, at:|void at::native::vectorized_elementwise_kernel<(int)4, at::native::CUDAFunctorOn|void at::native::vectorized_elementwise_kernel<(int)4, at::native::rsqrt_kernel_|void at::native::elementwise_kernel<(int)128, (int)2, void at::native::gpu_kerne|void at::native::vectorized_elementwise_kernel<(int)8, at::native::float16_copy_"
planner_debate_L_it1,measured,7,planner-seed,10,LinearOp,me,nvtx_operator_range,756891,8888294046,636366,636366,0,1,0,8545,636366,gemm,void cutlass::Kernel2<cutlass_80_tensorop_f16_s16816gemm_relu_f16_64x64_32x6_nn_
planner_debate_L_it1,measured,7,planner-seed,11,LinearOp,me,nvtx_operator_range,702883,8889057648,635886,635886,0,1,0,6816,635886,gemm,void cutlass::Kernel2<cutlass_80_tensorop_f16_s16816gemm_relu_f16_64x64_32x6_nn_
planner_debate_L_it1,measured,7,planner-seed,12,LinearOp,me,nvtx_operator_range,701250,8889769384,635661,635661,0,1,0,6689,635661,gemm,void cutlass::Kernel2<cutlass_80_tensorop_f16_s16816gemm_relu_f16_64x64_32x6_nn_
planner_debate_L_it1,measured,7,planner-seed,13,ViewOp,de,nvtx_operator_range,62771,8890482059,0,0,0,0,0,,,,
planner_debate_L_it1,measured,7,planner-seed,14,TransposeOp,de,nvtx_operator_range,271990,8890549499,177851,177851,0,1,0,17123,177851,copy,"void at::native::elementwise_kernel<(int)128, (int)4, void at::native::gpu_kerne"
planner_debate_L_it1,measured,7,critic-a,6,RMSNormOp,ve,nvtx_operator_range,632969,9009144665,517873,517873,0,7,0,10450,522097,copy|elementwise_binary|elementwise_unary|reduce,"void at::native::unrolled_elementwise_kernel<at::native::direct_copy_kernel_cuda|void at::native::vectorized_elementwise_kernel<(int)4, void at::native::<unnamed|void at::native::reduce_kernel<(int)512, (int)1, at::native::ReduceOp<float, at:|void at::native::vectorized_elementwise_kernel<(int)4, at::native::CUDAFunctorOn|void at::native::vectorized_elementwise_kernel<(int)4, at::native::rsqrt_kernel_|void at::native::elementwise_kernel<(int)128, (int)2, void at::native::gpu_kerne|void at::native::vectorized_elementwise_kernel<(int)8, at::native::float16_copy_"
planner_debate_L_it1,measured,7,critic-a,7,AddOp,ve,nvtx_operator_range,106647,9009788291,26975,26975,0,1,0,19645,26975,elementwise_binary,"void at::native::vectorized_elementwise_kernel<(int)8, at::native::CUDAFunctorOn"
planner_debate_L_it1,measured,7,critic-a,8,RMSNormOp,ve,nvtx_operator_range,557171,9009901439,490962,490962,0,7,0,7719,495154,copy|elementwise_binary|elementwise_unary|reduce,"void at::native::unrolled_elementwise_kernel<at::native::direct_copy_kernel_cuda|void at::native::vectorized_elementwise_kernel<(int)4, void at::native::<unnamed|void at::native::reduce_kernel<(int)512, (int)1, at::native::ReduceOp<float, at:|void at::native::vectorized_elementwise_kernel<(int)4, at::native::CUDAFunctorOn|void at::native::vectorized_elementwise_kernel<(int)4, at::native::rsqrt_kernel_|void at::native::elementwise_kernel<(int)128, (int)2, void at::native::gpu_kerne|void at::native::vectorized_elementwise_kernel<(int)8, at::native::float16_copy_"
planner_debate_L_it1,measured,7,critic-a,10,LinearOp,me,nvtx_operator_range,981110,9010468206,851848,850984,864,1,1,15203,870247,gemm|memset,memset|ampere_fp16_s1688gemm_fp16_128x128_ldg8_f2f_stages_32x1_nn
planner_debate_L_it1,measured,7,critic-a,11,LinearOp,me,nvtx_operator_range,924818,9011456175,851656,850792,864,1,1,6222,861703,gemm|memset,memset|ampere_fp16_s1688gemm_fp16_128x128_ldg8_f2f_stages_32x1_nn
planner_debate_L_it1,measured,7,critic-a,12,LinearOp,me,nvtx_operator_range,918395,9012388140,851688,850824,864,1,1,5410,861032,gemm|memset,memset|ampere_fp16_s1688gemm_fp16_128x128_ldg8_f2f_stages_32x1_nn
planner_debate_L_it1,measured,7,critic-a,13,ViewOp,de,nvtx_operator_range,64220,9013312401,0,0,0,0,0,,,,
planner_debate_L_it1,measured,7,critic-a,14,TransposeOp,de,nvtx_operator_range,312562,9013381331,226490,226490,0,1,0,9251,226490,copy,"void at::native::elementwise_kernel<(int)128, (int)4, void at::native::gpu_kerne"
planner_debate_L_it1,measured,7,critic-b,6,RMSNormOp,ve,nvtx_operator_range,645589,9131567645,517969,517969,0,7,0,10383,522673,copy|elementwise_binary|elementwise_unary|reduce,"void at::native::unrolled_elementwise_kernel<at::native::direct_copy_kernel_cuda|void at::native::vectorized_elementwise_kernel<(int)4, void at::native::<unnamed|void at::native::reduce_kernel<(int)512, (int)1, at::native::ReduceOp<float, at:|void at::native::vectorized_elementwise_kernel<(int)4, at::native::CUDAFunctorOn|void at::native::vectorized_elementwise_kernel<(int)4, at::native::rsqrt_kernel_|void at::native::elementwise_kernel<(int)128, (int)2, void at::native::gpu_kerne|void at::native::vectorized_elementwise_kernel<(int)8, at::native::float16_copy_"
planner_debate_L_it1,measured,7,critic-b,7,AddOp,ve,nvtx_operator_range,99603,9132236242,27199,27199,0,1,0,8417,27199,elementwise_binary,"void at::native::vectorized_elementwise_kernel<(int)8, at::native::CUDAFunctorOn"
planner_debate_L_it1,measured,7,critic-b,8,RMSNormOp,ve,nvtx_operator_range,565909,9132342482,489906,489906,0,7,0,8272,494450,copy|elementwise_binary|elementwise_unary|reduce,"void at::native::unrolled_elementwise_kernel<at::native::direct_copy_kernel_cuda|void at::native::vectorized_elementwise_kernel<(int)4, void at::native::<unnamed|void at::native::reduce_kernel<(int)512, (int)1, at::native::ReduceOp<float, at:|void at::native::vectorized_elementwise_kernel<(int)4, at::native::CUDAFunctorOn|void at::native::vectorized_elementwise_kernel<(int)4, at::native::rsqrt_kernel_|void at::native::elementwise_kernel<(int)128, (int)2, void at::native::gpu_kerne|void at::native::vectorized_elementwise_kernel<(int)8, at::native::float16_copy_"
planner_debate_L_it1,measured,7,critic-b,10,LinearOp,me,nvtx_operator_range,994765,9132916144,852488,851624,864,1,1,16451,876711,gemm|memset,memset|ampere_fp16_s1688gemm_fp16_128x128_ldg8_f2f_stages_32x1_nn
planner_debate_L_it1,measured,7,critic-b,11,LinearOp,me,nvtx_operator_range,933656,9133919531,852552,851688,864,1,1,6850,864007,gemm|memset,memset|ampere_fp16_s1688gemm_fp16_128x128_ldg8_f2f_stages_32x1_nn
planner_debate_L_it1,measured,7,critic-b,12,LinearOp,me,nvtx_operator_range,924588,9134869343,851655,850791,864,1,1,5721,862439,gemm|memset,memset|ampere_fp16_s1688gemm_fp16_128x128_ldg8_f2f_stages_32x1_nn
planner_debate_L_it1,measured,7,critic-b,13,ViewOp,de,nvtx_operator_range,69216,9135800544,0,0,0,0,0,,,,
planner_debate_L_it1,measured,7,critic-b,14,TransposeOp,de,nvtx_operator_range,319694,9135875164,226618,226618,0,1,0,9943,226618,copy,"void at::native::elementwise_kernel<(int)128, (int)4, void at::native::gpu_kerne"
planner_debate_L_it1,measured,7,critic-merge,6,RMSNormOp,ve,nvtx_operator_range,646762,9253854944,518513,518513,0,7,0,9659,522705,copy|elementwise_binary|elementwise_unary|reduce,"void at::native::unrolled_elementwise_kernel<at::native::direct_copy_kernel_cuda|void at::native::vectorized_elementwise_kernel<(int)4, void at::native::<unnamed|void at::native::reduce_kernel<(int)512, (int)1, at::native::ReduceOp<float, at:|void at::native::vectorized_elementwise_kernel<(int)4, at::native::CUDAFunctorOn|void at::native::vectorized_elementwise_kernel<(int)4, at::native::rsqrt_kernel_|void at::native::elementwise_kernel<(int)128, (int)2, void at::native::gpu_kerne|void at::native::vectorized_elementwise_kernel<(int)8, at::native::float16_copy_"
planner_debate_L_it1,measured,7,critic-merge,7,AddOp,ve,nvtx_operator_range,96040,9254511564,27295,27295,0,1,0,10619,27295,elementwise_binary,"void at::native::vectorized_elementwise_kernel<(int)8, at::native::CUDAFunctorOn"
planner_debate_L_it1,measured,7,critic-merge,8,RMSNormOp,ve,nvtx_operator_range,561863,9254625895,492050,492050,0,7,0,7932,496210,copy|elementwise_binary|elementwise_unary|reduce,"void at::native::unrolled_elementwise_kernel<at::native::direct_copy_kernel_cuda|void at::native::vectorized_elementwise_kernel<(int)4, void at::native::<unnamed|void at::native::reduce_kernel<(int)512, (int)1, at::native::ReduceOp<float, at:|void at::native::vectorized_elementwise_kernel<(int)4, at::native::CUDAFunctorOn|void at::native::vectorized_elementwise_kernel<(int)4, at::native::rsqrt_kernel_|void at::native::elementwise_kernel<(int)128, (int)2, void at::native::gpu_kerne|void at::native::vectorized_elementwise_kernel<(int)8, at::native::float16_copy_"
planner_debate_L_it1,measured,7,critic-merge,10,LinearOp,me,nvtx_operator_range,988450,9255194780,853416,852552,864,1,1,15252,873000,gemm|memset,memset|ampere_fp16_s1688gemm_fp16_128x128_ldg8_f2f_stages_32x1_nn
planner_debate_L_it1,measured,7,critic-merge,11,LinearOp,me,nvtx_operator_range,932706,9256190150,852360,851496,864,1,1,6462,862664,gemm|memset,memset|ampere_fp16_s1688gemm_fp16_128x128_ldg8_f2f_stages_32x1_nn
planner_debate_L_it1,measured,7,critic-merge,12,LinearOp,me,nvtx_operator_range,927798,9257146315,852008,851144,864,1,1,6244,862472,gemm|memset,memset|ampere_fp16_s1688gemm_fp16_128x128_ldg8_f2f_stages_32x1_nn
planner_debate_L_it1,measured,7,critic-merge,13,ViewOp,de,nvtx_operator_range,69345,9258080824,0,0,0,0,0,,,,
planner_debate_L_it1,measured,7,critic-merge,14,TransposeOp,de,nvtx_operator_range,329525,9258155935,226169,226169,0,1,0,10248,226169,copy,"void at::native::elementwise_kernel<(int)128, (int)4, void at::native::gpu_kerne"
planner_debate_L_it1,measured,7,planner-final,6,RMSNormOp,ve,nvtx_operator_range,426026,9347942109,321751,321751,0,7,0,9663,325943,copy|elementwise_binary|elementwise_unary|reduce,"void at::native::unrolled_elementwise_kernel<at::native::direct_copy_kernel_cuda|void at::native::vectorized_elementwise_kernel<(int)4, void at::native::<unnamed|void at::native::reduce_kernel<(int)512, (int)1, at::native::ReduceOp<float, at:|void at::native::vectorized_elementwise_kernel<(int)4, at::native::CUDAFunctorOn|void at::native::vectorized_elementwise_kernel<(int)4, at::native::rsqrt_kernel_|void at::native::elementwise_kernel<(int)128, (int)2, void at::native::gpu_kerne|void at::native::vectorized_elementwise_kernel<(int)8, at::native::float16_copy_"
planner_debate_L_it1,measured,7,planner-final,7,AddOp,ve,nvtx_operator_range,79842,9348377427,14752,14752,0,1,0,6988,14752,elementwise_binary,"void at::native::vectorized_elementwise_kernel<(int)8, at::native::CUDAFunctorOn"
planner_debate_L_it1,measured,7,planner-final,8,RMSNormOp,ve,nvtx_operator_range,351666,9348462809,289399,289399,0,7,0,7343,293559,copy|elementwise_binary|elementwise_unary|reduce,"void at::native::unrolled_elementwise_kernel<at::native::direct_copy_kernel_cuda|void at::native::vectorized_elementwise_kernel<(int)4, void at::native::<unnamed|void at::native::reduce_kernel<(int)512, (int)1, at::native::ReduceOp<float, at:|void at::native::vectorized_elementwise_kernel<(int)4, at::native::CUDAFunctorOn|void at::native::vectorized_elementwise_kernel<(int)4, at::native::rsqrt_kernel_|void at::native::elementwise_kernel<(int)128, (int)2, void at::native::gpu_kerne|void at::native::vectorized_elementwise_kernel<(int)8, at::native::float16_copy_"
planner_debate_L_it1,measured,7,planner-final,10,LinearOp,me,nvtx_operator_range,770749,9348821243,636398,636398,0,1,0,10208,636398,gemm,void cutlass::Kernel2<cutlass_80_tensorop_f16_s16816gemm_relu_f16_64x64_32x6_nn_
planner_debate_L_it1,measured,7,planner-final,11,LinearOp,me,nvtx_operator_range,714630,9349602550,633038,633038,0,1,0,8085,633038,gemm,void cutlass::Kernel2<cutlass_80_tensorop_f16_s16816gemm_relu_f16_64x64_32x6_nn_
planner_debate_L_it1,measured,7,planner-final,12,LinearOp,me,nvtx_operator_range,703363,9350324577,635886,635886,0,1,0,6718,635886,gemm,void cutlass::Kernel2<cutlass_80_tensorop_f16_s16816gemm_relu_f16_64x64_32x6_nn_
planner_debate_L_it1,measured,7,planner-final,13,ViewOp,de,nvtx_operator_range,90417,9351037807,0,0,0,0,0,,,,
planner_debate_L_it1,measured,7,planner-final,14,TransposeOp,de,nvtx_operator_range,365974,9351132627,177179,177179,0,1,0,109612,177179,copy,"void at::native::elementwise_kernel<(int)128, (int)4, void at::native::gpu_kerne"
planner_debate_L_it1,warmup,0,planner-seed,,call_overhead,,gap_before_operator,,,1148640,45535,1103105,2,1,27845,21731029,elementwise_binary|memcpy|rng_init,"memcpy_Host-to-Device|void at::native::<unnamed>::distribution_elementwise_grid_stride_kernel<float, (|void at::native::vectorized_elementwise_kernel<(int)8, at::native::BUnaryFunctor"
planner_debate_L_it1,warmup,0,critic-a,,call_overhead,,gap_before_operator,,,3037640,56414,2981226,2,2,21329,149723829,elementwise_binary|memcpy|rng_init,"memcpy_Device-to-Host|memcpy_Host-to-Device|void at::native::<unnamed>::distribution_elementwise_grid_stride_kernel<float, (|void at::native::vectorized_elementwise_kernel<(int)8, at::native::BUnaryFunctor"
planner_debate_L_it1,warmup,0,critic-b,,call_overhead,,gap_before_operator,,,2962507,55486,2907021,2,2,17604,149156581,elementwise_binary|memcpy|rng_init,"memcpy_Device-to-Host|memcpy_Host-to-Device|void at::native::<unnamed>::distribution_elementwise_grid_stride_kernel<float, (|void at::native::vectorized_elementwise_kernel<(int)8, at::native::BUnaryFunctor"
planner_debate_L_it1,warmup,0,critic-merge,,call_overhead,,gap_before_operator,,,3008298,55870,2952428,2,2,18983,151000049,elementwise_binary|memcpy|rng_init,"memcpy_Device-to-Host|memcpy_Host-to-Device|void at::native::<unnamed>::distribution_elementwise_grid_stride_kernel<float, (|void at::native::vectorized_elementwise_kernel<(int)8, at::native::BUnaryFunctor"
planner_debate_L_it1,warmup,0,planner-final,,call_overhead,,gap_before_operator,,,3781971,43647,3738324,2,3,20221,120911722,elementwise_binary|memcpy|rng_init,"memcpy_Device-to-Host|memcpy_Host-to-Device|void at::native::<unnamed>::distribution_elementwise_grid_stride_kernel<float, (|void at::native::vectorized_elementwise_kernel<(int)8, at::native::BUnaryFunctor"
planner_debate_L_it1,warmup,0,planner-seed,6,RMSNormOp,ve,nvtx_operator_range,137469898,2574602253,333366,333366,0,7,0,17477515,119278617,copy|elementwise_binary|elementwise_unary|reduce,"void at::native::unrolled_elementwise_kernel<at::native::direct_copy_kernel_cuda|void at::native::vectorized_elementwise_kernel<(int)4, void at::native::<unnamed|void at::native::reduce_kernel<(int)512, (int)1, at::native::ReduceOp<float, at:|void at::native::vectorized_elementwise_kernel<(int)4, at::native::CUDAFunctorOn|void at::native::vectorized_elementwise_kernel<(int)4, at::native::rsqrt_kernel_|void at::native::elementwise_kernel<(int)128, (int)2, void at::native::gpu_kerne|void at::native::vectorized_elementwise_kernel<(int)8, at::native::float16_copy_"
planner_debate_L_it1,warmup,0,planner-seed,7,AddOp,ve,nvtx_operator_range,252081,2712113166,14784,14784,0,1,0,42459,14784,elementwise_binary,"void at::native::vectorized_elementwise_kernel<(int)8, at::native::CUDAFunctorOn"
planner_debate_L_it1,warmup,0,planner-seed,8,RMSNormOp,ve,nvtx_operator_range,410199,2712382291,291223,291223,0,7,0,12374,295895,copy|elementwise_binary|elementwise_unary|reduce,"void at::native::unrolled_elementwise_kernel<at::native::direct_copy_kernel_cuda|void at::native::vectorized_elementwise_kernel<(int)4, void at::native::<unnamed|void at::native::reduce_kernel<(int)512, (int)1, at::native::ReduceOp<float, at:|void at::native::vectorized_elementwise_kernel<(int)4, at::native::CUDAFunctorOn|void at::native::vectorized_elementwise_kernel<(int)4, at::native::rsqrt_kernel_|void at::native::elementwise_kernel<(int)128, (int)2, void at::native::gpu_kerne|void at::native::vectorized_elementwise_kernel<(int)8, at::native::float16_copy_"
planner_debate_L_it1,warmup,0,planner-seed,10,LinearOp,me,nvtx_operator_range,205668584,2712803893,636206,636206,0,1,0,29995,636206,gemm,void cutlass::Kernel2<cutlass_80_tensorop_f16_s16816gemm_relu_f16_64x64_32x6_nn_
planner_debate_L_it1,warmup,0,planner-seed,11,LinearOp,me,nvtx_operator_range,818201,2918499868,631694,631694,0,1,0,13966,631694,gemm,void cutlass::Kernel2<cutlass_80_tensorop_f16_s16816gemm_relu_f16_64x64_32x6_nn_
planner_debate_L_it1,warmup,0,planner-seed,12,LinearOp,me,nvtx_operator_range,721844,2919331693,632302,632302,0,1,0,10107,632302,gemm,void cutlass::Kernel2<cutlass_80_tensorop_f16_s16816gemm_relu_f16_64x64_32x6_nn_
planner_debate_L_it1,warmup,0,planner-seed,13,ViewOp,de,nvtx_operator_range,137132,2920064009,0,0,0,0,0,,,,
planner_debate_L_it1,warmup,0,planner-seed,14,TransposeOp,de,nvtx_operator_range,458960,2920217284,180059,180059,0,1,0,102347,180059,copy,"void at::native::elementwise_kernel<(int)128, (int)4, void at::native::gpu_kerne"
planner_debate_L_it1,warmup,0,critic-a,6,RMSNormOp,ve,nvtx_operator_range,859220,3084765674,518705,518705,0,7,0,16841,551344,copy|elementwise_binary|elementwise_unary|reduce,"void at::native::unrolled_elementwise_kernel<at::native::direct_copy_kernel_cuda|void at::native::vectorized_elementwise_kernel<(int)4, void at::native::<unnamed|void at::native::reduce_kernel<(int)512, (int)1, at::native::ReduceOp<float, at:|void at::native::vectorized_elementwise_kernel<(int)4, at::native::CUDAFunctorOn|void at::native::vectorized_elementwise_kernel<(int)4, at::native::rsqrt_kernel_|void at::native::elementwise_kernel<(int)128, (int)2, void at::native::gpu_kerne|void at::native::vectorized_elementwise_kernel<(int)8, at::native::float16_copy_"
planner_debate_L_it1,warmup,0,critic-a,7,AddOp,ve,nvtx_operator_range,117352,3085639403,24863,24863,0,1,0,10723,24863,elementwise_binary,"void at::native::vectorized_elementwise_kernel<(int)8, at::native::CUDAFunctorOn"
planner_debate_L_it1,warmup,0,critic-a,8,RMSNormOp,ve,nvtx_operator_range,589085,3085765136,495026,495026,0,7,0,10022,499282,copy|elementwise_binary|elementwise_unary|reduce,"void at::native::unrolled_elementwise_kernel<at::native::direct_copy_kernel_cuda|void at::native::vectorized_elementwise_kernel<(int)4, void at::native::<unnamed|void at::native::reduce_kernel<(int)512, (int)1, at::native::ReduceOp<float, at:|void at::native::vectorized_elementwise_kernel<(int)4, at::native::CUDAFunctorOn|void at::native::vectorized_elementwise_kernel<(int)4, at::native::rsqrt_kernel_|void at::native::elementwise_kernel<(int)128, (int)2, void at::native::gpu_kerne|void at::native::vectorized_elementwise_kernel<(int)8, at::native::float16_copy_"
planner_debate_L_it1,warmup,0,critic-a,10,LinearOp,me,nvtx_operator_range,1157999,3086363659,852872,852008,864,1,1,15745,906118,gemm|memset,memset|ampere_fp16_s1688gemm_fp16_128x128_ldg8_f2f_stages_32x1_nn
planner_debate_L_it1,warmup,0,critic-a,11,LinearOp,me,nvtx_operator_range,974141,3087535205,851655,850791,864,1,1,16064,867655,gemm|memset,memset|ampere_fp16_s1688gemm_fp16_128x128_ldg8_f2f_stages_32x1_nn
planner_debate_L_it1,warmup,0,critic-a,12,LinearOp,me,nvtx_operator_range,942492,3088518706,852648,851784,864,1,1,7872,864775,gemm|memset,memset|ampere_fp16_s1688gemm_fp16_128x128_ldg8_f2f_stages_32x1_nn
planner_debate_L_it1,warmup,0,critic-a,13,ViewOp,de,nvtx_operator_range,81242,3089469809,0,0,0,0,0,,,,
planner_debate_L_it1,warmup,0,critic-a,14,TransposeOp,de,nvtx_operator_range,1258765,3089557552,232698,232698,0,1,0,17902,232698,copy,"void at::native::elementwise_kernel<(int)128, (int)4, void at::native::gpu_kerne"
planner_debate_L_it1,warmup,0,critic-b,6,RMSNormOp,ve,nvtx_operator_range,658133,3240024869,517905,517905,0,7,0,11466,522129,copy|elementwise_binary|elementwise_unary|reduce,"void at::native::unrolled_elementwise_kernel<at::native::direct_copy_kernel_cuda|void at::native::vectorized_elementwise_kernel<(int)4, void at::native::<unnamed|void at::native::reduce_kernel<(int)512, (int)1, at::native::ReduceOp<float, at:|void at::native::vectorized_elementwise_kernel<(int)4, at::native::CUDAFunctorOn|void at::native::vectorized_elementwise_kernel<(int)4, at::native::rsqrt_kernel_|void at::native::elementwise_kernel<(int)128, (int)2, void at::native::gpu_kerne|void at::native::vectorized_elementwise_kernel<(int)8, at::native::float16_copy_"
planner_debate_L_it1,warmup,0,critic-b,7,AddOp,ve,nvtx_operator_range,109575,3240698307,26879,26879,0,1,0,9310,26879,elementwise_binary,"void at::native::vectorized_elementwise_kernel<(int)8, at::native::CUDAFunctorOn"
planner_debate_L_it1,warmup,0,critic-b,8,RMSNormOp,ve,nvtx_operator_range,574160,3240816039,494066,494066,0,7,0,9352,498418,copy|elementwise_binary|elementwise_unary|reduce,"void at::native::unrolled_elementwise_kernel<at::native::direct_copy_kernel_cuda|void at::native::vectorized_elementwise_kernel<(int)4, void at::native::<unnamed|void at::native::reduce_kernel<(int)512, (int)1, at::native::ReduceOp<float, at:|void at::native::vectorized_elementwise_kernel<(int)4, at::native::CUDAFunctorOn|void at::native::vectorized_elementwise_kernel<(int)4, at::native::rsqrt_kernel_|void at::native::elementwise_kernel<(int)128, (int)2, void at::native::gpu_kerne|void at::native::vectorized_elementwise_kernel<(int)8, at::native::float16_copy_"
planner_debate_L_it1,warmup,0,critic-b,10,LinearOp,me,nvtx_operator_range,1005347,3241399135,852296,851432,864,1,1,17978,874631,gemm|memset,memset|ampere_fp16_s1688gemm_fp16_128x128_ldg8_f2f_stages_32x1_nn
planner_debate_L_it1,warmup,0,critic-b,11,LinearOp,me,nvtx_operator_range,945031,3242413388,852712,851848,864,1,1,6980,865800,gemm|memset,memset|ampere_fp16_s1688gemm_fp16_128x128_ldg8_f2f_stages_32x1_nn
planner_debate_L_it1,warmup,0,critic-b,12,LinearOp,me,nvtx_operator_range,934174,3243365742,851816,850920,896,1,1,6182,863528,gemm|memset,memset|ampere_fp16_s1688gemm_fp16_128x128_ldg8_f2f_stages_32x1_nn
planner_debate_L_it1,warmup,0,critic-b,13,ViewOp,de,nvtx_operator_range,82710,3244308916,0,0,0,0,0,,,,
planner_debate_L_it1,warmup,0,critic-b,14,TransposeOp,de,nvtx_operator_range,334199,3244398642,226330,226330,0,1,0,10507,226330,copy,"void at::native::elementwise_kernel<(int)128, (int)4, void at::native::gpu_kerne"
planner_debate_L_it1,warmup,0,critic-merge,6,RMSNormOp,ve,nvtx_operator_range,654560,3395772198,519057,519057,0,7,0,10916,523153,copy|elementwise_binary|elementwise_unary|reduce,"void at::native::unrolled_elementwise_kernel<at::native::direct_copy_kernel_cuda|void at::native::vectorized_elementwise_kernel<(int)4, void at::native::<unnamed|void at::native::reduce_kernel<(int)512, (int)1, at::native::ReduceOp<float, at:|void at::native::vectorized_elementwise_kernel<(int)4, at::native::CUDAFunctorOn|void at::native::vectorized_elementwise_kernel<(int)4, at::native::rsqrt_kernel_|void at::native::elementwise_kernel<(int)128, (int)2, void at::native::gpu_kerne|void at::native::vectorized_elementwise_kernel<(int)8, at::native::float16_copy_"
planner_debate_L_it1,warmup,0,critic-merge,7,AddOp,ve,nvtx_operator_range,107124,3396439705,27199,27199,0,1,0,9086,27199,elementwise_binary,"void at::native::vectorized_elementwise_kernel<(int)8, at::native::CUDAFunctorOn"
planner_debate_L_it1,warmup,0,critic-merge,8,RMSNormOp,ve,nvtx_operator_range,580443,3396554693,491538,491538,0,7,0,15926,495666,copy|elementwise_binary|elementwise_unary|reduce,"void at::native::unrolled_elementwise_kernel<at::native::direct_copy_kernel_cuda|void at::native::vectorized_elementwise_kernel<(int)4, void at::native::<unnamed|void at::native::reduce_kernel<(int)512, (int)1, at::native::ReduceOp<float, at:|void at::native::vectorized_elementwise_kernel<(int)4, at::native::CUDAFunctorOn|void at::native::vectorized_elementwise_kernel<(int)4, at::native::rsqrt_kernel_|void at::native::elementwise_kernel<(int)128, (int)2, void at::native::gpu_kerne|void at::native::vectorized_elementwise_kernel<(int)8, at::native::float16_copy_"
planner_debate_L_it1,warmup,0,critic-merge,10,LinearOp,me,nvtx_operator_range,1015226,3397145588,853511,852647,864,1,1,17952,877447,gemm|memset,memset|ampere_fp16_s1688gemm_fp16_128x128_ldg8_f2f_stages_32x1_nn
planner_debate_L_it1,warmup,0,critic-merge,11,LinearOp,me,nvtx_operator_range,949464,3398170298,852200,851368,832,1,1,6997,865063,gemm|memset,memset|ampere_fp16_s1688gemm_fp16_128x128_ldg8_f2f_stages_32x1_nn
planner_debate_L_it1,warmup,0,critic-merge,12,LinearOp,me,nvtx_operator_range,1067983,3399130570,971460,968324,3136,1,1,12085,982116,gemm|memset,memset|ampere_fp16_s1688gemm_fp16_128x128_ldg8_f2f_stages_32x1_nn
planner_debate_L_it1,warmup,0,critic-merge,13,ViewOp,de,nvtx_operator_range,139608,3400207117,0,0,0,0,0,,,,
planner_debate_L_it1,warmup,0,critic-merge,14,TransposeOp,de,nvtx_operator_range,332627,3400353022,226329,226329,0,1,0,12014,226329,copy,"void at::native::elementwise_kernel<(int)128, (int)4, void at::native::gpu_kerne"
planner_debate_L_it1,warmup,0,planner-final,6,RMSNormOp,ve,nvtx_operator_range,450748,3516906352,319159,319159,0,7,0,10333,323927,copy|elementwise_binary|elementwise_unary|reduce,"void at::native::unrolled_elementwise_kernel<at::native::direct_copy_kernel_cuda|void at::native::vectorized_elementwise_kernel<(int)4, void at::native::<unnamed|void at::native::reduce_kernel<(int)512, (int)1, at::native::ReduceOp<float, at:|void at::native::vectorized_elementwise_kernel<(int)4, at::native::CUDAFunctorOn|void at::native::vectorized_elementwise_kernel<(int)4, at::native::rsqrt_kernel_|void at::native::elementwise_kernel<(int)128, (int)2, void at::native::gpu_kerne|void at::native::vectorized_elementwise_kernel<(int)8, at::native::float16_copy_"
planner_debate_L_it1,warmup,0,planner-final,7,AddOp,ve,nvtx_operator_range,104688,3517370829,14784,14784,0,1,0,8711,14784,elementwise_binary,"void at::native::vectorized_elementwise_kernel<(int)8, at::native::CUDAFunctorOn"
planner_debate_L_it1,warmup,0,planner-final,8,RMSNormOp,ve,nvtx_operator_range,372012,3517484000,289783,289783,0,7,0,9679,294551,copy|elementwise_binary|elementwise_unary|reduce,"void at::native::unrolled_elementwise_kernel<at::native::direct_copy_kernel_cuda|void at::native::vectorized_elementwise_kernel<(int)4, void at::native::<unnamed|void at::native::reduce_kernel<(int)512, (int)1, at::native::ReduceOp<float, at:|void at::native::vectorized_elementwise_kernel<(int)4, at::native::CUDAFunctorOn|void at::native::vectorized_elementwise_kernel<(int)4, at::native::rsqrt_kernel_|void at::native::elementwise_kernel<(int)128, (int)2, void at::native::gpu_kerne|void at::native::vectorized_elementwise_kernel<(int)8, at::native::float16_copy_"
planner_debate_L_it1,warmup,0,planner-final,10,LinearOp,me,nvtx_operator_range,783898,3517865105,636206,636206,0,1,0,9861,636206,gemm,void cutlass::Kernel2<cutlass_80_tensorop_f16_s16816gemm_relu_f16_64x64_32x6_nn_
planner_debate_L_it1,warmup,0,planner-final,11,LinearOp,me,nvtx_operator_range,717673,3518658204,633998,633998,0,1,0,7908,633998,gemm,void cutlass::Kernel2<cutlass_80_tensorop_f16_s16816gemm_relu_f16_64x64_32x6_nn_
planner_debate_L_it1,warmup,0,planner-final,12,LinearOp,me,nvtx_operator_range,712695,3519384816,635694,635694,0,1,0,8170,635694,gemm,void cutlass::Kernel2<cutlass_80_tensorop_f16_s16816gemm_relu_f16_64x64_32x6_nn_
planner_debate_L_it1,warmup,0,planner-final,13,ViewOp,de,nvtx_operator_range,79028,3520105778,0,0,0,0,0,,,,
planner_debate_L_it1,warmup,0,planner-final,14,TransposeOp,de,nvtx_operator_range,281375,3520191129,177787,177787,0,1,0,11269,177787,copy,"void at::native::elementwise_kernel<(int)128, (int)4, void at::native::gpu_kerne"
planner_debate_L_it1,warmup,1,planner-seed,,call_overhead,,gap_before_operator,,,1136352,43039,1093313,2,1,27304,1350618,elementwise_binary|memcpy|rng_init,"memcpy_Host-to-Device|void at::native::<unnamed>::distribution_elementwise_grid_stride_kernel<float, (|void at::native::vectorized_elementwise_kernel<(int)8, at::native::BUnaryFunctor"
planner_debate_L_it1,warmup,1,critic-a,,call_overhead,,gap_before_operator,,,2589046,55455,2533591,2,2,12828,149430462,elementwise_binary|memcpy|rng_init,"memcpy_Device-to-Host|memcpy_Host-to-Device|void at::native::<unnamed>::distribution_elementwise_grid_stride_kernel<float, (|void at::native::vectorized_elementwise_kernel<(int)8, at::native::BUnaryFunctor"
planner_debate_L_it1,warmup,1,critic-b,,call_overhead,,gap_before_operator,,,2861904,55327,2806577,2,2,13851,148851023,elementwise_binary|memcpy|rng_init,"memcpy_Device-to-Host|memcpy_Host-to-Device|void at::native::<unnamed>::distribution_elementwise_grid_stride_kernel<float, (|void at::native::vectorized_elementwise_kernel<(int)8, at::native::BUnaryFunctor"
planner_debate_L_it1,warmup,1,critic-merge,,call_overhead,,gap_before_operator,,,2887790,56383,2831407,2,2,15202,151599744,elementwise_binary|memcpy|rng_init,"memcpy_Device-to-Host|memcpy_Host-to-Device|void at::native::<unnamed>::distribution_elementwise_grid_stride_kernel<float, (|void at::native::vectorized_elementwise_kernel<(int)8, at::native::BUnaryFunctor"
planner_debate_L_it1,warmup,1,planner-final,,call_overhead,,gap_before_operator,,,3676342,42974,3633368,2,3,14625,120483063,elementwise_binary|memcpy|rng_init,"memcpy_Device-to-Host|memcpy_Host-to-Device|void at::native::<unnamed>::distribution_elementwise_grid_stride_kernel<float, (|void at::native::vectorized_elementwise_kernel<(int)8, at::native::BUnaryFunctor"
planner_debate_L_it1,warmup,1,planner-seed,6,RMSNormOp,ve,nvtx_operator_range,449783,3635655288,319767,319767,0,7,0,12469,323895,copy|elementwise_binary|elementwise_unary|reduce,"void at::native::unrolled_elementwise_kernel<at::native::direct_copy_kernel_cuda|void at::native::vectorized_elementwise_kernel<(int)4, void at::native::<unnamed|void at::native::reduce_kernel<(int)512, (int)1, at::native::ReduceOp<float, at:|void at::native::vectorized_elementwise_kernel<(int)4, at::native::CUDAFunctorOn|void at::native::vectorized_elementwise_kernel<(int)4, at::native::rsqrt_kernel_|void at::native::elementwise_kernel<(int)128, (int)2, void at::native::gpu_kerne|void at::native::vectorized_elementwise_kernel<(int)8, at::native::float16_copy_"
planner_debate_L_it1,warmup,1,planner-seed,7,AddOp,ve,nvtx_operator_range,103106,3636117707,14752,14752,0,1,0,9242,14752,elementwise_binary,"void at::native::vectorized_elementwise_kernel<(int)8, at::native::CUDAFunctorOn"
planner_debate_L_it1,warmup,1,planner-seed,8,RMSNormOp,ve,nvtx_operator_range,368718,3636229588,290520,290520,0,7,0,8800,294648,copy|elementwise_binary|elementwise_unary|reduce,"void at::native::unrolled_elementwise_kernel<at::native::direct_copy_kernel_cuda|void at::native::vectorized_elementwise_kernel<(int)4, void at::native::<unnamed|void at::native::reduce_kernel<(int)512, (int)1, at::native::ReduceOp<float, at:|void at::native::vectorized_elementwise_kernel<(int)4, at::native::CUDAFunctorOn|void at::native::vectorized_elementwise_kernel<(int)4, at::native::rsqrt_kernel_|void at::native::elementwise_kernel<(int)128, (int)2, void at::native::gpu_kerne|void at::native::vectorized_elementwise_kernel<(int)8, at::native::float16_copy_"
planner_debate_L_it1,warmup,1,planner-seed,10,LinearOp,me,nvtx_operator_range,792957,3636607017,638158,638158,0,1,0,10352,638158,gemm,void cutlass::Kernel2<cutlass_80_tensorop_f16_s16816gemm_relu_f16_64x64_32x6_nn_
planner_debate_L_it1,warmup,1,planner-seed,11,LinearOp,me,nvtx_operator_range,713136,3637408060,633582,633582,0,1,0,8346,633582,gemm,void cutlass::Kernel2<cutlass_80_tensorop_f16_s16816gemm_relu_f16_64x64_32x6_nn_
planner_debate_L_it1,warmup,1,planner-seed,12,LinearOp,me,nvtx_operator_range,712286,3638128673,635758,635758,0,1,0,7898,635758,gemm,void cutlass::Kernel2<cutlass_80_tensorop_f16_s16816gemm_relu_f16_64x64_32x6_nn_
planner_debate_L_it1,warmup,1,planner-seed,13,ViewOp,de,nvtx_operator_range,79219,3638849149,0,0,0,0,0,,,,
planner_debate_L_it1,warmup,1,planner-seed,14,TransposeOp,de,nvtx_operator_range,279421,3638934869,177339,177339,0,1,0,11197,177339,copy,"void at::native::elementwise_kernel<(int)128, (int)4, void at::native::gpu_kerne"
planner_debate_L_it1,warmup,1,critic-a,6,RMSNormOp,ve,nvtx_operator_range,652742,3788674409,519922,519922,0,7,0,10875,524338,copy|elementwise_binary|elementwise_unary|reduce,"void at::native::unrolled_elementwise_kernel<at::native::direct_copy_kernel_cuda|void at::native::vectorized_elementwise_kernel<(int)4, void at::native::<unnamed|void at::native::reduce_kernel<(int)512, (int)1, at::native::ReduceOp<float, at:|void at::native::vectorized_elementwise_kernel<(int)4, at::native::CUDAFunctorOn|void at::native::vectorized_elementwise_kernel<(int)4, at::native::rsqrt_kernel_|void at::native::elementwise_kernel<(int)128, (int)2, void at::native::gpu_kerne|void at::native::vectorized_elementwise_kernel<(int)8, at::native::float16_copy_"
planner_debate_L_it1,warmup,1,critic-a,7,AddOp,ve,nvtx_operator_range,123012,3789340580,27167,27167,0,1,0,8858,27167,elementwise_binary,"void at::native::vectorized_elementwise_kernel<(int)8, at::native::CUDAFunctorOn"
planner_debate_L_it1,warmup,1,critic-a,8,RMSNormOp,ve,nvtx_operator_range,571517,3789471775,489586,489586,0,7,0,8980,493810,copy|elementwise_binary|elementwise_unary|reduce,"void at::native::unrolled_elementwise_kernel<at::native::direct_copy_kernel_cuda|void at::native::vectorized_elementwise_kernel<(int)4, void at::native::<unnamed|void at::native::reduce_kernel<(int)512, (int)1, at::native::ReduceOp<float, at:|void at::native::vectorized_elementwise_kernel<(int)4, at::native::CUDAFunctorOn|void at::native::vectorized_elementwise_kernel<(int)4, at::native::rsqrt_kernel_|void at::native::elementwise_kernel<(int)128, (int)2, void at::native::gpu_kerne|void at::native::vectorized_elementwise_kernel<(int)8, at::native::float16_copy_"
planner_debate_L_it1,warmup,1,critic-a,10,LinearOp,me,nvtx_operator_range,999188,3790052100,851975,851111,864,1,1,16512,873287,gemm|memset,memset|ampere_fp16_s1688gemm_fp16_128x128_ldg8_f2f_stages_32x1_nn
planner_debate_L_it1,warmup,1,critic-a,11,LinearOp,me,nvtx_operator_range,947044,3791059820,852904,852040,864,1,1,7704,866087,gemm|memset,memset|ampere_fp16_s1688gemm_fp16_128x128_ldg8_f2f_stages_32x1_nn
planner_debate_L_it1,warmup,1,critic-a,12,LinearOp,me,nvtx_operator_range,945692,3792017411,852423,851560,863,1,1,7058,866055,gemm|memset,memset|ampere_fp16_s1688gemm_fp16_128x128_ldg8_f2f_stages_32x1_nn
planner_debate_L_it1,warmup,1,critic-a,13,ViewOp,de,nvtx_operator_range,82052,3792971760,0,0,0,0,0,,,,
planner_debate_L_it1,warmup,1,critic-a,14,TransposeOp,de,nvtx_operator_range,329810,3793060723,226426,226426,0,1,0,11055,226426,copy,"void at::native::elementwise_kernel<(int)128, (int)4, void at::native::gpu_kerne"
planner_debate_L_it1,warmup,1,critic-b,6,RMSNormOp,ve,nvtx_operator_range,647749,3942266950,517009,517009,0,7,0,10678,521073,copy|elementwise_binary|elementwise_unary|reduce,"void at::native::unrolled_elementwise_kernel<at::native::direct_copy_kernel_cuda|void at::native::vectorized_elementwise_kernel<(int)4, void at::native::<unnamed|void at::native::reduce_kernel<(int)512, (int)1, at::native::ReduceOp<float, at:|void at::native::vectorized_elementwise_kernel<(int)4, at::native::CUDAFunctorOn|void at::native::vectorized_elementwise_kernel<(int)4, at::native::rsqrt_kernel_|void at::native::elementwise_kernel<(int)128, (int)2, void at::native::gpu_kerne|void at::native::vectorized_elementwise_kernel<(int)8, at::native::float16_copy_"
planner_debate_L_it1,warmup,1,critic-b,7,AddOp,ve,nvtx_operator_range,107286,3942927438,26944,26944,0,1,0,9494,26944,elementwise_binary,"void at::native::vectorized_elementwise_kernel<(int)8, at::native::CUDAFunctorOn"
planner_debate_L_it1,warmup,1,critic-b,8,RMSNormOp,ve,nvtx_operator_range,576239,3943042460,490770,490770,0,7,0,9027,494962,copy|elementwise_binary|elementwise_unary|reduce,"void at::native::unrolled_elementwise_kernel<at::native::direct_copy_kernel_cuda|void at::native::vectorized_elementwise_kernel<(int)4, void at::native::<unnamed|void at::native::reduce_kernel<(int)512, (int)1, at::native::ReduceOp<float, at:|void at::native::vectorized_elementwise_kernel<(int)4, at::native::CUDAFunctorOn|void at::native::vectorized_elementwise_kernel<(int)4, at::native::rsqrt_kernel_|void at::native::elementwise_kernel<(int)128, (int)2, void at::native::gpu_kerne|void at::native::vectorized_elementwise_kernel<(int)8, at::native::float16_copy_"
planner_debate_L_it1,warmup,1,critic-b,10,LinearOp,me,nvtx_operator_range,1006979,3943627431,852263,851431,832,1,1,16855,873415,gemm|memset,memset|ampere_fp16_s1688gemm_fp16_128x128_ldg8_f2f_stages_32x1_nn
planner_debate_L_it1,warmup,1,critic-b,11,LinearOp,me,nvtx_operator_range,941485,3944642139,852328,851496,832,1,1,8348,864519,gemm|memset,memset|ampere_fp16_s1688gemm_fp16_128x128_ldg8_f2f_stages_32x1_nn
planner_debate_L_it1,warmup,1,critic-b,12,LinearOp,me,nvtx_operator_range,940063,3945591303,852328,851464,864,1,1,6515,864039,gemm|memset,memset|ampere_fp16_s1688gemm_fp16_128x128_ldg8_f2f_stages_32x1_nn
planner_debate_L_it1,warmup,1,critic-b,13,ViewOp,de,nvtx_operator_range,85042,3946540253,0,0,0,0,0,,,,
planner_debate_L_it1,warmup,1,critic-b,14,TransposeOp,de,nvtx_operator_range,382280,3946633204,277624,277624,0,1,0,11829,277624,copy,"void at::native::elementwise_kernel<(int)128, (int)4, void at::native::gpu_kerne"
planner_debate_L_it1,warmup,1,critic-merge,6,RMSNormOp,ve,nvtx_operator_range,645243,4098652206,516529,516529,0,7,0,11244,521169,copy|elementwise_binary|elementwise_unary|reduce,"void at::native::unrolled_elementwise_kernel<at::native::direct_copy_kernel_cuda|void at::native::vectorized_elementwise_kernel<(int)4, void at::native::<unnamed|void at::native::reduce_kernel<(int)512, (int)1, at::native::ReduceOp<float, at:|void at::native::vectorized_elementwise_kernel<(int)4, at::native::CUDAFunctorOn|void at::native::vectorized_elementwise_kernel<(int)4, at::native::rsqrt_kernel_|void at::native::elementwise_kernel<(int)128, (int)2, void at::native::gpu_kerne|void at::native::vectorized_elementwise_kernel<(int)8, at::native::float16_copy_"
planner_debate_L_it1,warmup,1,critic-merge,7,AddOp,ve,nvtx_operator_range,103518,4099309340,26815,26815,0,1,0,8487,26815,elementwise_binary,"void at::native::vectorized_elementwise_kernel<(int)8, at::native::CUDAFunctorOn"
planner_debate_L_it1,warmup,1,critic-merge,8,RMSNormOp,ve,nvtx_operator_range,569206,4099420689,490867,490867,0,7,0,8677,495634,copy|elementwise_binary|elementwise_unary|reduce,"void at::native::unrolled_elementwise_kernel<at::native::direct_copy_kernel_cuda|void at::native::vectorized_elementwise_kernel<(int)4, void at::native::<unnamed|void at::native::reduce_kernel<(int)512, (int)1, at::native::ReduceOp<float, at:|void at::native::vectorized_elementwise_kernel<(int)4, at::native::CUDAFunctorOn|void at::native::vectorized_elementwise_kernel<(int)4, at::native::rsqrt_kernel_|void at::native::elementwise_kernel<(int)128, (int)2, void at::native::gpu_kerne|void at::native::vectorized_elementwise_kernel<(int)8, at::native::float16_copy_"
planner_debate_L_it1,warmup,1,critic-merge,10,LinearOp,me,nvtx_operator_range,999919,4099999181,852775,851911,864,1,1,17021,873991,gemm|memset,memset|ampere_fp16_s1688gemm_fp16_128x128_ldg8_f2f_stages_32x1_nn
planner_debate_L_it1,warmup,1,critic-merge,11,LinearOp,me,nvtx_operator_range,1066952,4101008074,974468,971333,3135,1,1,11986,983684,gemm|memset,memset|ampere_fp16_s1688gemm_fp16_128x128_ldg8_f2f_stages_32x1_nn
planner_debate_L_it1,warmup,1,critic-merge,12,LinearOp,me,nvtx_operator_range,996448,4102085170,853320,851752,1568,1,1,78479,854344,gemm|memset,memset|ampere_fp16_s1688gemm_fp16_128x128_ldg8_f2f_stages_32x1_nn
planner_debate_L_it1,warmup,1,critic-merge,13,ViewOp,de,nvtx_operator_range,78412,4103089531,0,0,0,0,0,,,,
planner_debate_L_it1,warmup,1,critic-merge,14,TransposeOp,de,nvtx_operator_range,327850,4103174592,226138,226138,0,1,0,9966,226138,copy,"void at::native::elementwise_kernel<(int)128, (int)4, void at::native::gpu_kerne"
planner_debate_L_it1,warmup,1,planner-final,6,RMSNormOp,ve,nvtx_operator_range,454099,4219307481,320471,320471,0,7,0,11289,324471,copy|elementwise_binary|elementwise_unary|reduce,"void at::native::unrolled_elementwise_kernel<at::native::direct_copy_kernel_cuda|void at::native::vectorized_elementwise_kernel<(int)4, void at::native::<unnamed|void at::native::reduce_kernel<(int)512, (int)1, at::native::ReduceOp<float, at:|void at::native::vectorized_elementwise_kernel<(int)4, at::native::CUDAFunctorOn|void at::native::vectorized_elementwise_kernel<(int)4, at::native::rsqrt_kernel_|void at::native::elementwise_kernel<(int)128, (int)2, void at::native::gpu_kerne|void at::native::vectorized_elementwise_kernel<(int)8, at::native::float16_copy_"
planner_debate_L_it1,warmup,1,planner-final,7,AddOp,ve,nvtx_operator_range,107324,4219773962,14848,14848,0,1,0,10049,14848,elementwise_binary,"void at::native::vectorized_elementwise_kernel<(int)8, at::native::CUDAFunctorOn"
planner_debate_L_it1,warmup,1,planner-final,8,RMSNormOp,ve,nvtx_operator_range,367039,4219889291,289177,289177,0,7,0,8581,293336,copy|elementwise_binary|elementwise_unary|reduce,"void at::native::unrolled_elementwise_kernel<at::native::direct_copy_kernel_cuda|void at::native::vectorized_elementwise_kernel<(int)4, void at::native::<unnamed|void at::native::reduce_kernel<(int)512, (int)1, at::native::ReduceOp<float, at:|void at::native::vectorized_elementwise_kernel<(int)4, at::native::CUDAFunctorOn|void at::native::vectorized_elementwise_kernel<(int)4, at::native::rsqrt_kernel_|void at::native::elementwise_kernel<(int)128, (int)2, void at::native::gpu_kerne|void at::native::vectorized_elementwise_kernel<(int)8, at::native::float16_copy_"
planner_debate_L_it1,warmup,1,planner-final,10,LinearOp,me,nvtx_operator_range,774576,4220264671,635118,635118,0,1,0,9578,635118,gemm,void cutlass::Kernel2<cutlass_80_tensorop_f16_s16816gemm_relu_f16_64x64_32x6_nn_
planner_debate_L_it1,warmup,1,planner-final,11,LinearOp,me,nvtx_operator_range,715336,4221047390,632366,632366,0,1,0,8039,632366,gemm,void cutlass::Kernel2<cutlass_80_tensorop_f16_s16816gemm_relu_f16_64x64_32x6_nn_
planner_debate_L_it1,warmup,1,planner-final,12,LinearOp,me,nvtx_operator_range,713505,4221771088,635726,635726,0,1,0,7783,635726,gemm,void cutlass::Kernel2<cutlass_80_tensorop_f16_s16816gemm_relu_f16_64x64_32x6_nn_
planner_debate_L_it1,warmup,1,planner-final,13,ViewOp,de,nvtx_operator_range,85923,4222492620,0,0,0,0,0,,,,
planner_debate_L_it1,warmup,1,planner-final,14,TransposeOp,de,nvtx_operator_range,289350,4222585441,177723,177723,0,1,0,11784,177723,copy,"void at::native::elementwise_kernel<(int)128, (int)4, void at::native::gpu_kerne"
planner_debate_L_it1,warmup,2,planner-seed,,call_overhead,,gap_before_operator,,,1105825,42751,1063074,2,1,25626,1322395,elementwise_binary|memcpy|rng_init,"memcpy_Host-to-Device|void at::native::<unnamed>::distribution_elementwise_grid_stride_kernel<float, (|void at::native::vectorized_elementwise_kernel<(int)8, at::native::BUnaryFunctor"
planner_debate_L_it1,warmup,2,critic-a,,call_overhead,,gap_before_operator,,,2565175,55455,2509720,2,2,14068,153186931,elementwise_binary|memcpy|rng_init,"memcpy_Device-to-Host|memcpy_Host-to-Device|void at::native::<unnamed>::distribution_elementwise_grid_stride_kernel<float, (|void at::native::vectorized_elementwise_kernel<(int)8, at::native::BUnaryFunctor"
planner_debate_L_it1,warmup,2,critic-b,,call_overhead,,gap_before_operator,,,3021867,55647,2966220,2,2,14945,145258005,elementwise_binary|memcpy|rng_init,"memcpy_Device-to-Host|memcpy_Host-to-Device|void at::native::<unnamed>::distribution_elementwise_grid_stride_kernel<float, (|void at::native::vectorized_elementwise_kernel<(int)8, at::native::BUnaryFunctor"
planner_debate_L_it1,warmup,2,critic-merge,,call_overhead,,gap_before_operator,,,2945197,55519,2889678,2,2,14481,123679196,elementwise_binary|memcpy|rng_init,"memcpy_Device-to-Host|memcpy_Host-to-Device|void at::native::<unnamed>::distribution_elementwise_grid_stride_kernel<float, (|void at::native::vectorized_elementwise_kernel<(int)8, at::native::BUnaryFunctor"
planner_debate_L_it1,warmup,2,planner-final,,call_overhead,,gap_before_operator,,,3772020,43391,3728629,2,3,19741,99084952,elementwise_binary|memcpy|rng_init,"memcpy_Device-to-Host|memcpy_Host-to-Device|void at::native::<unnamed>::distribution_elementwise_grid_stride_kernel<float, (|void at::native::vectorized_elementwise_kernel<(int)8, at::native::BUnaryFunctor"
planner_debate_L_it1,warmup,2,planner-seed,6,RMSNormOp,ve,nvtx_operator_range,450495,4341171955,318550,318550,0,7,0,10456,322710,copy|elementwise_binary|elementwise_unary|reduce,"void at::native::unrolled_elementwise_kernel<at::native::direct_copy_kernel_cuda|void at::native::vectorized_elementwise_kernel<(int)4, void at::native::<unnamed|void at::native::reduce_kernel<(int)512, (int)1, at::native::ReduceOp<float, at:|void at::native::vectorized_elementwise_kernel<(int)4, at::native::CUDAFunctorOn|void at::native::vectorized_elementwise_kernel<(int)4, at::native::rsqrt_kernel_|void at::native::elementwise_kernel<(int)128, (int)2, void at::native::gpu_kerne|void at::native::vectorized_elementwise_kernel<(int)8, at::native::float16_copy_"
planner_debate_L_it1,warmup,2,planner-seed,7,AddOp,ve,nvtx_operator_range,110096,4341636103,14912,14912,0,1,0,9332,14912,elementwise_binary,"void at::native::vectorized_elementwise_kernel<(int)8, at::native::CUDAFunctorOn"
planner_debate_L_it1,warmup,2,planner-seed,8,RMSNormOp,ve,nvtx_operator_range,372136,4341754156,290680,290680,0,7,0,8888,294808,copy|elementwise_binary|elementwise_unary|reduce,"void at::native::unrolled_elementwise_kernel<at::native::direct_copy_kernel_cuda|void at::native::vectorized_elementwise_kernel<(int)4, void at::native::<unnamed|void at::native::reduce_kernel<(int)512, (int)1, at::native::ReduceOp<float, at:|void at::native::vectorized_elementwise_kernel<(int)4, at::native::CUDAFunctorOn|void at::native::vectorized_elementwise_kernel<(int)4, at::native::rsqrt_kernel_|void at::native::elementwise_kernel<(int)128, (int)2, void at::native::gpu_kerne|void at::native::vectorized_elementwise_kernel<(int)8, at::native::float16_copy_"
planner_debate_L_it1,warmup,2,planner-seed,10,LinearOp,me,nvtx_operator_range,778398,4342135015,636206,636206,0,1,0,10400,636206,gemm,void cutlass::Kernel2<cutlass_80_tensorop_f16_s16816gemm_relu_f16_64x64_32x6_nn_
planner_debate_L_it1,warmup,2,planner-seed,11,LinearOp,me,nvtx_operator_range,723118,4342921970,632846,632846,0,1,0,8651,632846,gemm,void cutlass::Kernel2<cutlass_80_tensorop_f16_s16816gemm_relu_f16_64x64_32x6_nn_
planner_debate_L_it1,warmup,2,planner-seed,12,LinearOp,me,nvtx_operator_range,721316,4343653029,635118,635118,0,1,0,8573,635118,gemm,void cutlass::Kernel2<cutlass_80_tensorop_f16_s16816gemm_relu_f16_64x64_32x6_nn_
planner_debate_L_it1,warmup,2,planner-seed,13,ViewOp,de,nvtx_operator_range,81792,4344384114,0,0,0,0,0,,,,
planner_debate_L_it1,warmup,2,planner-seed,14,TransposeOp,de,nvtx_operator_range,290989,4344472965,177563,177563,0,1,0,15666,177563,copy,"void at::native::elementwise_kernel<(int)128, (int)4, void at::native::gpu_kerne"
planner_debate_L_it1,warmup,2,critic-a,6,RMSNormOp,ve,nvtx_operator_range,654790,4497984560,517841,517841,0,7,0,10145,521969,copy|elementwise_binary|elementwise_unary|reduce,"void at::native::unrolled_elementwise_kernel<at::native::direct_copy_kernel_cuda|void at::native::vectorized_elementwise_kernel<(int)4, void at::native::<unnamed|void at::native::reduce_kernel<(int)512, (int)1, at::native::ReduceOp<float, at:|void at::native::vectorized_elementwise_kernel<(int)4, at::native::CUDAFunctorOn|void at::native::vectorized_elementwise_kernel<(int)4, at::native::rsqrt_kernel_|void at::native::elementwise_kernel<(int)128, (int)2, void at::native::gpu_kerne|void at::native::vectorized_elementwise_kernel<(int)8, at::native::float16_copy_"
planner_debate_L_it1,warmup,2,critic-a,7,AddOp,ve,nvtx_operator_range,110418,4498653311,27135,27135,0,1,0,9114,27135,elementwise_binary,"void at::native::vectorized_elementwise_kernel<(int)8, at::native::CUDAFunctorOn"
planner_debate_L_it1,warmup,2,critic-a,8,RMSNormOp,ve,nvtx_operator_range,652917,4498771599,571120,571120,0,7,0,9135,575919,copy|elementwise_binary|elementwise_unary|reduce,"void at::native::unrolled_elementwise_kernel<at::native::direct_copy_kernel_cuda|void at::native::vectorized_elementwise_kernel<(int)4, void at::native::<unnamed|void at::native::reduce_kernel<(int)512, (int)1, at::native::ReduceOp<float, at:|void at::native::vectorized_elementwise_kernel<(int)4, at::native::CUDAFunctorOn|void at::native::vectorized_elementwise_kernel<(int)4, at::native::rsqrt_kernel_|void at::native::elementwise_kernel<(int)128, (int)2, void at::native::gpu_kerne|void at::native::vectorized_elementwise_kernel<(int)8, at::native::float16_copy_"
planner_debate_L_it1,warmup,2,critic-a,10,LinearOp,me,nvtx_operator_range,1003800,4499432704,851943,851111,832,1,1,38152,854535,gemm|memset,memset|ampere_fp16_s1688gemm_fp16_128x128_ldg8_f2f_stages_32x1_nn
planner_debate_L_it1,warmup,2,critic-a,11,LinearOp,me,nvtx_operator_range,944327,4500445707,852008,851144,864,1,1,7583,864775,gemm|memset,memset|ampere_fp16_s1688gemm_fp16_128x128_ldg8_f2f_stages_32x1_nn
planner_debate_L_it1,warmup,2,critic-a,12,LinearOp,me,nvtx_operator_range,939382,4501398782,852424,851560,864,1,1,7778,864295,gemm|memset,memset|ampere_fp16_s1688gemm_fp16_128x128_ldg8_f2f_stages_32x1_nn
planner_debate_L_it1,warmup,2,critic-a,13,ViewOp,de,nvtx_operator_range,82626,4502347512,0,0,0,0,0,,,,
planner_debate_L_it1,warmup,2,critic-a,14,TransposeOp,de,nvtx_operator_range,331488,4502436930,226874,226874,0,1,0,11471,226874,copy,"void at::native::elementwise_kernel<(int)128, (int)4, void at::native::gpu_kerne"
planner_debate_L_it1,warmup,2,critic-b,6,RMSNormOp,ve,nvtx_operator_range,642138,4648058726,517297,517297,0,7,0,10480,522001,copy|elementwise_binary|elementwise_unary|reduce,"void at::native::unrolled_elementwise_kernel<at::native::direct_copy_kernel_cuda|void at::native::vectorized_elementwise_kernel<(int)4, void at::native::<unnamed|void at::native::reduce_kernel<(int)512, (int)1, at::native::ReduceOp<float, at:|void at::native::vectorized_elementwise_kernel<(int)4, at::native::CUDAFunctorOn|void at::native::vectorized_elementwise_kernel<(int)4, at::native::rsqrt_kernel_|void at::native::elementwise_kernel<(int)128, (int)2, void at::native::gpu_kerne|void at::native::vectorized_elementwise_kernel<(int)8, at::native::float16_copy_"
planner_debate_L_it1,warmup,2,critic-b,7,AddOp,ve,nvtx_operator_range,96167,4648712369,26687,26687,0,1,0,8474,26687,elementwise_binary,"void at::native::vectorized_elementwise_kernel<(int)8, at::native::CUDAFunctorOn"
planner_debate_L_it1,warmup,2,critic-b,8,RMSNormOp,ve,nvtx_operator_range,561538,4648815520,490962,490962,0,7,0,7819,495730,copy|elementwise_binary|elementwise_unary|reduce,"void at::native::unrolled_elementwise_kernel<at::native::direct_copy_kernel_cuda|void at::native::vectorized_elementwise_kernel<(int)4, void at::native::<unnamed|void at::native::reduce_kernel<(int)512, (int)1, at::native::ReduceOp<float, at:|void at::native::vectorized_elementwise_kernel<(int)4, at::native::CUDAFunctorOn|void at::native::vectorized_elementwise_kernel<(int)4, at::native::rsqrt_kernel_|void at::native::elementwise_kernel<(int)128, (int)2, void at::native::gpu_kerne|void at::native::vectorized_elementwise_kernel<(int)8, at::native::float16_copy_"
planner_debate_L_it1,warmup,2,critic-b,10,LinearOp,me,nvtx_operator_range,1079967,4649384598,943493,942629,864,1,1,15369,962469,gemm|memset,memset|ampere_fp16_s1688gemm_fp16_128x128_ldg8_f2f_stages_32x1_nn
planner_debate_L_it1,warmup,2,critic-b,11,LinearOp,me,nvtx_operator_range,1080350,4650471503,852872,851304,1568,1,1,163630,853896,gemm|memset,memset|ampere_fp16_s1688gemm_fp16_128x128_ldg8_f2f_stages_32x1_nn
planner_debate_L_it1,warmup,2,critic-b,12,LinearOp,me,nvtx_operator_range,931908,4651559493,852808,851944,864,1,1,5794,870023,gemm|memset,memset|ampere_fp16_s1688gemm_fp16_128x128_ldg8_f2f_stages_32x1_nn
planner_debate_L_it1,warmup,2,critic-b,13,ViewOp,de,nvtx_operator_range,99791,4652498471,0,0,0,0,0,,,,
planner_debate_L_it1,warmup,2,critic-b,14,TransposeOp,de,nvtx_operator_range,325944,4652604110,226490,226490,0,1,0,10193,226490,copy,"void at::native::elementwise_kernel<(int)128, (int)4, void at::native::gpu_kerne"
planner_debate_L_it1,warmup,2,critic-merge,6,RMSNormOp,ve,nvtx_operator_range,640210,4776631350,520209,520209,0,7,0,10245,524305,copy|elementwise_binary|elementwise_unary|reduce,"void at::native::unrolled_elementwise_kernel<at::native::direct_copy_kernel_cuda|void at::native::vectorized_elementwise_kernel<(int)4, void at::native::<unnamed|void at::native::reduce_kernel<(int)512, (int)1, at::native::ReduceOp<float, at:|void at::native::vectorized_elementwise_kernel<(int)4, at::native::CUDAFunctorOn|void at::native::vectorized_elementwise_kernel<(int)4, at::native::rsqrt_kernel_|void at::native::elementwise_kernel<(int)128, (int)2, void at::native::gpu_kerne|void at::native::vectorized_elementwise_kernel<(int)8, at::native::float16_copy_"
planner_debate_L_it1,warmup,2,critic-merge,7,AddOp,ve,nvtx_operator_range,93813,4777282174,27039,27039,0,1,0,7533,27039,elementwise_binary,"void at::native::vectorized_elementwise_kernel<(int)8, at::native::CUDAFunctorOn"
planner_debate_L_it1,warmup,2,critic-merge,8,RMSNormOp,ve,nvtx_operator_range,566738,4777382891,488594,488594,0,7,0,9368,492786,copy|elementwise_binary|elementwise_unary|reduce,"void at::native::unrolled_elementwise_kernel<at::native::direct_copy_kernel_cuda|void at::native::vectorized_elementwise_kernel<(int)4, void at::native::<unnamed|void at::native::reduce_kernel<(int)512, (int)1, at::native::ReduceOp<float, at:|void at::native::vectorized_elementwise_kernel<(int)4, at::native::CUDAFunctorOn|void at::native::vectorized_elementwise_kernel<(int)4, at::native::rsqrt_kernel_|void at::native::elementwise_kernel<(int)128, (int)2, void at::native::gpu_kerne|void at::native::vectorized_elementwise_kernel<(int)8, at::native::float16_copy_"
planner_debate_L_it1,warmup,2,critic-merge,10,LinearOp,me,nvtx_operator_range,988363,4777958561,851879,851015,864,1,1,17390,870471,gemm|memset,memset|ampere_fp16_s1688gemm_fp16_128x128_ldg8_f2f_stages_32x1_nn
planner_debate_L_it1,warmup,2,critic-merge,11,LinearOp,me,nvtx_operator_range,926381,4778956070,851528,850664,864,1,1,6275,861608,gemm|memset,memset|ampere_fp16_s1688gemm_fp16_128x128_ldg8_f2f_stages_32x1_nn
planner_debate_L_it1,warmup,2,critic-merge,12,LinearOp,me,nvtx_operator_range,968511,4779890650,897702,896838,864,1,1,5470,907398,gemm|memset,memset|ampere_fp16_s1688gemm_fp16_128x128_ldg8_f2f_stages_32x1_nn
planner_debate_L_it1,warmup,2,critic-merge,13,ViewOp,de,nvtx_operator_range,68925,4780867109,0,0,0,0,0,,,,
planner_debate_L_it1,warmup,2,critic-merge,14,TransposeOp,de,nvtx_operator_range,319450,4780941196,226298,226298,0,1,0,10547,226298,copy,"void at::native::elementwise_kernel<(int)128, (int)4, void at::native::gpu_kerne"
planner_debate_L_it1,warmup,2,planner-final,6,RMSNormOp,ve,nvtx_operator_range,435378,4875798035,321399,321399,0,7,0,9747,325559,copy|elementwise_binary|elementwise_unary|reduce,"void at::native::unrolled_elementwise_kernel<at::native::direct_copy_kernel_cuda|void at::native::vectorized_elementwise_kernel<(int)4, void at::native::<unnamed|void at::native::reduce_kernel<(int)512, (int)1, at::native::ReduceOp<float, at:|void at::native::vectorized_elementwise_kernel<(int)4, at::native::CUDAFunctorOn|void at::native::vectorized_elementwise_kernel<(int)4, at::native::rsqrt_kernel_|void at::native::elementwise_kernel<(int)128, (int)2, void at::native::gpu_kerne|void at::native::vectorized_elementwise_kernel<(int)8, at::native::float16_copy_"
planner_debate_L_it1,warmup,2,planner-final,7,AddOp,ve,nvtx_operator_range,81317,4876244422,14911,14911,0,1,0,7032,14911,elementwise_binary,"void at::native::vectorized_elementwise_kernel<(int)8, at::native::CUDAFunctorOn"
planner_debate_L_it1,warmup,2,planner-final,8,RMSNormOp,ve,nvtx_operator_range,353591,4876332913,288983,288983,0,7,0,7098,293399,copy|elementwise_binary|elementwise_unary|reduce,"void at::native::unrolled_elementwise_kernel<at::native::direct_copy_kernel_cuda|void at::native::vectorized_elementwise_kernel<(int)4, void at::native::<unnamed|void at::native::reduce_kernel<(int)512, (int)1, at::native::ReduceOp<float, at:|void at::native::vectorized_elementwise_kernel<(int)4, at::native::CUDAFunctorOn|void at::native::vectorized_elementwise_kernel<(int)4, at::native::rsqrt_kernel_|void at::native::elementwise_kernel<(int)128, (int)2, void at::native::gpu_kerne|void at::native::vectorized_elementwise_kernel<(int)8, at::native::float16_copy_"
planner_debate_L_it1,warmup,2,planner-final,10,LinearOp,me,nvtx_operator_range,761512,4876693626,635470,635470,0,1,0,8698,635470,gemm,void cutlass::Kernel2<cutlass_80_tensorop_f16_s16816gemm_relu_f16_64x64_32x6_nn_
planner_debate_L_it1,warmup,2,planner-final,11,LinearOp,me,nvtx_operator_range,700318,4877461940,632622,632622,0,1,0,8046,632622,gemm,void cutlass::Kernel2<cutlass_80_tensorop_f16_s16816gemm_relu_f16_64x64_32x6_nn_
planner_debate_L_it1,warmup,2,planner-final,12,LinearOp,me,nvtx_operator_range,703070,4878168703,638574,638574,0,1,0,6739,638574,gemm,void cutlass::Kernel2<cutlass_80_tensorop_f16_s16816gemm_relu_f16_64x64_32x6_nn_
planner_debate_L_it1,warmup,2,planner-final,13,ViewOp,de,nvtx_operator_range,67291,4878881029,0,0,0,0,0,,,,
planner_debate_L_it1,warmup,2,planner-final,14,TransposeOp,de,nvtx_operator_range,267525,4878953953,177787,177787,0,1,0,9683,177787,copy,"void at::native::elementwise_kernel<(int)128, (int)4, void at::native::gpu_kerne"
